GCASM List File (GCBASIC 2026.08.07 (Windows 64 bit) : Build 1617)

Symbols:
A 	EQU 	0
ABD 	EQU 	4
ABDEN 	EQU 	6
ABDIE 	EQU 	2
ABDIF 	EQU 	6
ABDOVE 	EQU 	5
ABDOVF 	EQU 	5
ACC0 	EQU 	0
ACC1 	EQU 	1
ACC10 	EQU 	2
ACC11 	EQU 	3
ACC12 	EQU 	4
ACC13 	EQU 	5
ACC14 	EQU 	6
ACC15 	EQU 	7
ACC16 	EQU 	0
ACC17 	EQU 	1
ACC18 	EQU 	2
ACC19 	EQU 	3
ACC2 	EQU 	2
ACC3 	EQU 	3
ACC4 	EQU 	4
ACC5 	EQU 	5
ACC6 	EQU 	6
ACC7 	EQU 	7
ACC8 	EQU 	0
ACC9 	EQU 	1
ACCESS 	EQU 	0
ACCM 	EQU 	4
ACCMOD 	EQU 	4
ACKCNT 	EQU 	7
ACKDT 	EQU 	6
ACKSTAT 	EQU 	5
ACKT 	EQU 	4
ACKT1IE 	EQU 	6
ACKT1IF 	EQU 	6
ACKT2IE 	EQU 	6
ACKT2IF 	EQU 	6
ACKTIE 	EQU 	6
ACKTIF 	EQU 	6
ACLR 	EQU 	3
ACNT 	EQU 	7
ACNTMD0 	EQU 	0
ACNTMD1 	EQU 	1
ACQ0 	EQU 	0
ACQ1 	EQU 	1
ACQ10 	EQU 	2
ACQ11 	EQU 	3
ACQ12 	EQU 	4
ACQ2 	EQU 	2
ACQ3 	EQU 	3
ACQ4 	EQU 	4
ACQ5 	EQU 	5
ACQ6 	EQU 	6
ACQ7 	EQU 	7
ACQ8 	EQU 	0
ACQ9 	EQU 	1
ACSS 	EQU 	33
ACT0 	EQU 	0
ACT1 	EQU 	1
ACT2 	EQU 	2
ACT3 	EQU 	3
ACT4 	EQU 	4
ACT5 	EQU 	5
ACTCON 	EQU 	172
ACTCON_EN 	EQU 	7
ACTEN 	EQU 	7
ACTIE 	EQU 	3
ACTIF 	EQU 	3
ACTIP 	EQU 	3
ACTLOCK 	EQU 	3
ACTMD 	EQU 	3
ACTORS 	EQU 	1
ACTUD 	EQU 	6
AD0 	EQU 	0
AD1 	EQU 	1
AD10 	EQU 	2
AD11 	EQU 	3
AD12 	EQU 	4
AD13 	EQU 	5
AD14 	EQU 	6
AD15 	EQU 	7
AD16 	EQU 	0
AD17 	EQU 	1
AD18 	EQU 	2
AD19 	EQU 	3
AD2 	EQU 	2
AD20 	EQU 	4
AD3 	EQU 	3
AD4 	EQU 	4
AD5 	EQU 	5
AD6 	EQU 	6
AD7 	EQU 	7
AD8 	EQU 	0
AD9 	EQU 	1
ADACC 	EQU 	995
ADACC0 	EQU 	0
ADACC1 	EQU 	1
ADACC10 	EQU 	2
ADACC11 	EQU 	3
ADACC12 	EQU 	4
ADACC13 	EQU 	5
ADACC14 	EQU 	6
ADACC15 	EQU 	7
ADACC2 	EQU 	2
ADACC3 	EQU 	3
ADACC4 	EQU 	4
ADACC5 	EQU 	5
ADACC6 	EQU 	6
ADACC7 	EQU 	7
ADACC8 	EQU 	0
ADACC9 	EQU 	1
ADACCH 	EQU 	996
ADACCL 	EQU 	995
ADACLR 	EQU 	3
ADACQ 	EQU 	1006
ADACQ0 	EQU 	0
ADACQ1 	EQU 	1
ADACQ10 	EQU 	2
ADACQ11 	EQU 	3
ADACQ12 	EQU 	4
ADACQ2 	EQU 	2
ADACQ3 	EQU 	3
ADACQ4 	EQU 	4
ADACQ5 	EQU 	5
ADACQ6 	EQU 	6
ADACQ7 	EQU 	7
ADACQ8 	EQU 	0
ADACQ9 	EQU 	1
ADACQH 	EQU 	1007
ADACQH_ACQ0 	EQU 	0
ADACQH_ACQ1 	EQU 	1
ADACQH_ACQ2 	EQU 	2
ADACQH_ACQ3 	EQU 	3
ADACQH_ACQ4 	EQU 	4
ADACQH_ADACQ0 	EQU 	0
ADACQH_ADACQ1 	EQU 	1
ADACQH_ADACQ2 	EQU 	2
ADACQH_ADACQ3 	EQU 	3
ADACQH_ADACQ4 	EQU 	4
ADACQL 	EQU 	1006
ADACT 	EQU 	1017
ADACT0 	EQU 	0
ADACT1 	EQU 	1
ADACT2 	EQU 	2
ADACT3 	EQU 	3
ADACT4 	EQU 	4
ADACT5 	EQU 	5
ADACTPPS 	EQU 	617
ADACTPPS0 	EQU 	0
ADACTPPS1 	EQU 	1
ADACTPPS2 	EQU 	2
ADACTPPS3 	EQU 	3
ADACTPPS4 	EQU 	4
ADACTPPS5 	EQU 	5
ADACTPPS6 	EQU 	6
ADACTPPS7 	EQU 	7
ADACTPPS_PIN0 	EQU 	0
ADACTPPS_PIN1 	EQU 	1
ADACTPPS_PIN2 	EQU 	2
ADACTPPS_PORT0 	EQU 	3
ADACTPPS_PORT1 	EQU 	4
ADACTPPS_PORT2 	EQU 	5
ADACTPPS_PORT3 	EQU 	6
ADACTPPS_PORT4 	EQU 	7
ADAOV 	EQU 	7
ADCALC0 	EQU 	4
ADCALC1 	EQU 	5
ADCALC2 	EQU 	6
ADCAP 	EQU 	1008
ADCAP0 	EQU 	0
ADCAP1 	EQU 	1
ADCAP2 	EQU 	2
ADCAP3 	EQU 	3
ADCAP4 	EQU 	4
ADCG1A 	EQU 	272
ADCG1B 	EQU 	273
ADCG1C 	EQU 	274
ADCG1E 	EQU 	276
ADCLK 	EQU 	1018
ADCLK_CS3 	EQU 	3
ADCLK_CS4 	EQU 	4
ADCMD 	EQU 	1
ADCNT 	EQU 	998
ADCNT0 	EQU 	0
ADCNT1 	EQU 	1
ADCNT2 	EQU 	2
ADCNT3 	EQU 	3
ADCNT4 	EQU 	4
ADCNT5 	EQU 	5
ADCNT6 	EQU 	6
ADCNT7 	EQU 	7
ADCNT_CNT0 	EQU 	0
ADCNT_CNT1 	EQU 	1
ADCNT_CNT2 	EQU 	2
ADCNT_CNT3 	EQU 	3
ADCNT_CNT4 	EQU 	4
ADCNT_CNT5 	EQU 	5
ADCNT_CNT6 	EQU 	6
ADCNT_CNT7 	EQU 	7
ADCON0 	EQU 	1011
ADCON0_ADFM0 	EQU 	2
ADCON0_FM0 	EQU 	2
ADCON1 	EQU 	1012
ADCON2 	EQU 	1013
ADCON2_ADCRS0 	EQU 	4
ADCON2_ADCRS1 	EQU 	5
ADCON2_ADCRS2 	EQU 	6
ADCON2_ADMD0 	EQU 	0
ADCON2_ADMD1 	EQU 	1
ADCON2_ADMD2 	EQU 	2
ADCON2_CRS0 	EQU 	4
ADCON2_CRS1 	EQU 	5
ADCON2_CRS2 	EQU 	6
ADCON2_MD0 	EQU 	0
ADCON2_MD1 	EQU 	1
ADCON2_MD2 	EQU 	2
ADCON3 	EQU 	1014
ADCON3_ADCALC0 	EQU 	4
ADCON3_ADCALC1 	EQU 	5
ADCON3_ADCALC2 	EQU 	6
ADCON3_ADTMD0 	EQU 	0
ADCON3_ADTMD1 	EQU 	1
ADCON3_ADTMD2 	EQU 	2
ADCON3_CALC0 	EQU 	4
ADCON3_CALC1 	EQU 	5
ADCON3_CALC2 	EQU 	6
ADCON3_TMD0 	EQU 	0
ADCON3_TMD1 	EQU 	1
ADCON3_TMD2 	EQU 	2
ADCONT 	EQU 	6
ADCRS0 	EQU 	4
ADCRS1 	EQU 	5
ADCRS2 	EQU 	6
ADCS 	EQU 	4
ADCS0 	EQU 	0
ADCS1 	EQU 	1
ADCS2 	EQU 	2
ADCS3 	EQU 	3
ADCS4 	EQU 	4
ADCS5 	EQU 	5
ADDSEN 	EQU 	0
ADERR 	EQU 	989
ADERR0 	EQU 	0
ADERR1 	EQU 	1
ADERR10 	EQU 	2
ADERR11 	EQU 	3
ADERR12 	EQU 	4
ADERR13 	EQU 	5
ADERR14 	EQU 	6
ADERR15 	EQU 	7
ADERR2 	EQU 	2
ADERR3 	EQU 	3
ADERR4 	EQU 	4
ADERR5 	EQU 	5
ADERR6 	EQU 	6
ADERR7 	EQU 	7
ADERR8 	EQU 	0
ADERR9 	EQU 	1
ADERRH 	EQU 	990
ADERRL 	EQU 	989
ADFLTR 	EQU 	993
ADFLTR0 	EQU 	0
ADFLTR1 	EQU 	1
ADFLTR10 	EQU 	2
ADFLTR11 	EQU 	3
ADFLTR12 	EQU 	4
ADFLTR13 	EQU 	5
ADFLTR14 	EQU 	6
ADFLTR15 	EQU 	7
ADFLTR2 	EQU 	2
ADFLTR3 	EQU 	3
ADFLTR4 	EQU 	4
ADFLTR5 	EQU 	5
ADFLTR6 	EQU 	6
ADFLTR7 	EQU 	7
ADFLTR8 	EQU 	0
ADFLTR9 	EQU 	1
ADFLTRH 	EQU 	994
ADFLTRL 	EQU 	993
ADFM0 	EQU 	2
ADFM1 	EQU 	3
ADFVR0 	EQU 	0
ADFVR1 	EQU 	1
ADGO 	EQU 	0
ADGPOL 	EQU 	5
ADIE 	EQU 	2
ADIF 	EQU 	2
ADIP 	EQU 	2
ADIPEN 	EQU 	6
ADLTH 	EQU 	985
ADLTH0 	EQU 	0
ADLTH1 	EQU 	1
ADLTH10 	EQU 	2
ADLTH11 	EQU 	3
ADLTH12 	EQU 	4
ADLTH13 	EQU 	5
ADLTH14 	EQU 	6
ADLTH15 	EQU 	7
ADLTH2 	EQU 	2
ADLTH3 	EQU 	3
ADLTH4 	EQU 	4
ADLTH5 	EQU 	5
ADLTH6 	EQU 	6
ADLTH7 	EQU 	7
ADLTH8 	EQU 	0
ADLTH9 	EQU 	1
ADLTHH 	EQU 	986
ADLTHL 	EQU 	985
ADLTHR 	EQU 	5
ADMATH 	EQU 	4
ADMD0 	EQU 	0
ADMD1 	EQU 	1
ADMD2 	EQU 	2
ADNREF0 	EQU 	4
ADNREF1 	EQU 	5
ADNREF2 	EQU 	6
ADNREF3 	EQU 	7
ADOEN 	EQU 	2
ADON 	EQU 	7
ADOR 	EQU 	2
ADOV 	EQU 	7
ADPCH 	EQU 	1004
ADPCH0 	EQU 	0
ADPCH1 	EQU 	1
ADPCH2 	EQU 	2
ADPCH3 	EQU 	3
ADPCH4 	EQU 	4
ADPCH5 	EQU 	5
ADPCH6 	EQU 	6
ADPCH7 	EQU 	7
ADPCSC 	EQU 	1
ADPPOL 	EQU 	7
ADPRE 	EQU 	1009
ADPRE0 	EQU 	0
ADPRE1 	EQU 	1
ADPRE10 	EQU 	2
ADPRE11 	EQU 	3
ADPRE12 	EQU 	4
ADPRE2 	EQU 	2
ADPRE3 	EQU 	3
ADPRE4 	EQU 	4
ADPRE5 	EQU 	5
ADPRE6 	EQU 	6
ADPRE7 	EQU 	7
ADPRE8 	EQU 	0
ADPRE9 	EQU 	1
ADPREF0 	EQU 	0
ADPREF1 	EQU 	1
ADPREF2 	EQU 	2
ADPREF3 	EQU 	3
ADPREH 	EQU 	1010
ADPREH_ADPRE0 	EQU 	0
ADPREH_ADPRE1 	EQU 	1
ADPREH_ADPRE2 	EQU 	2
ADPREH_ADPRE3 	EQU 	3
ADPREH_ADPRE4 	EQU 	4
ADPREH_PRE0 	EQU 	0
ADPREH_PRE1 	EQU 	1
ADPREH_PRE2 	EQU 	2
ADPREH_PRE3 	EQU 	3
ADPREH_PRE4 	EQU 	4
ADPREL 	EQU 	1009
ADPREV 	EQU 	1000
ADPREV0 	EQU 	0
ADPREV1 	EQU 	1
ADPREV10 	EQU 	2
ADPREV11 	EQU 	3
ADPREV12 	EQU 	4
ADPREV13 	EQU 	5
ADPREV14 	EQU 	6
ADPREV15 	EQU 	7
ADPREV2 	EQU 	2
ADPREV3 	EQU 	3
ADPREV4 	EQU 	4
ADPREV5 	EQU 	5
ADPREV6 	EQU 	6
ADPREV7 	EQU 	7
ADPREV8 	EQU 	0
ADPREV9 	EQU 	1
ADPREVH 	EQU 	1001
ADPREVL 	EQU 	1000
ADPSIS 	EQU 	7
ADR0 	EQU 	1
ADR1 	EQU 	2
ADR1IE 	EQU 	3
ADR1IF 	EQU 	3
ADR2 	EQU 	3
ADR2IE 	EQU 	3
ADR2IF 	EQU 	3
ADR3 	EQU 	4
ADR4 	EQU 	5
ADR5 	EQU 	6
ADR6 	EQU 	7
ADREF 	EQU 	1016
ADREF_ADNREF0 	EQU 	4
ADREF_ADPREF0 	EQU 	0
ADREF_ADPREF1 	EQU 	1
ADREF_NREF0 	EQU 	4
ADREF_PREF0 	EQU 	0
ADREF_PREF1 	EQU 	1
ADRES 	EQU 	1002
ADRES0 	EQU 	0
ADRES1 	EQU 	1
ADRES10 	EQU 	2
ADRES11 	EQU 	3
ADRES12 	EQU 	4
ADRES13 	EQU 	5
ADRES14 	EQU 	6
ADRES15 	EQU 	7
ADRES2 	EQU 	2
ADRES3 	EQU 	3
ADRES4 	EQU 	4
ADRES5 	EQU 	5
ADRES6 	EQU 	6
ADRES7 	EQU 	7
ADRES8 	EQU 	0
ADRES9 	EQU 	1
ADRESH 	EQU 	1003
ADRESL 	EQU 	1002
ADRIE 	EQU 	3
ADRIF 	EQU 	3
ADRPT 	EQU 	999
ADRPT0 	EQU 	0
ADRPT1 	EQU 	1
ADRPT2 	EQU 	2
ADRPT3 	EQU 	3
ADRPT4 	EQU 	4
ADRPT5 	EQU 	5
ADRPT6 	EQU 	6
ADRPT7 	EQU 	7
ADSOI 	EQU 	3
ADSTAT 	EQU 	1015
ADSTAT0 	EQU 	0
ADSTAT1 	EQU 	1
ADSTAT2 	EQU 	2
ADSTAT_ADSTAT0 	EQU 	0
ADSTAT_ADSTAT1 	EQU 	1
ADSTAT_ADSTAT2 	EQU 	2
ADSTAT_STAT0_ADSTAT 	EQU 	0
ADSTAT_STAT1_ADSTAT 	EQU 	1
ADSTAT_STAT2 	EQU 	2
ADSTPT 	EQU 	991
ADSTPT0 	EQU 	0
ADSTPT1 	EQU 	1
ADSTPT10 	EQU 	2
ADSTPT11 	EQU 	3
ADSTPT12 	EQU 	4
ADSTPT13 	EQU 	5
ADSTPT14 	EQU 	6
ADSTPT15 	EQU 	7
ADSTPT2 	EQU 	2
ADSTPT3 	EQU 	3
ADSTPT4 	EQU 	4
ADSTPT5 	EQU 	5
ADSTPT6 	EQU 	6
ADSTPT7 	EQU 	7
ADSTPT8 	EQU 	0
ADSTPT9 	EQU 	1
ADSTPTH 	EQU 	992
ADSTPTL 	EQU 	991
ADTIE 	EQU 	1
ADTIF 	EQU 	1
ADTIP 	EQU 	1
ADTMD0 	EQU 	0
ADTMD1 	EQU 	1
ADTMD2 	EQU 	2
ADUTH 	EQU 	987
ADUTH0 	EQU 	0
ADUTH1 	EQU 	1
ADUTH10 	EQU 	2
ADUTH11 	EQU 	3
ADUTH12 	EQU 	4
ADUTH13 	EQU 	5
ADUTH14 	EQU 	6
ADUTH15 	EQU 	7
ADUTH2 	EQU 	2
ADUTH3 	EQU 	3
ADUTH4 	EQU 	4
ADUTH5 	EQU 	5
ADUTH6 	EQU 	6
ADUTH7 	EQU 	7
ADUTH8 	EQU 	0
ADUTH9 	EQU 	1
ADUTHH 	EQU 	988
ADUTHL 	EQU 	987
ADUTHR 	EQU 	6
AFSR0 	EQU 	1257
AFSR0_H 	EQU 	1258
AIRQ0 	EQU 	0
AIRQ1 	EQU 	1
AIRQ2 	EQU 	2
AIRQ3 	EQU 	3
AIRQ4 	EQU 	4
AIRQ5 	EQU 	5
AIRQ6 	EQU 	6
AIRQ7 	EQU 	7
AIRQEN 	EQU 	2
ANSELA 	EQU 	1024
ANSELA0 	EQU 	0
ANSELA1 	EQU 	1
ANSELA2 	EQU 	2
ANSELA3 	EQU 	3
ANSELA4 	EQU 	4
ANSELA5 	EQU 	5
ANSELA6 	EQU 	6
ANSELA7 	EQU 	7
ANSELB 	EQU 	1032
ANSELB0 	EQU 	0
ANSELB1 	EQU 	1
ANSELB2 	EQU 	2
ANSELB3 	EQU 	3
ANSELB4 	EQU 	4
ANSELB5 	EQU 	5
ANSELB6 	EQU 	6
ANSELB7 	EQU 	7
ANSELC 	EQU 	1040
ANSELC0 	EQU 	0
ANSELC1 	EQU 	1
ANSELC2 	EQU 	2
ANSELE 	EQU 	1056
ANSELE0 	EQU 	0
ANSELE1 	EQU 	1
ANSELE2 	EQU 	2
AOV 	EQU 	7
AS0E 	EQU 	0
AS1E 	EQU 	1
AS2E 	EQU 	2
AS3E 	EQU 	3
AS4E 	EQU 	4
AS5E 	EQU 	5
AS6E 	EQU 	6
AS7E 	EQU 	7
ASYNC 	EQU 	4
B 	EQU 	1
BANKED 	EQU 	1
BASE0 	EQU 	0
BASE1 	EQU 	1
BASE10 	EQU 	2
BASE11 	EQU 	3
BASE12 	EQU 	4
BASE13 	EQU 	5
BASE14 	EQU 	6
BASE15 	EQU 	7
BASE16 	EQU 	0
BASE17 	EQU 	1
BASE18 	EQU 	2
BASE19 	EQU 	3
BASE2 	EQU 	2
BASE20 	EQU 	4
BASE3 	EQU 	3
BASE4 	EQU 	4
BASE5 	EQU 	5
BASE6 	EQU 	6
BASE7 	EQU 	7
BASE8 	EQU 	0
BASE9 	EQU 	1
BASPROGRAMEND 	EQU 	1230
BASPROGRAMSTART 	EQU 	12
BAUD0 	EQU 	0
BAUD1 	EQU 	1
BAUD2 	EQU 	2
BAUD3 	EQU 	3
BAUD4 	EQU 	4
BAUD5 	EQU 	5
BAUD6 	EQU 	6
BAUD7 	EQU 	7
BCL1IE 	EQU 	1
BCL1IF 	EQU 	5
BCL2IE 	EQU 	1
BCL2IF 	EQU 	5
BCLIE 	EQU 	1
BCLIF 	EQU 	5
BFRE 	EQU 	7
BFRET0 	EQU 	0
BFRET1 	EQU 	1
BMODE 	EQU 	0
BOR 	EQU 	0
BORCON 	EQU 	73
BORRDY 	EQU 	0
BRGS 	EQU 	7
BRKOVR 	EQU 	1
BSR 	EQU 	1248
BSR_CSHAD 	EQU 	885
BSR_SHAD 	EQU 	889
BTO1IE 	EQU 	2
BTO1IF 	EQU 	6
BTO2IE 	EQU 	2
BTO2IF 	EQU 	6
BTOC0 	EQU 	0
BTOC1 	EQU 	1
BTOC2 	EQU 	2
BTOC3 	EQU 	3
BTOIE 	EQU 	2
BTOIF 	EQU 	6
BUF0 	EQU 	0
BUF1 	EQU 	1
BUF2 	EQU 	2
BUF3 	EQU 	3
BUF4 	EQU 	4
BUF5 	EQU 	5
BUF6 	EQU 	6
BUF7 	EQU 	7
BURSTMD 	EQU 	1
BUSY_CRCCON0 	EQU 	5
BUSY_SCANCON0 	EQU 	0
BUSY_SPI1CON2 	EQU 	7
BYTENUM 	EQU 	1293
BYTETOBIN 	EQU 	5073
C 	EQU 	0
C0EN 	EQU 	3
C1EN 	EQU 	7
C1HYS 	EQU 	1
C1HYS1 	EQU 	2
C1IE 	EQU 	0
C1IF 	EQU 	0
C1INTN 	EQU 	0
C1INTP 	EQU 	1
C1IP 	EQU 	0
C1NCH0 	EQU 	0
C1NCH1 	EQU 	1
C1NCH2 	EQU 	2
C1OUT_CM1CON0 	EQU 	6
C1PCH0 	EQU 	0
C1PCH1 	EQU 	1
C1PCH2 	EQU 	2
C1POL 	EQU 	4
C1RDY 	EQU 	7
C1SP0 	EQU 	2
C1SP1 	EQU 	3
C1SYNC 	EQU 	0
C1TSEL0 	EQU 	0
C1TSEL1 	EQU 	1
C2EN 	EQU 	7
C2HYS 	EQU 	1
C2HYS1 	EQU 	2
C2IE 	EQU 	1
C2IF 	EQU 	1
C2INTN 	EQU 	0
C2INTP 	EQU 	1
C2IP 	EQU 	1
C2NCH0 	EQU 	0
C2NCH1 	EQU 	1
C2NCH2 	EQU 	2
C2OUT_CM2CON0 	EQU 	6
C2PCH0 	EQU 	0
C2PCH1 	EQU 	1
C2PCH2 	EQU 	2
C2POL 	EQU 	4
C2RDY 	EQU 	7
C2SP0 	EQU 	2
C2SP1 	EQU 	3
C2SYNC 	EQU 	0
CALC0 	EQU 	4
CALC1 	EQU 	5
CALC2 	EQU 	6
CALCULATEDUTY 	EQU 	1348
CAPT 	EQU 	3
CARH0 	EQU 	0
CARH1 	EQU 	1
CARH2 	EQU 	2
CARH3 	EQU 	3
CARH4 	EQU 	4
CARL0 	EQU 	0
CARL1 	EQU 	1
CARL2 	EQU 	2
CARL3 	EQU 	3
CARL4 	EQU 	4
CCP1CAP 	EQU 	835
CCP1CON 	EQU 	834
CCP1CON_CCP1CON_MODE0 	EQU 	0
CCP1CON_CCP1CON_MODE1 	EQU 	1
CCP1CON_CCP1CON_MODE2 	EQU 	2
CCP1CON_CCP1CON_MODE3 	EQU 	3
CCP1CON_CCP1MODE0 	EQU 	0
CCP1CON_CCP1MODE1 	EQU 	1
CCP1CON_CCP1MODE2 	EQU 	2
CCP1CON_CCP1MODE3 	EQU 	3
CCP1CON_EN 	EQU 	7
CCP1CON_MODE0 	EQU 	0
CCP1CON_MODE1 	EQU 	1
CCP1CON_MODE2 	EQU 	2
CCP1CON_MODE3 	EQU 	3
CCP1CTS0 	EQU 	0
CCP1CTS1 	EQU 	1
CCP1CTS2 	EQU 	2
CCP1CTS3 	EQU 	3
CCP1EN 	EQU 	7
CCP1FMT 	EQU 	4
CCP1IE 	EQU 	2
CCP1IF 	EQU 	2
CCP1IP 	EQU 	2
CCP1MD 	EQU 	6
CCP1MODE0 	EQU 	0
CCP1MODE1 	EQU 	1
CCP1MODE2 	EQU 	2
CCP1MODE3 	EQU 	3
CCP1OUT 	EQU 	5
CCP1PPS 	EQU 	591
CCP1PPS0 	EQU 	0
CCP1PPS1 	EQU 	1
CCP1PPS2 	EQU 	2
CCP1PPS3 	EQU 	3
CCP1PPS4 	EQU 	4
CCP1PPS5 	EQU 	5
CCP1PPS6 	EQU 	6
CCP1PPS7 	EQU 	7
CCP1PPS_PIN0 	EQU 	0
CCP1PPS_PIN1 	EQU 	1
CCP1PPS_PIN2 	EQU 	2
CCP1PPS_PORT0 	EQU 	3
CCP1PPS_PORT1 	EQU 	4
CCP1PPS_PORT2 	EQU 	5
CCP1PPS_PORT3 	EQU 	6
CCP1PPS_PORT4 	EQU 	7
CCPCONCACHE 	EQU 	1294
CCPPWMSETUPCLOCKSOURCE 	EQU 	1728
CCPR1 	EQU 	832
CCPR1H 	EQU 	833
CCPR1L 	EQU 	832
CCPTMRS0 	EQU 	844
CCPTMRS0_C1TSEL0 	EQU 	0
CCPTMRS0_C1TSEL1 	EQU 	1
CDAFVR0 	EQU 	2
CDAFVR1 	EQU 	3
CDIV0 	EQU 	0
CDIV1 	EQU 	1
CDIV2 	EQU 	2
CDIV3 	EQU 	3
CERIE 	EQU 	4
CERIF 	EQU 	4
CGA0 	EQU 	0
CGA1 	EQU 	1
CGA2 	EQU 	2
CGA3 	EQU 	3
CGA4 	EQU 	4
CGA5 	EQU 	5
CGA6 	EQU 	6
CGA7 	EQU 	7
CGB0 	EQU 	0
CGB1 	EQU 	1
CGB2 	EQU 	2
CGB3 	EQU 	3
CGB4 	EQU 	4
CGB5 	EQU 	5
CGB6 	EQU 	6
CGB7 	EQU 	7
CGC0 	EQU 	0
CGC1 	EQU 	1
CGC2 	EQU 	2
CGE0 	EQU 	0
CGE1 	EQU 	1
CGE2 	EQU 	2
CH16AB 	EQU 	0
CHIPFAMILYPWMCCP1CON16HANDLER 	EQU 	1790
CHPOL 	EQU 	5
CHR 	EQU 	5123
CHS0 	EQU 	2
CHS1 	EQU 	3
CHS2 	EQU 	4
CHS3 	EQU 	5
CHS4 	EQU 	6
CHSYNC 	EQU 	4
CIE 	EQU 	0
CIF 	EQU 	0
CKE 	EQU 	6
CKP 	EQU 	5
CKPOL 	EQU 	6
CKPS0_T0CON1 	EQU 	0
CKPS0_T1CON 	EQU 	4
CKPS0_T2CON 	EQU 	4
CKPS0_T3CON 	EQU 	4
CKPS0_T4CON 	EQU 	4
CKPS1_T0CON1 	EQU 	1
CKPS1_T1CON 	EQU 	5
CKPS1_T2CON 	EQU 	5
CKPS1_T3CON 	EQU 	5
CKPS1_T4CON 	EQU 	5
CKPS2_T0CON1 	EQU 	2
CKPS2_T2CON 	EQU 	6
CKPS2_T4CON 	EQU 	6
CKPS3 	EQU 	3
CKS0 	EQU 	0
CKS1 	EQU 	1
CKS2 	EQU 	2
CKS3 	EQU 	3
CKS4 	EQU 	4
CKSYNC 	EQU 	5
CLB0IE 	EQU 	4
CLB0IF 	EQU 	4
CLB0IP 	EQU 	4
CLB1IE 	EQU 	5
CLB1IF 	EQU 	5
CLB1IP 	EQU 	5
CLB2IE 	EQU 	6
CLB2IF 	EQU 	6
CLB2IP 	EQU 	6
CLB3IE 	EQU 	7
CLB3IF 	EQU 	7
CLB3IP 	EQU 	7
CLBCLK 	EQU 	195
CLBCLKPPS 	EQU 	573
CLBCLKPPS0 	EQU 	0
CLBCLKPPS1 	EQU 	1
CLBCLKPPS2 	EQU 	2
CLBCLKPPS3 	EQU 	3
CLBCLKPPS4 	EQU 	4
CLBCLKPPS5 	EQU 	5
CLBCLKPPS6 	EQU 	6
CLBCLKPPS7 	EQU 	7
CLBCLKPPS_PIN0 	EQU 	0
CLBCLKPPS_PIN1 	EQU 	1
CLBCLKPPS_PIN2 	EQU 	2
CLBCLKPPS_PORT0 	EQU 	3
CLBCLKPPS_PORT1 	EQU 	4
CLBCLKPPS_PORT2 	EQU 	5
CLBCLKPPS_PORT3 	EQU 	6
CLBCLKPPS_PORT4 	EQU 	7
CLBCLK_CLKPRE0 	EQU 	0
CLBCLK_CLKPRE1 	EQU 	1
CLBCLK_CLKPRE2 	EQU 	2
CLBCLK_CLKPRE3 	EQU 	3
CLBCLK_CLKSEL0 	EQU 	4
CLBCLK_CLKSEL1 	EQU 	5
CLBCLK_CLKSEL2 	EQU 	6
CLBCLK_CLKSEL3 	EQU 	7
CLBCON 	EQU 	192
CLBCON_EN 	EQU 	7
CLBDB0 	EQU 	0
CLBDB1 	EQU 	1
CLBDEBUG0 	EQU 	200
CLBDEBUG1 	EQU 	201
CLBDEBUG1_DBG0 	EQU 	0
CLBDEBUG1_DBG1 	EQU 	1
CLBDEBUG1_DBG2 	EQU 	2
CLBDEBUG1_DBG3 	EQU 	3
CLBDEBUG1_DBG4 	EQU 	4
CLBDEBUG1_DBG5 	EQU 	5
CLBDEBUG1_DBG6 	EQU 	6
CLBEN 	EQU 	7
CLBIN0PPS 	EQU 	565
CLBIN0PPS0 	EQU 	0
CLBIN0PPS1 	EQU 	1
CLBIN0PPS2 	EQU 	2
CLBIN0PPS3 	EQU 	3
CLBIN0PPS4 	EQU 	4
CLBIN0PPS5 	EQU 	5
CLBIN0PPS6 	EQU 	6
CLBIN0PPS7 	EQU 	7
CLBIN0PPS_PIN0 	EQU 	0
CLBIN0PPS_PIN1 	EQU 	1
CLBIN0PPS_PIN2 	EQU 	2
CLBIN0PPS_PORT0 	EQU 	3
CLBIN0PPS_PORT1 	EQU 	4
CLBIN0PPS_PORT2 	EQU 	5
CLBIN0PPS_PORT3 	EQU 	6
CLBIN0PPS_PORT4 	EQU 	7
CLBIN1PPS 	EQU 	566
CLBIN1PPS0 	EQU 	0
CLBIN1PPS1 	EQU 	1
CLBIN1PPS2 	EQU 	2
CLBIN1PPS3 	EQU 	3
CLBIN1PPS4 	EQU 	4
CLBIN1PPS5 	EQU 	5
CLBIN1PPS6 	EQU 	6
CLBIN1PPS7 	EQU 	7
CLBIN2PPS 	EQU 	567
CLBIN2PPS0 	EQU 	0
CLBIN2PPS1 	EQU 	1
CLBIN2PPS2 	EQU 	2
CLBIN2PPS3 	EQU 	3
CLBIN2PPS4 	EQU 	4
CLBIN2PPS5 	EQU 	5
CLBIN2PPS6 	EQU 	6
CLBIN2PPS7 	EQU 	7
CLBIN2PPS_PIN0 	EQU 	0
CLBIN2PPS_PIN1 	EQU 	1
CLBIN2PPS_PIN2 	EQU 	2
CLBIN2PPS_PORT0 	EQU 	3
CLBIN2PPS_PORT1 	EQU 	4
CLBIN2PPS_PORT2 	EQU 	5
CLBIN2PPS_PORT3 	EQU 	6
CLBIN2PPS_PORT4 	EQU 	7
CLBIN3PPS 	EQU 	568
CLBIN3PPS0 	EQU 	0
CLBIN3PPS1 	EQU 	1
CLBIN3PPS2 	EQU 	2
CLBIN3PPS3 	EQU 	3
CLBIN3PPS4 	EQU 	4
CLBIN3PPS5 	EQU 	5
CLBIN3PPS6 	EQU 	6
CLBIN3PPS7 	EQU 	7
CLBIN3PPS_PIN0 	EQU 	0
CLBIN3PPS_PIN1 	EQU 	1
CLBIN3PPS_PIN2 	EQU 	2
CLBIN3PPS_PORT0 	EQU 	3
CLBIN3PPS_PORT1 	EQU 	4
CLBIN3PPS_PORT2 	EQU 	5
CLBIN3PPS_PORT3 	EQU 	6
CLBIN3PPS_PORT4 	EQU 	7
CLBIN4PPS 	EQU 	569
CLBIN4PPS0 	EQU 	0
CLBIN4PPS1 	EQU 	1
CLBIN4PPS2 	EQU 	2
CLBIN4PPS3 	EQU 	3
CLBIN4PPS4 	EQU 	4
CLBIN4PPS5 	EQU 	5
CLBIN4PPS6 	EQU 	6
CLBIN4PPS7 	EQU 	7
CLBIN4PPS_PIN0 	EQU 	0
CLBIN4PPS_PIN1 	EQU 	1
CLBIN4PPS_PIN2 	EQU 	2
CLBIN4PPS_PORT0 	EQU 	3
CLBIN4PPS_PORT1 	EQU 	4
CLBIN4PPS_PORT2 	EQU 	5
CLBIN4PPS_PORT3 	EQU 	6
CLBIN4PPS_PORT4 	EQU 	7
CLBIN5PPS 	EQU 	570
CLBIN5PPS0 	EQU 	0
CLBIN5PPS1 	EQU 	1
CLBIN5PPS2 	EQU 	2
CLBIN5PPS3 	EQU 	3
CLBIN5PPS4 	EQU 	4
CLBIN5PPS5 	EQU 	5
CLBIN5PPS6 	EQU 	6
CLBIN5PPS7 	EQU 	7
CLBIN5PPS_PIN0 	EQU 	0
CLBIN5PPS_PIN1 	EQU 	1
CLBIN5PPS_PIN2 	EQU 	2
CLBIN5PPS_PORT0 	EQU 	3
CLBIN5PPS_PORT1 	EQU 	4
CLBIN5PPS_PORT2 	EQU 	5
CLBIN5PPS_PORT3 	EQU 	6
CLBIN5PPS_PORT4 	EQU 	7
CLBIN6PPS 	EQU 	571
CLBIN6PPS0 	EQU 	0
CLBIN6PPS1 	EQU 	1
CLBIN6PPS2 	EQU 	2
CLBIN6PPS3 	EQU 	3
CLBIN6PPS4 	EQU 	4
CLBIN6PPS5 	EQU 	5
CLBIN6PPS6 	EQU 	6
CLBIN6PPS7 	EQU 	7
CLBIN6PPS_PIN0 	EQU 	0
CLBIN6PPS_PIN1 	EQU 	1
CLBIN6PPS_PIN2 	EQU 	2
CLBIN6PPS_PORT0 	EQU 	3
CLBIN6PPS_PORT1 	EQU 	4
CLBIN6PPS_PORT2 	EQU 	5
CLBIN6PPS_PORT3 	EQU 	6
CLBIN6PPS_PORT4 	EQU 	7
CLBIN7PPS 	EQU 	572
CLBIN7PPS0 	EQU 	0
CLBIN7PPS1 	EQU 	1
CLBIN7PPS2 	EQU 	2
CLBIN7PPS3 	EQU 	3
CLBIN7PPS4 	EQU 	4
CLBIN7PPS5 	EQU 	5
CLBIN7PPS6 	EQU 	6
CLBIN7PPS7 	EQU 	7
CLBIN7PPS_PIN0 	EQU 	0
CLBIN7PPS_PIN1 	EQU 	1
CLBIN7PPS_PIN2 	EQU 	2
CLBIN7PPS_PORT0 	EQU 	3
CLBIN7PPS_PORT1 	EQU 	4
CLBIN7PPS_PORT2 	EQU 	5
CLBIN7PPS_PORT3 	EQU 	6
CLBIN7PPS_PORT4 	EQU 	7
CLBLOAD 	EQU 	6
CLBMD 	EQU 	1
CLBOUTH 	EQU 	196
CLBOUTH0 	EQU 	0
CLBOUTH1 	EQU 	1
CLBOUTH2 	EQU 	2
CLBOUTH3 	EQU 	3
CLBOUTH4 	EQU 	4
CLBOUTH5 	EQU 	5
CLBOUTH6 	EQU 	6
CLBOUTH7 	EQU 	7
CLBOUTL 	EQU 	197
CLBOUTL0 	EQU 	0
CLBOUTL1 	EQU 	1
CLBOUTL2 	EQU 	2
CLBOUTL3 	EQU 	3
CLBOUTL4 	EQU 	4
CLBOUTL5 	EQU 	5
CLBOUTL6 	EQU 	6
CLBOUTL7 	EQU 	7
CLBSWINH 	EQU 	193
CLBSWINH0 	EQU 	0
CLBSWINH1 	EQU 	1
CLBSWINH2 	EQU 	2
CLBSWINH3 	EQU 	3
CLBSWINH4 	EQU 	4
CLBSWINH5 	EQU 	5
CLBSWINH6 	EQU 	6
CLBSWINH7 	EQU 	7
CLBSWINL 	EQU 	194
CLBSWINL0 	EQU 	0
CLBSWINL1 	EQU 	1
CLBSWINL2 	EQU 	2
CLBSWINL3 	EQU 	3
CLBSWINL4 	EQU 	4
CLBSWINL5 	EQU 	5
CLBSWINL6 	EQU 	6
CLBSWINL7 	EQU 	7
CLBSWOUTH 	EQU 	198
CLBSWOUTH0 	EQU 	0
CLBSWOUTH1 	EQU 	1
CLBSWOUTH2 	EQU 	2
CLBSWOUTH3 	EQU 	3
CLBSWOUTH4 	EQU 	4
CLBSWOUTH5 	EQU 	5
CLBSWOUTH6 	EQU 	6
CLBSWOUTH7 	EQU 	7
CLBSWOUTL 	EQU 	199
CLBSWOUTL0 	EQU 	0
CLBSWOUTL1 	EQU 	1
CLBSWOUTL2 	EQU 	2
CLBSWOUTL3 	EQU 	3
CLBSWOUTL4 	EQU 	4
CLBSWOUTL5 	EQU 	5
CLBSWOUTL6 	EQU 	6
CLBSWOUTL7 	EQU 	7
CLC1IE 	EQU 	0
CLC1IF 	EQU 	0
CLC1IP 	EQU 	0
CLC1MD 	EQU 	1
CLC1OUT 	EQU 	0
CLC2IE 	EQU 	1
CLC2IF 	EQU 	1
CLC2IP 	EQU 	1
CLC2MD 	EQU 	2
CLC2OUT 	EQU 	1
CLC3IE 	EQU 	2
CLC3IF 	EQU 	2
CLC3IP 	EQU 	2
CLC3MD 	EQU 	3
CLC3OUT 	EQU 	2
CLC4IE 	EQU 	3
CLC4IF 	EQU 	3
CLC4IP 	EQU 	3
CLC4MD 	EQU 	4
CLC4OUT 	EQU 	3
CLC5IE 	EQU 	4
CLC5IF 	EQU 	4
CLC5IP 	EQU 	4
CLC5MD 	EQU 	4
CLC5OUT 	EQU 	4
CLC6IE 	EQU 	5
CLC6IF 	EQU 	5
CLC6IP 	EQU 	5
CLC6MD 	EQU 	5
CLC6OUT 	EQU 	5
CLC7IE 	EQU 	6
CLC7IF 	EQU 	6
CLC7IP 	EQU 	6
CLC7MD 	EQU 	6
CLC7OUT 	EQU 	6
CLC8IE 	EQU 	7
CLC8IF 	EQU 	7
CLC8IP 	EQU 	7
CLC8MD 	EQU 	7
CLC8OUT 	EQU 	7
CLCDATA 	EQU 	212
CLCIN0PPS 	EQU 	609
CLCIN0PPS0 	EQU 	0
CLCIN0PPS1 	EQU 	1
CLCIN0PPS2 	EQU 	2
CLCIN0PPS3 	EQU 	3
CLCIN0PPS4 	EQU 	4
CLCIN0PPS5 	EQU 	5
CLCIN0PPS6 	EQU 	6
CLCIN0PPS7 	EQU 	7
CLCIN0PPS_PIN0 	EQU 	0
CLCIN0PPS_PIN1 	EQU 	1
CLCIN0PPS_PIN2 	EQU 	2
CLCIN0PPS_PORT0 	EQU 	3
CLCIN0PPS_PORT1 	EQU 	4
CLCIN0PPS_PORT2 	EQU 	5
CLCIN0PPS_PORT3 	EQU 	6
CLCIN0PPS_PORT4 	EQU 	7
CLCIN1PPS 	EQU 	610
CLCIN1PPS0 	EQU 	0
CLCIN1PPS1 	EQU 	1
CLCIN1PPS2 	EQU 	2
CLCIN1PPS3 	EQU 	3
CLCIN1PPS4 	EQU 	4
CLCIN1PPS5 	EQU 	5
CLCIN1PPS6 	EQU 	6
CLCIN1PPS7 	EQU 	7
CLCIN1PPS_PIN0 	EQU 	0
CLCIN1PPS_PIN1 	EQU 	1
CLCIN1PPS_PIN2 	EQU 	2
CLCIN1PPS_PORT0 	EQU 	3
CLCIN1PPS_PORT1 	EQU 	4
CLCIN1PPS_PORT2 	EQU 	5
CLCIN1PPS_PORT3 	EQU 	6
CLCIN1PPS_PORT4 	EQU 	7
CLCIN2PPS 	EQU 	611
CLCIN2PPS0 	EQU 	0
CLCIN2PPS1 	EQU 	1
CLCIN2PPS2 	EQU 	2
CLCIN2PPS3 	EQU 	3
CLCIN2PPS4 	EQU 	4
CLCIN2PPS5 	EQU 	5
CLCIN2PPS6 	EQU 	6
CLCIN2PPS7 	EQU 	7
CLCIN2PPS_PIN0 	EQU 	0
CLCIN2PPS_PIN1 	EQU 	1
CLCIN2PPS_PIN2 	EQU 	2
CLCIN2PPS_PORT0 	EQU 	3
CLCIN2PPS_PORT1 	EQU 	4
CLCIN2PPS_PORT2 	EQU 	5
CLCIN2PPS_PORT3 	EQU 	6
CLCIN2PPS_PORT4 	EQU 	7
CLCIN3PPS 	EQU 	612
CLCIN3PPS0 	EQU 	0
CLCIN3PPS1 	EQU 	1
CLCIN3PPS2 	EQU 	2
CLCIN3PPS3 	EQU 	3
CLCIN3PPS4 	EQU 	4
CLCIN3PPS5 	EQU 	5
CLCIN3PPS6 	EQU 	6
CLCIN3PPS7 	EQU 	7
CLCIN3PPS_PIN0 	EQU 	0
CLCIN3PPS_PIN1 	EQU 	1
CLCIN3PPS_PIN2 	EQU 	2
CLCIN3PPS_PORT0 	EQU 	3
CLCIN3PPS_PORT1 	EQU 	4
CLCIN3PPS_PORT2 	EQU 	5
CLCIN3PPS_PORT3 	EQU 	6
CLCIN3PPS_PORT4 	EQU 	7
CLCIN4PPS 	EQU 	613
CLCIN4PPS0 	EQU 	0
CLCIN4PPS1 	EQU 	1
CLCIN4PPS2 	EQU 	2
CLCIN4PPS3 	EQU 	3
CLCIN4PPS4 	EQU 	4
CLCIN4PPS5 	EQU 	5
CLCIN4PPS6 	EQU 	6
CLCIN4PPS7 	EQU 	7
CLCIN4PPS_PIN0 	EQU 	0
CLCIN4PPS_PIN1 	EQU 	1
CLCIN4PPS_PIN2 	EQU 	2
CLCIN4PPS_PORT0 	EQU 	3
CLCIN4PPS_PORT1 	EQU 	4
CLCIN4PPS_PORT2 	EQU 	5
CLCIN4PPS_PORT3 	EQU 	6
CLCIN4PPS_PORT4 	EQU 	7
CLCIN5PPS 	EQU 	614
CLCIN5PPS0 	EQU 	0
CLCIN5PPS1 	EQU 	1
CLCIN5PPS2 	EQU 	2
CLCIN5PPS3 	EQU 	3
CLCIN5PPS4 	EQU 	4
CLCIN5PPS5 	EQU 	5
CLCIN5PPS6 	EQU 	6
CLCIN5PPS7 	EQU 	7
CLCIN5PPS_PIN0 	EQU 	0
CLCIN5PPS_PIN1 	EQU 	1
CLCIN5PPS_PIN2 	EQU 	2
CLCIN5PPS_PORT0 	EQU 	3
CLCIN5PPS_PORT1 	EQU 	4
CLCIN5PPS_PORT2 	EQU 	5
CLCIN5PPS_PORT3 	EQU 	6
CLCIN5PPS_PORT4 	EQU 	7
CLCIN6PPS 	EQU 	615
CLCIN6PPS0 	EQU 	0
CLCIN6PPS1 	EQU 	1
CLCIN6PPS2 	EQU 	2
CLCIN6PPS3 	EQU 	3
CLCIN6PPS4 	EQU 	4
CLCIN6PPS5 	EQU 	5
CLCIN6PPS6 	EQU 	6
CLCIN6PPS7 	EQU 	7
CLCIN6PPS_PIN0 	EQU 	0
CLCIN6PPS_PIN1 	EQU 	1
CLCIN6PPS_PIN2 	EQU 	2
CLCIN6PPS_PORT0 	EQU 	3
CLCIN6PPS_PORT1 	EQU 	4
CLCIN6PPS_PORT2 	EQU 	5
CLCIN6PPS_PORT3 	EQU 	6
CLCIN6PPS_PORT4 	EQU 	7
CLCIN7PPS 	EQU 	616
CLCIN7PPS0 	EQU 	0
CLCIN7PPS1 	EQU 	1
CLCIN7PPS2 	EQU 	2
CLCIN7PPS3 	EQU 	3
CLCIN7PPS4 	EQU 	4
CLCIN7PPS5 	EQU 	5
CLCIN7PPS6 	EQU 	6
CLCIN7PPS7 	EQU 	7
CLCIN7PPS_PIN0 	EQU 	0
CLCIN7PPS_PIN1 	EQU 	1
CLCIN7PPS_PIN2 	EQU 	2
CLCIN7PPS_PORT0 	EQU 	3
CLCIN7PPS_PORT1 	EQU 	4
CLCIN7PPS_PORT2 	EQU 	5
CLCIN7PPS_PORT3 	EQU 	6
CLCIN7PPS_PORT4 	EQU 	7
CLCNCON 	EQU 	214
CLCNCON_CLCNCON_MODE0 	EQU 	0
CLCNCON_CLCNCON_MODE1 	EQU 	1
CLCNCON_CLCNCON_MODE2 	EQU 	2
CLCNCON_EN 	EQU 	7
CLCNCON_MODE0 	EQU 	0
CLCNCON_MODE1 	EQU 	1
CLCNCON_MODE2 	EQU 	2
CLCNGLS0 	EQU 	220
CLCNGLS1 	EQU 	221
CLCNGLS2 	EQU 	222
CLCNGLS3 	EQU 	223
CLCNPOL 	EQU 	215
CLCNSEL0 	EQU 	216
CLCNSEL1 	EQU 	217
CLCNSEL2 	EQU 	218
CLCNSEL3 	EQU 	219
CLCSELECT 	EQU 	213
CLK0 	EQU 	0
CLK1 	EQU 	1
CLK2 	EQU 	2
CLK3 	EQU 	3
CLK4 	EQU 	4
CLK5 	EQU 	5
CLK6 	EQU 	6
CLK7 	EQU 	7
CLKEN 	EQU 	0
CLKPRE0 	EQU 	0
CLKPRE1 	EQU 	1
CLKPRE2 	EQU 	2
CLKPRE3 	EQU 	3
CLKRCLK 	EQU 	59
CLKRCLK0 	EQU 	0
CLKRCLK1 	EQU 	1
CLKRCLK2 	EQU 	2
CLKRCLK3 	EQU 	3
CLKRCLK_CLK0 	EQU 	0
CLKRCLK_CLK1 	EQU 	1
CLKRCLK_CLK2 	EQU 	2
CLKRCLK_CLK3 	EQU 	3
CLKRCON 	EQU 	58
CLKRCON_DC0 	EQU 	3
CLKRCON_DC1 	EQU 	4
CLKRCON_DIV0 	EQU 	0
CLKRCON_DIV1 	EQU 	1
CLKRCON_DIV2 	EQU 	2
CLKRCON_EN 	EQU 	7
CLKRDC0 	EQU 	3
CLKRDC1 	EQU 	4
CLKRDIV0 	EQU 	0
CLKRDIV1 	EQU 	1
CLKRDIV2 	EQU 	2
CLKREN 	EQU 	7
CLKRMD 	EQU 	1
CLKSEL0 	EQU 	4
CLKSEL1 	EQU 	5
CLKSEL2 	EQU 	6
CLKSEL3 	EQU 	7
CLKSEL4 	EQU 	4
CLPOL 	EQU 	1
CLR 	EQU 	5
CLRBF 	EQU 	2
CLSYNC 	EQU 	0
CM1CON0 	EQU 	112
CM1CON0_EN 	EQU 	7
CM1CON0_HYS0 	EQU 	1
CM1CON0_HYS1 	EQU 	2
CM1CON1 	EQU 	113
CM1CON1_SP0 	EQU 	2
CM1CON1_SP1 	EQU 	3
CM1MD 	EQU 	7
CM1NCH 	EQU 	114
CM1NCH_NCH0_CM1NCH 	EQU 	0
CM1NCH_NCH1_CM1NCH 	EQU 	1
CM1NCH_NCH2_CM1NCH 	EQU 	2
CM1PCH 	EQU 	115
CM1PCH_PCH0 	EQU 	0
CM1PCH_PCH1 	EQU 	1
CM1PCH_PCH2 	EQU 	2
CM2CON0 	EQU 	116
CM2CON0_CM2CON0_HYS0 	EQU 	1
CM2CON0_CM2CON0_HYS1 	EQU 	2
CM2CON0_EN 	EQU 	7
CM2CON0_HYS0 	EQU 	1
CM2CON0_HYS1 	EQU 	2
CM2CON0_SYNC 	EQU 	0
CM2CON1 	EQU 	117
CM2CON1_CM2CON1_SP0 	EQU 	2
CM2CON1_CM2CON1_SP1 	EQU 	3
CM2CON1_SP0 	EQU 	2
CM2CON1_SP1 	EQU 	3
CM2MD 	EQU 	0
CM2NCH 	EQU 	118
CM2NCH_NCH0_CM2NCH 	EQU 	0
CM2NCH_NCH1_CM2NCH 	EQU 	1
CM2NCH_NCH2_CM2NCH 	EQU 	2
CM2PCH 	EQU 	119
CM2PCH_CM2PCH_PCH0 	EQU 	0
CM2PCH_CM2PCH_PCH1 	EQU 	1
CM2PCH_CM2PCH_PCH2 	EQU 	2
CM2PCH_PCH0 	EQU 	0
CM2PCH_PCH1 	EQU 	1
CM2PCH_PCH2 	EQU 	2
CMD0 	EQU 	0
CMD1 	EQU 	1
CMD2 	EQU 	2
CMOUT 	EQU 	111
CNT0 	EQU 	0
CNT1 	EQU 	1
CNT10 	EQU 	2
CNT11 	EQU 	3
CNT12 	EQU 	4
CNT13 	EQU 	5
CNT14 	EQU 	6
CNT15 	EQU 	7
CNT1IE 	EQU 	7
CNT1IF 	EQU 	7
CNT2 	EQU 	2
CNT2IE 	EQU 	7
CNT2IF 	EQU 	7
CNT3 	EQU 	3
CNT4 	EQU 	4
CNT5 	EQU 	5
CNT6 	EQU 	6
CNT7 	EQU 	7
CNT8 	EQU 	0
CNT9 	EQU 	1
CNTIE 	EQU 	7
CNTIF 	EQU 	7
COMPORT 	EQU 	1295
CONT 	EQU 	6
COSC0 	EQU 	4
COSC1 	EQU 	5
COSC2 	EQU 	6
CPOL 	EQU 	6
CPUDOZE 	EQU 	1266
CPUDOZE_DOZE0 	EQU 	0
CPUDOZE_DOZE1 	EQU 	1
CPUDOZE_DOZE2 	EQU 	2
CRCBUSY 	EQU 	5
CRCCON0 	EQU 	854
CRCCON0_EN 	EQU 	7
CRCCON0_SETUP0 	EQU 	2
CRCCON0_SETUP1 	EQU 	3
CRCCON1 	EQU 	855
CRCCON1_PLEN0 	EQU 	0
CRCCON1_PLEN1 	EQU 	1
CRCCON1_PLEN2 	EQU 	2
CRCCON1_PLEN3 	EQU 	3
CRCCON1_PLEN4 	EQU 	4
CRCCON2 	EQU 	856
CRCCON2_DLEN0 	EQU 	0
CRCCON2_DLEN1 	EQU 	1
CRCCON2_DLEN2 	EQU 	2
CRCCON2_DLEN3 	EQU 	3
CRCCON2_DLEN4 	EQU 	4
CRCDATA 	EQU 	846
CRCDATAH 	EQU 	847
CRCDATAL 	EQU 	846
CRCDATAT 	EQU 	849
CRCDATAU 	EQU 	848
CRCEN 	EQU 	7
CRCGO 	EQU 	6
CRCIE 	EQU 	6
CRCIF 	EQU 	6
CRCIP 	EQU 	6
CRCMD 	EQU 	4
CRCOUT 	EQU 	850
CRCOUTH 	EQU 	851
CRCOUTL 	EQU 	850
CRCOUTT 	EQU 	853
CRCOUTU 	EQU 	852
CRCSHFT 	EQU 	850
CRCSHFTH 	EQU 	851
CRCSHFTL 	EQU 	850
CRCSHFTT 	EQU 	853
CRCSHFTU 	EQU 	852
CRCSHIFTH 	EQU 	851
CRCSHIFTL 	EQU 	850
CRCSHIFTT 	EQU 	853
CRCSHIFTU 	EQU 	852
CRCXOR 	EQU 	850
CRCXORH 	EQU 	851
CRCXORL 	EQU 	850
CRCXORT 	EQU 	853
CRCXORU 	EQU 	852
CRH0 	EQU 	0
CRH1 	EQU 	1
CRH2 	EQU 	2
CRH3 	EQU 	3
CRH4 	EQU 	4
CRH5 	EQU 	5
CRH6 	EQU 	6
CRH7 	EQU 	7
CRL0 	EQU 	0
CRL1 	EQU 	1
CRL2 	EQU 	2
CRL3 	EQU 	3
CRL4 	EQU 	4
CRL5 	EQU 	5
CRL6 	EQU 	6
CRL7 	EQU 	7
CRS0 	EQU 	4
CRS1 	EQU 	5
CRS2 	EQU 	6
CRT0 	EQU 	0
CRT1 	EQU 	1
CRT2 	EQU 	2
CRT3 	EQU 	3
CRT4 	EQU 	4
CRT5 	EQU 	5
CRT6 	EQU 	6
CRT7 	EQU 	7
CS0_ADCLK 	EQU 	0
CS0_T0CON1 	EQU 	5
CS0_T1CLK 	EQU 	0
CS0_T2CLKCON 	EQU 	0
CS0_T3CLK 	EQU 	0
CS0_T4CLKCON 	EQU 	0
CS0_WDTCON1 	EQU 	4
CS1_ADCLK 	EQU 	1
CS1_T0CON1 	EQU 	6
CS1_T1CLK 	EQU 	1
CS1_T2CLKCON 	EQU 	1
CS1_T3CLK 	EQU 	1
CS1_T4CLKCON 	EQU 	1
CS1_WDTCON1 	EQU 	5
CS2_ADCLK 	EQU 	2
CS2_T0CON1 	EQU 	7
CS2_T1CLK 	EQU 	2
CS2_T2CLKCON 	EQU 	2
CS2_T3CLK 	EQU 	2
CS2_T4CLKCON 	EQU 	2
CS2_WDTCON1 	EQU 	6
CS3 	EQU 	3
CS4 	EQU 	4
CS5 	EQU 	5
CSD 	EQU 	0
CSTR 	EQU 	4
CSWHOLD 	EQU 	7
CSWIE 	EQU 	3
CSWIF 	EQU 	3
CSWIP 	EQU 	3
CSYNC 	EQU 	6
CS_ADCON0 	EQU 	4
CS_CWG1CLK 	EQU 	0
CTS0 	EQU 	0
CTS1 	EQU 	1
CTS2 	EQU 	2
CTS3 	EQU 	3
CWG1AS0 	EQU 	962
CWG1AS0_CWG1LSAC0 	EQU 	2
CWG1AS0_CWG1LSAC1 	EQU 	3
CWG1AS0_CWG1LSBD0 	EQU 	4
CWG1AS0_CWG1LSBD1 	EQU 	5
CWG1AS0_CWG1LSDB0 	EQU 	4
CWG1AS0_CWG1LSDB1 	EQU 	5
CWG1AS0_LSAC0 	EQU 	2
CWG1AS0_LSAC1 	EQU 	3
CWG1AS0_LSBD0 	EQU 	4
CWG1AS0_LSBD1 	EQU 	5
CWG1AS1 	EQU 	963
CWG1CLK 	EQU 	956
CWG1CLKCON 	EQU 	956
CWG1CON0 	EQU 	960
CWG1CON0_CWG1CON0_MODE0 	EQU 	0
CWG1CON0_CWG1CON0_MODE1 	EQU 	1
CWG1CON0_CWG1CON0_MODE2 	EQU 	2
CWG1CON0_CWG1MODE0 	EQU 	0
CWG1CON0_CWG1MODE1 	EQU 	1
CWG1CON0_CWG1MODE2 	EQU 	2
CWG1CON0_EN 	EQU 	7
CWG1CON0_MODE0 	EQU 	0
CWG1CON0_MODE1 	EQU 	1
CWG1CON0_MODE2 	EQU 	2
CWG1CON1 	EQU 	961
CWG1CS 	EQU 	0
CWG1DAT 	EQU 	957
CWG1DBF 	EQU 	959
CWG1DBF0 	EQU 	0
CWG1DBF1 	EQU 	1
CWG1DBF2 	EQU 	2
CWG1DBF3 	EQU 	3
CWG1DBF4 	EQU 	4
CWG1DBF5 	EQU 	5
CWG1DBR 	EQU 	958
CWG1DBR0 	EQU 	0
CWG1DBR1 	EQU 	1
CWG1DBR2 	EQU 	2
CWG1DBR3 	EQU 	3
CWG1DBR4 	EQU 	4
CWG1DBR5 	EQU 	5
CWG1EN 	EQU 	7
CWG1IE 	EQU 	0
CWG1IF 	EQU 	0
CWG1IN 	EQU 	5
CWG1INPPS 	EQU 	603
CWG1INPPS0 	EQU 	0
CWG1INPPS1 	EQU 	1
CWG1INPPS2 	EQU 	2
CWG1INPPS3 	EQU 	3
CWG1INPPS4 	EQU 	4
CWG1INPPS5 	EQU 	5
CWG1INPPS6 	EQU 	6
CWG1INPPS7 	EQU 	7
CWG1IP 	EQU 	0
CWG1ISM 	EQU 	957
CWG1LD 	EQU 	6
CWG1LSAC0 	EQU 	2
CWG1LSAC1 	EQU 	3
CWG1LSBD0 	EQU 	4
CWG1LSBD1 	EQU 	5
CWG1LSDB0 	EQU 	4
CWG1LSDB1 	EQU 	5
CWG1MD 	EQU 	5
CWG1MODE0 	EQU 	0
CWG1MODE1 	EQU 	1
CWG1MODE2 	EQU 	2
CWG1OVRA 	EQU 	4
CWG1OVRB 	EQU 	5
CWG1OVRC 	EQU 	6
CWG1OVRD 	EQU 	7
CWG1POLA 	EQU 	0
CWG1POLB 	EQU 	1
CWG1POLC 	EQU 	2
CWG1POLD 	EQU 	3
CWG1PPS 	EQU 	603
CWG1PPS_PIN0 	EQU 	0
CWG1PPS_PIN1 	EQU 	1
CWG1PPS_PIN2 	EQU 	2
CWG1PPS_PORT0 	EQU 	3
CWG1PPS_PORT1 	EQU 	4
CWG1PPS_PORT2 	EQU 	5
CWG1PPS_PORT3 	EQU 	6
CWG1PPS_PORT4 	EQU 	7
CWG1STR 	EQU 	964
CWG1STRA 	EQU 	0
CWG1STRB 	EQU 	1
CWG1STRC 	EQU 	2
CWG1STRD 	EQU 	3
CWGINPPS0 	EQU 	0
CWGINPPS1 	EQU 	1
CWGINPPS2 	EQU 	2
CWGINPPS3 	EQU 	3
CWGINPPS4 	EQU 	4
CWGINPPS5 	EQU 	5
CWGINPPS6 	EQU 	6
CWGINPPS7 	EQU 	7
D 	EQU 	3
D1S0 	EQU 	0
D1S1 	EQU 	1
D1S2 	EQU 	2
D1S3 	EQU 	3
D1S4 	EQU 	4
D1S5 	EQU 	5
D2S0 	EQU 	0
D2S1 	EQU 	1
D2S2 	EQU 	2
D2S3 	EQU 	3
D2S4 	EQU 	4
D2S5 	EQU 	5
D3S0 	EQU 	0
D3S1 	EQU 	1
D3S2 	EQU 	2
D3S3 	EQU 	3
D3S4 	EQU 	4
D3S5 	EQU 	5
D4S0 	EQU 	0
D4S1 	EQU 	1
D4S2 	EQU 	2
D4S3 	EQU 	3
D4S4 	EQU 	4
D4S5 	EQU 	5
DAC1CON 	EQU 	127
DAC1CON_EN 	EQU 	7
DAC1CON_NSS0 	EQU 	0
DAC1CON_OE0 	EQU 	4
DAC1CON_OE1 	EQU 	5
DAC1CON_PSS0_DAC1CON 	EQU 	2
DAC1CON_PSS1_DAC1CON 	EQU 	3
DAC1DAT 	EQU 	125
DAC1DATH 	EQU 	126
DAC1DATL 	EQU 	125
DAC1EN 	EQU 	7
DAC1MD 	EQU 	2
DAC1NSS0 	EQU 	0
DAC1OE0 	EQU 	4
DAC1OE1 	EQU 	5
DAC1PSS0 	EQU 	2
DAC1PSS1 	EQU 	3
DAC1R0 	EQU 	0
DAC1R1 	EQU 	1
DAC1R2 	EQU 	2
DAC1R3 	EQU 	3
DAC1R4 	EQU 	4
DAC1R5 	EQU 	5
DAC1R6 	EQU 	6
DAC1R7 	EQU 	7
DATA0 	EQU 	0
DATA1 	EQU 	1
DATA10 	EQU 	2
DATA11 	EQU 	3
DATA12 	EQU 	4
DATA13 	EQU 	5
DATA14 	EQU 	6
DATA15 	EQU 	7
DATA16 	EQU 	0
DATA17 	EQU 	1
DATA18 	EQU 	2
DATA19 	EQU 	3
DATA2 	EQU 	2
DATA20 	EQU 	4
DATA21 	EQU 	5
DATA22 	EQU 	6
DATA23 	EQU 	7
DATA24 	EQU 	0
DATA25 	EQU 	1
DATA26 	EQU 	2
DATA27 	EQU 	3
DATA28 	EQU 	4
DATA29 	EQU 	5
DATA3 	EQU 	3
DATA30 	EQU 	6
DATA31 	EQU 	7
DATA4 	EQU 	4
DATA5 	EQU 	5
DATA6 	EQU 	6
DATA7 	EQU 	7
DATA8 	EQU 	0
DATA9 	EQU 	1
DB0 	EQU 	0
DB1 	EQU 	1
DBF0 	EQU 	0
DBF1 	EQU 	1
DBF2 	EQU 	2
DBF3 	EQU 	3
DBF4 	EQU 	4
DBF5 	EQU 	5
DBG0 	EQU 	0
DBG1 	EQU 	1
DBG2 	EQU 	2
DBG3 	EQU 	3
DBG4 	EQU 	4
DBG5 	EQU 	5
DBG6 	EQU 	6
DBR0 	EQU 	0
DBR1 	EQU 	1
DBR2 	EQU 	2
DBR3 	EQU 	3
DBR4 	EQU 	4
DBR5 	EQU 	5
DC 	EQU 	1
DC0 	EQU 	3
DC1 	EQU 	4
DCNT0 	EQU 	0
DCNT1 	EQU 	1
DCNT10 	EQU 	2
DCNT11 	EQU 	3
DCNT2 	EQU 	2
DCNT3 	EQU 	3
DCNT4 	EQU 	4
DCNT5 	EQU 	5
DCNT6 	EQU 	6
DCNT7 	EQU 	7
DCNT8 	EQU 	0
DCNT9 	EQU 	1
DELAYTEMP 	EQU 	1280
DELAYTEMP2 	EQU 	1281
DELAY_MS 	EQU 	1538
DELAY_S 	EQU 	1566
DF0 	EQU 	0
DF1 	EQU 	1
DF2 	EQU 	2
DF3 	EQU 	3
DF4 	EQU 	4
DF5 	EQU 	5
DF6 	EQU 	6
DF7 	EQU 	7
DGO 	EQU 	5
DIV0 	EQU 	0
DIV1 	EQU 	1
DIV2 	EQU 	2
DIV8NOTNEG 	EQU 	7142
DLEN0 	EQU 	0
DLEN1 	EQU 	1
DLEN2 	EQU 	2
DLEN3 	EQU 	3
DLEN4 	EQU 	4
DMA1AIE 	EQU 	3
DMA1AIF 	EQU 	3
DMA1AIP 	EQU 	3
DMA1DCNTIE 	EQU 	1
DMA1DCNTIF 	EQU 	1
DMA1DCNTIP 	EQU 	1
DMA1MD 	EQU 	5
DMA1ORIE 	EQU 	2
DMA1ORIF 	EQU 	2
DMA1ORIP 	EQU 	2
DMA1PR 	EQU 	182
DMA1PR0 	EQU 	0
DMA1PR1 	EQU 	1
DMA1PR2 	EQU 	2
DMA1PR_DMA1PR0 	EQU 	0
DMA1PR_DMA1PR1 	EQU 	1
DMA1PR_DMA1PR2 	EQU 	2
DMA1PR_PR0_DMA1PR 	EQU 	0
DMA1PR_PR1_DMA1PR 	EQU 	1
DMA1PR_PR2_DMA1PR 	EQU 	2
DMA1SCNTIE 	EQU 	0
DMA1SCNTIF 	EQU 	0
DMA1SCNTIP 	EQU 	0
DMA2AIE 	EQU 	7
DMA2AIF 	EQU 	7
DMA2AIP 	EQU 	7
DMA2DCNTIE 	EQU 	5
DMA2DCNTIF 	EQU 	5
DMA2DCNTIP 	EQU 	5
DMA2MD 	EQU 	6
DMA2ORIE 	EQU 	6
DMA2ORIF 	EQU 	6
DMA2ORIP 	EQU 	6
DMA2PR 	EQU 	183
DMA2PR0 	EQU 	0
DMA2PR1 	EQU 	1
DMA2PR2 	EQU 	2
DMA2PR_DMA2PR0 	EQU 	0
DMA2PR_DMA2PR1 	EQU 	1
DMA2PR_DMA2PR2 	EQU 	2
DMA2PR_PR0_DMA2PR 	EQU 	0
DMA2PR_PR1_DMA2PR 	EQU 	1
DMA2PR_PR2_DMA2PR 	EQU 	2
DMA2SCNTIE 	EQU 	4
DMA2SCNTIF 	EQU 	4
DMA2SCNTIP 	EQU 	4
DMA3AIE 	EQU 	3
DMA3AIF 	EQU 	3
DMA3AIP 	EQU 	3
DMA3DCNTIE 	EQU 	1
DMA3DCNTIF 	EQU 	1
DMA3DCNTIP 	EQU 	1
DMA3MD 	EQU 	7
DMA3ORIE 	EQU 	2
DMA3ORIF 	EQU 	2
DMA3ORIP 	EQU 	2
DMA3PR 	EQU 	184
DMA3PR0 	EQU 	0
DMA3PR1 	EQU 	1
DMA3PR2 	EQU 	2
DMA3PR_DMA3PR0 	EQU 	0
DMA3PR_DMA3PR1 	EQU 	1
DMA3PR_DMA3PR2 	EQU 	2
DMA3PR_PR0_DMA3PR 	EQU 	0
DMA3PR_PR1_DMA3PR 	EQU 	1
DMA3PR_PR2_DMA3PR 	EQU 	2
DMA3SCNTIE 	EQU 	0
DMA3SCNTIF 	EQU 	0
DMA3SCNTIP 	EQU 	0
DMA4AIE 	EQU 	7
DMA4AIF 	EQU 	7
DMA4AIP 	EQU 	7
DMA4DCNTIE 	EQU 	5
DMA4DCNTIF 	EQU 	5
DMA4DCNTIP 	EQU 	5
DMA4MD 	EQU 	3
DMA4ORIE 	EQU 	6
DMA4ORIF 	EQU 	6
DMA4ORIP 	EQU 	6
DMA4PR 	EQU 	185
DMA4PR0 	EQU 	0
DMA4PR1 	EQU 	1
DMA4PR2 	EQU 	2
DMA4PR_DMA4PR0 	EQU 	0
DMA4PR_DMA4PR1 	EQU 	1
DMA4PR_DMA4PR2 	EQU 	2
DMA4PR_PR0_DMA4PR 	EQU 	0
DMA4PR_PR1_DMA4PR 	EQU 	1
DMA4PR_PR2_DMA4PR 	EQU 	2
DMA4SCNTIE 	EQU 	4
DMA4SCNTIF 	EQU 	4
DMA4SCNTIP 	EQU 	4
DMANAIRQ 	EQU 	253
DMANBUF 	EQU 	232
DMANCON0 	EQU 	251
DMANCON0_EN 	EQU 	7
DMANCON1 	EQU 	252
DMANDCNT 	EQU 	233
DMANDCNTH 	EQU 	234
DMANDCNTL 	EQU 	233
DMANDPTR 	EQU 	235
DMANDPTRH 	EQU 	236
DMANDPTRL 	EQU 	235
DMANDSA 	EQU 	239
DMANDSAH 	EQU 	240
DMANDSAL 	EQU 	239
DMANDSZ 	EQU 	237
DMANDSZH 	EQU 	238
DMANDSZL 	EQU 	237
DMANSCNT 	EQU 	241
DMANSCNTH 	EQU 	242
DMANSCNTL 	EQU 	241
DMANSIRQ 	EQU 	254
DMANSPTR 	EQU 	243
DMANSPTRH 	EQU 	244
DMANSPTRL 	EQU 	243
DMANSPTRU 	EQU 	245
DMANSSA 	EQU 	248
DMANSSAH 	EQU 	249
DMANSSAL 	EQU 	248
DMANSSAU 	EQU 	250
DMANSSZ 	EQU 	246
DMANSSZH 	EQU 	247
DMANSSZL 	EQU 	246
DMASELECT 	EQU 	231
DMASELECT_SLCT0 	EQU 	0
DMASELECT_SLCT1 	EQU 	1
DMODE0 	EQU 	6
DMODE1 	EQU 	7
DMS_INNER 	EQU 	1548
DMS_OUTER 	EQU 	1544
DMS_START 	EQU 	1540
DOE 	EQU 	4
DONE 	EQU 	0
DOZE0 	EQU 	0
DOZE1 	EQU 	1
DOZE2 	EQU 	2
DOZEN 	EQU 	6
DPS 	EQU 	3
DPTR0 	EQU 	0
DPTR1 	EQU 	1
DPTR10 	EQU 	2
DPTR11 	EQU 	3
DPTR12 	EQU 	4
DPTR13 	EQU 	5
DPTR14 	EQU 	6
DPTR15 	EQU 	7
DPTR2 	EQU 	2
DPTR3 	EQU 	3
DPTR4 	EQU 	4
DPTR5 	EQU 	5
DPTR6 	EQU 	6
DPTR7 	EQU 	7
DPTR8 	EQU 	0
DPTR9 	EQU 	1
DSA0 	EQU 	0
DSA1 	EQU 	1
DSA10 	EQU 	2
DSA11 	EQU 	3
DSA12 	EQU 	4
DSA13 	EQU 	5
DSA14 	EQU 	6
DSA15 	EQU 	7
DSA2 	EQU 	2
DSA3 	EQU 	3
DSA4 	EQU 	4
DSA5 	EQU 	5
DSA6 	EQU 	6
DSA7 	EQU 	7
DSA8 	EQU 	0
DSA9 	EQU 	1
DSEN 	EQU 	0
DSMMD 	EQU 	2
DSTP 	EQU 	5
DSZ0 	EQU 	0
DSZ1 	EQU 	1
DSZ10 	EQU 	2
DSZ11 	EQU 	3
DSZ2 	EQU 	2
DSZ3 	EQU 	3
DSZ4 	EQU 	4
DSZ5 	EQU 	5
DSZ6 	EQU 	6
DSZ7 	EQU 	7
DSZ8 	EQU 	0
DSZ9 	EQU 	1
DS_START 	EQU 	1566
ELSE19_1 	EQU 	1302
ELSE20_1 	EQU 	2466
EN 	EQU 	0
ENDCHIPFAMILYPWMCCP1CON16HANDLER 	EQU 	1818
ENDIF1 	EQU 	9406
ENDIF10 	EQU 	7492
ENDIF12 	EQU 	7332
ENDIF13 	EQU 	7394
ENDIF14 	EQU 	6692
ENDIF15 	EQU 	6768
ENDIF16 	EQU 	6840
ENDIF17 	EQU 	6910
ENDIF18 	EQU 	1522
ENDIF19 	EQU 	1340
ENDIF20 	EQU 	2558
ENDIF27 	EQU 	2076
ENDIF3 	EQU 	9446
ENDIF30 	EQU 	1878
ENDIF33 	EQU 	1918
ENDIF34 	EQU 	1984
ENDIF35 	EQU 	7192
ENDIF36 	EQU 	7230
ENDIF4 	EQU 	1664
ENDIF5 	EQU 	1696
ENDIF6 	EQU 	1728
ENDIF9 	EQU 	1776
END_OF_CCPPWMSETUPCLOCKSOURCE 	EQU 	1784
EOSIE 	EQU 	4
EOSIF 	EQU 	4
EPOL 	EQU 	7
ERR0 	EQU 	0
ERR1 	EQU 	1
ERR10 	EQU 	2
ERR11 	EQU 	3
ERR12 	EQU 	4
ERR13 	EQU 	5
ERR14 	EQU 	6
ERR15 	EQU 	7
ERR2 	EQU 	2
ERR3 	EQU 	3
ERR4 	EQU 	4
ERR5 	EQU 	5
ERR6 	EQU 	6
ERR7 	EQU 	7
ERR8 	EQU 	0
ERR9 	EQU 	1
ERS0 	EQU 	0
ERS1 	EQU 	1
ERS2 	EQU 	2
ERS3 	EQU 	3
ERS4 	EQU 	4
ERS5 	EQU 	5
ERS6 	EQU 	6
ERS7 	EQU 	7
ERSNOW 	EQU 	0
ERSPOL 	EQU 	1
EXTOEN 	EQU 	7
EXTOR 	EQU 	7
F 	EQU 	1
FERIE 	EQU 	3
FERIF 	EQU 	3
FLO0 	EQU 	0
FLO1 	EQU 	1
FLTR0 	EQU 	0
FLTR1 	EQU 	1
FLTR10 	EQU 	2
FLTR11 	EQU 	3
FLTR12 	EQU 	4
FLTR13 	EQU 	5
FLTR14 	EQU 	6
FLTR15 	EQU 	7
FLTR2 	EQU 	2
FLTR3 	EQU 	3
FLTR4 	EQU 	4
FLTR5 	EQU 	5
FLTR6 	EQU 	6
FLTR7 	EQU 	7
FLTR8 	EQU 	0
FLTR9 	EQU 	1
FM0 	EQU 	2
FM1 	EQU 	3
FME0 	EQU 	2
FME1 	EQU 	3
FMT 	EQU 	4
FN_BYTETOBIN 	EQU 	1234
FN_CHR 	EQU 	1506
FN_PAD 	EQU 	2274
FN_STR 	EQU 	6614
FN__HEXPICAS 	EQU 	9382
FRQ0 	EQU 	0
FRQ1 	EQU 	1
FRQ2 	EQU 	2
FRQ3 	EQU 	3
FSCMCON 	EQU 	1112
FSCMFEV 	EQU 	0
FSCMFFI 	EQU 	1
FSCMPEV 	EQU 	2
FSCMPFI 	EQU 	3
FSCMSEV 	EQU 	4
FSCMSFI 	EQU 	5
FSR00 	EQU 	0
FSR01 	EQU 	1
FSR010 	EQU 	16
FSR011 	EQU 	17
FSR02 	EQU 	2
FSR03 	EQU 	3
FSR04 	EQU 	4
FSR05 	EQU 	5
FSR06 	EQU 	6
FSR07 	EQU 	7
FSR08 	EQU 	8
FSR09 	EQU 	9
FSR0H 	EQU 	1258
FSR0H0 	EQU 	0
FSR0H1 	EQU 	1
FSR0H2 	EQU 	2
FSR0H3 	EQU 	3
FSR0H4 	EQU 	4
FSR0H5 	EQU 	5
FSR0H_SHAD 	EQU 	893
FSR0L 	EQU 	1257
FSR0L_SHAD 	EQU 	892
FSR0SH 	EQU 	892
FSR0SH0 	EQU 	0
FSR0SH1 	EQU 	1
FSR0SH10 	EQU 	16
FSR0SH11 	EQU 	17
FSR0SH12 	EQU 	18
FSR0SH13 	EQU 	19
FSR0SH2 	EQU 	2
FSR0SH3 	EQU 	3
FSR0SH4 	EQU 	4
FSR0SH5 	EQU 	5
FSR0SH6 	EQU 	6
FSR0SH7 	EQU 	7
FSR0SH8 	EQU 	8
FSR0SH9 	EQU 	9
FSR10 	EQU 	0
FSR11 	EQU 	1
FSR110 	EQU 	16
FSR111 	EQU 	17
FSR12 	EQU 	2
FSR13 	EQU 	3
FSR14 	EQU 	4
FSR15 	EQU 	5
FSR16 	EQU 	6
FSR17 	EQU 	7
FSR18 	EQU 	8
FSR19 	EQU 	9
FSR1H 	EQU 	1250
FSR1H0 	EQU 	0
FSR1H1 	EQU 	1
FSR1H2 	EQU 	2
FSR1H3 	EQU 	3
FSR1H4 	EQU 	4
FSR1H5 	EQU 	5
FSR1H_SHAD 	EQU 	895
FSR1L 	EQU 	1249
FSR1L_SHAD 	EQU 	894
FSR1SH 	EQU 	894
FSR1SH0 	EQU 	0
FSR1SH1 	EQU 	1
FSR1SH10 	EQU 	16
FSR1SH11 	EQU 	17
FSR1SH12 	EQU 	18
FSR1SH13 	EQU 	19
FSR1SH2 	EQU 	2
FSR1SH3 	EQU 	3
FSR1SH4 	EQU 	4
FSR1SH5 	EQU 	5
FSR1SH6 	EQU 	6
FSR1SH7 	EQU 	7
FSR1SH8 	EQU 	8
FSR1SH9 	EQU 	9
FSR20 	EQU 	0
FSR21 	EQU 	1
FSR210 	EQU 	16
FSR211 	EQU 	17
FSR22 	EQU 	2
FSR23 	EQU 	3
FSR24 	EQU 	4
FSR25 	EQU 	5
FSR26 	EQU 	6
FSR27 	EQU 	7
FSR28 	EQU 	8
FSR29 	EQU 	9
FSR2H 	EQU 	1242
FSR2H0 	EQU 	0
FSR2H1 	EQU 	1
FSR2H2 	EQU 	2
FSR2H3 	EQU 	3
FSR2H4 	EQU 	4
FSR2H5 	EQU 	5
FSR2H_SHAD 	EQU 	897
FSR2L 	EQU 	1241
FSR2L_SHAD 	EQU 	896
FSR2SH 	EQU 	896
FSR2SH0 	EQU 	0
FSR2SH1 	EQU 	1
FSR2SH10 	EQU 	16
FSR2SH11 	EQU 	17
FSR2SH12 	EQU 	18
FSR2SH13 	EQU 	19
FSR2SH2 	EQU 	2
FSR2SH3 	EQU 	3
FSR2SH4 	EQU 	4
FSR2SH5 	EQU 	5
FSR2SH6 	EQU 	6
FSR2SH7 	EQU 	7
FSR2SH8 	EQU 	8
FSR2SH9 	EQU 	9
FST 	EQU 	4
FULL 	EQU 	0
FVRCON 	EQU 	983
FVRCON_ADFVR0 	EQU 	0
FVRCON_ADFVR1 	EQU 	1
FVRCON_CDAFVR0 	EQU 	2
FVRCON_CDAFVR1 	EQU 	3
FVRCON_EN 	EQU 	7
FVREN 	EQU 	7
FVRMD 	EQU 	6
FVRRDY 	EQU 	6
G1D1N 	EQU 	0
G1D1T 	EQU 	1
G1D2N 	EQU 	2
G1D2T 	EQU 	3
G1D3N 	EQU 	4
G1D3T 	EQU 	5
G1D4N 	EQU 	6
G1D4T 	EQU 	7
G1EN 	EQU 	7
G1POL 	EQU 	0
G2D1N 	EQU 	0
G2D1T 	EQU 	1
G2D2N 	EQU 	2
G2D2T 	EQU 	3
G2D3N 	EQU 	4
G2D3T 	EQU 	5
G2D4N 	EQU 	6
G2D4T 	EQU 	7
G2POL 	EQU 	1
G3D1N 	EQU 	0
G3D1T 	EQU 	1
G3D2N 	EQU 	2
G3D2T 	EQU 	3
G3D3N 	EQU 	4
G3D3T 	EQU 	5
G3D4N 	EQU 	6
G3D4T 	EQU 	7
G3POL 	EQU 	2
G4D1N 	EQU 	0
G4D1T 	EQU 	1
G4D2N 	EQU 	2
G4D2T 	EQU 	3
G4D3N 	EQU 	4
G4D3T 	EQU 	5
G4D4N 	EQU 	6
G4D4T 	EQU 	7
G4POL 	EQU 	3
GCEN 	EQU 	6
GE 	EQU 	7
GGO 	EQU 	3
GGO_NDONE 	EQU 	3
GGO_NOT_DONE 	EQU 	3
GIE 	EQU 	7
GIEH 	EQU 	7
GIEL 	EQU 	6
GO_ADCON0 	EQU 	0
GO_CRCCON0 	EQU 	6
GO_DONE 	EQU 	0
GO_NDONE 	EQU 	0
GO_NOT_DONE 	EQU 	0
GO_NVMCON0 	EQU 	0
GPOL_ADCON1 	EQU 	5
GPOL_T1GCON 	EQU 	6
GPOL_T3GCON 	EQU 	6
GSPM 	EQU 	4
GSS0 	EQU 	0
GSS1 	EQU 	1
GSS2 	EQU 	2
GSS3 	EQU 	3
GSS4 	EQU 	4
GTM 	EQU 	5
GVAL 	EQU 	2
HADR0 	EQU 	0
HADR1 	EQU 	1
HADR10 	EQU 	2
HADR11 	EQU 	3
HADR12 	EQU 	4
HADR13 	EQU 	5
HADR14 	EQU 	6
HADR15 	EQU 	7
HADR16 	EQU 	0
HADR17 	EQU 	1
HADR18 	EQU 	2
HADR19 	EQU 	3
HADR2 	EQU 	2
HADR20 	EQU 	4
HADR21 	EQU 	5
HADR3 	EQU 	3
HADR4 	EQU 	4
HADR5 	EQU 	5
HADR6 	EQU 	6
HADR7 	EQU 	7
HADR8 	EQU 	0
HADR9 	EQU 	1
HFOEN 	EQU 	6
HFOR 	EQU 	6
HLVDCON0 	EQU 	74
HLVDCON0_EN 	EQU 	7
HLVDCON1 	EQU 	75
HLVDCON1_SEL0 	EQU 	0
HLVDCON1_SEL1 	EQU 	1
HLVDCON1_SEL2 	EQU 	2
HLVDCON1_SEL3 	EQU 	3
HLVDEN 	EQU 	7
HLVDIE 	EQU 	1
HLVDIF 	EQU 	1
HLVDINTH 	EQU 	1
HLVDINTL 	EQU 	0
HLVDIP 	EQU 	1
HLVDMD 	EQU 	5
HLVDOUT 	EQU 	5
HLVDRDY 	EQU 	4
HLVDSEL0 	EQU 	0
HLVDSEL1 	EQU 	1
HLVDSEL2 	EQU 	2
HLVDSEL3 	EQU 	3
HPWM30 	EQU 	1582
HSERPRINT359 	EQU 	1822
HSERPRINT361 	EQU 	1880
HSERPRINTCRLF 	EQU 	1992
HSERPRINTCRLFCOUNT 	EQU 	1296
HSERPRINTSTRINGCRLF 	EQU 	2020
HSERSEND346 	EQU 	2088
HSERSEND347 	EQU 	2098
HSERSENDUSART1HANDLER 	EQU 	2098
HYS0 	EQU 	1
HYS1 	EQU 	2
I2C1ADB0 	EQU 	652
I2C1ADB1 	EQU 	653
I2C1ADR0 	EQU 	654
I2C1ADR1 	EQU 	655
I2C1ADR2 	EQU 	656
I2C1ADR3 	EQU 	657
I2C1ADR3_ADR0 	EQU 	1
I2C1ADR3_ADR1 	EQU 	2
I2C1ADR3_ADR2 	EQU 	3
I2C1ADR3_ADR3 	EQU 	4
I2C1ADR3_ADR4 	EQU 	5
I2C1ADR3_ADR5 	EQU 	6
I2C1ADR3_ADR6 	EQU 	7
I2C1BAUD 	EQU 	668
I2C1BTO 	EQU 	667
I2C1BTOC 	EQU 	670
I2C1BTO_TOTIME0 	EQU 	0
I2C1BTO_TOTIME1 	EQU 	1
I2C1BTO_TOTIME2 	EQU 	2
I2C1BTO_TOTIME3 	EQU 	3
I2C1BTO_TOTIME4 	EQU 	4
I2C1BTO_TOTIME5 	EQU 	5
I2C1CLK 	EQU 	669
I2C1CLK_CLK0 	EQU 	0
I2C1CLK_CLK1 	EQU 	1
I2C1CLK_CLK2 	EQU 	2
I2C1CLK_CLK3 	EQU 	3
I2C1CLK_CLK4 	EQU 	4
I2C1CNT 	EQU 	650
I2C1CNT0 	EQU 	0
I2C1CNT1 	EQU 	1
I2C1CNT10 	EQU 	2
I2C1CNT11 	EQU 	3
I2C1CNT12 	EQU 	4
I2C1CNT13 	EQU 	5
I2C1CNT14 	EQU 	6
I2C1CNT15 	EQU 	7
I2C1CNT2 	EQU 	2
I2C1CNT3 	EQU 	3
I2C1CNT4 	EQU 	4
I2C1CNT5 	EQU 	5
I2C1CNT6 	EQU 	6
I2C1CNT7 	EQU 	7
I2C1CNT8 	EQU 	0
I2C1CNT9 	EQU 	1
I2C1CNTH 	EQU 	651
I2C1CNTL 	EQU 	650
I2C1CON0 	EQU 	658
I2C1CON0_EN 	EQU 	7
I2C1CON0_I2C1CON0_MODE0 	EQU 	0
I2C1CON0_I2C1CON0_MODE1 	EQU 	1
I2C1CON0_I2C1CON0_MODE2 	EQU 	2
I2C1CON0_MODE0 	EQU 	0
I2C1CON0_MODE1 	EQU 	1
I2C1CON0_MODE2 	EQU 	2
I2C1CON1 	EQU 	659
I2C1CON2 	EQU 	660
I2C1CON2_BFRET0 	EQU 	0
I2C1CON2_BFRET1 	EQU 	1
I2C1CON2_SDAHT0 	EQU 	2
I2C1CON2_SDAHT1 	EQU 	3
I2C1CON3 	EQU 	661
I2C1CON3_ACNTMD0 	EQU 	0
I2C1CON3_ACNTMD1 	EQU 	1
I2C1CON3_FME0 	EQU 	2
I2C1CON3_FME1 	EQU 	3
I2C1EIE 	EQU 	3
I2C1EIF 	EQU 	3
I2C1EIP 	EQU 	3
I2C1ERR 	EQU 	662
I2C1IE 	EQU 	2
I2C1IF 	EQU 	2
I2C1IP 	EQU 	2
I2C1MD 	EQU 	3
I2C1PIE 	EQU 	666
I2C1PIR 	EQU 	665
I2C1RXB 	EQU 	648
I2C1RXIE 	EQU 	0
I2C1RXIF 	EQU 	0
I2C1RXIP 	EQU 	0
I2C1SCLPPS 	EQU 	625
I2C1SCLPPS0 	EQU 	0
I2C1SCLPPS1 	EQU 	1
I2C1SCLPPS2 	EQU 	2
I2C1SCLPPS3 	EQU 	3
I2C1SCLPPS4 	EQU 	4
I2C1SCLPPS5 	EQU 	5
I2C1SCLPPS6 	EQU 	6
I2C1SCLPPS7 	EQU 	7
I2C1SCLPPS_PIN0 	EQU 	0
I2C1SCLPPS_PIN1 	EQU 	1
I2C1SCLPPS_PIN2 	EQU 	2
I2C1SCLPPS_PORT0 	EQU 	3
I2C1SCLPPS_PORT1 	EQU 	4
I2C1SCLPPS_PORT2 	EQU 	5
I2C1SCLPPS_PORT3 	EQU 	6
I2C1SCLPPS_PORT4 	EQU 	7
I2C1SDAPPS 	EQU 	624
I2C1SDAPPS0 	EQU 	0
I2C1SDAPPS1 	EQU 	1
I2C1SDAPPS2 	EQU 	2
I2C1SDAPPS3 	EQU 	3
I2C1SDAPPS4 	EQU 	4
I2C1SDAPPS5 	EQU 	5
I2C1SDAPPS6 	EQU 	6
I2C1SDAPPS7 	EQU 	7
I2C1SDAPPS_PIN0 	EQU 	0
I2C1SDAPPS_PIN1 	EQU 	1
I2C1SDAPPS_PIN2 	EQU 	2
I2C1SDAPPS_PORT0 	EQU 	3
I2C1SDAPPS_PORT1 	EQU 	4
I2C1SDAPPS_PORT2 	EQU 	5
I2C1SDAPPS_PORT3 	EQU 	6
I2C1SDAPPS_PORT4 	EQU 	7
I2C1STAT0 	EQU 	663
I2C1STAT1 	EQU 	664
I2C1STAT1_CLRBF 	EQU 	2
I2C1STAT1_RXBF 	EQU 	0
I2C1STAT1_RXRE 	EQU 	3
I2C1STAT1_TXBE 	EQU 	5
I2C1STAT1_TXWE 	EQU 	7
I2C1TXB 	EQU 	649
I2C1TXIE 	EQU 	1
I2C1TXIF 	EQU 	1
I2C1TXIP 	EQU 	1
I2C2ADB0 	EQU 	675
I2C2ADB1 	EQU 	676
I2C2ADR0 	EQU 	677
I2C2ADR1 	EQU 	678
I2C2ADR1_ADR0 	EQU 	1
I2C2ADR1_ADR1 	EQU 	2
I2C2ADR1_ADR2 	EQU 	3
I2C2ADR1_ADR3 	EQU 	4
I2C2ADR1_ADR4 	EQU 	5
I2C2ADR1_ADR5 	EQU 	6
I2C2ADR1_ADR6 	EQU 	7
I2C2ADR2 	EQU 	679
I2C2ADR3 	EQU 	680
I2C2ADR3_ADR0 	EQU 	1
I2C2ADR3_ADR1 	EQU 	2
I2C2ADR3_ADR2 	EQU 	3
I2C2ADR3_ADR3 	EQU 	4
I2C2ADR3_ADR4 	EQU 	5
I2C2ADR3_ADR5 	EQU 	6
I2C2ADR3_ADR6 	EQU 	7
I2C2BAUD 	EQU 	691
I2C2BTO 	EQU 	690
I2C2BTOC 	EQU 	693
I2C2BTOC_BTOC0 	EQU 	0
I2C2BTOC_BTOC1 	EQU 	1
I2C2BTOC_BTOC2 	EQU 	2
I2C2BTOC_BTOC3 	EQU 	3
I2C2BTOC_I2CBTOC0 	EQU 	0
I2C2BTOC_I2CBTOC1 	EQU 	1
I2C2BTOC_I2CBTOC2 	EQU 	2
I2C2BTOC_I2CBTOC3 	EQU 	3
I2C2BTO_I2C2BTO_TOTIME0 	EQU 	0
I2C2BTO_I2C2BTO_TOTIME1 	EQU 	1
I2C2BTO_I2C2BTO_TOTIME2 	EQU 	2
I2C2BTO_I2C2BTO_TOTIME3 	EQU 	3
I2C2BTO_I2C2BTO_TOTIME4 	EQU 	4
I2C2BTO_I2C2BTO_TOTIME5 	EQU 	5
I2C2BTO_TOBY32 	EQU 	6
I2C2BTO_TOREC 	EQU 	7
I2C2BTO_TOTIME0 	EQU 	0
I2C2BTO_TOTIME1 	EQU 	1
I2C2BTO_TOTIME2 	EQU 	2
I2C2BTO_TOTIME3 	EQU 	3
I2C2BTO_TOTIME4 	EQU 	4
I2C2BTO_TOTIME5 	EQU 	5
I2C2CLK 	EQU 	692
I2C2CLK_CLK0 	EQU 	0
I2C2CLK_CLK1 	EQU 	1
I2C2CLK_CLK2 	EQU 	2
I2C2CLK_CLK3 	EQU 	3
I2C2CLK_CLK4 	EQU 	4
I2C2CLK_I2CCLK0 	EQU 	0
I2C2CLK_I2CCLK1 	EQU 	1
I2C2CLK_I2CCLK2 	EQU 	2
I2C2CLK_I2CCLK3 	EQU 	3
I2C2CLK_I2CCLK4 	EQU 	4
I2C2CNT 	EQU 	673
I2C2CNT0 	EQU 	0
I2C2CNT1 	EQU 	1
I2C2CNT10 	EQU 	2
I2C2CNT11 	EQU 	3
I2C2CNT12 	EQU 	4
I2C2CNT13 	EQU 	5
I2C2CNT14 	EQU 	6
I2C2CNT15 	EQU 	7
I2C2CNT2 	EQU 	2
I2C2CNT3 	EQU 	3
I2C2CNT4 	EQU 	4
I2C2CNT5 	EQU 	5
I2C2CNT6 	EQU 	6
I2C2CNT7 	EQU 	7
I2C2CNT8 	EQU 	0
I2C2CNT9 	EQU 	1
I2C2CNTH 	EQU 	674
I2C2CNTH_CNT10 	EQU 	2
I2C2CNTH_CNT11 	EQU 	3
I2C2CNTH_CNT12 	EQU 	4
I2C2CNTH_CNT13 	EQU 	5
I2C2CNTH_CNT14 	EQU 	6
I2C2CNTH_CNT15 	EQU 	7
I2C2CNTH_CNT8 	EQU 	0
I2C2CNTH_CNT9 	EQU 	1
I2C2CNTL 	EQU 	673
I2C2CNT_CNT0 	EQU 	0
I2C2CNT_CNT1 	EQU 	1
I2C2CNT_CNT2 	EQU 	2
I2C2CNT_CNT3 	EQU 	3
I2C2CNT_CNT4 	EQU 	4
I2C2CNT_CNT5 	EQU 	5
I2C2CNT_CNT6 	EQU 	6
I2C2CNT_CNT7 	EQU 	7
I2C2CON0 	EQU 	681
I2C2CON0_CSTR 	EQU 	4
I2C2CON0_EN 	EQU 	7
I2C2CON0_I2C2CON0_MODE0 	EQU 	0
I2C2CON0_I2C2CON0_MODE1 	EQU 	1
I2C2CON0_I2C2CON0_MODE2 	EQU 	2
I2C2CON0_I2CEN 	EQU 	7
I2C2CON0_MDR 	EQU 	3
I2C2CON0_MODE0 	EQU 	0
I2C2CON0_MODE1 	EQU 	1
I2C2CON0_MODE2 	EQU 	2
I2C2CON0_RSEN 	EQU 	6
I2C2CON0_S 	EQU 	5
I2C2CON1 	EQU 	682
I2C2CON1_ACKCNT 	EQU 	7
I2C2CON1_ACKDT 	EQU 	6
I2C2CON1_ACKSTAT 	EQU 	5
I2C2CON1_ACKT 	EQU 	4
I2C2CON1_CSD 	EQU 	0
I2C2CON1_P 	EQU 	3
I2C2CON1_RXO 	EQU 	2
I2C2CON1_TXU 	EQU 	1
I2C2CON2 	EQU 	683
I2C2CON2_ABD 	EQU 	4
I2C2CON2_ACNT 	EQU 	7
I2C2CON2_BFRET0 	EQU 	0
I2C2CON2_BFRET1 	EQU 	1
I2C2CON2_GCEN 	EQU 	6
I2C2CON2_I2C2CON2_BFRET0 	EQU 	0
I2C2CON2_I2C2CON2_BFRET1 	EQU 	1
I2C2CON2_I2C2CON2_SDAHT0 	EQU 	2
I2C2CON2_I2C2CON2_SDAHT1 	EQU 	3
I2C2CON2_SDAHT0 	EQU 	2
I2C2CON2_SDAHT1 	EQU 	3
I2C2CON3 	EQU 	684
I2C2CON3_ACNTMD0 	EQU 	0
I2C2CON3_ACNTMD1 	EQU 	1
I2C2CON3_FME0 	EQU 	2
I2C2CON3_FME1 	EQU 	3
I2C2CON3_I2C2CON3_ACNTMD0 	EQU 	0
I2C2CON3_I2C2CON3_ACNTMD1 	EQU 	1
I2C2CON3_I2C2CON3_FME0 	EQU 	2
I2C2CON3_I2C2CON3_FME1 	EQU 	3
I2C2ERR 	EQU 	685
I2C2ERR_BCLIE 	EQU 	1
I2C2ERR_BCLIF 	EQU 	5
I2C2ERR_BTOIE 	EQU 	2
I2C2ERR_BTOIF 	EQU 	6
I2C2ERR_NACKIE 	EQU 	0
I2C2ERR_NACKIF 	EQU 	4
I2C2PIE 	EQU 	689
I2C2PIE_ACKTIE 	EQU 	6
I2C2PIE_ADRIE 	EQU 	3
I2C2PIE_CNTIE 	EQU 	7
I2C2PIE_PCIE 	EQU 	2
I2C2PIE_RSCIE 	EQU 	1
I2C2PIE_SCIE 	EQU 	0
I2C2PIE_WRIE 	EQU 	4
I2C2PIR 	EQU 	688
I2C2PIR_ACKTIF 	EQU 	6
I2C2PIR_ADRIF 	EQU 	3
I2C2PIR_CNTIF 	EQU 	7
I2C2PIR_PCIF 	EQU 	2
I2C2PIR_RSCIF 	EQU 	1
I2C2PIR_SCIF 	EQU 	0
I2C2PIR_WRIF 	EQU 	4
I2C2RXB 	EQU 	671
I2C2STAT0 	EQU 	686
I2C2STAT0_BFRE 	EQU 	7
I2C2STAT0_D 	EQU 	3
I2C2STAT0_MMA 	EQU 	5
I2C2STAT0_NOT_A 	EQU 	3
I2C2STAT0_NOT_ADDRESS 	EQU 	3
I2C2STAT0_NOT_W 	EQU 	4
I2C2STAT0_NOT_WRITE 	EQU 	4
I2C2STAT0_R 	EQU 	4
I2C2STAT0_READ 	EQU 	4
I2C2STAT0_SMA 	EQU 	6
I2C2STAT1 	EQU 	687
I2C2STAT1_CLRBF 	EQU 	2
I2C2STAT1_RXBF 	EQU 	0
I2C2STAT1_RXRE 	EQU 	3
I2C2STAT1_TXBE 	EQU 	5
I2C2STAT1_TXWE 	EQU 	7
I2C2TXB 	EQU 	672
I2CBTOC0 	EQU 	0
I2CBTOC1 	EQU 	1
I2CBTOC2 	EQU 	2
I2CBTOC3 	EQU 	3
I2CCLK0 	EQU 	0
I2CCLK1 	EQU 	1
I2CCLK2 	EQU 	2
I2CCLK3 	EQU 	3
I2CCLK4 	EQU 	4
I2CEN 	EQU 	7
I2CPU0 	EQU 	4
I2CPU1 	EQU 	5
I2CSLEW0 	EQU 	6
I2CSLEW1 	EQU 	7
I2CTH0 	EQU 	0
I2CTH1 	EQU 	1
ICSPEN 	EQU 	57
ICSPLOCK 	EQU 	56
IDLEN 	EQU 	7
IN 	EQU 	5
IN0 	EQU 	0
IN1 	EQU 	1
IN2 	EQU 	2
IN3 	EQU 	3
INC0 	EQU 	0
INC1 	EQU 	1
INC10 	EQU 	2
INC11 	EQU 	3
INC12 	EQU 	4
INC13 	EQU 	5
INC14 	EQU 	6
INC15 	EQU 	7
INC16 	EQU 	0
INC17 	EQU 	1
INC18 	EQU 	2
INC19 	EQU 	3
INC2 	EQU 	2
INC3 	EQU 	3
INC4 	EQU 	4
INC5 	EQU 	5
INC6 	EQU 	6
INC7 	EQU 	7
INC8 	EQU 	0
INC9 	EQU 	1
INDF0 	EQU 	1263
INDF1 	EQU 	1255
INDF2 	EQU 	1247
INITPPS 	EQU 	2108
INITPWM 	EQU 	2142
INITSYS 	EQU 	2188
INITUSART 	EQU 	2248
INLVLA 	EQU 	1028
INLVLA0 	EQU 	0
INLVLA1 	EQU 	1
INLVLA2 	EQU 	2
INLVLA3 	EQU 	3
INLVLA4 	EQU 	4
INLVLA5 	EQU 	5
INLVLA6 	EQU 	6
INLVLA7 	EQU 	7
INLVLB 	EQU 	1036
INLVLB0 	EQU 	0
INLVLB1 	EQU 	1
INLVLB2 	EQU 	2
INLVLB3 	EQU 	3
INLVLB4 	EQU 	4
INLVLB5 	EQU 	5
INLVLB6 	EQU 	6
INLVLB7 	EQU 	7
INLVLC 	EQU 	1044
INLVLC0 	EQU 	0
INLVLC1 	EQU 	1
INLVLC2 	EQU 	2
INLVLC3 	EQU 	3
INLVLC4 	EQU 	4
INLVLC5 	EQU 	5
INLVLC6 	EQU 	6
INLVLD 	EQU 	1052
INLVLD0 	EQU 	0
INLVLD1 	EQU 	1
INLVLD2 	EQU 	2
INLVLD3 	EQU 	3
INLVLD4 	EQU 	4
INLVLD5 	EQU 	5
INLVLD6 	EQU 	6
INLVLD7 	EQU 	7
INLVLE 	EQU 	1060
INLVLE0 	EQU 	0
INLVLE1 	EQU 	1
INLVLE2 	EQU 	2
INLVLE3 	EQU 	3
INT0EDG 	EQU 	0
INT0IE 	EQU 	0
INT0IF 	EQU 	0
INT0IP 	EQU 	0
INT0PPS 	EQU 	574
INT0PPS0 	EQU 	0
INT0PPS1 	EQU 	1
INT0PPS2 	EQU 	2
INT0PPS3 	EQU 	3
INT0PPS4 	EQU 	4
INT0PPS5 	EQU 	5
INT0PPS6 	EQU 	6
INT0PPS7 	EQU 	7
INT0PPS_PIN0 	EQU 	0
INT0PPS_PIN1 	EQU 	1
INT0PPS_PIN2 	EQU 	2
INT0PPS_PORT0 	EQU 	3
INT0PPS_PORT1 	EQU 	4
INT0PPS_PORT2 	EQU 	5
INT0PPS_PORT3 	EQU 	6
INT0PPS_PORT4 	EQU 	7
INT1EDG 	EQU 	1
INT1IE 	EQU 	0
INT1IF 	EQU 	0
INT1IP 	EQU 	0
INT1PPS 	EQU 	575
INT1PPS0 	EQU 	0
INT1PPS1 	EQU 	1
INT1PPS2 	EQU 	2
INT1PPS3 	EQU 	3
INT1PPS4 	EQU 	4
INT1PPS5 	EQU 	5
INT1PPS6 	EQU 	6
INT1PPS7 	EQU 	7
INT1PPS_PIN0 	EQU 	0
INT1PPS_PIN1 	EQU 	1
INT1PPS_PIN2 	EQU 	2
INT1PPS_PORT0 	EQU 	3
INT1PPS_PORT1 	EQU 	4
INT1PPS_PORT2 	EQU 	5
INT1PPS_PORT3 	EQU 	6
INT1PPS_PORT4 	EQU 	7
INT2EDG 	EQU 	2
INT2IE 	EQU 	1
INT2IF 	EQU 	1
INT2IP 	EQU 	1
INT2PPS 	EQU 	576
INT2PPS0 	EQU 	0
INT2PPS1 	EQU 	1
INT2PPS2 	EQU 	2
INT2PPS3 	EQU 	3
INT2PPS4 	EQU 	4
INT2PPS5 	EQU 	5
INT2PPS6 	EQU 	6
INT2PPS7 	EQU 	7
INT2PPS_PIN0 	EQU 	0
INT2PPS_PIN1 	EQU 	1
INT2PPS_PIN2 	EQU 	2
INT2PPS_PORT0 	EQU 	3
INT2PPS_PORT1 	EQU 	4
INT2PPS_PORT2 	EQU 	5
INT2PPS_PORT3 	EQU 	6
INT2PPS_PORT4 	EQU 	7
INTCON0 	EQU 	1238
INTCON1 	EQU 	1239
INTCON1_STAT0_INTCON1 	EQU 	6
INTCON1_STAT1_INTCON1 	EQU 	7
INTH 	EQU 	1
INTL 	EQU 	0
INTN_CLCNCON 	EQU 	3
INTN_CM1CON1 	EQU 	0
INTN_CM2CON1 	EQU 	0
INTN_ZCD1CON 	EQU 	0
INTP_CLCNCON 	EQU 	4
INTP_CM1CON1 	EQU 	1
INTP_CM2CON1 	EQU 	1
INTP_ZCD1CON 	EQU 	1
IOCAF 	EQU 	1031
IOCAF0 	EQU 	0
IOCAF1 	EQU 	1
IOCAF2 	EQU 	2
IOCAF3 	EQU 	3
IOCAF4 	EQU 	4
IOCAF5 	EQU 	5
IOCAF6 	EQU 	6
IOCAF7 	EQU 	7
IOCAN 	EQU 	1030
IOCAN0 	EQU 	0
IOCAN1 	EQU 	1
IOCAN2 	EQU 	2
IOCAN3 	EQU 	3
IOCAN4 	EQU 	4
IOCAN5 	EQU 	5
IOCAN6 	EQU 	6
IOCAN7 	EQU 	7
IOCAP 	EQU 	1029
IOCAP0 	EQU 	0
IOCAP1 	EQU 	1
IOCAP2 	EQU 	2
IOCAP3 	EQU 	3
IOCAP4 	EQU 	4
IOCAP5 	EQU 	5
IOCAP6 	EQU 	6
IOCAP7 	EQU 	7
IOCBF 	EQU 	1039
IOCBF0 	EQU 	0
IOCBF1 	EQU 	1
IOCBF2 	EQU 	2
IOCBF3 	EQU 	3
IOCBF4 	EQU 	4
IOCBF5 	EQU 	5
IOCBF6 	EQU 	6
IOCBF7 	EQU 	7
IOCBN 	EQU 	1038
IOCBN0 	EQU 	0
IOCBN1 	EQU 	1
IOCBN2 	EQU 	2
IOCBN3 	EQU 	3
IOCBN4 	EQU 	4
IOCBN5 	EQU 	5
IOCBN6 	EQU 	6
IOCBN7 	EQU 	7
IOCBP 	EQU 	1037
IOCBP0 	EQU 	0
IOCBP1 	EQU 	1
IOCBP2 	EQU 	2
IOCBP3 	EQU 	3
IOCBP4 	EQU 	4
IOCBP5 	EQU 	5
IOCBP6 	EQU 	6
IOCBP7 	EQU 	7
IOCCF 	EQU 	1047
IOCCF0 	EQU 	0
IOCCF1 	EQU 	1
IOCCF2 	EQU 	2
IOCCF3 	EQU 	3
IOCCF4 	EQU 	4
IOCCF5 	EQU 	5
IOCCF6 	EQU 	6
IOCCN 	EQU 	1046
IOCCN0 	EQU 	0
IOCCN1 	EQU 	1
IOCCN2 	EQU 	2
IOCCN3 	EQU 	3
IOCCN4 	EQU 	4
IOCCN5 	EQU 	5
IOCCN6 	EQU 	6
IOCCP 	EQU 	1045
IOCCP0 	EQU 	0
IOCCP1 	EQU 	1
IOCCP2 	EQU 	2
IOCCP3 	EQU 	3
IOCCP4 	EQU 	4
IOCCP5 	EQU 	5
IOCCP6 	EQU 	6
IOCDF 	EQU 	1055
IOCDF0 	EQU 	0
IOCDF1 	EQU 	1
IOCDF2 	EQU 	2
IOCDF3 	EQU 	3
IOCDF4 	EQU 	4
IOCDF5 	EQU 	5
IOCDF6 	EQU 	6
IOCDF7 	EQU 	7
IOCDN 	EQU 	1054
IOCDN0 	EQU 	0
IOCDN1 	EQU 	1
IOCDN2 	EQU 	2
IOCDN3 	EQU 	3
IOCDN4 	EQU 	4
IOCDN5 	EQU 	5
IOCDN6 	EQU 	6
IOCDN7 	EQU 	7
IOCDP 	EQU 	1053
IOCDP0 	EQU 	0
IOCDP1 	EQU 	1
IOCDP2 	EQU 	2
IOCDP3 	EQU 	3
IOCDP4 	EQU 	4
IOCDP5 	EQU 	5
IOCDP6 	EQU 	6
IOCDP7 	EQU 	7
IOCEF 	EQU 	1063
IOCEF3 	EQU 	3
IOCEN 	EQU 	1062
IOCEN3 	EQU 	3
IOCEP 	EQU 	1061
IOCEP3 	EQU 	3
IOCIE 	EQU 	7
IOCIF 	EQU 	7
IOCIP 	EQU 	7
IOCMD 	EQU 	0
IOCSRIE 	EQU 	0
IOCSRIF 	EQU 	0
IOCSRIP 	EQU 	0
IOCWF 	EQU 	1087
IOCWF0 	EQU 	0
IOCWF1 	EQU 	1
IOCWF2 	EQU 	2
IOCWF3 	EQU 	3
IOCWF4 	EQU 	4
IOCWF5 	EQU 	5
IOCWF6 	EQU 	6
IOCWF7 	EQU 	7
IOCWN 	EQU 	1086
IOCWN0 	EQU 	0
IOCWN1 	EQU 	1
IOCWN2 	EQU 	2
IOCWN3 	EQU 	3
IOCWN4 	EQU 	4
IOCWN5 	EQU 	5
IOCWN6 	EQU 	6
IOCWN7 	EQU 	7
IOCWP 	EQU 	1085
IOCWP0 	EQU 	0
IOCWP1 	EQU 	1
IOCWP2 	EQU 	2
IOCWP3 	EQU 	3
IOCWP4 	EQU 	4
IOCWP5 	EQU 	5
IOCWP6 	EQU 	6
IOCWP7 	EQU 	7
IPEN_ADCON1 	EQU 	6
IPEN_INTCON0 	EQU 	5
IPR0 	EQU 	1182
IPR1 	EQU 	1183
IPR10 	EQU 	1192
IPR11 	EQU 	1193
IPR2 	EQU 	1184
IPR3 	EQU 	1185
IPR4 	EQU 	1186
IPR5 	EQU 	1187
IPR6 	EQU 	1188
IPR7 	EQU 	1189
IPR8 	EQU 	1190
IPR9 	EQU 	1191
ISM0 	EQU 	0
ISM1 	EQU 	1
ISM2 	EQU 	2
ISM3 	EQU 	3
ISM4 	EQU 	4
ISRPR 	EQU 	191
ISRPR0 	EQU 	0
ISRPR1 	EQU 	1
ISRPR2 	EQU 	2
ISRPR_ISRPR0 	EQU 	0
ISRPR_ISRPR1 	EQU 	1
ISRPR_ISRPR2 	EQU 	2
ISRPR_PR0_ISRPR 	EQU 	0
ISRPR_PR1_ISRPR 	EQU 	1
ISRPR_PR2_ISRPR 	EQU 	2
IVTAD 	EQU 	1114
IVTADH 	EQU 	1115
IVTADL 	EQU 	1114
IVTADU 	EQU 	1116
IVTBASE 	EQU 	1117
IVTBASEH 	EQU 	1118
IVTBASEL 	EQU 	1117
IVTBASEU 	EQU 	1119
IVTLOCK 	EQU 	1113
IVTLOCKED 	EQU 	0
LADR0 	EQU 	0
LADR1 	EQU 	1
LADR10 	EQU 	2
LADR11 	EQU 	3
LADR12 	EQU 	4
LADR13 	EQU 	5
LADR14 	EQU 	6
LADR15 	EQU 	7
LADR16 	EQU 	0
LADR17 	EQU 	1
LADR18 	EQU 	2
LADR19 	EQU 	3
LADR2 	EQU 	2
LADR20 	EQU 	4
LADR21 	EQU 	5
LADR3 	EQU 	3
LADR4 	EQU 	4
LADR5 	EQU 	5
LADR6 	EQU 	6
LADR7 	EQU 	7
LADR8 	EQU 	0
LADR9 	EQU 	1
LATA 	EQU 	320
LATA0 	EQU 	0
LATA1 	EQU 	1
LATA2 	EQU 	2
LATA3 	EQU 	3
LATA4 	EQU 	4
LATA5 	EQU 	5
LATA6 	EQU 	6
LATA7 	EQU 	7
LATB 	EQU 	321
LATB0 	EQU 	0
LATB1 	EQU 	1
LATB2 	EQU 	2
LATB3 	EQU 	3
LATB4 	EQU 	4
LATB5 	EQU 	5
LATB6 	EQU 	6
LATB7 	EQU 	7
LATC 	EQU 	322
LATC0 	EQU 	0
LATC1 	EQU 	1
LATC2 	EQU 	2
LATC3 	EQU 	3
LATC4 	EQU 	4
LATC5 	EQU 	5
LATC6 	EQU 	6
LATC7 	EQU 	7
LATD 	EQU 	323
LATD0 	EQU 	0
LATD1 	EQU 	1
LATD2 	EQU 	2
LATD3 	EQU 	3
LATD4 	EQU 	4
LATD5 	EQU 	5
LATD6 	EQU 	6
LATD7 	EQU 	7
LATE 	EQU 	324
LATE0 	EQU 	0
LATE1 	EQU 	1
LATE2 	EQU 	2
LATW 	EQU 	257
LATW0 	EQU 	0
LATW1 	EQU 	1
LATW2 	EQU 	2
LATW3 	EQU 	3
LATW4 	EQU 	4
LATW5 	EQU 	5
LATW6 	EQU 	6
LATW7 	EQU 	7
LDS0 	EQU 	0
LDS1 	EQU 	1
LDS2 	EQU 	2
LDS3 	EQU 	3
LDS4 	EQU 	4
LDS5 	EQU 	5
LDS6 	EQU 	6
LDS7 	EQU 	7
LD_CWG1CON0 	EQU 	6
LD_PWM1CON 	EQU 	2
LD_PWM2CON 	EQU 	2
LEGACY_STARTOFFIXEDCCPPWMMODECODE 	EQU 	2146
LENDIAN 	EQU 	1
LFOEN 	EQU 	4
LFOR 	EQU 	4
LIMIT 	EQU 	4
LOAD 	EQU 	6
LOCK 	EQU 	3
LSAC0 	EQU 	2
LSAC1 	EQU 	3
LSBD0 	EQU 	4
LSBD1 	EQU 	5
LSBF 	EQU 	2
LSCA1 	EQU 	3
LSDB0 	EQU 	4
LSDB1 	EQU 	5
LSDBD0 	EQU 	4
LSDBD1 	EQU 	5
LTH0 	EQU 	0
LTH1 	EQU 	1
LTH10 	EQU 	2
LTH11 	EQU 	3
LTH12 	EQU 	4
LTH13 	EQU 	5
LTH14 	EQU 	6
LTH15 	EQU 	7
LTH2 	EQU 	2
LTH3 	EQU 	3
LTH4 	EQU 	4
LTH5 	EQU 	5
LTH6 	EQU 	6
LTH7 	EQU 	7
LTH8 	EQU 	0
LTH9 	EQU 	1
LTHR 	EQU 	5
LVD0 	EQU 	0
LVD1 	EQU 	1
LVD2 	EQU 	2
LVD3 	EQU 	3
LVDEN 	EQU 	6
LVDMD 	EQU 	5
LVDSTAT 	EQU 	6
MAINPR 	EQU 	190
MAINPR0 	EQU 	0
MAINPR1 	EQU 	1
MAINPR2 	EQU 	2
MAINPR_MAINPR0 	EQU 	0
MAINPR_MAINPR1 	EQU 	1
MAINPR_MAINPR2 	EQU 	2
MAINPR_PR0_MAINPR 	EQU 	0
MAINPR_PR1_MAINPR 	EQU 	1
MAINPR_PR2_MAINPR 	EQU 	2
MATH 	EQU 	4
MC1OUT 	EQU 	0
MC2OUT 	EQU 	1
MD0 	EQU 	0
MD1 	EQU 	1
MD16 	EQU 	4
MD1CARH 	EQU 	110
MD1CARHPPS 	EQU 	605
MD1CARHPPS0 	EQU 	0
MD1CARHPPS1 	EQU 	1
MD1CARHPPS2 	EQU 	2
MD1CARHPPS3 	EQU 	3
MD1CARHPPS4 	EQU 	4
MD1CARHPPS5 	EQU 	5
MD1CARHPPS6 	EQU 	6
MD1CARHPPS7 	EQU 	7
MD1CARHPPS_PIN0 	EQU 	0
MD1CARHPPS_PIN1 	EQU 	1
MD1CARHPPS_PIN2 	EQU 	2
MD1CARHPPS_PORT0 	EQU 	3
MD1CARHPPS_PORT1 	EQU 	4
MD1CARHPPS_PORT2 	EQU 	5
MD1CARHPPS_PORT3 	EQU 	6
MD1CARHPPS_PORT4 	EQU 	7
MD1CARH_CARH0 	EQU 	0
MD1CARH_CARH1 	EQU 	1
MD1CARH_CARH2 	EQU 	2
MD1CARH_CARH3 	EQU 	3
MD1CARH_CARH4 	EQU 	4
MD1CARL 	EQU 	109
MD1CARLPPS 	EQU 	604
MD1CARLPPS0 	EQU 	0
MD1CARLPPS1 	EQU 	1
MD1CARLPPS2 	EQU 	2
MD1CARLPPS3 	EQU 	3
MD1CARLPPS4 	EQU 	4
MD1CARLPPS5 	EQU 	5
MD1CARLPPS6 	EQU 	6
MD1CARLPPS7 	EQU 	7
MD1CARLPPS_PIN0 	EQU 	0
MD1CARLPPS_PIN1 	EQU 	1
MD1CARLPPS_PIN2 	EQU 	2
MD1CARLPPS_PORT0 	EQU 	3
MD1CARLPPS_PORT1 	EQU 	4
MD1CARLPPS_PORT2 	EQU 	5
MD1CARLPPS_PORT3 	EQU 	6
MD1CARLPPS_PORT4 	EQU 	7
MD1CARL_CARL0 	EQU 	0
MD1CARL_CARL1 	EQU 	1
MD1CARL_CARL2 	EQU 	2
MD1CARL_CARL3 	EQU 	3
MD1CARL_CARL4 	EQU 	4
MD1CON0 	EQU 	106
MD1CON1 	EQU 	107
MD1SRC 	EQU 	108
MD1SRCPPS 	EQU 	606
MD1SRCPPS0 	EQU 	0
MD1SRCPPS1 	EQU 	1
MD1SRCPPS2 	EQU 	2
MD1SRCPPS3 	EQU 	3
MD1SRCPPS4 	EQU 	4
MD1SRCPPS5 	EQU 	5
MD1SRCPPS6 	EQU 	6
MD1SRCPPS7 	EQU 	7
MD1SRCPPS_PIN0 	EQU 	0
MD1SRCPPS_PIN1 	EQU 	1
MD1SRCPPS_PIN2 	EQU 	2
MD1SRCPPS_PORT0 	EQU 	3
MD1SRCPPS_PORT1 	EQU 	4
MD1SRCPPS_PORT2 	EQU 	5
MD1SRCPPS_PORT3 	EQU 	6
MD1SRCPPS_PORT4 	EQU 	7
MD1SRC_SRC0 	EQU 	0
MD1SRC_SRC1 	EQU 	1
MD1SRC_SRC2 	EQU 	2
MD1SRC_SRC3 	EQU 	3
MD1SRC_SRC4 	EQU 	4
MD2 	EQU 	2
MDBIT 	EQU 	0
MDCARH0 	EQU 	0
MDCARH1 	EQU 	1
MDCARH2 	EQU 	2
MDCARH3 	EQU 	3
MDCARH4 	EQU 	4
MDCARL0 	EQU 	0
MDCARL1 	EQU 	1
MDCARL2 	EQU 	2
MDCARL3 	EQU 	3
MDCARL4 	EQU 	4
MDCHPOL 	EQU 	5
MDCHSYNC 	EQU 	4
MDCLPOL 	EQU 	1
MDCLSYNC 	EQU 	0
MDEN 	EQU 	7
MDOPOL 	EQU 	4
MDOUT 	EQU 	5
MDR 	EQU 	3
MDSRC0 	EQU 	0
MDSRC1 	EQU 	1
MDSRC2 	EQU 	2
MDSRC3 	EQU 	3
MDSRC4 	EQU 	4
MEMV 	EQU 	1
MFOEN 	EQU 	5
MFOR 	EQU 	5
MMA 	EQU 	5
MODE0 	EQU 	0
MODE1 	EQU 	1
MODE2 	EQU 	2
MODE3 	EQU 	3
MODE4 	EQU 	4
MPWM1EN 	EQU 	0
MPWM1LD 	EQU 	0
MPWM2EN 	EQU 	1
MPWM2LD 	EQU 	1
MREG 	EQU 	2
MST 	EQU 	1
MUL32LOOP 	EQU 	7472
N 	EQU 	4
NACK1IE 	EQU 	0
NACK1IF 	EQU 	4
NACK2IE 	EQU 	0
NACK2IF 	EQU 	4
NACKIE 	EQU 	0
NACKIF 	EQU 	4
NBOR 	EQU 	0
NCH0_CM1NCH 	EQU 	0
NCH0_CM2NCH 	EQU 	0
NCH1_CM1NCH 	EQU 	1
NCH1_CM2NCH 	EQU 	1
NCH2_CM1NCH 	EQU 	2
NCH2_CM2NCH 	EQU 	2
NCO1ACC 	EQU 	1088
NCO1ACC0 	EQU 	0
NCO1ACC1 	EQU 	1
NCO1ACC10 	EQU 	2
NCO1ACC11 	EQU 	3
NCO1ACC12 	EQU 	4
NCO1ACC13 	EQU 	5
NCO1ACC14 	EQU 	6
NCO1ACC15 	EQU 	7
NCO1ACC16 	EQU 	0
NCO1ACC17 	EQU 	1
NCO1ACC18 	EQU 	2
NCO1ACC19 	EQU 	3
NCO1ACC2 	EQU 	2
NCO1ACC3 	EQU 	3
NCO1ACC4 	EQU 	4
NCO1ACC5 	EQU 	5
NCO1ACC6 	EQU 	6
NCO1ACC7 	EQU 	7
NCO1ACC8 	EQU 	0
NCO1ACC9 	EQU 	1
NCO1ACCH 	EQU 	1089
NCO1ACCH_ACC10 	EQU 	2
NCO1ACCH_ACC11 	EQU 	3
NCO1ACCH_ACC12 	EQU 	4
NCO1ACCH_ACC13 	EQU 	5
NCO1ACCH_ACC14 	EQU 	6
NCO1ACCH_ACC15 	EQU 	7
NCO1ACCH_ACC8 	EQU 	0
NCO1ACCH_ACC9 	EQU 	1
NCO1ACCL 	EQU 	1088
NCO1ACCU 	EQU 	1090
NCO1ACCU_ACC0 	EQU 	0
NCO1ACCU_ACC1 	EQU 	1
NCO1ACCU_ACC2 	EQU 	2
NCO1ACCU_ACC3 	EQU 	3
NCO1ACCU_NCO1ACC0 	EQU 	0
NCO1ACCU_NCO1ACC1 	EQU 	1
NCO1ACCU_NCO1ACC2 	EQU 	2
NCO1ACCU_NCO1ACC3 	EQU 	3
NCO1ACC_ACC0 	EQU 	0
NCO1ACC_ACC1 	EQU 	1
NCO1ACC_ACC2 	EQU 	2
NCO1ACC_ACC3 	EQU 	3
NCO1ACC_ACC4 	EQU 	4
NCO1ACC_ACC5 	EQU 	5
NCO1ACC_ACC6 	EQU 	6
NCO1ACC_ACC7 	EQU 	7
NCO1CKS0 	EQU 	0
NCO1CKS1 	EQU 	1
NCO1CKS2 	EQU 	2
NCO1CKS3 	EQU 	3
NCO1CKS4 	EQU 	4
NCO1CLK 	EQU 	1095
NCO1CLK_CKS0 	EQU 	0
NCO1CLK_CKS1 	EQU 	1
NCO1CLK_CKS2 	EQU 	2
NCO1CLK_CKS3 	EQU 	3
NCO1CLK_CKS4 	EQU 	4
NCO1CLK_NCO1CKS0 	EQU 	0
NCO1CLK_NCO1CKS1 	EQU 	1
NCO1CLK_NCO1CKS2 	EQU 	2
NCO1CLK_NCO1CKS3 	EQU 	3
NCO1CLK_NCO1CKS4 	EQU 	4
NCO1CLK_NCO1PWS0 	EQU 	5
NCO1CLK_NCO1PWS1 	EQU 	6
NCO1CLK_NCO1PWS2 	EQU 	7
NCO1CLK_PWS0 	EQU 	5
NCO1CLK_PWS1 	EQU 	6
NCO1CLK_PWS2 	EQU 	7
NCO1CON 	EQU 	1094
NCO1CON_EN 	EQU 	7
NCO1EN 	EQU 	7
NCO1IE 	EQU 	1
NCO1IF 	EQU 	1
NCO1INC 	EQU 	1091
NCO1INC0 	EQU 	0
NCO1INC1 	EQU 	1
NCO1INC10 	EQU 	2
NCO1INC11 	EQU 	3
NCO1INC12 	EQU 	4
NCO1INC13 	EQU 	5
NCO1INC14 	EQU 	6
NCO1INC15 	EQU 	7
NCO1INC16 	EQU 	0
NCO1INC17 	EQU 	1
NCO1INC18 	EQU 	2
NCO1INC19 	EQU 	3
NCO1INC2 	EQU 	2
NCO1INC3 	EQU 	3
NCO1INC4 	EQU 	4
NCO1INC5 	EQU 	5
NCO1INC6 	EQU 	6
NCO1INC7 	EQU 	7
NCO1INC8 	EQU 	0
NCO1INC9 	EQU 	1
NCO1INCH 	EQU 	1092
NCO1INCL 	EQU 	1091
NCO1INCU 	EQU 	1093
NCO1INCU_INC0 	EQU 	0
NCO1INCU_INC1 	EQU 	1
NCO1INCU_INC2 	EQU 	2
NCO1INCU_INC3 	EQU 	3
NCO1INCU_NCO1INC0 	EQU 	0
NCO1INCU_NCO1INC1 	EQU 	1
NCO1INCU_NCO1INC2 	EQU 	2
NCO1INCU_NCO1INC3 	EQU 	3
NCO1IP 	EQU 	1
NCO1MD 	EQU 	4
NCO1OUT 	EQU 	5
NCO1PFM 	EQU 	0
NCO1POL 	EQU 	4
NCO1PWS0 	EQU 	5
NCO1PWS1 	EQU 	6
NCO1PWS2 	EQU 	7
NDIV0 	EQU 	0
NDIV1 	EQU 	1
NDIV2 	EQU 	2
NDIV3 	EQU 	3
NDONE 	EQU 	0
NHYS 	EQU 	4
NIOMON 	EQU 	7
NMEMV 	EQU 	1
NOSC0 	EQU 	4
NOSC1 	EQU 	5
NOSC2 	EQU 	6
NOSCR 	EQU 	3
NOT_A 	EQU 	3
NOT_ADDRESS 	EQU 	3
NOT_BOR 	EQU 	0
NOT_DONE_NVMCON0 	EQU 	0
NOT_DONE_T1GCON 	EQU 	3
NOT_DONE_T3GCON 	EQU 	3
NOT_HYS 	EQU 	4
NOT_IOMON 	EQU 	7
NOT_MEMV 	EQU 	1
NOT_PD 	EQU 	5
NOT_POR 	EQU 	1
NOT_RCM 	EQU 	0
NOT_RI 	EQU 	2
NOT_RMCLR 	EQU 	3
NOT_RVREG 	EQU 	2
NOT_RWDT 	EQU 	4
NOT_SYNC 	EQU 	2
NOT_T1DONE 	EQU 	3
NOT_T1SYNC 	EQU 	2
NOT_T3DONE 	EQU 	3
NOT_T3SYNC 	EQU 	2
NOT_TO 	EQU 	6
NOT_W 	EQU 	4
NOT_WDTWV 	EQU 	5
NOT_WRITE 	EQU 	4
NPD 	EQU 	5
NPOR 	EQU 	1
NRCM 	EQU 	0
NREF0 	EQU 	4
NREF1 	EQU 	5
NREF2 	EQU 	6
NREF3 	EQU 	7
NRI 	EQU 	2
NRMCLR 	EQU 	3
NRVREG 	EQU 	2
NRWDT 	EQU 	4
NSS0 	EQU 	0
NSS1 	EQU 	1
NSYNC 	EQU 	2
NT1SYNC 	EQU 	2
NT3SYNC 	EQU 	2
NTO 	EQU 	6
NVMADR 	EQU 	67
NVMADR0 	EQU 	0
NVMADR1 	EQU 	1
NVMADR10 	EQU 	2
NVMADR11 	EQU 	3
NVMADR12 	EQU 	4
NVMADR13 	EQU 	5
NVMADR14 	EQU 	6
NVMADR15 	EQU 	7
NVMADR16 	EQU 	0
NVMADR17 	EQU 	1
NVMADR18 	EQU 	2
NVMADR19 	EQU 	3
NVMADR2 	EQU 	2
NVMADR20 	EQU 	4
NVMADR21 	EQU 	5
NVMADR3 	EQU 	3
NVMADR4 	EQU 	4
NVMADR5 	EQU 	5
NVMADR6 	EQU 	6
NVMADR7 	EQU 	7
NVMADR8 	EQU 	0
NVMADR9 	EQU 	1
NVMADRH 	EQU 	68
NVMADRL 	EQU 	67
NVMADRU 	EQU 	69
NVMADRU0 	EQU 	0
NVMADRU1 	EQU 	1
NVMADRU2 	EQU 	2
NVMADRU3 	EQU 	3
NVMADRU4 	EQU 	4
NVMADRU5 	EQU 	5
NVMCMD0 	EQU 	0
NVMCMD1 	EQU 	1
NVMCMD2 	EQU 	2
NVMCON0 	EQU 	64
NVMCON1 	EQU 	65
NVMDAT 	EQU 	70
NVMDAT0 	EQU 	0
NVMDAT1 	EQU 	1
NVMDAT10 	EQU 	2
NVMDAT11 	EQU 	3
NVMDAT12 	EQU 	4
NVMDAT13 	EQU 	5
NVMDAT14 	EQU 	6
NVMDAT15 	EQU 	7
NVMDAT2 	EQU 	2
NVMDAT3 	EQU 	3
NVMDAT4 	EQU 	4
NVMDAT5 	EQU 	5
NVMDAT6 	EQU 	6
NVMDAT7 	EQU 	7
NVMDAT8 	EQU 	0
NVMDAT9 	EQU 	1
NVMDATH 	EQU 	71
NVMDATL 	EQU 	70
NVMGO 	EQU 	0
NVMIE 	EQU 	4
NVMIF 	EQU 	4
NVMIP 	EQU 	4
NVMLOCK 	EQU 	66
NVMMD 	EQU 	2
NWDTWV 	EQU 	5
ODCA0 	EQU 	0
ODCA1 	EQU 	1
ODCA2 	EQU 	2
ODCA3 	EQU 	3
ODCA4 	EQU 	4
ODCA5 	EQU 	5
ODCA6 	EQU 	6
ODCA7 	EQU 	7
ODCB0 	EQU 	0
ODCB1 	EQU 	1
ODCB2 	EQU 	2
ODCB3 	EQU 	3
ODCB4 	EQU 	4
ODCB5 	EQU 	5
ODCB6 	EQU 	6
ODCB7 	EQU 	7
ODCC0 	EQU 	0
ODCC1 	EQU 	1
ODCC2 	EQU 	2
ODCC3 	EQU 	3
ODCC4 	EQU 	4
ODCC5 	EQU 	5
ODCC6 	EQU 	6
ODCD0 	EQU 	0
ODCD1 	EQU 	1
ODCD2 	EQU 	2
ODCD3 	EQU 	3
ODCD4 	EQU 	4
ODCD5 	EQU 	5
ODCD6 	EQU 	6
ODCD7 	EQU 	7
ODCE0 	EQU 	0
ODCE1 	EQU 	1
ODCE2 	EQU 	2
ODCONA 	EQU 	1026
ODCONB 	EQU 	1034
ODCONC 	EQU 	1042
ODCOND 	EQU 	1050
ODCONE 	EQU 	1058
OE0 	EQU 	4
OE1 	EQU 	5
OE2 	EQU 	6
OM 	EQU 	5
ON_ADCON0 	EQU 	7
ON_T1CON 	EQU 	0
ON_T2CON 	EQU 	7
ON_T3CON 	EQU 	0
ON_T4CON 	EQU 	7
ON_TU16ACON0 	EQU 	7
ON_TU16BCON0 	EQU 	7
ON_U1CON1 	EQU 	7
ON_U2CON1 	EQU 	7
OPOL 	EQU 	4
ORDY 	EQU 	4
ORS 	EQU 	1
OSCCON1 	EQU 	173
OSCCON1_NDIV0 	EQU 	0
OSCCON1_NDIV1 	EQU 	1
OSCCON1_NDIV2 	EQU 	2
OSCCON1_NDIV3 	EQU 	3
OSCCON1_NOSC0 	EQU 	4
OSCCON1_NOSC1 	EQU 	5
OSCCON1_NOSC2 	EQU 	6
OSCCON2 	EQU 	174
OSCCON2_CDIV0 	EQU 	0
OSCCON2_CDIV1 	EQU 	1
OSCCON2_CDIV2 	EQU 	2
OSCCON2_CDIV3 	EQU 	3
OSCCON2_COSC0 	EQU 	4
OSCCON2_COSC1 	EQU 	5
OSCCON2_COSC2 	EQU 	6
OSCCON3 	EQU 	175
OSCEN 	EQU 	179
OSCFREQ 	EQU 	177
OSCFRQ 	EQU 	177
OSCFRQ_FRQ0 	EQU 	0
OSCFRQ_FRQ1 	EQU 	1
OSCFRQ_FRQ2 	EQU 	2
OSCFRQ_FRQ3 	EQU 	3
OSCSTAT 	EQU 	178
OSCSTAT1 	EQU 	178
OSCTUNE 	EQU 	176
OSCTUNE_TUN0 	EQU 	0
OSCTUNE_TUN1 	EQU 	1
OSCTUNE_TUN2 	EQU 	2
OSCTUNE_TUN3 	EQU 	3
OSCTUNE_TUN4 	EQU 	4
OSCTUNE_TUN5 	EQU 	5
OSEN 	EQU 	6
OSFIE 	EQU 	2
OSFIF 	EQU 	2
OSFIP 	EQU 	2
OUT0 	EQU 	0
OUT1 	EQU 	1
OUT10 	EQU 	2
OUT11 	EQU 	3
OUT12 	EQU 	4
OUT13 	EQU 	5
OUT14 	EQU 	6
OUT15 	EQU 	7
OUT16 	EQU 	0
OUT17 	EQU 	1
OUT18 	EQU 	2
OUT19 	EQU 	3
OUT2 	EQU 	2
OUT20 	EQU 	4
OUT21 	EQU 	5
OUT22 	EQU 	6
OUT23 	EQU 	7
OUT24 	EQU 	0
OUT25 	EQU 	1
OUT26 	EQU 	2
OUT27 	EQU 	3
OUT28 	EQU 	4
OUT29 	EQU 	5
OUT3 	EQU 	3
OUT30 	EQU 	6
OUT31 	EQU 	7
OUT4 	EQU 	4
OUT5 	EQU 	5
OUT6 	EQU 	6
OUT7 	EQU 	7
OUT8 	EQU 	0
OUT9 	EQU 	1
OUTPS0 	EQU 	0
OUTPS1 	EQU 	1
OUTPS2 	EQU 	2
OUTPS3 	EQU 	3
OUTVALUETEMP 	EQU 	1297
OUT_CCP1CON 	EQU 	5
OUT_CLCNCON 	EQU 	5
OUT_CM1CON0 	EQU 	6
OUT_CM2CON0 	EQU 	6
OUT_HLVDCON0 	EQU 	5
OUT_NCO1CON 	EQU 	5
OUT_T0CON0 	EQU 	5
OUT_ZCD1CON 	EQU 	5
OVRA 	EQU 	4
OVRB 	EQU 	5
OVRC 	EQU 	6
OVRD 	EQU 	7
OV_ADSTAT 	EQU 	7
OV_STATUS 	EQU 	3
OV_STATUS_CSHAD 	EQU 	3
OV_STATUS_SHAD 	EQU 	3
P 	EQU 	3
P1H 	EQU 	0
P2H 	EQU 	0
P3H 	EQU 	0
PAD 	EQU 	5082
PC1IE 	EQU 	2
PC1IF 	EQU 	2
PC2IE 	EQU 	2
PC2IF 	EQU 	2
PCH0 	EQU 	0
PCH1 	EQU 	1
PCH2 	EQU 	2
PCIE 	EQU 	2
PCIF 	EQU 	2
PCL 	EQU 	1273
PCLAT 	EQU 	1273
PCLAT0 	EQU 	0
PCLAT1 	EQU 	1
PCLAT10 	EQU 	16
PCLAT11 	EQU 	17
PCLAT12 	EQU 	18
PCLAT13 	EQU 	19
PCLAT14 	EQU 	20
PCLAT15 	EQU 	21
PCLAT16 	EQU 	22
PCLAT17 	EQU 	23
PCLAT18 	EQU 	24
PCLAT19 	EQU 	25
PCLAT2 	EQU 	2
PCLAT20 	EQU 	32
PCLAT3 	EQU 	3
PCLAT4 	EQU 	4
PCLAT5 	EQU 	5
PCLAT6 	EQU 	6
PCLAT7 	EQU 	7
PCLAT8 	EQU 	8
PCLAT9 	EQU 	9
PCLATH 	EQU 	1274
PCLATH_SHAD 	EQU 	890
PCLATU 	EQU 	1275
PCLATU_PCU0 	EQU 	0
PCLATU_PCU1 	EQU 	1
PCLATU_PCU2 	EQU 	2
PCLATU_PCU3 	EQU 	3
PCLATU_PCU4 	EQU 	4
PCLATU_SHAD 	EQU 	891
PCON0 	EQU 	1264
PCON1 	EQU 	1265
PCSC 	EQU 	1
PCU0 	EQU 	0
PCU1 	EQU 	1
PCU2 	EQU 	2
PCU3 	EQU 	3
PCU4 	EQU 	4
PD 	EQU 	5
PERIE 	EQU 	6
PERIF 	EQU 	6
PFM 	EQU 	0
PIE0 	EQU 	1194
PIE1 	EQU 	1195
PIE10 	EQU 	1204
PIE11 	EQU 	1205
PIE2 	EQU 	1196
PIE3 	EQU 	1197
PIE4 	EQU 	1198
PIE5 	EQU 	1199
PIE6 	EQU 	1200
PIE7 	EQU 	1201
PIE8 	EQU 	1202
PIE9 	EQU 	1203
PIN0 	EQU 	0
PIN1 	EQU 	1
PIN2 	EQU 	2
PIR0 	EQU 	1206
PIR1 	EQU 	1207
PIR10 	EQU 	1216
PIR11 	EQU 	1217
PIR2 	EQU 	1208
PIR3 	EQU 	1209
PIR4 	EQU 	1210
PIR5 	EQU 	1211
PIR6 	EQU 	1212
PIR7 	EQU 	1213
PIR8 	EQU 	1214
PIR9 	EQU 	1215
PLEN0 	EQU 	0
PLEN1 	EQU 	1
PLEN2 	EQU 	2
PLEN3 	EQU 	3
PLEN4 	EQU 	4
PLLEN 	EQU 	0
PLLR 	EQU 	0
PLUSW0 	EQU 	1259
PLUSW1 	EQU 	1251
PLUSW2 	EQU 	1243
PMD0 	EQU 	98
PMD1 	EQU 	99
PMD2 	EQU 	100
PMD3 	EQU 	101
PMD4 	EQU 	102
PMD5 	EQU 	103
PMD6 	EQU 	104
PMSYS0 	EQU 	4
PMSYS1 	EQU 	5
POL1 	EQU 	6
POL2 	EQU 	7
POLA 	EQU 	0
POLB 	EQU 	1
POLC 	EQU 	2
POLD 	EQU 	3
POL_CLCNPOL 	EQU 	7
POL_CM1CON0 	EQU 	4
POL_CM2CON0 	EQU 	4
POL_NCO1CON 	EQU 	4
POL_ZCD1CON 	EQU 	4
POR 	EQU 	1
PORT0 	EQU 	3
PORT1 	EQU 	4
PORT2 	EQU 	5
PORT3 	EQU 	6
PORT4 	EQU 	7
PORTA 	EQU 	336
PORTB 	EQU 	337
PORTC 	EQU 	338
PORTD 	EQU 	339
PORTE 	EQU 	340
PORTW 	EQU 	256
PORTWCLK 	EQU 	266
PORTWCLKPPS 	EQU 	639
PORTWCLKPPS0 	EQU 	0
PORTWCLKPPS1 	EQU 	1
PORTWCLKPPS2 	EQU 	2
PORTWCLKPPS3 	EQU 	3
PORTWCLKPPS4 	EQU 	4
PORTWCLKPPS5 	EQU 	5
PORTWCLKPPS6 	EQU 	6
PORTWCLKPPS7 	EQU 	7
PORTWCLKPPS_PIN0 	EQU 	0
PORTWCLKPPS_PIN1 	EQU 	1
PORTWCLKPPS_PIN2 	EQU 	2
PORTWCLKPPS_PORT0 	EQU 	3
PORTWCLKPPS_PORT1 	EQU 	4
PORTWCLKPPS_PORT2 	EQU 	5
PORTWCLKPPS_PORT3 	EQU 	6
PORTWCLKPPS_PORT4 	EQU 	7
PORTWCLK_CLK0 	EQU 	0
PORTWCLK_CLK1 	EQU 	1
PORTWCLK_CLK2 	EQU 	2
PORTWCLK_CLK3 	EQU 	3
PORTWCLK_CLK4 	EQU 	4
PORTWCON 	EQU 	268
PORTWDF 	EQU 	267
PORTWIN0 	EQU 	258
PORTWIN0PPS 	EQU 	637
PORTWIN0PPS0 	EQU 	0
PORTWIN0PPS1 	EQU 	1
PORTWIN0PPS2 	EQU 	2
PORTWIN0PPS3 	EQU 	3
PORTWIN0PPS4 	EQU 	4
PORTWIN0PPS5 	EQU 	5
PORTWIN0PPS6 	EQU 	6
PORTWIN0PPS7 	EQU 	7
PORTWIN0PPS_PIN0 	EQU 	0
PORTWIN0PPS_PIN1 	EQU 	1
PORTWIN0PPS_PIN2 	EQU 	2
PORTWIN0PPS_PORT0 	EQU 	3
PORTWIN0PPS_PORT1 	EQU 	4
PORTWIN0PPS_PORT2 	EQU 	5
PORTWIN0PPS_PORT3 	EQU 	6
PORTWIN0PPS_PORT4 	EQU 	7
PORTWIN0_IN0 	EQU 	0
PORTWIN0_IN1 	EQU 	1
PORTWIN0_IN2 	EQU 	2
PORTWIN0_IN3 	EQU 	3
PORTWIN1 	EQU 	259
PORTWIN1PPS 	EQU 	638
PORTWIN1PPS0 	EQU 	0
PORTWIN1PPS1 	EQU 	1
PORTWIN1PPS2 	EQU 	2
PORTWIN1PPS3 	EQU 	3
PORTWIN1PPS4 	EQU 	4
PORTWIN1PPS5 	EQU 	5
PORTWIN1PPS6 	EQU 	6
PORTWIN1PPS7 	EQU 	7
PORTWIN1PPS_PIN0 	EQU 	0
PORTWIN1PPS_PIN1 	EQU 	1
PORTWIN1PPS_PIN2 	EQU 	2
PORTWIN1PPS_PORT0 	EQU 	3
PORTWIN1PPS_PORT1 	EQU 	4
PORTWIN1PPS_PORT2 	EQU 	5
PORTWIN1PPS_PORT3 	EQU 	6
PORTWIN1PPS_PORT4 	EQU 	7
PORTWIN2 	EQU 	260
PORTWIN2_IN0 	EQU 	0
PORTWIN2_IN1 	EQU 	1
PORTWIN2_IN2 	EQU 	2
PORTWIN2_IN3 	EQU 	3
PORTWIN3 	EQU 	261
PORTWIN3_IN0 	EQU 	0
PORTWIN3_IN1 	EQU 	1
PORTWIN3_IN2 	EQU 	2
PORTWIN3_IN3 	EQU 	3
PORTWIN4 	EQU 	262
PORTWIN4_IN0 	EQU 	0
PORTWIN4_IN1 	EQU 	1
PORTWIN4_IN2 	EQU 	2
PORTWIN4_IN3 	EQU 	3
PORTWIN5 	EQU 	263
PORTWIN5_IN0 	EQU 	0
PORTWIN5_IN1 	EQU 	1
PORTWIN5_IN2 	EQU 	2
PORTWIN5_IN3 	EQU 	3
PORTWIN6 	EQU 	264
PORTWIN6_IN0 	EQU 	0
PORTWIN6_IN1 	EQU 	1
PORTWIN6_IN2 	EQU 	2
PORTWIN6_IN3 	EQU 	3
PORTWIN7 	EQU 	265
PORTWIN7_IN0 	EQU 	0
PORTWIN7_IN1 	EQU 	1
PORTWIN7_IN2 	EQU 	2
PORTWIN7_IN3 	EQU 	3
PORTWMD 	EQU 	0
POSTDEC0 	EQU 	1261
POSTDEC1 	EQU 	1253
POSTDEC2 	EQU 	1245
POSTINC0 	EQU 	1262
POSTINC1 	EQU 	1254
POSTINC2 	EQU 	1246
PPEN 	EQU 	3
PPOL 	EQU 	7
PPSLOCK 	EQU 	512
PPSLOCKED 	EQU 	0
PR0 	EQU 	793
PR0_DMA1PR 	EQU 	0
PR0_DMA2PR 	EQU 	0
PR0_DMA3PR 	EQU 	0
PR0_DMA4PR 	EQU 	0
PR0_ISRPR 	EQU 	0
PR0_MAINPR 	EQU 	0
PR0_SCANPR 	EQU 	0
PR1 	EQU 	791
PR1_DMA1PR 	EQU 	1
PR1_DMA2PR 	EQU 	1
PR1_DMA3PR 	EQU 	1
PR1_DMA4PR 	EQU 	1
PR1_ISRPR 	EQU 	1
PR1_MAINPR 	EQU 	1
PR1_SCANPR 	EQU 	1
PR2 	EQU 	798
PR2_DMA1PR 	EQU 	2
PR2_DMA2PR 	EQU 	2
PR2_DMA3PR 	EQU 	2
PR2_DMA4PR 	EQU 	2
PR2_ISRPR 	EQU 	2
PR2_MAINPR 	EQU 	2
PR2_SCANPR 	EQU 	2
PR3 	EQU 	808
PR4 	EQU 	811
PRE0 	EQU 	0
PRE1 	EQU 	1
PRE10 	EQU 	2
PRE11 	EQU 	3
PRE12 	EQU 	4
PRE2 	EQU 	2
PRE3 	EQU 	3
PRE4 	EQU 	4
PRE5 	EQU 	5
PRE6 	EQU 	6
PRE7 	EQU 	7
PRE8 	EQU 	0
PRE9 	EQU 	1
PREF0 	EQU 	0
PREF1 	EQU 	1
PREF2 	EQU 	2
PREF3 	EQU 	3
PREINC0 	EQU 	1260
PREINC1 	EQU 	1252
PREINC2 	EQU 	1244
PREV0 	EQU 	0
PREV1 	EQU 	1
PREV10 	EQU 	2
PREV11 	EQU 	3
PREV12 	EQU 	4
PREV13 	EQU 	5
PREV14 	EQU 	6
PREV15 	EQU 	7
PREV2 	EQU 	2
PREV3 	EQU 	3
PREV4 	EQU 	4
PREV5 	EQU 	5
PREV6 	EQU 	6
PREV7 	EQU 	7
PREV8 	EQU 	0
PREV9 	EQU 	1
PRH0 	EQU 	0
PRH1 	EQU 	1
PRH2 	EQU 	2
PRH3 	EQU 	3
PRH4 	EQU 	4
PRH5 	EQU 	5
PRH6 	EQU 	6
PRH7 	EQU 	7
PRIE 	EQU 	2
PRIF 	EQU 	2
PRINTLEN 	EQU 	1298
PRL0 	EQU 	0
PRL1 	EQU 	1
PRL2 	EQU 	2
PRL3 	EQU 	3
PRL4 	EQU 	4
PRL5 	EQU 	5
PRL6 	EQU 	6
PRL7 	EQU 	7
PRLOCK 	EQU 	180
PRLOCKED 	EQU 	0
PROD 	EQU 	1267
PROD0 	EQU 	0
PROD1 	EQU 	1
PROD10 	EQU 	16
PROD11 	EQU 	17
PROD12 	EQU 	18
PROD13 	EQU 	19
PROD14 	EQU 	20
PROD15 	EQU 	21
PROD2 	EQU 	2
PROD3 	EQU 	3
PROD4 	EQU 	4
PROD5 	EQU 	5
PROD6 	EQU 	6
PROD7 	EQU 	7
PROD8 	EQU 	8
PROD9 	EQU 	9
PRODH 	EQU 	1268
PRODH_SHAD 	EQU 	899
PRODL 	EQU 	1267
PRODL_SHAD 	EQU 	898
PRODSH 	EQU 	898
PROD_PROD0 	EQU 	0
PROD_PROD1 	EQU 	1
PROD_PROD10 	EQU 	16
PROD_PROD11 	EQU 	17
PROD_PROD12 	EQU 	18
PROD_PROD13 	EQU 	19
PROD_PROD14 	EQU 	20
PROD_PROD15 	EQU 	21
PROD_PROD2 	EQU 	2
PROD_PROD3 	EQU 	3
PROD_PROD4 	EQU 	4
PROD_PROD5 	EQU 	5
PROD_PROD6 	EQU 	6
PROD_PROD7 	EQU 	7
PROD_PROD8 	EQU 	8
PROD_PROD9 	EQU 	9
PRT0 	EQU 	0
PRT1 	EQU 	1
PRT2 	EQU 	2
PRT3 	EQU 	3
PRT4 	EQU 	4
PRT5 	EQU 	5
PRT6 	EQU 	6
PRT7 	EQU 	7
PRX_TEMP 	EQU 	1299
PRX_TEMP_E 	EQU 	1302
PRX_TEMP_H 	EQU 	1300
PRX_TEMP_U 	EQU 	1301
PS0 	EQU 	0
PS1 	EQU 	1
PS2 	EQU 	2
PS3 	EQU 	3
PS4 	EQU 	4
PS5 	EQU 	5
PS6 	EQU 	6
PS7 	EQU 	7
PSCNT0 	EQU 	0
PSCNT1 	EQU 	1
PSCNT10 	EQU 	2
PSCNT11 	EQU 	3
PSCNT12 	EQU 	4
PSCNT13 	EQU 	5
PSCNT14 	EQU 	6
PSCNT15 	EQU 	7
PSCNT16 	EQU 	0
PSCNT17 	EQU 	1
PSCNT2 	EQU 	2
PSCNT3 	EQU 	3
PSCNT4 	EQU 	4
PSCNT5 	EQU 	5
PSCNT6 	EQU 	6
PSCNT7 	EQU 	7
PSCNT8 	EQU 	0
PSCNT9 	EQU 	1
PSIS 	EQU 	7
PSS0_DAC1CON 	EQU 	2
PSS1_DAC1CON 	EQU 	3
PSYNC 	EQU 	7
PU0 	EQU 	4
PU1 	EQU 	5
PWDF0 	EQU 	0
PWDF1 	EQU 	1
PWDF2 	EQU 	2
PWDF3 	EQU 	3
PWDF4 	EQU 	4
PWDF5 	EQU 	5
PWDF6 	EQU 	6
PWDF7 	EQU 	7
PWM1CLK 	EQU 	1121
PWM1CON 	EQU 	1129
PWM1CON_EN 	EQU 	7
PWM1CPRE 	EQU 	1125
PWM1ERS 	EQU 	1120
PWM1ERSPPS 	EQU 	593
PWM1ERSPPS0 	EQU 	0
PWM1ERSPPS1 	EQU 	1
PWM1ERSPPS2 	EQU 	2
PWM1ERSPPS3 	EQU 	3
PWM1ERSPPS4 	EQU 	4
PWM1ERSPPS5 	EQU 	5
PWM1ERSPPS6 	EQU 	6
PWM1ERSPPS7 	EQU 	7
PWM1ERSPPS_PIN0 	EQU 	0
PWM1ERSPPS_PIN1 	EQU 	1
PWM1ERSPPS_PIN2 	EQU 	2
PWM1ERSPPS_PORT0 	EQU 	3
PWM1ERSPPS_PORT1 	EQU 	4
PWM1ERSPPS_PORT2 	EQU 	5
PWM1ERSPPS_PORT3 	EQU 	6
PWM1ERSPPS_PORT4 	EQU 	7
PWM1GIE 	EQU 	1128
PWM1GIR 	EQU 	1127
PWM1IE 	EQU 	5
PWM1IF 	EQU 	5
PWM1IP 	EQU 	5
PWM1LDS 	EQU 	1122
PWM1MD 	EQU 	0
PWM1PIE 	EQU 	4
PWM1PIF 	EQU 	4
PWM1PIP 	EQU 	4
PWM1PIPOS 	EQU 	1126
PWM1PR 	EQU 	1123
PWM1PRH 	EQU 	1124
PWM1PRL 	EQU 	1123
PWM1S1CFG 	EQU 	1130
PWM1S1CFG_MODE0 	EQU 	0
PWM1S1CFG_MODE1 	EQU 	1
PWM1S1CFG_MODE2 	EQU 	2
PWM1S1CFG_PWM1S1CFG_MODE0 	EQU 	0
PWM1S1CFG_PWM1S1CFG_MODE1 	EQU 	1
PWM1S1CFG_PWM1S1CFG_MODE2 	EQU 	2
PWM1S1P1 	EQU 	1131
PWM1S1P1H 	EQU 	1132
PWM1S1P1L 	EQU 	1131
PWM1S1P2 	EQU 	1133
PWM1S1P2H 	EQU 	1134
PWM1S1P2L 	EQU 	1133
PWM2CLK 	EQU 	1136
PWM2CLK_CLK0 	EQU 	0
PWM2CLK_CLK1 	EQU 	1
PWM2CLK_CLK2 	EQU 	2
PWM2CLK_CLK3 	EQU 	3
PWM2CLK_CLK4 	EQU 	4
PWM2CON 	EQU 	1144
PWM2CON_EN 	EQU 	7
PWM2CON_ERSNOW 	EQU 	0
PWM2CON_ERSPOL 	EQU 	1
PWM2CPRE 	EQU 	1140
PWM2ERS 	EQU 	1135
PWM2ERSPPS 	EQU 	594
PWM2ERSPPS0 	EQU 	0
PWM2ERSPPS1 	EQU 	1
PWM2ERSPPS2 	EQU 	2
PWM2ERSPPS3 	EQU 	3
PWM2ERSPPS4 	EQU 	4
PWM2ERSPPS5 	EQU 	5
PWM2ERSPPS6 	EQU 	6
PWM2ERSPPS7 	EQU 	7
PWM2ERSPPS_PIN0 	EQU 	0
PWM2ERSPPS_PIN1 	EQU 	1
PWM2ERSPPS_PIN2 	EQU 	2
PWM2ERSPPS_PORT0 	EQU 	3
PWM2ERSPPS_PORT1 	EQU 	4
PWM2ERSPPS_PORT2 	EQU 	5
PWM2ERSPPS_PORT3 	EQU 	6
PWM2ERSPPS_PORT4 	EQU 	7
PWM2ERS_ERS0 	EQU 	0
PWM2ERS_ERS1 	EQU 	1
PWM2ERS_ERS2 	EQU 	2
PWM2ERS_ERS3 	EQU 	3
PWM2ERS_ERS4 	EQU 	4
PWM2ERS_ERS5 	EQU 	5
PWM2GIE 	EQU 	1143
PWM2GIE_S1P1IE 	EQU 	0
PWM2GIE_S1P2IE 	EQU 	1
PWM2GIR 	EQU 	1142
PWM2GIR_S1P1IF 	EQU 	0
PWM2GIR_S1P2IF 	EQU 	1
PWM2IE 	EQU 	7
PWM2IF 	EQU 	7
PWM2IP 	EQU 	7
PWM2LDS 	EQU 	1137
PWM2LDS_LDS0 	EQU 	0
PWM2LDS_LDS1 	EQU 	1
PWM2LDS_LDS2 	EQU 	2
PWM2LDS_LDS3 	EQU 	3
PWM2MD 	EQU 	1
PWM2PIE 	EQU 	6
PWM2PIF 	EQU 	6
PWM2PIP 	EQU 	6
PWM2PIPOS 	EQU 	1141
PWM2PR 	EQU 	1138
PWM2PRH 	EQU 	1139
PWM2PRL 	EQU 	1138
PWM2S1CFG 	EQU 	1145
PWM2S1CFG_MODE0 	EQU 	0
PWM2S1CFG_MODE1 	EQU 	1
PWM2S1CFG_MODE2 	EQU 	2
PWM2S1CFG_POL1 	EQU 	6
PWM2S1CFG_POL2 	EQU 	7
PWM2S1CFG_PPEN 	EQU 	3
PWM2S1CFG_PWM2S1CFG_MODE0 	EQU 	0
PWM2S1CFG_PWM2S1CFG_MODE1 	EQU 	1
PWM2S1CFG_PWM2S1CFG_MODE2 	EQU 	2
PWM2S1P1 	EQU 	1146
PWM2S1P1H 	EQU 	1147
PWM2S1P1L 	EQU 	1146
PWM2S1P2 	EQU 	1148
PWM2S1P2H 	EQU 	1149
PWM2S1P2L 	EQU 	1148
PWMCHANNEL 	EQU 	1303
PWMDUTY 	EQU 	1304
PWMDUTY_H 	EQU 	1305
PWMEN 	EQU 	1178
PWMFREQ 	EQU 	1306
PWMIN0PPS 	EQU 	599
PWMIN0PPS0 	EQU 	0
PWMIN0PPS1 	EQU 	1
PWMIN0PPS2 	EQU 	2
PWMIN0PPS3 	EQU 	3
PWMIN0PPS4 	EQU 	4
PWMIN0PPS5 	EQU 	5
PWMIN0PPS6 	EQU 	6
PWMIN0PPS7 	EQU 	7
PWMIN0PPS_PIN0 	EQU 	0
PWMIN0PPS_PIN1 	EQU 	1
PWMIN0PPS_PIN2 	EQU 	2
PWMIN0PPS_PORT0 	EQU 	3
PWMIN0PPS_PORT1 	EQU 	4
PWMIN0PPS_PORT2 	EQU 	5
PWMIN0PPS_PORT3 	EQU 	6
PWMIN0PPS_PORT4 	EQU 	7
PWMIN1PPS 	EQU 	600
PWMIN1PPS0 	EQU 	0
PWMIN1PPS1 	EQU 	1
PWMIN1PPS2 	EQU 	2
PWMIN1PPS3 	EQU 	3
PWMIN1PPS4 	EQU 	4
PWMIN1PPS5 	EQU 	5
PWMIN1PPS6 	EQU 	6
PWMIN1PPS7 	EQU 	7
PWMIN1PPS_PIN0 	EQU 	0
PWMIN1PPS_PIN1 	EQU 	1
PWMIN1PPS_PIN2 	EQU 	2
PWMIN1PPS_PORT0 	EQU 	3
PWMIN1PPS_PORT1 	EQU 	4
PWMIN1PPS_PORT2 	EQU 	5
PWMIN1PPS_PORT3 	EQU 	6
PWMIN1PPS_PORT4 	EQU 	7
PWMLOAD 	EQU 	1177
PWMOFF26 	EQU 	2562
PWMON23 	EQU 	2570
PWMRESOLUTION 	EQU 	1307
PWMRESOLUTION_H 	EQU 	1308
PWS0 	EQU 	5
PWS1 	EQU 	6
PWS2 	EQU 	7
R 	EQU 	4
RA0 	EQU 	0
RA0PPS 	EQU 	513
RA0PPS0 	EQU 	0
RA0PPS1 	EQU 	1
RA0PPS2 	EQU 	2
RA0PPS3 	EQU 	3
RA0PPS4 	EQU 	4
RA0PPS5 	EQU 	5
RA1 	EQU 	1
RA1PPS 	EQU 	514
RA1PPS0 	EQU 	0
RA1PPS1 	EQU 	1
RA1PPS2 	EQU 	2
RA1PPS3 	EQU 	3
RA1PPS4 	EQU 	4
RA1PPS5 	EQU 	5
RA2 	EQU 	2
RA2PPS 	EQU 	515
RA2PPS0 	EQU 	0
RA2PPS1 	EQU 	1
RA2PPS2 	EQU 	2
RA2PPS3 	EQU 	3
RA2PPS4 	EQU 	4
RA2PPS5 	EQU 	5
RA3 	EQU 	3
RA3PPS 	EQU 	516
RA3PPS0 	EQU 	0
RA3PPS1 	EQU 	1
RA3PPS2 	EQU 	2
RA3PPS3 	EQU 	3
RA3PPS4 	EQU 	4
RA3PPS5 	EQU 	5
RA4 	EQU 	4
RA4PPS 	EQU 	517
RA4PPS0 	EQU 	0
RA4PPS1 	EQU 	1
RA4PPS2 	EQU 	2
RA4PPS3 	EQU 	3
RA4PPS4 	EQU 	4
RA4PPS5 	EQU 	5
RA5 	EQU 	5
RA5PPS 	EQU 	518
RA5PPS0 	EQU 	0
RA5PPS1 	EQU 	1
RA5PPS2 	EQU 	2
RA5PPS3 	EQU 	3
RA5PPS4 	EQU 	4
RA5PPS5 	EQU 	5
RA6 	EQU 	6
RA6PPS 	EQU 	519
RA6PPS0 	EQU 	0
RA6PPS1 	EQU 	1
RA6PPS2 	EQU 	2
RA6PPS3 	EQU 	3
RA6PPS4 	EQU 	4
RA6PPS5 	EQU 	5
RA7 	EQU 	7
RA7PPS 	EQU 	520
RA7PPS0 	EQU 	0
RA7PPS1 	EQU 	1
RA7PPS2 	EQU 	2
RA7PPS3 	EQU 	3
RA7PPS4 	EQU 	4
RA7PPS5 	EQU 	5
RB0 	EQU 	0
RB0PPS 	EQU 	521
RB0PPS0 	EQU 	0
RB0PPS1 	EQU 	1
RB0PPS2 	EQU 	2
RB0PPS3 	EQU 	3
RB0PPS4 	EQU 	4
RB0PPS5 	EQU 	5
RB1 	EQU 	1
RB1I2C 	EQU 	646
RB1I2C_I2CPU0 	EQU 	4
RB1I2C_I2CPU1 	EQU 	5
RB1I2C_I2CSLEW0 	EQU 	6
RB1I2C_I2CSLEW1 	EQU 	7
RB1I2C_I2CTH0 	EQU 	0
RB1I2C_I2CTH1 	EQU 	1
RB1I2C_PU0 	EQU 	4
RB1I2C_PU1 	EQU 	5
RB1I2C_SLEW0 	EQU 	6
RB1I2C_SLEW1 	EQU 	7
RB1I2C_TH0 	EQU 	0
RB1I2C_TH1 	EQU 	1
RB1PPS 	EQU 	522
RB1PPS0 	EQU 	0
RB1PPS1 	EQU 	1
RB1PPS2 	EQU 	2
RB1PPS3 	EQU 	3
RB1PPS4 	EQU 	4
RB1PPS5 	EQU 	5
RB2 	EQU 	2
RB2I2C 	EQU 	647
RB2I2C_I2CPU0 	EQU 	4
RB2I2C_I2CPU1 	EQU 	5
RB2I2C_I2CSLEW0 	EQU 	6
RB2I2C_I2CSLEW1 	EQU 	7
RB2I2C_I2CTH0 	EQU 	0
RB2I2C_I2CTH1 	EQU 	1
RB2I2C_PU0 	EQU 	4
RB2I2C_PU1 	EQU 	5
RB2I2C_RB2I2C_I2CPU0 	EQU 	4
RB2I2C_RB2I2C_I2CPU1 	EQU 	5
RB2I2C_RB2I2C_I2CSLEW0 	EQU 	6
RB2I2C_RB2I2C_I2CSLEW1 	EQU 	7
RB2I2C_RB2I2C_I2CTH0 	EQU 	0
RB2I2C_RB2I2C_I2CTH1 	EQU 	1
RB2I2C_RB2I2C_PU0 	EQU 	4
RB2I2C_RB2I2C_PU1 	EQU 	5
RB2I2C_RB2I2C_SLEW0 	EQU 	6
RB2I2C_RB2I2C_SLEW1 	EQU 	7
RB2I2C_RB2I2C_TH0 	EQU 	0
RB2I2C_RB2I2C_TH1 	EQU 	1
RB2I2C_SLEW0 	EQU 	6
RB2I2C_SLEW1 	EQU 	7
RB2I2C_TH0 	EQU 	0
RB2I2C_TH1 	EQU 	1
RB2PPS 	EQU 	523
RB2PPS0 	EQU 	0
RB2PPS1 	EQU 	1
RB2PPS2 	EQU 	2
RB2PPS3 	EQU 	3
RB2PPS4 	EQU 	4
RB2PPS5 	EQU 	5
RB3 	EQU 	3
RB3PPS 	EQU 	524
RB3PPS0 	EQU 	0
RB3PPS1 	EQU 	1
RB3PPS2 	EQU 	2
RB3PPS3 	EQU 	3
RB3PPS4 	EQU 	4
RB3PPS5 	EQU 	5
RB4 	EQU 	4
RB4PPS 	EQU 	525
RB4PPS0 	EQU 	0
RB4PPS1 	EQU 	1
RB4PPS2 	EQU 	2
RB4PPS3 	EQU 	3
RB4PPS4 	EQU 	4
RB4PPS5 	EQU 	5
RB5 	EQU 	5
RB5PPS 	EQU 	526
RB5PPS0 	EQU 	0
RB5PPS1 	EQU 	1
RB5PPS2 	EQU 	2
RB5PPS3 	EQU 	3
RB5PPS4 	EQU 	4
RB5PPS5 	EQU 	5
RB6 	EQU 	6
RB6PPS 	EQU 	527
RB6PPS0 	EQU 	0
RB6PPS1 	EQU 	1
RB6PPS2 	EQU 	2
RB6PPS3 	EQU 	3
RB6PPS4 	EQU 	4
RB6PPS5 	EQU 	5
RB7 	EQU 	7
RB7PPS 	EQU 	528
RB7PPS0 	EQU 	0
RB7PPS1 	EQU 	1
RB7PPS2 	EQU 	2
RB7PPS3 	EQU 	3
RB7PPS4 	EQU 	4
RB7PPS5 	EQU 	5
RC0 	EQU 	0
RC0PPS 	EQU 	529
RC0PPS0 	EQU 	0
RC0PPS1 	EQU 	1
RC0PPS2 	EQU 	2
RC0PPS3 	EQU 	3
RC0PPS4 	EQU 	4
RC0PPS5 	EQU 	5
RC1 	EQU 	1
RC1PPS 	EQU 	530
RC1PPS0 	EQU 	0
RC1PPS1 	EQU 	1
RC1PPS2 	EQU 	2
RC1PPS3 	EQU 	3
RC1PPS4 	EQU 	4
RC1PPS5 	EQU 	5
RC2 	EQU 	2
RC2PPS 	EQU 	531
RC2PPS0 	EQU 	0
RC2PPS1 	EQU 	1
RC2PPS2 	EQU 	2
RC2PPS3 	EQU 	3
RC2PPS4 	EQU 	4
RC2PPS5 	EQU 	5
RC3 	EQU 	3
RC3I2C 	EQU 	644
RC3I2C_I2CSLEW0 	EQU 	6
RC3I2C_I2CSLEW1 	EQU 	7
RC3I2C_I2CTH0 	EQU 	0
RC3I2C_I2CTH1 	EQU 	1
RC3I2C_RC3I2C_I2CSLEW0 	EQU 	6
RC3I2C_RC3I2C_I2CSLEW1 	EQU 	7
RC3I2C_RC3I2C_I2CTH0 	EQU 	0
RC3I2C_RC3I2C_I2CTH1 	EQU 	1
RC3I2C_RC3I2C_SLEW0 	EQU 	6
RC3I2C_RC3I2C_SLEW1 	EQU 	7
RC3I2C_RC3I2C_TH0 	EQU 	0
RC3I2C_RC3I2C_TH1 	EQU 	1
RC3I2C_SLEW0 	EQU 	6
RC3I2C_SLEW1 	EQU 	7
RC3I2C_TH0 	EQU 	0
RC3I2C_TH1 	EQU 	1
RC3PPS 	EQU 	532
RC3PPS0 	EQU 	0
RC3PPS1 	EQU 	1
RC3PPS2 	EQU 	2
RC3PPS3 	EQU 	3
RC3PPS4 	EQU 	4
RC3PPS5 	EQU 	5
RC4 	EQU 	4
RC4I2C 	EQU 	645
RC4I2C_I2CSLEW0 	EQU 	6
RC4I2C_I2CSLEW1 	EQU 	7
RC4I2C_I2CTH0 	EQU 	0
RC4I2C_I2CTH1 	EQU 	1
RC4I2C_RC4I2C_I2CSLEW0 	EQU 	6
RC4I2C_RC4I2C_I2CSLEW1 	EQU 	7
RC4I2C_RC4I2C_I2CTH0 	EQU 	0
RC4I2C_RC4I2C_I2CTH1 	EQU 	1
RC4I2C_RC4I2C_SLEW0 	EQU 	6
RC4I2C_RC4I2C_SLEW1 	EQU 	7
RC4I2C_RC4I2C_TH0 	EQU 	0
RC4I2C_RC4I2C_TH1 	EQU 	1
RC4I2C_SLEW0 	EQU 	6
RC4I2C_SLEW1 	EQU 	7
RC4I2C_TH0 	EQU 	0
RC4I2C_TH1 	EQU 	1
RC4PPS 	EQU 	533
RC4PPS0 	EQU 	0
RC4PPS1 	EQU 	1
RC4PPS2 	EQU 	2
RC4PPS3 	EQU 	3
RC4PPS4 	EQU 	4
RC4PPS5 	EQU 	5
RC5 	EQU 	5
RC5PPS 	EQU 	534
RC5PPS0 	EQU 	0
RC5PPS1 	EQU 	1
RC5PPS2 	EQU 	2
RC5PPS3 	EQU 	3
RC5PPS4 	EQU 	4
RC5PPS5 	EQU 	5
RC6 	EQU 	6
RC6PPS 	EQU 	535
RC6PPS0 	EQU 	0
RC6PPS1 	EQU 	1
RC6PPS2 	EQU 	2
RC6PPS3 	EQU 	3
RC6PPS4 	EQU 	4
RC6PPS5 	EQU 	5
RC7 	EQU 	7
RC7PPS 	EQU 	536
RC7PPS0 	EQU 	0
RC7PPS1 	EQU 	1
RC7PPS2 	EQU 	2
RC7PPS3 	EQU 	3
RC7PPS4 	EQU 	4
RC7PPS5 	EQU 	5
RCIDL 	EQU 	3
RD0 	EQU 	0
RD0I2C 	EQU 	642
RD0I2C_I2CSLEW0 	EQU 	6
RD0I2C_I2CSLEW1 	EQU 	7
RD0I2C_I2CTH0 	EQU 	0
RD0I2C_I2CTH1 	EQU 	1
RD0I2C_RD0I2C_I2CSLEW0 	EQU 	6
RD0I2C_RD0I2C_I2CSLEW1 	EQU 	7
RD0I2C_RD0I2C_I2CTH0 	EQU 	0
RD0I2C_RD0I2C_I2CTH1 	EQU 	1
RD0I2C_RD0I2C_SLEW0 	EQU 	6
RD0I2C_RD0I2C_SLEW1 	EQU 	7
RD0I2C_RD0I2C_TH0 	EQU 	0
RD0I2C_RD0I2C_TH1 	EQU 	1
RD0I2C_SLEW0 	EQU 	6
RD0I2C_SLEW1 	EQU 	7
RD0I2C_TH0 	EQU 	0
RD0I2C_TH1 	EQU 	1
RD0PPS 	EQU 	537
RD0PPS0 	EQU 	0
RD0PPS1 	EQU 	1
RD0PPS2 	EQU 	2
RD0PPS3 	EQU 	3
RD0PPS4 	EQU 	4
RD0PPS5 	EQU 	5
RD1 	EQU 	1
RD16 	EQU 	1
RD161 	EQU 	1
RD163 	EQU 	1
RD1I2C 	EQU 	643
RD1I2C_I2CSLEW0 	EQU 	6
RD1I2C_I2CSLEW1 	EQU 	7
RD1I2C_I2CTH0 	EQU 	0
RD1I2C_I2CTH1 	EQU 	1
RD1I2C_RD1I2C_I2CSLEW0 	EQU 	6
RD1I2C_RD1I2C_I2CSLEW1 	EQU 	7
RD1I2C_RD1I2C_I2CTH0 	EQU 	0
RD1I2C_RD1I2C_I2CTH1 	EQU 	1
RD1I2C_RD1I2C_SLEW0 	EQU 	6
RD1I2C_RD1I2C_SLEW1 	EQU 	7
RD1I2C_RD1I2C_TH0 	EQU 	0
RD1I2C_RD1I2C_TH1 	EQU 	1
RD1I2C_SLEW0 	EQU 	6
RD1I2C_SLEW1 	EQU 	7
RD1I2C_TH0 	EQU 	0
RD1I2C_TH1 	EQU 	1
RD1PPS 	EQU 	538
RD1PPS0 	EQU 	0
RD1PPS1 	EQU 	1
RD1PPS2 	EQU 	2
RD1PPS3 	EQU 	3
RD1PPS4 	EQU 	4
RD1PPS5 	EQU 	5
RD2 	EQU 	2
RD2PPS 	EQU 	539
RD2PPS0 	EQU 	0
RD2PPS1 	EQU 	1
RD2PPS2 	EQU 	2
RD2PPS3 	EQU 	3
RD2PPS4 	EQU 	4
RD2PPS5 	EQU 	5
RD3 	EQU 	3
RD3PPS 	EQU 	540
RD3PPS0 	EQU 	0
RD3PPS1 	EQU 	1
RD3PPS2 	EQU 	2
RD3PPS3 	EQU 	3
RD3PPS4 	EQU 	4
RD3PPS5 	EQU 	5
RD4 	EQU 	4
RD4PPS 	EQU 	541
RD4PPS0 	EQU 	0
RD4PPS1 	EQU 	1
RD4PPS2 	EQU 	2
RD4PPS3 	EQU 	3
RD4PPS4 	EQU 	4
RD4PPS5 	EQU 	5
RD5 	EQU 	5
RD5PPS 	EQU 	542
RD5PPS0 	EQU 	0
RD5PPS1 	EQU 	1
RD5PPS2 	EQU 	2
RD5PPS3 	EQU 	3
RD5PPS4 	EQU 	4
RD5PPS5 	EQU 	5
RD6 	EQU 	6
RD6PPS 	EQU 	543
RD6PPS0 	EQU 	0
RD6PPS1 	EQU 	1
RD6PPS2 	EQU 	2
RD6PPS3 	EQU 	3
RD6PPS4 	EQU 	4
RD6PPS5 	EQU 	5
RD7 	EQU 	7
RD7PPS 	EQU 	544
RD7PPS0 	EQU 	0
RD7PPS1 	EQU 	1
RD7PPS2 	EQU 	2
RD7PPS3 	EQU 	3
RD7PPS4 	EQU 	4
RD7PPS5 	EQU 	5
RDSEL 	EQU 	3
RDY_CM1CON1 	EQU 	7
RDY_CM2CON1 	EQU 	7
RDY_FVRCON 	EQU 	6
RDY_HLVDCON0 	EQU 	4
RDY_VDDIO2STAT 	EQU 	5
RE0 	EQU 	0
RE0PPS 	EQU 	545
RE0PPS0 	EQU 	0
RE0PPS1 	EQU 	1
RE0PPS2 	EQU 	2
RE0PPS3 	EQU 	3
RE0PPS4 	EQU 	4
RE0PPS5 	EQU 	5
RE1 	EQU 	1
RE1PPS 	EQU 	546
RE1PPS0 	EQU 	0
RE1PPS1 	EQU 	1
RE1PPS2 	EQU 	2
RE1PPS3 	EQU 	3
RE1PPS4 	EQU 	4
RE1PPS5 	EQU 	5
RE2 	EQU 	2
RE2PPS 	EQU 	547
RE2PPS0 	EQU 	0
RE2PPS1 	EQU 	1
RE2PPS2 	EQU 	2
RE2PPS3 	EQU 	3
RE2PPS4 	EQU 	4
RE2PPS5 	EQU 	5
RE3 	EQU 	3
READ 	EQU 	4
REN 	EQU 	6
RES0 	EQU 	0
RES1 	EQU 	1
RES10 	EQU 	2
RES11 	EQU 	3
RES12 	EQU 	4
RES13 	EQU 	5
RES14 	EQU 	6
RES15 	EQU 	7
RES2 	EQU 	2
RES3 	EQU 	3
RES4 	EQU 	4
RES5 	EQU 	5
RES6 	EQU 	6
RES7 	EQU 	7
RES8 	EQU 	0
RES9 	EQU 	1
RESET0 	EQU 	2
RESET1 	EQU 	3
RI 	EQU 	2
RMCLR 	EQU 	3
ROI 	EQU 	5
RPT0 	EQU 	0
RPT1 	EQU 	1
RPT2 	EQU 	2
RPT3 	EQU 	3
RPT4 	EQU 	4
RPT5 	EQU 	5
RPT6 	EQU 	6
RPT7 	EQU 	7
RSC1IE 	EQU 	1
RSC1IF 	EQU 	1
RSC2IE 	EQU 	1
RSC2IF 	EQU 	1
RSCIE 	EQU 	1
RSCIF 	EQU 	1
RSEL0 	EQU 	0
RSEL1 	EQU 	1
RSEL2 	EQU 	2
RSEL3 	EQU 	3
RSEL4 	EQU 	4
RSEN 	EQU 	6
RUN 	EQU 	7
RUNOVF 	EQU 	7
RW0 	EQU 	0
RW1 	EQU 	1
RW2 	EQU 	2
RW3 	EQU 	3
RW4 	EQU 	4
RW5 	EQU 	5
RW6 	EQU 	6
RW7 	EQU 	7
RWDT 	EQU 	4
RXB0 	EQU 	0
RXB1 	EQU 	1
RXB2 	EQU 	2
RXB3 	EQU 	3
RXB4 	EQU 	4
RXB5 	EQU 	5
RXB6 	EQU 	6
RXB7 	EQU 	7
RXBE 	EQU 	1
RXBF 	EQU 	0
RXBIMD 	EQU 	3
RXBKIE 	EQU 	2
RXBKIF 	EQU 	2
RXEN 	EQU 	4
RXFOIE 	EQU 	1
RXFOIF 	EQU 	1
RXIDL 	EQU 	3
RXO 	EQU 	2
RXOIE 	EQU 	2
RXOIF 	EQU 	2
RXPOL 	EQU 	6
RXR 	EQU 	0
RXRE 	EQU 	3
S 	EQU 	5
S1P1IE 	EQU 	0
S1P1IF 	EQU 	0
S1P2IE 	EQU 	1
S1P2IF 	EQU 	1
SBOREN 	EQU 	7
SC1IE 	EQU 	0
SC1IF 	EQU 	0
SC2IE 	EQU 	0
SC2IF 	EQU 	0
SCANCON0 	EQU 	864
SCANCON0_EN 	EQU 	7
SCANEN 	EQU 	7
SCANHADR 	EQU 	861
SCANHADR0 	EQU 	0
SCANHADR1 	EQU 	1
SCANHADR10 	EQU 	2
SCANHADR11 	EQU 	3
SCANHADR12 	EQU 	4
SCANHADR13 	EQU 	5
SCANHADR14 	EQU 	6
SCANHADR15 	EQU 	7
SCANHADR16 	EQU 	0
SCANHADR17 	EQU 	1
SCANHADR18 	EQU 	2
SCANHADR19 	EQU 	3
SCANHADR2 	EQU 	2
SCANHADR20 	EQU 	4
SCANHADR21 	EQU 	5
SCANHADR3 	EQU 	3
SCANHADR4 	EQU 	4
SCANHADR5 	EQU 	5
SCANHADR6 	EQU 	6
SCANHADR7 	EQU 	7
SCANHADR8 	EQU 	0
SCANHADR9 	EQU 	1
SCANHADRH 	EQU 	862
SCANHADRL 	EQU 	861
SCANHADRU 	EQU 	863
SCANHADRU_HADR0 	EQU 	0
SCANHADRU_HADR1 	EQU 	1
SCANHADRU_HADR2 	EQU 	2
SCANHADRU_HADR3 	EQU 	3
SCANHADRU_HADR4 	EQU 	4
SCANHADRU_HADR5 	EQU 	5
SCANHADRU_SCANHADR0 	EQU 	0
SCANHADRU_SCANHADR1 	EQU 	1
SCANHADRU_SCANHADR2 	EQU 	2
SCANHADRU_SCANHADR3 	EQU 	3
SCANHADRU_SCANHADR4 	EQU 	4
SCANHADRU_SCANHADR5 	EQU 	5
SCANIE 	EQU 	5
SCANIF 	EQU 	5
SCANIP 	EQU 	5
SCANLADR 	EQU 	858
SCANLADR0 	EQU 	0
SCANLADR1 	EQU 	1
SCANLADR10 	EQU 	2
SCANLADR11 	EQU 	3
SCANLADR12 	EQU 	4
SCANLADR13 	EQU 	5
SCANLADR14 	EQU 	6
SCANLADR15 	EQU 	7
SCANLADR16 	EQU 	0
SCANLADR17 	EQU 	1
SCANLADR18 	EQU 	2
SCANLADR19 	EQU 	3
SCANLADR2 	EQU 	2
SCANLADR20 	EQU 	4
SCANLADR21 	EQU 	5
SCANLADR3 	EQU 	3
SCANLADR4 	EQU 	4
SCANLADR5 	EQU 	5
SCANLADR6 	EQU 	6
SCANLADR7 	EQU 	7
SCANLADR8 	EQU 	0
SCANLADR9 	EQU 	1
SCANLADRH 	EQU 	859
SCANLADRL 	EQU 	858
SCANLADRU 	EQU 	860
SCANLADRU_LADR0 	EQU 	0
SCANLADRU_LADR1 	EQU 	1
SCANLADRU_LADR2 	EQU 	2
SCANLADRU_LADR3 	EQU 	3
SCANLADRU_LADR4 	EQU 	4
SCANLADRU_LADR5 	EQU 	5
SCANLADRU_SCANLADR0 	EQU 	0
SCANLADRU_SCANLADR1 	EQU 	1
SCANLADRU_SCANLADR2 	EQU 	2
SCANLADRU_SCANLADR3 	EQU 	3
SCANLADRU_SCANLADR4 	EQU 	4
SCANLADRU_SCANLADR5 	EQU 	5
SCANMD 	EQU 	3
SCANPR 	EQU 	181
SCANPR0 	EQU 	0
SCANPR1 	EQU 	1
SCANPR2 	EQU 	2
SCANPR_PR0_SCANPR 	EQU 	0
SCANPR_PR1_SCANPR 	EQU 	1
SCANPR_PR2_SCANPR 	EQU 	2
SCANPR_SCANPR0 	EQU 	0
SCANPR_SCANPR1 	EQU 	1
SCANPR_SCANPR2 	EQU 	2
SCANTRIG 	EQU 	865
SCIE 	EQU 	0
SCIF 	EQU 	0
SCLT16TRUE 	EQU 	7028
SCLT32TRUE 	EQU 	7072
SCNT0 	EQU 	0
SCNT1 	EQU 	1
SCNT10 	EQU 	2
SCNT11 	EQU 	3
SCNT2 	EQU 	2
SCNT3 	EQU 	3
SCNT4 	EQU 	4
SCNT5 	EQU 	5
SCNT6 	EQU 	6
SCNT7 	EQU 	7
SCNT8 	EQU 	0
SCNT9 	EQU 	1
SDAHT0 	EQU 	2
SDAHT1 	EQU 	3
SDIP 	EQU 	1
SDOP 	EQU 	0
SEL0 	EQU 	0
SEL1 	EQU 	1
SEL2 	EQU 	2
SEL3 	EQU 	3
SENDB 	EQU 	0
SEN_WDTCON0 	EQU 	0
SEN_ZCD1CON 	EQU 	7
SERDATA 	EQU 	1309
SERPRINTVAL 	EQU 	1310
SETPWMDUTYCODE 	EQU 	2184
SETUP0 	EQU 	2
SETUP1 	EQU 	3
SETUPCCPPWMREGISTERS 	EQU 	1790
SETUPTHECORRECTTIMERBITS 	EQU 	1784
SGO 	EQU 	5
SHADCON 	EQU 	886
SHADLO 	EQU 	0
SHIFT0 	EQU 	0
SHIFT1 	EQU 	1
SHIFT10 	EQU 	2
SHIFT11 	EQU 	3
SHIFT12 	EQU 	4
SHIFT13 	EQU 	5
SHIFT14 	EQU 	6
SHIFT15 	EQU 	7
SHIFT16 	EQU 	0
SHIFT17 	EQU 	1
SHIFT18 	EQU 	2
SHIFT19 	EQU 	3
SHIFT2 	EQU 	2
SHIFT20 	EQU 	4
SHIFT21 	EQU 	5
SHIFT22 	EQU 	6
SHIFT23 	EQU 	7
SHIFT24 	EQU 	0
SHIFT25 	EQU 	1
SHIFT26 	EQU 	2
SHIFT27 	EQU 	3
SHIFT28 	EQU 	4
SHIFT29 	EQU 	5
SHIFT3 	EQU 	3
SHIFT30 	EQU 	6
SHIFT31 	EQU 	7
SHIFT4 	EQU 	4
SHIFT5 	EQU 	5
SHIFT6 	EQU 	6
SHIFT7 	EQU 	7
SHIFT8 	EQU 	0
SHIFT9 	EQU 	1
SHIFTM 	EQU 	1
SHOWDETAILS 	EQU 	2576
SHUTDOWN 	EQU 	7
SIRQ0 	EQU 	0
SIRQ1 	EQU 	1
SIRQ2 	EQU 	2
SIRQ3 	EQU 	3
SIRQ4 	EQU 	4
SIRQ5 	EQU 	5
SIRQ6 	EQU 	6
SIRQ7 	EQU 	7
SIRQEN 	EQU 	6
SLCT0 	EQU 	0
SLCT1 	EQU 	1
SLCT2 	EQU 	2
SLEW0 	EQU 	6
SLEW1 	EQU 	7
SLRA0 	EQU 	0
SLRA1 	EQU 	1
SLRA2 	EQU 	2
SLRA3 	EQU 	3
SLRA4 	EQU 	4
SLRA5 	EQU 	5
SLRA6 	EQU 	6
SLRA7 	EQU 	7
SLRB0 	EQU 	0
SLRB1 	EQU 	1
SLRB2 	EQU 	2
SLRB3 	EQU 	3
SLRB4 	EQU 	4
SLRB5 	EQU 	5
SLRB6 	EQU 	6
SLRB7 	EQU 	7
SLRC0 	EQU 	0
SLRC1 	EQU 	1
SLRC2 	EQU 	2
SLRC3 	EQU 	3
SLRC4 	EQU 	4
SLRC5 	EQU 	5
SLRC6 	EQU 	6
SLRCONA 	EQU 	1027
SLRCONB 	EQU 	1035
SLRCONC 	EQU 	1043
SLRCOND 	EQU 	1051
SLRCONE 	EQU 	1059
SLRD0 	EQU 	0
SLRD1 	EQU 	1
SLRD2 	EQU 	2
SLRD3 	EQU 	3
SLRD4 	EQU 	4
SLRD5 	EQU 	5
SLRD6 	EQU 	6
SLRD7 	EQU 	7
SLRE0 	EQU 	0
SLRE1 	EQU 	1
SLRE2 	EQU 	2
SMA 	EQU 	6
SMODE0 	EQU 	1
SMODE1 	EQU 	2
SMP 	EQU 	7
SMR0 	EQU 	3
SMR1 	EQU 	4
SOI 	EQU 	3
SOR 	EQU 	3
SOSCEN 	EQU 	3
SOSCPWR 	EQU 	6
SOSIE 	EQU 	5
SOSIF 	EQU 	5
SP0 	EQU 	0
SP1 	EQU 	1
SP2 	EQU 	2
SP3 	EQU 	3
SP4 	EQU 	4
SP5 	EQU 	5
SP6 	EQU 	6
SPI1BAUD 	EQU 	137
SPI1BMODE 	EQU 	0
SPI1BUSY 	EQU 	7
SPI1CKE 	EQU 	6
SPI1CKP 	EQU 	5
SPI1CLK 	EQU 	140
SPI1CLKSEL0 	EQU 	0
SPI1CLKSEL1 	EQU 	1
SPI1CLKSEL2 	EQU 	2
SPI1CLKSEL3 	EQU 	3
SPI1CLKSEL4 	EQU 	4
SPI1CLK_SPI1CLK_CLKSEL0 	EQU 	0
SPI1CLK_SPI1CLK_CLKSEL1 	EQU 	1
SPI1CLK_SPI1CLK_CLKSEL2 	EQU 	2
SPI1CLK_SPI1CLK_CLKSEL3 	EQU 	3
SPI1CLRBF 	EQU 	2
SPI1CON0 	EQU 	132
SPI1CON0_EN 	EQU 	7
SPI1CON1 	EQU 	133
SPI1CON2 	EQU 	134
SPI1EOSIE 	EQU 	4
SPI1EOSIF 	EQU 	4
SPI1FST 	EQU 	4
SPI1IE 	EQU 	6
SPI1IF 	EQU 	6
SPI1INTE 	EQU 	139
SPI1INTF 	EQU 	138
SPI1IP 	EQU 	6
SPI1LSBF 	EQU 	2
SPI1MD_PMD3 	EQU 	4
SPI1MST 	EQU 	1
SPI1RXB 	EQU 	128
SPI1RXBF 	EQU 	0
SPI1RXIE 	EQU 	4
SPI1RXIF 	EQU 	4
SPI1RXIP 	EQU 	4
SPI1RXOIE 	EQU 	2
SPI1RXOIF 	EQU 	2
SPI1RXR 	EQU 	0
SPI1RXRE 	EQU 	3
SPI1SCKPPS 	EQU 	618
SPI1SCKPPS0 	EQU 	0
SPI1SCKPPS1 	EQU 	1
SPI1SCKPPS2 	EQU 	2
SPI1SCKPPS3 	EQU 	3
SPI1SCKPPS4 	EQU 	4
SPI1SCKPPS5 	EQU 	5
SPI1SCKPPS6 	EQU 	6
SPI1SCKPPS7 	EQU 	7
SPI1SCKPPS_PIN0 	EQU 	0
SPI1SCKPPS_PIN1 	EQU 	1
SPI1SCKPPS_PIN2 	EQU 	2
SPI1SCKPPS_PORT0 	EQU 	3
SPI1SCKPPS_PORT1 	EQU 	4
SPI1SCKPPS_PORT2 	EQU 	5
SPI1SCKPPS_PORT3 	EQU 	6
SPI1SCKPPS_PORT4 	EQU 	7
SPI1SDIP 	EQU 	1
SPI1SDIPPS 	EQU 	619
SPI1SDIPPS0 	EQU 	0
SPI1SDIPPS1 	EQU 	1
SPI1SDIPPS2 	EQU 	2
SPI1SDIPPS3 	EQU 	3
SPI1SDIPPS4 	EQU 	4
SPI1SDIPPS5 	EQU 	5
SPI1SDIPPS6 	EQU 	6
SPI1SDIPPS7 	EQU 	7
SPI1SDIPPS_PIN0 	EQU 	0
SPI1SDIPPS_PIN1 	EQU 	1
SPI1SDIPPS_PIN2 	EQU 	2
SPI1SDIPPS_PORT0 	EQU 	3
SPI1SDIPPS_PORT1 	EQU 	4
SPI1SDIPPS_PORT2 	EQU 	5
SPI1SDIPPS_PORT3 	EQU 	6
SPI1SDIPPS_PORT4 	EQU 	7
SPI1SDOP 	EQU 	0
SPI1SMP 	EQU 	7
SPI1SOSIE 	EQU 	5
SPI1SOSIF 	EQU 	5
SPI1SPIEN 	EQU 	7
SPI1SRMTIE 	EQU 	7
SPI1SRMTIF 	EQU 	7
SPI1SSET 	EQU 	2
SPI1SSFLT 	EQU 	6
SPI1SSP 	EQU 	2
SPI1SSPPS 	EQU 	620
SPI1SSPPS0 	EQU 	0
SPI1SSPPS1 	EQU 	1
SPI1SSPPS2 	EQU 	2
SPI1SSPPS3 	EQU 	3
SPI1SSPPS4 	EQU 	4
SPI1SSPPS5 	EQU 	5
SPI1SSPPS6 	EQU 	6
SPI1SSPPS7 	EQU 	7
SPI1SSPPS_PIN0 	EQU 	0
SPI1SSPPS_PIN1 	EQU 	1
SPI1SSPPS_PIN2 	EQU 	2
SPI1SSPPS_PORT0 	EQU 	3
SPI1SSPPS_PORT1 	EQU 	4
SPI1SSPPS_PORT2 	EQU 	5
SPI1SSPPS_PORT3 	EQU 	6
SPI1SSPPS_PORT4 	EQU 	7
SPI1STATUS 	EQU 	135
SPI1STATUS_RXBF 	EQU 	0
SPI1STATUS_TXBE 	EQU 	5
SPI1TCNT 	EQU 	130
SPI1TCNTH 	EQU 	131
SPI1TCNTL 	EQU 	130
SPI1TCZIE 	EQU 	6
SPI1TCZIF 	EQU 	6
SPI1TWIDTH 	EQU 	136
SPI1TWIDTH_TWIDTH0 	EQU 	0
SPI1TWIDTH_TWIDTH1 	EQU 	1
SPI1TWIDTH_TWIDTH2 	EQU 	2
SPI1TXB 	EQU 	129
SPI1TXBE 	EQU 	5
SPI1TXIE 	EQU 	5
SPI1TXIF 	EQU 	5
SPI1TXIP 	EQU 	5
SPI1TXR 	EQU 	1
SPI1TXUIE 	EQU 	1
SPI1TXUIF 	EQU 	1
SPI1TXWE 	EQU 	7
SPTR0 	EQU 	0
SPTR1 	EQU 	1
SPTR10 	EQU 	2
SPTR11 	EQU 	3
SPTR12 	EQU 	4
SPTR13 	EQU 	5
SPTR14 	EQU 	6
SPTR15 	EQU 	7
SPTR16 	EQU 	0
SPTR17 	EQU 	1
SPTR18 	EQU 	2
SPTR19 	EQU 	3
SPTR2 	EQU 	2
SPTR20 	EQU 	4
SPTR21 	EQU 	5
SPTR3 	EQU 	3
SPTR4 	EQU 	4
SPTR5 	EQU 	5
SPTR6 	EQU 	6
SPTR7 	EQU 	7
SPTR8 	EQU 	0
SPTR9 	EQU 	1
SRC0 	EQU 	0
SRC1 	EQU 	1
SRC2 	EQU 	2
SRC3 	EQU 	3
SRC4 	EQU 	4
SRMTIE 	EQU 	7
SRMTIF 	EQU 	7
SSA0 	EQU 	0
SSA1 	EQU 	1
SSA10 	EQU 	2
SSA11 	EQU 	3
SSA12 	EQU 	4
SSA13 	EQU 	5
SSA14 	EQU 	6
SSA15 	EQU 	7
SSA16 	EQU 	0
SSA17 	EQU 	1
SSA18 	EQU 	2
SSA19 	EQU 	3
SSA2 	EQU 	2
SSA20 	EQU 	4
SSA21 	EQU 	5
SSA3 	EQU 	3
SSA4 	EQU 	4
SSA5 	EQU 	5
SSA6 	EQU 	6
SSA7 	EQU 	7
SSA8 	EQU 	0
SSA9 	EQU 	1
SSET 	EQU 	2
SSFLT 	EQU 	6
SSP 	EQU 	2
SSTP 	EQU 	0
SSZ0 	EQU 	0
SSZ1 	EQU 	1
SSZ10 	EQU 	2
SSZ11 	EQU 	3
SSZ2 	EQU 	2
SSZ3 	EQU 	3
SSZ4 	EQU 	4
SSZ5 	EQU 	5
SSZ6 	EQU 	6
SSZ7 	EQU 	7
SSZ8 	EQU 	0
SSZ9 	EQU 	1
START0 	EQU 	4
START1 	EQU 	5
STARTOFFIXEDPWMMODECODE 	EQU 	2184
STAT0_ADSTAT 	EQU 	0
STAT0_INTCON1 	EQU 	6
STAT1_ADSTAT 	EQU 	1
STAT1_INTCON1 	EQU 	7
STAT2 	EQU 	2
STATE 	EQU 	2
STATUS 	EQU 	1240
STATUS_CSHAD 	EQU 	883
STATUS_CSHAD_C 	EQU 	0
STATUS_CSHAD_DC 	EQU 	1
STATUS_CSHAD_N 	EQU 	4
STATUS_CSHAD_NOT_PD 	EQU 	5
STATUS_CSHAD_NOT_TO 	EQU 	6
STATUS_CSHAD_NPD 	EQU 	5
STATUS_CSHAD_NTO 	EQU 	6
STATUS_CSHAD_PD 	EQU 	5
STATUS_CSHAD_TO 	EQU 	6
STATUS_CSHAD_Z 	EQU 	2
STATUS_SHAD 	EQU 	887
STATUS_SHAD_C 	EQU 	0
STATUS_SHAD_DC 	EQU 	1
STATUS_SHAD_N 	EQU 	4
STATUS_SHAD_NOT_PD 	EQU 	5
STATUS_SHAD_NOT_TO 	EQU 	6
STATUS_SHAD_NPD 	EQU 	5
STATUS_SHAD_NTO 	EQU 	6
STATUS_SHAD_PD 	EQU 	5
STATUS_SHAD_TO 	EQU 	6
STATUS_SHAD_Z 	EQU 	2
STKOVF 	EQU 	7
STKPTR 	EQU 	1276
STKPTR0 	EQU 	0
STKPTR1 	EQU 	1
STKPTR2 	EQU 	2
STKPTR3 	EQU 	3
STKPTR4 	EQU 	4
STKPTR5 	EQU 	5
STKPTR6 	EQU 	6
STKPTR_STKPTR0 	EQU 	0
STKPTR_STKPTR1 	EQU 	1
STKPTR_STKPTR2 	EQU 	2
STKPTR_STKPTR3 	EQU 	3
STKPTR_STKPTR4 	EQU 	4
STKPTR_STKPTR5 	EQU 	5
STKPTR_STKPTR6 	EQU 	6
STKUNF 	EQU 	6
STOP0 	EQU 	0
STOP1 	EQU 	1
STP0 	EQU 	4
STP1 	EQU 	5
STPMD 	EQU 	6
STPT0 	EQU 	0
STPT1 	EQU 	1
STPT10 	EQU 	2
STPT11 	EQU 	3
STPT12 	EQU 	4
STPT13 	EQU 	5
STPT15 	EQU 	6
STPT16 	EQU 	7
STPT2 	EQU 	2
STPT3 	EQU 	3
STPT4 	EQU 	4
STPT5 	EQU 	5
STPT6 	EQU 	6
STPT7 	EQU 	7
STPT8 	EQU 	0
STPT9 	EQU 	1
STR 	EQU 	5067
STRA 	EQU 	0
STRB 	EQU 	1
STRC 	EQU 	2
STRD 	EQU 	3
STRINGPOINTER 	EQU 	1311
STRINGTABLE1 	EQU 	7598
STRINGTABLE10 	EQU 	8004
STRINGTABLE11 	EQU 	8018
STRINGTABLE12 	EQU 	8054
STRINGTABLE121 	EQU 	9378
STRINGTABLE122 	EQU 	9380
STRINGTABLE13 	EQU 	8080
STRINGTABLE14 	EQU 	8148
STRINGTABLE15 	EQU 	8150
STRINGTABLE16 	EQU 	8152
STRINGTABLE17 	EQU 	8178
STRINGTABLE18 	EQU 	8188
STRINGTABLE19 	EQU 	8286
STRINGTABLE2 	EQU 	7626
STRINGTABLE20 	EQU 	8298
STRINGTABLE21 	EQU 	8384
STRINGTABLE22 	EQU 	8490
STRINGTABLE23 	EQU 	8586
STRINGTABLE24 	EQU 	8682
STRINGTABLE25 	EQU 	8770
STRINGTABLE26 	EQU 	8810
STRINGTABLE27 	EQU 	8838
STRINGTABLE28 	EQU 	8848
STRINGTABLE29 	EQU 	8866
STRINGTABLE3 	EQU 	7656
STRINGTABLE30 	EQU 	8884
STRINGTABLE31 	EQU 	8902
STRINGTABLE33 	EQU 	8920
STRINGTABLE34 	EQU 	8930
STRINGTABLE35 	EQU 	8944
STRINGTABLE36 	EQU 	8966
STRINGTABLE37 	EQU 	8980
STRINGTABLE38 	EQU 	9014
STRINGTABLE39 	EQU 	9028
STRINGTABLE4 	EQU 	7668
STRINGTABLE41 	EQU 	9042
STRINGTABLE42 	EQU 	9056
STRINGTABLE43 	EQU 	9072
STRINGTABLE44 	EQU 	9086
STRINGTABLE45 	EQU 	9110
STRINGTABLE46 	EQU 	9124
STRINGTABLE47 	EQU 	9138
STRINGTABLE48 	EQU 	9152
STRINGTABLE49 	EQU 	9166
STRINGTABLE5 	EQU 	7742
STRINGTABLE50 	EQU 	9180
STRINGTABLE51 	EQU 	9196
STRINGTABLE52 	EQU 	9206
STRINGTABLE53 	EQU 	9224
STRINGTABLE54 	EQU 	9240
STRINGTABLE55 	EQU 	9258
STRINGTABLE56 	EQU 	9300
STRINGTABLE57 	EQU 	9318
STRINGTABLE58 	EQU 	9358
STRINGTABLE59 	EQU 	9362
STRINGTABLE6 	EQU 	7812
STRINGTABLE60 	EQU 	9366
STRINGTABLE61 	EQU 	9372
STRINGTABLE62 	EQU 	9376
STRINGTABLE7 	EQU 	7906
STRINGTABLE8 	EQU 	7994
STRINGTABLE9 	EQU 	7996
SWDTEN 	EQU 	0
SWIE 	EQU 	0
SWIF 	EQU 	0
SWIP 	EQU 	0
SYNC 	EQU 	0
SYSARRAYTEMP1 	EQU 	1312
SYSARRAYTEMP2 	EQU 	1313
SYSBYTETEMPA 	EQU 	1285
SYSBYTETEMPB 	EQU 	1289
SYSBYTETEMPX 	EQU 	1280
SYSCALCTEMPA 	EQU 	1285
SYSCALCTEMPX 	EQU 	1280
SYSCALCTEMPX_H 	EQU 	1281
SYSCHAR 	EQU 	1314
SYSCHARCOUNT 	EQU 	1315
SYSCHR_0 	EQU 	5123
SYSCHR_1 	EQU 	5124
SYSCMD 	EQU 	7
SYSCOMPEQUAL16 	EQU 	6946
SYSCOMPEQUAL32 	EQU 	6964
SYSCOMPLESSTHAN 	EQU 	6994
SYSCOMPLESSTHAN16 	EQU 	7004
SYSCOMPLESSTHAN32 	EQU 	7032
SYSCOPYSTRING 	EQU 	7076
SYSCOPYSTRINGCHECK 	EQU 	7092
SYSCOPYSTRINGPART 	EQU 	7086
SYSDIV16START 	EQU 	7196
SYSDIV32START 	EQU 	7336
SYSDIV8START 	EQU 	7120
SYSDIVLOOP 	EQU 	1284
SYSDIVMULTA 	EQU 	1287
SYSDIVMULTA_H 	EQU 	1288
SYSDIVMULTB 	EQU 	1291
SYSDIVMULTB_H 	EQU 	1292
SYSDIVMULTX 	EQU 	1282
SYSDIVMULTX_H 	EQU 	1283
SYSDIVSUB 	EQU 	7108
SYSDIVSUB16 	EQU 	7148
SYSDIVSUB32 	EQU 	7252
SYSDOLOOP_E1 	EQU 	1230
SYSDOLOOP_S1 	EQU 	1228
SYSFORLOOP1 	EQU 	9418
SYSFORLOOP2 	EQU 	2334
SYSFORLOOP3 	EQU 	2410
SYSFORLOOP4 	EQU 	2486
SYSFORLOOP5 	EQU 	2048
SYSFORLOOP6 	EQU 	1850
SYSFORLOOPEND1 	EQU 	9430
SYSFORLOOPEND2 	EQU 	2380
SYSFORLOOPEND3 	EQU 	2458
SYSFORLOOPEND4 	EQU 	2540
SYSFORLOOPEND5 	EQU 	2076
SYSFORLOOPEND6 	EQU 	1878
SYSLONGDIVMULTA 	EQU 	1316
SYSLONGDIVMULTA_E 	EQU 	1319
SYSLONGDIVMULTA_H 	EQU 	1317
SYSLONGDIVMULTA_U 	EQU 	1318
SYSLONGDIVMULTB 	EQU 	1320
SYSLONGDIVMULTB_E 	EQU 	1323
SYSLONGDIVMULTB_H 	EQU 	1321
SYSLONGDIVMULTB_U 	EQU 	1322
SYSLONGDIVMULTX 	EQU 	1324
SYSLONGDIVMULTX_E 	EQU 	1327
SYSLONGDIVMULTX_H 	EQU 	1325
SYSLONGDIVMULTX_U 	EQU 	1326
SYSLONGTEMPA 	EQU 	1285
SYSLONGTEMPA_E 	EQU 	1288
SYSLONGTEMPA_H 	EQU 	1286
SYSLONGTEMPA_U 	EQU 	1287
SYSLONGTEMPB 	EQU 	1289
SYSLONGTEMPB_E 	EQU 	1292
SYSLONGTEMPB_H 	EQU 	1290
SYSLONGTEMPB_U 	EQU 	1291
SYSLONGTEMPX 	EQU 	1280
SYSLONGTEMPX_E 	EQU 	1283
SYSLONGTEMPX_H 	EQU 	1281
SYSLONGTEMPX_U 	EQU 	1282
SYSMULTSUB32 	EQU 	7432
SYSPAD_0 	EQU 	5082
SYSPRINTDATAHANDLER 	EQU 	1328
SYSPRINTDATAHANDLER_H 	EQU 	1329
SYSPRINTTEMP 	EQU 	1330
SYSREADSTRING 	EQU 	7560
SYSREADSTRINGPART 	EQU 	7572
SYSREPEATLOOP1 	EQU 	356
SYSREPEATLOOP2 	EQU 	1426
SYSREPEATLOOP3 	EQU 	1492
SYSREPEATLOOP4 	EQU 	1258
SYSREPEATLOOP5 	EQU 	2002
SYSREPEATLOOPEND1 	EQU 	376
SYSREPEATLOOPEND2 	EQU 	1438
SYSREPEATLOOPEND3 	EQU 	1504
SYSREPEATLOOPEND4 	EQU 	1346
SYSREPEATLOOPEND5 	EQU 	2018
SYSREPEATTEMP1 	EQU 	1331
SYSREPEATTEMP2 	EQU 	1332
SYSREPEATTEMP4 	EQU 	1333
SYSREPEATTEMP5 	EQU 	1334
SYSSELECT1CASE1 	EQU 	1728
SYSSELECTEND1 	EQU 	1784
SYSSTRDATA 	EQU 	1335
SYSSTRINGA 	EQU 	1287
SYSSTRINGA_H 	EQU 	1288
SYSSTRINGCOPY 	EQU 	7098
SYSSTRINGLENGTH 	EQU 	1286
SYSSTRINGPARAM1 	EQU 	5270
SYSSTRINGPARAM2 	EQU 	5060
SYSSTRINGPARAM3 	EQU 	5164
SYSSTRINGREAD 	EQU 	7586
SYSSTRINGREADCHECK 	EQU 	7580
SYSSTRINGTABLES 	EQU 	7598
SYSSTRINGTEMP 	EQU 	1336
SYSSTRLEN 	EQU 	1337
SYSSTR_0 	EQU 	5067
SYSSYSINSTRING3HANDLER 	EQU 	1338
SYSSYSINSTRING3HANDLER_H 	EQU 	1339
SYSSYSINSTRINGHANDLER 	EQU 	1340
SYSSYSINSTRINGHANDLER_H 	EQU 	1341
SYSTEMP1 	EQU 	1342
SYSTEMP1_E 	EQU 	1345
SYSTEMP1_H 	EQU 	1343
SYSTEMP1_U 	EQU 	1344
SYSTEMP2 	EQU 	1346
SYSVALHUNDREDS 	EQU 	6790
SYSVALTEMP 	EQU 	1347
SYSVALTEMP_H 	EQU 	1348
SYSVALTENS 	EQU 	6862
SYSVALTHOUSANDS 	EQU 	6716
SYSWAITLOOP1 	EQU 	2088
SYSWAITLOOP2 	EQU 	2098
SYSWAITTEMPMS 	EQU 	1282
SYSWAITTEMPMS_H 	EQU 	1283
SYSWAITTEMPS 	EQU 	1284
SYSWORDTEMPA 	EQU 	1285
SYSWORDTEMPA_H 	EQU 	1286
SYSWORDTEMPB 	EQU 	1289
SYSWORDTEMPB_H 	EQU 	1290
SYSWORDTEMPX 	EQU 	1280
SYSWORDTEMPX_H 	EQU 	1281
SYS_HEXPICAS_0 	EQU 	5063
SYS_HEXPICAS_1 	EQU 	5064
SYS_HEXPICAS_2 	EQU 	5065
T016BIT 	EQU 	4
T0ASYNC 	EQU 	4
T0CKIPPS 	EQU 	577
T0CKIPPS0 	EQU 	0
T0CKIPPS1 	EQU 	1
T0CKIPPS2 	EQU 	2
T0CKIPPS3 	EQU 	3
T0CKIPPS4 	EQU 	4
T0CKIPPS5 	EQU 	5
T0CKIPPS6 	EQU 	6
T0CKIPPS7 	EQU 	7
T0CKIPPS_PIN0 	EQU 	0
T0CKIPPS_PIN1 	EQU 	1
T0CKIPPS_PIN2 	EQU 	2
T0CKIPPS_PORT0 	EQU 	3
T0CKIPPS_PORT1 	EQU 	4
T0CKIPPS_PORT2 	EQU 	5
T0CKIPPS_PORT3 	EQU 	6
T0CKIPPS_PORT4 	EQU 	7
T0CKPS0 	EQU 	0
T0CKPS1 	EQU 	1
T0CKPS2 	EQU 	2
T0CKPS3 	EQU 	3
T0CON0 	EQU 	794
T0CON0_EN 	EQU 	7
T0CON0_OUTPS0 	EQU 	0
T0CON0_OUTPS1 	EQU 	1
T0CON0_OUTPS2 	EQU 	2
T0CON0_OUTPS3 	EQU 	3
T0CON0_T0OUTPS0 	EQU 	0
T0CON0_T0OUTPS1 	EQU 	1
T0CON0_T0OUTPS2 	EQU 	2
T0CON0_T0OUTPS3 	EQU 	3
T0CON1 	EQU 	795
T0CON1_CKPS0_T0CON1 	EQU 	0
T0CON1_CKPS1_T0CON1 	EQU 	1
T0CON1_CKPS2_T0CON1 	EQU 	2
T0CON1_CKPS3 	EQU 	3
T0CON1_CS0_T0CON1 	EQU 	5
T0CON1_CS1_T0CON1 	EQU 	6
T0CON1_CS2_T0CON1 	EQU 	7
T0CON1_T0CKPS0 	EQU 	0
T0CON1_T0CKPS1 	EQU 	1
T0CON1_T0CKPS2 	EQU 	2
T0CON1_T0CKPS3 	EQU 	3
T0CON1_T0CS0 	EQU 	5
T0CON1_T0CS1 	EQU 	6
T0CON1_T0CS2 	EQU 	7
T0CS0 	EQU 	5
T0CS1 	EQU 	6
T0CS2 	EQU 	7
T0EN 	EQU 	7
T0MD16 	EQU 	4
T0OUT 	EQU 	5
T0OUTPS0 	EQU 	0
T0OUTPS1 	EQU 	1
T0OUTPS2 	EQU 	2
T0OUTPS3 	EQU 	3
T0PR0 	EQU 	0
T0PR1 	EQU 	1
T0PR2 	EQU 	2
T0PR3 	EQU 	3
T0PR4 	EQU 	4
T0PR5 	EQU 	5
T0PR6 	EQU 	6
T0PR7 	EQU 	7
T1CKIPPS 	EQU 	578
T1CKIPPS0 	EQU 	0
T1CKIPPS1 	EQU 	1
T1CKIPPS2 	EQU 	2
T1CKIPPS3 	EQU 	3
T1CKIPPS4 	EQU 	4
T1CKIPPS5 	EQU 	5
T1CKIPPS6 	EQU 	6
T1CKIPPS7 	EQU 	7
T1CKIPPS_PIN0 	EQU 	0
T1CKIPPS_PIN1 	EQU 	1
T1CKIPPS_PIN2 	EQU 	2
T1CKIPPS_PORT0 	EQU 	3
T1CKIPPS_PORT1 	EQU 	4
T1CKIPPS_PORT2 	EQU 	5
T1CKIPPS_PORT3 	EQU 	6
T1CKIPPS_PORT4 	EQU 	7
T1CKPS0 	EQU 	4
T1CKPS1 	EQU 	5
T1CLK 	EQU 	791
T1CON 	EQU 	788
T1CON_CKPS0_T1CON 	EQU 	4
T1CON_CKPS1_T1CON 	EQU 	5
T1CS0 	EQU 	0
T1CS1 	EQU 	1
T1CS2 	EQU 	2
T1CS3 	EQU 	3
T1CS4 	EQU 	4
T1GATE 	EQU 	790
T1GCON 	EQU 	789
T1GE 	EQU 	7
T1GGO 	EQU 	3
T1GGO_NDONE 	EQU 	3
T1GGO_NOT_DONE 	EQU 	3
T1GPOL 	EQU 	6
T1GPPS 	EQU 	579
T1GPPS0 	EQU 	0
T1GPPS1 	EQU 	1
T1GPPS2 	EQU 	2
T1GPPS3 	EQU 	3
T1GPPS4 	EQU 	4
T1GPPS5 	EQU 	5
T1GPPS6 	EQU 	6
T1GPPS7 	EQU 	7
T1GPPS_PIN0 	EQU 	0
T1GPPS_PIN1 	EQU 	1
T1GPPS_PIN2 	EQU 	2
T1GPPS_PORT0 	EQU 	3
T1GPPS_PORT1 	EQU 	4
T1GPPS_PORT2 	EQU 	5
T1GPPS_PORT3 	EQU 	6
T1GPPS_PORT4 	EQU 	7
T1GSPM 	EQU 	4
T1GSS0 	EQU 	0
T1GSS1 	EQU 	1
T1GSS2 	EQU 	2
T1GSS3 	EQU 	3
T1GSS4 	EQU 	4
T1GTM 	EQU 	5
T1GVAL 	EQU 	2
T1RD16 	EQU 	1
T2CKPOL 	EQU 	6
T2CKPS0 	EQU 	4
T2CKPS1 	EQU 	5
T2CKPS2 	EQU 	6
T2CKSYNC 	EQU 	5
T2CLK 	EQU 	801
T2CLKCON 	EQU 	801
T2CLKCON_CS3 	EQU 	3
T2CLKCON_CS4 	EQU 	4
T2CON 	EQU 	799
T2CON_CKPS0_T2CON 	EQU 	4
T2CON_CKPS1_T2CON 	EQU 	5
T2CON_CKPS2_T2CON 	EQU 	6
T2CON_OUTPS0 	EQU 	0
T2CON_OUTPS1 	EQU 	1
T2CON_OUTPS2 	EQU 	2
T2CON_OUTPS3 	EQU 	3
T2CON_T2CKPS0 	EQU 	4
T2CON_T2CKPS1 	EQU 	5
T2CON_T2CKPS2 	EQU 	6
T2CON_T2CON_OUTPS0 	EQU 	0
T2CON_T2CON_OUTPS1 	EQU 	1
T2CON_T2CON_OUTPS2 	EQU 	2
T2CON_T2CON_OUTPS3 	EQU 	3
T2CON_T2OUTPS0 	EQU 	0
T2CON_T2OUTPS1 	EQU 	1
T2CON_T2OUTPS2 	EQU 	2
T2CON_T2OUTPS3 	EQU 	3
T2CS0 	EQU 	0
T2CS1 	EQU 	1
T2CS2 	EQU 	2
T2CS3 	EQU 	3
T2CS4 	EQU 	4
T2HLT 	EQU 	800
T2HLT_MODE0 	EQU 	0
T2HLT_MODE1 	EQU 	1
T2HLT_MODE2 	EQU 	2
T2HLT_MODE3 	EQU 	3
T2HLT_MODE4 	EQU 	4
T2HLT_T2HLT_MODE0 	EQU 	0
T2HLT_T2HLT_MODE1 	EQU 	1
T2HLT_T2HLT_MODE2 	EQU 	2
T2HLT_T2HLT_MODE3 	EQU 	3
T2HLT_T2MODE0 	EQU 	0
T2HLT_T2MODE1 	EQU 	1
T2HLT_T2MODE2 	EQU 	2
T2HLT_T2MODE3 	EQU 	3
T2HLT_T2MODE4 	EQU 	4
T2INPPS 	EQU 	584
T2INPPS0 	EQU 	0
T2INPPS1 	EQU 	1
T2INPPS2 	EQU 	2
T2INPPS3 	EQU 	3
T2INPPS4 	EQU 	4
T2INPPS5 	EQU 	5
T2INPPS6 	EQU 	6
T2INPPS7 	EQU 	7
T2INPPS_PIN0 	EQU 	0
T2INPPS_PIN1 	EQU 	1
T2INPPS_PIN2 	EQU 	2
T2INPPS_PORT0 	EQU 	3
T2INPPS_PORT1 	EQU 	4
T2INPPS_PORT2 	EQU 	5
T2INPPS_PORT3 	EQU 	6
T2INPPS_PORT4 	EQU 	7
T2MODE0 	EQU 	0
T2MODE1 	EQU 	1
T2MODE2 	EQU 	2
T2MODE3 	EQU 	3
T2MODE4 	EQU 	4
T2ON 	EQU 	7
T2OUTPS0 	EQU 	0
T2OUTPS1 	EQU 	1
T2OUTPS2 	EQU 	2
T2OUTPS3 	EQU 	3
T2PR 	EQU 	798
T2PSYNC 	EQU 	7
T2RSEL0 	EQU 	0
T2RSEL1 	EQU 	1
T2RSEL2 	EQU 	2
T2RSEL3 	EQU 	3
T2RSEL4 	EQU 	4
T2RST 	EQU 	802
T2TMR 	EQU 	797
T3CKIPPS 	EQU 	580
T3CKIPPS0 	EQU 	0
T3CKIPPS1 	EQU 	1
T3CKIPPS2 	EQU 	2
T3CKIPPS3 	EQU 	3
T3CKIPPS4 	EQU 	4
T3CKIPPS5 	EQU 	5
T3CKIPPS6 	EQU 	6
T3CKIPPS7 	EQU 	7
T3CKIPPS_PIN0 	EQU 	0
T3CKIPPS_PIN1 	EQU 	1
T3CKIPPS_PIN2 	EQU 	2
T3CKIPPS_PORT0 	EQU 	3
T3CKIPPS_PORT1 	EQU 	4
T3CKIPPS_PORT2 	EQU 	5
T3CKIPPS_PORT3 	EQU 	6
T3CKIPPS_PORT4 	EQU 	7
T3CKPS0 	EQU 	4
T3CKPS1 	EQU 	5
T3CLK 	EQU 	808
T3CLK_CS3 	EQU 	3
T3CLK_CS4 	EQU 	4
T3CON 	EQU 	805
T3CON_CKPS0_T3CON 	EQU 	4
T3CON_CKPS1_T3CON 	EQU 	5
T3CON_NOT_SYNC 	EQU 	2
T3CON_NSYNC 	EQU 	2
T3CON_RD16 	EQU 	1
T3CS0 	EQU 	0
T3CS1 	EQU 	1
T3CS2 	EQU 	2
T3CS3 	EQU 	3
T3CS4 	EQU 	4
T3GATE 	EQU 	807
T3GATE_GSS0 	EQU 	0
T3GATE_GSS1 	EQU 	1
T3GATE_GSS2 	EQU 	2
T3GATE_GSS3 	EQU 	3
T3GATE_GSS4 	EQU 	4
T3GCON 	EQU 	806
T3GCON_GE 	EQU 	7
T3GCON_GGO 	EQU 	3
T3GCON_GGO_NDONE 	EQU 	3
T3GCON_GGO_NOT_DONE 	EQU 	3
T3GCON_GSPM 	EQU 	4
T3GCON_GTM 	EQU 	5
T3GCON_GVAL 	EQU 	2
T3GE 	EQU 	7
T3GGO 	EQU 	3
T3GGO_NDONE 	EQU 	3
T3GGO_NOT_DONE 	EQU 	3
T3GPOL 	EQU 	6
T3GPPS 	EQU 	581
T3GPPS0 	EQU 	0
T3GPPS1 	EQU 	1
T3GPPS2 	EQU 	2
T3GPPS3 	EQU 	3
T3GPPS4 	EQU 	4
T3GPPS5 	EQU 	5
T3GPPS6 	EQU 	6
T3GPPS7 	EQU 	7
T3GPPS_PIN0 	EQU 	0
T3GPPS_PIN1 	EQU 	1
T3GPPS_PIN2 	EQU 	2
T3GPPS_PORT0 	EQU 	3
T3GPPS_PORT1 	EQU 	4
T3GPPS_PORT2 	EQU 	5
T3GPPS_PORT3 	EQU 	6
T3GPPS_PORT4 	EQU 	7
T3GSPM 	EQU 	4
T3GSS0 	EQU 	0
T3GSS1 	EQU 	1
T3GSS2 	EQU 	2
T3GSS3 	EQU 	3
T3GSS4 	EQU 	4
T3GTM 	EQU 	5
T3GVAL 	EQU 	2
T3RD16 	EQU 	1
T4CKPOL 	EQU 	6
T4CKPS0 	EQU 	4
T4CKPS1 	EQU 	5
T4CKPS2 	EQU 	6
T4CKSYNC 	EQU 	5
T4CLK 	EQU 	814
T4CLKCON 	EQU 	814
T4CLKCON_CS3 	EQU 	3
T4CLKCON_CS4 	EQU 	4
T4CON 	EQU 	812
T4CON_CKPS0_T4CON 	EQU 	4
T4CON_CKPS1_T4CON 	EQU 	5
T4CON_CKPS2_T4CON 	EQU 	6
T4CON_OUTPS0 	EQU 	0
T4CON_OUTPS1 	EQU 	1
T4CON_OUTPS2 	EQU 	2
T4CON_OUTPS3 	EQU 	3
T4CON_T4CKPS0 	EQU 	4
T4CON_T4CKPS1 	EQU 	5
T4CON_T4CKPS2 	EQU 	6
T4CON_T4CON_OUTPS0 	EQU 	0
T4CON_T4CON_OUTPS1 	EQU 	1
T4CON_T4CON_OUTPS2 	EQU 	2
T4CON_T4CON_OUTPS3 	EQU 	3
T4CON_T4OUTPS0 	EQU 	0
T4CON_T4OUTPS1 	EQU 	1
T4CON_T4OUTPS2 	EQU 	2
T4CON_T4OUTPS3 	EQU 	3
T4CS0 	EQU 	0
T4CS1 	EQU 	1
T4CS2 	EQU 	2
T4CS3 	EQU 	3
T4CS4 	EQU 	4
T4HLT 	EQU 	813
T4HLT_CKPOL 	EQU 	6
T4HLT_CKSYNC 	EQU 	5
T4HLT_MODE0 	EQU 	0
T4HLT_MODE1 	EQU 	1
T4HLT_MODE2 	EQU 	2
T4HLT_MODE3 	EQU 	3
T4HLT_MODE4 	EQU 	4
T4HLT_PSYNC 	EQU 	7
T4HLT_T4HLT_MODE0 	EQU 	0
T4HLT_T4HLT_MODE1 	EQU 	1
T4HLT_T4HLT_MODE2 	EQU 	2
T4HLT_T4HLT_MODE3 	EQU 	3
T4HLT_T4HLT_MODE4 	EQU 	4
T4HLT_T4MODE0 	EQU 	0
T4HLT_T4MODE1 	EQU 	1
T4HLT_T4MODE2 	EQU 	2
T4HLT_T4MODE3 	EQU 	3
T4HLT_T4MODE4 	EQU 	4
T4INPPS 	EQU 	585
T4INPPS0 	EQU 	0
T4INPPS1 	EQU 	1
T4INPPS2 	EQU 	2
T4INPPS3 	EQU 	3
T4INPPS4 	EQU 	4
T4INPPS5 	EQU 	5
T4INPPS6 	EQU 	6
T4INPPS7 	EQU 	7
T4INPPS_PIN0 	EQU 	0
T4INPPS_PIN1 	EQU 	1
T4INPPS_PIN2 	EQU 	2
T4INPPS_PORT0 	EQU 	3
T4INPPS_PORT1 	EQU 	4
T4INPPS_PORT2 	EQU 	5
T4INPPS_PORT3 	EQU 	6
T4INPPS_PORT4 	EQU 	7
T4MODE0 	EQU 	0
T4MODE1 	EQU 	1
T4MODE2 	EQU 	2
T4MODE3 	EQU 	3
T4MODE4 	EQU 	4
T4ON 	EQU 	7
T4OUTPS0 	EQU 	0
T4OUTPS1 	EQU 	1
T4OUTPS2 	EQU 	2
T4OUTPS3 	EQU 	3
T4PR 	EQU 	811
T4PSYNC 	EQU 	7
T4RSEL0 	EQU 	0
T4RSEL1 	EQU 	1
T4RSEL2 	EQU 	2
T4RSEL3 	EQU 	3
T4RSEL4 	EQU 	4
T4RST 	EQU 	815
T4RST_RSEL0 	EQU 	0
T4RST_RSEL1 	EQU 	1
T4RST_RSEL2 	EQU 	2
T4RST_RSEL3 	EQU 	3
T4RST_RSEL4 	EQU 	4
T4TMR 	EQU 	810
TABLAT 	EQU 	1269
TBLPTR 	EQU 	1270
TBLPTR0 	EQU 	0
TBLPTR1 	EQU 	1
TBLPTR10 	EQU 	16
TBLPTR11 	EQU 	17
TBLPTR12 	EQU 	18
TBLPTR13 	EQU 	19
TBLPTR14 	EQU 	20
TBLPTR15 	EQU 	21
TBLPTR16 	EQU 	22
TBLPTR17 	EQU 	23
TBLPTR18 	EQU 	24
TBLPTR19 	EQU 	25
TBLPTR2 	EQU 	2
TBLPTR20 	EQU 	32
TBLPTR3 	EQU 	3
TBLPTR4 	EQU 	4
TBLPTR5 	EQU 	5
TBLPTR6 	EQU 	6
TBLPTR7 	EQU 	7
TBLPTR8 	EQU 	8
TBLPTR9 	EQU 	9
TBLPTRH 	EQU 	1271
TBLPTRL 	EQU 	1270
TBLPTRU 	EQU 	1272
TBLPTRU0 	EQU 	0
TBLPTRU1 	EQU 	1
TBLPTRU2 	EQU 	2
TBLPTRU3 	EQU 	3
TBLPTRU4 	EQU 	4
TBLPTRU5 	EQU 	5
TCNTH0 	EQU 	0
TCNTH1 	EQU 	1
TCNTH2 	EQU 	2
TCZIE 	EQU 	6
TCZIF 	EQU 	6
TH0 	EQU 	0
TH1 	EQU 	1
TIMERSELECTIONBITS 	EQU 	1349
TMD0 	EQU 	0
TMD1 	EQU 	1
TMD2 	EQU 	2
TMR0 	EQU 	792
TMR0H 	EQU 	793
TMR0H0 	EQU 	0
TMR0H1 	EQU 	1
TMR0H2 	EQU 	2
TMR0H3 	EQU 	3
TMR0H4 	EQU 	4
TMR0H5 	EQU 	5
TMR0H6 	EQU 	6
TMR0H7 	EQU 	7
TMR0IE 	EQU 	3
TMR0IF 	EQU 	3
TMR0IP 	EQU 	3
TMR0L 	EQU 	792
TMR0L0 	EQU 	0
TMR0L1 	EQU 	1
TMR0L2 	EQU 	2
TMR0L3 	EQU 	3
TMR0L4 	EQU 	4
TMR0L5 	EQU 	5
TMR0L6 	EQU 	6
TMR0L7 	EQU 	7
TMR0MD 	EQU 	0
TMR1 	EQU 	786
TMR10 	EQU 	0
TMR11 	EQU 	1
TMR110 	EQU 	2
TMR111 	EQU 	3
TMR112 	EQU 	4
TMR113 	EQU 	5
TMR114 	EQU 	6
TMR115 	EQU 	7
TMR12 	EQU 	2
TMR13 	EQU 	3
TMR14 	EQU 	4
TMR15 	EQU 	5
TMR16 	EQU 	6
TMR17 	EQU 	7
TMR18 	EQU 	0
TMR19 	EQU 	1
TMR1CLK 	EQU 	791
TMR1CON 	EQU 	788
TMR1GATE 	EQU 	790
TMR1GCON 	EQU 	789
TMR1GIE 	EQU 	3
TMR1GIF 	EQU 	3
TMR1GIP 	EQU 	3
TMR1H 	EQU 	787
TMR1H0 	EQU 	0
TMR1H1 	EQU 	1
TMR1H2 	EQU 	2
TMR1H3 	EQU 	3
TMR1H4 	EQU 	4
TMR1H5 	EQU 	5
TMR1H6 	EQU 	6
TMR1H7 	EQU 	7
TMR1IE 	EQU 	2
TMR1IF 	EQU 	2
TMR1IP 	EQU 	2
TMR1L 	EQU 	786
TMR1L0 	EQU 	0
TMR1L1 	EQU 	1
TMR1L2 	EQU 	2
TMR1L3 	EQU 	3
TMR1L4 	EQU 	4
TMR1L5 	EQU 	5
TMR1L6 	EQU 	6
TMR1L7 	EQU 	7
TMR1MD 	EQU 	1
TMR1ON 	EQU 	0
TMR2 	EQU 	797
TMR2IE 	EQU 	6
TMR2IF 	EQU 	6
TMR2IP 	EQU 	6
TMR2MD 	EQU 	2
TMR2ON 	EQU 	7
TMR3 	EQU 	803
TMR30 	EQU 	0
TMR31 	EQU 	1
TMR310 	EQU 	2
TMR311 	EQU 	3
TMR312 	EQU 	4
TMR313 	EQU 	5
TMR314 	EQU 	6
TMR315 	EQU 	7
TMR32 	EQU 	2
TMR33 	EQU 	3
TMR34 	EQU 	4
TMR35 	EQU 	5
TMR36 	EQU 	6
TMR37 	EQU 	7
TMR38 	EQU 	0
TMR39 	EQU 	1
TMR3CLK 	EQU 	808
TMR3CON 	EQU 	805
TMR3GATE 	EQU 	807
TMR3GCON 	EQU 	806
TMR3GIE 	EQU 	5
TMR3GIF 	EQU 	5
TMR3GIP 	EQU 	5
TMR3H 	EQU 	804
TMR3H0 	EQU 	0
TMR3H1 	EQU 	1
TMR3H2 	EQU 	2
TMR3H3 	EQU 	3
TMR3H4 	EQU 	4
TMR3H5 	EQU 	5
TMR3H6 	EQU 	6
TMR3H7 	EQU 	7
TMR3IE 	EQU 	4
TMR3IF 	EQU 	4
TMR3IP 	EQU 	4
TMR3L 	EQU 	803
TMR3L0 	EQU 	0
TMR3L1 	EQU 	1
TMR3L2 	EQU 	2
TMR3L3 	EQU 	3
TMR3L4 	EQU 	4
TMR3L5 	EQU 	5
TMR3L6 	EQU 	6
TMR3L7 	EQU 	7
TMR3ON 	EQU 	0
TMR4 	EQU 	810
TMR4IE 	EQU 	7
TMR4IF 	EQU 	7
TMR4IP 	EQU 	7
TMR4MD 	EQU 	4
TMR4ON 	EQU 	7
TMRAOSEN 	EQU 	6
TMRBOSEN 	EQU 	6
TMRH0 	EQU 	0
TMRH1 	EQU 	1
TMRH2 	EQU 	2
TMRH3 	EQU 	3
TMRH4 	EQU 	4
TMRH5 	EQU 	5
TMRH6 	EQU 	6
TMRH7 	EQU 	7
TMRL0 	EQU 	0
TMRL1 	EQU 	1
TMRL2 	EQU 	2
TMRL3 	EQU 	3
TMRL4 	EQU 	4
TMRL5 	EQU 	5
TMRL6 	EQU 	6
TMRL7 	EQU 	7
TMRT0 	EQU 	0
TMRT1 	EQU 	1
TMRT2 	EQU 	2
TMRT3 	EQU 	3
TMRT4 	EQU 	4
TMRT5 	EQU 	5
TMRT6 	EQU 	6
TMRT7 	EQU 	7
TO 	EQU 	6
TOBY32 	EQU 	6
TOREC 	EQU 	7
TOS 	EQU 	1277
TOS0 	EQU 	0
TOS1 	EQU 	1
TOS10 	EQU 	16
TOS11 	EQU 	17
TOS12 	EQU 	18
TOS13 	EQU 	19
TOS14 	EQU 	20
TOS15 	EQU 	21
TOS16 	EQU 	22
TOS17 	EQU 	23
TOS18 	EQU 	24
TOS19 	EQU 	25
TOS2 	EQU 	2
TOS20 	EQU 	32
TOS3 	EQU 	3
TOS4 	EQU 	4
TOS5 	EQU 	5
TOS6 	EQU 	6
TOS7 	EQU 	7
TOS8 	EQU 	8
TOS9 	EQU 	9
TOSH 	EQU 	1278
TOSL 	EQU 	1277
TOSU 	EQU 	1279
TOTIME0 	EQU 	0
TOTIME1 	EQU 	1
TOTIME2 	EQU 	2
TOTIME3 	EQU 	3
TOTIME4 	EQU 	4
TOTIME5 	EQU 	5
TRIGEN 	EQU 	6
TRISA 	EQU 	328
TRISA0 	EQU 	0
TRISA1 	EQU 	1
TRISA2 	EQU 	2
TRISA3 	EQU 	3
TRISA4 	EQU 	4
TRISA5 	EQU 	5
TRISA6 	EQU 	6
TRISA7 	EQU 	7
TRISB 	EQU 	329
TRISB0 	EQU 	0
TRISB1 	EQU 	1
TRISB2 	EQU 	2
TRISB3 	EQU 	3
TRISB4 	EQU 	4
TRISB5 	EQU 	5
TRISB6 	EQU 	6
TRISB7 	EQU 	7
TRISC 	EQU 	330
TRISC0 	EQU 	0
TRISC0PPS 	EQU 	401
TRISC0PPS0 	EQU 	0
TRISC0PPS1 	EQU 	1
TRISC0PPS2 	EQU 	2
TRISC0PPS3 	EQU 	3
TRISC0PPS4 	EQU 	4
TRISC1 	EQU 	1
TRISC1PPS 	EQU 	402
TRISC1PPS0 	EQU 	0
TRISC1PPS1 	EQU 	1
TRISC1PPS2 	EQU 	2
TRISC1PPS3 	EQU 	3
TRISC1PPS4 	EQU 	4
TRISC2 	EQU 	2
TRISC2PPS 	EQU 	403
TRISC2PPS0 	EQU 	0
TRISC2PPS1 	EQU 	1
TRISC2PPS2 	EQU 	2
TRISC2PPS3 	EQU 	3
TRISC2PPS4 	EQU 	4
TRISC3 	EQU 	3
TRISC3PPS 	EQU 	404
TRISC3PPS0 	EQU 	0
TRISC3PPS1 	EQU 	1
TRISC3PPS2 	EQU 	2
TRISC3PPS3 	EQU 	3
TRISC3PPS4 	EQU 	4
TRISC4 	EQU 	4
TRISC4PPS 	EQU 	405
TRISC4PPS0 	EQU 	0
TRISC4PPS1 	EQU 	1
TRISC4PPS2 	EQU 	2
TRISC4PPS3 	EQU 	3
TRISC4PPS4 	EQU 	4
TRISC5 	EQU 	5
TRISC5PPS 	EQU 	406
TRISC5PPS0 	EQU 	0
TRISC5PPS1 	EQU 	1
TRISC5PPS2 	EQU 	2
TRISC5PPS3 	EQU 	3
TRISC5PPS4 	EQU 	4
TRISC6 	EQU 	6
TRISC6PPS 	EQU 	407
TRISC6PPS0 	EQU 	0
TRISC6PPS1 	EQU 	1
TRISC6PPS2 	EQU 	2
TRISC6PPS3 	EQU 	3
TRISC6PPS4 	EQU 	4
TRISC7 	EQU 	7
TRISD 	EQU 	331
TRISD0 	EQU 	0
TRISD1 	EQU 	1
TRISD2 	EQU 	2
TRISD3 	EQU 	3
TRISD4 	EQU 	4
TRISD5 	EQU 	5
TRISD6 	EQU 	6
TRISD7 	EQU 	7
TRISE 	EQU 	332
TRISE0 	EQU 	0
TRISE1 	EQU 	1
TRISE2 	EQU 	2
TSEL0 	EQU 	0
TSEL1 	EQU 	1
TSEL2 	EQU 	2
TSEL3 	EQU 	3
TSEN 	EQU 	5
TSRNG 	EQU 	4
TU16ACAPT 	EQU 	3
TU16ACIE 	EQU 	0
TU16ACIF 	EQU 	0
TU16ACLK 	EQU 	937
TU16ACLK0 	EQU 	0
TU16ACLK1 	EQU 	1
TU16ACLK2 	EQU 	2
TU16ACLK3 	EQU 	3
TU16ACLK4 	EQU 	4
TU16ACLK_CLK0 	EQU 	0
TU16ACLK_CLK1 	EQU 	1
TU16ACLK_CLK2 	EQU 	2
TU16ACLK_CLK3 	EQU 	3
TU16ACLK_CLK4 	EQU 	4
TU16ACLR 	EQU 	5
TU16ACON0 	EQU 	925
TU16ACON1 	EQU 	926
TU16ACPOL 	EQU 	6
TU16ACR 	EQU 	929
TU16ACR0 	EQU 	0
TU16ACR1 	EQU 	1
TU16ACR10 	EQU 	2
TU16ACR11 	EQU 	3
TU16ACR12 	EQU 	4
TU16ACR13 	EQU 	5
TU16ACR14 	EQU 	6
TU16ACR15 	EQU 	7
TU16ACR2 	EQU 	2
TU16ACR24 	EQU 	0
TU16ACR25 	EQU 	1
TU16ACR26 	EQU 	2
TU16ACR27 	EQU 	3
TU16ACR28 	EQU 	4
TU16ACR29 	EQU 	5
TU16ACR3 	EQU 	3
TU16ACR30 	EQU 	6
TU16ACR31 	EQU 	7
TU16ACR4 	EQU 	4
TU16ACR5 	EQU 	5
TU16ACR6 	EQU 	6
TU16ACR7 	EQU 	7
TU16ACR8 	EQU 	0
TU16ACR9 	EQU 	1
TU16ACRH 	EQU 	930
TU16ACRH0 	EQU 	0
TU16ACRH1 	EQU 	1
TU16ACRH2 	EQU 	2
TU16ACRH3 	EQU 	3
TU16ACRH4 	EQU 	4
TU16ACRH5 	EQU 	5
TU16ACRH6 	EQU 	6
TU16ACRH7 	EQU 	7
TU16ACRL 	EQU 	929
TU16ACRL0 	EQU 	0
TU16ACRL1 	EQU 	1
TU16ACRL2 	EQU 	2
TU16ACRL3 	EQU 	3
TU16ACRL4 	EQU 	4
TU16ACRL5 	EQU 	5
TU16ACRL6 	EQU 	6
TU16ACRL7 	EQU 	7
TU16ACRT 	EQU 	932
TU16ACRT0 	EQU 	0
TU16ACRT1 	EQU 	1
TU16ACRT2 	EQU 	2
TU16ACRT3 	EQU 	3
TU16ACRT4 	EQU 	4
TU16ACRT5 	EQU 	5
TU16ACRT6 	EQU 	6
TU16ACRT7 	EQU 	7
TU16ACSYNC 	EQU 	6
TU16AEPOL 	EQU 	7
TU16AERS 	EQU 	938
TU16AERS0 	EQU 	0
TU16AERS1 	EQU 	1
TU16AERS2 	EQU 	2
TU16AERS3 	EQU 	3
TU16AERS4 	EQU 	4
TU16AERS5 	EQU 	5
TU16AERS_ERS0 	EQU 	0
TU16AERS_ERS1 	EQU 	1
TU16AERS_ERS2 	EQU 	2
TU16AERS_ERS3 	EQU 	3
TU16AHLT 	EQU 	927
TU16AHLT_RESET0 	EQU 	2
TU16AHLT_RESET1 	EQU 	3
TU16AHLT_START0 	EQU 	4
TU16AHLT_START1 	EQU 	5
TU16AHLT_STOP0 	EQU 	0
TU16AHLT_STOP1 	EQU 	1
TU16AHLT_TU16ARESET0 	EQU 	2
TU16AHLT_TU16ARESET1 	EQU 	3
TU16AHLT_TU16ASTART0 	EQU 	4
TU16AHLT_TU16ASTART1 	EQU 	5
TU16AHLT_TU16ASTOP0 	EQU 	0
TU16AHLT_TU16ASTOP1 	EQU 	1
TU16AIE 	EQU 	0
TU16AIF 	EQU 	0
TU16AIP 	EQU 	0
TU16ALIMIT 	EQU 	4
TU16AMD 	EQU 	1
TU16AOM 	EQU 	5
TU16AON 	EQU 	7
TU16AOPOL 	EQU 	4
TU16APR 	EQU 	933
TU16APR0 	EQU 	0
TU16APR1 	EQU 	1
TU16APR10 	EQU 	2
TU16APR11 	EQU 	3
TU16APR12 	EQU 	4
TU16APR13 	EQU 	5
TU16APR14 	EQU 	6
TU16APR15 	EQU 	7
TU16APR2 	EQU 	2
TU16APR24 	EQU 	0
TU16APR25 	EQU 	1
TU16APR26 	EQU 	2
TU16APR27 	EQU 	3
TU16APR28 	EQU 	4
TU16APR29 	EQU 	5
TU16APR3 	EQU 	3
TU16APR30 	EQU 	6
TU16APR31 	EQU 	7
TU16APR4 	EQU 	4
TU16APR5 	EQU 	5
TU16APR6 	EQU 	6
TU16APR7 	EQU 	7
TU16APR8 	EQU 	0
TU16APR9 	EQU 	1
TU16APRH 	EQU 	934
TU16APRH0 	EQU 	0
TU16APRH1 	EQU 	1
TU16APRH2 	EQU 	2
TU16APRH3 	EQU 	3
TU16APRH4 	EQU 	4
TU16APRH5 	EQU 	5
TU16APRH6 	EQU 	6
TU16APRH7 	EQU 	7
TU16APRIE 	EQU 	2
TU16APRIF 	EQU 	2
TU16APRL 	EQU 	933
TU16APRL0 	EQU 	0
TU16APRL1 	EQU 	1
TU16APRL2 	EQU 	2
TU16APRL3 	EQU 	3
TU16APRL4 	EQU 	4
TU16APRL5 	EQU 	5
TU16APRL6 	EQU 	6
TU16APRL7 	EQU 	7
TU16APRT 	EQU 	936
TU16APRT0 	EQU 	0
TU16APRT1 	EQU 	1
TU16APRT2 	EQU 	2
TU16APRT3 	EQU 	3
TU16APRT4 	EQU 	4
TU16APRT5 	EQU 	5
TU16APRT6 	EQU 	6
TU16APRT7 	EQU 	7
TU16APS 	EQU 	928
TU16APS0 	EQU 	0
TU16APS1 	EQU 	1
TU16APS2 	EQU 	2
TU16APS3 	EQU 	3
TU16APS4 	EQU 	4
TU16APS5 	EQU 	5
TU16APS6 	EQU 	6
TU16APS7 	EQU 	7
TU16ARDSEL 	EQU 	3
TU16ARESET0 	EQU 	2
TU16ARESET1 	EQU 	3
TU16ARUN 	EQU 	7
TU16ASTART0 	EQU 	4
TU16ASTART1 	EQU 	5
TU16ASTOP0 	EQU 	0
TU16ASTOP1 	EQU 	1
TU16ATMR 	EQU 	929
TU16ATMR0 	EQU 	0
TU16ATMR1 	EQU 	1
TU16ATMR10 	EQU 	2
TU16ATMR11 	EQU 	3
TU16ATMR12 	EQU 	4
TU16ATMR13 	EQU 	5
TU16ATMR14 	EQU 	6
TU16ATMR15 	EQU 	7
TU16ATMR2 	EQU 	2
TU16ATMR24 	EQU 	0
TU16ATMR25 	EQU 	1
TU16ATMR26 	EQU 	2
TU16ATMR27 	EQU 	3
TU16ATMR28 	EQU 	4
TU16ATMR29 	EQU 	5
TU16ATMR3 	EQU 	3
TU16ATMR30 	EQU 	6
TU16ATMR31 	EQU 	7
TU16ATMR4 	EQU 	4
TU16ATMR5 	EQU 	5
TU16ATMR6 	EQU 	6
TU16ATMR7 	EQU 	7
TU16ATMR8 	EQU 	0
TU16ATMR9 	EQU 	1
TU16ATMRH 	EQU 	930
TU16ATMRH0 	EQU 	0
TU16ATMRH1 	EQU 	1
TU16ATMRH2 	EQU 	2
TU16ATMRH3 	EQU 	3
TU16ATMRH4 	EQU 	4
TU16ATMRH5 	EQU 	5
TU16ATMRH6 	EQU 	6
TU16ATMRH7 	EQU 	7
TU16ATMRL 	EQU 	929
TU16ATMRL0 	EQU 	0
TU16ATMRL1 	EQU 	1
TU16ATMRL2 	EQU 	2
TU16ATMRL3 	EQU 	3
TU16ATMRL4 	EQU 	4
TU16ATMRL5 	EQU 	5
TU16ATMRL6 	EQU 	6
TU16ATMRL7 	EQU 	7
TU16ATMRT 	EQU 	932
TU16ATMRT0 	EQU 	0
TU16ATMRT1 	EQU 	1
TU16ATMRT2 	EQU 	2
TU16ATMRT3 	EQU 	3
TU16ATMRT4 	EQU 	4
TU16ATMRT5 	EQU 	5
TU16ATMRT6 	EQU 	6
TU16ATMRT7 	EQU 	7
TU16AZIE 	EQU 	1
TU16AZIF 	EQU 	1
TU16BCAPT 	EQU 	3
TU16BCIE 	EQU 	0
TU16BCIF 	EQU 	0
TU16BCLK 	EQU 	951
TU16BCLK0 	EQU 	0
TU16BCLK1 	EQU 	1
TU16BCLK2 	EQU 	2
TU16BCLK3 	EQU 	3
TU16BCLK4 	EQU 	4
TU16BCLK_CLK0 	EQU 	0
TU16BCLK_CLK1 	EQU 	1
TU16BCLK_CLK2 	EQU 	2
TU16BCLK_CLK3 	EQU 	3
TU16BCLK_CLK4 	EQU 	4
TU16BCLR 	EQU 	5
TU16BCON0 	EQU 	939
TU16BCON0_CIE 	EQU 	0
TU16BCON0_CPOL 	EQU 	6
TU16BCON0_OM 	EQU 	5
TU16BCON0_OPOL 	EQU 	4
TU16BCON0_PRIE 	EQU 	2
TU16BCON0_RDSEL 	EQU 	3
TU16BCON0_ZIE 	EQU 	1
TU16BCON1 	EQU 	940
TU16BCON1_CAPT 	EQU 	3
TU16BCON1_CIF 	EQU 	0
TU16BCON1_CLR 	EQU 	5
TU16BCON1_LIMIT 	EQU 	4
TU16BCON1_OSEN 	EQU 	6
TU16BCON1_PRIF 	EQU 	2
TU16BCON1_RUN 	EQU 	7
TU16BCON1_ZIF 	EQU 	1
TU16BCPOL 	EQU 	6
TU16BCR 	EQU 	943
TU16BCR0 	EQU 	0
TU16BCR1 	EQU 	1
TU16BCR10 	EQU 	2
TU16BCR11 	EQU 	3
TU16BCR12 	EQU 	4
TU16BCR13 	EQU 	5
TU16BCR14 	EQU 	6
TU16BCR15 	EQU 	7
TU16BCR2 	EQU 	2
TU16BCR24 	EQU 	0
TU16BCR25 	EQU 	1
TU16BCR26 	EQU 	2
TU16BCR27 	EQU 	3
TU16BCR28 	EQU 	4
TU16BCR29 	EQU 	5
TU16BCR3 	EQU 	3
TU16BCR30 	EQU 	6
TU16BCR31 	EQU 	7
TU16BCR4 	EQU 	4
TU16BCR5 	EQU 	5
TU16BCR6 	EQU 	6
TU16BCR7 	EQU 	7
TU16BCR8 	EQU 	0
TU16BCR9 	EQU 	1
TU16BCRH 	EQU 	944
TU16BCRH0 	EQU 	0
TU16BCRH1 	EQU 	1
TU16BCRH2 	EQU 	2
TU16BCRH3 	EQU 	3
TU16BCRH4 	EQU 	4
TU16BCRH5 	EQU 	5
TU16BCRH6 	EQU 	6
TU16BCRH7 	EQU 	7
TU16BCRL 	EQU 	943
TU16BCRL0 	EQU 	0
TU16BCRL1 	EQU 	1
TU16BCRL2 	EQU 	2
TU16BCRL3 	EQU 	3
TU16BCRL4 	EQU 	4
TU16BCRL5 	EQU 	5
TU16BCRL6 	EQU 	6
TU16BCRL7 	EQU 	7
TU16BCRT 	EQU 	946
TU16BCRT0 	EQU 	0
TU16BCRT1 	EQU 	1
TU16BCRT2 	EQU 	2
TU16BCRT3 	EQU 	3
TU16BCRT4 	EQU 	4
TU16BCRT5 	EQU 	5
TU16BCRT6 	EQU 	6
TU16BCRT7 	EQU 	7
TU16BCSYNC 	EQU 	6
TU16BEPOL 	EQU 	7
TU16BERS 	EQU 	952
TU16BERS0 	EQU 	0
TU16BERS1 	EQU 	1
TU16BERS2 	EQU 	2
TU16BERS3 	EQU 	3
TU16BERS4 	EQU 	4
TU16BERS5 	EQU 	5
TU16BERS_ERS0 	EQU 	0
TU16BERS_ERS1 	EQU 	1
TU16BERS_ERS2 	EQU 	2
TU16BERS_ERS3 	EQU 	3
TU16BERS_ERS4 	EQU 	4
TU16BERS_ERS5 	EQU 	5
TU16BHLT 	EQU 	941
TU16BHLT_CSYNC 	EQU 	6
TU16BHLT_EPOL 	EQU 	7
TU16BHLT_RESET0 	EQU 	2
TU16BHLT_RESET1 	EQU 	3
TU16BHLT_START0 	EQU 	4
TU16BHLT_START1 	EQU 	5
TU16BHLT_STOP0 	EQU 	0
TU16BHLT_STOP1 	EQU 	1
TU16BHLT_TU16BHLT_RESET0 	EQU 	2
TU16BHLT_TU16BHLT_RESET1 	EQU 	3
TU16BHLT_TU16BHLT_START0 	EQU 	4
TU16BHLT_TU16BHLT_START1 	EQU 	5
TU16BHLT_TU16BHLT_STOP0 	EQU 	0
TU16BHLT_TU16BHLT_STOP1 	EQU 	1
TU16BHLT_TU16BRESET0 	EQU 	2
TU16BHLT_TU16BRESET1 	EQU 	3
TU16BHLT_TU16BSTART0 	EQU 	4
TU16BHLT_TU16BSTART1 	EQU 	5
TU16BHLT_TU16BSTOP0 	EQU 	0
TU16BHLT_TU16BSTOP1 	EQU 	1
TU16BIE 	EQU 	1
TU16BIF 	EQU 	1
TU16BIP 	EQU 	1
TU16BLIMIT 	EQU 	4
TU16BMD 	EQU 	2
TU16BOM 	EQU 	5
TU16BON 	EQU 	7
TU16BOPOL 	EQU 	4
TU16BPR 	EQU 	947
TU16BPR0 	EQU 	0
TU16BPR1 	EQU 	1
TU16BPR10 	EQU 	2
TU16BPR11 	EQU 	3
TU16BPR12 	EQU 	4
TU16BPR13 	EQU 	5
TU16BPR14 	EQU 	6
TU16BPR15 	EQU 	7
TU16BPR2 	EQU 	2
TU16BPR24 	EQU 	0
TU16BPR25 	EQU 	1
TU16BPR26 	EQU 	2
TU16BPR27 	EQU 	3
TU16BPR28 	EQU 	4
TU16BPR29 	EQU 	5
TU16BPR3 	EQU 	3
TU16BPR30 	EQU 	6
TU16BPR31 	EQU 	7
TU16BPR4 	EQU 	4
TU16BPR5 	EQU 	5
TU16BPR6 	EQU 	6
TU16BPR7 	EQU 	7
TU16BPR8 	EQU 	0
TU16BPR9 	EQU 	1
TU16BPRH 	EQU 	948
TU16BPRH0 	EQU 	0
TU16BPRH1 	EQU 	1
TU16BPRH2 	EQU 	2
TU16BPRH3 	EQU 	3
TU16BPRH4 	EQU 	4
TU16BPRH5 	EQU 	5
TU16BPRH6 	EQU 	6
TU16BPRH7 	EQU 	7
TU16BPRH_PRH0 	EQU 	0
TU16BPRH_PRH1 	EQU 	1
TU16BPRH_PRH2 	EQU 	2
TU16BPRH_PRH3 	EQU 	3
TU16BPRH_PRH4 	EQU 	4
TU16BPRH_PRH5 	EQU 	5
TU16BPRH_PRH6 	EQU 	6
TU16BPRH_PRH7 	EQU 	7
TU16BPRIE 	EQU 	2
TU16BPRIF 	EQU 	2
TU16BPRL 	EQU 	947
TU16BPRL0 	EQU 	0
TU16BPRL1 	EQU 	1
TU16BPRL2 	EQU 	2
TU16BPRL3 	EQU 	3
TU16BPRL4 	EQU 	4
TU16BPRL5 	EQU 	5
TU16BPRL6 	EQU 	6
TU16BPRL7 	EQU 	7
TU16BPRT 	EQU 	950
TU16BPRT0 	EQU 	0
TU16BPRT1 	EQU 	1
TU16BPRT2 	EQU 	2
TU16BPRT3 	EQU 	3
TU16BPRT4 	EQU 	4
TU16BPRT5 	EQU 	5
TU16BPRT6 	EQU 	6
TU16BPRT7 	EQU 	7
TU16BPRT_PRT0 	EQU 	0
TU16BPRT_PRT1 	EQU 	1
TU16BPRT_PRT2 	EQU 	2
TU16BPRT_PRT3 	EQU 	3
TU16BPRT_PRT4 	EQU 	4
TU16BPRT_PRT5 	EQU 	5
TU16BPRT_PRT6 	EQU 	6
TU16BPRT_PRT7 	EQU 	7
TU16BPR_PRL0 	EQU 	0
TU16BPR_PRL1 	EQU 	1
TU16BPR_PRL2 	EQU 	2
TU16BPR_PRL3 	EQU 	3
TU16BPR_PRL4 	EQU 	4
TU16BPR_PRL5 	EQU 	5
TU16BPR_PRL6 	EQU 	6
TU16BPR_PRL7 	EQU 	7
TU16BPS 	EQU 	942
TU16BPS0 	EQU 	0
TU16BPS1 	EQU 	1
TU16BPS2 	EQU 	2
TU16BPS3 	EQU 	3
TU16BPS4 	EQU 	4
TU16BPS5 	EQU 	5
TU16BPS6 	EQU 	6
TU16BPS7 	EQU 	7
TU16BPS_PS0 	EQU 	0
TU16BPS_PS1 	EQU 	1
TU16BPS_PS2 	EQU 	2
TU16BPS_PS3 	EQU 	3
TU16BPS_PS4 	EQU 	4
TU16BPS_PS5 	EQU 	5
TU16BPS_PS6 	EQU 	6
TU16BPS_PS7 	EQU 	7
TU16BRDSEL 	EQU 	3
TU16BRESET0 	EQU 	2
TU16BRESET1 	EQU 	3
TU16BRUN 	EQU 	7
TU16BSTART0 	EQU 	4
TU16BSTART1 	EQU 	5
TU16BSTOP0 	EQU 	0
TU16BSTOP1 	EQU 	1
TU16BTMR 	EQU 	943
TU16BTMR0 	EQU 	0
TU16BTMR1 	EQU 	1
TU16BTMR10 	EQU 	2
TU16BTMR11 	EQU 	3
TU16BTMR12 	EQU 	4
TU16BTMR13 	EQU 	5
TU16BTMR14 	EQU 	6
TU16BTMR15 	EQU 	7
TU16BTMR2 	EQU 	2
TU16BTMR24 	EQU 	0
TU16BTMR25 	EQU 	1
TU16BTMR26 	EQU 	2
TU16BTMR27 	EQU 	3
TU16BTMR28 	EQU 	4
TU16BTMR29 	EQU 	5
TU16BTMR3 	EQU 	3
TU16BTMR30 	EQU 	6
TU16BTMR31 	EQU 	7
TU16BTMR4 	EQU 	4
TU16BTMR5 	EQU 	5
TU16BTMR6 	EQU 	6
TU16BTMR7 	EQU 	7
TU16BTMR8 	EQU 	0
TU16BTMR9 	EQU 	1
TU16BTMRH 	EQU 	944
TU16BTMRH0 	EQU 	0
TU16BTMRH1 	EQU 	1
TU16BTMRH2 	EQU 	2
TU16BTMRH3 	EQU 	3
TU16BTMRH4 	EQU 	4
TU16BTMRH5 	EQU 	5
TU16BTMRH6 	EQU 	6
TU16BTMRH7 	EQU 	7
TU16BTMRH_CRH0 	EQU 	0
TU16BTMRH_CRH1 	EQU 	1
TU16BTMRH_CRH2 	EQU 	2
TU16BTMRH_CRH3 	EQU 	3
TU16BTMRH_CRH4 	EQU 	4
TU16BTMRH_CRH5 	EQU 	5
TU16BTMRH_CRH6 	EQU 	6
TU16BTMRH_CRH7 	EQU 	7
TU16BTMRH_TMRH0 	EQU 	0
TU16BTMRH_TMRH1 	EQU 	1
TU16BTMRH_TMRH2 	EQU 	2
TU16BTMRH_TMRH3 	EQU 	3
TU16BTMRH_TMRH4 	EQU 	4
TU16BTMRH_TMRH5 	EQU 	5
TU16BTMRH_TMRH6 	EQU 	6
TU16BTMRH_TMRH7 	EQU 	7
TU16BTMRL 	EQU 	943
TU16BTMRL0 	EQU 	0
TU16BTMRL1 	EQU 	1
TU16BTMRL2 	EQU 	2
TU16BTMRL3 	EQU 	3
TU16BTMRL4 	EQU 	4
TU16BTMRL5 	EQU 	5
TU16BTMRL6 	EQU 	6
TU16BTMRL7 	EQU 	7
TU16BTMRT 	EQU 	946
TU16BTMRT0 	EQU 	0
TU16BTMRT1 	EQU 	1
TU16BTMRT2 	EQU 	2
TU16BTMRT3 	EQU 	3
TU16BTMRT4 	EQU 	4
TU16BTMRT5 	EQU 	5
TU16BTMRT6 	EQU 	6
TU16BTMRT7 	EQU 	7
TU16BTMRT_CRT0 	EQU 	0
TU16BTMRT_CRT1 	EQU 	1
TU16BTMRT_CRT2 	EQU 	2
TU16BTMRT_CRT3 	EQU 	3
TU16BTMRT_CRT4 	EQU 	4
TU16BTMRT_CRT5 	EQU 	5
TU16BTMRT_CRT6 	EQU 	6
TU16BTMRT_CRT7 	EQU 	7
TU16BTMRT_TMRT0 	EQU 	0
TU16BTMRT_TMRT1 	EQU 	1
TU16BTMRT_TMRT2 	EQU 	2
TU16BTMRT_TMRT3 	EQU 	3
TU16BTMRT_TMRT4 	EQU 	4
TU16BTMRT_TMRT5 	EQU 	5
TU16BTMRT_TMRT6 	EQU 	6
TU16BTMRT_TMRT7 	EQU 	7
TU16BTMR_CRL0 	EQU 	0
TU16BTMR_CRL1 	EQU 	1
TU16BTMR_CRL2 	EQU 	2
TU16BTMR_CRL3 	EQU 	3
TU16BTMR_CRL4 	EQU 	4
TU16BTMR_CRL5 	EQU 	5
TU16BTMR_CRL6 	EQU 	6
TU16BTMR_CRL7 	EQU 	7
TU16BTMR_TMRL0 	EQU 	0
TU16BTMR_TMRL1 	EQU 	1
TU16BTMR_TMRL2 	EQU 	2
TU16BTMR_TMRL3 	EQU 	3
TU16BTMR_TMRL4 	EQU 	4
TU16BTMR_TMRL5 	EQU 	5
TU16BTMR_TMRL6 	EQU 	6
TU16BTMR_TMRL7 	EQU 	7
TU16BZIE 	EQU 	1
TU16BZIF 	EQU 	1
TUCHAIN 	EQU 	953
TUIN0PPS 	EQU 	632
TUIN0PPS0 	EQU 	0
TUIN0PPS1 	EQU 	1
TUIN0PPS2 	EQU 	2
TUIN0PPS3 	EQU 	3
TUIN0PPS4 	EQU 	4
TUIN0PPS5 	EQU 	5
TUIN0PPS6 	EQU 	6
TUIN0PPS7 	EQU 	7
TUIN0PPS_PIN0 	EQU 	0
TUIN0PPS_PIN1 	EQU 	1
TUIN0PPS_PIN2 	EQU 	2
TUIN0PPS_PORT0 	EQU 	3
TUIN0PPS_PORT1 	EQU 	4
TUIN0PPS_PORT2 	EQU 	5
TUIN0PPS_PORT3 	EQU 	6
TUIN0PPS_PORT4 	EQU 	7
TUIN1PPS 	EQU 	633
TUIN1PPS0 	EQU 	0
TUIN1PPS1 	EQU 	1
TUIN1PPS2 	EQU 	2
TUIN1PPS3 	EQU 	3
TUIN1PPS4 	EQU 	4
TUIN1PPS5 	EQU 	5
TUIN1PPS6 	EQU 	6
TUIN1PPS7 	EQU 	7
TUIN1PPS_PIN0 	EQU 	0
TUIN1PPS_PIN1 	EQU 	1
TUIN1PPS_PIN2 	EQU 	2
TUIN1PPS_PORT0 	EQU 	3
TUIN1PPS_PORT1 	EQU 	4
TUIN1PPS_PORT2 	EQU 	5
TUIN1PPS_PORT3 	EQU 	6
TUIN1PPS_PORT4 	EQU 	7
TUN0 	EQU 	0
TUN1 	EQU 	1
TUN2 	EQU 	2
TUN3 	EQU 	3
TUN4 	EQU 	4
TUN5 	EQU 	5
TWIDTH0 	EQU 	0
TWIDTH1 	EQU 	1
TWIDTH2 	EQU 	2
TXB0 	EQU 	0
TXB1 	EQU 	1
TXB2 	EQU 	2
TXB3 	EQU 	3
TXB4 	EQU 	4
TXB5 	EQU 	5
TXB6 	EQU 	6
TXB7 	EQU 	7
TXBE 	EQU 	5
TXBF 	EQU 	4
TXCIE 	EQU 	0
TXCIF 	EQU 	0
TXEN 	EQU 	5
TXMTIE 	EQU 	7
TXMTIF 	EQU 	7
TXPOL 	EQU 	2
TXR 	EQU 	1
TXU 	EQU 	1
TXUIE 	EQU 	1
TXUIF 	EQU 	1
TXWE 	EQU 	7
TXWRE 	EQU 	7
TX_PR 	EQU 	1350
U1ABDEN 	EQU 	6
U1ABDIE 	EQU 	2
U1ABDIF 	EQU 	6
U1ABDOVE 	EQU 	5
U1ABDOVF 	EQU 	5
U1BRG 	EQU 	707
U1BRGH 	EQU 	708
U1BRGL 	EQU 	707
U1BRGS 	EQU 	7
U1BRKOVR 	EQU 	1
U1C0EN 	EQU 	3
U1CERIE 	EQU 	4
U1CERIF 	EQU 	4
U1CON0 	EQU 	704
U1CON0_MODE0 	EQU 	0
U1CON0_MODE1 	EQU 	1
U1CON0_MODE2 	EQU 	2
U1CON0_MODE3 	EQU 	3
U1CON0_U1MODE0 	EQU 	0
U1CON0_U1MODE1 	EQU 	1
U1CON0_U1MODE2 	EQU 	2
U1CON0_U1MODE3 	EQU 	3
U1CON1 	EQU 	705
U1CON2 	EQU 	706
U1CON2_FLO0 	EQU 	0
U1CON2_FLO1 	EQU 	1
U1CON2_STP0 	EQU 	4
U1CON2_STP1 	EQU 	5
U1CON2_U1FLO0 	EQU 	0
U1CON2_U1FLO1 	EQU 	1
U1CON2_U1STP0 	EQU 	4
U1CON2_U1STP1 	EQU 	5
U1CTSPPS 	EQU 	627
U1CTSPPS0 	EQU 	0
U1CTSPPS1 	EQU 	1
U1CTSPPS2 	EQU 	2
U1CTSPPS3 	EQU 	3
U1CTSPPS4 	EQU 	4
U1CTSPPS5 	EQU 	5
U1CTSPPS6 	EQU 	6
U1CTSPPS7 	EQU 	7
U1CTSPPS_PIN0 	EQU 	0
U1CTSPPS_PIN1 	EQU 	1
U1CTSPPS_PIN2 	EQU 	2
U1CTSPPS_PORT0 	EQU 	3
U1CTSPPS_PORT1 	EQU 	4
U1CTSPPS_PORT2 	EQU 	5
U1CTSPPS_PORT3 	EQU 	6
U1CTSPPS_PORT4 	EQU 	7
U1EIE 	EQU 	2
U1EIF 	EQU 	2
U1EIP 	EQU 	2
U1ERRIE 	EQU 	712
U1ERRIR 	EQU 	711
U1FERIE 	EQU 	3
U1FERIF 	EQU 	3
U1FIFO 	EQU 	709
U1FLO0 	EQU 	0
U1FLO1 	EQU 	1
U1IE 	EQU 	3
U1IF 	EQU 	3
U1IP 	EQU 	3
U1MD 	EQU 	6
U1MODE0 	EQU 	0
U1MODE1 	EQU 	1
U1MODE2 	EQU 	2
U1MODE3 	EQU 	3
U1ON 	EQU 	7
U1P1 	EQU 	698
U1P1H 	EQU 	699
U1P1L 	EQU 	698
U1P2 	EQU 	700
U1P2H 	EQU 	701
U1P2L 	EQU 	700
U1P3 	EQU 	702
U1P3H 	EQU 	703
U1P3L 	EQU 	702
U1PERIE 	EQU 	6
U1PERIF 	EQU 	6
U1RCIDL 	EQU 	3
U1RUNOVF 	EQU 	7
U1RXB 	EQU 	694
U1RXBE 	EQU 	1
U1RXBF 	EQU 	0
U1RXBIMD 	EQU 	3
U1RXBKIE 	EQU 	2
U1RXBKIF 	EQU 	2
U1RXBL 	EQU 	694
U1RXCHK 	EQU 	695
U1RXEN 	EQU 	4
U1RXFOIE 	EQU 	1
U1RXFOIF 	EQU 	1
U1RXIDL 	EQU 	3
U1RXIE 	EQU 	0
U1RXIF 	EQU 	0
U1RXIP 	EQU 	0
U1RXPOL 	EQU 	6
U1RXPPS 	EQU 	626
U1RXPPS0 	EQU 	0
U1RXPPS1 	EQU 	1
U1RXPPS2 	EQU 	2
U1RXPPS3 	EQU 	3
U1RXPPS4 	EQU 	4
U1RXPPS5 	EQU 	5
U1RXPPS6 	EQU 	6
U1RXPPS7 	EQU 	7
U1RXPPS_PIN0 	EQU 	0
U1RXPPS_PIN1 	EQU 	1
U1RXPPS_PIN2 	EQU 	2
U1RXPPS_PORT0 	EQU 	3
U1RXPPS_PORT1 	EQU 	4
U1RXPPS_PORT2 	EQU 	5
U1RXPPS_PORT3 	EQU 	6
U1RXPPS_PORT4 	EQU 	7
U1SENDB 	EQU 	0
U1STP0 	EQU 	4
U1STP1 	EQU 	5
U1STPMD 	EQU 	6
U1TXB 	EQU 	696
U1TXBE 	EQU 	5
U1TXBF 	EQU 	4
U1TXBL 	EQU 	696
U1TXCHK 	EQU 	697
U1TXCIE 	EQU 	0
U1TXCIF 	EQU 	0
U1TXEN 	EQU 	5
U1TXIE 	EQU 	1
U1TXIF 	EQU 	1
U1TXIP 	EQU 	1
U1TXMTIE 	EQU 	7
U1TXMTIF 	EQU 	7
U1TXPOL 	EQU 	2
U1TXWRE 	EQU 	7
U1UIR 	EQU 	710
U1WUE 	EQU 	4
U1WUIF 	EQU 	7
U1XON 	EQU 	2
U2ABDEN 	EQU 	6
U2ABDIE 	EQU 	2
U2ABDIF 	EQU 	6
U2ABDOVE 	EQU 	5
U2ABDOVF 	EQU 	5
U2BRG 	EQU 	726
U2BRGH 	EQU 	727
U2BRGL 	EQU 	726
U2BRGS 	EQU 	7
U2BRKOVR 	EQU 	1
U2CERIE 	EQU 	4
U2CERIF 	EQU 	4
U2CON0 	EQU 	723
U2CON0_ABDEN 	EQU 	6
U2CON0_BRGS 	EQU 	7
U2CON0_MODE0 	EQU 	0
U2CON0_MODE1 	EQU 	1
U2CON0_MODE2 	EQU 	2
U2CON0_MODE3 	EQU 	3
U2CON0_RXEN 	EQU 	4
U2CON0_TXEN 	EQU 	5
U2CON0_U2CON0_MODE0 	EQU 	0
U2CON0_U2CON0_MODE1 	EQU 	1
U2CON0_U2CON0_MODE2 	EQU 	2
U2CON0_U2CON0_MODE3 	EQU 	3
U2CON0_U2MODE0 	EQU 	0
U2CON0_U2MODE1 	EQU 	1
U2CON0_U2MODE2 	EQU 	2
U2CON0_U2MODE3 	EQU 	3
U2CON1 	EQU 	724
U2CON1_BRKOVR 	EQU 	1
U2CON1_RXBIMD 	EQU 	3
U2CON1_SENDB 	EQU 	0
U2CON1_WUE 	EQU 	4
U2CON2 	EQU 	725
U2CON2_FLO0 	EQU 	0
U2CON2_FLO1 	EQU 	1
U2CON2_RUNOVF 	EQU 	7
U2CON2_RXPOL 	EQU 	6
U2CON2_STP0 	EQU 	4
U2CON2_STP1 	EQU 	5
U2CON2_TXPOL 	EQU 	2
U2CON2_U2CON2_FLO0 	EQU 	0
U2CON2_U2CON2_FLO1 	EQU 	1
U2CON2_U2CON2_STP0 	EQU 	4
U2CON2_U2CON2_STP1 	EQU 	5
U2CON2_U2FLO0 	EQU 	0
U2CON2_U2FLO1 	EQU 	1
U2CON2_U2STP0 	EQU 	4
U2CON2_U2STP1 	EQU 	5
U2CTSPPS 	EQU 	629
U2CTSPPS0 	EQU 	0
U2CTSPPS1 	EQU 	1
U2CTSPPS2 	EQU 	2
U2CTSPPS3 	EQU 	3
U2CTSPPS4 	EQU 	4
U2CTSPPS5 	EQU 	5
U2CTSPPS6 	EQU 	6
U2CTSPPS7 	EQU 	7
U2CTSPPS_PIN0 	EQU 	0
U2CTSPPS_PIN1 	EQU 	1
U2CTSPPS_PIN2 	EQU 	2
U2CTSPPS_PORT0 	EQU 	3
U2CTSPPS_PORT1 	EQU 	4
U2CTSPPS_PORT2 	EQU 	5
U2CTSPPS_PORT3 	EQU 	6
U2CTSPPS_PORT4 	EQU 	7
U2EIE 	EQU 	6
U2EIF 	EQU 	6
U2EIP 	EQU 	6
U2ERRIE 	EQU 	731
U2ERRIE_ABDOVE 	EQU 	5
U2ERRIE_CERIE 	EQU 	4
U2ERRIE_FERIE 	EQU 	3
U2ERRIE_PERIE 	EQU 	6
U2ERRIE_RXBKIE 	EQU 	2
U2ERRIE_RXFOIE 	EQU 	1
U2ERRIE_TXCIE 	EQU 	0
U2ERRIE_TXMTIE 	EQU 	7
U2ERRIR 	EQU 	730
U2ERRIR_ABDOVF 	EQU 	5
U2ERRIR_CERIF 	EQU 	4
U2ERRIR_FERIF 	EQU 	3
U2ERRIR_PERIF 	EQU 	6
U2ERRIR_RXBKIF 	EQU 	2
U2ERRIR_RXFOIF 	EQU 	1
U2ERRIR_TXCIF 	EQU 	0
U2ERRIR_TXMTIF 	EQU 	7
U2FERIE 	EQU 	3
U2FERIF 	EQU 	3
U2FIFO 	EQU 	728
U2FIFO_RCIDL 	EQU 	3
U2FIFO_RXBE 	EQU 	1
U2FIFO_RXBF 	EQU 	0
U2FIFO_RXIDL 	EQU 	3
U2FIFO_STPMD 	EQU 	6
U2FIFO_TXBE 	EQU 	5
U2FIFO_TXBF 	EQU 	4
U2FIFO_TXWRE 	EQU 	7
U2FIFO_XON 	EQU 	2
U2FLO0 	EQU 	0
U2FLO1 	EQU 	1
U2IE 	EQU 	7
U2IF 	EQU 	7
U2IP 	EQU 	7
U2MD 	EQU 	7
U2MODE0 	EQU 	0
U2MODE1 	EQU 	1
U2MODE2 	EQU 	2
U2MODE3 	EQU 	3
U2ON 	EQU 	7
U2P1 	EQU 	717
U2P1L 	EQU 	717
U2P2 	EQU 	719
U2P2L 	EQU 	719
U2P3 	EQU 	721
U2P3L 	EQU 	721
U2PERIE 	EQU 	6
U2PERIF 	EQU 	6
U2RCIDL 	EQU 	3
U2RUNOVF 	EQU 	7
U2RXB 	EQU 	713
U2RXBE 	EQU 	1
U2RXBF 	EQU 	0
U2RXBIMD 	EQU 	3
U2RXBKIE 	EQU 	2
U2RXBKIF 	EQU 	2
U2RXBL 	EQU 	713
U2RXEN 	EQU 	4
U2RXFOIE 	EQU 	1
U2RXFOIF 	EQU 	1
U2RXIDL 	EQU 	3
U2RXIE 	EQU 	4
U2RXIF 	EQU 	4
U2RXIP 	EQU 	4
U2RXPOL 	EQU 	6
U2RXPPS 	EQU 	628
U2RXPPS0 	EQU 	0
U2RXPPS1 	EQU 	1
U2RXPPS2 	EQU 	2
U2RXPPS3 	EQU 	3
U2RXPPS4 	EQU 	4
U2RXPPS5 	EQU 	5
U2RXPPS6 	EQU 	6
U2RXPPS7 	EQU 	7
U2RXPPS_PIN0 	EQU 	0
U2RXPPS_PIN1 	EQU 	1
U2RXPPS_PIN2 	EQU 	2
U2RXPPS_PORT0 	EQU 	3
U2RXPPS_PORT1 	EQU 	4
U2RXPPS_PORT2 	EQU 	5
U2RXPPS_PORT3 	EQU 	6
U2RXPPS_PORT4 	EQU 	7
U2SENDB 	EQU 	0
U2STP0 	EQU 	4
U2STP1 	EQU 	5
U2STPMD 	EQU 	6
U2TXB 	EQU 	715
U2TXBE 	EQU 	5
U2TXBF 	EQU 	4
U2TXBL 	EQU 	715
U2TXCIE 	EQU 	0
U2TXCIF 	EQU 	0
U2TXEN 	EQU 	5
U2TXIE 	EQU 	5
U2TXIF 	EQU 	5
U2TXIP 	EQU 	5
U2TXMTIE 	EQU 	7
U2TXMTIF 	EQU 	7
U2TXPOL 	EQU 	2
U2TXWRE 	EQU 	7
U2UIR 	EQU 	729
U2UIR_ABDIE 	EQU 	2
U2UIR_ABDIF 	EQU 	6
U2UIR_WUIF 	EQU 	7
U2WUE 	EQU 	4
U2WUIF 	EQU 	7
U2XON 	EQU 	2
UD 	EQU 	6
UTH0 	EQU 	0
UTH1 	EQU 	1
UTH10 	EQU 	2
UTH11 	EQU 	3
UTH12 	EQU 	4
UTH13 	EQU 	5
UTH14 	EQU 	6
UTH15 	EQU 	7
UTH2 	EQU 	2
UTH3 	EQU 	3
UTH4 	EQU 	4
UTH5 	EQU 	5
UTH6 	EQU 	6
UTH7 	EQU 	7
UTH8 	EQU 	0
UTH9 	EQU 	1
UTHR 	EQU 	6
VDDIO2CON 	EQU 	269
VDDIO2CON_LVD0 	EQU 	0
VDDIO2CON_LVD1 	EQU 	1
VDDIO2CON_LVD2 	EQU 	2
VDDIO2CON_LVD3 	EQU 	3
VDDIO2LVDFIE 	EQU 	4
VDDIO2LVDFIF 	EQU 	4
VDDIO2LVDFIP 	EQU 	4
VDDIO2LVDRIE 	EQU 	5
VDDIO2LVDRIF 	EQU 	5
VDDIO2LVDRIP 	EQU 	5
VDDIO2PORFIE 	EQU 	6
VDDIO2PORFIF 	EQU 	6
VDDIO2PORFIP 	EQU 	6
VDDIO2PORRIE 	EQU 	7
VDDIO2PORRIF 	EQU 	7
VDDIO2PORRIP 	EQU 	7
VDDIO2STAT 	EQU 	270
VREGCON 	EQU 	72
VREGCON_PMSYS0 	EQU 	4
VREGCON_PMSYS1 	EQU 	5
VREGCON_VREGPM0 	EQU 	0
VREGCON_VREGPM1 	EQU 	1
VREGPM0 	EQU 	0
VREGPM1 	EQU 	1
W 	EQU 	0
WDTCON0 	EQU 	120
WDTCON0_PS0 	EQU 	1
WDTCON0_PS1 	EQU 	2
WDTCON0_PS2 	EQU 	3
WDTCON0_PS3 	EQU 	4
WDTCON0_PS4 	EQU 	5
WDTCON0_WDTCON0_PS0 	EQU 	1
WDTCON0_WDTCON0_PS1 	EQU 	2
WDTCON0_WDTCON0_PS2 	EQU 	3
WDTCON0_WDTCON0_PS3 	EQU 	4
WDTCON0_WDTCON0_PS4 	EQU 	5
WDTCON0_WDTPS0 	EQU 	1
WDTCON0_WDTPS1 	EQU 	2
WDTCON0_WDTPS2 	EQU 	3
WDTCON0_WDTPS3 	EQU 	4
WDTCON0_WDTPS4 	EQU 	5
WDTCON1 	EQU 	121
WDTCON1_CS0_WDTCON1 	EQU 	4
WDTCON1_CS1_WDTCON1 	EQU 	5
WDTCON1_CS2_WDTCON1 	EQU 	6
WDTCON1_WDTCS0 	EQU 	4
WDTCON1_WDTCS1 	EQU 	5
WDTCON1_WDTCS2 	EQU 	6
WDTCON1_WDTWINDOW0 	EQU 	0
WDTCON1_WDTWINDOW1 	EQU 	1
WDTCON1_WDTWINDOW2 	EQU 	2
WDTCON1_WINDOW0 	EQU 	0
WDTCON1_WINDOW1 	EQU 	1
WDTCON1_WINDOW2 	EQU 	2
WDTCS0 	EQU 	4
WDTCS1 	EQU 	5
WDTCS2 	EQU 	6
WDTPS 	EQU 	122
WDTPS0 	EQU 	1
WDTPS1 	EQU 	2
WDTPS2 	EQU 	3
WDTPS3 	EQU 	4
WDTPS4 	EQU 	5
WDTPSCNT16 	EQU 	0
WDTPSCNT17 	EQU 	1
WDTPSH 	EQU 	123
WDTPSL 	EQU 	122
WDTSEN 	EQU 	0
WDTSTATE 	EQU 	2
WDTTMR 	EQU 	124
WDTTMR0 	EQU 	3
WDTTMR1 	EQU 	4
WDTTMR2 	EQU 	5
WDTTMR3 	EQU 	6
WDTTMR4 	EQU 	7
WDTTMR_TMR0 	EQU 	3
WDTTMR_TMR1 	EQU 	4
WDTTMR_TMR2 	EQU 	5
WDTTMR_TMR3 	EQU 	6
WDTTMR_TMR4 	EQU 	7
WDTTMR_WDTTMR0 	EQU 	3
WDTTMR_WDTTMR1 	EQU 	4
WDTTMR_WDTTMR2 	EQU 	5
WDTTMR_WDTTMR3 	EQU 	6
WDTTMR_WDTTMR4 	EQU 	7
WDTWINDOW0 	EQU 	0
WDTWINDOW1 	EQU 	1
WDTWINDOW2 	EQU 	2
WDTWV 	EQU 	5
WINDOW0 	EQU 	0
WINDOW1 	EQU 	1
WINDOW2 	EQU 	2
WPUA 	EQU 	1025
WPUA0 	EQU 	0
WPUA1 	EQU 	1
WPUA2 	EQU 	2
WPUA3 	EQU 	3
WPUA4 	EQU 	4
WPUA5 	EQU 	5
WPUA6 	EQU 	6
WPUA7 	EQU 	7
WPUB 	EQU 	1033
WPUB0 	EQU 	0
WPUB1 	EQU 	1
WPUB2 	EQU 	2
WPUB3 	EQU 	3
WPUB4 	EQU 	4
WPUB5 	EQU 	5
WPUB6 	EQU 	6
WPUB7 	EQU 	7
WPUC 	EQU 	1041
WPUC0 	EQU 	0
WPUC1 	EQU 	1
WPUC2 	EQU 	2
WPUC3 	EQU 	3
WPUC4 	EQU 	4
WPUC5 	EQU 	5
WPUC6 	EQU 	6
WPUD 	EQU 	1049
WPUD0 	EQU 	0
WPUD1 	EQU 	1
WPUD2 	EQU 	2
WPUD3 	EQU 	3
WPUD4 	EQU 	4
WPUD5 	EQU 	5
WPUD6 	EQU 	6
WPUD7 	EQU 	7
WPUE 	EQU 	1057
WPUE0 	EQU 	0
WPUE1 	EQU 	1
WPUE2 	EQU 	2
WPUE3 	EQU 	3
WR1IE 	EQU 	4
WR1IF 	EQU 	4
WR2IE 	EQU 	4
WR2IF 	EQU 	4
WREG 	EQU 	1256
WREG_CSHAD 	EQU 	884
WREG_SHAD 	EQU 	888
WRERR 	EQU 	7
WRIE 	EQU 	4
WRIF 	EQU 	4
WUE 	EQU 	4
WUIF 	EQU 	7
XIP 	EQU 	0
XON 	EQU 	2
XOR0 	EQU 	0
XOR1 	EQU 	1
XOR10 	EQU 	2
XOR11 	EQU 	3
XOR12 	EQU 	4
XOR13 	EQU 	5
XOR14 	EQU 	6
XOR15 	EQU 	7
XOR16 	EQU 	0
XOR17 	EQU 	1
XOR18 	EQU 	2
XOR19 	EQU 	3
XOR2 	EQU 	2
XOR20 	EQU 	4
XOR21 	EQU 	5
XOR22 	EQU 	6
XOR23 	EQU 	7
XOR24 	EQU 	0
XOR25 	EQU 	1
XOR26 	EQU 	2
XOR27 	EQU 	3
XOR28 	EQU 	4
XOR29 	EQU 	5
XOR3 	EQU 	3
XOR30 	EQU 	6
XOR31 	EQU 	7
XOR4 	EQU 	4
XOR5 	EQU 	5
XOR6 	EQU 	6
XOR7 	EQU 	7
XOR8 	EQU 	0
XOR9 	EQU 	1
Z 	EQU 	2
ZCD1CON 	EQU 	76
ZCD1IE 	EQU 	1
ZCD1IF 	EQU 	1
ZCD1IP 	EQU 	1
ZCD1MD 	EQU 	6
ZIE 	EQU 	1
ZIF 	EQU 	1
_HEXPICAS 	EQU 	5063
_PWMTIMERSELECTED 	EQU 	1351

Code:
Loc	Obj Code	Original Assembly




















































































































	K	1111 KKKK KKKK KKKK:1110 1111 KKKK KKKK	12
000000	EF06 F000	GOTO BASPROGRAMSTART

	S	 0000 0000 0001 000S	0
000008	0010	RETFIE



		BASPROGRAMSTART
	K	1111 KKKK KKKK KKKK:1110 110S KKKK KKKK	2188
	S	1111 0000 0000 0100:1110 110S 0100 0110	0
00000C	EC46 F004	CALL INITSYS
	K	1111 KKKK KKKK KKKK:1110 110S KKKK KKKK	2108
	S	1111 0000 0000 0100:1110 110S 0001 1110	0
000010	EC1E F004	CALL INITPPS
	K	1111 KKKK KKKK KKKK:1110 110S KKKK KKKK	2248
	S	1111 0000 0000 0100:1110 110S 0110 0100	0
000014	EC64 F004	CALL INITUSART
	K	1111 KKKK KKKK KKKK:1110 110S KKKK KKKK	2142
	S	1111 0000 0000 0100:1110 110S 0010 1111	0
000018	EC2F F004	CALL INITPWM

	K	 0000 0001 00KK KKKK	1
000000	0101	BANKSEL TRISB
	F	 1001 BBBA FFFF FFFF	329
	B	 1001 BBBA 0100 1001	0
	A	 1001 000A 0100 1001	1
00001E	9149	BCF TRISB,0,BANKED
	F	 1001 BBBA FFFF FFFF	329
	B	 1001 BBBA 0100 1001	1
	A	 1001 001A 0100 1001	1
000020	9349	BCF TRISB,1,BANKED
	F	 1001 BBBA FFFF FFFF	329
	B	 1001 BBBA 0100 1001	2
	A	 1001 010A 0100 1001	1
000022	9549	BCF TRISB,2,BANKED
	F	 1001 BBBA FFFF FFFF	329
	B	 1001 BBBA 0100 1001	3
	A	 1001 011A 0100 1001	1
000024	9749	BCF TRISB,3,BANKED
	F	 1000 BBBA FFFF FFFF	328
	B	 1000 BBBA 0100 1000	0
	A	 1000 000A 0100 1000	1
000026	8148	BSF TRISA,0,BANKED
	F	 1000 BBBA FFFF FFFF	328
	B	 1000 BBBA 0100 1000	4
	A	 1000 100A 0100 1000	1
000028	8948	BSF TRISA,4,BANKED
	F	 1000 BBBA FFFF FFFF	332
	B	 1000 BBBA 0100 1100	3
	A	 1000 011A 0100 1100	1
00002A	874C	BSF TRISE,3,BANKED
	K	 0000 1110 KKKK KKKK	1
00002C	0E01	MOVLW 1
	F	 0110 111A FFFF FFFF	1309
	A	 0110 111A 0001 1101	0
00002E	6E1D	MOVWF SERDATA,ACCESS
	K	 0000 1110 KKKK KKKK	1
000030	0E01	MOVLW 1
	F	 0110 111A FFFF FFFF	1295
	A	 0110 111A 0000 1111	0
000032	6E0F	MOVWF COMPORT,ACCESS
	K	 0000 0001 00KK KKKK	0
000000	0100	BANKSEL 0
	N	 1101 1NNN NNNN NNNN	1021
000036	DBFD	RCALL HSERSEND347
	K	 0000 1110 KKKK KKKK	100
000038	0E64	MOVLW 100
	F	 0110 111A FFFF FFFF	1282
	A	 0110 111A 0000 0010	0
00003A	6E02	MOVWF SYSWAITTEMPMS,ACCESS
	F	 0110 101A FFFF FFFF	1283
	A	 0110 101A 0000 0011	0
00003C	6A03	CLRF SYSWAITTEMPMS_H,ACCESS
	N	 1101 1NNN NNNN NNNN	737
00003E	DAE1	RCALL DELAY_MS
	K	 0000 1110 KKKK KKKK	1
000040	0E01	MOVLW 1
	F	 0110 111A FFFF FFFF	1309
	A	 0110 111A 0001 1101	0
000042	6E1D	MOVWF SERDATA,ACCESS
	K	 0000 1110 KKKK KKKK	1
000044	0E01	MOVLW 1
	F	 0110 111A FFFF FFFF	1295
	A	 0110 111A 0000 1111	0
000046	6E0F	MOVWF COMPORT,ACCESS
	N	 1101 1NNN NNNN NNNN	1012
000048	DBF4	RCALL HSERSEND347
	K	 0000 1110 KKKK KKKK	100
00004A	0E64	MOVLW 100
	F	 0110 111A FFFF FFFF	1282
	A	 0110 111A 0000 0010	0
00004C	6E02	MOVWF SYSWAITTEMPMS,ACCESS
	F	 0110 101A FFFF FFFF	1283
	A	 0110 101A 0000 0011	0
00004E	6A03	CLRF SYSWAITTEMPMS_H,ACCESS
	N	 1101 1NNN NNNN NNNN	728
000050	DAD8	RCALL DELAY_MS
	F	1110 1110 00FF KKKK:1111 00KK KKKK KKKK	1
	K	1110 1110 0001 KKKK:1111 00KK KKKK KKKK	5270
000052	EE15 F096	LFSR 1,SYSSTRINGPARAM1
	K	 0000 1110 KKKK KKKK	174
000056	0EAE	MOVLW LOW STRINGTABLE1
	F	 0110 111A FFFF FFFF	1270
	A	 0110 111A 1111 0110	0
000058	6EF6	MOVWF TBLPTRL,ACCESS
	K	 0000 1110 KKKK KKKK	29
00005A	0E1D	MOVLW HIGH STRINGTABLE1
	F	 0110 111A FFFF FFFF	1271
	A	 0110 111A 1111 0111	0
00005C	6EF7	MOVWF TBLPTRH,ACCESS
	K	 0000 1110 KKKK KKKK	0
00005E	0E00	MOVLW UPPER STRINGTABLE1
	F	 0110 111A FFFF FFFF	1272
	A	 0110 111A 1111 1000	0
000060	6EF8	MOVWF TBLPTRU,ACCESS
	K	1111 KKKK KKKK KKKK:1110 110S KKKK KKKK	7560
	S	1111 0000 0000 1110:1110 110S 1100 0100	0
000062	ECC4 F00E	CALL SYSREADSTRING
	K	 0000 1110 KKKK KKKK	150
000066	0E96	MOVLW LOW SYSSTRINGPARAM1
	F	 0110 111A FFFF FFFF	1328
	A	 0110 111A 0011 0000	0
000068	6E30	MOVWF SYSPRINTDATAHANDLER,ACCESS
	K	 0000 1110 KKKK KKKK	20
00006A	0E14	MOVLW HIGH SYSSTRINGPARAM1
	F	 0110 111A FFFF FFFF	1329
	A	 0110 111A 0011 0001	0
00006C	6E31	MOVWF SYSPRINTDATAHANDLER_H,ACCESS
	K	 0000 1110 KKKK KKKK	1
00006E	0E01	MOVLW 1
	F	 0110 111A FFFF FFFF	1295
	A	 0110 111A 0000 1111	0
000070	6E0F	MOVWF COMPORT,ACCESS
	N	 1101 1NNN NNNN NNNN	952
000072	DBB8	RCALL HSERPRINTSTRINGCRLF
	F	1110 1110 00FF KKKK:1111 00KK KKKK KKKK	1
	K	1110 1110 0001 KKKK:1111 00KK KKKK KKKK	5270
000074	EE15 F096	LFSR 1,SYSSTRINGPARAM1
	K	 0000 1110 KKKK KKKK	202
000078	0ECA	MOVLW LOW STRINGTABLE2
	F	 0110 111A FFFF FFFF	1270
	A	 0110 111A 1111 0110	0
00007A	6EF6	MOVWF TBLPTRL,ACCESS
	K	 0000 1110 KKKK KKKK	29
00007C	0E1D	MOVLW HIGH STRINGTABLE2
	F	 0110 111A FFFF FFFF	1271
	A	 0110 111A 1111 0111	0
00007E	6EF7	MOVWF TBLPTRH,ACCESS
	K	 0000 1110 KKKK KKKK	0
000080	0E00	MOVLW UPPER STRINGTABLE2
	F	 0110 111A FFFF FFFF	1272
	A	 0110 111A 1111 1000	0
000082	6EF8	MOVWF TBLPTRU,ACCESS
	K	1111 KKKK KKKK KKKK:1110 110S KKKK KKKK	7560
	S	1111 0000 0000 1110:1110 110S 1100 0100	0
000084	ECC4 F00E	CALL SYSREADSTRING
	K	 0000 1110 KKKK KKKK	150
000088	0E96	MOVLW LOW SYSSTRINGPARAM1
	F	 0110 111A FFFF FFFF	1328
	A	 0110 111A 0011 0000	0
00008A	6E30	MOVWF SYSPRINTDATAHANDLER,ACCESS
	K	 0000 1110 KKKK KKKK	20
00008C	0E14	MOVLW HIGH SYSSTRINGPARAM1
	F	 0110 111A FFFF FFFF	1329
	A	 0110 111A 0011 0001	0
00008E	6E31	MOVWF SYSPRINTDATAHANDLER_H,ACCESS
	K	 0000 1110 KKKK KKKK	1
000090	0E01	MOVLW 1
	F	 0110 111A FFFF FFFF	1295
	A	 0110 111A 0000 1111	0
000092	6E0F	MOVWF COMPORT,ACCESS
	N	 1101 1NNN NNNN NNNN	935
000094	DBA7	RCALL HSERPRINTSTRINGCRLF
	K	1111 KKKK KKKK KKKK:1110 110S KKKK KKKK	2576
	S	1111 0000 0000 0101:1110 110S 0000 1000	0
000096	EC08 F005	CALL SHOWDETAILS
	K	1111 KKKK KKKK KKKK:1110 110S KKKK KKKK	2570
	S	1111 0000 0000 0101:1110 110S 0000 0101	0
00009A	EC05 F005	CALL PWMON23
	F	1110 1110 00FF KKKK:1111 00KK KKKK KKKK	1
	K	1110 1110 0001 KKKK:1111 00KK KKKK KKKK	5270
00009E	EE15 F096	LFSR 1,SYSSTRINGPARAM1
	K	 0000 1110 KKKK KKKK	232
0000A2	0EE8	MOVLW LOW STRINGTABLE3
	F	 0110 111A FFFF FFFF	1270
	A	 0110 111A 1111 0110	0
0000A4	6EF6	MOVWF TBLPTRL,ACCESS
	K	 0000 1110 KKKK KKKK	29
0000A6	0E1D	MOVLW HIGH STRINGTABLE3
	F	 0110 111A FFFF FFFF	1271
	A	 0110 111A 1111 0111	0
0000A8	6EF7	MOVWF TBLPTRH,ACCESS
	K	 0000 1110 KKKK KKKK	0
0000AA	0E00	MOVLW UPPER STRINGTABLE3
	F	 0110 111A FFFF FFFF	1272
	A	 0110 111A 1111 1000	0
0000AC	6EF8	MOVWF TBLPTRU,ACCESS
	K	1111 KKKK KKKK KKKK:1110 110S KKKK KKKK	7560
	S	1111 0000 0000 1110:1110 110S 1100 0100	0
0000AE	ECC4 F00E	CALL SYSREADSTRING
	K	 0000 1110 KKKK KKKK	150
0000B2	0E96	MOVLW LOW SYSSTRINGPARAM1
	F	 0110 111A FFFF FFFF	1328
	A	 0110 111A 0011 0000	0
0000B4	6E30	MOVWF SYSPRINTDATAHANDLER,ACCESS
	K	 0000 1110 KKKK KKKK	20
0000B6	0E14	MOVLW HIGH SYSSTRINGPARAM1
	F	 0110 111A FFFF FFFF	1329
	A	 0110 111A 0011 0001	0
0000B8	6E31	MOVWF SYSPRINTDATAHANDLER_H,ACCESS
	K	 0000 1110 KKKK KKKK	1
0000BA	0E01	MOVLW 1
	F	 0110 111A FFFF FFFF	1295
	A	 0110 111A 0000 1111	0
0000BC	6E0F	MOVWF COMPORT,ACCESS
	N	 1101 1NNN NNNN NNNN	914
0000BE	DB92	RCALL HSERPRINTSTRINGCRLF
	K	1111 KKKK KKKK KKKK:1110 110S KKKK KKKK	2576
	S	1111 0000 0000 0101:1110 110S 0000 1000	0
0000C0	EC08 F005	CALL SHOWDETAILS
	K	 0000 1110 KKKK KKKK	2
0000C4	0E02	MOVLW 2
	F	 0110 111A FFFF FFFF	1296
	A	 0110 111A 0001 0000	0
0000C6	6E10	MOVWF HSERPRINTCRLFCOUNT,ACCESS
	K	 0000 1110 KKKK KKKK	1
0000C8	0E01	MOVLW 1
	F	 0110 111A FFFF FFFF	1295
	A	 0110 111A 0000 1111	0
0000CA	6E0F	MOVWF COMPORT,ACCESS
	N	 1101 1NNN NNNN NNNN	893
0000CC	DB7D	RCALL HSERPRINTCRLF
	F	1110 1110 00FF KKKK:1111 00KK KKKK KKKK	1
	K	1110 1110 0001 KKKK:1111 00KK KKKK KKKK	5270
0000CE	EE15 F096	LFSR 1,SYSSTRINGPARAM1
	K	 0000 1110 KKKK KKKK	244
0000D2	0EF4	MOVLW LOW STRINGTABLE4
	F	 0110 111A FFFF FFFF	1270
	A	 0110 111A 1111 0110	0
0000D4	6EF6	MOVWF TBLPTRL,ACCESS
	K	 0000 1110 KKKK KKKK	29
0000D6	0E1D	MOVLW HIGH STRINGTABLE4
	F	 0110 111A FFFF FFFF	1271
	A	 0110 111A 1111 0111	0
0000D8	6EF7	MOVWF TBLPTRH,ACCESS
	K	 0000 1110 KKKK KKKK	0
0000DA	0E00	MOVLW UPPER STRINGTABLE4
	F	 0110 111A FFFF FFFF	1272
	A	 0110 111A 1111 1000	0
0000DC	6EF8	MOVWF TBLPTRU,ACCESS
	K	1111 KKKK KKKK KKKK:1110 110S KKKK KKKK	7560
	S	1111 0000 0000 1110:1110 110S 1100 0100	0
0000DE	ECC4 F00E	CALL SYSREADSTRING
	K	 0000 1110 KKKK KKKK	150
0000E2	0E96	MOVLW LOW SYSSTRINGPARAM1
	F	 0110 111A FFFF FFFF	1328
	A	 0110 111A 0011 0000	0
0000E4	6E30	MOVWF SYSPRINTDATAHANDLER,ACCESS
	K	 0000 1110 KKKK KKKK	20
0000E6	0E14	MOVLW HIGH SYSSTRINGPARAM1
	F	 0110 111A FFFF FFFF	1329
	A	 0110 111A 0011 0001	0
0000E8	6E31	MOVWF SYSPRINTDATAHANDLER_H,ACCESS
	K	 0000 1110 KKKK KKKK	1
0000EA	0E01	MOVLW 1
	F	 0110 111A FFFF FFFF	1295
	A	 0110 111A 0000 1111	0
0000EC	6E0F	MOVWF COMPORT,ACCESS
	N	 1101 1NNN NNNN NNNN	890
0000EE	DB7A	RCALL HSERPRINTSTRINGCRLF
	F	1110 1110 00FF KKKK:1111 00KK KKKK KKKK	1
	K	1110 1110 0001 KKKK:1111 00KK KKKK KKKK	5270
0000F0	EE15 F096	LFSR 1,SYSSTRINGPARAM1
	K	 0000 1110 KKKK KKKK	62
0000F4	0E3E	MOVLW LOW STRINGTABLE5
	F	 0110 111A FFFF FFFF	1270
	A	 0110 111A 1111 0110	0
0000F6	6EF6	MOVWF TBLPTRL,ACCESS
	K	 0000 1110 KKKK KKKK	30
0000F8	0E1E	MOVLW HIGH STRINGTABLE5
	F	 0110 111A FFFF FFFF	1271
	A	 0110 111A 1111 0111	0
0000FA	6EF7	MOVWF TBLPTRH,ACCESS
	K	 0000 1110 KKKK KKKK	0
0000FC	0E00	MOVLW UPPER STRINGTABLE5
	F	 0110 111A FFFF FFFF	1272
	A	 0110 111A 1111 1000	0
0000FE	6EF8	MOVWF TBLPTRU,ACCESS
	K	1111 KKKK KKKK KKKK:1110 110S KKKK KKKK	7560
	S	1111 0000 0000 1110:1110 110S 1100 0100	0
000100	ECC4 F00E	CALL SYSREADSTRING
	K	 0000 1110 KKKK KKKK	150
000104	0E96	MOVLW LOW SYSSTRINGPARAM1
	F	 0110 111A FFFF FFFF	1328
	A	 0110 111A 0011 0000	0
000106	6E30	MOVWF SYSPRINTDATAHANDLER,ACCESS
	K	 0000 1110 KKKK KKKK	20
000108	0E14	MOVLW HIGH SYSSTRINGPARAM1
	F	 0110 111A FFFF FFFF	1329
	A	 0110 111A 0011 0001	0
00010A	6E31	MOVWF SYSPRINTDATAHANDLER_H,ACCESS
	K	 0000 1110 KKKK KKKK	1
00010C	0E01	MOVLW 1
	F	 0110 111A FFFF FFFF	1295
	A	 0110 111A 0000 1111	0
00010E	6E0F	MOVWF COMPORT,ACCESS
	N	 1101 1NNN NNNN NNNN	873
000110	DB69	RCALL HSERPRINTSTRINGCRLF
	F	1110 1110 00FF KKKK:1111 00KK KKKK KKKK	1
	K	1110 1110 0001 KKKK:1111 00KK KKKK KKKK	5270
000112	EE15 F096	LFSR 1,SYSSTRINGPARAM1
	K	 0000 1110 KKKK KKKK	132
000116	0E84	MOVLW LOW STRINGTABLE6
	F	 0110 111A FFFF FFFF	1270
	A	 0110 111A 1111 0110	0
000118	6EF6	MOVWF TBLPTRL,ACCESS
	K	 0000 1110 KKKK KKKK	30
00011A	0E1E	MOVLW HIGH STRINGTABLE6
	F	 0110 111A FFFF FFFF	1271
	A	 0110 111A 1111 0111	0
00011C	6EF7	MOVWF TBLPTRH,ACCESS
	K	 0000 1110 KKKK KKKK	0
00011E	0E00	MOVLW UPPER STRINGTABLE6
	F	 0110 111A FFFF FFFF	1272
	A	 0110 111A 1111 1000	0
000120	6EF8	MOVWF TBLPTRU,ACCESS
	K	1111 KKKK KKKK KKKK:1110 110S KKKK KKKK	7560
	S	1111 0000 0000 1110:1110 110S 1100 0100	0
000122	ECC4 F00E	CALL SYSREADSTRING
	K	 0000 1110 KKKK KKKK	150
000126	0E96	MOVLW LOW SYSSTRINGPARAM1
	F	 0110 111A FFFF FFFF	1328
	A	 0110 111A 0011 0000	0
000128	6E30	MOVWF SYSPRINTDATAHANDLER,ACCESS
	K	 0000 1110 KKKK KKKK	20
00012A	0E14	MOVLW HIGH SYSSTRINGPARAM1
	F	 0110 111A FFFF FFFF	1329
	A	 0110 111A 0011 0001	0
00012C	6E31	MOVWF SYSPRINTDATAHANDLER_H,ACCESS
	K	 0000 1110 KKKK KKKK	1
00012E	0E01	MOVLW 1
	F	 0110 111A FFFF FFFF	1295
	A	 0110 111A 0000 1111	0
000130	6E0F	MOVWF COMPORT,ACCESS
	N	 1101 1NNN NNNN NNNN	856
000132	DB58	RCALL HSERPRINTSTRINGCRLF
	F	1110 1110 00FF KKKK:1111 00KK KKKK KKKK	1
	K	1110 1110 0001 KKKK:1111 00KK KKKK KKKK	5270
000134	EE15 F096	LFSR 1,SYSSTRINGPARAM1
	K	 0000 1110 KKKK KKKK	226
000138	0EE2	MOVLW LOW STRINGTABLE7
	F	 0110 111A FFFF FFFF	1270
	A	 0110 111A 1111 0110	0
00013A	6EF6	MOVWF TBLPTRL,ACCESS
	K	 0000 1110 KKKK KKKK	30
00013C	0E1E	MOVLW HIGH STRINGTABLE7
	F	 0110 111A FFFF FFFF	1271
	A	 0110 111A 1111 0111	0
00013E	6EF7	MOVWF TBLPTRH,ACCESS
	K	 0000 1110 KKKK KKKK	0
000140	0E00	MOVLW UPPER STRINGTABLE7
	F	 0110 111A FFFF FFFF	1272
	A	 0110 111A 1111 1000	0
000142	6EF8	MOVWF TBLPTRU,ACCESS
	K	1111 KKKK KKKK KKKK:1110 110S KKKK KKKK	7560
	S	1111 0000 0000 1110:1110 110S 1100 0100	0
000144	ECC4 F00E	CALL SYSREADSTRING
	K	 0000 1110 KKKK KKKK	150
000148	0E96	MOVLW LOW SYSSTRINGPARAM1
	F	 0110 111A FFFF FFFF	1328
	A	 0110 111A 0011 0000	0
00014A	6E30	MOVWF SYSPRINTDATAHANDLER,ACCESS
	K	 0000 1110 KKKK KKKK	20
00014C	0E14	MOVLW HIGH SYSSTRINGPARAM1
	F	 0110 111A FFFF FFFF	1329
	A	 0110 111A 0011 0001	0
00014E	6E31	MOVWF SYSPRINTDATAHANDLER_H,ACCESS
	K	 0000 1110 KKKK KKKK	1
000150	0E01	MOVLW 1
	F	 0110 111A FFFF FFFF	1295
	A	 0110 111A 0000 1111	0
000152	6E0F	MOVWF COMPORT,ACCESS
	N	 1101 1NNN NNNN NNNN	839
000154	DB47	RCALL HSERPRINTSTRINGCRLF
	K	 0000 1110 KKKK KKKK	2
000156	0E02	MOVLW 2
	F	 0110 111A FFFF FFFF	1296
	A	 0110 111A 0001 0000	0
000158	6E10	MOVWF HSERPRINTCRLFCOUNT,ACCESS
	K	 0000 1110 KKKK KKKK	1
00015A	0E01	MOVLW 1
	F	 0110 111A FFFF FFFF	1295
	A	 0110 111A 0000 1111	0
00015C	6E0F	MOVWF COMPORT,ACCESS
	N	 1101 1NNN NNNN NNNN	820
00015E	DB34	RCALL HSERPRINTCRLF
	K	 0000 1110 KKKK KKKK	10
000160	0E0A	MOVLW 10
	F	 0110 111A FFFF FFFF	1331
	A	 0110 111A 0011 0011	0
000162	6E33	MOVWF SYSREPEATTEMP1,ACCESS
		SYSREPEATLOOP1
	K	 0000 1110 KKKK KKKK	244
000164	0EF4	MOVLW 244
	F	 0110 111A FFFF FFFF	1282
	A	 0110 111A 0000 0010	0
000166	6E02	MOVWF SYSWAITTEMPMS,ACCESS
	K	 0000 1110 KKKK KKKK	1
000168	0E01	MOVLW 1
	F	 0110 111A FFFF FFFF	1283
	A	 0110 111A 0000 0011	0
00016A	6E03	MOVWF SYSWAITTEMPMS_H,ACCESS
	N	 1101 1NNN NNNN NNNN	586
00016C	DA4A	RCALL DELAY_MS
	K	 0000 1110 KKKK KKKK	46
00016E	0E2E	MOVLW 46
	F	 0110 111A FFFF FFFF	1309
	A	 0110 111A 0001 1101	0
000170	6E1D	MOVWF SERDATA,ACCESS
	N	 1101 1NNN NNNN NNNN	858
000172	DB5A	RCALL HSERSEND346
	F	 0010 11DA FFFF FFFF	1331
	D	 0010 11DA 0011 0011	1
	A	 0010 111A 0011 0011	0
000174	2E33	DECFSZ SYSREPEATTEMP1,F,ACCESS
	N	 1101 0NNN NNNN NNNN	2038
000176	D7F6	BRA SYSREPEATLOOP1
		SYSREPEATLOOPEND1
	K	 0000 1110 KKKK KKKK	1
000178	0E01	MOVLW 1
	F	 0110 111A FFFF FFFF	1296
	A	 0110 111A 0001 0000	0
00017A	6E10	MOVWF HSERPRINTCRLFCOUNT,ACCESS
	K	 0000 1110 KKKK KKKK	1
00017C	0E01	MOVLW 1
	F	 0110 111A FFFF FFFF	1295
	A	 0110 111A 0000 1111	0
00017E	6E0F	MOVWF COMPORT,ACCESS
	N	 1101 1NNN NNNN NNNN	803
000180	DB23	RCALL HSERPRINTCRLF
	F	1110 1110 00FF KKKK:1111 00KK KKKK KKKK	1
	K	1110 1110 0001 KKKK:1111 00KK KKKK KKKK	5270
000182	EE15 F096	LFSR 1,SYSSTRINGPARAM1
	K	 0000 1110 KKKK KKKK	60
000186	0E3C	MOVLW LOW STRINGTABLE9
	F	 0110 111A FFFF FFFF	1270
	A	 0110 111A 1111 0110	0
000188	6EF6	MOVWF TBLPTRL,ACCESS
	K	 0000 1110 KKKK KKKK	31
00018A	0E1F	MOVLW HIGH STRINGTABLE9
	F	 0110 111A FFFF FFFF	1271
	A	 0110 111A 1111 0111	0
00018C	6EF7	MOVWF TBLPTRH,ACCESS
	K	 0000 1110 KKKK KKKK	0
00018E	0E00	MOVLW UPPER STRINGTABLE9
	F	 0110 111A FFFF FFFF	1272
	A	 0110 111A 1111 1000	0
000190	6EF8	MOVWF TBLPTRU,ACCESS
	K	1111 KKKK KKKK KKKK:1110 110S KKKK KKKK	7560
	S	1111 0000 0000 1110:1110 110S 1100 0100	0
000192	ECC4 F00E	CALL SYSREADSTRING
	K	 0000 1110 KKKK KKKK	150
000196	0E96	MOVLW LOW SYSSTRINGPARAM1
	F	 0110 111A FFFF FFFF	1328
	A	 0110 111A 0011 0000	0
000198	6E30	MOVWF SYSPRINTDATAHANDLER,ACCESS
	K	 0000 1110 KKKK KKKK	20
00019A	0E14	MOVLW HIGH SYSSTRINGPARAM1
	F	 0110 111A FFFF FFFF	1329
	A	 0110 111A 0011 0001	0
00019C	6E31	MOVWF SYSPRINTDATAHANDLER_H,ACCESS
	K	 0000 1110 KKKK KKKK	1
00019E	0E01	MOVLW 1
	F	 0110 111A FFFF FFFF	1295
	A	 0110 111A 0000 1111	0
0001A0	6E0F	MOVWF COMPORT,ACCESS
	N	 1101 1NNN NNNN NNNN	800
0001A2	DB20	RCALL HSERPRINTSTRINGCRLF
	K	1111 KKKK KKKK KKKK:1110 110S KKKK KKKK	2562
	S	1111 0000 0000 0101:1110 110S 0000 0001	0
0001A4	EC01 F005	CALL PWMOFF26
	K	 0000 1110 KKKK KKKK	1
0001A8	0E01	MOVLW 1
	F	 0110 111A FFFF FFFF	1296
	A	 0110 111A 0001 0000	0
0001AA	6E10	MOVWF HSERPRINTCRLFCOUNT,ACCESS
	K	 0000 1110 KKKK KKKK	1
0001AC	0E01	MOVLW 1
	F	 0110 111A FFFF FFFF	1295
	A	 0110 111A 0000 1111	0
0001AE	6E0F	MOVWF COMPORT,ACCESS
	N	 1101 1NNN NNNN NNNN	779
0001B0	DB0B	RCALL HSERPRINTCRLF
	F	1110 1110 00FF KKKK:1111 00KK KKKK KKKK	1
	K	1110 1110 0001 KKKK:1111 00KK KKKK KKKK	5270
0001B2	EE15 F096	LFSR 1,SYSSTRINGPARAM1
	K	 0000 1110 KKKK KKKK	68
0001B6	0E44	MOVLW LOW STRINGTABLE10
	F	 0110 111A FFFF FFFF	1270
	A	 0110 111A 1111 0110	0
0001B8	6EF6	MOVWF TBLPTRL,ACCESS
	K	 0000 1110 KKKK KKKK	31
0001BA	0E1F	MOVLW HIGH STRINGTABLE10
	F	 0110 111A FFFF FFFF	1271
	A	 0110 111A 1111 0111	0
0001BC	6EF7	MOVWF TBLPTRH,ACCESS
	K	 0000 1110 KKKK KKKK	0
0001BE	0E00	MOVLW UPPER STRINGTABLE10
	F	 0110 111A FFFF FFFF	1272
	A	 0110 111A 1111 1000	0
0001C0	6EF8	MOVWF TBLPTRU,ACCESS
	K	1111 KKKK KKKK KKKK:1110 110S KKKK KKKK	7560
	S	1111 0000 0000 1110:1110 110S 1100 0100	0
0001C2	ECC4 F00E	CALL SYSREADSTRING
	K	 0000 1110 KKKK KKKK	150
0001C6	0E96	MOVLW LOW SYSSTRINGPARAM1
	F	 0110 111A FFFF FFFF	1328
	A	 0110 111A 0011 0000	0
0001C8	6E30	MOVWF SYSPRINTDATAHANDLER,ACCESS
	K	 0000 1110 KKKK KKKK	20
0001CA	0E14	MOVLW HIGH SYSSTRINGPARAM1
	F	 0110 111A FFFF FFFF	1329
	A	 0110 111A 0011 0001	0
0001CC	6E31	MOVWF SYSPRINTDATAHANDLER_H,ACCESS
	K	 0000 1110 KKKK KKKK	1
0001CE	0E01	MOVLW 1
	F	 0110 111A FFFF FFFF	1295
	A	 0110 111A 0000 1111	0
0001D0	6E0F	MOVWF COMPORT,ACCESS
	N	 1101 1NNN NNNN NNNN	776
0001D2	DB08	RCALL HSERPRINTSTRINGCRLF
	K	1111 KKKK KKKK KKKK:1110 110S KKKK KKKK	2576
	S	1111 0000 0000 0101:1110 110S 0000 1000	0
0001D4	EC08 F005	CALL SHOWDETAILS
	F	1110 1110 00FF KKKK:1111 00KK KKKK KKKK	1
	K	1110 1110 0001 KKKK:1111 00KK KKKK KKKK	5270
0001D8	EE15 F096	LFSR 1,SYSSTRINGPARAM1
	K	 0000 1110 KKKK KKKK	82
0001DC	0E52	MOVLW LOW STRINGTABLE11
	F	 0110 111A FFFF FFFF	1270
	A	 0110 111A 1111 0110	0
0001DE	6EF6	MOVWF TBLPTRL,ACCESS
	K	 0000 1110 KKKK KKKK	31
0001E0	0E1F	MOVLW HIGH STRINGTABLE11
	F	 0110 111A FFFF FFFF	1271
	A	 0110 111A 1111 0111	0
0001E2	6EF7	MOVWF TBLPTRH,ACCESS
	K	 0000 1110 KKKK KKKK	0
0001E4	0E00	MOVLW UPPER STRINGTABLE11
	F	 0110 111A FFFF FFFF	1272
	A	 0110 111A 1111 1000	0
0001E6	6EF8	MOVWF TBLPTRU,ACCESS
	K	1111 KKKK KKKK KKKK:1110 110S KKKK KKKK	7560
	S	1111 0000 0000 1110:1110 110S 1100 0100	0
0001E8	ECC4 F00E	CALL SYSREADSTRING
	K	 0000 1110 KKKK KKKK	150
0001EC	0E96	MOVLW LOW SYSSTRINGPARAM1
	F	 0110 111A FFFF FFFF	1328
	A	 0110 111A 0011 0000	0
0001EE	6E30	MOVWF SYSPRINTDATAHANDLER,ACCESS
	K	 0000 1110 KKKK KKKK	20
0001F0	0E14	MOVLW HIGH SYSSTRINGPARAM1
	F	 0110 111A FFFF FFFF	1329
	A	 0110 111A 0011 0001	0
0001F2	6E31	MOVWF SYSPRINTDATAHANDLER_H,ACCESS
	K	 0000 1110 KKKK KKKK	1
0001F4	0E01	MOVLW 1
	F	 0110 111A FFFF FFFF	1295
	A	 0110 111A 0000 1111	0
0001F6	6E0F	MOVWF COMPORT,ACCESS
	N	 1101 1NNN NNNN NNNN	757
0001F8	DAF5	RCALL HSERPRINTSTRINGCRLF
	K	 0000 1110 KKKK KKKK	1
0001FA	0E01	MOVLW 1
	F	 0110 111A FFFF FFFF	1296
	A	 0110 111A 0001 0000	0
0001FC	6E10	MOVWF HSERPRINTCRLFCOUNT,ACCESS
	K	 0000 1110 KKKK KKKK	1
0001FE	0E01	MOVLW 1
	F	 0110 111A FFFF FFFF	1295
	A	 0110 111A 0000 1111	0
000200	6E0F	MOVWF COMPORT,ACCESS
	N	 1101 1NNN NNNN NNNN	738
000202	DAE2	RCALL HSERPRINTCRLF
	K	 0000 1110 KKKK KKKK	2
000204	0E02	MOVLW 2
	F	 0110 111A FFFF FFFF	1284
	A	 0110 111A 0000 0100	0
000206	6E04	MOVWF SYSWAITTEMPS,ACCESS
	N	 1101 1NNN NNNN NNNN	522
000208	DA0A	RCALL DELAY_S
	F	 0110 101A FFFF FFFF	1304
	A	 0110 101A 0001 1000	0
00020A	6A18	CLRF PWMDUTY,ACCESS
	F	 0110 101A FFFF FFFF	1307
	A	 0110 101A 0001 1011	0
00020C	6A1B	CLRF PWMRESOLUTION,ACCESS
	F	1110 1110 00FF KKKK:1111 00KK KKKK KKKK	1
	K	1110 1110 0001 KKKK:1111 00KK KKKK KKKK	5270
00020E	EE15 F096	LFSR 1,SYSSTRINGPARAM1
	K	 0000 1110 KKKK KKKK	118
000212	0E76	MOVLW LOW STRINGTABLE12
	F	 0110 111A FFFF FFFF	1270
	A	 0110 111A 1111 0110	0
000214	6EF6	MOVWF TBLPTRL,ACCESS
	K	 0000 1110 KKKK KKKK	31
000216	0E1F	MOVLW HIGH STRINGTABLE12
	F	 0110 111A FFFF FFFF	1271
	A	 0110 111A 1111 0111	0
000218	6EF7	MOVWF TBLPTRH,ACCESS
	K	 0000 1110 KKKK KKKK	0
00021A	0E00	MOVLW UPPER STRINGTABLE12
	F	 0110 111A FFFF FFFF	1272
	A	 0110 111A 1111 1000	0
00021C	6EF8	MOVWF TBLPTRU,ACCESS
	K	1111 KKKK KKKK KKKK:1110 110S KKKK KKKK	7560
	S	1111 0000 0000 1110:1110 110S 1100 0100	0
00021E	ECC4 F00E	CALL SYSREADSTRING
	K	 0000 1110 KKKK KKKK	150
000222	0E96	MOVLW LOW SYSSTRINGPARAM1
	F	 0110 111A FFFF FFFF	1328
	A	 0110 111A 0011 0000	0
000224	6E30	MOVWF SYSPRINTDATAHANDLER,ACCESS
	K	 0000 1110 KKKK KKKK	20
000226	0E14	MOVLW HIGH SYSSTRINGPARAM1
	F	 0110 111A FFFF FFFF	1329
	A	 0110 111A 0011 0001	0
000228	6E31	MOVWF SYSPRINTDATAHANDLER_H,ACCESS
	K	 0000 1110 KKKK KKKK	1
00022A	0E01	MOVLW 1
	F	 0110 111A FFFF FFFF	1295
	A	 0110 111A 0000 1111	0
00022C	6E0F	MOVWF COMPORT,ACCESS
	N	 1101 1NNN NNNN NNNN	631
00022E	DA77	RCALL HSERPRINT359
	K	 0000 1110 KKKK KKKK	127
000230	0E7F	MOVLW 127
	F	 0110 111A FFFF FFFF	1310
	A	 0110 111A 0001 1110	0
000232	6E1E	MOVWF SERPRINTVAL,ACCESS
	K	 0000 1110 KKKK KKKK	1
000234	0E01	MOVLW 1
	F	 0110 111A FFFF FFFF	1295
	A	 0110 111A 0000 1111	0
000236	6E0F	MOVWF COMPORT,ACCESS
	N	 1101 1NNN NNNN NNNN	655
000238	DA8F	RCALL HSERPRINT361
	F	1110 1110 00FF KKKK:1111 00KK KKKK KKKK	1
	K	1110 1110 0001 KKKK:1111 00KK KKKK KKKK	5270
00023A	EE15 F096	LFSR 1,SYSSTRINGPARAM1
	K	 0000 1110 KKKK KKKK	144
00023E	0E90	MOVLW LOW STRINGTABLE13
	F	 0110 111A FFFF FFFF	1270
	A	 0110 111A 1111 0110	0
000240	6EF6	MOVWF TBLPTRL,ACCESS
	K	 0000 1110 KKKK KKKK	31
000242	0E1F	MOVLW HIGH STRINGTABLE13
	F	 0110 111A FFFF FFFF	1271
	A	 0110 111A 1111 0111	0
000244	6EF7	MOVWF TBLPTRH,ACCESS
	K	 0000 1110 KKKK KKKK	0
000246	0E00	MOVLW UPPER STRINGTABLE13
	F	 0110 111A FFFF FFFF	1272
	A	 0110 111A 1111 1000	0
000248	6EF8	MOVWF TBLPTRU,ACCESS
	K	1111 KKKK KKKK KKKK:1110 110S KKKK KKKK	7560
	S	1111 0000 0000 1110:1110 110S 1100 0100	0
00024A	ECC4 F00E	CALL SYSREADSTRING
	K	 0000 1110 KKKK KKKK	150
00024E	0E96	MOVLW LOW SYSSTRINGPARAM1
	F	 0110 111A FFFF FFFF	1328
	A	 0110 111A 0011 0000	0
000250	6E30	MOVWF SYSPRINTDATAHANDLER,ACCESS
	K	 0000 1110 KKKK KKKK	20
000252	0E14	MOVLW HIGH SYSSTRINGPARAM1
	F	 0110 111A FFFF FFFF	1329
	A	 0110 111A 0011 0001	0
000254	6E31	MOVWF SYSPRINTDATAHANDLER_H,ACCESS
	K	 0000 1110 KKKK KKKK	1
000256	0E01	MOVLW 1
	F	 0110 111A FFFF FFFF	1295
	A	 0110 111A 0000 1111	0
000258	6E0F	MOVWF COMPORT,ACCESS
	N	 1101 1NNN NNNN NNNN	708
00025A	DAC4	RCALL HSERPRINTSTRINGCRLF
	K	 0000 1110 KKKK KKKK	1
00025C	0E01	MOVLW 1
	F	 0110 111A FFFF FFFF	1296
	A	 0110 111A 0001 0000	0
00025E	6E10	MOVWF HSERPRINTCRLFCOUNT,ACCESS
	K	 0000 1110 KKKK KKKK	1
000260	0E01	MOVLW 1
	F	 0110 111A FFFF FFFF	1295
	A	 0110 111A 0000 1111	0
000262	6E0F	MOVWF COMPORT,ACCESS
	N	 1101 1NNN NNNN NNNN	689
000264	DAB1	RCALL HSERPRINTCRLF
	K	 0000 1110 KKKK KKKK	1
000266	0E01	MOVLW 1
	F	 0110 111A FFFF FFFF	1303
	A	 0110 111A 0001 0111	0
000268	6E17	MOVWF PWMCHANNEL,ACCESS
	K	 0000 1110 KKKK KKKK	38
00026A	0E26	MOVLW 38
	F	 0110 111A FFFF FFFF	1306
	A	 0110 111A 0001 1010	0
00026C	6E1A	MOVWF PWMFREQ,ACCESS
	K	 0000 1110 KKKK KKKK	127
00026E	0E7F	MOVLW 127
	F	 0110 111A FFFF FFFF	1304
	A	 0110 111A 0001 1000	0
000270	6E18	MOVWF PWMDUTY,ACCESS
	F	 0110 101A FFFF FFFF	1305
	A	 0110 101A 0001 1001	0
000272	6A19	CLRF PWMDUTY_H,ACCESS
	N	 1101 1NNN NNNN NNNN	476
000274	D9DC	RCALL HPWM30
	F	1110 1110 00FF KKKK:1111 00KK KKKK KKKK	1
	K	1110 1110 0001 KKKK:1111 00KK KKKK KKKK	5270
000276	EE15 F096	LFSR 1,SYSSTRINGPARAM1
	K	 0000 1110 KKKK KKKK	212
00027A	0ED4	MOVLW LOW STRINGTABLE14
	F	 0110 111A FFFF FFFF	1270
	A	 0110 111A 1111 0110	0
00027C	6EF6	MOVWF TBLPTRL,ACCESS
	K	 0000 1110 KKKK KKKK	31
00027E	0E1F	MOVLW HIGH STRINGTABLE14
	F	 0110 111A FFFF FFFF	1271
	A	 0110 111A 1111 0111	0
000280	6EF7	MOVWF TBLPTRH,ACCESS
	K	 0000 1110 KKKK KKKK	0
000282	0E00	MOVLW UPPER STRINGTABLE14
	F	 0110 111A FFFF FFFF	1272
	A	 0110 111A 1111 1000	0
000284	6EF8	MOVWF TBLPTRU,ACCESS
	K	1111 KKKK KKKK KKKK:1110 110S KKKK KKKK	7560
	S	1111 0000 0000 1110:1110 110S 1100 0100	0
000286	ECC4 F00E	CALL SYSREADSTRING
	K	 0000 1110 KKKK KKKK	150
00028A	0E96	MOVLW LOW SYSSTRINGPARAM1
	F	 0110 111A FFFF FFFF	1340
	A	 0110 111A 0011 1100	0
00028C	6E3C	MOVWF SYSSYSINSTRINGHANDLER,ACCESS
	K	 0000 1110 KKKK KKKK	20
00028E	0E14	MOVLW HIGH SYSSTRINGPARAM1
	F	 0110 111A FFFF FFFF	1341
	A	 0110 111A 0011 1101	0
000290	6E3D	MOVWF SYSSYSINSTRINGHANDLER_H,ACCESS
	K	 0000 1110 KKKK KKKK	80
000292	0E50	MOVLW 80
	F	 0110 111A FFFF FFFF	1337
	A	 0110 111A 0011 1001	0
000294	6E39	MOVWF SYSSTRLEN,ACCESS
	F	1110 1110 00FF KKKK:1111 00KK KKKK KKKK	1
	K	1110 1110 0001 KKKK:1111 00KK KKKK KKKK	5060
000296	EE14 F3C4	LFSR 1,SYSSTRINGPARAM2
	K	 0000 1110 KKKK KKKK	214
00029A	0ED6	MOVLW LOW STRINGTABLE15
	F	 0110 111A FFFF FFFF	1270
	A	 0110 111A 1111 0110	0
00029C	6EF6	MOVWF TBLPTRL,ACCESS
	K	 0000 1110 KKKK KKKK	31
00029E	0E1F	MOVLW HIGH STRINGTABLE15
	F	 0110 111A FFFF FFFF	1271
	A	 0110 111A 1111 0111	0
0002A0	6EF7	MOVWF TBLPTRH,ACCESS
	K	 0000 1110 KKKK KKKK	0
0002A2	0E00	MOVLW UPPER STRINGTABLE15
	F	 0110 111A FFFF FFFF	1272
	A	 0110 111A 1111 1000	0
0002A4	6EF8	MOVWF TBLPTRU,ACCESS
	K	1111 KKKK KKKK KKKK:1110 110S KKKK KKKK	7560
	S	1111 0000 0000 1110:1110 110S 1100 0100	0
0002A6	ECC4 F00E	CALL SYSREADSTRING
	K	 0000 1110 KKKK KKKK	196
0002AA	0EC4	MOVLW LOW SYSSTRINGPARAM2
	F	 0110 111A FFFF FFFF	1338
	A	 0110 111A 0011 1010	0
0002AC	6E3A	MOVWF SYSSYSINSTRING3HANDLER,ACCESS
	K	 0000 1110 KKKK KKKK	19
0002AE	0E13	MOVLW HIGH SYSSTRINGPARAM2
	F	 0110 111A FFFF FFFF	1339
	A	 0110 111A 0011 1011	0
0002B0	6E3B	MOVWF SYSSYSINSTRING3HANDLER_H,ACCESS
	N	 1101 1NNN NNNN NNNN	791
0002B2	DB17	RCALL FN_PAD
	K	 0000 1110 KKKK KKKK	218
0002B4	0EDA	MOVLW LOW PAD
	F	 0110 111A FFFF FFFF	1328
	A	 0110 111A 0011 0000	0
0002B6	6E30	MOVWF SYSPRINTDATAHANDLER,ACCESS
	K	 0000 1110 KKKK KKKK	19
0002B8	0E13	MOVLW HIGH PAD
	F	 0110 111A FFFF FFFF	1329
	A	 0110 111A 0011 0001	0
0002BA	6E31	MOVWF SYSPRINTDATAHANDLER_H,ACCESS
	K	 0000 1110 KKKK KKKK	1
0002BC	0E01	MOVLW 1
	F	 0110 111A FFFF FFFF	1295
	A	 0110 111A 0000 1111	0
0002BE	6E0F	MOVWF COMPORT,ACCESS
	N	 1101 1NNN NNNN NNNN	657
0002C0	DA91	RCALL HSERPRINTSTRINGCRLF
	F	1110 1110 00FF KKKK:1111 00KK KKKK KKKK	1
	K	1110 1110 0001 KKKK:1111 00KK KKKK KKKK	5270
0002C2	EE15 F096	LFSR 1,SYSSTRINGPARAM1
	K	 0000 1110 KKKK KKKK	216
0002C6	0ED8	MOVLW LOW STRINGTABLE16
	F	 0110 111A FFFF FFFF	1270
	A	 0110 111A 1111 0110	0
0002C8	6EF6	MOVWF TBLPTRL,ACCESS
	K	 0000 1110 KKKK KKKK	31
0002CA	0E1F	MOVLW HIGH STRINGTABLE16
	F	 0110 111A FFFF FFFF	1271
	A	 0110 111A 1111 0111	0
0002CC	6EF7	MOVWF TBLPTRH,ACCESS
	K	 0000 1110 KKKK KKKK	0
0002CE	0E00	MOVLW UPPER STRINGTABLE16
	F	 0110 111A FFFF FFFF	1272
	A	 0110 111A 1111 1000	0
0002D0	6EF8	MOVWF TBLPTRU,ACCESS
	K	1111 KKKK KKKK KKKK:1110 110S KKKK KKKK	7560
	S	1111 0000 0000 1110:1110 110S 1100 0100	0
0002D2	ECC4 F00E	CALL SYSREADSTRING
	K	 0000 1110 KKKK KKKK	150
0002D6	0E96	MOVLW LOW SYSSTRINGPARAM1
	F	 0110 111A FFFF FFFF	1328
	A	 0110 111A 0011 0000	0
0002D8	6E30	MOVWF SYSPRINTDATAHANDLER,ACCESS
	K	 0000 1110 KKKK KKKK	20
0002DA	0E14	MOVLW HIGH SYSSTRINGPARAM1
	F	 0110 111A FFFF FFFF	1329
	A	 0110 111A 0011 0001	0
0002DC	6E31	MOVWF SYSPRINTDATAHANDLER_H,ACCESS
	K	 0000 1110 KKKK KKKK	1
0002DE	0E01	MOVLW 1
	F	 0110 111A FFFF FFFF	1295
	A	 0110 111A 0000 1111	0
0002E0	6E0F	MOVWF COMPORT,ACCESS
	N	 1101 1NNN NNNN NNNN	541
0002E2	DA1D	RCALL HSERPRINT359
	K	 0000 1110 KKKK KKKK	127
0002E4	0E7F	MOVLW 127
	F	 0110 111A FFFF FFFF	1310
	A	 0110 111A 0001 1110	0
0002E6	6E1E	MOVWF SERPRINTVAL,ACCESS
	K	 0000 1110 KKKK KKKK	1
0002E8	0E01	MOVLW 1
	F	 0110 111A FFFF FFFF	1295
	A	 0110 111A 0000 1111	0
0002EA	6E0F	MOVWF COMPORT,ACCESS
	N	 1101 1NNN NNNN NNNN	565
0002EC	DA35	RCALL HSERPRINT361
	F	1110 1110 00FF KKKK:1111 00KK KKKK KKKK	1
	K	1110 1110 0001 KKKK:1111 00KK KKKK KKKK	5270
0002EE	EE15 F096	LFSR 1,SYSSTRINGPARAM1
	K	 0000 1110 KKKK KKKK	242
0002F2	0EF2	MOVLW LOW STRINGTABLE17
	F	 0110 111A FFFF FFFF	1270
	A	 0110 111A 1111 0110	0
0002F4	6EF6	MOVWF TBLPTRL,ACCESS
	K	 0000 1110 KKKK KKKK	31
0002F6	0E1F	MOVLW HIGH STRINGTABLE17
	F	 0110 111A FFFF FFFF	1271
	A	 0110 111A 1111 0111	0
0002F8	6EF7	MOVWF TBLPTRH,ACCESS
	K	 0000 1110 KKKK KKKK	0
0002FA	0E00	MOVLW UPPER STRINGTABLE17
	F	 0110 111A FFFF FFFF	1272
	A	 0110 111A 1111 1000	0
0002FC	6EF8	MOVWF TBLPTRU,ACCESS
	K	1111 KKKK KKKK KKKK:1110 110S KKKK KKKK	7560
	S	1111 0000 0000 1110:1110 110S 1100 0100	0
0002FE	ECC4 F00E	CALL SYSREADSTRING
	K	 0000 1110 KKKK KKKK	150
000302	0E96	MOVLW LOW SYSSTRINGPARAM1
	F	 0110 111A FFFF FFFF	1328
	A	 0110 111A 0011 0000	0
000304	6E30	MOVWF SYSPRINTDATAHANDLER,ACCESS
	K	 0000 1110 KKKK KKKK	20
000306	0E14	MOVLW HIGH SYSSTRINGPARAM1
	F	 0110 111A FFFF FFFF	1329
	A	 0110 111A 0011 0001	0
000308	6E31	MOVWF SYSPRINTDATAHANDLER_H,ACCESS
	K	 0000 1110 KKKK KKKK	1
00030A	0E01	MOVLW 1
	F	 0110 111A FFFF FFFF	1295
	A	 0110 111A 0000 1111	0
00030C	6E0F	MOVWF COMPORT,ACCESS
	N	 1101 1NNN NNNN NNNN	618
00030E	DA6A	RCALL HSERPRINTSTRINGCRLF
	K	 0000 1110 KKKK KKKK	2
000310	0E02	MOVLW 2
	F	 0110 111A FFFF FFFF	1296
	A	 0110 111A 0001 0000	0
000312	6E10	MOVWF HSERPRINTCRLFCOUNT,ACCESS
	K	 0000 1110 KKKK KKKK	1
000314	0E01	MOVLW 1
	F	 0110 111A FFFF FFFF	1295
	A	 0110 111A 0000 1111	0
000316	6E0F	MOVWF COMPORT,ACCESS
	N	 1101 1NNN NNNN NNNN	599
000318	DA57	RCALL HSERPRINTCRLF
	F	1110 1110 00FF KKKK:1111 00KK KKKK KKKK	1
	K	1110 1110 0001 KKKK:1111 00KK KKKK KKKK	5270
00031A	EE15 F096	LFSR 1,SYSSTRINGPARAM1
	K	 0000 1110 KKKK KKKK	252
00031E	0EFC	MOVLW LOW STRINGTABLE18
	F	 0110 111A FFFF FFFF	1270
	A	 0110 111A 1111 0110	0
000320	6EF6	MOVWF TBLPTRL,ACCESS
	K	 0000 1110 KKKK KKKK	31
000322	0E1F	MOVLW HIGH STRINGTABLE18
	F	 0110 111A FFFF FFFF	1271
	A	 0110 111A 1111 0111	0
000324	6EF7	MOVWF TBLPTRH,ACCESS
	K	 0000 1110 KKKK KKKK	0
000326	0E00	MOVLW UPPER STRINGTABLE18
	F	 0110 111A FFFF FFFF	1272
	A	 0110 111A 1111 1000	0
000328	6EF8	MOVWF TBLPTRU,ACCESS
	K	1111 KKKK KKKK KKKK:1110 110S KKKK KKKK	7560
	S	1111 0000 0000 1110:1110 110S 1100 0100	0
00032A	ECC4 F00E	CALL SYSREADSTRING
	K	 0000 1110 KKKK KKKK	150
00032E	0E96	MOVLW LOW SYSSTRINGPARAM1
	F	 0110 111A FFFF FFFF	1328
	A	 0110 111A 0011 0000	0
000330	6E30	MOVWF SYSPRINTDATAHANDLER,ACCESS
	K	 0000 1110 KKKK KKKK	20
000332	0E14	MOVLW HIGH SYSSTRINGPARAM1
	F	 0110 111A FFFF FFFF	1329
	A	 0110 111A 0011 0001	0
000334	6E31	MOVWF SYSPRINTDATAHANDLER_H,ACCESS
	K	 0000 1110 KKKK KKKK	1
000336	0E01	MOVLW 1
	F	 0110 111A FFFF FFFF	1295
	A	 0110 111A 0000 1111	0
000338	6E0F	MOVWF COMPORT,ACCESS
	N	 1101 1NNN NNNN NNNN	596
00033A	DA54	RCALL HSERPRINTSTRINGCRLF
	K	 0000 1110 KKKK KKKK	1
00033C	0E01	MOVLW 1
	F	 0110 111A FFFF FFFF	1296
	A	 0110 111A 0001 0000	0
00033E	6E10	MOVWF HSERPRINTCRLFCOUNT,ACCESS
	K	 0000 1110 KKKK KKKK	1
000340	0E01	MOVLW 1
	F	 0110 111A FFFF FFFF	1295
	A	 0110 111A 0000 1111	0
000342	6E0F	MOVWF COMPORT,ACCESS
	N	 1101 1NNN NNNN NNNN	577
000344	DA41	RCALL HSERPRINTCRLF
	F	1110 1110 00FF KKKK:1111 00KK KKKK KKKK	1
	K	1110 1110 0001 KKKK:1111 00KK KKKK KKKK	5270
000346	EE15 F096	LFSR 1,SYSSTRINGPARAM1
	K	 0000 1110 KKKK KKKK	94
00034A	0E5E	MOVLW LOW STRINGTABLE19
	F	 0110 111A FFFF FFFF	1270
	A	 0110 111A 1111 0110	0
00034C	6EF6	MOVWF TBLPTRL,ACCESS
	K	 0000 1110 KKKK KKKK	32
00034E	0E20	MOVLW HIGH STRINGTABLE19
	F	 0110 111A FFFF FFFF	1271
	A	 0110 111A 1111 0111	0
000350	6EF7	MOVWF TBLPTRH,ACCESS
	K	 0000 1110 KKKK KKKK	0
000352	0E00	MOVLW UPPER STRINGTABLE19
	F	 0110 111A FFFF FFFF	1272
	A	 0110 111A 1111 1000	0
000354	6EF8	MOVWF TBLPTRU,ACCESS
	K	1111 KKKK KKKK KKKK:1110 110S KKKK KKKK	7560
	S	1111 0000 0000 1110:1110 110S 1100 0100	0
000356	ECC4 F00E	CALL SYSREADSTRING
	K	 0000 1110 KKKK KKKK	150
00035A	0E96	MOVLW LOW SYSSTRINGPARAM1
	F	 0110 111A FFFF FFFF	1328
	A	 0110 111A 0011 0000	0
00035C	6E30	MOVWF SYSPRINTDATAHANDLER,ACCESS
	K	 0000 1110 KKKK KKKK	20
00035E	0E14	MOVLW HIGH SYSSTRINGPARAM1
	F	 0110 111A FFFF FFFF	1329
	A	 0110 111A 0011 0001	0
000360	6E31	MOVWF SYSPRINTDATAHANDLER_H,ACCESS
	K	 0000 1110 KKKK KKKK	1
000362	0E01	MOVLW 1
	F	 0110 111A FFFF FFFF	1295
	A	 0110 111A 0000 1111	0
000364	6E0F	MOVWF COMPORT,ACCESS
	N	 1101 1NNN NNNN NNNN	574
000366	DA3E	RCALL HSERPRINTSTRINGCRLF
	F	1110 1110 00FF KKKK:1111 00KK KKKK KKKK	1
	K	1110 1110 0001 KKKK:1111 00KK KKKK KKKK	5270
000368	EE15 F096	LFSR 1,SYSSTRINGPARAM1
	K	 0000 1110 KKKK KKKK	106
00036C	0E6A	MOVLW LOW STRINGTABLE20
	F	 0110 111A FFFF FFFF	1270
	A	 0110 111A 1111 0110	0
00036E	6EF6	MOVWF TBLPTRL,ACCESS
	K	 0000 1110 KKKK KKKK	32
000370	0E20	MOVLW HIGH STRINGTABLE20
	F	 0110 111A FFFF FFFF	1271
	A	 0110 111A 1111 0111	0
000372	6EF7	MOVWF TBLPTRH,ACCESS
	K	 0000 1110 KKKK KKKK	0
000374	0E00	MOVLW UPPER STRINGTABLE20
	F	 0110 111A FFFF FFFF	1272
	A	 0110 111A 1111 1000	0
000376	6EF8	MOVWF TBLPTRU,ACCESS
	K	1111 KKKK KKKK KKKK:1110 110S KKKK KKKK	7560
	S	1111 0000 0000 1110:1110 110S 1100 0100	0
000378	ECC4 F00E	CALL SYSREADSTRING
	K	 0000 1110 KKKK KKKK	150
00037C	0E96	MOVLW LOW SYSSTRINGPARAM1
	F	 0110 111A FFFF FFFF	1328
	A	 0110 111A 0011 0000	0
00037E	6E30	MOVWF SYSPRINTDATAHANDLER,ACCESS
	K	 0000 1110 KKKK KKKK	20
000380	0E14	MOVLW HIGH SYSSTRINGPARAM1
	F	 0110 111A FFFF FFFF	1329
	A	 0110 111A 0011 0001	0
000382	6E31	MOVWF SYSPRINTDATAHANDLER_H,ACCESS
	K	 0000 1110 KKKK KKKK	1
000384	0E01	MOVLW 1
	F	 0110 111A FFFF FFFF	1295
	A	 0110 111A 0000 1111	0
000386	6E0F	MOVWF COMPORT,ACCESS
	N	 1101 1NNN NNNN NNNN	557
000388	DA2D	RCALL HSERPRINTSTRINGCRLF
	F	1110 1110 00FF KKKK:1111 00KK KKKK KKKK	1
	K	1110 1110 0001 KKKK:1111 00KK KKKK KKKK	5270
00038A	EE15 F096	LFSR 1,SYSSTRINGPARAM1
	K	 0000 1110 KKKK KKKK	192
00038E	0EC0	MOVLW LOW STRINGTABLE21
	F	 0110 111A FFFF FFFF	1270
	A	 0110 111A 1111 0110	0
000390	6EF6	MOVWF TBLPTRL,ACCESS
	K	 0000 1110 KKKK KKKK	32
000392	0E20	MOVLW HIGH STRINGTABLE21
	F	 0110 111A FFFF FFFF	1271
	A	 0110 111A 1111 0111	0
000394	6EF7	MOVWF TBLPTRH,ACCESS
	K	 0000 1110 KKKK KKKK	0
000396	0E00	MOVLW UPPER STRINGTABLE21
	F	 0110 111A FFFF FFFF	1272
	A	 0110 111A 1111 1000	0
000398	6EF8	MOVWF TBLPTRU,ACCESS
	K	1111 KKKK KKKK KKKK:1110 110S KKKK KKKK	7560
	S	1111 0000 0000 1110:1110 110S 1100 0100	0
00039A	ECC4 F00E	CALL SYSREADSTRING
	K	 0000 1110 KKKK KKKK	150
00039E	0E96	MOVLW LOW SYSSTRINGPARAM1
	F	 0110 111A FFFF FFFF	1328
	A	 0110 111A 0011 0000	0
0003A0	6E30	MOVWF SYSPRINTDATAHANDLER,ACCESS
	K	 0000 1110 KKKK KKKK	20
0003A2	0E14	MOVLW HIGH SYSSTRINGPARAM1
	F	 0110 111A FFFF FFFF	1329
	A	 0110 111A 0011 0001	0
0003A4	6E31	MOVWF SYSPRINTDATAHANDLER_H,ACCESS
	K	 0000 1110 KKKK KKKK	1
0003A6	0E01	MOVLW 1
	F	 0110 111A FFFF FFFF	1295
	A	 0110 111A 0000 1111	0
0003A8	6E0F	MOVWF COMPORT,ACCESS
	N	 1101 1NNN NNNN NNNN	540
0003AA	DA1C	RCALL HSERPRINTSTRINGCRLF
	F	1110 1110 00FF KKKK:1111 00KK KKKK KKKK	1
	K	1110 1110 0001 KKKK:1111 00KK KKKK KKKK	5270
0003AC	EE15 F096	LFSR 1,SYSSTRINGPARAM1
	K	 0000 1110 KKKK KKKK	42
0003B0	0E2A	MOVLW LOW STRINGTABLE22
	F	 0110 111A FFFF FFFF	1270
	A	 0110 111A 1111 0110	0
0003B2	6EF6	MOVWF TBLPTRL,ACCESS
	K	 0000 1110 KKKK KKKK	33
0003B4	0E21	MOVLW HIGH STRINGTABLE22
	F	 0110 111A FFFF FFFF	1271
	A	 0110 111A 1111 0111	0
0003B6	6EF7	MOVWF TBLPTRH,ACCESS
	K	 0000 1110 KKKK KKKK	0
0003B8	0E00	MOVLW UPPER STRINGTABLE22
	F	 0110 111A FFFF FFFF	1272
	A	 0110 111A 1111 1000	0
0003BA	6EF8	MOVWF TBLPTRU,ACCESS
	K	1111 KKKK KKKK KKKK:1110 110S KKKK KKKK	7560
	S	1111 0000 0000 1110:1110 110S 1100 0100	0
0003BC	ECC4 F00E	CALL SYSREADSTRING
	K	 0000 1110 KKKK KKKK	150
0003C0	0E96	MOVLW LOW SYSSTRINGPARAM1
	F	 0110 111A FFFF FFFF	1328
	A	 0110 111A 0011 0000	0
0003C2	6E30	MOVWF SYSPRINTDATAHANDLER,ACCESS
	K	 0000 1110 KKKK KKKK	20
0003C4	0E14	MOVLW HIGH SYSSTRINGPARAM1
	F	 0110 111A FFFF FFFF	1329
	A	 0110 111A 0011 0001	0
0003C6	6E31	MOVWF SYSPRINTDATAHANDLER_H,ACCESS
	K	 0000 1110 KKKK KKKK	1
0003C8	0E01	MOVLW 1
	F	 0110 111A FFFF FFFF	1295
	A	 0110 111A 0000 1111	0
0003CA	6E0F	MOVWF COMPORT,ACCESS
	N	 1101 1NNN NNNN NNNN	523
0003CC	DA0B	RCALL HSERPRINTSTRINGCRLF
	K	 0000 1110 KKKK KKKK	1
0003CE	0E01	MOVLW 1
	F	 0110 111A FFFF FFFF	1296
	A	 0110 111A 0001 0000	0
0003D0	6E10	MOVWF HSERPRINTCRLFCOUNT,ACCESS
	K	 0000 1110 KKKK KKKK	1
0003D2	0E01	MOVLW 1
	F	 0110 111A FFFF FFFF	1295
	A	 0110 111A 0000 1111	0
0003D4	6E0F	MOVWF COMPORT,ACCESS
	N	 1101 1NNN NNNN NNNN	504
0003D6	D9F8	RCALL HSERPRINTCRLF
	F	1110 1110 00FF KKKK:1111 00KK KKKK KKKK	1
	K	1110 1110 0001 KKKK:1111 00KK KKKK KKKK	5270
0003D8	EE15 F096	LFSR 1,SYSSTRINGPARAM1
	K	 0000 1110 KKKK KKKK	138
0003DC	0E8A	MOVLW LOW STRINGTABLE23
	F	 0110 111A FFFF FFFF	1270
	A	 0110 111A 1111 0110	0
0003DE	6EF6	MOVWF TBLPTRL,ACCESS
	K	 0000 1110 KKKK KKKK	33
0003E0	0E21	MOVLW HIGH STRINGTABLE23
	F	 0110 111A FFFF FFFF	1271
	A	 0110 111A 1111 0111	0
0003E2	6EF7	MOVWF TBLPTRH,ACCESS
	K	 0000 1110 KKKK KKKK	0
0003E4	0E00	MOVLW UPPER STRINGTABLE23
	F	 0110 111A FFFF FFFF	1272
	A	 0110 111A 1111 1000	0
0003E6	6EF8	MOVWF TBLPTRU,ACCESS
	K	1111 KKKK KKKK KKKK:1110 110S KKKK KKKK	7560
	S	1111 0000 0000 1110:1110 110S 1100 0100	0
0003E8	ECC4 F00E	CALL SYSREADSTRING
	K	 0000 1110 KKKK KKKK	150
0003EC	0E96	MOVLW LOW SYSSTRINGPARAM1
	F	 0110 111A FFFF FFFF	1328
	A	 0110 111A 0011 0000	0
0003EE	6E30	MOVWF SYSPRINTDATAHANDLER,ACCESS
	K	 0000 1110 KKKK KKKK	20
0003F0	0E14	MOVLW HIGH SYSSTRINGPARAM1
	F	 0110 111A FFFF FFFF	1329
	A	 0110 111A 0011 0001	0
0003F2	6E31	MOVWF SYSPRINTDATAHANDLER_H,ACCESS
	K	 0000 1110 KKKK KKKK	1
0003F4	0E01	MOVLW 1
	F	 0110 111A FFFF FFFF	1295
	A	 0110 111A 0000 1111	0
0003F6	6E0F	MOVWF COMPORT,ACCESS
	N	 1101 1NNN NNNN NNNN	501
0003F8	D9F5	RCALL HSERPRINTSTRINGCRLF
	K	 0000 1110 KKKK KKKK	1
0003FA	0E01	MOVLW 1
	F	 0110 111A FFFF FFFF	1296
	A	 0110 111A 0001 0000	0
0003FC	6E10	MOVWF HSERPRINTCRLFCOUNT,ACCESS
	K	 0000 1110 KKKK KKKK	1
0003FE	0E01	MOVLW 1
	F	 0110 111A FFFF FFFF	1295
	A	 0110 111A 0000 1111	0
000400	6E0F	MOVWF COMPORT,ACCESS
	N	 1101 1NNN NNNN NNNN	482
000402	D9E2	RCALL HSERPRINTCRLF
	F	1110 1110 00FF KKKK:1111 00KK KKKK KKKK	1
	K	1110 1110 0001 KKKK:1111 00KK KKKK KKKK	5270
000404	EE15 F096	LFSR 1,SYSSTRINGPARAM1
	K	 0000 1110 KKKK KKKK	234
000408	0EEA	MOVLW LOW STRINGTABLE24
	F	 0110 111A FFFF FFFF	1270
	A	 0110 111A 1111 0110	0
00040A	6EF6	MOVWF TBLPTRL,ACCESS
	K	 0000 1110 KKKK KKKK	33
00040C	0E21	MOVLW HIGH STRINGTABLE24
	F	 0110 111A FFFF FFFF	1271
	A	 0110 111A 1111 0111	0
00040E	6EF7	MOVWF TBLPTRH,ACCESS
	K	 0000 1110 KKKK KKKK	0
000410	0E00	MOVLW UPPER STRINGTABLE24
	F	 0110 111A FFFF FFFF	1272
	A	 0110 111A 1111 1000	0
000412	6EF8	MOVWF TBLPTRU,ACCESS
	K	1111 KKKK KKKK KKKK:1110 110S KKKK KKKK	7560
	S	1111 0000 0000 1110:1110 110S 1100 0100	0
000414	ECC4 F00E	CALL SYSREADSTRING
	K	 0000 1110 KKKK KKKK	150
000418	0E96	MOVLW LOW SYSSTRINGPARAM1
	F	 0110 111A FFFF FFFF	1328
	A	 0110 111A 0011 0000	0
00041A	6E30	MOVWF SYSPRINTDATAHANDLER,ACCESS
	K	 0000 1110 KKKK KKKK	20
00041C	0E14	MOVLW HIGH SYSSTRINGPARAM1
	F	 0110 111A FFFF FFFF	1329
	A	 0110 111A 0011 0001	0
00041E	6E31	MOVWF SYSPRINTDATAHANDLER_H,ACCESS
	K	 0000 1110 KKKK KKKK	1
000420	0E01	MOVLW 1
	F	 0110 111A FFFF FFFF	1295
	A	 0110 111A 0000 1111	0
000422	6E0F	MOVWF COMPORT,ACCESS
	N	 1101 1NNN NNNN NNNN	479
000424	D9DF	RCALL HSERPRINTSTRINGCRLF
	K	 0000 1110 KKKK KKKK	1
000426	0E01	MOVLW 1
	F	 0110 111A FFFF FFFF	1296
	A	 0110 111A 0001 0000	0
000428	6E10	MOVWF HSERPRINTCRLFCOUNT,ACCESS
	K	 0000 1110 KKKK KKKK	1
00042A	0E01	MOVLW 1
	F	 0110 111A FFFF FFFF	1295
	A	 0110 111A 0000 1111	0
00042C	6E0F	MOVWF COMPORT,ACCESS
	N	 1101 1NNN NNNN NNNN	460
00042E	D9CC	RCALL HSERPRINTCRLF
	F	1110 1110 00FF KKKK:1111 00KK KKKK KKKK	1
	K	1110 1110 0001 KKKK:1111 00KK KKKK KKKK	5270
000430	EE15 F096	LFSR 1,SYSSTRINGPARAM1
	K	 0000 1110 KKKK KKKK	66
000434	0E42	MOVLW LOW STRINGTABLE25
	F	 0110 111A FFFF FFFF	1270
	A	 0110 111A 1111 0110	0
000436	6EF6	MOVWF TBLPTRL,ACCESS
	K	 0000 1110 KKKK KKKK	34
000438	0E22	MOVLW HIGH STRINGTABLE25
	F	 0110 111A FFFF FFFF	1271
	A	 0110 111A 1111 0111	0
00043A	6EF7	MOVWF TBLPTRH,ACCESS
	K	 0000 1110 KKKK KKKK	0
00043C	0E00	MOVLW UPPER STRINGTABLE25
	F	 0110 111A FFFF FFFF	1272
	A	 0110 111A 1111 1000	0
00043E	6EF8	MOVWF TBLPTRU,ACCESS
	K	1111 KKKK KKKK KKKK:1110 110S KKKK KKKK	7560
	S	1111 0000 0000 1110:1110 110S 1100 0100	0
000440	ECC4 F00E	CALL SYSREADSTRING
	K	 0000 1110 KKKK KKKK	150
000444	0E96	MOVLW LOW SYSSTRINGPARAM1
	F	 0110 111A FFFF FFFF	1328
	A	 0110 111A 0011 0000	0
000446	6E30	MOVWF SYSPRINTDATAHANDLER,ACCESS
	K	 0000 1110 KKKK KKKK	20
000448	0E14	MOVLW HIGH SYSSTRINGPARAM1
	F	 0110 111A FFFF FFFF	1329
	A	 0110 111A 0011 0001	0
00044A	6E31	MOVWF SYSPRINTDATAHANDLER_H,ACCESS
	K	 0000 1110 KKKK KKKK	1
00044C	0E01	MOVLW 1
	F	 0110 111A FFFF FFFF	1295
	A	 0110 111A 0000 1111	0
00044E	6E0F	MOVWF COMPORT,ACCESS
	N	 1101 1NNN NNNN NNNN	457
000450	D9C9	RCALL HSERPRINTSTRINGCRLF
	F	1110 1110 00FF KKKK:1111 00KK KKKK KKKK	1
	K	1110 1110 0001 KKKK:1111 00KK KKKK KKKK	5270
000452	EE15 F096	LFSR 1,SYSSTRINGPARAM1
	K	 0000 1110 KKKK KKKK	212
000456	0ED4	MOVLW LOW STRINGTABLE14
	F	 0110 111A FFFF FFFF	1270
	A	 0110 111A 1111 0110	0
000458	6EF6	MOVWF TBLPTRL,ACCESS
	K	 0000 1110 KKKK KKKK	31
00045A	0E1F	MOVLW HIGH STRINGTABLE14
	F	 0110 111A FFFF FFFF	1271
	A	 0110 111A 1111 0111	0
00045C	6EF7	MOVWF TBLPTRH,ACCESS
	K	 0000 1110 KKKK KKKK	0
00045E	0E00	MOVLW UPPER STRINGTABLE14
	F	 0110 111A FFFF FFFF	1272
	A	 0110 111A 1111 1000	0
000460	6EF8	MOVWF TBLPTRU,ACCESS
	K	1111 KKKK KKKK KKKK:1110 110S KKKK KKKK	7560
	S	1111 0000 0000 1110:1110 110S 1100 0100	0
000462	ECC4 F00E	CALL SYSREADSTRING
	K	 0000 1110 KKKK KKKK	150
000466	0E96	MOVLW LOW SYSSTRINGPARAM1
	F	 0110 111A FFFF FFFF	1340
	A	 0110 111A 0011 1100	0
000468	6E3C	MOVWF SYSSYSINSTRINGHANDLER,ACCESS
	K	 0000 1110 KKKK KKKK	20
00046A	0E14	MOVLW HIGH SYSSTRINGPARAM1
	F	 0110 111A FFFF FFFF	1341
	A	 0110 111A 0011 1101	0
00046C	6E3D	MOVWF SYSSYSINSTRINGHANDLER_H,ACCESS
	K	 0000 1110 KKKK KKKK	80
00046E	0E50	MOVLW 80
	F	 0110 111A FFFF FFFF	1337
	A	 0110 111A 0011 1001	0
000470	6E39	MOVWF SYSSTRLEN,ACCESS
	F	1110 1110 00FF KKKK:1111 00KK KKKK KKKK	1
	K	1110 1110 0001 KKKK:1111 00KK KKKK KKKK	5060
000472	EE14 F3C4	LFSR 1,SYSSTRINGPARAM2
	K	 0000 1110 KKKK KKKK	214
000476	0ED6	MOVLW LOW STRINGTABLE15
	F	 0110 111A FFFF FFFF	1270
	A	 0110 111A 1111 0110	0
000478	6EF6	MOVWF TBLPTRL,ACCESS
	K	 0000 1110 KKKK KKKK	31
00047A	0E1F	MOVLW HIGH STRINGTABLE15
	F	 0110 111A FFFF FFFF	1271
	A	 0110 111A 1111 0111	0
00047C	6EF7	MOVWF TBLPTRH,ACCESS
	K	 0000 1110 KKKK KKKK	0
00047E	0E00	MOVLW UPPER STRINGTABLE15
	F	 0110 111A FFFF FFFF	1272
	A	 0110 111A 1111 1000	0
000480	6EF8	MOVWF TBLPTRU,ACCESS
	K	1111 KKKK KKKK KKKK:1110 110S KKKK KKKK	7560
	S	1111 0000 0000 1110:1110 110S 1100 0100	0
000482	ECC4 F00E	CALL SYSREADSTRING
	K	 0000 1110 KKKK KKKK	196
000486	0EC4	MOVLW LOW SYSSTRINGPARAM2
	F	 0110 111A FFFF FFFF	1338
	A	 0110 111A 0011 1010	0
000488	6E3A	MOVWF SYSSYSINSTRING3HANDLER,ACCESS
	K	 0000 1110 KKKK KKKK	19
00048A	0E13	MOVLW HIGH SYSSTRINGPARAM2
	F	 0110 111A FFFF FFFF	1339
	A	 0110 111A 0011 1011	0
00048C	6E3B	MOVWF SYSSYSINSTRING3HANDLER_H,ACCESS
	N	 1101 1NNN NNNN NNNN	553
00048E	DA29	RCALL FN_PAD
	K	 0000 1110 KKKK KKKK	218
000490	0EDA	MOVLW LOW PAD
	F	 0110 111A FFFF FFFF	1328
	A	 0110 111A 0011 0000	0
000492	6E30	MOVWF SYSPRINTDATAHANDLER,ACCESS
	K	 0000 1110 KKKK KKKK	19
000494	0E13	MOVLW HIGH PAD
	F	 0110 111A FFFF FFFF	1329
	A	 0110 111A 0011 0001	0
000496	6E31	MOVWF SYSPRINTDATAHANDLER_H,ACCESS
	K	 0000 1110 KKKK KKKK	1
000498	0E01	MOVLW 1
	F	 0110 111A FFFF FFFF	1295
	A	 0110 111A 0000 1111	0
00049A	6E0F	MOVWF COMPORT,ACCESS
	N	 1101 1NNN NNNN NNNN	419
00049C	D9A3	RCALL HSERPRINTSTRINGCRLF
	N	 1101 1NNN NNNN NNNN	696
00049E	DAB8	RCALL SHOWDETAILS
	K	 0000 1110 KKKK KKKK	1
0004A0	0E01	MOVLW 1
	F	 0110 111A FFFF FFFF	1296
	A	 0110 111A 0001 0000	0
0004A2	6E10	MOVWF HSERPRINTCRLFCOUNT,ACCESS
	K	 0000 1110 KKKK KKKK	1
0004A4	0E01	MOVLW 1
	F	 0110 111A FFFF FFFF	1295
	A	 0110 111A 0000 1111	0
0004A6	6E0F	MOVWF COMPORT,ACCESS
	N	 1101 1NNN NNNN NNNN	399
0004A8	D98F	RCALL HSERPRINTCRLF
	F	1110 1110 00FF KKKK:1111 00KK KKKK KKKK	1
	K	1110 1110 0001 KKKK:1111 00KK KKKK KKKK	5270
0004AA	EE15 F096	LFSR 1,SYSSTRINGPARAM1
	K	 0000 1110 KKKK KKKK	106
0004AE	0E6A	MOVLW LOW STRINGTABLE26
	F	 0110 111A FFFF FFFF	1270
	A	 0110 111A 1111 0110	0
0004B0	6EF6	MOVWF TBLPTRL,ACCESS
	K	 0000 1110 KKKK KKKK	34
0004B2	0E22	MOVLW HIGH STRINGTABLE26
	F	 0110 111A FFFF FFFF	1271
	A	 0110 111A 1111 0111	0
0004B4	6EF7	MOVWF TBLPTRH,ACCESS
	K	 0000 1110 KKKK KKKK	0
0004B6	0E00	MOVLW UPPER STRINGTABLE26
	F	 0110 111A FFFF FFFF	1272
	A	 0110 111A 1111 1000	0
0004B8	6EF8	MOVWF TBLPTRU,ACCESS
	K	1111 KKKK KKKK KKKK:1110 110S KKKK KKKK	7560
	S	1111 0000 0000 1110:1110 110S 1100 0100	0
0004BA	ECC4 F00E	CALL SYSREADSTRING
	K	 0000 1110 KKKK KKKK	150
0004BE	0E96	MOVLW LOW SYSSTRINGPARAM1
	F	 0110 111A FFFF FFFF	1328
	A	 0110 111A 0011 0000	0
0004C0	6E30	MOVWF SYSPRINTDATAHANDLER,ACCESS
	K	 0000 1110 KKKK KKKK	20
0004C2	0E14	MOVLW HIGH SYSSTRINGPARAM1
	F	 0110 111A FFFF FFFF	1329
	A	 0110 111A 0011 0001	0
0004C4	6E31	MOVWF SYSPRINTDATAHANDLER_H,ACCESS
	K	 0000 1110 KKKK KKKK	1
0004C6	0E01	MOVLW 1
	F	 0110 111A FFFF FFFF	1295
	A	 0110 111A 0000 1111	0
0004C8	6E0F	MOVWF COMPORT,ACCESS
	N	 1101 1NNN NNNN NNNN	396
0004CA	D98C	RCALL HSERPRINTSTRINGCRLF
		SYSDOLOOP_S1
	N	 1101 0NNN NNNN NNNN	2047
0004CC	D7FF	BRA SYSDOLOOP_S1
		SYSDOLOOP_E1
		BASPROGRAMEND
0004CE	0003	SLEEP
	N	 1101 0NNN NNNN NNNN	2046
0004D0	D7FE	BRA BASPROGRAMEND


		FN_BYTETOBIN
	F	1110 1110 00FF KKKK:1111 00KK KKKK KKKK	1
	K	1110 1110 0001 KKKK:1111 00KK KKKK KKKK	5073
0004D2	EE14 F3D1	LFSR 1,BYTETOBIN
	K	 0000 1110 KKKK KKKK	212
0004D6	0ED4	MOVLW LOW STRINGTABLE14
	F	 0110 111A FFFF FFFF	1270
	A	 0110 111A 1111 0110	0
0004D8	6EF6	MOVWF TBLPTRL,ACCESS
	K	 0000 1110 KKKK KKKK	31
0004DA	0E1F	MOVLW HIGH STRINGTABLE14
	F	 0110 111A FFFF FFFF	1271
	A	 0110 111A 1111 0111	0
0004DC	6EF7	MOVWF TBLPTRH,ACCESS
	K	 0000 1110 KKKK KKKK	0
0004DE	0E00	MOVLW UPPER STRINGTABLE14
	F	 0110 111A FFFF FFFF	1272
	A	 0110 111A 1111 1000	0
0004E0	6EF8	MOVWF TBLPTRU,ACCESS
	K	1111 KKKK KKKK KKKK:1110 110S KKKK KKKK	7560
	S	1111 0000 0000 1110:1110 110S 1100 0100	0
0004E2	ECC4 F00E	CALL SYSREADSTRING
	K	 0000 1110 KKKK KKKK	8
0004E6	0E08	MOVLW 8
	F	 0110 111A FFFF FFFF	1333
	A	 0110 111A 0011 0101	0
0004E8	6E35	MOVWF SYSREPEATTEMP4,ACCESS
		SYSREPEATLOOP4
	F	 1010 BBBA FFFF FFFF	1293
	B	 1010 BBBA 0000 1101	7
	A	 1010 111A 0000 1101	0
0004EA	AE0D	BTFSS BYTENUM,7,ACCESS
	N	 1101 0NNN NNNN NNNN	20
0004EC	D014	BRA ELSE19_1
	F	1110 1110 00FF KKKK:1111 00KK KKKK KKKK	1
	K	1110 1110 0001 KKKK:1111 00KK KKKK KKKK	5073
0004EE	EE14 F3D1	LFSR 1,BYTETOBIN
	F	 0110 101A FFFF FFFF	1286
	A	 0110 101A 0000 0110	0
0004F2	6A06	CLRF SYSSTRINGLENGTH,ACCESS
	F	1110 1110 00FF KKKK:1111 00KK KKKK KKKK	0
	K	1110 1110 0000 KKKK:1111 00KK KKKK KKKK	5073
0004F4	EE04 F3D1	LFSR 0,BYTETOBIN
	K	1111 KKKK KKKK KKKK:1110 110S KKKK KKKK	7086
	S	1111 0000 0000 1101:1110 110S 1101 0111	0
0004F8	ECD7 F00D	CALL SYSCOPYSTRINGPART
	K	 0000 1110 KKKK KKKK	162
0004FC	0EA2	MOVLW LOW STRINGTABLE121
	F	 0110 111A FFFF FFFF	1270
	A	 0110 111A 1111 0110	0
0004FE	6EF6	MOVWF TBLPTRL,ACCESS
	K	 0000 1110 KKKK KKKK	36
000500	0E24	MOVLW HIGH STRINGTABLE121
	F	 0110 111A FFFF FFFF	1271
	A	 0110 111A 1111 0111	0
000502	6EF7	MOVWF TBLPTRH,ACCESS
	K	 0000 1110 KKKK KKKK	0
000504	0E00	MOVLW UPPER STRINGTABLE121
	F	 0110 111A FFFF FFFF	1272
	A	 0110 111A 1111 1000	0
000506	6EF8	MOVWF TBLPTRU,ACCESS
	K	1111 KKKK KKKK KKKK:1110 110S KKKK KKKK	7572
	S	1111 0000 0000 1110:1110 110S 1100 1010	0
000508	ECCA F00E	CALL SYSREADSTRINGPART
	F	1110 1110 00FF KKKK:1111 00KK KKKK KKKK	0
	K	1110 1110 0000 KKKK:1111 00KK KKKK KKKK	5073
00050C	EE04 F3D1	LFSR 0,BYTETOBIN
	S	1111 DDDD DDDD DDDD:1100 SSSS SSSS SSSS	1286
	D	1111 DDDD DDDD DDDD:1100 0101 0000 0110	1263
000510	C506 F4EF	MOVFF SYSSTRINGLENGTH, INDF0
	N	 1101 0NNN NNNN NNNN	19
000514	D013	BRA ENDIF19
		ELSE19_1
	F	1110 1110 00FF KKKK:1111 00KK KKKK KKKK	1
	K	1110 1110 0001 KKKK:1111 00KK KKKK KKKK	5073
000516	EE14 F3D1	LFSR 1,BYTETOBIN
	F	 0110 101A FFFF FFFF	1286
	A	 0110 101A 0000 0110	0
00051A	6A06	CLRF SYSSTRINGLENGTH,ACCESS
	F	1110 1110 00FF KKKK:1111 00KK KKKK KKKK	0
	K	1110 1110 0000 KKKK:1111 00KK KKKK KKKK	5073
00051C	EE04 F3D1	LFSR 0,BYTETOBIN
	K	1111 KKKK KKKK KKKK:1110 110S KKKK KKKK	7086
	S	1111 0000 0000 1101:1110 110S 1101 0111	0
000520	ECD7 F00D	CALL SYSCOPYSTRINGPART
	K	 0000 1110 KKKK KKKK	164
000524	0EA4	MOVLW LOW STRINGTABLE122
	F	 0110 111A FFFF FFFF	1270
	A	 0110 111A 1111 0110	0
000526	6EF6	MOVWF TBLPTRL,ACCESS
	K	 0000 1110 KKKK KKKK	36
000528	0E24	MOVLW HIGH STRINGTABLE122
	F	 0110 111A FFFF FFFF	1271
	A	 0110 111A 1111 0111	0
00052A	6EF7	MOVWF TBLPTRH,ACCESS
	K	 0000 1110 KKKK KKKK	0
00052C	0E00	MOVLW UPPER STRINGTABLE122
	F	 0110 111A FFFF FFFF	1272
	A	 0110 111A 1111 1000	0
00052E	6EF8	MOVWF TBLPTRU,ACCESS
	K	1111 KKKK KKKK KKKK:1110 110S KKKK KKKK	7572
	S	1111 0000 0000 1110:1110 110S 1100 1010	0
000530	ECCA F00E	CALL SYSREADSTRINGPART
	F	1110 1110 00FF KKKK:1111 00KK KKKK KKKK	0
	K	1110 1110 0000 KKKK:1111 00KK KKKK KKKK	5073
000534	EE04 F3D1	LFSR 0,BYTETOBIN
	S	1111 DDDD DDDD DDDD:1100 SSSS SSSS SSSS	1286
	D	1111 DDDD DDDD DDDD:1100 0101 0000 0110	1263
000538	C506 F4EF	MOVFF SYSSTRINGLENGTH, INDF0
		ENDIF19
	F	 0011 01DA FFFF FFFF	1293
	D	 0011 01DA 0000 1101	1
	A	 0011 011A 0000 1101	0
00053C	360D	RLCF BYTENUM,F,ACCESS
	F	 0010 11DA FFFF FFFF	1333
	D	 0010 11DA 0011 0101	1
	A	 0010 111A 0011 0101	0
00053E	2E35	DECFSZ SYSREPEATTEMP4,F,ACCESS
	N	 1101 0NNN NNNN NNNN	2004
000540	D7D4	BRA SYSREPEATLOOP4
		SYSREPEATLOOPEND4
	S	 0000 0000 0001 001S	0
000542	0012	RETURN


		CALCULATEDUTY
	K	 0000 1110 KKKK KKKK	1
000544	0E01	MOVLW 1
	F	 0010 01DA FFFF FFFF	1299
	D	 0010 01DA 0001 0011	0
	A	 0010 010A 0001 0011	0
000546	2413	ADDWF PRX_TEMP,W,ACCESS
	F	 0110 111A FFFF FFFF	1342
	A	 0110 111A 0011 1110	0
000548	6E3E	MOVWF SYSTEMP1,ACCESS
	K	 0000 1110 KKKK KKKK	0
00054A	0E00	MOVLW 0
	F	 0010 00DA FFFF FFFF	1300
	D	 0010 00DA 0001 0100	0
	A	 0010 000A 0001 0100	0
00054C	2014	ADDWFC PRX_TEMP_H,W,ACCESS
	F	 0110 111A FFFF FFFF	1343
	A	 0110 111A 0011 1111	0
00054E	6E3F	MOVWF SYSTEMP1_H,ACCESS
	K	 0000 1110 KKKK KKKK	0
000550	0E00	MOVLW 0
	F	 0010 00DA FFFF FFFF	1301
	D	 0010 00DA 0001 0101	0
	A	 0010 000A 0001 0101	0
000552	2015	ADDWFC PRX_TEMP_U,W,ACCESS
	F	 0110 111A FFFF FFFF	1344
	A	 0110 111A 0100 0000	0
000554	6E40	MOVWF SYSTEMP1_U,ACCESS
	K	 0000 1110 KKKK KKKK	0
000556	0E00	MOVLW 0
	F	 0010 00DA FFFF FFFF	1302
	D	 0010 00DA 0001 0110	0
	A	 0010 000A 0001 0110	0
000558	2016	ADDWFC PRX_TEMP_E,W,ACCESS
	F	 0110 111A FFFF FFFF	1345
	A	 0110 111A 0100 0001	0
00055A	6E41	MOVWF SYSTEMP1_E,ACCESS
	S	1111 DDDD DDDD DDDD:1100 SSSS SSSS SSSS	1304
	D	1111 DDDD DDDD DDDD:1100 0101 0001 1000	1285
00055C	C518 F505	MOVFF PWMDUTY,SYSLONGTEMPA
	S	1111 DDDD DDDD DDDD:1100 SSSS SSSS SSSS	1305
	D	1111 DDDD DDDD DDDD:1100 0101 0001 1001	1286
000560	C519 F506	MOVFF PWMDUTY_H,SYSLONGTEMPA_H
	F	 0110 101A FFFF FFFF	1287
	A	 0110 101A 0000 0111	0
000564	6A07	CLRF SYSLONGTEMPA_U,ACCESS
	F	 0110 101A FFFF FFFF	1288
	A	 0110 101A 0000 1000	0
000566	6A08	CLRF SYSLONGTEMPA_E,ACCESS
	S	1111 DDDD DDDD DDDD:1100 SSSS SSSS SSSS	1342
	D	1111 DDDD DDDD DDDD:1100 0101 0011 1110	1289
000568	C53E F509	MOVFF SYSTEMP1,SYSLONGTEMPB
	S	1111 DDDD DDDD DDDD:1100 SSSS SSSS SSSS	1343
	D	1111 DDDD DDDD DDDD:1100 0101 0011 1111	1290
00056C	C53F F50A	MOVFF SYSTEMP1_H,SYSLONGTEMPB_H
	S	1111 DDDD DDDD DDDD:1100 SSSS SSSS SSSS	1344
	D	1111 DDDD DDDD DDDD:1100 0101 0100 0000	1291
000570	C540 F50B	MOVFF SYSTEMP1_U,SYSLONGTEMPB_U
	S	1111 DDDD DDDD DDDD:1100 SSSS SSSS SSSS	1345
	D	1111 DDDD DDDD DDDD:1100 0101 0100 0001	1292
000574	C541 F50C	MOVFF SYSTEMP1_E,SYSLONGTEMPB_E
	K	1111 KKKK KKKK KKKK:1110 110S KKKK KKKK	7432
	S	1111 0000 0000 1110:1110 110S 1000 0100	0
000578	EC84 F00E	CALL SYSMULTSUB32
	S	1111 DDDD DDDD DDDD:1100 SSSS SSSS SSSS	1280
	D	1111 DDDD DDDD DDDD:1100 0101 0000 0000	1299
00057C	C500 F513	MOVFF SYSLONGTEMPX,PRX_TEMP
	S	1111 DDDD DDDD DDDD:1100 SSSS SSSS SSSS	1281
	D	1111 DDDD DDDD DDDD:1100 0101 0000 0001	1300
000580	C501 F514	MOVFF SYSLONGTEMPX_H,PRX_TEMP_H
	S	1111 DDDD DDDD DDDD:1100 SSSS SSSS SSSS	1282
	D	1111 DDDD DDDD DDDD:1100 0101 0000 0010	1301
000584	C502 F515	MOVFF SYSLONGTEMPX_U,PRX_TEMP_U
	S	1111 DDDD DDDD DDDD:1100 SSSS SSSS SSSS	1283
	D	1111 DDDD DDDD DDDD:1100 0101 0000 0011	1302
000588	C503 F516	MOVFF SYSLONGTEMPX_E,PRX_TEMP_E
	F	 1001 BBBA FFFF FFFF	1240
	B	 1001 BBBA 1101 1000	0
	A	 1001 000A 1101 1000	0
00058C	90D8	BCF STATUS,C,ACCESS
	K	 0000 1110 KKKK KKKK	2
00058E	0E02	MOVLW 2
	F	 0110 111A FFFF FFFF	1332
	A	 0110 111A 0011 0100	0
000590	6E34	MOVWF SYSREPEATTEMP2,ACCESS
		SYSREPEATLOOP2
	F	 0011 01DA FFFF FFFF	1299
	D	 0011 01DA 0001 0011	1
	A	 0011 011A 0001 0011	0
000592	3613	RLCF PRX_TEMP,F,ACCESS
	F	 0011 01DA FFFF FFFF	1300
	D	 0011 01DA 0001 0100	1
	A	 0011 011A 0001 0100	0
000594	3614	RLCF PRX_TEMP_H,F,ACCESS
	F	 0011 01DA FFFF FFFF	1301
	D	 0011 01DA 0001 0101	1
	A	 0011 011A 0001 0101	0
000596	3615	RLCF PRX_TEMP_U,F,ACCESS
	F	 0011 01DA FFFF FFFF	1302
	D	 0011 01DA 0001 0110	1
	A	 0011 011A 0001 0110	0
000598	3616	RLCF PRX_TEMP_E,F,ACCESS
	F	 0010 11DA FFFF FFFF	1332
	D	 0010 11DA 0011 0100	1
	A	 0010 111A 0011 0100	0
00059A	2E34	DECFSZ SYSREPEATTEMP2,F,ACCESS
	N	 1101 0NNN NNNN NNNN	2042
00059C	D7FA	BRA SYSREPEATLOOP2
		SYSREPEATLOOPEND2
	S	1111 DDDD DDDD DDDD:1100 SSSS SSSS SSSS	1299
	D	1111 DDDD DDDD DDDD:1100 0101 0001 0011	1285
00059E	C513 F505	MOVFF PRX_TEMP,SYSLONGTEMPA
	S	1111 DDDD DDDD DDDD:1100 SSSS SSSS SSSS	1300
	D	1111 DDDD DDDD DDDD:1100 0101 0001 0100	1286
0005A2	C514 F506	MOVFF PRX_TEMP_H,SYSLONGTEMPA_H
	S	1111 DDDD DDDD DDDD:1100 SSSS SSSS SSSS	1301
	D	1111 DDDD DDDD DDDD:1100 0101 0001 0101	1287
0005A6	C515 F507	MOVFF PRX_TEMP_U,SYSLONGTEMPA_U
	S	1111 DDDD DDDD DDDD:1100 SSSS SSSS SSSS	1302
	D	1111 DDDD DDDD DDDD:1100 0101 0001 0110	1288
0005AA	C516 F508	MOVFF PRX_TEMP_E,SYSLONGTEMPA_E
	S	1111 DDDD DDDD DDDD:1100 SSSS SSSS SSSS	1307
	D	1111 DDDD DDDD DDDD:1100 0101 0001 1011	1289
0005AE	C51B F509	MOVFF PWMRESOLUTION,SYSLONGTEMPB
	S	1111 DDDD DDDD DDDD:1100 SSSS SSSS SSSS	1308
	D	1111 DDDD DDDD DDDD:1100 0101 0001 1100	1290
0005B2	C51C F50A	MOVFF PWMRESOLUTION_H,SYSLONGTEMPB_H
	F	 0110 101A FFFF FFFF	1291
	A	 0110 101A 0000 1011	0
0005B6	6A0B	CLRF SYSLONGTEMPB_U,ACCESS
	F	 0110 101A FFFF FFFF	1292
	A	 0110 101A 0000 1100	0
0005B8	6A0C	CLRF SYSLONGTEMPB_E,ACCESS
	K	1111 KKKK KKKK KKKK:1110 110S KKKK KKKK	7252
	S	1111 0000 0000 1110:1110 110S 0010 1010	0
0005BA	EC2A F00E	CALL SYSDIVSUB32
	S	1111 DDDD DDDD DDDD:1100 SSSS SSSS SSSS	1285
	D	1111 DDDD DDDD DDDD:1100 0101 0000 0101	1299
0005BE	C505 F513	MOVFF SYSLONGTEMPA,PRX_TEMP
	S	1111 DDDD DDDD DDDD:1100 SSSS SSSS SSSS	1286
	D	1111 DDDD DDDD DDDD:1100 0101 0000 0110	1300
0005C2	C506 F514	MOVFF SYSLONGTEMPA_H,PRX_TEMP_H
	S	1111 DDDD DDDD DDDD:1100 SSSS SSSS SSSS	1287
	D	1111 DDDD DDDD DDDD:1100 0101 0000 0111	1301
0005C6	C507 F515	MOVFF SYSLONGTEMPA_U,PRX_TEMP_U
	S	1111 DDDD DDDD DDDD:1100 SSSS SSSS SSSS	1288
	D	1111 DDDD DDDD DDDD:1100 0101 0000 1000	1302
0005CA	C508 F516	MOVFF SYSLONGTEMPA_E,PRX_TEMP_E
	F	 1001 BBBA FFFF FFFF	1240
	B	 1001 BBBA 1101 1000	0
	A	 1001 000A 1101 1000	0
0005CE	90D8	BCF STATUS,C,ACCESS
	K	 0000 1110 KKKK KKKK	6
0005D0	0E06	MOVLW 6
	F	 0110 111A FFFF FFFF	1332
	A	 0110 111A 0011 0100	0
0005D2	6E34	MOVWF SYSREPEATTEMP2,ACCESS
		SYSREPEATLOOP3
	F	 0011 01DA FFFF FFFF	1299
	D	 0011 01DA 0001 0011	1
	A	 0011 011A 0001 0011	0
0005D4	3613	RLCF PRX_TEMP,F,ACCESS
	F	 0011 01DA FFFF FFFF	1300
	D	 0011 01DA 0001 0100	1
	A	 0011 011A 0001 0100	0
0005D6	3614	RLCF PRX_TEMP_H,F,ACCESS
	F	 0011 01DA FFFF FFFF	1301
	D	 0011 01DA 0001 0101	1
	A	 0011 011A 0001 0101	0
0005D8	3615	RLCF PRX_TEMP_U,F,ACCESS
	F	 0011 01DA FFFF FFFF	1302
	D	 0011 01DA 0001 0110	1
	A	 0011 011A 0001 0110	0
0005DA	3616	RLCF PRX_TEMP_E,F,ACCESS
	F	 0010 11DA FFFF FFFF	1332
	D	 0010 11DA 0011 0100	1
	A	 0010 111A 0011 0100	0
0005DC	2E34	DECFSZ SYSREPEATTEMP2,F,ACCESS
	N	 1101 0NNN NNNN NNNN	2042
0005DE	D7FA	BRA SYSREPEATLOOP3
		SYSREPEATLOOPEND3
	S	 0000 0000 0001 001S	0
0005E0	0012	RETURN


		FN_CHR
	K	 0000 1110 KKKK KKKK	0
0005E2	0E00	MOVLW 0
	F	 0101 11DA FFFF FFFF	1314
	D	 0101 11DA 0010 0010	0
	A	 0101 110A 0010 0010	0
0005E4	5C22	SUBWF SYSCHAR,W,ACCESS
	F	 1011 BBBA FFFF FFFF	1240
	B	 1011 BBBA 1101 1000	0
	A	 1011 000A 1101 1000	0
0005E6	B0D8	BTFSC STATUS, C,ACCESS
	N	 1101 0NNN NNNN NNNN	4
0005E8	D004	BRA ENDIF18
	K	 0000 0001 00KK KKKK	20
000000	0114	BANKSEL SYSCHR_0
	F	 0110 101A FFFF FFFF	5123
	A	 0110 101A 0000 0011	1
0005EC	6B03	CLRF SYSCHR_0,BANKED
	K	 0000 0001 00KK KKKK	0
000000	0100	BANKSEL 0
	S	 0000 0000 0001 001S	0
0005F0	0012	RETURN
		ENDIF18
	K	 0000 1110 KKKK KKKK	1
0005F2	0E01	MOVLW 1
	K	 0000 0001 00KK KKKK	20
000000	0114	BANKSEL SYSCHR_0
	F	 0110 111A FFFF FFFF	5123
	A	 0110 111A 0000 0011	1
0005F6	6F03	MOVWF SYSCHR_0,BANKED
	S	0000 0000 0110 SSSS:1111 SSSS SSSS SSDD:1111 DDDD DDDD DDDD	1314
	D	0000 0000 0110 0001:1111 0100 1000 10DD:1111 DDDD DDDD DDDD	5124
0005F8	0061 F489 F404	MOVFFL SYSCHAR,SYSCHR_1
	K	 0000 0001 00KK KKKK	0
000000	0100	BANKSEL 0
	S	 0000 0000 0001 001S	0
000600	0012	RETURN


		DELAY_MS
	F	 0010 10DA FFFF FFFF	1283
	D	 0010 10DA 0000 0011	1
	A	 0010 101A 0000 0011	0
000602	2A03	INCF SYSWAITTEMPMS_H, F,ACCESS
		DMS_START
	K	 0000 1110 KKKK KKKK	129
000604	0E81	MOVLW 129
	F	 0110 111A FFFF FFFF	1281
	A	 0110 111A 0000 0001	0
000606	6E01	MOVWF DELAYTEMP2,ACCESS
		DMS_OUTER
	K	 0000 1110 KKKK KKKK	40
000608	0E28	MOVLW 40
	F	 0110 111A FFFF FFFF	1280
	A	 0110 111A 0000 0000	0
00060A	6E00	MOVWF DELAYTEMP,ACCESS
		DMS_INNER
	F	 0010 11DA FFFF FFFF	1280
	D	 0010 11DA 0000 0000	1
	A	 0010 111A 0000 0000	0
00060C	2E00	DECFSZ DELAYTEMP, F,ACCESS
	N	 1101 0NNN NNNN NNNN	2046
00060E	D7FE	BRA DMS_INNER
	F	 0010 11DA FFFF FFFF	1281
	D	 0010 11DA 0000 0001	1
	A	 0010 111A 0000 0001	0
000610	2E01	DECFSZ DELAYTEMP2, F,ACCESS
	N	 1101 0NNN NNNN NNNN	2042
000612	D7FA	BRA DMS_OUTER
	F	 0010 11DA FFFF FFFF	1282
	D	 0010 11DA 0000 0010	1
	A	 0010 111A 0000 0010	0
000614	2E02	DECFSZ SYSWAITTEMPMS, F,ACCESS
	N	 1101 0NNN NNNN NNNN	2038
000616	D7F6	BRA DMS_START
	F	 0010 11DA FFFF FFFF	1283
	D	 0010 11DA 0000 0011	1
	A	 0010 111A 0000 0011	0
000618	2E03	DECFSZ SYSWAITTEMPMS_H, F,ACCESS
	N	 1101 0NNN NNNN NNNN	2036
00061A	D7F4	BRA DMS_START
	S	 0000 0000 0001 001S	0
00061C	0012	RETURN


		DELAY_S
		DS_START
	K	 0000 1110 KKKK KKKK	232
00061E	0EE8	MOVLW 232
	F	 0110 111A FFFF FFFF	1282
	A	 0110 111A 0000 0010	0
000620	6E02	MOVWF SYSWAITTEMPMS,ACCESS
	K	 0000 1110 KKKK KKKK	3
000622	0E03	MOVLW 3
	F	 0110 111A FFFF FFFF	1283
	A	 0110 111A 0000 0011	0
000624	6E03	MOVWF SYSWAITTEMPMS_H,ACCESS
	N	 1101 1NNN NNNN NNNN	2029
000626	DFED	RCALL DELAY_MS
	F	 0010 11DA FFFF FFFF	1284
	D	 0010 11DA 0000 0100	1
	A	 0010 111A 0000 0100	0
000628	2E04	DECFSZ SYSWAITTEMPS, F,ACCESS
	N	 1101 0NNN NNNN NNNN	2041
00062A	D7F9	BRA DS_START
	S	 0000 0000 0001 001S	0
00062C	0012	RETURN


		HPWM30
	F	 0110 100A FFFF FFFF	1307
	A	 0110 100A 0001 1011	0
00062E	681B	SETF PWMRESOLUTION,ACCESS
	F	 0110 101A FFFF FFFF	1308
	A	 0110 101A 0001 1100	0
000630	6A1C	CLRF PWMRESOLUTION_H,ACCESS
	K	 0000 1110 KKKK KKKK	1
000632	0E01	MOVLW 1
	F	 0110 111A FFFF FFFF	1350
	A	 0110 111A 0100 0110	0
000634	6E46	MOVWF TX_PR,ACCESS
	K	 0000 1110 KKKK KKKK	128
000636	0E80	MOVLW 128
	F	 0110 111A FFFF FFFF	1285
	A	 0110 111A 0000 0101	0
000638	6E05	MOVWF SYSLONGTEMPA,ACCESS
	K	 0000 1110 KKKK KKKK	62
00063A	0E3E	MOVLW 62
	F	 0110 111A FFFF FFFF	1286
	A	 0110 111A 0000 0110	0
00063C	6E06	MOVWF SYSLONGTEMPA_H,ACCESS
	F	 0110 101A FFFF FFFF	1287
	A	 0110 101A 0000 0111	0
00063E	6A07	CLRF SYSLONGTEMPA_U,ACCESS
	F	 0110 101A FFFF FFFF	1288
	A	 0110 101A 0000 1000	0
000640	6A08	CLRF SYSLONGTEMPA_E,ACCESS
	S	1111 DDDD DDDD DDDD:1100 SSSS SSSS SSSS	1306
	D	1111 DDDD DDDD DDDD:1100 0101 0001 1010	1289
000642	C51A F509	MOVFF PWMFREQ,SYSLONGTEMPB
	F	 0110 101A FFFF FFFF	1290
	A	 0110 101A 0000 1010	0
000646	6A0A	CLRF SYSLONGTEMPB_H,ACCESS
	F	 0110 101A FFFF FFFF	1291
	A	 0110 101A 0000 1011	0
000648	6A0B	CLRF SYSLONGTEMPB_U,ACCESS
	F	 0110 101A FFFF FFFF	1292
	A	 0110 101A 0000 1100	0
00064A	6A0C	CLRF SYSLONGTEMPB_E,ACCESS
	K	1111 KKKK KKKK KKKK:1110 110S KKKK KKKK	7252
	S	1111 0000 0000 1110:1110 110S 0010 1010	0
00064C	EC2A F00E	CALL SYSDIVSUB32
	S	1111 DDDD DDDD DDDD:1100 SSSS SSSS SSSS	1285
	D	1111 DDDD DDDD DDDD:1100 0101 0000 0101	1299
000650	C505 F513	MOVFF SYSLONGTEMPA,PRX_TEMP
	S	1111 DDDD DDDD DDDD:1100 SSSS SSSS SSSS	1286
	D	1111 DDDD DDDD DDDD:1100 0101 0000 0110	1300
000654	C506 F514	MOVFF SYSLONGTEMPA_H,PRX_TEMP_H
	S	1111 DDDD DDDD DDDD:1100 SSSS SSSS SSSS	1287
	D	1111 DDDD DDDD DDDD:1100 0101 0000 0111	1301
000658	C507 F515	MOVFF SYSLONGTEMPA_U,PRX_TEMP_U
	S	1111 DDDD DDDD DDDD:1100 SSSS SSSS SSSS	1288
	D	1111 DDDD DDDD DDDD:1100 0101 0000 1000	1302
00065C	C508 F516	MOVFF SYSLONGTEMPA_E,PRX_TEMP_E
	F	 0101 00DA FFFF FFFF	1300
	D	 0101 00DA 0001 0100	0
	A	 0101 000A 0001 0100	0
000660	5014	MOVF PRX_TEMP_H,W,ACCESS
	K	 0000 1000 KKKK KKKK	0
000662	0800	SUBLW 0
	F	 1011 BBBA FFFF FFFF	1240
	B	 1011 BBBA 1101 1000	0
	A	 1011 000A 1101 1000	0
000664	B0D8	BTFSC STATUS, C,ACCESS
	N	 1101 0NNN NNNN NNNN	12
000666	D00C	BRA ENDIF4
	K	 0000 1110 KKKK KKKK	4
000668	0E04	MOVLW 4
	F	 0110 111A FFFF FFFF	1350
	A	 0110 111A 0100 0110	0
00066A	6E46	MOVWF TX_PR,ACCESS
	F	 1001 BBBA FFFF FFFF	1240
	B	 1001 BBBA 1101 1000	0
	A	 1001 000A 1101 1000	0
00066C	90D8	BCF STATUS,C,ACCESS
	F	 0011 00DA FFFF FFFF	1302
	D	 0011 00DA 0001 0110	1
	A	 0011 001A 0001 0110	0
00066E	3216	RRCF PRX_TEMP_E,F,ACCESS
	F	 0011 00DA FFFF FFFF	1301
	D	 0011 00DA 0001 0101	1
	A	 0011 001A 0001 0101	0
000670	3215	RRCF PRX_TEMP_U,F,ACCESS
	F	 0011 00DA FFFF FFFF	1300
	D	 0011 00DA 0001 0100	1
	A	 0011 001A 0001 0100	0
000672	3214	RRCF PRX_TEMP_H,F,ACCESS
	F	 0011 00DA FFFF FFFF	1299
	D	 0011 00DA 0001 0011	1
	A	 0011 001A 0001 0011	0
000674	3213	RRCF PRX_TEMP,F,ACCESS
	F	 1001 BBBA FFFF FFFF	1240
	B	 1001 BBBA 1101 1000	0
	A	 1001 000A 1101 1000	0
000676	90D8	BCF STATUS,C,ACCESS
	F	 0011 00DA FFFF FFFF	1302
	D	 0011 00DA 0001 0110	1
	A	 0011 001A 0001 0110	0
000678	3216	RRCF PRX_TEMP_E,F,ACCESS
	F	 0011 00DA FFFF FFFF	1301
	D	 0011 00DA 0001 0101	1
	A	 0011 001A 0001 0101	0
00067A	3215	RRCF PRX_TEMP_U,F,ACCESS
	F	 0011 00DA FFFF FFFF	1300
	D	 0011 00DA 0001 0100	1
	A	 0011 001A 0001 0100	0
00067C	3214	RRCF PRX_TEMP_H,F,ACCESS
	F	 0011 00DA FFFF FFFF	1299
	D	 0011 00DA 0001 0011	1
	A	 0011 001A 0001 0011	0
00067E	3213	RRCF PRX_TEMP,F,ACCESS
		ENDIF4
	F	 0101 00DA FFFF FFFF	1300
	D	 0101 00DA 0001 0100	0
	A	 0101 000A 0001 0100	0
000680	5014	MOVF PRX_TEMP_H,W,ACCESS
	K	 0000 1000 KKKK KKKK	0
000682	0800	SUBLW 0
	F	 1011 BBBA FFFF FFFF	1240
	B	 1011 BBBA 1101 1000	0
	A	 1011 000A 1101 1000	0
000684	B0D8	BTFSC STATUS, C,ACCESS
	N	 1101 0NNN NNNN NNNN	12
000686	D00C	BRA ENDIF5
	K	 0000 1110 KKKK KKKK	16
000688	0E10	MOVLW 16
	F	 0110 111A FFFF FFFF	1350
	A	 0110 111A 0100 0110	0
00068A	6E46	MOVWF TX_PR,ACCESS
	F	 1001 BBBA FFFF FFFF	1240
	B	 1001 BBBA 1101 1000	0
	A	 1001 000A 1101 1000	0
00068C	90D8	BCF STATUS,C,ACCESS
	F	 0011 00DA FFFF FFFF	1302
	D	 0011 00DA 0001 0110	1
	A	 0011 001A 0001 0110	0
00068E	3216	RRCF PRX_TEMP_E,F,ACCESS
	F	 0011 00DA FFFF FFFF	1301
	D	 0011 00DA 0001 0101	1
	A	 0011 001A 0001 0101	0
000690	3215	RRCF PRX_TEMP_U,F,ACCESS
	F	 0011 00DA FFFF FFFF	1300
	D	 0011 00DA 0001 0100	1
	A	 0011 001A 0001 0100	0
000692	3214	RRCF PRX_TEMP_H,F,ACCESS
	F	 0011 00DA FFFF FFFF	1299
	D	 0011 00DA 0001 0011	1
	A	 0011 001A 0001 0011	0
000694	3213	RRCF PRX_TEMP,F,ACCESS
	F	 1001 BBBA FFFF FFFF	1240
	B	 1001 BBBA 1101 1000	0
	A	 1001 000A 1101 1000	0
000696	90D8	BCF STATUS,C,ACCESS
	F	 0011 00DA FFFF FFFF	1302
	D	 0011 00DA 0001 0110	1
	A	 0011 001A 0001 0110	0
000698	3216	RRCF PRX_TEMP_E,F,ACCESS
	F	 0011 00DA FFFF FFFF	1301
	D	 0011 00DA 0001 0101	1
	A	 0011 001A 0001 0101	0
00069A	3215	RRCF PRX_TEMP_U,F,ACCESS
	F	 0011 00DA FFFF FFFF	1300
	D	 0011 00DA 0001 0100	1
	A	 0011 001A 0001 0100	0
00069C	3214	RRCF PRX_TEMP_H,F,ACCESS
	F	 0011 00DA FFFF FFFF	1299
	D	 0011 00DA 0001 0011	1
	A	 0011 001A 0001 0011	0
00069E	3213	RRCF PRX_TEMP,F,ACCESS
		ENDIF5
	F	 0101 00DA FFFF FFFF	1300
	D	 0101 00DA 0001 0100	0
	A	 0101 000A 0001 0100	0
0006A0	5014	MOVF PRX_TEMP_H,W,ACCESS
	K	 0000 1000 KKKK KKKK	0
0006A2	0800	SUBLW 0
	F	 1011 BBBA FFFF FFFF	1240
	B	 1011 BBBA 1101 1000	0
	A	 1011 000A 1101 1000	0
0006A4	B0D8	BTFSC STATUS, C,ACCESS
	N	 1101 0NNN NNNN NNNN	12
0006A6	D00C	BRA ENDIF6
	K	 0000 1110 KKKK KKKK	64
0006A8	0E40	MOVLW 64
	F	 0110 111A FFFF FFFF	1350
	A	 0110 111A 0100 0110	0
0006AA	6E46	MOVWF TX_PR,ACCESS
	F	 1001 BBBA FFFF FFFF	1240
	B	 1001 BBBA 1101 1000	0
	A	 1001 000A 1101 1000	0
0006AC	90D8	BCF STATUS,C,ACCESS
	F	 0011 00DA FFFF FFFF	1302
	D	 0011 00DA 0001 0110	1
	A	 0011 001A 0001 0110	0
0006AE	3216	RRCF PRX_TEMP_E,F,ACCESS
	F	 0011 00DA FFFF FFFF	1301
	D	 0011 00DA 0001 0101	1
	A	 0011 001A 0001 0101	0
0006B0	3215	RRCF PRX_TEMP_U,F,ACCESS
	F	 0011 00DA FFFF FFFF	1300
	D	 0011 00DA 0001 0100	1
	A	 0011 001A 0001 0100	0
0006B2	3214	RRCF PRX_TEMP_H,F,ACCESS
	F	 0011 00DA FFFF FFFF	1299
	D	 0011 00DA 0001 0011	1
	A	 0011 001A 0001 0011	0
0006B4	3213	RRCF PRX_TEMP,F,ACCESS
	F	 1001 BBBA FFFF FFFF	1240
	B	 1001 BBBA 1101 1000	0
	A	 1001 000A 1101 1000	0
0006B6	90D8	BCF STATUS,C,ACCESS
	F	 0011 00DA FFFF FFFF	1302
	D	 0011 00DA 0001 0110	1
	A	 0011 001A 0001 0110	0
0006B8	3216	RRCF PRX_TEMP_E,F,ACCESS
	F	 0011 00DA FFFF FFFF	1301
	D	 0011 00DA 0001 0101	1
	A	 0011 001A 0001 0101	0
0006BA	3215	RRCF PRX_TEMP_U,F,ACCESS
	F	 0011 00DA FFFF FFFF	1300
	D	 0011 00DA 0001 0100	1
	A	 0011 001A 0001 0100	0
0006BC	3214	RRCF PRX_TEMP_H,F,ACCESS
	F	 0011 00DA FFFF FFFF	1299
	D	 0011 00DA 0001 0011	1
	A	 0011 001A 0001 0011	0
0006BE	3213	RRCF PRX_TEMP,F,ACCESS
		ENDIF6
		CCPPWMSETUPCLOCKSOURCE
		SYSSELECT1CASE1
	K	 0000 1110 KKKK KKKK	2
0006C0	0E02	MOVLW 2
	F	 0101 11DA FFFF FFFF	1351
	D	 0101 11DA 0100 0111	0
	A	 0101 110A 0100 0111	0
0006C2	5C47	SUBWF _PWMTIMERSELECTED,W,ACCESS
	F	 1010 BBBA FFFF FFFF	1240
	B	 1010 BBBA 1101 1000	2
	A	 1010 010A 1101 1000	0
0006C4	A4D8	BTFSS STATUS, Z,ACCESS
	N	 1101 0NNN NNNN NNNN	24
0006C6	D018	BRA SYSSELECTEND1
	S	1111 DDDD DDDD DDDD:1100 SSSS SSSS SSSS	1299
	D	1111 DDDD DDDD DDDD:1100 0101 0001 0011	798
0006C8	C513 F31E	MOVFF PRX_TEMP,PR2
	K	 0000 0001 00KK KKKK	3
000000	0103	BANKSEL T2CON
	F	 1001 BBBA FFFF FFFF	799
	B	 1001 BBBA 0001 1111	4
	A	 1001 100A 0001 1111	1
0006CE	991F	BCF T2CON,T2CKPS0,BANKED
	F	 1001 BBBA FFFF FFFF	799
	B	 1001 BBBA 0001 1111	5
	A	 1001 101A 0001 1111	1
0006D0	9B1F	BCF T2CON,T2CKPS1,BANKED
	F	 1001 BBBA FFFF FFFF	799
	B	 1001 BBBA 0001 1111	6
	A	 1001 110A 0001 1111	1
0006D2	9D1F	BCF T2CON,T2CKPS2,BANKED
	K	 0000 1110 KKKK KKKK	4
0006D4	0E04	MOVLW 4
	F	 0101 11DA FFFF FFFF	1350
	D	 0101 11DA 0100 0110	0
	A	 0101 110A 0100 0110	0
0006D6	5C46	SUBWF TX_PR,W,ACCESS
	F	 1011 BBBA FFFF FFFF	1240
	B	 1011 BBBA 1101 1000	2
	A	 1011 010A 1101 1000	0
0006D8	B4D8	BTFSC STATUS, Z,ACCESS
	F	 1000 BBBA FFFF FFFF	799
	B	 1000 BBBA 0001 1111	5
	A	 1000 101A 0001 1111	1
0006DA	8B1F	BSF T2CON,T2CKPS1,BANKED
	K	 0000 1110 KKKK KKKK	16
0006DC	0E10	MOVLW 16
	F	 0101 11DA FFFF FFFF	1350
	D	 0101 11DA 0100 0110	0
	A	 0101 110A 0100 0110	0
0006DE	5C46	SUBWF TX_PR,W,ACCESS
	F	 1011 BBBA FFFF FFFF	1240
	B	 1011 BBBA 1101 1000	2
	A	 1011 010A 1101 1000	0
0006E0	B4D8	BTFSC STATUS, Z,ACCESS
	F	 1000 BBBA FFFF FFFF	799
	B	 1000 BBBA 0001 1111	6
	A	 1000 110A 0001 1111	1
0006E2	8D1F	BSF T2CON,T2CKPS2,BANKED
	K	 0000 1110 KKKK KKKK	64
0006E4	0E40	MOVLW 64
	F	 0101 11DA FFFF FFFF	1350
	D	 0101 11DA 0100 0110	0
	A	 0101 110A 0100 0110	0
0006E6	5C46	SUBWF TX_PR,W,ACCESS
	F	 1010 BBBA FFFF FFFF	1240
	B	 1010 BBBA 1101 1000	2
	A	 1010 010A 1101 1000	0
0006E8	A4D8	BTFSS STATUS, Z,ACCESS
	N	 1101 0NNN NNNN NNNN	2
0006EA	D002	BRA ENDIF9
	F	 1000 BBBA FFFF FFFF	799
	B	 1000 BBBA 0001 1111	6
	A	 1000 110A 0001 1111	1
0006EC	8D1F	BSF T2CON,T2CKPS2,BANKED
	F	 1000 BBBA FFFF FFFF	799
	B	 1000 BBBA 0001 1111	5
	A	 1000 101A 0001 1111	1
0006EE	8B1F	BSF T2CON,T2CKPS1,BANKED
		ENDIF9
	F	 1000 BBBA FFFF FFFF	801
	B	 1000 BBBA 0010 0001	0
	A	 1000 000A 0010 0001	1
0006F0	8121	BSF T2CLKCON,T2CS0,BANKED
	F	 1001 BBBA FFFF FFFF	801
	B	 1001 BBBA 0010 0001	1
	A	 1001 001A 0010 0001	1
0006F2	9321	BCF T2CLKCON,T2CS1,BANKED
	F	 1001 BBBA FFFF FFFF	801
	B	 1001 BBBA 0010 0001	2
	A	 1001 010A 0010 0001	1
0006F4	9521	BCF T2CLKCON,T2CS2,BANKED
	F	 1001 BBBA FFFF FFFF	801
	B	 1001 BBBA 0010 0001	3
	A	 1001 011A 0010 0001	1
0006F6	9721	BCF T2CLKCON,T2CS3,BANKED
		SYSSELECTEND1
		END_OF_CCPPWMSETUPCLOCKSOURCE
		SETUPTHECORRECTTIMERBITS
	F	 1001 BBBA FFFF FFFF	1240
	B	 1001 BBBA 1101 1000	0
	A	 1001 000A 1101 1000	0
0006F8	90D8	BCF STATUS,C,ACCESS
	F	 0011 00DA FFFF FFFF	1351
	D	 0011 00DA 0100 0111	0
	A	 0011 000A 0100 0111	0
0006FA	3047	RRCF _PWMTIMERSELECTED,W,ACCESS
	F	 0110 111A FFFF FFFF	1349
	A	 0110 111A 0100 0101	0
0006FC	6E45	MOVWF TIMERSELECTIONBITS,ACCESS
		SETUPCCPPWMREGISTERS
		CHIPFAMILYPWMCCP1CON16HANDLER
	K	 0000 0001 00KK KKKK	0
000000	0100	BANKSEL 0
	N	 1101 1NNN NNNN NNNN	1825
000700	DF21	RCALL CALCULATEDUTY
	S	1111 DDDD DDDD DDDD:1100 SSSS SSSS SSSS	1300
	D	1111 DDDD DDDD DDDD:1100 0101 0001 0100	833
000702	C514 F341	MOVFF PRX_TEMP_H,CCPR1H
	S	1111 DDDD DDDD DDDD:1100 SSSS SSSS SSSS	1299
	D	1111 DDDD DDDD DDDD:1100 0101 0001 0011	832
000706	C513 F340	MOVFF PRX_TEMP,CCPR1L
	K	 0000 0001 00KK KKKK	3
000000	0103	BANKSEL CCP1CON
	F	 1000 BBBA FFFF FFFF	834
	B	 1000 BBBA 0100 0010	3
	A	 1000 011A 0100 0010	1
00070C	8742	BSF CCP1CON,CCP1MODE3,BANKED
	F	 1000 BBBA FFFF FFFF	834
	B	 1000 BBBA 0100 0010	2
	A	 1000 010A 0100 0010	1
00070E	8542	BSF CCP1CON,CCP1MODE2,BANKED
	F	 1000 BBBA FFFF FFFF	834
	B	 1000 BBBA 0100 0010	1
	A	 1000 001A 0100 0010	1
000710	8342	BSF CCP1CON,CCP1MODE1,BANKED
	F	 1000 BBBA FFFF FFFF	834
	B	 1000 BBBA 0100 0010	0
	A	 1000 000A 0100 0010	1
000712	8142	BSF CCP1CON,CCP1MODE0,BANKED
	F	 1000 BBBA FFFF FFFF	834
	B	 1000 BBBA 0100 0010	7
	A	 1000 111A 0100 0010	1
000714	8F42	BSF CCP1CON,CCP1EN,BANKED
	F	 1000 BBBA FFFF FFFF	834
	B	 1000 BBBA 0100 0010	7
	A	 1000 111A 0100 0010	1
000716	8F42	BSF CCP1CON,CCP1CON_EN,BANKED
	F	 1000 BBBA FFFF FFFF	834
	B	 1000 BBBA 0100 0010	4
	A	 1000 100A 0100 0010	1
000718	8942	BSF CCP1CON,CCP1FMT,BANKED
		ENDCHIPFAMILYPWMCCP1CON16HANDLER
	K	 0000 0001 00KK KKKK	0
000000	0100	BANKSEL 0
	S	 0000 0000 0001 001S	0
00071C	0012	RETURN


		HSERPRINT359
	S	1111 DDDD DDDD DDDD:1100 SSSS SSSS SSSS	1328
	D	1111 DDDD DDDD DDDD:1100 0101 0011 0000	1257
00071E	C530 F4E9	MOVFF SYSPRINTDATAHANDLER,AFSR0
	S	1111 DDDD DDDD DDDD:1100 SSSS SSSS SSSS	1329
	D	1111 DDDD DDDD DDDD:1100 0101 0011 0001	1258
000722	C531 F4EA	MOVFF SYSPRINTDATAHANDLER_H,AFSR0_H
	S	1111 DDDD DDDD DDDD:1100 SSSS SSSS SSSS	1263
	D	1111 DDDD DDDD DDDD:1100 0100 1110 1111	1298
000726	C4EF F512	MOVFF INDF0,PRINTLEN
	F	 0101 00DA FFFF FFFF	1298
	D	 0101 00DA 0001 0010	1
	A	 0101 001A 0001 0010	0
00072A	5212	MOVF PRINTLEN,F,ACCESS
	F	 1011 BBBA FFFF FFFF	1240
	B	 1011 BBBA 1101 1000	2
	A	 1011 010A 1101 1000	0
00072C	B4D8	BTFSC STATUS, Z,ACCESS
	N	 1101 0NNN NNNN NNNN	19
00072E	D013	BRA ENDIF30
	F	 0110 101A FFFF FFFF	1330
	A	 0110 101A 0011 0010	0
000730	6A32	CLRF SYSPRINTTEMP,ACCESS
	K	 0000 1110 KKKK KKKK	1
000732	0E01	MOVLW 1
	F	 0101 11DA FFFF FFFF	1298
	D	 0101 11DA 0001 0010	0
	A	 0101 110A 0001 0010	0
000734	5C12	SUBWF PRINTLEN,W,ACCESS
	F	 1010 BBBA FFFF FFFF	1240
	B	 1010 BBBA 1101 1000	0
	A	 1010 000A 1101 1000	0
000736	A0D8	BTFSS STATUS, C,ACCESS
	N	 1101 0NNN NNNN NNNN	14
000738	D00E	BRA SYSFORLOOPEND6
		SYSFORLOOP6
	F	 0010 10DA FFFF FFFF	1330
	D	 0010 10DA 0011 0010	1
	A	 0010 101A 0011 0010	0
00073A	2A32	INCF SYSPRINTTEMP,F,ACCESS
	F	 0101 00DA FFFF FFFF	1330
	D	 0101 00DA 0011 0010	0
	A	 0101 000A 0011 0010	0
00073C	5032	MOVF SYSPRINTTEMP,W,ACCESS
	F	 0010 01DA FFFF FFFF	1328
	D	 0010 01DA 0011 0000	0
	A	 0010 010A 0011 0000	0
00073E	2430	ADDWF SYSPRINTDATAHANDLER,W,ACCESS
	F	 0110 111A FFFF FFFF	1257
	A	 0110 111A 1110 1001	0
000740	6EE9	MOVWF AFSR0,ACCESS
	K	 0000 1110 KKKK KKKK	0
000742	0E00	MOVLW 0
	F	 0010 00DA FFFF FFFF	1329
	D	 0010 00DA 0011 0001	0
	A	 0010 000A 0011 0001	0
000744	2031	ADDWFC SYSPRINTDATAHANDLER_H,W,ACCESS
	F	 0110 111A FFFF FFFF	1258
	A	 0110 111A 1110 1010	0
000746	6EEA	MOVWF AFSR0_H,ACCESS
	S	1111 DDDD DDDD DDDD:1100 SSSS SSSS SSSS	1263
	D	1111 DDDD DDDD DDDD:1100 0100 1110 1111	1309
000748	C4EF F51D	MOVFF INDF0,SERDATA
	N	 1101 1NNN NNNN NNNN	114
00074C	D872	RCALL HSERSEND347
	F	 0101 00DA FFFF FFFF	1298
	D	 0101 00DA 0001 0010	0
	A	 0101 000A 0001 0010	0
00074E	5012	MOVF PRINTLEN,W,ACCESS
	F	 0101 11DA FFFF FFFF	1330
	D	 0101 11DA 0011 0010	0
	A	 0101 110A 0011 0010	0
000750	5C32	SUBWF SYSPRINTTEMP,W,ACCESS
	F	 1010 BBBA FFFF FFFF	1240
	B	 1010 BBBA 1101 1000	0
	A	 1010 000A 1101 1000	0
000752	A0D8	BTFSS STATUS, C,ACCESS
	N	 1101 0NNN NNNN NNNN	2034
000754	D7F2	BRA SYSFORLOOP6
		SYSFORLOOPEND6
		ENDIF30
	S	 0000 0000 0001 001S	0
000756	0012	RETURN


		HSERPRINT361
	F	 0110 101A FFFF FFFF	1297
	A	 0110 101A 0001 0001	0
000758	6A11	CLRF OUTVALUETEMP,ACCESS
	K	 0000 1110 KKKK KKKK	100
00075A	0E64	MOVLW 100
	F	 0101 11DA FFFF FFFF	1310
	D	 0101 11DA 0001 1110	0
	A	 0101 110A 0001 1110	0
00075C	5C1E	SUBWF SERPRINTVAL,W,ACCESS
	F	 1010 BBBA FFFF FFFF	1240
	B	 1010 BBBA 1101 1000	0
	A	 1010 000A 1101 1000	0
00075E	A0D8	BTFSS STATUS, C,ACCESS
	N	 1101 0NNN NNNN NNNN	14
000760	D00E	BRA ENDIF33
	S	1111 DDDD DDDD DDDD:1100 SSSS SSSS SSSS	1310
	D	1111 DDDD DDDD DDDD:1100 0101 0001 1110	1285
000762	C51E F505	MOVFF SERPRINTVAL,SYSBYTETEMPA
	K	 0000 1110 KKKK KKKK	100
000766	0E64	MOVLW 100
	F	 0110 111A FFFF FFFF	1289
	A	 0110 111A 0000 1001	0
000768	6E09	MOVWF SYSBYTETEMPB,ACCESS
	K	1111 KKKK KKKK KKKK:1110 110S KKKK KKKK	7108
	S	1111 0000 0000 1101:1110 110S 1110 0010	0
00076A	ECE2 F00D	CALL SYSDIVSUB
	S	1111 DDDD DDDD DDDD:1100 SSSS SSSS SSSS	1285
	D	1111 DDDD DDDD DDDD:1100 0101 0000 0101	1297
00076E	C505 F511	MOVFF SYSBYTETEMPA,OUTVALUETEMP
	S	1111 DDDD DDDD DDDD:1100 SSSS SSSS SSSS	1280
	D	1111 DDDD DDDD DDDD:1100 0101 0000 0000	1310
000772	C500 F51E	MOVFF SYSCALCTEMPX,SERPRINTVAL
	K	 0000 1110 KKKK KKKK	48
000776	0E30	MOVLW 48
	F	 0010 01DA FFFF FFFF	1297
	D	 0010 01DA 0001 0001	0
	A	 0010 010A 0001 0001	0
000778	2411	ADDWF OUTVALUETEMP,W,ACCESS
	F	 0110 111A FFFF FFFF	1309
	A	 0110 111A 0001 1101	0
00077A	6E1D	MOVWF SERDATA,ACCESS
	N	 1101 1NNN NNNN NNNN	90
00077C	D85A	RCALL HSERSEND347
		ENDIF33
	S	1111 DDDD DDDD DDDD:1100 SSSS SSSS SSSS	1297
	D	1111 DDDD DDDD DDDD:1100 0101 0001 0001	1289
00077E	C511 F509	MOVFF OUTVALUETEMP,SYSBYTETEMPB
	F	 0110 101A FFFF FFFF	1285
	A	 0110 101A 0000 0101	0
000782	6A05	CLRF SYSBYTETEMPA,ACCESS
	K	1111 KKKK KKKK KKKK:1110 110S KKKK KKKK	6994
	S	1111 0000 0000 1101:1110 110S 1010 1001	0
000784	ECA9 F00D	CALL SYSCOMPLESSTHAN
	S	1111 DDDD DDDD DDDD:1100 SSSS SSSS SSSS	1280
	D	1111 DDDD DDDD DDDD:1100 0101 0000 0000	1346
000788	C500 F542	MOVFF SYSBYTETEMPX,SYSTEMP2
	S	1111 DDDD DDDD DDDD:1100 SSSS SSSS SSSS	1310
	D	1111 DDDD DDDD DDDD:1100 0101 0001 1110	1285
00078C	C51E F505	MOVFF SERPRINTVAL,SYSBYTETEMPA
	K	 0000 1110 KKKK KKKK	10
000790	0E0A	MOVLW 10
	F	 0110 111A FFFF FFFF	1289
	A	 0110 111A 0000 1001	0
000792	6E09	MOVWF SYSBYTETEMPB,ACCESS
	K	1111 KKKK KKKK KKKK:1110 110S KKKK KKKK	6994
	S	1111 0000 0000 1101:1110 110S 1010 1001	0
000794	ECA9 F00D	CALL SYSCOMPLESSTHAN
	F	 0001 11DA FFFF FFFF	1280
	D	 0001 11DA 0000 0000	1
	A	 0001 111A 0000 0000	0
000798	1E00	COMF SYSBYTETEMPX,F,ACCESS
	F	 0101 00DA FFFF FFFF	1346
	D	 0101 00DA 0100 0010	0
	A	 0101 000A 0100 0010	0
00079A	5042	MOVF SYSTEMP2,W,ACCESS
	F	 0001 00DA FFFF FFFF	1280
	D	 0001 00DA 0000 0000	0
	A	 0001 000A 0000 0000	0
00079C	1000	IORWF SYSBYTETEMPX,W,ACCESS
	F	 0110 111A FFFF FFFF	1342
	A	 0110 111A 0011 1110	0
00079E	6E3E	MOVWF SYSTEMP1,ACCESS
	F	 1010 BBBA FFFF FFFF	1342
	B	 1010 BBBA 0011 1110	0
	A	 1010 000A 0011 1110	0
0007A0	A03E	BTFSS SYSTEMP1,0,ACCESS
	N	 1101 0NNN NNNN NNNN	14
0007A2	D00E	BRA ENDIF34
	S	1111 DDDD DDDD DDDD:1100 SSSS SSSS SSSS	1310
	D	1111 DDDD DDDD DDDD:1100 0101 0001 1110	1285
0007A4	C51E F505	MOVFF SERPRINTVAL,SYSBYTETEMPA
	K	 0000 1110 KKKK KKKK	10
0007A8	0E0A	MOVLW 10
	F	 0110 111A FFFF FFFF	1289
	A	 0110 111A 0000 1001	0
0007AA	6E09	MOVWF SYSBYTETEMPB,ACCESS
	K	1111 KKKK KKKK KKKK:1110 110S KKKK KKKK	7108
	S	1111 0000 0000 1101:1110 110S 1110 0010	0
0007AC	ECE2 F00D	CALL SYSDIVSUB
	S	1111 DDDD DDDD DDDD:1100 SSSS SSSS SSSS	1285
	D	1111 DDDD DDDD DDDD:1100 0101 0000 0101	1297
0007B0	C505 F511	MOVFF SYSBYTETEMPA,OUTVALUETEMP
	S	1111 DDDD DDDD DDDD:1100 SSSS SSSS SSSS	1280
	D	1111 DDDD DDDD DDDD:1100 0101 0000 0000	1310
0007B4	C500 F51E	MOVFF SYSCALCTEMPX,SERPRINTVAL
	K	 0000 1110 KKKK KKKK	48
0007B8	0E30	MOVLW 48
	F	 0010 01DA FFFF FFFF	1297
	D	 0010 01DA 0001 0001	0
	A	 0010 010A 0001 0001	0
0007BA	2411	ADDWF OUTVALUETEMP,W,ACCESS
	F	 0110 111A FFFF FFFF	1309
	A	 0110 111A 0001 1101	0
0007BC	6E1D	MOVWF SERDATA,ACCESS
	N	 1101 1NNN NNNN NNNN	57
0007BE	D839	RCALL HSERSEND347
		ENDIF34
	K	 0000 1110 KKKK KKKK	48
0007C0	0E30	MOVLW 48
	F	 0010 01DA FFFF FFFF	1310
	D	 0010 01DA 0001 1110	0
	A	 0010 010A 0001 1110	0
0007C2	241E	ADDWF SERPRINTVAL,W,ACCESS
	F	 0110 111A FFFF FFFF	1309
	A	 0110 111A 0001 1101	0
0007C4	6E1D	MOVWF SERDATA,ACCESS
	N	 1101 0NNN NNNN NNNN	53
0007C6	D035	BRA HSERSEND347


		HSERPRINTCRLF
	S	1111 DDDD DDDD DDDD:1100 SSSS SSSS SSSS	1296
	D	1111 DDDD DDDD DDDD:1100 0101 0001 0000	1334
0007C8	C510 F536	MOVFF HSERPRINTCRLFCOUNT,SYSREPEATTEMP5
	F	 0101 00DA FFFF FFFF	1334
	D	 0101 00DA 0011 0110	1
	A	 0101 001A 0011 0110	0
0007CC	5236	MOVF SYSREPEATTEMP5,F,ACCESS
	F	 1011 BBBA FFFF FFFF	1240
	B	 1011 BBBA 1101 1000	2
	A	 1011 010A 1101 1000	0
0007CE	B4D8	BTFSC STATUS, Z,ACCESS
	N	 1101 0NNN NNNN NNNN	8
0007D0	D008	BRA SYSREPEATLOOPEND5
		SYSREPEATLOOP5
	K	 0000 1110 KKKK KKKK	13
0007D2	0E0D	MOVLW 13
	F	 0110 111A FFFF FFFF	1309
	A	 0110 111A 0001 1101	0
0007D4	6E1D	MOVWF SERDATA,ACCESS
	N	 1101 1NNN NNNN NNNN	45
0007D6	D82D	RCALL HSERSEND347
	K	 0000 1110 KKKK KKKK	10
0007D8	0E0A	MOVLW 10
	F	 0110 111A FFFF FFFF	1309
	A	 0110 111A 0001 1101	0
0007DA	6E1D	MOVWF SERDATA,ACCESS
	N	 1101 1NNN NNNN NNNN	42
0007DC	D82A	RCALL HSERSEND347
	F	 0010 11DA FFFF FFFF	1334
	D	 0010 11DA 0011 0110	1
	A	 0010 111A 0011 0110	0
0007DE	2E36	DECFSZ SYSREPEATTEMP5,F,ACCESS
	N	 1101 0NNN NNNN NNNN	2040
0007E0	D7F8	BRA SYSREPEATLOOP5
		SYSREPEATLOOPEND5
	S	 0000 0000 0001 001S	0
0007E2	0012	RETURN


		HSERPRINTSTRINGCRLF
	S	1111 DDDD DDDD DDDD:1100 SSSS SSSS SSSS	1328
	D	1111 DDDD DDDD DDDD:1100 0101 0011 0000	1257
0007E4	C530 F4E9	MOVFF SYSPRINTDATAHANDLER,AFSR0
	S	1111 DDDD DDDD DDDD:1100 SSSS SSSS SSSS	1329
	D	1111 DDDD DDDD DDDD:1100 0101 0011 0001	1258
0007E8	C531 F4EA	MOVFF SYSPRINTDATAHANDLER_H,AFSR0_H
	S	1111 DDDD DDDD DDDD:1100 SSSS SSSS SSSS	1263
	D	1111 DDDD DDDD DDDD:1100 0100 1110 1111	1298
0007EC	C4EF F512	MOVFF INDF0,PRINTLEN
	F	 0101 00DA FFFF FFFF	1298
	D	 0101 00DA 0001 0010	1
	A	 0101 001A 0001 0010	0
0007F0	5212	MOVF PRINTLEN,F,ACCESS
	F	 1011 BBBA FFFF FFFF	1240
	B	 1011 BBBA 1101 1000	2
	A	 1011 010A 1101 1000	0
0007F2	B4D8	BTFSC STATUS, Z,ACCESS
	N	 1101 0NNN NNNN NNNN	19
0007F4	D013	BRA ENDIF27
	F	 0110 101A FFFF FFFF	1330
	A	 0110 101A 0011 0010	0
0007F6	6A32	CLRF SYSPRINTTEMP,ACCESS
	K	 0000 1110 KKKK KKKK	1
0007F8	0E01	MOVLW 1
	F	 0101 11DA FFFF FFFF	1298
	D	 0101 11DA 0001 0010	0
	A	 0101 110A 0001 0010	0
0007FA	5C12	SUBWF PRINTLEN,W,ACCESS
	F	 1010 BBBA FFFF FFFF	1240
	B	 1010 BBBA 1101 1000	0
	A	 1010 000A 1101 1000	0
0007FC	A0D8	BTFSS STATUS, C,ACCESS
	N	 1101 0NNN NNNN NNNN	14
0007FE	D00E	BRA SYSFORLOOPEND5
		SYSFORLOOP5
	F	 0010 10DA FFFF FFFF	1330
	D	 0010 10DA 0011 0010	1
	A	 0010 101A 0011 0010	0
000800	2A32	INCF SYSPRINTTEMP,F,ACCESS
	F	 0101 00DA FFFF FFFF	1330
	D	 0101 00DA 0011 0010	0
	A	 0101 000A 0011 0010	0
000802	5032	MOVF SYSPRINTTEMP,W,ACCESS
	F	 0010 01DA FFFF FFFF	1328
	D	 0010 01DA 0011 0000	0
	A	 0010 010A 0011 0000	0
000804	2430	ADDWF SYSPRINTDATAHANDLER,W,ACCESS
	F	 0110 111A FFFF FFFF	1257
	A	 0110 111A 1110 1001	0
000806	6EE9	MOVWF AFSR0,ACCESS
	K	 0000 1110 KKKK KKKK	0
000808	0E00	MOVLW 0
	F	 0010 00DA FFFF FFFF	1329
	D	 0010 00DA 0011 0001	0
	A	 0010 000A 0011 0001	0
00080A	2031	ADDWFC SYSPRINTDATAHANDLER_H,W,ACCESS
	F	 0110 111A FFFF FFFF	1258
	A	 0110 111A 1110 1010	0
00080C	6EEA	MOVWF AFSR0_H,ACCESS
	S	1111 DDDD DDDD DDDD:1100 SSSS SSSS SSSS	1263
	D	1111 DDDD DDDD DDDD:1100 0100 1110 1111	1309
00080E	C4EF F51D	MOVFF INDF0,SERDATA
	N	 1101 1NNN NNNN NNNN	15
000812	D80F	RCALL HSERSEND347
	F	 0101 00DA FFFF FFFF	1298
	D	 0101 00DA 0001 0010	0
	A	 0101 000A 0001 0010	0
000814	5012	MOVF PRINTLEN,W,ACCESS
	F	 0101 11DA FFFF FFFF	1330
	D	 0101 11DA 0011 0010	0
	A	 0101 110A 0011 0010	0
000816	5C32	SUBWF SYSPRINTTEMP,W,ACCESS
	F	 1010 BBBA FFFF FFFF	1240
	B	 1010 BBBA 1101 1000	0
	A	 1010 000A 1101 1000	0
000818	A0D8	BTFSS STATUS, C,ACCESS
	N	 1101 0NNN NNNN NNNN	2034
00081A	D7F2	BRA SYSFORLOOP5
		SYSFORLOOPEND5
		ENDIF27
	K	 0000 1110 KKKK KKKK	13
00081C	0E0D	MOVLW 13
	F	 0110 111A FFFF FFFF	1309
	A	 0110 111A 0001 1101	0
00081E	6E1D	MOVWF SERDATA,ACCESS
	N	 1101 1NNN NNNN NNNN	8
000820	D808	RCALL HSERSEND347
	K	 0000 1110 KKKK KKKK	10
000822	0E0A	MOVLW 10
	F	 0110 111A FFFF FFFF	1309
	A	 0110 111A 0001 1101	0
000824	6E1D	MOVWF SERDATA,ACCESS
	N	 1101 0NNN NNNN NNNN	5
000826	D005	BRA HSERSEND347


		HSERSEND346
		SYSWAITLOOP1
	F	 1010 BBBA FFFF FFFF	1211
	B	 1010 BBBA 1011 1011	1
	A	 1010 001A 1011 1011	0
000828	A2BB	BTFSS PIR5,U1TXIF,ACCESS
	N	 1101 0NNN NNNN NNNN	2046
00082A	D7FE	BRA SYSWAITLOOP1
	S	1111 DDDD DDDD DDDD:1100 SSSS SSSS SSSS	1309
	D	1111 DDDD DDDD DDDD:1100 0101 0001 1101	696
00082C	C51D F2B8	MOVFF SERDATA,U1TXB
	S	 0000 0000 0001 001S	0
000830	0012	RETURN


		HSERSEND347
		HSERSENDUSART1HANDLER
		SYSWAITLOOP2
	F	 1010 BBBA FFFF FFFF	1211
	B	 1010 BBBA 1011 1011	1
	A	 1010 001A 1011 1011	0
000832	A2BB	BTFSS PIR5,U1TXIF,ACCESS
	N	 1101 0NNN NNNN NNNN	2046
000834	D7FE	BRA SYSWAITLOOP2
	S	1111 DDDD DDDD DDDD:1100 SSSS SSSS SSSS	1309
	D	1111 DDDD DDDD DDDD:1100 0101 0001 1101	696
000836	C51D F2B8	MOVFF SERDATA,U1TXB
	S	 0000 0000 0001 001S	0
00083A	0012	RETURN


		INITPPS
	K	 0000 0001 00KK KKKK	1
000000	0101	BANKSEL TRISC
	F	 1001 BBBA FFFF FFFF	330
	B	 1001 BBBA 0100 1010	6
	A	 1001 110A 0100 1010	1
00083E	9D4A	BCF TRISC,6,BANKED
	K	 0000 1110 KKKK KKKK	21
000840	0E15	MOVLW 21
	K	 0000 0001 00KK KKKK	2
000000	0102	BANKSEL U1RXPPS
	F	 0110 111A FFFF FFFF	626
	A	 0110 111A 0111 0010	1
000844	6F72	MOVWF U1RXPPS,BANKED
	K	 0000 1110 KKKK KKKK	18
000846	0E12	MOVLW 18
	F	 0110 111A FFFF FFFF	535
	A	 0110 111A 0001 0111	1
000848	6F17	MOVWF RC6PPS,BANKED
	K	 0000 1110 KKKK KKKK	13
00084A	0E0D	MOVLW 13
	F	 0110 111A FFFF FFFF	521
	A	 0110 111A 0000 1001	1
00084C	6F09	MOVWF RB0PPS,BANKED
	K	 0000 1110 KKKK KKKK	13
00084E	0E0D	MOVLW 13
	F	 0110 111A FFFF FFFF	522
	A	 0110 111A 0000 1010	1
000850	6F0A	MOVWF RB1PPS,BANKED
	K	 0000 1110 KKKK KKKK	13
000852	0E0D	MOVLW 13
	F	 0110 111A FFFF FFFF	523
	A	 0110 111A 0000 1011	1
000854	6F0B	MOVWF RB2PPS,BANKED
	K	 0000 1110 KKKK KKKK	13
000856	0E0D	MOVLW 13
	F	 0110 111A FFFF FFFF	524
	A	 0110 111A 0000 1100	1
000858	6F0C	MOVWF RB3PPS,BANKED
	K	 0000 0001 00KK KKKK	0
000000	0100	BANKSEL 0
	S	 0000 0000 0001 001S	0
00085C	0012	RETURN


		INITPWM
	K	 0000 1110 KKKK KKKK	2
00085E	0E02	MOVLW 2
	F	 0110 111A FFFF FFFF	1351
	A	 0110 111A 0100 0111	0
000860	6E47	MOVWF _PWMTIMERSELECTED,ACCESS
		LEGACY_STARTOFFIXEDCCPPWMMODECODE
	F	 0110 101A FFFF FFFF	1294
	A	 0110 101A 0000 1110	0
000862	6A0E	CLRF CCPCONCACHE,ACCESS
	K	 0000 1110 KKKK KKKK	105
000864	0E69	MOVLW 105
	K	 0000 0001 00KK KKKK	3
000000	0103	BANKSEL PR2
	F	 0110 111A FFFF FFFF	798
	A	 0110 111A 0001 1110	1
000868	6F1E	MOVWF PR2,BANKED
	F	 1001 BBBA FFFF FFFF	799
	B	 1001 BBBA 0001 1111	4
	A	 1001 100A 0001 1111	1
00086A	991F	BCF T2CON,T2CKPS0,BANKED
	F	 1000 BBBA FFFF FFFF	799
	B	 1000 BBBA 0001 1111	5
	A	 1000 101A 0001 1111	1
00086C	8B1F	BSF T2CON,T2CKPS1,BANKED
	F	 1001 BBBA FFFF FFFF	799
	B	 1001 BBBA 0001 1111	6
	A	 1001 110A 0001 1111	1
00086E	9D1F	BCF T2CON,T2CKPS2,BANKED
	F	 1000 BBBA FFFF FFFF	1294
	B	 1000 BBBA 0000 1110	4
	A	 1000 100A 0000 1110	0
000870	880E	BSF CCPCONCACHE,CCP1FMT,ACCESS
	K	 0000 1110 KKKK KKKK	53
000872	0E35	MOVLW 53
	F	 0110 111A FFFF FFFF	833
	A	 0110 111A 0100 0001	1
000874	6F41	MOVWF CCPR1H,BANKED
	F	 0110 101A FFFF FFFF	832
	A	 0110 101A 0100 0000	1
000876	6B40	CLRF CCPR1L,BANKED
	K	 0000 1110 KKKK KKKK	1
000878	0E01	MOVLW 1
	F	 0110 111A FFFF FFFF	801
	A	 0110 111A 0010 0001	1
00087A	6F21	MOVWF T2CLKCON,BANKED
	F	 1000 BBBA FFFF FFFF	1294
	B	 1000 BBBA 0000 1110	7
	A	 1000 111A 0000 1110	0
00087C	8E0E	BSF CCPCONCACHE,CCP1CON_EN,ACCESS
	F	 1000 BBBA FFFF FFFF	1294
	B	 1000 BBBA 0000 1110	3
	A	 1000 011A 0000 1110	0
00087E	860E	BSF CCPCONCACHE,CCP1MODE3,ACCESS
	F	 1000 BBBA FFFF FFFF	1294
	B	 1000 BBBA 0000 1110	2
	A	 1000 010A 0000 1110	0
000880	840E	BSF CCPCONCACHE,CCP1MODE2,ACCESS
	F	 1001 BBBA FFFF FFFF	1294
	B	 1001 BBBA 0000 1110	1
	A	 1001 001A 0000 1110	0
000882	920E	BCF CCPCONCACHE,CCP1MODE1,ACCESS
	F	 1001 BBBA FFFF FFFF	1294
	B	 1001 BBBA 0000 1110	0
	A	 1001 000A 0000 1110	0
000884	900E	BCF CCPCONCACHE,CCP1MODE0,ACCESS
	F	 1000 BBBA FFFF FFFF	799
	B	 1000 BBBA 0001 1111	7
	A	 1000 111A 0001 1111	1
000886	8F1F	BSF T2CON,TMR2ON,BANKED
		STARTOFFIXEDPWMMODECODE
		SETPWMDUTYCODE
	K	 0000 0001 00KK KKKK	0
000000	0100	BANKSEL 0
	S	 0000 0000 0001 001S	0
00088A	0012	RETURN


		INITSYS
	K	 0000 0001 00KK KKKK	0
00088C	0100	MOVLB 0
	K	 0000 1110 KKKK KKKK	96
00088E	0E60	MOVLW 96
	F	 0110 111A FFFF FFFF	173
	A	 0110 111A 1010 1101	1
000890	6FAD	MOVWF OSCCON1,BANKED
	F	 0110 101A FFFF FFFF	175
	A	 0110 101A 1010 1111	1
000892	6BAF	CLRF OSCCON3,BANKED
	F	 0110 101A FFFF FFFF	179
	A	 0110 101A 1011 0011	1
000894	6BB3	CLRF OSCEN,BANKED
	F	 0110 101A FFFF FFFF	176
	A	 0110 101A 1011 0000	1
000896	6BB0	CLRF OSCTUNE,BANKED
	K	 0000 1110 KKKK KKKK	96
000898	0E60	MOVLW 96
	F	 0110 111A FFFF FFFF	173
	A	 0110 111A 1010 1101	1
00089A	6FAD	MOVWF OSCCON1,BANKED
	K	 0000 1110 KKKK KKKK	8
00089C	0E08	MOVLW 8
	F	 0110 111A FFFF FFFF	177
	A	 0110 111A 1011 0001	1
00089E	6FB1	MOVWF OSCFRQ,BANKED
	F	 0110 101A FFFF FFFF	1272
	A	 0110 101A 1111 1000	0
0008A0	6AF8	CLRF TBLPTRU,ACCESS
	K	 0000 0001 00KK KKKK	3
000000	0103	BANKSEL ADCON0
	F	 1001 BBBA FFFF FFFF	1011
	B	 1001 BBBA 1111 0011	2
	A	 1001 010A 1111 0011	1
0008A4	95F3	BCF ADCON0,ADFM0,BANKED
	F	 1001 BBBA FFFF FFFF	1011
	B	 1001 BBBA 1111 0011	7
	A	 1001 111A 1111 0011	1
0008A6	9FF3	BCF ADCON0,ADON,BANKED
	K	 0000 0001 00KK KKKK	4
000000	0104	BANKSEL ANSELA
	F	 0110 101A FFFF FFFF	1024
	A	 0110 101A 0000 0000	1
0008AA	6B00	CLRF ANSELA,BANKED
	F	 0110 101A FFFF FFFF	1032
	A	 0110 101A 0000 1000	1
0008AC	6B08	CLRF ANSELB,BANKED
	F	 0110 101A FFFF FFFF	1040
	A	 0110 101A 0001 0000	1
0008AE	6B10	CLRF ANSELC,BANKED
	F	 0110 101A FFFF FFFF	1056
	A	 0110 101A 0010 0000	1
0008B0	6B20	CLRF ANSELE,BANKED
	K	 0000 0001 00KK KKKK	0
000000	0100	BANKSEL CM2CON0
	F	 1001 BBBA FFFF FFFF	116
	B	 1001 BBBA 0111 0100	7
	A	 1001 111A 0111 0100	1
0008B4	9F74	BCF CM2CON0,C2EN,BANKED
	F	 1001 BBBA FFFF FFFF	112
	B	 1001 BBBA 0111 0000	7
	A	 1001 111A 0111 0000	1
0008B6	9F70	BCF CM1CON0,C1EN,BANKED
	K	 0000 0001 00KK KKKK	1
000000	0101	BANKSEL PORTA
	F	 0110 101A FFFF FFFF	336
	A	 0110 101A 0101 0000	1
0008BA	6B50	CLRF PORTA,BANKED
	F	 0110 101A FFFF FFFF	337
	A	 0110 101A 0101 0001	1
0008BC	6B51	CLRF PORTB,BANKED
	F	 0110 101A FFFF FFFF	338
	A	 0110 101A 0101 0010	1
0008BE	6B52	CLRF PORTC,BANKED
	F	 0110 101A FFFF FFFF	339
	A	 0110 101A 0101 0011	1
0008C0	6B53	CLRF PORTD,BANKED
	F	 0110 101A FFFF FFFF	340
	A	 0110 101A 0101 0100	1
0008C2	6B54	CLRF PORTE,BANKED
	K	 0000 0001 00KK KKKK	0
000000	0100	BANKSEL 0
	S	 0000 0000 0001 001S	0
0008C6	0012	RETURN


		INITUSART
	K	 0000 1110 KKKK KKKK	1
0008C8	0E01	MOVLW 1
	F	 0110 111A FFFF FFFF	1295
	A	 0110 111A 0000 1111	0
0008CA	6E0F	MOVWF COMPORT,ACCESS
	K	 0000 1110 KKKK KKKK	6
0008CC	0E06	MOVLW 6
	K	 0000 0001 00KK KKKK	2
000000	0102	BANKSEL U1BRGH
	F	 0110 111A FFFF FFFF	708
	A	 0110 111A 1100 0100	1
0008D0	6FC4	MOVWF U1BRGH,BANKED
	K	 0000 1110 KKKK KKKK	129
0008D2	0E81	MOVLW 129
	F	 0110 111A FFFF FFFF	707
	A	 0110 111A 1100 0011	1
0008D4	6FC3	MOVWF U1BRGL,BANKED
	F	 1000 BBBA FFFF FFFF	704
	B	 1000 BBBA 1100 0000	7
	A	 1000 111A 1100 0000	1
0008D6	8FC0	BSF U1CON0,U1BRGS,BANKED
	F	 1000 BBBA FFFF FFFF	704
	B	 1000 BBBA 1100 0000	5
	A	 1000 101A 1100 0000	1
0008D8	8BC0	BSF U1CON0,U1TXEN,BANKED
	F	 1000 BBBA FFFF FFFF	704
	B	 1000 BBBA 1100 0000	4
	A	 1000 100A 1100 0000	1
0008DA	89C0	BSF U1CON0,U1RXEN,BANKED
	F	 1000 BBBA FFFF FFFF	705
	B	 1000 BBBA 1100 0001	7
	A	 1000 111A 1100 0001	1
0008DC	8FC1	BSF U1CON1,ON_U1CON1,BANKED
	K	 0000 0001 00KK KKKK	0
000000	0100	BANKSEL 0
	S	 0000 0000 0001 001S	0
0008E0	0012	RETURN


		FN_PAD
	S	1111 DDDD DDDD DDDD:1100 SSSS SSSS SSSS	1340
	D	1111 DDDD DDDD DDDD:1100 0101 0011 1100	1257
0008E2	C53C F4E9	MOVFF SYSSYSINSTRINGHANDLER,AFSR0
	S	1111 DDDD DDDD DDDD:1100 SSSS SSSS SSSS	1341
	D	1111 DDDD DDDD DDDD:1100 0101 0011 1101	1258
0008E6	C53D F4EA	MOVFF SYSSYSINSTRINGHANDLER_H,AFSR0_H
	F	 0101 00DA FFFF FFFF	1337
	D	 0101 00DA 0011 1001	0
	A	 0101 000A 0011 1001	0
0008EA	5039	MOVF SYSSTRLEN,W,ACCESS
	F	 0101 11DA FFFF FFFF	1263
	D	 0101 11DA 1110 1111	0
	A	 0101 110A 1110 1111	0
0008EC	5CEF	SUBWF INDF0,W,ACCESS
	F	 1011 BBBA FFFF FFFF	1240
	B	 1011 BBBA 1101 1000	0
	A	 1011 000A 1101 1000	0
0008EE	B0D8	BTFSC STATUS, C,ACCESS
	N	 1101 0NNN NNNN NNNN	88
0008F0	D058	BRA ELSE20_1
	S	1111 DDDD DDDD DDDD:1100 SSSS SSSS SSSS	1340
	D	1111 DDDD DDDD DDDD:1100 0101 0011 1100	1257
0008F2	C53C F4E9	MOVFF SYSSYSINSTRINGHANDLER,AFSR0
	S	1111 DDDD DDDD DDDD:1100 SSSS SSSS SSSS	1341
	D	1111 DDDD DDDD DDDD:1100 0101 0011 1101	1258
0008F6	C53D F4EA	MOVFF SYSSYSINSTRINGHANDLER_H,AFSR0_H
	S	1111 DDDD DDDD DDDD:1100 SSSS SSSS SSSS	1263
	D	1111 DDDD DDDD DDDD:1100 0100 1110 1111	1315
0008FA	C4EF F523	MOVFF INDF0,SYSCHARCOUNT
	F	1110 1110 00FF KKKK:1111 00KK KKKK KKKK	1
	K	1110 1110 0001 KKKK:1111 00KK KKKK KKKK	5082
0008FE	EE14 F3DA	LFSR 1,PAD
	K	 0000 1110 KKKK KKKK	212
000902	0ED4	MOVLW LOW STRINGTABLE14
	F	 0110 111A FFFF FFFF	1270
	A	 0110 111A 1111 0110	0
000904	6EF6	MOVWF TBLPTRL,ACCESS
	K	 0000 1110 KKKK KKKK	31
000906	0E1F	MOVLW HIGH STRINGTABLE14
	F	 0110 111A FFFF FFFF	1271
	A	 0110 111A 1111 0111	0
000908	6EF7	MOVWF TBLPTRH,ACCESS
	K	 0000 1110 KKKK KKKK	0
00090A	0E00	MOVLW UPPER STRINGTABLE14
	F	 0110 111A FFFF FFFF	1272
	A	 0110 111A 1111 1000	0
00090C	6EF8	MOVWF TBLPTRU,ACCESS
	K	1111 KKKK KKKK KKKK:1110 110S KKKK KKKK	7560
	S	1111 0000 0000 1110:1110 110S 1100 0100	0
00090E	ECC4 F00E	CALL SYSREADSTRING
	K	 0000 0001 00KK KKKK	5
000000	0105	BANKSEL SYSSTRINGTEMP
	F	 0110 101A FFFF FFFF	1336
	A	 0110 101A 0011 1000	1
000914	6B38	CLRF SYSSTRINGTEMP,BANKED
	K	 0000 1110 KKKK KKKK	1
000916	0E01	MOVLW 1
	F	 0101 11DA FFFF FFFF	1315
	D	 0101 11DA 0010 0011	0
	A	 0101 110A 0010 0011	0
000918	5C23	SUBWF SYSCHARCOUNT,W,ACCESS
	F	 1010 BBBA FFFF FFFF	1240
	B	 1010 BBBA 1101 1000	0
	A	 1010 000A 1101 1000	0
00091A	A0D8	BTFSS STATUS, C,ACCESS
	N	 1101 0NNN NNNN NNNN	23
00091C	D017	BRA SYSFORLOOPEND2
		SYSFORLOOP2
	F	 0010 10DA FFFF FFFF	1336
	D	 0010 10DA 0011 1000	1
	A	 0010 101A 0011 1000	1
00091E	2B38	INCF SYSSTRINGTEMP,F,BANKED
	F	 0101 00DA FFFF FFFF	1336
	D	 0101 00DA 0011 1000	0
	A	 0101 000A 0011 1000	1
000920	5138	MOVF SYSSTRINGTEMP,W,BANKED
	F	 0010 01DA FFFF FFFF	1340
	D	 0010 01DA 0011 1100	0
	A	 0010 010A 0011 1100	0
000922	243C	ADDWF SYSSYSINSTRINGHANDLER,W,ACCESS
	F	 0110 111A FFFF FFFF	1257
	A	 0110 111A 1110 1001	0
000924	6EE9	MOVWF AFSR0,ACCESS
	K	 0000 1110 KKKK KKKK	0
000926	0E00	MOVLW 0
	F	 0010 00DA FFFF FFFF	1341
	D	 0010 00DA 0011 1101	0
	A	 0010 000A 0011 1101	0
000928	203D	ADDWFC SYSSYSINSTRINGHANDLER_H,W,ACCESS
	F	 0110 111A FFFF FFFF	1258
	A	 0110 111A 1110 1010	0
00092A	6EEA	MOVWF AFSR0_H,ACCESS
	S	1111 DDDD DDDD DDDD:1100 SSSS SSSS SSSS	1262
	D	1111 DDDD DDDD DDDD:1100 0100 1110 1110	1312
00092C	C4EE F520	MOVFF POSTINC0,SYSARRAYTEMP1
	S	1111 DDDD DDDD DDDD:1100 SSSS SSSS SSSS	1312
	D	1111 DDDD DDDD DDDD:1100 0101 0010 0000	1313
000930	C520 F521	MOVFF SYSARRAYTEMP1,SYSARRAYTEMP2
	F	1110 1110 00FF KKKK:1111 00KK KKKK KKKK	0
	K	1110 1110 0000 KKKK:1111 00KK KKKK KKKK	5082
000934	EE04 F3DA	LFSR 0,PAD
	F	 0101 00DA FFFF FFFF	1336
	D	 0101 00DA 0011 1000	0
	A	 0101 000A 0011 1000	1
000938	5138	MOVF SYSSTRINGTEMP,W,BANKED
	F	 0010 01DA FFFF FFFF	1257
	D	 0010 01DA 1110 1001	1
	A	 0010 011A 1110 1001	0
00093A	26E9	ADDWF AFSR0,F,ACCESS
	K	 0000 1110 KKKK KKKK	0
00093C	0E00	MOVLW 0
	F	 0010 00DA FFFF FFFF	1258
	D	 0010 00DA 1110 1010	1
	A	 0010 001A 1110 1010	0
00093E	22EA	ADDWFC AFSR0_H,F,ACCESS
	S	1111 DDDD DDDD DDDD:1100 SSSS SSSS SSSS	1313
	D	1111 DDDD DDDD DDDD:1100 0101 0010 0001	1262
000940	C521 F4EE	MOVFF SYSARRAYTEMP2,POSTINC0
	F	 0101 00DA FFFF FFFF	1315
	D	 0101 00DA 0010 0011	0
	A	 0101 000A 0010 0011	0
000944	5023	MOVF SYSCHARCOUNT,W,ACCESS
	F	 0101 11DA FFFF FFFF	1336
	D	 0101 11DA 0011 1000	0
	A	 0101 110A 0011 1000	1
000946	5D38	SUBWF SYSSTRINGTEMP,W,BANKED
	F	 1010 BBBA FFFF FFFF	1240
	B	 1010 BBBA 1101 1000	0
	A	 1010 000A 1101 1000	0
000948	A0D8	BTFSS STATUS, C,ACCESS
	N	 1101 0NNN NNNN NNNN	2025
00094A	D7E9	BRA SYSFORLOOP2
		SYSFORLOOPEND2
	F	 0010 10DA FFFF FFFF	1315
	D	 0010 10DA 0010 0011	0
	A	 0010 100A 0010 0011	0
00094C	2823	INCF SYSCHARCOUNT,W,ACCESS
	F	 0110 111A FFFF FFFF	1346
	A	 0110 111A 0100 0010	0
00094E	6E42	MOVWF SYSTEMP2,ACCESS
	F	 0000 01DA FFFF FFFF	1346
	D	 0000 01DA 0100 0010	0
	A	 0000 010A 0100 0010	0
000950	0442	DECF SYSTEMP2,W,ACCESS
	F	 0110 111A FFFF FFFF	1336
	A	 0110 111A 0011 1000	1
000952	6F38	MOVWF SYSSTRINGTEMP,BANKED
	F	 0010 10DA FFFF FFFF	1315
	D	 0010 10DA 0010 0011	0
	A	 0010 100A 0010 0011	0
000954	2823	INCF SYSCHARCOUNT,W,ACCESS
	F	 0110 111A FFFF FFFF	1342
	A	 0110 111A 0011 1110	0
000956	6E3E	MOVWF SYSTEMP1,ACCESS
	S	1111 DDDD DDDD DDDD:1100 SSSS SSSS SSSS	1342
	D	1111 DDDD DDDD DDDD:1100 0101 0011 1110	1289
000958	C53E F509	MOVFF SYSTEMP1,SYSBYTETEMPB
	S	1111 DDDD DDDD DDDD:1100 SSSS SSSS SSSS	1337
	D	1111 DDDD DDDD DDDD:1100 0101 0011 1001	1285
00095C	C539 F505	MOVFF SYSSTRLEN,SYSBYTETEMPA
	K	 0000 0001 00KK KKKK	0
000000	0100	BANKSEL 0
	K	1111 KKKK KKKK KKKK:1110 110S KKKK KKKK	6994
	S	1111 0000 0000 1101:1110 110S 1010 1001	0
000962	ECA9 F00D	CALL SYSCOMPLESSTHAN
	F	 1011 BBBA FFFF FFFF	1280
	B	 1011 BBBA 0000 0000	0
	A	 1011 000A 0000 0000	0
000966	B000	BTFSC SYSBYTETEMPX,0,ACCESS
	N	 1101 0NNN NNNN NNNN	24
000968	D018	BRA SYSFORLOOPEND3
		SYSFORLOOP3
	K	 0000 0001 00KK KKKK	5
000000	0105	BANKSEL SYSSTRINGTEMP
	F	 0010 10DA FFFF FFFF	1336
	D	 0010 10DA 0011 1000	1
	A	 0010 101A 0011 1000	1
00096C	2B38	INCF SYSSTRINGTEMP,F,BANKED
	K	 0000 1110 KKKK KKKK	1
00096E	0E01	MOVLW 1
	F	 0010 01DA FFFF FFFF	1338
	D	 0010 01DA 0011 1010	0
	A	 0010 010A 0011 1010	0
000970	243A	ADDWF SYSSYSINSTRING3HANDLER,W,ACCESS
	F	 0110 111A FFFF FFFF	1257
	A	 0110 111A 1110 1001	0
000972	6EE9	MOVWF AFSR0,ACCESS
	K	 0000 1110 KKKK KKKK	0
000974	0E00	MOVLW 0
	F	 0010 00DA FFFF FFFF	1339
	D	 0010 00DA 0011 1011	0
	A	 0010 000A 0011 1011	0
000976	203B	ADDWFC SYSSYSINSTRING3HANDLER_H,W,ACCESS
	F	 0110 111A FFFF FFFF	1258
	A	 0110 111A 1110 1010	0
000978	6EEA	MOVWF AFSR0_H,ACCESS
	S	1111 DDDD DDDD DDDD:1100 SSSS SSSS SSSS	1262
	D	1111 DDDD DDDD DDDD:1100 0100 1110 1110	1313
00097A	C4EE F521	MOVFF POSTINC0,SYSARRAYTEMP2
	S	1111 DDDD DDDD DDDD:1100 SSSS SSSS SSSS	1313
	D	1111 DDDD DDDD DDDD:1100 0101 0010 0001	1312
00097E	C521 F520	MOVFF SYSARRAYTEMP2,SYSARRAYTEMP1
	F	1110 1110 00FF KKKK:1111 00KK KKKK KKKK	0
	K	1110 1110 0000 KKKK:1111 00KK KKKK KKKK	5082
000982	EE04 F3DA	LFSR 0,PAD
	F	 0101 00DA FFFF FFFF	1336
	D	 0101 00DA 0011 1000	0
	A	 0101 000A 0011 1000	1
000986	5138	MOVF SYSSTRINGTEMP,W,BANKED
	F	 0010 01DA FFFF FFFF	1257
	D	 0010 01DA 1110 1001	1
	A	 0010 011A 1110 1001	0
000988	26E9	ADDWF AFSR0,F,ACCESS
	K	 0000 1110 KKKK KKKK	0
00098A	0E00	MOVLW 0
	F	 0010 00DA FFFF FFFF	1258
	D	 0010 00DA 1110 1010	1
	A	 0010 001A 1110 1010	0
00098C	22EA	ADDWFC AFSR0_H,F,ACCESS
	S	1111 DDDD DDDD DDDD:1100 SSSS SSSS SSSS	1312
	D	1111 DDDD DDDD DDDD:1100 0101 0010 0000	1262
00098E	C520 F4EE	MOVFF SYSARRAYTEMP1,POSTINC0
	F	 0101 00DA FFFF FFFF	1337
	D	 0101 00DA 0011 1001	0
	A	 0101 000A 0011 1001	0
000992	5039	MOVF SYSSTRLEN,W,ACCESS
	F	 0101 11DA FFFF FFFF	1336
	D	 0101 11DA 0011 1000	0
	A	 0101 110A 0011 1000	1
000994	5D38	SUBWF SYSSTRINGTEMP,W,BANKED
	F	 1010 BBBA FFFF FFFF	1240
	B	 1010 BBBA 1101 1000	0
	A	 1010 000A 1101 1000	0
000996	A0D8	BTFSS STATUS, C,ACCESS
	N	 1101 0NNN NNNN NNNN	2024
000998	D7E8	BRA SYSFORLOOP3
		SYSFORLOOPEND3
	S	0000 0000 0110 SSSS:1111 SSSS SSSS SSDD:1111 DDDD DDDD DDDD	1337
	D	0000 0000 0110 0001:1111 0100 1110 01DD:1111 DDDD DDDD DDDD	5082
00099A	0061 F4E5 F3DA	MOVFFL SYSSTRLEN,SYSPAD_0
	N	 1101 0NNN NNNN NNNN	46
0009A0	D02E	BRA ENDIF20
		ELSE20_1
	K	 0000 0001 00KK KKKK	5
000000	0105	BANKSEL SYSSTRINGTEMP
	F	 0110 101A FFFF FFFF	1336
	A	 0110 101A 0011 1000	1
0009A4	6B38	CLRF SYSSTRINGTEMP,BANKED
	S	1111 DDDD DDDD DDDD:1100 SSSS SSSS SSSS	1340
	D	1111 DDDD DDDD DDDD:1100 0101 0011 1100	1257
0009A6	C53C F4E9	MOVFF SYSSYSINSTRINGHANDLER,AFSR0
	S	1111 DDDD DDDD DDDD:1100 SSSS SSSS SSSS	1341
	D	1111 DDDD DDDD DDDD:1100 0101 0011 1101	1258
0009AA	C53D F4EA	MOVFF SYSSYSINSTRINGHANDLER_H,AFSR0_H
	K	 0000 1110 KKKK KKKK	1
0009AE	0E01	MOVLW 1
	F	 0101 11DA FFFF FFFF	1263
	D	 0101 11DA 1110 1111	0
	A	 0101 110A 1110 1111	0
0009B0	5CEF	SUBWF INDF0,W,ACCESS
	F	 1010 BBBA FFFF FFFF	1240
	B	 1010 BBBA 1101 1000	0
	A	 1010 000A 1101 1000	0
0009B2	A0D8	BTFSS STATUS, C,ACCESS
	N	 1101 0NNN NNNN NNNN	27
0009B4	D01B	BRA SYSFORLOOPEND4
		SYSFORLOOP4
	F	 0010 10DA FFFF FFFF	1336
	D	 0010 10DA 0011 1000	1
	A	 0010 101A 0011 1000	1
0009B6	2B38	INCF SYSSTRINGTEMP,F,BANKED
	F	 0101 00DA FFFF FFFF	1336
	D	 0101 00DA 0011 1000	0
	A	 0101 000A 0011 1000	1
0009B8	5138	MOVF SYSSTRINGTEMP,W,BANKED
	F	 0010 01DA FFFF FFFF	1340
	D	 0010 01DA 0011 1100	0
	A	 0010 010A 0011 1100	0
0009BA	243C	ADDWF SYSSYSINSTRINGHANDLER,W,ACCESS
	F	 0110 111A FFFF FFFF	1257
	A	 0110 111A 1110 1001	0
0009BC	6EE9	MOVWF AFSR0,ACCESS
	K	 0000 1110 KKKK KKKK	0
0009BE	0E00	MOVLW 0
	F	 0010 00DA FFFF FFFF	1341
	D	 0010 00DA 0011 1101	0
	A	 0010 000A 0011 1101	0
0009C0	203D	ADDWFC SYSSYSINSTRINGHANDLER_H,W,ACCESS
	F	 0110 111A FFFF FFFF	1258
	A	 0110 111A 1110 1010	0
0009C2	6EEA	MOVWF AFSR0_H,ACCESS
	S	1111 DDDD DDDD DDDD:1100 SSSS SSSS SSSS	1262
	D	1111 DDDD DDDD DDDD:1100 0100 1110 1110	1312
0009C4	C4EE F520	MOVFF POSTINC0,SYSARRAYTEMP1
	S	1111 DDDD DDDD DDDD:1100 SSSS SSSS SSSS	1312
	D	1111 DDDD DDDD DDDD:1100 0101 0010 0000	1313
0009C8	C520 F521	MOVFF SYSARRAYTEMP1,SYSARRAYTEMP2
	F	1110 1110 00FF KKKK:1111 00KK KKKK KKKK	0
	K	1110 1110 0000 KKKK:1111 00KK KKKK KKKK	5082
0009CC	EE04 F3DA	LFSR 0,PAD
	F	 0101 00DA FFFF FFFF	1336
	D	 0101 00DA 0011 1000	0
	A	 0101 000A 0011 1000	1
0009D0	5138	MOVF SYSSTRINGTEMP,W,BANKED
	F	 0010 01DA FFFF FFFF	1257
	D	 0010 01DA 1110 1001	1
	A	 0010 011A 1110 1001	0
0009D2	26E9	ADDWF AFSR0,F,ACCESS
	K	 0000 1110 KKKK KKKK	0
0009D4	0E00	MOVLW 0
	F	 0010 00DA FFFF FFFF	1258
	D	 0010 00DA 1110 1010	1
	A	 0010 001A 1110 1010	0
0009D6	22EA	ADDWFC AFSR0_H,F,ACCESS
	S	1111 DDDD DDDD DDDD:1100 SSSS SSSS SSSS	1313
	D	1111 DDDD DDDD DDDD:1100 0101 0010 0001	1262
0009D8	C521 F4EE	MOVFF SYSARRAYTEMP2,POSTINC0
	S	1111 DDDD DDDD DDDD:1100 SSSS SSSS SSSS	1340
	D	1111 DDDD DDDD DDDD:1100 0101 0011 1100	1257
0009DC	C53C F4E9	MOVFF SYSSYSINSTRINGHANDLER,AFSR0
	S	1111 DDDD DDDD DDDD:1100 SSSS SSSS SSSS	1341
	D	1111 DDDD DDDD DDDD:1100 0101 0011 1101	1258
0009E0	C53D F4EA	MOVFF SYSSYSINSTRINGHANDLER_H,AFSR0_H
	F	 0101 00DA FFFF FFFF	1263
	D	 0101 00DA 1110 1111	0
	A	 0101 000A 1110 1111	0
0009E4	50EF	MOVF INDF0,W,ACCESS
	F	 0101 11DA FFFF FFFF	1336
	D	 0101 11DA 0011 1000	0
	A	 0101 110A 0011 1000	1
0009E6	5D38	SUBWF SYSSTRINGTEMP,W,BANKED
	F	 1010 BBBA FFFF FFFF	1240
	B	 1010 BBBA 1101 1000	0
	A	 1010 000A 1101 1000	0
0009E8	A0D8	BTFSS STATUS, C,ACCESS
	N	 1101 0NNN NNNN NNNN	2021
0009EA	D7E5	BRA SYSFORLOOP4
		SYSFORLOOPEND4
	S	1111 DDDD DDDD DDDD:1100 SSSS SSSS SSSS	1340
	D	1111 DDDD DDDD DDDD:1100 0101 0011 1100	1257
0009EC	C53C F4E9	MOVFF SYSSYSINSTRINGHANDLER,AFSR0
	S	1111 DDDD DDDD DDDD:1100 SSSS SSSS SSSS	1341
	D	1111 DDDD DDDD DDDD:1100 0101 0011 1101	1258
0009F0	C53D F4EA	MOVFF SYSSYSINSTRINGHANDLER_H,AFSR0_H
	S	1111 DDDD DDDD DDDD:1100 SSSS SSSS SSSS	1262
	D	1111 DDDD DDDD DDDD:1100 0100 1110 1110	1312
0009F4	C4EE F520	MOVFF POSTINC0,SYSARRAYTEMP1
	S	0000 0000 0110 SSSS:1111 SSSS SSSS SSDD:1111 DDDD DDDD DDDD	1312
	D	0000 0000 0110 0001:1111 0100 1000 00DD:1111 DDDD DDDD DDDD	5082
0009F8	0061 F481 F3DA	MOVFFL SYSARRAYTEMP1,SYSPAD_0
		ENDIF20
	K	 0000 0001 00KK KKKK	0
000000	0100	BANKSEL 0
	S	 0000 0000 0001 001S	0
000A00	0012	RETURN


		PWMOFF26
	K	 0000 0001 00KK KKKK	3
000000	0103	BANKSEL CCP1CON
	F	 0110 101A FFFF FFFF	834
	A	 0110 101A 0100 0010	1
000A04	6B42	CLRF CCP1CON,BANKED
	K	 0000 0001 00KK KKKK	0
000000	0100	BANKSEL 0
	S	 0000 0000 0001 001S	0
000A08	0012	RETURN


		PWMON23
	S	1111 DDDD DDDD DDDD:1100 SSSS SSSS SSSS	1294
	D	1111 DDDD DDDD DDDD:1100 0101 0000 1110	834
000A0A	C50E F342	MOVFF CCPCONCACHE,CCP1CON
	S	 0000 0000 0001 001S	0
000A0E	0012	RETURN


		SHOWDETAILS
	F	1110 1110 00FF KKKK:1111 00KK KKKK KKKK	1
	K	1110 1110 0001 KKKK:1111 00KK KKKK KKKK	5164
000A10	EE15 F02C	LFSR 1,SYSSTRINGPARAM3
	K	 0000 1110 KKKK KKKK	134
000A14	0E86	MOVLW LOW STRINGTABLE27
	F	 0110 111A FFFF FFFF	1270
	A	 0110 111A 1111 0110	0
000A16	6EF6	MOVWF TBLPTRL,ACCESS
	K	 0000 1110 KKKK KKKK	34
000A18	0E22	MOVLW HIGH STRINGTABLE27
	F	 0110 111A FFFF FFFF	1271
	A	 0110 111A 1111 0111	0
000A1A	6EF7	MOVWF TBLPTRH,ACCESS
	K	 0000 1110 KKKK KKKK	0
000A1C	0E00	MOVLW UPPER STRINGTABLE27
	F	 0110 111A FFFF FFFF	1272
	A	 0110 111A 1111 1000	0
000A1E	6EF8	MOVWF TBLPTRU,ACCESS
	K	1111 KKKK KKKK KKKK:1110 110S KKKK KKKK	7560
	S	1111 0000 0000 1110:1110 110S 1100 0100	0
000A20	ECC4 F00E	CALL SYSREADSTRING
	K	 0000 1110 KKKK KKKK	44
000A24	0E2C	MOVLW LOW SYSSTRINGPARAM3
	F	 0110 111A FFFF FFFF	1328
	A	 0110 111A 0011 0000	0
000A26	6E30	MOVWF SYSPRINTDATAHANDLER,ACCESS
	K	 0000 1110 KKKK KKKK	20
000A28	0E14	MOVLW HIGH SYSSTRINGPARAM3
	F	 0110 111A FFFF FFFF	1329
	A	 0110 111A 0011 0001	0
000A2A	6E31	MOVWF SYSPRINTDATAHANDLER_H,ACCESS
	K	 0000 1110 KKKK KKKK	1
000A2C	0E01	MOVLW 1
	F	 0110 111A FFFF FFFF	1295
	A	 0110 111A 0000 1111	0
000A2E	6E0F	MOVWF COMPORT,ACCESS
	N	 1101 1NNN NNNN NNNN	1654
000A30	DE76	RCALL HSERPRINT359
	K	 0000 1110 KKKK KKKK	1
000A32	0E01	MOVLW 1
	F	 0110 111A FFFF FFFF	1296
	A	 0110 111A 0001 0000	0
000A34	6E10	MOVWF HSERPRINTCRLFCOUNT,ACCESS
	K	 0000 1110 KKKK KKKK	1
000A36	0E01	MOVLW 1
	F	 0110 111A FFFF FFFF	1295
	A	 0110 111A 0000 1111	0
000A38	6E0F	MOVWF COMPORT,ACCESS
	N	 1101 1NNN NNNN NNNN	1734
000A3A	DEC6	RCALL HSERPRINTCRLF
	F	1110 1110 00FF KKKK:1111 00KK KKKK KKKK	1
	K	1110 1110 0001 KKKK:1111 00KK KKKK KKKK	5164
000A3C	EE15 F02C	LFSR 1,SYSSTRINGPARAM3
	K	 0000 1110 KKKK KKKK	144
000A40	0E90	MOVLW LOW STRINGTABLE28
	F	 0110 111A FFFF FFFF	1270
	A	 0110 111A 1111 0110	0
000A42	6EF6	MOVWF TBLPTRL,ACCESS
	K	 0000 1110 KKKK KKKK	34
000A44	0E22	MOVLW HIGH STRINGTABLE28
	F	 0110 111A FFFF FFFF	1271
	A	 0110 111A 1111 0111	0
000A46	6EF7	MOVWF TBLPTRH,ACCESS
	K	 0000 1110 KKKK KKKK	0
000A48	0E00	MOVLW UPPER STRINGTABLE28
	F	 0110 111A FFFF FFFF	1272
	A	 0110 111A 1111 1000	0
000A4A	6EF8	MOVWF TBLPTRU,ACCESS
	K	1111 KKKK KKKK KKKK:1110 110S KKKK KKKK	7560
	S	1111 0000 0000 1110:1110 110S 1100 0100	0
000A4C	ECC4 F00E	CALL SYSREADSTRING
	K	 0000 1110 KKKK KKKK	44
000A50	0E2C	MOVLW LOW SYSSTRINGPARAM3
	F	 0110 111A FFFF FFFF	1328
	A	 0110 111A 0011 0000	0
000A52	6E30	MOVWF SYSPRINTDATAHANDLER,ACCESS
	K	 0000 1110 KKKK KKKK	20
000A54	0E14	MOVLW HIGH SYSSTRINGPARAM3
	F	 0110 111A FFFF FFFF	1329
	A	 0110 111A 0011 0001	0
000A56	6E31	MOVWF SYSPRINTDATAHANDLER_H,ACCESS
	K	 0000 1110 KKKK KKKK	1
000A58	0E01	MOVLW 1
	F	 0110 111A FFFF FFFF	1295
	A	 0110 111A 0000 1111	0
000A5A	6E0F	MOVWF COMPORT,ACCESS
	N	 1101 1NNN NNNN NNNN	1632
000A5C	DE60	RCALL HSERPRINT359
	K	 0000 1110 KKKK KKKK	38
000A5E	0E26	MOVLW 38
	F	 0110 111A FFFF FFFF	1310
	A	 0110 111A 0001 1110	0
000A60	6E1E	MOVWF SERPRINTVAL,ACCESS
	K	 0000 1110 KKKK KKKK	1
000A62	0E01	MOVLW 1
	F	 0110 111A FFFF FFFF	1295
	A	 0110 111A 0000 1111	0
000A64	6E0F	MOVWF COMPORT,ACCESS
	N	 1101 1NNN NNNN NNNN	1656
000A66	DE78	RCALL HSERPRINT361
	K	 0000 1110 KKKK KKKK	1
000A68	0E01	MOVLW 1
	F	 0110 111A FFFF FFFF	1296
	A	 0110 111A 0001 0000	0
000A6A	6E10	MOVWF HSERPRINTCRLFCOUNT,ACCESS
	K	 0000 1110 KKKK KKKK	1
000A6C	0E01	MOVLW 1
	F	 0110 111A FFFF FFFF	1295
	A	 0110 111A 0000 1111	0
000A6E	6E0F	MOVWF COMPORT,ACCESS
	N	 1101 1NNN NNNN NNNN	1707
000A70	DEAB	RCALL HSERPRINTCRLF
	F	1110 1110 00FF KKKK:1111 00KK KKKK KKKK	1
	K	1110 1110 0001 KKKK:1111 00KK KKKK KKKK	5164
000A72	EE15 F02C	LFSR 1,SYSSTRINGPARAM3
	K	 0000 1110 KKKK KKKK	162
000A76	0EA2	MOVLW LOW STRINGTABLE29
	F	 0110 111A FFFF FFFF	1270
	A	 0110 111A 1111 0110	0
000A78	6EF6	MOVWF TBLPTRL,ACCESS
	K	 0000 1110 KKKK KKKK	34
000A7A	0E22	MOVLW HIGH STRINGTABLE29
	F	 0110 111A FFFF FFFF	1271
	A	 0110 111A 1111 0111	0
000A7C	6EF7	MOVWF TBLPTRH,ACCESS
	K	 0000 1110 KKKK KKKK	0
000A7E	0E00	MOVLW UPPER STRINGTABLE29
	F	 0110 111A FFFF FFFF	1272
	A	 0110 111A 1111 1000	0
000A80	6EF8	MOVWF TBLPTRU,ACCESS
	K	1111 KKKK KKKK KKKK:1110 110S KKKK KKKK	7560
	S	1111 0000 0000 1110:1110 110S 1100 0100	0
000A82	ECC4 F00E	CALL SYSREADSTRING
	K	 0000 1110 KKKK KKKK	44
000A86	0E2C	MOVLW LOW SYSSTRINGPARAM3
	F	 0110 111A FFFF FFFF	1328
	A	 0110 111A 0011 0000	0
000A88	6E30	MOVWF SYSPRINTDATAHANDLER,ACCESS
	K	 0000 1110 KKKK KKKK	20
000A8A	0E14	MOVLW HIGH SYSSTRINGPARAM3
	F	 0110 111A FFFF FFFF	1329
	A	 0110 111A 0011 0001	0
000A8C	6E31	MOVWF SYSPRINTDATAHANDLER_H,ACCESS
	K	 0000 1110 KKKK KKKK	1
000A8E	0E01	MOVLW 1
	F	 0110 111A FFFF FFFF	1295
	A	 0110 111A 0000 1111	0
000A90	6E0F	MOVWF COMPORT,ACCESS
	N	 1101 1NNN NNNN NNNN	1605
000A92	DE45	RCALL HSERPRINT359
	K	 0000 1110 KKKK KKKK	50
000A94	0E32	MOVLW 50
	F	 0110 111A FFFF FFFF	1310
	A	 0110 111A 0001 1110	0
000A96	6E1E	MOVWF SERPRINTVAL,ACCESS
	K	 0000 1110 KKKK KKKK	1
000A98	0E01	MOVLW 1
	F	 0110 111A FFFF FFFF	1295
	A	 0110 111A 0000 1111	0
000A9A	6E0F	MOVWF COMPORT,ACCESS
	N	 1101 1NNN NNNN NNNN	1629
000A9C	DE5D	RCALL HSERPRINT361
	K	 0000 1110 KKKK KKKK	1
000A9E	0E01	MOVLW 1
	F	 0110 111A FFFF FFFF	1296
	A	 0110 111A 0001 0000	0
000AA0	6E10	MOVWF HSERPRINTCRLFCOUNT,ACCESS
	K	 0000 1110 KKKK KKKK	1
000AA2	0E01	MOVLW 1
	F	 0110 111A FFFF FFFF	1295
	A	 0110 111A 0000 1111	0
000AA4	6E0F	MOVWF COMPORT,ACCESS
	N	 1101 1NNN NNNN NNNN	1680
000AA6	DE90	RCALL HSERPRINTCRLF
	F	1110 1110 00FF KKKK:1111 00KK KKKK KKKK	1
	K	1110 1110 0001 KKKK:1111 00KK KKKK KKKK	5164
000AA8	EE15 F02C	LFSR 1,SYSSTRINGPARAM3
	K	 0000 1110 KKKK KKKK	180
000AAC	0EB4	MOVLW LOW STRINGTABLE30
	F	 0110 111A FFFF FFFF	1270
	A	 0110 111A 1111 0110	0
000AAE	6EF6	MOVWF TBLPTRL,ACCESS
	K	 0000 1110 KKKK KKKK	34
000AB0	0E22	MOVLW HIGH STRINGTABLE30
	F	 0110 111A FFFF FFFF	1271
	A	 0110 111A 1111 0111	0
000AB2	6EF7	MOVWF TBLPTRH,ACCESS
	K	 0000 1110 KKKK KKKK	0
000AB4	0E00	MOVLW UPPER STRINGTABLE30
	F	 0110 111A FFFF FFFF	1272
	A	 0110 111A 1111 1000	0
000AB6	6EF8	MOVWF TBLPTRU,ACCESS
	K	1111 KKKK KKKK KKKK:1110 110S KKKK KKKK	7560
	S	1111 0000 0000 1110:1110 110S 1100 0100	0
000AB8	ECC4 F00E	CALL SYSREADSTRING
	K	 0000 1110 KKKK KKKK	44
000ABC	0E2C	MOVLW LOW SYSSTRINGPARAM3
	F	 0110 111A FFFF FFFF	1328
	A	 0110 111A 0011 0000	0
000ABE	6E30	MOVWF SYSPRINTDATAHANDLER,ACCESS
	K	 0000 1110 KKKK KKKK	20
000AC0	0E14	MOVLW HIGH SYSSTRINGPARAM3
	F	 0110 111A FFFF FFFF	1329
	A	 0110 111A 0011 0001	0
000AC2	6E31	MOVWF SYSPRINTDATAHANDLER_H,ACCESS
	K	 0000 1110 KKKK KKKK	1
000AC4	0E01	MOVLW 1
	F	 0110 111A FFFF FFFF	1295
	A	 0110 111A 0000 1111	0
000AC6	6E0F	MOVWF COMPORT,ACCESS
	N	 1101 1NNN NNNN NNNN	1578
000AC8	DE2A	RCALL HSERPRINT359
	F	 0110 100A FFFF FFFF	1310
	A	 0110 100A 0001 1110	0
000ACA	681E	SETF SERPRINTVAL,ACCESS
	K	 0000 1110 KKKK KKKK	1
000ACC	0E01	MOVLW 1
	F	 0110 111A FFFF FFFF	1295
	A	 0110 111A 0000 1111	0
000ACE	6E0F	MOVWF COMPORT,ACCESS
	N	 1101 1NNN NNNN NNNN	1603
000AD0	DE43	RCALL HSERPRINT361
	K	 0000 1110 KKKK KKKK	1
000AD2	0E01	MOVLW 1
	F	 0110 111A FFFF FFFF	1296
	A	 0110 111A 0001 0000	0
000AD4	6E10	MOVWF HSERPRINTCRLFCOUNT,ACCESS
	K	 0000 1110 KKKK KKKK	1
000AD6	0E01	MOVLW 1
	F	 0110 111A FFFF FFFF	1295
	A	 0110 111A 0000 1111	0
000AD8	6E0F	MOVWF COMPORT,ACCESS
	N	 1101 1NNN NNNN NNNN	1654
000ADA	DE76	RCALL HSERPRINTCRLF
	F	1110 1110 00FF KKKK:1111 00KK KKKK KKKK	1
	K	1110 1110 0001 KKKK:1111 00KK KKKK KKKK	5164
000ADC	EE15 F02C	LFSR 1,SYSSTRINGPARAM3
	K	 0000 1110 KKKK KKKK	198
000AE0	0EC6	MOVLW LOW STRINGTABLE31
	F	 0110 111A FFFF FFFF	1270
	A	 0110 111A 1111 0110	0
000AE2	6EF6	MOVWF TBLPTRL,ACCESS
	K	 0000 1110 KKKK KKKK	34
000AE4	0E22	MOVLW HIGH STRINGTABLE31
	F	 0110 111A FFFF FFFF	1271
	A	 0110 111A 1111 0111	0
000AE6	6EF7	MOVWF TBLPTRH,ACCESS
	K	 0000 1110 KKKK KKKK	0
000AE8	0E00	MOVLW UPPER STRINGTABLE31
	F	 0110 111A FFFF FFFF	1272
	A	 0110 111A 1111 1000	0
000AEA	6EF8	MOVWF TBLPTRU,ACCESS
	K	1111 KKKK KKKK KKKK:1110 110S KKKK KKKK	7560
	S	1111 0000 0000 1110:1110 110S 1100 0100	0
000AEC	ECC4 F00E	CALL SYSREADSTRING
	K	 0000 1110 KKKK KKKK	44
000AF0	0E2C	MOVLW LOW SYSSTRINGPARAM3
	F	 0110 111A FFFF FFFF	1328
	A	 0110 111A 0011 0000	0
000AF2	6E30	MOVWF SYSPRINTDATAHANDLER,ACCESS
	K	 0000 1110 KKKK KKKK	20
000AF4	0E14	MOVLW HIGH SYSSTRINGPARAM3
	F	 0110 111A FFFF FFFF	1329
	A	 0110 111A 0011 0001	0
000AF6	6E31	MOVWF SYSPRINTDATAHANDLER_H,ACCESS
	K	 0000 1110 KKKK KKKK	1
000AF8	0E01	MOVLW 1
	F	 0110 111A FFFF FFFF	1295
	A	 0110 111A 0000 1111	0
000AFA	6E0F	MOVWF COMPORT,ACCESS
	N	 1101 1NNN NNNN NNNN	1552
000AFC	DE10	RCALL HSERPRINT359
	F	 0110 100A FFFF FFFF	1310
	A	 0110 100A 0001 1110	0
000AFE	681E	SETF SERPRINTVAL,ACCESS
	K	 0000 1110 KKKK KKKK	1
000B00	0E01	MOVLW 1
	F	 0110 111A FFFF FFFF	1295
	A	 0110 111A 0000 1111	0
000B02	6E0F	MOVWF COMPORT,ACCESS
	N	 1101 1NNN NNNN NNNN	1577
000B04	DE29	RCALL HSERPRINT361
	K	 0000 1110 KKKK KKKK	1
000B06	0E01	MOVLW 1
	F	 0110 111A FFFF FFFF	1296
	A	 0110 111A 0001 0000	0
000B08	6E10	MOVWF HSERPRINTCRLFCOUNT,ACCESS
	K	 0000 1110 KKKK KKKK	1
000B0A	0E01	MOVLW 1
	F	 0110 111A FFFF FFFF	1295
	A	 0110 111A 0000 1111	0
000B0C	6E0F	MOVWF COMPORT,ACCESS
	N	 1101 1NNN NNNN NNNN	1628
000B0E	DE5C	RCALL HSERPRINTCRLF
	K	 0000 1110 KKKK KKKK	1
000B10	0E01	MOVLW 1
	F	 0110 111A FFFF FFFF	1296
	A	 0110 111A 0001 0000	0
000B12	6E10	MOVWF HSERPRINTCRLFCOUNT,ACCESS
	K	 0000 1110 KKKK KKKK	1
000B14	0E01	MOVLW 1
	F	 0110 111A FFFF FFFF	1295
	A	 0110 111A 0000 1111	0
000B16	6E0F	MOVWF COMPORT,ACCESS
	N	 1101 1NNN NNNN NNNN	1623
000B18	DE57	RCALL HSERPRINTCRLF
	F	1110 1110 00FF KKKK:1111 00KK KKKK KKKK	1
	K	1110 1110 0001 KKKK:1111 00KK KKKK KKKK	5164
000B1A	EE15 F02C	LFSR 1,SYSSTRINGPARAM3
	K	 0000 1110 KKKK KKKK	216
000B1E	0ED8	MOVLW LOW STRINGTABLE33
	F	 0110 111A FFFF FFFF	1270
	A	 0110 111A 1111 0110	0
000B20	6EF6	MOVWF TBLPTRL,ACCESS
	K	 0000 1110 KKKK KKKK	34
000B22	0E22	MOVLW HIGH STRINGTABLE33
	F	 0110 111A FFFF FFFF	1271
	A	 0110 111A 1111 0111	0
000B24	6EF7	MOVWF TBLPTRH,ACCESS
	K	 0000 1110 KKKK KKKK	0
000B26	0E00	MOVLW UPPER STRINGTABLE33
	F	 0110 111A FFFF FFFF	1272
	A	 0110 111A 1111 1000	0
000B28	6EF8	MOVWF TBLPTRU,ACCESS
	K	1111 KKKK KKKK KKKK:1110 110S KKKK KKKK	7560
	S	1111 0000 0000 1110:1110 110S 1100 0100	0
000B2A	ECC4 F00E	CALL SYSREADSTRING
	K	 0000 1110 KKKK KKKK	44
000B2E	0E2C	MOVLW LOW SYSSTRINGPARAM3
	F	 0110 111A FFFF FFFF	1328
	A	 0110 111A 0011 0000	0
000B30	6E30	MOVWF SYSPRINTDATAHANDLER,ACCESS
	K	 0000 1110 KKKK KKKK	20
000B32	0E14	MOVLW HIGH SYSSTRINGPARAM3
	F	 0110 111A FFFF FFFF	1329
	A	 0110 111A 0011 0001	0
000B34	6E31	MOVWF SYSPRINTDATAHANDLER_H,ACCESS
	K	 0000 1110 KKKK KKKK	1
000B36	0E01	MOVLW 1
	F	 0110 111A FFFF FFFF	1295
	A	 0110 111A 0000 1111	0
000B38	6E0F	MOVWF COMPORT,ACCESS
	N	 1101 1NNN NNNN NNNN	1521
000B3A	DDF1	RCALL HSERPRINT359
	K	 0000 1110 KKKK KKKK	1
000B3C	0E01	MOVLW 1
	F	 0110 111A FFFF FFFF	1296
	A	 0110 111A 0001 0000	0
000B3E	6E10	MOVWF HSERPRINTCRLFCOUNT,ACCESS
	K	 0000 1110 KKKK KKKK	1
000B40	0E01	MOVLW 1
	F	 0110 111A FFFF FFFF	1295
	A	 0110 111A 0000 1111	0
000B42	6E0F	MOVWF COMPORT,ACCESS
	N	 1101 1NNN NNNN NNNN	1601
000B44	DE41	RCALL HSERPRINTCRLF
	F	1110 1110 00FF KKKK:1111 00KK KKKK KKKK	1
	K	1110 1110 0001 KKKK:1111 00KK KKKK KKKK	5164
000B46	EE15 F02C	LFSR 1,SYSSTRINGPARAM3
	F	 0110 101A FFFF FFFF	1286
	A	 0110 101A 0000 0110	0
000B4A	6A06	CLRF SYSSTRINGLENGTH,ACCESS
	K	 0000 1110 KKKK KKKK	142
000B4C	0E8E	MOVLW LOW STRINGTABLE58
	F	 0110 111A FFFF FFFF	1270
	A	 0110 111A 1111 0110	0
000B4E	6EF6	MOVWF TBLPTRL,ACCESS
	K	 0000 1110 KKKK KKKK	36
000B50	0E24	MOVLW HIGH STRINGTABLE58
	F	 0110 111A FFFF FFFF	1271
	A	 0110 111A 1111 0111	0
000B52	6EF7	MOVWF TBLPTRH,ACCESS
	K	 0000 1110 KKKK KKKK	0
000B54	0E00	MOVLW UPPER STRINGTABLE58
	F	 0110 111A FFFF FFFF	1272
	A	 0110 111A 1111 1000	0
000B56	6EF8	MOVWF TBLPTRU,ACCESS
	K	1111 KKKK KKKK KKKK:1110 110S KKKK KKKK	7572
	S	1111 0000 0000 1110:1110 110S 1100 1010	0
000B58	ECCA F00E	CALL SYSREADSTRINGPART
	K	 0000 1110 KKKK KKKK	226
000B5C	0EE2	MOVLW LOW STRINGTABLE34
	F	 0110 111A FFFF FFFF	1270
	A	 0110 111A 1111 0110	0
000B5E	6EF6	MOVWF TBLPTRL,ACCESS
	K	 0000 1110 KKKK KKKK	34
000B60	0E22	MOVLW HIGH STRINGTABLE34
	F	 0110 111A FFFF FFFF	1271
	A	 0110 111A 1111 0111	0
000B62	6EF7	MOVWF TBLPTRH,ACCESS
	K	 0000 1110 KKKK KKKK	0
000B64	0E00	MOVLW UPPER STRINGTABLE34
	F	 0110 111A FFFF FFFF	1272
	A	 0110 111A 1111 1000	0
000B66	6EF8	MOVWF TBLPTRU,ACCESS
	K	1111 KKKK KKKK KKKK:1110 110S KKKK KKKK	7572
	S	1111 0000 0000 1110:1110 110S 1100 1010	0
000B68	ECCA F00E	CALL SYSREADSTRINGPART
	K	 0000 1110 KKKK KKKK	146
000B6C	0E92	MOVLW LOW STRINGTABLE59
	F	 0110 111A FFFF FFFF	1270
	A	 0110 111A 1111 0110	0
000B6E	6EF6	MOVWF TBLPTRL,ACCESS
	K	 0000 1110 KKKK KKKK	36
000B70	0E24	MOVLW HIGH STRINGTABLE59
	F	 0110 111A FFFF FFFF	1271
	A	 0110 111A 1111 0111	0
000B72	6EF7	MOVWF TBLPTRH,ACCESS
	K	 0000 1110 KKKK KKKK	0
000B74	0E00	MOVLW UPPER STRINGTABLE59
	F	 0110 111A FFFF FFFF	1272
	A	 0110 111A 1111 1000	0
000B76	6EF8	MOVWF TBLPTRU,ACCESS
	K	1111 KKKK KKKK KKKK:1110 110S KKKK KKKK	7572
	S	1111 0000 0000 1110:1110 110S 1100 1010	0
000B78	ECCA F00E	CALL SYSREADSTRINGPART
	F	1110 1110 00FF KKKK:1111 00KK KKKK KKKK	0
	K	1110 1110 0000 KKKK:1111 00KK KKKK KKKK	5164
000B7C	EE05 F02C	LFSR 0,SYSSTRINGPARAM3
	S	1111 DDDD DDDD DDDD:1100 SSSS SSSS SSSS	1286
	D	1111 DDDD DDDD DDDD:1100 0101 0000 0110	1263
000B80	C506 F4EF	MOVFF SYSSTRINGLENGTH, INDF0
	K	 0000 1110 KKKK KKKK	44
000B84	0E2C	MOVLW LOW SYSSTRINGPARAM3
	F	 0110 111A FFFF FFFF	1328
	A	 0110 111A 0011 0000	0
000B86	6E30	MOVWF SYSPRINTDATAHANDLER,ACCESS
	K	 0000 1110 KKKK KKKK	20
000B88	0E14	MOVLW HIGH SYSSTRINGPARAM3
	F	 0110 111A FFFF FFFF	1329
	A	 0110 111A 0011 0001	0
000B8A	6E31	MOVWF SYSPRINTDATAHANDLER_H,ACCESS
	K	 0000 1110 KKKK KKKK	1
000B8C	0E01	MOVLW 1
	F	 0110 111A FFFF FFFF	1295
	A	 0110 111A 0000 1111	0
000B8E	6E0F	MOVWF COMPORT,ACCESS
	N	 1101 1NNN NNNN NNNN	1478
000B90	DDC6	RCALL HSERPRINT359
	S	1111 DDDD DDDD DDDD:1100 SSSS SSSS SSSS	834
	D	1111 DDDD DDDD DDDD:1100 0011 0100 0010	1293
000B92	C342 F50D	MOVFF CCP1CON,BYTENUM
	N	 1101 1NNN NNNN NNNN	1181
000B96	DC9D	RCALL FN_BYTETOBIN
	K	 0000 1110 KKKK KKKK	209
000B98	0ED1	MOVLW LOW BYTETOBIN
	F	 0110 111A FFFF FFFF	1328
	A	 0110 111A 0011 0000	0
000B9A	6E30	MOVWF SYSPRINTDATAHANDLER,ACCESS
	K	 0000 1110 KKKK KKKK	19
000B9C	0E13	MOVLW HIGH BYTETOBIN
	F	 0110 111A FFFF FFFF	1329
	A	 0110 111A 0011 0001	0
000B9E	6E31	MOVWF SYSPRINTDATAHANDLER_H,ACCESS
	K	 0000 1110 KKKK KKKK	1
000BA0	0E01	MOVLW 1
	F	 0110 111A FFFF FFFF	1295
	A	 0110 111A 0000 1111	0
000BA2	6E0F	MOVWF COMPORT,ACCESS
	N	 1101 1NNN NNNN NNNN	1468
000BA4	DDBC	RCALL HSERPRINT359
	S	1111 DDDD DDDD DDDD:1100 SSSS SSSS SSSS	834
	D	1111 DDDD DDDD DDDD:1100 0011 0100 0010	1347
000BA6	C342 F543	MOVFF CCP1CON,SYSVALTEMP
	K	1111 KKKK KKKK KKKK:1110 110S KKKK KKKK	9382
	S	1111 0000 0001 0010:1110 110S 0101 0011	0
000BAA	EC53 F012	CALL FN__HEXPICAS
	F	1110 1110 00FF KKKK:1111 00KK KKKK KKKK	1
	K	1110 1110 0001 KKKK:1111 00KK KKKK KKKK	5164
000BAE	EE15 F02C	LFSR 1,SYSSTRINGPARAM3
	F	 0110 101A FFFF FFFF	1286
	A	 0110 101A 0000 0110	0
000BB2	6A06	CLRF SYSSTRINGLENGTH,ACCESS
	K	 0000 1110 KKKK KKKK	150
000BB4	0E96	MOVLW LOW STRINGTABLE60
	F	 0110 111A FFFF FFFF	1270
	A	 0110 111A 1111 0110	0
000BB6	6EF6	MOVWF TBLPTRL,ACCESS
	K	 0000 1110 KKKK KKKK	36
000BB8	0E24	MOVLW HIGH STRINGTABLE60
	F	 0110 111A FFFF FFFF	1271
	A	 0110 111A 1111 0111	0
000BBA	6EF7	MOVWF TBLPTRH,ACCESS
	K	 0000 1110 KKKK KKKK	0
000BBC	0E00	MOVLW UPPER STRINGTABLE60
	F	 0110 111A FFFF FFFF	1272
	A	 0110 111A 1111 1000	0
000BBE	6EF8	MOVWF TBLPTRU,ACCESS
	K	1111 KKKK KKKK KKKK:1110 110S KKKK KKKK	7572
	S	1111 0000 0000 1110:1110 110S 1100 1010	0
000BC0	ECCA F00E	CALL SYSREADSTRINGPART
	F	1110 1110 00FF KKKK:1111 00KK KKKK KKKK	0
	K	1110 1110 0000 KKKK:1111 00KK KKKK KKKK	5063
000BC4	EE04 F3C7	LFSR 0,_HEXPICAS
	K	1111 KKKK KKKK KKKK:1110 110S KKKK KKKK	7086
	S	1111 0000 0000 1101:1110 110S 1101 0111	0
000BC8	ECD7 F00D	CALL SYSCOPYSTRINGPART
	F	1110 1110 00FF KKKK:1111 00KK KKKK KKKK	0
	K	1110 1110 0000 KKKK:1111 00KK KKKK KKKK	5164
000BCC	EE05 F02C	LFSR 0,SYSSTRINGPARAM3
	S	1111 DDDD DDDD DDDD:1100 SSSS SSSS SSSS	1286
	D	1111 DDDD DDDD DDDD:1100 0101 0000 0110	1263
000BD0	C506 F4EF	MOVFF SYSSTRINGLENGTH, INDF0
	K	 0000 1110 KKKK KKKK	44
000BD4	0E2C	MOVLW LOW SYSSTRINGPARAM3
	F	 0110 111A FFFF FFFF	1328
	A	 0110 111A 0011 0000	0
000BD6	6E30	MOVWF SYSPRINTDATAHANDLER,ACCESS
	K	 0000 1110 KKKK KKKK	20
000BD8	0E14	MOVLW HIGH SYSSTRINGPARAM3
	F	 0110 111A FFFF FFFF	1329
	A	 0110 111A 0011 0001	0
000BDA	6E31	MOVWF SYSPRINTDATAHANDLER_H,ACCESS
	K	 0000 1110 KKKK KKKK	1
000BDC	0E01	MOVLW 1
	F	 0110 111A FFFF FFFF	1295
	A	 0110 111A 0000 1111	0
000BDE	6E0F	MOVWF COMPORT,ACCESS
	N	 1101 1NNN NNNN NNNN	1438
000BE0	DD9E	RCALL HSERPRINT359
	S	1111 DDDD DDDD DDDD:1100 SSSS SSSS SSSS	834
	D	1111 DDDD DDDD DDDD:1100 0011 0100 0010	1347
000BE2	C342 F543	MOVFF CCP1CON,SYSVALTEMP
	F	 0110 101A FFFF FFFF	1348
	A	 0110 101A 0100 0100	0
000BE6	6A44	CLRF SYSVALTEMP_H,ACCESS
	K	1111 KKKK KKKK KKKK:1110 110S KKKK KKKK	6614
	S	1111 0000 0000 1100:1110 110S 1110 1011	0
000BE8	ECEB F00C	CALL FN_STR
	K	 0000 1110 KKKK KKKK	203
000BEC	0ECB	MOVLW LOW STR
	F	 0110 111A FFFF FFFF	1340
	A	 0110 111A 0011 1100	0
000BEE	6E3C	MOVWF SYSSYSINSTRINGHANDLER,ACCESS
	K	 0000 1110 KKKK KKKK	19
000BF0	0E13	MOVLW HIGH STR
	F	 0110 111A FFFF FFFF	1341
	A	 0110 111A 0011 1101	0
000BF2	6E3D	MOVWF SYSSYSINSTRINGHANDLER_H,ACCESS
	K	 0000 1110 KKKK KKKK	10
000BF4	0E0A	MOVLW 10
	F	 0110 111A FFFF FFFF	1337
	A	 0110 111A 0011 1001	0
000BF6	6E39	MOVWF SYSSTRLEN,ACCESS
	F	1110 1110 00FF KKKK:1111 00KK KKKK KKKK	1
	K	1110 1110 0001 KKKK:1111 00KK KKKK KKKK	5164
000BF8	EE15 F02C	LFSR 1,SYSSTRINGPARAM3
	K	 0000 1110 KKKK KKKK	160
000BFC	0EA0	MOVLW LOW STRINGTABLE62
	F	 0110 111A FFFF FFFF	1270
	A	 0110 111A 1111 0110	0
000BFE	6EF6	MOVWF TBLPTRL,ACCESS
	K	 0000 1110 KKKK KKKK	36
000C00	0E24	MOVLW HIGH STRINGTABLE62
	F	 0110 111A FFFF FFFF	1271
	A	 0110 111A 1111 0111	0
000C02	6EF7	MOVWF TBLPTRH,ACCESS
	K	 0000 1110 KKKK KKKK	0
000C04	0E00	MOVLW UPPER STRINGTABLE62
	F	 0110 111A FFFF FFFF	1272
	A	 0110 111A 1111 1000	0
000C06	6EF8	MOVWF TBLPTRU,ACCESS
	K	1111 KKKK KKKK KKKK:1110 110S KKKK KKKK	7560
	S	1111 0000 0000 1110:1110 110S 1100 0100	0
000C08	ECC4 F00E	CALL SYSREADSTRING
	K	 0000 1110 KKKK KKKK	44
000C0C	0E2C	MOVLW LOW SYSSTRINGPARAM3
	F	 0110 111A FFFF FFFF	1338
	A	 0110 111A 0011 1010	0
000C0E	6E3A	MOVWF SYSSYSINSTRING3HANDLER,ACCESS
	K	 0000 1110 KKKK KKKK	20
000C10	0E14	MOVLW HIGH SYSSTRINGPARAM3
	F	 0110 111A FFFF FFFF	1339
	A	 0110 111A 0011 1011	0
000C12	6E3B	MOVWF SYSSYSINSTRING3HANDLER_H,ACCESS
	N	 1101 1NNN NNNN NNNN	1638
000C14	DE66	RCALL FN_PAD
	F	1110 1110 00FF KKKK:1111 00KK KKKK KKKK	1
	K	1110 1110 0001 KKKK:1111 00KK KKKK KKKK	5164
000C16	EE15 F02C	LFSR 1,SYSSTRINGPARAM3
	F	 0110 101A FFFF FFFF	1286
	A	 0110 101A 0000 0110	0
000C1A	6A06	CLRF SYSSTRINGLENGTH,ACCESS
	K	 0000 1110 KKKK KKKK	156
000C1C	0E9C	MOVLW LOW STRINGTABLE61
	F	 0110 111A FFFF FFFF	1270
	A	 0110 111A 1111 0110	0
000C1E	6EF6	MOVWF TBLPTRL,ACCESS
	K	 0000 1110 KKKK KKKK	36
000C20	0E24	MOVLW HIGH STRINGTABLE61
	F	 0110 111A FFFF FFFF	1271
	A	 0110 111A 1111 0111	0
000C22	6EF7	MOVWF TBLPTRH,ACCESS
	K	 0000 1110 KKKK KKKK	0
000C24	0E00	MOVLW UPPER STRINGTABLE61
	F	 0110 111A FFFF FFFF	1272
	A	 0110 111A 1111 1000	0
000C26	6EF8	MOVWF TBLPTRU,ACCESS
	K	1111 KKKK KKKK KKKK:1110 110S KKKK KKKK	7572
	S	1111 0000 0000 1110:1110 110S 1100 1010	0
000C28	ECCA F00E	CALL SYSREADSTRINGPART
	F	1110 1110 00FF KKKK:1111 00KK KKKK KKKK	0
	K	1110 1110 0000 KKKK:1111 00KK KKKK KKKK	5082
000C2C	EE04 F3DA	LFSR 0,PAD
	K	1111 KKKK KKKK KKKK:1110 110S KKKK KKKK	7086
	S	1111 0000 0000 1101:1110 110S 1101 0111	0
000C30	ECD7 F00D	CALL SYSCOPYSTRINGPART
	F	1110 1110 00FF KKKK:1111 00KK KKKK KKKK	0
	K	1110 1110 0000 KKKK:1111 00KK KKKK KKKK	5164
000C34	EE05 F02C	LFSR 0,SYSSTRINGPARAM3
	S	1111 DDDD DDDD DDDD:1100 SSSS SSSS SSSS	1286
	D	1111 DDDD DDDD DDDD:1100 0101 0000 0110	1263
000C38	C506 F4EF	MOVFF SYSSTRINGLENGTH, INDF0
	K	 0000 1110 KKKK KKKK	44
000C3C	0E2C	MOVLW LOW SYSSTRINGPARAM3
	F	 0110 111A FFFF FFFF	1328
	A	 0110 111A 0011 0000	0
000C3E	6E30	MOVWF SYSPRINTDATAHANDLER,ACCESS
	K	 0000 1110 KKKK KKKK	20
000C40	0E14	MOVLW HIGH SYSSTRINGPARAM3
	F	 0110 111A FFFF FFFF	1329
	A	 0110 111A 0011 0001	0
000C42	6E31	MOVWF SYSPRINTDATAHANDLER_H,ACCESS
	K	 0000 1110 KKKK KKKK	1
000C44	0E01	MOVLW 1
	F	 0110 111A FFFF FFFF	1295
	A	 0110 111A 0000 1111	0
000C46	6E0F	MOVWF COMPORT,ACCESS
	N	 1101 1NNN NNNN NNNN	1386
000C48	DD6A	RCALL HSERPRINT359
	K	 0000 1110 KKKK KKKK	9
000C4A	0E09	MOVLW 9
	F	 0110 111A FFFF FFFF	1314
	A	 0110 111A 0010 0010	0
000C4C	6E22	MOVWF SYSCHAR,ACCESS
	N	 1101 1NNN NNNN NNNN	1225
000C4E	DCC9	RCALL FN_CHR
	F	1110 1110 00FF KKKK:1111 00KK KKKK KKKK	1
	K	1110 1110 0001 KKKK:1111 00KK KKKK KKKK	5164
000C50	EE15 F02C	LFSR 1,SYSSTRINGPARAM3
	F	 0110 101A FFFF FFFF	1286
	A	 0110 101A 0000 0110	0
000C54	6A06	CLRF SYSSTRINGLENGTH,ACCESS
	F	1110 1110 00FF KKKK:1111 00KK KKKK KKKK	0
	K	1110 1110 0000 KKKK:1111 00KK KKKK KKKK	5123
000C56	EE05 F003	LFSR 0,CHR
	K	1111 KKKK KKKK KKKK:1110 110S KKKK KKKK	7086
	S	1111 0000 0000 1101:1110 110S 1101 0111	0
000C5A	ECD7 F00D	CALL SYSCOPYSTRINGPART
	K	 0000 1110 KKKK KKKK	240
000C5E	0EF0	MOVLW LOW STRINGTABLE35
	F	 0110 111A FFFF FFFF	1270
	A	 0110 111A 1111 0110	0
000C60	6EF6	MOVWF TBLPTRL,ACCESS
	K	 0000 1110 KKKK KKKK	34
000C62	0E22	MOVLW HIGH STRINGTABLE35
	F	 0110 111A FFFF FFFF	1271
	A	 0110 111A 1111 0111	0
000C64	6EF7	MOVWF TBLPTRH,ACCESS
	K	 0000 1110 KKKK KKKK	0
000C66	0E00	MOVLW UPPER STRINGTABLE35
	F	 0110 111A FFFF FFFF	1272
	A	 0110 111A 1111 1000	0
000C68	6EF8	MOVWF TBLPTRU,ACCESS
	K	1111 KKKK KKKK KKKK:1110 110S KKKK KKKK	7572
	S	1111 0000 0000 1110:1110 110S 1100 1010	0
000C6A	ECCA F00E	CALL SYSREADSTRINGPART
	F	1110 1110 00FF KKKK:1111 00KK KKKK KKKK	0
	K	1110 1110 0000 KKKK:1111 00KK KKKK KKKK	5164
000C6E	EE05 F02C	LFSR 0,SYSSTRINGPARAM3
	S	1111 DDDD DDDD DDDD:1100 SSSS SSSS SSSS	1286
	D	1111 DDDD DDDD DDDD:1100 0101 0000 0110	1263
000C72	C506 F4EF	MOVFF SYSSTRINGLENGTH, INDF0
	K	 0000 1110 KKKK KKKK	44
000C76	0E2C	MOVLW LOW SYSSTRINGPARAM3
	F	 0110 111A FFFF FFFF	1328
	A	 0110 111A 0011 0000	0
000C78	6E30	MOVWF SYSPRINTDATAHANDLER,ACCESS
	K	 0000 1110 KKKK KKKK	20
000C7A	0E14	MOVLW HIGH SYSSTRINGPARAM3
	F	 0110 111A FFFF FFFF	1329
	A	 0110 111A 0011 0001	0
000C7C	6E31	MOVWF SYSPRINTDATAHANDLER_H,ACCESS
	K	 0000 1110 KKKK KKKK	1
000C7E	0E01	MOVLW 1
	F	 0110 111A FFFF FFFF	1295
	A	 0110 111A 0000 1111	0
000C80	6E0F	MOVWF COMPORT,ACCESS
	N	 1101 1NNN NNNN NNNN	1357
000C82	DD4D	RCALL HSERPRINT359
	K	 0000 1110 KKKK KKKK	1
000C84	0E01	MOVLW 1
	F	 0110 111A FFFF FFFF	1296
	A	 0110 111A 0001 0000	0
000C86	6E10	MOVWF HSERPRINTCRLFCOUNT,ACCESS
	K	 0000 1110 KKKK KKKK	1
000C88	0E01	MOVLW 1
	F	 0110 111A FFFF FFFF	1295
	A	 0110 111A 0000 1111	0
000C8A	6E0F	MOVWF COMPORT,ACCESS
	N	 1101 1NNN NNNN NNNN	1437
000C8C	DD9D	RCALL HSERPRINTCRLF
	F	1110 1110 00FF KKKK:1111 00KK KKKK KKKK	1
	K	1110 1110 0001 KKKK:1111 00KK KKKK KKKK	5164
000C8E	EE15 F02C	LFSR 1,SYSSTRINGPARAM3
	F	 0110 101A FFFF FFFF	1286
	A	 0110 101A 0000 0110	0
000C92	6A06	CLRF SYSSTRINGLENGTH,ACCESS
	K	 0000 1110 KKKK KKKK	142
000C94	0E8E	MOVLW LOW STRINGTABLE58
	F	 0110 111A FFFF FFFF	1270
	A	 0110 111A 1111 0110	0
000C96	6EF6	MOVWF TBLPTRL,ACCESS
	K	 0000 1110 KKKK KKKK	36
000C98	0E24	MOVLW HIGH STRINGTABLE58
	F	 0110 111A FFFF FFFF	1271
	A	 0110 111A 1111 0111	0
000C9A	6EF7	MOVWF TBLPTRH,ACCESS
	K	 0000 1110 KKKK KKKK	0
000C9C	0E00	MOVLW UPPER STRINGTABLE58
	F	 0110 111A FFFF FFFF	1272
	A	 0110 111A 1111 1000	0
000C9E	6EF8	MOVWF TBLPTRU,ACCESS
	K	1111 KKKK KKKK KKKK:1110 110S KKKK KKKK	7572
	S	1111 0000 0000 1110:1110 110S 1100 1010	0
000CA0	ECCA F00E	CALL SYSREADSTRINGPART
	K	 0000 1110 KKKK KKKK	6
000CA4	0E06	MOVLW LOW STRINGTABLE36
	F	 0110 111A FFFF FFFF	1270
	A	 0110 111A 1111 0110	0
000CA6	6EF6	MOVWF TBLPTRL,ACCESS
	K	 0000 1110 KKKK KKKK	35
000CA8	0E23	MOVLW HIGH STRINGTABLE36
	F	 0110 111A FFFF FFFF	1271
	A	 0110 111A 1111 0111	0
000CAA	6EF7	MOVWF TBLPTRH,ACCESS
	K	 0000 1110 KKKK KKKK	0
000CAC	0E00	MOVLW UPPER STRINGTABLE36
	F	 0110 111A FFFF FFFF	1272
	A	 0110 111A 1111 1000	0
000CAE	6EF8	MOVWF TBLPTRU,ACCESS
	K	1111 KKKK KKKK KKKK:1110 110S KKKK KKKK	7572
	S	1111 0000 0000 1110:1110 110S 1100 1010	0
000CB0	ECCA F00E	CALL SYSREADSTRINGPART
	K	 0000 1110 KKKK KKKK	146
000CB4	0E92	MOVLW LOW STRINGTABLE59
	F	 0110 111A FFFF FFFF	1270
	A	 0110 111A 1111 0110	0
000CB6	6EF6	MOVWF TBLPTRL,ACCESS
	K	 0000 1110 KKKK KKKK	36
000CB8	0E24	MOVLW HIGH STRINGTABLE59
	F	 0110 111A FFFF FFFF	1271
	A	 0110 111A 1111 0111	0
000CBA	6EF7	MOVWF TBLPTRH,ACCESS
	K	 0000 1110 KKKK KKKK	0
000CBC	0E00	MOVLW UPPER STRINGTABLE59
	F	 0110 111A FFFF FFFF	1272
	A	 0110 111A 1111 1000	0
000CBE	6EF8	MOVWF TBLPTRU,ACCESS
	K	1111 KKKK KKKK KKKK:1110 110S KKKK KKKK	7572
	S	1111 0000 0000 1110:1110 110S 1100 1010	0
000CC0	ECCA F00E	CALL SYSREADSTRINGPART
	F	1110 1110 00FF KKKK:1111 00KK KKKK KKKK	0
	K	1110 1110 0000 KKKK:1111 00KK KKKK KKKK	5164
000CC4	EE05 F02C	LFSR 0,SYSSTRINGPARAM3
	S	1111 DDDD DDDD DDDD:1100 SSSS SSSS SSSS	1286
	D	1111 DDDD DDDD DDDD:1100 0101 0000 0110	1263
000CC8	C506 F4EF	MOVFF SYSSTRINGLENGTH, INDF0
	K	 0000 1110 KKKK KKKK	44
000CCC	0E2C	MOVLW LOW SYSSTRINGPARAM3
	F	 0110 111A FFFF FFFF	1328
	A	 0110 111A 0011 0000	0
000CCE	6E30	MOVWF SYSPRINTDATAHANDLER,ACCESS
	K	 0000 1110 KKKK KKKK	20
000CD0	0E14	MOVLW HIGH SYSSTRINGPARAM3
	F	 0110 111A FFFF FFFF	1329
	A	 0110 111A 0011 0001	0
000CD2	6E31	MOVWF SYSPRINTDATAHANDLER_H,ACCESS
	K	 0000 1110 KKKK KKKK	1
000CD4	0E01	MOVLW 1
	F	 0110 111A FFFF FFFF	1295
	A	 0110 111A 0000 1111	0
000CD6	6E0F	MOVWF COMPORT,ACCESS
	N	 1101 1NNN NNNN NNNN	1314
000CD8	DD22	RCALL HSERPRINT359
	S	1111 DDDD DDDD DDDD:1100 SSSS SSSS SSSS	1294
	D	1111 DDDD DDDD DDDD:1100 0101 0000 1110	1293
000CDA	C50E F50D	MOVFF CCPCONCACHE,BYTENUM
	K	1111 KKKK KKKK KKKK:1110 110S KKKK KKKK	1234
	S	1111 0000 0000 0010:1110 110S 0110 1001	0
000CDE	EC69 F002	CALL FN_BYTETOBIN
	K	 0000 1110 KKKK KKKK	209
000CE2	0ED1	MOVLW LOW BYTETOBIN
	F	 0110 111A FFFF FFFF	1328
	A	 0110 111A 0011 0000	0
000CE4	6E30	MOVWF SYSPRINTDATAHANDLER,ACCESS
	K	 0000 1110 KKKK KKKK	19
000CE6	0E13	MOVLW HIGH BYTETOBIN
	F	 0110 111A FFFF FFFF	1329
	A	 0110 111A 0011 0001	0
000CE8	6E31	MOVWF SYSPRINTDATAHANDLER_H,ACCESS
	K	 0000 1110 KKKK KKKK	1
000CEA	0E01	MOVLW 1
	F	 0110 111A FFFF FFFF	1295
	A	 0110 111A 0000 1111	0
000CEC	6E0F	MOVWF COMPORT,ACCESS
	N	 1101 1NNN NNNN NNNN	1303
000CEE	DD17	RCALL HSERPRINT359
	S	1111 DDDD DDDD DDDD:1100 SSSS SSSS SSSS	1294
	D	1111 DDDD DDDD DDDD:1100 0101 0000 1110	1347
000CF0	C50E F543	MOVFF CCPCONCACHE,SYSVALTEMP
	K	1111 KKKK KKKK KKKK:1110 110S KKKK KKKK	9382
	S	1111 0000 0001 0010:1110 110S 0101 0011	0
000CF4	EC53 F012	CALL FN__HEXPICAS
	F	1110 1110 00FF KKKK:1111 00KK KKKK KKKK	1
	K	1110 1110 0001 KKKK:1111 00KK KKKK KKKK	5164
000CF8	EE15 F02C	LFSR 1,SYSSTRINGPARAM3
	F	 0110 101A FFFF FFFF	1286
	A	 0110 101A 0000 0110	0
000CFC	6A06	CLRF SYSSTRINGLENGTH,ACCESS
	K	 0000 1110 KKKK KKKK	150
000CFE	0E96	MOVLW LOW STRINGTABLE60
	F	 0110 111A FFFF FFFF	1270
	A	 0110 111A 1111 0110	0
000D00	6EF6	MOVWF TBLPTRL,ACCESS
	K	 0000 1110 KKKK KKKK	36
000D02	0E24	MOVLW HIGH STRINGTABLE60
	F	 0110 111A FFFF FFFF	1271
	A	 0110 111A 1111 0111	0
000D04	6EF7	MOVWF TBLPTRH,ACCESS
	K	 0000 1110 KKKK KKKK	0
000D06	0E00	MOVLW UPPER STRINGTABLE60
	F	 0110 111A FFFF FFFF	1272
	A	 0110 111A 1111 1000	0
000D08	6EF8	MOVWF TBLPTRU,ACCESS
	K	1111 KKKK KKKK KKKK:1110 110S KKKK KKKK	7572
	S	1111 0000 0000 1110:1110 110S 1100 1010	0
000D0A	ECCA F00E	CALL SYSREADSTRINGPART
	F	1110 1110 00FF KKKK:1111 00KK KKKK KKKK	0
	K	1110 1110 0000 KKKK:1111 00KK KKKK KKKK	5063
000D0E	EE04 F3C7	LFSR 0,_HEXPICAS
	K	1111 KKKK KKKK KKKK:1110 110S KKKK KKKK	7086
	S	1111 0000 0000 1101:1110 110S 1101 0111	0
000D12	ECD7 F00D	CALL SYSCOPYSTRINGPART
	F	1110 1110 00FF KKKK:1111 00KK KKKK KKKK	0
	K	1110 1110 0000 KKKK:1111 00KK KKKK KKKK	5164
000D16	EE05 F02C	LFSR 0,SYSSTRINGPARAM3
	S	1111 DDDD DDDD DDDD:1100 SSSS SSSS SSSS	1286
	D	1111 DDDD DDDD DDDD:1100 0101 0000 0110	1263
000D1A	C506 F4EF	MOVFF SYSSTRINGLENGTH, INDF0
	K	 0000 1110 KKKK KKKK	44
000D1E	0E2C	MOVLW LOW SYSSTRINGPARAM3
	F	 0110 111A FFFF FFFF	1328
	A	 0110 111A 0011 0000	0
000D20	6E30	MOVWF SYSPRINTDATAHANDLER,ACCESS
	K	 0000 1110 KKKK KKKK	20
000D22	0E14	MOVLW HIGH SYSSTRINGPARAM3
	F	 0110 111A FFFF FFFF	1329
	A	 0110 111A 0011 0001	0
000D24	6E31	MOVWF SYSPRINTDATAHANDLER_H,ACCESS
	K	 0000 1110 KKKK KKKK	1
000D26	0E01	MOVLW 1
	F	 0110 111A FFFF FFFF	1295
	A	 0110 111A 0000 1111	0
000D28	6E0F	MOVWF COMPORT,ACCESS
	N	 1101 1NNN NNNN NNNN	1273
000D2A	DCF9	RCALL HSERPRINT359
	S	1111 DDDD DDDD DDDD:1100 SSSS SSSS SSSS	1294
	D	1111 DDDD DDDD DDDD:1100 0101 0000 1110	1347
000D2C	C50E F543	MOVFF CCPCONCACHE,SYSVALTEMP
	F	 0110 101A FFFF FFFF	1348
	A	 0110 101A 0100 0100	0
000D30	6A44	CLRF SYSVALTEMP_H,ACCESS
	K	1111 KKKK KKKK KKKK:1110 110S KKKK KKKK	6614
	S	1111 0000 0000 1100:1110 110S 1110 1011	0
000D32	ECEB F00C	CALL FN_STR
	K	 0000 1110 KKKK KKKK	203
000D36	0ECB	MOVLW LOW STR
	F	 0110 111A FFFF FFFF	1340
	A	 0110 111A 0011 1100	0
000D38	6E3C	MOVWF SYSSYSINSTRINGHANDLER,ACCESS
	K	 0000 1110 KKKK KKKK	19
000D3A	0E13	MOVLW HIGH STR
	F	 0110 111A FFFF FFFF	1341
	A	 0110 111A 0011 1101	0
000D3C	6E3D	MOVWF SYSSYSINSTRINGHANDLER_H,ACCESS
	K	 0000 1110 KKKK KKKK	10
000D3E	0E0A	MOVLW 10
	F	 0110 111A FFFF FFFF	1337
	A	 0110 111A 0011 1001	0
000D40	6E39	MOVWF SYSSTRLEN,ACCESS
	F	1110 1110 00FF KKKK:1111 00KK KKKK KKKK	1
	K	1110 1110 0001 KKKK:1111 00KK KKKK KKKK	5164
000D42	EE15 F02C	LFSR 1,SYSSTRINGPARAM3
	K	 0000 1110 KKKK KKKK	160
000D46	0EA0	MOVLW LOW STRINGTABLE62
	F	 0110 111A FFFF FFFF	1270
	A	 0110 111A 1111 0110	0
000D48	6EF6	MOVWF TBLPTRL,ACCESS
	K	 0000 1110 KKKK KKKK	36
000D4A	0E24	MOVLW HIGH STRINGTABLE62
	F	 0110 111A FFFF FFFF	1271
	A	 0110 111A 1111 0111	0
000D4C	6EF7	MOVWF TBLPTRH,ACCESS
	K	 0000 1110 KKKK KKKK	0
000D4E	0E00	MOVLW UPPER STRINGTABLE62
	F	 0110 111A FFFF FFFF	1272
	A	 0110 111A 1111 1000	0
000D50	6EF8	MOVWF TBLPTRU,ACCESS
	K	1111 KKKK KKKK KKKK:1110 110S KKKK KKKK	7560
	S	1111 0000 0000 1110:1110 110S 1100 0100	0
000D52	ECC4 F00E	CALL SYSREADSTRING
	K	 0000 1110 KKKK KKKK	44
000D56	0E2C	MOVLW LOW SYSSTRINGPARAM3
	F	 0110 111A FFFF FFFF	1338
	A	 0110 111A 0011 1010	0
000D58	6E3A	MOVWF SYSSYSINSTRING3HANDLER,ACCESS
	K	 0000 1110 KKKK KKKK	20
000D5A	0E14	MOVLW HIGH SYSSTRINGPARAM3
	F	 0110 111A FFFF FFFF	1339
	A	 0110 111A 0011 1011	0
000D5C	6E3B	MOVWF SYSSYSINSTRING3HANDLER_H,ACCESS
	N	 1101 1NNN NNNN NNNN	1473
000D5E	DDC1	RCALL FN_PAD
	F	1110 1110 00FF KKKK:1111 00KK KKKK KKKK	1
	K	1110 1110 0001 KKKK:1111 00KK KKKK KKKK	5164
000D60	EE15 F02C	LFSR 1,SYSSTRINGPARAM3
	F	 0110 101A FFFF FFFF	1286
	A	 0110 101A 0000 0110	0
000D64	6A06	CLRF SYSSTRINGLENGTH,ACCESS
	K	 0000 1110 KKKK KKKK	156
000D66	0E9C	MOVLW LOW STRINGTABLE61
	F	 0110 111A FFFF FFFF	1270
	A	 0110 111A 1111 0110	0
000D68	6EF6	MOVWF TBLPTRL,ACCESS
	K	 0000 1110 KKKK KKKK	36
000D6A	0E24	MOVLW HIGH STRINGTABLE61
	F	 0110 111A FFFF FFFF	1271
	A	 0110 111A 1111 0111	0
000D6C	6EF7	MOVWF TBLPTRH,ACCESS
	K	 0000 1110 KKKK KKKK	0
000D6E	0E00	MOVLW UPPER STRINGTABLE61
	F	 0110 111A FFFF FFFF	1272
	A	 0110 111A 1111 1000	0
000D70	6EF8	MOVWF TBLPTRU,ACCESS
	K	1111 KKKK KKKK KKKK:1110 110S KKKK KKKK	7572
	S	1111 0000 0000 1110:1110 110S 1100 1010	0
000D72	ECCA F00E	CALL SYSREADSTRINGPART
	F	1110 1110 00FF KKKK:1111 00KK KKKK KKKK	0
	K	1110 1110 0000 KKKK:1111 00KK KKKK KKKK	5082
000D76	EE04 F3DA	LFSR 0,PAD
	K	1111 KKKK KKKK KKKK:1110 110S KKKK KKKK	7086
	S	1111 0000 0000 1101:1110 110S 1101 0111	0
000D7A	ECD7 F00D	CALL SYSCOPYSTRINGPART
	F	1110 1110 00FF KKKK:1111 00KK KKKK KKKK	0
	K	1110 1110 0000 KKKK:1111 00KK KKKK KKKK	5164
000D7E	EE05 F02C	LFSR 0,SYSSTRINGPARAM3
	S	1111 DDDD DDDD DDDD:1100 SSSS SSSS SSSS	1286
	D	1111 DDDD DDDD DDDD:1100 0101 0000 0110	1263
000D82	C506 F4EF	MOVFF SYSSTRINGLENGTH, INDF0
	K	 0000 1110 KKKK KKKK	44
000D86	0E2C	MOVLW LOW SYSSTRINGPARAM3
	F	 0110 111A FFFF FFFF	1328
	A	 0110 111A 0011 0000	0
000D88	6E30	MOVWF SYSPRINTDATAHANDLER,ACCESS
	K	 0000 1110 KKKK KKKK	20
000D8A	0E14	MOVLW HIGH SYSSTRINGPARAM3
	F	 0110 111A FFFF FFFF	1329
	A	 0110 111A 0011 0001	0
000D8C	6E31	MOVWF SYSPRINTDATAHANDLER_H,ACCESS
	K	 0000 1110 KKKK KKKK	1
000D8E	0E01	MOVLW 1
	F	 0110 111A FFFF FFFF	1295
	A	 0110 111A 0000 1111	0
000D90	6E0F	MOVWF COMPORT,ACCESS
	N	 1101 1NNN NNNN NNNN	1221
000D92	DCC5	RCALL HSERPRINT359
	K	 0000 1110 KKKK KKKK	9
000D94	0E09	MOVLW 9
	F	 0110 111A FFFF FFFF	1314
	A	 0110 111A 0010 0010	0
000D96	6E22	MOVWF SYSCHAR,ACCESS
	N	 1101 1NNN NNNN NNNN	1060
000D98	DC24	RCALL FN_CHR
	F	1110 1110 00FF KKKK:1111 00KK KKKK KKKK	1
	K	1110 1110 0001 KKKK:1111 00KK KKKK KKKK	5164
000D9A	EE15 F02C	LFSR 1,SYSSTRINGPARAM3
	F	 0110 101A FFFF FFFF	1286
	A	 0110 101A 0000 0110	0
000D9E	6A06	CLRF SYSSTRINGLENGTH,ACCESS
	F	1110 1110 00FF KKKK:1111 00KK KKKK KKKK	0
	K	1110 1110 0000 KKKK:1111 00KK KKKK KKKK	5123
000DA0	EE05 F003	LFSR 0,CHR
	K	1111 KKKK KKKK KKKK:1110 110S KKKK KKKK	7086
	S	1111 0000 0000 1101:1110 110S 1101 0111	0
000DA4	ECD7 F00D	CALL SYSCOPYSTRINGPART
	K	 0000 1110 KKKK KKKK	20
000DA8	0E14	MOVLW LOW STRINGTABLE37
	F	 0110 111A FFFF FFFF	1270
	A	 0110 111A 1111 0110	0
000DAA	6EF6	MOVWF TBLPTRL,ACCESS
	K	 0000 1110 KKKK KKKK	35
000DAC	0E23	MOVLW HIGH STRINGTABLE37
	F	 0110 111A FFFF FFFF	1271
	A	 0110 111A 1111 0111	0
000DAE	6EF7	MOVWF TBLPTRH,ACCESS
	K	 0000 1110 KKKK KKKK	0
000DB0	0E00	MOVLW UPPER STRINGTABLE37
	F	 0110 111A FFFF FFFF	1272
	A	 0110 111A 1111 1000	0
000DB2	6EF8	MOVWF TBLPTRU,ACCESS
	K	1111 KKKK KKKK KKKK:1110 110S KKKK KKKK	7572
	S	1111 0000 0000 1110:1110 110S 1100 1010	0
000DB4	ECCA F00E	CALL SYSREADSTRINGPART
	F	1110 1110 00FF KKKK:1111 00KK KKKK KKKK	0
	K	1110 1110 0000 KKKK:1111 00KK KKKK KKKK	5164
000DB8	EE05 F02C	LFSR 0,SYSSTRINGPARAM3
	S	1111 DDDD DDDD DDDD:1100 SSSS SSSS SSSS	1286
	D	1111 DDDD DDDD DDDD:1100 0101 0000 0110	1263
000DBC	C506 F4EF	MOVFF SYSSTRINGLENGTH, INDF0
	K	 0000 1110 KKKK KKKK	44
000DC0	0E2C	MOVLW LOW SYSSTRINGPARAM3
	F	 0110 111A FFFF FFFF	1328
	A	 0110 111A 0011 0000	0
000DC2	6E30	MOVWF SYSPRINTDATAHANDLER,ACCESS
	K	 0000 1110 KKKK KKKK	20
000DC4	0E14	MOVLW HIGH SYSSTRINGPARAM3
	F	 0110 111A FFFF FFFF	1329
	A	 0110 111A 0011 0001	0
000DC6	6E31	MOVWF SYSPRINTDATAHANDLER_H,ACCESS
	K	 0000 1110 KKKK KKKK	1
000DC8	0E01	MOVLW 1
	F	 0110 111A FFFF FFFF	1295
	A	 0110 111A 0000 1111	0
000DCA	6E0F	MOVWF COMPORT,ACCESS
	N	 1101 1NNN NNNN NNNN	1192
000DCC	DCA8	RCALL HSERPRINT359
	K	 0000 1110 KKKK KKKK	1
000DCE	0E01	MOVLW 1
	F	 0110 111A FFFF FFFF	1296
	A	 0110 111A 0001 0000	0
000DD0	6E10	MOVWF HSERPRINTCRLFCOUNT,ACCESS
	K	 0000 1110 KKKK KKKK	1
000DD2	0E01	MOVLW 1
	F	 0110 111A FFFF FFFF	1295
	A	 0110 111A 0000 1111	0
000DD4	6E0F	MOVWF COMPORT,ACCESS
	N	 1101 1NNN NNNN NNNN	1272
000DD6	DCF8	RCALL HSERPRINTCRLF
	F	1110 1110 00FF KKKK:1111 00KK KKKK KKKK	1
	K	1110 1110 0001 KKKK:1111 00KK KKKK KKKK	5164
000DD8	EE15 F02C	LFSR 1,SYSSTRINGPARAM3
	F	 0110 101A FFFF FFFF	1286
	A	 0110 101A 0000 0110	0
000DDC	6A06	CLRF SYSSTRINGLENGTH,ACCESS
	K	 0000 1110 KKKK KKKK	142
000DDE	0E8E	MOVLW LOW STRINGTABLE58
	F	 0110 111A FFFF FFFF	1270
	A	 0110 111A 1111 0110	0
000DE0	6EF6	MOVWF TBLPTRL,ACCESS
	K	 0000 1110 KKKK KKKK	36
000DE2	0E24	MOVLW HIGH STRINGTABLE58
	F	 0110 111A FFFF FFFF	1271
	A	 0110 111A 1111 0111	0
000DE4	6EF7	MOVWF TBLPTRH,ACCESS
	K	 0000 1110 KKKK KKKK	0
000DE6	0E00	MOVLW UPPER STRINGTABLE58
	F	 0110 111A FFFF FFFF	1272
	A	 0110 111A 1111 1000	0
000DE8	6EF8	MOVWF TBLPTRU,ACCESS
	K	1111 KKKK KKKK KKKK:1110 110S KKKK KKKK	7572
	S	1111 0000 0000 1110:1110 110S 1100 1010	0
000DEA	ECCA F00E	CALL SYSREADSTRINGPART
	K	 0000 1110 KKKK KKKK	54
000DEE	0E36	MOVLW LOW STRINGTABLE38
	F	 0110 111A FFFF FFFF	1270
	A	 0110 111A 1111 0110	0
000DF0	6EF6	MOVWF TBLPTRL,ACCESS
	K	 0000 1110 KKKK KKKK	35
000DF2	0E23	MOVLW HIGH STRINGTABLE38
	F	 0110 111A FFFF FFFF	1271
	A	 0110 111A 1111 0111	0
000DF4	6EF7	MOVWF TBLPTRH,ACCESS
	K	 0000 1110 KKKK KKKK	0
000DF6	0E00	MOVLW UPPER STRINGTABLE38
	F	 0110 111A FFFF FFFF	1272
	A	 0110 111A 1111 1000	0
000DF8	6EF8	MOVWF TBLPTRU,ACCESS
	K	1111 KKKK KKKK KKKK:1110 110S KKKK KKKK	7572
	S	1111 0000 0000 1110:1110 110S 1100 1010	0
000DFA	ECCA F00E	CALL SYSREADSTRINGPART
	K	 0000 1110 KKKK KKKK	146
000DFE	0E92	MOVLW LOW STRINGTABLE59
	F	 0110 111A FFFF FFFF	1270
	A	 0110 111A 1111 0110	0
000E00	6EF6	MOVWF TBLPTRL,ACCESS
	K	 0000 1110 KKKK KKKK	36
000E02	0E24	MOVLW HIGH STRINGTABLE59
	F	 0110 111A FFFF FFFF	1271
	A	 0110 111A 1111 0111	0
000E04	6EF7	MOVWF TBLPTRH,ACCESS
	K	 0000 1110 KKKK KKKK	0
000E06	0E00	MOVLW UPPER STRINGTABLE59
	F	 0110 111A FFFF FFFF	1272
	A	 0110 111A 1111 1000	0
000E08	6EF8	MOVWF TBLPTRU,ACCESS
	K	1111 KKKK KKKK KKKK:1110 110S KKKK KKKK	7572
	S	1111 0000 0000 1110:1110 110S 1100 1010	0
000E0A	ECCA F00E	CALL SYSREADSTRINGPART
	F	1110 1110 00FF KKKK:1111 00KK KKKK KKKK	0
	K	1110 1110 0000 KKKK:1111 00KK KKKK KKKK	5164
000E0E	EE05 F02C	LFSR 0,SYSSTRINGPARAM3
	S	1111 DDDD DDDD DDDD:1100 SSSS SSSS SSSS	1286
	D	1111 DDDD DDDD DDDD:1100 0101 0000 0110	1263
000E12	C506 F4EF	MOVFF SYSSTRINGLENGTH, INDF0
	K	 0000 1110 KKKK KKKK	44
000E16	0E2C	MOVLW LOW SYSSTRINGPARAM3
	F	 0110 111A FFFF FFFF	1328
	A	 0110 111A 0011 0000	0
000E18	6E30	MOVWF SYSPRINTDATAHANDLER,ACCESS
	K	 0000 1110 KKKK KKKK	20
000E1A	0E14	MOVLW HIGH SYSSTRINGPARAM3
	F	 0110 111A FFFF FFFF	1329
	A	 0110 111A 0011 0001	0
000E1C	6E31	MOVWF SYSPRINTDATAHANDLER_H,ACCESS
	K	 0000 1110 KKKK KKKK	1
000E1E	0E01	MOVLW 1
	F	 0110 111A FFFF FFFF	1295
	A	 0110 111A 0000 1111	0
000E20	6E0F	MOVWF COMPORT,ACCESS
	N	 1101 1NNN NNNN NNNN	1149
000E22	DC7D	RCALL HSERPRINT359
	S	1111 DDDD DDDD DDDD:1100 SSSS SSSS SSSS	798
	D	1111 DDDD DDDD DDDD:1100 0011 0001 1110	1293
000E24	C31E F50D	MOVFF T2PR,BYTENUM
	K	1111 KKKK KKKK KKKK:1110 110S KKKK KKKK	1234
	S	1111 0000 0000 0010:1110 110S 0110 1001	0
000E28	EC69 F002	CALL FN_BYTETOBIN
	K	 0000 1110 KKKK KKKK	209
000E2C	0ED1	MOVLW LOW BYTETOBIN
	F	 0110 111A FFFF FFFF	1328
	A	 0110 111A 0011 0000	0
000E2E	6E30	MOVWF SYSPRINTDATAHANDLER,ACCESS
	K	 0000 1110 KKKK KKKK	19
000E30	0E13	MOVLW HIGH BYTETOBIN
	F	 0110 111A FFFF FFFF	1329
	A	 0110 111A 0011 0001	0
000E32	6E31	MOVWF SYSPRINTDATAHANDLER_H,ACCESS
	K	 0000 1110 KKKK KKKK	1
000E34	0E01	MOVLW 1
	F	 0110 111A FFFF FFFF	1295
	A	 0110 111A 0000 1111	0
000E36	6E0F	MOVWF COMPORT,ACCESS
	N	 1101 1NNN NNNN NNNN	1138
000E38	DC72	RCALL HSERPRINT359
	S	1111 DDDD DDDD DDDD:1100 SSSS SSSS SSSS	798
	D	1111 DDDD DDDD DDDD:1100 0011 0001 1110	1347
000E3A	C31E F543	MOVFF T2PR,SYSVALTEMP
	K	1111 KKKK KKKK KKKK:1110 110S KKKK KKKK	9382
	S	1111 0000 0001 0010:1110 110S 0101 0011	0
000E3E	EC53 F012	CALL FN__HEXPICAS
	F	1110 1110 00FF KKKK:1111 00KK KKKK KKKK	1
	K	1110 1110 0001 KKKK:1111 00KK KKKK KKKK	5164
000E42	EE15 F02C	LFSR 1,SYSSTRINGPARAM3
	F	 0110 101A FFFF FFFF	1286
	A	 0110 101A 0000 0110	0
000E46	6A06	CLRF SYSSTRINGLENGTH,ACCESS
	K	 0000 1110 KKKK KKKK	150
000E48	0E96	MOVLW LOW STRINGTABLE60
	F	 0110 111A FFFF FFFF	1270
	A	 0110 111A 1111 0110	0
000E4A	6EF6	MOVWF TBLPTRL,ACCESS
	K	 0000 1110 KKKK KKKK	36
000E4C	0E24	MOVLW HIGH STRINGTABLE60
	F	 0110 111A FFFF FFFF	1271
	A	 0110 111A 1111 0111	0
000E4E	6EF7	MOVWF TBLPTRH,ACCESS
	K	 0000 1110 KKKK KKKK	0
000E50	0E00	MOVLW UPPER STRINGTABLE60
	F	 0110 111A FFFF FFFF	1272
	A	 0110 111A 1111 1000	0
000E52	6EF8	MOVWF TBLPTRU,ACCESS
	K	1111 KKKK KKKK KKKK:1110 110S KKKK KKKK	7572
	S	1111 0000 0000 1110:1110 110S 1100 1010	0
000E54	ECCA F00E	CALL SYSREADSTRINGPART
	F	1110 1110 00FF KKKK:1111 00KK KKKK KKKK	0
	K	1110 1110 0000 KKKK:1111 00KK KKKK KKKK	5063
000E58	EE04 F3C7	LFSR 0,_HEXPICAS
	K	1111 KKKK KKKK KKKK:1110 110S KKKK KKKK	7086
	S	1111 0000 0000 1101:1110 110S 1101 0111	0
000E5C	ECD7 F00D	CALL SYSCOPYSTRINGPART
	F	1110 1110 00FF KKKK:1111 00KK KKKK KKKK	0
	K	1110 1110 0000 KKKK:1111 00KK KKKK KKKK	5164
000E60	EE05 F02C	LFSR 0,SYSSTRINGPARAM3
	S	1111 DDDD DDDD DDDD:1100 SSSS SSSS SSSS	1286
	D	1111 DDDD DDDD DDDD:1100 0101 0000 0110	1263
000E64	C506 F4EF	MOVFF SYSSTRINGLENGTH, INDF0
	K	 0000 1110 KKKK KKKK	44
000E68	0E2C	MOVLW LOW SYSSTRINGPARAM3
	F	 0110 111A FFFF FFFF	1328
	A	 0110 111A 0011 0000	0
000E6A	6E30	MOVWF SYSPRINTDATAHANDLER,ACCESS
	K	 0000 1110 KKKK KKKK	20
000E6C	0E14	MOVLW HIGH SYSSTRINGPARAM3
	F	 0110 111A FFFF FFFF	1329
	A	 0110 111A 0011 0001	0
000E6E	6E31	MOVWF SYSPRINTDATAHANDLER_H,ACCESS
	K	 0000 1110 KKKK KKKK	1
000E70	0E01	MOVLW 1
	F	 0110 111A FFFF FFFF	1295
	A	 0110 111A 0000 1111	0
000E72	6E0F	MOVWF COMPORT,ACCESS
	N	 1101 1NNN NNNN NNNN	1108
000E74	DC54	RCALL HSERPRINT359
	S	1111 DDDD DDDD DDDD:1100 SSSS SSSS SSSS	798
	D	1111 DDDD DDDD DDDD:1100 0011 0001 1110	1347
000E76	C31E F543	MOVFF T2PR,SYSVALTEMP
	F	 0110 101A FFFF FFFF	1348
	A	 0110 101A 0100 0100	0
000E7A	6A44	CLRF SYSVALTEMP_H,ACCESS
	K	1111 KKKK KKKK KKKK:1110 110S KKKK KKKK	6614
	S	1111 0000 0000 1100:1110 110S 1110 1011	0
000E7C	ECEB F00C	CALL FN_STR
	K	 0000 1110 KKKK KKKK	203
000E80	0ECB	MOVLW LOW STR
	F	 0110 111A FFFF FFFF	1340
	A	 0110 111A 0011 1100	0
000E82	6E3C	MOVWF SYSSYSINSTRINGHANDLER,ACCESS
	K	 0000 1110 KKKK KKKK	19
000E84	0E13	MOVLW HIGH STR
	F	 0110 111A FFFF FFFF	1341
	A	 0110 111A 0011 1101	0
000E86	6E3D	MOVWF SYSSYSINSTRINGHANDLER_H,ACCESS
	K	 0000 1110 KKKK KKKK	10
000E88	0E0A	MOVLW 10
	F	 0110 111A FFFF FFFF	1337
	A	 0110 111A 0011 1001	0
000E8A	6E39	MOVWF SYSSTRLEN,ACCESS
	F	1110 1110 00FF KKKK:1111 00KK KKKK KKKK	1
	K	1110 1110 0001 KKKK:1111 00KK KKKK KKKK	5164
000E8C	EE15 F02C	LFSR 1,SYSSTRINGPARAM3
	K	 0000 1110 KKKK KKKK	160
000E90	0EA0	MOVLW LOW STRINGTABLE62
	F	 0110 111A FFFF FFFF	1270
	A	 0110 111A 1111 0110	0
000E92	6EF6	MOVWF TBLPTRL,ACCESS
	K	 0000 1110 KKKK KKKK	36
000E94	0E24	MOVLW HIGH STRINGTABLE62
	F	 0110 111A FFFF FFFF	1271
	A	 0110 111A 1111 0111	0
000E96	6EF7	MOVWF TBLPTRH,ACCESS
	K	 0000 1110 KKKK KKKK	0
000E98	0E00	MOVLW UPPER STRINGTABLE62
	F	 0110 111A FFFF FFFF	1272
	A	 0110 111A 1111 1000	0
000E9A	6EF8	MOVWF TBLPTRU,ACCESS
	K	1111 KKKK KKKK KKKK:1110 110S KKKK KKKK	7560
	S	1111 0000 0000 1110:1110 110S 1100 0100	0
000E9C	ECC4 F00E	CALL SYSREADSTRING
	K	 0000 1110 KKKK KKKK	44
000EA0	0E2C	MOVLW LOW SYSSTRINGPARAM3
	F	 0110 111A FFFF FFFF	1338
	A	 0110 111A 0011 1010	0
000EA2	6E3A	MOVWF SYSSYSINSTRING3HANDLER,ACCESS
	K	 0000 1110 KKKK KKKK	20
000EA4	0E14	MOVLW HIGH SYSSTRINGPARAM3
	F	 0110 111A FFFF FFFF	1339
	A	 0110 111A 0011 1011	0
000EA6	6E3B	MOVWF SYSSYSINSTRING3HANDLER_H,ACCESS
	N	 1101 1NNN NNNN NNNN	1308
000EA8	DD1C	RCALL FN_PAD
	F	1110 1110 00FF KKKK:1111 00KK KKKK KKKK	1
	K	1110 1110 0001 KKKK:1111 00KK KKKK KKKK	5164
000EAA	EE15 F02C	LFSR 1,SYSSTRINGPARAM3
	F	 0110 101A FFFF FFFF	1286
	A	 0110 101A 0000 0110	0
000EAE	6A06	CLRF SYSSTRINGLENGTH,ACCESS
	K	 0000 1110 KKKK KKKK	156
000EB0	0E9C	MOVLW LOW STRINGTABLE61
	F	 0110 111A FFFF FFFF	1270
	A	 0110 111A 1111 0110	0
000EB2	6EF6	MOVWF TBLPTRL,ACCESS
	K	 0000 1110 KKKK KKKK	36
000EB4	0E24	MOVLW HIGH STRINGTABLE61
	F	 0110 111A FFFF FFFF	1271
	A	 0110 111A 1111 0111	0
000EB6	6EF7	MOVWF TBLPTRH,ACCESS
	K	 0000 1110 KKKK KKKK	0
000EB8	0E00	MOVLW UPPER STRINGTABLE61
	F	 0110 111A FFFF FFFF	1272
	A	 0110 111A 1111 1000	0
000EBA	6EF8	MOVWF TBLPTRU,ACCESS
	K	1111 KKKK KKKK KKKK:1110 110S KKKK KKKK	7572
	S	1111 0000 0000 1110:1110 110S 1100 1010	0
000EBC	ECCA F00E	CALL SYSREADSTRINGPART
	F	1110 1110 00FF KKKK:1111 00KK KKKK KKKK	0
	K	1110 1110 0000 KKKK:1111 00KK KKKK KKKK	5082
000EC0	EE04 F3DA	LFSR 0,PAD
	K	1111 KKKK KKKK KKKK:1110 110S KKKK KKKK	7086
	S	1111 0000 0000 1101:1110 110S 1101 0111	0
000EC4	ECD7 F00D	CALL SYSCOPYSTRINGPART
	F	1110 1110 00FF KKKK:1111 00KK KKKK KKKK	0
	K	1110 1110 0000 KKKK:1111 00KK KKKK KKKK	5164
000EC8	EE05 F02C	LFSR 0,SYSSTRINGPARAM3
	S	1111 DDDD DDDD DDDD:1100 SSSS SSSS SSSS	1286
	D	1111 DDDD DDDD DDDD:1100 0101 0000 0110	1263
000ECC	C506 F4EF	MOVFF SYSSTRINGLENGTH, INDF0
	K	 0000 1110 KKKK KKKK	44
000ED0	0E2C	MOVLW LOW SYSSTRINGPARAM3
	F	 0110 111A FFFF FFFF	1328
	A	 0110 111A 0011 0000	0
000ED2	6E30	MOVWF SYSPRINTDATAHANDLER,ACCESS
	K	 0000 1110 KKKK KKKK	20
000ED4	0E14	MOVLW HIGH SYSSTRINGPARAM3
	F	 0110 111A FFFF FFFF	1329
	A	 0110 111A 0011 0001	0
000ED6	6E31	MOVWF SYSPRINTDATAHANDLER_H,ACCESS
	K	 0000 1110 KKKK KKKK	1
000ED8	0E01	MOVLW 1
	F	 0110 111A FFFF FFFF	1295
	A	 0110 111A 0000 1111	0
000EDA	6E0F	MOVWF COMPORT,ACCESS
	N	 1101 1NNN NNNN NNNN	1056
000EDC	DC20	RCALL HSERPRINT359
	K	 0000 1110 KKKK KKKK	9
000EDE	0E09	MOVLW 9
	F	 0110 111A FFFF FFFF	1314
	A	 0110 111A 0010 0010	0
000EE0	6E22	MOVWF SYSCHAR,ACCESS
	K	1111 KKKK KKKK KKKK:1110 110S KKKK KKKK	1506
	S	1111 0000 0000 0010:1110 110S 1111 0001	0
000EE2	ECF1 F002	CALL FN_CHR
	F	1110 1110 00FF KKKK:1111 00KK KKKK KKKK	1
	K	1110 1110 0001 KKKK:1111 00KK KKKK KKKK	5164
000EE6	EE15 F02C	LFSR 1,SYSSTRINGPARAM3
	F	 0110 101A FFFF FFFF	1286
	A	 0110 101A 0000 0110	0
000EEA	6A06	CLRF SYSSTRINGLENGTH,ACCESS
	F	1110 1110 00FF KKKK:1111 00KK KKKK KKKK	0
	K	1110 1110 0000 KKKK:1111 00KK KKKK KKKK	5123
000EEC	EE05 F003	LFSR 0,CHR
	K	1111 KKKK KKKK KKKK:1110 110S KKKK KKKK	7086
	S	1111 0000 0000 1101:1110 110S 1101 0111	0
000EF0	ECD7 F00D	CALL SYSCOPYSTRINGPART
	K	 0000 1110 KKKK KKKK	68
000EF4	0E44	MOVLW LOW STRINGTABLE39
	F	 0110 111A FFFF FFFF	1270
	A	 0110 111A 1111 0110	0
000EF6	6EF6	MOVWF TBLPTRL,ACCESS
	K	 0000 1110 KKKK KKKK	35
000EF8	0E23	MOVLW HIGH STRINGTABLE39
	F	 0110 111A FFFF FFFF	1271
	A	 0110 111A 1111 0111	0
000EFA	6EF7	MOVWF TBLPTRH,ACCESS
	K	 0000 1110 KKKK KKKK	0
000EFC	0E00	MOVLW UPPER STRINGTABLE39
	F	 0110 111A FFFF FFFF	1272
	A	 0110 111A 1111 1000	0
000EFE	6EF8	MOVWF TBLPTRU,ACCESS
	K	1111 KKKK KKKK KKKK:1110 110S KKKK KKKK	7572
	S	1111 0000 0000 1110:1110 110S 1100 1010	0
000F00	ECCA F00E	CALL SYSREADSTRINGPART
	F	1110 1110 00FF KKKK:1111 00KK KKKK KKKK	0
	K	1110 1110 0000 KKKK:1111 00KK KKKK KKKK	5164
000F04	EE05 F02C	LFSR 0,SYSSTRINGPARAM3
	S	1111 DDDD DDDD DDDD:1100 SSSS SSSS SSSS	1286
	D	1111 DDDD DDDD DDDD:1100 0101 0000 0110	1263
000F08	C506 F4EF	MOVFF SYSSTRINGLENGTH, INDF0
	K	 0000 1110 KKKK KKKK	44
000F0C	0E2C	MOVLW LOW SYSSTRINGPARAM3
	F	 0110 111A FFFF FFFF	1328
	A	 0110 111A 0011 0000	0
000F0E	6E30	MOVWF SYSPRINTDATAHANDLER,ACCESS
	K	 0000 1110 KKKK KKKK	20
000F10	0E14	MOVLW HIGH SYSSTRINGPARAM3
	F	 0110 111A FFFF FFFF	1329
	A	 0110 111A 0011 0001	0
000F12	6E31	MOVWF SYSPRINTDATAHANDLER_H,ACCESS
	K	 0000 1110 KKKK KKKK	1
000F14	0E01	MOVLW 1
	F	 0110 111A FFFF FFFF	1295
	A	 0110 111A 0000 1111	0
000F16	6E0F	MOVWF COMPORT,ACCESS
	N	 1101 1NNN NNNN NNNN	1026
000F18	DC02	RCALL HSERPRINT359
	K	 0000 1110 KKKK KKKK	1
000F1A	0E01	MOVLW 1
	F	 0110 111A FFFF FFFF	1296
	A	 0110 111A 0001 0000	0
000F1C	6E10	MOVWF HSERPRINTCRLFCOUNT,ACCESS
	K	 0000 1110 KKKK KKKK	1
000F1E	0E01	MOVLW 1
	F	 0110 111A FFFF FFFF	1295
	A	 0110 111A 0000 1111	0
000F20	6E0F	MOVWF COMPORT,ACCESS
	N	 1101 1NNN NNNN NNNN	1106
000F22	DC52	RCALL HSERPRINTCRLF
	F	1110 1110 00FF KKKK:1111 00KK KKKK KKKK	1
	K	1110 1110 0001 KKKK:1111 00KK KKKK KKKK	5164
000F24	EE15 F02C	LFSR 1,SYSSTRINGPARAM3
	F	 0110 101A FFFF FFFF	1286
	A	 0110 101A 0000 0110	0
000F28	6A06	CLRF SYSSTRINGLENGTH,ACCESS
	K	 0000 1110 KKKK KKKK	142
000F2A	0E8E	MOVLW LOW STRINGTABLE58
	F	 0110 111A FFFF FFFF	1270
	A	 0110 111A 1111 0110	0
000F2C	6EF6	MOVWF TBLPTRL,ACCESS
	K	 0000 1110 KKKK KKKK	36
000F2E	0E24	MOVLW HIGH STRINGTABLE58
	F	 0110 111A FFFF FFFF	1271
	A	 0110 111A 1111 0111	0
000F30	6EF7	MOVWF TBLPTRH,ACCESS
	K	 0000 1110 KKKK KKKK	0
000F32	0E00	MOVLW UPPER STRINGTABLE58
	F	 0110 111A FFFF FFFF	1272
	A	 0110 111A 1111 1000	0
000F34	6EF8	MOVWF TBLPTRU,ACCESS
	K	1111 KKKK KKKK KKKK:1110 110S KKKK KKKK	7572
	S	1111 0000 0000 1110:1110 110S 1100 1010	0
000F36	ECCA F00E	CALL SYSREADSTRINGPART
	K	 0000 1110 KKKK KKKK	82
000F3A	0E52	MOVLW LOW STRINGTABLE41
	F	 0110 111A FFFF FFFF	1270
	A	 0110 111A 1111 0110	0
000F3C	6EF6	MOVWF TBLPTRL,ACCESS
	K	 0000 1110 KKKK KKKK	35
000F3E	0E23	MOVLW HIGH STRINGTABLE41
	F	 0110 111A FFFF FFFF	1271
	A	 0110 111A 1111 0111	0
000F40	6EF7	MOVWF TBLPTRH,ACCESS
	K	 0000 1110 KKKK KKKK	0
000F42	0E00	MOVLW UPPER STRINGTABLE41
	F	 0110 111A FFFF FFFF	1272
	A	 0110 111A 1111 1000	0
000F44	6EF8	MOVWF TBLPTRU,ACCESS
	K	1111 KKKK KKKK KKKK:1110 110S KKKK KKKK	7572
	S	1111 0000 0000 1110:1110 110S 1100 1010	0
000F46	ECCA F00E	CALL SYSREADSTRINGPART
	K	 0000 1110 KKKK KKKK	146
000F4A	0E92	MOVLW LOW STRINGTABLE59
	F	 0110 111A FFFF FFFF	1270
	A	 0110 111A 1111 0110	0
000F4C	6EF6	MOVWF TBLPTRL,ACCESS
	K	 0000 1110 KKKK KKKK	36
000F4E	0E24	MOVLW HIGH STRINGTABLE59
	F	 0110 111A FFFF FFFF	1271
	A	 0110 111A 1111 0111	0
000F50	6EF7	MOVWF TBLPTRH,ACCESS
	K	 0000 1110 KKKK KKKK	0
000F52	0E00	MOVLW UPPER STRINGTABLE59
	F	 0110 111A FFFF FFFF	1272
	A	 0110 111A 1111 1000	0
000F54	6EF8	MOVWF TBLPTRU,ACCESS
	K	1111 KKKK KKKK KKKK:1110 110S KKKK KKKK	7572
	S	1111 0000 0000 1110:1110 110S 1100 1010	0
000F56	ECCA F00E	CALL SYSREADSTRINGPART
	F	1110 1110 00FF KKKK:1111 00KK KKKK KKKK	0
	K	1110 1110 0000 KKKK:1111 00KK KKKK KKKK	5164
000F5A	EE05 F02C	LFSR 0,SYSSTRINGPARAM3
	S	1111 DDDD DDDD DDDD:1100 SSSS SSSS SSSS	1286
	D	1111 DDDD DDDD DDDD:1100 0101 0000 0110	1263
000F5E	C506 F4EF	MOVFF SYSSTRINGLENGTH, INDF0
	K	 0000 1110 KKKK KKKK	44
000F62	0E2C	MOVLW LOW SYSSTRINGPARAM3
	F	 0110 111A FFFF FFFF	1328
	A	 0110 111A 0011 0000	0
000F64	6E30	MOVWF SYSPRINTDATAHANDLER,ACCESS
	K	 0000 1110 KKKK KKKK	20
000F66	0E14	MOVLW HIGH SYSSTRINGPARAM3
	F	 0110 111A FFFF FFFF	1329
	A	 0110 111A 0011 0001	0
000F68	6E31	MOVWF SYSPRINTDATAHANDLER_H,ACCESS
	K	 0000 1110 KKKK KKKK	1
000F6A	0E01	MOVLW 1
	F	 0110 111A FFFF FFFF	1295
	A	 0110 111A 0000 1111	0
000F6C	6E0F	MOVWF COMPORT,ACCESS
	K	1111 KKKK KKKK KKKK:1110 110S KKKK KKKK	1822
	S	1111 0000 0000 0011:1110 110S 1000 1111	0
000F6E	EC8F F003	CALL HSERPRINT359
	S	1111 DDDD DDDD DDDD:1100 SSSS SSSS SSSS	799
	D	1111 DDDD DDDD DDDD:1100 0011 0001 1111	1293
000F72	C31F F50D	MOVFF T2CON,BYTENUM
	K	1111 KKKK KKKK KKKK:1110 110S KKKK KKKK	1234
	S	1111 0000 0000 0010:1110 110S 0110 1001	0
000F76	EC69 F002	CALL FN_BYTETOBIN
	K	 0000 1110 KKKK KKKK	209
000F7A	0ED1	MOVLW LOW BYTETOBIN
	F	 0110 111A FFFF FFFF	1328
	A	 0110 111A 0011 0000	0
000F7C	6E30	MOVWF SYSPRINTDATAHANDLER,ACCESS
	K	 0000 1110 KKKK KKKK	19
000F7E	0E13	MOVLW HIGH BYTETOBIN
	F	 0110 111A FFFF FFFF	1329
	A	 0110 111A 0011 0001	0
000F80	6E31	MOVWF SYSPRINTDATAHANDLER_H,ACCESS
	K	 0000 1110 KKKK KKKK	1
000F82	0E01	MOVLW 1
	F	 0110 111A FFFF FFFF	1295
	A	 0110 111A 0000 1111	0
000F84	6E0F	MOVWF COMPORT,ACCESS
	K	1111 KKKK KKKK KKKK:1110 110S KKKK KKKK	1822
	S	1111 0000 0000 0011:1110 110S 1000 1111	0
000F86	EC8F F003	CALL HSERPRINT359
	S	1111 DDDD DDDD DDDD:1100 SSSS SSSS SSSS	799
	D	1111 DDDD DDDD DDDD:1100 0011 0001 1111	1347
000F8A	C31F F543	MOVFF T2CON,SYSVALTEMP
	K	1111 KKKK KKKK KKKK:1110 110S KKKK KKKK	9382
	S	1111 0000 0001 0010:1110 110S 0101 0011	0
000F8E	EC53 F012	CALL FN__HEXPICAS
	F	1110 1110 00FF KKKK:1111 00KK KKKK KKKK	1
	K	1110 1110 0001 KKKK:1111 00KK KKKK KKKK	5164
000F92	EE15 F02C	LFSR 1,SYSSTRINGPARAM3
	F	 0110 101A FFFF FFFF	1286
	A	 0110 101A 0000 0110	0
000F96	6A06	CLRF SYSSTRINGLENGTH,ACCESS
	K	 0000 1110 KKKK KKKK	150
000F98	0E96	MOVLW LOW STRINGTABLE60
	F	 0110 111A FFFF FFFF	1270
	A	 0110 111A 1111 0110	0
000F9A	6EF6	MOVWF TBLPTRL,ACCESS
	K	 0000 1110 KKKK KKKK	36
000F9C	0E24	MOVLW HIGH STRINGTABLE60
	F	 0110 111A FFFF FFFF	1271
	A	 0110 111A 1111 0111	0
000F9E	6EF7	MOVWF TBLPTRH,ACCESS
	K	 0000 1110 KKKK KKKK	0
000FA0	0E00	MOVLW UPPER STRINGTABLE60
	F	 0110 111A FFFF FFFF	1272
	A	 0110 111A 1111 1000	0
000FA2	6EF8	MOVWF TBLPTRU,ACCESS
	K	1111 KKKK KKKK KKKK:1110 110S KKKK KKKK	7572
	S	1111 0000 0000 1110:1110 110S 1100 1010	0
000FA4	ECCA F00E	CALL SYSREADSTRINGPART
	F	1110 1110 00FF KKKK:1111 00KK KKKK KKKK	0
	K	1110 1110 0000 KKKK:1111 00KK KKKK KKKK	5063
000FA8	EE04 F3C7	LFSR 0,_HEXPICAS
	K	1111 KKKK KKKK KKKK:1110 110S KKKK KKKK	7086
	S	1111 0000 0000 1101:1110 110S 1101 0111	0
000FAC	ECD7 F00D	CALL SYSCOPYSTRINGPART
	F	1110 1110 00FF KKKK:1111 00KK KKKK KKKK	0
	K	1110 1110 0000 KKKK:1111 00KK KKKK KKKK	5164
000FB0	EE05 F02C	LFSR 0,SYSSTRINGPARAM3
	S	1111 DDDD DDDD DDDD:1100 SSSS SSSS SSSS	1286
	D	1111 DDDD DDDD DDDD:1100 0101 0000 0110	1263
000FB4	C506 F4EF	MOVFF SYSSTRINGLENGTH, INDF0
	K	 0000 1110 KKKK KKKK	44
000FB8	0E2C	MOVLW LOW SYSSTRINGPARAM3
	F	 0110 111A FFFF FFFF	1328
	A	 0110 111A 0011 0000	0
000FBA	6E30	MOVWF SYSPRINTDATAHANDLER,ACCESS
	K	 0000 1110 KKKK KKKK	20
000FBC	0E14	MOVLW HIGH SYSSTRINGPARAM3
	F	 0110 111A FFFF FFFF	1329
	A	 0110 111A 0011 0001	0
000FBE	6E31	MOVWF SYSPRINTDATAHANDLER_H,ACCESS
	K	 0000 1110 KKKK KKKK	1
000FC0	0E01	MOVLW 1
	F	 0110 111A FFFF FFFF	1295
	A	 0110 111A 0000 1111	0
000FC2	6E0F	MOVWF COMPORT,ACCESS
	K	1111 KKKK KKKK KKKK:1110 110S KKKK KKKK	1822
	S	1111 0000 0000 0011:1110 110S 1000 1111	0
000FC4	EC8F F003	CALL HSERPRINT359
	S	1111 DDDD DDDD DDDD:1100 SSSS SSSS SSSS	799
	D	1111 DDDD DDDD DDDD:1100 0011 0001 1111	1347
000FC8	C31F F543	MOVFF T2CON,SYSVALTEMP
	F	 0110 101A FFFF FFFF	1348
	A	 0110 101A 0100 0100	0
000FCC	6A44	CLRF SYSVALTEMP_H,ACCESS
	K	1111 KKKK KKKK KKKK:1110 110S KKKK KKKK	6614
	S	1111 0000 0000 1100:1110 110S 1110 1011	0
000FCE	ECEB F00C	CALL FN_STR
	K	 0000 1110 KKKK KKKK	203
000FD2	0ECB	MOVLW LOW STR
	F	 0110 111A FFFF FFFF	1340
	A	 0110 111A 0011 1100	0
000FD4	6E3C	MOVWF SYSSYSINSTRINGHANDLER,ACCESS
	K	 0000 1110 KKKK KKKK	19
000FD6	0E13	MOVLW HIGH STR
	F	 0110 111A FFFF FFFF	1341
	A	 0110 111A 0011 1101	0
000FD8	6E3D	MOVWF SYSSYSINSTRINGHANDLER_H,ACCESS
	K	 0000 1110 KKKK KKKK	10
000FDA	0E0A	MOVLW 10
	F	 0110 111A FFFF FFFF	1337
	A	 0110 111A 0011 1001	0
000FDC	6E39	MOVWF SYSSTRLEN,ACCESS
	F	1110 1110 00FF KKKK:1111 00KK KKKK KKKK	1
	K	1110 1110 0001 KKKK:1111 00KK KKKK KKKK	5164
000FDE	EE15 F02C	LFSR 1,SYSSTRINGPARAM3
	K	 0000 1110 KKKK KKKK	160
000FE2	0EA0	MOVLW LOW STRINGTABLE62
	F	 0110 111A FFFF FFFF	1270
	A	 0110 111A 1111 0110	0
000FE4	6EF6	MOVWF TBLPTRL,ACCESS
	K	 0000 1110 KKKK KKKK	36
000FE6	0E24	MOVLW HIGH STRINGTABLE62
	F	 0110 111A FFFF FFFF	1271
	A	 0110 111A 1111 0111	0
000FE8	6EF7	MOVWF TBLPTRH,ACCESS
	K	 0000 1110 KKKK KKKK	0
000FEA	0E00	MOVLW UPPER STRINGTABLE62
	F	 0110 111A FFFF FFFF	1272
	A	 0110 111A 1111 1000	0
000FEC	6EF8	MOVWF TBLPTRU,ACCESS
	K	1111 KKKK KKKK KKKK:1110 110S KKKK KKKK	7560
	S	1111 0000 0000 1110:1110 110S 1100 0100	0
000FEE	ECC4 F00E	CALL SYSREADSTRING
	K	 0000 1110 KKKK KKKK	44
000FF2	0E2C	MOVLW LOW SYSSTRINGPARAM3
	F	 0110 111A FFFF FFFF	1338
	A	 0110 111A 0011 1010	0
000FF4	6E3A	MOVWF SYSSYSINSTRING3HANDLER,ACCESS
	K	 0000 1110 KKKK KKKK	20
000FF6	0E14	MOVLW HIGH SYSSTRINGPARAM3
	F	 0110 111A FFFF FFFF	1339
	A	 0110 111A 0011 1011	0
000FF8	6E3B	MOVWF SYSSYSINSTRING3HANDLER_H,ACCESS
	N	 1101 1NNN NNNN NNNN	1139
000FFA	DC73	RCALL FN_PAD
	F	1110 1110 00FF KKKK:1111 00KK KKKK KKKK	1
	K	1110 1110 0001 KKKK:1111 00KK KKKK KKKK	5164
000FFC	EE15 F02C	LFSR 1,SYSSTRINGPARAM3
	F	 0110 101A FFFF FFFF	1286
	A	 0110 101A 0000 0110	0
001000	6A06	CLRF SYSSTRINGLENGTH,ACCESS
	K	 0000 1110 KKKK KKKK	156
001002	0E9C	MOVLW LOW STRINGTABLE61
	F	 0110 111A FFFF FFFF	1270
	A	 0110 111A 1111 0110	0
001004	6EF6	MOVWF TBLPTRL,ACCESS
	K	 0000 1110 KKKK KKKK	36
001006	0E24	MOVLW HIGH STRINGTABLE61
	F	 0110 111A FFFF FFFF	1271
	A	 0110 111A 1111 0111	0
001008	6EF7	MOVWF TBLPTRH,ACCESS
	K	 0000 1110 KKKK KKKK	0
00100A	0E00	MOVLW UPPER STRINGTABLE61
	F	 0110 111A FFFF FFFF	1272
	A	 0110 111A 1111 1000	0
00100C	6EF8	MOVWF TBLPTRU,ACCESS
	K	1111 KKKK KKKK KKKK:1110 110S KKKK KKKK	7572
	S	1111 0000 0000 1110:1110 110S 1100 1010	0
00100E	ECCA F00E	CALL SYSREADSTRINGPART
	F	1110 1110 00FF KKKK:1111 00KK KKKK KKKK	0
	K	1110 1110 0000 KKKK:1111 00KK KKKK KKKK	5082
001012	EE04 F3DA	LFSR 0,PAD
	K	1111 KKKK KKKK KKKK:1110 110S KKKK KKKK	7086
	S	1111 0000 0000 1101:1110 110S 1101 0111	0
001016	ECD7 F00D	CALL SYSCOPYSTRINGPART
	F	1110 1110 00FF KKKK:1111 00KK KKKK KKKK	0
	K	1110 1110 0000 KKKK:1111 00KK KKKK KKKK	5164
00101A	EE05 F02C	LFSR 0,SYSSTRINGPARAM3
	S	1111 DDDD DDDD DDDD:1100 SSSS SSSS SSSS	1286
	D	1111 DDDD DDDD DDDD:1100 0101 0000 0110	1263
00101E	C506 F4EF	MOVFF SYSSTRINGLENGTH, INDF0
	K	 0000 1110 KKKK KKKK	44
001022	0E2C	MOVLW LOW SYSSTRINGPARAM3
	F	 0110 111A FFFF FFFF	1328
	A	 0110 111A 0011 0000	0
001024	6E30	MOVWF SYSPRINTDATAHANDLER,ACCESS
	K	 0000 1110 KKKK KKKK	20
001026	0E14	MOVLW HIGH SYSSTRINGPARAM3
	F	 0110 111A FFFF FFFF	1329
	A	 0110 111A 0011 0001	0
001028	6E31	MOVWF SYSPRINTDATAHANDLER_H,ACCESS
	K	 0000 1110 KKKK KKKK	1
00102A	0E01	MOVLW 1
	F	 0110 111A FFFF FFFF	1295
	A	 0110 111A 0000 1111	0
00102C	6E0F	MOVWF COMPORT,ACCESS
	K	1111 KKKK KKKK KKKK:1110 110S KKKK KKKK	1822
	S	1111 0000 0000 0011:1110 110S 1000 1111	0
00102E	EC8F F003	CALL HSERPRINT359
	K	 0000 1110 KKKK KKKK	9
001032	0E09	MOVLW 9
	F	 0110 111A FFFF FFFF	1314
	A	 0110 111A 0010 0010	0
001034	6E22	MOVWF SYSCHAR,ACCESS
	K	1111 KKKK KKKK KKKK:1110 110S KKKK KKKK	1506
	S	1111 0000 0000 0010:1110 110S 1111 0001	0
001036	ECF1 F002	CALL FN_CHR
	F	1110 1110 00FF KKKK:1111 00KK KKKK KKKK	1
	K	1110 1110 0001 KKKK:1111 00KK KKKK KKKK	5164
00103A	EE15 F02C	LFSR 1,SYSSTRINGPARAM3
	F	 0110 101A FFFF FFFF	1286
	A	 0110 101A 0000 0110	0
00103E	6A06	CLRF SYSSTRINGLENGTH,ACCESS
	F	1110 1110 00FF KKKK:1111 00KK KKKK KKKK	0
	K	1110 1110 0000 KKKK:1111 00KK KKKK KKKK	5123
001040	EE05 F003	LFSR 0,CHR
	K	1111 KKKK KKKK KKKK:1110 110S KKKK KKKK	7086
	S	1111 0000 0000 1101:1110 110S 1101 0111	0
001044	ECD7 F00D	CALL SYSCOPYSTRINGPART
	K	 0000 1110 KKKK KKKK	96
001048	0E60	MOVLW LOW STRINGTABLE42
	F	 0110 111A FFFF FFFF	1270
	A	 0110 111A 1111 0110	0
00104A	6EF6	MOVWF TBLPTRL,ACCESS
	K	 0000 1110 KKKK KKKK	35
00104C	0E23	MOVLW HIGH STRINGTABLE42
	F	 0110 111A FFFF FFFF	1271
	A	 0110 111A 1111 0111	0
00104E	6EF7	MOVWF TBLPTRH,ACCESS
	K	 0000 1110 KKKK KKKK	0
001050	0E00	MOVLW UPPER STRINGTABLE42
	F	 0110 111A FFFF FFFF	1272
	A	 0110 111A 1111 1000	0
001052	6EF8	MOVWF TBLPTRU,ACCESS
	K	1111 KKKK KKKK KKKK:1110 110S KKKK KKKK	7572
	S	1111 0000 0000 1110:1110 110S 1100 1010	0
001054	ECCA F00E	CALL SYSREADSTRINGPART
	F	1110 1110 00FF KKKK:1111 00KK KKKK KKKK	0
	K	1110 1110 0000 KKKK:1111 00KK KKKK KKKK	5164
001058	EE05 F02C	LFSR 0,SYSSTRINGPARAM3
	S	1111 DDDD DDDD DDDD:1100 SSSS SSSS SSSS	1286
	D	1111 DDDD DDDD DDDD:1100 0101 0000 0110	1263
00105C	C506 F4EF	MOVFF SYSSTRINGLENGTH, INDF0
	K	 0000 1110 KKKK KKKK	44
001060	0E2C	MOVLW LOW SYSSTRINGPARAM3
	F	 0110 111A FFFF FFFF	1328
	A	 0110 111A 0011 0000	0
001062	6E30	MOVWF SYSPRINTDATAHANDLER,ACCESS
	K	 0000 1110 KKKK KKKK	20
001064	0E14	MOVLW HIGH SYSSTRINGPARAM3
	F	 0110 111A FFFF FFFF	1329
	A	 0110 111A 0011 0001	0
001066	6E31	MOVWF SYSPRINTDATAHANDLER_H,ACCESS
	K	 0000 1110 KKKK KKKK	1
001068	0E01	MOVLW 1
	F	 0110 111A FFFF FFFF	1295
	A	 0110 111A 0000 1111	0
00106A	6E0F	MOVWF COMPORT,ACCESS
	K	1111 KKKK KKKK KKKK:1110 110S KKKK KKKK	1822
	S	1111 0000 0000 0011:1110 110S 1000 1111	0
00106C	EC8F F003	CALL HSERPRINT359
	K	 0000 1110 KKKK KKKK	1
001070	0E01	MOVLW 1
	F	 0110 111A FFFF FFFF	1296
	A	 0110 111A 0001 0000	0
001072	6E10	MOVWF HSERPRINTCRLFCOUNT,ACCESS
	K	 0000 1110 KKKK KKKK	1
001074	0E01	MOVLW 1
	F	 0110 111A FFFF FFFF	1295
	A	 0110 111A 0000 1111	0
001076	6E0F	MOVWF COMPORT,ACCESS
	K	1111 KKKK KKKK KKKK:1110 110S KKKK KKKK	1992
	S	1111 0000 0000 0011:1110 110S 1110 0100	0
001078	ECE4 F003	CALL HSERPRINTCRLF
	F	1110 1110 00FF KKKK:1111 00KK KKKK KKKK	1
	K	1110 1110 0001 KKKK:1111 00KK KKKK KKKK	5164
00107C	EE15 F02C	LFSR 1,SYSSTRINGPARAM3
	F	 0110 101A FFFF FFFF	1286
	A	 0110 101A 0000 0110	0
001080	6A06	CLRF SYSSTRINGLENGTH,ACCESS
	K	 0000 1110 KKKK KKKK	142
001082	0E8E	MOVLW LOW STRINGTABLE58
	F	 0110 111A FFFF FFFF	1270
	A	 0110 111A 1111 0110	0
001084	6EF6	MOVWF TBLPTRL,ACCESS
	K	 0000 1110 KKKK KKKK	36
001086	0E24	MOVLW HIGH STRINGTABLE58
	F	 0110 111A FFFF FFFF	1271
	A	 0110 111A 1111 0111	0
001088	6EF7	MOVWF TBLPTRH,ACCESS
	K	 0000 1110 KKKK KKKK	0
00108A	0E00	MOVLW UPPER STRINGTABLE58
	F	 0110 111A FFFF FFFF	1272
	A	 0110 111A 1111 1000	0
00108C	6EF8	MOVWF TBLPTRU,ACCESS
	K	1111 KKKK KKKK KKKK:1110 110S KKKK KKKK	7572
	S	1111 0000 0000 1110:1110 110S 1100 1010	0
00108E	ECCA F00E	CALL SYSREADSTRINGPART
	K	 0000 1110 KKKK KKKK	112
001092	0E70	MOVLW LOW STRINGTABLE43
	F	 0110 111A FFFF FFFF	1270
	A	 0110 111A 1111 0110	0
001094	6EF6	MOVWF TBLPTRL,ACCESS
	K	 0000 1110 KKKK KKKK	35
001096	0E23	MOVLW HIGH STRINGTABLE43
	F	 0110 111A FFFF FFFF	1271
	A	 0110 111A 1111 0111	0
001098	6EF7	MOVWF TBLPTRH,ACCESS
	K	 0000 1110 KKKK KKKK	0
00109A	0E00	MOVLW UPPER STRINGTABLE43
	F	 0110 111A FFFF FFFF	1272
	A	 0110 111A 1111 1000	0
00109C	6EF8	MOVWF TBLPTRU,ACCESS
	K	1111 KKKK KKKK KKKK:1110 110S KKKK KKKK	7572
	S	1111 0000 0000 1110:1110 110S 1100 1010	0
00109E	ECCA F00E	CALL SYSREADSTRINGPART
	K	 0000 1110 KKKK KKKK	146
0010A2	0E92	MOVLW LOW STRINGTABLE59
	F	 0110 111A FFFF FFFF	1270
	A	 0110 111A 1111 0110	0
0010A4	6EF6	MOVWF TBLPTRL,ACCESS
	K	 0000 1110 KKKK KKKK	36
0010A6	0E24	MOVLW HIGH STRINGTABLE59
	F	 0110 111A FFFF FFFF	1271
	A	 0110 111A 1111 0111	0
0010A8	6EF7	MOVWF TBLPTRH,ACCESS
	K	 0000 1110 KKKK KKKK	0
0010AA	0E00	MOVLW UPPER STRINGTABLE59
	F	 0110 111A FFFF FFFF	1272
	A	 0110 111A 1111 1000	0
0010AC	6EF8	MOVWF TBLPTRU,ACCESS
	K	1111 KKKK KKKK KKKK:1110 110S KKKK KKKK	7572
	S	1111 0000 0000 1110:1110 110S 1100 1010	0
0010AE	ECCA F00E	CALL SYSREADSTRINGPART
	F	1110 1110 00FF KKKK:1111 00KK KKKK KKKK	0
	K	1110 1110 0000 KKKK:1111 00KK KKKK KKKK	5164
0010B2	EE05 F02C	LFSR 0,SYSSTRINGPARAM3
	S	1111 DDDD DDDD DDDD:1100 SSSS SSSS SSSS	1286
	D	1111 DDDD DDDD DDDD:1100 0101 0000 0110	1263
0010B6	C506 F4EF	MOVFF SYSSTRINGLENGTH, INDF0
	K	 0000 1110 KKKK KKKK	44
0010BA	0E2C	MOVLW LOW SYSSTRINGPARAM3
	F	 0110 111A FFFF FFFF	1328
	A	 0110 111A 0011 0000	0
0010BC	6E30	MOVWF SYSPRINTDATAHANDLER,ACCESS
	K	 0000 1110 KKKK KKKK	20
0010BE	0E14	MOVLW HIGH SYSSTRINGPARAM3
	F	 0110 111A FFFF FFFF	1329
	A	 0110 111A 0011 0001	0
0010C0	6E31	MOVWF SYSPRINTDATAHANDLER_H,ACCESS
	K	 0000 1110 KKKK KKKK	1
0010C2	0E01	MOVLW 1
	F	 0110 111A FFFF FFFF	1295
	A	 0110 111A 0000 1111	0
0010C4	6E0F	MOVWF COMPORT,ACCESS
	K	1111 KKKK KKKK KKKK:1110 110S KKKK KKKK	1822
	S	1111 0000 0000 0011:1110 110S 1000 1111	0
0010C6	EC8F F003	CALL HSERPRINT359
	S	1111 DDDD DDDD DDDD:1100 SSSS SSSS SSSS	801
	D	1111 DDDD DDDD DDDD:1100 0011 0010 0001	1293
0010CA	C321 F50D	MOVFF T2CLKCON,BYTENUM
	K	1111 KKKK KKKK KKKK:1110 110S KKKK KKKK	1234
	S	1111 0000 0000 0010:1110 110S 0110 1001	0
0010CE	EC69 F002	CALL FN_BYTETOBIN
	K	 0000 1110 KKKK KKKK	209
0010D2	0ED1	MOVLW LOW BYTETOBIN
	F	 0110 111A FFFF FFFF	1328
	A	 0110 111A 0011 0000	0
0010D4	6E30	MOVWF SYSPRINTDATAHANDLER,ACCESS
	K	 0000 1110 KKKK KKKK	19
0010D6	0E13	MOVLW HIGH BYTETOBIN
	F	 0110 111A FFFF FFFF	1329
	A	 0110 111A 0011 0001	0
0010D8	6E31	MOVWF SYSPRINTDATAHANDLER_H,ACCESS
	K	 0000 1110 KKKK KKKK	1
0010DA	0E01	MOVLW 1
	F	 0110 111A FFFF FFFF	1295
	A	 0110 111A 0000 1111	0
0010DC	6E0F	MOVWF COMPORT,ACCESS
	K	1111 KKKK KKKK KKKK:1110 110S KKKK KKKK	1822
	S	1111 0000 0000 0011:1110 110S 1000 1111	0
0010DE	EC8F F003	CALL HSERPRINT359
	S	1111 DDDD DDDD DDDD:1100 SSSS SSSS SSSS	801
	D	1111 DDDD DDDD DDDD:1100 0011 0010 0001	1347
0010E2	C321 F543	MOVFF T2CLKCON,SYSVALTEMP
	K	1111 KKKK KKKK KKKK:1110 110S KKKK KKKK	9382
	S	1111 0000 0001 0010:1110 110S 0101 0011	0
0010E6	EC53 F012	CALL FN__HEXPICAS
	F	1110 1110 00FF KKKK:1111 00KK KKKK KKKK	1
	K	1110 1110 0001 KKKK:1111 00KK KKKK KKKK	5164
0010EA	EE15 F02C	LFSR 1,SYSSTRINGPARAM3
	F	 0110 101A FFFF FFFF	1286
	A	 0110 101A 0000 0110	0
0010EE	6A06	CLRF SYSSTRINGLENGTH,ACCESS
	K	 0000 1110 KKKK KKKK	150
0010F0	0E96	MOVLW LOW STRINGTABLE60
	F	 0110 111A FFFF FFFF	1270
	A	 0110 111A 1111 0110	0
0010F2	6EF6	MOVWF TBLPTRL,ACCESS
	K	 0000 1110 KKKK KKKK	36
0010F4	0E24	MOVLW HIGH STRINGTABLE60
	F	 0110 111A FFFF FFFF	1271
	A	 0110 111A 1111 0111	0
0010F6	6EF7	MOVWF TBLPTRH,ACCESS
	K	 0000 1110 KKKK KKKK	0
0010F8	0E00	MOVLW UPPER STRINGTABLE60
	F	 0110 111A FFFF FFFF	1272
	A	 0110 111A 1111 1000	0
0010FA	6EF8	MOVWF TBLPTRU,ACCESS
	K	1111 KKKK KKKK KKKK:1110 110S KKKK KKKK	7572
	S	1111 0000 0000 1110:1110 110S 1100 1010	0
0010FC	ECCA F00E	CALL SYSREADSTRINGPART
	F	1110 1110 00FF KKKK:1111 00KK KKKK KKKK	0
	K	1110 1110 0000 KKKK:1111 00KK KKKK KKKK	5063
001100	EE04 F3C7	LFSR 0,_HEXPICAS
	K	1111 KKKK KKKK KKKK:1110 110S KKKK KKKK	7086
	S	1111 0000 0000 1101:1110 110S 1101 0111	0
001104	ECD7 F00D	CALL SYSCOPYSTRINGPART
	F	1110 1110 00FF KKKK:1111 00KK KKKK KKKK	0
	K	1110 1110 0000 KKKK:1111 00KK KKKK KKKK	5164
001108	EE05 F02C	LFSR 0,SYSSTRINGPARAM3
	S	1111 DDDD DDDD DDDD:1100 SSSS SSSS SSSS	1286
	D	1111 DDDD DDDD DDDD:1100 0101 0000 0110	1263
00110C	C506 F4EF	MOVFF SYSSTRINGLENGTH, INDF0
	K	 0000 1110 KKKK KKKK	44
001110	0E2C	MOVLW LOW SYSSTRINGPARAM3
	F	 0110 111A FFFF FFFF	1328
	A	 0110 111A 0011 0000	0
001112	6E30	MOVWF SYSPRINTDATAHANDLER,ACCESS
	K	 0000 1110 KKKK KKKK	20
001114	0E14	MOVLW HIGH SYSSTRINGPARAM3
	F	 0110 111A FFFF FFFF	1329
	A	 0110 111A 0011 0001	0
001116	6E31	MOVWF SYSPRINTDATAHANDLER_H,ACCESS
	K	 0000 1110 KKKK KKKK	1
001118	0E01	MOVLW 1
	F	 0110 111A FFFF FFFF	1295
	A	 0110 111A 0000 1111	0
00111A	6E0F	MOVWF COMPORT,ACCESS
	K	1111 KKKK KKKK KKKK:1110 110S KKKK KKKK	1822
	S	1111 0000 0000 0011:1110 110S 1000 1111	0
00111C	EC8F F003	CALL HSERPRINT359
	S	1111 DDDD DDDD DDDD:1100 SSSS SSSS SSSS	801
	D	1111 DDDD DDDD DDDD:1100 0011 0010 0001	1347
001120	C321 F543	MOVFF T2CLKCON,SYSVALTEMP
	F	 0110 101A FFFF FFFF	1348
	A	 0110 101A 0100 0100	0
001124	6A44	CLRF SYSVALTEMP_H,ACCESS
	K	1111 KKKK KKKK KKKK:1110 110S KKKK KKKK	6614
	S	1111 0000 0000 1100:1110 110S 1110 1011	0
001126	ECEB F00C	CALL FN_STR
	K	 0000 1110 KKKK KKKK	203
00112A	0ECB	MOVLW LOW STR
	F	 0110 111A FFFF FFFF	1340
	A	 0110 111A 0011 1100	0
00112C	6E3C	MOVWF SYSSYSINSTRINGHANDLER,ACCESS
	K	 0000 1110 KKKK KKKK	19
00112E	0E13	MOVLW HIGH STR
	F	 0110 111A FFFF FFFF	1341
	A	 0110 111A 0011 1101	0
001130	6E3D	MOVWF SYSSYSINSTRINGHANDLER_H,ACCESS
	K	 0000 1110 KKKK KKKK	10
001132	0E0A	MOVLW 10
	F	 0110 111A FFFF FFFF	1337
	A	 0110 111A 0011 1001	0
001134	6E39	MOVWF SYSSTRLEN,ACCESS
	F	1110 1110 00FF KKKK:1111 00KK KKKK KKKK	1
	K	1110 1110 0001 KKKK:1111 00KK KKKK KKKK	5164
001136	EE15 F02C	LFSR 1,SYSSTRINGPARAM3
	K	 0000 1110 KKKK KKKK	160
00113A	0EA0	MOVLW LOW STRINGTABLE62
	F	 0110 111A FFFF FFFF	1270
	A	 0110 111A 1111 0110	0
00113C	6EF6	MOVWF TBLPTRL,ACCESS
	K	 0000 1110 KKKK KKKK	36
00113E	0E24	MOVLW HIGH STRINGTABLE62
	F	 0110 111A FFFF FFFF	1271
	A	 0110 111A 1111 0111	0
001140	6EF7	MOVWF TBLPTRH,ACCESS
	K	 0000 1110 KKKK KKKK	0
001142	0E00	MOVLW UPPER STRINGTABLE62
	F	 0110 111A FFFF FFFF	1272
	A	 0110 111A 1111 1000	0
001144	6EF8	MOVWF TBLPTRU,ACCESS
	K	1111 KKKK KKKK KKKK:1110 110S KKKK KKKK	7560
	S	1111 0000 0000 1110:1110 110S 1100 0100	0
001146	ECC4 F00E	CALL SYSREADSTRING
	K	 0000 1110 KKKK KKKK	44
00114A	0E2C	MOVLW LOW SYSSTRINGPARAM3
	F	 0110 111A FFFF FFFF	1338
	A	 0110 111A 0011 1010	0
00114C	6E3A	MOVWF SYSSYSINSTRING3HANDLER,ACCESS
	K	 0000 1110 KKKK KKKK	20
00114E	0E14	MOVLW HIGH SYSSTRINGPARAM3
	F	 0110 111A FFFF FFFF	1339
	A	 0110 111A 0011 1011	0
001150	6E3B	MOVWF SYSSYSINSTRING3HANDLER_H,ACCESS
	K	1111 KKKK KKKK KKKK:1110 110S KKKK KKKK	2274
	S	1111 0000 0000 0100:1110 110S 0111 0001	0
001152	EC71 F004	CALL FN_PAD
	F	1110 1110 00FF KKKK:1111 00KK KKKK KKKK	1
	K	1110 1110 0001 KKKK:1111 00KK KKKK KKKK	5164
001156	EE15 F02C	LFSR 1,SYSSTRINGPARAM3
	F	 0110 101A FFFF FFFF	1286
	A	 0110 101A 0000 0110	0
00115A	6A06	CLRF SYSSTRINGLENGTH,ACCESS
	K	 0000 1110 KKKK KKKK	156
00115C	0E9C	MOVLW LOW STRINGTABLE61
	F	 0110 111A FFFF FFFF	1270
	A	 0110 111A 1111 0110	0
00115E	6EF6	MOVWF TBLPTRL,ACCESS
	K	 0000 1110 KKKK KKKK	36
001160	0E24	MOVLW HIGH STRINGTABLE61
	F	 0110 111A FFFF FFFF	1271
	A	 0110 111A 1111 0111	0
001162	6EF7	MOVWF TBLPTRH,ACCESS
	K	 0000 1110 KKKK KKKK	0
001164	0E00	MOVLW UPPER STRINGTABLE61
	F	 0110 111A FFFF FFFF	1272
	A	 0110 111A 1111 1000	0
001166	6EF8	MOVWF TBLPTRU,ACCESS
	K	1111 KKKK KKKK KKKK:1110 110S KKKK KKKK	7572
	S	1111 0000 0000 1110:1110 110S 1100 1010	0
001168	ECCA F00E	CALL SYSREADSTRINGPART
	F	1110 1110 00FF KKKK:1111 00KK KKKK KKKK	0
	K	1110 1110 0000 KKKK:1111 00KK KKKK KKKK	5082
00116C	EE04 F3DA	LFSR 0,PAD
	K	1111 KKKK KKKK KKKK:1110 110S KKKK KKKK	7086
	S	1111 0000 0000 1101:1110 110S 1101 0111	0
001170	ECD7 F00D	CALL SYSCOPYSTRINGPART
	F	1110 1110 00FF KKKK:1111 00KK KKKK KKKK	0
	K	1110 1110 0000 KKKK:1111 00KK KKKK KKKK	5164
001174	EE05 F02C	LFSR 0,SYSSTRINGPARAM3
	S	1111 DDDD DDDD DDDD:1100 SSSS SSSS SSSS	1286
	D	1111 DDDD DDDD DDDD:1100 0101 0000 0110	1263
001178	C506 F4EF	MOVFF SYSSTRINGLENGTH, INDF0
	K	 0000 1110 KKKK KKKK	44
00117C	0E2C	MOVLW LOW SYSSTRINGPARAM3
	F	 0110 111A FFFF FFFF	1328
	A	 0110 111A 0011 0000	0
00117E	6E30	MOVWF SYSPRINTDATAHANDLER,ACCESS
	K	 0000 1110 KKKK KKKK	20
001180	0E14	MOVLW HIGH SYSSTRINGPARAM3
	F	 0110 111A FFFF FFFF	1329
	A	 0110 111A 0011 0001	0
001182	6E31	MOVWF SYSPRINTDATAHANDLER_H,ACCESS
	K	 0000 1110 KKKK KKKK	1
001184	0E01	MOVLW 1
	F	 0110 111A FFFF FFFF	1295
	A	 0110 111A 0000 1111	0
001186	6E0F	MOVWF COMPORT,ACCESS
	K	1111 KKKK KKKK KKKK:1110 110S KKKK KKKK	1822
	S	1111 0000 0000 0011:1110 110S 1000 1111	0
001188	EC8F F003	CALL HSERPRINT359
	K	 0000 1110 KKKK KKKK	9
00118C	0E09	MOVLW 9
	F	 0110 111A FFFF FFFF	1314
	A	 0110 111A 0010 0010	0
00118E	6E22	MOVWF SYSCHAR,ACCESS
	K	1111 KKKK KKKK KKKK:1110 110S KKKK KKKK	1506
	S	1111 0000 0000 0010:1110 110S 1111 0001	0
001190	ECF1 F002	CALL FN_CHR
	F	1110 1110 00FF KKKK:1111 00KK KKKK KKKK	1
	K	1110 1110 0001 KKKK:1111 00KK KKKK KKKK	5164
001194	EE15 F02C	LFSR 1,SYSSTRINGPARAM3
	F	 0110 101A FFFF FFFF	1286
	A	 0110 101A 0000 0110	0
001198	6A06	CLRF SYSSTRINGLENGTH,ACCESS
	F	1110 1110 00FF KKKK:1111 00KK KKKK KKKK	0
	K	1110 1110 0000 KKKK:1111 00KK KKKK KKKK	5123
00119A	EE05 F003	LFSR 0,CHR
	K	1111 KKKK KKKK KKKK:1110 110S KKKK KKKK	7086
	S	1111 0000 0000 1101:1110 110S 1101 0111	0
00119E	ECD7 F00D	CALL SYSCOPYSTRINGPART
	K	 0000 1110 KKKK KKKK	126
0011A2	0E7E	MOVLW LOW STRINGTABLE44
	F	 0110 111A FFFF FFFF	1270
	A	 0110 111A 1111 0110	0
0011A4	6EF6	MOVWF TBLPTRL,ACCESS
	K	 0000 1110 KKKK KKKK	35
0011A6	0E23	MOVLW HIGH STRINGTABLE44
	F	 0110 111A FFFF FFFF	1271
	A	 0110 111A 1111 0111	0
0011A8	6EF7	MOVWF TBLPTRH,ACCESS
	K	 0000 1110 KKKK KKKK	0
0011AA	0E00	MOVLW UPPER STRINGTABLE44
	F	 0110 111A FFFF FFFF	1272
	A	 0110 111A 1111 1000	0
0011AC	6EF8	MOVWF TBLPTRU,ACCESS
	K	1111 KKKK KKKK KKKK:1110 110S KKKK KKKK	7572
	S	1111 0000 0000 1110:1110 110S 1100 1010	0
0011AE	ECCA F00E	CALL SYSREADSTRINGPART
	F	1110 1110 00FF KKKK:1111 00KK KKKK KKKK	0
	K	1110 1110 0000 KKKK:1111 00KK KKKK KKKK	5164
0011B2	EE05 F02C	LFSR 0,SYSSTRINGPARAM3
	S	1111 DDDD DDDD DDDD:1100 SSSS SSSS SSSS	1286
	D	1111 DDDD DDDD DDDD:1100 0101 0000 0110	1263
0011B6	C506 F4EF	MOVFF SYSSTRINGLENGTH, INDF0
	K	 0000 1110 KKKK KKKK	44
0011BA	0E2C	MOVLW LOW SYSSTRINGPARAM3
	F	 0110 111A FFFF FFFF	1328
	A	 0110 111A 0011 0000	0
0011BC	6E30	MOVWF SYSPRINTDATAHANDLER,ACCESS
	K	 0000 1110 KKKK KKKK	20
0011BE	0E14	MOVLW HIGH SYSSTRINGPARAM3
	F	 0110 111A FFFF FFFF	1329
	A	 0110 111A 0011 0001	0
0011C0	6E31	MOVWF SYSPRINTDATAHANDLER_H,ACCESS
	K	 0000 1110 KKKK KKKK	1
0011C2	0E01	MOVLW 1
	F	 0110 111A FFFF FFFF	1295
	A	 0110 111A 0000 1111	0
0011C4	6E0F	MOVWF COMPORT,ACCESS
	K	1111 KKKK KKKK KKKK:1110 110S KKKK KKKK	1822
	S	1111 0000 0000 0011:1110 110S 1000 1111	0
0011C6	EC8F F003	CALL HSERPRINT359
	K	 0000 1110 KKKK KKKK	1
0011CA	0E01	MOVLW 1
	F	 0110 111A FFFF FFFF	1296
	A	 0110 111A 0001 0000	0
0011CC	6E10	MOVWF HSERPRINTCRLFCOUNT,ACCESS
	K	 0000 1110 KKKK KKKK	1
0011CE	0E01	MOVLW 1
	F	 0110 111A FFFF FFFF	1295
	A	 0110 111A 0000 1111	0
0011D0	6E0F	MOVWF COMPORT,ACCESS
	K	1111 KKKK KKKK KKKK:1110 110S KKKK KKKK	1992
	S	1111 0000 0000 0011:1110 110S 1110 0100	0
0011D2	ECE4 F003	CALL HSERPRINTCRLF
	F	1110 1110 00FF KKKK:1111 00KK KKKK KKKK	1
	K	1110 1110 0001 KKKK:1111 00KK KKKK KKKK	5164
0011D6	EE15 F02C	LFSR 1,SYSSTRINGPARAM3
	F	 0110 101A FFFF FFFF	1286
	A	 0110 101A 0000 0110	0
0011DA	6A06	CLRF SYSSTRINGLENGTH,ACCESS
	K	 0000 1110 KKKK KKKK	142
0011DC	0E8E	MOVLW LOW STRINGTABLE58
	F	 0110 111A FFFF FFFF	1270
	A	 0110 111A 1111 0110	0
0011DE	6EF6	MOVWF TBLPTRL,ACCESS
	K	 0000 1110 KKKK KKKK	36
0011E0	0E24	MOVLW HIGH STRINGTABLE58
	F	 0110 111A FFFF FFFF	1271
	A	 0110 111A 1111 0111	0
0011E2	6EF7	MOVWF TBLPTRH,ACCESS
	K	 0000 1110 KKKK KKKK	0
0011E4	0E00	MOVLW UPPER STRINGTABLE58
	F	 0110 111A FFFF FFFF	1272
	A	 0110 111A 1111 1000	0
0011E6	6EF8	MOVWF TBLPTRU,ACCESS
	K	1111 KKKK KKKK KKKK:1110 110S KKKK KKKK	7572
	S	1111 0000 0000 1110:1110 110S 1100 1010	0
0011E8	ECCA F00E	CALL SYSREADSTRINGPART
	K	 0000 1110 KKKK KKKK	150
0011EC	0E96	MOVLW LOW STRINGTABLE45
	F	 0110 111A FFFF FFFF	1270
	A	 0110 111A 1111 0110	0
0011EE	6EF6	MOVWF TBLPTRL,ACCESS
	K	 0000 1110 KKKK KKKK	35
0011F0	0E23	MOVLW HIGH STRINGTABLE45
	F	 0110 111A FFFF FFFF	1271
	A	 0110 111A 1111 0111	0
0011F2	6EF7	MOVWF TBLPTRH,ACCESS
	K	 0000 1110 KKKK KKKK	0
0011F4	0E00	MOVLW UPPER STRINGTABLE45
	F	 0110 111A FFFF FFFF	1272
	A	 0110 111A 1111 1000	0
0011F6	6EF8	MOVWF TBLPTRU,ACCESS
	K	1111 KKKK KKKK KKKK:1110 110S KKKK KKKK	7572
	S	1111 0000 0000 1110:1110 110S 1100 1010	0
0011F8	ECCA F00E	CALL SYSREADSTRINGPART
	K	 0000 1110 KKKK KKKK	146
0011FC	0E92	MOVLW LOW STRINGTABLE59
	F	 0110 111A FFFF FFFF	1270
	A	 0110 111A 1111 0110	0
0011FE	6EF6	MOVWF TBLPTRL,ACCESS
	K	 0000 1110 KKKK KKKK	36
001200	0E24	MOVLW HIGH STRINGTABLE59
	F	 0110 111A FFFF FFFF	1271
	A	 0110 111A 1111 0111	0
001202	6EF7	MOVWF TBLPTRH,ACCESS
	K	 0000 1110 KKKK KKKK	0
001204	0E00	MOVLW UPPER STRINGTABLE59
	F	 0110 111A FFFF FFFF	1272
	A	 0110 111A 1111 1000	0
001206	6EF8	MOVWF TBLPTRU,ACCESS
	K	1111 KKKK KKKK KKKK:1110 110S KKKK KKKK	7572
	S	1111 0000 0000 1110:1110 110S 1100 1010	0
001208	ECCA F00E	CALL SYSREADSTRINGPART
	F	1110 1110 00FF KKKK:1111 00KK KKKK KKKK	0
	K	1110 1110 0000 KKKK:1111 00KK KKKK KKKK	5164
00120C	EE05 F02C	LFSR 0,SYSSTRINGPARAM3
	S	1111 DDDD DDDD DDDD:1100 SSSS SSSS SSSS	1286
	D	1111 DDDD DDDD DDDD:1100 0101 0000 0110	1263
001210	C506 F4EF	MOVFF SYSSTRINGLENGTH, INDF0
	K	 0000 1110 KKKK KKKK	44
001214	0E2C	MOVLW LOW SYSSTRINGPARAM3
	F	 0110 111A FFFF FFFF	1328
	A	 0110 111A 0011 0000	0
001216	6E30	MOVWF SYSPRINTDATAHANDLER,ACCESS
	K	 0000 1110 KKKK KKKK	20
001218	0E14	MOVLW HIGH SYSSTRINGPARAM3
	F	 0110 111A FFFF FFFF	1329
	A	 0110 111A 0011 0001	0
00121A	6E31	MOVWF SYSPRINTDATAHANDLER_H,ACCESS
	K	 0000 1110 KKKK KKKK	1
00121C	0E01	MOVLW 1
	F	 0110 111A FFFF FFFF	1295
	A	 0110 111A 0000 1111	0
00121E	6E0F	MOVWF COMPORT,ACCESS
	K	1111 KKKK KKKK KKKK:1110 110S KKKK KKKK	1822
	S	1111 0000 0000 0011:1110 110S 1000 1111	0
001220	EC8F F003	CALL HSERPRINT359
	S	1111 DDDD DDDD DDDD:1100 SSSS SSSS SSSS	833
	D	1111 DDDD DDDD DDDD:1100 0011 0100 0001	1293
001224	C341 F50D	MOVFF CCPR1H,BYTENUM
	K	1111 KKKK KKKK KKKK:1110 110S KKKK KKKK	1234
	S	1111 0000 0000 0010:1110 110S 0110 1001	0
001228	EC69 F002	CALL FN_BYTETOBIN
	K	 0000 1110 KKKK KKKK	209
00122C	0ED1	MOVLW LOW BYTETOBIN
	F	 0110 111A FFFF FFFF	1328
	A	 0110 111A 0011 0000	0
00122E	6E30	MOVWF SYSPRINTDATAHANDLER,ACCESS
	K	 0000 1110 KKKK KKKK	19
001230	0E13	MOVLW HIGH BYTETOBIN
	F	 0110 111A FFFF FFFF	1329
	A	 0110 111A 0011 0001	0
001232	6E31	MOVWF SYSPRINTDATAHANDLER_H,ACCESS
	K	 0000 1110 KKKK KKKK	1
001234	0E01	MOVLW 1
	F	 0110 111A FFFF FFFF	1295
	A	 0110 111A 0000 1111	0
001236	6E0F	MOVWF COMPORT,ACCESS
	K	1111 KKKK KKKK KKKK:1110 110S KKKK KKKK	1822
	S	1111 0000 0000 0011:1110 110S 1000 1111	0
001238	EC8F F003	CALL HSERPRINT359
	S	1111 DDDD DDDD DDDD:1100 SSSS SSSS SSSS	833
	D	1111 DDDD DDDD DDDD:1100 0011 0100 0001	1347
00123C	C341 F543	MOVFF CCPR1H,SYSVALTEMP
	K	1111 KKKK KKKK KKKK:1110 110S KKKK KKKK	9382
	S	1111 0000 0001 0010:1110 110S 0101 0011	0
001240	EC53 F012	CALL FN__HEXPICAS
	F	1110 1110 00FF KKKK:1111 00KK KKKK KKKK	1
	K	1110 1110 0001 KKKK:1111 00KK KKKK KKKK	5164
001244	EE15 F02C	LFSR 1,SYSSTRINGPARAM3
	F	 0110 101A FFFF FFFF	1286
	A	 0110 101A 0000 0110	0
001248	6A06	CLRF SYSSTRINGLENGTH,ACCESS
	K	 0000 1110 KKKK KKKK	150
00124A	0E96	MOVLW LOW STRINGTABLE60
	F	 0110 111A FFFF FFFF	1270
	A	 0110 111A 1111 0110	0
00124C	6EF6	MOVWF TBLPTRL,ACCESS
	K	 0000 1110 KKKK KKKK	36
00124E	0E24	MOVLW HIGH STRINGTABLE60
	F	 0110 111A FFFF FFFF	1271
	A	 0110 111A 1111 0111	0
001250	6EF7	MOVWF TBLPTRH,ACCESS
	K	 0000 1110 KKKK KKKK	0
001252	0E00	MOVLW UPPER STRINGTABLE60
	F	 0110 111A FFFF FFFF	1272
	A	 0110 111A 1111 1000	0
001254	6EF8	MOVWF TBLPTRU,ACCESS
	K	1111 KKKK KKKK KKKK:1110 110S KKKK KKKK	7572
	S	1111 0000 0000 1110:1110 110S 1100 1010	0
001256	ECCA F00E	CALL SYSREADSTRINGPART
	F	1110 1110 00FF KKKK:1111 00KK KKKK KKKK	0
	K	1110 1110 0000 KKKK:1111 00KK KKKK KKKK	5063
00125A	EE04 F3C7	LFSR 0,_HEXPICAS
	K	1111 KKKK KKKK KKKK:1110 110S KKKK KKKK	7086
	S	1111 0000 0000 1101:1110 110S 1101 0111	0
00125E	ECD7 F00D	CALL SYSCOPYSTRINGPART
	F	1110 1110 00FF KKKK:1111 00KK KKKK KKKK	0
	K	1110 1110 0000 KKKK:1111 00KK KKKK KKKK	5164
001262	EE05 F02C	LFSR 0,SYSSTRINGPARAM3
	S	1111 DDDD DDDD DDDD:1100 SSSS SSSS SSSS	1286
	D	1111 DDDD DDDD DDDD:1100 0101 0000 0110	1263
001266	C506 F4EF	MOVFF SYSSTRINGLENGTH, INDF0
	K	 0000 1110 KKKK KKKK	44
00126A	0E2C	MOVLW LOW SYSSTRINGPARAM3
	F	 0110 111A FFFF FFFF	1328
	A	 0110 111A 0011 0000	0
00126C	6E30	MOVWF SYSPRINTDATAHANDLER,ACCESS
	K	 0000 1110 KKKK KKKK	20
00126E	0E14	MOVLW HIGH SYSSTRINGPARAM3
	F	 0110 111A FFFF FFFF	1329
	A	 0110 111A 0011 0001	0
001270	6E31	MOVWF SYSPRINTDATAHANDLER_H,ACCESS
	K	 0000 1110 KKKK KKKK	1
001272	0E01	MOVLW 1
	F	 0110 111A FFFF FFFF	1295
	A	 0110 111A 0000 1111	0
001274	6E0F	MOVWF COMPORT,ACCESS
	K	1111 KKKK KKKK KKKK:1110 110S KKKK KKKK	1822
	S	1111 0000 0000 0011:1110 110S 1000 1111	0
001276	EC8F F003	CALL HSERPRINT359
	S	1111 DDDD DDDD DDDD:1100 SSSS SSSS SSSS	833
	D	1111 DDDD DDDD DDDD:1100 0011 0100 0001	1347
00127A	C341 F543	MOVFF CCPR1H,SYSVALTEMP
	F	 0110 101A FFFF FFFF	1348
	A	 0110 101A 0100 0100	0
00127E	6A44	CLRF SYSVALTEMP_H,ACCESS
	N	 1101 1NNN NNNN NNNN	938
001280	DBAA	RCALL FN_STR
	K	 0000 1110 KKKK KKKK	203
001282	0ECB	MOVLW LOW STR
	F	 0110 111A FFFF FFFF	1340
	A	 0110 111A 0011 1100	0
001284	6E3C	MOVWF SYSSYSINSTRINGHANDLER,ACCESS
	K	 0000 1110 KKKK KKKK	19
001286	0E13	MOVLW HIGH STR
	F	 0110 111A FFFF FFFF	1341
	A	 0110 111A 0011 1101	0
001288	6E3D	MOVWF SYSSYSINSTRINGHANDLER_H,ACCESS
	K	 0000 1110 KKKK KKKK	10
00128A	0E0A	MOVLW 10
	F	 0110 111A FFFF FFFF	1337
	A	 0110 111A 0011 1001	0
00128C	6E39	MOVWF SYSSTRLEN,ACCESS
	F	1110 1110 00FF KKKK:1111 00KK KKKK KKKK	1
	K	1110 1110 0001 KKKK:1111 00KK KKKK KKKK	5164
00128E	EE15 F02C	LFSR 1,SYSSTRINGPARAM3
	K	 0000 1110 KKKK KKKK	160
001292	0EA0	MOVLW LOW STRINGTABLE62
	F	 0110 111A FFFF FFFF	1270
	A	 0110 111A 1111 0110	0
001294	6EF6	MOVWF TBLPTRL,ACCESS
	K	 0000 1110 KKKK KKKK	36
001296	0E24	MOVLW HIGH STRINGTABLE62
	F	 0110 111A FFFF FFFF	1271
	A	 0110 111A 1111 0111	0
001298	6EF7	MOVWF TBLPTRH,ACCESS
	K	 0000 1110 KKKK KKKK	0
00129A	0E00	MOVLW UPPER STRINGTABLE62
	F	 0110 111A FFFF FFFF	1272
	A	 0110 111A 1111 1000	0
00129C	6EF8	MOVWF TBLPTRU,ACCESS
	K	1111 KKKK KKKK KKKK:1110 110S KKKK KKKK	7560
	S	1111 0000 0000 1110:1110 110S 1100 0100	0
00129E	ECC4 F00E	CALL SYSREADSTRING
	K	 0000 1110 KKKK KKKK	44
0012A2	0E2C	MOVLW LOW SYSSTRINGPARAM3
	F	 0110 111A FFFF FFFF	1338
	A	 0110 111A 0011 1010	0
0012A4	6E3A	MOVWF SYSSYSINSTRING3HANDLER,ACCESS
	K	 0000 1110 KKKK KKKK	20
0012A6	0E14	MOVLW HIGH SYSSTRINGPARAM3
	F	 0110 111A FFFF FFFF	1339
	A	 0110 111A 0011 1011	0
0012A8	6E3B	MOVWF SYSSYSINSTRING3HANDLER_H,ACCESS
	K	1111 KKKK KKKK KKKK:1110 110S KKKK KKKK	2274
	S	1111 0000 0000 0100:1110 110S 0111 0001	0
0012AA	EC71 F004	CALL FN_PAD
	F	1110 1110 00FF KKKK:1111 00KK KKKK KKKK	1
	K	1110 1110 0001 KKKK:1111 00KK KKKK KKKK	5164
0012AE	EE15 F02C	LFSR 1,SYSSTRINGPARAM3
	F	 0110 101A FFFF FFFF	1286
	A	 0110 101A 0000 0110	0
0012B2	6A06	CLRF SYSSTRINGLENGTH,ACCESS
	K	 0000 1110 KKKK KKKK	156
0012B4	0E9C	MOVLW LOW STRINGTABLE61
	F	 0110 111A FFFF FFFF	1270
	A	 0110 111A 1111 0110	0
0012B6	6EF6	MOVWF TBLPTRL,ACCESS
	K	 0000 1110 KKKK KKKK	36
0012B8	0E24	MOVLW HIGH STRINGTABLE61
	F	 0110 111A FFFF FFFF	1271
	A	 0110 111A 1111 0111	0
0012BA	6EF7	MOVWF TBLPTRH,ACCESS
	K	 0000 1110 KKKK KKKK	0
0012BC	0E00	MOVLW UPPER STRINGTABLE61
	F	 0110 111A FFFF FFFF	1272
	A	 0110 111A 1111 1000	0
0012BE	6EF8	MOVWF TBLPTRU,ACCESS
	K	1111 KKKK KKKK KKKK:1110 110S KKKK KKKK	7572
	S	1111 0000 0000 1110:1110 110S 1100 1010	0
0012C0	ECCA F00E	CALL SYSREADSTRINGPART
	F	1110 1110 00FF KKKK:1111 00KK KKKK KKKK	0
	K	1110 1110 0000 KKKK:1111 00KK KKKK KKKK	5082
0012C4	EE04 F3DA	LFSR 0,PAD
	K	1111 KKKK KKKK KKKK:1110 110S KKKK KKKK	7086
	S	1111 0000 0000 1101:1110 110S 1101 0111	0
0012C8	ECD7 F00D	CALL SYSCOPYSTRINGPART
	F	1110 1110 00FF KKKK:1111 00KK KKKK KKKK	0
	K	1110 1110 0000 KKKK:1111 00KK KKKK KKKK	5164
0012CC	EE05 F02C	LFSR 0,SYSSTRINGPARAM3
	S	1111 DDDD DDDD DDDD:1100 SSSS SSSS SSSS	1286
	D	1111 DDDD DDDD DDDD:1100 0101 0000 0110	1263
0012D0	C506 F4EF	MOVFF SYSSTRINGLENGTH, INDF0
	K	 0000 1110 KKKK KKKK	44
0012D4	0E2C	MOVLW LOW SYSSTRINGPARAM3
	F	 0110 111A FFFF FFFF	1328
	A	 0110 111A 0011 0000	0
0012D6	6E30	MOVWF SYSPRINTDATAHANDLER,ACCESS
	K	 0000 1110 KKKK KKKK	20
0012D8	0E14	MOVLW HIGH SYSSTRINGPARAM3
	F	 0110 111A FFFF FFFF	1329
	A	 0110 111A 0011 0001	0
0012DA	6E31	MOVWF SYSPRINTDATAHANDLER_H,ACCESS
	K	 0000 1110 KKKK KKKK	1
0012DC	0E01	MOVLW 1
	F	 0110 111A FFFF FFFF	1295
	A	 0110 111A 0000 1111	0
0012DE	6E0F	MOVWF COMPORT,ACCESS
	K	1111 KKKK KKKK KKKK:1110 110S KKKK KKKK	1822
	S	1111 0000 0000 0011:1110 110S 1000 1111	0
0012E0	EC8F F003	CALL HSERPRINT359
	K	 0000 1110 KKKK KKKK	9
0012E4	0E09	MOVLW 9
	F	 0110 111A FFFF FFFF	1314
	A	 0110 111A 0010 0010	0
0012E6	6E22	MOVWF SYSCHAR,ACCESS
	K	1111 KKKK KKKK KKKK:1110 110S KKKK KKKK	1506
	S	1111 0000 0000 0010:1110 110S 1111 0001	0
0012E8	ECF1 F002	CALL FN_CHR
	F	1110 1110 00FF KKKK:1111 00KK KKKK KKKK	1
	K	1110 1110 0001 KKKK:1111 00KK KKKK KKKK	5164
0012EC	EE15 F02C	LFSR 1,SYSSTRINGPARAM3
	F	 0110 101A FFFF FFFF	1286
	A	 0110 101A 0000 0110	0
0012F0	6A06	CLRF SYSSTRINGLENGTH,ACCESS
	F	1110 1110 00FF KKKK:1111 00KK KKKK KKKK	0
	K	1110 1110 0000 KKKK:1111 00KK KKKK KKKK	5123
0012F2	EE05 F003	LFSR 0,CHR
	K	1111 KKKK KKKK KKKK:1110 110S KKKK KKKK	7086
	S	1111 0000 0000 1101:1110 110S 1101 0111	0
0012F6	ECD7 F00D	CALL SYSCOPYSTRINGPART
	K	 0000 1110 KKKK KKKK	164
0012FA	0EA4	MOVLW LOW STRINGTABLE46
	F	 0110 111A FFFF FFFF	1270
	A	 0110 111A 1111 0110	0
0012FC	6EF6	MOVWF TBLPTRL,ACCESS
	K	 0000 1110 KKKK KKKK	35
0012FE	0E23	MOVLW HIGH STRINGTABLE46
	F	 0110 111A FFFF FFFF	1271
	A	 0110 111A 1111 0111	0
001300	6EF7	MOVWF TBLPTRH,ACCESS
	K	 0000 1110 KKKK KKKK	0
001302	0E00	MOVLW UPPER STRINGTABLE46
	F	 0110 111A FFFF FFFF	1272
	A	 0110 111A 1111 1000	0
001304	6EF8	MOVWF TBLPTRU,ACCESS
	K	1111 KKKK KKKK KKKK:1110 110S KKKK KKKK	7572
	S	1111 0000 0000 1110:1110 110S 1100 1010	0
001306	ECCA F00E	CALL SYSREADSTRINGPART
	F	1110 1110 00FF KKKK:1111 00KK KKKK KKKK	0
	K	1110 1110 0000 KKKK:1111 00KK KKKK KKKK	5164
00130A	EE05 F02C	LFSR 0,SYSSTRINGPARAM3
	S	1111 DDDD DDDD DDDD:1100 SSSS SSSS SSSS	1286
	D	1111 DDDD DDDD DDDD:1100 0101 0000 0110	1263
00130E	C506 F4EF	MOVFF SYSSTRINGLENGTH, INDF0
	K	 0000 1110 KKKK KKKK	44
001312	0E2C	MOVLW LOW SYSSTRINGPARAM3
	F	 0110 111A FFFF FFFF	1328
	A	 0110 111A 0011 0000	0
001314	6E30	MOVWF SYSPRINTDATAHANDLER,ACCESS
	K	 0000 1110 KKKK KKKK	20
001316	0E14	MOVLW HIGH SYSSTRINGPARAM3
	F	 0110 111A FFFF FFFF	1329
	A	 0110 111A 0011 0001	0
001318	6E31	MOVWF SYSPRINTDATAHANDLER_H,ACCESS
	K	 0000 1110 KKKK KKKK	1
00131A	0E01	MOVLW 1
	F	 0110 111A FFFF FFFF	1295
	A	 0110 111A 0000 1111	0
00131C	6E0F	MOVWF COMPORT,ACCESS
	K	1111 KKKK KKKK KKKK:1110 110S KKKK KKKK	1822
	S	1111 0000 0000 0011:1110 110S 1000 1111	0
00131E	EC8F F003	CALL HSERPRINT359
	K	 0000 1110 KKKK KKKK	1
001322	0E01	MOVLW 1
	F	 0110 111A FFFF FFFF	1296
	A	 0110 111A 0001 0000	0
001324	6E10	MOVWF HSERPRINTCRLFCOUNT,ACCESS
	K	 0000 1110 KKKK KKKK	1
001326	0E01	MOVLW 1
	F	 0110 111A FFFF FFFF	1295
	A	 0110 111A 0000 1111	0
001328	6E0F	MOVWF COMPORT,ACCESS
	K	1111 KKKK KKKK KKKK:1110 110S KKKK KKKK	1992
	S	1111 0000 0000 0011:1110 110S 1110 0100	0
00132A	ECE4 F003	CALL HSERPRINTCRLF
	F	1110 1110 00FF KKKK:1111 00KK KKKK KKKK	1
	K	1110 1110 0001 KKKK:1111 00KK KKKK KKKK	5164
00132E	EE15 F02C	LFSR 1,SYSSTRINGPARAM3
	F	 0110 101A FFFF FFFF	1286
	A	 0110 101A 0000 0110	0
001332	6A06	CLRF SYSSTRINGLENGTH,ACCESS
	K	 0000 1110 KKKK KKKK	142
001334	0E8E	MOVLW LOW STRINGTABLE58
	F	 0110 111A FFFF FFFF	1270
	A	 0110 111A 1111 0110	0
001336	6EF6	MOVWF TBLPTRL,ACCESS
	K	 0000 1110 KKKK KKKK	36
001338	0E24	MOVLW HIGH STRINGTABLE58
	F	 0110 111A FFFF FFFF	1271
	A	 0110 111A 1111 0111	0
00133A	6EF7	MOVWF TBLPTRH,ACCESS
	K	 0000 1110 KKKK KKKK	0
00133C	0E00	MOVLW UPPER STRINGTABLE58
	F	 0110 111A FFFF FFFF	1272
	A	 0110 111A 1111 1000	0
00133E	6EF8	MOVWF TBLPTRU,ACCESS
	K	1111 KKKK KKKK KKKK:1110 110S KKKK KKKK	7572
	S	1111 0000 0000 1110:1110 110S 1100 1010	0
001340	ECCA F00E	CALL SYSREADSTRINGPART
	K	 0000 1110 KKKK KKKK	178
001344	0EB2	MOVLW LOW STRINGTABLE47
	F	 0110 111A FFFF FFFF	1270
	A	 0110 111A 1111 0110	0
001346	6EF6	MOVWF TBLPTRL,ACCESS
	K	 0000 1110 KKKK KKKK	35
001348	0E23	MOVLW HIGH STRINGTABLE47
	F	 0110 111A FFFF FFFF	1271
	A	 0110 111A 1111 0111	0
00134A	6EF7	MOVWF TBLPTRH,ACCESS
	K	 0000 1110 KKKK KKKK	0
00134C	0E00	MOVLW UPPER STRINGTABLE47
	F	 0110 111A FFFF FFFF	1272
	A	 0110 111A 1111 1000	0
00134E	6EF8	MOVWF TBLPTRU,ACCESS
	K	1111 KKKK KKKK KKKK:1110 110S KKKK KKKK	7572
	S	1111 0000 0000 1110:1110 110S 1100 1010	0
001350	ECCA F00E	CALL SYSREADSTRINGPART
	K	 0000 1110 KKKK KKKK	146
001354	0E92	MOVLW LOW STRINGTABLE59
	F	 0110 111A FFFF FFFF	1270
	A	 0110 111A 1111 0110	0
001356	6EF6	MOVWF TBLPTRL,ACCESS
	K	 0000 1110 KKKK KKKK	36
001358	0E24	MOVLW HIGH STRINGTABLE59
	F	 0110 111A FFFF FFFF	1271
	A	 0110 111A 1111 0111	0
00135A	6EF7	MOVWF TBLPTRH,ACCESS
	K	 0000 1110 KKKK KKKK	0
00135C	0E00	MOVLW UPPER STRINGTABLE59
	F	 0110 111A FFFF FFFF	1272
	A	 0110 111A 1111 1000	0
00135E	6EF8	MOVWF TBLPTRU,ACCESS
	K	1111 KKKK KKKK KKKK:1110 110S KKKK KKKK	7572
	S	1111 0000 0000 1110:1110 110S 1100 1010	0
001360	ECCA F00E	CALL SYSREADSTRINGPART
	F	1110 1110 00FF KKKK:1111 00KK KKKK KKKK	0
	K	1110 1110 0000 KKKK:1111 00KK KKKK KKKK	5164
001364	EE05 F02C	LFSR 0,SYSSTRINGPARAM3
	S	1111 DDDD DDDD DDDD:1100 SSSS SSSS SSSS	1286
	D	1111 DDDD DDDD DDDD:1100 0101 0000 0110	1263
001368	C506 F4EF	MOVFF SYSSTRINGLENGTH, INDF0
	K	 0000 1110 KKKK KKKK	44
00136C	0E2C	MOVLW LOW SYSSTRINGPARAM3
	F	 0110 111A FFFF FFFF	1328
	A	 0110 111A 0011 0000	0
00136E	6E30	MOVWF SYSPRINTDATAHANDLER,ACCESS
	K	 0000 1110 KKKK KKKK	20
001370	0E14	MOVLW HIGH SYSSTRINGPARAM3
	F	 0110 111A FFFF FFFF	1329
	A	 0110 111A 0011 0001	0
001372	6E31	MOVWF SYSPRINTDATAHANDLER_H,ACCESS
	K	 0000 1110 KKKK KKKK	1
001374	0E01	MOVLW 1
	F	 0110 111A FFFF FFFF	1295
	A	 0110 111A 0000 1111	0
001376	6E0F	MOVWF COMPORT,ACCESS
	K	1111 KKKK KKKK KKKK:1110 110S KKKK KKKK	1822
	S	1111 0000 0000 0011:1110 110S 1000 1111	0
001378	EC8F F003	CALL HSERPRINT359
	S	1111 DDDD DDDD DDDD:1100 SSSS SSSS SSSS	832
	D	1111 DDDD DDDD DDDD:1100 0011 0100 0000	1293
00137C	C340 F50D	MOVFF CCPR1L,BYTENUM
	K	1111 KKKK KKKK KKKK:1110 110S KKKK KKKK	1234
	S	1111 0000 0000 0010:1110 110S 0110 1001	0
001380	EC69 F002	CALL FN_BYTETOBIN
	K	 0000 1110 KKKK KKKK	209
001384	0ED1	MOVLW LOW BYTETOBIN
	F	 0110 111A FFFF FFFF	1328
	A	 0110 111A 0011 0000	0
001386	6E30	MOVWF SYSPRINTDATAHANDLER,ACCESS
	K	 0000 1110 KKKK KKKK	19
001388	0E13	MOVLW HIGH BYTETOBIN
	F	 0110 111A FFFF FFFF	1329
	A	 0110 111A 0011 0001	0
00138A	6E31	MOVWF SYSPRINTDATAHANDLER_H,ACCESS
	K	 0000 1110 KKKK KKKK	1
00138C	0E01	MOVLW 1
	F	 0110 111A FFFF FFFF	1295
	A	 0110 111A 0000 1111	0
00138E	6E0F	MOVWF COMPORT,ACCESS
	K	1111 KKKK KKKK KKKK:1110 110S KKKK KKKK	1822
	S	1111 0000 0000 0011:1110 110S 1000 1111	0
001390	EC8F F003	CALL HSERPRINT359
	S	1111 DDDD DDDD DDDD:1100 SSSS SSSS SSSS	832
	D	1111 DDDD DDDD DDDD:1100 0011 0100 0000	1347
001394	C340 F543	MOVFF CCPR1L,SYSVALTEMP
	K	1111 KKKK KKKK KKKK:1110 110S KKKK KKKK	9382
	S	1111 0000 0001 0010:1110 110S 0101 0011	0
001398	EC53 F012	CALL FN__HEXPICAS
	F	1110 1110 00FF KKKK:1111 00KK KKKK KKKK	1
	K	1110 1110 0001 KKKK:1111 00KK KKKK KKKK	5164
00139C	EE15 F02C	LFSR 1,SYSSTRINGPARAM3
	F	 0110 101A FFFF FFFF	1286
	A	 0110 101A 0000 0110	0
0013A0	6A06	CLRF SYSSTRINGLENGTH,ACCESS
	K	 0000 1110 KKKK KKKK	150
0013A2	0E96	MOVLW LOW STRINGTABLE60
	F	 0110 111A FFFF FFFF	1270
	A	 0110 111A 1111 0110	0
0013A4	6EF6	MOVWF TBLPTRL,ACCESS
	K	 0000 1110 KKKK KKKK	36
0013A6	0E24	MOVLW HIGH STRINGTABLE60
	F	 0110 111A FFFF FFFF	1271
	A	 0110 111A 1111 0111	0
0013A8	6EF7	MOVWF TBLPTRH,ACCESS
	K	 0000 1110 KKKK KKKK	0
0013AA	0E00	MOVLW UPPER STRINGTABLE60
	F	 0110 111A FFFF FFFF	1272
	A	 0110 111A 1111 1000	0
0013AC	6EF8	MOVWF TBLPTRU,ACCESS
	K	1111 KKKK KKKK KKKK:1110 110S KKKK KKKK	7572
	S	1111 0000 0000 1110:1110 110S 1100 1010	0
0013AE	ECCA F00E	CALL SYSREADSTRINGPART
	F	1110 1110 00FF KKKK:1111 00KK KKKK KKKK	0
	K	1110 1110 0000 KKKK:1111 00KK KKKK KKKK	5063
0013B2	EE04 F3C7	LFSR 0,_HEXPICAS
	N	 1101 1NNN NNNN NNNN	1019
0013B6	DBFB	RCALL SYSCOPYSTRINGPART
	F	1110 1110 00FF KKKK:1111 00KK KKKK KKKK	0
	K	1110 1110 0000 KKKK:1111 00KK KKKK KKKK	5164
0013B8	EE05 F02C	LFSR 0,SYSSTRINGPARAM3
	S	1111 DDDD DDDD DDDD:1100 SSSS SSSS SSSS	1286
	D	1111 DDDD DDDD DDDD:1100 0101 0000 0110	1263
0013BC	C506 F4EF	MOVFF SYSSTRINGLENGTH, INDF0
	K	 0000 1110 KKKK KKKK	44
0013C0	0E2C	MOVLW LOW SYSSTRINGPARAM3
	F	 0110 111A FFFF FFFF	1328
	A	 0110 111A 0011 0000	0
0013C2	6E30	MOVWF SYSPRINTDATAHANDLER,ACCESS
	K	 0000 1110 KKKK KKKK	20
0013C4	0E14	MOVLW HIGH SYSSTRINGPARAM3
	F	 0110 111A FFFF FFFF	1329
	A	 0110 111A 0011 0001	0
0013C6	6E31	MOVWF SYSPRINTDATAHANDLER_H,ACCESS
	K	 0000 1110 KKKK KKKK	1
0013C8	0E01	MOVLW 1
	F	 0110 111A FFFF FFFF	1295
	A	 0110 111A 0000 1111	0
0013CA	6E0F	MOVWF COMPORT,ACCESS
	K	1111 KKKK KKKK KKKK:1110 110S KKKK KKKK	1822
	S	1111 0000 0000 0011:1110 110S 1000 1111	0
0013CC	EC8F F003	CALL HSERPRINT359
	S	1111 DDDD DDDD DDDD:1100 SSSS SSSS SSSS	832
	D	1111 DDDD DDDD DDDD:1100 0011 0100 0000	1347
0013D0	C340 F543	MOVFF CCPR1L,SYSVALTEMP
	F	 0110 101A FFFF FFFF	1348
	A	 0110 101A 0100 0100	0
0013D4	6A44	CLRF SYSVALTEMP_H,ACCESS
	N	 1101 1NNN NNNN NNNN	767
0013D6	DAFF	RCALL FN_STR
	K	 0000 1110 KKKK KKKK	203
0013D8	0ECB	MOVLW LOW STR
	F	 0110 111A FFFF FFFF	1340
	A	 0110 111A 0011 1100	0
0013DA	6E3C	MOVWF SYSSYSINSTRINGHANDLER,ACCESS
	K	 0000 1110 KKKK KKKK	19
0013DC	0E13	MOVLW HIGH STR
	F	 0110 111A FFFF FFFF	1341
	A	 0110 111A 0011 1101	0
0013DE	6E3D	MOVWF SYSSYSINSTRINGHANDLER_H,ACCESS
	K	 0000 1110 KKKK KKKK	10
0013E0	0E0A	MOVLW 10
	F	 0110 111A FFFF FFFF	1337
	A	 0110 111A 0011 1001	0
0013E2	6E39	MOVWF SYSSTRLEN,ACCESS
	F	1110 1110 00FF KKKK:1111 00KK KKKK KKKK	1
	K	1110 1110 0001 KKKK:1111 00KK KKKK KKKK	5164
0013E4	EE15 F02C	LFSR 1,SYSSTRINGPARAM3
	K	 0000 1110 KKKK KKKK	160
0013E8	0EA0	MOVLW LOW STRINGTABLE62
	F	 0110 111A FFFF FFFF	1270
	A	 0110 111A 1111 0110	0
0013EA	6EF6	MOVWF TBLPTRL,ACCESS
	K	 0000 1110 KKKK KKKK	36
0013EC	0E24	MOVLW HIGH STRINGTABLE62
	F	 0110 111A FFFF FFFF	1271
	A	 0110 111A 1111 0111	0
0013EE	6EF7	MOVWF TBLPTRH,ACCESS
	K	 0000 1110 KKKK KKKK	0
0013F0	0E00	MOVLW UPPER STRINGTABLE62
	F	 0110 111A FFFF FFFF	1272
	A	 0110 111A 1111 1000	0
0013F2	6EF8	MOVWF TBLPTRU,ACCESS
	K	1111 KKKK KKKK KKKK:1110 110S KKKK KKKK	7560
	S	1111 0000 0000 1110:1110 110S 1100 0100	0
0013F4	ECC4 F00E	CALL SYSREADSTRING
	K	 0000 1110 KKKK KKKK	44
0013F8	0E2C	MOVLW LOW SYSSTRINGPARAM3
	F	 0110 111A FFFF FFFF	1338
	A	 0110 111A 0011 1010	0
0013FA	6E3A	MOVWF SYSSYSINSTRING3HANDLER,ACCESS
	K	 0000 1110 KKKK KKKK	20
0013FC	0E14	MOVLW HIGH SYSSTRINGPARAM3
	F	 0110 111A FFFF FFFF	1339
	A	 0110 111A 0011 1011	0
0013FE	6E3B	MOVWF SYSSYSINSTRING3HANDLER_H,ACCESS
	K	1111 KKKK KKKK KKKK:1110 110S KKKK KKKK	2274
	S	1111 0000 0000 0100:1110 110S 0111 0001	0
001400	EC71 F004	CALL FN_PAD
	F	1110 1110 00FF KKKK:1111 00KK KKKK KKKK	1
	K	1110 1110 0001 KKKK:1111 00KK KKKK KKKK	5164
001404	EE15 F02C	LFSR 1,SYSSTRINGPARAM3
	F	 0110 101A FFFF FFFF	1286
	A	 0110 101A 0000 0110	0
001408	6A06	CLRF SYSSTRINGLENGTH,ACCESS
	K	 0000 1110 KKKK KKKK	156
00140A	0E9C	MOVLW LOW STRINGTABLE61
	F	 0110 111A FFFF FFFF	1270
	A	 0110 111A 1111 0110	0
00140C	6EF6	MOVWF TBLPTRL,ACCESS
	K	 0000 1110 KKKK KKKK	36
00140E	0E24	MOVLW HIGH STRINGTABLE61
	F	 0110 111A FFFF FFFF	1271
	A	 0110 111A 1111 0111	0
001410	6EF7	MOVWF TBLPTRH,ACCESS
	K	 0000 1110 KKKK KKKK	0
001412	0E00	MOVLW UPPER STRINGTABLE61
	F	 0110 111A FFFF FFFF	1272
	A	 0110 111A 1111 1000	0
001414	6EF8	MOVWF TBLPTRU,ACCESS
	K	1111 KKKK KKKK KKKK:1110 110S KKKK KKKK	7572
	S	1111 0000 0000 1110:1110 110S 1100 1010	0
001416	ECCA F00E	CALL SYSREADSTRINGPART
	F	1110 1110 00FF KKKK:1111 00KK KKKK KKKK	0
	K	1110 1110 0000 KKKK:1111 00KK KKKK KKKK	5082
00141A	EE04 F3DA	LFSR 0,PAD
	N	 1101 1NNN NNNN NNNN	967
00141E	DBC7	RCALL SYSCOPYSTRINGPART
	F	1110 1110 00FF KKKK:1111 00KK KKKK KKKK	0
	K	1110 1110 0000 KKKK:1111 00KK KKKK KKKK	5164
001420	EE05 F02C	LFSR 0,SYSSTRINGPARAM3
	S	1111 DDDD DDDD DDDD:1100 SSSS SSSS SSSS	1286
	D	1111 DDDD DDDD DDDD:1100 0101 0000 0110	1263
001424	C506 F4EF	MOVFF SYSSTRINGLENGTH, INDF0
	K	 0000 1110 KKKK KKKK	44
001428	0E2C	MOVLW LOW SYSSTRINGPARAM3
	F	 0110 111A FFFF FFFF	1328
	A	 0110 111A 0011 0000	0
00142A	6E30	MOVWF SYSPRINTDATAHANDLER,ACCESS
	K	 0000 1110 KKKK KKKK	20
00142C	0E14	MOVLW HIGH SYSSTRINGPARAM3
	F	 0110 111A FFFF FFFF	1329
	A	 0110 111A 0011 0001	0
00142E	6E31	MOVWF SYSPRINTDATAHANDLER_H,ACCESS
	K	 0000 1110 KKKK KKKK	1
001430	0E01	MOVLW 1
	F	 0110 111A FFFF FFFF	1295
	A	 0110 111A 0000 1111	0
001432	6E0F	MOVWF COMPORT,ACCESS
	K	1111 KKKK KKKK KKKK:1110 110S KKKK KKKK	1822
	S	1111 0000 0000 0011:1110 110S 1000 1111	0
001434	EC8F F003	CALL HSERPRINT359
	K	 0000 1110 KKKK KKKK	9
001438	0E09	MOVLW 9
	F	 0110 111A FFFF FFFF	1314
	A	 0110 111A 0010 0010	0
00143A	6E22	MOVWF SYSCHAR,ACCESS
	K	1111 KKKK KKKK KKKK:1110 110S KKKK KKKK	1506
	S	1111 0000 0000 0010:1110 110S 1111 0001	0
00143C	ECF1 F002	CALL FN_CHR
	F	1110 1110 00FF KKKK:1111 00KK KKKK KKKK	1
	K	1110 1110 0001 KKKK:1111 00KK KKKK KKKK	5164
001440	EE15 F02C	LFSR 1,SYSSTRINGPARAM3
	F	 0110 101A FFFF FFFF	1286
	A	 0110 101A 0000 0110	0
001444	6A06	CLRF SYSSTRINGLENGTH,ACCESS
	F	1110 1110 00FF KKKK:1111 00KK KKKK KKKK	0
	K	1110 1110 0000 KKKK:1111 00KK KKKK KKKK	5123
001446	EE05 F003	LFSR 0,CHR
	N	 1101 1NNN NNNN NNNN	945
00144A	DBB1	RCALL SYSCOPYSTRINGPART
	K	 0000 1110 KKKK KKKK	192
00144C	0EC0	MOVLW LOW STRINGTABLE48
	F	 0110 111A FFFF FFFF	1270
	A	 0110 111A 1111 0110	0
00144E	6EF6	MOVWF TBLPTRL,ACCESS
	K	 0000 1110 KKKK KKKK	35
001450	0E23	MOVLW HIGH STRINGTABLE48
	F	 0110 111A FFFF FFFF	1271
	A	 0110 111A 1111 0111	0
001452	6EF7	MOVWF TBLPTRH,ACCESS
	K	 0000 1110 KKKK KKKK	0
001454	0E00	MOVLW UPPER STRINGTABLE48
	F	 0110 111A FFFF FFFF	1272
	A	 0110 111A 1111 1000	0
001456	6EF8	MOVWF TBLPTRU,ACCESS
	K	1111 KKKK KKKK KKKK:1110 110S KKKK KKKK	7572
	S	1111 0000 0000 1110:1110 110S 1100 1010	0
001458	ECCA F00E	CALL SYSREADSTRINGPART
	F	1110 1110 00FF KKKK:1111 00KK KKKK KKKK	0
	K	1110 1110 0000 KKKK:1111 00KK KKKK KKKK	5164
00145C	EE05 F02C	LFSR 0,SYSSTRINGPARAM3
	S	1111 DDDD DDDD DDDD:1100 SSSS SSSS SSSS	1286
	D	1111 DDDD DDDD DDDD:1100 0101 0000 0110	1263
001460	C506 F4EF	MOVFF SYSSTRINGLENGTH, INDF0
	K	 0000 1110 KKKK KKKK	44
001464	0E2C	MOVLW LOW SYSSTRINGPARAM3
	F	 0110 111A FFFF FFFF	1328
	A	 0110 111A 0011 0000	0
001466	6E30	MOVWF SYSPRINTDATAHANDLER,ACCESS
	K	 0000 1110 KKKK KKKK	20
001468	0E14	MOVLW HIGH SYSSTRINGPARAM3
	F	 0110 111A FFFF FFFF	1329
	A	 0110 111A 0011 0001	0
00146A	6E31	MOVWF SYSPRINTDATAHANDLER_H,ACCESS
	K	 0000 1110 KKKK KKKK	1
00146C	0E01	MOVLW 1
	F	 0110 111A FFFF FFFF	1295
	A	 0110 111A 0000 1111	0
00146E	6E0F	MOVWF COMPORT,ACCESS
	K	1111 KKKK KKKK KKKK:1110 110S KKKK KKKK	1822
	S	1111 0000 0000 0011:1110 110S 1000 1111	0
001470	EC8F F003	CALL HSERPRINT359
	K	 0000 1110 KKKK KKKK	1
001474	0E01	MOVLW 1
	F	 0110 111A FFFF FFFF	1296
	A	 0110 111A 0001 0000	0
001476	6E10	MOVWF HSERPRINTCRLFCOUNT,ACCESS
	K	 0000 1110 KKKK KKKK	1
001478	0E01	MOVLW 1
	F	 0110 111A FFFF FFFF	1295
	A	 0110 111A 0000 1111	0
00147A	6E0F	MOVWF COMPORT,ACCESS
	K	1111 KKKK KKKK KKKK:1110 110S KKKK KKKK	1992
	S	1111 0000 0000 0011:1110 110S 1110 0100	0
00147C	ECE4 F003	CALL HSERPRINTCRLF
	F	1110 1110 00FF KKKK:1111 00KK KKKK KKKK	1
	K	1110 1110 0001 KKKK:1111 00KK KKKK KKKK	5164
001480	EE15 F02C	LFSR 1,SYSSTRINGPARAM3
	F	 0110 101A FFFF FFFF	1286
	A	 0110 101A 0000 0110	0
001484	6A06	CLRF SYSSTRINGLENGTH,ACCESS
	K	 0000 1110 KKKK KKKK	142
001486	0E8E	MOVLW LOW STRINGTABLE58
	F	 0110 111A FFFF FFFF	1270
	A	 0110 111A 1111 0110	0
001488	6EF6	MOVWF TBLPTRL,ACCESS
	K	 0000 1110 KKKK KKKK	36
00148A	0E24	MOVLW HIGH STRINGTABLE58
	F	 0110 111A FFFF FFFF	1271
	A	 0110 111A 1111 0111	0
00148C	6EF7	MOVWF TBLPTRH,ACCESS
	K	 0000 1110 KKKK KKKK	0
00148E	0E00	MOVLW UPPER STRINGTABLE58
	F	 0110 111A FFFF FFFF	1272
	A	 0110 111A 1111 1000	0
001490	6EF8	MOVWF TBLPTRU,ACCESS
	K	1111 KKKK KKKK KKKK:1110 110S KKKK KKKK	7572
	S	1111 0000 0000 1110:1110 110S 1100 1010	0
001492	ECCA F00E	CALL SYSREADSTRINGPART
	K	 0000 1110 KKKK KKKK	206
001496	0ECE	MOVLW LOW STRINGTABLE49
	F	 0110 111A FFFF FFFF	1270
	A	 0110 111A 1111 0110	0
001498	6EF6	MOVWF TBLPTRL,ACCESS
	K	 0000 1110 KKKK KKKK	35
00149A	0E23	MOVLW HIGH STRINGTABLE49
	F	 0110 111A FFFF FFFF	1271
	A	 0110 111A 1111 0111	0
00149C	6EF7	MOVWF TBLPTRH,ACCESS
	K	 0000 1110 KKKK KKKK	0
00149E	0E00	MOVLW UPPER STRINGTABLE49
	F	 0110 111A FFFF FFFF	1272
	A	 0110 111A 1111 1000	0
0014A0	6EF8	MOVWF TBLPTRU,ACCESS
	K	1111 KKKK KKKK KKKK:1110 110S KKKK KKKK	7572
	S	1111 0000 0000 1110:1110 110S 1100 1010	0
0014A2	ECCA F00E	CALL SYSREADSTRINGPART
	K	 0000 1110 KKKK KKKK	146
0014A6	0E92	MOVLW LOW STRINGTABLE59
	F	 0110 111A FFFF FFFF	1270
	A	 0110 111A 1111 0110	0
0014A8	6EF6	MOVWF TBLPTRL,ACCESS
	K	 0000 1110 KKKK KKKK	36
0014AA	0E24	MOVLW HIGH STRINGTABLE59
	F	 0110 111A FFFF FFFF	1271
	A	 0110 111A 1111 0111	0
0014AC	6EF7	MOVWF TBLPTRH,ACCESS
	K	 0000 1110 KKKK KKKK	0
0014AE	0E00	MOVLW UPPER STRINGTABLE59
	F	 0110 111A FFFF FFFF	1272
	A	 0110 111A 1111 1000	0
0014B0	6EF8	MOVWF TBLPTRU,ACCESS
	K	1111 KKKK KKKK KKKK:1110 110S KKKK KKKK	7572
	S	1111 0000 0000 1110:1110 110S 1100 1010	0
0014B2	ECCA F00E	CALL SYSREADSTRINGPART
	F	1110 1110 00FF KKKK:1111 00KK KKKK KKKK	0
	K	1110 1110 0000 KKKK:1111 00KK KKKK KKKK	5164
0014B6	EE05 F02C	LFSR 0,SYSSTRINGPARAM3
	S	1111 DDDD DDDD DDDD:1100 SSSS SSSS SSSS	1286
	D	1111 DDDD DDDD DDDD:1100 0101 0000 0110	1263
0014BA	C506 F4EF	MOVFF SYSSTRINGLENGTH, INDF0
	K	 0000 1110 KKKK KKKK	44
0014BE	0E2C	MOVLW LOW SYSSTRINGPARAM3
	F	 0110 111A FFFF FFFF	1328
	A	 0110 111A 0011 0000	0
0014C0	6E30	MOVWF SYSPRINTDATAHANDLER,ACCESS
	K	 0000 1110 KKKK KKKK	20
0014C2	0E14	MOVLW HIGH SYSSTRINGPARAM3
	F	 0110 111A FFFF FFFF	1329
	A	 0110 111A 0011 0001	0
0014C4	6E31	MOVWF SYSPRINTDATAHANDLER_H,ACCESS
	K	 0000 1110 KKKK KKKK	1
0014C6	0E01	MOVLW 1
	F	 0110 111A FFFF FFFF	1295
	A	 0110 111A 0000 1111	0
0014C8	6E0F	MOVWF COMPORT,ACCESS
	K	1111 KKKK KKKK KKKK:1110 110S KKKK KKKK	1822
	S	1111 0000 0000 0011:1110 110S 1000 1111	0
0014CA	EC8F F003	CALL HSERPRINT359
	S	1111 DDDD DDDD DDDD:1100 SSSS SSSS SSSS	844
	D	1111 DDDD DDDD DDDD:1100 0011 0100 1100	1293
0014CE	C34C F50D	MOVFF CCPTMRS0,BYTENUM
	K	1111 KKKK KKKK KKKK:1110 110S KKKK KKKK	1234
	S	1111 0000 0000 0010:1110 110S 0110 1001	0
0014D2	EC69 F002	CALL FN_BYTETOBIN
	K	 0000 1110 KKKK KKKK	209
0014D6	0ED1	MOVLW LOW BYTETOBIN
	F	 0110 111A FFFF FFFF	1328
	A	 0110 111A 0011 0000	0
0014D8	6E30	MOVWF SYSPRINTDATAHANDLER,ACCESS
	K	 0000 1110 KKKK KKKK	19
0014DA	0E13	MOVLW HIGH BYTETOBIN
	F	 0110 111A FFFF FFFF	1329
	A	 0110 111A 0011 0001	0
0014DC	6E31	MOVWF SYSPRINTDATAHANDLER_H,ACCESS
	K	 0000 1110 KKKK KKKK	1
0014DE	0E01	MOVLW 1
	F	 0110 111A FFFF FFFF	1295
	A	 0110 111A 0000 1111	0
0014E0	6E0F	MOVWF COMPORT,ACCESS
	K	1111 KKKK KKKK KKKK:1110 110S KKKK KKKK	1822
	S	1111 0000 0000 0011:1110 110S 1000 1111	0
0014E2	EC8F F003	CALL HSERPRINT359
	S	1111 DDDD DDDD DDDD:1100 SSSS SSSS SSSS	844
	D	1111 DDDD DDDD DDDD:1100 0011 0100 1100	1347
0014E6	C34C F543	MOVFF CCPTMRS0,SYSVALTEMP
	K	1111 KKKK KKKK KKKK:1110 110S KKKK KKKK	9382
	S	1111 0000 0001 0010:1110 110S 0101 0011	0
0014EA	EC53 F012	CALL FN__HEXPICAS
	F	1110 1110 00FF KKKK:1111 00KK KKKK KKKK	1
	K	1110 1110 0001 KKKK:1111 00KK KKKK KKKK	5164
0014EE	EE15 F02C	LFSR 1,SYSSTRINGPARAM3
	F	 0110 101A FFFF FFFF	1286
	A	 0110 101A 0000 0110	0
0014F2	6A06	CLRF SYSSTRINGLENGTH,ACCESS
	K	 0000 1110 KKKK KKKK	150
0014F4	0E96	MOVLW LOW STRINGTABLE60
	F	 0110 111A FFFF FFFF	1270
	A	 0110 111A 1111 0110	0
0014F6	6EF6	MOVWF TBLPTRL,ACCESS
	K	 0000 1110 KKKK KKKK	36
0014F8	0E24	MOVLW HIGH STRINGTABLE60
	F	 0110 111A FFFF FFFF	1271
	A	 0110 111A 1111 0111	0
0014FA	6EF7	MOVWF TBLPTRH,ACCESS
	K	 0000 1110 KKKK KKKK	0
0014FC	0E00	MOVLW UPPER STRINGTABLE60
	F	 0110 111A FFFF FFFF	1272
	A	 0110 111A 1111 1000	0
0014FE	6EF8	MOVWF TBLPTRU,ACCESS
	K	1111 KKKK KKKK KKKK:1110 110S KKKK KKKK	7572
	S	1111 0000 0000 1110:1110 110S 1100 1010	0
001500	ECCA F00E	CALL SYSREADSTRINGPART
	F	1110 1110 00FF KKKK:1111 00KK KKKK KKKK	0
	K	1110 1110 0000 KKKK:1111 00KK KKKK KKKK	5063
001504	EE04 F3C7	LFSR 0,_HEXPICAS
	N	 1101 1NNN NNNN NNNN	850
001508	DB52	RCALL SYSCOPYSTRINGPART
	F	1110 1110 00FF KKKK:1111 00KK KKKK KKKK	0
	K	1110 1110 0000 KKKK:1111 00KK KKKK KKKK	5164
00150A	EE05 F02C	LFSR 0,SYSSTRINGPARAM3
	S	1111 DDDD DDDD DDDD:1100 SSSS SSSS SSSS	1286
	D	1111 DDDD DDDD DDDD:1100 0101 0000 0110	1263
00150E	C506 F4EF	MOVFF SYSSTRINGLENGTH, INDF0
	K	 0000 1110 KKKK KKKK	44
001512	0E2C	MOVLW LOW SYSSTRINGPARAM3
	F	 0110 111A FFFF FFFF	1328
	A	 0110 111A 0011 0000	0
001514	6E30	MOVWF SYSPRINTDATAHANDLER,ACCESS
	K	 0000 1110 KKKK KKKK	20
001516	0E14	MOVLW HIGH SYSSTRINGPARAM3
	F	 0110 111A FFFF FFFF	1329
	A	 0110 111A 0011 0001	0
001518	6E31	MOVWF SYSPRINTDATAHANDLER_H,ACCESS
	K	 0000 1110 KKKK KKKK	1
00151A	0E01	MOVLW 1
	F	 0110 111A FFFF FFFF	1295
	A	 0110 111A 0000 1111	0
00151C	6E0F	MOVWF COMPORT,ACCESS
	K	1111 KKKK KKKK KKKK:1110 110S KKKK KKKK	1822
	S	1111 0000 0000 0011:1110 110S 1000 1111	0
00151E	EC8F F003	CALL HSERPRINT359
	S	1111 DDDD DDDD DDDD:1100 SSSS SSSS SSSS	844
	D	1111 DDDD DDDD DDDD:1100 0011 0100 1100	1347
001522	C34C F543	MOVFF CCPTMRS0,SYSVALTEMP
	F	 0110 101A FFFF FFFF	1348
	A	 0110 101A 0100 0100	0
001526	6A44	CLRF SYSVALTEMP_H,ACCESS
	N	 1101 1NNN NNNN NNNN	598
001528	DA56	RCALL FN_STR
	K	 0000 1110 KKKK KKKK	203
00152A	0ECB	MOVLW LOW STR
	F	 0110 111A FFFF FFFF	1340
	A	 0110 111A 0011 1100	0
00152C	6E3C	MOVWF SYSSYSINSTRINGHANDLER,ACCESS
	K	 0000 1110 KKKK KKKK	19
00152E	0E13	MOVLW HIGH STR
	F	 0110 111A FFFF FFFF	1341
	A	 0110 111A 0011 1101	0
001530	6E3D	MOVWF SYSSYSINSTRINGHANDLER_H,ACCESS
	K	 0000 1110 KKKK KKKK	10
001532	0E0A	MOVLW 10
	F	 0110 111A FFFF FFFF	1337
	A	 0110 111A 0011 1001	0
001534	6E39	MOVWF SYSSTRLEN,ACCESS
	F	1110 1110 00FF KKKK:1111 00KK KKKK KKKK	1
	K	1110 1110 0001 KKKK:1111 00KK KKKK KKKK	5164
001536	EE15 F02C	LFSR 1,SYSSTRINGPARAM3
	K	 0000 1110 KKKK KKKK	160
00153A	0EA0	MOVLW LOW STRINGTABLE62
	F	 0110 111A FFFF FFFF	1270
	A	 0110 111A 1111 0110	0
00153C	6EF6	MOVWF TBLPTRL,ACCESS
	K	 0000 1110 KKKK KKKK	36
00153E	0E24	MOVLW HIGH STRINGTABLE62
	F	 0110 111A FFFF FFFF	1271
	A	 0110 111A 1111 0111	0
001540	6EF7	MOVWF TBLPTRH,ACCESS
	K	 0000 1110 KKKK KKKK	0
001542	0E00	MOVLW UPPER STRINGTABLE62
	F	 0110 111A FFFF FFFF	1272
	A	 0110 111A 1111 1000	0
001544	6EF8	MOVWF TBLPTRU,ACCESS
	K	1111 KKKK KKKK KKKK:1110 110S KKKK KKKK	7560
	S	1111 0000 0000 1110:1110 110S 1100 0100	0
001546	ECC4 F00E	CALL SYSREADSTRING
	K	 0000 1110 KKKK KKKK	44
00154A	0E2C	MOVLW LOW SYSSTRINGPARAM3
	F	 0110 111A FFFF FFFF	1338
	A	 0110 111A 0011 1010	0
00154C	6E3A	MOVWF SYSSYSINSTRING3HANDLER,ACCESS
	K	 0000 1110 KKKK KKKK	20
00154E	0E14	MOVLW HIGH SYSSTRINGPARAM3
	F	 0110 111A FFFF FFFF	1339
	A	 0110 111A 0011 1011	0
001550	6E3B	MOVWF SYSSYSINSTRING3HANDLER_H,ACCESS
	K	1111 KKKK KKKK KKKK:1110 110S KKKK KKKK	2274
	S	1111 0000 0000 0100:1110 110S 0111 0001	0
001552	EC71 F004	CALL FN_PAD
	F	1110 1110 00FF KKKK:1111 00KK KKKK KKKK	1
	K	1110 1110 0001 KKKK:1111 00KK KKKK KKKK	5164
001556	EE15 F02C	LFSR 1,SYSSTRINGPARAM3
	F	 0110 101A FFFF FFFF	1286
	A	 0110 101A 0000 0110	0
00155A	6A06	CLRF SYSSTRINGLENGTH,ACCESS
	K	 0000 1110 KKKK KKKK	156
00155C	0E9C	MOVLW LOW STRINGTABLE61
	F	 0110 111A FFFF FFFF	1270
	A	 0110 111A 1111 0110	0
00155E	6EF6	MOVWF TBLPTRL,ACCESS
	K	 0000 1110 KKKK KKKK	36
001560	0E24	MOVLW HIGH STRINGTABLE61
	F	 0110 111A FFFF FFFF	1271
	A	 0110 111A 1111 0111	0
001562	6EF7	MOVWF TBLPTRH,ACCESS
	K	 0000 1110 KKKK KKKK	0
001564	0E00	MOVLW UPPER STRINGTABLE61
	F	 0110 111A FFFF FFFF	1272
	A	 0110 111A 1111 1000	0
001566	6EF8	MOVWF TBLPTRU,ACCESS
	K	1111 KKKK KKKK KKKK:1110 110S KKKK KKKK	7572
	S	1111 0000 0000 1110:1110 110S 1100 1010	0
001568	ECCA F00E	CALL SYSREADSTRINGPART
	F	1110 1110 00FF KKKK:1111 00KK KKKK KKKK	0
	K	1110 1110 0000 KKKK:1111 00KK KKKK KKKK	5082
00156C	EE04 F3DA	LFSR 0,PAD
	N	 1101 1NNN NNNN NNNN	798
001570	DB1E	RCALL SYSCOPYSTRINGPART
	F	1110 1110 00FF KKKK:1111 00KK KKKK KKKK	0
	K	1110 1110 0000 KKKK:1111 00KK KKKK KKKK	5164
001572	EE05 F02C	LFSR 0,SYSSTRINGPARAM3
	S	1111 DDDD DDDD DDDD:1100 SSSS SSSS SSSS	1286
	D	1111 DDDD DDDD DDDD:1100 0101 0000 0110	1263
001576	C506 F4EF	MOVFF SYSSTRINGLENGTH, INDF0
	K	 0000 1110 KKKK KKKK	44
00157A	0E2C	MOVLW LOW SYSSTRINGPARAM3
	F	 0110 111A FFFF FFFF	1328
	A	 0110 111A 0011 0000	0
00157C	6E30	MOVWF SYSPRINTDATAHANDLER,ACCESS
	K	 0000 1110 KKKK KKKK	20
00157E	0E14	MOVLW HIGH SYSSTRINGPARAM3
	F	 0110 111A FFFF FFFF	1329
	A	 0110 111A 0011 0001	0
001580	6E31	MOVWF SYSPRINTDATAHANDLER_H,ACCESS
	K	 0000 1110 KKKK KKKK	1
001582	0E01	MOVLW 1
	F	 0110 111A FFFF FFFF	1295
	A	 0110 111A 0000 1111	0
001584	6E0F	MOVWF COMPORT,ACCESS
	K	1111 KKKK KKKK KKKK:1110 110S KKKK KKKK	1822
	S	1111 0000 0000 0011:1110 110S 1000 1111	0
001586	EC8F F003	CALL HSERPRINT359
	K	 0000 1110 KKKK KKKK	9
00158A	0E09	MOVLW 9
	F	 0110 111A FFFF FFFF	1314
	A	 0110 111A 0010 0010	0
00158C	6E22	MOVWF SYSCHAR,ACCESS
	K	1111 KKKK KKKK KKKK:1110 110S KKKK KKKK	1506
	S	1111 0000 0000 0010:1110 110S 1111 0001	0
00158E	ECF1 F002	CALL FN_CHR
	F	1110 1110 00FF KKKK:1111 00KK KKKK KKKK	1
	K	1110 1110 0001 KKKK:1111 00KK KKKK KKKK	5164
001592	EE15 F02C	LFSR 1,SYSSTRINGPARAM3
	F	 0110 101A FFFF FFFF	1286
	A	 0110 101A 0000 0110	0
001596	6A06	CLRF SYSSTRINGLENGTH,ACCESS
	F	1110 1110 00FF KKKK:1111 00KK KKKK KKKK	0
	K	1110 1110 0000 KKKK:1111 00KK KKKK KKKK	5123
001598	EE05 F003	LFSR 0,CHR
	N	 1101 1NNN NNNN NNNN	776
00159C	DB08	RCALL SYSCOPYSTRINGPART
	K	 0000 1110 KKKK KKKK	220
00159E	0EDC	MOVLW LOW STRINGTABLE50
	F	 0110 111A FFFF FFFF	1270
	A	 0110 111A 1111 0110	0
0015A0	6EF6	MOVWF TBLPTRL,ACCESS
	K	 0000 1110 KKKK KKKK	35
0015A2	0E23	MOVLW HIGH STRINGTABLE50
	F	 0110 111A FFFF FFFF	1271
	A	 0110 111A 1111 0111	0
0015A4	6EF7	MOVWF TBLPTRH,ACCESS
	K	 0000 1110 KKKK KKKK	0
0015A6	0E00	MOVLW UPPER STRINGTABLE50
	F	 0110 111A FFFF FFFF	1272
	A	 0110 111A 1111 1000	0
0015A8	6EF8	MOVWF TBLPTRU,ACCESS
	N	 1101 1NNN NNNN NNNN	1012
0015AA	DBF4	RCALL SYSREADSTRINGPART
	F	1110 1110 00FF KKKK:1111 00KK KKKK KKKK	0
	K	1110 1110 0000 KKKK:1111 00KK KKKK KKKK	5164
0015AC	EE05 F02C	LFSR 0,SYSSTRINGPARAM3
	S	1111 DDDD DDDD DDDD:1100 SSSS SSSS SSSS	1286
	D	1111 DDDD DDDD DDDD:1100 0101 0000 0110	1263
0015B0	C506 F4EF	MOVFF SYSSTRINGLENGTH, INDF0
	K	 0000 1110 KKKK KKKK	44
0015B4	0E2C	MOVLW LOW SYSSTRINGPARAM3
	F	 0110 111A FFFF FFFF	1328
	A	 0110 111A 0011 0000	0
0015B6	6E30	MOVWF SYSPRINTDATAHANDLER,ACCESS
	K	 0000 1110 KKKK KKKK	20
0015B8	0E14	MOVLW HIGH SYSSTRINGPARAM3
	F	 0110 111A FFFF FFFF	1329
	A	 0110 111A 0011 0001	0
0015BA	6E31	MOVWF SYSPRINTDATAHANDLER_H,ACCESS
	K	 0000 1110 KKKK KKKK	1
0015BC	0E01	MOVLW 1
	F	 0110 111A FFFF FFFF	1295
	A	 0110 111A 0000 1111	0
0015BE	6E0F	MOVWF COMPORT,ACCESS
	K	1111 KKKK KKKK KKKK:1110 110S KKKK KKKK	1822
	S	1111 0000 0000 0011:1110 110S 1000 1111	0
0015C0	EC8F F003	CALL HSERPRINT359
	K	 0000 1110 KKKK KKKK	1
0015C4	0E01	MOVLW 1
	F	 0110 111A FFFF FFFF	1296
	A	 0110 111A 0001 0000	0
0015C6	6E10	MOVWF HSERPRINTCRLFCOUNT,ACCESS
	K	 0000 1110 KKKK KKKK	1
0015C8	0E01	MOVLW 1
	F	 0110 111A FFFF FFFF	1295
	A	 0110 111A 0000 1111	0
0015CA	6E0F	MOVWF COMPORT,ACCESS
	K	1111 KKKK KKKK KKKK:1110 110S KKKK KKKK	1992
	S	1111 0000 0000 0011:1110 110S 1110 0100	0
0015CC	ECE4 F003	CALL HSERPRINTCRLF
	K	 0000 1110 KKKK KKKK	1
0015D0	0E01	MOVLW 1
	F	 0110 111A FFFF FFFF	1296
	A	 0110 111A 0001 0000	0
0015D2	6E10	MOVWF HSERPRINTCRLFCOUNT,ACCESS
	K	 0000 1110 KKKK KKKK	1
0015D4	0E01	MOVLW 1
	F	 0110 111A FFFF FFFF	1295
	A	 0110 111A 0000 1111	0
0015D6	6E0F	MOVWF COMPORT,ACCESS
	K	1111 KKKK KKKK KKKK:1110 110S KKKK KKKK	1992
	S	1111 0000 0000 0011:1110 110S 1110 0100	0
0015D8	ECE4 F003	CALL HSERPRINTCRLF
	F	1110 1110 00FF KKKK:1111 00KK KKKK KKKK	1
	K	1110 1110 0001 KKKK:1111 00KK KKKK KKKK	5164
0015DC	EE15 F02C	LFSR 1,SYSSTRINGPARAM3
	K	 0000 1110 KKKK KKKK	236
0015E0	0EEC	MOVLW LOW STRINGTABLE51
	F	 0110 111A FFFF FFFF	1270
	A	 0110 111A 1111 0110	0
0015E2	6EF6	MOVWF TBLPTRL,ACCESS
	K	 0000 1110 KKKK KKKK	35
0015E4	0E23	MOVLW HIGH STRINGTABLE51
	F	 0110 111A FFFF FFFF	1271
	A	 0110 111A 1111 0111	0
0015E6	6EF7	MOVWF TBLPTRH,ACCESS
	K	 0000 1110 KKKK KKKK	0
0015E8	0E00	MOVLW UPPER STRINGTABLE51
	F	 0110 111A FFFF FFFF	1272
	A	 0110 111A 1111 1000	0
0015EA	6EF8	MOVWF TBLPTRU,ACCESS
	N	 1101 1NNN NNNN NNNN	973
0015EC	DBCD	RCALL SYSREADSTRING
	K	 0000 1110 KKKK KKKK	44
0015EE	0E2C	MOVLW LOW SYSSTRINGPARAM3
	F	 0110 111A FFFF FFFF	1328
	A	 0110 111A 0011 0000	0
0015F0	6E30	MOVWF SYSPRINTDATAHANDLER,ACCESS
	K	 0000 1110 KKKK KKKK	20
0015F2	0E14	MOVLW HIGH SYSSTRINGPARAM3
	F	 0110 111A FFFF FFFF	1329
	A	 0110 111A 0011 0001	0
0015F4	6E31	MOVWF SYSPRINTDATAHANDLER_H,ACCESS
	K	 0000 1110 KKKK KKKK	1
0015F6	0E01	MOVLW 1
	F	 0110 111A FFFF FFFF	1295
	A	 0110 111A 0000 1111	0
0015F8	6E0F	MOVWF COMPORT,ACCESS
	K	1111 KKKK KKKK KKKK:1110 110S KKKK KKKK	1822
	S	1111 0000 0000 0011:1110 110S 1000 1111	0
0015FA	EC8F F003	CALL HSERPRINT359
	K	 0000 1110 KKKK KKKK	1
0015FE	0E01	MOVLW 1
	F	 0110 111A FFFF FFFF	1296
	A	 0110 111A 0001 0000	0
001600	6E10	MOVWF HSERPRINTCRLFCOUNT,ACCESS
	K	 0000 1110 KKKK KKKK	1
001602	0E01	MOVLW 1
	F	 0110 111A FFFF FFFF	1295
	A	 0110 111A 0000 1111	0
001604	6E0F	MOVWF COMPORT,ACCESS
	K	1111 KKKK KKKK KKKK:1110 110S KKKK KKKK	1992
	S	1111 0000 0000 0011:1110 110S 1110 0100	0
001606	ECE4 F003	CALL HSERPRINTCRLF
	F	1110 1110 00FF KKKK:1111 00KK KKKK KKKK	1
	K	1110 1110 0001 KKKK:1111 00KK KKKK KKKK	5164
00160A	EE15 F02C	LFSR 1,SYSSTRINGPARAM3
	F	 0110 101A FFFF FFFF	1286
	A	 0110 101A 0000 0110	0
00160E	6A06	CLRF SYSSTRINGLENGTH,ACCESS
	K	 0000 1110 KKKK KKKK	142
001610	0E8E	MOVLW LOW STRINGTABLE58
	F	 0110 111A FFFF FFFF	1270
	A	 0110 111A 1111 0110	0
001612	6EF6	MOVWF TBLPTRL,ACCESS
	K	 0000 1110 KKKK KKKK	36
001614	0E24	MOVLW HIGH STRINGTABLE58
	F	 0110 111A FFFF FFFF	1271
	A	 0110 111A 1111 0111	0
001616	6EF7	MOVWF TBLPTRH,ACCESS
	K	 0000 1110 KKKK KKKK	0
001618	0E00	MOVLW UPPER STRINGTABLE58
	F	 0110 111A FFFF FFFF	1272
	A	 0110 111A 1111 1000	0
00161A	6EF8	MOVWF TBLPTRU,ACCESS
	N	 1101 1NNN NNNN NNNN	955
00161C	DBBB	RCALL SYSREADSTRINGPART
	K	 0000 1110 KKKK KKKK	246
00161E	0EF6	MOVLW LOW STRINGTABLE52
	F	 0110 111A FFFF FFFF	1270
	A	 0110 111A 1111 0110	0
001620	6EF6	MOVWF TBLPTRL,ACCESS
	K	 0000 1110 KKKK KKKK	35
001622	0E23	MOVLW HIGH STRINGTABLE52
	F	 0110 111A FFFF FFFF	1271
	A	 0110 111A 1111 0111	0
001624	6EF7	MOVWF TBLPTRH,ACCESS
	K	 0000 1110 KKKK KKKK	0
001626	0E00	MOVLW UPPER STRINGTABLE52
	F	 0110 111A FFFF FFFF	1272
	A	 0110 111A 1111 1000	0
001628	6EF8	MOVWF TBLPTRU,ACCESS
	N	 1101 1NNN NNNN NNNN	948
00162A	DBB4	RCALL SYSREADSTRINGPART
	K	 0000 1110 KKKK KKKK	146
00162C	0E92	MOVLW LOW STRINGTABLE59
	F	 0110 111A FFFF FFFF	1270
	A	 0110 111A 1111 0110	0
00162E	6EF6	MOVWF TBLPTRL,ACCESS
	K	 0000 1110 KKKK KKKK	36
001630	0E24	MOVLW HIGH STRINGTABLE59
	F	 0110 111A FFFF FFFF	1271
	A	 0110 111A 1111 0111	0
001632	6EF7	MOVWF TBLPTRH,ACCESS
	K	 0000 1110 KKKK KKKK	0
001634	0E00	MOVLW UPPER STRINGTABLE59
	F	 0110 111A FFFF FFFF	1272
	A	 0110 111A 1111 1000	0
001636	6EF8	MOVWF TBLPTRU,ACCESS
	N	 1101 1NNN NNNN NNNN	941
001638	DBAD	RCALL SYSREADSTRINGPART
	F	1110 1110 00FF KKKK:1111 00KK KKKK KKKK	0
	K	1110 1110 0000 KKKK:1111 00KK KKKK KKKK	5164
00163A	EE05 F02C	LFSR 0,SYSSTRINGPARAM3
	S	1111 DDDD DDDD DDDD:1100 SSSS SSSS SSSS	1286
	D	1111 DDDD DDDD DDDD:1100 0101 0000 0110	1263
00163E	C506 F4EF	MOVFF SYSSTRINGLENGTH, INDF0
	K	 0000 1110 KKKK KKKK	44
001642	0E2C	MOVLW LOW SYSSTRINGPARAM3
	F	 0110 111A FFFF FFFF	1328
	A	 0110 111A 0011 0000	0
001644	6E30	MOVWF SYSPRINTDATAHANDLER,ACCESS
	K	 0000 1110 KKKK KKKK	20
001646	0E14	MOVLW HIGH SYSSTRINGPARAM3
	F	 0110 111A FFFF FFFF	1329
	A	 0110 111A 0011 0001	0
001648	6E31	MOVWF SYSPRINTDATAHANDLER_H,ACCESS
	K	 0000 1110 KKKK KKKK	1
00164A	0E01	MOVLW 1
	F	 0110 111A FFFF FFFF	1295
	A	 0110 111A 0000 1111	0
00164C	6E0F	MOVWF COMPORT,ACCESS
	K	1111 KKKK KKKK KKKK:1110 110S KKKK KKKK	1822
	S	1111 0000 0000 0011:1110 110S 1000 1111	0
00164E	EC8F F003	CALL HSERPRINT359
	S	1111 DDDD DDDD DDDD:1100 SSSS SSSS SSSS	1351
	D	1111 DDDD DDDD DDDD:1100 0101 0100 0111	1293
001652	C547 F50D	MOVFF _PWMTIMERSELECTED,BYTENUM
	K	1111 KKKK KKKK KKKK:1110 110S KKKK KKKK	1234
	S	1111 0000 0000 0010:1110 110S 0110 1001	0
001656	EC69 F002	CALL FN_BYTETOBIN
	K	 0000 1110 KKKK KKKK	209
00165A	0ED1	MOVLW LOW BYTETOBIN
	F	 0110 111A FFFF FFFF	1328
	A	 0110 111A 0011 0000	0
00165C	6E30	MOVWF SYSPRINTDATAHANDLER,ACCESS
	K	 0000 1110 KKKK KKKK	19
00165E	0E13	MOVLW HIGH BYTETOBIN
	F	 0110 111A FFFF FFFF	1329
	A	 0110 111A 0011 0001	0
001660	6E31	MOVWF SYSPRINTDATAHANDLER_H,ACCESS
	K	 0000 1110 KKKK KKKK	1
001662	0E01	MOVLW 1
	F	 0110 111A FFFF FFFF	1295
	A	 0110 111A 0000 1111	0
001664	6E0F	MOVWF COMPORT,ACCESS
	K	1111 KKKK KKKK KKKK:1110 110S KKKK KKKK	1822
	S	1111 0000 0000 0011:1110 110S 1000 1111	0
001666	EC8F F003	CALL HSERPRINT359
	S	1111 DDDD DDDD DDDD:1100 SSSS SSSS SSSS	1351
	D	1111 DDDD DDDD DDDD:1100 0101 0100 0111	1347
00166A	C547 F543	MOVFF _PWMTIMERSELECTED,SYSVALTEMP
	K	1111 KKKK KKKK KKKK:1110 110S KKKK KKKK	9382
	S	1111 0000 0001 0010:1110 110S 0101 0011	0
00166E	EC53 F012	CALL FN__HEXPICAS
	F	1110 1110 00FF KKKK:1111 00KK KKKK KKKK	1
	K	1110 1110 0001 KKKK:1111 00KK KKKK KKKK	5164
001672	EE15 F02C	LFSR 1,SYSSTRINGPARAM3
	F	 0110 101A FFFF FFFF	1286
	A	 0110 101A 0000 0110	0
001676	6A06	CLRF SYSSTRINGLENGTH,ACCESS
	K	 0000 1110 KKKK KKKK	150
001678	0E96	MOVLW LOW STRINGTABLE60
	F	 0110 111A FFFF FFFF	1270
	A	 0110 111A 1111 0110	0
00167A	6EF6	MOVWF TBLPTRL,ACCESS
	K	 0000 1110 KKKK KKKK	36
00167C	0E24	MOVLW HIGH STRINGTABLE60
	F	 0110 111A FFFF FFFF	1271
	A	 0110 111A 1111 0111	0
00167E	6EF7	MOVWF TBLPTRH,ACCESS
	K	 0000 1110 KKKK KKKK	0
001680	0E00	MOVLW UPPER STRINGTABLE60
	F	 0110 111A FFFF FFFF	1272
	A	 0110 111A 1111 1000	0
001682	6EF8	MOVWF TBLPTRU,ACCESS
	N	 1101 1NNN NNNN NNNN	903
001684	DB87	RCALL SYSREADSTRINGPART
	F	1110 1110 00FF KKKK:1111 00KK KKKK KKKK	0
	K	1110 1110 0000 KKKK:1111 00KK KKKK KKKK	5063
001686	EE04 F3C7	LFSR 0,_HEXPICAS
	N	 1101 1NNN NNNN NNNN	657
00168A	DA91	RCALL SYSCOPYSTRINGPART
	F	1110 1110 00FF KKKK:1111 00KK KKKK KKKK	0
	K	1110 1110 0000 KKKK:1111 00KK KKKK KKKK	5164
00168C	EE05 F02C	LFSR 0,SYSSTRINGPARAM3
	S	1111 DDDD DDDD DDDD:1100 SSSS SSSS SSSS	1286
	D	1111 DDDD DDDD DDDD:1100 0101 0000 0110	1263
001690	C506 F4EF	MOVFF SYSSTRINGLENGTH, INDF0
	K	 0000 1110 KKKK KKKK	44
001694	0E2C	MOVLW LOW SYSSTRINGPARAM3
	F	 0110 111A FFFF FFFF	1328
	A	 0110 111A 0011 0000	0
001696	6E30	MOVWF SYSPRINTDATAHANDLER,ACCESS
	K	 0000 1110 KKKK KKKK	20
001698	0E14	MOVLW HIGH SYSSTRINGPARAM3
	F	 0110 111A FFFF FFFF	1329
	A	 0110 111A 0011 0001	0
00169A	6E31	MOVWF SYSPRINTDATAHANDLER_H,ACCESS
	K	 0000 1110 KKKK KKKK	1
00169C	0E01	MOVLW 1
	F	 0110 111A FFFF FFFF	1295
	A	 0110 111A 0000 1111	0
00169E	6E0F	MOVWF COMPORT,ACCESS
	K	1111 KKKK KKKK KKKK:1110 110S KKKK KKKK	1822
	S	1111 0000 0000 0011:1110 110S 1000 1111	0
0016A0	EC8F F003	CALL HSERPRINT359
	S	1111 DDDD DDDD DDDD:1100 SSSS SSSS SSSS	1351
	D	1111 DDDD DDDD DDDD:1100 0101 0100 0111	1347
0016A4	C547 F543	MOVFF _PWMTIMERSELECTED,SYSVALTEMP
	F	 0110 101A FFFF FFFF	1348
	A	 0110 101A 0100 0100	0
0016A8	6A44	CLRF SYSVALTEMP_H,ACCESS
	N	 1101 1NNN NNNN NNNN	405
0016AA	D995	RCALL FN_STR
	K	 0000 1110 KKKK KKKK	203
0016AC	0ECB	MOVLW LOW STR
	F	 0110 111A FFFF FFFF	1340
	A	 0110 111A 0011 1100	0
0016AE	6E3C	MOVWF SYSSYSINSTRINGHANDLER,ACCESS
	K	 0000 1110 KKKK KKKK	19
0016B0	0E13	MOVLW HIGH STR
	F	 0110 111A FFFF FFFF	1341
	A	 0110 111A 0011 1101	0
0016B2	6E3D	MOVWF SYSSYSINSTRINGHANDLER_H,ACCESS
	K	 0000 1110 KKKK KKKK	10
0016B4	0E0A	MOVLW 10
	F	 0110 111A FFFF FFFF	1337
	A	 0110 111A 0011 1001	0
0016B6	6E39	MOVWF SYSSTRLEN,ACCESS
	F	1110 1110 00FF KKKK:1111 00KK KKKK KKKK	1
	K	1110 1110 0001 KKKK:1111 00KK KKKK KKKK	5164
0016B8	EE15 F02C	LFSR 1,SYSSTRINGPARAM3
	K	 0000 1110 KKKK KKKK	160
0016BC	0EA0	MOVLW LOW STRINGTABLE62
	F	 0110 111A FFFF FFFF	1270
	A	 0110 111A 1111 0110	0
0016BE	6EF6	MOVWF TBLPTRL,ACCESS
	K	 0000 1110 KKKK KKKK	36
0016C0	0E24	MOVLW HIGH STRINGTABLE62
	F	 0110 111A FFFF FFFF	1271
	A	 0110 111A 1111 0111	0
0016C2	6EF7	MOVWF TBLPTRH,ACCESS
	K	 0000 1110 KKKK KKKK	0
0016C4	0E00	MOVLW UPPER STRINGTABLE62
	F	 0110 111A FFFF FFFF	1272
	A	 0110 111A 1111 1000	0
0016C6	6EF8	MOVWF TBLPTRU,ACCESS
	N	 1101 1NNN NNNN NNNN	863
0016C8	DB5F	RCALL SYSREADSTRING
	K	 0000 1110 KKKK KKKK	44
0016CA	0E2C	MOVLW LOW SYSSTRINGPARAM3
	F	 0110 111A FFFF FFFF	1338
	A	 0110 111A 0011 1010	0
0016CC	6E3A	MOVWF SYSSYSINSTRING3HANDLER,ACCESS
	K	 0000 1110 KKKK KKKK	20
0016CE	0E14	MOVLW HIGH SYSSTRINGPARAM3
	F	 0110 111A FFFF FFFF	1339
	A	 0110 111A 0011 1011	0
0016D0	6E3B	MOVWF SYSSYSINSTRING3HANDLER_H,ACCESS
	K	1111 KKKK KKKK KKKK:1110 110S KKKK KKKK	2274
	S	1111 0000 0000 0100:1110 110S 0111 0001	0
0016D2	EC71 F004	CALL FN_PAD
	F	1110 1110 00FF KKKK:1111 00KK KKKK KKKK	1
	K	1110 1110 0001 KKKK:1111 00KK KKKK KKKK	5164
0016D6	EE15 F02C	LFSR 1,SYSSTRINGPARAM3
	F	 0110 101A FFFF FFFF	1286
	A	 0110 101A 0000 0110	0
0016DA	6A06	CLRF SYSSTRINGLENGTH,ACCESS
	K	 0000 1110 KKKK KKKK	156
0016DC	0E9C	MOVLW LOW STRINGTABLE61
	F	 0110 111A FFFF FFFF	1270
	A	 0110 111A 1111 0110	0
0016DE	6EF6	MOVWF TBLPTRL,ACCESS
	K	 0000 1110 KKKK KKKK	36
0016E0	0E24	MOVLW HIGH STRINGTABLE61
	F	 0110 111A FFFF FFFF	1271
	A	 0110 111A 1111 0111	0
0016E2	6EF7	MOVWF TBLPTRH,ACCESS
	K	 0000 1110 KKKK KKKK	0
0016E4	0E00	MOVLW UPPER STRINGTABLE61
	F	 0110 111A FFFF FFFF	1272
	A	 0110 111A 1111 1000	0
0016E6	6EF8	MOVWF TBLPTRU,ACCESS
	N	 1101 1NNN NNNN NNNN	853
0016E8	DB55	RCALL SYSREADSTRINGPART
	F	1110 1110 00FF KKKK:1111 00KK KKKK KKKK	0
	K	1110 1110 0000 KKKK:1111 00KK KKKK KKKK	5082
0016EA	EE04 F3DA	LFSR 0,PAD
	N	 1101 1NNN NNNN NNNN	607
0016EE	DA5F	RCALL SYSCOPYSTRINGPART
	F	1110 1110 00FF KKKK:1111 00KK KKKK KKKK	0
	K	1110 1110 0000 KKKK:1111 00KK KKKK KKKK	5164
0016F0	EE05 F02C	LFSR 0,SYSSTRINGPARAM3
	S	1111 DDDD DDDD DDDD:1100 SSSS SSSS SSSS	1286
	D	1111 DDDD DDDD DDDD:1100 0101 0000 0110	1263
0016F4	C506 F4EF	MOVFF SYSSTRINGLENGTH, INDF0
	K	 0000 1110 KKKK KKKK	44
0016F8	0E2C	MOVLW LOW SYSSTRINGPARAM3
	F	 0110 111A FFFF FFFF	1328
	A	 0110 111A 0011 0000	0
0016FA	6E30	MOVWF SYSPRINTDATAHANDLER,ACCESS
	K	 0000 1110 KKKK KKKK	20
0016FC	0E14	MOVLW HIGH SYSSTRINGPARAM3
	F	 0110 111A FFFF FFFF	1329
	A	 0110 111A 0011 0001	0
0016FE	6E31	MOVWF SYSPRINTDATAHANDLER_H,ACCESS
	K	 0000 1110 KKKK KKKK	1
001700	0E01	MOVLW 1
	F	 0110 111A FFFF FFFF	1295
	A	 0110 111A 0000 1111	0
001702	6E0F	MOVWF COMPORT,ACCESS
	K	1111 KKKK KKKK KKKK:1110 110S KKKK KKKK	1822
	S	1111 0000 0000 0011:1110 110S 1000 1111	0
001704	EC8F F003	CALL HSERPRINT359
	K	 0000 1110 KKKK KKKK	9
001708	0E09	MOVLW 9
	F	 0110 111A FFFF FFFF	1314
	A	 0110 111A 0010 0010	0
00170A	6E22	MOVWF SYSCHAR,ACCESS
	K	1111 KKKK KKKK KKKK:1110 110S KKKK KKKK	1506
	S	1111 0000 0000 0010:1110 110S 1111 0001	0
00170C	ECF1 F002	CALL FN_CHR
	F	1110 1110 00FF KKKK:1111 00KK KKKK KKKK	1
	K	1110 1110 0001 KKKK:1111 00KK KKKK KKKK	5164
001710	EE15 F02C	LFSR 1,SYSSTRINGPARAM3
	F	 0110 101A FFFF FFFF	1286
	A	 0110 101A 0000 0110	0
001714	6A06	CLRF SYSSTRINGLENGTH,ACCESS
	F	1110 1110 00FF KKKK:1111 00KK KKKK KKKK	0
	K	1110 1110 0000 KKKK:1111 00KK KKKK KKKK	5123
001716	EE05 F003	LFSR 0,CHR
	N	 1101 1NNN NNNN NNNN	585
00171A	DA49	RCALL SYSCOPYSTRINGPART
	K	 0000 1110 KKKK KKKK	8
00171C	0E08	MOVLW LOW STRINGTABLE53
	F	 0110 111A FFFF FFFF	1270
	A	 0110 111A 1111 0110	0
00171E	6EF6	MOVWF TBLPTRL,ACCESS
	K	 0000 1110 KKKK KKKK	36
001720	0E24	MOVLW HIGH STRINGTABLE53
	F	 0110 111A FFFF FFFF	1271
	A	 0110 111A 1111 0111	0
001722	6EF7	MOVWF TBLPTRH,ACCESS
	K	 0000 1110 KKKK KKKK	0
001724	0E00	MOVLW UPPER STRINGTABLE53
	F	 0110 111A FFFF FFFF	1272
	A	 0110 111A 1111 1000	0
001726	6EF8	MOVWF TBLPTRU,ACCESS
	N	 1101 1NNN NNNN NNNN	821
001728	DB35	RCALL SYSREADSTRINGPART
	F	1110 1110 00FF KKKK:1111 00KK KKKK KKKK	0
	K	1110 1110 0000 KKKK:1111 00KK KKKK KKKK	5164
00172A	EE05 F02C	LFSR 0,SYSSTRINGPARAM3
	S	1111 DDDD DDDD DDDD:1100 SSSS SSSS SSSS	1286
	D	1111 DDDD DDDD DDDD:1100 0101 0000 0110	1263
00172E	C506 F4EF	MOVFF SYSSTRINGLENGTH, INDF0
	K	 0000 1110 KKKK KKKK	44
001732	0E2C	MOVLW LOW SYSSTRINGPARAM3
	F	 0110 111A FFFF FFFF	1328
	A	 0110 111A 0011 0000	0
001734	6E30	MOVWF SYSPRINTDATAHANDLER,ACCESS
	K	 0000 1110 KKKK KKKK	20
001736	0E14	MOVLW HIGH SYSSTRINGPARAM3
	F	 0110 111A FFFF FFFF	1329
	A	 0110 111A 0011 0001	0
001738	6E31	MOVWF SYSPRINTDATAHANDLER_H,ACCESS
	K	 0000 1110 KKKK KKKK	1
00173A	0E01	MOVLW 1
	F	 0110 111A FFFF FFFF	1295
	A	 0110 111A 0000 1111	0
00173C	6E0F	MOVWF COMPORT,ACCESS
	K	1111 KKKK KKKK KKKK:1110 110S KKKK KKKK	1822
	S	1111 0000 0000 0011:1110 110S 1000 1111	0
00173E	EC8F F003	CALL HSERPRINT359
	K	 0000 1110 KKKK KKKK	1
001742	0E01	MOVLW 1
	F	 0110 111A FFFF FFFF	1296
	A	 0110 111A 0001 0000	0
001744	6E10	MOVWF HSERPRINTCRLFCOUNT,ACCESS
	K	 0000 1110 KKKK KKKK	1
001746	0E01	MOVLW 1
	F	 0110 111A FFFF FFFF	1295
	A	 0110 111A 0000 1111	0
001748	6E0F	MOVWF COMPORT,ACCESS
	K	1111 KKKK KKKK KKKK:1110 110S KKKK KKKK	1992
	S	1111 0000 0000 0011:1110 110S 1110 0100	0
00174A	ECE4 F003	CALL HSERPRINTCRLF
	F	1110 1110 00FF KKKK:1111 00KK KKKK KKKK	1
	K	1110 1110 0001 KKKK:1111 00KK KKKK KKKK	5164
00174E	EE15 F02C	LFSR 1,SYSSTRINGPARAM3
	F	 0110 101A FFFF FFFF	1286
	A	 0110 101A 0000 0110	0
001752	6A06	CLRF SYSSTRINGLENGTH,ACCESS
	K	 0000 1110 KKKK KKKK	142
001754	0E8E	MOVLW LOW STRINGTABLE58
	F	 0110 111A FFFF FFFF	1270
	A	 0110 111A 1111 0110	0
001756	6EF6	MOVWF TBLPTRL,ACCESS
	K	 0000 1110 KKKK KKKK	36
001758	0E24	MOVLW HIGH STRINGTABLE58
	F	 0110 111A FFFF FFFF	1271
	A	 0110 111A 1111 0111	0
00175A	6EF7	MOVWF TBLPTRH,ACCESS
	K	 0000 1110 KKKK KKKK	0
00175C	0E00	MOVLW UPPER STRINGTABLE58
	F	 0110 111A FFFF FFFF	1272
	A	 0110 111A 1111 1000	0
00175E	6EF8	MOVWF TBLPTRU,ACCESS
	N	 1101 1NNN NNNN NNNN	793
001760	DB19	RCALL SYSREADSTRINGPART
	K	 0000 1110 KKKK KKKK	24
001762	0E18	MOVLW LOW STRINGTABLE54
	F	 0110 111A FFFF FFFF	1270
	A	 0110 111A 1111 0110	0
001764	6EF6	MOVWF TBLPTRL,ACCESS
	K	 0000 1110 KKKK KKKK	36
001766	0E24	MOVLW HIGH STRINGTABLE54
	F	 0110 111A FFFF FFFF	1271
	A	 0110 111A 1111 0111	0
001768	6EF7	MOVWF TBLPTRH,ACCESS
	K	 0000 1110 KKKK KKKK	0
00176A	0E00	MOVLW UPPER STRINGTABLE54
	F	 0110 111A FFFF FFFF	1272
	A	 0110 111A 1111 1000	0
00176C	6EF8	MOVWF TBLPTRU,ACCESS
	N	 1101 1NNN NNNN NNNN	786
00176E	DB12	RCALL SYSREADSTRINGPART
	K	 0000 1110 KKKK KKKK	146
001770	0E92	MOVLW LOW STRINGTABLE59
	F	 0110 111A FFFF FFFF	1270
	A	 0110 111A 1111 0110	0
001772	6EF6	MOVWF TBLPTRL,ACCESS
	K	 0000 1110 KKKK KKKK	36
001774	0E24	MOVLW HIGH STRINGTABLE59
	F	 0110 111A FFFF FFFF	1271
	A	 0110 111A 1111 0111	0
001776	6EF7	MOVWF TBLPTRH,ACCESS
	K	 0000 1110 KKKK KKKK	0
001778	0E00	MOVLW UPPER STRINGTABLE59
	F	 0110 111A FFFF FFFF	1272
	A	 0110 111A 1111 1000	0
00177A	6EF8	MOVWF TBLPTRU,ACCESS
	N	 1101 1NNN NNNN NNNN	779
00177C	DB0B	RCALL SYSREADSTRINGPART
	F	1110 1110 00FF KKKK:1111 00KK KKKK KKKK	0
	K	1110 1110 0000 KKKK:1111 00KK KKKK KKKK	5164
00177E	EE05 F02C	LFSR 0,SYSSTRINGPARAM3
	S	1111 DDDD DDDD DDDD:1100 SSSS SSSS SSSS	1286
	D	1111 DDDD DDDD DDDD:1100 0101 0000 0110	1263
001782	C506 F4EF	MOVFF SYSSTRINGLENGTH, INDF0
	K	 0000 1110 KKKK KKKK	44
001786	0E2C	MOVLW LOW SYSSTRINGPARAM3
	F	 0110 111A FFFF FFFF	1328
	A	 0110 111A 0011 0000	0
001788	6E30	MOVWF SYSPRINTDATAHANDLER,ACCESS
	K	 0000 1110 KKKK KKKK	20
00178A	0E14	MOVLW HIGH SYSSTRINGPARAM3
	F	 0110 111A FFFF FFFF	1329
	A	 0110 111A 0011 0001	0
00178C	6E31	MOVWF SYSPRINTDATAHANDLER_H,ACCESS
	K	 0000 1110 KKKK KKKK	1
00178E	0E01	MOVLW 1
	F	 0110 111A FFFF FFFF	1295
	A	 0110 111A 0000 1111	0
001790	6E0F	MOVWF COMPORT,ACCESS
	K	1111 KKKK KKKK KKKK:1110 110S KKKK KKKK	1822
	S	1111 0000 0000 0011:1110 110S 1000 1111	0
001792	EC8F F003	CALL HSERPRINT359
	S	1111 DDDD DDDD DDDD:1100 SSSS SSSS SSSS	1304
	D	1111 DDDD DDDD DDDD:1100 0101 0001 1000	1293
001796	C518 F50D	MOVFF PWMDUTY,BYTENUM
	K	1111 KKKK KKKK KKKK:1110 110S KKKK KKKK	1234
	S	1111 0000 0000 0010:1110 110S 0110 1001	0
00179A	EC69 F002	CALL FN_BYTETOBIN
	K	 0000 1110 KKKK KKKK	209
00179E	0ED1	MOVLW LOW BYTETOBIN
	F	 0110 111A FFFF FFFF	1328
	A	 0110 111A 0011 0000	0
0017A0	6E30	MOVWF SYSPRINTDATAHANDLER,ACCESS
	K	 0000 1110 KKKK KKKK	19
0017A2	0E13	MOVLW HIGH BYTETOBIN
	F	 0110 111A FFFF FFFF	1329
	A	 0110 111A 0011 0001	0
0017A4	6E31	MOVWF SYSPRINTDATAHANDLER_H,ACCESS
	K	 0000 1110 KKKK KKKK	1
0017A6	0E01	MOVLW 1
	F	 0110 111A FFFF FFFF	1295
	A	 0110 111A 0000 1111	0
0017A8	6E0F	MOVWF COMPORT,ACCESS
	K	1111 KKKK KKKK KKKK:1110 110S KKKK KKKK	1822
	S	1111 0000 0000 0011:1110 110S 1000 1111	0
0017AA	EC8F F003	CALL HSERPRINT359
	S	1111 DDDD DDDD DDDD:1100 SSSS SSSS SSSS	1304
	D	1111 DDDD DDDD DDDD:1100 0101 0001 1000	1347
0017AE	C518 F543	MOVFF PWMDUTY,SYSVALTEMP
	K	1111 KKKK KKKK KKKK:1110 110S KKKK KKKK	9382
	S	1111 0000 0001 0010:1110 110S 0101 0011	0
0017B2	EC53 F012	CALL FN__HEXPICAS
	F	1110 1110 00FF KKKK:1111 00KK KKKK KKKK	1
	K	1110 1110 0001 KKKK:1111 00KK KKKK KKKK	5164
0017B6	EE15 F02C	LFSR 1,SYSSTRINGPARAM3
	F	 0110 101A FFFF FFFF	1286
	A	 0110 101A 0000 0110	0
0017BA	6A06	CLRF SYSSTRINGLENGTH,ACCESS
	K	 0000 1110 KKKK KKKK	150
0017BC	0E96	MOVLW LOW STRINGTABLE60
	F	 0110 111A FFFF FFFF	1270
	A	 0110 111A 1111 0110	0
0017BE	6EF6	MOVWF TBLPTRL,ACCESS
	K	 0000 1110 KKKK KKKK	36
0017C0	0E24	MOVLW HIGH STRINGTABLE60
	F	 0110 111A FFFF FFFF	1271
	A	 0110 111A 1111 0111	0
0017C2	6EF7	MOVWF TBLPTRH,ACCESS
	K	 0000 1110 KKKK KKKK	0
0017C4	0E00	MOVLW UPPER STRINGTABLE60
	F	 0110 111A FFFF FFFF	1272
	A	 0110 111A 1111 1000	0
0017C6	6EF8	MOVWF TBLPTRU,ACCESS
	N	 1101 1NNN NNNN NNNN	741
0017C8	DAE5	RCALL SYSREADSTRINGPART
	F	1110 1110 00FF KKKK:1111 00KK KKKK KKKK	0
	K	1110 1110 0000 KKKK:1111 00KK KKKK KKKK	5063
0017CA	EE04 F3C7	LFSR 0,_HEXPICAS
	N	 1101 1NNN NNNN NNNN	495
0017CE	D9EF	RCALL SYSCOPYSTRINGPART
	F	1110 1110 00FF KKKK:1111 00KK KKKK KKKK	0
	K	1110 1110 0000 KKKK:1111 00KK KKKK KKKK	5164
0017D0	EE05 F02C	LFSR 0,SYSSTRINGPARAM3
	S	1111 DDDD DDDD DDDD:1100 SSSS SSSS SSSS	1286
	D	1111 DDDD DDDD DDDD:1100 0101 0000 0110	1263
0017D4	C506 F4EF	MOVFF SYSSTRINGLENGTH, INDF0
	K	 0000 1110 KKKK KKKK	44
0017D8	0E2C	MOVLW LOW SYSSTRINGPARAM3
	F	 0110 111A FFFF FFFF	1328
	A	 0110 111A 0011 0000	0
0017DA	6E30	MOVWF SYSPRINTDATAHANDLER,ACCESS
	K	 0000 1110 KKKK KKKK	20
0017DC	0E14	MOVLW HIGH SYSSTRINGPARAM3
	F	 0110 111A FFFF FFFF	1329
	A	 0110 111A 0011 0001	0
0017DE	6E31	MOVWF SYSPRINTDATAHANDLER_H,ACCESS
	K	 0000 1110 KKKK KKKK	1
0017E0	0E01	MOVLW 1
	F	 0110 111A FFFF FFFF	1295
	A	 0110 111A 0000 1111	0
0017E2	6E0F	MOVWF COMPORT,ACCESS
	K	1111 KKKK KKKK KKKK:1110 110S KKKK KKKK	1822
	S	1111 0000 0000 0011:1110 110S 1000 1111	0
0017E4	EC8F F003	CALL HSERPRINT359
	S	1111 DDDD DDDD DDDD:1100 SSSS SSSS SSSS	1304
	D	1111 DDDD DDDD DDDD:1100 0101 0001 1000	1347
0017E8	C518 F543	MOVFF PWMDUTY,SYSVALTEMP
	F	 0110 101A FFFF FFFF	1348
	A	 0110 101A 0100 0100	0
0017EC	6A44	CLRF SYSVALTEMP_H,ACCESS
	N	 1101 1NNN NNNN NNNN	243
0017EE	D8F3	RCALL FN_STR
	K	 0000 1110 KKKK KKKK	203
0017F0	0ECB	MOVLW LOW STR
	F	 0110 111A FFFF FFFF	1340
	A	 0110 111A 0011 1100	0
0017F2	6E3C	MOVWF SYSSYSINSTRINGHANDLER,ACCESS
	K	 0000 1110 KKKK KKKK	19
0017F4	0E13	MOVLW HIGH STR
	F	 0110 111A FFFF FFFF	1341
	A	 0110 111A 0011 1101	0
0017F6	6E3D	MOVWF SYSSYSINSTRINGHANDLER_H,ACCESS
	K	 0000 1110 KKKK KKKK	10
0017F8	0E0A	MOVLW 10
	F	 0110 111A FFFF FFFF	1337
	A	 0110 111A 0011 1001	0
0017FA	6E39	MOVWF SYSSTRLEN,ACCESS
	F	1110 1110 00FF KKKK:1111 00KK KKKK KKKK	1
	K	1110 1110 0001 KKKK:1111 00KK KKKK KKKK	5164
0017FC	EE15 F02C	LFSR 1,SYSSTRINGPARAM3
	K	 0000 1110 KKKK KKKK	160
001800	0EA0	MOVLW LOW STRINGTABLE62
	F	 0110 111A FFFF FFFF	1270
	A	 0110 111A 1111 0110	0
001802	6EF6	MOVWF TBLPTRL,ACCESS
	K	 0000 1110 KKKK KKKK	36
001804	0E24	MOVLW HIGH STRINGTABLE62
	F	 0110 111A FFFF FFFF	1271
	A	 0110 111A 1111 0111	0
001806	6EF7	MOVWF TBLPTRH,ACCESS
	K	 0000 1110 KKKK KKKK	0
001808	0E00	MOVLW UPPER STRINGTABLE62
	F	 0110 111A FFFF FFFF	1272
	A	 0110 111A 1111 1000	0
00180A	6EF8	MOVWF TBLPTRU,ACCESS
	N	 1101 1NNN NNNN NNNN	701
00180C	DABD	RCALL SYSREADSTRING
	K	 0000 1110 KKKK KKKK	44
00180E	0E2C	MOVLW LOW SYSSTRINGPARAM3
	F	 0110 111A FFFF FFFF	1338
	A	 0110 111A 0011 1010	0
001810	6E3A	MOVWF SYSSYSINSTRING3HANDLER,ACCESS
	K	 0000 1110 KKKK KKKK	20
001812	0E14	MOVLW HIGH SYSSTRINGPARAM3
	F	 0110 111A FFFF FFFF	1339
	A	 0110 111A 0011 1011	0
001814	6E3B	MOVWF SYSSYSINSTRING3HANDLER_H,ACCESS
	K	1111 KKKK KKKK KKKK:1110 110S KKKK KKKK	2274
	S	1111 0000 0000 0100:1110 110S 0111 0001	0
001816	EC71 F004	CALL FN_PAD
	F	1110 1110 00FF KKKK:1111 00KK KKKK KKKK	1
	K	1110 1110 0001 KKKK:1111 00KK KKKK KKKK	5164
00181A	EE15 F02C	LFSR 1,SYSSTRINGPARAM3
	F	 0110 101A FFFF FFFF	1286
	A	 0110 101A 0000 0110	0
00181E	6A06	CLRF SYSSTRINGLENGTH,ACCESS
	K	 0000 1110 KKKK KKKK	156
001820	0E9C	MOVLW LOW STRINGTABLE61
	F	 0110 111A FFFF FFFF	1270
	A	 0110 111A 1111 0110	0
001822	6EF6	MOVWF TBLPTRL,ACCESS
	K	 0000 1110 KKKK KKKK	36
001824	0E24	MOVLW HIGH STRINGTABLE61
	F	 0110 111A FFFF FFFF	1271
	A	 0110 111A 1111 0111	0
001826	6EF7	MOVWF TBLPTRH,ACCESS
	K	 0000 1110 KKKK KKKK	0
001828	0E00	MOVLW UPPER STRINGTABLE61
	F	 0110 111A FFFF FFFF	1272
	A	 0110 111A 1111 1000	0
00182A	6EF8	MOVWF TBLPTRU,ACCESS
	N	 1101 1NNN NNNN NNNN	691
00182C	DAB3	RCALL SYSREADSTRINGPART
	F	1110 1110 00FF KKKK:1111 00KK KKKK KKKK	0
	K	1110 1110 0000 KKKK:1111 00KK KKKK KKKK	5082
00182E	EE04 F3DA	LFSR 0,PAD
	N	 1101 1NNN NNNN NNNN	445
001832	D9BD	RCALL SYSCOPYSTRINGPART
	F	1110 1110 00FF KKKK:1111 00KK KKKK KKKK	0
	K	1110 1110 0000 KKKK:1111 00KK KKKK KKKK	5164
001834	EE05 F02C	LFSR 0,SYSSTRINGPARAM3
	S	1111 DDDD DDDD DDDD:1100 SSSS SSSS SSSS	1286
	D	1111 DDDD DDDD DDDD:1100 0101 0000 0110	1263
001838	C506 F4EF	MOVFF SYSSTRINGLENGTH, INDF0
	K	 0000 1110 KKKK KKKK	44
00183C	0E2C	MOVLW LOW SYSSTRINGPARAM3
	F	 0110 111A FFFF FFFF	1328
	A	 0110 111A 0011 0000	0
00183E	6E30	MOVWF SYSPRINTDATAHANDLER,ACCESS
	K	 0000 1110 KKKK KKKK	20
001840	0E14	MOVLW HIGH SYSSTRINGPARAM3
	F	 0110 111A FFFF FFFF	1329
	A	 0110 111A 0011 0001	0
001842	6E31	MOVWF SYSPRINTDATAHANDLER_H,ACCESS
	K	 0000 1110 KKKK KKKK	1
001844	0E01	MOVLW 1
	F	 0110 111A FFFF FFFF	1295
	A	 0110 111A 0000 1111	0
001846	6E0F	MOVWF COMPORT,ACCESS
	K	1111 KKKK KKKK KKKK:1110 110S KKKK KKKK	1822
	S	1111 0000 0000 0011:1110 110S 1000 1111	0
001848	EC8F F003	CALL HSERPRINT359
	K	 0000 1110 KKKK KKKK	9
00184C	0E09	MOVLW 9
	F	 0110 111A FFFF FFFF	1314
	A	 0110 111A 0010 0010	0
00184E	6E22	MOVWF SYSCHAR,ACCESS
	K	1111 KKKK KKKK KKKK:1110 110S KKKK KKKK	1506
	S	1111 0000 0000 0010:1110 110S 1111 0001	0
001850	ECF1 F002	CALL FN_CHR
	F	1110 1110 00FF KKKK:1111 00KK KKKK KKKK	1
	K	1110 1110 0001 KKKK:1111 00KK KKKK KKKK	5164
001854	EE15 F02C	LFSR 1,SYSSTRINGPARAM3
	F	 0110 101A FFFF FFFF	1286
	A	 0110 101A 0000 0110	0
001858	6A06	CLRF SYSSTRINGLENGTH,ACCESS
	F	1110 1110 00FF KKKK:1111 00KK KKKK KKKK	0
	K	1110 1110 0000 KKKK:1111 00KK KKKK KKKK	5123
00185A	EE05 F003	LFSR 0,CHR
	N	 1101 1NNN NNNN NNNN	423
00185E	D9A7	RCALL SYSCOPYSTRINGPART
	K	 0000 1110 KKKK KKKK	42
001860	0E2A	MOVLW LOW STRINGTABLE55
	F	 0110 111A FFFF FFFF	1270
	A	 0110 111A 1111 0110	0
001862	6EF6	MOVWF TBLPTRL,ACCESS
	K	 0000 1110 KKKK KKKK	36
001864	0E24	MOVLW HIGH STRINGTABLE55
	F	 0110 111A FFFF FFFF	1271
	A	 0110 111A 1111 0111	0
001866	6EF7	MOVWF TBLPTRH,ACCESS
	K	 0000 1110 KKKK KKKK	0
001868	0E00	MOVLW UPPER STRINGTABLE55
	F	 0110 111A FFFF FFFF	1272
	A	 0110 111A 1111 1000	0
00186A	6EF8	MOVWF TBLPTRU,ACCESS
	N	 1101 1NNN NNNN NNNN	659
00186C	DA93	RCALL SYSREADSTRINGPART
	F	1110 1110 00FF KKKK:1111 00KK KKKK KKKK	0
	K	1110 1110 0000 KKKK:1111 00KK KKKK KKKK	5164
00186E	EE05 F02C	LFSR 0,SYSSTRINGPARAM3
	S	1111 DDDD DDDD DDDD:1100 SSSS SSSS SSSS	1286
	D	1111 DDDD DDDD DDDD:1100 0101 0000 0110	1263
001872	C506 F4EF	MOVFF SYSSTRINGLENGTH, INDF0
	K	 0000 1110 KKKK KKKK	44
001876	0E2C	MOVLW LOW SYSSTRINGPARAM3
	F	 0110 111A FFFF FFFF	1328
	A	 0110 111A 0011 0000	0
001878	6E30	MOVWF SYSPRINTDATAHANDLER,ACCESS
	K	 0000 1110 KKKK KKKK	20
00187A	0E14	MOVLW HIGH SYSSTRINGPARAM3
	F	 0110 111A FFFF FFFF	1329
	A	 0110 111A 0011 0001	0
00187C	6E31	MOVWF SYSPRINTDATAHANDLER_H,ACCESS
	K	 0000 1110 KKKK KKKK	1
00187E	0E01	MOVLW 1
	F	 0110 111A FFFF FFFF	1295
	A	 0110 111A 0000 1111	0
001880	6E0F	MOVWF COMPORT,ACCESS
	K	1111 KKKK KKKK KKKK:1110 110S KKKK KKKK	1822
	S	1111 0000 0000 0011:1110 110S 1000 1111	0
001882	EC8F F003	CALL HSERPRINT359
	K	 0000 1110 KKKK KKKK	1
001886	0E01	MOVLW 1
	F	 0110 111A FFFF FFFF	1296
	A	 0110 111A 0001 0000	0
001888	6E10	MOVWF HSERPRINTCRLFCOUNT,ACCESS
	K	 0000 1110 KKKK KKKK	1
00188A	0E01	MOVLW 1
	F	 0110 111A FFFF FFFF	1295
	A	 0110 111A 0000 1111	0
00188C	6E0F	MOVWF COMPORT,ACCESS
	K	1111 KKKK KKKK KKKK:1110 110S KKKK KKKK	1992
	S	1111 0000 0000 0011:1110 110S 1110 0100	0
00188E	ECE4 F003	CALL HSERPRINTCRLF
	F	1110 1110 00FF KKKK:1111 00KK KKKK KKKK	1
	K	1110 1110 0001 KKKK:1111 00KK KKKK KKKK	5164
001892	EE15 F02C	LFSR 1,SYSSTRINGPARAM3
	F	 0110 101A FFFF FFFF	1286
	A	 0110 101A 0000 0110	0
001896	6A06	CLRF SYSSTRINGLENGTH,ACCESS
	K	 0000 1110 KKKK KKKK	142
001898	0E8E	MOVLW LOW STRINGTABLE58
	F	 0110 111A FFFF FFFF	1270
	A	 0110 111A 1111 0110	0
00189A	6EF6	MOVWF TBLPTRL,ACCESS
	K	 0000 1110 KKKK KKKK	36
00189C	0E24	MOVLW HIGH STRINGTABLE58
	F	 0110 111A FFFF FFFF	1271
	A	 0110 111A 1111 0111	0
00189E	6EF7	MOVWF TBLPTRH,ACCESS
	K	 0000 1110 KKKK KKKK	0
0018A0	0E00	MOVLW UPPER STRINGTABLE58
	F	 0110 111A FFFF FFFF	1272
	A	 0110 111A 1111 1000	0
0018A2	6EF8	MOVWF TBLPTRU,ACCESS
	N	 1101 1NNN NNNN NNNN	631
0018A4	DA77	RCALL SYSREADSTRINGPART
	K	 0000 1110 KKKK KKKK	84
0018A6	0E54	MOVLW LOW STRINGTABLE56
	F	 0110 111A FFFF FFFF	1270
	A	 0110 111A 1111 0110	0
0018A8	6EF6	MOVWF TBLPTRL,ACCESS
	K	 0000 1110 KKKK KKKK	36
0018AA	0E24	MOVLW HIGH STRINGTABLE56
	F	 0110 111A FFFF FFFF	1271
	A	 0110 111A 1111 0111	0
0018AC	6EF7	MOVWF TBLPTRH,ACCESS
	K	 0000 1110 KKKK KKKK	0
0018AE	0E00	MOVLW UPPER STRINGTABLE56
	F	 0110 111A FFFF FFFF	1272
	A	 0110 111A 1111 1000	0
0018B0	6EF8	MOVWF TBLPTRU,ACCESS
	N	 1101 1NNN NNNN NNNN	624
0018B2	DA70	RCALL SYSREADSTRINGPART
	K	 0000 1110 KKKK KKKK	146
0018B4	0E92	MOVLW LOW STRINGTABLE59
	F	 0110 111A FFFF FFFF	1270
	A	 0110 111A 1111 0110	0
0018B6	6EF6	MOVWF TBLPTRL,ACCESS
	K	 0000 1110 KKKK KKKK	36
0018B8	0E24	MOVLW HIGH STRINGTABLE59
	F	 0110 111A FFFF FFFF	1271
	A	 0110 111A 1111 0111	0
0018BA	6EF7	MOVWF TBLPTRH,ACCESS
	K	 0000 1110 KKKK KKKK	0
0018BC	0E00	MOVLW UPPER STRINGTABLE59
	F	 0110 111A FFFF FFFF	1272
	A	 0110 111A 1111 1000	0
0018BE	6EF8	MOVWF TBLPTRU,ACCESS
	N	 1101 1NNN NNNN NNNN	617
0018C0	DA69	RCALL SYSREADSTRINGPART
	F	1110 1110 00FF KKKK:1111 00KK KKKK KKKK	0
	K	1110 1110 0000 KKKK:1111 00KK KKKK KKKK	5164
0018C2	EE05 F02C	LFSR 0,SYSSTRINGPARAM3
	S	1111 DDDD DDDD DDDD:1100 SSSS SSSS SSSS	1286
	D	1111 DDDD DDDD DDDD:1100 0101 0000 0110	1263
0018C6	C506 F4EF	MOVFF SYSSTRINGLENGTH, INDF0
	K	 0000 1110 KKKK KKKK	44
0018CA	0E2C	MOVLW LOW SYSSTRINGPARAM3
	F	 0110 111A FFFF FFFF	1328
	A	 0110 111A 0011 0000	0
0018CC	6E30	MOVWF SYSPRINTDATAHANDLER,ACCESS
	K	 0000 1110 KKKK KKKK	20
0018CE	0E14	MOVLW HIGH SYSSTRINGPARAM3
	F	 0110 111A FFFF FFFF	1329
	A	 0110 111A 0011 0001	0
0018D0	6E31	MOVWF SYSPRINTDATAHANDLER_H,ACCESS
	K	 0000 1110 KKKK KKKK	1
0018D2	0E01	MOVLW 1
	F	 0110 111A FFFF FFFF	1295
	A	 0110 111A 0000 1111	0
0018D4	6E0F	MOVWF COMPORT,ACCESS
	K	1111 KKKK KKKK KKKK:1110 110S KKKK KKKK	1822
	S	1111 0000 0000 0011:1110 110S 1000 1111	0
0018D6	EC8F F003	CALL HSERPRINT359
	S	1111 DDDD DDDD DDDD:1100 SSSS SSSS SSSS	1307
	D	1111 DDDD DDDD DDDD:1100 0101 0001 1011	1293
0018DA	C51B F50D	MOVFF PWMRESOLUTION,BYTENUM
	K	1111 KKKK KKKK KKKK:1110 110S KKKK KKKK	1234
	S	1111 0000 0000 0010:1110 110S 0110 1001	0
0018DE	EC69 F002	CALL FN_BYTETOBIN
	K	 0000 1110 KKKK KKKK	209
0018E2	0ED1	MOVLW LOW BYTETOBIN
	F	 0110 111A FFFF FFFF	1328
	A	 0110 111A 0011 0000	0
0018E4	6E30	MOVWF SYSPRINTDATAHANDLER,ACCESS
	K	 0000 1110 KKKK KKKK	19
0018E6	0E13	MOVLW HIGH BYTETOBIN
	F	 0110 111A FFFF FFFF	1329
	A	 0110 111A 0011 0001	0
0018E8	6E31	MOVWF SYSPRINTDATAHANDLER_H,ACCESS
	K	 0000 1110 KKKK KKKK	1
0018EA	0E01	MOVLW 1
	F	 0110 111A FFFF FFFF	1295
	A	 0110 111A 0000 1111	0
0018EC	6E0F	MOVWF COMPORT,ACCESS
	K	1111 KKKK KKKK KKKK:1110 110S KKKK KKKK	1822
	S	1111 0000 0000 0011:1110 110S 1000 1111	0
0018EE	EC8F F003	CALL HSERPRINT359
	S	1111 DDDD DDDD DDDD:1100 SSSS SSSS SSSS	1307
	D	1111 DDDD DDDD DDDD:1100 0101 0001 1011	1347
0018F2	C51B F543	MOVFF PWMRESOLUTION,SYSVALTEMP
	K	1111 KKKK KKKK KKKK:1110 110S KKKK KKKK	9382
	S	1111 0000 0001 0010:1110 110S 0101 0011	0
0018F6	EC53 F012	CALL FN__HEXPICAS
	F	1110 1110 00FF KKKK:1111 00KK KKKK KKKK	1
	K	1110 1110 0001 KKKK:1111 00KK KKKK KKKK	5164
0018FA	EE15 F02C	LFSR 1,SYSSTRINGPARAM3
	F	 0110 101A FFFF FFFF	1286
	A	 0110 101A 0000 0110	0
0018FE	6A06	CLRF SYSSTRINGLENGTH,ACCESS
	K	 0000 1110 KKKK KKKK	150
001900	0E96	MOVLW LOW STRINGTABLE60
	F	 0110 111A FFFF FFFF	1270
	A	 0110 111A 1111 0110	0
001902	6EF6	MOVWF TBLPTRL,ACCESS
	K	 0000 1110 KKKK KKKK	36
001904	0E24	MOVLW HIGH STRINGTABLE60
	F	 0110 111A FFFF FFFF	1271
	A	 0110 111A 1111 0111	0
001906	6EF7	MOVWF TBLPTRH,ACCESS
	K	 0000 1110 KKKK KKKK	0
001908	0E00	MOVLW UPPER STRINGTABLE60
	F	 0110 111A FFFF FFFF	1272
	A	 0110 111A 1111 1000	0
00190A	6EF8	MOVWF TBLPTRU,ACCESS
	N	 1101 1NNN NNNN NNNN	579
00190C	DA43	RCALL SYSREADSTRINGPART
	F	1110 1110 00FF KKKK:1111 00KK KKKK KKKK	0
	K	1110 1110 0000 KKKK:1111 00KK KKKK KKKK	5063
00190E	EE04 F3C7	LFSR 0,_HEXPICAS
	N	 1101 1NNN NNNN NNNN	333
001912	D94D	RCALL SYSCOPYSTRINGPART
	F	1110 1110 00FF KKKK:1111 00KK KKKK KKKK	0
	K	1110 1110 0000 KKKK:1111 00KK KKKK KKKK	5164
001914	EE05 F02C	LFSR 0,SYSSTRINGPARAM3
	S	1111 DDDD DDDD DDDD:1100 SSSS SSSS SSSS	1286
	D	1111 DDDD DDDD DDDD:1100 0101 0000 0110	1263
001918	C506 F4EF	MOVFF SYSSTRINGLENGTH, INDF0
	K	 0000 1110 KKKK KKKK	44
00191C	0E2C	MOVLW LOW SYSSTRINGPARAM3
	F	 0110 111A FFFF FFFF	1328
	A	 0110 111A 0011 0000	0
00191E	6E30	MOVWF SYSPRINTDATAHANDLER,ACCESS
	K	 0000 1110 KKKK KKKK	20
001920	0E14	MOVLW HIGH SYSSTRINGPARAM3
	F	 0110 111A FFFF FFFF	1329
	A	 0110 111A 0011 0001	0
001922	6E31	MOVWF SYSPRINTDATAHANDLER_H,ACCESS
	K	 0000 1110 KKKK KKKK	1
001924	0E01	MOVLW 1
	F	 0110 111A FFFF FFFF	1295
	A	 0110 111A 0000 1111	0
001926	6E0F	MOVWF COMPORT,ACCESS
	K	1111 KKKK KKKK KKKK:1110 110S KKKK KKKK	1822
	S	1111 0000 0000 0011:1110 110S 1000 1111	0
001928	EC8F F003	CALL HSERPRINT359
	S	1111 DDDD DDDD DDDD:1100 SSSS SSSS SSSS	1307
	D	1111 DDDD DDDD DDDD:1100 0101 0001 1011	1347
00192C	C51B F543	MOVFF PWMRESOLUTION,SYSVALTEMP
	F	 0110 101A FFFF FFFF	1348
	A	 0110 101A 0100 0100	0
001930	6A44	CLRF SYSVALTEMP_H,ACCESS
	N	 1101 1NNN NNNN NNNN	81
001932	D851	RCALL FN_STR
	K	 0000 1110 KKKK KKKK	203
001934	0ECB	MOVLW LOW STR
	F	 0110 111A FFFF FFFF	1340
	A	 0110 111A 0011 1100	0
001936	6E3C	MOVWF SYSSYSINSTRINGHANDLER,ACCESS
	K	 0000 1110 KKKK KKKK	19
001938	0E13	MOVLW HIGH STR
	F	 0110 111A FFFF FFFF	1341
	A	 0110 111A 0011 1101	0
00193A	6E3D	MOVWF SYSSYSINSTRINGHANDLER_H,ACCESS
	K	 0000 1110 KKKK KKKK	10
00193C	0E0A	MOVLW 10
	F	 0110 111A FFFF FFFF	1337
	A	 0110 111A 0011 1001	0
00193E	6E39	MOVWF SYSSTRLEN,ACCESS
	F	1110 1110 00FF KKKK:1111 00KK KKKK KKKK	1
	K	1110 1110 0001 KKKK:1111 00KK KKKK KKKK	5164
001940	EE15 F02C	LFSR 1,SYSSTRINGPARAM3
	K	 0000 1110 KKKK KKKK	160
001944	0EA0	MOVLW LOW STRINGTABLE62
	F	 0110 111A FFFF FFFF	1270
	A	 0110 111A 1111 0110	0
001946	6EF6	MOVWF TBLPTRL,ACCESS
	K	 0000 1110 KKKK KKKK	36
001948	0E24	MOVLW HIGH STRINGTABLE62
	F	 0110 111A FFFF FFFF	1271
	A	 0110 111A 1111 0111	0
00194A	6EF7	MOVWF TBLPTRH,ACCESS
	K	 0000 1110 KKKK KKKK	0
00194C	0E00	MOVLW UPPER STRINGTABLE62
	F	 0110 111A FFFF FFFF	1272
	A	 0110 111A 1111 1000	0
00194E	6EF8	MOVWF TBLPTRU,ACCESS
	N	 1101 1NNN NNNN NNNN	539
001950	DA1B	RCALL SYSREADSTRING
	K	 0000 1110 KKKK KKKK	44
001952	0E2C	MOVLW LOW SYSSTRINGPARAM3
	F	 0110 111A FFFF FFFF	1338
	A	 0110 111A 0011 1010	0
001954	6E3A	MOVWF SYSSYSINSTRING3HANDLER,ACCESS
	K	 0000 1110 KKKK KKKK	20
001956	0E14	MOVLW HIGH SYSSTRINGPARAM3
	F	 0110 111A FFFF FFFF	1339
	A	 0110 111A 0011 1011	0
001958	6E3B	MOVWF SYSSYSINSTRING3HANDLER_H,ACCESS
	K	1111 KKKK KKKK KKKK:1110 110S KKKK KKKK	2274
	S	1111 0000 0000 0100:1110 110S 0111 0001	0
00195A	EC71 F004	CALL FN_PAD
	F	1110 1110 00FF KKKK:1111 00KK KKKK KKKK	1
	K	1110 1110 0001 KKKK:1111 00KK KKKK KKKK	5164
00195E	EE15 F02C	LFSR 1,SYSSTRINGPARAM3
	F	 0110 101A FFFF FFFF	1286
	A	 0110 101A 0000 0110	0
001962	6A06	CLRF SYSSTRINGLENGTH,ACCESS
	K	 0000 1110 KKKK KKKK	156
001964	0E9C	MOVLW LOW STRINGTABLE61
	F	 0110 111A FFFF FFFF	1270
	A	 0110 111A 1111 0110	0
001966	6EF6	MOVWF TBLPTRL,ACCESS
	K	 0000 1110 KKKK KKKK	36
001968	0E24	MOVLW HIGH STRINGTABLE61
	F	 0110 111A FFFF FFFF	1271
	A	 0110 111A 1111 0111	0
00196A	6EF7	MOVWF TBLPTRH,ACCESS
	K	 0000 1110 KKKK KKKK	0
00196C	0E00	MOVLW UPPER STRINGTABLE61
	F	 0110 111A FFFF FFFF	1272
	A	 0110 111A 1111 1000	0
00196E	6EF8	MOVWF TBLPTRU,ACCESS
	N	 1101 1NNN NNNN NNNN	529
001970	DA11	RCALL SYSREADSTRINGPART
	F	1110 1110 00FF KKKK:1111 00KK KKKK KKKK	0
	K	1110 1110 0000 KKKK:1111 00KK KKKK KKKK	5082
001972	EE04 F3DA	LFSR 0,PAD
	N	 1101 1NNN NNNN NNNN	283
001976	D91B	RCALL SYSCOPYSTRINGPART
	F	1110 1110 00FF KKKK:1111 00KK KKKK KKKK	0
	K	1110 1110 0000 KKKK:1111 00KK KKKK KKKK	5164
001978	EE05 F02C	LFSR 0,SYSSTRINGPARAM3
	S	1111 DDDD DDDD DDDD:1100 SSSS SSSS SSSS	1286
	D	1111 DDDD DDDD DDDD:1100 0101 0000 0110	1263
00197C	C506 F4EF	MOVFF SYSSTRINGLENGTH, INDF0
	K	 0000 1110 KKKK KKKK	44
001980	0E2C	MOVLW LOW SYSSTRINGPARAM3
	F	 0110 111A FFFF FFFF	1328
	A	 0110 111A 0011 0000	0
001982	6E30	MOVWF SYSPRINTDATAHANDLER,ACCESS
	K	 0000 1110 KKKK KKKK	20
001984	0E14	MOVLW HIGH SYSSTRINGPARAM3
	F	 0110 111A FFFF FFFF	1329
	A	 0110 111A 0011 0001	0
001986	6E31	MOVWF SYSPRINTDATAHANDLER_H,ACCESS
	K	 0000 1110 KKKK KKKK	1
001988	0E01	MOVLW 1
	F	 0110 111A FFFF FFFF	1295
	A	 0110 111A 0000 1111	0
00198A	6E0F	MOVWF COMPORT,ACCESS
	K	1111 KKKK KKKK KKKK:1110 110S KKKK KKKK	1822
	S	1111 0000 0000 0011:1110 110S 1000 1111	0
00198C	EC8F F003	CALL HSERPRINT359
	K	 0000 1110 KKKK KKKK	9
001990	0E09	MOVLW 9
	F	 0110 111A FFFF FFFF	1314
	A	 0110 111A 0010 0010	0
001992	6E22	MOVWF SYSCHAR,ACCESS
	K	1111 KKKK KKKK KKKK:1110 110S KKKK KKKK	1506
	S	1111 0000 0000 0010:1110 110S 1111 0001	0
001994	ECF1 F002	CALL FN_CHR
	F	1110 1110 00FF KKKK:1111 00KK KKKK KKKK	1
	K	1110 1110 0001 KKKK:1111 00KK KKKK KKKK	5164
001998	EE15 F02C	LFSR 1,SYSSTRINGPARAM3
	F	 0110 101A FFFF FFFF	1286
	A	 0110 101A 0000 0110	0
00199C	6A06	CLRF SYSSTRINGLENGTH,ACCESS
	F	1110 1110 00FF KKKK:1111 00KK KKKK KKKK	0
	K	1110 1110 0000 KKKK:1111 00KK KKKK KKKK	5123
00199E	EE05 F003	LFSR 0,CHR
	N	 1101 1NNN NNNN NNNN	261
0019A2	D905	RCALL SYSCOPYSTRINGPART
	K	 0000 1110 KKKK KKKK	102
0019A4	0E66	MOVLW LOW STRINGTABLE57
	F	 0110 111A FFFF FFFF	1270
	A	 0110 111A 1111 0110	0
0019A6	6EF6	MOVWF TBLPTRL,ACCESS
	K	 0000 1110 KKKK KKKK	36
0019A8	0E24	MOVLW HIGH STRINGTABLE57
	F	 0110 111A FFFF FFFF	1271
	A	 0110 111A 1111 0111	0
0019AA	6EF7	MOVWF TBLPTRH,ACCESS
	K	 0000 1110 KKKK KKKK	0
0019AC	0E00	MOVLW UPPER STRINGTABLE57
	F	 0110 111A FFFF FFFF	1272
	A	 0110 111A 1111 1000	0
0019AE	6EF8	MOVWF TBLPTRU,ACCESS
	N	 1101 1NNN NNNN NNNN	497
0019B0	D9F1	RCALL SYSREADSTRINGPART
	F	1110 1110 00FF KKKK:1111 00KK KKKK KKKK	0
	K	1110 1110 0000 KKKK:1111 00KK KKKK KKKK	5164
0019B2	EE05 F02C	LFSR 0,SYSSTRINGPARAM3
	S	1111 DDDD DDDD DDDD:1100 SSSS SSSS SSSS	1286
	D	1111 DDDD DDDD DDDD:1100 0101 0000 0110	1263
0019B6	C506 F4EF	MOVFF SYSSTRINGLENGTH, INDF0
	K	 0000 1110 KKKK KKKK	44
0019BA	0E2C	MOVLW LOW SYSSTRINGPARAM3
	F	 0110 111A FFFF FFFF	1328
	A	 0110 111A 0011 0000	0
0019BC	6E30	MOVWF SYSPRINTDATAHANDLER,ACCESS
	K	 0000 1110 KKKK KKKK	20
0019BE	0E14	MOVLW HIGH SYSSTRINGPARAM3
	F	 0110 111A FFFF FFFF	1329
	A	 0110 111A 0011 0001	0
0019C0	6E31	MOVWF SYSPRINTDATAHANDLER_H,ACCESS
	K	 0000 1110 KKKK KKKK	1
0019C2	0E01	MOVLW 1
	F	 0110 111A FFFF FFFF	1295
	A	 0110 111A 0000 1111	0
0019C4	6E0F	MOVWF COMPORT,ACCESS
	K	1111 KKKK KKKK KKKK:1110 110S KKKK KKKK	1822
	S	1111 0000 0000 0011:1110 110S 1000 1111	0
0019C6	EC8F F003	CALL HSERPRINT359
	K	 0000 1110 KKKK KKKK	1
0019CA	0E01	MOVLW 1
	F	 0110 111A FFFF FFFF	1296
	A	 0110 111A 0001 0000	0
0019CC	6E10	MOVWF HSERPRINTCRLFCOUNT,ACCESS
	K	 0000 1110 KKKK KKKK	1
0019CE	0E01	MOVLW 1
	F	 0110 111A FFFF FFFF	1295
	A	 0110 111A 0000 1111	0
0019D0	6E0F	MOVWF COMPORT,ACCESS
	K	1111 KKKK KKKK KKKK:1110 1111 KKKK KKKK	1992
0019D2	EFE4 F003	GOTO HSERPRINTCRLF


		FN_STR
	F	 0110 101A FFFF FFFF	1315
	A	 0110 101A 0010 0011	0
0019D6	6A23	CLRF SYSCHARCOUNT,ACCESS
	S	1111 DDDD DDDD DDDD:1100 SSSS SSSS SSSS	1347
	D	1111 DDDD DDDD DDDD:1100 0101 0100 0011	1285
0019D8	C543 F505	MOVFF SYSVALTEMP,SYSWORDTEMPA
	S	1111 DDDD DDDD DDDD:1100 SSSS SSSS SSSS	1348
	D	1111 DDDD DDDD DDDD:1100 0101 0100 0100	1286
0019DC	C544 F506	MOVFF SYSVALTEMP_H,SYSWORDTEMPA_H
	K	 0000 1110 KKKK KKKK	16
0019E0	0E10	MOVLW 16
	F	 0110 111A FFFF FFFF	1289
	A	 0110 111A 0000 1001	0
0019E2	6E09	MOVWF SYSWORDTEMPB,ACCESS
	K	 0000 1110 KKKK KKKK	39
0019E4	0E27	MOVLW 39
	F	 0110 111A FFFF FFFF	1290
	A	 0110 111A 0000 1010	0
0019E6	6E0A	MOVWF SYSWORDTEMPB_H,ACCESS
	N	 1101 1NNN NNNN NNNN	185
0019E8	D8B9	RCALL SYSCOMPLESSTHAN16
	F	 0001 11DA FFFF FFFF	1280
	D	 0001 11DA 0000 0000	1
	A	 0001 111A 0000 0000	0
0019EA	1E00	COMF SYSBYTETEMPX,F,ACCESS
	F	 1010 BBBA FFFF FFFF	1280
	B	 1010 BBBA 0000 0000	0
	A	 1010 000A 0000 0000	0
0019EC	A000	BTFSS SYSBYTETEMPX,0,ACCESS
	N	 1101 0NNN NNNN NNNN	26
0019EE	D01A	BRA ENDIF14
	S	1111 DDDD DDDD DDDD:1100 SSSS SSSS SSSS	1347
	D	1111 DDDD DDDD DDDD:1100 0101 0100 0011	1285
0019F0	C543 F505	MOVFF SYSVALTEMP,SYSWORDTEMPA
	S	1111 DDDD DDDD DDDD:1100 SSSS SSSS SSSS	1348
	D	1111 DDDD DDDD DDDD:1100 0101 0100 0100	1286
0019F4	C544 F506	MOVFF SYSVALTEMP_H,SYSWORDTEMPA_H
	K	 0000 1110 KKKK KKKK	16
0019F8	0E10	MOVLW 16
	F	 0110 111A FFFF FFFF	1289
	A	 0110 111A 0000 1001	0
0019FA	6E09	MOVWF SYSWORDTEMPB,ACCESS
	K	 0000 1110 KKKK KKKK	39
0019FC	0E27	MOVLW 39
	F	 0110 111A FFFF FFFF	1290
	A	 0110 111A 0000 1010	0
0019FE	6E0A	MOVWF SYSWORDTEMPB_H,ACCESS
	N	 1101 1NNN NNNN NNNN	245
001A00	D8F5	RCALL SYSDIVSUB16
	S	1111 DDDD DDDD DDDD:1100 SSSS SSSS SSSS	1285
	D	1111 DDDD DDDD DDDD:1100 0101 0000 0101	1335
001A02	C505 F537	MOVFF SYSWORDTEMPA,SYSSTRDATA
	S	1111 DDDD DDDD DDDD:1100 SSSS SSSS SSSS	1280
	D	1111 DDDD DDDD DDDD:1100 0101 0000 0000	1347
001A06	C500 F543	MOVFF SYSCALCTEMPX,SYSVALTEMP
	S	1111 DDDD DDDD DDDD:1100 SSSS SSSS SSSS	1281
	D	1111 DDDD DDDD DDDD:1100 0101 0000 0001	1348
001A0A	C501 F544	MOVFF SYSCALCTEMPX_H,SYSVALTEMP_H
	F	 0010 10DA FFFF FFFF	1315
	D	 0010 10DA 0010 0011	1
	A	 0010 101A 0010 0011	0
001A0E	2A23	INCF SYSCHARCOUNT,F,ACCESS
	F	1110 1110 00FF KKKK:1111 00KK KKKK KKKK	0
	K	1110 1110 0000 KKKK:1111 00KK KKKK KKKK	5067
001A10	EE04 F3CB	LFSR 0,STR
	F	 0101 00DA FFFF FFFF	1315
	D	 0101 00DA 0010 0011	0
	A	 0101 000A 0010 0011	0
001A14	5023	MOVF SYSCHARCOUNT,W,ACCESS
	F	 0010 01DA FFFF FFFF	1257
	D	 0010 01DA 1110 1001	1
	A	 0010 011A 1110 1001	0
001A16	26E9	ADDWF AFSR0,F,ACCESS
	K	 0000 1110 KKKK KKKK	0
001A18	0E00	MOVLW 0
	F	 0010 00DA FFFF FFFF	1258
	D	 0010 00DA 1110 1010	1
	A	 0010 001A 1110 1010	0
001A1A	22EA	ADDWFC AFSR0_H,F,ACCESS
	K	 0000 1110 KKKK KKKK	48
001A1C	0E30	MOVLW 48
	F	 0010 01DA FFFF FFFF	1335
	D	 0010 01DA 0011 0111	0
	A	 0010 010A 0011 0111	0
001A1E	2437	ADDWF SYSSTRDATA,W,ACCESS
	F	 0110 111A FFFF FFFF	1263
	A	 0110 111A 1110 1111	0
001A20	6EEF	MOVWF INDF0,ACCESS
	N	 1101 0NNN NNNN NNNN	12
001A22	D00C	BRA SYSVALTHOUSANDS
		ENDIF14
	S	1111 DDDD DDDD DDDD:1100 SSSS SSSS SSSS	1347
	D	1111 DDDD DDDD DDDD:1100 0101 0100 0011	1285
001A24	C543 F505	MOVFF SYSVALTEMP,SYSWORDTEMPA
	S	1111 DDDD DDDD DDDD:1100 SSSS SSSS SSSS	1348
	D	1111 DDDD DDDD DDDD:1100 0101 0100 0100	1286
001A28	C544 F506	MOVFF SYSVALTEMP_H,SYSWORDTEMPA_H
	K	 0000 1110 KKKK KKKK	232
001A2C	0EE8	MOVLW 232
	F	 0110 111A FFFF FFFF	1289
	A	 0110 111A 0000 1001	0
001A2E	6E09	MOVWF SYSWORDTEMPB,ACCESS
	K	 0000 1110 KKKK KKKK	3
001A30	0E03	MOVLW 3
	F	 0110 111A FFFF FFFF	1290
	A	 0110 111A 0000 1010	0
001A32	6E0A	MOVWF SYSWORDTEMPB_H,ACCESS
	N	 1101 1NNN NNNN NNNN	147
001A34	D893	RCALL SYSCOMPLESSTHAN16
	F	 0001 11DA FFFF FFFF	1280
	D	 0001 11DA 0000 0000	1
	A	 0001 111A 0000 0000	0
001A36	1E00	COMF SYSBYTETEMPX,F,ACCESS
	F	 1010 BBBA FFFF FFFF	1280
	B	 1010 BBBA 0000 0000	0
	A	 1010 000A 0000 0000	0
001A38	A000	BTFSS SYSBYTETEMPX,0,ACCESS
	N	 1101 0NNN NNNN NNNN	26
001A3A	D01A	BRA ENDIF15
		SYSVALTHOUSANDS
	S	1111 DDDD DDDD DDDD:1100 SSSS SSSS SSSS	1347
	D	1111 DDDD DDDD DDDD:1100 0101 0100 0011	1285
001A3C	C543 F505	MOVFF SYSVALTEMP,SYSWORDTEMPA
	S	1111 DDDD DDDD DDDD:1100 SSSS SSSS SSSS	1348
	D	1111 DDDD DDDD DDDD:1100 0101 0100 0100	1286
001A40	C544 F506	MOVFF SYSVALTEMP_H,SYSWORDTEMPA_H
	K	 0000 1110 KKKK KKKK	232
001A44	0EE8	MOVLW 232
	F	 0110 111A FFFF FFFF	1289
	A	 0110 111A 0000 1001	0
001A46	6E09	MOVWF SYSWORDTEMPB,ACCESS
	K	 0000 1110 KKKK KKKK	3
001A48	0E03	MOVLW 3
	F	 0110 111A FFFF FFFF	1290
	A	 0110 111A 0000 1010	0
001A4A	6E0A	MOVWF SYSWORDTEMPB_H,ACCESS
	N	 1101 1NNN NNNN NNNN	207
001A4C	D8CF	RCALL SYSDIVSUB16
	S	1111 DDDD DDDD DDDD:1100 SSSS SSSS SSSS	1285
	D	1111 DDDD DDDD DDDD:1100 0101 0000 0101	1335
001A4E	C505 F537	MOVFF SYSWORDTEMPA,SYSSTRDATA
	S	1111 DDDD DDDD DDDD:1100 SSSS SSSS SSSS	1280
	D	1111 DDDD DDDD DDDD:1100 0101 0000 0000	1347
001A52	C500 F543	MOVFF SYSCALCTEMPX,SYSVALTEMP
	S	1111 DDDD DDDD DDDD:1100 SSSS SSSS SSSS	1281
	D	1111 DDDD DDDD DDDD:1100 0101 0000 0001	1348
001A56	C501 F544	MOVFF SYSCALCTEMPX_H,SYSVALTEMP_H
	F	 0010 10DA FFFF FFFF	1315
	D	 0010 10DA 0010 0011	1
	A	 0010 101A 0010 0011	0
001A5A	2A23	INCF SYSCHARCOUNT,F,ACCESS
	F	1110 1110 00FF KKKK:1111 00KK KKKK KKKK	0
	K	1110 1110 0000 KKKK:1111 00KK KKKK KKKK	5067
001A5C	EE04 F3CB	LFSR 0,STR
	F	 0101 00DA FFFF FFFF	1315
	D	 0101 00DA 0010 0011	0
	A	 0101 000A 0010 0011	0
001A60	5023	MOVF SYSCHARCOUNT,W,ACCESS
	F	 0010 01DA FFFF FFFF	1257
	D	 0010 01DA 1110 1001	1
	A	 0010 011A 1110 1001	0
001A62	26E9	ADDWF AFSR0,F,ACCESS
	K	 0000 1110 KKKK KKKK	0
001A64	0E00	MOVLW 0
	F	 0010 00DA FFFF FFFF	1258
	D	 0010 00DA 1110 1010	1
	A	 0010 001A 1110 1010	0
001A66	22EA	ADDWFC AFSR0_H,F,ACCESS
	K	 0000 1110 KKKK KKKK	48
001A68	0E30	MOVLW 48
	F	 0010 01DA FFFF FFFF	1335
	D	 0010 01DA 0011 0111	0
	A	 0010 010A 0011 0111	0
001A6A	2437	ADDWF SYSSTRDATA,W,ACCESS
	F	 0110 111A FFFF FFFF	1263
	A	 0110 111A 1110 1111	0
001A6C	6EEF	MOVWF INDF0,ACCESS
	N	 1101 0NNN NNNN NNNN	11
001A6E	D00B	BRA SYSVALHUNDREDS
		ENDIF15
	S	1111 DDDD DDDD DDDD:1100 SSSS SSSS SSSS	1347
	D	1111 DDDD DDDD DDDD:1100 0101 0100 0011	1285
001A70	C543 F505	MOVFF SYSVALTEMP,SYSWORDTEMPA
	S	1111 DDDD DDDD DDDD:1100 SSSS SSSS SSSS	1348
	D	1111 DDDD DDDD DDDD:1100 0101 0100 0100	1286
001A74	C544 F506	MOVFF SYSVALTEMP_H,SYSWORDTEMPA_H
	K	 0000 1110 KKKK KKKK	100
001A78	0E64	MOVLW 100
	F	 0110 111A FFFF FFFF	1289
	A	 0110 111A 0000 1001	0
001A7A	6E09	MOVWF SYSWORDTEMPB,ACCESS
	F	 0110 101A FFFF FFFF	1290
	A	 0110 101A 0000 1010	0
001A7C	6A0A	CLRF SYSWORDTEMPB_H,ACCESS
	N	 1101 1NNN NNNN NNNN	110
001A7E	D86E	RCALL SYSCOMPLESSTHAN16
	F	 0001 11DA FFFF FFFF	1280
	D	 0001 11DA 0000 0000	1
	A	 0001 111A 0000 0000	0
001A80	1E00	COMF SYSBYTETEMPX,F,ACCESS
	F	 1010 BBBA FFFF FFFF	1280
	B	 1010 BBBA 0000 0000	0
	A	 1010 000A 0000 0000	0
001A82	A000	BTFSS SYSBYTETEMPX,0,ACCESS
	N	 1101 0NNN NNNN NNNN	25
001A84	D019	BRA ENDIF16
		SYSVALHUNDREDS
	S	1111 DDDD DDDD DDDD:1100 SSSS SSSS SSSS	1347
	D	1111 DDDD DDDD DDDD:1100 0101 0100 0011	1285
001A86	C543 F505	MOVFF SYSVALTEMP,SYSWORDTEMPA
	S	1111 DDDD DDDD DDDD:1100 SSSS SSSS SSSS	1348
	D	1111 DDDD DDDD DDDD:1100 0101 0100 0100	1286
001A8A	C544 F506	MOVFF SYSVALTEMP_H,SYSWORDTEMPA_H
	K	 0000 1110 KKKK KKKK	100
001A8E	0E64	MOVLW 100
	F	 0110 111A FFFF FFFF	1289
	A	 0110 111A 0000 1001	0
001A90	6E09	MOVWF SYSWORDTEMPB,ACCESS
	F	 0110 101A FFFF FFFF	1290
	A	 0110 101A 0000 1010	0
001A92	6A0A	CLRF SYSWORDTEMPB_H,ACCESS
	N	 1101 1NNN NNNN NNNN	171
001A94	D8AB	RCALL SYSDIVSUB16
	S	1111 DDDD DDDD DDDD:1100 SSSS SSSS SSSS	1285
	D	1111 DDDD DDDD DDDD:1100 0101 0000 0101	1335
001A96	C505 F537	MOVFF SYSWORDTEMPA,SYSSTRDATA
	S	1111 DDDD DDDD DDDD:1100 SSSS SSSS SSSS	1280
	D	1111 DDDD DDDD DDDD:1100 0101 0000 0000	1347
001A9A	C500 F543	MOVFF SYSCALCTEMPX,SYSVALTEMP
	S	1111 DDDD DDDD DDDD:1100 SSSS SSSS SSSS	1281
	D	1111 DDDD DDDD DDDD:1100 0101 0000 0001	1348
001A9E	C501 F544	MOVFF SYSCALCTEMPX_H,SYSVALTEMP_H
	F	 0010 10DA FFFF FFFF	1315
	D	 0010 10DA 0010 0011	1
	A	 0010 101A 0010 0011	0
001AA2	2A23	INCF SYSCHARCOUNT,F,ACCESS
	F	1110 1110 00FF KKKK:1111 00KK KKKK KKKK	0
	K	1110 1110 0000 KKKK:1111 00KK KKKK KKKK	5067
001AA4	EE04 F3CB	LFSR 0,STR
	F	 0101 00DA FFFF FFFF	1315
	D	 0101 00DA 0010 0011	0
	A	 0101 000A 0010 0011	0
001AA8	5023	MOVF SYSCHARCOUNT,W,ACCESS
	F	 0010 01DA FFFF FFFF	1257
	D	 0010 01DA 1110 1001	1
	A	 0010 011A 1110 1001	0
001AAA	26E9	ADDWF AFSR0,F,ACCESS
	K	 0000 1110 KKKK KKKK	0
001AAC	0E00	MOVLW 0
	F	 0010 00DA FFFF FFFF	1258
	D	 0010 00DA 1110 1010	1
	A	 0010 001A 1110 1010	0
001AAE	22EA	ADDWFC AFSR0_H,F,ACCESS
	K	 0000 1110 KKKK KKKK	48
001AB0	0E30	MOVLW 48
	F	 0010 01DA FFFF FFFF	1335
	D	 0010 01DA 0011 0111	0
	A	 0010 010A 0011 0111	0
001AB2	2437	ADDWF SYSSTRDATA,W,ACCESS
	F	 0110 111A FFFF FFFF	1263
	A	 0110 111A 1110 1111	0
001AB4	6EEF	MOVWF INDF0,ACCESS
	N	 1101 0NNN NNNN NNNN	11
001AB6	D00B	BRA SYSVALTENS
		ENDIF16
	S	1111 DDDD DDDD DDDD:1100 SSSS SSSS SSSS	1347
	D	1111 DDDD DDDD DDDD:1100 0101 0100 0011	1285
001AB8	C543 F505	MOVFF SYSVALTEMP,SYSWORDTEMPA
	S	1111 DDDD DDDD DDDD:1100 SSSS SSSS SSSS	1348
	D	1111 DDDD DDDD DDDD:1100 0101 0100 0100	1286
001ABC	C544 F506	MOVFF SYSVALTEMP_H,SYSWORDTEMPA_H
	K	 0000 1110 KKKK KKKK	10
001AC0	0E0A	MOVLW 10
	F	 0110 111A FFFF FFFF	1289
	A	 0110 111A 0000 1001	0
001AC2	6E09	MOVWF SYSWORDTEMPB,ACCESS
	F	 0110 101A FFFF FFFF	1290
	A	 0110 101A 0000 1010	0
001AC4	6A0A	CLRF SYSWORDTEMPB_H,ACCESS
	N	 1101 1NNN NNNN NNNN	74
001AC6	D84A	RCALL SYSCOMPLESSTHAN16
	F	 0001 11DA FFFF FFFF	1280
	D	 0001 11DA 0000 0000	1
	A	 0001 111A 0000 0000	0
001AC8	1E00	COMF SYSBYTETEMPX,F,ACCESS
	F	 1010 BBBA FFFF FFFF	1280
	B	 1010 BBBA 0000 0000	0
	A	 1010 000A 0000 0000	0
001ACA	A000	BTFSS SYSBYTETEMPX,0,ACCESS
	N	 1101 0NNN NNNN NNNN	24
001ACC	D018	BRA ENDIF17
		SYSVALTENS
	S	1111 DDDD DDDD DDDD:1100 SSSS SSSS SSSS	1347
	D	1111 DDDD DDDD DDDD:1100 0101 0100 0011	1285
001ACE	C543 F505	MOVFF SYSVALTEMP,SYSWORDTEMPA
	S	1111 DDDD DDDD DDDD:1100 SSSS SSSS SSSS	1348
	D	1111 DDDD DDDD DDDD:1100 0101 0100 0100	1286
001AD2	C544 F506	MOVFF SYSVALTEMP_H,SYSWORDTEMPA_H
	K	 0000 1110 KKKK KKKK	10
001AD6	0E0A	MOVLW 10
	F	 0110 111A FFFF FFFF	1289
	A	 0110 111A 0000 1001	0
001AD8	6E09	MOVWF SYSWORDTEMPB,ACCESS
	F	 0110 101A FFFF FFFF	1290
	A	 0110 101A 0000 1010	0
001ADA	6A0A	CLRF SYSWORDTEMPB_H,ACCESS
	N	 1101 1NNN NNNN NNNN	135
001ADC	D887	RCALL SYSDIVSUB16
	S	1111 DDDD DDDD DDDD:1100 SSSS SSSS SSSS	1285
	D	1111 DDDD DDDD DDDD:1100 0101 0000 0101	1335
001ADE	C505 F537	MOVFF SYSWORDTEMPA,SYSSTRDATA
	S	1111 DDDD DDDD DDDD:1100 SSSS SSSS SSSS	1280
	D	1111 DDDD DDDD DDDD:1100 0101 0000 0000	1347
001AE2	C500 F543	MOVFF SYSCALCTEMPX,SYSVALTEMP
	S	1111 DDDD DDDD DDDD:1100 SSSS SSSS SSSS	1281
	D	1111 DDDD DDDD DDDD:1100 0101 0000 0001	1348
001AE6	C501 F544	MOVFF SYSCALCTEMPX_H,SYSVALTEMP_H
	F	 0010 10DA FFFF FFFF	1315
	D	 0010 10DA 0010 0011	1
	A	 0010 101A 0010 0011	0
001AEA	2A23	INCF SYSCHARCOUNT,F,ACCESS
	F	1110 1110 00FF KKKK:1111 00KK KKKK KKKK	0
	K	1110 1110 0000 KKKK:1111 00KK KKKK KKKK	5067
001AEC	EE04 F3CB	LFSR 0,STR
	F	 0101 00DA FFFF FFFF	1315
	D	 0101 00DA 0010 0011	0
	A	 0101 000A 0010 0011	0
001AF0	5023	MOVF SYSCHARCOUNT,W,ACCESS
	F	 0010 01DA FFFF FFFF	1257
	D	 0010 01DA 1110 1001	1
	A	 0010 011A 1110 1001	0
001AF2	26E9	ADDWF AFSR0,F,ACCESS
	K	 0000 1110 KKKK KKKK	0
001AF4	0E00	MOVLW 0
	F	 0010 00DA FFFF FFFF	1258
	D	 0010 00DA 1110 1010	1
	A	 0010 001A 1110 1010	0
001AF6	22EA	ADDWFC AFSR0_H,F,ACCESS
	K	 0000 1110 KKKK KKKK	48
001AF8	0E30	MOVLW 48
	F	 0010 01DA FFFF FFFF	1335
	D	 0010 01DA 0011 0111	0
	A	 0010 010A 0011 0111	0
001AFA	2437	ADDWF SYSSTRDATA,W,ACCESS
	F	 0110 111A FFFF FFFF	1263
	A	 0110 111A 1110 1111	0
001AFC	6EEF	MOVWF INDF0,ACCESS
		ENDIF17
	F	 0010 10DA FFFF FFFF	1315
	D	 0010 10DA 0010 0011	1
	A	 0010 101A 0010 0011	0
001AFE	2A23	INCF SYSCHARCOUNT,F,ACCESS
	F	1110 1110 00FF KKKK:1111 00KK KKKK KKKK	0
	K	1110 1110 0000 KKKK:1111 00KK KKKK KKKK	5067
001B00	EE04 F3CB	LFSR 0,STR
	F	 0101 00DA FFFF FFFF	1315
	D	 0101 00DA 0010 0011	0
	A	 0101 000A 0010 0011	0
001B04	5023	MOVF SYSCHARCOUNT,W,ACCESS
	F	 0010 01DA FFFF FFFF	1257
	D	 0010 01DA 1110 1001	1
	A	 0010 011A 1110 1001	0
001B06	26E9	ADDWF AFSR0,F,ACCESS
	K	 0000 1110 KKKK KKKK	0
001B08	0E00	MOVLW 0
	F	 0010 00DA FFFF FFFF	1258
	D	 0010 00DA 1110 1010	1
	A	 0010 001A 1110 1010	0
001B0A	22EA	ADDWFC AFSR0_H,F,ACCESS
	K	 0000 1110 KKKK KKKK	48
001B0C	0E30	MOVLW 48
	F	 0010 01DA FFFF FFFF	1347
	D	 0010 01DA 0100 0011	0
	A	 0010 010A 0100 0011	0
001B0E	2443	ADDWF SYSVALTEMP,W,ACCESS
	F	 0110 111A FFFF FFFF	1263
	A	 0110 111A 1110 1111	0
001B10	6EEF	MOVWF INDF0,ACCESS
	S	1111 DDDD DDDD DDDD:1100 SSSS SSSS SSSS	1280
	D	1111 DDDD DDDD DDDD:1100 0101 0000 0000	1347
001B12	C500 F543	MOVFF SYSCALCTEMPX,SYSVALTEMP
	S	1111 DDDD DDDD DDDD:1100 SSSS SSSS SSSS	1281
	D	1111 DDDD DDDD DDDD:1100 0101 0000 0001	1348
001B16	C501 F544	MOVFF SYSCALCTEMPX_H,SYSVALTEMP_H
	S	0000 0000 0110 SSSS:1111 SSSS SSSS SSDD:1111 DDDD DDDD DDDD	1315
	D	0000 0000 0110 0001:1111 0100 1000 11DD:1111 DDDD DDDD DDDD	5067
001B1A	0061 F48D F3CB	MOVFFL SYSCHARCOUNT,SYSSTR_0
	S	 0000 0000 0001 001S	0
001B20	0012	RETURN


		SYSCOMPEQUAL16
	F	 0110 101A FFFF FFFF	1280
	A	 0110 101A 0000 0000	0
001B22	6A00	CLRF SYSBYTETEMPX,ACCESS
	F	 0101 00DA FFFF FFFF	1289
	D	 0101 00DA 0000 1001	0
	A	 0101 000A 0000 1001	0
001B24	5009	MOVF SYSWORDTEMPB, W,ACCESS
	F	 0110 001A FFFF FFFF	1285
	A	 0110 001A 0000 0101	0
001B26	6205	CPFSEQ SYSWORDTEMPA,ACCESS
	S	 0000 0000 0001 001S	0
001B28	0012	RETURN
	F	 0101 00DA FFFF FFFF	1290
	D	 0101 00DA 0000 1010	0
	A	 0101 000A 0000 1010	0
001B2A	500A	MOVF SYSWORDTEMPB_H, W,ACCESS
	F	 0110 001A FFFF FFFF	1286
	A	 0110 001A 0000 0110	0
001B2C	6206	CPFSEQ SYSWORDTEMPA_H,ACCESS
	S	 0000 0000 0001 001S	0
001B2E	0012	RETURN
	F	 0110 100A FFFF FFFF	1280
	A	 0110 100A 0000 0000	0
001B30	6800	SETF SYSBYTETEMPX,ACCESS
	S	 0000 0000 0001 001S	0
001B32	0012	RETURN


		SYSCOMPEQUAL32
	F	 0110 101A FFFF FFFF	1280
	A	 0110 101A 0000 0000	0
001B34	6A00	CLRF SYSBYTETEMPX,ACCESS
	F	 0101 00DA FFFF FFFF	1289
	D	 0101 00DA 0000 1001	0
	A	 0101 000A 0000 1001	0
001B36	5009	MOVF SYSLONGTEMPB, W,ACCESS
	F	 0110 001A FFFF FFFF	1285
	A	 0110 001A 0000 0101	0
001B38	6205	CPFSEQ SYSLONGTEMPA,ACCESS
	S	 0000 0000 0001 001S	0
001B3A	0012	RETURN
	F	 0101 00DA FFFF FFFF	1290
	D	 0101 00DA 0000 1010	0
	A	 0101 000A 0000 1010	0
001B3C	500A	MOVF SYSLONGTEMPB_H, W,ACCESS
	F	 0110 001A FFFF FFFF	1286
	A	 0110 001A 0000 0110	0
001B3E	6206	CPFSEQ SYSLONGTEMPA_H,ACCESS
	S	 0000 0000 0001 001S	0
001B40	0012	RETURN
	F	 0101 00DA FFFF FFFF	1291
	D	 0101 00DA 0000 1011	0
	A	 0101 000A 0000 1011	0
001B42	500B	MOVF SYSLONGTEMPB_U, W,ACCESS
	F	 0110 001A FFFF FFFF	1287
	A	 0110 001A 0000 0111	0
001B44	6207	CPFSEQ SYSLONGTEMPA_U,ACCESS
	S	 0000 0000 0001 001S	0
001B46	0012	RETURN
	F	 0101 00DA FFFF FFFF	1292
	D	 0101 00DA 0000 1100	0
	A	 0101 000A 0000 1100	0
001B48	500C	MOVF SYSLONGTEMPB_E, W,ACCESS
	F	 0110 001A FFFF FFFF	1288
	A	 0110 001A 0000 1000	0
001B4A	6208	CPFSEQ SYSLONGTEMPA_E,ACCESS
	S	 0000 0000 0001 001S	0
001B4C	0012	RETURN
	F	 0110 100A FFFF FFFF	1280
	A	 0110 100A 0000 0000	0
001B4E	6800	SETF SYSBYTETEMPX,ACCESS
	S	 0000 0000 0001 001S	0
001B50	0012	RETURN


		SYSCOMPLESSTHAN
	F	 0110 100A FFFF FFFF	1280
	A	 0110 100A 0000 0000	0
001B52	6800	SETF SYSBYTETEMPX,ACCESS
	F	 0101 00DA FFFF FFFF	1289
	D	 0101 00DA 0000 1001	0
	A	 0101 000A 0000 1001	0
001B54	5009	MOVF SYSBYTETEMPB, W,ACCESS
	F	 0110 000A FFFF FFFF	1285
	A	 0110 000A 0000 0101	0
001B56	6005	CPFSLT SYSBYTETEMPA,ACCESS
	F	 0110 101A FFFF FFFF	1280
	A	 0110 101A 0000 0000	0
001B58	6A00	CLRF SYSBYTETEMPX,ACCESS
	S	 0000 0000 0001 001S	0
001B5A	0012	RETURN


		SYSCOMPLESSTHAN16
	F	 0110 101A FFFF FFFF	1280
	A	 0110 101A 0000 0000	0
001B5C	6A00	CLRF SYSBYTETEMPX,ACCESS
	F	 0101 00DA FFFF FFFF	1286
	D	 0101 00DA 0000 0110	0
	A	 0101 000A 0000 0110	0
001B5E	5006	MOVF SYSWORDTEMPA_H,W,ACCESS
	F	 0101 11DA FFFF FFFF	1290
	D	 0101 11DA 0000 1010	0
	A	 0101 110A 0000 1010	0
001B60	5C0A	SUBWF SYSWORDTEMPB_H,W,ACCESS
	F	 1010 BBBA FFFF FFFF	1240
	B	 1010 BBBA 1101 1000	0
	A	 1010 000A 1101 1000	0
001B62	A0D8	BTFSS STATUS,C,ACCESS
	S	 0000 0000 0001 001S	0
001B64	0012	RETURN
	F	 0101 00DA FFFF FFFF	1290
	D	 0101 00DA 0000 1010	0
	A	 0101 000A 0000 1010	0
001B66	500A	MOVF SYSWORDTEMPB_H,W,ACCESS
	F	 0101 11DA FFFF FFFF	1286
	D	 0101 11DA 0000 0110	0
	A	 0101 110A 0000 0110	0
001B68	5C06	SUBWF SYSWORDTEMPA_H,W,ACCESS
	N	 1110 0011 NNNN NNNN	4
001B6A	E304	BNC SCLT16TRUE
	F	 0101 00DA FFFF FFFF	1289
	D	 0101 00DA 0000 1001	0
	A	 0101 000A 0000 1001	0
001B6C	5009	MOVF SYSWORDTEMPB,W,ACCESS
	F	 0101 11DA FFFF FFFF	1285
	D	 0101 11DA 0000 0101	0
	A	 0101 110A 0000 0101	0
001B6E	5C05	SUBWF SYSWORDTEMPA,W,ACCESS
	F	 1011 BBBA FFFF FFFF	1240
	B	 1011 BBBA 1101 1000	0
	A	 1011 000A 1101 1000	0
001B70	B0D8	BTFSC STATUS,C,ACCESS
	S	 0000 0000 0001 001S	0
001B72	0012	RETURN
		SCLT16TRUE
	F	 0001 11DA FFFF FFFF	1280
	D	 0001 11DA 0000 0000	1
	A	 0001 111A 0000 0000	0
001B74	1E00	COMF SYSBYTETEMPX,F,ACCESS
	S	 0000 0000 0001 001S	0
001B76	0012	RETURN


		SYSCOMPLESSTHAN32
	F	 0110 101A FFFF FFFF	1280
	A	 0110 101A 0000 0000	0
001B78	6A00	CLRF SYSBYTETEMPX,ACCESS
	F	 0101 00DA FFFF FFFF	1288
	D	 0101 00DA 0000 1000	0
	A	 0101 000A 0000 1000	0
001B7A	5008	MOVF SYSLONGTEMPA_E,W,ACCESS
	F	 0101 11DA FFFF FFFF	1292
	D	 0101 11DA 0000 1100	0
	A	 0101 110A 0000 1100	0
001B7C	5C0C	SUBWF SYSLONGTEMPB_E,W,ACCESS
	F	 1010 BBBA FFFF FFFF	1240
	B	 1010 BBBA 1101 1000	0
	A	 1010 000A 1101 1000	0
001B7E	A0D8	BTFSS STATUS,C,ACCESS
	S	 0000 0000 0001 001S	0
001B80	0012	RETURN
	N	 1110 0001 NNNN NNNN	14
001B82	E10E	BNZ SCLT32TRUE
	F	 0101 00DA FFFF FFFF	1287
	D	 0101 00DA 0000 0111	0
	A	 0101 000A 0000 0111	0
001B84	5007	MOVF SYSLONGTEMPA_U,W,ACCESS
	F	 0101 11DA FFFF FFFF	1291
	D	 0101 11DA 0000 1011	0
	A	 0101 110A 0000 1011	0
001B86	5C0B	SUBWF SYSLONGTEMPB_U,W,ACCESS
	F	 1010 BBBA FFFF FFFF	1240
	B	 1010 BBBA 1101 1000	0
	A	 1010 000A 1101 1000	0
001B88	A0D8	BTFSS STATUS,C,ACCESS
	S	 0000 0000 0001 001S	0
001B8A	0012	RETURN
	N	 1110 0001 NNNN NNNN	9
001B8C	E109	BNZ SCLT32TRUE
	F	 0101 00DA FFFF FFFF	1286
	D	 0101 00DA 0000 0110	0
	A	 0101 000A 0000 0110	0
001B8E	5006	MOVF SYSLONGTEMPA_H,W,ACCESS
	F	 0101 11DA FFFF FFFF	1290
	D	 0101 11DA 0000 1010	0
	A	 0101 110A 0000 1010	0
001B90	5C0A	SUBWF SYSLONGTEMPB_H,W,ACCESS
	F	 1010 BBBA FFFF FFFF	1240
	B	 1010 BBBA 1101 1000	0
	A	 1010 000A 1101 1000	0
001B92	A0D8	BTFSS STATUS,C,ACCESS
	S	 0000 0000 0001 001S	0
001B94	0012	RETURN
	N	 1110 0001 NNNN NNNN	4
001B96	E104	BNZ SCLT32TRUE
	F	 0101 00DA FFFF FFFF	1289
	D	 0101 00DA 0000 1001	0
	A	 0101 000A 0000 1001	0
001B98	5009	MOVF SYSLONGTEMPB,W,ACCESS
	F	 0101 11DA FFFF FFFF	1285
	D	 0101 11DA 0000 0101	0
	A	 0101 110A 0000 0101	0
001B9A	5C05	SUBWF SYSLONGTEMPA,W,ACCESS
	F	 1011 BBBA FFFF FFFF	1240
	B	 1011 BBBA 1101 1000	0
	A	 1011 000A 1101 1000	0
001B9C	B0D8	BTFSC STATUS,C,ACCESS
	S	 0000 0000 0001 001S	0
001B9E	0012	RETURN
		SCLT32TRUE
	F	 0001 11DA FFFF FFFF	1280
	D	 0001 11DA 0000 0000	1
	A	 0001 111A 0000 0000	0
001BA0	1E00	COMF SYSBYTETEMPX,F,ACCESS
	S	 0000 0000 0001 001S	0
001BA2	0012	RETURN


		SYSCOPYSTRING
	S	1111 DDDD DDDD DDDD:1100 SSSS SSSS SSSS	1263
	D	1111 DDDD DDDD DDDD:1100 0100 1110 1111	1285
001BA4	C4EF F505	MOVFF INDF0, SYSCALCTEMPA
	S	1111 DDDD DDDD DDDD:1100 SSSS SSSS SSSS	1285
	D	1111 DDDD DDDD DDDD:1100 0101 0000 0101	1255
001BA8	C505 F4E7	MOVFF SYSCALCTEMPA, INDF1
	N	 1101 0NNN NNNN NNNN	3
001BAC	D003	BRA SYSCOPYSTRINGCHECK
		SYSCOPYSTRINGPART
	F	 0101 00DA FFFF FFFF	1263
	D	 0101 00DA 1110 1111	0
	A	 0101 000A 1110 1111	0
001BAE	50EF	MOVF INDF0, W,ACCESS
	F	 0110 111A FFFF FFFF	1285
	A	 0110 111A 0000 0101	0
001BB0	6E05	MOVWF SYSCALCTEMPA,ACCESS
	F	 0010 01DA FFFF FFFF	1286
	D	 0010 01DA 0000 0110	1
	A	 0010 011A 0000 0110	0
001BB2	2606	ADDWF SYSSTRINGLENGTH, F,ACCESS
		SYSCOPYSTRINGCHECK
	F	 0101 00DA FFFF FFFF	1285
	D	 0101 00DA 0000 0101	1
	A	 0101 001A 0000 0101	0
001BB4	5205	MOVF SYSCALCTEMPA,F,ACCESS
	F	 1011 BBBA FFFF FFFF	1240
	B	 1011 BBBA 1101 1000	2
	A	 1011 010A 1101 1000	0
001BB6	B4D8	BTFSC STATUS,Z,ACCESS
	S	 0000 0000 0001 001S	0
001BB8	0012	RETURN
		SYSSTRINGCOPY
	S	1111 DDDD DDDD DDDD:1100 SSSS SSSS SSSS	1260
	D	1111 DDDD DDDD DDDD:1100 0100 1110 1100	1252
001BBA	C4EC F4E4	MOVFF PREINC0, PREINC1
	F	 0010 11DA FFFF FFFF	1285
	D	 0010 11DA 0000 0101	1
	A	 0010 111A 0000 0101	0
001BBE	2E05	DECFSZ SYSCALCTEMPA, F,ACCESS
	N	 1101 0NNN NNNN NNNN	2044
001BC0	D7FC	BRA SYSSTRINGCOPY
	S	 0000 0000 0001 001S	0
001BC2	0012	RETURN


		SYSDIVSUB
	F	 0101 00DA FFFF FFFF	1289
	D	 0101 00DA 0000 1001	1
	A	 0101 001A 0000 1001	0
001BC4	5209	MOVF SYSBYTETEMPB, F,ACCESS
	F	 1011 BBBA FFFF FFFF	1240
	B	 1011 BBBA 1101 1000	2
	A	 1011 010A 1101 1000	0
001BC6	B4D8	BTFSC STATUS, Z,ACCESS
	S	 0000 0000 0001 001S	0
001BC8	0012	RETURN
	F	 0110 101A FFFF FFFF	1280
	A	 0110 101A 0000 0000	0
001BCA	6A00	CLRF SYSBYTETEMPX,ACCESS
	K	 0000 1110 KKKK KKKK	8
001BCC	0E08	MOVLW 8
	F	 0110 111A FFFF FFFF	1284
	A	 0110 111A 0000 0100	0
001BCE	6E04	MOVWF SYSDIVLOOP,ACCESS
		SYSDIV8START
	F	 1001 BBBA FFFF FFFF	1240
	B	 1001 BBBA 1101 1000	0
	A	 1001 000A 1101 1000	0
001BD0	90D8	BCF STATUS, C,ACCESS
	F	 0011 01DA FFFF FFFF	1285
	D	 0011 01DA 0000 0101	1
	A	 0011 011A 0000 0101	0
001BD2	3605	RLCF SYSBYTETEMPA, F,ACCESS
	F	 0011 01DA FFFF FFFF	1280
	D	 0011 01DA 0000 0000	1
	A	 0011 011A 0000 0000	0
001BD4	3600	RLCF SYSBYTETEMPX, F,ACCESS
	F	 0101 00DA FFFF FFFF	1289
	D	 0101 00DA 0000 1001	0
	A	 0101 000A 0000 1001	0
001BD6	5009	MOVF SYSBYTETEMPB, W,ACCESS
	F	 0101 11DA FFFF FFFF	1280
	D	 0101 11DA 0000 0000	1
	A	 0101 111A 0000 0000	0
001BD8	5E00	SUBWF SYSBYTETEMPX, F,ACCESS
	F	 1000 BBBA FFFF FFFF	1285
	B	 1000 BBBA 0000 0101	0
	A	 1000 000A 0000 0101	0
001BDA	8005	BSF SYSBYTETEMPA, 0,ACCESS
	F	 1011 BBBA FFFF FFFF	1240
	B	 1011 BBBA 1101 1000	0
	A	 1011 000A 1101 1000	0
001BDC	B0D8	BTFSC STATUS, C,ACCESS
	N	 1101 0NNN NNNN NNNN	3
001BDE	D003	BRA DIV8NOTNEG
	F	 1001 BBBA FFFF FFFF	1285
	B	 1001 BBBA 0000 0101	0
	A	 1001 000A 0000 0101	0
001BE0	9005	BCF SYSBYTETEMPA, 0,ACCESS
	F	 0101 00DA FFFF FFFF	1289
	D	 0101 00DA 0000 1001	0
	A	 0101 000A 0000 1001	0
001BE2	5009	MOVF SYSBYTETEMPB, W,ACCESS
	F	 0010 01DA FFFF FFFF	1280
	D	 0010 01DA 0000 0000	1
	A	 0010 011A 0000 0000	0
001BE4	2600	ADDWF SYSBYTETEMPX, F,ACCESS
		DIV8NOTNEG
	F	 0010 11DA FFFF FFFF	1284
	D	 0010 11DA 0000 0100	1
	A	 0010 111A 0000 0100	0
001BE6	2E04	DECFSZ SYSDIVLOOP, F,ACCESS
	N	 1101 0NNN NNNN NNNN	2035
001BE8	D7F3	BRA SYSDIV8START
	S	 0000 0000 0001 001S	0
001BEA	0012	RETURN


		SYSDIVSUB16
	S	1111 DDDD DDDD DDDD:1100 SSSS SSSS SSSS	1285
	D	1111 DDDD DDDD DDDD:1100 0101 0000 0101	1287
001BEC	C505 F507	MOVFF SYSWORDTEMPA,SYSDIVMULTA
	S	1111 DDDD DDDD DDDD:1100 SSSS SSSS SSSS	1286
	D	1111 DDDD DDDD DDDD:1100 0101 0000 0110	1288
001BF0	C506 F508	MOVFF SYSWORDTEMPA_H,SYSDIVMULTA_H
	S	1111 DDDD DDDD DDDD:1100 SSSS SSSS SSSS	1289
	D	1111 DDDD DDDD DDDD:1100 0101 0000 1001	1291
001BF4	C509 F50B	MOVFF SYSWORDTEMPB,SYSDIVMULTB
	S	1111 DDDD DDDD DDDD:1100 SSSS SSSS SSSS	1290
	D	1111 DDDD DDDD DDDD:1100 0101 0000 1010	1292
001BF8	C50A F50C	MOVFF SYSWORDTEMPB_H,SYSDIVMULTB_H
	F	 0110 101A FFFF FFFF	1282
	A	 0110 101A 0000 0010	0
001BFC	6A02	CLRF SYSDIVMULTX,ACCESS
	F	 0110 101A FFFF FFFF	1283
	A	 0110 101A 0000 0011	0
001BFE	6A03	CLRF SYSDIVMULTX_H,ACCESS
	S	1111 DDDD DDDD DDDD:1100 SSSS SSSS SSSS	1291
	D	1111 DDDD DDDD DDDD:1100 0101 0000 1011	1285
001C00	C50B F505	MOVFF SYSDIVMULTB,SYSWORDTEMPA
	S	1111 DDDD DDDD DDDD:1100 SSSS SSSS SSSS	1292
	D	1111 DDDD DDDD DDDD:1100 0101 0000 1100	1286
001C04	C50C F506	MOVFF SYSDIVMULTB_H,SYSWORDTEMPA_H
	F	 0110 101A FFFF FFFF	1289
	A	 0110 101A 0000 1001	0
001C08	6A09	CLRF SYSWORDTEMPB,ACCESS
	F	 0110 101A FFFF FFFF	1290
	A	 0110 101A 0000 1010	0
001C0A	6A0A	CLRF SYSWORDTEMPB_H,ACCESS
	N	 1101 1NNN NNNN NNNN	1930
001C0C	DF8A	RCALL SYSCOMPEQUAL16
	F	 1010 BBBA FFFF FFFF	1280
	B	 1010 BBBA 0000 0000	0
	A	 1010 000A 0000 0000	0
001C0E	A000	BTFSS SYSBYTETEMPX,0,ACCESS
	N	 1101 0NNN NNNN NNNN	3
001C10	D003	BRA ENDIF35
	F	 0110 101A FFFF FFFF	1285
	A	 0110 101A 0000 0101	0
001C12	6A05	CLRF SYSWORDTEMPA,ACCESS
	F	 0110 101A FFFF FFFF	1286
	A	 0110 101A 0000 0110	0
001C14	6A06	CLRF SYSWORDTEMPA_H,ACCESS
	S	 0000 0000 0001 001S	0
001C16	0012	RETURN
		ENDIF35
	K	 0000 1110 KKKK KKKK	16
001C18	0E10	MOVLW 16
	F	 0110 111A FFFF FFFF	1284
	A	 0110 111A 0000 0100	0
001C1A	6E04	MOVWF SYSDIVLOOP,ACCESS
		SYSDIV16START
	F	 1001 BBBA FFFF FFFF	1240
	B	 1001 BBBA 1101 1000	0
	A	 1001 000A 1101 1000	0
001C1C	90D8	BCF STATUS,C,ACCESS
	F	 0011 01DA FFFF FFFF	1287
	D	 0011 01DA 0000 0111	1
	A	 0011 011A 0000 0111	0
001C1E	3607	RLCF SYSDIVMULTA,F,ACCESS
	F	 0011 01DA FFFF FFFF	1288
	D	 0011 01DA 0000 1000	1
	A	 0011 011A 0000 1000	0
001C20	3608	RLCF SYSDIVMULTA_H,F,ACCESS
	F	 0011 01DA FFFF FFFF	1282
	D	 0011 01DA 0000 0010	1
	A	 0011 011A 0000 0010	0
001C22	3602	RLCF SYSDIVMULTX,F,ACCESS
	F	 0011 01DA FFFF FFFF	1283
	D	 0011 01DA 0000 0011	1
	A	 0011 011A 0000 0011	0
001C24	3603	RLCF SYSDIVMULTX_H,F,ACCESS
	F	 0101 00DA FFFF FFFF	1291
	D	 0101 00DA 0000 1011	0
	A	 0101 000A 0000 1011	0
001C26	500B	MOVF SYSDIVMULTB,W,ACCESS
	F	 0101 11DA FFFF FFFF	1282
	D	 0101 11DA 0000 0010	1
	A	 0101 111A 0000 0010	0
001C28	5E02	SUBWF SYSDIVMULTX,F,ACCESS
	F	 0101 00DA FFFF FFFF	1292
	D	 0101 00DA 0000 1100	0
	A	 0101 000A 0000 1100	0
001C2A	500C	MOVF SYSDIVMULTB_H,W,ACCESS
	F	 0101 10DA FFFF FFFF	1283
	D	 0101 10DA 0000 0011	1
	A	 0101 101A 0000 0011	0
001C2C	5A03	SUBWFB SYSDIVMULTX_H,F,ACCESS
	F	 1000 BBBA FFFF FFFF	1287
	B	 1000 BBBA 0000 0111	0
	A	 1000 000A 0000 0111	0
001C2E	8007	BSF SYSDIVMULTA,0,ACCESS
	F	 1011 BBBA FFFF FFFF	1240
	B	 1011 BBBA 1101 1000	0
	A	 1011 000A 1101 1000	0
001C30	B0D8	BTFSC STATUS,C,ACCESS
	N	 1101 0NNN NNNN NNNN	5
001C32	D005	BRA ENDIF36
	F	 1001 BBBA FFFF FFFF	1287
	B	 1001 BBBA 0000 0111	0
	A	 1001 000A 0000 0111	0
001C34	9007	BCF SYSDIVMULTA,0,ACCESS
	F	 0101 00DA FFFF FFFF	1291
	D	 0101 00DA 0000 1011	0
	A	 0101 000A 0000 1011	0
001C36	500B	MOVF SYSDIVMULTB,W,ACCESS
	F	 0010 01DA FFFF FFFF	1282
	D	 0010 01DA 0000 0010	1
	A	 0010 011A 0000 0010	0
001C38	2602	ADDWF SYSDIVMULTX,F,ACCESS
	F	 0101 00DA FFFF FFFF	1292
	D	 0101 00DA 0000 1100	0
	A	 0101 000A 0000 1100	0
001C3A	500C	MOVF SYSDIVMULTB_H,W,ACCESS
	F	 0010 00DA FFFF FFFF	1283
	D	 0010 00DA 0000 0011	1
	A	 0010 001A 0000 0011	0
001C3C	2203	ADDWFC SYSDIVMULTX_H,F,ACCESS
		ENDIF36
	F	 0010 11DA FFFF FFFF	1284
	D	 0010 11DA 0000 0100	1
	A	 0010 111A 0000 0100	0
001C3E	2E04	DECFSZ SYSDIVLOOP, F,ACCESS
	N	 1101 0NNN NNNN NNNN	2029
001C40	D7ED	BRA SYSDIV16START
	S	1111 DDDD DDDD DDDD:1100 SSSS SSSS SSSS	1287
	D	1111 DDDD DDDD DDDD:1100 0101 0000 0111	1285
001C42	C507 F505	MOVFF SYSDIVMULTA,SYSWORDTEMPA
	S	1111 DDDD DDDD DDDD:1100 SSSS SSSS SSSS	1288
	D	1111 DDDD DDDD DDDD:1100 0101 0000 1000	1286
001C46	C508 F506	MOVFF SYSDIVMULTA_H,SYSWORDTEMPA_H
	S	1111 DDDD DDDD DDDD:1100 SSSS SSSS SSSS	1282
	D	1111 DDDD DDDD DDDD:1100 0101 0000 0010	1280
001C4A	C502 F500	MOVFF SYSDIVMULTX,SYSWORDTEMPX
	S	1111 DDDD DDDD DDDD:1100 SSSS SSSS SSSS	1283
	D	1111 DDDD DDDD DDDD:1100 0101 0000 0011	1281
001C4E	C503 F501	MOVFF SYSDIVMULTX_H,SYSWORDTEMPX_H
	S	 0000 0000 0001 001S	0
001C52	0012	RETURN


		SYSDIVSUB32
	S	1111 DDDD DDDD DDDD:1100 SSSS SSSS SSSS	1285
	D	1111 DDDD DDDD DDDD:1100 0101 0000 0101	1316
001C54	C505 F524	MOVFF SYSLONGTEMPA,SYSLONGDIVMULTA
	S	1111 DDDD DDDD DDDD:1100 SSSS SSSS SSSS	1286
	D	1111 DDDD DDDD DDDD:1100 0101 0000 0110	1317
001C58	C506 F525	MOVFF SYSLONGTEMPA_H,SYSLONGDIVMULTA_H
	S	1111 DDDD DDDD DDDD:1100 SSSS SSSS SSSS	1287
	D	1111 DDDD DDDD DDDD:1100 0101 0000 0111	1318
001C5C	C507 F526	MOVFF SYSLONGTEMPA_U,SYSLONGDIVMULTA_U
	S	1111 DDDD DDDD DDDD:1100 SSSS SSSS SSSS	1288
	D	1111 DDDD DDDD DDDD:1100 0101 0000 1000	1319
001C60	C508 F527	MOVFF SYSLONGTEMPA_E,SYSLONGDIVMULTA_E
	S	1111 DDDD DDDD DDDD:1100 SSSS SSSS SSSS	1289
	D	1111 DDDD DDDD DDDD:1100 0101 0000 1001	1320
001C64	C509 F528	MOVFF SYSLONGTEMPB,SYSLONGDIVMULTB
	S	1111 DDDD DDDD DDDD:1100 SSSS SSSS SSSS	1290
	D	1111 DDDD DDDD DDDD:1100 0101 0000 1010	1321
001C68	C50A F529	MOVFF SYSLONGTEMPB_H,SYSLONGDIVMULTB_H
	S	1111 DDDD DDDD DDDD:1100 SSSS SSSS SSSS	1291
	D	1111 DDDD DDDD DDDD:1100 0101 0000 1011	1322
001C6C	C50B F52A	MOVFF SYSLONGTEMPB_U,SYSLONGDIVMULTB_U
	S	1111 DDDD DDDD DDDD:1100 SSSS SSSS SSSS	1292
	D	1111 DDDD DDDD DDDD:1100 0101 0000 1100	1323
001C70	C50C F52B	MOVFF SYSLONGTEMPB_E,SYSLONGDIVMULTB_E
	F	 0110 101A FFFF FFFF	1324
	A	 0110 101A 0010 1100	0
001C74	6A2C	CLRF SYSLONGDIVMULTX,ACCESS
	F	 0110 101A FFFF FFFF	1325
	A	 0110 101A 0010 1101	0
001C76	6A2D	CLRF SYSLONGDIVMULTX_H,ACCESS
	F	 0110 101A FFFF FFFF	1326
	A	 0110 101A 0010 1110	0
001C78	6A2E	CLRF SYSLONGDIVMULTX_U,ACCESS
	F	 0110 101A FFFF FFFF	1327
	A	 0110 101A 0010 1111	0
001C7A	6A2F	CLRF SYSLONGDIVMULTX_E,ACCESS
	S	1111 DDDD DDDD DDDD:1100 SSSS SSSS SSSS	1320
	D	1111 DDDD DDDD DDDD:1100 0101 0010 1000	1285
001C7C	C528 F505	MOVFF SYSLONGDIVMULTB,SYSLONGTEMPA
	S	1111 DDDD DDDD DDDD:1100 SSSS SSSS SSSS	1321
	D	1111 DDDD DDDD DDDD:1100 0101 0010 1001	1286
001C80	C529 F506	MOVFF SYSLONGDIVMULTB_H,SYSLONGTEMPA_H
	S	1111 DDDD DDDD DDDD:1100 SSSS SSSS SSSS	1322
	D	1111 DDDD DDDD DDDD:1100 0101 0010 1010	1287
001C84	C52A F507	MOVFF SYSLONGDIVMULTB_U,SYSLONGTEMPA_U
	S	1111 DDDD DDDD DDDD:1100 SSSS SSSS SSSS	1323
	D	1111 DDDD DDDD DDDD:1100 0101 0010 1011	1288
001C88	C52B F508	MOVFF SYSLONGDIVMULTB_E,SYSLONGTEMPA_E
	F	 0110 101A FFFF FFFF	1289
	A	 0110 101A 0000 1001	0
001C8C	6A09	CLRF SYSLONGTEMPB,ACCESS
	F	 0110 101A FFFF FFFF	1290
	A	 0110 101A 0000 1010	0
001C8E	6A0A	CLRF SYSLONGTEMPB_H,ACCESS
	F	 0110 101A FFFF FFFF	1291
	A	 0110 101A 0000 1011	0
001C90	6A0B	CLRF SYSLONGTEMPB_U,ACCESS
	F	 0110 101A FFFF FFFF	1292
	A	 0110 101A 0000 1100	0
001C92	6A0C	CLRF SYSLONGTEMPB_E,ACCESS
	N	 1101 1NNN NNNN NNNN	1871
001C94	DF4F	RCALL SYSCOMPEQUAL32
	F	 1010 BBBA FFFF FFFF	1280
	B	 1010 BBBA 0000 0000	0
	A	 1010 000A 0000 0000	0
001C96	A000	BTFSS SYSBYTETEMPX,0,ACCESS
	N	 1101 0NNN NNNN NNNN	5
001C98	D005	BRA ENDIF12
	F	 0110 101A FFFF FFFF	1285
	A	 0110 101A 0000 0101	0
001C9A	6A05	CLRF SYSLONGTEMPA,ACCESS
	F	 0110 101A FFFF FFFF	1286
	A	 0110 101A 0000 0110	0
001C9C	6A06	CLRF SYSLONGTEMPA_H,ACCESS
	F	 0110 101A FFFF FFFF	1287
	A	 0110 101A 0000 0111	0
001C9E	6A07	CLRF SYSLONGTEMPA_U,ACCESS
	F	 0110 101A FFFF FFFF	1288
	A	 0110 101A 0000 1000	0
001CA0	6A08	CLRF SYSLONGTEMPA_E,ACCESS
	S	 0000 0000 0001 001S	0
001CA2	0012	RETURN
		ENDIF12
	K	 0000 1110 KKKK KKKK	32
001CA4	0E20	MOVLW 32
	F	 0110 111A FFFF FFFF	1284
	A	 0110 111A 0000 0100	0
001CA6	6E04	MOVWF SYSDIVLOOP,ACCESS
		SYSDIV32START
	F	 1001 BBBA FFFF FFFF	1240
	B	 1001 BBBA 1101 1000	0
	A	 1001 000A 1101 1000	0
001CA8	90D8	BCF STATUS,C,ACCESS
	F	 0011 01DA FFFF FFFF	1316
	D	 0011 01DA 0010 0100	1
	A	 0011 011A 0010 0100	0
001CAA	3624	RLCF SYSLONGDIVMULTA,F,ACCESS
	F	 0011 01DA FFFF FFFF	1317
	D	 0011 01DA 0010 0101	1
	A	 0011 011A 0010 0101	0
001CAC	3625	RLCF SYSLONGDIVMULTA_H,F,ACCESS
	F	 0011 01DA FFFF FFFF	1318
	D	 0011 01DA 0010 0110	1
	A	 0011 011A 0010 0110	0
001CAE	3626	RLCF SYSLONGDIVMULTA_U,F,ACCESS
	F	 0011 01DA FFFF FFFF	1319
	D	 0011 01DA 0010 0111	1
	A	 0011 011A 0010 0111	0
001CB0	3627	RLCF SYSLONGDIVMULTA_E,F,ACCESS
	F	 0011 01DA FFFF FFFF	1324
	D	 0011 01DA 0010 1100	1
	A	 0011 011A 0010 1100	0
001CB2	362C	RLCF SYSLONGDIVMULTX,F,ACCESS
	F	 0011 01DA FFFF FFFF	1325
	D	 0011 01DA 0010 1101	1
	A	 0011 011A 0010 1101	0
001CB4	362D	RLCF SYSLONGDIVMULTX_H,F,ACCESS
	F	 0011 01DA FFFF FFFF	1326
	D	 0011 01DA 0010 1110	1
	A	 0011 011A 0010 1110	0
001CB6	362E	RLCF SYSLONGDIVMULTX_U,F,ACCESS
	F	 0011 01DA FFFF FFFF	1327
	D	 0011 01DA 0010 1111	1
	A	 0011 011A 0010 1111	0
001CB8	362F	RLCF SYSLONGDIVMULTX_E,F,ACCESS
	F	 0101 00DA FFFF FFFF	1320
	D	 0101 00DA 0010 1000	0
	A	 0101 000A 0010 1000	0
001CBA	5028	MOVF SYSLONGDIVMULTB,W,ACCESS
	F	 0101 11DA FFFF FFFF	1324
	D	 0101 11DA 0010 1100	1
	A	 0101 111A 0010 1100	0
001CBC	5E2C	SUBWF SYSLONGDIVMULTX,F,ACCESS
	F	 0101 00DA FFFF FFFF	1321
	D	 0101 00DA 0010 1001	0
	A	 0101 000A 0010 1001	0
001CBE	5029	MOVF SYSLONGDIVMULTB_H,W,ACCESS
	F	 0101 10DA FFFF FFFF	1325
	D	 0101 10DA 0010 1101	1
	A	 0101 101A 0010 1101	0
001CC0	5A2D	SUBWFB SYSLONGDIVMULTX_H,F,ACCESS
	F	 0101 00DA FFFF FFFF	1322
	D	 0101 00DA 0010 1010	0
	A	 0101 000A 0010 1010	0
001CC2	502A	MOVF SYSLONGDIVMULTB_U,W,ACCESS
	F	 0101 10DA FFFF FFFF	1326
	D	 0101 10DA 0010 1110	1
	A	 0101 101A 0010 1110	0
001CC4	5A2E	SUBWFB SYSLONGDIVMULTX_U,F,ACCESS
	F	 0101 00DA FFFF FFFF	1323
	D	 0101 00DA 0010 1011	0
	A	 0101 000A 0010 1011	0
001CC6	502B	MOVF SYSLONGDIVMULTB_E,W,ACCESS
	F	 0101 10DA FFFF FFFF	1327
	D	 0101 10DA 0010 1111	1
	A	 0101 101A 0010 1111	0
001CC8	5A2F	SUBWFB SYSLONGDIVMULTX_E,F,ACCESS
	F	 1000 BBBA FFFF FFFF	1316
	B	 1000 BBBA 0010 0100	0
	A	 1000 000A 0010 0100	0
001CCA	8024	BSF SYSLONGDIVMULTA,0,ACCESS
	F	 1011 BBBA FFFF FFFF	1240
	B	 1011 BBBA 1101 1000	0
	A	 1011 000A 1101 1000	0
001CCC	B0D8	BTFSC STATUS,C,ACCESS
	N	 1101 0NNN NNNN NNNN	9
001CCE	D009	BRA ENDIF13
	F	 1001 BBBA FFFF FFFF	1316
	B	 1001 BBBA 0010 0100	0
	A	 1001 000A 0010 0100	0
001CD0	9024	BCF SYSLONGDIVMULTA,0,ACCESS
	F	 0101 00DA FFFF FFFF	1320
	D	 0101 00DA 0010 1000	0
	A	 0101 000A 0010 1000	0
001CD2	5028	MOVF SYSLONGDIVMULTB,W,ACCESS
	F	 0010 01DA FFFF FFFF	1324
	D	 0010 01DA 0010 1100	1
	A	 0010 011A 0010 1100	0
001CD4	262C	ADDWF SYSLONGDIVMULTX,F,ACCESS
	F	 0101 00DA FFFF FFFF	1321
	D	 0101 00DA 0010 1001	0
	A	 0101 000A 0010 1001	0
001CD6	5029	MOVF SYSLONGDIVMULTB_H,W,ACCESS
	F	 0010 00DA FFFF FFFF	1325
	D	 0010 00DA 0010 1101	1
	A	 0010 001A 0010 1101	0
001CD8	222D	ADDWFC SYSLONGDIVMULTX_H,F,ACCESS
	F	 0101 00DA FFFF FFFF	1322
	D	 0101 00DA 0010 1010	0
	A	 0101 000A 0010 1010	0
001CDA	502A	MOVF SYSLONGDIVMULTB_U,W,ACCESS
	F	 0010 00DA FFFF FFFF	1326
	D	 0010 00DA 0010 1110	1
	A	 0010 001A 0010 1110	0
001CDC	222E	ADDWFC SYSLONGDIVMULTX_U,F,ACCESS
	F	 0101 00DA FFFF FFFF	1323
	D	 0101 00DA 0010 1011	0
	A	 0101 000A 0010 1011	0
001CDE	502B	MOVF SYSLONGDIVMULTB_E,W,ACCESS
	F	 0010 00DA FFFF FFFF	1327
	D	 0010 00DA 0010 1111	1
	A	 0010 001A 0010 1111	0
001CE0	222F	ADDWFC SYSLONGDIVMULTX_E,F,ACCESS
		ENDIF13
	F	 0010 11DA FFFF FFFF	1284
	D	 0010 11DA 0000 0100	1
	A	 0010 111A 0000 0100	0
001CE2	2E04	DECFSZ SYSDIVLOOP, F,ACCESS
	N	 1101 0NNN NNNN NNNN	2017
001CE4	D7E1	BRA SYSDIV32START
	S	1111 DDDD DDDD DDDD:1100 SSSS SSSS SSSS	1316
	D	1111 DDDD DDDD DDDD:1100 0101 0010 0100	1285
001CE6	C524 F505	MOVFF SYSLONGDIVMULTA,SYSLONGTEMPA
	S	1111 DDDD DDDD DDDD:1100 SSSS SSSS SSSS	1317
	D	1111 DDDD DDDD DDDD:1100 0101 0010 0101	1286
001CEA	C525 F506	MOVFF SYSLONGDIVMULTA_H,SYSLONGTEMPA_H
	S	1111 DDDD DDDD DDDD:1100 SSSS SSSS SSSS	1318
	D	1111 DDDD DDDD DDDD:1100 0101 0010 0110	1287
001CEE	C526 F507	MOVFF SYSLONGDIVMULTA_U,SYSLONGTEMPA_U
	S	1111 DDDD DDDD DDDD:1100 SSSS SSSS SSSS	1319
	D	1111 DDDD DDDD DDDD:1100 0101 0010 0111	1288
001CF2	C527 F508	MOVFF SYSLONGDIVMULTA_E,SYSLONGTEMPA_E
	S	1111 DDDD DDDD DDDD:1100 SSSS SSSS SSSS	1324
	D	1111 DDDD DDDD DDDD:1100 0101 0010 1100	1280
001CF6	C52C F500	MOVFF SYSLONGDIVMULTX,SYSLONGTEMPX
	S	1111 DDDD DDDD DDDD:1100 SSSS SSSS SSSS	1325
	D	1111 DDDD DDDD DDDD:1100 0101 0010 1101	1281
001CFA	C52D F501	MOVFF SYSLONGDIVMULTX_H,SYSLONGTEMPX_H
	S	1111 DDDD DDDD DDDD:1100 SSSS SSSS SSSS	1326
	D	1111 DDDD DDDD DDDD:1100 0101 0010 1110	1282
001CFE	C52E F502	MOVFF SYSLONGDIVMULTX_U,SYSLONGTEMPX_U
	S	1111 DDDD DDDD DDDD:1100 SSSS SSSS SSSS	1327
	D	1111 DDDD DDDD DDDD:1100 0101 0010 1111	1283
001D02	C52F F503	MOVFF SYSLONGDIVMULTX_E,SYSLONGTEMPX_E
	S	 0000 0000 0001 001S	0
001D06	0012	RETURN


		SYSMULTSUB32
	S	1111 DDDD DDDD DDDD:1100 SSSS SSSS SSSS	1285
	D	1111 DDDD DDDD DDDD:1100 0101 0000 0101	1316
001D08	C505 F524	MOVFF SYSLONGTEMPA,SYSLONGDIVMULTA
	S	1111 DDDD DDDD DDDD:1100 SSSS SSSS SSSS	1286
	D	1111 DDDD DDDD DDDD:1100 0101 0000 0110	1317
001D0C	C506 F525	MOVFF SYSLONGTEMPA_H,SYSLONGDIVMULTA_H
	S	1111 DDDD DDDD DDDD:1100 SSSS SSSS SSSS	1287
	D	1111 DDDD DDDD DDDD:1100 0101 0000 0111	1318
001D10	C507 F526	MOVFF SYSLONGTEMPA_U,SYSLONGDIVMULTA_U
	S	1111 DDDD DDDD DDDD:1100 SSSS SSSS SSSS	1288
	D	1111 DDDD DDDD DDDD:1100 0101 0000 1000	1319
001D14	C508 F527	MOVFF SYSLONGTEMPA_E,SYSLONGDIVMULTA_E
	S	1111 DDDD DDDD DDDD:1100 SSSS SSSS SSSS	1289
	D	1111 DDDD DDDD DDDD:1100 0101 0000 1001	1320
001D18	C509 F528	MOVFF SYSLONGTEMPB,SYSLONGDIVMULTB
	S	1111 DDDD DDDD DDDD:1100 SSSS SSSS SSSS	1290
	D	1111 DDDD DDDD DDDD:1100 0101 0000 1010	1321
001D1C	C50A F529	MOVFF SYSLONGTEMPB_H,SYSLONGDIVMULTB_H
	S	1111 DDDD DDDD DDDD:1100 SSSS SSSS SSSS	1291
	D	1111 DDDD DDDD DDDD:1100 0101 0000 1011	1322
001D20	C50B F52A	MOVFF SYSLONGTEMPB_U,SYSLONGDIVMULTB_U
	S	1111 DDDD DDDD DDDD:1100 SSSS SSSS SSSS	1292
	D	1111 DDDD DDDD DDDD:1100 0101 0000 1100	1323
001D24	C50C F52B	MOVFF SYSLONGTEMPB_E,SYSLONGDIVMULTB_E
	F	 0110 101A FFFF FFFF	1324
	A	 0110 101A 0010 1100	0
001D28	6A2C	CLRF SYSLONGDIVMULTX,ACCESS
	F	 0110 101A FFFF FFFF	1325
	A	 0110 101A 0010 1101	0
001D2A	6A2D	CLRF SYSLONGDIVMULTX_H,ACCESS
	F	 0110 101A FFFF FFFF	1326
	A	 0110 101A 0010 1110	0
001D2C	6A2E	CLRF SYSLONGDIVMULTX_U,ACCESS
	F	 0110 101A FFFF FFFF	1327
	A	 0110 101A 0010 1111	0
001D2E	6A2F	CLRF SYSLONGDIVMULTX_E,ACCESS
		MUL32LOOP
	F	 1010 BBBA FFFF FFFF	1320
	B	 1010 BBBA 0010 1000	0
	A	 1010 000A 0010 1000	0
001D30	A028	BTFSS SYSLONGDIVMULTB,0,ACCESS
	N	 1101 0NNN NNNN NNNN	8
001D32	D008	BRA ENDIF10
	F	 0101 00DA FFFF FFFF	1316
	D	 0101 00DA 0010 0100	0
	A	 0101 000A 0010 0100	0
001D34	5024	MOVF SYSLONGDIVMULTA,W,ACCESS
	F	 0010 01DA FFFF FFFF	1324
	D	 0010 01DA 0010 1100	1
	A	 0010 011A 0010 1100	0
001D36	262C	ADDWF SYSLONGDIVMULTX,F,ACCESS
	F	 0101 00DA FFFF FFFF	1317
	D	 0101 00DA 0010 0101	0
	A	 0101 000A 0010 0101	0
001D38	5025	MOVF SYSLONGDIVMULTA_H,W,ACCESS
	F	 0010 00DA FFFF FFFF	1325
	D	 0010 00DA 0010 1101	1
	A	 0010 001A 0010 1101	0
001D3A	222D	ADDWFC SYSLONGDIVMULTX_H,F,ACCESS
	F	 0101 00DA FFFF FFFF	1318
	D	 0101 00DA 0010 0110	0
	A	 0101 000A 0010 0110	0
001D3C	5026	MOVF SYSLONGDIVMULTA_U,W,ACCESS
	F	 0010 00DA FFFF FFFF	1326
	D	 0010 00DA 0010 1110	1
	A	 0010 001A 0010 1110	0
001D3E	222E	ADDWFC SYSLONGDIVMULTX_U,F,ACCESS
	F	 0101 00DA FFFF FFFF	1319
	D	 0101 00DA 0010 0111	0
	A	 0101 000A 0010 0111	0
001D40	5027	MOVF SYSLONGDIVMULTA_E,W,ACCESS
	F	 0010 00DA FFFF FFFF	1327
	D	 0010 00DA 0010 1111	1
	A	 0010 001A 0010 1111	0
001D42	222F	ADDWFC SYSLONGDIVMULTX_E,F,ACCESS
		ENDIF10
	F	 1001 BBBA FFFF FFFF	1240
	B	 1001 BBBA 1101 1000	0
	A	 1001 000A 1101 1000	0
001D44	90D8	BCF STATUS,C,ACCESS
	F	 0011 00DA FFFF FFFF	1323
	D	 0011 00DA 0010 1011	1
	A	 0011 001A 0010 1011	0
001D46	322B	RRCF SYSLONGDIVMULTB_E,F,ACCESS
	F	 0011 00DA FFFF FFFF	1322
	D	 0011 00DA 0010 1010	1
	A	 0011 001A 0010 1010	0
001D48	322A	RRCF SYSLONGDIVMULTB_U,F,ACCESS
	F	 0011 00DA FFFF FFFF	1321
	D	 0011 00DA 0010 1001	1
	A	 0011 001A 0010 1001	0
001D4A	3229	RRCF SYSLONGDIVMULTB_H,F,ACCESS
	F	 0011 00DA FFFF FFFF	1320
	D	 0011 00DA 0010 1000	1
	A	 0011 001A 0010 1000	0
001D4C	3228	RRCF SYSLONGDIVMULTB,F,ACCESS
	F	 1001 BBBA FFFF FFFF	1240
	B	 1001 BBBA 1101 1000	0
	A	 1001 000A 1101 1000	0
001D4E	90D8	BCF STATUS,C,ACCESS
	F	 0011 01DA FFFF FFFF	1316
	D	 0011 01DA 0010 0100	1
	A	 0011 011A 0010 0100	0
001D50	3624	RLCF SYSLONGDIVMULTA,F,ACCESS
	F	 0011 01DA FFFF FFFF	1317
	D	 0011 01DA 0010 0101	1
	A	 0011 011A 0010 0101	0
001D52	3625	RLCF SYSLONGDIVMULTA_H,F,ACCESS
	F	 0011 01DA FFFF FFFF	1318
	D	 0011 01DA 0010 0110	1
	A	 0011 011A 0010 0110	0
001D54	3626	RLCF SYSLONGDIVMULTA_U,F,ACCESS
	F	 0011 01DA FFFF FFFF	1319
	D	 0011 01DA 0010 0111	1
	A	 0011 011A 0010 0111	0
001D56	3627	RLCF SYSLONGDIVMULTA_E,F,ACCESS
	S	1111 DDDD DDDD DDDD:1100 SSSS SSSS SSSS	1320
	D	1111 DDDD DDDD DDDD:1100 0101 0010 1000	1289
001D58	C528 F509	MOVFF SYSLONGDIVMULTB,SYSLONGTEMPB
	S	1111 DDDD DDDD DDDD:1100 SSSS SSSS SSSS	1321
	D	1111 DDDD DDDD DDDD:1100 0101 0010 1001	1290
001D5C	C529 F50A	MOVFF SYSLONGDIVMULTB_H,SYSLONGTEMPB_H
	S	1111 DDDD DDDD DDDD:1100 SSSS SSSS SSSS	1322
	D	1111 DDDD DDDD DDDD:1100 0101 0010 1010	1291
001D60	C52A F50B	MOVFF SYSLONGDIVMULTB_U,SYSLONGTEMPB_U
	S	1111 DDDD DDDD DDDD:1100 SSSS SSSS SSSS	1323
	D	1111 DDDD DDDD DDDD:1100 0101 0010 1011	1292
001D64	C52B F50C	MOVFF SYSLONGDIVMULTB_E,SYSLONGTEMPB_E
	F	 0110 101A FFFF FFFF	1285
	A	 0110 101A 0000 0101	0
001D68	6A05	CLRF SYSLONGTEMPA,ACCESS
	F	 0110 101A FFFF FFFF	1286
	A	 0110 101A 0000 0110	0
001D6A	6A06	CLRF SYSLONGTEMPA_H,ACCESS
	F	 0110 101A FFFF FFFF	1287
	A	 0110 101A 0000 0111	0
001D6C	6A07	CLRF SYSLONGTEMPA_U,ACCESS
	F	 0110 101A FFFF FFFF	1288
	A	 0110 101A 0000 1000	0
001D6E	6A08	CLRF SYSLONGTEMPA_E,ACCESS
	N	 1101 1NNN NNNN NNNN	1795
001D70	DF03	RCALL SYSCOMPLESSTHAN32
	F	 1011 BBBA FFFF FFFF	1280
	B	 1011 BBBA 0000 0000	0
	A	 1011 000A 0000 0000	0
001D72	B000	BTFSC SYSBYTETEMPX,0,ACCESS
	N	 1101 0NNN NNNN NNNN	2013
001D74	D7DD	BRA MUL32LOOP
	S	1111 DDDD DDDD DDDD:1100 SSSS SSSS SSSS	1324
	D	1111 DDDD DDDD DDDD:1100 0101 0010 1100	1280
001D76	C52C F500	MOVFF SYSLONGDIVMULTX,SYSLONGTEMPX
	S	1111 DDDD DDDD DDDD:1100 SSSS SSSS SSSS	1325
	D	1111 DDDD DDDD DDDD:1100 0101 0010 1101	1281
001D7A	C52D F501	MOVFF SYSLONGDIVMULTX_H,SYSLONGTEMPX_H
	S	1111 DDDD DDDD DDDD:1100 SSSS SSSS SSSS	1326
	D	1111 DDDD DDDD DDDD:1100 0101 0010 1110	1282
001D7E	C52E F502	MOVFF SYSLONGDIVMULTX_U,SYSLONGTEMPX_U
	S	1111 DDDD DDDD DDDD:1100 SSSS SSSS SSSS	1327
	D	1111 DDDD DDDD DDDD:1100 0101 0010 1111	1283
001D82	C52F F503	MOVFF SYSLONGDIVMULTX_E,SYSLONGTEMPX_E
	S	 0000 0000 0001 001S	0
001D86	0012	RETURN


		SYSREADSTRING
001D88	0009	TBLRD*+
	S	1111 DDDD DDDD DDDD:1100 SSSS SSSS SSSS	1269
	D	1111 DDDD DDDD DDDD:1100 0100 1111 0101	1285
001D8A	C4F5 F505	MOVFF TABLAT,SYSCALCTEMPA
	S	1111 DDDD DDDD DDDD:1100 SSSS SSSS SSSS	1269
	D	1111 DDDD DDDD DDDD:1100 0100 1111 0101	1255
001D8E	C4F5 F4E7	MOVFF TABLAT,INDF1
	N	 1101 0NNN NNNN NNNN	4
001D92	D004	BRA SYSSTRINGREADCHECK
		SYSREADSTRINGPART
001D94	0009	TBLRD*+
	F	 0101 00DA FFFF FFFF	1269
	D	 0101 00DA 1111 0101	0
	A	 0101 000A 1111 0101	0
001D96	50F5	MOVF TABLAT, W,ACCESS
	F	 0110 111A FFFF FFFF	1285
	A	 0110 111A 0000 0101	0
001D98	6E05	MOVWF SYSCALCTEMPA,ACCESS
	F	 0010 01DA FFFF FFFF	1286
	D	 0010 01DA 0000 0110	1
	A	 0010 011A 0000 0110	0
001D9A	2606	ADDWF SYSSTRINGLENGTH,F,ACCESS
		SYSSTRINGREADCHECK
	F	 0101 00DA FFFF FFFF	1285
	D	 0101 00DA 0000 0101	1
	A	 0101 001A 0000 0101	0
001D9C	5205	MOVF SYSCALCTEMPA,F,ACCESS
	F	 1011 BBBA FFFF FFFF	1240
	B	 1011 BBBA 1101 1000	2
	A	 1011 010A 1101 1000	0
001D9E	B4D8	BTFSC STATUS,Z,ACCESS
	S	 0000 0000 0001 001S	0
001DA0	0012	RETURN
		SYSSTRINGREAD
001DA2	0009	TBLRD*+
	S	1111 DDDD DDDD DDDD:1100 SSSS SSSS SSSS	1269
	D	1111 DDDD DDDD DDDD:1100 0100 1111 0101	1252
001DA4	C4F5 F4E4	MOVFF TABLAT,PREINC1
	F	 0010 11DA FFFF FFFF	1285
	D	 0010 11DA 0000 0101	1
	A	 0010 111A 0000 0101	0
001DA8	2E05	DECFSZ SYSCALCTEMPA, F,ACCESS
	N	 1101 0NNN NNNN NNNN	2043
001DAA	D7FB	BRA SYSSTRINGREAD
	S	 0000 0000 0001 001S	0
001DAC	0012	RETURN


		SYSSTRINGTABLES

		STRINGTABLE1
001DAE	481A 7261 7764 7261 2065 4343 2F50 5750 204D 6944 6373 766F	RAW 481A,7261,7764,7261,2065,4343,2F50,5750,204D,6944,6373,766F
001DC6	7265 0079	RAW 7265,0079


		STRINGTABLE2
001DCA	421D 6665 726F 2065 5750 6F4D 206E 203D 6946 6578 2064 6F4D	RAW 421D,6665,726F,2065,5750,6F4D,206E,203D,6946,6578,2064,6F4D
001DE2	6564 5020 4D57	RAW 6564,5020,4D57


		STRINGTABLE3
001DE8	410B 7466 7265 5020 4D57 6E6F	RAW 410B,7466,7265,5020,4D57,6E6F


		STRINGTABLE4
001DF4	4949 2066 6F6E 4620 7869 6465 4D20 646F 2065 5750 204D 6973	RAW 4949,2066,6F6E,4620,7869,6465,4D20,646F,2065,5750,204D,6973
001E0C	6E67 6C61 2E2E 202E 7261 2065 6874 2065 5750 204D 6F70 7472	RAW 6E67,6C61,2E2E,202E,7261,2065,6874,2065,5750,204D,6F70,7472
001E24	2073 6573 2074 6F74 4F20 5455 203F 6F43 7272 6365 2074 5050	RAW 2073,6573,2074,6F74,4F20,5455,203F,6F43,7272,6365,2074,5050
001E3C	3F53	RAW 3F53


		STRINGTABLE5
001E3E	2045 726F 202C 6874 2065 6572 6967 7473 7265 2073 6E69	RAW 2045,726F,202C,6874,2065,6572,6967,7473,7265,2073,6E69
001E54	7420 6968 2073 6863 7069 6120 6572 6E20 746F 7420 6568	RAW 7420,6968,2073,6863,7069,6120,6572,6E20,746F,7420,6568
001E6A	7320 6D61 2065 7369 6F20 206E 7270 7665 6F69 7375 6320	RAW 7320,6D61,2065,7369,6F20,206E,7270,7665,6F69,7375,6320
001E80	6968 7370	RAW 6968,7370


		STRINGTABLE6
001E84	205D 2020 2020 6F63 706D 7261 2065 4343 4350 4E4F 6143 6863	RAW 205D,2020,2020,6F63,706D,7261,2065,4343,4350,4E4F,6143,6863
001E9C	2065 7420 206F 4343 3150 4F43 2E4E 2020 6854 2065 6E65 6261	RAW 2065,7420,206F,4343,3150,4F43,2E4E,2020,6854,2065,6E65,6261
001EB4	656C 6220 7469 6E20 6565 7364 7420 206F 6573 2074 6F66	RAW 656C,6220,7469,6E20,6565,7364,7420,206F,6573,2074,6F66
001ECA	2072 6946 6578 2064 6F4D 6564 5020 4D57 7420 206F 6F77	RAW 2072,6946,6578,2064,6F4D,6564,5020,4D57,7420,206F,6F77
001EE0	6B72	RAW 6B72


		STRINGTABLE7
001EE2	2056 2020 2020 6874 2065 7265 6F72 2072 7369 7020 6F72	RAW 2056,2020,2020,6874,2065,7265,6F72,2072,7369,7020,6F72
001EF8	6162 626C 2079 2061 6572 616E 656D 2064 6962 2074 6E69	RAW 6162,626C,2079,2061,6572,616E,656D,2064,6962,2074,6E69
001F0E	4320 5043 4331 4E4F 6F20 2072 6E6F 2065 666F 7420 6568 6F20	RAW 4320,5043,4331,4E4F,6F20,2072,6E6F,2065,666F,7420,6568,6F20
001F26	6874 7265 6B20 7965 7220 6765 7369 6574 7372 002F	RAW 6874,7265,6B20,7965,7220,6765,7369,6574,7372,002F


		STRINGTABLE8
001F3A	2E01	RAW 2E01


		STRINGTABLE9
001F3C	5006 4D57 664F 0066	RAW 5006,4D57,664F,0066


		STRINGTABLE10
001F44	410C 7466 7265 5020 4D57 666F 0066	RAW 410C,7466,7265,5020,4D57,666F,0066


		STRINGTABLE11
001F52	4623 7869 6465 6D20 646F 2065 5750 204D 6973 6E67 6C61	RAW 4623,7869,6465,6D20,646F,2065,5750,204D,6973,6E67,6C61
001F68	7720 6C69 206C 6F6E 2077 7473 706F	RAW 7720,6C69,206C,6F6E,2077,7473,706F


		STRINGTABLE12
001F76	4918 7373 6575 6020 5048 4D57 3120 202C 5750 5F4D 5246 5145 002C	RAW 4918,7373,6575,6020,5048,4D57,3120,202C,5750,5F4D,5246,5145,002C


		STRINGTABLE13
001F90	6042 6320 6D6F 616D 646E 202E 5420 6568 7420 6968 6472	RAW 6042,6320,6D6F,616D,646E,202E,5420,6568,7420,6968,6472
001FA6	7020 7261 6D61 7465 7265 7220 6E61 6567 6920 2073 2030	RAW 7020,7261,6D61,7465,7265,7220,6E61,6567,6920,2073,2030
001FBC	6F74 3220 3535 202C 6877 7265 2065 3231 2037 203D 3035 0025	RAW 6F74,3220,3535,202C,6877,7265,2065,3231,2037,203D,3035,0025


		STRINGTABLE14
001FD4	0000	RAW 0000


		STRINGTABLE15
001FD6	2A01	RAW 2A01


		STRINGTABLE16
001FD8	4118 7466 7265 6020 5048 4D57 3120 202C 5750 5F4D 5246 5145 002C	RAW 4118,7466,7265,6020,5048,4D57,3120,202C,5750,5F4D,5246,5145,002C


		STRINGTABLE17
001FF2	6009 6320 6D6F 616D 646E	RAW 6009,6320,6D6F,616D,646E


		STRINGTABLE18
001FFC	2061 7341 4820 5750 284D 2029 7375 6465 7320 6D61 2065 7246	RAW 2061,7341,4820,5750,284D,2029,7375,6465,7320,6D61,2065,7246
002014	2071 2026 7544 7974 6120 2073 6660 7869 6465 6D20 646F	RAW 2071,2026,7544,7974,6120,2073,6660,7869,6465,6D20,646F
00202A	2065 5750 604D 202C 6874 6E65 202C 4343 3150 4F43 204E 6873	RAW 2065,5750,604D,202C,6874,6E65,202C,4343,3150,4F43,204E,6873
002042	756F 646C 6220 2065 7165 6175 206C 6F74 4320 5043 4F43 434E	RAW 756F,646C,6220,2065,7165,6175,206C,6F74,4320,5043,4F43,434E
00205A	6361 6568	RAW 6361,6568


		STRINGTABLE19
00205E	4E0B 206F 6973 6E67 6C61 3F20	RAW 4E0B,206F,6973,6E67,6C61,3F20


		STRINGTABLE20
00206A	2055 3120 202E 6148 2073 6843 7069 6146 696D 796C 5750 434D	RAW 2055,3120,202E,6148,2073,6843,7069,6146,696D,796C,5750,434D
002082	5043 4331 4E4F 3631 6148 646E 656C 2C72 6920 206E 5750 2E4D	RAW 5043,4331,4E4F,3631,6148,646E,656C,2C72,6920,206E,5750,2E4D
00209A	2C68 6220 6565 206E 7075 6164 6574 2064 6F66 2072 6874	RAW 2C68,6220,6565,206E,7075,6164,6574,2064,6F66,2072,6874
0020B0	7369 6320 6968 2070 6166 696D 796C 3F20	RAW 7369,6320,6968,2070,6166,696D,796C,3F20


		STRINGTABLE21
0020C0	2069 2020 2020 6649 7420 6568 7320 6570 6963 6966 2063 6863	RAW 2069,2020,2020,6649,7420,6568,7320,6570,6963,6966,2063,6863
0020D8	7069 6820 7361 4F20 4C4E 2059 4E4F 2045 4343 2050 6874 6E65	RAW 7069,6820,7361,4F20,4C4E,2059,4E4F,2045,4343,2050,6874,6E65
0020F0	7420 6568 7320 6365 6974 6E6F 4320 6968 4670 6D61 6C69	RAW 7420,6568,7320,6365,6974,6E6F,4320,6968,4670,6D61,6C69
002106	5079 4D57 4343 3150 4F43 314E 4836 6E61 6C64 7265 6D20 7375	RAW 5079,4D57,4343,3150,4F43,314E,4836,6E61,6C64,7265,6D20,7375
00211E	2074 6562 7520 6470 7461 6465	RAW 2074,6562,7520,6470,7461,6465


		STRINGTABLE22
00212A	205F 2020 2020 6F53 202C 6863 6365 206B 6874 2065 6164 6174	RAW 205F,2020,2020,6F53,202C,6863,6365,206B,6874,2065,6164,6174
002142	6873 6565 2074 6F66 2072 4343 3150 6F20 6C6E 2E79 202E	RAW 6873,6565,2074,6F66,2072,4343,3150,6F20,6C6E,2E79,202E
002158	6F73 202C 6573 7261 6863 6620 726F 4320 5043 2032 6669 6E20	RAW 6F73,202C,6573,7261,6863,6620,726F,4320,5043,2032,6669,6E20
002170	746F 6620 756F 646E 7420 6568 206E 6E6F 796C 6F20 656E	RAW 746F,6620,756F,646E,7420,6568,206E,6E6F,796C,6F20,656E
002186	4320 5043	RAW 4320,5043


		STRINGTABLE23
00218A	205F 3220 202E 7349 4320 5043 4D54 5352 2030 6F63 7272 6365	RAW 205F,3220,202E,7349,4320,5043,4D54,5352,2030,6F63,7272,6365
0021A2	2074 6F66 2072 6974 656D 3272 203F 6669 6E20 746F 202C	RAW 2074,6F66,2072,6974,656D,3272,203F,6669,6E20,746F,202C
0021B8	7369 5020 4D57 6954 656D 5672 7261 6169 746E 6920 206E	RAW 7369,5020,4D57,6954,656D,5672,7261,6169,746E,6920,206E
0021CE	4144 2054 6966 656C 7420 6568 6320 726F 6572 7463 7620	RAW 4144,2054,6966,656C,7420,6568,6320,726F,6572,7463,7620
0021E4	6C61 6575 3F20	RAW 6C61,6575,3F20


		STRINGTABLE24
0021EA	2056 3320 202E 7845 6D61 6E69 2065 4553 5554 4350 5043 5750 524D	RAW 2056,3320,202E,7845,6D61,6E69,2065,4553,5554,4350,5043,5750,524D
002204	4745 5349 4554 5352 7320 6365 6974 6E6F 6920 206E 7770 2E6D	RAW 4745,5349,4554,5352,7320,6365,6974,6E6F,6920,206E,7770,2E6D
00221C	2E68 2E2E 7420 6568 6572 6920 2073 6C63 6165 6C72 2079	RAW 2E68,2E2E,7420,6568,6572,6920,2073,6C63,6165,6C72,2079
002232	2061 696C 7262 7261 2079 7369 7573 0065	RAW 2061,696C,7262,7261,2079,7369,7573,0065


		STRINGTABLE25
002242	4926 2066 5750 204D 7369 7720 726F 696B 676E 2E2E 5420 6568	RAW 4926,2066,5750,204D,7369,7720,726F,696B,676E,2E2E,5420,6568
00225A	2C6E 6120 6C6C 6920 2073 6F67 646F 0021	RAW 2C6E,6120,6C6C,6920,2073,6F67,646F,0021


		STRINGTABLE26
00226A	431B 6D6F 6C70 7465 6465 2D20 6520 6178 696D 656E 7220	RAW 431B,6D6F,6C70,7465,6465,2D20,6520,6178,696D,656E,7220
002280	7365 6C75 7374	RAW 7365,6C75,7374


		STRINGTABLE27
002286	4309 6E6F 7473 6E61 7374	RAW 4309,6E6F,7473,6E61,7374


		STRINGTABLE28
002290	5011 4D57 465F 4552 3A51 2020 2020 2020 2020	RAW 5011,4D57,465F,4552,3A51,2020,2020,2020,2020


		STRINGTABLE29
0022A2	5011 4D57 445F 5455 3A59 2020 2020 2020 2020	RAW 5011,4D57,445F,5455,3A59,2020,2020,2020,2020


		STRINGTABLE30
0022B4	5511 4553 485F 5750 434D 5043 3A31 2020 2020	RAW 5511,4553,485F,5750,434D,5043,3A31,2020,2020


		STRINGTABLE31
0022C6	5511 4553 485F 5750 5F4D 4954 454D 3252 203A	RAW 5511,4553,485F,5750,5F4D,4954,454D,3252,203A


		STRINGTABLE33
0022D8	5209 6765 7369 6574 7372	RAW 5209,6765,7369,6574,7372


		STRINGTABLE34
0022E2	430D 5043 4331 4E4F 2020 2020 2020	RAW 430D,5043,4331,4E4F,2020,2020,2020


		STRINGTABLE35
0022F0	4314 5043 4320 6E6F 7274 6C6F 5220 6765 7369 6574 0072	RAW 4314,5043,4320,6E6F,7274,6C6F,5220,6765,7369,6574,0072


		STRINGTABLE36
002306	430D 5043 4F43 434E 6361 6568 2020	RAW 430D,5043,4F43,434E,6361,6568,2020


		STRINGTABLE37
002314	4320 6361 6568 2064 6572 6967 7473 7265 7520 6573 2064	RAW 4320,6361,6568,2064,6572,6967,7473,7265,7520,6573,2064
00232A	6F74 6220 2079 5750 6F4D 006E	RAW 6F74,6220,2079,5750,6F4D,006E


		STRINGTABLE38
002336	540D 5032 2052 2020 2020 2020 2020	RAW 540D,5032,2052,2020,2020,2020,2020


		STRINGTABLE39
002344	540C 6D69 7265 5020 7265 6F69 0064	RAW 540C,6D69,7265,5020,7265,6F69,0064


		STRINGTABLE41
002352	540D 4332 4E4F 2020 2020 2020 2020	RAW 540D,4332,4E4F,2020,2020,2020,2020


		STRINGTABLE42
002360	540E 6D69 7265 2032 6F63 746E 6F72 006C	RAW 540E,6D69,7265,2032,6F63,746E,6F72,006C


		STRINGTABLE43
002370	540D 4332 4B4C 4F43 204E 2020 2020	RAW 540D,4332,4B4C,4F43,204E,2020,2020


		STRINGTABLE44
00237E	4316 6F6C 6B63 5320 756F 6372 2065 6553 656C 7463 6F69	RAW 4316,6F6C,6B63,5320,756F,6372,2065,6553,656C,7463,6F69
002394	006E	RAW 006E


		STRINGTABLE45
002396	430D 5043 3152 2048 2020 2020 2020	RAW 430D,5043,3152,2048,2020,2020,2020


		STRINGTABLE46
0023A4	440C 7475 2079 7963 6C63 2065 0048	RAW 440C,7475,2079,7963,6C63,2065,0048


		STRINGTABLE47
0023B2	430D 5043 3152 204C 2020 2020 2020	RAW 430D,5043,3152,204C,2020,2020,2020


		STRINGTABLE48
0023C0	440C 7475 2079 7963 6C63 2065 004C	RAW 440C,7475,2079,7963,6C63,2065,004C


		STRINGTABLE49
0023CE	430D 5043 4D54 5352 2030 2020 2020	RAW 430D,5043,4D54,5352,2030,2020,2020


		STRINGTABLE50
0023DC	540F 6D69 7265 5320 6C65 6365 6974 6E6F	RAW 540F,6D69,7265,5320,6C65,6365,6974,6E6F


		STRINGTABLE51
0023EC	5609 7261 6169 6C62 7365	RAW 5609,7261,6169,6C62,7365


		STRINGTABLE52
0023F6	5F11 5750 544D 6D69 7265 6553 656C 7463 6465	RAW 5F11,5750,544D,6D69,7265,6553,656C,7463,6465


		STRINGTABLE53
002408	530E 6C65 6365 6574 2064 6954 656D 0072	RAW 530E,6C65,6365,6574,2064,6954,656D,0072


		STRINGTABLE54
002418	5011 4D57 7544 7974 2020 2020 2020 2020 2020	RAW 5011,4D57,7544,7974,2020,2020,2020,2020,2020


		STRINGTABLE55
00242A	5B28 4F57 4452 205D 7375 6465 6920 206E 6163 636C 6C75 7461	RAW 5B28,4F57,4452,205D,7375,6465,6920,206E,6163,636C,6C75,7461
002442	4465 7475 2879 2029 6E69 7020 6D77 682E 0020	RAW 4465,7475,2879,2029,6E69,7020,6D77,682E,0020


		STRINGTABLE56
002454	5011 4D57 6552 6F73 756C 6974 6E6F 2020 2020	RAW 5011,4D57,6552,6F73,756C,6974,6E6F,2020,2020


		STRINGTABLE57
002466	5B27 4F57 4452 205D 7375 6465 6920 206E 6163 636C 6C75 7461	RAW 5B27,4F57,4452,205D,7375,6465,6920,206E,6163,636C,6C75,7461
00247E	4465 7475 2879 2029 6E69 7020 6D77 682E	RAW 4465,7475,2879,2029,6E69,7020,6D77,682E


		STRINGTABLE58
00248E	2002 0020	RAW 2002,0020


		STRINGTABLE59
002492	3A02 0020	RAW 3A02,0020


		STRINGTABLE60
002496	2C04 3020 0078	RAW 2C04,3020,0078


		STRINGTABLE61
00249C	2C02 0020	RAW 2C02,0020


		STRINGTABLE62
0024A0	2001	RAW 2001


		STRINGTABLE121
0024A2	3101	RAW 3101


		STRINGTABLE122
0024A4	3001	RAW 3001



		FN__HEXPICAS
	K	 0000 1110 KKKK KKKK	2
0024A6	0E02	MOVLW 2
	K	 0000 0001 00KK KKKK	19
000000	0113	BANKSEL SYS_HEXPICAS_0
	F	 0110 111A FFFF FFFF	5063
	A	 0110 111A 1100 0111	1
0024AA	6FC7	MOVWF SYS_HEXPICAS_0,BANKED
	K	 0000 1110 KKKK KKKK	15
0024AC	0E0F	MOVLW 15
	F	 0001 01DA FFFF FFFF	1347
	D	 0001 01DA 0100 0011	0
	A	 0001 010A 0100 0011	0
0024AE	1443	ANDWF SYSVALTEMP,W,ACCESS
	K	 0000 0001 00KK KKKK	5
000000	0105	BANKSEL SYSSTRINGTEMP
	F	 0110 111A FFFF FFFF	1336
	A	 0110 111A 0011 1000	1
0024B2	6F38	MOVWF SYSSTRINGTEMP,BANKED
	K	 0000 1000 KKKK KKKK	9
0024B4	0809	SUBLW 9
	F	 1011 BBBA FFFF FFFF	1240
	B	 1011 BBBA 1101 1000	0
	A	 1011 000A 1101 1000	0
0024B6	B0D8	BTFSC STATUS, C,ACCESS
	N	 1101 0NNN NNNN NNNN	2
0024B8	D002	BRA ENDIF1
	K	 0000 1110 KKKK KKKK	7
0024BA	0E07	MOVLW 7
	F	 0010 01DA FFFF FFFF	1336
	D	 0010 01DA 0011 1000	1
	A	 0010 011A 0011 1000	1
0024BC	2738	ADDWF SYSSTRINGTEMP,F,BANKED
		ENDIF1
	K	 0000 1110 KKKK KKKK	48
0024BE	0E30	MOVLW 48
	F	 0010 01DA FFFF FFFF	1336
	D	 0010 01DA 0011 1000	0
	A	 0010 010A 0011 1000	1
0024C0	2538	ADDWF SYSSTRINGTEMP,W,BANKED
	K	 0000 0001 00KK KKKK	19
000000	0113	BANKSEL SYS_HEXPICAS_2
	F	 0110 111A FFFF FFFF	5065
	A	 0110 111A 1100 1001	1
0024C4	6FC9	MOVWF SYS_HEXPICAS_2,BANKED
	K	 0000 0001 00KK KKKK	5
000000	0105	BANKSEL SYSSTRINGTEMP
	F	 0110 101A FFFF FFFF	1336
	A	 0110 101A 0011 1000	1
0024C8	6B38	CLRF SYSSTRINGTEMP,BANKED
		SYSFORLOOP1
	F	 0010 10DA FFFF FFFF	1336
	D	 0010 10DA 0011 1000	1
	A	 0010 101A 0011 1000	1
0024CA	2B38	INCF SYSSTRINGTEMP,F,BANKED
	F	 0011 00DA FFFF FFFF	1347
	D	 0011 00DA 0100 0011	1
	A	 0011 001A 0100 0011	0
0024CC	3243	RRCF SYSVALTEMP,F,ACCESS
	K	 0000 1110 KKKK KKKK	4
0024CE	0E04	MOVLW 4
	F	 0101 11DA FFFF FFFF	1336
	D	 0101 11DA 0011 1000	0
	A	 0101 110A 0011 1000	1
0024D0	5D38	SUBWF SYSSTRINGTEMP,W,BANKED
	F	 1010 BBBA FFFF FFFF	1240
	B	 1010 BBBA 1101 1000	0
	A	 1010 000A 1101 1000	0
0024D2	A0D8	BTFSS STATUS, C,ACCESS
	N	 1101 0NNN NNNN NNNN	2042
0024D4	D7FA	BRA SYSFORLOOP1
		SYSFORLOOPEND1
	K	 0000 1110 KKKK KKKK	15
0024D6	0E0F	MOVLW 15
	F	 0001 01DA FFFF FFFF	1347
	D	 0001 01DA 0100 0011	0
	A	 0001 010A 0100 0011	0
0024D8	1443	ANDWF SYSVALTEMP,W,ACCESS
	F	 0110 111A FFFF FFFF	1336
	A	 0110 111A 0011 1000	1
0024DA	6F38	MOVWF SYSSTRINGTEMP,BANKED
	K	 0000 1000 KKKK KKKK	9
0024DC	0809	SUBLW 9
	F	 1011 BBBA FFFF FFFF	1240
	B	 1011 BBBA 1101 1000	0
	A	 1011 000A 1101 1000	0
0024DE	B0D8	BTFSC STATUS, C,ACCESS
	N	 1101 0NNN NNNN NNNN	2
0024E0	D002	BRA ENDIF3
	K	 0000 1110 KKKK KKKK	7
0024E2	0E07	MOVLW 7
	F	 0010 01DA FFFF FFFF	1336
	D	 0010 01DA 0011 1000	1
	A	 0010 011A 0011 1000	1
0024E4	2738	ADDWF SYSSTRINGTEMP,F,BANKED
		ENDIF3
	K	 0000 1110 KKKK KKKK	48
0024E6	0E30	MOVLW 48
	F	 0010 01DA FFFF FFFF	1336
	D	 0010 01DA 0011 1000	0
	A	 0010 010A 0011 1000	1
0024E8	2538	ADDWF SYSSTRINGTEMP,W,BANKED
	K	 0000 0001 00KK KKKK	19
000000	0113	BANKSEL SYS_HEXPICAS_1
	F	 0110 111A FFFF FFFF	5064
	A	 0110 111A 1100 1000	1
0024EC	6FC8	MOVWF SYS_HEXPICAS_1,BANKED
	K	 0000 0001 00KK KKKK	0
000000	0100	BANKSEL 0
	S	 0000 0000 0001 001S	0
0024F0	0012	RETURN


