GCASM List File (GCBASIC 2026.08.07 (Windows 64 bit) : Build 1617)

Symbols:
A 	EQU 	0
ABDEN 	EQU 	0
ABDOVF 	EQU 	7
ACCESS 	EQU 	0
ACKDT 	EQU 	5
ACKEN 	EQU 	4
ACKSTAT 	EQU 	6
ACKTIM 	EQU 	7
ADCON0 	EQU 	157
ADCON1 	EQU 	158
ADCS0 	EQU 	4
ADCS1 	EQU 	5
ADCS2 	EQU 	6
ADDEN 	EQU 	3
ADFM 	EQU 	7
ADFVR0 	EQU 	0
ADFVR1 	EQU 	1
ADGO 	EQU 	1
ADIE 	EQU 	6
ADIF 	EQU 	6
ADNREF 	EQU 	2
ADON 	EQU 	0
ADPREF0 	EQU 	0
ADPREF1 	EQU 	1
ADREADPORT 	EQU 	32
ADRES 	EQU 	155
ADRESH 	EQU 	156
ADRESL 	EQU 	155
AFSR0 	EQU 	4
AFSR0_H 	EQU 	5
AHEN 	EQU 	1
ANSA0 	EQU 	0
ANSA1 	EQU 	1
ANSA2 	EQU 	2
ANSA3 	EQU 	3
ANSA4 	EQU 	4
ANSA5 	EQU 	5
ANSB0 	EQU 	0
ANSB1 	EQU 	1
ANSB2 	EQU 	2
ANSB3 	EQU 	3
ANSB4 	EQU 	4
ANSB5 	EQU 	5
ANSD0 	EQU 	0
ANSD1 	EQU 	1
ANSD2 	EQU 	2
ANSD3 	EQU 	3
ANSD4 	EQU 	4
ANSD5 	EQU 	5
ANSD6 	EQU 	6
ANSD7 	EQU 	7
ANSE0 	EQU 	0
ANSE1 	EQU 	1
ANSE2 	EQU 	2
ANSELA 	EQU 	396
ANSELB 	EQU 	397
ANSELD 	EQU 	399
ANSELE 	EQU 	400
APFCON 	EQU 	285
B 	EQU 	1
BANKED 	EQU 	1
BASPROGRAMEND 	EQU 	199
BASPROGRAMSTART 	EQU 	5
BAUDCON 	EQU 	415
BCLIE 	EQU 	3
BCLIF 	EQU 	3
BF 	EQU 	0
BIASMD 	EQU 	6
BOEN 	EQU 	4
BORCON 	EQU 	278
BORRDY 	EQU 	0
BRG16 	EQU 	3
BRGH 	EQU 	2
BSR 	EQU 	8
BSR0 	EQU 	0
BSR1 	EQU 	1
BSR2 	EQU 	2
BSR3 	EQU 	3
BSR4 	EQU 	4
BSR_SHAD 	EQU 	4070
BYTENUM 	EQU 	33
BYTETOBIN 	EQU 	8597
C 	EQU 	0
C1HYS 	EQU 	1
C1IE 	EQU 	5
C1IF 	EQU 	5
C1INTN 	EQU 	6
C1INTP 	EQU 	7
C1NCH0 	EQU 	0
C1NCH1 	EQU 	1
C1OE 	EQU 	5
C1ON 	EQU 	7
C1OUT 	EQU 	6
C1PCH0 	EQU 	4
C1PCH1 	EQU 	5
C1POL 	EQU 	4
C1SP 	EQU 	2
C1SYNC 	EQU 	0
C1TSEL0 	EQU 	0
C1TSEL1 	EQU 	1
C2HYS 	EQU 	1
C2IE 	EQU 	6
C2IF 	EQU 	6
C2INTN 	EQU 	6
C2INTP 	EQU 	7
C2NCH0 	EQU 	0
C2NCH1 	EQU 	1
C2OE 	EQU 	5
C2ON 	EQU 	7
C2OUT 	EQU 	6
C2OUTSEL 	EQU 	2
C2PCH0 	EQU 	4
C2PCH1 	EQU 	5
C2POL 	EQU 	4
C2SP 	EQU 	2
C2SYNC 	EQU 	0
C2TSEL0 	EQU 	2
C2TSEL1 	EQU 	3
C3TSEL0 	EQU 	4
C3TSEL1 	EQU 	5
C4TSEL0 	EQU 	6
C4TSEL1 	EQU 	7
C5TSEL0 	EQU 	0
C5TSEL1 	EQU 	1
CCP1AS 	EQU 	661
CCP1AS0 	EQU 	4
CCP1AS1 	EQU 	5
CCP1AS2 	EQU 	6
CCP1ASE 	EQU 	7
CCP1CON 	EQU 	659
CCP1IE 	EQU 	2
CCP1IF 	EQU 	2
CCP1M0 	EQU 	0
CCP1M1 	EQU 	1
CCP1M2 	EQU 	2
CCP1M3 	EQU 	3
CCP2AS 	EQU 	668
CCP2AS0 	EQU 	4
CCP2AS1 	EQU 	5
CCP2AS2 	EQU 	6
CCP2ASE 	EQU 	7
CCP2CON 	EQU 	666
CCP2IE 	EQU 	0
CCP2IF 	EQU 	0
CCP2M0 	EQU 	0
CCP2M1 	EQU 	1
CCP2M2 	EQU 	2
CCP2M3 	EQU 	3
CCP2SEL 	EQU 	0
CCP3AS 	EQU 	789
CCP3AS0 	EQU 	4
CCP3AS1 	EQU 	5
CCP3AS2 	EQU 	6
CCP3ASE 	EQU 	7
CCP3CON 	EQU 	787
CCP3IE 	EQU 	4
CCP3IF 	EQU 	4
CCP3M0 	EQU 	0
CCP3M1 	EQU 	1
CCP3M2 	EQU 	2
CCP3M3 	EQU 	3
CCP3SEL 	EQU 	6
CCP4CON 	EQU 	794
CCP4IE 	EQU 	5
CCP4IF 	EQU 	5
CCP4M0 	EQU 	0
CCP4M1 	EQU 	1
CCP4M2 	EQU 	2
CCP4M3 	EQU 	3
CCP5CON 	EQU 	798
CCP5IE 	EQU 	6
CCP5IF 	EQU 	6
CCP5M0 	EQU 	0
CCP5M1 	EQU 	1
CCP5M2 	EQU 	2
CCP5M3 	EQU 	3
CCPR1 	EQU 	657
CCPR1H 	EQU 	658
CCPR1L 	EQU 	657
CCPR2 	EQU 	664
CCPR2H 	EQU 	665
CCPR2L 	EQU 	664
CCPR3 	EQU 	785
CCPR3H 	EQU 	786
CCPR3L 	EQU 	785
CCPR4 	EQU 	792
CCPR4H 	EQU 	793
CCPR4L 	EQU 	792
CCPR5 	EQU 	796
CCPR5H 	EQU 	797
CCPR5L 	EQU 	796
CCPTMRS0 	EQU 	670
CCPTMRS1 	EQU 	671
CDAFVR0 	EQU 	2
CDAFVR1 	EQU 	3
CFGS 	EQU 	6
CHECKBUSYFLAG 	EQU 	261
CHS0 	EQU 	2
CHS1 	EQU 	3
CHS2 	EQU 	4
CHS3 	EQU 	5
CHS4 	EQU 	6
CKE 	EQU 	6
CKP 	EQU 	4
CLS 	EQU 	321
CM1CON0 	EQU 	273
CM1CON1 	EQU 	274
CM2CON0 	EQU 	275
CM2CON1 	EQU 	276
CMOUT 	EQU 	277
CPSCH0 	EQU 	0
CPSCH1 	EQU 	1
CPSCH2 	EQU 	2
CPSCH3 	EQU 	3
CPSCON0 	EQU 	30
CPSCON1 	EQU 	31
CPSON 	EQU 	7
CPSOUT 	EQU 	1
CPSRNG0 	EQU 	2
CPSRNG1 	EQU 	3
CREN 	EQU 	4
CS0 	EQU 	2
CS1 	EQU 	3
CSRC 	EQU 	7
C_SHAD 	EQU 	0
D10US_START 	EQU 	339
DACCON0 	EQU 	280
DACCON1 	EQU 	281
DACEN 	EQU 	7
DACLPS 	EQU 	6
DACNSS 	EQU 	0
DACOE 	EQU 	5
DACPSS0 	EQU 	2
DACPSS1 	EQU 	3
DACR0 	EQU 	0
DACR1 	EQU 	1
DACR2 	EQU 	2
DACR3 	EQU 	3
DACR4 	EQU 	4
DC 	EQU 	1
DC1B0 	EQU 	4
DC1B1 	EQU 	5
DC2B0 	EQU 	4
DC2B1 	EQU 	5
DC3B0 	EQU 	4
DC3B1 	EQU 	5
DC4B0 	EQU 	4
DC4B1 	EQU 	5
DC5B0 	EQU 	4
DC5B1 	EQU 	5
DC_SHAD 	EQU 	1
DELAYTEMP 	EQU 	112
DELAYTEMP2 	EQU 	113
DELAYUS0 	EQU 	341
DELAYUS1 	EQU 	336
DELAYUS10 	EQU 	646
DELAYUS11 	EQU 	273
DELAYUS12 	EQU 	280
DELAYUS13 	EQU 	291
DELAYUS14 	EQU 	297
DELAYUS15 	EQU 	302
DELAYUS2 	EQU 	529
DELAYUS3 	EQU 	536
DELAYUS4 	EQU 	568
DELAYUS5 	EQU 	575
DELAYUS6 	EQU 	580
DELAYUS7 	EQU 	465
DELAYUS8 	EQU 	471
DELAYUS9 	EQU 	640
DELAYUSO7 	EQU 	464
DELAY_10US 	EQU 	339
DELAY_MS 	EQU 	347
DELAY_S 	EQU 	361
DHEN 	EQU 	0
DIV8NOTNEG 	EQU 	1466
DMS_INNER 	EQU 	352
DMS_OUTER 	EQU 	350
DMS_START 	EQU 	348
DS_START 	EQU 	361
D_NOT_A 	EQU 	5
ECCP1AS 	EQU 	661
ECCP1AS_CCP1AS0 	EQU 	4
ECCP1AS_CCP1AS1 	EQU 	5
ECCP1AS_CCP1AS2 	EQU 	6
ECCP1AS_CCP1ASE 	EQU 	7
ECCP1AS_PSS1AC0 	EQU 	2
ECCP1AS_PSS1AC1 	EQU 	3
ECCP1AS_PSS1BD0 	EQU 	0
ECCP1AS_PSS1BD1 	EQU 	1
ECCP2AS 	EQU 	668
ECCP2AS_CCP2AS0 	EQU 	4
ECCP2AS_CCP2AS1 	EQU 	5
ECCP2AS_CCP2AS2 	EQU 	6
ECCP2AS_CCP2ASE 	EQU 	7
ECCP2AS_PSS2AC0 	EQU 	2
ECCP2AS_PSS2AC1 	EQU 	3
ECCP2AS_PSS2BD0 	EQU 	0
ECCP2AS_PSS2BD1 	EQU 	1
ECCP3AS 	EQU 	789
ECCP3AS_CCP3AS0 	EQU 	4
ECCP3AS_CCP3AS1 	EQU 	5
ECCP3AS_CCP3AS2 	EQU 	6
ECCP3AS_CCP3ASE 	EQU 	7
ECCP3AS_PSS3AC0 	EQU 	2
ECCP3AS_PSS3AC1 	EQU 	3
ECCP3AS_PSS3BD0 	EQU 	0
ECCP3AS_PSS3BD1 	EQU 	1
EEADR 	EQU 	401
EEADRH 	EQU 	402
EEADRL 	EQU 	401
EECON1 	EQU 	405
EECON2 	EQU 	406
EEDAT 	EQU 	403
EEDATH 	EQU 	404
EEDATL 	EQU 	403
EEIE 	EQU 	4
EEIF 	EQU 	4
EEPGD 	EQU 	7
ELSE2_1 	EQU 	189
ELSE3_1 	EQU 	186
ELSE54_1 	EQU 	236
ELSE7_1 	EQU 	377
ELSE8_1 	EQU 	400
ENDIF1 	EQU 	174
ENDIF12 	EQU 	990
ENDIF13 	EQU 	995
ENDIF14 	EQU 	1000
ENDIF15 	EQU 	1005
ENDIF16 	EQU 	1010
ENDIF17 	EQU 	720
ENDIF2 	EQU 	198
ENDIF21 	EQU 	788
ENDIF22 	EQU 	818
ENDIF23 	EQU 	545
ENDIF24 	EQU 	596
ENDIF25 	EQU 	596
ENDIF26 	EQU 	596
ENDIF27 	EQU 	506
ENDIF28 	EQU 	513
ENDIF29 	EQU 	520
ENDIF3 	EQU 	187
ENDIF30 	EQU 	527
ENDIF31 	EQU 	552
ENDIF32 	EQU 	559
ENDIF33 	EQU 	566
ENDIF34 	EQU 	615
ENDIF35 	EQU 	622
ENDIF36 	EQU 	629
ENDIF37 	EQU 	636
ENDIF38 	EQU 	1653
ENDIF40 	EQU 	1561
ENDIF41 	EQU 	1592
ENDIF42 	EQU 	1217
ENDIF43 	EQU 	1256
ENDIF44 	EQU 	1293
ENDIF45 	EQU 	1329
ENDIF46 	EQU 	662
ENDIF47 	EQU 	676
ENDIF50 	EQU 	1046
ENDIF51 	EQU 	1060
ENDIF54 	EQU 	257
ENDIF58 	EQU 	319
ENDIF59 	EQU 	1491
ENDIF60 	EQU 	1510
ENDIF7 	EQU 	378
ENDIF8 	EQU 	401
F 	EQU 	1
FERR 	EQU 	2
FN_BYTETOBIN 	EQU 	201
FN_FUNCKEYPRESSED 	EQU 	369
FN_LEFT 	EQU 	651
FN_READAD6 	EQU 	822
FN_RIGHT 	EQU 	1035
FN_SCALE79 	EQU 	1102
FN_STR 	EQU 	1177
FREE 	EQU 	4
FSR0 	EQU 	4
FSR0H 	EQU 	5
FSR0H_SHAD 	EQU 	4073
FSR0L 	EQU 	4
FSR0L_SHAD 	EQU 	4072
FSR1 	EQU 	6
FSR1H 	EQU 	7
FSR1H_SHAD 	EQU 	4075
FSR1L 	EQU 	6
FSR1L_SHAD 	EQU 	4074
FVRCON 	EQU 	279
FVREN 	EQU 	7
FVRRDY 	EQU 	6
GCEN 	EQU 	7
GIE 	EQU 	7
GO 	EQU 	1
GO_DONE 	EQU 	1
GO_NOT_DONE 	EQU 	1
HFIOFL 	EQU 	3
HFIOFR 	EQU 	4
HFIOFS 	EQU 	0
INDF0 	EQU 	0
INDF1 	EQU 	1
INITSYS 	EQU 	405
INIT_OCULAR_OM1614_LCD 	EQU 	428
INTCON 	EQU 	11
INTE 	EQU 	4
INTEDG 	EQU 	6
INTF 	EQU 	1
IOCBF 	EQU 	918
IOCBF0 	EQU 	0
IOCBF1 	EQU 	1
IOCBF2 	EQU 	2
IOCBF3 	EQU 	3
IOCBF4 	EQU 	4
IOCBF5 	EQU 	5
IOCBF6 	EQU 	6
IOCBF7 	EQU 	7
IOCBN 	EQU 	917
IOCBN0 	EQU 	0
IOCBN1 	EQU 	1
IOCBN2 	EQU 	2
IOCBN3 	EQU 	3
IOCBN4 	EQU 	4
IOCBN5 	EQU 	5
IOCBN6 	EQU 	6
IOCBN7 	EQU 	7
IOCBP 	EQU 	916
IOCBP0 	EQU 	0
IOCBP1 	EQU 	1
IOCBP2 	EQU 	2
IOCBP3 	EQU 	3
IOCBP4 	EQU 	4
IOCBP5 	EQU 	5
IOCBP6 	EQU 	6
IOCBP7 	EQU 	7
IOCIE 	EQU 	3
IOCIF 	EQU 	0
IRCF0 	EQU 	3
IRCF1 	EQU 	4
IRCF2 	EQU 	5
IRCF3 	EQU 	6
LATA 	EQU 	268
LATA0 	EQU 	0
LATA1 	EQU 	1
LATA2 	EQU 	2
LATA3 	EQU 	3
LATA4 	EQU 	4
LATA5 	EQU 	5
LATA6 	EQU 	6
LATA7 	EQU 	7
LATB 	EQU 	269
LATB0 	EQU 	0
LATB1 	EQU 	1
LATB2 	EQU 	2
LATB3 	EQU 	3
LATB4 	EQU 	4
LATB5 	EQU 	5
LATB6 	EQU 	6
LATB7 	EQU 	7
LATC 	EQU 	270
LATC0 	EQU 	0
LATC1 	EQU 	1
LATC2 	EQU 	2
LATC3 	EQU 	3
LATC4 	EQU 	4
LATC5 	EQU 	5
LATC6 	EQU 	6
LATC7 	EQU 	7
LATD 	EQU 	271
LATD0 	EQU 	0
LATD1 	EQU 	1
LATD2 	EQU 	2
LATD3 	EQU 	3
LATD4 	EQU 	4
LATD5 	EQU 	5
LATD6 	EQU 	6
LATD7 	EQU 	7
LATE 	EQU 	272
LATE0 	EQU 	0
LATE1 	EQU 	1
LATE2 	EQU 	2
LATE3 	EQU 	3
LCD2BYTE 	EQU 	34
LCDA 	EQU 	5
LCDBYTE 	EQU 	35
LCDCOLUMN 	EQU 	36
LCDCON 	EQU 	1937
LCDCST 	EQU 	1940
LCDCST0 	EQU 	0
LCDCST1 	EQU 	1
LCDCST2 	EQU 	2
LCDDATA0 	EQU 	1952
LCDDATA1 	EQU 	1953
LCDDATA10 	EQU 	1962
LCDDATA11 	EQU 	1963
LCDDATA2 	EQU 	1954
LCDDATA3 	EQU 	1955
LCDDATA4 	EQU 	1956
LCDDATA5 	EQU 	1957
LCDDATA6 	EQU 	1958
LCDDATA7 	EQU 	1959
LCDDATA8 	EQU 	1960
LCDDATA9 	EQU 	1961
LCDEN 	EQU 	7
LCDIE 	EQU 	2
LCDIF 	EQU 	2
LCDIRE 	EQU 	7
LCDIRI 	EQU 	5
LCDIRS 	EQU 	6
LCDLINE 	EQU 	37
LCDNORMALWRITEBYTE 	EQU 	491
LCDPS 	EQU 	1938
LCDREF 	EQU 	1939
LCDRL 	EQU 	1941
LCDSE0 	EQU 	1944
LCDSE1 	EQU 	1945
LCDSE2 	EQU 	1946
LCDTEMPRWCOUNT 	EQU 	38
LCDVALUE 	EQU 	39
LCDVALUETEMP 	EQU 	40
LCDWRITE_NIBBLE 	EQU 	597
LCD_STATE 	EQU 	41
LEDPORTSTATE 	EQU 	42
LEFT 	EQU 	8647
LFIOFR 	EQU 	1
LMUX0 	EQU 	0
LMUX1 	EQU 	1
LOCATE 	EQU 	709
LP0 	EQU 	0
LP1 	EQU 	1
LP2 	EQU 	2
LP3 	EQU 	3
LRLAP0 	EQU 	6
LRLAP1 	EQU 	7
LRLAT0 	EQU 	0
LRLAT1 	EQU 	1
LRLAT2 	EQU 	2
LRLBP0 	EQU 	4
LRLBP1 	EQU 	5
LWLO 	EQU 	5
L_CALIBRATE 	EQU 	43
L_CALIBRATE_H 	EQU 	44
L_FROMHIGH 	EQU 	45
L_FROMHIGH_H 	EQU 	46
L_FROMLOW 	EQU 	47
L_FROMLOW_H 	EQU 	48
L_MAP 	EQU 	49
L_MAP_H 	EQU 	50
L_SYSCALC 	EQU 	51
L_SYSCALCF 	EQU 	53
L_SYSCALCF_E 	EQU 	56
L_SYSCALCF_H 	EQU 	54
L_SYSCALCF_U 	EQU 	55
L_SYSCALC_H 	EQU 	52
L_TOHIGH 	EQU 	57
L_TOHIGH_H 	EQU 	58
L_TOLOW 	EQU 	59
L_TOLOW_H 	EQU 	60
MC1OUT 	EQU 	0
MC2OUT 	EQU 	1
MFIOFR 	EQU 	2
MUL32LOOP 	EQU 	1643
MUL8LOOP 	EQU 	1612
MYDELAY 	EQU 	61
MYDELAY_H 	EQU 	62
NOT_BOR 	EQU 	0
NOT_DONE 	EQU 	1
NOT_PD 	EQU 	3
NOT_POR 	EQU 	1
NOT_RI 	EQU 	2
NOT_RMCLR 	EQU 	3
NOT_T1SYNC 	EQU 	2
NOT_TO 	EQU 	4
NOT_WPUEN 	EQU 	7
OERR 	EQU 	1
OPTION_REG 	EQU 	149
OSCCON 	EQU 	153
OSCSTAT 	EQU 	154
OSCTUNE 	EQU 	152
OSFIE 	EQU 	7
OSFIF 	EQU 	7
OSTS 	EQU 	5
P 	EQU 	4
P1DC0 	EQU 	0
P1DC1 	EQU 	1
P1DC2 	EQU 	2
P1DC3 	EQU 	3
P1DC4 	EQU 	4
P1DC5 	EQU 	5
P1DC6 	EQU 	6
P1M0 	EQU 	6
P1M1 	EQU 	7
P1RSEN 	EQU 	7
P2BSEL 	EQU 	4
P2DC0 	EQU 	0
P2DC1 	EQU 	1
P2DC2 	EQU 	2
P2DC3 	EQU 	3
P2DC4 	EQU 	4
P2DC5 	EQU 	5
P2DC6 	EQU 	6
P2M0 	EQU 	6
P2M1 	EQU 	7
P2RSEN 	EQU 	7
P3DC0 	EQU 	0
P3DC1 	EQU 	1
P3DC2 	EQU 	2
P3DC3 	EQU 	3
P3DC4 	EQU 	4
P3DC5 	EQU 	5
P3DC6 	EQU 	6
P3M0 	EQU 	6
P3M1 	EQU 	7
P3RSEN 	EQU 	7
PCIE 	EQU 	6
PCL 	EQU 	2
PCLATH 	EQU 	10
PCLATH_SHAD 	EQU 	4071
PCON 	EQU 	150
PEIE 	EQU 	6
PEN 	EQU 	2
PIE1 	EQU 	145
PIE2 	EQU 	146
PIE3 	EQU 	147
PIR1 	EQU 	17
PIR2 	EQU 	18
PIR3 	EQU 	19
PLLR 	EQU 	6
PORTA 	EQU 	12
PORTB 	EQU 	13
PORTC 	EQU 	14
PORTD 	EQU 	15
PORTE 	EQU 	16
PR2 	EQU 	27
PR4 	EQU 	1046
PR6 	EQU 	1053
PRINT119 	EQU 	735
PRINT120 	EQU 	767
PRINTLEN 	EQU 	63
PS0 	EQU 	0
PS1 	EQU 	1
PS2 	EQU 	2
PSA 	EQU 	3
PSS1AC0 	EQU 	2
PSS1AC1 	EQU 	3
PSS1BD0 	EQU 	0
PSS1BD1 	EQU 	1
PSS2AC0 	EQU 	2
PSS2AC1 	EQU 	3
PSS2BD0 	EQU 	0
PSS2BD1 	EQU 	1
PSS3AC0 	EQU 	2
PSS3AC1 	EQU 	3
PSS3BD0 	EQU 	0
PSS3BD1 	EQU 	1
PSTR1CON 	EQU 	662
PSTR2CON 	EQU 	669
PSTR3CON 	EQU 	790
PWM1CON 	EQU 	660
PWM2CON 	EQU 	667
PWM3CON 	EQU 	788
RA0 	EQU 	0
RA1 	EQU 	1
RA2 	EQU 	2
RA3 	EQU 	3
RA4 	EQU 	4
RA5 	EQU 	5
RA6 	EQU 	6
RA7 	EQU 	7
RB0 	EQU 	0
RB1 	EQU 	1
RB2 	EQU 	2
RB3 	EQU 	3
RB4 	EQU 	4
RB5 	EQU 	5
RB6 	EQU 	6
RB7 	EQU 	7
RC0 	EQU 	0
RC1 	EQU 	1
RC2 	EQU 	2
RC3 	EQU 	3
RC4 	EQU 	4
RC5 	EQU 	5
RC6 	EQU 	6
RC7 	EQU 	7
RCEN 	EQU 	3
RCIDL 	EQU 	6
RCIE 	EQU 	5
RCIF 	EQU 	5
RCREG 	EQU 	409
RCSTA 	EQU 	413
RD 	EQU 	0
RD0 	EQU 	0
RD1 	EQU 	1
RD2 	EQU 	2
RD3 	EQU 	3
RD4 	EQU 	4
RD5 	EQU 	5
RD6 	EQU 	6
RD7 	EQU 	7
RE0 	EQU 	0
RE1 	EQU 	1
RE2 	EQU 	2
RE3 	EQU 	3
READAD 	EQU 	64
RIGHT 	EQU 	8606
RSEN 	EQU 	1
RX9 	EQU 	6
RX9D 	EQU 	0
R_NOT_W 	EQU 	2
S 	EQU 	3
SBCDE 	EQU 	2
SBOREN 	EQU 	7
SCALE 	EQU 	65
SCALE_H 	EQU 	66
SCIE 	EQU 	5
SCKP 	EQU 	4
SCLT16TRUE 	EQU 	1405
SCLT32TRUE 	EQU 	1430
SCS0 	EQU 	0
SCS1 	EQU 	1
SDAHT 	EQU 	3
SE0 	EQU 	0
SE1 	EQU 	1
SE10 	EQU 	2
SE11 	EQU 	3
SE12 	EQU 	4
SE13 	EQU 	5
SE14 	EQU 	6
SE15 	EQU 	7
SE16 	EQU 	0
SE17 	EQU 	1
SE18 	EQU 	2
SE19 	EQU 	3
SE2 	EQU 	2
SE20 	EQU 	4
SE21 	EQU 	5
SE22 	EQU 	6
SE23 	EQU 	7
SE3 	EQU 	3
SE4 	EQU 	4
SE5 	EQU 	5
SE6 	EQU 	6
SE7 	EQU 	7
SE8 	EQU 	0
SE9 	EQU 	1
SEG0COM0 	EQU 	0
SEG0COM1 	EQU 	0
SEG0COM2 	EQU 	0
SEG0COM3 	EQU 	0
SEG10COM0 	EQU 	2
SEG10COM1 	EQU 	2
SEG10COM2 	EQU 	2
SEG10COM3 	EQU 	2
SEG11COM0 	EQU 	3
SEG11COM1 	EQU 	3
SEG11COM2 	EQU 	3
SEG11COM3 	EQU 	3
SEG12COM0 	EQU 	4
SEG12COM1 	EQU 	4
SEG12COM2 	EQU 	4
SEG12COM3 	EQU 	4
SEG13COM0 	EQU 	5
SEG13COM1 	EQU 	5
SEG13COM2 	EQU 	5
SEG13COM3 	EQU 	5
SEG14COM0 	EQU 	6
SEG14COM1 	EQU 	6
SEG14COM2 	EQU 	6
SEG14COM3 	EQU 	6
SEG15COM0 	EQU 	7
SEG15COM1 	EQU 	7
SEG15COM2 	EQU 	7
SEG15COM3 	EQU 	7
SEG16COM0 	EQU 	0
SEG16COM1 	EQU 	0
SEG16COM2 	EQU 	0
SEG16COM3 	EQU 	0
SEG17COM0 	EQU 	1
SEG17COM1 	EQU 	1
SEG17COM2 	EQU 	1
SEG17COM3 	EQU 	1
SEG18COM0 	EQU 	2
SEG18COM1 	EQU 	2
SEG18COM2 	EQU 	2
SEG18COM3 	EQU 	2
SEG19COM0 	EQU 	3
SEG19COM1 	EQU 	3
SEG19COM2 	EQU 	3
SEG19COM3 	EQU 	3
SEG1COM0 	EQU 	1
SEG1COM1 	EQU 	1
SEG1COM2 	EQU 	1
SEG1COM3 	EQU 	1
SEG20COM0 	EQU 	4
SEG20COM1 	EQU 	4
SEG20COM2 	EQU 	4
SEG20COM3 	EQU 	4
SEG21COM0 	EQU 	5
SEG21COM1 	EQU 	5
SEG21COM2 	EQU 	5
SEG21COM3 	EQU 	5
SEG22COM0 	EQU 	6
SEG22COM1 	EQU 	6
SEG22COM2 	EQU 	6
SEG22COM3 	EQU 	6
SEG23COM0 	EQU 	7
SEG23COM1 	EQU 	7
SEG23COM2 	EQU 	7
SEG23COM3 	EQU 	7
SEG2COM0 	EQU 	2
SEG2COM1 	EQU 	2
SEG2COM2 	EQU 	2
SEG2COM3 	EQU 	2
SEG3COM0 	EQU 	3
SEG3COM1 	EQU 	3
SEG3COM2 	EQU 	3
SEG3COM3 	EQU 	3
SEG4COM0 	EQU 	4
SEG4COM1 	EQU 	4
SEG4COM2 	EQU 	4
SEG4COM3 	EQU 	4
SEG5COM0 	EQU 	5
SEG5COM1 	EQU 	5
SEG5COM2 	EQU 	5
SEG5COM3 	EQU 	5
SEG6COM0 	EQU 	6
SEG6COM1 	EQU 	6
SEG6COM2 	EQU 	6
SEG6COM3 	EQU 	6
SEG7COM0 	EQU 	7
SEG7COM1 	EQU 	7
SEG7COM2 	EQU 	7
SEG7COM3 	EQU 	7
SEG8COM0 	EQU 	0
SEG8COM1 	EQU 	0
SEG8COM2 	EQU 	0
SEG8COM3 	EQU 	0
SEG9COM0 	EQU 	1
SEG9COM1 	EQU 	1
SEG9COM2 	EQU 	1
SEG9COM3 	EQU 	1
SEN 	EQU 	0
SENDB 	EQU 	3
SLPEN 	EQU 	6
SMP 	EQU 	7
SP1BRG 	EQU 	411
SP1BRGH 	EQU 	412
SP1BRGL 	EQU 	411
SPBRG 	EQU 	411
SPBRGH 	EQU 	412
SPBRGL 	EQU 	411
SPEN 	EQU 	7
SPLLEN 	EQU 	7
SRCLK0 	EQU 	4
SRCLK1 	EQU 	5
SRCLK2 	EQU 	6
SRCON0 	EQU 	282
SRCON1 	EQU 	283
SREN 	EQU 	5
SRLEN 	EQU 	7
SRNQEN 	EQU 	2
SRNQSEL 	EQU 	3
SRPR 	EQU 	0
SRPS 	EQU 	1
SRQEN 	EQU 	3
SRRC1E 	EQU 	0
SRRC2E 	EQU 	1
SRRCKE 	EQU 	2
SRRPE 	EQU 	3
SRSC1E 	EQU 	4
SRSC2E 	EQU 	5
SRSCKE 	EQU 	6
SRSPE 	EQU 	7
SSPADD 	EQU 	530
SSPBUF 	EQU 	529
SSPCON 	EQU 	533
SSPCON1 	EQU 	533
SSPCON2 	EQU 	534
SSPCON3 	EQU 	535
SSPCON_CKP 	EQU 	4
SSPCON_SSPEN 	EQU 	5
SSPCON_SSPM0 	EQU 	0
SSPCON_SSPM1 	EQU 	1
SSPCON_SSPM2 	EQU 	2
SSPCON_SSPM3 	EQU 	3
SSPCON_SSPOV 	EQU 	6
SSPCON_WCOL 	EQU 	7
SSPEN 	EQU 	5
SSPIE 	EQU 	3
SSPIF 	EQU 	3
SSPM0 	EQU 	0
SSPM1 	EQU 	1
SSPM2 	EQU 	2
SSPM3 	EQU 	3
SSPMSK 	EQU 	531
SSPOV 	EQU 	6
SSPSTAT 	EQU 	532
SSSEL 	EQU 	1
STATUS 	EQU 	3
STATUS_SHAD 	EQU 	4068
STKOVF 	EQU 	7
STKPTR 	EQU 	4077
STKUNF 	EQU 	6
STR 	EQU 	8591
STR1A 	EQU 	0
STR1B 	EQU 	1
STR1C 	EQU 	2
STR1D 	EQU 	3
STR1SYNC 	EQU 	4
STR2A 	EQU 	0
STR2B 	EQU 	1
STR2C 	EQU 	2
STR2D 	EQU 	3
STR2SYNC 	EQU 	4
STR3A 	EQU 	0
STR3B 	EQU 	1
STR3C 	EQU 	2
STR3D 	EQU 	3
STR3SYNC 	EQU 	4
STRINGPOINTER 	EQU 	67
STRINGTABLE1 	EQU 	1710
STRINGTABLE153 	EQU 	1747
STRINGTABLE2 	EQU 	1723
STRINGTABLE3 	EQU 	1727
STRINGTABLE4 	EQU 	1729
STRINGTABLE5 	EQU 	1734
STRINGTABLE6 	EQU 	1738
STRINGTABLE63 	EQU 	1742
STRINGTABLE67 	EQU 	1743
STRINGTABLE68 	EQU 	1745
SWDTEN 	EQU 	0
SYNC 	EQU 	4
SYSARRAYTEMP1 	EQU 	68
SYSARRAYTEMP2 	EQU 	69
SYSBITVAR0 	EQU 	70
SYSBYTETEMPA 	EQU 	117
SYSBYTETEMPB 	EQU 	121
SYSBYTETEMPX 	EQU 	112
SYSCALCTEMPA 	EQU 	117
SYSCALCTEMPX 	EQU 	112
SYSCALCTEMPX_H 	EQU 	113
SYSCHARCOUNT 	EQU 	71
SYSCHARSTART 	EQU 	72
SYSCOMPEQUAL 	EQU 	1349
SYSCOMPEQUAL16 	EQU 	1355
SYSCOMPEQUAL32 	EQU 	1366
SYSCOMPLESSTHAN 	EQU 	1385
SYSCOMPLESSTHAN16 	EQU 	1392
SYSCOMPLESSTHAN32 	EQU 	1407
SYSCOPYSTRING 	EQU 	1432
SYSCOPYSTRINGCHECK 	EQU 	1439
SYSCOPYSTRINGPART 	EQU 	1436
SYSDIV16START 	EQU 	1493
SYSDIV32START 	EQU 	1563
SYSDIV8START 	EQU 	1455
SYSDIVLOOP 	EQU 	116
SYSDIVMULTA 	EQU 	119
SYSDIVMULTA_H 	EQU 	120
SYSDIVMULTB 	EQU 	123
SYSDIVMULTB_H 	EQU 	124
SYSDIVMULTX 	EQU 	114
SYSDIVMULTX_H 	EQU 	115
SYSDIVSUB 	EQU 	1449
SYSDIVSUB16 	EQU 	1469
SYSDIVSUB32 	EQU 	1521
SYSDOLOOP_E1 	EQU 	199
SYSDOLOOP_E2 	EQU 	312
SYSDOLOOP_S1 	EQU 	49
SYSDOLOOP_S2 	EQU 	271
SYSFORLOOP1 	EQU 	752
SYSFORLOOP2 	EQU 	681
SYSFORLOOP3 	EQU 	1072
SYSFORLOOPEND1 	EQU 	766
SYSFORLOOPEND2 	EQU 	704
SYSFORLOOPEND3 	EQU 	1097
SYSLCDTEMP 	EQU 	73
SYSLEFT_0 	EQU 	727
SYSLONGDIVMULTA 	EQU 	74
SYSLONGDIVMULTA_E 	EQU 	77
SYSLONGDIVMULTA_H 	EQU 	75
SYSLONGDIVMULTA_U 	EQU 	76
SYSLONGDIVMULTB 	EQU 	78
SYSLONGDIVMULTB_E 	EQU 	81
SYSLONGDIVMULTB_H 	EQU 	79
SYSLONGDIVMULTB_U 	EQU 	80
SYSLONGDIVMULTX 	EQU 	82
SYSLONGDIVMULTX_E 	EQU 	85
SYSLONGDIVMULTX_H 	EQU 	83
SYSLONGDIVMULTX_U 	EQU 	84
SYSLONGTEMPA 	EQU 	117
SYSLONGTEMPA_E 	EQU 	120
SYSLONGTEMPA_H 	EQU 	118
SYSLONGTEMPA_U 	EQU 	119
SYSLONGTEMPB 	EQU 	121
SYSLONGTEMPB_E 	EQU 	124
SYSLONGTEMPB_H 	EQU 	122
SYSLONGTEMPB_U 	EQU 	123
SYSLONGTEMPX 	EQU 	112
SYSLONGTEMPX_E 	EQU 	115
SYSLONGTEMPX_H 	EQU 	113
SYSLONGTEMPX_U 	EQU 	114
SYSMULTSUB 	EQU 	1611
SYSMULTSUB32 	EQU 	1623
SYSPRINTDATAHANDLER 	EQU 	86
SYSPRINTDATAHANDLER_H 	EQU 	87
SYSPRINTTEMP 	EQU 	88
SYSREADADBYTE 	EQU 	64
SYSREADSTRING 	EQU 	1687
SYSREADSTRINGPART 	EQU 	1691
SYSREPEATLOOP1 	EQU 	212
SYSREPEATLOOPEND1 	EQU 	260
SYSREPEATTEMP1 	EQU 	89
SYSRIGHT_0 	EQU 	686
SYSSCALEWORD 	EQU 	65
SYSSCALEWORD_H 	EQU 	66
SYSSELECT1CASE1 	EQU 	824
SYSSELECT1CASE10 	EQU 	886
SYSSELECT1CASE11 	EQU 	893
SYSSELECT1CASE12 	EQU 	900
SYSSELECT1CASE13 	EQU 	907
SYSSELECT1CASE14 	EQU 	914
SYSSELECT1CASE15 	EQU 	921
SYSSELECT1CASE16 	EQU 	928
SYSSELECT1CASE17 	EQU 	935
SYSSELECT1CASE18 	EQU 	942
SYSSELECT1CASE19 	EQU 	949
SYSSELECT1CASE2 	EQU 	831
SYSSELECT1CASE20 	EQU 	956
SYSSELECT1CASE21 	EQU 	963
SYSSELECT1CASE22 	EQU 	970
SYSSELECT1CASE3 	EQU 	837
SYSSELECT1CASE4 	EQU 	844
SYSSELECT1CASE5 	EQU 	851
SYSSELECT1CASE6 	EQU 	858
SYSSELECT1CASE7 	EQU 	865
SYSSELECT1CASE8 	EQU 	872
SYSSELECT1CASE9 	EQU 	879
SYSSELECTEND1 	EQU 	976
SYSSTRDATA 	EQU 	90
SYSSTRINGA 	EQU 	119
SYSSTRINGA_H 	EQU 	120
SYSSTRINGCOPY 	EQU 	1442
SYSSTRINGLENGTH 	EQU 	118
SYSSTRINGPARAM1 	EQU 	160
SYSSTRINGREAD 	EQU 	1697
SYSSTRINGREADCHECK 	EQU 	1694
SYSSTRINGTABLES 	EQU 	1703
SYSSTRINGTEMP 	EQU 	91
SYSSTR_0 	EQU 	623
SYSSYSINSTRINGHANDLER 	EQU 	92
SYSSYSINSTRINGHANDLER_H 	EQU 	93
SYSTEMP1 	EQU 	94
SYSTEMP1_E 	EQU 	97
SYSTEMP1_H 	EQU 	95
SYSTEMP1_U 	EQU 	96
SYSTEMP2 	EQU 	98
SYSTEMP2_H 	EQU 	99
SYSTEMP3 	EQU 	100
SYSVALHUNDREDS 	EQU 	1267
SYSVALTEMP 	EQU 	101
SYSVALTEMP_H 	EQU 	102
SYSVALTENS 	EQU 	1304
SYSVALTHOUSANDS 	EQU 	1229
SYSWAITLOOP1 	EQU 	1019
SYSWAITTEMP10US 	EQU 	117
SYSWAITTEMPMS 	EQU 	114
SYSWAITTEMPMS_H 	EQU 	115
SYSWAITTEMPS 	EQU 	116
SYSWAITTEMPUS 	EQU 	117
SYSWAITTEMPUS_H 	EQU 	118
SYSWORDTEMPA 	EQU 	117
SYSWORDTEMPA_H 	EQU 	118
SYSWORDTEMPB 	EQU 	121
SYSWORDTEMPB_H 	EQU 	122
SYSWORDTEMPX 	EQU 	112
SYSWORDTEMPX_H 	EQU 	113
T0CS 	EQU 	5
T0IE 	EQU 	5
T0IF 	EQU 	2
T0SE 	EQU 	4
T0XCS 	EQU 	0
T1CKPS0 	EQU 	4
T1CKPS1 	EQU 	5
T1CON 	EQU 	24
T1GCON 	EQU 	25
T1GGO 	EQU 	3
T1GGO_NOT_DONE 	EQU 	3
T1GPOL 	EQU 	6
T1GSEL 	EQU 	5
T1GSPM 	EQU 	4
T1GSS0 	EQU 	0
T1GSS1 	EQU 	1
T1GTM 	EQU 	5
T1GVAL 	EQU 	2
T1OSCEN 	EQU 	3
T1OSCR 	EQU 	7
T2CKPS0 	EQU 	0
T2CKPS1 	EQU 	1
T2CON 	EQU 	28
T2OUTPS0 	EQU 	3
T2OUTPS1 	EQU 	4
T2OUTPS2 	EQU 	5
T2OUTPS3 	EQU 	6
T4CKPS0 	EQU 	0
T4CKPS1 	EQU 	1
T4CON 	EQU 	1047
T4OUTPS0 	EQU 	3
T4OUTPS1 	EQU 	4
T4OUTPS2 	EQU 	5
T4OUTPS3 	EQU 	6
T6CKPS0 	EQU 	0
T6CKPS1 	EQU 	1
T6CON 	EQU 	1054
T6OUTPS0 	EQU 	3
T6OUTPS1 	EQU 	4
T6OUTPS2 	EQU 	5
T6OUTPS3 	EQU 	6
TMR0 	EQU 	21
TMR0CS 	EQU 	5
TMR0IE 	EQU 	5
TMR0IF 	EQU 	2
TMR0SE 	EQU 	4
TMR1 	EQU 	22
TMR1CS0 	EQU 	6
TMR1CS1 	EQU 	7
TMR1GE 	EQU 	7
TMR1GIE 	EQU 	7
TMR1GIF 	EQU 	7
TMR1H 	EQU 	23
TMR1IE 	EQU 	0
TMR1IF 	EQU 	0
TMR1L 	EQU 	22
TMR1ON 	EQU 	0
TMR2 	EQU 	26
TMR2IE 	EQU 	1
TMR2IF 	EQU 	1
TMR2ON 	EQU 	2
TMR4 	EQU 	1045
TMR4IE 	EQU 	1
TMR4IF 	EQU 	1
TMR4ON 	EQU 	2
TMR6 	EQU 	1052
TMR6IE 	EQU 	3
TMR6IF 	EQU 	3
TMR6ON 	EQU 	2
TOSH 	EQU 	4079
TOSL 	EQU 	4078
TRISA 	EQU 	140
TRISA0 	EQU 	0
TRISA1 	EQU 	1
TRISA2 	EQU 	2
TRISA3 	EQU 	3
TRISA4 	EQU 	4
TRISA5 	EQU 	5
TRISA6 	EQU 	6
TRISA7 	EQU 	7
TRISB 	EQU 	141
TRISB0 	EQU 	0
TRISB1 	EQU 	1
TRISB2 	EQU 	2
TRISB3 	EQU 	3
TRISB4 	EQU 	4
TRISB5 	EQU 	5
TRISB6 	EQU 	6
TRISB7 	EQU 	7
TRISC 	EQU 	142
TRISC0 	EQU 	0
TRISC1 	EQU 	1
TRISC2 	EQU 	2
TRISC3 	EQU 	3
TRISC4 	EQU 	4
TRISC5 	EQU 	5
TRISC6 	EQU 	6
TRISC7 	EQU 	7
TRISD 	EQU 	143
TRISD0 	EQU 	0
TRISD1 	EQU 	1
TRISD2 	EQU 	2
TRISD3 	EQU 	3
TRISD4 	EQU 	4
TRISD5 	EQU 	5
TRISD6 	EQU 	6
TRISD7 	EQU 	7
TRISE 	EQU 	144
TRISE0 	EQU 	0
TRISE1 	EQU 	1
TRISE2 	EQU 	2
TRISE3 	EQU 	3
TRMT 	EQU 	1
TSEN 	EQU 	5
TSRNG 	EQU 	4
TUN0 	EQU 	0
TUN1 	EQU 	1
TUN2 	EQU 	2
TUN3 	EQU 	3
TUN4 	EQU 	4
TUN5 	EQU 	5
TX9 	EQU 	6
TX9D 	EQU 	0
TXEN 	EQU 	5
TXIE 	EQU 	4
TXIF 	EQU 	4
TXREG 	EQU 	410
TXSTA 	EQU 	414
UA 	EQU 	1
VLCD1PE 	EQU 	1
VLCD2PE 	EQU 	2
VLCD3PE 	EQU 	3
W 	EQU 	0
WA 	EQU 	4
WCOL 	EQU 	7
WDTCON 	EQU 	151
WDTPS0 	EQU 	1
WDTPS1 	EQU 	2
WDTPS2 	EQU 	3
WDTPS3 	EQU 	4
WDTPS4 	EQU 	5
WERR 	EQU 	5
WFT 	EQU 	7
WPUB 	EQU 	525
WPUB0 	EQU 	0
WPUB1 	EQU 	1
WPUB2 	EQU 	2
WPUB3 	EQU 	3
WPUB4 	EQU 	4
WPUB5 	EQU 	5
WPUB6 	EQU 	6
WPUB7 	EQU 	7
WPUE 	EQU 	528
WPUE3 	EQU 	3
WR 	EQU 	1
WREG 	EQU 	9
WREG_SHAD 	EQU 	4069
WREN 	EQU 	2
WRERR 	EQU 	3
WUE 	EQU 	1
Z 	EQU 	2
Z_SHAD 	EQU 	2
_BOREN_SBODEN 	EQU 	15359

Code:
Loc	Obj Code	Original Assembly































































































































	K	 11 0001 1KKK KKKK	0
000000	3180	PAGESEL BASPROGRAMSTART
	K	 10 1KKK KKKK KKKK	5
000001	2805	GOTO BASPROGRAMSTART

000004	0009	RETFIE



		BASPROGRAMSTART
	K	 10 0KKK KKKK KKKK	405
000005	2195	CALL INITSYS
	K	 10 0KKK KKKK KKKK	428
000006	21AC	CALL INIT_OCULAR_OM1614_LCD

	K	00 0000 001K KKKK	1
000000	0021	BANKSEL TRISB
	F	 01 00BB BFFF FFFF	141
	B	 01 00BB B000 1101	0
000008	100D	BCF TRISB,0
	F	 01 00BB BFFF FFFF	141
	B	 01 00BB B000 1101	1
000009	108D	BCF TRISB,1
	F	 01 00BB BFFF FFFF	141
	B	 01 00BB B000 1101	2
00000A	110D	BCF TRISB,2
	F	 01 00BB BFFF FFFF	141
	B	 01 00BB B000 1101	3
00000B	118D	BCF TRISB,3
	F	 01 01BB BFFF FFFF	140
	B	 01 01BB B000 1100	0
00000C	140C	BSF TRISA,0
	F	 01 01BB BFFF FFFF	140
	B	 01 01BB B000 1100	4
00000D	160C	BSF TRISA,4
	F	 01 01BB BFFF FFFF	144
	B	 01 01BB B001 0000	3
00000E	1590	BSF TRISE,3
	K	 11 0000 KKKK KKKK	174
00000F	30AE	MOVLW LOW STRINGTABLE1
	K	00 0000 001K KKKK	0
000000	0020	BANKSEL SYSPRINTDATAHANDLER
	F	 00 0000 1FFF FFFF	86
000011	00D6	MOVWF SYSPRINTDATAHANDLER
	K	 11 0000 KKKK KKKK	134
000012	3086	MOVLW (HIGH STRINGTABLE1) | 128
	F	 00 0000 1FFF FFFF	87
000013	00D7	MOVWF SYSPRINTDATAHANDLER_H
	K	 10 0KKK KKKK KKKK	735
000014	22DF	CALL PRINT119
	K	 11 0000 KKKK KKKK	2
000015	3002	MOVLW 2
	F	 00 0000 1FFF FFFF	116
000016	00F4	MOVWF SYSWAITTEMPS
	K	 10 0KKK KKKK KKKK	361
000017	2169	CALL DELAY_S
	K	 10 0KKK KKKK KKKK	321
000018	2141	CALL CLS
	K	 11 0000 KKKK KKKK	211
000019	30D3	MOVLW LOW STRINGTABLE153
	F	 00 0000 1FFF FFFF	86
00001A	00D6	MOVWF SYSPRINTDATAHANDLER
	K	 11 0000 KKKK KKKK	134
00001B	3086	MOVLW (HIGH STRINGTABLE153) | 128
	F	 00 0000 1FFF FFFF	87
00001C	00D7	MOVWF SYSPRINTDATAHANDLER_H
	K	 10 0KKK KKKK KKKK	735
00001D	22DF	CALL PRINT119
	K	 11 0000 KKKK KKKK	1
00001E	3001	MOVLW 1
	F	 00 0000 1FFF FFFF	37
00001F	00A5	MOVWF LCDLINE
	F	 00 0001 1FFF FFFF	36
000020	01A4	CLRF LCDCOLUMN
	K	 10 0KKK KKKK KKKK	709
000021	22C5	CALL LOCATE
	K	 11 0000 KKKK KKKK	32
000022	3020	MOVLW 32
	F	 00 0000 1FFF FFFF	39
000023	00A7	MOVWF LCDVALUE
	K	 10 0KKK KKKK KKKK	767
000024	22FF	CALL PRINT120
	K	 11 0000 KKKK KKKK	187
000025	30BB	MOVLW LOW STRINGTABLE2
	F	 00 0000 1FFF FFFF	86
000026	00D6	MOVWF SYSPRINTDATAHANDLER
	K	 11 0000 KKKK KKKK	134
000027	3086	MOVLW (HIGH STRINGTABLE2) | 128
	F	 00 0000 1FFF FFFF	87
000028	00D7	MOVWF SYSPRINTDATAHANDLER_H
	K	 10 0KKK KKKK KKKK	735
000029	22DF	CALL PRINT119
	K	 11 0000 KKKK KKKK	1
00002A	3001	MOVLW 1
	F	 00 0000 1FFF FFFF	116
00002B	00F4	MOVWF SYSWAITTEMPS
	K	 10 0KKK KKKK KKKK	361
00002C	2169	CALL DELAY_S
	K	 10 0KKK KKKK KKKK	321
00002D	2141	CALL CLS
	F	 01 01BB BFFF FFFF	70
	B	 01 01BB B100 0110	0
00002E	1446	BSF SYSBITVAR0,0
	K	 11 0000 KKKK KKKK	1
00002F	3001	MOVLW 1
	F	 00 0000 1FFF FFFF	42
000030	00AA	MOVWF LEDPORTSTATE
		SYSDOLOOP_S1
	F	 00 0001 1FFF FFFF	37
000031	01A5	CLRF LCDLINE
	F	 00 0001 1FFF FFFF	36
000032	01A4	CLRF LCDCOLUMN
	K	 10 0KKK KKKK KKKK	709
000033	22C5	CALL LOCATE
	F	 00 0001 1FFF FFFF	32
000034	01A0	CLRF ADREADPORT
	K	 10 0KKK KKKK KKKK	822
000035	2336	CALL FN_READAD6
	F	 00 1000 DFFF FFFF	64
	D	 00 1000 D100 0000	0
000036	0840	MOVF SYSREADADBYTE,W
	F	 00 0000 1FFF FFFF	61
000037	00BD	MOVWF MYDELAY
	F	 00 0001 1FFF FFFF	62
000038	01BE	CLRF MYDELAY_H
	F	 00 1000 DFFF FFFF	61
	D	 00 1000 D011 1101	0
000039	083D	MOVF MYDELAY,W
	F	 00 0000 1FFF FFFF	49
00003A	00B1	MOVWF L_MAP
	F	 00 1000 DFFF FFFF	62
	D	 00 1000 D011 1110	0
00003B	083E	MOVF MYDELAY_H,W
	F	 00 0000 1FFF FFFF	50
00003C	00B2	MOVWF L_MAP_H
	F	 00 0001 1FFF FFFF	47
00003D	01AF	CLRF L_FROMLOW
	F	 00 0001 1FFF FFFF	48
00003E	01B0	CLRF L_FROMLOW_H
	K	 11 0000 KKKK KKKK	255
00003F	30FF	MOVLW 255
	F	 00 0000 1FFF FFFF	45
000040	00AD	MOVWF L_FROMHIGH
	F	 00 0001 1FFF FFFF	46
000041	01AE	CLRF L_FROMHIGH_H
	K	 11 0000 KKKK KKKK	50
000042	3032	MOVLW 50
	F	 00 0000 1FFF FFFF	59
000043	00BB	MOVWF L_TOLOW
	F	 00 0001 1FFF FFFF	60
000044	01BC	CLRF L_TOLOW_H
	K	 11 0000 KKKK KKKK	232
000045	30E8	MOVLW 232
	F	 00 0000 1FFF FFFF	57
000046	00B9	MOVWF L_TOHIGH
	K	 11 0000 KKKK KKKK	3
000047	3003	MOVLW 3
	F	 00 0000 1FFF FFFF	58
000048	00BA	MOVWF L_TOHIGH_H
	F	 00 0001 1FFF FFFF	43
000049	01AB	CLRF L_CALIBRATE
	F	 00 0001 1FFF FFFF	44
00004A	01AC	CLRF L_CALIBRATE_H
	K	 10 0KKK KKKK KKKK	1102
00004B	244E	CALL FN_SCALE79
	F	 00 1000 DFFF FFFF	65
	D	 00 1000 D100 0001	0
00004C	0841	MOVF SYSSCALEWORD,W
	F	 00 0000 1FFF FFFF	61
00004D	00BD	MOVWF MYDELAY
	F	 00 1000 DFFF FFFF	66
	D	 00 1000 D100 0010	0
00004E	0842	MOVF SYSSCALEWORD_H,W
	F	 00 0000 1FFF FFFF	62
00004F	00BE	MOVWF MYDELAY_H
	K	 11 0000 KKKK KKKK	15
000050	300F	MOVLW 15
	F	 00 0101 DFFF FFFF	42
	D	 00 0101 D010 1010	0
000051	052A	ANDWF LEDPORTSTATE,W
	K	00 0000 001K KKKK	2
000000	0022	BANKSEL LATB
	F	 00 0000 1FFF FFFF	269
000053	008D	MOVWF LATB
	K	00 0000 001K KKKK	0
000000	0020	BANKSEL LCDLINE
	F	 00 0001 1FFF FFFF	37
000055	01A5	CLRF LCDLINE
	K	 11 0000 KKKK KKKK	5
000056	3005	MOVLW 5
	F	 00 0000 1FFF FFFF	36
000057	00A4	MOVWF LCDCOLUMN
	K	 10 0KKK KKKK KKKK	709
000058	22C5	CALL LOCATE
	F	 00 1000 DFFF FFFF	42
	D	 00 1000 D010 1010	0
000059	082A	MOVF LEDPORTSTATE,W
	F	 00 0000 1FFF FFFF	33
00005A	00A1	MOVWF BYTENUM
	K	 10 0KKK KKKK KKKK	201
00005B	20C9	CALL FN_BYTETOBIN
	K	 11 0000 KKKK KKKK	149
00005C	3095	MOVLW LOW BYTETOBIN
	F	 00 0000 1FFF FFFF	92
00005D	00DC	MOVWF SYSSYSINSTRINGHANDLER
	K	 11 0000 KKKK KKKK	33
00005E	3021	MOVLW HIGH BYTETOBIN
	F	 00 0000 1FFF FFFF	93
00005F	00DD	MOVWF SYSSYSINSTRINGHANDLER_H
	K	 11 0000 KKKK KKKK	4
000060	3004	MOVLW 4
	F	 00 0000 1FFF FFFF	71
000061	00C7	MOVWF SYSCHARCOUNT
	K	 10 0KKK KKKK KKKK	1035
000062	240B	CALL FN_RIGHT
	K	 11 0000 KKKK KKKK	158
000063	309E	MOVLW LOW RIGHT
	F	 00 0000 1FFF FFFF	86
000064	00D6	MOVWF SYSPRINTDATAHANDLER
	K	 11 0000 KKKK KKKK	33
000065	3021	MOVLW HIGH RIGHT
	F	 00 0000 1FFF FFFF	87
000066	00D7	MOVWF SYSPRINTDATAHANDLER_H
	K	 10 0KKK KKKK KKKK	735
000067	22DF	CALL PRINT119
	K	 11 0000 KKKK KKKK	191
000068	30BF	MOVLW LOW STRINGTABLE3
	F	 00 0000 1FFF FFFF	86
000069	00D6	MOVWF SYSPRINTDATAHANDLER
	K	 11 0000 KKKK KKKK	134
00006A	3086	MOVLW (HIGH STRINGTABLE3) | 128
	F	 00 0000 1FFF FFFF	87
00006B	00D7	MOVWF SYSPRINTDATAHANDLER_H
	K	 10 0KKK KKKK KKKK	735
00006C	22DF	CALL PRINT119
	F	 00 1000 DFFF FFFF	61
	D	 00 1000 D011 1101	0
00006D	083D	MOVF MYDELAY,W
	F	 00 0000 1FFF FFFF	101
00006E	00E5	MOVWF SYSVALTEMP
	F	 00 1000 DFFF FFFF	62
	D	 00 1000 D011 1110	0
00006F	083E	MOVF MYDELAY_H,W
	F	 00 0000 1FFF FFFF	102
000070	00E6	MOVWF SYSVALTEMP_H
	K	 10 0KKK KKKK KKKK	1177
000071	2499	CALL FN_STR
	K	 11 0000 KKKK KKKK	160
000072	30A0	MOVLW LOW SYSSTRINGPARAM1
	F	 00 0000 1FFF FFFF	6
000073	0086	MOVWF FSR1L
	K	 11 0000 KKKK KKKK	0
000074	3000	MOVLW HIGH SYSSTRINGPARAM1
	F	 00 0000 1FFF FFFF	7
000075	0087	MOVWF FSR1H
	F	 00 0001 1FFF FFFF	118
000076	01F6	CLRF SYSSTRINGLENGTH
	K	 11 0000 KKKK KKKK	143
000077	308F	MOVLW LOW STR
	F	 00 0000 1FFF FFFF	4
000078	0084	MOVWF FSR0L
	K	 11 0000 KKKK KKKK	33
000079	3021	MOVLW HIGH STR
	F	 00 0000 1FFF FFFF	5
00007A	0085	MOVWF FSR0H
	K	 10 0KKK KKKK KKKK	1436
00007B	259C	CALL SYSCOPYSTRINGPART
	K	 11 0000 KKKK KKKK	193
00007C	30C1	MOVLW LOW STRINGTABLE4
	F	 00 0000 1FFF FFFF	119
00007D	00F7	MOVWF SYSSTRINGA
	K	 11 0000 KKKK KKKK	6
00007E	3006	MOVLW (HIGH STRINGTABLE4) & 127
	F	 00 0000 1FFF FFFF	120
00007F	00F8	MOVWF SYSSTRINGA_H
	K	 10 0KKK KKKK KKKK	1691
000080	269B	CALL SYSREADSTRINGPART
	K	 11 0000 KKKK KKKK	160
000081	30A0	MOVLW LOW SYSSTRINGPARAM1
	F	 00 0000 1FFF FFFF	4
000082	0084	MOVWF FSR0L
	K	 11 0000 KKKK KKKK	0
000083	3000	MOVLW HIGH SYSSTRINGPARAM1
	F	 00 0000 1FFF FFFF	5
000084	0085	MOVWF FSR0H
	F	 00 1000 DFFF FFFF	118
	D	 00 1000 D111 0110	0
000085	0876	MOVF SYSSTRINGLENGTH,W
	F	 00 0000 1FFF FFFF	0
000086	0080	MOVWF INDF0
	K	 11 0000 KKKK KKKK	160
000087	30A0	MOVLW LOW SYSSTRINGPARAM1
	F	 00 0000 1FFF FFFF	92
000088	00DC	MOVWF SYSSYSINSTRINGHANDLER
	K	 11 0000 KKKK KKKK	0
000089	3000	MOVLW HIGH SYSSTRINGPARAM1
	F	 00 0000 1FFF FFFF	93
00008A	00DD	MOVWF SYSSYSINSTRINGHANDLER_H
	K	 11 0000 KKKK KKKK	4
00008B	3004	MOVLW 4
	F	 00 0000 1FFF FFFF	71
00008C	00C7	MOVWF SYSCHARCOUNT
	K	 10 0KKK KKKK KKKK	651
00008D	228B	CALL FN_LEFT
	K	 11 0000 KKKK KKKK	160
00008E	30A0	MOVLW LOW SYSSTRINGPARAM1
	F	 00 0000 1FFF FFFF	6
00008F	0086	MOVWF FSR1L
	K	 11 0000 KKKK KKKK	0
000090	3000	MOVLW HIGH SYSSTRINGPARAM1
	F	 00 0000 1FFF FFFF	7
000091	0087	MOVWF FSR1H
	K	 11 0000 KKKK KKKK	199
000092	30C7	MOVLW LOW LEFT
	F	 00 0000 1FFF FFFF	4
000093	0084	MOVWF FSR0L
	K	 11 0000 KKKK KKKK	33
000094	3021	MOVLW HIGH LEFT
	F	 00 0000 1FFF FFFF	5
000095	0085	MOVWF FSR0H
	K	 10 0KKK KKKK KKKK	1432
000096	2598	CALL SYSCOPYSTRING
	K	 11 0000 KKKK KKKK	160
000097	30A0	MOVLW LOW SYSSTRINGPARAM1
	F	 00 0000 1FFF FFFF	86
000098	00D6	MOVWF SYSPRINTDATAHANDLER
	K	 11 0000 KKKK KKKK	0
000099	3000	MOVLW HIGH SYSSTRINGPARAM1
	F	 00 0000 1FFF FFFF	87
00009A	00D7	MOVWF SYSPRINTDATAHANDLER_H
	K	 10 0KKK KKKK KKKK	735
00009B	22DF	CALL PRINT119
	F	 00 0001 1FFF FFFF	37
00009C	01A5	CLRF LCDLINE
	F	 00 0001 1FFF FFFF	36
00009D	01A4	CLRF LCDCOLUMN
	K	 10 0KKK KKKK KKKK	709
00009E	22C5	CALL LOCATE
	F	 00 1000 DFFF FFFF	61
	D	 00 1000 D011 1101	0
00009F	083D	MOVF MYDELAY,W
	F	 00 0000 1FFF FFFF	114
0000A0	00F2	MOVWF SYSWAITTEMPMS
	F	 00 1000 DFFF FFFF	62
	D	 00 1000 D011 1110	0
0000A1	083E	MOVF MYDELAY_H,W
	F	 00 0000 1FFF FFFF	115
0000A2	00F3	MOVWF SYSWAITTEMPMS_H
	K	 10 0KKK KKKK KKKK	347
0000A3	215B	CALL DELAY_MS
	K	 10 0KKK KKKK KKKK	369
0000A4	2171	CALL FN_FUNCKEYPRESSED
	F	 01 11BB BFFF FFFF	70
	B	 01 11BB B100 0110	1
0000A5	1CC6	BTFSS SYSBITVAR0,1
	K	 10 1KKK KKKK KKKK	174
0000A6	28AE	GOTO ENDIF1
	F	 00 0001 1FFF FFFF	94
0000A7	01DE	CLRF SYSTEMP1
	F	 01 10BB BFFF FFFF	70
	B	 01 10BB B100 0110	0
0000A8	1846	BTFSC SYSBITVAR0,0
	F	 00 1010 DFFF FFFF	94
	D	 00 1010 D101 1110	1
0000A9	0ADE	INCF SYSTEMP1,F
	F	 00 1001 DFFF FFFF	94
	D	 00 1001 D101 1110	1
0000AA	09DE	COMF SYSTEMP1,F
	F	 01 00BB BFFF FFFF	70
	B	 01 00BB B100 0110	0
0000AB	1046	BCF SYSBITVAR0,0
	F	 01 10BB BFFF FFFF	94
	B	 01 10BB B101 1110	0
0000AC	185E	BTFSC SYSTEMP1,0
	F	 01 01BB BFFF FFFF	70
	B	 01 01BB B100 0110	0
0000AD	1446	BSF SYSBITVAR0,0
		ENDIF1
	F	 01 11BB BFFF FFFF	70
	B	 01 11BB B100 0110	0
0000AE	1C46	BTFSS SYSBITVAR0,0
	K	 10 1KKK KKKK KKKK	189
0000AF	28BD	GOTO ELSE2_1
	K	 11 0000 KKKK KKKK	198
0000B0	30C6	MOVLW LOW STRINGTABLE5
	F	 00 0000 1FFF FFFF	86
0000B1	00D6	MOVWF SYSPRINTDATAHANDLER
	K	 11 0000 KKKK KKKK	134
0000B2	3086	MOVLW (HIGH STRINGTABLE5) | 128
	F	 00 0000 1FFF FFFF	87
0000B3	00D7	MOVWF SYSPRINTDATAHANDLER_H
	K	 10 0KKK KKKK KKKK	735
0000B4	22DF	CALL PRINT119
	F	 01 11BB BFFF FFFF	42
	B	 01 11BB B010 1010	3
0000B5	1DAA	BTFSS LEDPORTSTATE,3
	K	 10 1KKK KKKK KKKK	186
0000B6	28BA	GOTO ELSE3_1
	F	 00 0001 1FFF FFFF	42
0000B7	01AA	CLRF LEDPORTSTATE
	F	 01 01BB BFFF FFFF	3
	B	 01 01BB B000 0011	0
0000B8	1403	BSF STATUS,C
	K	 10 1KKK KKKK KKKK	187
0000B9	28BB	GOTO ENDIF3
		ELSE3_1
	F	 01 00BB BFFF FFFF	3
	B	 01 00BB B000 0011	0
0000BA	1003	BCF STATUS,C
		ENDIF3
	F	 00 1101 DFFF FFFF	42
	D	 00 1101 D010 1010	1
0000BB	0DAA	RLF LEDPORTSTATE,F
	K	 10 1KKK KKKK KKKK	198
0000BC	28C6	GOTO ENDIF2
		ELSE2_1
	K	 11 0000 KKKK KKKK	202
0000BD	30CA	MOVLW LOW STRINGTABLE6
	F	 00 0000 1FFF FFFF	86
0000BE	00D6	MOVWF SYSPRINTDATAHANDLER
	K	 11 0000 KKKK KKKK	134
0000BF	3086	MOVLW (HIGH STRINGTABLE6) | 128
	F	 00 0000 1FFF FFFF	87
0000C0	00D7	MOVWF SYSPRINTDATAHANDLER_H
	K	 10 0KKK KKKK KKKK	735
0000C1	22DF	CALL PRINT119
	F	 01 00BB BFFF FFFF	3
	B	 01 00BB B000 0011	0
0000C2	1003	BCF STATUS,C
	F	 00 1100 DFFF FFFF	42
	D	 00 1100 D010 1010	1
0000C3	0CAA	RRF LEDPORTSTATE,F
	F	 01 10BB BFFF FFFF	3
	B	 01 10BB B000 0011	0
0000C4	1803	BTFSC STATUS,C
	F	 01 01BB BFFF FFFF	42
	B	 01 01BB B010 1010	3
0000C5	15AA	BSF LEDPORTSTATE,3
		ENDIF2
	K	 10 1KKK KKKK KKKK	49
0000C6	2831	GOTO SYSDOLOOP_S1
		SYSDOLOOP_E1
		BASPROGRAMEND
0000C7	0063	SLEEP
	K	 10 1KKK KKKK KKKK	199
0000C8	28C7	GOTO BASPROGRAMEND


		FN_BYTETOBIN
	K	 11 0000 KKKK KKKK	149
0000C9	3095	MOVLW LOW BYTETOBIN
	F	 00 0000 1FFF FFFF	6
0000CA	0086	MOVWF FSR1L
	K	 11 0000 KKKK KKKK	33
0000CB	3021	MOVLW HIGH BYTETOBIN
	F	 00 0000 1FFF FFFF	7
0000CC	0087	MOVWF FSR1H
	K	 11 0000 KKKK KKKK	206
0000CD	30CE	MOVLW LOW STRINGTABLE63
	F	 00 0000 1FFF FFFF	119
0000CE	00F7	MOVWF SYSSTRINGA
	K	 11 0000 KKKK KKKK	6
0000CF	3006	MOVLW (HIGH STRINGTABLE63) & 127
	F	 00 0000 1FFF FFFF	120
0000D0	00F8	MOVWF SYSSTRINGA_H
	K	 10 0KKK KKKK KKKK	1687
0000D1	2697	CALL SYSREADSTRING
	K	 11 0000 KKKK KKKK	8
0000D2	3008	MOVLW 8
	F	 00 0000 1FFF FFFF	89
0000D3	00D9	MOVWF SYSREPEATTEMP1
		SYSREPEATLOOP1
	F	 01 11BB BFFF FFFF	33
	B	 01 11BB B010 0001	7
0000D4	1FA1	BTFSS BYTENUM,7
	K	 10 1KKK KKKK KKKK	236
0000D5	28EC	GOTO ELSE54_1
	K	 11 0000 KKKK KKKK	149
0000D6	3095	MOVLW LOW BYTETOBIN
	F	 00 0000 1FFF FFFF	6
0000D7	0086	MOVWF FSR1L
	K	 11 0000 KKKK KKKK	33
0000D8	3021	MOVLW HIGH BYTETOBIN
	F	 00 0000 1FFF FFFF	7
0000D9	0087	MOVWF FSR1H
	F	 00 0001 1FFF FFFF	118
0000DA	01F6	CLRF SYSSTRINGLENGTH
	K	 11 0000 KKKK KKKK	149
0000DB	3095	MOVLW LOW BYTETOBIN
	F	 00 0000 1FFF FFFF	4
0000DC	0084	MOVWF FSR0L
	K	 11 0000 KKKK KKKK	33
0000DD	3021	MOVLW HIGH BYTETOBIN
	F	 00 0000 1FFF FFFF	5
0000DE	0085	MOVWF FSR0H
	K	 10 0KKK KKKK KKKK	1436
0000DF	259C	CALL SYSCOPYSTRINGPART
	K	 11 0000 KKKK KKKK	207
0000E0	30CF	MOVLW LOW STRINGTABLE67
	F	 00 0000 1FFF FFFF	119
0000E1	00F7	MOVWF SYSSTRINGA
	K	 11 0000 KKKK KKKK	6
0000E2	3006	MOVLW (HIGH STRINGTABLE67) & 127
	F	 00 0000 1FFF FFFF	120
0000E3	00F8	MOVWF SYSSTRINGA_H
	K	 10 0KKK KKKK KKKK	1691
0000E4	269B	CALL SYSREADSTRINGPART
	K	 11 0000 KKKK KKKK	149
0000E5	3095	MOVLW LOW BYTETOBIN
	F	 00 0000 1FFF FFFF	4
0000E6	0084	MOVWF FSR0L
	K	 11 0000 KKKK KKKK	33
0000E7	3021	MOVLW HIGH BYTETOBIN
	F	 00 0000 1FFF FFFF	5
0000E8	0085	MOVWF FSR0H
	F	 00 1000 DFFF FFFF	118
	D	 00 1000 D111 0110	0
0000E9	0876	MOVF SYSSTRINGLENGTH,W
	F	 00 0000 1FFF FFFF	0
0000EA	0080	MOVWF INDF0
	K	 10 1KKK KKKK KKKK	257
0000EB	2901	GOTO ENDIF54
		ELSE54_1
	K	 11 0000 KKKK KKKK	149
0000EC	3095	MOVLW LOW BYTETOBIN
	F	 00 0000 1FFF FFFF	6
0000ED	0086	MOVWF FSR1L
	K	 11 0000 KKKK KKKK	33
0000EE	3021	MOVLW HIGH BYTETOBIN
	F	 00 0000 1FFF FFFF	7
0000EF	0087	MOVWF FSR1H
	F	 00 0001 1FFF FFFF	118
0000F0	01F6	CLRF SYSSTRINGLENGTH
	K	 11 0000 KKKK KKKK	149
0000F1	3095	MOVLW LOW BYTETOBIN
	F	 00 0000 1FFF FFFF	4
0000F2	0084	MOVWF FSR0L
	K	 11 0000 KKKK KKKK	33
0000F3	3021	MOVLW HIGH BYTETOBIN
	F	 00 0000 1FFF FFFF	5
0000F4	0085	MOVWF FSR0H
	K	 10 0KKK KKKK KKKK	1436
0000F5	259C	CALL SYSCOPYSTRINGPART
	K	 11 0000 KKKK KKKK	209
0000F6	30D1	MOVLW LOW STRINGTABLE68
	F	 00 0000 1FFF FFFF	119
0000F7	00F7	MOVWF SYSSTRINGA
	K	 11 0000 KKKK KKKK	6
0000F8	3006	MOVLW (HIGH STRINGTABLE68) & 127
	F	 00 0000 1FFF FFFF	120
0000F9	00F8	MOVWF SYSSTRINGA_H
	K	 10 0KKK KKKK KKKK	1691
0000FA	269B	CALL SYSREADSTRINGPART
	K	 11 0000 KKKK KKKK	149
0000FB	3095	MOVLW LOW BYTETOBIN
	F	 00 0000 1FFF FFFF	4
0000FC	0084	MOVWF FSR0L
	K	 11 0000 KKKK KKKK	33
0000FD	3021	MOVLW HIGH BYTETOBIN
	F	 00 0000 1FFF FFFF	5
0000FE	0085	MOVWF FSR0H
	F	 00 1000 DFFF FFFF	118
	D	 00 1000 D111 0110	0
0000FF	0876	MOVF SYSSTRINGLENGTH,W
	F	 00 0000 1FFF FFFF	0
000100	0080	MOVWF INDF0
		ENDIF54
	F	 00 1101 DFFF FFFF	33
	D	 00 1101 D010 0001	1
000101	0DA1	RLF BYTENUM,F
	F	 00 1011 DFFF FFFF	89
	D	 00 1011 D101 1001	1
000102	0BD9	DECFSZ SYSREPEATTEMP1,F
	K	 10 1KKK KKKK KKKK	212
000103	28D4	GOTO SYSREPEATLOOP1
		SYSREPEATLOOPEND1
000104	0008	RETURN


		CHECKBUSYFLAG
	F	 01 00BB BFFF FFFF	73
	B	 01 00BB B100 1001	2
000105	1149	BCF SYSLCDTEMP,2
	F	 01 10BB BFFF FFFF	15
	B	 01 10BB B000 1111	4
000106	1A0F	BTFSC PORTD,4
	F	 01 01BB BFFF FFFF	73
	B	 01 01BB B100 1001	2
000107	1549	BSF SYSLCDTEMP,2
	K	00 0000 001K KKKK	1
000000	0021	BANKSEL TRISD
	F	 01 01BB BFFF FFFF	143
	B	 01 01BB B000 1111	3
000109	158F	BSF TRISD,3
	K	00 0000 001K KKKK	2
000000	0022	BANKSEL LATD
	F	 01 00BB BFFF FFFF	271
	B	 01 00BB B000 1111	4
00010B	120F	BCF LATD,4
	F	 01 01BB BFFF FFFF	271
	B	 01 01BB B000 1111	5
00010C	168F	BSF LATD,5
	K	00 0000 001K KKKK	0
000000	0020	BANKSEL LCDTEMPRWCOUNT
	F	 00 0001 1FFF FFFF	38
00010E	01A6	CLRF LCDTEMPRWCOUNT
		SYSDOLOOP_S2
	K	 11 0000 KKKK KKKK	2
00010F	3002	MOVLW 2
	F	 00 0000 1FFF FFFF	112
000110	00F0	MOVWF DELAYTEMP
		DELAYUS11
	F	 00 1011 DFFF FFFF	112
	D	 00 1011 D111 0000	1
000111	0BF0	DECFSZ DELAYTEMP,F
	K	 10 1KKK KKKK KKKK	273
000112	2911	GOTO DELAYUS11
000113	0000	NOP
	K	00 0000 001K KKKK	2
000000	0022	BANKSEL LATD
	F	 01 01BB BFFF FFFF	271
	B	 01 01BB B000 1111	6
000115	170F	BSF LATD,6
	K	 11 0000 KKKK KKKK	2
000116	3002	MOVLW 2
	F	 00 0000 1FFF FFFF	112
000117	00F0	MOVWF DELAYTEMP
		DELAYUS12
	F	 00 1011 DFFF FFFF	112
	D	 00 1011 D111 0000	1
000118	0BF0	DECFSZ DELAYTEMP,F
	K	 10 1KKK KKKK KKKK	280
000119	2918	GOTO DELAYUS12
00011A	0000	NOP
	K	00 0000 001K KKKK	0
000000	0020	BANKSEL SYSLCDTEMP
	F	 01 00BB BFFF FFFF	73
	B	 01 00BB B100 1001	7
00011C	13C9	BCF SYSLCDTEMP,7
	F	 01 10BB BFFF FFFF	15
	B	 01 10BB B000 1111	3
00011D	198F	BTFSC PORTD,3
	F	 01 01BB BFFF FFFF	73
	B	 01 01BB B100 1001	7
00011E	17C9	BSF SYSLCDTEMP,7
	K	00 0000 001K KKKK	2
000000	0022	BANKSEL LATD
	F	 01 00BB BFFF FFFF	271
	B	 01 00BB B000 1111	6
000120	130F	BCF LATD,6
	K	 11 0000 KKKK KKKK	2
000121	3002	MOVLW 2
	F	 00 0000 1FFF FFFF	112
000122	00F0	MOVWF DELAYTEMP
		DELAYUS13
	F	 00 1011 DFFF FFFF	112
	D	 00 1011 D111 0000	1
000123	0BF0	DECFSZ DELAYTEMP,F
	K	 10 1KKK KKKK KKKK	291
000124	2923	GOTO DELAYUS13
000125	0000	NOP
	F	 01 01BB BFFF FFFF	271
	B	 01 01BB B000 1111	6
000126	170F	BSF LATD,6
	K	 11 0000 KKKK KKKK	2
000127	3002	MOVLW 2
	F	 00 0000 1FFF FFFF	112
000128	00F0	MOVWF DELAYTEMP
		DELAYUS14
	F	 00 1011 DFFF FFFF	112
	D	 00 1011 D111 0000	1
000129	0BF0	DECFSZ DELAYTEMP,F
	K	 10 1KKK KKKK KKKK	297
00012A	2929	GOTO DELAYUS14
	F	 01 00BB BFFF FFFF	271
	B	 01 00BB B000 1111	6
00012B	130F	BCF LATD,6
	K	 11 0000 KKKK KKKK	2
00012C	3002	MOVLW 2
	F	 00 0000 1FFF FFFF	112
00012D	00F0	MOVWF DELAYTEMP
		DELAYUS15
	F	 00 1011 DFFF FFFF	112
	D	 00 1011 D111 0000	1
00012E	0BF0	DECFSZ DELAYTEMP,F
	K	 10 1KKK KKKK KKKK	302
00012F	292E	GOTO DELAYUS15
000130	0000	NOP
	K	00 0000 001K KKKK	0
000000	0020	BANKSEL LCDTEMPRWCOUNT
	F	 00 1010 DFFF FFFF	38
	D	 00 1010 D010 0110	0
000132	0A26	INCF LCDTEMPRWCOUNT,W
	F	 01 10BB BFFF FFFF	3
	B	 01 10BB B000 0011	2
000133	1903	BTFSC STATUS, Z
	F	 01 00BB BFFF FFFF	73
	B	 01 00BB B100 1001	7
000134	13C9	BCF SYSLCDTEMP,7
	F	 00 1010 DFFF FFFF	38
	D	 00 1010 D010 0110	1
000135	0AA6	INCF LCDTEMPRWCOUNT,F
	F	 01 10BB BFFF FFFF	73
	B	 01 10BB B100 1001	7
000136	1BC9	BTFSC SYSLCDTEMP,7
	K	 10 1KKK KKKK KKKK	271
000137	290F	GOTO SYSDOLOOP_S2
		SYSDOLOOP_E2
	K	00 0000 001K KKKK	2
000000	0022	BANKSEL LATD
	F	 01 00BB BFFF FFFF	271
	B	 01 00BB B000 1111	4
000139	120F	BCF LATD,4
	K	00 0000 001K KKKK	0
000000	0020	BANKSEL SYSLCDTEMP
	F	 01 11BB BFFF FFFF	73
	B	 01 11BB B100 1001	2
00013B	1D49	BTFSS SYSLCDTEMP,2
	K	 10 1KKK KKKK KKKK	319
00013C	293F	GOTO ENDIF58
	K	00 0000 001K KKKK	2
000000	0022	BANKSEL LATD
	F	 01 01BB BFFF FFFF	271
	B	 01 01BB B000 1111	4
00013E	160F	BSF LATD,4
		ENDIF58
	K	00 0000 001K KKKK	0
000000	0020	BANKSEL STATUS
000140	0008	RETURN


		CLS
	K	00 0000 001K KKKK	2
000000	0022	BANKSEL LATD
	F	 01 00BB BFFF FFFF	271
	B	 01 00BB B000 1111	4
000142	120F	BCF LATD,4
	K	 11 0000 KKKK KKKK	1
000143	3001	MOVLW 1
	K	00 0000 001K KKKK	0
000000	0020	BANKSEL LCDBYTE
	F	 00 0000 1FFF FFFF	35
000145	00A3	MOVWF LCDBYTE
	K	 10 0KKK KKKK KKKK	491
000146	21EB	CALL LCDNORMALWRITEBYTE
	K	 11 0000 KKKK KKKK	4
000147	3004	MOVLW 4
	F	 00 0000 1FFF FFFF	114
000148	00F2	MOVWF SYSWAITTEMPMS
	F	 00 0001 1FFF FFFF	115
000149	01F3	CLRF SYSWAITTEMPMS_H
	K	 10 0KKK KKKK KKKK	347
00014A	215B	CALL DELAY_MS
	K	 11 0000 KKKK KKKK	128
00014B	3080	MOVLW 128
	F	 00 0000 1FFF FFFF	35
00014C	00A3	MOVWF LCDBYTE
	K	 10 0KKK KKKK KKKK	491
00014D	21EB	CALL LCDNORMALWRITEBYTE
	K	 11 0000 KKKK KKKK	133
00014E	3085	MOVLW 133
	F	 00 0000 1FFF FFFF	112
00014F	00F0	MOVWF DELAYTEMP
		DELAYUS1
	F	 00 1011 DFFF FFFF	112
	D	 00 1011 D111 0000	1
000150	0BF0	DECFSZ DELAYTEMP,F
	K	 10 1KKK KKKK KKKK	336
000151	2950	GOTO DELAYUS1
000152	0008	RETURN


		DELAY_10US
		D10US_START
	K	 11 0000 KKKK KKKK	25
000153	3019	MOVLW 25
	F	 00 0000 1FFF FFFF	112
000154	00F0	MOVWF DELAYTEMP
		DELAYUS0
	F	 00 1011 DFFF FFFF	112
	D	 00 1011 D111 0000	1
000155	0BF0	DECFSZ DELAYTEMP,F
	K	 10 1KKK KKKK KKKK	341
000156	2955	GOTO DELAYUS0
000157	0000	NOP
	F	 00 1011 DFFF FFFF	117
	D	 00 1011 D111 0101	1
000158	0BF5	DECFSZ SYSWAITTEMP10US, F
	K	 10 1KKK KKKK KKKK	339
000159	2953	GOTO D10US_START
00015A	0008	RETURN


		DELAY_MS
	F	 00 1010 DFFF FFFF	115
	D	 00 1010 D111 0011	1
00015B	0AF3	INCF SYSWAITTEMPMS_H, F
		DMS_START
	K	 11 0000 KKKK KKKK	14
00015C	300E	MOVLW 14
	F	 00 0000 1FFF FFFF	113
00015D	00F1	MOVWF DELAYTEMP2
		DMS_OUTER
	K	 11 0000 KKKK KKKK	189
00015E	30BD	MOVLW 189
	F	 00 0000 1FFF FFFF	112
00015F	00F0	MOVWF DELAYTEMP
		DMS_INNER
	F	 00 1011 DFFF FFFF	112
	D	 00 1011 D111 0000	1
000160	0BF0	DECFSZ DELAYTEMP, F
	K	 10 1KKK KKKK KKKK	352
000161	2960	GOTO DMS_INNER
	F	 00 1011 DFFF FFFF	113
	D	 00 1011 D111 0001	1
000162	0BF1	DECFSZ DELAYTEMP2, F
	K	 10 1KKK KKKK KKKK	350
000163	295E	GOTO DMS_OUTER
	F	 00 1011 DFFF FFFF	114
	D	 00 1011 D111 0010	1
000164	0BF2	DECFSZ SYSWAITTEMPMS, F
	K	 10 1KKK KKKK KKKK	348
000165	295C	GOTO DMS_START
	F	 00 1011 DFFF FFFF	115
	D	 00 1011 D111 0011	1
000166	0BF3	DECFSZ SYSWAITTEMPMS_H, F
	K	 10 1KKK KKKK KKKK	348
000167	295C	GOTO DMS_START
000168	0008	RETURN


		DELAY_S
		DS_START
	K	 11 0000 KKKK KKKK	232
000169	30E8	MOVLW 232
	F	 00 0000 1FFF FFFF	114
00016A	00F2	MOVWF SYSWAITTEMPMS
	K	 11 0000 KKKK KKKK	3
00016B	3003	MOVLW 3
	F	 00 0000 1FFF FFFF	115
00016C	00F3	MOVWF SYSWAITTEMPMS_H
	K	 10 0KKK KKKK KKKK	347
00016D	215B	CALL DELAY_MS
	F	 00 1011 DFFF FFFF	116
	D	 00 1011 D111 0100	1
00016E	0BF4	DECFSZ SYSWAITTEMPS, F
	K	 10 1KKK KKKK KKKK	361
00016F	2969	GOTO DS_START
000170	0008	RETURN


		FN_FUNCKEYPRESSED
	K	 11 0000 KKKK KKKK	1
000171	3001	MOVLW 1
	F	 00 0000 1FFF FFFF	114
000172	00F2	MOVWF SYSWAITTEMPMS
	F	 00 0001 1FFF FFFF	115
000173	01F3	CLRF SYSWAITTEMPMS_H
	K	 10 0KKK KKKK KKKK	347
000174	215B	CALL DELAY_MS
	F	 01 11BB BFFF FFFF	12
	B	 01 11BB B000 1100	4
000175	1E0C	BTFSS PORTA,4
	K	 10 1KKK KKKK KKKK	377
000176	2979	GOTO ELSE7_1
	F	 01 01BB BFFF FFFF	70
	B	 01 01BB B100 0110	2
000177	1546	BSF SYSBITVAR0,2
	K	 10 1KKK KKKK KKKK	378
000178	297A	GOTO ENDIF7
		ELSE7_1
	F	 01 00BB BFFF FFFF	70
	B	 01 00BB B100 0110	2
000179	1146	BCF SYSBITVAR0,2
		ENDIF7
	F	 00 0001 1FFF FFFF	117
00017A	01F5	CLRF SYSBYTETEMPA
	F	 01 10BB BFFF FFFF	70
	B	 01 10BB B100 0110	2
00017B	1946	BTFSC SYSBITVAR0,2
	F	 00 1010 DFFF FFFF	117
	D	 00 1010 D111 0101	1
00017C	0AF5	INCF SYSBYTETEMPA,F
	F	 00 0001 1FFF FFFF	121
00017D	01F9	CLRF SYSBYTETEMPB
	F	 01 10BB BFFF FFFF	70
	B	 01 10BB B100 0110	3
00017E	19C6	BTFSC SYSBITVAR0,3
	F	 00 1010 DFFF FFFF	121
	D	 00 1010 D111 1001	1
00017F	0AF9	INCF SYSBYTETEMPB,F
	K	 10 0KKK KKKK KKKK	1349
000180	2545	CALL SYSCOMPEQUAL
	F	 00 1001 DFFF FFFF	112
	D	 00 1001 D111 0000	1
000181	09F0	COMF SYSBYTETEMPX,F
	F	 00 1000 DFFF FFFF	112
	D	 00 1000 D111 0000	0
000182	0870	MOVF SYSBYTETEMPX,W
	F	 00 0000 1FFF FFFF	94
000183	00DE	MOVWF SYSTEMP1
	F	 00 0001 1FFF FFFF	112
000184	01F0	CLRF SYSBYTETEMPX
	F	 01 10BB BFFF FFFF	70
	B	 01 10BB B100 0110	2
000185	1946	BTFSC SYSBITVAR0,2
	F	 00 1001 DFFF FFFF	112
	D	 00 1001 D111 0000	1
000186	09F0	COMF SYSBYTETEMPX,F
	F	 00 1000 DFFF FFFF	112
	D	 00 1000 D111 0000	0
000187	0870	MOVF SYSBYTETEMPX,W
	F	 00 0000 1FFF FFFF	98
000188	00E2	MOVWF SYSTEMP2
	F	 00 1000 DFFF FFFF	94
	D	 00 1000 D101 1110	0
000189	085E	MOVF SYSTEMP1,W
	F	 00 0101 DFFF FFFF	98
	D	 00 0101 D110 0010	0
00018A	0562	ANDWF SYSTEMP2,W
	F	 00 0000 1FFF FFFF	100
00018B	00E4	MOVWF SYSTEMP3
	F	 01 11BB BFFF FFFF	100
	B	 01 11BB B110 0100	0
00018C	1C64	BTFSS SYSTEMP3,0
	K	 10 1KKK KKKK KKKK	400
00018D	2990	GOTO ELSE8_1
	F	 01 01BB BFFF FFFF	70
	B	 01 01BB B100 0110	1
00018E	14C6	BSF SYSBITVAR0,1
	K	 10 1KKK KKKK KKKK	401
00018F	2991	GOTO ENDIF8
		ELSE8_1
	F	 01 00BB BFFF FFFF	70
	B	 01 00BB B100 0110	1
000190	10C6	BCF SYSBITVAR0,1
		ENDIF8
	F	 01 00BB BFFF FFFF	70
	B	 01 00BB B100 0110	3
000191	11C6	BCF SYSBITVAR0,3
	F	 01 10BB BFFF FFFF	70
	B	 01 10BB B100 0110	2
000192	1946	BTFSC SYSBITVAR0,2
	F	 01 01BB BFFF FFFF	70
	B	 01 01BB B100 0110	3
000193	15C6	BSF SYSBITVAR0,3
000194	0008	RETURN


		INITSYS
	K	00 0000 001K KKKK	1
000000	0021	BANKSEL OSCCON
	F	 01 01BB BFFF FFFF	153
	B	 01 01BB B001 1001	6
000196	1719	BSF OSCCON,IRCF3
	F	 01 01BB BFFF FFFF	153
	B	 01 01BB B001 1001	5
000197	1699	BSF OSCCON,IRCF2
	F	 01 01BB BFFF FFFF	153
	B	 01 01BB B001 1001	4
000198	1619	BSF OSCCON,IRCF1
	F	 01 00BB BFFF FFFF	153
	B	 01 00BB B001 1001	3
000199	1199	BCF OSCCON,IRCF0
	F	 01 01BB BFFF FFFF	153
	B	 01 01BB B001 1001	7
00019A	1799	BSF OSCCON,SPLLEN
	F	 01 00BB BFFF FFFF	158
	B	 01 00BB B001 1110	7
00019B	139E	BCF ADCON1,ADFM
	F	 01 00BB BFFF FFFF	157
	B	 01 00BB B001 1101	0
00019C	101D	BCF ADCON0,ADON
	K	00 0000 001K KKKK	3
000000	0023	BANKSEL ANSELA
	F	 00 0001 1FFF FFFF	396
00019E	018C	CLRF ANSELA
	F	 00 0001 1FFF FFFF	397
00019F	018D	CLRF ANSELB
	F	 00 0001 1FFF FFFF	399
0001A0	018F	CLRF ANSELD
	F	 00 0001 1FFF FFFF	400
0001A1	0190	CLRF ANSELE
	K	00 0000 001K KKKK	2
000000	0022	BANKSEL CM2CON0
	F	 01 00BB BFFF FFFF	275
	B	 01 00BB B001 0011	7
0001A3	1393	BCF CM2CON0,C2ON
	F	 01 00BB BFFF FFFF	273
	B	 01 00BB B001 0001	7
0001A4	1391	BCF CM1CON0,C1ON
	K	00 0000 001K KKKK	0
000000	0020	BANKSEL PORTA
	F	 00 0001 1FFF FFFF	12
0001A6	018C	CLRF PORTA
	F	 00 0001 1FFF FFFF	13
0001A7	018D	CLRF PORTB
	F	 00 0001 1FFF FFFF	14
0001A8	018E	CLRF PORTC
	F	 00 0001 1FFF FFFF	15
0001A9	018F	CLRF PORTD
	F	 00 0001 1FFF FFFF	16
0001AA	0190	CLRF PORTE
0001AB	0008	RETURN


		INIT_OCULAR_OM1614_LCD
	K	00 0000 001K KKKK	1
000000	0021	BANKSEL TRISD
	F	 01 00BB BFFF FFFF	143
	B	 01 00BB B000 1111	7
0001AD	138F	BCF TRISD,7
	K	00 0000 001K KKKK	2
000000	0022	BANKSEL LATD
	F	 01 01BB BFFF FFFF	271
	B	 01 01BB B000 1111	7
0001AF	178F	BSF LATD,7
	K	 11 0000 KKKK KKKK	50
0001B0	3032	MOVLW 50
	F	 00 0000 1FFF FFFF	114
0001B1	00F2	MOVWF SYSWAITTEMPMS
	F	 00 0001 1FFF FFFF	115
0001B2	01F3	CLRF SYSWAITTEMPMS_H
	K	00 0000 001K KKKK	0
000000	0020	BANKSEL STATUS
	K	 10 0KKK KKKK KKKK	347
0001B4	215B	CALL DELAY_MS
	K	00 0000 001K KKKK	1
000000	0021	BANKSEL TRISD
	F	 01 00BB BFFF FFFF	143
	B	 01 00BB B000 1111	5
0001B6	128F	BCF TRISD,5
	K	00 0000 001K KKKK	2
000000	0022	BANKSEL LATD
	F	 01 00BB BFFF FFFF	271
	B	 01 00BB B000 1111	5
0001B8	128F	BCF LATD,5
	K	00 0000 001K KKKK	1
000000	0021	BANKSEL TRISD
	F	 01 00BB BFFF FFFF	143
	B	 01 00BB B000 1111	0
0001BA	100F	BCF TRISD,0
	F	 01 00BB BFFF FFFF	143
	B	 01 00BB B000 1111	1
0001BB	108F	BCF TRISD,1
	F	 01 00BB BFFF FFFF	143
	B	 01 00BB B000 1111	2
0001BC	110F	BCF TRISD,2
	F	 01 00BB BFFF FFFF	143
	B	 01 00BB B000 1111	3
0001BD	118F	BCF TRISD,3
	F	 01 00BB BFFF FFFF	143
	B	 01 00BB B000 1111	4
0001BE	120F	BCF TRISD,4
	F	 01 00BB BFFF FFFF	143
	B	 01 00BB B000 1111	6
0001BF	130F	BCF TRISD,6
	K	00 0000 001K KKKK	2
000000	0022	BANKSEL LATD
	F	 01 00BB BFFF FFFF	271
	B	 01 00BB B000 1111	4
0001C1	120F	BCF LATD,4
	F	 01 00BB BFFF FFFF	271
	B	 01 00BB B000 1111	6
0001C2	130F	BCF LATD,6
	K	 11 0000 KKKK KKKK	48
0001C3	3030	MOVLW 48
	K	00 0000 001K KKKK	0
000000	0020	BANKSEL LCD2BYTE
	F	 00 0000 1FFF FFFF	34
0001C5	00A2	MOVWF LCD2BYTE
	K	 10 0KKK KKKK KKKK	597
0001C6	2255	CALL LCDWRITE_NIBBLE
	K	 11 0000 KKKK KKKK	5
0001C7	3005	MOVLW 5
	F	 00 0000 1FFF FFFF	114
0001C8	00F2	MOVWF SYSWAITTEMPMS
	F	 00 0001 1FFF FFFF	115
0001C9	01F3	CLRF SYSWAITTEMPMS_H
	K	 10 0KKK KKKK KKKK	347
0001CA	215B	CALL DELAY_MS
	K	 11 0000 KKKK KKKK	48
0001CB	3030	MOVLW 48
	F	 00 0000 1FFF FFFF	34
0001CC	00A2	MOVWF LCD2BYTE
	K	 10 0KKK KKKK KKKK	597
0001CD	2255	CALL LCDWRITE_NIBBLE
	K	 11 0000 KKKK KKKK	1
0001CE	3001	MOVLW 1
	F	 00 0000 1FFF FFFF	113
0001CF	00F1	MOVWF DELAYTEMP2
		DELAYUSO7
	F	 00 0001 1FFF FFFF	112
0001D0	01F0	CLRF DELAYTEMP
		DELAYUS7
	F	 00 1011 DFFF FFFF	112
	D	 00 1011 D111 0000	1
0001D1	0BF0	DECFSZ DELAYTEMP,F
	K	 10 1KKK KKKK KKKK	465
0001D2	29D1	GOTO DELAYUS7
	F	 00 1011 DFFF FFFF	113
	D	 00 1011 D111 0001	1
0001D3	0BF1	DECFSZ DELAYTEMP2,F
	K	 10 1KKK KKKK KKKK	464
0001D4	29D0	GOTO DELAYUSO7
	K	 11 0000 KKKK KKKK	9
0001D5	3009	MOVLW 9
	F	 00 0000 1FFF FFFF	112
0001D6	00F0	MOVWF DELAYTEMP
		DELAYUS8
	F	 00 1011 DFFF FFFF	112
	D	 00 1011 D111 0000	1
0001D7	0BF0	DECFSZ DELAYTEMP,F
	K	 10 1KKK KKKK KKKK	471
0001D8	29D7	GOTO DELAYUS8
	K	 11 0000 KKKK KKKK	48
0001D9	3030	MOVLW 48
	F	 00 0000 1FFF FFFF	34
0001DA	00A2	MOVWF LCD2BYTE
	K	 10 0KKK KKKK KKKK	597
0001DB	2255	CALL LCDWRITE_NIBBLE
	K	 10 0KKK KKKK KKKK	261
0001DC	2105	CALL CHECKBUSYFLAG
	K	 11 0000 KKKK KKKK	32
0001DD	3020	MOVLW 32
	F	 00 0000 1FFF FFFF	34
0001DE	00A2	MOVWF LCD2BYTE
	K	 10 0KKK KKKK KKKK	597
0001DF	2255	CALL LCDWRITE_NIBBLE
	K	 10 0KKK KKKK KKKK	261
0001E0	2105	CALL CHECKBUSYFLAG
	K	 11 0000 KKKK KKKK	40
0001E1	3028	MOVLW 40
	F	 00 0000 1FFF FFFF	35
0001E2	00A3	MOVWF LCDBYTE
	K	 10 0KKK KKKK KKKK	491
0001E3	21EB	CALL LCDNORMALWRITEBYTE
	K	 11 0000 KKKK KKKK	12
0001E4	300C	MOVLW 12
	F	 00 0000 1FFF FFFF	35
0001E5	00A3	MOVWF LCDBYTE
	K	 10 0KKK KKKK KKKK	491
0001E6	21EB	CALL LCDNORMALWRITEBYTE
	K	 11 0000 KKKK KKKK	6
0001E7	3006	MOVLW 6
	F	 00 0000 1FFF FFFF	35
0001E8	00A3	MOVWF LCDBYTE
	K	 10 0KKK KKKK KKKK	491
0001E9	21EB	CALL LCDNORMALWRITEBYTE
	K	 10 1KKK KKKK KKKK	321
0001EA	2941	GOTO CLS


		LCDNORMALWRITEBYTE
	K	 10 0KKK KKKK KKKK	261
0001EB	2105	CALL CHECKBUSYFLAG
	K	00 0000 001K KKKK	2
000000	0022	BANKSEL LATD
	F	 01 00BB BFFF FFFF	271
	B	 01 00BB B000 1111	5
0001ED	128F	BCF LATD,5
	K	00 0000 001K KKKK	1
000000	0021	BANKSEL TRISD
	F	 01 00BB BFFF FFFF	143
	B	 01 00BB B000 1111	0
0001EF	100F	BCF TRISD,0
	F	 01 00BB BFFF FFFF	143
	B	 01 00BB B000 1111	1
0001F0	108F	BCF TRISD,1
	F	 01 00BB BFFF FFFF	143
	B	 01 00BB B000 1111	2
0001F1	110F	BCF TRISD,2
	F	 01 00BB BFFF FFFF	143
	B	 01 00BB B000 1111	3
0001F2	118F	BCF TRISD,3
	K	00 0000 001K KKKK	2
000000	0022	BANKSEL LATD
	F	 01 00BB BFFF FFFF	271
	B	 01 00BB B000 1111	3
0001F4	118F	BCF LATD,3
	K	00 0000 001K KKKK	0
000000	0020	BANKSEL LCDBYTE
	F	 01 11BB BFFF FFFF	35
	B	 01 11BB B010 0011	7
0001F6	1FA3	BTFSS LCDBYTE,7
	K	 10 1KKK KKKK KKKK	506
0001F7	29FA	GOTO ENDIF27
	K	00 0000 001K KKKK	2
000000	0022	BANKSEL LATD
	F	 01 01BB BFFF FFFF	271
	B	 01 01BB B000 1111	3
0001F9	158F	BSF LATD,3
		ENDIF27
	K	00 0000 001K KKKK	2
000000	0022	BANKSEL LATD
	F	 01 00BB BFFF FFFF	271
	B	 01 00BB B000 1111	2
0001FB	110F	BCF LATD,2
	K	00 0000 001K KKKK	0
000000	0020	BANKSEL LCDBYTE
	F	 01 11BB BFFF FFFF	35
	B	 01 11BB B010 0011	6
0001FD	1F23	BTFSS LCDBYTE,6
	K	 10 1KKK KKKK KKKK	513
0001FE	2A01	GOTO ENDIF28
	K	00 0000 001K KKKK	2
000000	0022	BANKSEL LATD
	F	 01 01BB BFFF FFFF	271
	B	 01 01BB B000 1111	2
000200	150F	BSF LATD,2
		ENDIF28
	K	00 0000 001K KKKK	2
000000	0022	BANKSEL LATD
	F	 01 00BB BFFF FFFF	271
	B	 01 00BB B000 1111	1
000202	108F	BCF LATD,1
	K	00 0000 001K KKKK	0
000000	0020	BANKSEL LCDBYTE
	F	 01 11BB BFFF FFFF	35
	B	 01 11BB B010 0011	5
000204	1EA3	BTFSS LCDBYTE,5
	K	 10 1KKK KKKK KKKK	520
000205	2A08	GOTO ENDIF29
	K	00 0000 001K KKKK	2
000000	0022	BANKSEL LATD
	F	 01 01BB BFFF FFFF	271
	B	 01 01BB B000 1111	1
000207	148F	BSF LATD,1
		ENDIF29
	K	00 0000 001K KKKK	2
000000	0022	BANKSEL LATD
	F	 01 00BB BFFF FFFF	271
	B	 01 00BB B000 1111	0
000209	100F	BCF LATD,0
	K	00 0000 001K KKKK	0
000000	0020	BANKSEL LCDBYTE
	F	 01 11BB BFFF FFFF	35
	B	 01 11BB B010 0011	4
00020B	1E23	BTFSS LCDBYTE,4
	K	 10 1KKK KKKK KKKK	527
00020C	2A0F	GOTO ENDIF30
	K	00 0000 001K KKKK	2
000000	0022	BANKSEL LATD
	F	 01 01BB BFFF FFFF	271
	B	 01 01BB B000 1111	0
00020E	140F	BSF LATD,0
		ENDIF30
	K	 11 0000 KKKK KKKK	2
00020F	3002	MOVLW 2
	F	 00 0000 1FFF FFFF	112
000210	00F0	MOVWF DELAYTEMP
		DELAYUS2
	F	 00 1011 DFFF FFFF	112
	D	 00 1011 D111 0000	1
000211	0BF0	DECFSZ DELAYTEMP,F
	K	 10 1KKK KKKK KKKK	529
000212	2A11	GOTO DELAYUS2
000213	0000	NOP
	K	00 0000 001K KKKK	2
000000	0022	BANKSEL LATD
	F	 01 01BB BFFF FFFF	271
	B	 01 01BB B000 1111	6
000215	170F	BSF LATD,6
	K	 11 0000 KKKK KKKK	2
000216	3002	MOVLW 2
	F	 00 0000 1FFF FFFF	112
000217	00F0	MOVWF DELAYTEMP
		DELAYUS3
	F	 00 1011 DFFF FFFF	112
	D	 00 1011 D111 0000	1
000218	0BF0	DECFSZ DELAYTEMP,F
	K	 10 1KKK KKKK KKKK	536
000219	2A18	GOTO DELAYUS3
	F	 01 00BB BFFF FFFF	271
	B	 01 00BB B000 1111	6
00021A	130F	BCF LATD,6
	F	 01 00BB BFFF FFFF	271
	B	 01 00BB B000 1111	3
00021B	118F	BCF LATD,3
	K	00 0000 001K KKKK	0
000000	0020	BANKSEL LCDBYTE
	F	 01 11BB BFFF FFFF	35
	B	 01 11BB B010 0011	3
00021D	1DA3	BTFSS LCDBYTE,3
	K	 10 1KKK KKKK KKKK	545
00021E	2A21	GOTO ENDIF23
	K	00 0000 001K KKKK	2
000000	0022	BANKSEL LATD
	F	 01 01BB BFFF FFFF	271
	B	 01 01BB B000 1111	3
000220	158F	BSF LATD,3
		ENDIF23
	K	00 0000 001K KKKK	2
000000	0022	BANKSEL LATD
	F	 01 00BB BFFF FFFF	271
	B	 01 00BB B000 1111	2
000222	110F	BCF LATD,2
	K	00 0000 001K KKKK	0
000000	0020	BANKSEL LCDBYTE
	F	 01 11BB BFFF FFFF	35
	B	 01 11BB B010 0011	2
000224	1D23	BTFSS LCDBYTE,2
	K	 10 1KKK KKKK KKKK	552
000225	2A28	GOTO ENDIF31
	K	00 0000 001K KKKK	2
000000	0022	BANKSEL LATD
	F	 01 01BB BFFF FFFF	271
	B	 01 01BB B000 1111	2
000227	150F	BSF LATD,2
		ENDIF31
	K	00 0000 001K KKKK	2
000000	0022	BANKSEL LATD
	F	 01 00BB BFFF FFFF	271
	B	 01 00BB B000 1111	1
000229	108F	BCF LATD,1
	K	00 0000 001K KKKK	0
000000	0020	BANKSEL LCDBYTE
	F	 01 11BB BFFF FFFF	35
	B	 01 11BB B010 0011	1
00022B	1CA3	BTFSS LCDBYTE,1
	K	 10 1KKK KKKK KKKK	559
00022C	2A2F	GOTO ENDIF32
	K	00 0000 001K KKKK	2
000000	0022	BANKSEL LATD
	F	 01 01BB BFFF FFFF	271
	B	 01 01BB B000 1111	1
00022E	148F	BSF LATD,1
		ENDIF32
	K	00 0000 001K KKKK	2
000000	0022	BANKSEL LATD
	F	 01 00BB BFFF FFFF	271
	B	 01 00BB B000 1111	0
000230	100F	BCF LATD,0
	K	00 0000 001K KKKK	0
000000	0020	BANKSEL LCDBYTE
	F	 01 11BB BFFF FFFF	35
	B	 01 11BB B010 0011	0
000232	1C23	BTFSS LCDBYTE,0
	K	 10 1KKK KKKK KKKK	566
000233	2A36	GOTO ENDIF33
	K	00 0000 001K KKKK	2
000000	0022	BANKSEL LATD
	F	 01 01BB BFFF FFFF	271
	B	 01 01BB B000 1111	0
000235	140F	BSF LATD,0
		ENDIF33
	K	 11 0000 KKKK KKKK	2
000236	3002	MOVLW 2
	F	 00 0000 1FFF FFFF	112
000237	00F0	MOVWF DELAYTEMP
		DELAYUS4
	F	 00 1011 DFFF FFFF	112
	D	 00 1011 D111 0000	1
000238	0BF0	DECFSZ DELAYTEMP,F
	K	 10 1KKK KKKK KKKK	568
000239	2A38	GOTO DELAYUS4
00023A	0000	NOP
	K	00 0000 001K KKKK	2
000000	0022	BANKSEL LATD
	F	 01 01BB BFFF FFFF	271
	B	 01 01BB B000 1111	6
00023C	170F	BSF LATD,6
	K	 11 0000 KKKK KKKK	2
00023D	3002	MOVLW 2
	F	 00 0000 1FFF FFFF	112
00023E	00F0	MOVWF DELAYTEMP
		DELAYUS5
	F	 00 1011 DFFF FFFF	112
	D	 00 1011 D111 0000	1
00023F	0BF0	DECFSZ DELAYTEMP,F
	K	 10 1KKK KKKK KKKK	575
000240	2A3F	GOTO DELAYUS5
	F	 01 00BB BFFF FFFF	271
	B	 01 00BB B000 1111	6
000241	130F	BCF LATD,6
	K	 11 0000 KKKK KKKK	226
000242	30E2	MOVLW 226
	F	 00 0000 1FFF FFFF	112
000243	00F0	MOVWF DELAYTEMP
		DELAYUS6
	F	 00 1011 DFFF FFFF	112
	D	 00 1011 D111 0000	1
000244	0BF0	DECFSZ DELAYTEMP,F
	K	 10 1KKK KKKK KKKK	580
000245	2A44	GOTO DELAYUS6
000246	0000	NOP
	K	00 0000 001K KKKK	0
000000	0020	BANKSEL PORTD
	F	 01 10BB BFFF FFFF	15
	B	 01 10BB B000 1111	4
000248	1A0F	BTFSC PORTD,4
	K	 10 1KKK KKKK KKKK	596
000249	2A54	GOTO ENDIF24
	K	 11 0000 KKKK KKKK	16
00024A	3010	MOVLW 16
	F	 00 0010 DFFF FFFF	35
	D	 00 0010 D010 0011	0
00024B	0223	SUBWF LCDBYTE,W
	F	 01 10BB BFFF FFFF	3
	B	 01 10BB B000 0011	0
00024C	1803	BTFSC STATUS, C
	K	 10 1KKK KKKK KKKK	596
00024D	2A54	GOTO ENDIF25
	F	 00 1000 DFFF FFFF	35
	D	 00 1000 D010 0011	0
00024E	0823	MOVF LCDBYTE,W
	K	 11 1100 KKKK KKKK	7
00024F	3C07	SUBLW 7
	F	 01 10BB BFFF FFFF	3
	B	 01 10BB B000 0011	0
000250	1803	BTFSC STATUS, C
	K	 10 1KKK KKKK KKKK	596
000251	2A54	GOTO ENDIF26
	F	 00 1000 DFFF FFFF	35
	D	 00 1000 D010 0011	0
000252	0823	MOVF LCDBYTE,W
	F	 00 0000 1FFF FFFF	41
000253	00A9	MOVWF LCD_STATE
		ENDIF26
		ENDIF25
		ENDIF24
000254	0008	RETURN


		LCDWRITE_NIBBLE
	K	00 0000 001K KKKK	2
000000	0022	BANKSEL LATD
	F	 01 00BB BFFF FFFF	271
	B	 01 00BB B000 1111	4
000256	120F	BCF LATD,4
	K	00 0000 001K KKKK	0
000000	0020	BANKSEL STATUS
	K	 10 0KKK KKKK KKKK	261
000258	2105	CALL CHECKBUSYFLAG
	K	00 0000 001K KKKK	2
000000	0022	BANKSEL LATD
	F	 01 00BB BFFF FFFF	271
	B	 01 00BB B000 1111	5
00025A	128F	BCF LATD,5
	K	00 0000 001K KKKK	1
000000	0021	BANKSEL TRISD
	F	 01 00BB BFFF FFFF	143
	B	 01 00BB B000 1111	0
00025C	100F	BCF TRISD,0
	F	 01 00BB BFFF FFFF	143
	B	 01 00BB B000 1111	1
00025D	108F	BCF TRISD,1
	F	 01 00BB BFFF FFFF	143
	B	 01 00BB B000 1111	2
00025E	110F	BCF TRISD,2
	F	 01 00BB BFFF FFFF	143
	B	 01 00BB B000 1111	3
00025F	118F	BCF TRISD,3
	K	00 0000 001K KKKK	2
000000	0022	BANKSEL LATD
	F	 01 00BB BFFF FFFF	271
	B	 01 00BB B000 1111	0
000261	100F	BCF LATD,0
	K	00 0000 001K KKKK	0
000000	0020	BANKSEL LCDBYTE
	F	 01 11BB BFFF FFFF	35
	B	 01 11BB B010 0011	4
000263	1E23	BTFSS LCDBYTE,4
	K	 10 1KKK KKKK KKKK	615
000264	2A67	GOTO ENDIF34
	K	00 0000 001K KKKK	2
000000	0022	BANKSEL LATD
	F	 01 01BB BFFF FFFF	271
	B	 01 01BB B000 1111	0
000266	140F	BSF LATD,0
		ENDIF34
	K	00 0000 001K KKKK	2
000000	0022	BANKSEL LATD
	F	 01 00BB BFFF FFFF	271
	B	 01 00BB B000 1111	1
000268	108F	BCF LATD,1
	K	00 0000 001K KKKK	0
000000	0020	BANKSEL LCDBYTE
	F	 01 11BB BFFF FFFF	35
	B	 01 11BB B010 0011	5
00026A	1EA3	BTFSS LCDBYTE,5
	K	 10 1KKK KKKK KKKK	622
00026B	2A6E	GOTO ENDIF35
	K	00 0000 001K KKKK	2
000000	0022	BANKSEL LATD
	F	 01 01BB BFFF FFFF	271
	B	 01 01BB B000 1111	1
00026D	148F	BSF LATD,1
		ENDIF35
	K	00 0000 001K KKKK	2
000000	0022	BANKSEL LATD
	F	 01 00BB BFFF FFFF	271
	B	 01 00BB B000 1111	2
00026F	110F	BCF LATD,2
	K	00 0000 001K KKKK	0
000000	0020	BANKSEL LCDBYTE
	F	 01 11BB BFFF FFFF	35
	B	 01 11BB B010 0011	6
000271	1F23	BTFSS LCDBYTE,6
	K	 10 1KKK KKKK KKKK	629
000272	2A75	GOTO ENDIF36
	K	00 0000 001K KKKK	2
000000	0022	BANKSEL LATD
	F	 01 01BB BFFF FFFF	271
	B	 01 01BB B000 1111	2
000274	150F	BSF LATD,2
		ENDIF36
	K	00 0000 001K KKKK	2
000000	0022	BANKSEL LATD
	F	 01 00BB BFFF FFFF	271
	B	 01 00BB B000 1111	3
000276	118F	BCF LATD,3
	K	00 0000 001K KKKK	0
000000	0020	BANKSEL LCDBYTE
	F	 01 11BB BFFF FFFF	35
	B	 01 11BB B010 0011	7
000278	1FA3	BTFSS LCDBYTE,7
	K	 10 1KKK KKKK KKKK	636
000279	2A7C	GOTO ENDIF37
	K	00 0000 001K KKKK	2
000000	0022	BANKSEL LATD
	F	 01 01BB BFFF FFFF	271
	B	 01 01BB B000 1111	3
00027B	158F	BSF LATD,3
		ENDIF37
	K	00 0000 001K KKKK	2
000000	0022	BANKSEL LATD
	F	 01 01BB BFFF FFFF	271
	B	 01 01BB B000 1111	6
00027D	170F	BSF LATD,6
	K	 11 0000 KKKK KKKK	2
00027E	3002	MOVLW 2
	F	 00 0000 1FFF FFFF	112
00027F	00F0	MOVWF DELAYTEMP
		DELAYUS9
	F	 00 1011 DFFF FFFF	112
	D	 00 1011 D111 0000	1
000280	0BF0	DECFSZ DELAYTEMP,F
	K	 10 1KKK KKKK KKKK	640
000281	2A80	GOTO DELAYUS9
000282	0000	NOP
	F	 01 00BB BFFF FFFF	271
	B	 01 00BB B000 1111	6
000283	130F	BCF LATD,6
	K	 11 0000 KKKK KKKK	226
000284	30E2	MOVLW 226
	F	 00 0000 1FFF FFFF	112
000285	00F0	MOVWF DELAYTEMP
		DELAYUS10
	F	 00 1011 DFFF FFFF	112
	D	 00 1011 D111 0000	1
000286	0BF0	DECFSZ DELAYTEMP,F
	K	 10 1KKK KKKK KKKK	646
000287	2A86	GOTO DELAYUS10
000288	0000	NOP
	K	00 0000 001K KKKK	0
000000	0020	BANKSEL STATUS
00028A	0008	RETURN


		FN_LEFT
	F	 00 1000 DFFF FFFF	92
	D	 00 1000 D101 1100	0
00028B	085C	MOVF SYSSYSINSTRINGHANDLER,W
	F	 00 0000 1FFF FFFF	4
00028C	0084	MOVWF AFSR0
	F	 00 1000 DFFF FFFF	93
	D	 00 1000 D101 1101	0
00028D	085D	MOVF SYSSYSINSTRINGHANDLER_H,W
	F	 00 0000 1FFF FFFF	5
00028E	0085	MOVWF AFSR0_H
	F	 00 1000 DFFF FFFF	0
	D	 00 1000 D000 0000	1
00028F	0880	MOVF INDF0,F
	F	 01 11BB BFFF FFFF	3
	B	 01 11BB B000 0011	2
000290	1D03	BTFSS STATUS, Z
	K	 10 1KKK KKKK KKKK	662
000291	2A96	GOTO ENDIF46
	K	00 0000 001K KKKK	5
000000	0025	BANKSEL SYSLEFT_0
	F	 00 0001 1FFF FFFF	727
000293	01D7	CLRF SYSLEFT_0
	K	00 0000 001K KKKK	0
000000	0020	BANKSEL STATUS
000295	0008	RETURN
		ENDIF46
	F	 00 1000 DFFF FFFF	92
	D	 00 1000 D101 1100	0
000296	085C	MOVF SYSSYSINSTRINGHANDLER,W
	F	 00 0000 1FFF FFFF	4
000297	0084	MOVWF AFSR0
	F	 00 1000 DFFF FFFF	93
	D	 00 1000 D101 1101	0
000298	085D	MOVF SYSSYSINSTRINGHANDLER_H,W
	F	 00 0000 1FFF FFFF	5
000299	0085	MOVWF AFSR0_H
	F	 00 1000 DFFF FFFF	71
	D	 00 1000 D100 0111	0
00029A	0847	MOVF SYSCHARCOUNT,W
	F	 00 0010 DFFF FFFF	0
	D	 00 0010 D000 0000	0
00029B	0200	SUBWF INDF0,W
	F	 01 10BB BFFF FFFF	3
	B	 01 10BB B000 0011	0
00029C	1803	BTFSC STATUS, C
	K	 10 1KKK KKKK KKKK	676
00029D	2AA4	GOTO ENDIF47
	F	 00 1000 DFFF FFFF	92
	D	 00 1000 D101 1100	0
00029E	085C	MOVF SYSSYSINSTRINGHANDLER,W
	F	 00 0000 1FFF FFFF	4
00029F	0084	MOVWF AFSR0
	F	 00 1000 DFFF FFFF	93
	D	 00 1000 D101 1101	0
0002A0	085D	MOVF SYSSYSINSTRINGHANDLER_H,W
	F	 00 0000 1FFF FFFF	5
0002A1	0085	MOVWF AFSR0_H
	F	 00 1000 DFFF FFFF	0
	D	 00 1000 D000 0000	0
0002A2	0800	MOVF INDF0,W
	F	 00 0000 1FFF FFFF	71
0002A3	00C7	MOVWF SYSCHARCOUNT
		ENDIF47
	F	 00 0001 1FFF FFFF	91
0002A4	01DB	CLRF SYSSTRINGTEMP
	K	 11 0000 KKKK KKKK	1
0002A5	3001	MOVLW 1
	F	 00 0010 DFFF FFFF	71
	D	 00 0010 D100 0111	0
0002A6	0247	SUBWF SYSCHARCOUNT,W
	F	 01 11BB BFFF FFFF	3
	B	 01 11BB B000 0011	0
0002A7	1C03	BTFSS STATUS, C
	K	 10 1KKK KKKK KKKK	704
0002A8	2AC0	GOTO SYSFORLOOPEND2
		SYSFORLOOP2
	F	 00 1010 DFFF FFFF	91
	D	 00 1010 D101 1011	1
0002A9	0ADB	INCF SYSSTRINGTEMP,F
	F	 00 1000 DFFF FFFF	91
	D	 00 1000 D101 1011	0
0002AA	085B	MOVF SYSSTRINGTEMP,W
	F	 00 0111 DFFF FFFF	92
	D	 00 0111 D101 1100	0
0002AB	075C	ADDWF SYSSYSINSTRINGHANDLER,W
	F	 00 0000 1FFF FFFF	4
0002AC	0084	MOVWF AFSR0
	K	 11 0000 KKKK KKKK	0
0002AD	3000	MOVLW 0
	F	 11 1101 DFFF FFFF	93
	D	 11 1101 D101 1101	0
0002AE	3D5D	ADDWFC SYSSYSINSTRINGHANDLER_H,W
	F	 00 0000 1FFF FFFF	5
0002AF	0085	MOVWF AFSR0_H
	F	 00 1000 DFFF FFFF	0
	D	 00 1000 D000 0000	0
0002B0	0800	MOVF INDF0,W
	F	 00 0000 1FFF FFFF	69
0002B1	00C5	MOVWF SYSARRAYTEMP2
	F	 00 0000 1FFF FFFF	68
0002B2	00C4	MOVWF SYSARRAYTEMP1
	K	 11 0000 KKKK KKKK	199
0002B3	30C7	MOVLW LOW(LEFT)
	F	 00 0111 DFFF FFFF	91
	D	 00 0111 D101 1011	0
0002B4	075B	ADDWF SYSSTRINGTEMP,W
	F	 00 0000 1FFF FFFF	4
0002B5	0084	MOVWF AFSR0
	F	 00 0001 1FFF FFFF	100
0002B6	01E4	CLRF SYSTEMP3
	K	 11 0000 KKKK KKKK	33
0002B7	3021	MOVLW HIGH(LEFT)
	F	 11 1101 DFFF FFFF	100
	D	 11 1101 D110 0100	0
0002B8	3D64	ADDWFC SYSTEMP3,W
	F	 00 0000 1FFF FFFF	5
0002B9	0085	MOVWF AFSR0_H
	F	 00 1000 DFFF FFFF	68
	D	 00 1000 D100 0100	0
0002BA	0844	MOVF SYSARRAYTEMP1,W
	F	 00 0000 1FFF FFFF	0
0002BB	0080	MOVWF INDF0
	F	 00 1000 DFFF FFFF	71
	D	 00 1000 D100 0111	0
0002BC	0847	MOVF SYSCHARCOUNT,W
	F	 00 0010 DFFF FFFF	91
	D	 00 0010 D101 1011	0
0002BD	025B	SUBWF SYSSTRINGTEMP,W
	F	 01 11BB BFFF FFFF	3
	B	 01 11BB B000 0011	0
0002BE	1C03	BTFSS STATUS, C
	K	 10 1KKK KKKK KKKK	681
0002BF	2AA9	GOTO SYSFORLOOP2
		SYSFORLOOPEND2
	F	 00 1000 DFFF FFFF	71
	D	 00 1000 D100 0111	0
0002C0	0847	MOVF SYSCHARCOUNT,W
	K	00 0000 001K KKKK	5
000000	0025	BANKSEL SYSLEFT_0
	F	 00 0000 1FFF FFFF	727
0002C2	00D7	MOVWF SYSLEFT_0
	K	00 0000 001K KKKK	0
000000	0020	BANKSEL STATUS
0002C4	0008	RETURN


		LOCATE
	K	00 0000 001K KKKK	2
000000	0022	BANKSEL LATD
	F	 01 00BB BFFF FFFF	271
	B	 01 00BB B000 1111	4
0002C6	120F	BCF LATD,4
	K	00 0000 001K KKKK	0
000000	0020	BANKSEL LCDLINE
	F	 00 1000 DFFF FFFF	37
	D	 00 1000 D010 0101	0
0002C8	0825	MOVF LCDLINE,W
	K	 11 1100 KKKK KKKK	1
0002C9	3C01	SUBLW 1
	F	 01 10BB BFFF FFFF	3
	B	 01 10BB B000 0011	0
0002CA	1803	BTFSC STATUS, C
	K	 10 1KKK KKKK KKKK	720
0002CB	2AD0	GOTO ENDIF17
	K	 11 0000 KKKK KKKK	2
0002CC	3002	MOVLW 2
	F	 00 0010 DFFF FFFF	37
	D	 00 0010 D010 0101	1
0002CD	02A5	SUBWF LCDLINE,F
	K	 11 0000 KKKK KKKK	20
0002CE	3014	MOVLW 20
	F	 00 0111 DFFF FFFF	36
	D	 00 0111 D010 0100	1
0002CF	07A4	ADDWF LCDCOLUMN,F
		ENDIF17
	F	 00 1000 DFFF FFFF	37
	D	 00 1000 D010 0101	0
0002D0	0825	MOVF LCDLINE,W
	F	 00 0000 1FFF FFFF	117
0002D1	00F5	MOVWF SYSBYTETEMPA
	K	 11 0000 KKKK KKKK	64
0002D2	3040	MOVLW 64
	F	 00 0000 1FFF FFFF	121
0002D3	00F9	MOVWF SYSBYTETEMPB
	K	 10 0KKK KKKK KKKK	1611
0002D4	264B	CALL SYSMULTSUB
	F	 00 1000 DFFF FFFF	36
	D	 00 1000 D010 0100	0
0002D5	0824	MOVF LCDCOLUMN,W
	F	 00 0111 DFFF FFFF	112
	D	 00 0111 D111 0000	0
0002D6	0770	ADDWF SYSBYTETEMPX,W
	F	 00 0000 1FFF FFFF	100
0002D7	00E4	MOVWF SYSTEMP3
	K	 11 0000 KKKK KKKK	128
0002D8	3080	MOVLW 128
	F	 00 0100 DFFF FFFF	100
	D	 00 0100 D110 0100	0
0002D9	0464	IORWF SYSTEMP3,W
	F	 00 0000 1FFF FFFF	35
0002DA	00A3	MOVWF LCDBYTE
	K	 10 0KKK KKKK KKKK	491
0002DB	21EB	CALL LCDNORMALWRITEBYTE
	K	 11 0000 KKKK KKKK	5
0002DC	3005	MOVLW 5
	F	 00 0000 1FFF FFFF	117
0002DD	00F5	MOVWF SYSWAITTEMP10US
	K	 10 1KKK KKKK KKKK	339
0002DE	2953	GOTO DELAY_10US


		PRINT119
	F	 00 1000 DFFF FFFF	86
	D	 00 1000 D101 0110	0
0002DF	0856	MOVF SYSPRINTDATAHANDLER,W
	F	 00 0000 1FFF FFFF	4
0002E0	0084	MOVWF AFSR0
	F	 00 1000 DFFF FFFF	87
	D	 00 1000 D101 0111	0
0002E1	0857	MOVF SYSPRINTDATAHANDLER_H,W
	F	 00 0000 1FFF FFFF	5
0002E2	0085	MOVWF AFSR0_H
	F	 00 1000 DFFF FFFF	0
	D	 00 1000 D000 0000	0
0002E3	0800	MOVF INDF0,W
	F	 00 0000 1FFF FFFF	63
0002E4	00BF	MOVWF PRINTLEN
	F	 00 1000 DFFF FFFF	63
	D	 00 1000 D011 1111	1
0002E5	08BF	MOVF PRINTLEN,F
	F	 01 10BB BFFF FFFF	3
	B	 01 10BB B000 0011	2
0002E6	1903	BTFSC STATUS, Z
0002E7	0008	RETURN
	K	00 0000 001K KKKK	2
000000	0022	BANKSEL LATD
	F	 01 01BB BFFF FFFF	271
	B	 01 01BB B000 1111	4
0002E9	160F	BSF LATD,4
	K	00 0000 001K KKKK	0
000000	0020	BANKSEL SYSPRINTTEMP
	F	 00 0001 1FFF FFFF	88
0002EB	01D8	CLRF SYSPRINTTEMP
	K	 11 0000 KKKK KKKK	1
0002EC	3001	MOVLW 1
	F	 00 0010 DFFF FFFF	63
	D	 00 0010 D011 1111	0
0002ED	023F	SUBWF PRINTLEN,W
	F	 01 11BB BFFF FFFF	3
	B	 01 11BB B000 0011	0
0002EE	1C03	BTFSS STATUS, C
	K	 10 1KKK KKKK KKKK	766
0002EF	2AFE	GOTO SYSFORLOOPEND1
		SYSFORLOOP1
	F	 00 1010 DFFF FFFF	88
	D	 00 1010 D101 1000	1
0002F0	0AD8	INCF SYSPRINTTEMP,F
	F	 00 1000 DFFF FFFF	88
	D	 00 1000 D101 1000	0
0002F1	0858	MOVF SYSPRINTTEMP,W
	F	 00 0111 DFFF FFFF	86
	D	 00 0111 D101 0110	0
0002F2	0756	ADDWF SYSPRINTDATAHANDLER,W
	F	 00 0000 1FFF FFFF	4
0002F3	0084	MOVWF AFSR0
	K	 11 0000 KKKK KKKK	0
0002F4	3000	MOVLW 0
	F	 11 1101 DFFF FFFF	87
	D	 11 1101 D101 0111	0
0002F5	3D57	ADDWFC SYSPRINTDATAHANDLER_H,W
	F	 00 0000 1FFF FFFF	5
0002F6	0085	MOVWF AFSR0_H
	F	 00 1000 DFFF FFFF	0
	D	 00 1000 D000 0000	0
0002F7	0800	MOVF INDF0,W
	F	 00 0000 1FFF FFFF	35
0002F8	00A3	MOVWF LCDBYTE
	K	 10 0KKK KKKK KKKK	491
0002F9	21EB	CALL LCDNORMALWRITEBYTE
	F	 00 1000 DFFF FFFF	63
	D	 00 1000 D011 1111	0
0002FA	083F	MOVF PRINTLEN,W
	F	 00 0010 DFFF FFFF	88
	D	 00 0010 D101 1000	0
0002FB	0258	SUBWF SYSPRINTTEMP,W
	F	 01 11BB BFFF FFFF	3
	B	 01 11BB B000 0011	0
0002FC	1C03	BTFSS STATUS, C
	K	 10 1KKK KKKK KKKK	752
0002FD	2AF0	GOTO SYSFORLOOP1
		SYSFORLOOPEND1
0002FE	0008	RETURN


		PRINT120
	F	 00 0001 1FFF FFFF	40
0002FF	01A8	CLRF LCDVALUETEMP
	K	00 0000 001K KKKK	2
000000	0022	BANKSEL LATD
	F	 01 01BB BFFF FFFF	271
	B	 01 01BB B000 1111	4
000301	160F	BSF LATD,4
	K	 11 0000 KKKK KKKK	100
000302	3064	MOVLW 100
	K	00 0000 001K KKKK	0
000000	0020	BANKSEL LCDVALUE
	F	 00 0010 DFFF FFFF	39
	D	 00 0010 D010 0111	0
000304	0227	SUBWF LCDVALUE,W
	F	 01 11BB BFFF FFFF	3
	B	 01 11BB B000 0011	0
000305	1C03	BTFSS STATUS, C
	K	 10 1KKK KKKK KKKK	788
000306	2B14	GOTO ENDIF21
	F	 00 1000 DFFF FFFF	39
	D	 00 1000 D010 0111	0
000307	0827	MOVF LCDVALUE,W
	F	 00 0000 1FFF FFFF	117
000308	00F5	MOVWF SYSBYTETEMPA
	K	 11 0000 KKKK KKKK	100
000309	3064	MOVLW 100
	F	 00 0000 1FFF FFFF	121
00030A	00F9	MOVWF SYSBYTETEMPB
	K	 10 0KKK KKKK KKKK	1449
00030B	25A9	CALL SYSDIVSUB
	F	 00 1000 DFFF FFFF	117
	D	 00 1000 D111 0101	0
00030C	0875	MOVF SYSBYTETEMPA,W
	F	 00 0000 1FFF FFFF	40
00030D	00A8	MOVWF LCDVALUETEMP
	F	 00 1000 DFFF FFFF	112
	D	 00 1000 D111 0000	0
00030E	0870	MOVF SYSCALCTEMPX,W
	F	 00 0000 1FFF FFFF	39
00030F	00A7	MOVWF LCDVALUE
	K	 11 0000 KKKK KKKK	48
000310	3030	MOVLW 48
	F	 00 0111 DFFF FFFF	40
	D	 00 0111 D010 1000	0
000311	0728	ADDWF LCDVALUETEMP,W
	F	 00 0000 1FFF FFFF	35
000312	00A3	MOVWF LCDBYTE
	K	 10 0KKK KKKK KKKK	491
000313	21EB	CALL LCDNORMALWRITEBYTE
		ENDIF21
	F	 00 1000 DFFF FFFF	40
	D	 00 1000 D010 1000	0
000314	0828	MOVF LCDVALUETEMP,W
	F	 00 0000 1FFF FFFF	121
000315	00F9	MOVWF SYSBYTETEMPB
	F	 00 0001 1FFF FFFF	117
000316	01F5	CLRF SYSBYTETEMPA
	K	 10 0KKK KKKK KKKK	1385
000317	2569	CALL SYSCOMPLESSTHAN
	F	 00 1000 DFFF FFFF	112
	D	 00 1000 D111 0000	0
000318	0870	MOVF SYSBYTETEMPX,W
	F	 00 0000 1FFF FFFF	100
000319	00E4	MOVWF SYSTEMP3
	F	 00 1000 DFFF FFFF	39
	D	 00 1000 D010 0111	0
00031A	0827	MOVF LCDVALUE,W
	F	 00 0000 1FFF FFFF	117
00031B	00F5	MOVWF SYSBYTETEMPA
	K	 11 0000 KKKK KKKK	10
00031C	300A	MOVLW 10
	F	 00 0000 1FFF FFFF	121
00031D	00F9	MOVWF SYSBYTETEMPB
	K	 10 0KKK KKKK KKKK	1385
00031E	2569	CALL SYSCOMPLESSTHAN
	F	 00 1001 DFFF FFFF	112
	D	 00 1001 D111 0000	1
00031F	09F0	COMF SYSBYTETEMPX,F
	F	 00 1000 DFFF FFFF	100
	D	 00 1000 D110 0100	0
000320	0864	MOVF SYSTEMP3,W
	F	 00 0100 DFFF FFFF	112
	D	 00 0100 D111 0000	0
000321	0470	IORWF SYSBYTETEMPX,W
	F	 00 0000 1FFF FFFF	94
000322	00DE	MOVWF SYSTEMP1
	F	 01 11BB BFFF FFFF	94
	B	 01 11BB B101 1110	0
000323	1C5E	BTFSS SYSTEMP1,0
	K	 10 1KKK KKKK KKKK	818
000324	2B32	GOTO ENDIF22
	F	 00 1000 DFFF FFFF	39
	D	 00 1000 D010 0111	0
000325	0827	MOVF LCDVALUE,W
	F	 00 0000 1FFF FFFF	117
000326	00F5	MOVWF SYSBYTETEMPA
	K	 11 0000 KKKK KKKK	10
000327	300A	MOVLW 10
	F	 00 0000 1FFF FFFF	121
000328	00F9	MOVWF SYSBYTETEMPB
	K	 10 0KKK KKKK KKKK	1449
000329	25A9	CALL SYSDIVSUB
	F	 00 1000 DFFF FFFF	117
	D	 00 1000 D111 0101	0
00032A	0875	MOVF SYSBYTETEMPA,W
	F	 00 0000 1FFF FFFF	40
00032B	00A8	MOVWF LCDVALUETEMP
	F	 00 1000 DFFF FFFF	112
	D	 00 1000 D111 0000	0
00032C	0870	MOVF SYSCALCTEMPX,W
	F	 00 0000 1FFF FFFF	39
00032D	00A7	MOVWF LCDVALUE
	K	 11 0000 KKKK KKKK	48
00032E	3030	MOVLW 48
	F	 00 0111 DFFF FFFF	40
	D	 00 0111 D010 1000	0
00032F	0728	ADDWF LCDVALUETEMP,W
	F	 00 0000 1FFF FFFF	35
000330	00A3	MOVWF LCDBYTE
	K	 10 0KKK KKKK KKKK	491
000331	21EB	CALL LCDNORMALWRITEBYTE
		ENDIF22
	K	 11 0000 KKKK KKKK	48
000332	3030	MOVLW 48
	F	 00 0111 DFFF FFFF	39
	D	 00 0111 D010 0111	0
000333	0727	ADDWF LCDVALUE,W
	F	 00 0000 1FFF FFFF	35
000334	00A3	MOVWF LCDBYTE
	K	 10 1KKK KKKK KKKK	491
000335	29EB	GOTO LCDNORMALWRITEBYTE


		FN_READAD6
	K	00 0000 001K KKKK	1
000000	0021	BANKSEL ADCON1
	F	 01 00BB BFFF FFFF	158
	B	 01 00BB B001 1110	7
000337	139E	BCF ADCON1,ADFM
		SYSSELECT1CASE1
	K	00 0000 001K KKKK	0
000000	0020	BANKSEL ADREADPORT
	F	 00 1000 DFFF FFFF	32
	D	 00 1000 D010 0000	1
000339	08A0	MOVF ADREADPORT,F
	F	 01 11BB BFFF FFFF	3
	B	 01 11BB B000 0011	2
00033A	1D03	BTFSS STATUS, Z
	K	 10 1KKK KKKK KKKK	831
00033B	2B3F	GOTO SYSSELECT1CASE2
	K	00 0000 001K KKKK	3
000000	0023	BANKSEL ANSELA
	F	 01 01BB BFFF FFFF	396
	B	 01 01BB B000 1100	0
00033D	140C	BSF ANSELA,0
	K	 10 1KKK KKKK KKKK	976
00033E	2BD0	GOTO SYSSELECTEND1
		SYSSELECT1CASE2
	F	 00 0011 DFFF FFFF	32
	D	 00 0011 D010 0000	0
00033F	0320	DECF ADREADPORT,W
	F	 01 11BB BFFF FFFF	3
	B	 01 11BB B000 0011	2
000340	1D03	BTFSS STATUS, Z
	K	 10 1KKK KKKK KKKK	837
000341	2B45	GOTO SYSSELECT1CASE3
	K	00 0000 001K KKKK	3
000000	0023	BANKSEL ANSELA
	F	 01 01BB BFFF FFFF	396
	B	 01 01BB B000 1100	1
000343	148C	BSF ANSELA,1
	K	 10 1KKK KKKK KKKK	976
000344	2BD0	GOTO SYSSELECTEND1
		SYSSELECT1CASE3
	K	 11 0000 KKKK KKKK	2
000345	3002	MOVLW 2
	F	 00 0010 DFFF FFFF	32
	D	 00 0010 D010 0000	0
000346	0220	SUBWF ADREADPORT,W
	F	 01 11BB BFFF FFFF	3
	B	 01 11BB B000 0011	2
000347	1D03	BTFSS STATUS, Z
	K	 10 1KKK KKKK KKKK	844
000348	2B4C	GOTO SYSSELECT1CASE4
	K	00 0000 001K KKKK	3
000000	0023	BANKSEL ANSELA
	F	 01 01BB BFFF FFFF	396
	B	 01 01BB B000 1100	2
00034A	150C	BSF ANSELA,2
	K	 10 1KKK KKKK KKKK	976
00034B	2BD0	GOTO SYSSELECTEND1
		SYSSELECT1CASE4
	K	 11 0000 KKKK KKKK	3
00034C	3003	MOVLW 3
	F	 00 0010 DFFF FFFF	32
	D	 00 0010 D010 0000	0
00034D	0220	SUBWF ADREADPORT,W
	F	 01 11BB BFFF FFFF	3
	B	 01 11BB B000 0011	2
00034E	1D03	BTFSS STATUS, Z
	K	 10 1KKK KKKK KKKK	851
00034F	2B53	GOTO SYSSELECT1CASE5
	K	00 0000 001K KKKK	3
000000	0023	BANKSEL ANSELA
	F	 01 01BB BFFF FFFF	396
	B	 01 01BB B000 1100	3
000351	158C	BSF ANSELA,3
	K	 10 1KKK KKKK KKKK	976
000352	2BD0	GOTO SYSSELECTEND1
		SYSSELECT1CASE5
	K	 11 0000 KKKK KKKK	4
000353	3004	MOVLW 4
	F	 00 0010 DFFF FFFF	32
	D	 00 0010 D010 0000	0
000354	0220	SUBWF ADREADPORT,W
	F	 01 11BB BFFF FFFF	3
	B	 01 11BB B000 0011	2
000355	1D03	BTFSS STATUS, Z
	K	 10 1KKK KKKK KKKK	858
000356	2B5A	GOTO SYSSELECT1CASE6
	K	00 0000 001K KKKK	3
000000	0023	BANKSEL ANSELA
	F	 01 01BB BFFF FFFF	396
	B	 01 01BB B000 1100	5
000358	168C	BSF ANSELA,5
	K	 10 1KKK KKKK KKKK	976
000359	2BD0	GOTO SYSSELECTEND1
		SYSSELECT1CASE6
	K	 11 0000 KKKK KKKK	12
00035A	300C	MOVLW 12
	F	 00 0010 DFFF FFFF	32
	D	 00 0010 D010 0000	0
00035B	0220	SUBWF ADREADPORT,W
	F	 01 11BB BFFF FFFF	3
	B	 01 11BB B000 0011	2
00035C	1D03	BTFSS STATUS, Z
	K	 10 1KKK KKKK KKKK	865
00035D	2B61	GOTO SYSSELECT1CASE7
	K	00 0000 001K KKKK	3
000000	0023	BANKSEL ANSELB
	F	 01 01BB BFFF FFFF	397
	B	 01 01BB B000 1101	0
00035F	140D	BSF ANSELB,0
	K	 10 1KKK KKKK KKKK	976
000360	2BD0	GOTO SYSSELECTEND1
		SYSSELECT1CASE7
	K	 11 0000 KKKK KKKK	10
000361	300A	MOVLW 10
	F	 00 0010 DFFF FFFF	32
	D	 00 0010 D010 0000	0
000362	0220	SUBWF ADREADPORT,W
	F	 01 11BB BFFF FFFF	3
	B	 01 11BB B000 0011	2
000363	1D03	BTFSS STATUS, Z
	K	 10 1KKK KKKK KKKK	872
000364	2B68	GOTO SYSSELECT1CASE8
	K	00 0000 001K KKKK	3
000000	0023	BANKSEL ANSELB
	F	 01 01BB BFFF FFFF	397
	B	 01 01BB B000 1101	1
000366	148D	BSF ANSELB,1
	K	 10 1KKK KKKK KKKK	976
000367	2BD0	GOTO SYSSELECTEND1
		SYSSELECT1CASE8
	K	 11 0000 KKKK KKKK	8
000368	3008	MOVLW 8
	F	 00 0010 DFFF FFFF	32
	D	 00 0010 D010 0000	0
000369	0220	SUBWF ADREADPORT,W
	F	 01 11BB BFFF FFFF	3
	B	 01 11BB B000 0011	2
00036A	1D03	BTFSS STATUS, Z
	K	 10 1KKK KKKK KKKK	879
00036B	2B6F	GOTO SYSSELECT1CASE9
	K	00 0000 001K KKKK	3
000000	0023	BANKSEL ANSELB
	F	 01 01BB BFFF FFFF	397
	B	 01 01BB B000 1101	2
00036D	150D	BSF ANSELB,2
	K	 10 1KKK KKKK KKKK	976
00036E	2BD0	GOTO SYSSELECTEND1
		SYSSELECT1CASE9
	K	 11 0000 KKKK KKKK	9
00036F	3009	MOVLW 9
	F	 00 0010 DFFF FFFF	32
	D	 00 0010 D010 0000	0
000370	0220	SUBWF ADREADPORT,W
	F	 01 11BB BFFF FFFF	3
	B	 01 11BB B000 0011	2
000371	1D03	BTFSS STATUS, Z
	K	 10 1KKK KKKK KKKK	886
000372	2B76	GOTO SYSSELECT1CASE10
	K	00 0000 001K KKKK	3
000000	0023	BANKSEL ANSELB
	F	 01 01BB BFFF FFFF	397
	B	 01 01BB B000 1101	3
000374	158D	BSF ANSELB,3
	K	 10 1KKK KKKK KKKK	976
000375	2BD0	GOTO SYSSELECTEND1
		SYSSELECT1CASE10
	K	 11 0000 KKKK KKKK	11
000376	300B	MOVLW 11
	F	 00 0010 DFFF FFFF	32
	D	 00 0010 D010 0000	0
000377	0220	SUBWF ADREADPORT,W
	F	 01 11BB BFFF FFFF	3
	B	 01 11BB B000 0011	2
000378	1D03	BTFSS STATUS, Z
	K	 10 1KKK KKKK KKKK	893
000379	2B7D	GOTO SYSSELECT1CASE11
	K	00 0000 001K KKKK	3
000000	0023	BANKSEL ANSELB
	F	 01 01BB BFFF FFFF	397
	B	 01 01BB B000 1101	4
00037B	160D	BSF ANSELB,4
	K	 10 1KKK KKKK KKKK	976
00037C	2BD0	GOTO SYSSELECTEND1
		SYSSELECT1CASE11
	K	 11 0000 KKKK KKKK	13
00037D	300D	MOVLW 13
	F	 00 0010 DFFF FFFF	32
	D	 00 0010 D010 0000	0
00037E	0220	SUBWF ADREADPORT,W
	F	 01 11BB BFFF FFFF	3
	B	 01 11BB B000 0011	2
00037F	1D03	BTFSS STATUS, Z
	K	 10 1KKK KKKK KKKK	900
000380	2B84	GOTO SYSSELECT1CASE12
	K	00 0000 001K KKKK	3
000000	0023	BANKSEL ANSELB
	F	 01 01BB BFFF FFFF	397
	B	 01 01BB B000 1101	5
000382	168D	BSF ANSELB,5
	K	 10 1KKK KKKK KKKK	976
000383	2BD0	GOTO SYSSELECTEND1
		SYSSELECT1CASE12
	K	 11 0000 KKKK KKKK	20
000384	3014	MOVLW 20
	F	 00 0010 DFFF FFFF	32
	D	 00 0010 D010 0000	0
000385	0220	SUBWF ADREADPORT,W
	F	 01 11BB BFFF FFFF	3
	B	 01 11BB B000 0011	2
000386	1D03	BTFSS STATUS, Z
	K	 10 1KKK KKKK KKKK	907
000387	2B8B	GOTO SYSSELECT1CASE13
	K	00 0000 001K KKKK	3
000000	0023	BANKSEL ANSELD
	F	 01 01BB BFFF FFFF	399
	B	 01 01BB B000 1111	0
000389	140F	BSF ANSELD,0
	K	 10 1KKK KKKK KKKK	976
00038A	2BD0	GOTO SYSSELECTEND1
		SYSSELECT1CASE13
	K	 11 0000 KKKK KKKK	21
00038B	3015	MOVLW 21
	F	 00 0010 DFFF FFFF	32
	D	 00 0010 D010 0000	0
00038C	0220	SUBWF ADREADPORT,W
	F	 01 11BB BFFF FFFF	3
	B	 01 11BB B000 0011	2
00038D	1D03	BTFSS STATUS, Z
	K	 10 1KKK KKKK KKKK	914
00038E	2B92	GOTO SYSSELECT1CASE14
	K	00 0000 001K KKKK	3
000000	0023	BANKSEL ANSELD
	F	 01 01BB BFFF FFFF	399
	B	 01 01BB B000 1111	1
000390	148F	BSF ANSELD,1
	K	 10 1KKK KKKK KKKK	976
000391	2BD0	GOTO SYSSELECTEND1
		SYSSELECT1CASE14
	K	 11 0000 KKKK KKKK	22
000392	3016	MOVLW 22
	F	 00 0010 DFFF FFFF	32
	D	 00 0010 D010 0000	0
000393	0220	SUBWF ADREADPORT,W
	F	 01 11BB BFFF FFFF	3
	B	 01 11BB B000 0011	2
000394	1D03	BTFSS STATUS, Z
	K	 10 1KKK KKKK KKKK	921
000395	2B99	GOTO SYSSELECT1CASE15
	K	00 0000 001K KKKK	3
000000	0023	BANKSEL ANSELD
	F	 01 01BB BFFF FFFF	399
	B	 01 01BB B000 1111	2
000397	150F	BSF ANSELD,2
	K	 10 1KKK KKKK KKKK	976
000398	2BD0	GOTO SYSSELECTEND1
		SYSSELECT1CASE15
	K	 11 0000 KKKK KKKK	23
000399	3017	MOVLW 23
	F	 00 0010 DFFF FFFF	32
	D	 00 0010 D010 0000	0
00039A	0220	SUBWF ADREADPORT,W
	F	 01 11BB BFFF FFFF	3
	B	 01 11BB B000 0011	2
00039B	1D03	BTFSS STATUS, Z
	K	 10 1KKK KKKK KKKK	928
00039C	2BA0	GOTO SYSSELECT1CASE16
	K	00 0000 001K KKKK	3
000000	0023	BANKSEL ANSELD
	F	 01 01BB BFFF FFFF	399
	B	 01 01BB B000 1111	3
00039E	158F	BSF ANSELD,3
	K	 10 1KKK KKKK KKKK	976
00039F	2BD0	GOTO SYSSELECTEND1
		SYSSELECT1CASE16
	K	 11 0000 KKKK KKKK	24
0003A0	3018	MOVLW 24
	F	 00 0010 DFFF FFFF	32
	D	 00 0010 D010 0000	0
0003A1	0220	SUBWF ADREADPORT,W
	F	 01 11BB BFFF FFFF	3
	B	 01 11BB B000 0011	2
0003A2	1D03	BTFSS STATUS, Z
	K	 10 1KKK KKKK KKKK	935
0003A3	2BA7	GOTO SYSSELECT1CASE17
	K	00 0000 001K KKKK	3
000000	0023	BANKSEL ANSELD
	F	 01 01BB BFFF FFFF	399
	B	 01 01BB B000 1111	4
0003A5	160F	BSF ANSELD,4
	K	 10 1KKK KKKK KKKK	976
0003A6	2BD0	GOTO SYSSELECTEND1
		SYSSELECT1CASE17
	K	 11 0000 KKKK KKKK	25
0003A7	3019	MOVLW 25
	F	 00 0010 DFFF FFFF	32
	D	 00 0010 D010 0000	0
0003A8	0220	SUBWF ADREADPORT,W
	F	 01 11BB BFFF FFFF	3
	B	 01 11BB B000 0011	2
0003A9	1D03	BTFSS STATUS, Z
	K	 10 1KKK KKKK KKKK	942
0003AA	2BAE	GOTO SYSSELECT1CASE18
	K	00 0000 001K KKKK	3
000000	0023	BANKSEL ANSELD
	F	 01 01BB BFFF FFFF	399
	B	 01 01BB B000 1111	5
0003AC	168F	BSF ANSELD,5
	K	 10 1KKK KKKK KKKK	976
0003AD	2BD0	GOTO SYSSELECTEND1
		SYSSELECT1CASE18
	K	 11 0000 KKKK KKKK	26
0003AE	301A	MOVLW 26
	F	 00 0010 DFFF FFFF	32
	D	 00 0010 D010 0000	0
0003AF	0220	SUBWF ADREADPORT,W
	F	 01 11BB BFFF FFFF	3
	B	 01 11BB B000 0011	2
0003B0	1D03	BTFSS STATUS, Z
	K	 10 1KKK KKKK KKKK	949
0003B1	2BB5	GOTO SYSSELECT1CASE19
	K	00 0000 001K KKKK	3
000000	0023	BANKSEL ANSELD
	F	 01 01BB BFFF FFFF	399
	B	 01 01BB B000 1111	6
0003B3	170F	BSF ANSELD,6
	K	 10 1KKK KKKK KKKK	976
0003B4	2BD0	GOTO SYSSELECTEND1
		SYSSELECT1CASE19
	K	 11 0000 KKKK KKKK	27
0003B5	301B	MOVLW 27
	F	 00 0010 DFFF FFFF	32
	D	 00 0010 D010 0000	0
0003B6	0220	SUBWF ADREADPORT,W
	F	 01 11BB BFFF FFFF	3
	B	 01 11BB B000 0011	2
0003B7	1D03	BTFSS STATUS, Z
	K	 10 1KKK KKKK KKKK	956
0003B8	2BBC	GOTO SYSSELECT1CASE20
	K	00 0000 001K KKKK	3
000000	0023	BANKSEL ANSELD
	F	 01 01BB BFFF FFFF	399
	B	 01 01BB B000 1111	7
0003BA	178F	BSF ANSELD,7
	K	 10 1KKK KKKK KKKK	976
0003BB	2BD0	GOTO SYSSELECTEND1
		SYSSELECT1CASE20
	K	 11 0000 KKKK KKKK	5
0003BC	3005	MOVLW 5
	F	 00 0010 DFFF FFFF	32
	D	 00 0010 D010 0000	0
0003BD	0220	SUBWF ADREADPORT,W
	F	 01 11BB BFFF FFFF	3
	B	 01 11BB B000 0011	2
0003BE	1D03	BTFSS STATUS, Z
	K	 10 1KKK KKKK KKKK	963
0003BF	2BC3	GOTO SYSSELECT1CASE21
	K	00 0000 001K KKKK	3
000000	0023	BANKSEL ANSELE
	F	 01 01BB BFFF FFFF	400
	B	 01 01BB B001 0000	0
0003C1	1410	BSF ANSELE,0
	K	 10 1KKK KKKK KKKK	976
0003C2	2BD0	GOTO SYSSELECTEND1
		SYSSELECT1CASE21
	K	 11 0000 KKKK KKKK	6
0003C3	3006	MOVLW 6
	F	 00 0010 DFFF FFFF	32
	D	 00 0010 D010 0000	0
0003C4	0220	SUBWF ADREADPORT,W
	F	 01 11BB BFFF FFFF	3
	B	 01 11BB B000 0011	2
0003C5	1D03	BTFSS STATUS, Z
	K	 10 1KKK KKKK KKKK	970
0003C6	2BCA	GOTO SYSSELECT1CASE22
	K	00 0000 001K KKKK	3
000000	0023	BANKSEL ANSELE
	F	 01 01BB BFFF FFFF	400
	B	 01 01BB B001 0000	1
0003C8	1490	BSF ANSELE,1
	K	 10 1KKK KKKK KKKK	976
0003C9	2BD0	GOTO SYSSELECTEND1
		SYSSELECT1CASE22
	K	 11 0000 KKKK KKKK	7
0003CA	3007	MOVLW 7
	F	 00 0010 DFFF FFFF	32
	D	 00 0010 D010 0000	0
0003CB	0220	SUBWF ADREADPORT,W
	F	 01 11BB BFFF FFFF	3
	B	 01 11BB B000 0011	2
0003CC	1D03	BTFSS STATUS, Z
	K	 10 1KKK KKKK KKKK	976
0003CD	2BD0	GOTO SYSSELECTEND1
	K	00 0000 001K KKKK	3
000000	0023	BANKSEL ANSELE
	F	 01 01BB BFFF FFFF	400
	B	 01 01BB B001 0000	2
0003CF	1510	BSF ANSELE,2
		SYSSELECTEND1
	K	00 0000 001K KKKK	1
000000	0021	BANKSEL ADCON1
	F	 01 00BB BFFF FFFF	158
	B	 01 00BB B001 1110	6
0003D1	131E	BCF ADCON1,ADCS2
	F	 01 00BB BFFF FFFF	158
	B	 01 00BB B001 1110	5
0003D2	129E	BCF ADCON1,ADCS1
	F	 01 01BB BFFF FFFF	158
	B	 01 01BB B001 1110	4
0003D3	161E	BSF ADCON1,ADCS0
	F	 01 00BB BFFF FFFF	157
	B	 01 00BB B001 1101	2
0003D4	111D	BCF ADCON0,CHS0
	F	 01 00BB BFFF FFFF	157
	B	 01 00BB B001 1101	3
0003D5	119D	BCF ADCON0,CHS1
	F	 01 00BB BFFF FFFF	157
	B	 01 00BB B001 1101	4
0003D6	121D	BCF ADCON0,CHS2
	F	 01 00BB BFFF FFFF	157
	B	 01 00BB B001 1101	5
0003D7	129D	BCF ADCON0,CHS3
	F	 01 00BB BFFF FFFF	157
	B	 01 00BB B001 1101	6
0003D8	131D	BCF ADCON0,CHS4
	K	00 0000 001K KKKK	0
000000	0020	BANKSEL ADREADPORT
	F	 01 11BB BFFF FFFF	32
	B	 01 11BB B010 0000	0
0003DA	1C20	BTFSS ADREADPORT,0
	K	 10 1KKK KKKK KKKK	990
0003DB	2BDE	GOTO ENDIF12
	K	00 0000 001K KKKK	1
000000	0021	BANKSEL ADCON0
	F	 01 01BB BFFF FFFF	157
	B	 01 01BB B001 1101	2
0003DD	151D	BSF ADCON0,CHS0
		ENDIF12
	K	00 0000 001K KKKK	0
000000	0020	BANKSEL ADREADPORT
	F	 01 11BB BFFF FFFF	32
	B	 01 11BB B010 0000	1
0003DF	1CA0	BTFSS ADREADPORT,1
	K	 10 1KKK KKKK KKKK	995
0003E0	2BE3	GOTO ENDIF13
	K	00 0000 001K KKKK	1
000000	0021	BANKSEL ADCON0
	F	 01 01BB BFFF FFFF	157
	B	 01 01BB B001 1101	3
0003E2	159D	BSF ADCON0,CHS1
		ENDIF13
	K	00 0000 001K KKKK	0
000000	0020	BANKSEL ADREADPORT
	F	 01 11BB BFFF FFFF	32
	B	 01 11BB B010 0000	2
0003E4	1D20	BTFSS ADREADPORT,2
	K	 10 1KKK KKKK KKKK	1000
0003E5	2BE8	GOTO ENDIF14
	K	00 0000 001K KKKK	1
000000	0021	BANKSEL ADCON0
	F	 01 01BB BFFF FFFF	157
	B	 01 01BB B001 1101	4
0003E7	161D	BSF ADCON0,CHS2
		ENDIF14
	K	00 0000 001K KKKK	0
000000	0020	BANKSEL ADREADPORT
	F	 01 11BB BFFF FFFF	32
	B	 01 11BB B010 0000	3
0003E9	1DA0	BTFSS ADREADPORT,3
	K	 10 1KKK KKKK KKKK	1005
0003EA	2BED	GOTO ENDIF15
	K	00 0000 001K KKKK	1
000000	0021	BANKSEL ADCON0
	F	 01 01BB BFFF FFFF	157
	B	 01 01BB B001 1101	5
0003EC	169D	BSF ADCON0,CHS3
		ENDIF15
	K	00 0000 001K KKKK	0
000000	0020	BANKSEL ADREADPORT
	F	 01 11BB BFFF FFFF	32
	B	 01 11BB B010 0000	4
0003EE	1E20	BTFSS ADREADPORT,4
	K	 10 1KKK KKKK KKKK	1010
0003EF	2BF2	GOTO ENDIF16
	K	00 0000 001K KKKK	1
000000	0021	BANKSEL ADCON0
	F	 01 01BB BFFF FFFF	157
	B	 01 01BB B001 1101	6
0003F1	171D	BSF ADCON0,CHS4
		ENDIF16
	K	00 0000 001K KKKK	1
000000	0021	BANKSEL ADCON0
	F	 01 01BB BFFF FFFF	157
	B	 01 01BB B001 1101	0
0003F3	141D	BSF ADCON0,ADON
	K	 11 0000 KKKK KKKK	2
0003F4	3002	MOVLW 2
	F	 00 0000 1FFF FFFF	117
0003F5	00F5	MOVWF SYSWAITTEMP10US
	K	00 0000 001K KKKK	0
000000	0020	BANKSEL STATUS
	K	 10 0KKK KKKK KKKK	339
0003F7	2153	CALL DELAY_10US
	K	00 0000 001K KKKK	1
000000	0021	BANKSEL ADCON0
	F	 01 01BB BFFF FFFF	157
	B	 01 01BB B001 1101	1
0003F9	149D	BSF ADCON0,GO_NOT_DONE
0003FA	0000	NOP
		SYSWAITLOOP1
	F	 01 10BB BFFF FFFF	157
	B	 01 10BB B001 1101	1
0003FB	189D	BTFSC ADCON0,GO_NOT_DONE
	K	 10 1KKK KKKK KKKK	1019
0003FC	2BFB	GOTO SYSWAITLOOP1
	F	 01 00BB BFFF FFFF	157
	B	 01 00BB B001 1101	0
0003FD	101D	BCF ADCON0,ADON
	K	00 0000 001K KKKK	3
000000	0023	BANKSEL ANSELA
	F	 00 0001 1FFF FFFF	396
0003FF	018C	CLRF ANSELA
	F	 00 0001 1FFF FFFF	397
000400	018D	CLRF ANSELB
	F	 00 0001 1FFF FFFF	399
000401	018F	CLRF ANSELD
	F	 00 0001 1FFF FFFF	400
000402	0190	CLRF ANSELE
	K	00 0000 001K KKKK	1
000000	0021	BANKSEL ADRESH
	F	 00 1000 DFFF FFFF	156
	D	 00 1000 D001 1100	0
000404	081C	MOVF ADRESH,W
	K	00 0000 001K KKKK	0
000000	0020	BANKSEL READAD
	F	 00 0000 1FFF FFFF	64
000406	00C0	MOVWF READAD
	K	00 0000 001K KKKK	1
000000	0021	BANKSEL ADCON1
	F	 01 00BB BFFF FFFF	158
	B	 01 00BB B001 1110	7
000408	139E	BCF ADCON1,ADFM
	K	00 0000 001K KKKK	0
000000	0020	BANKSEL STATUS
00040A	0008	RETURN


		FN_RIGHT
	F	 00 1000 DFFF FFFF	92
	D	 00 1000 D101 1100	0
00040B	085C	MOVF SYSSYSINSTRINGHANDLER,W
	F	 00 0000 1FFF FFFF	4
00040C	0084	MOVWF AFSR0
	F	 00 1000 DFFF FFFF	93
	D	 00 1000 D101 1101	0
00040D	085D	MOVF SYSSYSINSTRINGHANDLER_H,W
	F	 00 0000 1FFF FFFF	5
00040E	0085	MOVWF AFSR0_H
	F	 00 1000 DFFF FFFF	0
	D	 00 1000 D000 0000	1
00040F	0880	MOVF INDF0,F
	F	 01 11BB BFFF FFFF	3
	B	 01 11BB B000 0011	2
000410	1D03	BTFSS STATUS, Z
	K	 10 1KKK KKKK KKKK	1046
000411	2C16	GOTO ENDIF50
	K	00 0000 001K KKKK	5
000000	0025	BANKSEL SYSRIGHT_0
	F	 00 0001 1FFF FFFF	686
000413	01AE	CLRF SYSRIGHT_0
	K	00 0000 001K KKKK	0
000000	0020	BANKSEL STATUS
000415	0008	RETURN
		ENDIF50
	F	 00 1000 DFFF FFFF	92
	D	 00 1000 D101 1100	0
000416	085C	MOVF SYSSYSINSTRINGHANDLER,W
	F	 00 0000 1FFF FFFF	4
000417	0084	MOVWF AFSR0
	F	 00 1000 DFFF FFFF	93
	D	 00 1000 D101 1101	0
000418	085D	MOVF SYSSYSINSTRINGHANDLER_H,W
	F	 00 0000 1FFF FFFF	5
000419	0085	MOVWF AFSR0_H
	F	 00 1000 DFFF FFFF	71
	D	 00 1000 D100 0111	0
00041A	0847	MOVF SYSCHARCOUNT,W
	F	 00 0010 DFFF FFFF	0
	D	 00 0010 D000 0000	0
00041B	0200	SUBWF INDF0,W
	F	 01 10BB BFFF FFFF	3
	B	 01 10BB B000 0011	0
00041C	1803	BTFSC STATUS, C
	K	 10 1KKK KKKK KKKK	1060
00041D	2C24	GOTO ENDIF51
	F	 00 1000 DFFF FFFF	92
	D	 00 1000 D101 1100	0
00041E	085C	MOVF SYSSYSINSTRINGHANDLER,W
	F	 00 0000 1FFF FFFF	4
00041F	0084	MOVWF AFSR0
	F	 00 1000 DFFF FFFF	93
	D	 00 1000 D101 1101	0
000420	085D	MOVF SYSSYSINSTRINGHANDLER_H,W
	F	 00 0000 1FFF FFFF	5
000421	0085	MOVWF AFSR0_H
	F	 00 1000 DFFF FFFF	0
	D	 00 1000 D000 0000	0
000422	0800	MOVF INDF0,W
	F	 00 0000 1FFF FFFF	71
000423	00C7	MOVWF SYSCHARCOUNT
		ENDIF51
	F	 00 1000 DFFF FFFF	92
	D	 00 1000 D101 1100	0
000424	085C	MOVF SYSSYSINSTRINGHANDLER,W
	F	 00 0000 1FFF FFFF	4
000425	0084	MOVWF AFSR0
	F	 00 1000 DFFF FFFF	93
	D	 00 1000 D101 1101	0
000426	085D	MOVF SYSSYSINSTRINGHANDLER_H,W
	F	 00 0000 1FFF FFFF	5
000427	0085	MOVWF AFSR0_H
	F	 00 1000 DFFF FFFF	71
	D	 00 1000 D100 0111	0
000428	0847	MOVF SYSCHARCOUNT,W
	F	 00 0010 DFFF FFFF	0
	D	 00 0010 D000 0000	0
000429	0200	SUBWF INDF0,W
	F	 00 0000 1FFF FFFF	72
00042A	00C8	MOVWF SYSCHARSTART
	F	 00 0001 1FFF FFFF	91
00042B	01DB	CLRF SYSSTRINGTEMP
	K	 11 0000 KKKK KKKK	1
00042C	3001	MOVLW 1
	F	 00 0010 DFFF FFFF	71
	D	 00 0010 D100 0111	0
00042D	0247	SUBWF SYSCHARCOUNT,W
	F	 01 11BB BFFF FFFF	3
	B	 01 11BB B000 0011	0
00042E	1C03	BTFSS STATUS, C
	K	 10 1KKK KKKK KKKK	1097
00042F	2C49	GOTO SYSFORLOOPEND3
		SYSFORLOOP3
	F	 00 1010 DFFF FFFF	91
	D	 00 1010 D101 1011	1
000430	0ADB	INCF SYSSTRINGTEMP,F
	F	 00 1000 DFFF FFFF	91
	D	 00 1000 D101 1011	0
000431	085B	MOVF SYSSTRINGTEMP,W
	F	 00 0111 DFFF FFFF	72
	D	 00 0111 D100 1000	0
000432	0748	ADDWF SYSCHARSTART,W
	F	 00 0000 1FFF FFFF	100
000433	00E4	MOVWF SYSTEMP3
	F	 00 0111 DFFF FFFF	92
	D	 00 0111 D101 1100	0
000434	075C	ADDWF SYSSYSINSTRINGHANDLER,W
	F	 00 0000 1FFF FFFF	4
000435	0084	MOVWF AFSR0
	K	 11 0000 KKKK KKKK	0
000436	3000	MOVLW 0
	F	 11 1101 DFFF FFFF	93
	D	 11 1101 D101 1101	0
000437	3D5D	ADDWFC SYSSYSINSTRINGHANDLER_H,W
	F	 00 0000 1FFF FFFF	5
000438	0085	MOVWF AFSR0_H
	F	 00 1000 DFFF FFFF	0
	D	 00 1000 D000 0000	0
000439	0800	MOVF INDF0,W
	F	 00 0000 1FFF FFFF	69
00043A	00C5	MOVWF SYSARRAYTEMP2
	F	 00 0000 1FFF FFFF	68
00043B	00C4	MOVWF SYSARRAYTEMP1
	K	 11 0000 KKKK KKKK	158
00043C	309E	MOVLW LOW(RIGHT)
	F	 00 0111 DFFF FFFF	91
	D	 00 0111 D101 1011	0
00043D	075B	ADDWF SYSSTRINGTEMP,W
	F	 00 0000 1FFF FFFF	4
00043E	0084	MOVWF AFSR0
	F	 00 0001 1FFF FFFF	100
00043F	01E4	CLRF SYSTEMP3
	K	 11 0000 KKKK KKKK	33
000440	3021	MOVLW HIGH(RIGHT)
	F	 11 1101 DFFF FFFF	100
	D	 11 1101 D110 0100	0
000441	3D64	ADDWFC SYSTEMP3,W
	F	 00 0000 1FFF FFFF	5
000442	0085	MOVWF AFSR0_H
	F	 00 1000 DFFF FFFF	68
	D	 00 1000 D100 0100	0
000443	0844	MOVF SYSARRAYTEMP1,W
	F	 00 0000 1FFF FFFF	0
000444	0080	MOVWF INDF0
	F	 00 1000 DFFF FFFF	71
	D	 00 1000 D100 0111	0
000445	0847	MOVF SYSCHARCOUNT,W
	F	 00 0010 DFFF FFFF	91
	D	 00 0010 D101 1011	0
000446	025B	SUBWF SYSSTRINGTEMP,W
	F	 01 11BB BFFF FFFF	3
	B	 01 11BB B000 0011	0
000447	1C03	BTFSS STATUS, C
	K	 10 1KKK KKKK KKKK	1072
000448	2C30	GOTO SYSFORLOOP3
		SYSFORLOOPEND3
	F	 00 1000 DFFF FFFF	71
	D	 00 1000 D100 0111	0
000449	0847	MOVF SYSCHARCOUNT,W
	K	00 0000 001K KKKK	5
000000	0025	BANKSEL SYSRIGHT_0
	F	 00 0000 1FFF FFFF	686
00044B	00AE	MOVWF SYSRIGHT_0
	K	00 0000 001K KKKK	0
000000	0020	BANKSEL STATUS
00044D	0008	RETURN


		FN_SCALE79
	F	 00 1000 DFFF FFFF	47
	D	 00 1000 D010 1111	0
00044E	082F	MOVF L_FROMLOW,W
	F	 00 0010 DFFF FFFF	49
	D	 00 0010 D011 0001	0
00044F	0231	SUBWF L_MAP,W
	F	 00 0000 1FFF FFFF	94
000450	00DE	MOVWF SYSTEMP1
	F	 00 1000 DFFF FFFF	48
	D	 00 1000 D011 0000	0
000451	0830	MOVF L_FROMLOW_H,W
	F	 11 1011 DFFF FFFF	50
	D	 11 1011 D011 0010	0
000452	3B32	SUBWFB L_MAP_H,W
	F	 00 0000 1FFF FFFF	95
000453	00DF	MOVWF SYSTEMP1_H
	F	 00 1000 DFFF FFFF	59
	D	 00 1000 D011 1011	0
000454	083B	MOVF L_TOLOW,W
	F	 00 0010 DFFF FFFF	57
	D	 00 0010 D011 1001	0
000455	0239	SUBWF L_TOHIGH,W
	F	 00 0000 1FFF FFFF	98
000456	00E2	MOVWF SYSTEMP2
	F	 00 1000 DFFF FFFF	60
	D	 00 1000 D011 1100	0
000457	083C	MOVF L_TOLOW_H,W
	F	 11 1011 DFFF FFFF	58
	D	 11 1011 D011 1010	0
000458	3B3A	SUBWFB L_TOHIGH_H,W
	F	 00 0000 1FFF FFFF	99
000459	00E3	MOVWF SYSTEMP2_H
	F	 00 1000 DFFF FFFF	94
	D	 00 1000 D101 1110	0
00045A	085E	MOVF SYSTEMP1,W
	F	 00 0000 1FFF FFFF	117
00045B	00F5	MOVWF SYSLONGTEMPA
	F	 00 1000 DFFF FFFF	95
	D	 00 1000 D101 1111	0
00045C	085F	MOVF SYSTEMP1_H,W
	F	 00 0000 1FFF FFFF	118
00045D	00F6	MOVWF SYSLONGTEMPA_H
	F	 00 0001 1FFF FFFF	119
00045E	01F7	CLRF SYSLONGTEMPA_U
	F	 00 0001 1FFF FFFF	120
00045F	01F8	CLRF SYSLONGTEMPA_E
	F	 00 1000 DFFF FFFF	98
	D	 00 1000 D110 0010	0
000460	0862	MOVF SYSTEMP2,W
	F	 00 0000 1FFF FFFF	121
000461	00F9	MOVWF SYSLONGTEMPB
	F	 00 1000 DFFF FFFF	99
	D	 00 1000 D110 0011	0
000462	0863	MOVF SYSTEMP2_H,W
	F	 00 0000 1FFF FFFF	122
000463	00FA	MOVWF SYSLONGTEMPB_H
	F	 00 0001 1FFF FFFF	123
000464	01FB	CLRF SYSLONGTEMPB_U
	F	 00 0001 1FFF FFFF	124
000465	01FC	CLRF SYSLONGTEMPB_E
	K	 10 0KKK KKKK KKKK	1623
000466	2657	CALL SYSMULTSUB32
	F	 00 1000 DFFF FFFF	112
	D	 00 1000 D111 0000	0
000467	0870	MOVF SYSLONGTEMPX,W
	F	 00 0000 1FFF FFFF	53
000468	00B5	MOVWF L_SYSCALCF
	F	 00 1000 DFFF FFFF	113
	D	 00 1000 D111 0001	0
000469	0871	MOVF SYSLONGTEMPX_H,W
	F	 00 0000 1FFF FFFF	54
00046A	00B6	MOVWF L_SYSCALCF_H
	F	 00 1000 DFFF FFFF	114
	D	 00 1000 D111 0010	0
00046B	0872	MOVF SYSLONGTEMPX_U,W
	F	 00 0000 1FFF FFFF	55
00046C	00B7	MOVWF L_SYSCALCF_U
	F	 00 1000 DFFF FFFF	115
	D	 00 1000 D111 0011	0
00046D	0873	MOVF SYSLONGTEMPX_E,W
	F	 00 0000 1FFF FFFF	56
00046E	00B8	MOVWF L_SYSCALCF_E
	F	 00 1000 DFFF FFFF	47
	D	 00 1000 D010 1111	0
00046F	082F	MOVF L_FROMLOW,W
	F	 00 0010 DFFF FFFF	45
	D	 00 0010 D010 1101	0
000470	022D	SUBWF L_FROMHIGH,W
	F	 00 0000 1FFF FFFF	51
000471	00B3	MOVWF L_SYSCALC
	F	 00 1000 DFFF FFFF	48
	D	 00 1000 D011 0000	0
000472	0830	MOVF L_FROMLOW_H,W
	F	 11 1011 DFFF FFFF	46
	D	 11 1011 D010 1110	0
000473	3B2E	SUBWFB L_FROMHIGH_H,W
	F	 00 0000 1FFF FFFF	52
000474	00B4	MOVWF L_SYSCALC_H
	F	 00 1000 DFFF FFFF	53
	D	 00 1000 D011 0101	0
000475	0835	MOVF L_SYSCALCF,W
	F	 00 0000 1FFF FFFF	117
000476	00F5	MOVWF SYSLONGTEMPA
	F	 00 1000 DFFF FFFF	54
	D	 00 1000 D011 0110	0
000477	0836	MOVF L_SYSCALCF_H,W
	F	 00 0000 1FFF FFFF	118
000478	00F6	MOVWF SYSLONGTEMPA_H
	F	 00 1000 DFFF FFFF	55
	D	 00 1000 D011 0111	0
000479	0837	MOVF L_SYSCALCF_U,W
	F	 00 0000 1FFF FFFF	119
00047A	00F7	MOVWF SYSLONGTEMPA_U
	F	 00 1000 DFFF FFFF	56
	D	 00 1000 D011 1000	0
00047B	0838	MOVF L_SYSCALCF_E,W
	F	 00 0000 1FFF FFFF	120
00047C	00F8	MOVWF SYSLONGTEMPA_E
	F	 00 1000 DFFF FFFF	51
	D	 00 1000 D011 0011	0
00047D	0833	MOVF L_SYSCALC,W
	F	 00 0000 1FFF FFFF	121
00047E	00F9	MOVWF SYSLONGTEMPB
	F	 00 1000 DFFF FFFF	52
	D	 00 1000 D011 0100	0
00047F	0834	MOVF L_SYSCALC_H,W
	F	 00 0000 1FFF FFFF	122
000480	00FA	MOVWF SYSLONGTEMPB_H
	F	 00 0001 1FFF FFFF	123
000481	01FB	CLRF SYSLONGTEMPB_U
	F	 00 0001 1FFF FFFF	124
000482	01FC	CLRF SYSLONGTEMPB_E
	K	 10 0KKK KKKK KKKK	1521
000483	25F1	CALL SYSDIVSUB32
	F	 00 1000 DFFF FFFF	117
	D	 00 1000 D111 0101	0
000484	0875	MOVF SYSLONGTEMPA,W
	F	 00 0000 1FFF FFFF	94
000485	00DE	MOVWF SYSTEMP1
	F	 00 1000 DFFF FFFF	118
	D	 00 1000 D111 0110	0
000486	0876	MOVF SYSLONGTEMPA_H,W
	F	 00 0000 1FFF FFFF	95
000487	00DF	MOVWF SYSTEMP1_H
	F	 00 1000 DFFF FFFF	119
	D	 00 1000 D111 0111	0
000488	0877	MOVF SYSLONGTEMPA_U,W
	F	 00 0000 1FFF FFFF	96
000489	00E0	MOVWF SYSTEMP1_U
	F	 00 1000 DFFF FFFF	120
	D	 00 1000 D111 1000	0
00048A	0878	MOVF SYSLONGTEMPA_E,W
	F	 00 0000 1FFF FFFF	97
00048B	00E1	MOVWF SYSTEMP1_E
	F	 00 1000 DFFF FFFF	59
	D	 00 1000 D011 1011	0
00048C	083B	MOVF L_TOLOW,W
	F	 00 0111 DFFF FFFF	94
	D	 00 0111 D101 1110	0
00048D	075E	ADDWF SYSTEMP1,W
	F	 00 0000 1FFF FFFF	98
00048E	00E2	MOVWF SYSTEMP2
	F	 00 1000 DFFF FFFF	60
	D	 00 1000 D011 1100	0
00048F	083C	MOVF L_TOLOW_H,W
	F	 11 1101 DFFF FFFF	95
	D	 11 1101 D101 1111	0
000490	3D5F	ADDWFC SYSTEMP1_H,W
	F	 00 0000 1FFF FFFF	99
000491	00E3	MOVWF SYSTEMP2_H
	F	 00 1000 DFFF FFFF	43
	D	 00 1000 D010 1011	0
000492	082B	MOVF L_CALIBRATE,W
	F	 00 0111 DFFF FFFF	98
	D	 00 0111 D110 0010	0
000493	0762	ADDWF SYSTEMP2,W
	F	 00 0000 1FFF FFFF	65
000494	00C1	MOVWF SCALE
	F	 00 1000 DFFF FFFF	44
	D	 00 1000 D010 1100	0
000495	082C	MOVF L_CALIBRATE_H,W
	F	 11 1101 DFFF FFFF	99
	D	 11 1101 D110 0011	0
000496	3D63	ADDWFC SYSTEMP2_H,W
	F	 00 0000 1FFF FFFF	66
000497	00C2	MOVWF SCALE_H
000498	0008	RETURN


		FN_STR
	F	 00 0001 1FFF FFFF	71
000499	01C7	CLRF SYSCHARCOUNT
	F	 00 1000 DFFF FFFF	101
	D	 00 1000 D110 0101	0
00049A	0865	MOVF SYSVALTEMP,W
	F	 00 0000 1FFF FFFF	117
00049B	00F5	MOVWF SYSWORDTEMPA
	F	 00 1000 DFFF FFFF	102
	D	 00 1000 D110 0110	0
00049C	0866	MOVF SYSVALTEMP_H,W
	F	 00 0000 1FFF FFFF	118
00049D	00F6	MOVWF SYSWORDTEMPA_H
	K	 11 0000 KKKK KKKK	16
00049E	3010	MOVLW 16
	F	 00 0000 1FFF FFFF	121
00049F	00F9	MOVWF SYSWORDTEMPB
	K	 11 0000 KKKK KKKK	39
0004A0	3027	MOVLW 39
	F	 00 0000 1FFF FFFF	122
0004A1	00FA	MOVWF SYSWORDTEMPB_H
	K	 10 0KKK KKKK KKKK	1392
0004A2	2570	CALL SYSCOMPLESSTHAN16
	F	 00 1001 DFFF FFFF	112
	D	 00 1001 D111 0000	1
0004A3	09F0	COMF SYSBYTETEMPX,F
	F	 01 11BB BFFF FFFF	112
	B	 01 11BB B111 0000	0
0004A4	1C70	BTFSS SYSBYTETEMPX,0
	K	 10 1KKK KKKK KKKK	1217
0004A5	2CC1	GOTO ENDIF42
	F	 00 1000 DFFF FFFF	101
	D	 00 1000 D110 0101	0
0004A6	0865	MOVF SYSVALTEMP,W
	F	 00 0000 1FFF FFFF	117
0004A7	00F5	MOVWF SYSWORDTEMPA
	F	 00 1000 DFFF FFFF	102
	D	 00 1000 D110 0110	0
0004A8	0866	MOVF SYSVALTEMP_H,W
	F	 00 0000 1FFF FFFF	118
0004A9	00F6	MOVWF SYSWORDTEMPA_H
	K	 11 0000 KKKK KKKK	16
0004AA	3010	MOVLW 16
	F	 00 0000 1FFF FFFF	121
0004AB	00F9	MOVWF SYSWORDTEMPB
	K	 11 0000 KKKK KKKK	39
0004AC	3027	MOVLW 39
	F	 00 0000 1FFF FFFF	122
0004AD	00FA	MOVWF SYSWORDTEMPB_H
	K	 10 0KKK KKKK KKKK	1469
0004AE	25BD	CALL SYSDIVSUB16
	F	 00 1000 DFFF FFFF	117
	D	 00 1000 D111 0101	0
0004AF	0875	MOVF SYSWORDTEMPA,W
	F	 00 0000 1FFF FFFF	90
0004B0	00DA	MOVWF SYSSTRDATA
	F	 00 1000 DFFF FFFF	112
	D	 00 1000 D111 0000	0
0004B1	0870	MOVF SYSCALCTEMPX,W
	F	 00 0000 1FFF FFFF	101
0004B2	00E5	MOVWF SYSVALTEMP
	F	 00 1000 DFFF FFFF	113
	D	 00 1000 D111 0001	0
0004B3	0871	MOVF SYSCALCTEMPX_H,W
	F	 00 0000 1FFF FFFF	102
0004B4	00E6	MOVWF SYSVALTEMP_H
	F	 00 1010 DFFF FFFF	71
	D	 00 1010 D100 0111	1
0004B5	0AC7	INCF SYSCHARCOUNT,F
	K	 11 0000 KKKK KKKK	143
0004B6	308F	MOVLW LOW(STR)
	F	 00 0111 DFFF FFFF	71
	D	 00 0111 D100 0111	0
0004B7	0747	ADDWF SYSCHARCOUNT,W
	F	 00 0000 1FFF FFFF	4
0004B8	0084	MOVWF AFSR0
	F	 00 0001 1FFF FFFF	100
0004B9	01E4	CLRF SYSTEMP3
	K	 11 0000 KKKK KKKK	33
0004BA	3021	MOVLW HIGH(STR)
	F	 11 1101 DFFF FFFF	100
	D	 11 1101 D110 0100	0
0004BB	3D64	ADDWFC SYSTEMP3,W
	F	 00 0000 1FFF FFFF	5
0004BC	0085	MOVWF AFSR0_H
	K	 11 0000 KKKK KKKK	48
0004BD	3030	MOVLW 48
	F	 00 0111 DFFF FFFF	90
	D	 00 0111 D101 1010	0
0004BE	075A	ADDWF SYSSTRDATA,W
	F	 00 0000 1FFF FFFF	0
0004BF	0080	MOVWF INDF0
	K	 10 1KKK KKKK KKKK	1229
0004C0	2CCD	GOTO SYSVALTHOUSANDS
		ENDIF42
	F	 00 1000 DFFF FFFF	101
	D	 00 1000 D110 0101	0
0004C1	0865	MOVF SYSVALTEMP,W
	F	 00 0000 1FFF FFFF	117
0004C2	00F5	MOVWF SYSWORDTEMPA
	F	 00 1000 DFFF FFFF	102
	D	 00 1000 D110 0110	0
0004C3	0866	MOVF SYSVALTEMP_H,W
	F	 00 0000 1FFF FFFF	118
0004C4	00F6	MOVWF SYSWORDTEMPA_H
	K	 11 0000 KKKK KKKK	232
0004C5	30E8	MOVLW 232
	F	 00 0000 1FFF FFFF	121
0004C6	00F9	MOVWF SYSWORDTEMPB
	K	 11 0000 KKKK KKKK	3
0004C7	3003	MOVLW 3
	F	 00 0000 1FFF FFFF	122
0004C8	00FA	MOVWF SYSWORDTEMPB_H
	K	 10 0KKK KKKK KKKK	1392
0004C9	2570	CALL SYSCOMPLESSTHAN16
	F	 00 1001 DFFF FFFF	112
	D	 00 1001 D111 0000	1
0004CA	09F0	COMF SYSBYTETEMPX,F
	F	 01 11BB BFFF FFFF	112
	B	 01 11BB B111 0000	0
0004CB	1C70	BTFSS SYSBYTETEMPX,0
	K	 10 1KKK KKKK KKKK	1256
0004CC	2CE8	GOTO ENDIF43
		SYSVALTHOUSANDS
	F	 00 1000 DFFF FFFF	101
	D	 00 1000 D110 0101	0
0004CD	0865	MOVF SYSVALTEMP,W
	F	 00 0000 1FFF FFFF	117
0004CE	00F5	MOVWF SYSWORDTEMPA
	F	 00 1000 DFFF FFFF	102
	D	 00 1000 D110 0110	0
0004CF	0866	MOVF SYSVALTEMP_H,W
	F	 00 0000 1FFF FFFF	118
0004D0	00F6	MOVWF SYSWORDTEMPA_H
	K	 11 0000 KKKK KKKK	232
0004D1	30E8	MOVLW 232
	F	 00 0000 1FFF FFFF	121
0004D2	00F9	MOVWF SYSWORDTEMPB
	K	 11 0000 KKKK KKKK	3
0004D3	3003	MOVLW 3
	F	 00 0000 1FFF FFFF	122
0004D4	00FA	MOVWF SYSWORDTEMPB_H
	K	 10 0KKK KKKK KKKK	1469
0004D5	25BD	CALL SYSDIVSUB16
	F	 00 1000 DFFF FFFF	117
	D	 00 1000 D111 0101	0
0004D6	0875	MOVF SYSWORDTEMPA,W
	F	 00 0000 1FFF FFFF	90
0004D7	00DA	MOVWF SYSSTRDATA
	F	 00 1000 DFFF FFFF	112
	D	 00 1000 D111 0000	0
0004D8	0870	MOVF SYSCALCTEMPX,W
	F	 00 0000 1FFF FFFF	101
0004D9	00E5	MOVWF SYSVALTEMP
	F	 00 1000 DFFF FFFF	113
	D	 00 1000 D111 0001	0
0004DA	0871	MOVF SYSCALCTEMPX_H,W
	F	 00 0000 1FFF FFFF	102
0004DB	00E6	MOVWF SYSVALTEMP_H
	F	 00 1010 DFFF FFFF	71
	D	 00 1010 D100 0111	1
0004DC	0AC7	INCF SYSCHARCOUNT,F
	K	 11 0000 KKKK KKKK	143
0004DD	308F	MOVLW LOW(STR)
	F	 00 0111 DFFF FFFF	71
	D	 00 0111 D100 0111	0
0004DE	0747	ADDWF SYSCHARCOUNT,W
	F	 00 0000 1FFF FFFF	4
0004DF	0084	MOVWF AFSR0
	F	 00 0001 1FFF FFFF	100
0004E0	01E4	CLRF SYSTEMP3
	K	 11 0000 KKKK KKKK	33
0004E1	3021	MOVLW HIGH(STR)
	F	 11 1101 DFFF FFFF	100
	D	 11 1101 D110 0100	0
0004E2	3D64	ADDWFC SYSTEMP3,W
	F	 00 0000 1FFF FFFF	5
0004E3	0085	MOVWF AFSR0_H
	K	 11 0000 KKKK KKKK	48
0004E4	3030	MOVLW 48
	F	 00 0111 DFFF FFFF	90
	D	 00 0111 D101 1010	0
0004E5	075A	ADDWF SYSSTRDATA,W
	F	 00 0000 1FFF FFFF	0
0004E6	0080	MOVWF INDF0
	K	 10 1KKK KKKK KKKK	1267
0004E7	2CF3	GOTO SYSVALHUNDREDS
		ENDIF43
	F	 00 1000 DFFF FFFF	101
	D	 00 1000 D110 0101	0
0004E8	0865	MOVF SYSVALTEMP,W
	F	 00 0000 1FFF FFFF	117
0004E9	00F5	MOVWF SYSWORDTEMPA
	F	 00 1000 DFFF FFFF	102
	D	 00 1000 D110 0110	0
0004EA	0866	MOVF SYSVALTEMP_H,W
	F	 00 0000 1FFF FFFF	118
0004EB	00F6	MOVWF SYSWORDTEMPA_H
	K	 11 0000 KKKK KKKK	100
0004EC	3064	MOVLW 100
	F	 00 0000 1FFF FFFF	121
0004ED	00F9	MOVWF SYSWORDTEMPB
	F	 00 0001 1FFF FFFF	122
0004EE	01FA	CLRF SYSWORDTEMPB_H
	K	 10 0KKK KKKK KKKK	1392
0004EF	2570	CALL SYSCOMPLESSTHAN16
	F	 00 1001 DFFF FFFF	112
	D	 00 1001 D111 0000	1
0004F0	09F0	COMF SYSBYTETEMPX,F
	F	 01 11BB BFFF FFFF	112
	B	 01 11BB B111 0000	0
0004F1	1C70	BTFSS SYSBYTETEMPX,0
	K	 10 1KKK KKKK KKKK	1293
0004F2	2D0D	GOTO ENDIF44
		SYSVALHUNDREDS
	F	 00 1000 DFFF FFFF	101
	D	 00 1000 D110 0101	0
0004F3	0865	MOVF SYSVALTEMP,W
	F	 00 0000 1FFF FFFF	117
0004F4	00F5	MOVWF SYSWORDTEMPA
	F	 00 1000 DFFF FFFF	102
	D	 00 1000 D110 0110	0
0004F5	0866	MOVF SYSVALTEMP_H,W
	F	 00 0000 1FFF FFFF	118
0004F6	00F6	MOVWF SYSWORDTEMPA_H
	K	 11 0000 KKKK KKKK	100
0004F7	3064	MOVLW 100
	F	 00 0000 1FFF FFFF	121
0004F8	00F9	MOVWF SYSWORDTEMPB
	F	 00 0001 1FFF FFFF	122
0004F9	01FA	CLRF SYSWORDTEMPB_H
	K	 10 0KKK KKKK KKKK	1469
0004FA	25BD	CALL SYSDIVSUB16
	F	 00 1000 DFFF FFFF	117
	D	 00 1000 D111 0101	0
0004FB	0875	MOVF SYSWORDTEMPA,W
	F	 00 0000 1FFF FFFF	90
0004FC	00DA	MOVWF SYSSTRDATA
	F	 00 1000 DFFF FFFF	112
	D	 00 1000 D111 0000	0
0004FD	0870	MOVF SYSCALCTEMPX,W
	F	 00 0000 1FFF FFFF	101
0004FE	00E5	MOVWF SYSVALTEMP
	F	 00 1000 DFFF FFFF	113
	D	 00 1000 D111 0001	0
0004FF	0871	MOVF SYSCALCTEMPX_H,W
	F	 00 0000 1FFF FFFF	102
000500	00E6	MOVWF SYSVALTEMP_H
	F	 00 1010 DFFF FFFF	71
	D	 00 1010 D100 0111	1
000501	0AC7	INCF SYSCHARCOUNT,F
	K	 11 0000 KKKK KKKK	143
000502	308F	MOVLW LOW(STR)
	F	 00 0111 DFFF FFFF	71
	D	 00 0111 D100 0111	0
000503	0747	ADDWF SYSCHARCOUNT,W
	F	 00 0000 1FFF FFFF	4
000504	0084	MOVWF AFSR0
	F	 00 0001 1FFF FFFF	100
000505	01E4	CLRF SYSTEMP3
	K	 11 0000 KKKK KKKK	33
000506	3021	MOVLW HIGH(STR)
	F	 11 1101 DFFF FFFF	100
	D	 11 1101 D110 0100	0
000507	3D64	ADDWFC SYSTEMP3,W
	F	 00 0000 1FFF FFFF	5
000508	0085	MOVWF AFSR0_H
	K	 11 0000 KKKK KKKK	48
000509	3030	MOVLW 48
	F	 00 0111 DFFF FFFF	90
	D	 00 0111 D101 1010	0
00050A	075A	ADDWF SYSSTRDATA,W
	F	 00 0000 1FFF FFFF	0
00050B	0080	MOVWF INDF0
	K	 10 1KKK KKKK KKKK	1304
00050C	2D18	GOTO SYSVALTENS
		ENDIF44
	F	 00 1000 DFFF FFFF	101
	D	 00 1000 D110 0101	0
00050D	0865	MOVF SYSVALTEMP,W
	F	 00 0000 1FFF FFFF	117
00050E	00F5	MOVWF SYSWORDTEMPA
	F	 00 1000 DFFF FFFF	102
	D	 00 1000 D110 0110	0
00050F	0866	MOVF SYSVALTEMP_H,W
	F	 00 0000 1FFF FFFF	118
000510	00F6	MOVWF SYSWORDTEMPA_H
	K	 11 0000 KKKK KKKK	10
000511	300A	MOVLW 10
	F	 00 0000 1FFF FFFF	121
000512	00F9	MOVWF SYSWORDTEMPB
	F	 00 0001 1FFF FFFF	122
000513	01FA	CLRF SYSWORDTEMPB_H
	K	 10 0KKK KKKK KKKK	1392
000514	2570	CALL SYSCOMPLESSTHAN16
	F	 00 1001 DFFF FFFF	112
	D	 00 1001 D111 0000	1
000515	09F0	COMF SYSBYTETEMPX,F
	F	 01 11BB BFFF FFFF	112
	B	 01 11BB B111 0000	0
000516	1C70	BTFSS SYSBYTETEMPX,0
	K	 10 1KKK KKKK KKKK	1329
000517	2D31	GOTO ENDIF45
		SYSVALTENS
	F	 00 1000 DFFF FFFF	101
	D	 00 1000 D110 0101	0
000518	0865	MOVF SYSVALTEMP,W
	F	 00 0000 1FFF FFFF	117
000519	00F5	MOVWF SYSWORDTEMPA
	F	 00 1000 DFFF FFFF	102
	D	 00 1000 D110 0110	0
00051A	0866	MOVF SYSVALTEMP_H,W
	F	 00 0000 1FFF FFFF	118
00051B	00F6	MOVWF SYSWORDTEMPA_H
	K	 11 0000 KKKK KKKK	10
00051C	300A	MOVLW 10
	F	 00 0000 1FFF FFFF	121
00051D	00F9	MOVWF SYSWORDTEMPB
	F	 00 0001 1FFF FFFF	122
00051E	01FA	CLRF SYSWORDTEMPB_H
	K	 10 0KKK KKKK KKKK	1469
00051F	25BD	CALL SYSDIVSUB16
	F	 00 1000 DFFF FFFF	117
	D	 00 1000 D111 0101	0
000520	0875	MOVF SYSWORDTEMPA,W
	F	 00 0000 1FFF FFFF	90
000521	00DA	MOVWF SYSSTRDATA
	F	 00 1000 DFFF FFFF	112
	D	 00 1000 D111 0000	0
000522	0870	MOVF SYSCALCTEMPX,W
	F	 00 0000 1FFF FFFF	101
000523	00E5	MOVWF SYSVALTEMP
	F	 00 1000 DFFF FFFF	113
	D	 00 1000 D111 0001	0
000524	0871	MOVF SYSCALCTEMPX_H,W
	F	 00 0000 1FFF FFFF	102
000525	00E6	MOVWF SYSVALTEMP_H
	F	 00 1010 DFFF FFFF	71
	D	 00 1010 D100 0111	1
000526	0AC7	INCF SYSCHARCOUNT,F
	K	 11 0000 KKKK KKKK	143
000527	308F	MOVLW LOW(STR)
	F	 00 0111 DFFF FFFF	71
	D	 00 0111 D100 0111	0
000528	0747	ADDWF SYSCHARCOUNT,W
	F	 00 0000 1FFF FFFF	4
000529	0084	MOVWF AFSR0
	F	 00 0001 1FFF FFFF	100
00052A	01E4	CLRF SYSTEMP3
	K	 11 0000 KKKK KKKK	33
00052B	3021	MOVLW HIGH(STR)
	F	 11 1101 DFFF FFFF	100
	D	 11 1101 D110 0100	0
00052C	3D64	ADDWFC SYSTEMP3,W
	F	 00 0000 1FFF FFFF	5
00052D	0085	MOVWF AFSR0_H
	K	 11 0000 KKKK KKKK	48
00052E	3030	MOVLW 48
	F	 00 0111 DFFF FFFF	90
	D	 00 0111 D101 1010	0
00052F	075A	ADDWF SYSSTRDATA,W
	F	 00 0000 1FFF FFFF	0
000530	0080	MOVWF INDF0
		ENDIF45
	F	 00 1010 DFFF FFFF	71
	D	 00 1010 D100 0111	1
000531	0AC7	INCF SYSCHARCOUNT,F
	K	 11 0000 KKKK KKKK	143
000532	308F	MOVLW LOW(STR)
	F	 00 0111 DFFF FFFF	71
	D	 00 0111 D100 0111	0
000533	0747	ADDWF SYSCHARCOUNT,W
	F	 00 0000 1FFF FFFF	4
000534	0084	MOVWF AFSR0
	F	 00 0001 1FFF FFFF	100
000535	01E4	CLRF SYSTEMP3
	K	 11 0000 KKKK KKKK	33
000536	3021	MOVLW HIGH(STR)
	F	 11 1101 DFFF FFFF	100
	D	 11 1101 D110 0100	0
000537	3D64	ADDWFC SYSTEMP3,W
	F	 00 0000 1FFF FFFF	5
000538	0085	MOVWF AFSR0_H
	K	 11 0000 KKKK KKKK	48
000539	3030	MOVLW 48
	F	 00 0111 DFFF FFFF	101
	D	 00 0111 D110 0101	0
00053A	0765	ADDWF SYSVALTEMP,W
	F	 00 0000 1FFF FFFF	0
00053B	0080	MOVWF INDF0
	F	 00 1000 DFFF FFFF	112
	D	 00 1000 D111 0000	0
00053C	0870	MOVF SYSCALCTEMPX,W
	F	 00 0000 1FFF FFFF	101
00053D	00E5	MOVWF SYSVALTEMP
	F	 00 1000 DFFF FFFF	113
	D	 00 1000 D111 0001	0
00053E	0871	MOVF SYSCALCTEMPX_H,W
	F	 00 0000 1FFF FFFF	102
00053F	00E6	MOVWF SYSVALTEMP_H
	F	 00 1000 DFFF FFFF	71
	D	 00 1000 D100 0111	0
000540	0847	MOVF SYSCHARCOUNT,W
	K	00 0000 001K KKKK	4
000000	0024	BANKSEL SYSSTR_0
	F	 00 0000 1FFF FFFF	623
000542	00EF	MOVWF SYSSTR_0
	K	00 0000 001K KKKK	0
000000	0020	BANKSEL STATUS
000544	0008	RETURN


		SYSCOMPEQUAL
	F	 00 0001 1FFF FFFF	112
000545	01F0	CLRF SYSBYTETEMPX
	F	 00 1000 DFFF FFFF	117
	D	 00 1000 D111 0101	0
000546	0875	MOVF SYSBYTETEMPA, W
	F	 00 0010 DFFF FFFF	121
	D	 00 0010 D111 1001	0
000547	0279	SUBWF SYSBYTETEMPB, W
	F	 01 10BB BFFF FFFF	3
	B	 01 10BB B000 0011	2
000548	1903	BTFSC STATUS, Z
	F	 00 1001 DFFF FFFF	112
	D	 00 1001 D111 0000	1
000549	09F0	COMF SYSBYTETEMPX,F
00054A	0008	RETURN


		SYSCOMPEQUAL16
	F	 00 0001 1FFF FFFF	112
00054B	01F0	CLRF SYSBYTETEMPX
	F	 00 1000 DFFF FFFF	117
	D	 00 1000 D111 0101	0
00054C	0875	MOVF SYSWORDTEMPA, W
	F	 00 0010 DFFF FFFF	121
	D	 00 0010 D111 1001	0
00054D	0279	SUBWF SYSWORDTEMPB, W
	F	 01 11BB BFFF FFFF	3
	B	 01 11BB B000 0011	2
00054E	1D03	BTFSS STATUS, Z
00054F	0008	RETURN
	F	 00 1000 DFFF FFFF	118
	D	 00 1000 D111 0110	0
000550	0876	MOVF SYSWORDTEMPA_H, W
	F	 00 0010 DFFF FFFF	122
	D	 00 0010 D111 1010	0
000551	027A	SUBWF SYSWORDTEMPB_H, W
	F	 01 11BB BFFF FFFF	3
	B	 01 11BB B000 0011	2
000552	1D03	BTFSS STATUS, Z
000553	0008	RETURN
	F	 00 1001 DFFF FFFF	112
	D	 00 1001 D111 0000	1
000554	09F0	COMF SYSBYTETEMPX,F
000555	0008	RETURN


		SYSCOMPEQUAL32
	F	 00 0001 1FFF FFFF	112
000556	01F0	CLRF SYSBYTETEMPX
	F	 00 1000 DFFF FFFF	117
	D	 00 1000 D111 0101	0
000557	0875	MOVF SYSLONGTEMPA, W
	F	 00 0010 DFFF FFFF	121
	D	 00 0010 D111 1001	0
000558	0279	SUBWF SYSLONGTEMPB, W
	F	 01 11BB BFFF FFFF	3
	B	 01 11BB B000 0011	2
000559	1D03	BTFSS STATUS, Z
00055A	0008	RETURN
	F	 00 1000 DFFF FFFF	118
	D	 00 1000 D111 0110	0
00055B	0876	MOVF SYSLONGTEMPA_H, W
	F	 00 0010 DFFF FFFF	122
	D	 00 0010 D111 1010	0
00055C	027A	SUBWF SYSLONGTEMPB_H, W
	F	 01 11BB BFFF FFFF	3
	B	 01 11BB B000 0011	2
00055D	1D03	BTFSS STATUS, Z
00055E	0008	RETURN
	F	 00 1000 DFFF FFFF	119
	D	 00 1000 D111 0111	0
00055F	0877	MOVF SYSLONGTEMPA_U, W
	F	 00 0010 DFFF FFFF	123
	D	 00 0010 D111 1011	0
000560	027B	SUBWF SYSLONGTEMPB_U, W
	F	 01 11BB BFFF FFFF	3
	B	 01 11BB B000 0011	2
000561	1D03	BTFSS STATUS, Z
000562	0008	RETURN
	F	 00 1000 DFFF FFFF	120
	D	 00 1000 D111 1000	0
000563	0878	MOVF SYSLONGTEMPA_E, W
	F	 00 0010 DFFF FFFF	124
	D	 00 0010 D111 1100	0
000564	027C	SUBWF SYSLONGTEMPB_E, W
	F	 01 11BB BFFF FFFF	3
	B	 01 11BB B000 0011	2
000565	1D03	BTFSS STATUS, Z
000566	0008	RETURN
	F	 00 1001 DFFF FFFF	112
	D	 00 1001 D111 0000	1
000567	09F0	COMF SYSBYTETEMPX,F
000568	0008	RETURN


		SYSCOMPLESSTHAN
	F	 00 0001 1FFF FFFF	112
000569	01F0	CLRF SYSBYTETEMPX
	F	 01 01BB BFFF FFFF	3
	B	 01 01BB B000 0011	0
00056A	1403	BSF STATUS, C
	F	 00 1000 DFFF FFFF	121
	D	 00 1000 D111 1001	0
00056B	0879	MOVF SYSBYTETEMPB, W
	F	 00 0010 DFFF FFFF	117
	D	 00 0010 D111 0101	0
00056C	0275	SUBWF SYSBYTETEMPA, W
	F	 01 11BB BFFF FFFF	3
	B	 01 11BB B000 0011	0
00056D	1C03	BTFSS STATUS, C
	F	 00 1001 DFFF FFFF	112
	D	 00 1001 D111 0000	1
00056E	09F0	COMF SYSBYTETEMPX,F
00056F	0008	RETURN


		SYSCOMPLESSTHAN16
	F	 00 0001 1FFF FFFF	112
000570	01F0	CLRF SYSBYTETEMPX
	F	 00 1000 DFFF FFFF	118
	D	 00 1000 D111 0110	0
000571	0876	MOVF SYSWORDTEMPA_H,W
	F	 00 0010 DFFF FFFF	122
	D	 00 0010 D111 1010	0
000572	027A	SUBWF SYSWORDTEMPB_H,W
	F	 01 11BB BFFF FFFF	3
	B	 01 11BB B000 0011	0
000573	1C03	BTFSS STATUS,C
000574	0008	RETURN
	F	 00 1000 DFFF FFFF	122
	D	 00 1000 D111 1010	0
000575	087A	MOVF SYSWORDTEMPB_H,W
	F	 00 0010 DFFF FFFF	118
	D	 00 0010 D111 0110	0
000576	0276	SUBWF SYSWORDTEMPA_H,W
	F	 01 11BB BFFF FFFF	3
	B	 01 11BB B000 0011	0
000577	1C03	BTFSS STATUS,C
	K	 10 1KKK KKKK KKKK	1405
000578	2D7D	GOTO SCLT16TRUE
	F	 00 1000 DFFF FFFF	121
	D	 00 1000 D111 1001	0
000579	0879	MOVF SYSWORDTEMPB,W
	F	 00 0010 DFFF FFFF	117
	D	 00 0010 D111 0101	0
00057A	0275	SUBWF SYSWORDTEMPA,W
	F	 01 10BB BFFF FFFF	3
	B	 01 10BB B000 0011	0
00057B	1803	BTFSC STATUS,C
00057C	0008	RETURN
		SCLT16TRUE
	F	 00 1001 DFFF FFFF	112
	D	 00 1001 D111 0000	1
00057D	09F0	COMF SYSBYTETEMPX,F
00057E	0008	RETURN


		SYSCOMPLESSTHAN32
	F	 00 0001 1FFF FFFF	112
00057F	01F0	CLRF SYSBYTETEMPX
	F	 00 1000 DFFF FFFF	120
	D	 00 1000 D111 1000	0
000580	0878	MOVF SYSLONGTEMPA_E,W
	F	 00 0010 DFFF FFFF	124
	D	 00 0010 D111 1100	0
000581	027C	SUBWF SYSLONGTEMPB_E,W
	F	 01 11BB BFFF FFFF	3
	B	 01 11BB B000 0011	0
000582	1C03	BTFSS STATUS,C
000583	0008	RETURN
	F	 01 11BB BFFF FFFF	3
	B	 01 11BB B000 0011	2
000584	1D03	BTFSS STATUS,Z
	K	 10 1KKK KKKK KKKK	1430
000585	2D96	GOTO SCLT32TRUE
	F	 00 1000 DFFF FFFF	119
	D	 00 1000 D111 0111	0
000586	0877	MOVF SYSLONGTEMPA_U,W
	F	 00 0010 DFFF FFFF	123
	D	 00 0010 D111 1011	0
000587	027B	SUBWF SYSLONGTEMPB_U,W
	F	 01 11BB BFFF FFFF	3
	B	 01 11BB B000 0011	0
000588	1C03	BTFSS STATUS,C
000589	0008	RETURN
	F	 01 11BB BFFF FFFF	3
	B	 01 11BB B000 0011	2
00058A	1D03	BTFSS STATUS,Z
	K	 10 1KKK KKKK KKKK	1430
00058B	2D96	GOTO SCLT32TRUE
	F	 00 1000 DFFF FFFF	118
	D	 00 1000 D111 0110	0
00058C	0876	MOVF SYSLONGTEMPA_H,W
	F	 00 0010 DFFF FFFF	122
	D	 00 0010 D111 1010	0
00058D	027A	SUBWF SYSLONGTEMPB_H,W
	F	 01 11BB BFFF FFFF	3
	B	 01 11BB B000 0011	0
00058E	1C03	BTFSS STATUS,C
00058F	0008	RETURN
	F	 01 11BB BFFF FFFF	3
	B	 01 11BB B000 0011	2
000590	1D03	BTFSS STATUS,Z
	K	 10 1KKK KKKK KKKK	1430
000591	2D96	GOTO SCLT32TRUE
	F	 00 1000 DFFF FFFF	121
	D	 00 1000 D111 1001	0
000592	0879	MOVF SYSLONGTEMPB,W
	F	 00 0010 DFFF FFFF	117
	D	 00 0010 D111 0101	0
000593	0275	SUBWF SYSLONGTEMPA,W
	F	 01 10BB BFFF FFFF	3
	B	 01 10BB B000 0011	0
000594	1803	BTFSC STATUS,C
000595	0008	RETURN
		SCLT32TRUE
	F	 00 1001 DFFF FFFF	112
	D	 00 1001 D111 0000	1
000596	09F0	COMF SYSBYTETEMPX,F
000597	0008	RETURN


		SYSCOPYSTRING
	F	 00 1000 DFFF FFFF	0
	D	 00 1000 D000 0000	0
000598	0800	MOVF INDF0, W
	F	 00 0000 1FFF FFFF	117
000599	00F5	MOVWF SYSCALCTEMPA
	F	 00 0000 1FFF FFFF	1
00059A	0081	MOVWF INDF1
	K	 10 1KKK KKKK KKKK	1439
00059B	2D9F	GOTO SYSCOPYSTRINGCHECK
		SYSCOPYSTRINGPART
	F	 00 1000 DFFF FFFF	0
	D	 00 1000 D000 0000	0
00059C	0800	MOVF INDF0, W
	F	 00 0000 1FFF FFFF	117
00059D	00F5	MOVWF SYSCALCTEMPA
	F	 00 0111 DFFF FFFF	118
	D	 00 0111 D111 0110	1
00059E	07F6	ADDWF SYSSTRINGLENGTH, F
		SYSCOPYSTRINGCHECK
	F	 00 1000 DFFF FFFF	117
	D	 00 1000 D111 0101	1
00059F	08F5	MOVF SYSCALCTEMPA,F
	F	 01 10BB BFFF FFFF	3
	B	 01 10BB B000 0011	2
0005A0	1903	BTFSC STATUS,Z
0005A1	0008	RETURN
		SYSSTRINGCOPY
	N	 11 0001 0NKK KKKK	0
	K	 11 0001 00KK KKKK	1
0005A2	3101	ADDFSR 0, 1
	N	 11 0001 0NKK KKKK	1
	K	 11 0001 01KK KKKK	1
0005A3	3141	ADDFSR 1, 1
	F	 00 1000 DFFF FFFF	0
	D	 00 1000 D000 0000	0
0005A4	0800	MOVF INDF0, W
	F	 00 0000 1FFF FFFF	1
0005A5	0081	MOVWF INDF1
	F	 00 1011 DFFF FFFF	117
	D	 00 1011 D111 0101	1
0005A6	0BF5	DECFSZ SYSCALCTEMPA, F
	K	 10 1KKK KKKK KKKK	1442
0005A7	2DA2	GOTO SYSSTRINGCOPY
0005A8	0008	RETURN


		SYSDIVSUB
	F	 00 1000 DFFF FFFF	121
	D	 00 1000 D111 1001	1
0005A9	08F9	MOVF SYSBYTETEMPB, F
	F	 01 10BB BFFF FFFF	3
	B	 01 10BB B000 0011	2
0005AA	1903	BTFSC STATUS, Z
0005AB	0008	RETURN
	F	 00 0001 1FFF FFFF	112
0005AC	01F0	CLRF SYSBYTETEMPX
	K	 11 0000 KKKK KKKK	8
0005AD	3008	MOVLW 8
	F	 00 0000 1FFF FFFF	116
0005AE	00F4	MOVWF SYSDIVLOOP
		SYSDIV8START
	F	 01 00BB BFFF FFFF	3
	B	 01 00BB B000 0011	0
0005AF	1003	BCF STATUS, C
	F	 00 1101 DFFF FFFF	117
	D	 00 1101 D111 0101	1
0005B0	0DF5	RLF SYSBYTETEMPA, F
	F	 00 1101 DFFF FFFF	112
	D	 00 1101 D111 0000	1
0005B1	0DF0	RLF SYSBYTETEMPX, F
	F	 00 1000 DFFF FFFF	121
	D	 00 1000 D111 1001	0
0005B2	0879	MOVF SYSBYTETEMPB, W
	F	 00 0010 DFFF FFFF	112
	D	 00 0010 D111 0000	1
0005B3	02F0	SUBWF SYSBYTETEMPX, F
	F	 01 01BB BFFF FFFF	117
	B	 01 01BB B111 0101	0
0005B4	1475	BSF SYSBYTETEMPA, 0
	F	 01 10BB BFFF FFFF	3
	B	 01 10BB B000 0011	0
0005B5	1803	BTFSC STATUS, C
	K	 10 1KKK KKKK KKKK	1466
0005B6	2DBA	GOTO DIV8NOTNEG
	F	 01 00BB BFFF FFFF	117
	B	 01 00BB B111 0101	0
0005B7	1075	BCF SYSBYTETEMPA, 0
	F	 00 1000 DFFF FFFF	121
	D	 00 1000 D111 1001	0
0005B8	0879	MOVF SYSBYTETEMPB, W
	F	 00 0111 DFFF FFFF	112
	D	 00 0111 D111 0000	1
0005B9	07F0	ADDWF SYSBYTETEMPX, F
		DIV8NOTNEG
	F	 00 1011 DFFF FFFF	116
	D	 00 1011 D111 0100	1
0005BA	0BF4	DECFSZ SYSDIVLOOP, F
	K	 10 1KKK KKKK KKKK	1455
0005BB	2DAF	GOTO SYSDIV8START
0005BC	0008	RETURN


		SYSDIVSUB16
	F	 00 1000 DFFF FFFF	117
	D	 00 1000 D111 0101	0
0005BD	0875	MOVF SYSWORDTEMPA,W
	F	 00 0000 1FFF FFFF	119
0005BE	00F7	MOVWF SYSDIVMULTA
	F	 00 1000 DFFF FFFF	118
	D	 00 1000 D111 0110	0
0005BF	0876	MOVF SYSWORDTEMPA_H,W
	F	 00 0000 1FFF FFFF	120
0005C0	00F8	MOVWF SYSDIVMULTA_H
	F	 00 1000 DFFF FFFF	121
	D	 00 1000 D111 1001	0
0005C1	0879	MOVF SYSWORDTEMPB,W
	F	 00 0000 1FFF FFFF	123
0005C2	00FB	MOVWF SYSDIVMULTB
	F	 00 1000 DFFF FFFF	122
	D	 00 1000 D111 1010	0
0005C3	087A	MOVF SYSWORDTEMPB_H,W
	F	 00 0000 1FFF FFFF	124
0005C4	00FC	MOVWF SYSDIVMULTB_H
	F	 00 0001 1FFF FFFF	114
0005C5	01F2	CLRF SYSDIVMULTX
	F	 00 0001 1FFF FFFF	115
0005C6	01F3	CLRF SYSDIVMULTX_H
	F	 00 1000 DFFF FFFF	123
	D	 00 1000 D111 1011	0
0005C7	087B	MOVF SYSDIVMULTB,W
	F	 00 0000 1FFF FFFF	117
0005C8	00F5	MOVWF SYSWORDTEMPA
	F	 00 1000 DFFF FFFF	124
	D	 00 1000 D111 1100	0
0005C9	087C	MOVF SYSDIVMULTB_H,W
	F	 00 0000 1FFF FFFF	118
0005CA	00F6	MOVWF SYSWORDTEMPA_H
	F	 00 0001 1FFF FFFF	121
0005CB	01F9	CLRF SYSWORDTEMPB
	F	 00 0001 1FFF FFFF	122
0005CC	01FA	CLRF SYSWORDTEMPB_H
	K	 10 0KKK KKKK KKKK	1355
0005CD	254B	CALL SYSCOMPEQUAL16
	F	 01 11BB BFFF FFFF	112
	B	 01 11BB B111 0000	0
0005CE	1C70	BTFSS SYSBYTETEMPX,0
	K	 10 1KKK KKKK KKKK	1491
0005CF	2DD3	GOTO ENDIF59
	F	 00 0001 1FFF FFFF	117
0005D0	01F5	CLRF SYSWORDTEMPA
	F	 00 0001 1FFF FFFF	118
0005D1	01F6	CLRF SYSWORDTEMPA_H
0005D2	0008	RETURN
		ENDIF59
	K	 11 0000 KKKK KKKK	16
0005D3	3010	MOVLW 16
	F	 00 0000 1FFF FFFF	116
0005D4	00F4	MOVWF SYSDIVLOOP
		SYSDIV16START
	F	 01 00BB BFFF FFFF	3
	B	 01 00BB B000 0011	0
0005D5	1003	BCF STATUS,C
	F	 00 1101 DFFF FFFF	119
	D	 00 1101 D111 0111	1
0005D6	0DF7	RLF SYSDIVMULTA,F
	F	 00 1101 DFFF FFFF	120
	D	 00 1101 D111 1000	1
0005D7	0DF8	RLF SYSDIVMULTA_H,F
	F	 00 1101 DFFF FFFF	114
	D	 00 1101 D111 0010	1
0005D8	0DF2	RLF SYSDIVMULTX,F
	F	 00 1101 DFFF FFFF	115
	D	 00 1101 D111 0011	1
0005D9	0DF3	RLF SYSDIVMULTX_H,F
	F	 00 1000 DFFF FFFF	123
	D	 00 1000 D111 1011	0
0005DA	087B	MOVF SYSDIVMULTB,W
	F	 00 0010 DFFF FFFF	114
	D	 00 0010 D111 0010	1
0005DB	02F2	SUBWF SYSDIVMULTX,F
	F	 00 1000 DFFF FFFF	124
	D	 00 1000 D111 1100	0
0005DC	087C	MOVF SYSDIVMULTB_H,W
	F	 11 1011 DFFF FFFF	115
	D	 11 1011 D111 0011	1
0005DD	3BF3	SUBWFB SYSDIVMULTX_H,F
	F	 01 01BB BFFF FFFF	119
	B	 01 01BB B111 0111	0
0005DE	1477	BSF SYSDIVMULTA,0
	F	 01 10BB BFFF FFFF	3
	B	 01 10BB B000 0011	0
0005DF	1803	BTFSC STATUS,C
	K	 10 1KKK KKKK KKKK	1510
0005E0	2DE6	GOTO ENDIF60
	F	 01 00BB BFFF FFFF	119
	B	 01 00BB B111 0111	0
0005E1	1077	BCF SYSDIVMULTA,0
	F	 00 1000 DFFF FFFF	123
	D	 00 1000 D111 1011	0
0005E2	087B	MOVF SYSDIVMULTB,W
	F	 00 0111 DFFF FFFF	114
	D	 00 0111 D111 0010	1
0005E3	07F2	ADDWF SYSDIVMULTX,F
	F	 00 1000 DFFF FFFF	124
	D	 00 1000 D111 1100	0
0005E4	087C	MOVF SYSDIVMULTB_H,W
	F	 11 1101 DFFF FFFF	115
	D	 11 1101 D111 0011	1
0005E5	3DF3	ADDWFC SYSDIVMULTX_H,F
		ENDIF60
	F	 00 1011 DFFF FFFF	116
	D	 00 1011 D111 0100	1
0005E6	0BF4	DECFSZ SYSDIVLOOP, F
	K	 10 1KKK KKKK KKKK	1493
0005E7	2DD5	GOTO SYSDIV16START
	F	 00 1000 DFFF FFFF	119
	D	 00 1000 D111 0111	0
0005E8	0877	MOVF SYSDIVMULTA,W
	F	 00 0000 1FFF FFFF	117
0005E9	00F5	MOVWF SYSWORDTEMPA
	F	 00 1000 DFFF FFFF	120
	D	 00 1000 D111 1000	0
0005EA	0878	MOVF SYSDIVMULTA_H,W
	F	 00 0000 1FFF FFFF	118
0005EB	00F6	MOVWF SYSWORDTEMPA_H
	F	 00 1000 DFFF FFFF	114
	D	 00 1000 D111 0010	0
0005EC	0872	MOVF SYSDIVMULTX,W
	F	 00 0000 1FFF FFFF	112
0005ED	00F0	MOVWF SYSWORDTEMPX
	F	 00 1000 DFFF FFFF	115
	D	 00 1000 D111 0011	0
0005EE	0873	MOVF SYSDIVMULTX_H,W
	F	 00 0000 1FFF FFFF	113
0005EF	00F1	MOVWF SYSWORDTEMPX_H
0005F0	0008	RETURN


		SYSDIVSUB32
	F	 00 1000 DFFF FFFF	117
	D	 00 1000 D111 0101	0
0005F1	0875	MOVF SYSLONGTEMPA,W
	F	 00 0000 1FFF FFFF	74
0005F2	00CA	MOVWF SYSLONGDIVMULTA
	F	 00 1000 DFFF FFFF	118
	D	 00 1000 D111 0110	0
0005F3	0876	MOVF SYSLONGTEMPA_H,W
	F	 00 0000 1FFF FFFF	75
0005F4	00CB	MOVWF SYSLONGDIVMULTA_H
	F	 00 1000 DFFF FFFF	119
	D	 00 1000 D111 0111	0
0005F5	0877	MOVF SYSLONGTEMPA_U,W
	F	 00 0000 1FFF FFFF	76
0005F6	00CC	MOVWF SYSLONGDIVMULTA_U
	F	 00 1000 DFFF FFFF	120
	D	 00 1000 D111 1000	0
0005F7	0878	MOVF SYSLONGTEMPA_E,W
	F	 00 0000 1FFF FFFF	77
0005F8	00CD	MOVWF SYSLONGDIVMULTA_E
	F	 00 1000 DFFF FFFF	121
	D	 00 1000 D111 1001	0
0005F9	0879	MOVF SYSLONGTEMPB,W
	F	 00 0000 1FFF FFFF	78
0005FA	00CE	MOVWF SYSLONGDIVMULTB
	F	 00 1000 DFFF FFFF	122
	D	 00 1000 D111 1010	0
0005FB	087A	MOVF SYSLONGTEMPB_H,W
	F	 00 0000 1FFF FFFF	79
0005FC	00CF	MOVWF SYSLONGDIVMULTB_H
	F	 00 1000 DFFF FFFF	123
	D	 00 1000 D111 1011	0
0005FD	087B	MOVF SYSLONGTEMPB_U,W
	F	 00 0000 1FFF FFFF	80
0005FE	00D0	MOVWF SYSLONGDIVMULTB_U
	F	 00 1000 DFFF FFFF	124
	D	 00 1000 D111 1100	0
0005FF	087C	MOVF SYSLONGTEMPB_E,W
	F	 00 0000 1FFF FFFF	81
000600	00D1	MOVWF SYSLONGDIVMULTB_E
	F	 00 0001 1FFF FFFF	82
000601	01D2	CLRF SYSLONGDIVMULTX
	F	 00 0001 1FFF FFFF	83
000602	01D3	CLRF SYSLONGDIVMULTX_H
	F	 00 0001 1FFF FFFF	84
000603	01D4	CLRF SYSLONGDIVMULTX_U
	F	 00 0001 1FFF FFFF	85
000604	01D5	CLRF SYSLONGDIVMULTX_E
	F	 00 1000 DFFF FFFF	78
	D	 00 1000 D100 1110	0
000605	084E	MOVF SYSLONGDIVMULTB,W
	F	 00 0000 1FFF FFFF	117
000606	00F5	MOVWF SYSLONGTEMPA
	F	 00 1000 DFFF FFFF	79
	D	 00 1000 D100 1111	0
000607	084F	MOVF SYSLONGDIVMULTB_H,W
	F	 00 0000 1FFF FFFF	118
000608	00F6	MOVWF SYSLONGTEMPA_H
	F	 00 1000 DFFF FFFF	80
	D	 00 1000 D101 0000	0
000609	0850	MOVF SYSLONGDIVMULTB_U,W
	F	 00 0000 1FFF FFFF	119
00060A	00F7	MOVWF SYSLONGTEMPA_U
	F	 00 1000 DFFF FFFF	81
	D	 00 1000 D101 0001	0
00060B	0851	MOVF SYSLONGDIVMULTB_E,W
	F	 00 0000 1FFF FFFF	120
00060C	00F8	MOVWF SYSLONGTEMPA_E
	F	 00 0001 1FFF FFFF	121
00060D	01F9	CLRF SYSLONGTEMPB
	F	 00 0001 1FFF FFFF	122
00060E	01FA	CLRF SYSLONGTEMPB_H
	F	 00 0001 1FFF FFFF	123
00060F	01FB	CLRF SYSLONGTEMPB_U
	F	 00 0001 1FFF FFFF	124
000610	01FC	CLRF SYSLONGTEMPB_E
	K	 10 0KKK KKKK KKKK	1366
000611	2556	CALL SYSCOMPEQUAL32
	F	 01 11BB BFFF FFFF	112
	B	 01 11BB B111 0000	0
000612	1C70	BTFSS SYSBYTETEMPX,0
	K	 10 1KKK KKKK KKKK	1561
000613	2E19	GOTO ENDIF40
	F	 00 0001 1FFF FFFF	117
000614	01F5	CLRF SYSLONGTEMPA
	F	 00 0001 1FFF FFFF	118
000615	01F6	CLRF SYSLONGTEMPA_H
	F	 00 0001 1FFF FFFF	119
000616	01F7	CLRF SYSLONGTEMPA_U
	F	 00 0001 1FFF FFFF	120
000617	01F8	CLRF SYSLONGTEMPA_E
000618	0008	RETURN
		ENDIF40
	K	 11 0000 KKKK KKKK	32
000619	3020	MOVLW 32
	F	 00 0000 1FFF FFFF	116
00061A	00F4	MOVWF SYSDIVLOOP
		SYSDIV32START
	F	 01 00BB BFFF FFFF	3
	B	 01 00BB B000 0011	0
00061B	1003	BCF STATUS,C
	F	 00 1101 DFFF FFFF	74
	D	 00 1101 D100 1010	1
00061C	0DCA	RLF SYSLONGDIVMULTA,F
	F	 00 1101 DFFF FFFF	75
	D	 00 1101 D100 1011	1
00061D	0DCB	RLF SYSLONGDIVMULTA_H,F
	F	 00 1101 DFFF FFFF	76
	D	 00 1101 D100 1100	1
00061E	0DCC	RLF SYSLONGDIVMULTA_U,F
	F	 00 1101 DFFF FFFF	77
	D	 00 1101 D100 1101	1
00061F	0DCD	RLF SYSLONGDIVMULTA_E,F
	F	 00 1101 DFFF FFFF	82
	D	 00 1101 D101 0010	1
000620	0DD2	RLF SYSLONGDIVMULTX,F
	F	 00 1101 DFFF FFFF	83
	D	 00 1101 D101 0011	1
000621	0DD3	RLF SYSLONGDIVMULTX_H,F
	F	 00 1101 DFFF FFFF	84
	D	 00 1101 D101 0100	1
000622	0DD4	RLF SYSLONGDIVMULTX_U,F
	F	 00 1101 DFFF FFFF	85
	D	 00 1101 D101 0101	1
000623	0DD5	RLF SYSLONGDIVMULTX_E,F
	F	 00 1000 DFFF FFFF	78
	D	 00 1000 D100 1110	0
000624	084E	MOVF SYSLONGDIVMULTB,W
	F	 00 0010 DFFF FFFF	82
	D	 00 0010 D101 0010	1
000625	02D2	SUBWF SYSLONGDIVMULTX,F
	F	 00 1000 DFFF FFFF	79
	D	 00 1000 D100 1111	0
000626	084F	MOVF SYSLONGDIVMULTB_H,W
	F	 11 1011 DFFF FFFF	83
	D	 11 1011 D101 0011	1
000627	3BD3	SUBWFB SYSLONGDIVMULTX_H,F
	F	 00 1000 DFFF FFFF	80
	D	 00 1000 D101 0000	0
000628	0850	MOVF SYSLONGDIVMULTB_U,W
	F	 11 1011 DFFF FFFF	84
	D	 11 1011 D101 0100	1
000629	3BD4	SUBWFB SYSLONGDIVMULTX_U,F
	F	 00 1000 DFFF FFFF	81
	D	 00 1000 D101 0001	0
00062A	0851	MOVF SYSLONGDIVMULTB_E,W
	F	 11 1011 DFFF FFFF	85
	D	 11 1011 D101 0101	1
00062B	3BD5	SUBWFB SYSLONGDIVMULTX_E,F
	F	 01 01BB BFFF FFFF	74
	B	 01 01BB B100 1010	0
00062C	144A	BSF SYSLONGDIVMULTA,0
	F	 01 10BB BFFF FFFF	3
	B	 01 10BB B000 0011	0
00062D	1803	BTFSC STATUS,C
	K	 10 1KKK KKKK KKKK	1592
00062E	2E38	GOTO ENDIF41
	F	 01 00BB BFFF FFFF	74
	B	 01 00BB B100 1010	0
00062F	104A	BCF SYSLONGDIVMULTA,0
	F	 00 1000 DFFF FFFF	78
	D	 00 1000 D100 1110	0
000630	084E	MOVF SYSLONGDIVMULTB,W
	F	 00 0111 DFFF FFFF	82
	D	 00 0111 D101 0010	1
000631	07D2	ADDWF SYSLONGDIVMULTX,F
	F	 00 1000 DFFF FFFF	79
	D	 00 1000 D100 1111	0
000632	084F	MOVF SYSLONGDIVMULTB_H,W
	F	 11 1101 DFFF FFFF	83
	D	 11 1101 D101 0011	1
000633	3DD3	ADDWFC SYSLONGDIVMULTX_H,F
	F	 00 1000 DFFF FFFF	80
	D	 00 1000 D101 0000	0
000634	0850	MOVF SYSLONGDIVMULTB_U,W
	F	 11 1101 DFFF FFFF	84
	D	 11 1101 D101 0100	1
000635	3DD4	ADDWFC SYSLONGDIVMULTX_U,F
	F	 00 1000 DFFF FFFF	81
	D	 00 1000 D101 0001	0
000636	0851	MOVF SYSLONGDIVMULTB_E,W
	F	 11 1101 DFFF FFFF	85
	D	 11 1101 D101 0101	1
000637	3DD5	ADDWFC SYSLONGDIVMULTX_E,F
		ENDIF41
	F	 00 1011 DFFF FFFF	116
	D	 00 1011 D111 0100	1
000638	0BF4	DECFSZ SYSDIVLOOP, F
	K	 10 1KKK KKKK KKKK	1563
000639	2E1B	GOTO SYSDIV32START
	F	 00 1000 DFFF FFFF	74
	D	 00 1000 D100 1010	0
00063A	084A	MOVF SYSLONGDIVMULTA,W
	F	 00 0000 1FFF FFFF	117
00063B	00F5	MOVWF SYSLONGTEMPA
	F	 00 1000 DFFF FFFF	75
	D	 00 1000 D100 1011	0
00063C	084B	MOVF SYSLONGDIVMULTA_H,W
	F	 00 0000 1FFF FFFF	118
00063D	00F6	MOVWF SYSLONGTEMPA_H
	F	 00 1000 DFFF FFFF	76
	D	 00 1000 D100 1100	0
00063E	084C	MOVF SYSLONGDIVMULTA_U,W
	F	 00 0000 1FFF FFFF	119
00063F	00F7	MOVWF SYSLONGTEMPA_U
	F	 00 1000 DFFF FFFF	77
	D	 00 1000 D100 1101	0
000640	084D	MOVF SYSLONGDIVMULTA_E,W
	F	 00 0000 1FFF FFFF	120
000641	00F8	MOVWF SYSLONGTEMPA_E
	F	 00 1000 DFFF FFFF	82
	D	 00 1000 D101 0010	0
000642	0852	MOVF SYSLONGDIVMULTX,W
	F	 00 0000 1FFF FFFF	112
000643	00F0	MOVWF SYSLONGTEMPX
	F	 00 1000 DFFF FFFF	83
	D	 00 1000 D101 0011	0
000644	0853	MOVF SYSLONGDIVMULTX_H,W
	F	 00 0000 1FFF FFFF	113
000645	00F1	MOVWF SYSLONGTEMPX_H
	F	 00 1000 DFFF FFFF	84
	D	 00 1000 D101 0100	0
000646	0854	MOVF SYSLONGDIVMULTX_U,W
	F	 00 0000 1FFF FFFF	114
000647	00F2	MOVWF SYSLONGTEMPX_U
	F	 00 1000 DFFF FFFF	85
	D	 00 1000 D101 0101	0
000648	0855	MOVF SYSLONGDIVMULTX_E,W
	F	 00 0000 1FFF FFFF	115
000649	00F3	MOVWF SYSLONGTEMPX_E
00064A	0008	RETURN


		SYSMULTSUB
	F	 00 0001 1FFF FFFF	112
00064B	01F0	CLRF SYSBYTETEMPX
		MUL8LOOP
	F	 00 1000 DFFF FFFF	117
	D	 00 1000 D111 0101	0
00064C	0875	MOVF SYSBYTETEMPA, W
	F	 01 10BB BFFF FFFF	121
	B	 01 10BB B111 1001	0
00064D	1879	BTFSC SYSBYTETEMPB, 0
	F	 00 0111 DFFF FFFF	112
	D	 00 0111 D111 0000	1
00064E	07F0	ADDWF SYSBYTETEMPX, F
	F	 01 00BB BFFF FFFF	3
	B	 01 00BB B000 0011	0
00064F	1003	BCF STATUS, C
	F	 00 1100 DFFF FFFF	121
	D	 00 1100 D111 1001	1
000650	0CF9	RRF SYSBYTETEMPB, F
	F	 01 00BB BFFF FFFF	3
	B	 01 00BB B000 0011	0
000651	1003	BCF STATUS, C
	F	 00 1101 DFFF FFFF	117
	D	 00 1101 D111 0101	1
000652	0DF5	RLF SYSBYTETEMPA, F
	F	 00 1000 DFFF FFFF	121
	D	 00 1000 D111 1001	1
000653	08F9	MOVF SYSBYTETEMPB, F
	F	 01 11BB BFFF FFFF	3
	B	 01 11BB B000 0011	2
000654	1D03	BTFSS STATUS, Z
	K	 10 1KKK KKKK KKKK	1612
000655	2E4C	GOTO MUL8LOOP
000656	0008	RETURN


		SYSMULTSUB32
	F	 00 1000 DFFF FFFF	117
	D	 00 1000 D111 0101	0
000657	0875	MOVF SYSLONGTEMPA,W
	F	 00 0000 1FFF FFFF	74
000658	00CA	MOVWF SYSLONGDIVMULTA
	F	 00 1000 DFFF FFFF	118
	D	 00 1000 D111 0110	0
000659	0876	MOVF SYSLONGTEMPA_H,W
	F	 00 0000 1FFF FFFF	75
00065A	00CB	MOVWF SYSLONGDIVMULTA_H
	F	 00 1000 DFFF FFFF	119
	D	 00 1000 D111 0111	0
00065B	0877	MOVF SYSLONGTEMPA_U,W
	F	 00 0000 1FFF FFFF	76
00065C	00CC	MOVWF SYSLONGDIVMULTA_U
	F	 00 1000 DFFF FFFF	120
	D	 00 1000 D111 1000	0
00065D	0878	MOVF SYSLONGTEMPA_E,W
	F	 00 0000 1FFF FFFF	77
00065E	00CD	MOVWF SYSLONGDIVMULTA_E
	F	 00 1000 DFFF FFFF	121
	D	 00 1000 D111 1001	0
00065F	0879	MOVF SYSLONGTEMPB,W
	F	 00 0000 1FFF FFFF	78
000660	00CE	MOVWF SYSLONGDIVMULTB
	F	 00 1000 DFFF FFFF	122
	D	 00 1000 D111 1010	0
000661	087A	MOVF SYSLONGTEMPB_H,W
	F	 00 0000 1FFF FFFF	79
000662	00CF	MOVWF SYSLONGDIVMULTB_H
	F	 00 1000 DFFF FFFF	123
	D	 00 1000 D111 1011	0
000663	087B	MOVF SYSLONGTEMPB_U,W
	F	 00 0000 1FFF FFFF	80
000664	00D0	MOVWF SYSLONGDIVMULTB_U
	F	 00 1000 DFFF FFFF	124
	D	 00 1000 D111 1100	0
000665	087C	MOVF SYSLONGTEMPB_E,W
	F	 00 0000 1FFF FFFF	81
000666	00D1	MOVWF SYSLONGDIVMULTB_E
	F	 00 0001 1FFF FFFF	82
000667	01D2	CLRF SYSLONGDIVMULTX
	F	 00 0001 1FFF FFFF	83
000668	01D3	CLRF SYSLONGDIVMULTX_H
	F	 00 0001 1FFF FFFF	84
000669	01D4	CLRF SYSLONGDIVMULTX_U
	F	 00 0001 1FFF FFFF	85
00066A	01D5	CLRF SYSLONGDIVMULTX_E
		MUL32LOOP
	F	 01 11BB BFFF FFFF	78
	B	 01 11BB B100 1110	0
00066B	1C4E	BTFSS SYSLONGDIVMULTB,0
	K	 10 1KKK KKKK KKKK	1653
00066C	2E75	GOTO ENDIF38
	F	 00 1000 DFFF FFFF	74
	D	 00 1000 D100 1010	0
00066D	084A	MOVF SYSLONGDIVMULTA,W
	F	 00 0111 DFFF FFFF	82
	D	 00 0111 D101 0010	1
00066E	07D2	ADDWF SYSLONGDIVMULTX,F
	F	 00 1000 DFFF FFFF	75
	D	 00 1000 D100 1011	0
00066F	084B	MOVF SYSLONGDIVMULTA_H,W
	F	 11 1101 DFFF FFFF	83
	D	 11 1101 D101 0011	1
000670	3DD3	ADDWFC SYSLONGDIVMULTX_H,F
	F	 00 1000 DFFF FFFF	76
	D	 00 1000 D100 1100	0
000671	084C	MOVF SYSLONGDIVMULTA_U,W
	F	 11 1101 DFFF FFFF	84
	D	 11 1101 D101 0100	1
000672	3DD4	ADDWFC SYSLONGDIVMULTX_U,F
	F	 00 1000 DFFF FFFF	77
	D	 00 1000 D100 1101	0
000673	084D	MOVF SYSLONGDIVMULTA_E,W
	F	 11 1101 DFFF FFFF	85
	D	 11 1101 D101 0101	1
000674	3DD5	ADDWFC SYSLONGDIVMULTX_E,F
		ENDIF38
	F	 01 00BB BFFF FFFF	3
	B	 01 00BB B000 0011	0
000675	1003	BCF STATUS,C
	F	 00 1100 DFFF FFFF	81
	D	 00 1100 D101 0001	1
000676	0CD1	RRF SYSLONGDIVMULTB_E,F
	F	 00 1100 DFFF FFFF	80
	D	 00 1100 D101 0000	1
000677	0CD0	RRF SYSLONGDIVMULTB_U,F
	F	 00 1100 DFFF FFFF	79
	D	 00 1100 D100 1111	1
000678	0CCF	RRF SYSLONGDIVMULTB_H,F
	F	 00 1100 DFFF FFFF	78
	D	 00 1100 D100 1110	1
000679	0CCE	RRF SYSLONGDIVMULTB,F
	F	 01 00BB BFFF FFFF	3
	B	 01 00BB B000 0011	0
00067A	1003	BCF STATUS,C
	F	 00 1101 DFFF FFFF	74
	D	 00 1101 D100 1010	1
00067B	0DCA	RLF SYSLONGDIVMULTA,F
	F	 00 1101 DFFF FFFF	75
	D	 00 1101 D100 1011	1
00067C	0DCB	RLF SYSLONGDIVMULTA_H,F
	F	 00 1101 DFFF FFFF	76
	D	 00 1101 D100 1100	1
00067D	0DCC	RLF SYSLONGDIVMULTA_U,F
	F	 00 1101 DFFF FFFF	77
	D	 00 1101 D100 1101	1
00067E	0DCD	RLF SYSLONGDIVMULTA_E,F
	F	 00 1000 DFFF FFFF	78
	D	 00 1000 D100 1110	0
00067F	084E	MOVF SYSLONGDIVMULTB,W
	F	 00 0000 1FFF FFFF	121
000680	00F9	MOVWF SYSLONGTEMPB
	F	 00 1000 DFFF FFFF	79
	D	 00 1000 D100 1111	0
000681	084F	MOVF SYSLONGDIVMULTB_H,W
	F	 00 0000 1FFF FFFF	122
000682	00FA	MOVWF SYSLONGTEMPB_H
	F	 00 1000 DFFF FFFF	80
	D	 00 1000 D101 0000	0
000683	0850	MOVF SYSLONGDIVMULTB_U,W
	F	 00 0000 1FFF FFFF	123
000684	00FB	MOVWF SYSLONGTEMPB_U
	F	 00 1000 DFFF FFFF	81
	D	 00 1000 D101 0001	0
000685	0851	MOVF SYSLONGDIVMULTB_E,W
	F	 00 0000 1FFF FFFF	124
000686	00FC	MOVWF SYSLONGTEMPB_E
	F	 00 0001 1FFF FFFF	117
000687	01F5	CLRF SYSLONGTEMPA
	F	 00 0001 1FFF FFFF	118
000688	01F6	CLRF SYSLONGTEMPA_H
	F	 00 0001 1FFF FFFF	119
000689	01F7	CLRF SYSLONGTEMPA_U
	F	 00 0001 1FFF FFFF	120
00068A	01F8	CLRF SYSLONGTEMPA_E
	K	 10 0KKK KKKK KKKK	1407
00068B	257F	CALL SYSCOMPLESSTHAN32
	F	 01 10BB BFFF FFFF	112
	B	 01 10BB B111 0000	0
00068C	1870	BTFSC SYSBYTETEMPX,0
	K	 10 1KKK KKKK KKKK	1643
00068D	2E6B	GOTO MUL32LOOP
	F	 00 1000 DFFF FFFF	82
	D	 00 1000 D101 0010	0
00068E	0852	MOVF SYSLONGDIVMULTX,W
	F	 00 0000 1FFF FFFF	112
00068F	00F0	MOVWF SYSLONGTEMPX
	F	 00 1000 DFFF FFFF	83
	D	 00 1000 D101 0011	0
000690	0853	MOVF SYSLONGDIVMULTX_H,W
	F	 00 0000 1FFF FFFF	113
000691	00F1	MOVWF SYSLONGTEMPX_H
	F	 00 1000 DFFF FFFF	84
	D	 00 1000 D101 0100	0
000692	0854	MOVF SYSLONGDIVMULTX_U,W
	F	 00 0000 1FFF FFFF	114
000693	00F2	MOVWF SYSLONGTEMPX_U
	F	 00 1000 DFFF FFFF	85
	D	 00 1000 D101 0101	0
000694	0855	MOVF SYSLONGDIVMULTX_E,W
	F	 00 0000 1FFF FFFF	115
000695	00F3	MOVWF SYSLONGTEMPX_E
000696	0008	RETURN


		SYSREADSTRING
	K	 10 0KKK KKKK KKKK	1703
000697	26A7	CALL SYSSTRINGTABLES
	F	 00 0000 1FFF FFFF	117
000698	00F5	MOVWF SYSCALCTEMPA
	F	 00 0000 1FFF FFFF	1
000699	0081	MOVWF INDF1
	K	 10 1KKK KKKK KKKK	1694
00069A	2E9E	GOTO SYSSTRINGREADCHECK
		SYSREADSTRINGPART
	K	 10 0KKK KKKK KKKK	1703
00069B	26A7	CALL SYSSTRINGTABLES
	F	 00 0000 1FFF FFFF	117
00069C	00F5	MOVWF SYSCALCTEMPA
	F	 00 0111 DFFF FFFF	118
	D	 00 0111 D111 0110	1
00069D	07F6	ADDWF SYSSTRINGLENGTH,F
		SYSSTRINGREADCHECK
	F	 00 1000 DFFF FFFF	117
	D	 00 1000 D111 0101	1
00069E	08F5	MOVF SYSCALCTEMPA,F
	F	 01 10BB BFFF FFFF	3
	B	 01 10BB B000 0011	2
00069F	1903	BTFSC STATUS,Z
0006A0	0008	RETURN
		SYSSTRINGREAD
	K	 10 0KKK KKKK KKKK	1703
0006A1	26A7	CALL SYSSTRINGTABLES
	N	 11 0001 0NKK KKKK	1
	K	 11 0001 01KK KKKK	1
0006A2	3141	ADDFSR 1,1
	F	 00 0000 1FFF FFFF	1
0006A3	0081	MOVWF INDF1
	F	 00 1011 DFFF FFFF	117
	D	 00 1011 D111 0101	1
0006A4	0BF5	DECFSZ SYSCALCTEMPA, F
	K	 10 1KKK KKKK KKKK	1697
0006A5	2EA1	GOTO SYSSTRINGREAD
0006A6	0008	RETURN


		SYSSTRINGTABLES
	F	 00 1000 DFFF FFFF	120
	D	 00 1000 D111 1000	0
0006A7	0878	MOVF SYSSTRINGA_H,W
	F	 00 0000 1FFF FFFF	10
0006A8	008A	MOVWF PCLATH
	F	 00 1000 DFFF FFFF	119
	D	 00 1000 D111 0111	0
0006A9	0877	MOVF SYSSTRINGA,W
	F	 00 1010 DFFF FFFF	119
	D	 00 1010 D111 0111	1
0006AA	0AF7	INCF SYSSTRINGA,F
	F	 01 10BB BFFF FFFF	3
	B	 01 10BB B000 0011	2
0006AB	1903	BTFSC STATUS,Z
	F	 00 1010 DFFF FFFF	120
	D	 00 1010 D111 1000	1
0006AC	0AF8	INCF SYSSTRINGA_H,F
	F	 00 0000 1FFF FFFF	2
0006AD	0082	MOVWF PCL

		STRINGTABLE1
	K	 11 0100 KKKK KKKK	12
0006AE	340C	RETLW 12
	K	 11 0100 KKKK KKKK	71
0006AF	3447	RETLW 71
	K	 11 0100 KKKK KKKK	67
0006B0	3443	RETLW 67
	K	 11 0100 KKKK KKKK	66
0006B1	3442	RETLW 66
	K	 11 0100 KKKK KKKK	65
0006B2	3441	RETLW 65
	K	 11 0100 KKKK KKKK	83
0006B3	3453	RETLW 83
	K	 11 0100 KKKK KKKK	73
0006B4	3449	RETLW 73
	K	 11 0100 KKKK KKKK	67
0006B5	3443	RETLW 67
	K	 11 0100 KKKK KKKK	32
0006B6	3420	RETLW 32
	K	 11 0100 KKKK KKKK	50
0006B7	3432	RETLW 50
	K	 11 0100 KKKK KKKK	48
0006B8	3430	RETLW 48
	K	 11 0100 KKKK KKKK	50
0006B9	3432	RETLW 50
	K	 11 0100 KKKK KKKK	53
0006BA	3435	RETLW 53


		STRINGTABLE2
	K	 11 0100 KKKK KKKK	3
0006BB	3403	RETLW 3
	K	 11 0100 KKKK KKKK	109
0006BC	346D	RETLW 109
	K	 11 0100 KKKK KKKK	72
0006BD	3448	RETLW 72
	K	 11 0100 KKKK KKKK	122
0006BE	347A	RETLW 122


		STRINGTABLE3
	K	 11 0100 KKKK KKKK	1
0006BF	3401	RETLW 1
	K	 11 0100 KKKK KKKK	32
0006C0	3420	RETLW 32


		STRINGTABLE4
	K	 11 0100 KKKK KKKK	4
0006C1	3404	RETLW 4
	K	 11 0100 KKKK KKKK	32
0006C2	3420	RETLW 32
	K	 11 0100 KKKK KKKK	32
0006C3	3420	RETLW 32
	K	 11 0100 KKKK KKKK	32
0006C4	3420	RETLW 32
	K	 11 0100 KKKK KKKK	32
0006C5	3420	RETLW 32


		STRINGTABLE5
	K	 11 0100 KKKK KKKK	3
0006C6	3403	RETLW 3
	K	 11 0100 KKKK KKKK	60
0006C7	343C	RETLW 60
	K	 11 0100 KKKK KKKK	76
0006C8	344C	RETLW 76
	K	 11 0100 KKKK KKKK	58
0006C9	343A	RETLW 58


		STRINGTABLE6
	K	 11 0100 KKKK KKKK	3
0006CA	3403	RETLW 3
	K	 11 0100 KKKK KKKK	62
0006CB	343E	RETLW 62
	K	 11 0100 KKKK KKKK	82
0006CC	3452	RETLW 82
	K	 11 0100 KKKK KKKK	58
0006CD	343A	RETLW 58


		STRINGTABLE63
	K	 11 0100 KKKK KKKK	0
0006CE	3400	RETLW 0


		STRINGTABLE67
	K	 11 0100 KKKK KKKK	1
0006CF	3401	RETLW 1
	K	 11 0100 KKKK KKKK	49
0006D0	3431	RETLW 49


		STRINGTABLE68
	K	 11 0100 KKKK KKKK	1
0006D1	3401	RETLW 1
	K	 11 0100 KKKK KKKK	48
0006D2	3430	RETLW 48


		STRINGTABLE153
	K	 11 0100 KKKK KKKK	7
0006D3	3407	RETLW 7
	K	 11 0100 KKKK KKKK	49
0006D4	3431	RETLW 49
	K	 11 0100 KKKK KKKK	54
0006D5	3436	RETLW 54
	K	 11 0100 KKKK KKKK	70
0006D6	3446	RETLW 70
	K	 11 0100 KKKK KKKK	49
0006D7	3431	RETLW 49
	K	 11 0100 KKKK KKKK	57
0006D8	3439	RETLW 57
	K	 11 0100 KKKK KKKK	51
0006D9	3433	RETLW 51
	K	 11 0100 KKKK KKKK	55
0006DA	3437	RETLW 55






