GCASM List File (GCBASIC 2026.08.07 (Windows 64 bit) : Build 1617)

Symbols:
A 	EQU 	0
ABD 	EQU 	4
ABDEN 	EQU 	6
ABDIE 	EQU 	2
ABDIF 	EQU 	6
ABDOVE 	EQU 	5
ABDOVF 	EQU 	5
ACC0 	EQU 	0
ACC1 	EQU 	1
ACC10 	EQU 	2
ACC11 	EQU 	3
ACC12 	EQU 	4
ACC13 	EQU 	5
ACC14 	EQU 	6
ACC15 	EQU 	7
ACC16 	EQU 	0
ACC17 	EQU 	1
ACC18 	EQU 	2
ACC19 	EQU 	3
ACC2 	EQU 	2
ACC3 	EQU 	3
ACC4 	EQU 	4
ACC5 	EQU 	5
ACC6 	EQU 	6
ACC7 	EQU 	7
ACC8 	EQU 	0
ACC9 	EQU 	1
ACCESS 	EQU 	0
ACCM 	EQU 	4
ACCMOD 	EQU 	4
ACKCNT 	EQU 	7
ACKDT 	EQU 	6
ACKSTAT 	EQU 	5
ACKT 	EQU 	4
ACKT1IE 	EQU 	6
ACKT1IF 	EQU 	6
ACKT2IE 	EQU 	6
ACKT2IF 	EQU 	6
ACKTIE 	EQU 	6
ACKTIF 	EQU 	6
ACLR 	EQU 	3
ACNT 	EQU 	7
ACNTMD0 	EQU 	0
ACNTMD1 	EQU 	1
ACQ0 	EQU 	0
ACQ1 	EQU 	1
ACQ10 	EQU 	2
ACQ11 	EQU 	3
ACQ12 	EQU 	4
ACQ2 	EQU 	2
ACQ3 	EQU 	3
ACQ4 	EQU 	4
ACQ5 	EQU 	5
ACQ6 	EQU 	6
ACQ7 	EQU 	7
ACQ8 	EQU 	0
ACQ9 	EQU 	1
ACSS 	EQU 	33
ACT0 	EQU 	0
ACT1 	EQU 	1
ACT2 	EQU 	2
ACT3 	EQU 	3
ACT4 	EQU 	4
ACT5 	EQU 	5
ACTCON 	EQU 	172
ACTCON_EN 	EQU 	7
ACTEN 	EQU 	7
ACTIE 	EQU 	3
ACTIF 	EQU 	3
ACTIP 	EQU 	3
ACTLOCK 	EQU 	3
ACTMD 	EQU 	3
ACTORS 	EQU 	1
ACTUD 	EQU 	6
AD0 	EQU 	0
AD1 	EQU 	1
AD10 	EQU 	2
AD11 	EQU 	3
AD12 	EQU 	4
AD13 	EQU 	5
AD14 	EQU 	6
AD15 	EQU 	7
AD16 	EQU 	0
AD17 	EQU 	1
AD18 	EQU 	2
AD19 	EQU 	3
AD2 	EQU 	2
AD20 	EQU 	4
AD3 	EQU 	3
AD4 	EQU 	4
AD5 	EQU 	5
AD6 	EQU 	6
AD7 	EQU 	7
AD8 	EQU 	0
AD9 	EQU 	1
ADACC 	EQU 	995
ADACC0 	EQU 	0
ADACC1 	EQU 	1
ADACC10 	EQU 	2
ADACC11 	EQU 	3
ADACC12 	EQU 	4
ADACC13 	EQU 	5
ADACC14 	EQU 	6
ADACC15 	EQU 	7
ADACC2 	EQU 	2
ADACC3 	EQU 	3
ADACC4 	EQU 	4
ADACC5 	EQU 	5
ADACC6 	EQU 	6
ADACC7 	EQU 	7
ADACC8 	EQU 	0
ADACC9 	EQU 	1
ADACCH 	EQU 	996
ADACCL 	EQU 	995
ADACLR 	EQU 	3
ADACQ 	EQU 	1006
ADACQ0 	EQU 	0
ADACQ1 	EQU 	1
ADACQ10 	EQU 	2
ADACQ11 	EQU 	3
ADACQ12 	EQU 	4
ADACQ2 	EQU 	2
ADACQ3 	EQU 	3
ADACQ4 	EQU 	4
ADACQ5 	EQU 	5
ADACQ6 	EQU 	6
ADACQ7 	EQU 	7
ADACQ8 	EQU 	0
ADACQ9 	EQU 	1
ADACQH 	EQU 	1007
ADACQH_ACQ0 	EQU 	0
ADACQH_ACQ1 	EQU 	1
ADACQH_ACQ2 	EQU 	2
ADACQH_ACQ3 	EQU 	3
ADACQH_ACQ4 	EQU 	4
ADACQH_ADACQ0 	EQU 	0
ADACQH_ADACQ1 	EQU 	1
ADACQH_ADACQ2 	EQU 	2
ADACQH_ADACQ3 	EQU 	3
ADACQH_ADACQ4 	EQU 	4
ADACQL 	EQU 	1006
ADACT 	EQU 	1017
ADACT0 	EQU 	0
ADACT1 	EQU 	1
ADACT2 	EQU 	2
ADACT3 	EQU 	3
ADACT4 	EQU 	4
ADACT5 	EQU 	5
ADACTPPS 	EQU 	617
ADACTPPS0 	EQU 	0
ADACTPPS1 	EQU 	1
ADACTPPS2 	EQU 	2
ADACTPPS3 	EQU 	3
ADACTPPS4 	EQU 	4
ADACTPPS5 	EQU 	5
ADACTPPS6 	EQU 	6
ADACTPPS7 	EQU 	7
ADACTPPS_PIN0 	EQU 	0
ADACTPPS_PIN1 	EQU 	1
ADACTPPS_PIN2 	EQU 	2
ADACTPPS_PORT0 	EQU 	3
ADACTPPS_PORT1 	EQU 	4
ADACTPPS_PORT2 	EQU 	5
ADACTPPS_PORT3 	EQU 	6
ADACTPPS_PORT4 	EQU 	7
ADAOV 	EQU 	7
ADCALC0 	EQU 	4
ADCALC1 	EQU 	5
ADCALC2 	EQU 	6
ADCAP 	EQU 	1008
ADCAP0 	EQU 	0
ADCAP1 	EQU 	1
ADCAP2 	EQU 	2
ADCAP3 	EQU 	3
ADCAP4 	EQU 	4
ADCG1A 	EQU 	272
ADCG1B 	EQU 	273
ADCG1C 	EQU 	274
ADCG1E 	EQU 	276
ADCLK 	EQU 	1018
ADCLK_CS3 	EQU 	3
ADCLK_CS4 	EQU 	4
ADCMD 	EQU 	1
ADCNT 	EQU 	998
ADCNT0 	EQU 	0
ADCNT1 	EQU 	1
ADCNT2 	EQU 	2
ADCNT3 	EQU 	3
ADCNT4 	EQU 	4
ADCNT5 	EQU 	5
ADCNT6 	EQU 	6
ADCNT7 	EQU 	7
ADCNT_CNT0 	EQU 	0
ADCNT_CNT1 	EQU 	1
ADCNT_CNT2 	EQU 	2
ADCNT_CNT3 	EQU 	3
ADCNT_CNT4 	EQU 	4
ADCNT_CNT5 	EQU 	5
ADCNT_CNT6 	EQU 	6
ADCNT_CNT7 	EQU 	7
ADCON0 	EQU 	1011
ADCON0_ADFM0 	EQU 	2
ADCON0_FM0 	EQU 	2
ADCON1 	EQU 	1012
ADCON2 	EQU 	1013
ADCON2_ADCRS0 	EQU 	4
ADCON2_ADCRS1 	EQU 	5
ADCON2_ADCRS2 	EQU 	6
ADCON2_ADMD0 	EQU 	0
ADCON2_ADMD1 	EQU 	1
ADCON2_ADMD2 	EQU 	2
ADCON2_CRS0 	EQU 	4
ADCON2_CRS1 	EQU 	5
ADCON2_CRS2 	EQU 	6
ADCON2_MD0 	EQU 	0
ADCON2_MD1 	EQU 	1
ADCON2_MD2 	EQU 	2
ADCON3 	EQU 	1014
ADCON3_ADCALC0 	EQU 	4
ADCON3_ADCALC1 	EQU 	5
ADCON3_ADCALC2 	EQU 	6
ADCON3_ADTMD0 	EQU 	0
ADCON3_ADTMD1 	EQU 	1
ADCON3_ADTMD2 	EQU 	2
ADCON3_CALC0 	EQU 	4
ADCON3_CALC1 	EQU 	5
ADCON3_CALC2 	EQU 	6
ADCON3_TMD0 	EQU 	0
ADCON3_TMD1 	EQU 	1
ADCON3_TMD2 	EQU 	2
ADCONT 	EQU 	6
ADCRS0 	EQU 	4
ADCRS1 	EQU 	5
ADCRS2 	EQU 	6
ADCS 	EQU 	4
ADCS0 	EQU 	0
ADCS1 	EQU 	1
ADCS2 	EQU 	2
ADCS3 	EQU 	3
ADCS4 	EQU 	4
ADCS5 	EQU 	5
ADCVAL 	EQU 	1294
ADCVAL_H 	EQU 	1295
ADDSEN 	EQU 	0
ADERR 	EQU 	989
ADERR0 	EQU 	0
ADERR1 	EQU 	1
ADERR10 	EQU 	2
ADERR11 	EQU 	3
ADERR12 	EQU 	4
ADERR13 	EQU 	5
ADERR14 	EQU 	6
ADERR15 	EQU 	7
ADERR2 	EQU 	2
ADERR3 	EQU 	3
ADERR4 	EQU 	4
ADERR5 	EQU 	5
ADERR6 	EQU 	6
ADERR7 	EQU 	7
ADERR8 	EQU 	0
ADERR9 	EQU 	1
ADERRH 	EQU 	990
ADERRL 	EQU 	989
ADFLTR 	EQU 	993
ADFLTR0 	EQU 	0
ADFLTR1 	EQU 	1
ADFLTR10 	EQU 	2
ADFLTR11 	EQU 	3
ADFLTR12 	EQU 	4
ADFLTR13 	EQU 	5
ADFLTR14 	EQU 	6
ADFLTR15 	EQU 	7
ADFLTR2 	EQU 	2
ADFLTR3 	EQU 	3
ADFLTR4 	EQU 	4
ADFLTR5 	EQU 	5
ADFLTR6 	EQU 	6
ADFLTR7 	EQU 	7
ADFLTR8 	EQU 	0
ADFLTR9 	EQU 	1
ADFLTRH 	EQU 	994
ADFLTRL 	EQU 	993
ADFM0 	EQU 	2
ADFM1 	EQU 	3
ADFVR0 	EQU 	0
ADFVR1 	EQU 	1
ADGO 	EQU 	0
ADGPOL 	EQU 	5
ADIE 	EQU 	2
ADIF 	EQU 	2
ADIP 	EQU 	2
ADIPEN 	EQU 	6
ADLTH 	EQU 	985
ADLTH0 	EQU 	0
ADLTH1 	EQU 	1
ADLTH10 	EQU 	2
ADLTH11 	EQU 	3
ADLTH12 	EQU 	4
ADLTH13 	EQU 	5
ADLTH14 	EQU 	6
ADLTH15 	EQU 	7
ADLTH2 	EQU 	2
ADLTH3 	EQU 	3
ADLTH4 	EQU 	4
ADLTH5 	EQU 	5
ADLTH6 	EQU 	6
ADLTH7 	EQU 	7
ADLTH8 	EQU 	0
ADLTH9 	EQU 	1
ADLTHH 	EQU 	986
ADLTHL 	EQU 	985
ADLTHR 	EQU 	5
ADMATH 	EQU 	4
ADMD0 	EQU 	0
ADMD1 	EQU 	1
ADMD2 	EQU 	2
ADNREF0 	EQU 	4
ADNREF1 	EQU 	5
ADNREF2 	EQU 	6
ADNREF3 	EQU 	7
ADOEN 	EQU 	2
ADON 	EQU 	7
ADOR 	EQU 	2
ADOV 	EQU 	7
ADPCH 	EQU 	1004
ADPCH0 	EQU 	0
ADPCH1 	EQU 	1
ADPCH2 	EQU 	2
ADPCH3 	EQU 	3
ADPCH4 	EQU 	4
ADPCH5 	EQU 	5
ADPCH6 	EQU 	6
ADPCH7 	EQU 	7
ADPCSC 	EQU 	1
ADPPOL 	EQU 	7
ADPRE 	EQU 	1009
ADPRE0 	EQU 	0
ADPRE1 	EQU 	1
ADPRE10 	EQU 	2
ADPRE11 	EQU 	3
ADPRE12 	EQU 	4
ADPRE2 	EQU 	2
ADPRE3 	EQU 	3
ADPRE4 	EQU 	4
ADPRE5 	EQU 	5
ADPRE6 	EQU 	6
ADPRE7 	EQU 	7
ADPRE8 	EQU 	0
ADPRE9 	EQU 	1
ADPREF0 	EQU 	0
ADPREF1 	EQU 	1
ADPREF2 	EQU 	2
ADPREF3 	EQU 	3
ADPREH 	EQU 	1010
ADPREH_ADPRE0 	EQU 	0
ADPREH_ADPRE1 	EQU 	1
ADPREH_ADPRE2 	EQU 	2
ADPREH_ADPRE3 	EQU 	3
ADPREH_ADPRE4 	EQU 	4
ADPREH_PRE0 	EQU 	0
ADPREH_PRE1 	EQU 	1
ADPREH_PRE2 	EQU 	2
ADPREH_PRE3 	EQU 	3
ADPREH_PRE4 	EQU 	4
ADPREL 	EQU 	1009
ADPREV 	EQU 	1000
ADPREV0 	EQU 	0
ADPREV1 	EQU 	1
ADPREV10 	EQU 	2
ADPREV11 	EQU 	3
ADPREV12 	EQU 	4
ADPREV13 	EQU 	5
ADPREV14 	EQU 	6
ADPREV15 	EQU 	7
ADPREV2 	EQU 	2
ADPREV3 	EQU 	3
ADPREV4 	EQU 	4
ADPREV5 	EQU 	5
ADPREV6 	EQU 	6
ADPREV7 	EQU 	7
ADPREV8 	EQU 	0
ADPREV9 	EQU 	1
ADPREVH 	EQU 	1001
ADPREVL 	EQU 	1000
ADPSIS 	EQU 	7
ADR0 	EQU 	1
ADR1 	EQU 	2
ADR1IE 	EQU 	3
ADR1IF 	EQU 	3
ADR2 	EQU 	3
ADR2IE 	EQU 	3
ADR2IF 	EQU 	3
ADR3 	EQU 	4
ADR4 	EQU 	5
ADR5 	EQU 	6
ADR6 	EQU 	7
ADREADPORT 	EQU 	1296
ADREF 	EQU 	1016
ADREF_ADNREF0 	EQU 	4
ADREF_ADPREF0 	EQU 	0
ADREF_ADPREF1 	EQU 	1
ADREF_NREF0 	EQU 	4
ADREF_PREF0 	EQU 	0
ADREF_PREF1 	EQU 	1
ADRES 	EQU 	1002
ADRES0 	EQU 	0
ADRES1 	EQU 	1
ADRES10 	EQU 	2
ADRES11 	EQU 	3
ADRES12 	EQU 	4
ADRES13 	EQU 	5
ADRES14 	EQU 	6
ADRES15 	EQU 	7
ADRES2 	EQU 	2
ADRES3 	EQU 	3
ADRES4 	EQU 	4
ADRES5 	EQU 	5
ADRES6 	EQU 	6
ADRES7 	EQU 	7
ADRES8 	EQU 	0
ADRES9 	EQU 	1
ADRESH 	EQU 	1003
ADRESL 	EQU 	1002
ADRIE 	EQU 	3
ADRIF 	EQU 	3
ADRPT 	EQU 	999
ADRPT0 	EQU 	0
ADRPT1 	EQU 	1
ADRPT2 	EQU 	2
ADRPT3 	EQU 	3
ADRPT4 	EQU 	4
ADRPT5 	EQU 	5
ADRPT6 	EQU 	6
ADRPT7 	EQU 	7
ADSOI 	EQU 	3
ADSTAT 	EQU 	1015
ADSTAT0 	EQU 	0
ADSTAT1 	EQU 	1
ADSTAT2 	EQU 	2
ADSTAT_ADSTAT0 	EQU 	0
ADSTAT_ADSTAT1 	EQU 	1
ADSTAT_ADSTAT2 	EQU 	2
ADSTAT_STAT0_ADSTAT 	EQU 	0
ADSTAT_STAT1_ADSTAT 	EQU 	1
ADSTAT_STAT2 	EQU 	2
ADSTPT 	EQU 	991
ADSTPT0 	EQU 	0
ADSTPT1 	EQU 	1
ADSTPT10 	EQU 	2
ADSTPT11 	EQU 	3
ADSTPT12 	EQU 	4
ADSTPT13 	EQU 	5
ADSTPT14 	EQU 	6
ADSTPT15 	EQU 	7
ADSTPT2 	EQU 	2
ADSTPT3 	EQU 	3
ADSTPT4 	EQU 	4
ADSTPT5 	EQU 	5
ADSTPT6 	EQU 	6
ADSTPT7 	EQU 	7
ADSTPT8 	EQU 	0
ADSTPT9 	EQU 	1
ADSTPTH 	EQU 	992
ADSTPTL 	EQU 	991
ADTIE 	EQU 	1
ADTIF 	EQU 	1
ADTIP 	EQU 	1
ADTMD0 	EQU 	0
ADTMD1 	EQU 	1
ADTMD2 	EQU 	2
ADUTH 	EQU 	987
ADUTH0 	EQU 	0
ADUTH1 	EQU 	1
ADUTH10 	EQU 	2
ADUTH11 	EQU 	3
ADUTH12 	EQU 	4
ADUTH13 	EQU 	5
ADUTH14 	EQU 	6
ADUTH15 	EQU 	7
ADUTH2 	EQU 	2
ADUTH3 	EQU 	3
ADUTH4 	EQU 	4
ADUTH5 	EQU 	5
ADUTH6 	EQU 	6
ADUTH7 	EQU 	7
ADUTH8 	EQU 	0
ADUTH9 	EQU 	1
ADUTHH 	EQU 	988
ADUTHL 	EQU 	987
ADUTHR 	EQU 	6
AFSR0 	EQU 	1257
AFSR0_H 	EQU 	1258
AIRQ0 	EQU 	0
AIRQ1 	EQU 	1
AIRQ2 	EQU 	2
AIRQ3 	EQU 	3
AIRQ4 	EQU 	4
AIRQ5 	EQU 	5
AIRQ6 	EQU 	6
AIRQ7 	EQU 	7
AIRQEN 	EQU 	2
ANSELA 	EQU 	1024
ANSELA0 	EQU 	0
ANSELA1 	EQU 	1
ANSELA2 	EQU 	2
ANSELA3 	EQU 	3
ANSELA4 	EQU 	4
ANSELA5 	EQU 	5
ANSELA6 	EQU 	6
ANSELA7 	EQU 	7
ANSELB 	EQU 	1032
ANSELB0 	EQU 	0
ANSELB1 	EQU 	1
ANSELB2 	EQU 	2
ANSELB3 	EQU 	3
ANSELB4 	EQU 	4
ANSELB5 	EQU 	5
ANSELB6 	EQU 	6
ANSELB7 	EQU 	7
ANSELC 	EQU 	1040
ANSELC0 	EQU 	0
ANSELC1 	EQU 	1
ANSELC2 	EQU 	2
ANSELE 	EQU 	1056
ANSELE0 	EQU 	0
ANSELE1 	EQU 	1
ANSELE2 	EQU 	2
AOV 	EQU 	7
AS0E 	EQU 	0
AS1E 	EQU 	1
AS2E 	EQU 	2
AS3E 	EQU 	3
AS4E 	EQU 	4
AS5E 	EQU 	5
AS6E 	EQU 	6
AS7E 	EQU 	7
ASYNC 	EQU 	4
B 	EQU 	1
BANKED 	EQU 	1
BASE0 	EQU 	0
BASE1 	EQU 	1
BASE10 	EQU 	2
BASE11 	EQU 	3
BASE12 	EQU 	4
BASE13 	EQU 	5
BASE14 	EQU 	6
BASE15 	EQU 	7
BASE16 	EQU 	0
BASE17 	EQU 	1
BASE18 	EQU 	2
BASE19 	EQU 	3
BASE2 	EQU 	2
BASE20 	EQU 	4
BASE3 	EQU 	3
BASE4 	EQU 	4
BASE5 	EQU 	5
BASE6 	EQU 	6
BASE7 	EQU 	7
BASE8 	EQU 	0
BASE9 	EQU 	1
BASPROGRAMEND 	EQU 	1372
BASPROGRAMSTART 	EQU 	12
BAUD0 	EQU 	0
BAUD1 	EQU 	1
BAUD2 	EQU 	2
BAUD3 	EQU 	3
BAUD4 	EQU 	4
BAUD5 	EQU 	5
BAUD6 	EQU 	6
BAUD7 	EQU 	7
BCL1IE 	EQU 	1
BCL1IF 	EQU 	5
BCL2IE 	EQU 	1
BCL2IF 	EQU 	5
BCLIE 	EQU 	1
BCLIF 	EQU 	5
BFRE 	EQU 	7
BFRET0 	EQU 	0
BFRET1 	EQU 	1
BMODE 	EQU 	0
BOR 	EQU 	0
BORCON 	EQU 	73
BORRDY 	EQU 	0
BOX17 	EQU 	1376
BRGS 	EQU 	7
BRKOVR 	EQU 	1
BSR 	EQU 	1248
BSR_CSHAD 	EQU 	885
BSR_SHAD 	EQU 	889
BTO1IE 	EQU 	2
BTO1IF 	EQU 	6
BTO2IE 	EQU 	2
BTO2IF 	EQU 	6
BTOC0 	EQU 	0
BTOC1 	EQU 	1
BTOC2 	EQU 	2
BTOC3 	EQU 	3
BTOIE 	EQU 	2
BTOIF 	EQU 	6
BUF0 	EQU 	0
BUF1 	EQU 	1
BUF2 	EQU 	2
BUF3 	EQU 	3
BUF4 	EQU 	4
BUF5 	EQU 	5
BUF6 	EQU 	6
BUF7 	EQU 	7
BURSTMD 	EQU 	1
BUSY_CRCCON0 	EQU 	5
BUSY_SCANCON0 	EQU 	0
BUSY_SPI1CON2 	EQU 	7
BYTENUMBER 	EQU 	1297
C 	EQU 	0
C0EN 	EQU 	3
C1EN 	EQU 	7
C1HYS 	EQU 	1
C1HYS1 	EQU 	2
C1IE 	EQU 	0
C1IF 	EQU 	0
C1INTN 	EQU 	0
C1INTP 	EQU 	1
C1IP 	EQU 	0
C1NCH0 	EQU 	0
C1NCH1 	EQU 	1
C1NCH2 	EQU 	2
C1OUT_CM1CON0 	EQU 	6
C1PCH0 	EQU 	0
C1PCH1 	EQU 	1
C1PCH2 	EQU 	2
C1POL 	EQU 	4
C1RDY 	EQU 	7
C1SP0 	EQU 	2
C1SP1 	EQU 	3
C1SYNC 	EQU 	0
C1TSEL0 	EQU 	0
C1TSEL1 	EQU 	1
C2EN 	EQU 	7
C2HYS 	EQU 	1
C2HYS1 	EQU 	2
C2IE 	EQU 	1
C2IF 	EQU 	1
C2INTN 	EQU 	0
C2INTP 	EQU 	1
C2IP 	EQU 	1
C2NCH0 	EQU 	0
C2NCH1 	EQU 	1
C2NCH2 	EQU 	2
C2OUT_CM2CON0 	EQU 	6
C2PCH0 	EQU 	0
C2PCH1 	EQU 	1
C2PCH2 	EQU 	2
C2POL 	EQU 	4
C2RDY 	EQU 	7
C2SP0 	EQU 	2
C2SP1 	EQU 	3
C2SYNC 	EQU 	0
CALC0 	EQU 	4
CALC1 	EQU 	5
CALC2 	EQU 	6
CAPT 	EQU 	3
CARH0 	EQU 	0
CARH1 	EQU 	1
CARH2 	EQU 	2
CARH3 	EQU 	3
CARH4 	EQU 	4
CARL0 	EQU 	0
CARL1 	EQU 	1
CARL2 	EQU 	2
CARL3 	EQU 	3
CARL4 	EQU 	4
CCOUNT 	EQU 	1298
CCP1CAP 	EQU 	835
CCP1CON 	EQU 	834
CCP1CON_CCP1CON_MODE0 	EQU 	0
CCP1CON_CCP1CON_MODE1 	EQU 	1
CCP1CON_CCP1CON_MODE2 	EQU 	2
CCP1CON_CCP1CON_MODE3 	EQU 	3
CCP1CON_CCP1MODE0 	EQU 	0
CCP1CON_CCP1MODE1 	EQU 	1
CCP1CON_CCP1MODE2 	EQU 	2
CCP1CON_CCP1MODE3 	EQU 	3
CCP1CON_EN 	EQU 	7
CCP1CON_MODE0 	EQU 	0
CCP1CON_MODE1 	EQU 	1
CCP1CON_MODE2 	EQU 	2
CCP1CON_MODE3 	EQU 	3
CCP1CTS0 	EQU 	0
CCP1CTS1 	EQU 	1
CCP1CTS2 	EQU 	2
CCP1CTS3 	EQU 	3
CCP1EN 	EQU 	7
CCP1FMT 	EQU 	4
CCP1IE 	EQU 	2
CCP1IF 	EQU 	2
CCP1IP 	EQU 	2
CCP1MD 	EQU 	6
CCP1MODE0 	EQU 	0
CCP1MODE1 	EQU 	1
CCP1MODE2 	EQU 	2
CCP1MODE3 	EQU 	3
CCP1OUT 	EQU 	5
CCP1PPS 	EQU 	591
CCP1PPS0 	EQU 	0
CCP1PPS1 	EQU 	1
CCP1PPS2 	EQU 	2
CCP1PPS3 	EQU 	3
CCP1PPS4 	EQU 	4
CCP1PPS5 	EQU 	5
CCP1PPS6 	EQU 	6
CCP1PPS7 	EQU 	7
CCP1PPS_PIN0 	EQU 	0
CCP1PPS_PIN1 	EQU 	1
CCP1PPS_PIN2 	EQU 	2
CCP1PPS_PORT0 	EQU 	3
CCP1PPS_PORT1 	EQU 	4
CCP1PPS_PORT2 	EQU 	5
CCP1PPS_PORT3 	EQU 	6
CCP1PPS_PORT4 	EQU 	7
CCPR1 	EQU 	832
CCPR1H 	EQU 	833
CCPR1L 	EQU 	832
CCPTMRS0 	EQU 	844
CCPTMRS0_C1TSEL0 	EQU 	0
CCPTMRS0_C1TSEL1 	EQU 	1
CDAFVR0 	EQU 	2
CDAFVR1 	EQU 	3
CDIV0 	EQU 	0
CDIV1 	EQU 	1
CDIV2 	EQU 	2
CDIV3 	EQU 	3
CERIE 	EQU 	4
CERIF 	EQU 	4
CGA0 	EQU 	0
CGA1 	EQU 	1
CGA2 	EQU 	2
CGA3 	EQU 	3
CGA4 	EQU 	4
CGA5 	EQU 	5
CGA6 	EQU 	6
CGA7 	EQU 	7
CGB0 	EQU 	0
CGB1 	EQU 	1
CGB2 	EQU 	2
CGB3 	EQU 	3
CGB4 	EQU 	4
CGB5 	EQU 	5
CGB6 	EQU 	6
CGB7 	EQU 	7
CGC0 	EQU 	0
CGC1 	EQU 	1
CGC2 	EQU 	2
CGE0 	EQU 	0
CGE1 	EQU 	1
CGE2 	EQU 	2
CH16AB 	EQU 	0
CHARCODE 	EQU 	1299
CHARCOL 	EQU 	1300
CHARCOLS 	EQU 	1302
CHARCOL_H 	EQU 	1301
CHARLOCX 	EQU 	1303
CHARLOCX_H 	EQU 	1304
CHARLOCY 	EQU 	1305
CHARLOCY_H 	EQU 	1306
CHARROW 	EQU 	1307
CHARROWS 	EQU 	1309
CHARROW_H 	EQU 	1308
CHPOL 	EQU 	5
CHR 	EQU 	4310
CHS0 	EQU 	2
CHS1 	EQU 	3
CHS2 	EQU 	4
CHS3 	EQU 	5
CHS4 	EQU 	6
CHSYNC 	EQU 	4
CIE 	EQU 	0
CIF 	EQU 	0
CIRCLE20 	EQU 	1728
CKE 	EQU 	6
CKP 	EQU 	5
CKPOL 	EQU 	6
CKPS0_T0CON1 	EQU 	0
CKPS0_T1CON 	EQU 	4
CKPS0_T2CON 	EQU 	4
CKPS0_T3CON 	EQU 	4
CKPS0_T4CON 	EQU 	4
CKPS1_T0CON1 	EQU 	1
CKPS1_T1CON 	EQU 	5
CKPS1_T2CON 	EQU 	5
CKPS1_T3CON 	EQU 	5
CKPS1_T4CON 	EQU 	5
CKPS2_T0CON1 	EQU 	2
CKPS2_T2CON 	EQU 	6
CKPS2_T4CON 	EQU 	6
CKPS3 	EQU 	3
CKS0 	EQU 	0
CKS1 	EQU 	1
CKS2 	EQU 	2
CKS3 	EQU 	3
CKS4 	EQU 	4
CKSYNC 	EQU 	5
CLB0IE 	EQU 	4
CLB0IF 	EQU 	4
CLB0IP 	EQU 	4
CLB1IE 	EQU 	5
CLB1IF 	EQU 	5
CLB1IP 	EQU 	5
CLB2IE 	EQU 	6
CLB2IF 	EQU 	6
CLB2IP 	EQU 	6
CLB3IE 	EQU 	7
CLB3IF 	EQU 	7
CLB3IP 	EQU 	7
CLBCLK 	EQU 	195
CLBCLKPPS 	EQU 	573
CLBCLKPPS0 	EQU 	0
CLBCLKPPS1 	EQU 	1
CLBCLKPPS2 	EQU 	2
CLBCLKPPS3 	EQU 	3
CLBCLKPPS4 	EQU 	4
CLBCLKPPS5 	EQU 	5
CLBCLKPPS6 	EQU 	6
CLBCLKPPS7 	EQU 	7
CLBCLKPPS_PIN0 	EQU 	0
CLBCLKPPS_PIN1 	EQU 	1
CLBCLKPPS_PIN2 	EQU 	2
CLBCLKPPS_PORT0 	EQU 	3
CLBCLKPPS_PORT1 	EQU 	4
CLBCLKPPS_PORT2 	EQU 	5
CLBCLKPPS_PORT3 	EQU 	6
CLBCLKPPS_PORT4 	EQU 	7
CLBCLK_CLKPRE0 	EQU 	0
CLBCLK_CLKPRE1 	EQU 	1
CLBCLK_CLKPRE2 	EQU 	2
CLBCLK_CLKPRE3 	EQU 	3
CLBCLK_CLKSEL0 	EQU 	4
CLBCLK_CLKSEL1 	EQU 	5
CLBCLK_CLKSEL2 	EQU 	6
CLBCLK_CLKSEL3 	EQU 	7
CLBCON 	EQU 	192
CLBCON_EN 	EQU 	7
CLBDB0 	EQU 	0
CLBDB1 	EQU 	1
CLBDEBUG0 	EQU 	200
CLBDEBUG1 	EQU 	201
CLBDEBUG1_DBG0 	EQU 	0
CLBDEBUG1_DBG1 	EQU 	1
CLBDEBUG1_DBG2 	EQU 	2
CLBDEBUG1_DBG3 	EQU 	3
CLBDEBUG1_DBG4 	EQU 	4
CLBDEBUG1_DBG5 	EQU 	5
CLBDEBUG1_DBG6 	EQU 	6
CLBEN 	EQU 	7
CLBIN0PPS 	EQU 	565
CLBIN0PPS0 	EQU 	0
CLBIN0PPS1 	EQU 	1
CLBIN0PPS2 	EQU 	2
CLBIN0PPS3 	EQU 	3
CLBIN0PPS4 	EQU 	4
CLBIN0PPS5 	EQU 	5
CLBIN0PPS6 	EQU 	6
CLBIN0PPS7 	EQU 	7
CLBIN0PPS_PIN0 	EQU 	0
CLBIN0PPS_PIN1 	EQU 	1
CLBIN0PPS_PIN2 	EQU 	2
CLBIN0PPS_PORT0 	EQU 	3
CLBIN0PPS_PORT1 	EQU 	4
CLBIN0PPS_PORT2 	EQU 	5
CLBIN0PPS_PORT3 	EQU 	6
CLBIN0PPS_PORT4 	EQU 	7
CLBIN1PPS 	EQU 	566
CLBIN1PPS0 	EQU 	0
CLBIN1PPS1 	EQU 	1
CLBIN1PPS2 	EQU 	2
CLBIN1PPS3 	EQU 	3
CLBIN1PPS4 	EQU 	4
CLBIN1PPS5 	EQU 	5
CLBIN1PPS6 	EQU 	6
CLBIN1PPS7 	EQU 	7
CLBIN2PPS 	EQU 	567
CLBIN2PPS0 	EQU 	0
CLBIN2PPS1 	EQU 	1
CLBIN2PPS2 	EQU 	2
CLBIN2PPS3 	EQU 	3
CLBIN2PPS4 	EQU 	4
CLBIN2PPS5 	EQU 	5
CLBIN2PPS6 	EQU 	6
CLBIN2PPS7 	EQU 	7
CLBIN2PPS_PIN0 	EQU 	0
CLBIN2PPS_PIN1 	EQU 	1
CLBIN2PPS_PIN2 	EQU 	2
CLBIN2PPS_PORT0 	EQU 	3
CLBIN2PPS_PORT1 	EQU 	4
CLBIN2PPS_PORT2 	EQU 	5
CLBIN2PPS_PORT3 	EQU 	6
CLBIN2PPS_PORT4 	EQU 	7
CLBIN3PPS 	EQU 	568
CLBIN3PPS0 	EQU 	0
CLBIN3PPS1 	EQU 	1
CLBIN3PPS2 	EQU 	2
CLBIN3PPS3 	EQU 	3
CLBIN3PPS4 	EQU 	4
CLBIN3PPS5 	EQU 	5
CLBIN3PPS6 	EQU 	6
CLBIN3PPS7 	EQU 	7
CLBIN3PPS_PIN0 	EQU 	0
CLBIN3PPS_PIN1 	EQU 	1
CLBIN3PPS_PIN2 	EQU 	2
CLBIN3PPS_PORT0 	EQU 	3
CLBIN3PPS_PORT1 	EQU 	4
CLBIN3PPS_PORT2 	EQU 	5
CLBIN3PPS_PORT3 	EQU 	6
CLBIN3PPS_PORT4 	EQU 	7
CLBIN4PPS 	EQU 	569
CLBIN4PPS0 	EQU 	0
CLBIN4PPS1 	EQU 	1
CLBIN4PPS2 	EQU 	2
CLBIN4PPS3 	EQU 	3
CLBIN4PPS4 	EQU 	4
CLBIN4PPS5 	EQU 	5
CLBIN4PPS6 	EQU 	6
CLBIN4PPS7 	EQU 	7
CLBIN4PPS_PIN0 	EQU 	0
CLBIN4PPS_PIN1 	EQU 	1
CLBIN4PPS_PIN2 	EQU 	2
CLBIN4PPS_PORT0 	EQU 	3
CLBIN4PPS_PORT1 	EQU 	4
CLBIN4PPS_PORT2 	EQU 	5
CLBIN4PPS_PORT3 	EQU 	6
CLBIN4PPS_PORT4 	EQU 	7
CLBIN5PPS 	EQU 	570
CLBIN5PPS0 	EQU 	0
CLBIN5PPS1 	EQU 	1
CLBIN5PPS2 	EQU 	2
CLBIN5PPS3 	EQU 	3
CLBIN5PPS4 	EQU 	4
CLBIN5PPS5 	EQU 	5
CLBIN5PPS6 	EQU 	6
CLBIN5PPS7 	EQU 	7
CLBIN5PPS_PIN0 	EQU 	0
CLBIN5PPS_PIN1 	EQU 	1
CLBIN5PPS_PIN2 	EQU 	2
CLBIN5PPS_PORT0 	EQU 	3
CLBIN5PPS_PORT1 	EQU 	4
CLBIN5PPS_PORT2 	EQU 	5
CLBIN5PPS_PORT3 	EQU 	6
CLBIN5PPS_PORT4 	EQU 	7
CLBIN6PPS 	EQU 	571
CLBIN6PPS0 	EQU 	0
CLBIN6PPS1 	EQU 	1
CLBIN6PPS2 	EQU 	2
CLBIN6PPS3 	EQU 	3
CLBIN6PPS4 	EQU 	4
CLBIN6PPS5 	EQU 	5
CLBIN6PPS6 	EQU 	6
CLBIN6PPS7 	EQU 	7
CLBIN6PPS_PIN0 	EQU 	0
CLBIN6PPS_PIN1 	EQU 	1
CLBIN6PPS_PIN2 	EQU 	2
CLBIN6PPS_PORT0 	EQU 	3
CLBIN6PPS_PORT1 	EQU 	4
CLBIN6PPS_PORT2 	EQU 	5
CLBIN6PPS_PORT3 	EQU 	6
CLBIN6PPS_PORT4 	EQU 	7
CLBIN7PPS 	EQU 	572
CLBIN7PPS0 	EQU 	0
CLBIN7PPS1 	EQU 	1
CLBIN7PPS2 	EQU 	2
CLBIN7PPS3 	EQU 	3
CLBIN7PPS4 	EQU 	4
CLBIN7PPS5 	EQU 	5
CLBIN7PPS6 	EQU 	6
CLBIN7PPS7 	EQU 	7
CLBIN7PPS_PIN0 	EQU 	0
CLBIN7PPS_PIN1 	EQU 	1
CLBIN7PPS_PIN2 	EQU 	2
CLBIN7PPS_PORT0 	EQU 	3
CLBIN7PPS_PORT1 	EQU 	4
CLBIN7PPS_PORT2 	EQU 	5
CLBIN7PPS_PORT3 	EQU 	6
CLBIN7PPS_PORT4 	EQU 	7
CLBLOAD 	EQU 	6
CLBMD 	EQU 	1
CLBOUTH 	EQU 	196
CLBOUTH0 	EQU 	0
CLBOUTH1 	EQU 	1
CLBOUTH2 	EQU 	2
CLBOUTH3 	EQU 	3
CLBOUTH4 	EQU 	4
CLBOUTH5 	EQU 	5
CLBOUTH6 	EQU 	6
CLBOUTH7 	EQU 	7
CLBOUTL 	EQU 	197
CLBOUTL0 	EQU 	0
CLBOUTL1 	EQU 	1
CLBOUTL2 	EQU 	2
CLBOUTL3 	EQU 	3
CLBOUTL4 	EQU 	4
CLBOUTL5 	EQU 	5
CLBOUTL6 	EQU 	6
CLBOUTL7 	EQU 	7
CLBSWINH 	EQU 	193
CLBSWINH0 	EQU 	0
CLBSWINH1 	EQU 	1
CLBSWINH2 	EQU 	2
CLBSWINH3 	EQU 	3
CLBSWINH4 	EQU 	4
CLBSWINH5 	EQU 	5
CLBSWINH6 	EQU 	6
CLBSWINH7 	EQU 	7
CLBSWINL 	EQU 	194
CLBSWINL0 	EQU 	0
CLBSWINL1 	EQU 	1
CLBSWINL2 	EQU 	2
CLBSWINL3 	EQU 	3
CLBSWINL4 	EQU 	4
CLBSWINL5 	EQU 	5
CLBSWINL6 	EQU 	6
CLBSWINL7 	EQU 	7
CLBSWOUTH 	EQU 	198
CLBSWOUTH0 	EQU 	0
CLBSWOUTH1 	EQU 	1
CLBSWOUTH2 	EQU 	2
CLBSWOUTH3 	EQU 	3
CLBSWOUTH4 	EQU 	4
CLBSWOUTH5 	EQU 	5
CLBSWOUTH6 	EQU 	6
CLBSWOUTH7 	EQU 	7
CLBSWOUTL 	EQU 	199
CLBSWOUTL0 	EQU 	0
CLBSWOUTL1 	EQU 	1
CLBSWOUTL2 	EQU 	2
CLBSWOUTL3 	EQU 	3
CLBSWOUTL4 	EQU 	4
CLBSWOUTL5 	EQU 	5
CLBSWOUTL6 	EQU 	6
CLBSWOUTL7 	EQU 	7
CLC1IE 	EQU 	0
CLC1IF 	EQU 	0
CLC1IP 	EQU 	0
CLC1MD 	EQU 	1
CLC1OUT 	EQU 	0
CLC2IE 	EQU 	1
CLC2IF 	EQU 	1
CLC2IP 	EQU 	1
CLC2MD 	EQU 	2
CLC2OUT 	EQU 	1
CLC3IE 	EQU 	2
CLC3IF 	EQU 	2
CLC3IP 	EQU 	2
CLC3MD 	EQU 	3
CLC3OUT 	EQU 	2
CLC4IE 	EQU 	3
CLC4IF 	EQU 	3
CLC4IP 	EQU 	3
CLC4MD 	EQU 	4
CLC4OUT 	EQU 	3
CLC5IE 	EQU 	4
CLC5IF 	EQU 	4
CLC5IP 	EQU 	4
CLC5MD 	EQU 	4
CLC5OUT 	EQU 	4
CLC6IE 	EQU 	5
CLC6IF 	EQU 	5
CLC6IP 	EQU 	5
CLC6MD 	EQU 	5
CLC6OUT 	EQU 	5
CLC7IE 	EQU 	6
CLC7IF 	EQU 	6
CLC7IP 	EQU 	6
CLC7MD 	EQU 	6
CLC7OUT 	EQU 	6
CLC8IE 	EQU 	7
CLC8IF 	EQU 	7
CLC8IP 	EQU 	7
CLC8MD 	EQU 	7
CLC8OUT 	EQU 	7
CLCDATA 	EQU 	212
CLCIN0PPS 	EQU 	609
CLCIN0PPS0 	EQU 	0
CLCIN0PPS1 	EQU 	1
CLCIN0PPS2 	EQU 	2
CLCIN0PPS3 	EQU 	3
CLCIN0PPS4 	EQU 	4
CLCIN0PPS5 	EQU 	5
CLCIN0PPS6 	EQU 	6
CLCIN0PPS7 	EQU 	7
CLCIN0PPS_PIN0 	EQU 	0
CLCIN0PPS_PIN1 	EQU 	1
CLCIN0PPS_PIN2 	EQU 	2
CLCIN0PPS_PORT0 	EQU 	3
CLCIN0PPS_PORT1 	EQU 	4
CLCIN0PPS_PORT2 	EQU 	5
CLCIN0PPS_PORT3 	EQU 	6
CLCIN0PPS_PORT4 	EQU 	7
CLCIN1PPS 	EQU 	610
CLCIN1PPS0 	EQU 	0
CLCIN1PPS1 	EQU 	1
CLCIN1PPS2 	EQU 	2
CLCIN1PPS3 	EQU 	3
CLCIN1PPS4 	EQU 	4
CLCIN1PPS5 	EQU 	5
CLCIN1PPS6 	EQU 	6
CLCIN1PPS7 	EQU 	7
CLCIN1PPS_PIN0 	EQU 	0
CLCIN1PPS_PIN1 	EQU 	1
CLCIN1PPS_PIN2 	EQU 	2
CLCIN1PPS_PORT0 	EQU 	3
CLCIN1PPS_PORT1 	EQU 	4
CLCIN1PPS_PORT2 	EQU 	5
CLCIN1PPS_PORT3 	EQU 	6
CLCIN1PPS_PORT4 	EQU 	7
CLCIN2PPS 	EQU 	611
CLCIN2PPS0 	EQU 	0
CLCIN2PPS1 	EQU 	1
CLCIN2PPS2 	EQU 	2
CLCIN2PPS3 	EQU 	3
CLCIN2PPS4 	EQU 	4
CLCIN2PPS5 	EQU 	5
CLCIN2PPS6 	EQU 	6
CLCIN2PPS7 	EQU 	7
CLCIN2PPS_PIN0 	EQU 	0
CLCIN2PPS_PIN1 	EQU 	1
CLCIN2PPS_PIN2 	EQU 	2
CLCIN2PPS_PORT0 	EQU 	3
CLCIN2PPS_PORT1 	EQU 	4
CLCIN2PPS_PORT2 	EQU 	5
CLCIN2PPS_PORT3 	EQU 	6
CLCIN2PPS_PORT4 	EQU 	7
CLCIN3PPS 	EQU 	612
CLCIN3PPS0 	EQU 	0
CLCIN3PPS1 	EQU 	1
CLCIN3PPS2 	EQU 	2
CLCIN3PPS3 	EQU 	3
CLCIN3PPS4 	EQU 	4
CLCIN3PPS5 	EQU 	5
CLCIN3PPS6 	EQU 	6
CLCIN3PPS7 	EQU 	7
CLCIN3PPS_PIN0 	EQU 	0
CLCIN3PPS_PIN1 	EQU 	1
CLCIN3PPS_PIN2 	EQU 	2
CLCIN3PPS_PORT0 	EQU 	3
CLCIN3PPS_PORT1 	EQU 	4
CLCIN3PPS_PORT2 	EQU 	5
CLCIN3PPS_PORT3 	EQU 	6
CLCIN3PPS_PORT4 	EQU 	7
CLCIN4PPS 	EQU 	613
CLCIN4PPS0 	EQU 	0
CLCIN4PPS1 	EQU 	1
CLCIN4PPS2 	EQU 	2
CLCIN4PPS3 	EQU 	3
CLCIN4PPS4 	EQU 	4
CLCIN4PPS5 	EQU 	5
CLCIN4PPS6 	EQU 	6
CLCIN4PPS7 	EQU 	7
CLCIN4PPS_PIN0 	EQU 	0
CLCIN4PPS_PIN1 	EQU 	1
CLCIN4PPS_PIN2 	EQU 	2
CLCIN4PPS_PORT0 	EQU 	3
CLCIN4PPS_PORT1 	EQU 	4
CLCIN4PPS_PORT2 	EQU 	5
CLCIN4PPS_PORT3 	EQU 	6
CLCIN4PPS_PORT4 	EQU 	7
CLCIN5PPS 	EQU 	614
CLCIN5PPS0 	EQU 	0
CLCIN5PPS1 	EQU 	1
CLCIN5PPS2 	EQU 	2
CLCIN5PPS3 	EQU 	3
CLCIN5PPS4 	EQU 	4
CLCIN5PPS5 	EQU 	5
CLCIN5PPS6 	EQU 	6
CLCIN5PPS7 	EQU 	7
CLCIN5PPS_PIN0 	EQU 	0
CLCIN5PPS_PIN1 	EQU 	1
CLCIN5PPS_PIN2 	EQU 	2
CLCIN5PPS_PORT0 	EQU 	3
CLCIN5PPS_PORT1 	EQU 	4
CLCIN5PPS_PORT2 	EQU 	5
CLCIN5PPS_PORT3 	EQU 	6
CLCIN5PPS_PORT4 	EQU 	7
CLCIN6PPS 	EQU 	615
CLCIN6PPS0 	EQU 	0
CLCIN6PPS1 	EQU 	1
CLCIN6PPS2 	EQU 	2
CLCIN6PPS3 	EQU 	3
CLCIN6PPS4 	EQU 	4
CLCIN6PPS5 	EQU 	5
CLCIN6PPS6 	EQU 	6
CLCIN6PPS7 	EQU 	7
CLCIN6PPS_PIN0 	EQU 	0
CLCIN6PPS_PIN1 	EQU 	1
CLCIN6PPS_PIN2 	EQU 	2
CLCIN6PPS_PORT0 	EQU 	3
CLCIN6PPS_PORT1 	EQU 	4
CLCIN6PPS_PORT2 	EQU 	5
CLCIN6PPS_PORT3 	EQU 	6
CLCIN6PPS_PORT4 	EQU 	7
CLCIN7PPS 	EQU 	616
CLCIN7PPS0 	EQU 	0
CLCIN7PPS1 	EQU 	1
CLCIN7PPS2 	EQU 	2
CLCIN7PPS3 	EQU 	3
CLCIN7PPS4 	EQU 	4
CLCIN7PPS5 	EQU 	5
CLCIN7PPS6 	EQU 	6
CLCIN7PPS7 	EQU 	7
CLCIN7PPS_PIN0 	EQU 	0
CLCIN7PPS_PIN1 	EQU 	1
CLCIN7PPS_PIN2 	EQU 	2
CLCIN7PPS_PORT0 	EQU 	3
CLCIN7PPS_PORT1 	EQU 	4
CLCIN7PPS_PORT2 	EQU 	5
CLCIN7PPS_PORT3 	EQU 	6
CLCIN7PPS_PORT4 	EQU 	7
CLCNCON 	EQU 	214
CLCNCON_CLCNCON_MODE0 	EQU 	0
CLCNCON_CLCNCON_MODE1 	EQU 	1
CLCNCON_CLCNCON_MODE2 	EQU 	2
CLCNCON_EN 	EQU 	7
CLCNCON_MODE0 	EQU 	0
CLCNCON_MODE1 	EQU 	1
CLCNCON_MODE2 	EQU 	2
CLCNGLS0 	EQU 	220
CLCNGLS1 	EQU 	221
CLCNGLS2 	EQU 	222
CLCNGLS3 	EQU 	223
CLCNPOL 	EQU 	215
CLCNSEL0 	EQU 	216
CLCNSEL1 	EQU 	217
CLCNSEL2 	EQU 	218
CLCNSEL3 	EQU 	219
CLCSELECT 	EQU 	213
CLK0 	EQU 	0
CLK1 	EQU 	1
CLK2 	EQU 	2
CLK3 	EQU 	3
CLK4 	EQU 	4
CLK5 	EQU 	5
CLK6 	EQU 	6
CLK7 	EQU 	7
CLKEN 	EQU 	0
CLKPRE0 	EQU 	0
CLKPRE1 	EQU 	1
CLKPRE2 	EQU 	2
CLKPRE3 	EQU 	3
CLKRCLK 	EQU 	59
CLKRCLK0 	EQU 	0
CLKRCLK1 	EQU 	1
CLKRCLK2 	EQU 	2
CLKRCLK3 	EQU 	3
CLKRCLK_CLK0 	EQU 	0
CLKRCLK_CLK1 	EQU 	1
CLKRCLK_CLK2 	EQU 	2
CLKRCLK_CLK3 	EQU 	3
CLKRCON 	EQU 	58
CLKRCON_DC0 	EQU 	3
CLKRCON_DC1 	EQU 	4
CLKRCON_DIV0 	EQU 	0
CLKRCON_DIV1 	EQU 	1
CLKRCON_DIV2 	EQU 	2
CLKRCON_EN 	EQU 	7
CLKRDC0 	EQU 	3
CLKRDC1 	EQU 	4
CLKRDIV0 	EQU 	0
CLKRDIV1 	EQU 	1
CLKRDIV2 	EQU 	2
CLKREN 	EQU 	7
CLKRMD 	EQU 	1
CLKSEL0 	EQU 	4
CLKSEL1 	EQU 	5
CLKSEL2 	EQU 	6
CLKSEL3 	EQU 	7
CLKSEL4 	EQU 	4
CLPOL 	EQU 	1
CLR 	EQU 	5
CLRBF 	EQU 	2
CLSYNC 	EQU 	0
CM1CON0 	EQU 	112
CM1CON0_EN 	EQU 	7
CM1CON0_HYS0 	EQU 	1
CM1CON0_HYS1 	EQU 	2
CM1CON1 	EQU 	113
CM1CON1_SP0 	EQU 	2
CM1CON1_SP1 	EQU 	3
CM1MD 	EQU 	7
CM1NCH 	EQU 	114
CM1NCH_NCH0_CM1NCH 	EQU 	0
CM1NCH_NCH1_CM1NCH 	EQU 	1
CM1NCH_NCH2_CM1NCH 	EQU 	2
CM1PCH 	EQU 	115
CM1PCH_PCH0 	EQU 	0
CM1PCH_PCH1 	EQU 	1
CM1PCH_PCH2 	EQU 	2
CM2CON0 	EQU 	116
CM2CON0_CM2CON0_HYS0 	EQU 	1
CM2CON0_CM2CON0_HYS1 	EQU 	2
CM2CON0_EN 	EQU 	7
CM2CON0_HYS0 	EQU 	1
CM2CON0_HYS1 	EQU 	2
CM2CON0_SYNC 	EQU 	0
CM2CON1 	EQU 	117
CM2CON1_CM2CON1_SP0 	EQU 	2
CM2CON1_CM2CON1_SP1 	EQU 	3
CM2CON1_SP0 	EQU 	2
CM2CON1_SP1 	EQU 	3
CM2MD 	EQU 	0
CM2NCH 	EQU 	118
CM2NCH_NCH0_CM2NCH 	EQU 	0
CM2NCH_NCH1_CM2NCH 	EQU 	1
CM2NCH_NCH2_CM2NCH 	EQU 	2
CM2PCH 	EQU 	119
CM2PCH_CM2PCH_PCH0 	EQU 	0
CM2PCH_CM2PCH_PCH1 	EQU 	1
CM2PCH_CM2PCH_PCH2 	EQU 	2
CM2PCH_PCH0 	EQU 	0
CM2PCH_PCH1 	EQU 	1
CM2PCH_PCH2 	EQU 	2
CMD0 	EQU 	0
CMD1 	EQU 	1
CMD2 	EQU 	2
CMOUT 	EQU 	111
CNT0 	EQU 	0
CNT1 	EQU 	1
CNT10 	EQU 	2
CNT11 	EQU 	3
CNT12 	EQU 	4
CNT13 	EQU 	5
CNT14 	EQU 	6
CNT15 	EQU 	7
CNT1IE 	EQU 	7
CNT1IF 	EQU 	7
CNT2 	EQU 	2
CNT2IE 	EQU 	7
CNT2IF 	EQU 	7
CNT3 	EQU 	3
CNT4 	EQU 	4
CNT5 	EQU 	5
CNT6 	EQU 	6
CNT7 	EQU 	7
CNT8 	EQU 	0
CNT9 	EQU 	1
CNTIE 	EQU 	7
CNTIF 	EQU 	7
COL 	EQU 	1310
CONT 	EQU 	6
COSC0 	EQU 	4
COSC1 	EQU 	5
COSC2 	EQU 	6
CPOL 	EQU 	6
CPUDOZE 	EQU 	1266
CPUDOZE_DOZE0 	EQU 	0
CPUDOZE_DOZE1 	EQU 	1
CPUDOZE_DOZE2 	EQU 	2
CRCBUSY 	EQU 	5
CRCCON0 	EQU 	854
CRCCON0_EN 	EQU 	7
CRCCON0_SETUP0 	EQU 	2
CRCCON0_SETUP1 	EQU 	3
CRCCON1 	EQU 	855
CRCCON1_PLEN0 	EQU 	0
CRCCON1_PLEN1 	EQU 	1
CRCCON1_PLEN2 	EQU 	2
CRCCON1_PLEN3 	EQU 	3
CRCCON1_PLEN4 	EQU 	4
CRCCON2 	EQU 	856
CRCCON2_DLEN0 	EQU 	0
CRCCON2_DLEN1 	EQU 	1
CRCCON2_DLEN2 	EQU 	2
CRCCON2_DLEN3 	EQU 	3
CRCCON2_DLEN4 	EQU 	4
CRCDATA 	EQU 	846
CRCDATAH 	EQU 	847
CRCDATAL 	EQU 	846
CRCDATAT 	EQU 	849
CRCDATAU 	EQU 	848
CRCEN 	EQU 	7
CRCGO 	EQU 	6
CRCIE 	EQU 	6
CRCIF 	EQU 	6
CRCIP 	EQU 	6
CRCMD 	EQU 	4
CRCOUT 	EQU 	850
CRCOUTH 	EQU 	851
CRCOUTL 	EQU 	850
CRCOUTT 	EQU 	853
CRCOUTU 	EQU 	852
CRCSHFT 	EQU 	850
CRCSHFTH 	EQU 	851
CRCSHFTL 	EQU 	850
CRCSHFTT 	EQU 	853
CRCSHFTU 	EQU 	852
CRCSHIFTH 	EQU 	851
CRCSHIFTL 	EQU 	850
CRCSHIFTT 	EQU 	853
CRCSHIFTU 	EQU 	852
CRCXOR 	EQU 	850
CRCXORH 	EQU 	851
CRCXORL 	EQU 	850
CRCXORT 	EQU 	853
CRCXORU 	EQU 	852
CRH0 	EQU 	0
CRH1 	EQU 	1
CRH2 	EQU 	2
CRH3 	EQU 	3
CRH4 	EQU 	4
CRH5 	EQU 	5
CRH6 	EQU 	6
CRH7 	EQU 	7
CRL0 	EQU 	0
CRL1 	EQU 	1
CRL2 	EQU 	2
CRL3 	EQU 	3
CRL4 	EQU 	4
CRL5 	EQU 	5
CRL6 	EQU 	6
CRL7 	EQU 	7
CRS0 	EQU 	4
CRS1 	EQU 	5
CRS2 	EQU 	6
CRT0 	EQU 	0
CRT1 	EQU 	1
CRT2 	EQU 	2
CRT3 	EQU 	3
CRT4 	EQU 	4
CRT5 	EQU 	5
CRT6 	EQU 	6
CRT7 	EQU 	7
CS0_ADCLK 	EQU 	0
CS0_T0CON1 	EQU 	5
CS0_T1CLK 	EQU 	0
CS0_T2CLKCON 	EQU 	0
CS0_T3CLK 	EQU 	0
CS0_T4CLKCON 	EQU 	0
CS0_WDTCON1 	EQU 	4
CS1_ADCLK 	EQU 	1
CS1_T0CON1 	EQU 	6
CS1_T1CLK 	EQU 	1
CS1_T2CLKCON 	EQU 	1
CS1_T3CLK 	EQU 	1
CS1_T4CLKCON 	EQU 	1
CS1_WDTCON1 	EQU 	5
CS2_ADCLK 	EQU 	2
CS2_T0CON1 	EQU 	7
CS2_T1CLK 	EQU 	2
CS2_T2CLKCON 	EQU 	2
CS2_T3CLK 	EQU 	2
CS2_T4CLKCON 	EQU 	2
CS2_WDTCON1 	EQU 	6
CS3 	EQU 	3
CS4 	EQU 	4
CS5 	EQU 	5
CSD 	EQU 	0
CSTR 	EQU 	4
CSWHOLD 	EQU 	7
CSWIE 	EQU 	3
CSWIF 	EQU 	3
CSWIP 	EQU 	3
CSYNC 	EQU 	6
CS_ADCON0 	EQU 	4
CS_CWG1CLK 	EQU 	0
CTS0 	EQU 	0
CTS1 	EQU 	1
CTS2 	EQU 	2
CTS3 	EQU 	3
CURRCHARCOL 	EQU 	1311
CURRCHARROW 	EQU 	1312
CURRCHARVAL 	EQU 	1313
CURSOR_POSITION_SSD1309 	EQU 	2156
CWG1AS0 	EQU 	962
CWG1AS0_CWG1LSAC0 	EQU 	2
CWG1AS0_CWG1LSAC1 	EQU 	3
CWG1AS0_CWG1LSBD0 	EQU 	4
CWG1AS0_CWG1LSBD1 	EQU 	5
CWG1AS0_CWG1LSDB0 	EQU 	4
CWG1AS0_CWG1LSDB1 	EQU 	5
CWG1AS0_LSAC0 	EQU 	2
CWG1AS0_LSAC1 	EQU 	3
CWG1AS0_LSBD0 	EQU 	4
CWG1AS0_LSBD1 	EQU 	5
CWG1AS1 	EQU 	963
CWG1CLK 	EQU 	956
CWG1CLKCON 	EQU 	956
CWG1CON0 	EQU 	960
CWG1CON0_CWG1CON0_MODE0 	EQU 	0
CWG1CON0_CWG1CON0_MODE1 	EQU 	1
CWG1CON0_CWG1CON0_MODE2 	EQU 	2
CWG1CON0_CWG1MODE0 	EQU 	0
CWG1CON0_CWG1MODE1 	EQU 	1
CWG1CON0_CWG1MODE2 	EQU 	2
CWG1CON0_EN 	EQU 	7
CWG1CON0_MODE0 	EQU 	0
CWG1CON0_MODE1 	EQU 	1
CWG1CON0_MODE2 	EQU 	2
CWG1CON1 	EQU 	961
CWG1CS 	EQU 	0
CWG1DAT 	EQU 	957
CWG1DBF 	EQU 	959
CWG1DBF0 	EQU 	0
CWG1DBF1 	EQU 	1
CWG1DBF2 	EQU 	2
CWG1DBF3 	EQU 	3
CWG1DBF4 	EQU 	4
CWG1DBF5 	EQU 	5
CWG1DBR 	EQU 	958
CWG1DBR0 	EQU 	0
CWG1DBR1 	EQU 	1
CWG1DBR2 	EQU 	2
CWG1DBR3 	EQU 	3
CWG1DBR4 	EQU 	4
CWG1DBR5 	EQU 	5
CWG1EN 	EQU 	7
CWG1IE 	EQU 	0
CWG1IF 	EQU 	0
CWG1IN 	EQU 	5
CWG1INPPS 	EQU 	603
CWG1INPPS0 	EQU 	0
CWG1INPPS1 	EQU 	1
CWG1INPPS2 	EQU 	2
CWG1INPPS3 	EQU 	3
CWG1INPPS4 	EQU 	4
CWG1INPPS5 	EQU 	5
CWG1INPPS6 	EQU 	6
CWG1INPPS7 	EQU 	7
CWG1IP 	EQU 	0
CWG1ISM 	EQU 	957
CWG1LD 	EQU 	6
CWG1LSAC0 	EQU 	2
CWG1LSAC1 	EQU 	3
CWG1LSBD0 	EQU 	4
CWG1LSBD1 	EQU 	5
CWG1LSDB0 	EQU 	4
CWG1LSDB1 	EQU 	5
CWG1MD 	EQU 	5
CWG1MODE0 	EQU 	0
CWG1MODE1 	EQU 	1
CWG1MODE2 	EQU 	2
CWG1OVRA 	EQU 	4
CWG1OVRB 	EQU 	5
CWG1OVRC 	EQU 	6
CWG1OVRD 	EQU 	7
CWG1POLA 	EQU 	0
CWG1POLB 	EQU 	1
CWG1POLC 	EQU 	2
CWG1POLD 	EQU 	3
CWG1PPS 	EQU 	603
CWG1PPS_PIN0 	EQU 	0
CWG1PPS_PIN1 	EQU 	1
CWG1PPS_PIN2 	EQU 	2
CWG1PPS_PORT0 	EQU 	3
CWG1PPS_PORT1 	EQU 	4
CWG1PPS_PORT2 	EQU 	5
CWG1PPS_PORT3 	EQU 	6
CWG1PPS_PORT4 	EQU 	7
CWG1STR 	EQU 	964
CWG1STRA 	EQU 	0
CWG1STRB 	EQU 	1
CWG1STRC 	EQU 	2
CWG1STRD 	EQU 	3
CWGINPPS0 	EQU 	0
CWGINPPS1 	EQU 	1
CWGINPPS2 	EQU 	2
CWGINPPS3 	EQU 	3
CWGINPPS4 	EQU 	4
CWGINPPS5 	EQU 	5
CWGINPPS6 	EQU 	6
CWGINPPS7 	EQU 	7
D 	EQU 	3
D10US_START 	EQU 	3548
D1S0 	EQU 	0
D1S1 	EQU 	1
D1S2 	EQU 	2
D1S3 	EQU 	3
D1S4 	EQU 	4
D1S5 	EQU 	5
D2S0 	EQU 	0
D2S1 	EQU 	1
D2S2 	EQU 	2
D2S3 	EQU 	3
D2S4 	EQU 	4
D2S5 	EQU 	5
D3S0 	EQU 	0
D3S1 	EQU 	1
D3S2 	EQU 	2
D3S3 	EQU 	3
D3S4 	EQU 	4
D3S5 	EQU 	5
D4S0 	EQU 	0
D4S1 	EQU 	1
D4S2 	EQU 	2
D4S3 	EQU 	3
D4S4 	EQU 	4
D4S5 	EQU 	5
DAC1CON 	EQU 	127
DAC1CON_EN 	EQU 	7
DAC1CON_NSS0 	EQU 	0
DAC1CON_OE0 	EQU 	4
DAC1CON_OE1 	EQU 	5
DAC1CON_PSS0_DAC1CON 	EQU 	2
DAC1CON_PSS1_DAC1CON 	EQU 	3
DAC1DAT 	EQU 	125
DAC1DATH 	EQU 	126
DAC1DATL 	EQU 	125
DAC1EN 	EQU 	7
DAC1MD 	EQU 	2
DAC1NSS0 	EQU 	0
DAC1OE0 	EQU 	4
DAC1OE1 	EQU 	5
DAC1PSS0 	EQU 	2
DAC1PSS1 	EQU 	3
DAC1R0 	EQU 	0
DAC1R1 	EQU 	1
DAC1R2 	EQU 	2
DAC1R3 	EQU 	3
DAC1R4 	EQU 	4
DAC1R5 	EQU 	5
DAC1R6 	EQU 	6
DAC1R7 	EQU 	7
DATA0 	EQU 	0
DATA1 	EQU 	1
DATA10 	EQU 	2
DATA11 	EQU 	3
DATA12 	EQU 	4
DATA13 	EQU 	5
DATA14 	EQU 	6
DATA15 	EQU 	7
DATA16 	EQU 	0
DATA17 	EQU 	1
DATA18 	EQU 	2
DATA19 	EQU 	3
DATA2 	EQU 	2
DATA20 	EQU 	4
DATA21 	EQU 	5
DATA22 	EQU 	6
DATA23 	EQU 	7
DATA24 	EQU 	0
DATA25 	EQU 	1
DATA26 	EQU 	2
DATA27 	EQU 	3
DATA28 	EQU 	4
DATA29 	EQU 	5
DATA3 	EQU 	3
DATA30 	EQU 	6
DATA31 	EQU 	7
DATA4 	EQU 	4
DATA5 	EQU 	5
DATA6 	EQU 	6
DATA7 	EQU 	7
DATA8 	EQU 	0
DATA9 	EQU 	1
DB0 	EQU 	0
DB1 	EQU 	1
DBF0 	EQU 	0
DBF1 	EQU 	1
DBF2 	EQU 	2
DBF3 	EQU 	3
DBF4 	EQU 	4
DBF5 	EQU 	5
DBG0 	EQU 	0
DBG1 	EQU 	1
DBG2 	EQU 	2
DBG3 	EQU 	3
DBG4 	EQU 	4
DBG5 	EQU 	5
DBG6 	EQU 	6
DBR0 	EQU 	0
DBR1 	EQU 	1
DBR2 	EQU 	2
DBR3 	EQU 	3
DBR4 	EQU 	4
DBR5 	EQU 	5
DC 	EQU 	1
DC0 	EQU 	3
DC1 	EQU 	4
DCNT0 	EQU 	0
DCNT1 	EQU 	1
DCNT10 	EQU 	2
DCNT11 	EQU 	3
DCNT2 	EQU 	2
DCNT3 	EQU 	3
DCNT4 	EQU 	4
DCNT5 	EQU 	5
DCNT6 	EQU 	6
DCNT7 	EQU 	7
DCNT8 	EQU 	0
DCNT9 	EQU 	1
DELAYTEMP 	EQU 	1280
DELAYTEMP2 	EQU 	1281
DELAYUS0 	EQU 	3552
DELAYUS1 	EQU 	5818
DELAYUS2 	EQU 	5896
DELAYUS3 	EQU 	5600
DELAY_10US 	EQU 	3548
DELAY_MS 	EQU 	3562
DELAY_S 	EQU 	3590
DF0 	EQU 	0
DF1 	EQU 	1
DF2 	EQU 	2
DF3 	EQU 	3
DF4 	EQU 	4
DF5 	EQU 	5
DF6 	EQU 	6
DF7 	EQU 	7
DGO 	EQU 	5
DIV0 	EQU 	0
DIV1 	EQU 	1
DIV2 	EQU 	2
DLEN0 	EQU 	0
DLEN1 	EQU 	1
DLEN2 	EQU 	2
DLEN3 	EQU 	3
DLEN4 	EQU 	4
DMA1AIE 	EQU 	3
DMA1AIF 	EQU 	3
DMA1AIP 	EQU 	3
DMA1DCNTIE 	EQU 	1
DMA1DCNTIF 	EQU 	1
DMA1DCNTIP 	EQU 	1
DMA1MD 	EQU 	5
DMA1ORIE 	EQU 	2
DMA1ORIF 	EQU 	2
DMA1ORIP 	EQU 	2
DMA1PR 	EQU 	182
DMA1PR0 	EQU 	0
DMA1PR1 	EQU 	1
DMA1PR2 	EQU 	2
DMA1PR_DMA1PR0 	EQU 	0
DMA1PR_DMA1PR1 	EQU 	1
DMA1PR_DMA1PR2 	EQU 	2
DMA1PR_PR0_DMA1PR 	EQU 	0
DMA1PR_PR1_DMA1PR 	EQU 	1
DMA1PR_PR2_DMA1PR 	EQU 	2
DMA1SCNTIE 	EQU 	0
DMA1SCNTIF 	EQU 	0
DMA1SCNTIP 	EQU 	0
DMA2AIE 	EQU 	7
DMA2AIF 	EQU 	7
DMA2AIP 	EQU 	7
DMA2DCNTIE 	EQU 	5
DMA2DCNTIF 	EQU 	5
DMA2DCNTIP 	EQU 	5
DMA2MD 	EQU 	6
DMA2ORIE 	EQU 	6
DMA2ORIF 	EQU 	6
DMA2ORIP 	EQU 	6
DMA2PR 	EQU 	183
DMA2PR0 	EQU 	0
DMA2PR1 	EQU 	1
DMA2PR2 	EQU 	2
DMA2PR_DMA2PR0 	EQU 	0
DMA2PR_DMA2PR1 	EQU 	1
DMA2PR_DMA2PR2 	EQU 	2
DMA2PR_PR0_DMA2PR 	EQU 	0
DMA2PR_PR1_DMA2PR 	EQU 	1
DMA2PR_PR2_DMA2PR 	EQU 	2
DMA2SCNTIE 	EQU 	4
DMA2SCNTIF 	EQU 	4
DMA2SCNTIP 	EQU 	4
DMA3AIE 	EQU 	3
DMA3AIF 	EQU 	3
DMA3AIP 	EQU 	3
DMA3DCNTIE 	EQU 	1
DMA3DCNTIF 	EQU 	1
DMA3DCNTIP 	EQU 	1
DMA3MD 	EQU 	7
DMA3ORIE 	EQU 	2
DMA3ORIF 	EQU 	2
DMA3ORIP 	EQU 	2
DMA3PR 	EQU 	184
DMA3PR0 	EQU 	0
DMA3PR1 	EQU 	1
DMA3PR2 	EQU 	2
DMA3PR_DMA3PR0 	EQU 	0
DMA3PR_DMA3PR1 	EQU 	1
DMA3PR_DMA3PR2 	EQU 	2
DMA3PR_PR0_DMA3PR 	EQU 	0
DMA3PR_PR1_DMA3PR 	EQU 	1
DMA3PR_PR2_DMA3PR 	EQU 	2
DMA3SCNTIE 	EQU 	0
DMA3SCNTIF 	EQU 	0
DMA3SCNTIP 	EQU 	0
DMA4AIE 	EQU 	7
DMA4AIF 	EQU 	7
DMA4AIP 	EQU 	7
DMA4DCNTIE 	EQU 	5
DMA4DCNTIF 	EQU 	5
DMA4DCNTIP 	EQU 	5
DMA4MD 	EQU 	3
DMA4ORIE 	EQU 	6
DMA4ORIF 	EQU 	6
DMA4ORIP 	EQU 	6
DMA4PR 	EQU 	185
DMA4PR0 	EQU 	0
DMA4PR1 	EQU 	1
DMA4PR2 	EQU 	2
DMA4PR_DMA4PR0 	EQU 	0
DMA4PR_DMA4PR1 	EQU 	1
DMA4PR_DMA4PR2 	EQU 	2
DMA4PR_PR0_DMA4PR 	EQU 	0
DMA4PR_PR1_DMA4PR 	EQU 	1
DMA4PR_PR2_DMA4PR 	EQU 	2
DMA4SCNTIE 	EQU 	4
DMA4SCNTIF 	EQU 	4
DMA4SCNTIP 	EQU 	4
DMANAIRQ 	EQU 	253
DMANBUF 	EQU 	232
DMANCON0 	EQU 	251
DMANCON0_EN 	EQU 	7
DMANCON1 	EQU 	252
DMANDCNT 	EQU 	233
DMANDCNTH 	EQU 	234
DMANDCNTL 	EQU 	233
DMANDPTR 	EQU 	235
DMANDPTRH 	EQU 	236
DMANDPTRL 	EQU 	235
DMANDSA 	EQU 	239
DMANDSAH 	EQU 	240
DMANDSAL 	EQU 	239
DMANDSZ 	EQU 	237
DMANDSZH 	EQU 	238
DMANDSZL 	EQU 	237
DMANSCNT 	EQU 	241
DMANSCNTH 	EQU 	242
DMANSCNTL 	EQU 	241
DMANSIRQ 	EQU 	254
DMANSPTR 	EQU 	243
DMANSPTRH 	EQU 	244
DMANSPTRL 	EQU 	243
DMANSPTRU 	EQU 	245
DMANSSA 	EQU 	248
DMANSSAH 	EQU 	249
DMANSSAL 	EQU 	248
DMANSSAU 	EQU 	250
DMANSSZ 	EQU 	246
DMANSSZH 	EQU 	247
DMANSSZL 	EQU 	246
DMASELECT 	EQU 	231
DMASELECT_SLCT0 	EQU 	0
DMASELECT_SLCT1 	EQU 	1
DMODE0 	EQU 	6
DMODE1 	EQU 	7
DMS_INNER 	EQU 	3572
DMS_OUTER 	EQU 	3568
DMS_START 	EQU 	3564
DOE 	EQU 	4
DONE 	EQU 	0
DOZE0 	EQU 	0
DOZE1 	EQU 	1
DOZE2 	EQU 	2
DOZEN 	EQU 	6
DPS 	EQU 	3
DPTR0 	EQU 	0
DPTR1 	EQU 	1
DPTR10 	EQU 	2
DPTR11 	EQU 	3
DPTR12 	EQU 	4
DPTR13 	EQU 	5
DPTR14 	EQU 	6
DPTR15 	EQU 	7
DPTR2 	EQU 	2
DPTR3 	EQU 	3
DPTR4 	EQU 	4
DPTR5 	EQU 	5
DPTR6 	EQU 	6
DPTR7 	EQU 	7
DPTR8 	EQU 	0
DPTR9 	EQU 	1
DRAWELLIPSEROUTINE41 	EQU 	2258
DRAWLINE 	EQU 	1314
DRAWLINE_H 	EQU 	1315
DRAW_ELLIPSE_POINTS 	EQU 	3304
DRAW_FILLED_ELLIPSE_POINTS 	EQU 	3416
DSA0 	EQU 	0
DSA1 	EQU 	1
DSA10 	EQU 	2
DSA11 	EQU 	3
DSA12 	EQU 	4
DSA13 	EQU 	5
DSA14 	EQU 	6
DSA15 	EQU 	7
DSA2 	EQU 	2
DSA3 	EQU 	3
DSA4 	EQU 	4
DSA5 	EQU 	5
DSA6 	EQU 	6
DSA7 	EQU 	7
DSA8 	EQU 	0
DSA9 	EQU 	1
DSEN 	EQU 	0
DSMMD 	EQU 	2
DSTP 	EQU 	5
DSZ0 	EQU 	0
DSZ1 	EQU 	1
DSZ10 	EQU 	2
DSZ11 	EQU 	3
DSZ2 	EQU 	2
DSZ3 	EQU 	3
DSZ4 	EQU 	4
DSZ5 	EQU 	5
DSZ6 	EQU 	6
DSZ7 	EQU 	7
DSZ8 	EQU 	0
DSZ9 	EQU 	1
DS_START 	EQU 	3590
ELLIPSE37 	EQU 	3606
ELSE16_1 	EQU 	2086
ELSE19_1 	EQU 	2660
ELSE1_1 	EQU 	1302
ELSE21_1 	EQU 	2814
ELSE23_1 	EQU 	3296
ELSE26_1 	EQU 	8880
ELSE27_1 	EQU 	8916
ELSE28_1 	EQU 	9204
ELSE29_1 	EQU 	9150
ELSE30_1 	EQU 	9306
ELSE42_1 	EQU 	7948
ELSE50_1 	EQU 	6578
ELSE60_1 	EQU 	4566
ELSE67_1 	EQU 	4930
ELSE74_1 	EQU 	6834
ELSE75_1 	EQU 	6868
ELSE81_1 	EQU 	5914
EN 	EQU 	0
ENDIF1 	EQU 	1342
ENDIF10 	EQU 	1424
ENDIF11 	EQU 	1472
ENDIF16 	EQU 	2152
ENDIF19 	EQU 	2662
ENDIF20 	EQU 	2770
ENDIF21 	EQU 	2818
ENDIF22 	EQU 	3252
ENDIF23 	EQU 	3300
ENDIF26 	EQU 	8886
ENDIF27 	EQU 	8922
ENDIF28 	EQU 	9358
ENDIF29 	EQU 	9180
ENDIF30 	EQU 	9336
ENDIF32 	EQU 	8552
ENDIF33 	EQU 	8566
ENDIF34 	EQU 	8582
ENDIF35 	EQU 	8462
ENDIF37 	EQU 	8322
ENDIF38 	EQU 	8336
ENDIF39 	EQU 	8362
ENDIF40 	EQU 	8198
ENDIF41 	EQU 	8262
ENDIF42 	EQU 	7952
ENDIF43 	EQU 	7910
ENDIF45 	EQU 	7486
ENDIF46 	EQU 	7566
ENDIF47 	EQU 	7642
ENDIF48 	EQU 	7716
ENDIF49 	EQU 	1712
ENDIF50 	EQU 	6668
ENDIF60 	EQU 	4620
ENDIF61 	EQU 	4564
ENDIF62 	EQU 	4620
ENDIF63 	EQU 	4678
ENDIF64 	EQU 	4750
ENDIF67 	EQU 	4966
ENDIF72 	EQU 	6716
ENDIF74 	EQU 	6840
ENDIF75 	EQU 	6874
ENDIF76 	EQU 	6930
ENDIF77 	EQU 	8054
ENDIF78 	EQU 	8092
ENDIF80 	EQU 	5902
ENDIF81 	EQU 	5918
EOSIE 	EQU 	4
EOSIF 	EQU 	4
EPOL 	EQU 	7
ERR0 	EQU 	0
ERR1 	EQU 	1
ERR10 	EQU 	2
ERR11 	EQU 	3
ERR12 	EQU 	4
ERR13 	EQU 	5
ERR14 	EQU 	6
ERR15 	EQU 	7
ERR2 	EQU 	2
ERR3 	EQU 	3
ERR4 	EQU 	4
ERR5 	EQU 	5
ERR6 	EQU 	6
ERR7 	EQU 	7
ERR8 	EQU 	0
ERR9 	EQU 	1
ERS0 	EQU 	0
ERS1 	EQU 	1
ERS2 	EQU 	2
ERS3 	EQU 	3
ERS4 	EQU 	4
ERS5 	EQU 	5
ERS6 	EQU 	6
ERS7 	EQU 	7
ERSNOW 	EQU 	0
ERSPOL 	EQU 	1
EXTOEN 	EQU 	7
EXTOR 	EQU 	7
F 	EQU 	1
FERIE 	EQU 	3
FERIF 	EQU 	3
FILLEDELLIPSE39 	EQU 	3610
FILLED_ELLIPSE 	EQU 	1316
FLO0 	EQU 	0
FLO1 	EQU 	1
FLTR0 	EQU 	0
FLTR1 	EQU 	1
FLTR10 	EQU 	2
FLTR11 	EQU 	3
FLTR12 	EQU 	4
FLTR13 	EQU 	5
FLTR14 	EQU 	6
FLTR15 	EQU 	7
FLTR2 	EQU 	2
FLTR3 	EQU 	3
FLTR4 	EQU 	4
FLTR5 	EQU 	5
FLTR6 	EQU 	6
FLTR7 	EQU 	7
FLTR8 	EQU 	0
FLTR9 	EQU 	1
FM0 	EQU 	2
FM1 	EQU 	3
FME0 	EQU 	2
FME1 	EQU 	3
FMT 	EQU 	4
FN_CHR 	EQU 	1694
FN_PAD 	EQU 	6384
FN_READAD74 	EQU 	6934
FN_STR 	EQU 	7402
FRQ0 	EQU 	0
FRQ1 	EQU 	1
FRQ2 	EQU 	2
FRQ3 	EQU 	3
FSCMCON 	EQU 	1112
FSCMFEV 	EQU 	0
FSCMFFI 	EQU 	1
FSCMPEV 	EQU 	2
FSCMPFI 	EQU 	3
FSCMSEV 	EQU 	4
FSCMSFI 	EQU 	5
FSR00 	EQU 	0
FSR01 	EQU 	1
FSR010 	EQU 	16
FSR011 	EQU 	17
FSR02 	EQU 	2
FSR03 	EQU 	3
FSR04 	EQU 	4
FSR05 	EQU 	5
FSR06 	EQU 	6
FSR07 	EQU 	7
FSR08 	EQU 	8
FSR09 	EQU 	9
FSR0H 	EQU 	1258
FSR0H0 	EQU 	0
FSR0H1 	EQU 	1
FSR0H2 	EQU 	2
FSR0H3 	EQU 	3
FSR0H4 	EQU 	4
FSR0H5 	EQU 	5
FSR0H_SHAD 	EQU 	893
FSR0L 	EQU 	1257
FSR0L_SHAD 	EQU 	892
FSR0SH 	EQU 	892
FSR0SH0 	EQU 	0
FSR0SH1 	EQU 	1
FSR0SH10 	EQU 	16
FSR0SH11 	EQU 	17
FSR0SH12 	EQU 	18
FSR0SH13 	EQU 	19
FSR0SH2 	EQU 	2
FSR0SH3 	EQU 	3
FSR0SH4 	EQU 	4
FSR0SH5 	EQU 	5
FSR0SH6 	EQU 	6
FSR0SH7 	EQU 	7
FSR0SH8 	EQU 	8
FSR0SH9 	EQU 	9
FSR10 	EQU 	0
FSR11 	EQU 	1
FSR110 	EQU 	16
FSR111 	EQU 	17
FSR12 	EQU 	2
FSR13 	EQU 	3
FSR14 	EQU 	4
FSR15 	EQU 	5
FSR16 	EQU 	6
FSR17 	EQU 	7
FSR18 	EQU 	8
FSR19 	EQU 	9
FSR1H 	EQU 	1250
FSR1H0 	EQU 	0
FSR1H1 	EQU 	1
FSR1H2 	EQU 	2
FSR1H3 	EQU 	3
FSR1H4 	EQU 	4
FSR1H5 	EQU 	5
FSR1H_SHAD 	EQU 	895
FSR1L 	EQU 	1249
FSR1L_SHAD 	EQU 	894
FSR1SH 	EQU 	894
FSR1SH0 	EQU 	0
FSR1SH1 	EQU 	1
FSR1SH10 	EQU 	16
FSR1SH11 	EQU 	17
FSR1SH12 	EQU 	18
FSR1SH13 	EQU 	19
FSR1SH2 	EQU 	2
FSR1SH3 	EQU 	3
FSR1SH4 	EQU 	4
FSR1SH5 	EQU 	5
FSR1SH6 	EQU 	6
FSR1SH7 	EQU 	7
FSR1SH8 	EQU 	8
FSR1SH9 	EQU 	9
FSR20 	EQU 	0
FSR21 	EQU 	1
FSR210 	EQU 	16
FSR211 	EQU 	17
FSR22 	EQU 	2
FSR23 	EQU 	3
FSR24 	EQU 	4
FSR25 	EQU 	5
FSR26 	EQU 	6
FSR27 	EQU 	7
FSR28 	EQU 	8
FSR29 	EQU 	9
FSR2H 	EQU 	1242
FSR2H0 	EQU 	0
FSR2H1 	EQU 	1
FSR2H2 	EQU 	2
FSR2H3 	EQU 	3
FSR2H4 	EQU 	4
FSR2H5 	EQU 	5
FSR2H_SHAD 	EQU 	897
FSR2L 	EQU 	1241
FSR2L_SHAD 	EQU 	896
FSR2SH 	EQU 	896
FSR2SH0 	EQU 	0
FSR2SH1 	EQU 	1
FSR2SH10 	EQU 	16
FSR2SH11 	EQU 	17
FSR2SH12 	EQU 	18
FSR2SH13 	EQU 	19
FSR2SH2 	EQU 	2
FSR2SH3 	EQU 	3
FSR2SH4 	EQU 	4
FSR2SH5 	EQU 	5
FSR2SH6 	EQU 	6
FSR2SH7 	EQU 	7
FSR2SH8 	EQU 	8
FSR2SH9 	EQU 	9
FST 	EQU 	4
FULL 	EQU 	0
FVRCON 	EQU 	983
FVRCON_ADFVR0 	EQU 	0
FVRCON_ADFVR1 	EQU 	1
FVRCON_CDAFVR0 	EQU 	2
FVRCON_CDAFVR1 	EQU 	3
FVRCON_EN 	EQU 	7
FVREN 	EQU 	7
FVRMD 	EQU 	6
FVRRDY 	EQU 	6
G1D1N 	EQU 	0
G1D1T 	EQU 	1
G1D2N 	EQU 	2
G1D2T 	EQU 	3
G1D3N 	EQU 	4
G1D3T 	EQU 	5
G1D4N 	EQU 	6
G1D4T 	EQU 	7
G1EN 	EQU 	7
G1POL 	EQU 	0
G2D1N 	EQU 	0
G2D1T 	EQU 	1
G2D2N 	EQU 	2
G2D2T 	EQU 	3
G2D3N 	EQU 	4
G2D3T 	EQU 	5
G2D4N 	EQU 	6
G2D4T 	EQU 	7
G2POL 	EQU 	1
G3D1N 	EQU 	0
G3D1T 	EQU 	1
G3D2N 	EQU 	2
G3D2T 	EQU 	3
G3D3N 	EQU 	4
G3D3T 	EQU 	5
G3D4N 	EQU 	6
G3D4T 	EQU 	7
G3POL 	EQU 	2
G4D1N 	EQU 	0
G4D1T 	EQU 	1
G4D2N 	EQU 	2
G4D2T 	EQU 	3
G4D3N 	EQU 	4
G4D3T 	EQU 	5
G4D4N 	EQU 	6
G4D4T 	EQU 	7
G4POL 	EQU 	3
GCEN 	EQU 	6
GE 	EQU 	7
GGO 	EQU 	3
GGO_NDONE 	EQU 	3
GGO_NOT_DONE 	EQU 	3
GIE 	EQU 	7
GIEH 	EQU 	7
GIEL 	EQU 	6
GLCDBACKGROUND 	EQU 	1317
GLCDBACKGROUND_H 	EQU 	1318
GLCDBITNO 	EQU 	1319
GLCDCHANGE 	EQU 	1320
GLCDCHARCOL3 	EQU 	3616
GLCDCHARCOL4 	EQU 	3764
GLCDCHARCOL5 	EQU 	3912
GLCDCHARCOL6 	EQU 	4060
GLCDCHARCOL7 	EQU 	4208
GLCDCLS_SSD1309 	EQU 	4356
GLCDCOLOUR 	EQU 	1321
GLCDCOLOUR_H 	EQU 	1322
GLCDDATATEMP 	EQU 	1323
GLCDDRAWCHAR_SSD1309 	EQU 	4642
GLCDDRAWSTRING 	EQU 	5076
GLCDFNTDEFAULT 	EQU 	1324
GLCDFNTDEFAULTHEIGHT 	EQU 	1325
GLCDFNTDEFAULTSIZE 	EQU 	1326
GLCDFONTWIDTH 	EQU 	1327
GLCDFOREGROUND 	EQU 	1328
GLCDFOREGROUND_H 	EQU 	1329
GLCDPRINT5 	EQU 	5186
GLCDPRINT8 	EQU 	5324
GLCDPRINTLEN 	EQU 	1330
GLCDPRINTLOC 	EQU 	1331
GLCDPRINTLOC_H 	EQU 	1332
GLCDPRINT_STRING_COUNTER 	EQU 	1333
GLCDTEMP 	EQU 	1334
GLCDTEMP_H 	EQU 	1335
GLCDX 	EQU 	1336
GLCDY 	EQU 	1337
GLCD_EX2 	EQU 	1338
GLCD_EX2_E 	EQU 	1341
GLCD_EX2_H 	EQU 	1339
GLCD_EX2_U 	EQU 	1340
GLCD_EY2 	EQU 	1342
GLCD_EY2_E 	EQU 	1345
GLCD_EY2_H 	EQU 	1343
GLCD_EY2_U 	EQU 	1344
GLCD_FX2 	EQU 	1346
GLCD_FX2_E 	EQU 	1349
GLCD_FX2_H 	EQU 	1347
GLCD_FX2_U 	EQU 	1348
GLCD_FY2 	EQU 	1350
GLCD_FY2_E 	EQU 	1353
GLCD_FY2_H 	EQU 	1351
GLCD_FY2_U 	EQU 	1352
GLCD_PP 	EQU 	1354
GLCD_PP_E 	EQU 	1357
GLCD_PP_H 	EQU 	1355
GLCD_PP_TEMP 	EQU 	1358
GLCD_PP_TEMP_E 	EQU 	1361
GLCD_PP_TEMP_H 	EQU 	1359
GLCD_PP_TEMP_U 	EQU 	1360
GLCD_PP_U 	EQU 	1356
GLCD_PX 	EQU 	1362
GLCD_PX_E 	EQU 	1365
GLCD_PX_H 	EQU 	1363
GLCD_PX_U 	EQU 	1364
GLCD_PY 	EQU 	1366
GLCD_PY_E 	EQU 	1369
GLCD_PY_H 	EQU 	1367
GLCD_PY_U 	EQU 	1368
GLCD_RX2 	EQU 	1370
GLCD_RX2_H 	EQU 	1371
GLCD_RY2 	EQU 	1372
GLCD_RY2_H 	EQU 	1373
GLCD_XX 	EQU 	1374
GLCD_XX_H 	EQU 	1375
GLCD_YORDINATE 	EQU 	1376
GLCD_YORDINATE_H 	EQU 	1377
GLCD_YY 	EQU 	1378
GLCD_YY1 	EQU 	1380
GLCD_YY_H 	EQU 	1379
GO_ADCON0 	EQU 	0
GO_CRCCON0 	EQU 	6
GO_DONE 	EQU 	0
GO_NDONE 	EQU 	0
GO_NOT_DONE 	EQU 	0
GO_NVMCON0 	EQU 	0
GPOL_ADCON1 	EQU 	5
GPOL_T1GCON 	EQU 	6
GPOL_T3GCON 	EQU 	6
GSPM 	EQU 	4
GSS0 	EQU 	0
GSS1 	EQU 	1
GSS2 	EQU 	2
GSS3 	EQU 	3
GSS4 	EQU 	4
GTM 	EQU 	5
GVAL 	EQU 	2
HADR0 	EQU 	0
HADR1 	EQU 	1
HADR10 	EQU 	2
HADR11 	EQU 	3
HADR12 	EQU 	4
HADR13 	EQU 	5
HADR14 	EQU 	6
HADR15 	EQU 	7
HADR16 	EQU 	0
HADR17 	EQU 	1
HADR18 	EQU 	2
HADR19 	EQU 	3
HADR2 	EQU 	2
HADR20 	EQU 	4
HADR21 	EQU 	5
HADR3 	EQU 	3
HADR4 	EQU 	4
HADR5 	EQU 	5
HADR6 	EQU 	6
HADR7 	EQU 	7
HADR8 	EQU 	0
HADR9 	EQU 	1
HFOEN 	EQU 	6
HFOR 	EQU 	6
HI2C1LASTERROR 	EQU 	1381
HI2C1STATEMACHINE 	EQU 	1382
HI2CACKPOLLSTATE 	EQU 	1383
HI2CCURRENTMODE 	EQU 	1384
HI2CMODE 	EQU 	5554
HI2CQ24Q35INIT 	EQU 	5556
HI2CQ24Q35SEND 	EQU 	5620
HI2CQ24Q35STOP 	EQU 	5710
HI2CQ24Q35STOPEXIT 	EQU 	5902
HI2CWAITMSSPTIMEOUT 	EQU 	1385
HLVDCON0 	EQU 	74
HLVDCON0_EN 	EQU 	7
HLVDCON1 	EQU 	75
HLVDCON1_SEL0 	EQU 	0
HLVDCON1_SEL1 	EQU 	1
HLVDCON1_SEL2 	EQU 	2
HLVDCON1_SEL3 	EQU 	3
HLVDEN 	EQU 	7
HLVDIE 	EQU 	1
HLVDIF 	EQU 	1
HLVDINTH 	EQU 	1
HLVDINTL 	EQU 	0
HLVDIP 	EQU 	1
HLVDMD 	EQU 	5
HLVDOUT 	EQU 	5
HLVDRDY 	EQU 	4
HLVDSEL0 	EQU 	0
HLVDSEL1 	EQU 	1
HLVDSEL2 	EQU 	2
HLVDSEL3 	EQU 	3
HWI2C_BUFFER 	EQU 	4211
HWI2C_BUFFERLOCATIONCOUNTER 	EQU 	1386
HWI2C_BUFFERLOCATIONCOUNTERINDEX 	EQU 	1388
HWI2C_BUFFERLOCATIONCOUNTERINDEX_H 	EQU 	1389
HWI2C_BUFFERLOCATIONCOUNTER_H 	EQU 	1387
HYS0 	EQU 	1
HYS1 	EQU 	2
I2C1ADB0 	EQU 	652
I2C1ADB1 	EQU 	653
I2C1ADR0 	EQU 	654
I2C1ADR1 	EQU 	655
I2C1ADR2 	EQU 	656
I2C1ADR3 	EQU 	657
I2C1ADR3_ADR0 	EQU 	1
I2C1ADR3_ADR1 	EQU 	2
I2C1ADR3_ADR2 	EQU 	3
I2C1ADR3_ADR3 	EQU 	4
I2C1ADR3_ADR4 	EQU 	5
I2C1ADR3_ADR5 	EQU 	6
I2C1ADR3_ADR6 	EQU 	7
I2C1BAUD 	EQU 	668
I2C1BTO 	EQU 	667
I2C1BTOC 	EQU 	670
I2C1BTO_TOTIME0 	EQU 	0
I2C1BTO_TOTIME1 	EQU 	1
I2C1BTO_TOTIME2 	EQU 	2
I2C1BTO_TOTIME3 	EQU 	3
I2C1BTO_TOTIME4 	EQU 	4
I2C1BTO_TOTIME5 	EQU 	5
I2C1CLK 	EQU 	669
I2C1CLK_CLK0 	EQU 	0
I2C1CLK_CLK1 	EQU 	1
I2C1CLK_CLK2 	EQU 	2
I2C1CLK_CLK3 	EQU 	3
I2C1CLK_CLK4 	EQU 	4
I2C1CNT 	EQU 	650
I2C1CNT0 	EQU 	0
I2C1CNT1 	EQU 	1
I2C1CNT10 	EQU 	2
I2C1CNT11 	EQU 	3
I2C1CNT12 	EQU 	4
I2C1CNT13 	EQU 	5
I2C1CNT14 	EQU 	6
I2C1CNT15 	EQU 	7
I2C1CNT2 	EQU 	2
I2C1CNT3 	EQU 	3
I2C1CNT4 	EQU 	4
I2C1CNT5 	EQU 	5
I2C1CNT6 	EQU 	6
I2C1CNT7 	EQU 	7
I2C1CNT8 	EQU 	0
I2C1CNT9 	EQU 	1
I2C1CNTH 	EQU 	651
I2C1CNTL 	EQU 	650
I2C1CON0 	EQU 	658
I2C1CON0_EN 	EQU 	7
I2C1CON0_I2C1CON0_MODE0 	EQU 	0
I2C1CON0_I2C1CON0_MODE1 	EQU 	1
I2C1CON0_I2C1CON0_MODE2 	EQU 	2
I2C1CON0_MODE0 	EQU 	0
I2C1CON0_MODE1 	EQU 	1
I2C1CON0_MODE2 	EQU 	2
I2C1CON1 	EQU 	659
I2C1CON2 	EQU 	660
I2C1CON2_BFRET0 	EQU 	0
I2C1CON2_BFRET1 	EQU 	1
I2C1CON2_SDAHT0 	EQU 	2
I2C1CON2_SDAHT1 	EQU 	3
I2C1CON3 	EQU 	661
I2C1CON3_ACNTMD0 	EQU 	0
I2C1CON3_ACNTMD1 	EQU 	1
I2C1CON3_FME0 	EQU 	2
I2C1CON3_FME1 	EQU 	3
I2C1EIE 	EQU 	3
I2C1EIF 	EQU 	3
I2C1EIP 	EQU 	3
I2C1ERR 	EQU 	662
I2C1IE 	EQU 	2
I2C1IF 	EQU 	2
I2C1IP 	EQU 	2
I2C1MD 	EQU 	3
I2C1PIE 	EQU 	666
I2C1PIR 	EQU 	665
I2C1RXB 	EQU 	648
I2C1RXIE 	EQU 	0
I2C1RXIF 	EQU 	0
I2C1RXIP 	EQU 	0
I2C1SCLPPS 	EQU 	625
I2C1SCLPPS0 	EQU 	0
I2C1SCLPPS1 	EQU 	1
I2C1SCLPPS2 	EQU 	2
I2C1SCLPPS3 	EQU 	3
I2C1SCLPPS4 	EQU 	4
I2C1SCLPPS5 	EQU 	5
I2C1SCLPPS6 	EQU 	6
I2C1SCLPPS7 	EQU 	7
I2C1SCLPPS_PIN0 	EQU 	0
I2C1SCLPPS_PIN1 	EQU 	1
I2C1SCLPPS_PIN2 	EQU 	2
I2C1SCLPPS_PORT0 	EQU 	3
I2C1SCLPPS_PORT1 	EQU 	4
I2C1SCLPPS_PORT2 	EQU 	5
I2C1SCLPPS_PORT3 	EQU 	6
I2C1SCLPPS_PORT4 	EQU 	7
I2C1SDAPPS 	EQU 	624
I2C1SDAPPS0 	EQU 	0
I2C1SDAPPS1 	EQU 	1
I2C1SDAPPS2 	EQU 	2
I2C1SDAPPS3 	EQU 	3
I2C1SDAPPS4 	EQU 	4
I2C1SDAPPS5 	EQU 	5
I2C1SDAPPS6 	EQU 	6
I2C1SDAPPS7 	EQU 	7
I2C1SDAPPS_PIN0 	EQU 	0
I2C1SDAPPS_PIN1 	EQU 	1
I2C1SDAPPS_PIN2 	EQU 	2
I2C1SDAPPS_PORT0 	EQU 	3
I2C1SDAPPS_PORT1 	EQU 	4
I2C1SDAPPS_PORT2 	EQU 	5
I2C1SDAPPS_PORT3 	EQU 	6
I2C1SDAPPS_PORT4 	EQU 	7
I2C1STAT0 	EQU 	663
I2C1STAT1 	EQU 	664
I2C1STAT1_CLRBF 	EQU 	2
I2C1STAT1_RXBF 	EQU 	0
I2C1STAT1_RXRE 	EQU 	3
I2C1STAT1_TXBE 	EQU 	5
I2C1STAT1_TXWE 	EQU 	7
I2C1TXB 	EQU 	649
I2C1TXIE 	EQU 	1
I2C1TXIF 	EQU 	1
I2C1TXIP 	EQU 	1
I2C2ADB0 	EQU 	675
I2C2ADB1 	EQU 	676
I2C2ADR0 	EQU 	677
I2C2ADR1 	EQU 	678
I2C2ADR1_ADR0 	EQU 	1
I2C2ADR1_ADR1 	EQU 	2
I2C2ADR1_ADR2 	EQU 	3
I2C2ADR1_ADR3 	EQU 	4
I2C2ADR1_ADR4 	EQU 	5
I2C2ADR1_ADR5 	EQU 	6
I2C2ADR1_ADR6 	EQU 	7
I2C2ADR2 	EQU 	679
I2C2ADR3 	EQU 	680
I2C2ADR3_ADR0 	EQU 	1
I2C2ADR3_ADR1 	EQU 	2
I2C2ADR3_ADR2 	EQU 	3
I2C2ADR3_ADR3 	EQU 	4
I2C2ADR3_ADR4 	EQU 	5
I2C2ADR3_ADR5 	EQU 	6
I2C2ADR3_ADR6 	EQU 	7
I2C2BAUD 	EQU 	691
I2C2BTO 	EQU 	690
I2C2BTOC 	EQU 	693
I2C2BTOC_BTOC0 	EQU 	0
I2C2BTOC_BTOC1 	EQU 	1
I2C2BTOC_BTOC2 	EQU 	2
I2C2BTOC_BTOC3 	EQU 	3
I2C2BTOC_I2CBTOC0 	EQU 	0
I2C2BTOC_I2CBTOC1 	EQU 	1
I2C2BTOC_I2CBTOC2 	EQU 	2
I2C2BTOC_I2CBTOC3 	EQU 	3
I2C2BTO_I2C2BTO_TOTIME0 	EQU 	0
I2C2BTO_I2C2BTO_TOTIME1 	EQU 	1
I2C2BTO_I2C2BTO_TOTIME2 	EQU 	2
I2C2BTO_I2C2BTO_TOTIME3 	EQU 	3
I2C2BTO_I2C2BTO_TOTIME4 	EQU 	4
I2C2BTO_I2C2BTO_TOTIME5 	EQU 	5
I2C2BTO_TOBY32 	EQU 	6
I2C2BTO_TOREC 	EQU 	7
I2C2BTO_TOTIME0 	EQU 	0
I2C2BTO_TOTIME1 	EQU 	1
I2C2BTO_TOTIME2 	EQU 	2
I2C2BTO_TOTIME3 	EQU 	3
I2C2BTO_TOTIME4 	EQU 	4
I2C2BTO_TOTIME5 	EQU 	5
I2C2CLK 	EQU 	692
I2C2CLK_CLK0 	EQU 	0
I2C2CLK_CLK1 	EQU 	1
I2C2CLK_CLK2 	EQU 	2
I2C2CLK_CLK3 	EQU 	3
I2C2CLK_CLK4 	EQU 	4
I2C2CLK_I2CCLK0 	EQU 	0
I2C2CLK_I2CCLK1 	EQU 	1
I2C2CLK_I2CCLK2 	EQU 	2
I2C2CLK_I2CCLK3 	EQU 	3
I2C2CLK_I2CCLK4 	EQU 	4
I2C2CNT 	EQU 	673
I2C2CNT0 	EQU 	0
I2C2CNT1 	EQU 	1
I2C2CNT10 	EQU 	2
I2C2CNT11 	EQU 	3
I2C2CNT12 	EQU 	4
I2C2CNT13 	EQU 	5
I2C2CNT14 	EQU 	6
I2C2CNT15 	EQU 	7
I2C2CNT2 	EQU 	2
I2C2CNT3 	EQU 	3
I2C2CNT4 	EQU 	4
I2C2CNT5 	EQU 	5
I2C2CNT6 	EQU 	6
I2C2CNT7 	EQU 	7
I2C2CNT8 	EQU 	0
I2C2CNT9 	EQU 	1
I2C2CNTH 	EQU 	674
I2C2CNTH_CNT10 	EQU 	2
I2C2CNTH_CNT11 	EQU 	3
I2C2CNTH_CNT12 	EQU 	4
I2C2CNTH_CNT13 	EQU 	5
I2C2CNTH_CNT14 	EQU 	6
I2C2CNTH_CNT15 	EQU 	7
I2C2CNTH_CNT8 	EQU 	0
I2C2CNTH_CNT9 	EQU 	1
I2C2CNTL 	EQU 	673
I2C2CNT_CNT0 	EQU 	0
I2C2CNT_CNT1 	EQU 	1
I2C2CNT_CNT2 	EQU 	2
I2C2CNT_CNT3 	EQU 	3
I2C2CNT_CNT4 	EQU 	4
I2C2CNT_CNT5 	EQU 	5
I2C2CNT_CNT6 	EQU 	6
I2C2CNT_CNT7 	EQU 	7
I2C2CON0 	EQU 	681
I2C2CON0_CSTR 	EQU 	4
I2C2CON0_EN 	EQU 	7
I2C2CON0_I2C2CON0_MODE0 	EQU 	0
I2C2CON0_I2C2CON0_MODE1 	EQU 	1
I2C2CON0_I2C2CON0_MODE2 	EQU 	2
I2C2CON0_I2CEN 	EQU 	7
I2C2CON0_MDR 	EQU 	3
I2C2CON0_MODE0 	EQU 	0
I2C2CON0_MODE1 	EQU 	1
I2C2CON0_MODE2 	EQU 	2
I2C2CON0_RSEN 	EQU 	6
I2C2CON0_S 	EQU 	5
I2C2CON1 	EQU 	682
I2C2CON1_ACKCNT 	EQU 	7
I2C2CON1_ACKDT 	EQU 	6
I2C2CON1_ACKSTAT 	EQU 	5
I2C2CON1_ACKT 	EQU 	4
I2C2CON1_CSD 	EQU 	0
I2C2CON1_P 	EQU 	3
I2C2CON1_RXO 	EQU 	2
I2C2CON1_TXU 	EQU 	1
I2C2CON2 	EQU 	683
I2C2CON2_ABD 	EQU 	4
I2C2CON2_ACNT 	EQU 	7
I2C2CON2_BFRET0 	EQU 	0
I2C2CON2_BFRET1 	EQU 	1
I2C2CON2_GCEN 	EQU 	6
I2C2CON2_I2C2CON2_BFRET0 	EQU 	0
I2C2CON2_I2C2CON2_BFRET1 	EQU 	1
I2C2CON2_I2C2CON2_SDAHT0 	EQU 	2
I2C2CON2_I2C2CON2_SDAHT1 	EQU 	3
I2C2CON2_SDAHT0 	EQU 	2
I2C2CON2_SDAHT1 	EQU 	3
I2C2CON3 	EQU 	684
I2C2CON3_ACNTMD0 	EQU 	0
I2C2CON3_ACNTMD1 	EQU 	1
I2C2CON3_FME0 	EQU 	2
I2C2CON3_FME1 	EQU 	3
I2C2CON3_I2C2CON3_ACNTMD0 	EQU 	0
I2C2CON3_I2C2CON3_ACNTMD1 	EQU 	1
I2C2CON3_I2C2CON3_FME0 	EQU 	2
I2C2CON3_I2C2CON3_FME1 	EQU 	3
I2C2ERR 	EQU 	685
I2C2ERR_BCLIE 	EQU 	1
I2C2ERR_BCLIF 	EQU 	5
I2C2ERR_BTOIE 	EQU 	2
I2C2ERR_BTOIF 	EQU 	6
I2C2ERR_NACKIE 	EQU 	0
I2C2ERR_NACKIF 	EQU 	4
I2C2PIE 	EQU 	689
I2C2PIE_ACKTIE 	EQU 	6
I2C2PIE_ADRIE 	EQU 	3
I2C2PIE_CNTIE 	EQU 	7
I2C2PIE_PCIE 	EQU 	2
I2C2PIE_RSCIE 	EQU 	1
I2C2PIE_SCIE 	EQU 	0
I2C2PIE_WRIE 	EQU 	4
I2C2PIR 	EQU 	688
I2C2PIR_ACKTIF 	EQU 	6
I2C2PIR_ADRIF 	EQU 	3
I2C2PIR_CNTIF 	EQU 	7
I2C2PIR_PCIF 	EQU 	2
I2C2PIR_RSCIF 	EQU 	1
I2C2PIR_SCIF 	EQU 	0
I2C2PIR_WRIF 	EQU 	4
I2C2RXB 	EQU 	671
I2C2STAT0 	EQU 	686
I2C2STAT0_BFRE 	EQU 	7
I2C2STAT0_D 	EQU 	3
I2C2STAT0_MMA 	EQU 	5
I2C2STAT0_NOT_A 	EQU 	3
I2C2STAT0_NOT_ADDRESS 	EQU 	3
I2C2STAT0_NOT_W 	EQU 	4
I2C2STAT0_NOT_WRITE 	EQU 	4
I2C2STAT0_R 	EQU 	4
I2C2STAT0_READ 	EQU 	4
I2C2STAT0_SMA 	EQU 	6
I2C2STAT1 	EQU 	687
I2C2STAT1_CLRBF 	EQU 	2
I2C2STAT1_RXBF 	EQU 	0
I2C2STAT1_RXRE 	EQU 	3
I2C2STAT1_TXBE 	EQU 	5
I2C2STAT1_TXWE 	EQU 	7
I2C2TXB 	EQU 	672
I2CBTOC0 	EQU 	0
I2CBTOC1 	EQU 	1
I2CBTOC2 	EQU 	2
I2CBTOC3 	EQU 	3
I2CBYTE 	EQU 	1390
I2CCLK0 	EQU 	0
I2CCLK1 	EQU 	1
I2CCLK2 	EQU 	2
I2CCLK3 	EQU 	3
I2CCLK4 	EQU 	4
I2CEN 	EQU 	7
I2CPU0 	EQU 	4
I2CPU1 	EQU 	5
I2CSLEW0 	EQU 	6
I2CSLEW1 	EQU 	7
I2CTH0 	EQU 	0
I2CTH1 	EQU 	1
ICSPEN 	EQU 	57
ICSPLOCK 	EQU 	56
IDLEN 	EQU 	7
IN 	EQU 	5
IN0 	EQU 	0
IN1 	EQU 	1
IN2 	EQU 	2
IN3 	EQU 	3
INC0 	EQU 	0
INC1 	EQU 	1
INC10 	EQU 	2
INC11 	EQU 	3
INC12 	EQU 	4
INC13 	EQU 	5
INC14 	EQU 	6
INC15 	EQU 	7
INC16 	EQU 	0
INC17 	EQU 	1
INC18 	EQU 	2
INC19 	EQU 	3
INC2 	EQU 	2
INC3 	EQU 	3
INC4 	EQU 	4
INC5 	EQU 	5
INC6 	EQU 	6
INC7 	EQU 	7
INC8 	EQU 	0
INC9 	EQU 	1
INDF0 	EQU 	1263
INDF1 	EQU 	1255
INDF2 	EQU 	1247
INITGLCD_SSD1309 	EQU 	5926
INITPPS 	EQU 	6290
INITSYS 	EQU 	6324
INLVLA 	EQU 	1028
INLVLA0 	EQU 	0
INLVLA1 	EQU 	1
INLVLA2 	EQU 	2
INLVLA3 	EQU 	3
INLVLA4 	EQU 	4
INLVLA5 	EQU 	5
INLVLA6 	EQU 	6
INLVLA7 	EQU 	7
INLVLB 	EQU 	1036
INLVLB0 	EQU 	0
INLVLB1 	EQU 	1
INLVLB2 	EQU 	2
INLVLB3 	EQU 	3
INLVLB4 	EQU 	4
INLVLB5 	EQU 	5
INLVLB6 	EQU 	6
INLVLB7 	EQU 	7
INLVLC 	EQU 	1044
INLVLC0 	EQU 	0
INLVLC1 	EQU 	1
INLVLC2 	EQU 	2
INLVLC3 	EQU 	3
INLVLC4 	EQU 	4
INLVLC5 	EQU 	5
INLVLC6 	EQU 	6
INLVLD 	EQU 	1052
INLVLD0 	EQU 	0
INLVLD1 	EQU 	1
INLVLD2 	EQU 	2
INLVLD3 	EQU 	3
INLVLD4 	EQU 	4
INLVLD5 	EQU 	5
INLVLD6 	EQU 	6
INLVLD7 	EQU 	7
INLVLE 	EQU 	1060
INLVLE0 	EQU 	0
INLVLE1 	EQU 	1
INLVLE2 	EQU 	2
INLVLE3 	EQU 	3
INT0EDG 	EQU 	0
INT0IE 	EQU 	0
INT0IF 	EQU 	0
INT0IP 	EQU 	0
INT0PPS 	EQU 	574
INT0PPS0 	EQU 	0
INT0PPS1 	EQU 	1
INT0PPS2 	EQU 	2
INT0PPS3 	EQU 	3
INT0PPS4 	EQU 	4
INT0PPS5 	EQU 	5
INT0PPS6 	EQU 	6
INT0PPS7 	EQU 	7
INT0PPS_PIN0 	EQU 	0
INT0PPS_PIN1 	EQU 	1
INT0PPS_PIN2 	EQU 	2
INT0PPS_PORT0 	EQU 	3
INT0PPS_PORT1 	EQU 	4
INT0PPS_PORT2 	EQU 	5
INT0PPS_PORT3 	EQU 	6
INT0PPS_PORT4 	EQU 	7
INT1EDG 	EQU 	1
INT1IE 	EQU 	0
INT1IF 	EQU 	0
INT1IP 	EQU 	0
INT1PPS 	EQU 	575
INT1PPS0 	EQU 	0
INT1PPS1 	EQU 	1
INT1PPS2 	EQU 	2
INT1PPS3 	EQU 	3
INT1PPS4 	EQU 	4
INT1PPS5 	EQU 	5
INT1PPS6 	EQU 	6
INT1PPS7 	EQU 	7
INT1PPS_PIN0 	EQU 	0
INT1PPS_PIN1 	EQU 	1
INT1PPS_PIN2 	EQU 	2
INT1PPS_PORT0 	EQU 	3
INT1PPS_PORT1 	EQU 	4
INT1PPS_PORT2 	EQU 	5
INT1PPS_PORT3 	EQU 	6
INT1PPS_PORT4 	EQU 	7
INT2EDG 	EQU 	2
INT2IE 	EQU 	1
INT2IF 	EQU 	1
INT2IP 	EQU 	1
INT2PPS 	EQU 	576
INT2PPS0 	EQU 	0
INT2PPS1 	EQU 	1
INT2PPS2 	EQU 	2
INT2PPS3 	EQU 	3
INT2PPS4 	EQU 	4
INT2PPS5 	EQU 	5
INT2PPS6 	EQU 	6
INT2PPS7 	EQU 	7
INT2PPS_PIN0 	EQU 	0
INT2PPS_PIN1 	EQU 	1
INT2PPS_PIN2 	EQU 	2
INT2PPS_PORT0 	EQU 	3
INT2PPS_PORT1 	EQU 	4
INT2PPS_PORT2 	EQU 	5
INT2PPS_PORT3 	EQU 	6
INT2PPS_PORT4 	EQU 	7
INTCON0 	EQU 	1238
INTCON1 	EQU 	1239
INTCON1_STAT0_INTCON1 	EQU 	6
INTCON1_STAT1_INTCON1 	EQU 	7
INTH 	EQU 	1
INTL 	EQU 	0
INTN_CLCNCON 	EQU 	3
INTN_CM1CON1 	EQU 	0
INTN_CM2CON1 	EQU 	0
INTN_ZCD1CON 	EQU 	0
INTP_CLCNCON 	EQU 	4
INTP_CM1CON1 	EQU 	1
INTP_CM2CON1 	EQU 	1
INTP_ZCD1CON 	EQU 	1
INXRADIUS 	EQU 	1391
INXRADIUS_H 	EQU 	1392
INYRADIUS 	EQU 	1393
INYRADIUS_H 	EQU 	1394
IOCAF 	EQU 	1031
IOCAF0 	EQU 	0
IOCAF1 	EQU 	1
IOCAF2 	EQU 	2
IOCAF3 	EQU 	3
IOCAF4 	EQU 	4
IOCAF5 	EQU 	5
IOCAF6 	EQU 	6
IOCAF7 	EQU 	7
IOCAN 	EQU 	1030
IOCAN0 	EQU 	0
IOCAN1 	EQU 	1
IOCAN2 	EQU 	2
IOCAN3 	EQU 	3
IOCAN4 	EQU 	4
IOCAN5 	EQU 	5
IOCAN6 	EQU 	6
IOCAN7 	EQU 	7
IOCAP 	EQU 	1029
IOCAP0 	EQU 	0
IOCAP1 	EQU 	1
IOCAP2 	EQU 	2
IOCAP3 	EQU 	3
IOCAP4 	EQU 	4
IOCAP5 	EQU 	5
IOCAP6 	EQU 	6
IOCAP7 	EQU 	7
IOCBF 	EQU 	1039
IOCBF0 	EQU 	0
IOCBF1 	EQU 	1
IOCBF2 	EQU 	2
IOCBF3 	EQU 	3
IOCBF4 	EQU 	4
IOCBF5 	EQU 	5
IOCBF6 	EQU 	6
IOCBF7 	EQU 	7
IOCBN 	EQU 	1038
IOCBN0 	EQU 	0
IOCBN1 	EQU 	1
IOCBN2 	EQU 	2
IOCBN3 	EQU 	3
IOCBN4 	EQU 	4
IOCBN5 	EQU 	5
IOCBN6 	EQU 	6
IOCBN7 	EQU 	7
IOCBP 	EQU 	1037
IOCBP0 	EQU 	0
IOCBP1 	EQU 	1
IOCBP2 	EQU 	2
IOCBP3 	EQU 	3
IOCBP4 	EQU 	4
IOCBP5 	EQU 	5
IOCBP6 	EQU 	6
IOCBP7 	EQU 	7
IOCCF 	EQU 	1047
IOCCF0 	EQU 	0
IOCCF1 	EQU 	1
IOCCF2 	EQU 	2
IOCCF3 	EQU 	3
IOCCF4 	EQU 	4
IOCCF5 	EQU 	5
IOCCF6 	EQU 	6
IOCCN 	EQU 	1046
IOCCN0 	EQU 	0
IOCCN1 	EQU 	1
IOCCN2 	EQU 	2
IOCCN3 	EQU 	3
IOCCN4 	EQU 	4
IOCCN5 	EQU 	5
IOCCN6 	EQU 	6
IOCCP 	EQU 	1045
IOCCP0 	EQU 	0
IOCCP1 	EQU 	1
IOCCP2 	EQU 	2
IOCCP3 	EQU 	3
IOCCP4 	EQU 	4
IOCCP5 	EQU 	5
IOCCP6 	EQU 	6
IOCDF 	EQU 	1055
IOCDF0 	EQU 	0
IOCDF1 	EQU 	1
IOCDF2 	EQU 	2
IOCDF3 	EQU 	3
IOCDF4 	EQU 	4
IOCDF5 	EQU 	5
IOCDF6 	EQU 	6
IOCDF7 	EQU 	7
IOCDN 	EQU 	1054
IOCDN0 	EQU 	0
IOCDN1 	EQU 	1
IOCDN2 	EQU 	2
IOCDN3 	EQU 	3
IOCDN4 	EQU 	4
IOCDN5 	EQU 	5
IOCDN6 	EQU 	6
IOCDN7 	EQU 	7
IOCDP 	EQU 	1053
IOCDP0 	EQU 	0
IOCDP1 	EQU 	1
IOCDP2 	EQU 	2
IOCDP3 	EQU 	3
IOCDP4 	EQU 	4
IOCDP5 	EQU 	5
IOCDP6 	EQU 	6
IOCDP7 	EQU 	7
IOCEF 	EQU 	1063
IOCEF3 	EQU 	3
IOCEN 	EQU 	1062
IOCEN3 	EQU 	3
IOCEP 	EQU 	1061
IOCEP3 	EQU 	3
IOCIE 	EQU 	7
IOCIF 	EQU 	7
IOCIP 	EQU 	7
IOCMD 	EQU 	0
IOCSRIE 	EQU 	0
IOCSRIF 	EQU 	0
IOCSRIP 	EQU 	0
IOCWF 	EQU 	1087
IOCWF0 	EQU 	0
IOCWF1 	EQU 	1
IOCWF2 	EQU 	2
IOCWF3 	EQU 	3
IOCWF4 	EQU 	4
IOCWF5 	EQU 	5
IOCWF6 	EQU 	6
IOCWF7 	EQU 	7
IOCWN 	EQU 	1086
IOCWN0 	EQU 	0
IOCWN1 	EQU 	1
IOCWN2 	EQU 	2
IOCWN3 	EQU 	3
IOCWN4 	EQU 	4
IOCWN5 	EQU 	5
IOCWN6 	EQU 	6
IOCWN7 	EQU 	7
IOCWP 	EQU 	1085
IOCWP0 	EQU 	0
IOCWP1 	EQU 	1
IOCWP2 	EQU 	2
IOCWP3 	EQU 	3
IOCWP4 	EQU 	4
IOCWP5 	EQU 	5
IOCWP6 	EQU 	6
IOCWP7 	EQU 	7
IPEN_ADCON1 	EQU 	6
IPEN_INTCON0 	EQU 	5
IPR0 	EQU 	1182
IPR1 	EQU 	1183
IPR10 	EQU 	1192
IPR11 	EQU 	1193
IPR2 	EQU 	1184
IPR3 	EQU 	1185
IPR4 	EQU 	1186
IPR5 	EQU 	1187
IPR6 	EQU 	1188
IPR7 	EQU 	1189
IPR8 	EQU 	1190
IPR9 	EQU 	1191
ISM0 	EQU 	0
ISM1 	EQU 	1
ISM2 	EQU 	2
ISM3 	EQU 	3
ISM4 	EQU 	4
ISRPR 	EQU 	191
ISRPR0 	EQU 	0
ISRPR1 	EQU 	1
ISRPR2 	EQU 	2
ISRPR_ISRPR0 	EQU 	0
ISRPR_ISRPR1 	EQU 	1
ISRPR_ISRPR2 	EQU 	2
ISRPR_PR0_ISRPR 	EQU 	0
ISRPR_PR1_ISRPR 	EQU 	1
ISRPR_PR2_ISRPR 	EQU 	2
IVTAD 	EQU 	1114
IVTADH 	EQU 	1115
IVTADL 	EQU 	1114
IVTADU 	EQU 	1116
IVTBASE 	EQU 	1117
IVTBASEH 	EQU 	1118
IVTBASEL 	EQU 	1117
IVTBASEU 	EQU 	1119
IVTLOCK 	EQU 	1113
IVTLOCKED 	EQU 	0
LADR0 	EQU 	0
LADR1 	EQU 	1
LADR10 	EQU 	2
LADR11 	EQU 	3
LADR12 	EQU 	4
LADR13 	EQU 	5
LADR14 	EQU 	6
LADR15 	EQU 	7
LADR16 	EQU 	0
LADR17 	EQU 	1
LADR18 	EQU 	2
LADR19 	EQU 	3
LADR2 	EQU 	2
LADR20 	EQU 	4
LADR21 	EQU 	5
LADR3 	EQU 	3
LADR4 	EQU 	4
LADR5 	EQU 	5
LADR6 	EQU 	6
LADR7 	EQU 	7
LADR8 	EQU 	0
LADR9 	EQU 	1
LATA 	EQU 	320
LATA0 	EQU 	0
LATA1 	EQU 	1
LATA2 	EQU 	2
LATA3 	EQU 	3
LATA4 	EQU 	4
LATA5 	EQU 	5
LATA6 	EQU 	6
LATA7 	EQU 	7
LATB 	EQU 	321
LATB0 	EQU 	0
LATB1 	EQU 	1
LATB2 	EQU 	2
LATB3 	EQU 	3
LATB4 	EQU 	4
LATB5 	EQU 	5
LATB6 	EQU 	6
LATB7 	EQU 	7
LATC 	EQU 	322
LATC0 	EQU 	0
LATC1 	EQU 	1
LATC2 	EQU 	2
LATC3 	EQU 	3
LATC4 	EQU 	4
LATC5 	EQU 	5
LATC6 	EQU 	6
LATC7 	EQU 	7
LATD 	EQU 	323
LATD0 	EQU 	0
LATD1 	EQU 	1
LATD2 	EQU 	2
LATD3 	EQU 	3
LATD4 	EQU 	4
LATD5 	EQU 	5
LATD6 	EQU 	6
LATD7 	EQU 	7
LATE 	EQU 	324
LATE0 	EQU 	0
LATE1 	EQU 	1
LATE2 	EQU 	2
LATW 	EQU 	257
LATW0 	EQU 	0
LATW1 	EQU 	1
LATW2 	EQU 	2
LATW3 	EQU 	3
LATW4 	EQU 	4
LATW5 	EQU 	5
LATW6 	EQU 	6
LATW7 	EQU 	7
LCDVALUE 	EQU 	1395
LCDVALUE_E 	EQU 	1398
LCDVALUE_H 	EQU 	1396
LCDVALUE_U 	EQU 	1397
LDS0 	EQU 	0
LDS1 	EQU 	1
LDS2 	EQU 	2
LDS3 	EQU 	3
LDS4 	EQU 	4
LDS5 	EQU 	5
LDS6 	EQU 	6
LDS7 	EQU 	7
LD_CWG1CON0 	EQU 	6
LD_PWM1CON 	EQU 	2
LD_PWM2CON 	EQU 	2
LENDIAN 	EQU 	1
LFOEN 	EQU 	4
LFOR 	EQU 	4
LIMIT 	EQU 	4
LINECOLOUR 	EQU 	1399
LINECOLOUR_E 	EQU 	1402
LINECOLOUR_H 	EQU 	1400
LINECOLOUR_U 	EQU 	1401
LINEDIFFX 	EQU 	1403
LINEDIFFX_H 	EQU 	1404
LINEDIFFX_X2 	EQU 	1405
LINEDIFFX_X2_H 	EQU 	1406
LINEDIFFY 	EQU 	1407
LINEDIFFY_H 	EQU 	1408
LINEDIFFY_X2 	EQU 	1409
LINEDIFFY_X2_H 	EQU 	1410
LINEERR 	EQU 	1411
LINEERR_H 	EQU 	1412
LINESTEPX 	EQU 	1413
LINESTEPX_H 	EQU 	1414
LINESTEPY 	EQU 	1415
LINESTEPY_H 	EQU 	1416
LINEX1 	EQU 	1417
LINEX1_H 	EQU 	1418
LINEX2 	EQU 	1419
LINEX2_H 	EQU 	1420
LINEY1 	EQU 	1421
LINEY1_H 	EQU 	1422
LINEY2 	EQU 	1423
LINEY2_H 	EQU 	1424
LOAD 	EQU 	6
LOCK 	EQU 	3
LOCX 	EQU 	1425
LOCY 	EQU 	1426
LONGNUMBER 	EQU 	1427
LONGNUMBER_E 	EQU 	1430
LONGNUMBER_H 	EQU 	1428
LONGNUMBER_U 	EQU 	1429
LSAC0 	EQU 	2
LSAC1 	EQU 	3
LSBD0 	EQU 	4
LSBD1 	EQU 	5
LSBF 	EQU 	2
LSCA1 	EQU 	3
LSDB0 	EQU 	4
LSDB1 	EQU 	5
LSDBD0 	EQU 	4
LSDBD1 	EQU 	5
LTH0 	EQU 	0
LTH1 	EQU 	1
LTH10 	EQU 	2
LTH11 	EQU 	3
LTH12 	EQU 	4
LTH13 	EQU 	5
LTH14 	EQU 	6
LTH15 	EQU 	7
LTH2 	EQU 	2
LTH3 	EQU 	3
LTH4 	EQU 	4
LTH5 	EQU 	5
LTH6 	EQU 	6
LTH7 	EQU 	7
LTH8 	EQU 	0
LTH9 	EQU 	1
LTHR 	EQU 	5
LVD0 	EQU 	0
LVD1 	EQU 	1
LVD2 	EQU 	2
LVD3 	EQU 	3
LVDEN 	EQU 	6
LVDMD 	EQU 	5
LVDSTAT 	EQU 	6
MAINPR 	EQU 	190
MAINPR0 	EQU 	0
MAINPR1 	EQU 	1
MAINPR2 	EQU 	2
MAINPR_MAINPR0 	EQU 	0
MAINPR_MAINPR1 	EQU 	1
MAINPR_MAINPR2 	EQU 	2
MAINPR_PR0_MAINPR 	EQU 	0
MAINPR_PR1_MAINPR 	EQU 	1
MAINPR_PR2_MAINPR 	EQU 	2
MATH 	EQU 	4
MC1OUT 	EQU 	0
MC2OUT 	EQU 	1
MD0 	EQU 	0
MD1 	EQU 	1
MD16 	EQU 	4
MD1CARH 	EQU 	110
MD1CARHPPS 	EQU 	605
MD1CARHPPS0 	EQU 	0
MD1CARHPPS1 	EQU 	1
MD1CARHPPS2 	EQU 	2
MD1CARHPPS3 	EQU 	3
MD1CARHPPS4 	EQU 	4
MD1CARHPPS5 	EQU 	5
MD1CARHPPS6 	EQU 	6
MD1CARHPPS7 	EQU 	7
MD1CARHPPS_PIN0 	EQU 	0
MD1CARHPPS_PIN1 	EQU 	1
MD1CARHPPS_PIN2 	EQU 	2
MD1CARHPPS_PORT0 	EQU 	3
MD1CARHPPS_PORT1 	EQU 	4
MD1CARHPPS_PORT2 	EQU 	5
MD1CARHPPS_PORT3 	EQU 	6
MD1CARHPPS_PORT4 	EQU 	7
MD1CARH_CARH0 	EQU 	0
MD1CARH_CARH1 	EQU 	1
MD1CARH_CARH2 	EQU 	2
MD1CARH_CARH3 	EQU 	3
MD1CARH_CARH4 	EQU 	4
MD1CARL 	EQU 	109
MD1CARLPPS 	EQU 	604
MD1CARLPPS0 	EQU 	0
MD1CARLPPS1 	EQU 	1
MD1CARLPPS2 	EQU 	2
MD1CARLPPS3 	EQU 	3
MD1CARLPPS4 	EQU 	4
MD1CARLPPS5 	EQU 	5
MD1CARLPPS6 	EQU 	6
MD1CARLPPS7 	EQU 	7
MD1CARLPPS_PIN0 	EQU 	0
MD1CARLPPS_PIN1 	EQU 	1
MD1CARLPPS_PIN2 	EQU 	2
MD1CARLPPS_PORT0 	EQU 	3
MD1CARLPPS_PORT1 	EQU 	4
MD1CARLPPS_PORT2 	EQU 	5
MD1CARLPPS_PORT3 	EQU 	6
MD1CARLPPS_PORT4 	EQU 	7
MD1CARL_CARL0 	EQU 	0
MD1CARL_CARL1 	EQU 	1
MD1CARL_CARL2 	EQU 	2
MD1CARL_CARL3 	EQU 	3
MD1CARL_CARL4 	EQU 	4
MD1CON0 	EQU 	106
MD1CON1 	EQU 	107
MD1SRC 	EQU 	108
MD1SRCPPS 	EQU 	606
MD1SRCPPS0 	EQU 	0
MD1SRCPPS1 	EQU 	1
MD1SRCPPS2 	EQU 	2
MD1SRCPPS3 	EQU 	3
MD1SRCPPS4 	EQU 	4
MD1SRCPPS5 	EQU 	5
MD1SRCPPS6 	EQU 	6
MD1SRCPPS7 	EQU 	7
MD1SRCPPS_PIN0 	EQU 	0
MD1SRCPPS_PIN1 	EQU 	1
MD1SRCPPS_PIN2 	EQU 	2
MD1SRCPPS_PORT0 	EQU 	3
MD1SRCPPS_PORT1 	EQU 	4
MD1SRCPPS_PORT2 	EQU 	5
MD1SRCPPS_PORT3 	EQU 	6
MD1SRCPPS_PORT4 	EQU 	7
MD1SRC_SRC0 	EQU 	0
MD1SRC_SRC1 	EQU 	1
MD1SRC_SRC2 	EQU 	2
MD1SRC_SRC3 	EQU 	3
MD1SRC_SRC4 	EQU 	4
MD2 	EQU 	2
MDBIT 	EQU 	0
MDCARH0 	EQU 	0
MDCARH1 	EQU 	1
MDCARH2 	EQU 	2
MDCARH3 	EQU 	3
MDCARH4 	EQU 	4
MDCARL0 	EQU 	0
MDCARL1 	EQU 	1
MDCARL2 	EQU 	2
MDCARL3 	EQU 	3
MDCARL4 	EQU 	4
MDCHPOL 	EQU 	5
MDCHSYNC 	EQU 	4
MDCLPOL 	EQU 	1
MDCLSYNC 	EQU 	0
MDEN 	EQU 	7
MDOPOL 	EQU 	4
MDOUT 	EQU 	5
MDR 	EQU 	3
MDSRC0 	EQU 	0
MDSRC1 	EQU 	1
MDSRC2 	EQU 	2
MDSRC3 	EQU 	3
MDSRC4 	EQU 	4
MEMV 	EQU 	1
MFOEN 	EQU 	5
MFOR 	EQU 	5
MMA 	EQU 	5
MODE0 	EQU 	0
MODE1 	EQU 	1
MODE2 	EQU 	2
MODE3 	EQU 	3
MODE4 	EQU 	4
MPWM1EN 	EQU 	0
MPWM1LD 	EQU 	0
MPWM2EN 	EQU 	1
MPWM2LD 	EQU 	1
MREG 	EQU 	2
MST 	EQU 	1
MUL32LOOP 	EQU 	8440
N 	EQU 	4
NACK1IE 	EQU 	0
NACK1IF 	EQU 	4
NACK2IE 	EQU 	0
NACK2IF 	EQU 	4
NACKIE 	EQU 	0
NACKIF 	EQU 	4
NBOR 	EQU 	0
NCH0_CM1NCH 	EQU 	0
NCH0_CM2NCH 	EQU 	0
NCH1_CM1NCH 	EQU 	1
NCH1_CM2NCH 	EQU 	1
NCH2_CM1NCH 	EQU 	2
NCH2_CM2NCH 	EQU 	2
NCO1ACC 	EQU 	1088
NCO1ACC0 	EQU 	0
NCO1ACC1 	EQU 	1
NCO1ACC10 	EQU 	2
NCO1ACC11 	EQU 	3
NCO1ACC12 	EQU 	4
NCO1ACC13 	EQU 	5
NCO1ACC14 	EQU 	6
NCO1ACC15 	EQU 	7
NCO1ACC16 	EQU 	0
NCO1ACC17 	EQU 	1
NCO1ACC18 	EQU 	2
NCO1ACC19 	EQU 	3
NCO1ACC2 	EQU 	2
NCO1ACC3 	EQU 	3
NCO1ACC4 	EQU 	4
NCO1ACC5 	EQU 	5
NCO1ACC6 	EQU 	6
NCO1ACC7 	EQU 	7
NCO1ACC8 	EQU 	0
NCO1ACC9 	EQU 	1
NCO1ACCH 	EQU 	1089
NCO1ACCH_ACC10 	EQU 	2
NCO1ACCH_ACC11 	EQU 	3
NCO1ACCH_ACC12 	EQU 	4
NCO1ACCH_ACC13 	EQU 	5
NCO1ACCH_ACC14 	EQU 	6
NCO1ACCH_ACC15 	EQU 	7
NCO1ACCH_ACC8 	EQU 	0
NCO1ACCH_ACC9 	EQU 	1
NCO1ACCL 	EQU 	1088
NCO1ACCU 	EQU 	1090
NCO1ACCU_ACC0 	EQU 	0
NCO1ACCU_ACC1 	EQU 	1
NCO1ACCU_ACC2 	EQU 	2
NCO1ACCU_ACC3 	EQU 	3
NCO1ACCU_NCO1ACC0 	EQU 	0
NCO1ACCU_NCO1ACC1 	EQU 	1
NCO1ACCU_NCO1ACC2 	EQU 	2
NCO1ACCU_NCO1ACC3 	EQU 	3
NCO1ACC_ACC0 	EQU 	0
NCO1ACC_ACC1 	EQU 	1
NCO1ACC_ACC2 	EQU 	2
NCO1ACC_ACC3 	EQU 	3
NCO1ACC_ACC4 	EQU 	4
NCO1ACC_ACC5 	EQU 	5
NCO1ACC_ACC6 	EQU 	6
NCO1ACC_ACC7 	EQU 	7
NCO1CKS0 	EQU 	0
NCO1CKS1 	EQU 	1
NCO1CKS2 	EQU 	2
NCO1CKS3 	EQU 	3
NCO1CKS4 	EQU 	4
NCO1CLK 	EQU 	1095
NCO1CLK_CKS0 	EQU 	0
NCO1CLK_CKS1 	EQU 	1
NCO1CLK_CKS2 	EQU 	2
NCO1CLK_CKS3 	EQU 	3
NCO1CLK_CKS4 	EQU 	4
NCO1CLK_NCO1CKS0 	EQU 	0
NCO1CLK_NCO1CKS1 	EQU 	1
NCO1CLK_NCO1CKS2 	EQU 	2
NCO1CLK_NCO1CKS3 	EQU 	3
NCO1CLK_NCO1CKS4 	EQU 	4
NCO1CLK_NCO1PWS0 	EQU 	5
NCO1CLK_NCO1PWS1 	EQU 	6
NCO1CLK_NCO1PWS2 	EQU 	7
NCO1CLK_PWS0 	EQU 	5
NCO1CLK_PWS1 	EQU 	6
NCO1CLK_PWS2 	EQU 	7
NCO1CON 	EQU 	1094
NCO1CON_EN 	EQU 	7
NCO1EN 	EQU 	7
NCO1IE 	EQU 	1
NCO1IF 	EQU 	1
NCO1INC 	EQU 	1091
NCO1INC0 	EQU 	0
NCO1INC1 	EQU 	1
NCO1INC10 	EQU 	2
NCO1INC11 	EQU 	3
NCO1INC12 	EQU 	4
NCO1INC13 	EQU 	5
NCO1INC14 	EQU 	6
NCO1INC15 	EQU 	7
NCO1INC16 	EQU 	0
NCO1INC17 	EQU 	1
NCO1INC18 	EQU 	2
NCO1INC19 	EQU 	3
NCO1INC2 	EQU 	2
NCO1INC3 	EQU 	3
NCO1INC4 	EQU 	4
NCO1INC5 	EQU 	5
NCO1INC6 	EQU 	6
NCO1INC7 	EQU 	7
NCO1INC8 	EQU 	0
NCO1INC9 	EQU 	1
NCO1INCH 	EQU 	1092
NCO1INCL 	EQU 	1091
NCO1INCU 	EQU 	1093
NCO1INCU_INC0 	EQU 	0
NCO1INCU_INC1 	EQU 	1
NCO1INCU_INC2 	EQU 	2
NCO1INCU_INC3 	EQU 	3
NCO1INCU_NCO1INC0 	EQU 	0
NCO1INCU_NCO1INC1 	EQU 	1
NCO1INCU_NCO1INC2 	EQU 	2
NCO1INCU_NCO1INC3 	EQU 	3
NCO1IP 	EQU 	1
NCO1MD 	EQU 	4
NCO1OUT 	EQU 	5
NCO1PFM 	EQU 	0
NCO1POL 	EQU 	4
NCO1PWS0 	EQU 	5
NCO1PWS1 	EQU 	6
NCO1PWS2 	EQU 	7
NDIV0 	EQU 	0
NDIV1 	EQU 	1
NDIV2 	EQU 	2
NDIV3 	EQU 	3
NDONE 	EQU 	0
NHYS 	EQU 	4
NIOMON 	EQU 	7
NMEMV 	EQU 	1
NOSC0 	EQU 	4
NOSC1 	EQU 	5
NOSC2 	EQU 	6
NOSCR 	EQU 	3
NOT_A 	EQU 	3
NOT_ADDRESS 	EQU 	3
NOT_BOR 	EQU 	0
NOT_DONE_NVMCON0 	EQU 	0
NOT_DONE_T1GCON 	EQU 	3
NOT_DONE_T3GCON 	EQU 	3
NOT_HYS 	EQU 	4
NOT_IOMON 	EQU 	7
NOT_MEMV 	EQU 	1
NOT_PD 	EQU 	5
NOT_POR 	EQU 	1
NOT_RCM 	EQU 	0
NOT_RI 	EQU 	2
NOT_RMCLR 	EQU 	3
NOT_RVREG 	EQU 	2
NOT_RWDT 	EQU 	4
NOT_SYNC 	EQU 	2
NOT_T1DONE 	EQU 	3
NOT_T1SYNC 	EQU 	2
NOT_T3DONE 	EQU 	3
NOT_T3SYNC 	EQU 	2
NOT_TO 	EQU 	6
NOT_W 	EQU 	4
NOT_WDTWV 	EQU 	5
NOT_WRITE 	EQU 	4
NPD 	EQU 	5
NPOR 	EQU 	1
NRCM 	EQU 	0
NREF0 	EQU 	4
NREF1 	EQU 	5
NREF2 	EQU 	6
NREF3 	EQU 	7
NRI 	EQU 	2
NRMCLR 	EQU 	3
NRVREG 	EQU 	2
NRWDT 	EQU 	4
NSS0 	EQU 	0
NSS1 	EQU 	1
NSYNC 	EQU 	2
NT1SYNC 	EQU 	2
NT3SYNC 	EQU 	2
NTO 	EQU 	6
NVMADR 	EQU 	67
NVMADR0 	EQU 	0
NVMADR1 	EQU 	1
NVMADR10 	EQU 	2
NVMADR11 	EQU 	3
NVMADR12 	EQU 	4
NVMADR13 	EQU 	5
NVMADR14 	EQU 	6
NVMADR15 	EQU 	7
NVMADR16 	EQU 	0
NVMADR17 	EQU 	1
NVMADR18 	EQU 	2
NVMADR19 	EQU 	3
NVMADR2 	EQU 	2
NVMADR20 	EQU 	4
NVMADR21 	EQU 	5
NVMADR3 	EQU 	3
NVMADR4 	EQU 	4
NVMADR5 	EQU 	5
NVMADR6 	EQU 	6
NVMADR7 	EQU 	7
NVMADR8 	EQU 	0
NVMADR9 	EQU 	1
NVMADRH 	EQU 	68
NVMADRL 	EQU 	67
NVMADRU 	EQU 	69
NVMADRU0 	EQU 	0
NVMADRU1 	EQU 	1
NVMADRU2 	EQU 	2
NVMADRU3 	EQU 	3
NVMADRU4 	EQU 	4
NVMADRU5 	EQU 	5
NVMCMD0 	EQU 	0
NVMCMD1 	EQU 	1
NVMCMD2 	EQU 	2
NVMCON0 	EQU 	64
NVMCON1 	EQU 	65
NVMDAT 	EQU 	70
NVMDAT0 	EQU 	0
NVMDAT1 	EQU 	1
NVMDAT10 	EQU 	2
NVMDAT11 	EQU 	3
NVMDAT12 	EQU 	4
NVMDAT13 	EQU 	5
NVMDAT14 	EQU 	6
NVMDAT15 	EQU 	7
NVMDAT2 	EQU 	2
NVMDAT3 	EQU 	3
NVMDAT4 	EQU 	4
NVMDAT5 	EQU 	5
NVMDAT6 	EQU 	6
NVMDAT7 	EQU 	7
NVMDAT8 	EQU 	0
NVMDAT9 	EQU 	1
NVMDATH 	EQU 	71
NVMDATL 	EQU 	70
NVMGO 	EQU 	0
NVMIE 	EQU 	4
NVMIF 	EQU 	4
NVMIP 	EQU 	4
NVMLOCK 	EQU 	66
NVMMD 	EQU 	2
NWDTWV 	EQU 	5
ODCA0 	EQU 	0
ODCA1 	EQU 	1
ODCA2 	EQU 	2
ODCA3 	EQU 	3
ODCA4 	EQU 	4
ODCA5 	EQU 	5
ODCA6 	EQU 	6
ODCA7 	EQU 	7
ODCB0 	EQU 	0
ODCB1 	EQU 	1
ODCB2 	EQU 	2
ODCB3 	EQU 	3
ODCB4 	EQU 	4
ODCB5 	EQU 	5
ODCB6 	EQU 	6
ODCB7 	EQU 	7
ODCC0 	EQU 	0
ODCC1 	EQU 	1
ODCC2 	EQU 	2
ODCC3 	EQU 	3
ODCC4 	EQU 	4
ODCC5 	EQU 	5
ODCC6 	EQU 	6
ODCD0 	EQU 	0
ODCD1 	EQU 	1
ODCD2 	EQU 	2
ODCD3 	EQU 	3
ODCD4 	EQU 	4
ODCD5 	EQU 	5
ODCD6 	EQU 	6
ODCD7 	EQU 	7
ODCE0 	EQU 	0
ODCE1 	EQU 	1
ODCE2 	EQU 	2
ODCONA 	EQU 	1026
ODCONB 	EQU 	1034
ODCONC 	EQU 	1042
ODCOND 	EQU 	1050
ODCONE 	EQU 	1058
OE0 	EQU 	4
OE1 	EQU 	5
OE2 	EQU 	6
OM 	EQU 	5
ON_ADCON0 	EQU 	7
ON_T1CON 	EQU 	0
ON_T2CON 	EQU 	7
ON_T3CON 	EQU 	0
ON_T4CON 	EQU 	7
ON_TU16ACON0 	EQU 	7
ON_TU16BCON0 	EQU 	7
ON_U1CON1 	EQU 	7
ON_U2CON1 	EQU 	7
OPOL 	EQU 	4
ORDY 	EQU 	4
ORS 	EQU 	1
OSCCON1 	EQU 	173
OSCCON1_NDIV0 	EQU 	0
OSCCON1_NDIV1 	EQU 	1
OSCCON1_NDIV2 	EQU 	2
OSCCON1_NDIV3 	EQU 	3
OSCCON1_NOSC0 	EQU 	4
OSCCON1_NOSC1 	EQU 	5
OSCCON1_NOSC2 	EQU 	6
OSCCON2 	EQU 	174
OSCCON2_CDIV0 	EQU 	0
OSCCON2_CDIV1 	EQU 	1
OSCCON2_CDIV2 	EQU 	2
OSCCON2_CDIV3 	EQU 	3
OSCCON2_COSC0 	EQU 	4
OSCCON2_COSC1 	EQU 	5
OSCCON2_COSC2 	EQU 	6
OSCCON3 	EQU 	175
OSCEN 	EQU 	179
OSCFREQ 	EQU 	177
OSCFRQ 	EQU 	177
OSCFRQ_FRQ0 	EQU 	0
OSCFRQ_FRQ1 	EQU 	1
OSCFRQ_FRQ2 	EQU 	2
OSCFRQ_FRQ3 	EQU 	3
OSCSTAT 	EQU 	178
OSCSTAT1 	EQU 	178
OSCTUNE 	EQU 	176
OSCTUNE_TUN0 	EQU 	0
OSCTUNE_TUN1 	EQU 	1
OSCTUNE_TUN2 	EQU 	2
OSCTUNE_TUN3 	EQU 	3
OSCTUNE_TUN4 	EQU 	4
OSCTUNE_TUN5 	EQU 	5
OSEN 	EQU 	6
OSFIE 	EQU 	2
OSFIF 	EQU 	2
OSFIP 	EQU 	2
OUT0 	EQU 	0
OUT1 	EQU 	1
OUT10 	EQU 	2
OUT11 	EQU 	3
OUT12 	EQU 	4
OUT13 	EQU 	5
OUT14 	EQU 	6
OUT15 	EQU 	7
OUT16 	EQU 	0
OUT17 	EQU 	1
OUT18 	EQU 	2
OUT19 	EQU 	3
OUT2 	EQU 	2
OUT20 	EQU 	4
OUT21 	EQU 	5
OUT22 	EQU 	6
OUT23 	EQU 	7
OUT24 	EQU 	0
OUT25 	EQU 	1
OUT26 	EQU 	2
OUT27 	EQU 	3
OUT28 	EQU 	4
OUT29 	EQU 	5
OUT3 	EQU 	3
OUT30 	EQU 	6
OUT31 	EQU 	7
OUT4 	EQU 	4
OUT5 	EQU 	5
OUT6 	EQU 	6
OUT7 	EQU 	7
OUT8 	EQU 	0
OUT9 	EQU 	1
OUTPS0 	EQU 	0
OUTPS1 	EQU 	1
OUTPS2 	EQU 	2
OUTPS3 	EQU 	3
OUTSTRING 	EQU 	4269
OUT_CCP1CON 	EQU 	5
OUT_CLCNCON 	EQU 	5
OUT_CM1CON0 	EQU 	6
OUT_CM2CON0 	EQU 	6
OUT_HLVDCON0 	EQU 	5
OUT_NCO1CON 	EQU 	5
OUT_T0CON0 	EQU 	5
OUT_ZCD1CON 	EQU 	5
OVRA 	EQU 	4
OVRB 	EQU 	5
OVRC 	EQU 	6
OVRD 	EQU 	7
OV_ADSTAT 	EQU 	7
OV_STATUS 	EQU 	3
OV_STATUS_CSHAD 	EQU 	3
OV_STATUS_SHAD 	EQU 	3
P 	EQU 	3
P1H 	EQU 	0
P2H 	EQU 	0
P3H 	EQU 	0
PAD 	EQU 	4228
PC1IE 	EQU 	2
PC1IF 	EQU 	2
PC2IE 	EQU 	2
PC2IF 	EQU 	2
PCH0 	EQU 	0
PCH1 	EQU 	1
PCH2 	EQU 	2
PCIE 	EQU 	2
PCIF 	EQU 	2
PCL 	EQU 	1273
PCLAT 	EQU 	1273
PCLAT0 	EQU 	0
PCLAT1 	EQU 	1
PCLAT10 	EQU 	16
PCLAT11 	EQU 	17
PCLAT12 	EQU 	18
PCLAT13 	EQU 	19
PCLAT14 	EQU 	20
PCLAT15 	EQU 	21
PCLAT16 	EQU 	22
PCLAT17 	EQU 	23
PCLAT18 	EQU 	24
PCLAT19 	EQU 	25
PCLAT2 	EQU 	2
PCLAT20 	EQU 	32
PCLAT3 	EQU 	3
PCLAT4 	EQU 	4
PCLAT5 	EQU 	5
PCLAT6 	EQU 	6
PCLAT7 	EQU 	7
PCLAT8 	EQU 	8
PCLAT9 	EQU 	9
PCLATH 	EQU 	1274
PCLATH_SHAD 	EQU 	890
PCLATU 	EQU 	1275
PCLATU_PCU0 	EQU 	0
PCLATU_PCU1 	EQU 	1
PCLATU_PCU2 	EQU 	2
PCLATU_PCU3 	EQU 	3
PCLATU_PCU4 	EQU 	4
PCLATU_SHAD 	EQU 	891
PCON0 	EQU 	1264
PCON1 	EQU 	1265
PCSC 	EQU 	1
PCU0 	EQU 	0
PCU1 	EQU 	1
PCU2 	EQU 	2
PCU3 	EQU 	3
PCU4 	EQU 	4
PD 	EQU 	5
PERIE 	EQU 	6
PERIF 	EQU 	6
PFM 	EQU 	0
PIE0 	EQU 	1194
PIE1 	EQU 	1195
PIE10 	EQU 	1204
PIE11 	EQU 	1205
PIE2 	EQU 	1196
PIE3 	EQU 	1197
PIE4 	EQU 	1198
PIE5 	EQU 	1199
PIE6 	EQU 	1200
PIE7 	EQU 	1201
PIE8 	EQU 	1202
PIE9 	EQU 	1203
PIN0 	EQU 	0
PIN1 	EQU 	1
PIN2 	EQU 	2
PIR0 	EQU 	1206
PIR1 	EQU 	1207
PIR10 	EQU 	1216
PIR11 	EQU 	1217
PIR2 	EQU 	1208
PIR3 	EQU 	1209
PIR4 	EQU 	1210
PIR5 	EQU 	1211
PIR6 	EQU 	1212
PIR7 	EQU 	1213
PIR8 	EQU 	1214
PIR9 	EQU 	1215
PLEN0 	EQU 	0
PLEN1 	EQU 	1
PLEN2 	EQU 	2
PLEN3 	EQU 	3
PLEN4 	EQU 	4
PLLEN 	EQU 	0
PLLR 	EQU 	0
PLUSW0 	EQU 	1259
PLUSW1 	EQU 	1251
PLUSW2 	EQU 	1243
PMD0 	EQU 	98
PMD1 	EQU 	99
PMD2 	EQU 	100
PMD3 	EQU 	101
PMD4 	EQU 	102
PMD5 	EQU 	103
PMD6 	EQU 	104
PMSYS0 	EQU 	4
PMSYS1 	EQU 	5
POL1 	EQU 	6
POL2 	EQU 	7
POLA 	EQU 	0
POLB 	EQU 	1
POLC 	EQU 	2
POLD 	EQU 	3
POL_CLCNPOL 	EQU 	7
POL_CM1CON0 	EQU 	4
POL_CM2CON0 	EQU 	4
POL_NCO1CON 	EQU 	4
POL_ZCD1CON 	EQU 	4
POR 	EQU 	1
PORT0 	EQU 	3
PORT1 	EQU 	4
PORT2 	EQU 	5
PORT3 	EQU 	6
PORT4 	EQU 	7
PORTA 	EQU 	336
PORTB 	EQU 	337
PORTC 	EQU 	338
PORTD 	EQU 	339
PORTE 	EQU 	340
PORTW 	EQU 	256
PORTWCLK 	EQU 	266
PORTWCLKPPS 	EQU 	639
PORTWCLKPPS0 	EQU 	0
PORTWCLKPPS1 	EQU 	1
PORTWCLKPPS2 	EQU 	2
PORTWCLKPPS3 	EQU 	3
PORTWCLKPPS4 	EQU 	4
PORTWCLKPPS5 	EQU 	5
PORTWCLKPPS6 	EQU 	6
PORTWCLKPPS7 	EQU 	7
PORTWCLKPPS_PIN0 	EQU 	0
PORTWCLKPPS_PIN1 	EQU 	1
PORTWCLKPPS_PIN2 	EQU 	2
PORTWCLKPPS_PORT0 	EQU 	3
PORTWCLKPPS_PORT1 	EQU 	4
PORTWCLKPPS_PORT2 	EQU 	5
PORTWCLKPPS_PORT3 	EQU 	6
PORTWCLKPPS_PORT4 	EQU 	7
PORTWCLK_CLK0 	EQU 	0
PORTWCLK_CLK1 	EQU 	1
PORTWCLK_CLK2 	EQU 	2
PORTWCLK_CLK3 	EQU 	3
PORTWCLK_CLK4 	EQU 	4
PORTWCON 	EQU 	268
PORTWDF 	EQU 	267
PORTWIN0 	EQU 	258
PORTWIN0PPS 	EQU 	637
PORTWIN0PPS0 	EQU 	0
PORTWIN0PPS1 	EQU 	1
PORTWIN0PPS2 	EQU 	2
PORTWIN0PPS3 	EQU 	3
PORTWIN0PPS4 	EQU 	4
PORTWIN0PPS5 	EQU 	5
PORTWIN0PPS6 	EQU 	6
PORTWIN0PPS7 	EQU 	7
PORTWIN0PPS_PIN0 	EQU 	0
PORTWIN0PPS_PIN1 	EQU 	1
PORTWIN0PPS_PIN2 	EQU 	2
PORTWIN0PPS_PORT0 	EQU 	3
PORTWIN0PPS_PORT1 	EQU 	4
PORTWIN0PPS_PORT2 	EQU 	5
PORTWIN0PPS_PORT3 	EQU 	6
PORTWIN0PPS_PORT4 	EQU 	7
PORTWIN0_IN0 	EQU 	0
PORTWIN0_IN1 	EQU 	1
PORTWIN0_IN2 	EQU 	2
PORTWIN0_IN3 	EQU 	3
PORTWIN1 	EQU 	259
PORTWIN1PPS 	EQU 	638
PORTWIN1PPS0 	EQU 	0
PORTWIN1PPS1 	EQU 	1
PORTWIN1PPS2 	EQU 	2
PORTWIN1PPS3 	EQU 	3
PORTWIN1PPS4 	EQU 	4
PORTWIN1PPS5 	EQU 	5
PORTWIN1PPS6 	EQU 	6
PORTWIN1PPS7 	EQU 	7
PORTWIN1PPS_PIN0 	EQU 	0
PORTWIN1PPS_PIN1 	EQU 	1
PORTWIN1PPS_PIN2 	EQU 	2
PORTWIN1PPS_PORT0 	EQU 	3
PORTWIN1PPS_PORT1 	EQU 	4
PORTWIN1PPS_PORT2 	EQU 	5
PORTWIN1PPS_PORT3 	EQU 	6
PORTWIN1PPS_PORT4 	EQU 	7
PORTWIN2 	EQU 	260
PORTWIN2_IN0 	EQU 	0
PORTWIN2_IN1 	EQU 	1
PORTWIN2_IN2 	EQU 	2
PORTWIN2_IN3 	EQU 	3
PORTWIN3 	EQU 	261
PORTWIN3_IN0 	EQU 	0
PORTWIN3_IN1 	EQU 	1
PORTWIN3_IN2 	EQU 	2
PORTWIN3_IN3 	EQU 	3
PORTWIN4 	EQU 	262
PORTWIN4_IN0 	EQU 	0
PORTWIN4_IN1 	EQU 	1
PORTWIN4_IN2 	EQU 	2
PORTWIN4_IN3 	EQU 	3
PORTWIN5 	EQU 	263
PORTWIN5_IN0 	EQU 	0
PORTWIN5_IN1 	EQU 	1
PORTWIN5_IN2 	EQU 	2
PORTWIN5_IN3 	EQU 	3
PORTWIN6 	EQU 	264
PORTWIN6_IN0 	EQU 	0
PORTWIN6_IN1 	EQU 	1
PORTWIN6_IN2 	EQU 	2
PORTWIN6_IN3 	EQU 	3
PORTWIN7 	EQU 	265
PORTWIN7_IN0 	EQU 	0
PORTWIN7_IN1 	EQU 	1
PORTWIN7_IN2 	EQU 	2
PORTWIN7_IN3 	EQU 	3
PORTWMD 	EQU 	0
POSCHARX 	EQU 	1431
POSCHARX_H 	EQU 	1432
POSCHARY 	EQU 	1433
POSTDEC0 	EQU 	1261
POSTDEC1 	EQU 	1253
POSTDEC2 	EQU 	1245
POSTINC0 	EQU 	1262
POSTINC1 	EQU 	1254
POSTINC2 	EQU 	1246
PPEN 	EQU 	3
PPOL 	EQU 	7
PPSLOCK 	EQU 	512
PPSLOCKED 	EQU 	0
PR0 	EQU 	793
PR0_DMA1PR 	EQU 	0
PR0_DMA2PR 	EQU 	0
PR0_DMA3PR 	EQU 	0
PR0_DMA4PR 	EQU 	0
PR0_ISRPR 	EQU 	0
PR0_MAINPR 	EQU 	0
PR0_SCANPR 	EQU 	0
PR1 	EQU 	791
PR1_DMA1PR 	EQU 	1
PR1_DMA2PR 	EQU 	1
PR1_DMA3PR 	EQU 	1
PR1_DMA4PR 	EQU 	1
PR1_ISRPR 	EQU 	1
PR1_MAINPR 	EQU 	1
PR1_SCANPR 	EQU 	1
PR2 	EQU 	798
PR2_DMA1PR 	EQU 	2
PR2_DMA2PR 	EQU 	2
PR2_DMA3PR 	EQU 	2
PR2_DMA4PR 	EQU 	2
PR2_ISRPR 	EQU 	2
PR2_MAINPR 	EQU 	2
PR2_SCANPR 	EQU 	2
PR3 	EQU 	808
PR4 	EQU 	811
PRE0 	EQU 	0
PRE1 	EQU 	1
PRE10 	EQU 	2
PRE11 	EQU 	3
PRE12 	EQU 	4
PRE2 	EQU 	2
PRE3 	EQU 	3
PRE4 	EQU 	4
PRE5 	EQU 	5
PRE6 	EQU 	6
PRE7 	EQU 	7
PRE8 	EQU 	0
PRE9 	EQU 	1
PREF0 	EQU 	0
PREF1 	EQU 	1
PREF2 	EQU 	2
PREF3 	EQU 	3
PREINC0 	EQU 	1260
PREINC1 	EQU 	1252
PREINC2 	EQU 	1244
PREV0 	EQU 	0
PREV1 	EQU 	1
PREV10 	EQU 	2
PREV11 	EQU 	3
PREV12 	EQU 	4
PREV13 	EQU 	5
PREV14 	EQU 	6
PREV15 	EQU 	7
PREV2 	EQU 	2
PREV3 	EQU 	3
PREV4 	EQU 	4
PREV5 	EQU 	5
PREV6 	EQU 	6
PREV7 	EQU 	7
PREV8 	EQU 	0
PREV9 	EQU 	1
PRH0 	EQU 	0
PRH1 	EQU 	1
PRH2 	EQU 	2
PRH3 	EQU 	3
PRH4 	EQU 	4
PRH5 	EQU 	5
PRH6 	EQU 	6
PRH7 	EQU 	7
PRIE 	EQU 	2
PRIF 	EQU 	2
PRINTLOCX 	EQU 	1434
PRINTLOCX_H 	EQU 	1435
PRINTLOCY 	EQU 	1436
PRINTLOCY_H 	EQU 	1437
PRL0 	EQU 	0
PRL1 	EQU 	1
PRL2 	EQU 	2
PRL3 	EQU 	3
PRL4 	EQU 	4
PRL5 	EQU 	5
PRL6 	EQU 	6
PRL7 	EQU 	7
PRLOCK 	EQU 	180
PRLOCKED 	EQU 	0
PROD 	EQU 	1267
PROD0 	EQU 	0
PROD1 	EQU 	1
PROD10 	EQU 	16
PROD11 	EQU 	17
PROD12 	EQU 	18
PROD13 	EQU 	19
PROD14 	EQU 	20
PROD15 	EQU 	21
PROD2 	EQU 	2
PROD3 	EQU 	3
PROD4 	EQU 	4
PROD5 	EQU 	5
PROD6 	EQU 	6
PROD7 	EQU 	7
PROD8 	EQU 	8
PROD9 	EQU 	9
PRODH 	EQU 	1268
PRODH_SHAD 	EQU 	899
PRODL 	EQU 	1267
PRODL_SHAD 	EQU 	898
PRODSH 	EQU 	898
PROD_PROD0 	EQU 	0
PROD_PROD1 	EQU 	1
PROD_PROD10 	EQU 	16
PROD_PROD11 	EQU 	17
PROD_PROD12 	EQU 	18
PROD_PROD13 	EQU 	19
PROD_PROD14 	EQU 	20
PROD_PROD15 	EQU 	21
PROD_PROD2 	EQU 	2
PROD_PROD3 	EQU 	3
PROD_PROD4 	EQU 	4
PROD_PROD5 	EQU 	5
PROD_PROD6 	EQU 	6
PROD_PROD7 	EQU 	7
PROD_PROD8 	EQU 	8
PROD_PROD9 	EQU 	9
PRT0 	EQU 	0
PRT1 	EQU 	1
PRT2 	EQU 	2
PRT3 	EQU 	3
PRT4 	EQU 	4
PRT5 	EQU 	5
PRT6 	EQU 	6
PRT7 	EQU 	7
PS0 	EQU 	0
PS1 	EQU 	1
PS2 	EQU 	2
PS3 	EQU 	3
PS4 	EQU 	4
PS5 	EQU 	5
PS6 	EQU 	6
PS7 	EQU 	7
PSCNT0 	EQU 	0
PSCNT1 	EQU 	1
PSCNT10 	EQU 	2
PSCNT11 	EQU 	3
PSCNT12 	EQU 	4
PSCNT13 	EQU 	5
PSCNT14 	EQU 	6
PSCNT15 	EQU 	7
PSCNT16 	EQU 	0
PSCNT17 	EQU 	1
PSCNT2 	EQU 	2
PSCNT3 	EQU 	3
PSCNT4 	EQU 	4
PSCNT5 	EQU 	5
PSCNT6 	EQU 	6
PSCNT7 	EQU 	7
PSCNT8 	EQU 	0
PSCNT9 	EQU 	1
PSET_SSD1309 	EQU 	6672
PSIS 	EQU 	7
PSS0_DAC1CON 	EQU 	2
PSS1_DAC1CON 	EQU 	3
PSYNC 	EQU 	7
PU0 	EQU 	4
PU1 	EQU 	5
PWDF0 	EQU 	0
PWDF1 	EQU 	1
PWDF2 	EQU 	2
PWDF3 	EQU 	3
PWDF4 	EQU 	4
PWDF5 	EQU 	5
PWDF6 	EQU 	6
PWDF7 	EQU 	7
PWM1CLK 	EQU 	1121
PWM1CON 	EQU 	1129
PWM1CON_EN 	EQU 	7
PWM1CPRE 	EQU 	1125
PWM1ERS 	EQU 	1120
PWM1ERSPPS 	EQU 	593
PWM1ERSPPS0 	EQU 	0
PWM1ERSPPS1 	EQU 	1
PWM1ERSPPS2 	EQU 	2
PWM1ERSPPS3 	EQU 	3
PWM1ERSPPS4 	EQU 	4
PWM1ERSPPS5 	EQU 	5
PWM1ERSPPS6 	EQU 	6
PWM1ERSPPS7 	EQU 	7
PWM1ERSPPS_PIN0 	EQU 	0
PWM1ERSPPS_PIN1 	EQU 	1
PWM1ERSPPS_PIN2 	EQU 	2
PWM1ERSPPS_PORT0 	EQU 	3
PWM1ERSPPS_PORT1 	EQU 	4
PWM1ERSPPS_PORT2 	EQU 	5
PWM1ERSPPS_PORT3 	EQU 	6
PWM1ERSPPS_PORT4 	EQU 	7
PWM1GIE 	EQU 	1128
PWM1GIR 	EQU 	1127
PWM1IE 	EQU 	5
PWM1IF 	EQU 	5
PWM1IP 	EQU 	5
PWM1LDS 	EQU 	1122
PWM1MD 	EQU 	0
PWM1PIE 	EQU 	4
PWM1PIF 	EQU 	4
PWM1PIP 	EQU 	4
PWM1PIPOS 	EQU 	1126
PWM1PR 	EQU 	1123
PWM1PRH 	EQU 	1124
PWM1PRL 	EQU 	1123
PWM1S1CFG 	EQU 	1130
PWM1S1CFG_MODE0 	EQU 	0
PWM1S1CFG_MODE1 	EQU 	1
PWM1S1CFG_MODE2 	EQU 	2
PWM1S1CFG_PWM1S1CFG_MODE0 	EQU 	0
PWM1S1CFG_PWM1S1CFG_MODE1 	EQU 	1
PWM1S1CFG_PWM1S1CFG_MODE2 	EQU 	2
PWM1S1P1 	EQU 	1131
PWM1S1P1H 	EQU 	1132
PWM1S1P1L 	EQU 	1131
PWM1S1P2 	EQU 	1133
PWM1S1P2H 	EQU 	1134
PWM1S1P2L 	EQU 	1133
PWM2CLK 	EQU 	1136
PWM2CLK_CLK0 	EQU 	0
PWM2CLK_CLK1 	EQU 	1
PWM2CLK_CLK2 	EQU 	2
PWM2CLK_CLK3 	EQU 	3
PWM2CLK_CLK4 	EQU 	4
PWM2CON 	EQU 	1144
PWM2CON_EN 	EQU 	7
PWM2CON_ERSNOW 	EQU 	0
PWM2CON_ERSPOL 	EQU 	1
PWM2CPRE 	EQU 	1140
PWM2ERS 	EQU 	1135
PWM2ERSPPS 	EQU 	594
PWM2ERSPPS0 	EQU 	0
PWM2ERSPPS1 	EQU 	1
PWM2ERSPPS2 	EQU 	2
PWM2ERSPPS3 	EQU 	3
PWM2ERSPPS4 	EQU 	4
PWM2ERSPPS5 	EQU 	5
PWM2ERSPPS6 	EQU 	6
PWM2ERSPPS7 	EQU 	7
PWM2ERSPPS_PIN0 	EQU 	0
PWM2ERSPPS_PIN1 	EQU 	1
PWM2ERSPPS_PIN2 	EQU 	2
PWM2ERSPPS_PORT0 	EQU 	3
PWM2ERSPPS_PORT1 	EQU 	4
PWM2ERSPPS_PORT2 	EQU 	5
PWM2ERSPPS_PORT3 	EQU 	6
PWM2ERSPPS_PORT4 	EQU 	7
PWM2ERS_ERS0 	EQU 	0
PWM2ERS_ERS1 	EQU 	1
PWM2ERS_ERS2 	EQU 	2
PWM2ERS_ERS3 	EQU 	3
PWM2ERS_ERS4 	EQU 	4
PWM2ERS_ERS5 	EQU 	5
PWM2GIE 	EQU 	1143
PWM2GIE_S1P1IE 	EQU 	0
PWM2GIE_S1P2IE 	EQU 	1
PWM2GIR 	EQU 	1142
PWM2GIR_S1P1IF 	EQU 	0
PWM2GIR_S1P2IF 	EQU 	1
PWM2IE 	EQU 	7
PWM2IF 	EQU 	7
PWM2IP 	EQU 	7
PWM2LDS 	EQU 	1137
PWM2LDS_LDS0 	EQU 	0
PWM2LDS_LDS1 	EQU 	1
PWM2LDS_LDS2 	EQU 	2
PWM2LDS_LDS3 	EQU 	3
PWM2MD 	EQU 	1
PWM2PIE 	EQU 	6
PWM2PIF 	EQU 	6
PWM2PIP 	EQU 	6
PWM2PIPOS 	EQU 	1141
PWM2PR 	EQU 	1138
PWM2PRH 	EQU 	1139
PWM2PRL 	EQU 	1138
PWM2S1CFG 	EQU 	1145
PWM2S1CFG_MODE0 	EQU 	0
PWM2S1CFG_MODE1 	EQU 	1
PWM2S1CFG_MODE2 	EQU 	2
PWM2S1CFG_POL1 	EQU 	6
PWM2S1CFG_POL2 	EQU 	7
PWM2S1CFG_PPEN 	EQU 	3
PWM2S1CFG_PWM2S1CFG_MODE0 	EQU 	0
PWM2S1CFG_PWM2S1CFG_MODE1 	EQU 	1
PWM2S1CFG_PWM2S1CFG_MODE2 	EQU 	2
PWM2S1P1 	EQU 	1146
PWM2S1P1H 	EQU 	1147
PWM2S1P1L 	EQU 	1146
PWM2S1P2 	EQU 	1148
PWM2S1P2H 	EQU 	1149
PWM2S1P2L 	EQU 	1148
PWMEN 	EQU 	1178
PWMIN0PPS 	EQU 	599
PWMIN0PPS0 	EQU 	0
PWMIN0PPS1 	EQU 	1
PWMIN0PPS2 	EQU 	2
PWMIN0PPS3 	EQU 	3
PWMIN0PPS4 	EQU 	4
PWMIN0PPS5 	EQU 	5
PWMIN0PPS6 	EQU 	6
PWMIN0PPS7 	EQU 	7
PWMIN0PPS_PIN0 	EQU 	0
PWMIN0PPS_PIN1 	EQU 	1
PWMIN0PPS_PIN2 	EQU 	2
PWMIN0PPS_PORT0 	EQU 	3
PWMIN0PPS_PORT1 	EQU 	4
PWMIN0PPS_PORT2 	EQU 	5
PWMIN0PPS_PORT3 	EQU 	6
PWMIN0PPS_PORT4 	EQU 	7
PWMIN1PPS 	EQU 	600
PWMIN1PPS0 	EQU 	0
PWMIN1PPS1 	EQU 	1
PWMIN1PPS2 	EQU 	2
PWMIN1PPS3 	EQU 	3
PWMIN1PPS4 	EQU 	4
PWMIN1PPS5 	EQU 	5
PWMIN1PPS6 	EQU 	6
PWMIN1PPS7 	EQU 	7
PWMIN1PPS_PIN0 	EQU 	0
PWMIN1PPS_PIN1 	EQU 	1
PWMIN1PPS_PIN2 	EQU 	2
PWMIN1PPS_PORT0 	EQU 	3
PWMIN1PPS_PORT1 	EQU 	4
PWMIN1PPS_PORT2 	EQU 	5
PWMIN1PPS_PORT3 	EQU 	6
PWMIN1PPS_PORT4 	EQU 	7
PWMLOAD 	EQU 	1177
PWS0 	EQU 	5
PWS1 	EQU 	6
PWS2 	EQU 	7
R 	EQU 	4
RA0 	EQU 	0
RA0PPS 	EQU 	513
RA0PPS0 	EQU 	0
RA0PPS1 	EQU 	1
RA0PPS2 	EQU 	2
RA0PPS3 	EQU 	3
RA0PPS4 	EQU 	4
RA0PPS5 	EQU 	5
RA1 	EQU 	1
RA1PPS 	EQU 	514
RA1PPS0 	EQU 	0
RA1PPS1 	EQU 	1
RA1PPS2 	EQU 	2
RA1PPS3 	EQU 	3
RA1PPS4 	EQU 	4
RA1PPS5 	EQU 	5
RA2 	EQU 	2
RA2PPS 	EQU 	515
RA2PPS0 	EQU 	0
RA2PPS1 	EQU 	1
RA2PPS2 	EQU 	2
RA2PPS3 	EQU 	3
RA2PPS4 	EQU 	4
RA2PPS5 	EQU 	5
RA3 	EQU 	3
RA3PPS 	EQU 	516
RA3PPS0 	EQU 	0
RA3PPS1 	EQU 	1
RA3PPS2 	EQU 	2
RA3PPS3 	EQU 	3
RA3PPS4 	EQU 	4
RA3PPS5 	EQU 	5
RA4 	EQU 	4
RA4PPS 	EQU 	517
RA4PPS0 	EQU 	0
RA4PPS1 	EQU 	1
RA4PPS2 	EQU 	2
RA4PPS3 	EQU 	3
RA4PPS4 	EQU 	4
RA4PPS5 	EQU 	5
RA5 	EQU 	5
RA5PPS 	EQU 	518
RA5PPS0 	EQU 	0
RA5PPS1 	EQU 	1
RA5PPS2 	EQU 	2
RA5PPS3 	EQU 	3
RA5PPS4 	EQU 	4
RA5PPS5 	EQU 	5
RA6 	EQU 	6
RA6PPS 	EQU 	519
RA6PPS0 	EQU 	0
RA6PPS1 	EQU 	1
RA6PPS2 	EQU 	2
RA6PPS3 	EQU 	3
RA6PPS4 	EQU 	4
RA6PPS5 	EQU 	5
RA7 	EQU 	7
RA7PPS 	EQU 	520
RA7PPS0 	EQU 	0
RA7PPS1 	EQU 	1
RA7PPS2 	EQU 	2
RA7PPS3 	EQU 	3
RA7PPS4 	EQU 	4
RA7PPS5 	EQU 	5
RADIUSERR 	EQU 	1438
RADIUSERR_H 	EQU 	1439
RB0 	EQU 	0
RB0PPS 	EQU 	521
RB0PPS0 	EQU 	0
RB0PPS1 	EQU 	1
RB0PPS2 	EQU 	2
RB0PPS3 	EQU 	3
RB0PPS4 	EQU 	4
RB0PPS5 	EQU 	5
RB1 	EQU 	1
RB1I2C 	EQU 	646
RB1I2C_I2CPU0 	EQU 	4
RB1I2C_I2CPU1 	EQU 	5
RB1I2C_I2CSLEW0 	EQU 	6
RB1I2C_I2CSLEW1 	EQU 	7
RB1I2C_I2CTH0 	EQU 	0
RB1I2C_I2CTH1 	EQU 	1
RB1I2C_PU0 	EQU 	4
RB1I2C_PU1 	EQU 	5
RB1I2C_SLEW0 	EQU 	6
RB1I2C_SLEW1 	EQU 	7
RB1I2C_TH0 	EQU 	0
RB1I2C_TH1 	EQU 	1
RB1PPS 	EQU 	522
RB1PPS0 	EQU 	0
RB1PPS1 	EQU 	1
RB1PPS2 	EQU 	2
RB1PPS3 	EQU 	3
RB1PPS4 	EQU 	4
RB1PPS5 	EQU 	5
RB2 	EQU 	2
RB2I2C 	EQU 	647
RB2I2C_I2CPU0 	EQU 	4
RB2I2C_I2CPU1 	EQU 	5
RB2I2C_I2CSLEW0 	EQU 	6
RB2I2C_I2CSLEW1 	EQU 	7
RB2I2C_I2CTH0 	EQU 	0
RB2I2C_I2CTH1 	EQU 	1
RB2I2C_PU0 	EQU 	4
RB2I2C_PU1 	EQU 	5
RB2I2C_RB2I2C_I2CPU0 	EQU 	4
RB2I2C_RB2I2C_I2CPU1 	EQU 	5
RB2I2C_RB2I2C_I2CSLEW0 	EQU 	6
RB2I2C_RB2I2C_I2CSLEW1 	EQU 	7
RB2I2C_RB2I2C_I2CTH0 	EQU 	0
RB2I2C_RB2I2C_I2CTH1 	EQU 	1
RB2I2C_RB2I2C_PU0 	EQU 	4
RB2I2C_RB2I2C_PU1 	EQU 	5
RB2I2C_RB2I2C_SLEW0 	EQU 	6
RB2I2C_RB2I2C_SLEW1 	EQU 	7
RB2I2C_RB2I2C_TH0 	EQU 	0
RB2I2C_RB2I2C_TH1 	EQU 	1
RB2I2C_SLEW0 	EQU 	6
RB2I2C_SLEW1 	EQU 	7
RB2I2C_TH0 	EQU 	0
RB2I2C_TH1 	EQU 	1
RB2PPS 	EQU 	523
RB2PPS0 	EQU 	0
RB2PPS1 	EQU 	1
RB2PPS2 	EQU 	2
RB2PPS3 	EQU 	3
RB2PPS4 	EQU 	4
RB2PPS5 	EQU 	5
RB3 	EQU 	3
RB3PPS 	EQU 	524
RB3PPS0 	EQU 	0
RB3PPS1 	EQU 	1
RB3PPS2 	EQU 	2
RB3PPS3 	EQU 	3
RB3PPS4 	EQU 	4
RB3PPS5 	EQU 	5
RB4 	EQU 	4
RB4PPS 	EQU 	525
RB4PPS0 	EQU 	0
RB4PPS1 	EQU 	1
RB4PPS2 	EQU 	2
RB4PPS3 	EQU 	3
RB4PPS4 	EQU 	4
RB4PPS5 	EQU 	5
RB5 	EQU 	5
RB5PPS 	EQU 	526
RB5PPS0 	EQU 	0
RB5PPS1 	EQU 	1
RB5PPS2 	EQU 	2
RB5PPS3 	EQU 	3
RB5PPS4 	EQU 	4
RB5PPS5 	EQU 	5
RB6 	EQU 	6
RB6PPS 	EQU 	527
RB6PPS0 	EQU 	0
RB6PPS1 	EQU 	1
RB6PPS2 	EQU 	2
RB6PPS3 	EQU 	3
RB6PPS4 	EQU 	4
RB6PPS5 	EQU 	5
RB7 	EQU 	7
RB7PPS 	EQU 	528
RB7PPS0 	EQU 	0
RB7PPS1 	EQU 	1
RB7PPS2 	EQU 	2
RB7PPS3 	EQU 	3
RB7PPS4 	EQU 	4
RB7PPS5 	EQU 	5
RC0 	EQU 	0
RC0PPS 	EQU 	529
RC0PPS0 	EQU 	0
RC0PPS1 	EQU 	1
RC0PPS2 	EQU 	2
RC0PPS3 	EQU 	3
RC0PPS4 	EQU 	4
RC0PPS5 	EQU 	5
RC1 	EQU 	1
RC1PPS 	EQU 	530
RC1PPS0 	EQU 	0
RC1PPS1 	EQU 	1
RC1PPS2 	EQU 	2
RC1PPS3 	EQU 	3
RC1PPS4 	EQU 	4
RC1PPS5 	EQU 	5
RC2 	EQU 	2
RC2PPS 	EQU 	531
RC2PPS0 	EQU 	0
RC2PPS1 	EQU 	1
RC2PPS2 	EQU 	2
RC2PPS3 	EQU 	3
RC2PPS4 	EQU 	4
RC2PPS5 	EQU 	5
RC3 	EQU 	3
RC3I2C 	EQU 	644
RC3I2C_I2CSLEW0 	EQU 	6
RC3I2C_I2CSLEW1 	EQU 	7
RC3I2C_I2CTH0 	EQU 	0
RC3I2C_I2CTH1 	EQU 	1
RC3I2C_RC3I2C_I2CSLEW0 	EQU 	6
RC3I2C_RC3I2C_I2CSLEW1 	EQU 	7
RC3I2C_RC3I2C_I2CTH0 	EQU 	0
RC3I2C_RC3I2C_I2CTH1 	EQU 	1
RC3I2C_RC3I2C_SLEW0 	EQU 	6
RC3I2C_RC3I2C_SLEW1 	EQU 	7
RC3I2C_RC3I2C_TH0 	EQU 	0
RC3I2C_RC3I2C_TH1 	EQU 	1
RC3I2C_SLEW0 	EQU 	6
RC3I2C_SLEW1 	EQU 	7
RC3I2C_TH0 	EQU 	0
RC3I2C_TH1 	EQU 	1
RC3PPS 	EQU 	532
RC3PPS0 	EQU 	0
RC3PPS1 	EQU 	1
RC3PPS2 	EQU 	2
RC3PPS3 	EQU 	3
RC3PPS4 	EQU 	4
RC3PPS5 	EQU 	5
RC4 	EQU 	4
RC4I2C 	EQU 	645
RC4I2C_I2CSLEW0 	EQU 	6
RC4I2C_I2CSLEW1 	EQU 	7
RC4I2C_I2CTH0 	EQU 	0
RC4I2C_I2CTH1 	EQU 	1
RC4I2C_RC4I2C_I2CSLEW0 	EQU 	6
RC4I2C_RC4I2C_I2CSLEW1 	EQU 	7
RC4I2C_RC4I2C_I2CTH0 	EQU 	0
RC4I2C_RC4I2C_I2CTH1 	EQU 	1
RC4I2C_RC4I2C_SLEW0 	EQU 	6
RC4I2C_RC4I2C_SLEW1 	EQU 	7
RC4I2C_RC4I2C_TH0 	EQU 	0
RC4I2C_RC4I2C_TH1 	EQU 	1
RC4I2C_SLEW0 	EQU 	6
RC4I2C_SLEW1 	EQU 	7
RC4I2C_TH0 	EQU 	0
RC4I2C_TH1 	EQU 	1
RC4PPS 	EQU 	533
RC4PPS0 	EQU 	0
RC4PPS1 	EQU 	1
RC4PPS2 	EQU 	2
RC4PPS3 	EQU 	3
RC4PPS4 	EQU 	4
RC4PPS5 	EQU 	5
RC5 	EQU 	5
RC5PPS 	EQU 	534
RC5PPS0 	EQU 	0
RC5PPS1 	EQU 	1
RC5PPS2 	EQU 	2
RC5PPS3 	EQU 	3
RC5PPS4 	EQU 	4
RC5PPS5 	EQU 	5
RC6 	EQU 	6
RC6PPS 	EQU 	535
RC6PPS0 	EQU 	0
RC6PPS1 	EQU 	1
RC6PPS2 	EQU 	2
RC6PPS3 	EQU 	3
RC6PPS4 	EQU 	4
RC6PPS5 	EQU 	5
RC7 	EQU 	7
RC7PPS 	EQU 	536
RC7PPS0 	EQU 	0
RC7PPS1 	EQU 	1
RC7PPS2 	EQU 	2
RC7PPS3 	EQU 	3
RC7PPS4 	EQU 	4
RC7PPS5 	EQU 	5
RCIDL 	EQU 	3
RD0 	EQU 	0
RD0I2C 	EQU 	642
RD0I2C_I2CSLEW0 	EQU 	6
RD0I2C_I2CSLEW1 	EQU 	7
RD0I2C_I2CTH0 	EQU 	0
RD0I2C_I2CTH1 	EQU 	1
RD0I2C_RD0I2C_I2CSLEW0 	EQU 	6
RD0I2C_RD0I2C_I2CSLEW1 	EQU 	7
RD0I2C_RD0I2C_I2CTH0 	EQU 	0
RD0I2C_RD0I2C_I2CTH1 	EQU 	1
RD0I2C_RD0I2C_SLEW0 	EQU 	6
RD0I2C_RD0I2C_SLEW1 	EQU 	7
RD0I2C_RD0I2C_TH0 	EQU 	0
RD0I2C_RD0I2C_TH1 	EQU 	1
RD0I2C_SLEW0 	EQU 	6
RD0I2C_SLEW1 	EQU 	7
RD0I2C_TH0 	EQU 	0
RD0I2C_TH1 	EQU 	1
RD0PPS 	EQU 	537
RD0PPS0 	EQU 	0
RD0PPS1 	EQU 	1
RD0PPS2 	EQU 	2
RD0PPS3 	EQU 	3
RD0PPS4 	EQU 	4
RD0PPS5 	EQU 	5
RD1 	EQU 	1
RD16 	EQU 	1
RD161 	EQU 	1
RD163 	EQU 	1
RD1I2C 	EQU 	643
RD1I2C_I2CSLEW0 	EQU 	6
RD1I2C_I2CSLEW1 	EQU 	7
RD1I2C_I2CTH0 	EQU 	0
RD1I2C_I2CTH1 	EQU 	1
RD1I2C_RD1I2C_I2CSLEW0 	EQU 	6
RD1I2C_RD1I2C_I2CSLEW1 	EQU 	7
RD1I2C_RD1I2C_I2CTH0 	EQU 	0
RD1I2C_RD1I2C_I2CTH1 	EQU 	1
RD1I2C_RD1I2C_SLEW0 	EQU 	6
RD1I2C_RD1I2C_SLEW1 	EQU 	7
RD1I2C_RD1I2C_TH0 	EQU 	0
RD1I2C_RD1I2C_TH1 	EQU 	1
RD1I2C_SLEW0 	EQU 	6
RD1I2C_SLEW1 	EQU 	7
RD1I2C_TH0 	EQU 	0
RD1I2C_TH1 	EQU 	1
RD1PPS 	EQU 	538
RD1PPS0 	EQU 	0
RD1PPS1 	EQU 	1
RD1PPS2 	EQU 	2
RD1PPS3 	EQU 	3
RD1PPS4 	EQU 	4
RD1PPS5 	EQU 	5
RD2 	EQU 	2
RD2PPS 	EQU 	539
RD2PPS0 	EQU 	0
RD2PPS1 	EQU 	1
RD2PPS2 	EQU 	2
RD2PPS3 	EQU 	3
RD2PPS4 	EQU 	4
RD2PPS5 	EQU 	5
RD3 	EQU 	3
RD3PPS 	EQU 	540
RD3PPS0 	EQU 	0
RD3PPS1 	EQU 	1
RD3PPS2 	EQU 	2
RD3PPS3 	EQU 	3
RD3PPS4 	EQU 	4
RD3PPS5 	EQU 	5
RD4 	EQU 	4
RD4PPS 	EQU 	541
RD4PPS0 	EQU 	0
RD4PPS1 	EQU 	1
RD4PPS2 	EQU 	2
RD4PPS3 	EQU 	3
RD4PPS4 	EQU 	4
RD4PPS5 	EQU 	5
RD5 	EQU 	5
RD5PPS 	EQU 	542
RD5PPS0 	EQU 	0
RD5PPS1 	EQU 	1
RD5PPS2 	EQU 	2
RD5PPS3 	EQU 	3
RD5PPS4 	EQU 	4
RD5PPS5 	EQU 	5
RD6 	EQU 	6
RD6PPS 	EQU 	543
RD6PPS0 	EQU 	0
RD6PPS1 	EQU 	1
RD6PPS2 	EQU 	2
RD6PPS3 	EQU 	3
RD6PPS4 	EQU 	4
RD6PPS5 	EQU 	5
RD7 	EQU 	7
RD7PPS 	EQU 	544
RD7PPS0 	EQU 	0
RD7PPS1 	EQU 	1
RD7PPS2 	EQU 	2
RD7PPS3 	EQU 	3
RD7PPS4 	EQU 	4
RD7PPS5 	EQU 	5
RDSEL 	EQU 	3
RDY_CM1CON1 	EQU 	7
RDY_CM2CON1 	EQU 	7
RDY_FVRCON 	EQU 	6
RDY_HLVDCON0 	EQU 	4
RDY_VDDIO2STAT 	EQU 	5
RE0 	EQU 	0
RE0PPS 	EQU 	545
RE0PPS0 	EQU 	0
RE0PPS1 	EQU 	1
RE0PPS2 	EQU 	2
RE0PPS3 	EQU 	3
RE0PPS4 	EQU 	4
RE0PPS5 	EQU 	5
RE1 	EQU 	1
RE1PPS 	EQU 	546
RE1PPS0 	EQU 	0
RE1PPS1 	EQU 	1
RE1PPS2 	EQU 	2
RE1PPS3 	EQU 	3
RE1PPS4 	EQU 	4
RE1PPS5 	EQU 	5
RE2 	EQU 	2
RE2PPS 	EQU 	547
RE2PPS0 	EQU 	0
RE2PPS1 	EQU 	1
RE2PPS2 	EQU 	2
RE2PPS3 	EQU 	3
RE2PPS4 	EQU 	4
RE2PPS5 	EQU 	5
RE3 	EQU 	3
READ 	EQU 	4
READAD 	EQU 	1440
REN 	EQU 	6
RES0 	EQU 	0
RES1 	EQU 	1
RES10 	EQU 	2
RES11 	EQU 	3
RES12 	EQU 	4
RES13 	EQU 	5
RES14 	EQU 	6
RES15 	EQU 	7
RES2 	EQU 	2
RES3 	EQU 	3
RES4 	EQU 	4
RES5 	EQU 	5
RES6 	EQU 	6
RES7 	EQU 	7
RES8 	EQU 	0
RES9 	EQU 	1
RESET0 	EQU 	2
RESET1 	EQU 	3
RI 	EQU 	2
RMCLR 	EQU 	3
ROI 	EQU 	5
ROW 	EQU 	1441
RPT0 	EQU 	0
RPT1 	EQU 	1
RPT2 	EQU 	2
RPT3 	EQU 	3
RPT4 	EQU 	4
RPT5 	EQU 	5
RPT6 	EQU 	6
RPT7 	EQU 	7
RSC1IE 	EQU 	1
RSC1IF 	EQU 	1
RSC2IE 	EQU 	1
RSC2IF 	EQU 	1
RSCIE 	EQU 	1
RSCIF 	EQU 	1
RSEL0 	EQU 	0
RSEL1 	EQU 	1
RSEL2 	EQU 	2
RSEL3 	EQU 	3
RSEL4 	EQU 	4
RSEN 	EQU 	6
RUN 	EQU 	7
RUNOVF 	EQU 	7
RW0 	EQU 	0
RW1 	EQU 	1
RW2 	EQU 	2
RW3 	EQU 	3
RW4 	EQU 	4
RW5 	EQU 	5
RW6 	EQU 	6
RW7 	EQU 	7
RWDT 	EQU 	4
RXB0 	EQU 	0
RXB1 	EQU 	1
RXB2 	EQU 	2
RXB3 	EQU 	3
RXB4 	EQU 	4
RXB5 	EQU 	5
RXB6 	EQU 	6
RXB7 	EQU 	7
RXBE 	EQU 	1
RXBF 	EQU 	0
RXBIMD 	EQU 	3
RXBKIE 	EQU 	2
RXBKIF 	EQU 	2
RXEN 	EQU 	4
RXFOIE 	EQU 	1
RXFOIF 	EQU 	1
RXIDL 	EQU 	3
RXO 	EQU 	2
RXOIE 	EQU 	2
RXOIF 	EQU 	2
RXPOL 	EQU 	6
RXR 	EQU 	0
RXRE 	EQU 	3
S 	EQU 	5
S1P1IE 	EQU 	0
S1P1IF 	EQU 	0
S1P2IE 	EQU 	1
S1P2IF 	EQU 	1
SBOREN 	EQU 	7
SC1IE 	EQU 	0
SC1IF 	EQU 	0
SC2IE 	EQU 	0
SC2IF 	EQU 	0
SCANCON0 	EQU 	864
SCANCON0_EN 	EQU 	7
SCANEN 	EQU 	7
SCANHADR 	EQU 	861
SCANHADR0 	EQU 	0
SCANHADR1 	EQU 	1
SCANHADR10 	EQU 	2
SCANHADR11 	EQU 	3
SCANHADR12 	EQU 	4
SCANHADR13 	EQU 	5
SCANHADR14 	EQU 	6
SCANHADR15 	EQU 	7
SCANHADR16 	EQU 	0
SCANHADR17 	EQU 	1
SCANHADR18 	EQU 	2
SCANHADR19 	EQU 	3
SCANHADR2 	EQU 	2
SCANHADR20 	EQU 	4
SCANHADR21 	EQU 	5
SCANHADR3 	EQU 	3
SCANHADR4 	EQU 	4
SCANHADR5 	EQU 	5
SCANHADR6 	EQU 	6
SCANHADR7 	EQU 	7
SCANHADR8 	EQU 	0
SCANHADR9 	EQU 	1
SCANHADRH 	EQU 	862
SCANHADRL 	EQU 	861
SCANHADRU 	EQU 	863
SCANHADRU_HADR0 	EQU 	0
SCANHADRU_HADR1 	EQU 	1
SCANHADRU_HADR2 	EQU 	2
SCANHADRU_HADR3 	EQU 	3
SCANHADRU_HADR4 	EQU 	4
SCANHADRU_HADR5 	EQU 	5
SCANHADRU_SCANHADR0 	EQU 	0
SCANHADRU_SCANHADR1 	EQU 	1
SCANHADRU_SCANHADR2 	EQU 	2
SCANHADRU_SCANHADR3 	EQU 	3
SCANHADRU_SCANHADR4 	EQU 	4
SCANHADRU_SCANHADR5 	EQU 	5
SCANIE 	EQU 	5
SCANIF 	EQU 	5
SCANIP 	EQU 	5
SCANLADR 	EQU 	858
SCANLADR0 	EQU 	0
SCANLADR1 	EQU 	1
SCANLADR10 	EQU 	2
SCANLADR11 	EQU 	3
SCANLADR12 	EQU 	4
SCANLADR13 	EQU 	5
SCANLADR14 	EQU 	6
SCANLADR15 	EQU 	7
SCANLADR16 	EQU 	0
SCANLADR17 	EQU 	1
SCANLADR18 	EQU 	2
SCANLADR19 	EQU 	3
SCANLADR2 	EQU 	2
SCANLADR20 	EQU 	4
SCANLADR21 	EQU 	5
SCANLADR3 	EQU 	3
SCANLADR4 	EQU 	4
SCANLADR5 	EQU 	5
SCANLADR6 	EQU 	6
SCANLADR7 	EQU 	7
SCANLADR8 	EQU 	0
SCANLADR9 	EQU 	1
SCANLADRH 	EQU 	859
SCANLADRL 	EQU 	858
SCANLADRU 	EQU 	860
SCANLADRU_LADR0 	EQU 	0
SCANLADRU_LADR1 	EQU 	1
SCANLADRU_LADR2 	EQU 	2
SCANLADRU_LADR3 	EQU 	3
SCANLADRU_LADR4 	EQU 	4
SCANLADRU_LADR5 	EQU 	5
SCANLADRU_SCANLADR0 	EQU 	0
SCANLADRU_SCANLADR1 	EQU 	1
SCANLADRU_SCANLADR2 	EQU 	2
SCANLADRU_SCANLADR3 	EQU 	3
SCANLADRU_SCANLADR4 	EQU 	4
SCANLADRU_SCANLADR5 	EQU 	5
SCANMD 	EQU 	3
SCANPR 	EQU 	181
SCANPR0 	EQU 	0
SCANPR1 	EQU 	1
SCANPR2 	EQU 	2
SCANPR_PR0_SCANPR 	EQU 	0
SCANPR_PR1_SCANPR 	EQU 	1
SCANPR_PR2_SCANPR 	EQU 	2
SCANPR_SCANPR0 	EQU 	0
SCANPR_SCANPR1 	EQU 	1
SCANPR_SCANPR2 	EQU 	2
SCANTRIG 	EQU 	865
SCIE 	EQU 	0
SCIF 	EQU 	0
SCLT16TRUE 	EQU 	7848
SCLT32TRUE 	EQU 	7892
SCLTINTTRUE 	EQU 	7974
SCNT0 	EQU 	0
SCNT1 	EQU 	1
SCNT10 	EQU 	2
SCNT11 	EQU 	3
SCNT2 	EQU 	2
SCNT3 	EQU 	3
SCNT4 	EQU 	4
SCNT5 	EQU 	5
SCNT6 	EQU 	6
SCNT7 	EQU 	7
SCNT8 	EQU 	0
SCNT9 	EQU 	1
SDAHT0 	EQU 	2
SDAHT1 	EQU 	3
SDIP 	EQU 	1
SDOP 	EQU 	0
SEL0 	EQU 	0
SEL1 	EQU 	1
SEL2 	EQU 	2
SEL3 	EQU 	3
SENDB 	EQU 	0
SEN_WDTCON0 	EQU 	0
SEN_ZCD1CON 	EQU 	7
SETUP0 	EQU 	2
SETUP1 	EQU 	3
SGO 	EQU 	5
SHADCON 	EQU 	886
SHADLO 	EQU 	0
SHIFT0 	EQU 	0
SHIFT1 	EQU 	1
SHIFT10 	EQU 	2
SHIFT11 	EQU 	3
SHIFT12 	EQU 	4
SHIFT13 	EQU 	5
SHIFT14 	EQU 	6
SHIFT15 	EQU 	7
SHIFT16 	EQU 	0
SHIFT17 	EQU 	1
SHIFT18 	EQU 	2
SHIFT19 	EQU 	3
SHIFT2 	EQU 	2
SHIFT20 	EQU 	4
SHIFT21 	EQU 	5
SHIFT22 	EQU 	6
SHIFT23 	EQU 	7
SHIFT24 	EQU 	0
SHIFT25 	EQU 	1
SHIFT26 	EQU 	2
SHIFT27 	EQU 	3
SHIFT28 	EQU 	4
SHIFT29 	EQU 	5
SHIFT3 	EQU 	3
SHIFT30 	EQU 	6
SHIFT31 	EQU 	7
SHIFT4 	EQU 	4
SHIFT5 	EQU 	5
SHIFT6 	EQU 	6
SHIFT7 	EQU 	7
SHIFT8 	EQU 	0
SHIFT9 	EQU 	1
SHIFTM 	EQU 	1
SHUTDOWN 	EQU 	7
SI2CSTART 	EQU 	7388
SIRQ0 	EQU 	0
SIRQ1 	EQU 	1
SIRQ2 	EQU 	2
SIRQ3 	EQU 	3
SIRQ4 	EQU 	4
SIRQ5 	EQU 	5
SIRQ6 	EQU 	6
SIRQ7 	EQU 	7
SIRQEN 	EQU 	6
SLCT0 	EQU 	0
SLCT1 	EQU 	1
SLCT2 	EQU 	2
SLEW0 	EQU 	6
SLEW1 	EQU 	7
SLRA0 	EQU 	0
SLRA1 	EQU 	1
SLRA2 	EQU 	2
SLRA3 	EQU 	3
SLRA4 	EQU 	4
SLRA5 	EQU 	5
SLRA6 	EQU 	6
SLRA7 	EQU 	7
SLRB0 	EQU 	0
SLRB1 	EQU 	1
SLRB2 	EQU 	2
SLRB3 	EQU 	3
SLRB4 	EQU 	4
SLRB5 	EQU 	5
SLRB6 	EQU 	6
SLRB7 	EQU 	7
SLRC0 	EQU 	0
SLRC1 	EQU 	1
SLRC2 	EQU 	2
SLRC3 	EQU 	3
SLRC4 	EQU 	4
SLRC5 	EQU 	5
SLRC6 	EQU 	6
SLRCONA 	EQU 	1027
SLRCONB 	EQU 	1035
SLRCONC 	EQU 	1043
SLRCOND 	EQU 	1051
SLRCONE 	EQU 	1059
SLRD0 	EQU 	0
SLRD1 	EQU 	1
SLRD2 	EQU 	2
SLRD3 	EQU 	3
SLRD4 	EQU 	4
SLRD5 	EQU 	5
SLRD6 	EQU 	6
SLRD7 	EQU 	7
SLRE0 	EQU 	0
SLRE1 	EQU 	1
SLRE2 	EQU 	2
SMA 	EQU 	6
SMODE0 	EQU 	1
SMODE1 	EQU 	2
SMP 	EQU 	7
SMR0 	EQU 	3
SMR1 	EQU 	4
SOI 	EQU 	3
SOR 	EQU 	3
SOSCEN 	EQU 	3
SOSCPWR 	EQU 	6
SOSIE 	EQU 	5
SOSIF 	EQU 	5
SP0 	EQU 	0
SP1 	EQU 	1
SP2 	EQU 	2
SP3 	EQU 	3
SP4 	EQU 	4
SP5 	EQU 	5
SP6 	EQU 	6
SPI1BAUD 	EQU 	137
SPI1BMODE 	EQU 	0
SPI1BUSY 	EQU 	7
SPI1CKE 	EQU 	6
SPI1CKP 	EQU 	5
SPI1CLK 	EQU 	140
SPI1CLKSEL0 	EQU 	0
SPI1CLKSEL1 	EQU 	1
SPI1CLKSEL2 	EQU 	2
SPI1CLKSEL3 	EQU 	3
SPI1CLKSEL4 	EQU 	4
SPI1CLK_SPI1CLK_CLKSEL0 	EQU 	0
SPI1CLK_SPI1CLK_CLKSEL1 	EQU 	1
SPI1CLK_SPI1CLK_CLKSEL2 	EQU 	2
SPI1CLK_SPI1CLK_CLKSEL3 	EQU 	3
SPI1CLRBF 	EQU 	2
SPI1CON0 	EQU 	132
SPI1CON0_EN 	EQU 	7
SPI1CON1 	EQU 	133
SPI1CON2 	EQU 	134
SPI1EOSIE 	EQU 	4
SPI1EOSIF 	EQU 	4
SPI1FST 	EQU 	4
SPI1IE 	EQU 	6
SPI1IF 	EQU 	6
SPI1INTE 	EQU 	139
SPI1INTF 	EQU 	138
SPI1IP 	EQU 	6
SPI1LSBF 	EQU 	2
SPI1MD_PMD3 	EQU 	4
SPI1MST 	EQU 	1
SPI1RXB 	EQU 	128
SPI1RXBF 	EQU 	0
SPI1RXIE 	EQU 	4
SPI1RXIF 	EQU 	4
SPI1RXIP 	EQU 	4
SPI1RXOIE 	EQU 	2
SPI1RXOIF 	EQU 	2
SPI1RXR 	EQU 	0
SPI1RXRE 	EQU 	3
SPI1SCKPPS 	EQU 	618
SPI1SCKPPS0 	EQU 	0
SPI1SCKPPS1 	EQU 	1
SPI1SCKPPS2 	EQU 	2
SPI1SCKPPS3 	EQU 	3
SPI1SCKPPS4 	EQU 	4
SPI1SCKPPS5 	EQU 	5
SPI1SCKPPS6 	EQU 	6
SPI1SCKPPS7 	EQU 	7
SPI1SCKPPS_PIN0 	EQU 	0
SPI1SCKPPS_PIN1 	EQU 	1
SPI1SCKPPS_PIN2 	EQU 	2
SPI1SCKPPS_PORT0 	EQU 	3
SPI1SCKPPS_PORT1 	EQU 	4
SPI1SCKPPS_PORT2 	EQU 	5
SPI1SCKPPS_PORT3 	EQU 	6
SPI1SCKPPS_PORT4 	EQU 	7
SPI1SDIP 	EQU 	1
SPI1SDIPPS 	EQU 	619
SPI1SDIPPS0 	EQU 	0
SPI1SDIPPS1 	EQU 	1
SPI1SDIPPS2 	EQU 	2
SPI1SDIPPS3 	EQU 	3
SPI1SDIPPS4 	EQU 	4
SPI1SDIPPS5 	EQU 	5
SPI1SDIPPS6 	EQU 	6
SPI1SDIPPS7 	EQU 	7
SPI1SDIPPS_PIN0 	EQU 	0
SPI1SDIPPS_PIN1 	EQU 	1
SPI1SDIPPS_PIN2 	EQU 	2
SPI1SDIPPS_PORT0 	EQU 	3
SPI1SDIPPS_PORT1 	EQU 	4
SPI1SDIPPS_PORT2 	EQU 	5
SPI1SDIPPS_PORT3 	EQU 	6
SPI1SDIPPS_PORT4 	EQU 	7
SPI1SDOP 	EQU 	0
SPI1SMP 	EQU 	7
SPI1SOSIE 	EQU 	5
SPI1SOSIF 	EQU 	5
SPI1SPIEN 	EQU 	7
SPI1SRMTIE 	EQU 	7
SPI1SRMTIF 	EQU 	7
SPI1SSET 	EQU 	2
SPI1SSFLT 	EQU 	6
SPI1SSP 	EQU 	2
SPI1SSPPS 	EQU 	620
SPI1SSPPS0 	EQU 	0
SPI1SSPPS1 	EQU 	1
SPI1SSPPS2 	EQU 	2
SPI1SSPPS3 	EQU 	3
SPI1SSPPS4 	EQU 	4
SPI1SSPPS5 	EQU 	5
SPI1SSPPS6 	EQU 	6
SPI1SSPPS7 	EQU 	7
SPI1SSPPS_PIN0 	EQU 	0
SPI1SSPPS_PIN1 	EQU 	1
SPI1SSPPS_PIN2 	EQU 	2
SPI1SSPPS_PORT0 	EQU 	3
SPI1SSPPS_PORT1 	EQU 	4
SPI1SSPPS_PORT2 	EQU 	5
SPI1SSPPS_PORT3 	EQU 	6
SPI1SSPPS_PORT4 	EQU 	7
SPI1STATUS 	EQU 	135
SPI1STATUS_RXBF 	EQU 	0
SPI1STATUS_TXBE 	EQU 	5
SPI1TCNT 	EQU 	130
SPI1TCNTH 	EQU 	131
SPI1TCNTL 	EQU 	130
SPI1TCZIE 	EQU 	6
SPI1TCZIF 	EQU 	6
SPI1TWIDTH 	EQU 	136
SPI1TWIDTH_TWIDTH0 	EQU 	0
SPI1TWIDTH_TWIDTH1 	EQU 	1
SPI1TWIDTH_TWIDTH2 	EQU 	2
SPI1TXB 	EQU 	129
SPI1TXBE 	EQU 	5
SPI1TXIE 	EQU 	5
SPI1TXIF 	EQU 	5
SPI1TXIP 	EQU 	5
SPI1TXR 	EQU 	1
SPI1TXUIE 	EQU 	1
SPI1TXUIF 	EQU 	1
SPI1TXWE 	EQU 	7
SPTR0 	EQU 	0
SPTR1 	EQU 	1
SPTR10 	EQU 	2
SPTR11 	EQU 	3
SPTR12 	EQU 	4
SPTR13 	EQU 	5
SPTR14 	EQU 	6
SPTR15 	EQU 	7
SPTR16 	EQU 	0
SPTR17 	EQU 	1
SPTR18 	EQU 	2
SPTR19 	EQU 	3
SPTR2 	EQU 	2
SPTR20 	EQU 	4
SPTR21 	EQU 	5
SPTR3 	EQU 	3
SPTR4 	EQU 	4
SPTR5 	EQU 	5
SPTR6 	EQU 	6
SPTR7 	EQU 	7
SPTR8 	EQU 	0
SPTR9 	EQU 	1
SRC0 	EQU 	0
SRC1 	EQU 	1
SRC2 	EQU 	2
SRC3 	EQU 	3
SRC4 	EQU 	4
SRMTIE 	EQU 	7
SRMTIF 	EQU 	7
SSA0 	EQU 	0
SSA1 	EQU 	1
SSA10 	EQU 	2
SSA11 	EQU 	3
SSA12 	EQU 	4
SSA13 	EQU 	5
SSA14 	EQU 	6
SSA15 	EQU 	7
SSA16 	EQU 	0
SSA17 	EQU 	1
SSA18 	EQU 	2
SSA19 	EQU 	3
SSA2 	EQU 	2
SSA20 	EQU 	4
SSA21 	EQU 	5
SSA3 	EQU 	3
SSA4 	EQU 	4
SSA5 	EQU 	5
SSA6 	EQU 	6
SSA7 	EQU 	7
SSA8 	EQU 	0
SSA9 	EQU 	1
SSD1309SENDBYTE 	EQU 	1442
SSD1309_BUFFERALIAS 	EQU 	4351
SSD1309_BUFFERLOCATIONCALC 	EQU 	1443
SSD1309_BUFFERLOCATIONCALC_H 	EQU 	1444
SSET 	EQU 	2
SSFLT 	EQU 	6
SSP 	EQU 	2
SSTP 	EQU 	0
SSZ0 	EQU 	0
SSZ1 	EQU 	1
SSZ10 	EQU 	2
SSZ11 	EQU 	3
SSZ2 	EQU 	2
SSZ3 	EQU 	3
SSZ4 	EQU 	4
SSZ5 	EQU 	5
SSZ6 	EQU 	6
SSZ7 	EQU 	7
SSZ8 	EQU 	0
SSZ9 	EQU 	1
START0 	EQU 	4
START1 	EQU 	5
STAT0_ADSTAT 	EQU 	0
STAT0_INTCON1 	EQU 	6
STAT1_ADSTAT 	EQU 	1
STAT1_INTCON1 	EQU 	7
STAT2 	EQU 	2
STATE 	EQU 	2
STATUS 	EQU 	1240
STATUS_CSHAD 	EQU 	883
STATUS_CSHAD_C 	EQU 	0
STATUS_CSHAD_DC 	EQU 	1
STATUS_CSHAD_N 	EQU 	4
STATUS_CSHAD_NOT_PD 	EQU 	5
STATUS_CSHAD_NOT_TO 	EQU 	6
STATUS_CSHAD_NPD 	EQU 	5
STATUS_CSHAD_NTO 	EQU 	6
STATUS_CSHAD_PD 	EQU 	5
STATUS_CSHAD_TO 	EQU 	6
STATUS_CSHAD_Z 	EQU 	2
STATUS_SHAD 	EQU 	887
STATUS_SHAD_C 	EQU 	0
STATUS_SHAD_DC 	EQU 	1
STATUS_SHAD_N 	EQU 	4
STATUS_SHAD_NOT_PD 	EQU 	5
STATUS_SHAD_NOT_TO 	EQU 	6
STATUS_SHAD_NPD 	EQU 	5
STATUS_SHAD_NTO 	EQU 	6
STATUS_SHAD_PD 	EQU 	5
STATUS_SHAD_TO 	EQU 	6
STATUS_SHAD_Z 	EQU 	2
STKOVF 	EQU 	7
STKPTR 	EQU 	1276
STKPTR0 	EQU 	0
STKPTR1 	EQU 	1
STKPTR2 	EQU 	2
STKPTR3 	EQU 	3
STKPTR4 	EQU 	4
STKPTR5 	EQU 	5
STKPTR6 	EQU 	6
STKPTR_STKPTR0 	EQU 	0
STKPTR_STKPTR1 	EQU 	1
STKPTR_STKPTR2 	EQU 	2
STKPTR_STKPTR3 	EQU 	3
STKPTR_STKPTR4 	EQU 	4
STKPTR_STKPTR5 	EQU 	5
STKPTR_STKPTR6 	EQU 	6
STKUNF 	EQU 	6
STOP0 	EQU 	0
STOP1 	EQU 	1
STP0 	EQU 	4
STP1 	EQU 	5
STPMD 	EQU 	6
STPT0 	EQU 	0
STPT1 	EQU 	1
STPT10 	EQU 	2
STPT11 	EQU 	3
STPT12 	EQU 	4
STPT13 	EQU 	5
STPT15 	EQU 	6
STPT16 	EQU 	7
STPT2 	EQU 	2
STPT3 	EQU 	3
STPT4 	EQU 	4
STPT5 	EQU 	5
STPT6 	EQU 	6
STPT7 	EQU 	7
STPT8 	EQU 	0
STPT9 	EQU 	1
STR 	EQU 	4178
STRA 	EQU 	0
STRB 	EQU 	1
STRC 	EQU 	2
STRD 	EQU 	3
STRINGLOCX 	EQU 	1445
STRINGPOINTER 	EQU 	1446
STRINGTABLE1 	EQU 	8622
STRINGTABLE10 	EQU 	8698
STRINGTABLE100 	EQU 	8720
STRINGTABLE11 	EQU 	8702
STRINGTABLE12 	EQU 	8710
STRINGTABLE13 	EQU 	8716
STRINGTABLE2 	EQU 	8630
STRINGTABLE3 	EQU 	8644
STRINGTABLE4 	EQU 	8646
STRINGTABLE5 	EQU 	8654
STRINGTABLE59 	EQU 	8718
STRINGTABLE7 	EQU 	8670
STRINGTABLE8 	EQU 	8686
STRINGTABLE9 	EQU 	8696
SWDTEN 	EQU 	0
SWIE 	EQU 	0
SWIF 	EQU 	0
SWIP 	EQU 	0
SYNC 	EQU 	0
SYSARRAYTEMP1 	EQU 	1447
SYSARRAYTEMP2 	EQU 	1448
SYSBYTETEMPA 	EQU 	1285
SYSBYTETEMPB 	EQU 	1289
SYSBYTETEMPX 	EQU 	1280
SYSCALCTEMPA 	EQU 	1285
SYSCALCTEMPA_E 	EQU 	1288
SYSCALCTEMPA_H 	EQU 	1286
SYSCALCTEMPA_U 	EQU 	1287
SYSCALCTEMPX 	EQU 	1280
SYSCALCTEMPX_H 	EQU 	1281
SYSCHAR 	EQU 	1449
SYSCHARCOUNT 	EQU 	1450
SYSCHARSHANDLER 	EQU 	1451
SYSCHARSHANDLER_H 	EQU 	1452
SYSCHR_0 	EQU 	4310
SYSCHR_1 	EQU 	4311
SYSCMD 	EQU 	7
SYSCOMPEQUAL 	EQU 	7756
SYSCOMPEQUAL16 	EQU 	7766
SYSCOMPEQUAL32 	EQU 	7784
SYSCOMPLESSTHAN 	EQU 	7814
SYSCOMPLESSTHAN16 	EQU 	7824
SYSCOMPLESSTHAN32 	EQU 	7852
SYSCOMPLESSTHANINT 	EQU 	7896
SYSCOPYSTRING 	EQU 	7978
SYSCOPYSTRINGCHECK 	EQU 	7994
SYSCOPYSTRINGPART 	EQU 	7988
SYSDIV16START 	EQU 	8058
SYSDIV32START 	EQU 	8202
SYSDIVLOOP 	EQU 	1284
SYSDIVMULTA 	EQU 	1287
SYSDIVMULTA_H 	EQU 	1288
SYSDIVMULTB 	EQU 	1291
SYSDIVMULTB_H 	EQU 	1292
SYSDIVMULTX 	EQU 	1282
SYSDIVMULTX_H 	EQU 	1283
SYSDIVSUB16 	EQU 	8010
SYSDIVSUB32 	EQU 	8114
SYSDIVSUBINT 	EQU 	8302
SYSDOLOOP_E1 	EQU 	1370
SYSDOLOOP_E10 	EQU 	5834
SYSDOLOOP_E11 	EQU 	5902
SYSDOLOOP_E2 	EQU 	5430
SYSDOLOOP_E3 	EQU 	2154
SYSDOLOOP_E4 	EQU 	2820
SYSDOLOOP_E5 	EQU 	3302
SYSDOLOOP_E6 	EQU 	9182
SYSDOLOOP_E7 	EQU 	9338
SYSDOLOOP_E8 	EQU 	5736
SYSDOLOOP_E9 	EQU 	5768
SYSDOLOOP_S1 	EQU 	454
SYSDOLOOP_S10 	EQU 	5808
SYSDOLOOP_S11 	EQU 	5856
SYSDOLOOP_S2 	EQU 	5328
SYSDOLOOP_S3 	EQU 	1778
SYSDOLOOP_S4 	EQU 	2662
SYSDOLOOP_S5 	EQU 	3162
SYSDOLOOP_S6 	EQU 	9062
SYSDOLOOP_S7 	EQU 	9218
SYSDOLOOP_S8 	EQU 	5718
SYSDOLOOP_S9 	EQU 	5760
SYSFORLOOP1 	EQU 	458
SYSFORLOOP10 	EQU 	6596
SYSFORLOOP11 	EQU 	4366
SYSFORLOOP12 	EQU 	4418
SYSFORLOOP13 	EQU 	4462
SYSFORLOOP14 	EQU 	4752
SYSFORLOOP15 	EQU 	4856
SYSFORLOOP16 	EQU 	4870
SYSFORLOOP17 	EQU 	4886
SYSFORLOOP18 	EQU 	5782
SYSFORLOOP2 	EQU 	5222
SYSFORLOOP3 	EQU 	5452
SYSFORLOOP4 	EQU 	5102
SYSFORLOOP5 	EQU 	1512
SYSFORLOOP6 	EQU 	1622
SYSFORLOOP7 	EQU 	3454
SYSFORLOOP8 	EQU 	6448
SYSFORLOOP9 	EQU 	6522
SYSFORLOOPABSVALUE12 	EQU 	1453
SYSFORLOOPABSVALUE12_H 	EQU 	1454
SYSFORLOOPEND1 	EQU 	1368
SYSFORLOOPEND10 	EQU 	6650
SYSFORLOOPEND11 	EQU 	4412
SYSFORLOOPEND12 	EQU 	4620
SYSFORLOOPEND13 	EQU 	4478
SYSFORLOOPEND14 	EQU 	5062
SYSFORLOOPEND15 	EQU 	5046
SYSFORLOOPEND16 	EQU 	5028
SYSFORLOOPEND17 	EQU 	5018
SYSFORLOOPEND18 	EQU 	5856
SYSFORLOOPEND2 	EQU 	5312
SYSFORLOOPEND3 	EQU 	5542
SYSFORLOOPEND4 	EQU 	5182
SYSFORLOOPEND5 	EQU 	1582
SYSFORLOOPEND6 	EQU 	1692
SYSFORLOOPEND7 	EQU 	3546
SYSFORLOOPEND8 	EQU 	6494
SYSFORLOOPEND9 	EQU 	6570
SYSFORLOOPSTEP11 	EQU 	1455
SYSFORLOOPSTEP11_H 	EQU 	1456
SYSINTEGERTEMPA 	EQU 	1285
SYSINTEGERTEMPA_H 	EQU 	1286
SYSINTEGERTEMPB 	EQU 	1289
SYSINTEGERTEMPB_H 	EQU 	1290
SYSINTEGERTEMPX 	EQU 	1280
SYSINTEGERTEMPX_H 	EQU 	1281
SYSLCDPRINTDATAHANDLER 	EQU 	1457
SYSLCDPRINTDATAHANDLER_H 	EQU 	1458
SYSLONGDIVMULTA 	EQU 	1459
SYSLONGDIVMULTA_E 	EQU 	1462
SYSLONGDIVMULTA_H 	EQU 	1460
SYSLONGDIVMULTA_U 	EQU 	1461
SYSLONGDIVMULTB 	EQU 	1463
SYSLONGDIVMULTB_E 	EQU 	1466
SYSLONGDIVMULTB_H 	EQU 	1464
SYSLONGDIVMULTB_U 	EQU 	1465
SYSLONGDIVMULTX 	EQU 	1467
SYSLONGDIVMULTX_E 	EQU 	1470
SYSLONGDIVMULTX_H 	EQU 	1468
SYSLONGDIVMULTX_U 	EQU 	1469
SYSLONGTEMPA 	EQU 	1285
SYSLONGTEMPA_E 	EQU 	1288
SYSLONGTEMPA_H 	EQU 	1286
SYSLONGTEMPA_U 	EQU 	1287
SYSLONGTEMPB 	EQU 	1289
SYSLONGTEMPB_E 	EQU 	1292
SYSLONGTEMPB_H 	EQU 	1290
SYSLONGTEMPB_U 	EQU 	1291
SYSLONGTEMPX 	EQU 	1280
SYSLONGTEMPX_E 	EQU 	1283
SYSLONGTEMPX_H 	EQU 	1281
SYSLONGTEMPX_U 	EQU 	1282
SYSMULTSUB16 	EQU 	8364
SYSMULTSUB32 	EQU 	8398
SYSMULTSUBINT 	EQU 	8532
SYSPAD_0 	EQU 	4228
SYSPRINTBUFFER 	EQU 	4184
SYSPRINTBUFFLEN 	EQU 	1471
SYSREADADBYTE 	EQU 	1440
SYSREADSTRING 	EQU 	8584
SYSREADSTRINGPART 	EQU 	8596
SYSREPEATLOOP1 	EQU 	6726
SYSREPEATLOOP2 	EQU 	6742
SYSREPEATLOOP3 	EQU 	6850
SYSREPEATLOOP4 	EQU 	2166
SYSREPEATLOOP5 	EQU 	2218
SYSREPEATLOOPEND1 	EQU 	6736
SYSREPEATLOOPEND2 	EQU 	6750
SYSREPEATLOOPEND3 	EQU 	6856
SYSREPEATLOOPEND4 	EQU 	2174
SYSREPEATLOOPEND5 	EQU 	2228
SYSREPEATTEMP1 	EQU 	1472
SYSREPEATTEMP4 	EQU 	1473
SYSSELECT1CASE1 	EQU 	6942
SYSSELECT1CASE10 	EQU 	7064
SYSSELECT1CASE11 	EQU 	7078
SYSSELECT1CASE12 	EQU 	7092
SYSSELECT1CASE13 	EQU 	7106
SYSSELECT1CASE14 	EQU 	7120
SYSSELECT1CASE15 	EQU 	7134
SYSSELECT1CASE16 	EQU 	7148
SYSSELECT1CASE17 	EQU 	7162
SYSSELECT1CASE18 	EQU 	7176
SYSSELECT1CASE19 	EQU 	7190
SYSSELECT1CASE2 	EQU 	6954
SYSSELECT1CASE20 	EQU 	7204
SYSSELECT1CASE21 	EQU 	7218
SYSSELECT1CASE22 	EQU 	7232
SYSSELECT1CASE23 	EQU 	7246
SYSSELECT1CASE24 	EQU 	7260
SYSSELECT1CASE25 	EQU 	7274
SYSSELECT1CASE26 	EQU 	7288
SYSSELECT1CASE27 	EQU 	7302
SYSSELECT1CASE3 	EQU 	6966
SYSSELECT1CASE4 	EQU 	6980
SYSSELECT1CASE5 	EQU 	6994
SYSSELECT1CASE6 	EQU 	7008
SYSSELECT1CASE7 	EQU 	7022
SYSSELECT1CASE8 	EQU 	7036
SYSSELECT1CASE9 	EQU 	7050
SYSSELECT2CASE1 	EQU 	4754
SYSSELECT2CASE2 	EQU 	4772
SYSSELECT2CASE3 	EQU 	4792
SYSSELECT2CASE4 	EQU 	4812
SYSSELECT2CASE5 	EQU 	4832
SYSSELECT3CASE1 	EQU 	5620
SYSSELECT3CASE2 	EQU 	5658
SYSSELECT3CASE3 	EQU 	5682
SYSSELECTEND1 	EQU 	7314
SYSSELECTEND2 	EQU 	4850
SYSSELECTEND3 	EQU 	5706
SYSSIGNBYTE 	EQU 	1293
SYSSTRDATA 	EQU 	1474
SYSSTRINGA 	EQU 	1287
SYSSTRINGA_H 	EQU 	1288
SYSSTRINGCOPY 	EQU 	8000
SYSSTRINGLENGTH 	EQU 	1286
SYSSTRINGPARAM1 	EQU 	4195
SYSSTRINGREAD 	EQU 	8610
SYSSTRINGREADCHECK 	EQU 	8604
SYSSTRINGTABLES 	EQU 	8622
SYSSTRINGTEMP 	EQU 	1475
SYSSTRLEN 	EQU 	1476
SYSSTR_0 	EQU 	4178
SYSSYSINSTRING3HANDLER 	EQU 	1477
SYSSYSINSTRING3HANDLER_H 	EQU 	1478
SYSSYSINSTRINGHANDLER 	EQU 	1479
SYSSYSINSTRINGHANDLER_H 	EQU 	1480
SYSTEMP1 	EQU 	1481
SYSTEMP1_E 	EQU 	1484
SYSTEMP1_H 	EQU 	1482
SYSTEMP1_U 	EQU 	1483
SYSTEMP2 	EQU 	1485
SYSTEMP2_H 	EQU 	1486
SYSTEMP3 	EQU 	1487
SYSTEMP3_H 	EQU 	1488
SYSVALHUNDREDS 	EQU 	7588
SYSVALTEMP 	EQU 	1489
SYSVALTEMP_H 	EQU 	1490
SYSVALTENS 	EQU 	7664
SYSVALTHOUSANDS 	EQU 	7510
SYSWAITLOOP1 	EQU 	7360
SYSWAITTEMP10US 	EQU 	1285
SYSWAITTEMPMS 	EQU 	1282
SYSWAITTEMPMS_H 	EQU 	1283
SYSWAITTEMPS 	EQU 	1284
SYSWAITTEMPUS 	EQU 	1285
SYSWAITTEMPUS_H 	EQU 	1286
SYSWORDTEMPA 	EQU 	1285
SYSWORDTEMPA_H 	EQU 	1286
SYSWORDTEMPB 	EQU 	1289
SYSWORDTEMPB_H 	EQU 	1290
SYSWORDTEMPX 	EQU 	1280
SYSWORDTEMPX_H 	EQU 	1281
T016BIT 	EQU 	4
T0ASYNC 	EQU 	4
T0CKIPPS 	EQU 	577
T0CKIPPS0 	EQU 	0
T0CKIPPS1 	EQU 	1
T0CKIPPS2 	EQU 	2
T0CKIPPS3 	EQU 	3
T0CKIPPS4 	EQU 	4
T0CKIPPS5 	EQU 	5
T0CKIPPS6 	EQU 	6
T0CKIPPS7 	EQU 	7
T0CKIPPS_PIN0 	EQU 	0
T0CKIPPS_PIN1 	EQU 	1
T0CKIPPS_PIN2 	EQU 	2
T0CKIPPS_PORT0 	EQU 	3
T0CKIPPS_PORT1 	EQU 	4
T0CKIPPS_PORT2 	EQU 	5
T0CKIPPS_PORT3 	EQU 	6
T0CKIPPS_PORT4 	EQU 	7
T0CKPS0 	EQU 	0
T0CKPS1 	EQU 	1
T0CKPS2 	EQU 	2
T0CKPS3 	EQU 	3
T0CON0 	EQU 	794
T0CON0_EN 	EQU 	7
T0CON0_OUTPS0 	EQU 	0
T0CON0_OUTPS1 	EQU 	1
T0CON0_OUTPS2 	EQU 	2
T0CON0_OUTPS3 	EQU 	3
T0CON0_T0OUTPS0 	EQU 	0
T0CON0_T0OUTPS1 	EQU 	1
T0CON0_T0OUTPS2 	EQU 	2
T0CON0_T0OUTPS3 	EQU 	3
T0CON1 	EQU 	795
T0CON1_CKPS0_T0CON1 	EQU 	0
T0CON1_CKPS1_T0CON1 	EQU 	1
T0CON1_CKPS2_T0CON1 	EQU 	2
T0CON1_CKPS3 	EQU 	3
T0CON1_CS0_T0CON1 	EQU 	5
T0CON1_CS1_T0CON1 	EQU 	6
T0CON1_CS2_T0CON1 	EQU 	7
T0CON1_T0CKPS0 	EQU 	0
T0CON1_T0CKPS1 	EQU 	1
T0CON1_T0CKPS2 	EQU 	2
T0CON1_T0CKPS3 	EQU 	3
T0CON1_T0CS0 	EQU 	5
T0CON1_T0CS1 	EQU 	6
T0CON1_T0CS2 	EQU 	7
T0CS0 	EQU 	5
T0CS1 	EQU 	6
T0CS2 	EQU 	7
T0EN 	EQU 	7
T0MD16 	EQU 	4
T0OUT 	EQU 	5
T0OUTPS0 	EQU 	0
T0OUTPS1 	EQU 	1
T0OUTPS2 	EQU 	2
T0OUTPS3 	EQU 	3
T0PR0 	EQU 	0
T0PR1 	EQU 	1
T0PR2 	EQU 	2
T0PR3 	EQU 	3
T0PR4 	EQU 	4
T0PR5 	EQU 	5
T0PR6 	EQU 	6
T0PR7 	EQU 	7
T1CKIPPS 	EQU 	578
T1CKIPPS0 	EQU 	0
T1CKIPPS1 	EQU 	1
T1CKIPPS2 	EQU 	2
T1CKIPPS3 	EQU 	3
T1CKIPPS4 	EQU 	4
T1CKIPPS5 	EQU 	5
T1CKIPPS6 	EQU 	6
T1CKIPPS7 	EQU 	7
T1CKIPPS_PIN0 	EQU 	0
T1CKIPPS_PIN1 	EQU 	1
T1CKIPPS_PIN2 	EQU 	2
T1CKIPPS_PORT0 	EQU 	3
T1CKIPPS_PORT1 	EQU 	4
T1CKIPPS_PORT2 	EQU 	5
T1CKIPPS_PORT3 	EQU 	6
T1CKIPPS_PORT4 	EQU 	7
T1CKPS0 	EQU 	4
T1CKPS1 	EQU 	5
T1CLK 	EQU 	791
T1CON 	EQU 	788
T1CON_CKPS0_T1CON 	EQU 	4
T1CON_CKPS1_T1CON 	EQU 	5
T1CS0 	EQU 	0
T1CS1 	EQU 	1
T1CS2 	EQU 	2
T1CS3 	EQU 	3
T1CS4 	EQU 	4
T1GATE 	EQU 	790
T1GCON 	EQU 	789
T1GE 	EQU 	7
T1GGO 	EQU 	3
T1GGO_NDONE 	EQU 	3
T1GGO_NOT_DONE 	EQU 	3
T1GPOL 	EQU 	6
T1GPPS 	EQU 	579
T1GPPS0 	EQU 	0
T1GPPS1 	EQU 	1
T1GPPS2 	EQU 	2
T1GPPS3 	EQU 	3
T1GPPS4 	EQU 	4
T1GPPS5 	EQU 	5
T1GPPS6 	EQU 	6
T1GPPS7 	EQU 	7
T1GPPS_PIN0 	EQU 	0
T1GPPS_PIN1 	EQU 	1
T1GPPS_PIN2 	EQU 	2
T1GPPS_PORT0 	EQU 	3
T1GPPS_PORT1 	EQU 	4
T1GPPS_PORT2 	EQU 	5
T1GPPS_PORT3 	EQU 	6
T1GPPS_PORT4 	EQU 	7
T1GSPM 	EQU 	4
T1GSS0 	EQU 	0
T1GSS1 	EQU 	1
T1GSS2 	EQU 	2
T1GSS3 	EQU 	3
T1GSS4 	EQU 	4
T1GTM 	EQU 	5
T1GVAL 	EQU 	2
T1RD16 	EQU 	1
T2CKPOL 	EQU 	6
T2CKPS0 	EQU 	4
T2CKPS1 	EQU 	5
T2CKPS2 	EQU 	6
T2CKSYNC 	EQU 	5
T2CLK 	EQU 	801
T2CLKCON 	EQU 	801
T2CLKCON_CS3 	EQU 	3
T2CLKCON_CS4 	EQU 	4
T2CON 	EQU 	799
T2CON_CKPS0_T2CON 	EQU 	4
T2CON_CKPS1_T2CON 	EQU 	5
T2CON_CKPS2_T2CON 	EQU 	6
T2CON_OUTPS0 	EQU 	0
T2CON_OUTPS1 	EQU 	1
T2CON_OUTPS2 	EQU 	2
T2CON_OUTPS3 	EQU 	3
T2CON_T2CKPS0 	EQU 	4
T2CON_T2CKPS1 	EQU 	5
T2CON_T2CKPS2 	EQU 	6
T2CON_T2CON_OUTPS0 	EQU 	0
T2CON_T2CON_OUTPS1 	EQU 	1
T2CON_T2CON_OUTPS2 	EQU 	2
T2CON_T2CON_OUTPS3 	EQU 	3
T2CON_T2OUTPS0 	EQU 	0
T2CON_T2OUTPS1 	EQU 	1
T2CON_T2OUTPS2 	EQU 	2
T2CON_T2OUTPS3 	EQU 	3
T2CS0 	EQU 	0
T2CS1 	EQU 	1
T2CS2 	EQU 	2
T2CS3 	EQU 	3
T2CS4 	EQU 	4
T2HLT 	EQU 	800
T2HLT_MODE0 	EQU 	0
T2HLT_MODE1 	EQU 	1
T2HLT_MODE2 	EQU 	2
T2HLT_MODE3 	EQU 	3
T2HLT_MODE4 	EQU 	4
T2HLT_T2HLT_MODE0 	EQU 	0
T2HLT_T2HLT_MODE1 	EQU 	1
T2HLT_T2HLT_MODE2 	EQU 	2
T2HLT_T2HLT_MODE3 	EQU 	3
T2HLT_T2MODE0 	EQU 	0
T2HLT_T2MODE1 	EQU 	1
T2HLT_T2MODE2 	EQU 	2
T2HLT_T2MODE3 	EQU 	3
T2HLT_T2MODE4 	EQU 	4
T2INPPS 	EQU 	584
T2INPPS0 	EQU 	0
T2INPPS1 	EQU 	1
T2INPPS2 	EQU 	2
T2INPPS3 	EQU 	3
T2INPPS4 	EQU 	4
T2INPPS5 	EQU 	5
T2INPPS6 	EQU 	6
T2INPPS7 	EQU 	7
T2INPPS_PIN0 	EQU 	0
T2INPPS_PIN1 	EQU 	1
T2INPPS_PIN2 	EQU 	2
T2INPPS_PORT0 	EQU 	3
T2INPPS_PORT1 	EQU 	4
T2INPPS_PORT2 	EQU 	5
T2INPPS_PORT3 	EQU 	6
T2INPPS_PORT4 	EQU 	7
T2MODE0 	EQU 	0
T2MODE1 	EQU 	1
T2MODE2 	EQU 	2
T2MODE3 	EQU 	3
T2MODE4 	EQU 	4
T2ON 	EQU 	7
T2OUTPS0 	EQU 	0
T2OUTPS1 	EQU 	1
T2OUTPS2 	EQU 	2
T2OUTPS3 	EQU 	3
T2PR 	EQU 	798
T2PSYNC 	EQU 	7
T2RSEL0 	EQU 	0
T2RSEL1 	EQU 	1
T2RSEL2 	EQU 	2
T2RSEL3 	EQU 	3
T2RSEL4 	EQU 	4
T2RST 	EQU 	802
T2TMR 	EQU 	797
T3CKIPPS 	EQU 	580
T3CKIPPS0 	EQU 	0
T3CKIPPS1 	EQU 	1
T3CKIPPS2 	EQU 	2
T3CKIPPS3 	EQU 	3
T3CKIPPS4 	EQU 	4
T3CKIPPS5 	EQU 	5
T3CKIPPS6 	EQU 	6
T3CKIPPS7 	EQU 	7
T3CKIPPS_PIN0 	EQU 	0
T3CKIPPS_PIN1 	EQU 	1
T3CKIPPS_PIN2 	EQU 	2
T3CKIPPS_PORT0 	EQU 	3
T3CKIPPS_PORT1 	EQU 	4
T3CKIPPS_PORT2 	EQU 	5
T3CKIPPS_PORT3 	EQU 	6
T3CKIPPS_PORT4 	EQU 	7
T3CKPS0 	EQU 	4
T3CKPS1 	EQU 	5
T3CLK 	EQU 	808
T3CLK_CS3 	EQU 	3
T3CLK_CS4 	EQU 	4
T3CON 	EQU 	805
T3CON_CKPS0_T3CON 	EQU 	4
T3CON_CKPS1_T3CON 	EQU 	5
T3CON_NOT_SYNC 	EQU 	2
T3CON_NSYNC 	EQU 	2
T3CON_RD16 	EQU 	1
T3CS0 	EQU 	0
T3CS1 	EQU 	1
T3CS2 	EQU 	2
T3CS3 	EQU 	3
T3CS4 	EQU 	4
T3GATE 	EQU 	807
T3GATE_GSS0 	EQU 	0
T3GATE_GSS1 	EQU 	1
T3GATE_GSS2 	EQU 	2
T3GATE_GSS3 	EQU 	3
T3GATE_GSS4 	EQU 	4
T3GCON 	EQU 	806
T3GCON_GE 	EQU 	7
T3GCON_GGO 	EQU 	3
T3GCON_GGO_NDONE 	EQU 	3
T3GCON_GGO_NOT_DONE 	EQU 	3
T3GCON_GSPM 	EQU 	4
T3GCON_GTM 	EQU 	5
T3GCON_GVAL 	EQU 	2
T3GE 	EQU 	7
T3GGO 	EQU 	3
T3GGO_NDONE 	EQU 	3
T3GGO_NOT_DONE 	EQU 	3
T3GPOL 	EQU 	6
T3GPPS 	EQU 	581
T3GPPS0 	EQU 	0
T3GPPS1 	EQU 	1
T3GPPS2 	EQU 	2
T3GPPS3 	EQU 	3
T3GPPS4 	EQU 	4
T3GPPS5 	EQU 	5
T3GPPS6 	EQU 	6
T3GPPS7 	EQU 	7
T3GPPS_PIN0 	EQU 	0
T3GPPS_PIN1 	EQU 	1
T3GPPS_PIN2 	EQU 	2
T3GPPS_PORT0 	EQU 	3
T3GPPS_PORT1 	EQU 	4
T3GPPS_PORT2 	EQU 	5
T3GPPS_PORT3 	EQU 	6
T3GPPS_PORT4 	EQU 	7
T3GSPM 	EQU 	4
T3GSS0 	EQU 	0
T3GSS1 	EQU 	1
T3GSS2 	EQU 	2
T3GSS3 	EQU 	3
T3GSS4 	EQU 	4
T3GTM 	EQU 	5
T3GVAL 	EQU 	2
T3RD16 	EQU 	1
T4CKPOL 	EQU 	6
T4CKPS0 	EQU 	4
T4CKPS1 	EQU 	5
T4CKPS2 	EQU 	6
T4CKSYNC 	EQU 	5
T4CLK 	EQU 	814
T4CLKCON 	EQU 	814
T4CLKCON_CS3 	EQU 	3
T4CLKCON_CS4 	EQU 	4
T4CON 	EQU 	812
T4CON_CKPS0_T4CON 	EQU 	4
T4CON_CKPS1_T4CON 	EQU 	5
T4CON_CKPS2_T4CON 	EQU 	6
T4CON_OUTPS0 	EQU 	0
T4CON_OUTPS1 	EQU 	1
T4CON_OUTPS2 	EQU 	2
T4CON_OUTPS3 	EQU 	3
T4CON_T4CKPS0 	EQU 	4
T4CON_T4CKPS1 	EQU 	5
T4CON_T4CKPS2 	EQU 	6
T4CON_T4CON_OUTPS0 	EQU 	0
T4CON_T4CON_OUTPS1 	EQU 	1
T4CON_T4CON_OUTPS2 	EQU 	2
T4CON_T4CON_OUTPS3 	EQU 	3
T4CON_T4OUTPS0 	EQU 	0
T4CON_T4OUTPS1 	EQU 	1
T4CON_T4OUTPS2 	EQU 	2
T4CON_T4OUTPS3 	EQU 	3
T4CS0 	EQU 	0
T4CS1 	EQU 	1
T4CS2 	EQU 	2
T4CS3 	EQU 	3
T4CS4 	EQU 	4
T4HLT 	EQU 	813
T4HLT_CKPOL 	EQU 	6
T4HLT_CKSYNC 	EQU 	5
T4HLT_MODE0 	EQU 	0
T4HLT_MODE1 	EQU 	1
T4HLT_MODE2 	EQU 	2
T4HLT_MODE3 	EQU 	3
T4HLT_MODE4 	EQU 	4
T4HLT_PSYNC 	EQU 	7
T4HLT_T4HLT_MODE0 	EQU 	0
T4HLT_T4HLT_MODE1 	EQU 	1
T4HLT_T4HLT_MODE2 	EQU 	2
T4HLT_T4HLT_MODE3 	EQU 	3
T4HLT_T4HLT_MODE4 	EQU 	4
T4HLT_T4MODE0 	EQU 	0
T4HLT_T4MODE1 	EQU 	1
T4HLT_T4MODE2 	EQU 	2
T4HLT_T4MODE3 	EQU 	3
T4HLT_T4MODE4 	EQU 	4
T4INPPS 	EQU 	585
T4INPPS0 	EQU 	0
T4INPPS1 	EQU 	1
T4INPPS2 	EQU 	2
T4INPPS3 	EQU 	3
T4INPPS4 	EQU 	4
T4INPPS5 	EQU 	5
T4INPPS6 	EQU 	6
T4INPPS7 	EQU 	7
T4INPPS_PIN0 	EQU 	0
T4INPPS_PIN1 	EQU 	1
T4INPPS_PIN2 	EQU 	2
T4INPPS_PORT0 	EQU 	3
T4INPPS_PORT1 	EQU 	4
T4INPPS_PORT2 	EQU 	5
T4INPPS_PORT3 	EQU 	6
T4INPPS_PORT4 	EQU 	7
T4MODE0 	EQU 	0
T4MODE1 	EQU 	1
T4MODE2 	EQU 	2
T4MODE3 	EQU 	3
T4MODE4 	EQU 	4
T4ON 	EQU 	7
T4OUTPS0 	EQU 	0
T4OUTPS1 	EQU 	1
T4OUTPS2 	EQU 	2
T4OUTPS3 	EQU 	3
T4PR 	EQU 	811
T4PSYNC 	EQU 	7
T4RSEL0 	EQU 	0
T4RSEL1 	EQU 	1
T4RSEL2 	EQU 	2
T4RSEL3 	EQU 	3
T4RSEL4 	EQU 	4
T4RST 	EQU 	815
T4RST_RSEL0 	EQU 	0
T4RST_RSEL1 	EQU 	1
T4RST_RSEL2 	EQU 	2
T4RST_RSEL3 	EQU 	3
T4RST_RSEL4 	EQU 	4
T4TMR 	EQU 	810
TABLAT 	EQU 	1269
TABLEGLCDCHARCOL3 	EQU 	3650
TABLEGLCDCHARCOL4 	EQU 	3798
TABLEGLCDCHARCOL5 	EQU 	3946
TABLEGLCDCHARCOL6 	EQU 	4094
TABLEGLCDCHARCOL7 	EQU 	4242
TBLPTR 	EQU 	1270
TBLPTR0 	EQU 	0
TBLPTR1 	EQU 	1
TBLPTR10 	EQU 	16
TBLPTR11 	EQU 	17
TBLPTR12 	EQU 	18
TBLPTR13 	EQU 	19
TBLPTR14 	EQU 	20
TBLPTR15 	EQU 	21
TBLPTR16 	EQU 	22
TBLPTR17 	EQU 	23
TBLPTR18 	EQU 	24
TBLPTR19 	EQU 	25
TBLPTR2 	EQU 	2
TBLPTR20 	EQU 	32
TBLPTR3 	EQU 	3
TBLPTR4 	EQU 	4
TBLPTR5 	EQU 	5
TBLPTR6 	EQU 	6
TBLPTR7 	EQU 	7
TBLPTR8 	EQU 	8
TBLPTR9 	EQU 	9
TBLPTRH 	EQU 	1271
TBLPTRL 	EQU 	1270
TBLPTRU 	EQU 	1272
TBLPTRU0 	EQU 	0
TBLPTRU1 	EQU 	1
TBLPTRU2 	EQU 	2
TBLPTRU3 	EQU 	3
TBLPTRU4 	EQU 	4
TBLPTRU5 	EQU 	5
TCNTH0 	EQU 	0
TCNTH1 	EQU 	1
TCNTH2 	EQU 	2
TCZIE 	EQU 	6
TCZIF 	EQU 	6
TH0 	EQU 	0
TH1 	EQU 	1
TMD0 	EQU 	0
TMD1 	EQU 	1
TMD2 	EQU 	2
TMR0 	EQU 	792
TMR0H 	EQU 	793
TMR0H0 	EQU 	0
TMR0H1 	EQU 	1
TMR0H2 	EQU 	2
TMR0H3 	EQU 	3
TMR0H4 	EQU 	4
TMR0H5 	EQU 	5
TMR0H6 	EQU 	6
TMR0H7 	EQU 	7
TMR0IE 	EQU 	3
TMR0IF 	EQU 	3
TMR0IP 	EQU 	3
TMR0L 	EQU 	792
TMR0L0 	EQU 	0
TMR0L1 	EQU 	1
TMR0L2 	EQU 	2
TMR0L3 	EQU 	3
TMR0L4 	EQU 	4
TMR0L5 	EQU 	5
TMR0L6 	EQU 	6
TMR0L7 	EQU 	7
TMR0MD 	EQU 	0
TMR1 	EQU 	786
TMR10 	EQU 	0
TMR11 	EQU 	1
TMR110 	EQU 	2
TMR111 	EQU 	3
TMR112 	EQU 	4
TMR113 	EQU 	5
TMR114 	EQU 	6
TMR115 	EQU 	7
TMR12 	EQU 	2
TMR13 	EQU 	3
TMR14 	EQU 	4
TMR15 	EQU 	5
TMR16 	EQU 	6
TMR17 	EQU 	7
TMR18 	EQU 	0
TMR19 	EQU 	1
TMR1CLK 	EQU 	791
TMR1CON 	EQU 	788
TMR1GATE 	EQU 	790
TMR1GCON 	EQU 	789
TMR1GIE 	EQU 	3
TMR1GIF 	EQU 	3
TMR1GIP 	EQU 	3
TMR1H 	EQU 	787
TMR1H0 	EQU 	0
TMR1H1 	EQU 	1
TMR1H2 	EQU 	2
TMR1H3 	EQU 	3
TMR1H4 	EQU 	4
TMR1H5 	EQU 	5
TMR1H6 	EQU 	6
TMR1H7 	EQU 	7
TMR1IE 	EQU 	2
TMR1IF 	EQU 	2
TMR1IP 	EQU 	2
TMR1L 	EQU 	786
TMR1L0 	EQU 	0
TMR1L1 	EQU 	1
TMR1L2 	EQU 	2
TMR1L3 	EQU 	3
TMR1L4 	EQU 	4
TMR1L5 	EQU 	5
TMR1L6 	EQU 	6
TMR1L7 	EQU 	7
TMR1MD 	EQU 	1
TMR1ON 	EQU 	0
TMR2 	EQU 	797
TMR2IE 	EQU 	6
TMR2IF 	EQU 	6
TMR2IP 	EQU 	6
TMR2MD 	EQU 	2
TMR2ON 	EQU 	7
TMR3 	EQU 	803
TMR30 	EQU 	0
TMR31 	EQU 	1
TMR310 	EQU 	2
TMR311 	EQU 	3
TMR312 	EQU 	4
TMR313 	EQU 	5
TMR314 	EQU 	6
TMR315 	EQU 	7
TMR32 	EQU 	2
TMR33 	EQU 	3
TMR34 	EQU 	4
TMR35 	EQU 	5
TMR36 	EQU 	6
TMR37 	EQU 	7
TMR38 	EQU 	0
TMR39 	EQU 	1
TMR3CLK 	EQU 	808
TMR3CON 	EQU 	805
TMR3GATE 	EQU 	807
TMR3GCON 	EQU 	806
TMR3GIE 	EQU 	5
TMR3GIF 	EQU 	5
TMR3GIP 	EQU 	5
TMR3H 	EQU 	804
TMR3H0 	EQU 	0
TMR3H1 	EQU 	1
TMR3H2 	EQU 	2
TMR3H3 	EQU 	3
TMR3H4 	EQU 	4
TMR3H5 	EQU 	5
TMR3H6 	EQU 	6
TMR3H7 	EQU 	7
TMR3IE 	EQU 	4
TMR3IF 	EQU 	4
TMR3IP 	EQU 	4
TMR3L 	EQU 	803
TMR3L0 	EQU 	0
TMR3L1 	EQU 	1
TMR3L2 	EQU 	2
TMR3L3 	EQU 	3
TMR3L4 	EQU 	4
TMR3L5 	EQU 	5
TMR3L6 	EQU 	6
TMR3L7 	EQU 	7
TMR3ON 	EQU 	0
TMR4 	EQU 	810
TMR4IE 	EQU 	7
TMR4IF 	EQU 	7
TMR4IP 	EQU 	7
TMR4MD 	EQU 	4
TMR4ON 	EQU 	7
TMRAOSEN 	EQU 	6
TMRBOSEN 	EQU 	6
TMRH0 	EQU 	0
TMRH1 	EQU 	1
TMRH2 	EQU 	2
TMRH3 	EQU 	3
TMRH4 	EQU 	4
TMRH5 	EQU 	5
TMRH6 	EQU 	6
TMRH7 	EQU 	7
TMRL0 	EQU 	0
TMRL1 	EQU 	1
TMRL2 	EQU 	2
TMRL3 	EQU 	3
TMRL4 	EQU 	4
TMRL5 	EQU 	5
TMRL6 	EQU 	6
TMRL7 	EQU 	7
TMRT0 	EQU 	0
TMRT1 	EQU 	1
TMRT2 	EQU 	2
TMRT3 	EQU 	3
TMRT4 	EQU 	4
TMRT5 	EQU 	5
TMRT6 	EQU 	6
TMRT7 	EQU 	7
TO 	EQU 	6
TOBY32 	EQU 	6
TOREC 	EQU 	7
TOS 	EQU 	1277
TOS0 	EQU 	0
TOS1 	EQU 	1
TOS10 	EQU 	16
TOS11 	EQU 	17
TOS12 	EQU 	18
TOS13 	EQU 	19
TOS14 	EQU 	20
TOS15 	EQU 	21
TOS16 	EQU 	22
TOS17 	EQU 	23
TOS18 	EQU 	24
TOS19 	EQU 	25
TOS2 	EQU 	2
TOS20 	EQU 	32
TOS3 	EQU 	3
TOS4 	EQU 	4
TOS5 	EQU 	5
TOS6 	EQU 	6
TOS7 	EQU 	7
TOS8 	EQU 	8
TOS9 	EQU 	9
TOSH 	EQU 	1278
TOSL 	EQU 	1277
TOSU 	EQU 	1279
TOTIME0 	EQU 	0
TOTIME1 	EQU 	1
TOTIME2 	EQU 	2
TOTIME3 	EQU 	3
TOTIME4 	EQU 	4
TOTIME5 	EQU 	5
TRIGEN 	EQU 	6
TRISA 	EQU 	328
TRISA0 	EQU 	0
TRISA1 	EQU 	1
TRISA2 	EQU 	2
TRISA3 	EQU 	3
TRISA4 	EQU 	4
TRISA5 	EQU 	5
TRISA6 	EQU 	6
TRISA7 	EQU 	7
TRISB 	EQU 	329
TRISB0 	EQU 	0
TRISB1 	EQU 	1
TRISB2 	EQU 	2
TRISB3 	EQU 	3
TRISB4 	EQU 	4
TRISB5 	EQU 	5
TRISB6 	EQU 	6
TRISB7 	EQU 	7
TRISC 	EQU 	330
TRISC0 	EQU 	0
TRISC0PPS 	EQU 	401
TRISC0PPS0 	EQU 	0
TRISC0PPS1 	EQU 	1
TRISC0PPS2 	EQU 	2
TRISC0PPS3 	EQU 	3
TRISC0PPS4 	EQU 	4
TRISC1 	EQU 	1
TRISC1PPS 	EQU 	402
TRISC1PPS0 	EQU 	0
TRISC1PPS1 	EQU 	1
TRISC1PPS2 	EQU 	2
TRISC1PPS3 	EQU 	3
TRISC1PPS4 	EQU 	4
TRISC2 	EQU 	2
TRISC2PPS 	EQU 	403
TRISC2PPS0 	EQU 	0
TRISC2PPS1 	EQU 	1
TRISC2PPS2 	EQU 	2
TRISC2PPS3 	EQU 	3
TRISC2PPS4 	EQU 	4
TRISC3 	EQU 	3
TRISC3PPS 	EQU 	404
TRISC3PPS0 	EQU 	0
TRISC3PPS1 	EQU 	1
TRISC3PPS2 	EQU 	2
TRISC3PPS3 	EQU 	3
TRISC3PPS4 	EQU 	4
TRISC4 	EQU 	4
TRISC4PPS 	EQU 	405
TRISC4PPS0 	EQU 	0
TRISC4PPS1 	EQU 	1
TRISC4PPS2 	EQU 	2
TRISC4PPS3 	EQU 	3
TRISC4PPS4 	EQU 	4
TRISC5 	EQU 	5
TRISC5PPS 	EQU 	406
TRISC5PPS0 	EQU 	0
TRISC5PPS1 	EQU 	1
TRISC5PPS2 	EQU 	2
TRISC5PPS3 	EQU 	3
TRISC5PPS4 	EQU 	4
TRISC6 	EQU 	6
TRISC6PPS 	EQU 	407
TRISC6PPS0 	EQU 	0
TRISC6PPS1 	EQU 	1
TRISC6PPS2 	EQU 	2
TRISC6PPS3 	EQU 	3
TRISC6PPS4 	EQU 	4
TRISC7 	EQU 	7
TRISD 	EQU 	331
TRISD0 	EQU 	0
TRISD1 	EQU 	1
TRISD2 	EQU 	2
TRISD3 	EQU 	3
TRISD4 	EQU 	4
TRISD5 	EQU 	5
TRISD6 	EQU 	6
TRISD7 	EQU 	7
TRISE 	EQU 	332
TRISE0 	EQU 	0
TRISE1 	EQU 	1
TRISE2 	EQU 	2
TSEL0 	EQU 	0
TSEL1 	EQU 	1
TSEL2 	EQU 	2
TSEL3 	EQU 	3
TSEN 	EQU 	5
TSRNG 	EQU 	4
TU16ACAPT 	EQU 	3
TU16ACIE 	EQU 	0
TU16ACIF 	EQU 	0
TU16ACLK 	EQU 	937
TU16ACLK0 	EQU 	0
TU16ACLK1 	EQU 	1
TU16ACLK2 	EQU 	2
TU16ACLK3 	EQU 	3
TU16ACLK4 	EQU 	4
TU16ACLK_CLK0 	EQU 	0
TU16ACLK_CLK1 	EQU 	1
TU16ACLK_CLK2 	EQU 	2
TU16ACLK_CLK3 	EQU 	3
TU16ACLK_CLK4 	EQU 	4
TU16ACLR 	EQU 	5
TU16ACON0 	EQU 	925
TU16ACON1 	EQU 	926
TU16ACPOL 	EQU 	6
TU16ACR 	EQU 	929
TU16ACR0 	EQU 	0
TU16ACR1 	EQU 	1
TU16ACR10 	EQU 	2
TU16ACR11 	EQU 	3
TU16ACR12 	EQU 	4
TU16ACR13 	EQU 	5
TU16ACR14 	EQU 	6
TU16ACR15 	EQU 	7
TU16ACR2 	EQU 	2
TU16ACR24 	EQU 	0
TU16ACR25 	EQU 	1
TU16ACR26 	EQU 	2
TU16ACR27 	EQU 	3
TU16ACR28 	EQU 	4
TU16ACR29 	EQU 	5
TU16ACR3 	EQU 	3
TU16ACR30 	EQU 	6
TU16ACR31 	EQU 	7
TU16ACR4 	EQU 	4
TU16ACR5 	EQU 	5
TU16ACR6 	EQU 	6
TU16ACR7 	EQU 	7
TU16ACR8 	EQU 	0
TU16ACR9 	EQU 	1
TU16ACRH 	EQU 	930
TU16ACRH0 	EQU 	0
TU16ACRH1 	EQU 	1
TU16ACRH2 	EQU 	2
TU16ACRH3 	EQU 	3
TU16ACRH4 	EQU 	4
TU16ACRH5 	EQU 	5
TU16ACRH6 	EQU 	6
TU16ACRH7 	EQU 	7
TU16ACRL 	EQU 	929
TU16ACRL0 	EQU 	0
TU16ACRL1 	EQU 	1
TU16ACRL2 	EQU 	2
TU16ACRL3 	EQU 	3
TU16ACRL4 	EQU 	4
TU16ACRL5 	EQU 	5
TU16ACRL6 	EQU 	6
TU16ACRL7 	EQU 	7
TU16ACRT 	EQU 	932
TU16ACRT0 	EQU 	0
TU16ACRT1 	EQU 	1
TU16ACRT2 	EQU 	2
TU16ACRT3 	EQU 	3
TU16ACRT4 	EQU 	4
TU16ACRT5 	EQU 	5
TU16ACRT6 	EQU 	6
TU16ACRT7 	EQU 	7
TU16ACSYNC 	EQU 	6
TU16AEPOL 	EQU 	7
TU16AERS 	EQU 	938
TU16AERS0 	EQU 	0
TU16AERS1 	EQU 	1
TU16AERS2 	EQU 	2
TU16AERS3 	EQU 	3
TU16AERS4 	EQU 	4
TU16AERS5 	EQU 	5
TU16AERS_ERS0 	EQU 	0
TU16AERS_ERS1 	EQU 	1
TU16AERS_ERS2 	EQU 	2
TU16AERS_ERS3 	EQU 	3
TU16AHLT 	EQU 	927
TU16AHLT_RESET0 	EQU 	2
TU16AHLT_RESET1 	EQU 	3
TU16AHLT_START0 	EQU 	4
TU16AHLT_START1 	EQU 	5
TU16AHLT_STOP0 	EQU 	0
TU16AHLT_STOP1 	EQU 	1
TU16AHLT_TU16ARESET0 	EQU 	2
TU16AHLT_TU16ARESET1 	EQU 	3
TU16AHLT_TU16ASTART0 	EQU 	4
TU16AHLT_TU16ASTART1 	EQU 	5
TU16AHLT_TU16ASTOP0 	EQU 	0
TU16AHLT_TU16ASTOP1 	EQU 	1
TU16AIE 	EQU 	0
TU16AIF 	EQU 	0
TU16AIP 	EQU 	0
TU16ALIMIT 	EQU 	4
TU16AMD 	EQU 	1
TU16AOM 	EQU 	5
TU16AON 	EQU 	7
TU16AOPOL 	EQU 	4
TU16APR 	EQU 	933
TU16APR0 	EQU 	0
TU16APR1 	EQU 	1
TU16APR10 	EQU 	2
TU16APR11 	EQU 	3
TU16APR12 	EQU 	4
TU16APR13 	EQU 	5
TU16APR14 	EQU 	6
TU16APR15 	EQU 	7
TU16APR2 	EQU 	2
TU16APR24 	EQU 	0
TU16APR25 	EQU 	1
TU16APR26 	EQU 	2
TU16APR27 	EQU 	3
TU16APR28 	EQU 	4
TU16APR29 	EQU 	5
TU16APR3 	EQU 	3
TU16APR30 	EQU 	6
TU16APR31 	EQU 	7
TU16APR4 	EQU 	4
TU16APR5 	EQU 	5
TU16APR6 	EQU 	6
TU16APR7 	EQU 	7
TU16APR8 	EQU 	0
TU16APR9 	EQU 	1
TU16APRH 	EQU 	934
TU16APRH0 	EQU 	0
TU16APRH1 	EQU 	1
TU16APRH2 	EQU 	2
TU16APRH3 	EQU 	3
TU16APRH4 	EQU 	4
TU16APRH5 	EQU 	5
TU16APRH6 	EQU 	6
TU16APRH7 	EQU 	7
TU16APRIE 	EQU 	2
TU16APRIF 	EQU 	2
TU16APRL 	EQU 	933
TU16APRL0 	EQU 	0
TU16APRL1 	EQU 	1
TU16APRL2 	EQU 	2
TU16APRL3 	EQU 	3
TU16APRL4 	EQU 	4
TU16APRL5 	EQU 	5
TU16APRL6 	EQU 	6
TU16APRL7 	EQU 	7
TU16APRT 	EQU 	936
TU16APRT0 	EQU 	0
TU16APRT1 	EQU 	1
TU16APRT2 	EQU 	2
TU16APRT3 	EQU 	3
TU16APRT4 	EQU 	4
TU16APRT5 	EQU 	5
TU16APRT6 	EQU 	6
TU16APRT7 	EQU 	7
TU16APS 	EQU 	928
TU16APS0 	EQU 	0
TU16APS1 	EQU 	1
TU16APS2 	EQU 	2
TU16APS3 	EQU 	3
TU16APS4 	EQU 	4
TU16APS5 	EQU 	5
TU16APS6 	EQU 	6
TU16APS7 	EQU 	7
TU16ARDSEL 	EQU 	3
TU16ARESET0 	EQU 	2
TU16ARESET1 	EQU 	3
TU16ARUN 	EQU 	7
TU16ASTART0 	EQU 	4
TU16ASTART1 	EQU 	5
TU16ASTOP0 	EQU 	0
TU16ASTOP1 	EQU 	1
TU16ATMR 	EQU 	929
TU16ATMR0 	EQU 	0
TU16ATMR1 	EQU 	1
TU16ATMR10 	EQU 	2
TU16ATMR11 	EQU 	3
TU16ATMR12 	EQU 	4
TU16ATMR13 	EQU 	5
TU16ATMR14 	EQU 	6
TU16ATMR15 	EQU 	7
TU16ATMR2 	EQU 	2
TU16ATMR24 	EQU 	0
TU16ATMR25 	EQU 	1
TU16ATMR26 	EQU 	2
TU16ATMR27 	EQU 	3
TU16ATMR28 	EQU 	4
TU16ATMR29 	EQU 	5
TU16ATMR3 	EQU 	3
TU16ATMR30 	EQU 	6
TU16ATMR31 	EQU 	7
TU16ATMR4 	EQU 	4
TU16ATMR5 	EQU 	5
TU16ATMR6 	EQU 	6
TU16ATMR7 	EQU 	7
TU16ATMR8 	EQU 	0
TU16ATMR9 	EQU 	1
TU16ATMRH 	EQU 	930
TU16ATMRH0 	EQU 	0
TU16ATMRH1 	EQU 	1
TU16ATMRH2 	EQU 	2
TU16ATMRH3 	EQU 	3
TU16ATMRH4 	EQU 	4
TU16ATMRH5 	EQU 	5
TU16ATMRH6 	EQU 	6
TU16ATMRH7 	EQU 	7
TU16ATMRL 	EQU 	929
TU16ATMRL0 	EQU 	0
TU16ATMRL1 	EQU 	1
TU16ATMRL2 	EQU 	2
TU16ATMRL3 	EQU 	3
TU16ATMRL4 	EQU 	4
TU16ATMRL5 	EQU 	5
TU16ATMRL6 	EQU 	6
TU16ATMRL7 	EQU 	7
TU16ATMRT 	EQU 	932
TU16ATMRT0 	EQU 	0
TU16ATMRT1 	EQU 	1
TU16ATMRT2 	EQU 	2
TU16ATMRT3 	EQU 	3
TU16ATMRT4 	EQU 	4
TU16ATMRT5 	EQU 	5
TU16ATMRT6 	EQU 	6
TU16ATMRT7 	EQU 	7
TU16AZIE 	EQU 	1
TU16AZIF 	EQU 	1
TU16BCAPT 	EQU 	3
TU16BCIE 	EQU 	0
TU16BCIF 	EQU 	0
TU16BCLK 	EQU 	951
TU16BCLK0 	EQU 	0
TU16BCLK1 	EQU 	1
TU16BCLK2 	EQU 	2
TU16BCLK3 	EQU 	3
TU16BCLK4 	EQU 	4
TU16BCLK_CLK0 	EQU 	0
TU16BCLK_CLK1 	EQU 	1
TU16BCLK_CLK2 	EQU 	2
TU16BCLK_CLK3 	EQU 	3
TU16BCLK_CLK4 	EQU 	4
TU16BCLR 	EQU 	5
TU16BCON0 	EQU 	939
TU16BCON0_CIE 	EQU 	0
TU16BCON0_CPOL 	EQU 	6
TU16BCON0_OM 	EQU 	5
TU16BCON0_OPOL 	EQU 	4
TU16BCON0_PRIE 	EQU 	2
TU16BCON0_RDSEL 	EQU 	3
TU16BCON0_ZIE 	EQU 	1
TU16BCON1 	EQU 	940
TU16BCON1_CAPT 	EQU 	3
TU16BCON1_CIF 	EQU 	0
TU16BCON1_CLR 	EQU 	5
TU16BCON1_LIMIT 	EQU 	4
TU16BCON1_OSEN 	EQU 	6
TU16BCON1_PRIF 	EQU 	2
TU16BCON1_RUN 	EQU 	7
TU16BCON1_ZIF 	EQU 	1
TU16BCPOL 	EQU 	6
TU16BCR 	EQU 	943
TU16BCR0 	EQU 	0
TU16BCR1 	EQU 	1
TU16BCR10 	EQU 	2
TU16BCR11 	EQU 	3
TU16BCR12 	EQU 	4
TU16BCR13 	EQU 	5
TU16BCR14 	EQU 	6
TU16BCR15 	EQU 	7
TU16BCR2 	EQU 	2
TU16BCR24 	EQU 	0
TU16BCR25 	EQU 	1
TU16BCR26 	EQU 	2
TU16BCR27 	EQU 	3
TU16BCR28 	EQU 	4
TU16BCR29 	EQU 	5
TU16BCR3 	EQU 	3
TU16BCR30 	EQU 	6
TU16BCR31 	EQU 	7
TU16BCR4 	EQU 	4
TU16BCR5 	EQU 	5
TU16BCR6 	EQU 	6
TU16BCR7 	EQU 	7
TU16BCR8 	EQU 	0
TU16BCR9 	EQU 	1
TU16BCRH 	EQU 	944
TU16BCRH0 	EQU 	0
TU16BCRH1 	EQU 	1
TU16BCRH2 	EQU 	2
TU16BCRH3 	EQU 	3
TU16BCRH4 	EQU 	4
TU16BCRH5 	EQU 	5
TU16BCRH6 	EQU 	6
TU16BCRH7 	EQU 	7
TU16BCRL 	EQU 	943
TU16BCRL0 	EQU 	0
TU16BCRL1 	EQU 	1
TU16BCRL2 	EQU 	2
TU16BCRL3 	EQU 	3
TU16BCRL4 	EQU 	4
TU16BCRL5 	EQU 	5
TU16BCRL6 	EQU 	6
TU16BCRL7 	EQU 	7
TU16BCRT 	EQU 	946
TU16BCRT0 	EQU 	0
TU16BCRT1 	EQU 	1
TU16BCRT2 	EQU 	2
TU16BCRT3 	EQU 	3
TU16BCRT4 	EQU 	4
TU16BCRT5 	EQU 	5
TU16BCRT6 	EQU 	6
TU16BCRT7 	EQU 	7
TU16BCSYNC 	EQU 	6
TU16BEPOL 	EQU 	7
TU16BERS 	EQU 	952
TU16BERS0 	EQU 	0
TU16BERS1 	EQU 	1
TU16BERS2 	EQU 	2
TU16BERS3 	EQU 	3
TU16BERS4 	EQU 	4
TU16BERS5 	EQU 	5
TU16BERS_ERS0 	EQU 	0
TU16BERS_ERS1 	EQU 	1
TU16BERS_ERS2 	EQU 	2
TU16BERS_ERS3 	EQU 	3
TU16BERS_ERS4 	EQU 	4
TU16BERS_ERS5 	EQU 	5
TU16BHLT 	EQU 	941
TU16BHLT_CSYNC 	EQU 	6
TU16BHLT_EPOL 	EQU 	7
TU16BHLT_RESET0 	EQU 	2
TU16BHLT_RESET1 	EQU 	3
TU16BHLT_START0 	EQU 	4
TU16BHLT_START1 	EQU 	5
TU16BHLT_STOP0 	EQU 	0
TU16BHLT_STOP1 	EQU 	1
TU16BHLT_TU16BHLT_RESET0 	EQU 	2
TU16BHLT_TU16BHLT_RESET1 	EQU 	3
TU16BHLT_TU16BHLT_START0 	EQU 	4
TU16BHLT_TU16BHLT_START1 	EQU 	5
TU16BHLT_TU16BHLT_STOP0 	EQU 	0
TU16BHLT_TU16BHLT_STOP1 	EQU 	1
TU16BHLT_TU16BRESET0 	EQU 	2
TU16BHLT_TU16BRESET1 	EQU 	3
TU16BHLT_TU16BSTART0 	EQU 	4
TU16BHLT_TU16BSTART1 	EQU 	5
TU16BHLT_TU16BSTOP0 	EQU 	0
TU16BHLT_TU16BSTOP1 	EQU 	1
TU16BIE 	EQU 	1
TU16BIF 	EQU 	1
TU16BIP 	EQU 	1
TU16BLIMIT 	EQU 	4
TU16BMD 	EQU 	2
TU16BOM 	EQU 	5
TU16BON 	EQU 	7
TU16BOPOL 	EQU 	4
TU16BPR 	EQU 	947
TU16BPR0 	EQU 	0
TU16BPR1 	EQU 	1
TU16BPR10 	EQU 	2
TU16BPR11 	EQU 	3
TU16BPR12 	EQU 	4
TU16BPR13 	EQU 	5
TU16BPR14 	EQU 	6
TU16BPR15 	EQU 	7
TU16BPR2 	EQU 	2
TU16BPR24 	EQU 	0
TU16BPR25 	EQU 	1
TU16BPR26 	EQU 	2
TU16BPR27 	EQU 	3
TU16BPR28 	EQU 	4
TU16BPR29 	EQU 	5
TU16BPR3 	EQU 	3
TU16BPR30 	EQU 	6
TU16BPR31 	EQU 	7
TU16BPR4 	EQU 	4
TU16BPR5 	EQU 	5
TU16BPR6 	EQU 	6
TU16BPR7 	EQU 	7
TU16BPR8 	EQU 	0
TU16BPR9 	EQU 	1
TU16BPRH 	EQU 	948
TU16BPRH0 	EQU 	0
TU16BPRH1 	EQU 	1
TU16BPRH2 	EQU 	2
TU16BPRH3 	EQU 	3
TU16BPRH4 	EQU 	4
TU16BPRH5 	EQU 	5
TU16BPRH6 	EQU 	6
TU16BPRH7 	EQU 	7
TU16BPRH_PRH0 	EQU 	0
TU16BPRH_PRH1 	EQU 	1
TU16BPRH_PRH2 	EQU 	2
TU16BPRH_PRH3 	EQU 	3
TU16BPRH_PRH4 	EQU 	4
TU16BPRH_PRH5 	EQU 	5
TU16BPRH_PRH6 	EQU 	6
TU16BPRH_PRH7 	EQU 	7
TU16BPRIE 	EQU 	2
TU16BPRIF 	EQU 	2
TU16BPRL 	EQU 	947
TU16BPRL0 	EQU 	0
TU16BPRL1 	EQU 	1
TU16BPRL2 	EQU 	2
TU16BPRL3 	EQU 	3
TU16BPRL4 	EQU 	4
TU16BPRL5 	EQU 	5
TU16BPRL6 	EQU 	6
TU16BPRL7 	EQU 	7
TU16BPRT 	EQU 	950
TU16BPRT0 	EQU 	0
TU16BPRT1 	EQU 	1
TU16BPRT2 	EQU 	2
TU16BPRT3 	EQU 	3
TU16BPRT4 	EQU 	4
TU16BPRT5 	EQU 	5
TU16BPRT6 	EQU 	6
TU16BPRT7 	EQU 	7
TU16BPRT_PRT0 	EQU 	0
TU16BPRT_PRT1 	EQU 	1
TU16BPRT_PRT2 	EQU 	2
TU16BPRT_PRT3 	EQU 	3
TU16BPRT_PRT4 	EQU 	4
TU16BPRT_PRT5 	EQU 	5
TU16BPRT_PRT6 	EQU 	6
TU16BPRT_PRT7 	EQU 	7
TU16BPR_PRL0 	EQU 	0
TU16BPR_PRL1 	EQU 	1
TU16BPR_PRL2 	EQU 	2
TU16BPR_PRL3 	EQU 	3
TU16BPR_PRL4 	EQU 	4
TU16BPR_PRL5 	EQU 	5
TU16BPR_PRL6 	EQU 	6
TU16BPR_PRL7 	EQU 	7
TU16BPS 	EQU 	942
TU16BPS0 	EQU 	0
TU16BPS1 	EQU 	1
TU16BPS2 	EQU 	2
TU16BPS3 	EQU 	3
TU16BPS4 	EQU 	4
TU16BPS5 	EQU 	5
TU16BPS6 	EQU 	6
TU16BPS7 	EQU 	7
TU16BPS_PS0 	EQU 	0
TU16BPS_PS1 	EQU 	1
TU16BPS_PS2 	EQU 	2
TU16BPS_PS3 	EQU 	3
TU16BPS_PS4 	EQU 	4
TU16BPS_PS5 	EQU 	5
TU16BPS_PS6 	EQU 	6
TU16BPS_PS7 	EQU 	7
TU16BRDSEL 	EQU 	3
TU16BRESET0 	EQU 	2
TU16BRESET1 	EQU 	3
TU16BRUN 	EQU 	7
TU16BSTART0 	EQU 	4
TU16BSTART1 	EQU 	5
TU16BSTOP0 	EQU 	0
TU16BSTOP1 	EQU 	1
TU16BTMR 	EQU 	943
TU16BTMR0 	EQU 	0
TU16BTMR1 	EQU 	1
TU16BTMR10 	EQU 	2
TU16BTMR11 	EQU 	3
TU16BTMR12 	EQU 	4
TU16BTMR13 	EQU 	5
TU16BTMR14 	EQU 	6
TU16BTMR15 	EQU 	7
TU16BTMR2 	EQU 	2
TU16BTMR24 	EQU 	0
TU16BTMR25 	EQU 	1
TU16BTMR26 	EQU 	2
TU16BTMR27 	EQU 	3
TU16BTMR28 	EQU 	4
TU16BTMR29 	EQU 	5
TU16BTMR3 	EQU 	3
TU16BTMR30 	EQU 	6
TU16BTMR31 	EQU 	7
TU16BTMR4 	EQU 	4
TU16BTMR5 	EQU 	5
TU16BTMR6 	EQU 	6
TU16BTMR7 	EQU 	7
TU16BTMR8 	EQU 	0
TU16BTMR9 	EQU 	1
TU16BTMRH 	EQU 	944
TU16BTMRH0 	EQU 	0
TU16BTMRH1 	EQU 	1
TU16BTMRH2 	EQU 	2
TU16BTMRH3 	EQU 	3
TU16BTMRH4 	EQU 	4
TU16BTMRH5 	EQU 	5
TU16BTMRH6 	EQU 	6
TU16BTMRH7 	EQU 	7
TU16BTMRH_CRH0 	EQU 	0
TU16BTMRH_CRH1 	EQU 	1
TU16BTMRH_CRH2 	EQU 	2
TU16BTMRH_CRH3 	EQU 	3
TU16BTMRH_CRH4 	EQU 	4
TU16BTMRH_CRH5 	EQU 	5
TU16BTMRH_CRH6 	EQU 	6
TU16BTMRH_CRH7 	EQU 	7
TU16BTMRH_TMRH0 	EQU 	0
TU16BTMRH_TMRH1 	EQU 	1
TU16BTMRH_TMRH2 	EQU 	2
TU16BTMRH_TMRH3 	EQU 	3
TU16BTMRH_TMRH4 	EQU 	4
TU16BTMRH_TMRH5 	EQU 	5
TU16BTMRH_TMRH6 	EQU 	6
TU16BTMRH_TMRH7 	EQU 	7
TU16BTMRL 	EQU 	943
TU16BTMRL0 	EQU 	0
TU16BTMRL1 	EQU 	1
TU16BTMRL2 	EQU 	2
TU16BTMRL3 	EQU 	3
TU16BTMRL4 	EQU 	4
TU16BTMRL5 	EQU 	5
TU16BTMRL6 	EQU 	6
TU16BTMRL7 	EQU 	7
TU16BTMRT 	EQU 	946
TU16BTMRT0 	EQU 	0
TU16BTMRT1 	EQU 	1
TU16BTMRT2 	EQU 	2
TU16BTMRT3 	EQU 	3
TU16BTMRT4 	EQU 	4
TU16BTMRT5 	EQU 	5
TU16BTMRT6 	EQU 	6
TU16BTMRT7 	EQU 	7
TU16BTMRT_CRT0 	EQU 	0
TU16BTMRT_CRT1 	EQU 	1
TU16BTMRT_CRT2 	EQU 	2
TU16BTMRT_CRT3 	EQU 	3
TU16BTMRT_CRT4 	EQU 	4
TU16BTMRT_CRT5 	EQU 	5
TU16BTMRT_CRT6 	EQU 	6
TU16BTMRT_CRT7 	EQU 	7
TU16BTMRT_TMRT0 	EQU 	0
TU16BTMRT_TMRT1 	EQU 	1
TU16BTMRT_TMRT2 	EQU 	2
TU16BTMRT_TMRT3 	EQU 	3
TU16BTMRT_TMRT4 	EQU 	4
TU16BTMRT_TMRT5 	EQU 	5
TU16BTMRT_TMRT6 	EQU 	6
TU16BTMRT_TMRT7 	EQU 	7
TU16BTMR_CRL0 	EQU 	0
TU16BTMR_CRL1 	EQU 	1
TU16BTMR_CRL2 	EQU 	2
TU16BTMR_CRL3 	EQU 	3
TU16BTMR_CRL4 	EQU 	4
TU16BTMR_CRL5 	EQU 	5
TU16BTMR_CRL6 	EQU 	6
TU16BTMR_CRL7 	EQU 	7
TU16BTMR_TMRL0 	EQU 	0
TU16BTMR_TMRL1 	EQU 	1
TU16BTMR_TMRL2 	EQU 	2
TU16BTMR_TMRL3 	EQU 	3
TU16BTMR_TMRL4 	EQU 	4
TU16BTMR_TMRL5 	EQU 	5
TU16BTMR_TMRL6 	EQU 	6
TU16BTMR_TMRL7 	EQU 	7
TU16BZIE 	EQU 	1
TU16BZIF 	EQU 	1
TUCHAIN 	EQU 	953
TUIN0PPS 	EQU 	632
TUIN0PPS0 	EQU 	0
TUIN0PPS1 	EQU 	1
TUIN0PPS2 	EQU 	2
TUIN0PPS3 	EQU 	3
TUIN0PPS4 	EQU 	4
TUIN0PPS5 	EQU 	5
TUIN0PPS6 	EQU 	6
TUIN0PPS7 	EQU 	7
TUIN0PPS_PIN0 	EQU 	0
TUIN0PPS_PIN1 	EQU 	1
TUIN0PPS_PIN2 	EQU 	2
TUIN0PPS_PORT0 	EQU 	3
TUIN0PPS_PORT1 	EQU 	4
TUIN0PPS_PORT2 	EQU 	5
TUIN0PPS_PORT3 	EQU 	6
TUIN0PPS_PORT4 	EQU 	7
TUIN1PPS 	EQU 	633
TUIN1PPS0 	EQU 	0
TUIN1PPS1 	EQU 	1
TUIN1PPS2 	EQU 	2
TUIN1PPS3 	EQU 	3
TUIN1PPS4 	EQU 	4
TUIN1PPS5 	EQU 	5
TUIN1PPS6 	EQU 	6
TUIN1PPS7 	EQU 	7
TUIN1PPS_PIN0 	EQU 	0
TUIN1PPS_PIN1 	EQU 	1
TUIN1PPS_PIN2 	EQU 	2
TUIN1PPS_PORT0 	EQU 	3
TUIN1PPS_PORT1 	EQU 	4
TUIN1PPS_PORT2 	EQU 	5
TUIN1PPS_PORT3 	EQU 	6
TUIN1PPS_PORT4 	EQU 	7
TUN0 	EQU 	0
TUN1 	EQU 	1
TUN2 	EQU 	2
TUN3 	EQU 	3
TUN4 	EQU 	4
TUN5 	EQU 	5
TWIDTH0 	EQU 	0
TWIDTH1 	EQU 	1
TWIDTH2 	EQU 	2
TXB0 	EQU 	0
TXB1 	EQU 	1
TXB2 	EQU 	2
TXB3 	EQU 	3
TXB4 	EQU 	4
TXB5 	EQU 	5
TXB6 	EQU 	6
TXB7 	EQU 	7
TXBE 	EQU 	5
TXBF 	EQU 	4
TXCIE 	EQU 	0
TXCIF 	EQU 	0
TXEN 	EQU 	5
TXMTIE 	EQU 	7
TXMTIF 	EQU 	7
TXPOL 	EQU 	2
TXR 	EQU 	1
TXU 	EQU 	1
TXUIE 	EQU 	1
TXUIF 	EQU 	1
TXWE 	EQU 	7
TXWRE 	EQU 	7
U1ABDEN 	EQU 	6
U1ABDIE 	EQU 	2
U1ABDIF 	EQU 	6
U1ABDOVE 	EQU 	5
U1ABDOVF 	EQU 	5
U1BRG 	EQU 	707
U1BRGH 	EQU 	708
U1BRGL 	EQU 	707
U1BRGS 	EQU 	7
U1BRKOVR 	EQU 	1
U1C0EN 	EQU 	3
U1CERIE 	EQU 	4
U1CERIF 	EQU 	4
U1CON0 	EQU 	704
U1CON0_MODE0 	EQU 	0
U1CON0_MODE1 	EQU 	1
U1CON0_MODE2 	EQU 	2
U1CON0_MODE3 	EQU 	3
U1CON0_U1MODE0 	EQU 	0
U1CON0_U1MODE1 	EQU 	1
U1CON0_U1MODE2 	EQU 	2
U1CON0_U1MODE3 	EQU 	3
U1CON1 	EQU 	705
U1CON2 	EQU 	706
U1CON2_FLO0 	EQU 	0
U1CON2_FLO1 	EQU 	1
U1CON2_STP0 	EQU 	4
U1CON2_STP1 	EQU 	5
U1CON2_U1FLO0 	EQU 	0
U1CON2_U1FLO1 	EQU 	1
U1CON2_U1STP0 	EQU 	4
U1CON2_U1STP1 	EQU 	5
U1CTSPPS 	EQU 	627
U1CTSPPS0 	EQU 	0
U1CTSPPS1 	EQU 	1
U1CTSPPS2 	EQU 	2
U1CTSPPS3 	EQU 	3
U1CTSPPS4 	EQU 	4
U1CTSPPS5 	EQU 	5
U1CTSPPS6 	EQU 	6
U1CTSPPS7 	EQU 	7
U1CTSPPS_PIN0 	EQU 	0
U1CTSPPS_PIN1 	EQU 	1
U1CTSPPS_PIN2 	EQU 	2
U1CTSPPS_PORT0 	EQU 	3
U1CTSPPS_PORT1 	EQU 	4
U1CTSPPS_PORT2 	EQU 	5
U1CTSPPS_PORT3 	EQU 	6
U1CTSPPS_PORT4 	EQU 	7
U1EIE 	EQU 	2
U1EIF 	EQU 	2
U1EIP 	EQU 	2
U1ERRIE 	EQU 	712
U1ERRIR 	EQU 	711
U1FERIE 	EQU 	3
U1FERIF 	EQU 	3
U1FIFO 	EQU 	709
U1FLO0 	EQU 	0
U1FLO1 	EQU 	1
U1IE 	EQU 	3
U1IF 	EQU 	3
U1IP 	EQU 	3
U1MD 	EQU 	6
U1MODE0 	EQU 	0
U1MODE1 	EQU 	1
U1MODE2 	EQU 	2
U1MODE3 	EQU 	3
U1ON 	EQU 	7
U1P1 	EQU 	698
U1P1H 	EQU 	699
U1P1L 	EQU 	698
U1P2 	EQU 	700
U1P2H 	EQU 	701
U1P2L 	EQU 	700
U1P3 	EQU 	702
U1P3H 	EQU 	703
U1P3L 	EQU 	702
U1PERIE 	EQU 	6
U1PERIF 	EQU 	6
U1RCIDL 	EQU 	3
U1RUNOVF 	EQU 	7
U1RXB 	EQU 	694
U1RXBE 	EQU 	1
U1RXBF 	EQU 	0
U1RXBIMD 	EQU 	3
U1RXBKIE 	EQU 	2
U1RXBKIF 	EQU 	2
U1RXBL 	EQU 	694
U1RXCHK 	EQU 	695
U1RXEN 	EQU 	4
U1RXFOIE 	EQU 	1
U1RXFOIF 	EQU 	1
U1RXIDL 	EQU 	3
U1RXIE 	EQU 	0
U1RXIF 	EQU 	0
U1RXIP 	EQU 	0
U1RXPOL 	EQU 	6
U1RXPPS 	EQU 	626
U1RXPPS0 	EQU 	0
U1RXPPS1 	EQU 	1
U1RXPPS2 	EQU 	2
U1RXPPS3 	EQU 	3
U1RXPPS4 	EQU 	4
U1RXPPS5 	EQU 	5
U1RXPPS6 	EQU 	6
U1RXPPS7 	EQU 	7
U1RXPPS_PIN0 	EQU 	0
U1RXPPS_PIN1 	EQU 	1
U1RXPPS_PIN2 	EQU 	2
U1RXPPS_PORT0 	EQU 	3
U1RXPPS_PORT1 	EQU 	4
U1RXPPS_PORT2 	EQU 	5
U1RXPPS_PORT3 	EQU 	6
U1RXPPS_PORT4 	EQU 	7
U1SENDB 	EQU 	0
U1STP0 	EQU 	4
U1STP1 	EQU 	5
U1STPMD 	EQU 	6
U1TXB 	EQU 	696
U1TXBE 	EQU 	5
U1TXBF 	EQU 	4
U1TXBL 	EQU 	696
U1TXCHK 	EQU 	697
U1TXCIE 	EQU 	0
U1TXCIF 	EQU 	0
U1TXEN 	EQU 	5
U1TXIE 	EQU 	1
U1TXIF 	EQU 	1
U1TXIP 	EQU 	1
U1TXMTIE 	EQU 	7
U1TXMTIF 	EQU 	7
U1TXPOL 	EQU 	2
U1TXWRE 	EQU 	7
U1UIR 	EQU 	710
U1WUE 	EQU 	4
U1WUIF 	EQU 	7
U1XON 	EQU 	2
U2ABDEN 	EQU 	6
U2ABDIE 	EQU 	2
U2ABDIF 	EQU 	6
U2ABDOVE 	EQU 	5
U2ABDOVF 	EQU 	5
U2BRG 	EQU 	726
U2BRGH 	EQU 	727
U2BRGL 	EQU 	726
U2BRGS 	EQU 	7
U2BRKOVR 	EQU 	1
U2CERIE 	EQU 	4
U2CERIF 	EQU 	4
U2CON0 	EQU 	723
U2CON0_ABDEN 	EQU 	6
U2CON0_BRGS 	EQU 	7
U2CON0_MODE0 	EQU 	0
U2CON0_MODE1 	EQU 	1
U2CON0_MODE2 	EQU 	2
U2CON0_MODE3 	EQU 	3
U2CON0_RXEN 	EQU 	4
U2CON0_TXEN 	EQU 	5
U2CON0_U2CON0_MODE0 	EQU 	0
U2CON0_U2CON0_MODE1 	EQU 	1
U2CON0_U2CON0_MODE2 	EQU 	2
U2CON0_U2CON0_MODE3 	EQU 	3
U2CON0_U2MODE0 	EQU 	0
U2CON0_U2MODE1 	EQU 	1
U2CON0_U2MODE2 	EQU 	2
U2CON0_U2MODE3 	EQU 	3
U2CON1 	EQU 	724
U2CON1_BRKOVR 	EQU 	1
U2CON1_RXBIMD 	EQU 	3
U2CON1_SENDB 	EQU 	0
U2CON1_WUE 	EQU 	4
U2CON2 	EQU 	725
U2CON2_FLO0 	EQU 	0
U2CON2_FLO1 	EQU 	1
U2CON2_RUNOVF 	EQU 	7
U2CON2_RXPOL 	EQU 	6
U2CON2_STP0 	EQU 	4
U2CON2_STP1 	EQU 	5
U2CON2_TXPOL 	EQU 	2
U2CON2_U2CON2_FLO0 	EQU 	0
U2CON2_U2CON2_FLO1 	EQU 	1
U2CON2_U2CON2_STP0 	EQU 	4
U2CON2_U2CON2_STP1 	EQU 	5
U2CON2_U2FLO0 	EQU 	0
U2CON2_U2FLO1 	EQU 	1
U2CON2_U2STP0 	EQU 	4
U2CON2_U2STP1 	EQU 	5
U2CTSPPS 	EQU 	629
U2CTSPPS0 	EQU 	0
U2CTSPPS1 	EQU 	1
U2CTSPPS2 	EQU 	2
U2CTSPPS3 	EQU 	3
U2CTSPPS4 	EQU 	4
U2CTSPPS5 	EQU 	5
U2CTSPPS6 	EQU 	6
U2CTSPPS7 	EQU 	7
U2CTSPPS_PIN0 	EQU 	0
U2CTSPPS_PIN1 	EQU 	1
U2CTSPPS_PIN2 	EQU 	2
U2CTSPPS_PORT0 	EQU 	3
U2CTSPPS_PORT1 	EQU 	4
U2CTSPPS_PORT2 	EQU 	5
U2CTSPPS_PORT3 	EQU 	6
U2CTSPPS_PORT4 	EQU 	7
U2EIE 	EQU 	6
U2EIF 	EQU 	6
U2EIP 	EQU 	6
U2ERRIE 	EQU 	731
U2ERRIE_ABDOVE 	EQU 	5
U2ERRIE_CERIE 	EQU 	4
U2ERRIE_FERIE 	EQU 	3
U2ERRIE_PERIE 	EQU 	6
U2ERRIE_RXBKIE 	EQU 	2
U2ERRIE_RXFOIE 	EQU 	1
U2ERRIE_TXCIE 	EQU 	0
U2ERRIE_TXMTIE 	EQU 	7
U2ERRIR 	EQU 	730
U2ERRIR_ABDOVF 	EQU 	5
U2ERRIR_CERIF 	EQU 	4
U2ERRIR_FERIF 	EQU 	3
U2ERRIR_PERIF 	EQU 	6
U2ERRIR_RXBKIF 	EQU 	2
U2ERRIR_RXFOIF 	EQU 	1
U2ERRIR_TXCIF 	EQU 	0
U2ERRIR_TXMTIF 	EQU 	7
U2FERIE 	EQU 	3
U2FERIF 	EQU 	3
U2FIFO 	EQU 	728
U2FIFO_RCIDL 	EQU 	3
U2FIFO_RXBE 	EQU 	1
U2FIFO_RXBF 	EQU 	0
U2FIFO_RXIDL 	EQU 	3
U2FIFO_STPMD 	EQU 	6
U2FIFO_TXBE 	EQU 	5
U2FIFO_TXBF 	EQU 	4
U2FIFO_TXWRE 	EQU 	7
U2FIFO_XON 	EQU 	2
U2FLO0 	EQU 	0
U2FLO1 	EQU 	1
U2IE 	EQU 	7
U2IF 	EQU 	7
U2IP 	EQU 	7
U2MD 	EQU 	7
U2MODE0 	EQU 	0
U2MODE1 	EQU 	1
U2MODE2 	EQU 	2
U2MODE3 	EQU 	3
U2ON 	EQU 	7
U2P1 	EQU 	717
U2P1L 	EQU 	717
U2P2 	EQU 	719
U2P2L 	EQU 	719
U2P3 	EQU 	721
U2P3L 	EQU 	721
U2PERIE 	EQU 	6
U2PERIF 	EQU 	6
U2RCIDL 	EQU 	3
U2RUNOVF 	EQU 	7
U2RXB 	EQU 	713
U2RXBE 	EQU 	1
U2RXBF 	EQU 	0
U2RXBIMD 	EQU 	3
U2RXBKIE 	EQU 	2
U2RXBKIF 	EQU 	2
U2RXBL 	EQU 	713
U2RXEN 	EQU 	4
U2RXFOIE 	EQU 	1
U2RXFOIF 	EQU 	1
U2RXIDL 	EQU 	3
U2RXIE 	EQU 	4
U2RXIF 	EQU 	4
U2RXIP 	EQU 	4
U2RXPOL 	EQU 	6
U2RXPPS 	EQU 	628
U2RXPPS0 	EQU 	0
U2RXPPS1 	EQU 	1
U2RXPPS2 	EQU 	2
U2RXPPS3 	EQU 	3
U2RXPPS4 	EQU 	4
U2RXPPS5 	EQU 	5
U2RXPPS6 	EQU 	6
U2RXPPS7 	EQU 	7
U2RXPPS_PIN0 	EQU 	0
U2RXPPS_PIN1 	EQU 	1
U2RXPPS_PIN2 	EQU 	2
U2RXPPS_PORT0 	EQU 	3
U2RXPPS_PORT1 	EQU 	4
U2RXPPS_PORT2 	EQU 	5
U2RXPPS_PORT3 	EQU 	6
U2RXPPS_PORT4 	EQU 	7
U2SENDB 	EQU 	0
U2STP0 	EQU 	4
U2STP1 	EQU 	5
U2STPMD 	EQU 	6
U2TXB 	EQU 	715
U2TXBE 	EQU 	5
U2TXBF 	EQU 	4
U2TXBL 	EQU 	715
U2TXCIE 	EQU 	0
U2TXCIF 	EQU 	0
U2TXEN 	EQU 	5
U2TXIE 	EQU 	5
U2TXIF 	EQU 	5
U2TXIP 	EQU 	5
U2TXMTIE 	EQU 	7
U2TXMTIF 	EQU 	7
U2TXPOL 	EQU 	2
U2TXWRE 	EQU 	7
U2UIR 	EQU 	729
U2UIR_ABDIE 	EQU 	2
U2UIR_ABDIF 	EQU 	6
U2UIR_WUIF 	EQU 	7
U2WUE 	EQU 	4
U2WUIF 	EQU 	7
U2XON 	EQU 	2
UD 	EQU 	6
UTH0 	EQU 	0
UTH1 	EQU 	1
UTH10 	EQU 	2
UTH11 	EQU 	3
UTH12 	EQU 	4
UTH13 	EQU 	5
UTH14 	EQU 	6
UTH15 	EQU 	7
UTH2 	EQU 	2
UTH3 	EQU 	3
UTH4 	EQU 	4
UTH5 	EQU 	5
UTH6 	EQU 	6
UTH7 	EQU 	7
UTH8 	EQU 	0
UTH9 	EQU 	1
UTHR 	EQU 	6
VDDIO2CON 	EQU 	269
VDDIO2CON_LVD0 	EQU 	0
VDDIO2CON_LVD1 	EQU 	1
VDDIO2CON_LVD2 	EQU 	2
VDDIO2CON_LVD3 	EQU 	3
VDDIO2LVDFIE 	EQU 	4
VDDIO2LVDFIF 	EQU 	4
VDDIO2LVDFIP 	EQU 	4
VDDIO2LVDRIE 	EQU 	5
VDDIO2LVDRIF 	EQU 	5
VDDIO2LVDRIP 	EQU 	5
VDDIO2PORFIE 	EQU 	6
VDDIO2PORFIF 	EQU 	6
VDDIO2PORFIP 	EQU 	6
VDDIO2PORRIE 	EQU 	7
VDDIO2PORRIF 	EQU 	7
VDDIO2PORRIP 	EQU 	7
VDDIO2STAT 	EQU 	270
VREGCON 	EQU 	72
VREGCON_PMSYS0 	EQU 	4
VREGCON_PMSYS1 	EQU 	5
VREGCON_VREGPM0 	EQU 	0
VREGCON_VREGPM1 	EQU 	1
VREGPM0 	EQU 	0
VREGPM1 	EQU 	1
W 	EQU 	0
WDTCON0 	EQU 	120
WDTCON0_PS0 	EQU 	1
WDTCON0_PS1 	EQU 	2
WDTCON0_PS2 	EQU 	3
WDTCON0_PS3 	EQU 	4
WDTCON0_PS4 	EQU 	5
WDTCON0_WDTCON0_PS0 	EQU 	1
WDTCON0_WDTCON0_PS1 	EQU 	2
WDTCON0_WDTCON0_PS2 	EQU 	3
WDTCON0_WDTCON0_PS3 	EQU 	4
WDTCON0_WDTCON0_PS4 	EQU 	5
WDTCON0_WDTPS0 	EQU 	1
WDTCON0_WDTPS1 	EQU 	2
WDTCON0_WDTPS2 	EQU 	3
WDTCON0_WDTPS3 	EQU 	4
WDTCON0_WDTPS4 	EQU 	5
WDTCON1 	EQU 	121
WDTCON1_CS0_WDTCON1 	EQU 	4
WDTCON1_CS1_WDTCON1 	EQU 	5
WDTCON1_CS2_WDTCON1 	EQU 	6
WDTCON1_WDTCS0 	EQU 	4
WDTCON1_WDTCS1 	EQU 	5
WDTCON1_WDTCS2 	EQU 	6
WDTCON1_WDTWINDOW0 	EQU 	0
WDTCON1_WDTWINDOW1 	EQU 	1
WDTCON1_WDTWINDOW2 	EQU 	2
WDTCON1_WINDOW0 	EQU 	0
WDTCON1_WINDOW1 	EQU 	1
WDTCON1_WINDOW2 	EQU 	2
WDTCS0 	EQU 	4
WDTCS1 	EQU 	5
WDTCS2 	EQU 	6
WDTPS 	EQU 	122
WDTPS0 	EQU 	1
WDTPS1 	EQU 	2
WDTPS2 	EQU 	3
WDTPS3 	EQU 	4
WDTPS4 	EQU 	5
WDTPSCNT16 	EQU 	0
WDTPSCNT17 	EQU 	1
WDTPSH 	EQU 	123
WDTPSL 	EQU 	122
WDTSEN 	EQU 	0
WDTSTATE 	EQU 	2
WDTTMR 	EQU 	124
WDTTMR0 	EQU 	3
WDTTMR1 	EQU 	4
WDTTMR2 	EQU 	5
WDTTMR3 	EQU 	6
WDTTMR4 	EQU 	7
WDTTMR_TMR0 	EQU 	3
WDTTMR_TMR1 	EQU 	4
WDTTMR_TMR2 	EQU 	5
WDTTMR_TMR3 	EQU 	6
WDTTMR_TMR4 	EQU 	7
WDTTMR_WDTTMR0 	EQU 	3
WDTTMR_WDTTMR1 	EQU 	4
WDTTMR_WDTTMR2 	EQU 	5
WDTTMR_WDTTMR3 	EQU 	6
WDTTMR_WDTTMR4 	EQU 	7
WDTWINDOW0 	EQU 	0
WDTWINDOW1 	EQU 	1
WDTWINDOW2 	EQU 	2
WDTWV 	EQU 	5
WINDOW0 	EQU 	0
WINDOW1 	EQU 	1
WINDOW2 	EQU 	2
WORDNUMBER 	EQU 	1491
WORDNUMBER_H 	EQU 	1492
WPUA 	EQU 	1025
WPUA0 	EQU 	0
WPUA1 	EQU 	1
WPUA2 	EQU 	2
WPUA3 	EQU 	3
WPUA4 	EQU 	4
WPUA5 	EQU 	5
WPUA6 	EQU 	6
WPUA7 	EQU 	7
WPUB 	EQU 	1033
WPUB0 	EQU 	0
WPUB1 	EQU 	1
WPUB2 	EQU 	2
WPUB3 	EQU 	3
WPUB4 	EQU 	4
WPUB5 	EQU 	5
WPUB6 	EQU 	6
WPUB7 	EQU 	7
WPUC 	EQU 	1041
WPUC0 	EQU 	0
WPUC1 	EQU 	1
WPUC2 	EQU 	2
WPUC3 	EQU 	3
WPUC4 	EQU 	4
WPUC5 	EQU 	5
WPUC6 	EQU 	6
WPUD 	EQU 	1049
WPUD0 	EQU 	0
WPUD1 	EQU 	1
WPUD2 	EQU 	2
WPUD3 	EQU 	3
WPUD4 	EQU 	4
WPUD5 	EQU 	5
WPUD6 	EQU 	6
WPUD7 	EQU 	7
WPUE 	EQU 	1057
WPUE0 	EQU 	0
WPUE1 	EQU 	1
WPUE2 	EQU 	2
WPUE3 	EQU 	3
WR1IE 	EQU 	4
WR1IF 	EQU 	4
WR2IE 	EQU 	4
WR2IF 	EQU 	4
WREG 	EQU 	1256
WREG_CSHAD 	EQU 	884
WREG_SHAD 	EQU 	888
WRERR 	EQU 	7
WRIE 	EQU 	4
WRIF 	EQU 	4
WRITE_COMMAND_SSD1309 	EQU 	8722
WRITE_DATA_SSD1309 	EQU 	8758
WUE 	EQU 	4
WUIF 	EQU 	7
XCHAR 	EQU 	1493
XIP 	EQU 	0
XOFFSET 	EQU 	1494
XOFFSET_H 	EQU 	1495
XON 	EQU 	2
XOR0 	EQU 	0
XOR1 	EQU 	1
XOR10 	EQU 	2
XOR11 	EQU 	3
XOR12 	EQU 	4
XOR13 	EQU 	5
XOR14 	EQU 	6
XOR15 	EQU 	7
XOR16 	EQU 	0
XOR17 	EQU 	1
XOR18 	EQU 	2
XOR19 	EQU 	3
XOR2 	EQU 	2
XOR20 	EQU 	4
XOR21 	EQU 	5
XOR22 	EQU 	6
XOR23 	EQU 	7
XOR24 	EQU 	0
XOR25 	EQU 	1
XOR26 	EQU 	2
XOR27 	EQU 	3
XOR28 	EQU 	4
XOR29 	EQU 	5
XOR3 	EQU 	3
XOR30 	EQU 	6
XOR31 	EQU 	7
XOR4 	EQU 	4
XOR5 	EQU 	5
XOR6 	EQU 	6
XOR7 	EQU 	7
XOR8 	EQU 	0
XOR9 	EQU 	1
XRADIUS 	EQU 	1496
XRADIUS_H 	EQU 	1497
YOFFSET 	EQU 	1498
YOFFSET_H 	EQU 	1499
YORDINATE 	EQU 	1500
Z 	EQU 	2
ZCD1CON 	EQU 	76
ZCD1IE 	EQU 	1
ZCD1IF 	EQU 	1
ZCD1IP 	EQU 	1
ZCD1MD 	EQU 	6
ZIE 	EQU 	1
ZIF 	EQU 	1
_LINE71 	EQU 	8796

Code:
Loc	Obj Code	Original Assembly



















































































































































































































































































	K	1111 KKKK KKKK KKKK:1110 1111 KKKK KKKK	12
000000	EF06 F000	GOTO BASPROGRAMSTART

	S	 0000 0000 0001 000S	0
000008	0010	RETFIE



		BASPROGRAMSTART
	K	1111 KKKK KKKK KKKK:1110 110S KKKK KKKK	6324
	S	1111 0000 0000 1100:1110 110S 0101 1010	0
00000C	EC5A F00C	CALL INITSYS
	K	1111 KKKK KKKK KKKK:1110 110S KKKK KKKK	6290
	S	1111 0000 0000 1100:1110 110S 0100 1001	0
000010	EC49 F00C	CALL INITPPS
	K	1111 KKKK KKKK KKKK:1110 110S KKKK KKKK	5556
	S	1111 0000 0000 1010:1110 110S 1101 1010	0
000014	ECDA F00A	CALL HI2CQ24Q35INIT
	K	1111 KKKK KKKK KKKK:1110 110S KKKK KKKK	5926
	S	1111 0000 0000 1011:1110 110S 1001 0011	0
000018	EC93 F00B	CALL INITGLCD_SSD1309

	K	 0000 0001 00KK KKKK	1
000000	0101	BANKSEL TRISB
	F	 1001 BBBA FFFF FFFF	329
	B	 1001 BBBA 0100 1001	0
	A	 1001 000A 0100 1001	1
00001E	9149	BCF TRISB,0,BANKED
	F	 1001 BBBA FFFF FFFF	329
	B	 1001 BBBA 0100 1001	1
	A	 1001 001A 0100 1001	1
000020	9349	BCF TRISB,1,BANKED
	F	 1001 BBBA FFFF FFFF	329
	B	 1001 BBBA 0100 1001	2
	A	 1001 010A 0100 1001	1
000022	9549	BCF TRISB,2,BANKED
	F	 1001 BBBA FFFF FFFF	329
	B	 1001 BBBA 0100 1001	3
	A	 1001 011A 0100 1001	1
000024	9749	BCF TRISB,3,BANKED
	F	 1000 BBBA FFFF FFFF	328
	B	 1000 BBBA 0100 1000	0
	A	 1000 000A 0100 1000	1
000026	8148	BSF TRISA,0,BANKED
	F	 1000 BBBA FFFF FFFF	328
	B	 1000 BBBA 0100 1000	4
	A	 1000 100A 0100 1000	1
000028	8948	BSF TRISA,4,BANKED
	F	 1000 BBBA FFFF FFFF	332
	B	 1000 BBBA 0100 1100	3
	A	 1000 011A 0100 1100	1
00002A	874C	BSF TRISE,3,BANKED
	K	 0000 1110 KKKK KKKK	12
00002C	0E0C	MOVLW 12
	K	 0000 0001 00KK KKKK	5
000000	0105	BANKSEL HI2CCURRENTMODE
	F	 0110 111A FFFF FFFF	1384
	A	 0110 111A 0110 1000	1
000030	6F68	MOVWF HI2CCURRENTMODE,BANKED
	K	 0000 0001 00KK KKKK	0
000000	0100	BANKSEL 0
	K	1111 KKKK KKKK KKKK:1110 110S KKKK KKKK	5554
	S	1111 0000 0000 1010:1110 110S 1101 1001	0
000034	ECD9 F00A	CALL HI2CMODE
	F	 0110 101A FFFF FFFF	1298
	A	 0110 101A 0001 0010	0
000038	6A12	CLRF CCOUNT,ACCESS
	K	 0000 0001 00KK KKKK	5
000000	0105	BANKSEL LONGNUMBER
	F	 0110 101A FFFF FFFF	1427
	A	 0110 101A 1001 0011	1
00003C	6B93	CLRF LONGNUMBER,BANKED
	F	 0110 101A FFFF FFFF	1428
	A	 0110 101A 1001 0100	1
00003E	6B94	CLRF LONGNUMBER_H,BANKED
	F	 0110 101A FFFF FFFF	1429
	A	 0110 101A 1001 0101	1
000040	6B95	CLRF LONGNUMBER_U,BANKED
	F	 0110 101A FFFF FFFF	1430
	A	 0110 101A 1001 0110	1
000042	6B96	CLRF LONGNUMBER_E,BANKED
	F	 0110 101A FFFF FFFF	1491
	A	 0110 101A 1101 0011	1
000044	6BD3	CLRF WORDNUMBER,BANKED
	F	 0110 101A FFFF FFFF	1492
	A	 0110 101A 1101 0100	1
000046	6BD4	CLRF WORDNUMBER_H,BANKED
	F	 0110 101A FFFF FFFF	1297
	A	 0110 101A 0001 0001	0
000048	6A11	CLRF BYTENUMBER,ACCESS
	F	 0110 101A FFFF FFFF	1434
	A	 0110 101A 1001 1010	1
00004A	6B9A	CLRF PRINTLOCX,BANKED
	F	 0110 101A FFFF FFFF	1435
	A	 0110 101A 1001 1011	1
00004C	6B9B	CLRF PRINTLOCX_H,BANKED
	F	 0110 101A FFFF FFFF	1436
	A	 0110 101A 1001 1100	1
00004E	6B9C	CLRF PRINTLOCY,BANKED
	F	 0110 101A FFFF FFFF	1437
	A	 0110 101A 1001 1101	1
000050	6B9D	CLRF PRINTLOCY_H,BANKED
	F	1110 1110 00FF KKKK:1111 00KK KKKK KKKK	1
	K	1110 1110 0001 KKKK:1111 00KK KKKK KKKK	4195
000052	EE14 F063	LFSR 1,SYSSTRINGPARAM1
	K	 0000 1110 KKKK KKKK	174
000056	0EAE	MOVLW LOW STRINGTABLE1
	F	 0110 111A FFFF FFFF	1270
	A	 0110 111A 1111 0110	0
000058	6EF6	MOVWF TBLPTRL,ACCESS
	K	 0000 1110 KKKK KKKK	33
00005A	0E21	MOVLW HIGH STRINGTABLE1
	F	 0110 111A FFFF FFFF	1271
	A	 0110 111A 1111 0111	0
00005C	6EF7	MOVWF TBLPTRH,ACCESS
	K	 0000 1110 KKKK KKKK	0
00005E	0E00	MOVLW UPPER STRINGTABLE1
	F	 0110 111A FFFF FFFF	1272
	A	 0110 111A 1111 1000	0
000060	6EF8	MOVWF TBLPTRU,ACCESS
	K	 0000 0001 00KK KKKK	0
000000	0100	BANKSEL 0
	K	1111 KKKK KKKK KKKK:1110 110S KKKK KKKK	8584
	S	1111 0000 0001 0000:1110 110S 1100 0100	0
000064	ECC4 F010	CALL SYSREADSTRING
	K	 0000 1110 KKKK KKKK	99
000068	0E63	MOVLW LOW SYSSTRINGPARAM1
	K	 0000 0001 00KK KKKK	5
000000	0105	BANKSEL SYSLCDPRINTDATAHANDLER
	F	 0110 111A FFFF FFFF	1457
	A	 0110 111A 1011 0001	1
00006C	6FB1	MOVWF SYSLCDPRINTDATAHANDLER,BANKED
	K	 0000 1110 KKKK KKKK	16
00006E	0E10	MOVLW HIGH SYSSTRINGPARAM1
	F	 0110 111A FFFF FFFF	1458
	A	 0110 111A 1011 0010	1
000070	6FB2	MOVWF SYSLCDPRINTDATAHANDLER_H,BANKED
	K	 0000 0001 00KK KKKK	0
000000	0100	BANKSEL 0
	K	1111 KKKK KKKK KKKK:1110 110S KKKK KKKK	5186
	S	1111 0000 0000 1010:1110 110S 0010 0001	0
000074	EC21 F00A	CALL GLCDPRINT5
	K	 0000 0001 00KK KKKK	5
000000	0105	BANKSEL PRINTLOCX
	F	 0110 101A FFFF FFFF	1434
	A	 0110 101A 1001 1010	1
00007A	6B9A	CLRF PRINTLOCX,BANKED
	F	 0110 101A FFFF FFFF	1435
	A	 0110 101A 1001 1011	1
00007C	6B9B	CLRF PRINTLOCX_H,BANKED
	K	 0000 1110 KKKK KKKK	16
00007E	0E10	MOVLW 16
	F	 0110 111A FFFF FFFF	1436
	A	 0110 111A 1001 1100	1
000080	6F9C	MOVWF PRINTLOCY,BANKED
	F	 0110 101A FFFF FFFF	1437
	A	 0110 101A 1001 1101	1
000082	6B9D	CLRF PRINTLOCY_H,BANKED
	F	1110 1110 00FF KKKK:1111 00KK KKKK KKKK	1
	K	1110 1110 0001 KKKK:1111 00KK KKKK KKKK	4195
000084	EE14 F063	LFSR 1,SYSSTRINGPARAM1
	K	 0000 1110 KKKK KKKK	182
000088	0EB6	MOVLW LOW STRINGTABLE2
	F	 0110 111A FFFF FFFF	1270
	A	 0110 111A 1111 0110	0
00008A	6EF6	MOVWF TBLPTRL,ACCESS
	K	 0000 1110 KKKK KKKK	33
00008C	0E21	MOVLW HIGH STRINGTABLE2
	F	 0110 111A FFFF FFFF	1271
	A	 0110 111A 1111 0111	0
00008E	6EF7	MOVWF TBLPTRH,ACCESS
	K	 0000 1110 KKKK KKKK	0
000090	0E00	MOVLW UPPER STRINGTABLE2
	F	 0110 111A FFFF FFFF	1272
	A	 0110 111A 1111 1000	0
000092	6EF8	MOVWF TBLPTRU,ACCESS
	K	 0000 0001 00KK KKKK	0
000000	0100	BANKSEL 0
	K	1111 KKKK KKKK KKKK:1110 110S KKKK KKKK	8584
	S	1111 0000 0001 0000:1110 110S 1100 0100	0
000096	ECC4 F010	CALL SYSREADSTRING
	K	 0000 1110 KKKK KKKK	99
00009A	0E63	MOVLW LOW SYSSTRINGPARAM1
	K	 0000 0001 00KK KKKK	5
000000	0105	BANKSEL SYSLCDPRINTDATAHANDLER
	F	 0110 111A FFFF FFFF	1457
	A	 0110 111A 1011 0001	1
00009E	6FB1	MOVWF SYSLCDPRINTDATAHANDLER,BANKED
	K	 0000 1110 KKKK KKKK	16
0000A0	0E10	MOVLW HIGH SYSSTRINGPARAM1
	F	 0110 111A FFFF FFFF	1458
	A	 0110 111A 1011 0010	1
0000A2	6FB2	MOVWF SYSLCDPRINTDATAHANDLER_H,BANKED
	K	 0000 0001 00KK KKKK	0
000000	0100	BANKSEL 0
	K	1111 KKKK KKKK KKKK:1110 110S KKKK KKKK	5186
	S	1111 0000 0000 1010:1110 110S 0010 0001	0
0000A6	EC21 F00A	CALL GLCDPRINT5
	K	 0000 1110 KKKK KKKK	76
0000AA	0E4C	MOVLW 76
	K	 0000 0001 00KK KKKK	5
000000	0105	BANKSEL PRINTLOCX
	F	 0110 111A FFFF FFFF	1434
	A	 0110 111A 1001 1010	1
0000AE	6F9A	MOVWF PRINTLOCX,BANKED
	F	 0110 101A FFFF FFFF	1435
	A	 0110 101A 1001 1011	1
0000B0	6B9B	CLRF PRINTLOCX_H,BANKED
	K	 0000 1110 KKKK KKKK	16
0000B2	0E10	MOVLW 16
	F	 0110 111A FFFF FFFF	1436
	A	 0110 111A 1001 1100	1
0000B4	6F9C	MOVWF PRINTLOCY,BANKED
	F	 0110 101A FFFF FFFF	1437
	A	 0110 101A 1001 1101	1
0000B6	6B9D	CLRF PRINTLOCY_H,BANKED
	K	 0000 1110 KKKK KKKK	128
0000B8	0E80	MOVLW 128
	F	 0110 111A FFFF FFFF	1395
	A	 0110 111A 0111 0011	1
0000BA	6F73	MOVWF LCDVALUE,BANKED
	F	 0110 101A FFFF FFFF	1396
	A	 0110 101A 0111 0100	1
0000BC	6B74	CLRF LCDVALUE_H,BANKED
	F	 0110 101A FFFF FFFF	1397
	A	 0110 101A 0111 0101	1
0000BE	6B75	CLRF LCDVALUE_U,BANKED
	F	 0110 101A FFFF FFFF	1398
	A	 0110 101A 0111 0110	1
0000C0	6B76	CLRF LCDVALUE_E,BANKED
	K	 0000 0001 00KK KKKK	0
000000	0100	BANKSEL 0
	K	1111 KKKK KKKK KKKK:1110 110S KKKK KKKK	5324
	S	1111 0000 0000 1010:1110 110S 0110 0110	0
0000C4	EC66 F00A	CALL GLCDPRINT8
	K	 0000 1110 KKKK KKKK	96
0000C8	0E60	MOVLW 96
	K	 0000 0001 00KK KKKK	5
000000	0105	BANKSEL PRINTLOCX
	F	 0110 111A FFFF FFFF	1434
	A	 0110 111A 1001 1010	1
0000CC	6F9A	MOVWF PRINTLOCX,BANKED
	F	 0110 101A FFFF FFFF	1435
	A	 0110 101A 1001 1011	1
0000CE	6B9B	CLRF PRINTLOCX_H,BANKED
	K	 0000 1110 KKKK KKKK	16
0000D0	0E10	MOVLW 16
	F	 0110 111A FFFF FFFF	1436
	A	 0110 111A 1001 1100	1
0000D2	6F9C	MOVWF PRINTLOCY,BANKED
	F	 0110 101A FFFF FFFF	1437
	A	 0110 101A 1001 1101	1
0000D4	6B9D	CLRF PRINTLOCY_H,BANKED
	F	1110 1110 00FF KKKK:1111 00KK KKKK KKKK	1
	K	1110 1110 0001 KKKK:1111 00KK KKKK KKKK	4195
0000D6	EE14 F063	LFSR 1,SYSSTRINGPARAM1
	K	 0000 1110 KKKK KKKK	196
0000DA	0EC4	MOVLW LOW STRINGTABLE3
	F	 0110 111A FFFF FFFF	1270
	A	 0110 111A 1111 0110	0
0000DC	6EF6	MOVWF TBLPTRL,ACCESS
	K	 0000 1110 KKKK KKKK	33
0000DE	0E21	MOVLW HIGH STRINGTABLE3
	F	 0110 111A FFFF FFFF	1271
	A	 0110 111A 1111 0111	0
0000E0	6EF7	MOVWF TBLPTRH,ACCESS
	K	 0000 1110 KKKK KKKK	0
0000E2	0E00	MOVLW UPPER STRINGTABLE3
	F	 0110 111A FFFF FFFF	1272
	A	 0110 111A 1111 1000	0
0000E4	6EF8	MOVWF TBLPTRU,ACCESS
	K	 0000 0001 00KK KKKK	0
000000	0100	BANKSEL 0
	K	1111 KKKK KKKK KKKK:1110 110S KKKK KKKK	8584
	S	1111 0000 0001 0000:1110 110S 1100 0100	0
0000E8	ECC4 F010	CALL SYSREADSTRING
	K	 0000 1110 KKKK KKKK	99
0000EC	0E63	MOVLW LOW SYSSTRINGPARAM1
	K	 0000 0001 00KK KKKK	5
000000	0105	BANKSEL SYSLCDPRINTDATAHANDLER
	F	 0110 111A FFFF FFFF	1457
	A	 0110 111A 1011 0001	1
0000F0	6FB1	MOVWF SYSLCDPRINTDATAHANDLER,BANKED
	K	 0000 1110 KKKK KKKK	16
0000F2	0E10	MOVLW HIGH SYSSTRINGPARAM1
	F	 0110 111A FFFF FFFF	1458
	A	 0110 111A 1011 0010	1
0000F4	6FB2	MOVWF SYSLCDPRINTDATAHANDLER_H,BANKED
	K	 0000 0001 00KK KKKK	0
000000	0100	BANKSEL 0
	K	1111 KKKK KKKK KKKK:1110 110S KKKK KKKK	5186
	S	1111 0000 0000 1010:1110 110S 0010 0001	0
0000F8	EC21 F00A	CALL GLCDPRINT5
	K	 0000 1110 KKKK KKKK	104
0000FC	0E68	MOVLW 104
	K	 0000 0001 00KK KKKK	5
000000	0105	BANKSEL PRINTLOCX
	F	 0110 111A FFFF FFFF	1434
	A	 0110 111A 1001 1010	1
000100	6F9A	MOVWF PRINTLOCX,BANKED
	F	 0110 101A FFFF FFFF	1435
	A	 0110 101A 1001 1011	1
000102	6B9B	CLRF PRINTLOCX_H,BANKED
	K	 0000 1110 KKKK KKKK	16
000104	0E10	MOVLW 16
	F	 0110 111A FFFF FFFF	1436
	A	 0110 111A 1001 1100	1
000106	6F9C	MOVWF PRINTLOCY,BANKED
	F	 0110 101A FFFF FFFF	1437
	A	 0110 101A 1001 1101	1
000108	6B9D	CLRF PRINTLOCY_H,BANKED
	K	 0000 1110 KKKK KKKK	64
00010A	0E40	MOVLW 64
	F	 0110 111A FFFF FFFF	1395
	A	 0110 111A 0111 0011	1
00010C	6F73	MOVWF LCDVALUE,BANKED
	F	 0110 101A FFFF FFFF	1396
	A	 0110 101A 0111 0100	1
00010E	6B74	CLRF LCDVALUE_H,BANKED
	F	 0110 101A FFFF FFFF	1397
	A	 0110 101A 0111 0101	1
000110	6B75	CLRF LCDVALUE_U,BANKED
	F	 0110 101A FFFF FFFF	1398
	A	 0110 101A 0111 0110	1
000112	6B76	CLRF LCDVALUE_E,BANKED
	K	 0000 0001 00KK KKKK	0
000000	0100	BANKSEL 0
	K	1111 KKKK KKKK KKKK:1110 110S KKKK KKKK	5324
	S	1111 0000 0000 1010:1110 110S 0110 0110	0
000116	EC66 F00A	CALL GLCDPRINT8
	K	 0000 0001 00KK KKKK	5
000000	0105	BANKSEL PRINTLOCX
	F	 0110 101A FFFF FFFF	1434
	A	 0110 101A 1001 1010	1
00011C	6B9A	CLRF PRINTLOCX,BANKED
	F	 0110 101A FFFF FFFF	1435
	A	 0110 101A 1001 1011	1
00011E	6B9B	CLRF PRINTLOCX_H,BANKED
	K	 0000 1110 KKKK KKKK	32
000120	0E20	MOVLW 32
	F	 0110 111A FFFF FFFF	1436
	A	 0110 111A 1001 1100	1
000122	6F9C	MOVWF PRINTLOCY,BANKED
	F	 0110 101A FFFF FFFF	1437
	A	 0110 101A 1001 1101	1
000124	6B9D	CLRF PRINTLOCY_H,BANKED
	F	1110 1110 00FF KKKK:1111 00KK KKKK KKKK	1
	K	1110 1110 0001 KKKK:1111 00KK KKKK KKKK	4195
000126	EE14 F063	LFSR 1,SYSSTRINGPARAM1
	K	 0000 1110 KKKK KKKK	198
00012A	0EC6	MOVLW LOW STRINGTABLE4
	F	 0110 111A FFFF FFFF	1270
	A	 0110 111A 1111 0110	0
00012C	6EF6	MOVWF TBLPTRL,ACCESS
	K	 0000 1110 KKKK KKKK	33
00012E	0E21	MOVLW HIGH STRINGTABLE4
	F	 0110 111A FFFF FFFF	1271
	A	 0110 111A 1111 0111	0
000130	6EF7	MOVWF TBLPTRH,ACCESS
	K	 0000 1110 KKKK KKKK	0
000132	0E00	MOVLW UPPER STRINGTABLE4
	F	 0110 111A FFFF FFFF	1272
	A	 0110 111A 1111 1000	0
000134	6EF8	MOVWF TBLPTRU,ACCESS
	K	 0000 0001 00KK KKKK	0
000000	0100	BANKSEL 0
	K	1111 KKKK KKKK KKKK:1110 110S KKKK KKKK	8584
	S	1111 0000 0001 0000:1110 110S 1100 0100	0
000138	ECC4 F010	CALL SYSREADSTRING
	K	 0000 1110 KKKK KKKK	99
00013C	0E63	MOVLW LOW SYSSTRINGPARAM1
	K	 0000 0001 00KK KKKK	5
000000	0105	BANKSEL SYSLCDPRINTDATAHANDLER
	F	 0110 111A FFFF FFFF	1457
	A	 0110 111A 1011 0001	1
000140	6FB1	MOVWF SYSLCDPRINTDATAHANDLER,BANKED
	K	 0000 1110 KKKK KKKK	16
000142	0E10	MOVLW HIGH SYSSTRINGPARAM1
	F	 0110 111A FFFF FFFF	1458
	A	 0110 111A 1011 0010	1
000144	6FB2	MOVWF SYSLCDPRINTDATAHANDLER_H,BANKED
	K	 0000 0001 00KK KKKK	0
000000	0100	BANKSEL 0
	K	1111 KKKK KKKK KKKK:1110 110S KKKK KKKK	5186
	S	1111 0000 0000 1010:1110 110S 0010 0001	0
000148	EC21 F00A	CALL GLCDPRINT5
	K	 0000 1110 KKKK KKKK	3
00014C	0E03	MOVLW 3
	F	 0110 111A FFFF FFFF	1284
	A	 0110 111A 0000 0100	0
00014E	6E04	MOVWF SYSWAITTEMPS,ACCESS
	K	1111 KKKK KKKK KKKK:1110 110S KKKK KKKK	3590
	S	1111 0000 0000 0111:1110 110S 0000 0011	0
000150	EC03 F007	CALL DELAY_S
	K	1111 KKKK KKKK KKKK:1110 110S KKKK KKKK	4356
	S	1111 0000 0000 1000:1110 110S 1000 0010	0
000154	EC82 F008	CALL GLCDCLS_SSD1309
	K	 0000 0001 00KK KKKK	5
000000	0105	BANKSEL PRINTLOCX
	F	 0110 101A FFFF FFFF	1434
	A	 0110 101A 1001 1010	1
00015A	6B9A	CLRF PRINTLOCX,BANKED
	F	 0110 101A FFFF FFFF	1435
	A	 0110 101A 1001 1011	1
00015C	6B9B	CLRF PRINTLOCX_H,BANKED
	F	 0110 101A FFFF FFFF	1436
	A	 0110 101A 1001 1100	1
00015E	6B9C	CLRF PRINTLOCY,BANKED
	F	 0110 101A FFFF FFFF	1437
	A	 0110 101A 1001 1101	1
000160	6B9D	CLRF PRINTLOCY_H,BANKED
	F	1110 1110 00FF KKKK:1111 00KK KKKK KKKK	1
	K	1110 1110 0001 KKKK:1111 00KK KKKK KKKK	4195
000162	EE14 F063	LFSR 1,SYSSTRINGPARAM1
	K	 0000 1110 KKKK KKKK	206
000166	0ECE	MOVLW LOW STRINGTABLE5
	F	 0110 111A FFFF FFFF	1270
	A	 0110 111A 1111 0110	0
000168	6EF6	MOVWF TBLPTRL,ACCESS
	K	 0000 1110 KKKK KKKK	33
00016A	0E21	MOVLW HIGH STRINGTABLE5
	F	 0110 111A FFFF FFFF	1271
	A	 0110 111A 1111 0111	0
00016C	6EF7	MOVWF TBLPTRH,ACCESS
	K	 0000 1110 KKKK KKKK	0
00016E	0E00	MOVLW UPPER STRINGTABLE5
	F	 0110 111A FFFF FFFF	1272
	A	 0110 111A 1111 1000	0
000170	6EF8	MOVWF TBLPTRU,ACCESS
	K	 0000 0001 00KK KKKK	0
000000	0100	BANKSEL 0
	K	1111 KKKK KKKK KKKK:1110 110S KKKK KKKK	8584
	S	1111 0000 0001 0000:1110 110S 1100 0100	0
000174	ECC4 F010	CALL SYSREADSTRING
	K	 0000 1110 KKKK KKKK	99
000178	0E63	MOVLW LOW SYSSTRINGPARAM1
	K	 0000 0001 00KK KKKK	5
000000	0105	BANKSEL SYSLCDPRINTDATAHANDLER
	F	 0110 111A FFFF FFFF	1457
	A	 0110 111A 1011 0001	1
00017C	6FB1	MOVWF SYSLCDPRINTDATAHANDLER,BANKED
	K	 0000 1110 KKKK KKKK	16
00017E	0E10	MOVLW HIGH SYSSTRINGPARAM1
	F	 0110 111A FFFF FFFF	1458
	A	 0110 111A 1011 0010	1
000180	6FB2	MOVWF SYSLCDPRINTDATAHANDLER_H,BANKED
	K	 0000 0001 00KK KKKK	0
000000	0100	BANKSEL 0
	K	1111 KKKK KKKK KKKK:1110 110S KKKK KKKK	5186
	S	1111 0000 0000 1010:1110 110S 0010 0001	0
000184	EC21 F00A	CALL GLCDPRINT5
	K	 0000 0001 00KK KKKK	5
000000	0105	BANKSEL PRINTLOCX
	F	 0110 101A FFFF FFFF	1434
	A	 0110 101A 1001 1010	1
00018A	6B9A	CLRF PRINTLOCX,BANKED
	F	 0110 101A FFFF FFFF	1435
	A	 0110 101A 1001 1011	1
00018C	6B9B	CLRF PRINTLOCX_H,BANKED
	K	 0000 1110 KKKK KKKK	16
00018E	0E10	MOVLW 16
	F	 0110 111A FFFF FFFF	1436
	A	 0110 111A 1001 1100	1
000190	6F9C	MOVWF PRINTLOCY,BANKED
	F	 0110 101A FFFF FFFF	1437
	A	 0110 101A 1001 1101	1
000192	6B9D	CLRF PRINTLOCY_H,BANKED
	F	1110 1110 00FF KKKK:1111 00KK KKKK KKKK	1
	K	1110 1110 0001 KKKK:1111 00KK KKKK KKKK	4195
000194	EE14 F063	LFSR 1,SYSSTRINGPARAM1
	K	 0000 1110 KKKK KKKK	222
000198	0EDE	MOVLW LOW STRINGTABLE7
	F	 0110 111A FFFF FFFF	1270
	A	 0110 111A 1111 0110	0
00019A	6EF6	MOVWF TBLPTRL,ACCESS
	K	 0000 1110 KKKK KKKK	33
00019C	0E21	MOVLW HIGH STRINGTABLE7
	F	 0110 111A FFFF FFFF	1271
	A	 0110 111A 1111 0111	0
00019E	6EF7	MOVWF TBLPTRH,ACCESS
	K	 0000 1110 KKKK KKKK	0
0001A0	0E00	MOVLW UPPER STRINGTABLE7
	F	 0110 111A FFFF FFFF	1272
	A	 0110 111A 1111 1000	0
0001A2	6EF8	MOVWF TBLPTRU,ACCESS
	K	 0000 0001 00KK KKKK	0
000000	0100	BANKSEL 0
	K	1111 KKKK KKKK KKKK:1110 110S KKKK KKKK	8584
	S	1111 0000 0001 0000:1110 110S 1100 0100	0
0001A6	ECC4 F010	CALL SYSREADSTRING
	K	 0000 1110 KKKK KKKK	99
0001AA	0E63	MOVLW LOW SYSSTRINGPARAM1
	K	 0000 0001 00KK KKKK	5
000000	0105	BANKSEL SYSLCDPRINTDATAHANDLER
	F	 0110 111A FFFF FFFF	1457
	A	 0110 111A 1011 0001	1
0001AE	6FB1	MOVWF SYSLCDPRINTDATAHANDLER,BANKED
	K	 0000 1110 KKKK KKKK	16
0001B0	0E10	MOVLW HIGH SYSSTRINGPARAM1
	F	 0110 111A FFFF FFFF	1458
	A	 0110 111A 1011 0010	1
0001B2	6FB2	MOVWF SYSLCDPRINTDATAHANDLER_H,BANKED
	K	 0000 0001 00KK KKKK	0
000000	0100	BANKSEL 0
	K	1111 KKKK KKKK KKKK:1110 110S KKKK KKKK	5186
	S	1111 0000 0000 1010:1110 110S 0010 0001	0
0001B6	EC21 F00A	CALL GLCDPRINT5
	K	 0000 1110 KKKK KKKK	3
0001BA	0E03	MOVLW 3
	F	 0110 111A FFFF FFFF	1284
	A	 0110 111A 0000 0100	0
0001BC	6E04	MOVWF SYSWAITTEMPS,ACCESS
	K	1111 KKKK KKKK KKKK:1110 110S KKKK KKKK	3590
	S	1111 0000 0000 0111:1110 110S 0000 0011	0
0001BE	EC03 F007	CALL DELAY_S
	K	1111 KKKK KKKK KKKK:1110 110S KKKK KKKK	4356
	S	1111 0000 0000 1000:1110 110S 1000 0010	0
0001C2	EC82 F008	CALL GLCDCLS_SSD1309
		SYSDOLOOP_S1
	K	 0000 1110 KKKK KKKK	30
0001C6	0E1E	MOVLW 30
	F	 0110 111A FFFF FFFF	1298
	A	 0110 111A 0001 0010	0
0001C8	6E12	MOVWF CCOUNT,ACCESS
		SYSFORLOOP1
	F	 0010 10DA FFFF FFFF	1298
	D	 0010 10DA 0001 0010	1
	A	 0010 101A 0001 0010	0
0001CA	2A12	INCF CCOUNT,F,ACCESS
	S	1111 DDDD DDDD DDDD:1100 SSSS SSSS SSSS	1298
	D	1111 DDDD DDDD DDDD:1100 0101 0001 0010	1489
0001CC	C512 F5D1	MOVFF CCOUNT,SYSVALTEMP
	K	 0000 0001 00KK KKKK	5
000000	0105	BANKSEL SYSVALTEMP_H
	F	 0110 101A FFFF FFFF	1490
	A	 0110 101A 1101 0010	1
0001D2	6BD2	CLRF SYSVALTEMP_H,BANKED
	K	 0000 0001 00KK KKKK	0
000000	0100	BANKSEL 0
	K	1111 KKKK KKKK KKKK:1110 110S KKKK KKKK	7402
	S	1111 0000 0000 1110:1110 110S 0111 0101	0
0001D6	EC75 F00E	CALL FN_STR
	F	1110 1110 00FF KKKK:1111 00KK KKKK KKKK	1
	K	1110 1110 0001 KKKK:1111 00KK KKKK KKKK	4269
0001DA	EE14 F0AD	LFSR 1,OUTSTRING
	F	1110 1110 00FF KKKK:1111 00KK KKKK KKKK	0
	K	1110 1110 0000 KKKK:1111 00KK KKKK KKKK	4178
0001DE	EE04 F052	LFSR 0,STR
	K	1111 KKKK KKKK KKKK:1110 110S KKKK KKKK	7978
	S	1111 0000 0000 1111:1110 110S 1001 0101	0
0001E2	EC95 F00F	CALL SYSCOPYSTRING
	F	 0110 101A FFFF FFFF	1296
	A	 0110 101A 0001 0000	0
0001E6	6A10	CLRF ADREADPORT,ACCESS
	K	1111 KKKK KKKK KKKK:1110 110S KKKK KKKK	6934
	S	1111 0000 0000 1101:1110 110S 1000 1011	0
0001E8	EC8B F00D	CALL FN_READAD74
	S	1111 DDDD DDDD DDDD:1100 SSSS SSSS SSSS	1440
	D	1111 DDDD DDDD DDDD:1100 0101 1010 0000	1294
0001EC	C5A0 F50E	MOVFF SYSREADADBYTE,ADCVAL
	F	 0110 101A FFFF FFFF	1295
	A	 0110 101A 0000 1111	0
0001F0	6A0F	CLRF ADCVAL_H,ACCESS
	K	 0000 1110 KKKK KKKK	1
0001F2	0E01	MOVLW 1
	K	 0000 0001 00KK KKKK	5
000000	0105	BANKSEL PRINTLOCX
	F	 0110 111A FFFF FFFF	1434
	A	 0110 111A 1001 1010	1
0001F6	6F9A	MOVWF PRINTLOCX,BANKED
	F	 0110 101A FFFF FFFF	1435
	A	 0110 101A 1001 1011	1
0001F8	6B9B	CLRF PRINTLOCX_H,BANKED
	K	 0000 1110 KKKK KKKK	1
0001FA	0E01	MOVLW 1
	F	 0110 111A FFFF FFFF	1436
	A	 0110 111A 1001 1100	1
0001FC	6F9C	MOVWF PRINTLOCY,BANKED
	F	 0110 101A FFFF FFFF	1437
	A	 0110 101A 1001 1101	1
0001FE	6B9D	CLRF PRINTLOCY_H,BANKED
	F	1110 1110 00FF KKKK:1111 00KK KKKK KKKK	1
	K	1110 1110 0001 KKKK:1111 00KK KKKK KKKK	4195
000200	EE14 F063	LFSR 1,SYSSTRINGPARAM1
	K	 0000 1110 KKKK KKKK	238
000204	0EEE	MOVLW LOW STRINGTABLE8
	F	 0110 111A FFFF FFFF	1270
	A	 0110 111A 1111 0110	0
000206	6EF6	MOVWF TBLPTRL,ACCESS
	K	 0000 1110 KKKK KKKK	33
000208	0E21	MOVLW HIGH STRINGTABLE8
	F	 0110 111A FFFF FFFF	1271
	A	 0110 111A 1111 0111	0
00020A	6EF7	MOVWF TBLPTRH,ACCESS
	K	 0000 1110 KKKK KKKK	0
00020C	0E00	MOVLW UPPER STRINGTABLE8
	F	 0110 111A FFFF FFFF	1272
	A	 0110 111A 1111 1000	0
00020E	6EF8	MOVWF TBLPTRU,ACCESS
	K	 0000 0001 00KK KKKK	0
000000	0100	BANKSEL 0
	K	1111 KKKK KKKK KKKK:1110 110S KKKK KKKK	8584
	S	1111 0000 0001 0000:1110 110S 1100 0100	0
000212	ECC4 F010	CALL SYSREADSTRING
	K	 0000 1110 KKKK KKKK	99
000216	0E63	MOVLW LOW SYSSTRINGPARAM1
	K	 0000 0001 00KK KKKK	5
000000	0105	BANKSEL SYSLCDPRINTDATAHANDLER
	F	 0110 111A FFFF FFFF	1457
	A	 0110 111A 1011 0001	1
00021A	6FB1	MOVWF SYSLCDPRINTDATAHANDLER,BANKED
	K	 0000 1110 KKKK KKKK	16
00021C	0E10	MOVLW HIGH SYSSTRINGPARAM1
	F	 0110 111A FFFF FFFF	1458
	A	 0110 111A 1011 0010	1
00021E	6FB2	MOVWF SYSLCDPRINTDATAHANDLER_H,BANKED
	K	 0000 0001 00KK KKKK	0
000000	0100	BANKSEL 0
	K	1111 KKKK KKKK KKKK:1110 110S KKKK KKKK	5186
	S	1111 0000 0000 1010:1110 110S 0010 0001	0
000222	EC21 F00A	CALL GLCDPRINT5
	K	 0000 1110 KKKK KKKK	64
000226	0E40	MOVLW 64
	K	 0000 0001 00KK KKKK	5
000000	0105	BANKSEL PRINTLOCX
	F	 0110 111A FFFF FFFF	1434
	A	 0110 111A 1001 1010	1
00022A	6F9A	MOVWF PRINTLOCX,BANKED
	F	 0110 101A FFFF FFFF	1435
	A	 0110 101A 1001 1011	1
00022C	6B9B	CLRF PRINTLOCX_H,BANKED
	K	 0000 1110 KKKK KKKK	1
00022E	0E01	MOVLW 1
	F	 0110 111A FFFF FFFF	1436
	A	 0110 111A 1001 1100	1
000230	6F9C	MOVWF PRINTLOCY,BANKED
	F	 0110 101A FFFF FFFF	1437
	A	 0110 101A 1001 1101	1
000232	6B9D	CLRF PRINTLOCY_H,BANKED
	F	1110 1110 00FF KKKK:1111 00KK KKKK KKKK	1
	K	1110 1110 0001 KKKK:1111 00KK KKKK KKKK	4195
000234	EE14 F063	LFSR 1,SYSSTRINGPARAM1
	K	 0000 1110 KKKK KKKK	248
000238	0EF8	MOVLW LOW STRINGTABLE9
	F	 0110 111A FFFF FFFF	1270
	A	 0110 111A 1111 0110	0
00023A	6EF6	MOVWF TBLPTRL,ACCESS
	K	 0000 1110 KKKK KKKK	33
00023C	0E21	MOVLW HIGH STRINGTABLE9
	F	 0110 111A FFFF FFFF	1271
	A	 0110 111A 1111 0111	0
00023E	6EF7	MOVWF TBLPTRH,ACCESS
	K	 0000 1110 KKKK KKKK	0
000240	0E00	MOVLW UPPER STRINGTABLE9
	F	 0110 111A FFFF FFFF	1272
	A	 0110 111A 1111 1000	0
000242	6EF8	MOVWF TBLPTRU,ACCESS
	K	 0000 0001 00KK KKKK	0
000000	0100	BANKSEL 0
	K	1111 KKKK KKKK KKKK:1110 110S KKKK KKKK	8584
	S	1111 0000 0001 0000:1110 110S 1100 0100	0
000246	ECC4 F010	CALL SYSREADSTRING
	K	 0000 1110 KKKK KKKK	99
00024A	0E63	MOVLW LOW SYSSTRINGPARAM1
	K	 0000 0001 00KK KKKK	5
000000	0105	BANKSEL SYSLCDPRINTDATAHANDLER
	F	 0110 111A FFFF FFFF	1457
	A	 0110 111A 1011 0001	1
00024E	6FB1	MOVWF SYSLCDPRINTDATAHANDLER,BANKED
	K	 0000 1110 KKKK KKKK	16
000250	0E10	MOVLW HIGH SYSSTRINGPARAM1
	F	 0110 111A FFFF FFFF	1458
	A	 0110 111A 1011 0010	1
000252	6FB2	MOVWF SYSLCDPRINTDATAHANDLER_H,BANKED
	K	 0000 0001 00KK KKKK	0
000000	0100	BANKSEL 0
	K	1111 KKKK KKKK KKKK:1110 110S KKKK KKKK	5186
	S	1111 0000 0000 1010:1110 110S 0010 0001	0
000256	EC21 F00A	CALL GLCDPRINT5
	K	 0000 1110 KKKK KKKK	72
00025A	0E48	MOVLW 72
	K	 0000 0001 00KK KKKK	5
000000	0105	BANKSEL PRINTLOCX
	F	 0110 111A FFFF FFFF	1434
	A	 0110 111A 1001 1010	1
00025E	6F9A	MOVWF PRINTLOCX,BANKED
	F	 0110 101A FFFF FFFF	1435
	A	 0110 101A 1001 1011	1
000260	6B9B	CLRF PRINTLOCX_H,BANKED
	K	 0000 1110 KKKK KKKK	1
000262	0E01	MOVLW 1
	F	 0110 111A FFFF FFFF	1436
	A	 0110 111A 1001 1100	1
000264	6F9C	MOVWF PRINTLOCY,BANKED
	F	 0110 101A FFFF FFFF	1437
	A	 0110 101A 1001 1101	1
000266	6B9D	CLRF PRINTLOCY_H,BANKED
	K	 0000 1110 KKKK KKKK	64
000268	0E40	MOVLW 64
	F	 0110 111A FFFF FFFF	1395
	A	 0110 111A 0111 0011	1
00026A	6F73	MOVWF LCDVALUE,BANKED
	F	 0110 101A FFFF FFFF	1396
	A	 0110 101A 0111 0100	1
00026C	6B74	CLRF LCDVALUE_H,BANKED
	F	 0110 101A FFFF FFFF	1397
	A	 0110 101A 0111 0101	1
00026E	6B75	CLRF LCDVALUE_U,BANKED
	F	 0110 101A FFFF FFFF	1398
	A	 0110 101A 0111 0110	1
000270	6B76	CLRF LCDVALUE_E,BANKED
	K	 0000 0001 00KK KKKK	0
000000	0100	BANKSEL 0
	K	1111 KKKK KKKK KKKK:1110 110S KKKK KKKK	5324
	S	1111 0000 0000 1010:1110 110S 0110 0110	0
000274	EC66 F00A	CALL GLCDPRINT8
	K	 0000 1110 KKKK KKKK	86
000278	0E56	MOVLW 86
	K	 0000 0001 00KK KKKK	5
000000	0105	BANKSEL PRINTLOCX
	F	 0110 111A FFFF FFFF	1434
	A	 0110 111A 1001 1010	1
00027C	6F9A	MOVWF PRINTLOCX,BANKED
	F	 0110 101A FFFF FFFF	1435
	A	 0110 101A 1001 1011	1
00027E	6B9B	CLRF PRINTLOCX_H,BANKED
	K	 0000 1110 KKKK KKKK	1
000280	0E01	MOVLW 1
	F	 0110 111A FFFF FFFF	1436
	A	 0110 111A 1001 1100	1
000282	6F9C	MOVWF PRINTLOCY,BANKED
	F	 0110 101A FFFF FFFF	1437
	A	 0110 101A 1001 1101	1
000284	6B9D	CLRF PRINTLOCY_H,BANKED
	F	1110 1110 00FF KKKK:1111 00KK KKKK KKKK	1
	K	1110 1110 0001 KKKK:1111 00KK KKKK KKKK	4195
000286	EE14 F063	LFSR 1,SYSSTRINGPARAM1
	K	 0000 1110 KKKK KKKK	250
00028A	0EFA	MOVLW LOW STRINGTABLE10
	F	 0110 111A FFFF FFFF	1270
	A	 0110 111A 1111 0110	0
00028C	6EF6	MOVWF TBLPTRL,ACCESS
	K	 0000 1110 KKKK KKKK	33
00028E	0E21	MOVLW HIGH STRINGTABLE10
	F	 0110 111A FFFF FFFF	1271
	A	 0110 111A 1111 0111	0
000290	6EF7	MOVWF TBLPTRH,ACCESS
	K	 0000 1110 KKKK KKKK	0
000292	0E00	MOVLW UPPER STRINGTABLE10
	F	 0110 111A FFFF FFFF	1272
	A	 0110 111A 1111 1000	0
000294	6EF8	MOVWF TBLPTRU,ACCESS
	K	 0000 0001 00KK KKKK	0
000000	0100	BANKSEL 0
	K	1111 KKKK KKKK KKKK:1110 110S KKKK KKKK	8584
	S	1111 0000 0001 0000:1110 110S 1100 0100	0
000298	ECC4 F010	CALL SYSREADSTRING
	K	 0000 1110 KKKK KKKK	99
00029C	0E63	MOVLW LOW SYSSTRINGPARAM1
	K	 0000 0001 00KK KKKK	5
000000	0105	BANKSEL SYSLCDPRINTDATAHANDLER
	F	 0110 111A FFFF FFFF	1457
	A	 0110 111A 1011 0001	1
0002A0	6FB1	MOVWF SYSLCDPRINTDATAHANDLER,BANKED
	K	 0000 1110 KKKK KKKK	16
0002A2	0E10	MOVLW HIGH SYSSTRINGPARAM1
	F	 0110 111A FFFF FFFF	1458
	A	 0110 111A 1011 0010	1
0002A4	6FB2	MOVWF SYSLCDPRINTDATAHANDLER_H,BANKED
	K	 0000 0001 00KK KKKK	0
000000	0100	BANKSEL 0
	K	1111 KKKK KKKK KKKK:1110 110S KKKK KKKK	5186
	S	1111 0000 0000 1010:1110 110S 0010 0001	0
0002A8	EC21 F00A	CALL GLCDPRINT5
	K	 0000 1110 KKKK KKKK	1
0002AC	0E01	MOVLW 1
	K	 0000 0001 00KK KKKK	5
000000	0105	BANKSEL STRINGLOCX
	F	 0110 111A FFFF FFFF	1445
	A	 0110 111A 1010 0101	1
0002B0	6FA5	MOVWF STRINGLOCX,BANKED
	K	 0000 1110 KKKK KKKK	11
0002B2	0E0B	MOVLW 11
	F	 0110 111A FFFF FFFF	1305
	A	 0110 111A 0001 1001	0
0002B4	6E19	MOVWF CHARLOCY,ACCESS
	F	1110 1110 00FF KKKK:1111 00KK KKKK KKKK	1
	K	1110 1110 0001 KKKK:1111 00KK KKKK KKKK	4195
0002B6	EE14 F063	LFSR 1,SYSSTRINGPARAM1
	K	 0000 1110 KKKK KKKK	254
0002BA	0EFE	MOVLW LOW STRINGTABLE11
	F	 0110 111A FFFF FFFF	1270
	A	 0110 111A 1111 0110	0
0002BC	6EF6	MOVWF TBLPTRL,ACCESS
	K	 0000 1110 KKKK KKKK	33
0002BE	0E21	MOVLW HIGH STRINGTABLE11
	F	 0110 111A FFFF FFFF	1271
	A	 0110 111A 1111 0111	0
0002C0	6EF7	MOVWF TBLPTRH,ACCESS
	K	 0000 1110 KKKK KKKK	0
0002C2	0E00	MOVLW UPPER STRINGTABLE11
	F	 0110 111A FFFF FFFF	1272
	A	 0110 111A 1111 1000	0
0002C4	6EF8	MOVWF TBLPTRU,ACCESS
	K	 0000 0001 00KK KKKK	0
000000	0100	BANKSEL 0
	K	1111 KKKK KKKK KKKK:1110 110S KKKK KKKK	8584
	S	1111 0000 0001 0000:1110 110S 1100 0100	0
0002C8	ECC4 F010	CALL SYSREADSTRING
	K	 0000 1110 KKKK KKKK	99
0002CC	0E63	MOVLW LOW SYSSTRINGPARAM1
	K	 0000 0001 00KK KKKK	5
000000	0105	BANKSEL SYSCHARSHANDLER
	F	 0110 111A FFFF FFFF	1451
	A	 0110 111A 1010 1011	1
0002D0	6FAB	MOVWF SYSCHARSHANDLER,BANKED
	K	 0000 1110 KKKK KKKK	16
0002D2	0E10	MOVLW HIGH SYSSTRINGPARAM1
	F	 0110 111A FFFF FFFF	1452
	A	 0110 111A 1010 1100	1
0002D4	6FAC	MOVWF SYSCHARSHANDLER_H,BANKED
	S	1111 DDDD DDDD DDDD:1100 SSSS SSSS SSSS	1328
	D	1111 DDDD DDDD DDDD:1100 0101 0011 0000	1399
0002D6	C530 F577	MOVFF GLCDFOREGROUND,LINECOLOUR
	S	1111 DDDD DDDD DDDD:1100 SSSS SSSS SSSS	1329
	D	1111 DDDD DDDD DDDD:1100 0101 0011 0001	1400
0002DA	C531 F578	MOVFF GLCDFOREGROUND_H,LINECOLOUR_H
	K	 0000 0001 00KK KKKK	0
000000	0100	BANKSEL 0
	K	1111 KKKK KKKK KKKK:1110 110S KKKK KKKK	5076
	S	1111 0000 0000 1001:1110 110S 1110 1010	0
0002E0	ECEA F009	CALL GLCDDRAWSTRING
	K	 0000 0001 00KK KKKK	5
000000	0105	BANKSEL LINEX1
	F	 0110 101A FFFF FFFF	1417
	A	 0110 101A 1000 1001	1
0002E6	6B89	CLRF LINEX1,BANKED
	F	 0110 101A FFFF FFFF	1418
	A	 0110 101A 1000 1010	1
0002E8	6B8A	CLRF LINEX1_H,BANKED
	F	 0110 101A FFFF FFFF	1421
	A	 0110 101A 1000 1101	1
0002EA	6B8D	CLRF LINEY1,BANKED
	F	 0110 101A FFFF FFFF	1422
	A	 0110 101A 1000 1110	1
0002EC	6B8E	CLRF LINEY1_H,BANKED
	K	 0000 1110 KKKK KKKK	127
0002EE	0E7F	MOVLW 127
	F	 0110 111A FFFF FFFF	1419
	A	 0110 111A 1000 1011	1
0002F0	6F8B	MOVWF LINEX2,BANKED
	F	 0110 101A FFFF FFFF	1420
	A	 0110 101A 1000 1100	1
0002F2	6B8C	CLRF LINEX2_H,BANKED
	K	 0000 1110 KKKK KKKK	63
0002F4	0E3F	MOVLW 63
	F	 0110 111A FFFF FFFF	1423
	A	 0110 111A 1000 1111	1
0002F6	6F8F	MOVWF LINEY2,BANKED
	F	 0110 101A FFFF FFFF	1424
	A	 0110 101A 1001 0000	1
0002F8	6B90	CLRF LINEY2_H,BANKED
	S	1111 DDDD DDDD DDDD:1100 SSSS SSSS SSSS	1328
	D	1111 DDDD DDDD DDDD:1100 0101 0011 0000	1399
0002FA	C530 F577	MOVFF GLCDFOREGROUND,LINECOLOUR
	S	1111 DDDD DDDD DDDD:1100 SSSS SSSS SSSS	1329
	D	1111 DDDD DDDD DDDD:1100 0101 0011 0001	1400
0002FE	C531 F578	MOVFF GLCDFOREGROUND_H,LINECOLOUR_H
	K	 0000 0001 00KK KKKK	0
000000	0100	BANKSEL 0
	N	 1101 1NNN NNNN NNNN	301
000304	D92D	RCALL BOX17
	K	 0000 1110 KKKK KKKK	123
000306	0E7B	MOVLW 123
	K	 0000 0001 00KK KKKK	5
000000	0105	BANKSEL LINEX1
	F	 0110 111A FFFF FFFF	1417
	A	 0110 111A 1000 1001	1
00030A	6F89	MOVWF LINEX1,BANKED
	F	 0110 101A FFFF FFFF	1418
	A	 0110 101A 1000 1010	1
00030C	6B8A	CLRF LINEX1_H,BANKED
	K	 0000 1110 KKKK KKKK	59
00030E	0E3B	MOVLW 59
	F	 0110 111A FFFF FFFF	1421
	A	 0110 111A 1000 1101	1
000310	6F8D	MOVWF LINEY1,BANKED
	F	 0110 101A FFFF FFFF	1422
	A	 0110 101A 1000 1110	1
000312	6B8E	CLRF LINEY1_H,BANKED
	K	 0000 1110 KKKK KKKK	127
000314	0E7F	MOVLW 127
	F	 0110 111A FFFF FFFF	1419
	A	 0110 111A 1000 1011	1
000316	6F8B	MOVWF LINEX2,BANKED
	F	 0110 101A FFFF FFFF	1420
	A	 0110 101A 1000 1100	1
000318	6B8C	CLRF LINEX2_H,BANKED
	K	 0000 1110 KKKK KKKK	63
00031A	0E3F	MOVLW 63
	F	 0110 111A FFFF FFFF	1423
	A	 0110 111A 1000 1111	1
00031C	6F8F	MOVWF LINEY2,BANKED
	F	 0110 101A FFFF FFFF	1424
	A	 0110 101A 1001 0000	1
00031E	6B90	CLRF LINEY2_H,BANKED
	S	1111 DDDD DDDD DDDD:1100 SSSS SSSS SSSS	1328
	D	1111 DDDD DDDD DDDD:1100 0101 0011 0000	1399
000320	C530 F577	MOVFF GLCDFOREGROUND,LINECOLOUR
	S	1111 DDDD DDDD DDDD:1100 SSSS SSSS SSSS	1329
	D	1111 DDDD DDDD DDDD:1100 0101 0011 0001	1400
000324	C531 F578	MOVFF GLCDFOREGROUND_H,LINECOLOUR_H
	K	 0000 0001 00KK KKKK	0
000000	0100	BANKSEL 0
	N	 1101 1NNN NNNN NNNN	282
00032A	D91A	RCALL BOX17
	K	 0000 1110 KKKK KKKK	44
00032C	0E2C	MOVLW 44
	K	 0000 0001 00KK KKKK	5
000000	0105	BANKSEL XOFFSET
	F	 0110 111A FFFF FFFF	1494
	A	 0110 111A 1101 0110	1
000330	6FD6	MOVWF XOFFSET,BANKED
	F	 0110 101A FFFF FFFF	1495
	A	 0110 101A 1101 0111	1
000332	6BD7	CLRF XOFFSET_H,BANKED
	K	 0000 1110 KKKK KKKK	24
000334	0E18	MOVLW 24
	F	 0110 111A FFFF FFFF	1498
	A	 0110 111A 1101 1010	1
000336	6FDA	MOVWF YOFFSET,BANKED
	F	 0110 101A FFFF FFFF	1499
	A	 0110 101A 1101 1011	1
000338	6BDB	CLRF YOFFSET_H,BANKED
	K	 0000 1110 KKKK KKKK	5
00033A	0E05	MOVLW 5
	F	 0110 111A FFFF FFFF	1391
	A	 0110 111A 0110 1111	1
00033C	6F6F	MOVWF INXRADIUS,BANKED
	F	 0110 101A FFFF FFFF	1392
	A	 0110 101A 0111 0000	1
00033E	6B70	CLRF INXRADIUS_H,BANKED
	S	1111 DDDD DDDD DDDD:1100 SSSS SSSS SSSS	1328
	D	1111 DDDD DDDD DDDD:1100 0101 0011 0000	1399
000340	C530 F577	MOVFF GLCDFOREGROUND,LINECOLOUR
	S	1111 DDDD DDDD DDDD:1100 SSSS SSSS SSSS	1329
	D	1111 DDDD DDDD DDDD:1100 0101 0011 0001	1400
000344	C531 F578	MOVFF GLCDFOREGROUND_H,LINECOLOUR_H
	S	1111 DDDD DDDD DDDD:1100 SSSS SSSS SSSS	1376
	D	1111 DDDD DDDD DDDD:1100 0101 0110 0000	1500
000348	C560 F5DC	MOVFF GLCD_YORDINATE,YORDINATE
	K	 0000 0001 00KK KKKK	0
000000	0100	BANKSEL 0
	N	 1101 1NNN NNNN NNNN	440
00034E	D9B8	RCALL CIRCLE20
	K	 0000 0001 00KK KKKK	5
000000	0105	BANKSEL LINEX1
	F	 0110 101A FFFF FFFF	1417
	A	 0110 101A 1000 1001	1
000352	6B89	CLRF LINEX1,BANKED
	F	 0110 101A FFFF FFFF	1418
	A	 0110 101A 1000 1010	1
000354	6B8A	CLRF LINEX1_H,BANKED
	K	 0000 1110 KKKK KKKK	63
000356	0E3F	MOVLW 63
	F	 0110 111A FFFF FFFF	1421
	A	 0110 111A 1000 1101	1
000358	6F8D	MOVWF LINEY1,BANKED
	F	 0110 101A FFFF FFFF	1422
	A	 0110 101A 1000 1110	1
00035A	6B8E	CLRF LINEY1_H,BANKED
	K	 0000 1110 KKKK KKKK	44
00035C	0E2C	MOVLW 44
	F	 0110 111A FFFF FFFF	1419
	A	 0110 111A 1000 1011	1
00035E	6F8B	MOVWF LINEX2,BANKED
	F	 0110 101A FFFF FFFF	1420
	A	 0110 101A 1000 1100	1
000360	6B8C	CLRF LINEX2_H,BANKED
	K	 0000 1110 KKKK KKKK	19
000362	0E13	MOVLW 19
	F	 0110 111A FFFF FFFF	1423
	A	 0110 111A 1000 1111	1
000364	6F8F	MOVWF LINEY2,BANKED
	F	 0110 101A FFFF FFFF	1424
	A	 0110 101A 1001 0000	1
000366	6B90	CLRF LINEY2_H,BANKED
	S	1111 DDDD DDDD DDDD:1100 SSSS SSSS SSSS	1328
	D	1111 DDDD DDDD DDDD:1100 0101 0011 0000	1399
000368	C530 F577	MOVFF GLCDFOREGROUND,LINECOLOUR
	S	1111 DDDD DDDD DDDD:1100 SSSS SSSS SSSS	1329
	D	1111 DDDD DDDD DDDD:1100 0101 0011 0001	1400
00036C	C531 F578	MOVFF GLCDFOREGROUND_H,LINECOLOUR_H
	K	 0000 0001 00KK KKKK	0
000000	0100	BANKSEL 0
	K	1111 KKKK KKKK KKKK:1110 110S KKKK KKKK	8796
	S	1111 0000 0001 0001:1110 110S 0010 1110	0
000372	EC2E F011	CALL _LINE71
	K	 0000 1110 KKKK KKKK	75
000376	0E4B	MOVLW 75
	K	 0000 0001 00KK KKKK	5
000000	0105	BANKSEL PRINTLOCX
	F	 0110 111A FFFF FFFF	1434
	A	 0110 111A 1001 1010	1
00037A	6F9A	MOVWF PRINTLOCX,BANKED
	F	 0110 101A FFFF FFFF	1435
	A	 0110 101A 1001 1011	1
00037C	6B9B	CLRF PRINTLOCX_H,BANKED
	K	 0000 1110 KKKK KKKK	20
00037E	0E14	MOVLW 20
	F	 0110 111A FFFF FFFF	1436
	A	 0110 111A 1001 1100	1
000380	6F9C	MOVWF PRINTLOCY,BANKED
	F	 0110 101A FFFF FFFF	1437
	A	 0110 101A 1001 1101	1
000382	6B9D	CLRF PRINTLOCY_H,BANKED
	S	1111 DDDD DDDD DDDD:1100 SSSS SSSS SSSS	1294
	D	1111 DDDD DDDD DDDD:1100 0101 0000 1110	1489
000384	C50E F5D1	MOVFF ADCVAL,SYSVALTEMP
	S	1111 DDDD DDDD DDDD:1100 SSSS SSSS SSSS	1295
	D	1111 DDDD DDDD DDDD:1100 0101 0000 1111	1490
000388	C50F F5D2	MOVFF ADCVAL_H,SYSVALTEMP_H
	K	 0000 0001 00KK KKKK	0
000000	0100	BANKSEL 0
	K	1111 KKKK KKKK KKKK:1110 110S KKKK KKKK	7402
	S	1111 0000 0000 1110:1110 110S 0111 0101	0
00038E	EC75 F00E	CALL FN_STR
	K	 0000 1110 KKKK KKKK	82
000392	0E52	MOVLW LOW STR
	K	 0000 0001 00KK KKKK	5
000000	0105	BANKSEL SYSSYSINSTRINGHANDLER
	F	 0110 111A FFFF FFFF	1479
	A	 0110 111A 1100 0111	1
000396	6FC7	MOVWF SYSSYSINSTRINGHANDLER,BANKED
	K	 0000 1110 KKKK KKKK	16
000398	0E10	MOVLW HIGH STR
	F	 0110 111A FFFF FFFF	1480
	A	 0110 111A 1100 1000	1
00039A	6FC8	MOVWF SYSSYSINSTRINGHANDLER_H,BANKED
	K	 0000 1110 KKKK KKKK	4
00039C	0E04	MOVLW 4
	F	 0110 111A FFFF FFFF	1476
	A	 0110 111A 1100 0100	1
00039E	6FC4	MOVWF SYSSTRLEN,BANKED
	F	1110 1110 00FF KKKK:1111 00KK KKKK KKKK	1
	K	1110 1110 0001 KKKK:1111 00KK KKKK KKKK	4195
0003A0	EE14 F063	LFSR 1,SYSSTRINGPARAM1
	K	 0000 1110 KKKK KKKK	14
0003A4	0E0E	MOVLW LOW STRINGTABLE59
	F	 0110 111A FFFF FFFF	1270
	A	 0110 111A 1111 0110	0
0003A6	6EF6	MOVWF TBLPTRL,ACCESS
	K	 0000 1110 KKKK KKKK	34
0003A8	0E22	MOVLW HIGH STRINGTABLE59
	F	 0110 111A FFFF FFFF	1271
	A	 0110 111A 1111 0111	0
0003AA	6EF7	MOVWF TBLPTRH,ACCESS
	K	 0000 1110 KKKK KKKK	0
0003AC	0E00	MOVLW UPPER STRINGTABLE59
	F	 0110 111A FFFF FFFF	1272
	A	 0110 111A 1111 1000	0
0003AE	6EF8	MOVWF TBLPTRU,ACCESS
	K	 0000 0001 00KK KKKK	0
000000	0100	BANKSEL 0
	K	1111 KKKK KKKK KKKK:1110 110S KKKK KKKK	8584
	S	1111 0000 0001 0000:1110 110S 1100 0100	0
0003B2	ECC4 F010	CALL SYSREADSTRING
	K	 0000 1110 KKKK KKKK	99
0003B6	0E63	MOVLW LOW SYSSTRINGPARAM1
	K	 0000 0001 00KK KKKK	5
000000	0105	BANKSEL SYSSYSINSTRING3HANDLER
	F	 0110 111A FFFF FFFF	1477
	A	 0110 111A 1100 0101	1
0003BA	6FC5	MOVWF SYSSYSINSTRING3HANDLER,BANKED
	K	 0000 1110 KKKK KKKK	16
0003BC	0E10	MOVLW HIGH SYSSTRINGPARAM1
	F	 0110 111A FFFF FFFF	1478
	A	 0110 111A 1100 0110	1
0003BE	6FC6	MOVWF SYSSYSINSTRING3HANDLER_H,BANKED
	K	 0000 0001 00KK KKKK	0
000000	0100	BANKSEL 0
	K	1111 KKKK KKKK KKKK:1110 110S KKKK KKKK	6384
	S	1111 0000 0000 1100:1110 110S 0111 1000	0
0003C2	EC78 F00C	CALL FN_PAD
	F	1110 1110 00FF KKKK:1111 00KK KKKK KKKK	1
	K	1110 1110 0001 KKKK:1111 00KK KKKK KKKK	4195
0003C6	EE14 F063	LFSR 1,SYSSTRINGPARAM1
	F	 0110 101A FFFF FFFF	1286
	A	 0110 101A 0000 0110	0
0003CA	6A06	CLRF SYSSTRINGLENGTH,ACCESS
	K	 0000 1110 KKKK KKKK	6
0003CC	0E06	MOVLW LOW STRINGTABLE12
	F	 0110 111A FFFF FFFF	1270
	A	 0110 111A 1111 0110	0
0003CE	6EF6	MOVWF TBLPTRL,ACCESS
	K	 0000 1110 KKKK KKKK	34
0003D0	0E22	MOVLW HIGH STRINGTABLE12
	F	 0110 111A FFFF FFFF	1271
	A	 0110 111A 1111 0111	0
0003D2	6EF7	MOVWF TBLPTRH,ACCESS
	K	 0000 1110 KKKK KKKK	0
0003D4	0E00	MOVLW UPPER STRINGTABLE12
	F	 0110 111A FFFF FFFF	1272
	A	 0110 111A 1111 1000	0
0003D6	6EF8	MOVWF TBLPTRU,ACCESS
	K	1111 KKKK KKKK KKKK:1110 110S KKKK KKKK	8596
	S	1111 0000 0001 0000:1110 110S 1100 1010	0
0003D8	ECCA F010	CALL SYSREADSTRINGPART
	F	1110 1110 00FF KKKK:1111 00KK KKKK KKKK	0
	K	1110 1110 0000 KKKK:1111 00KK KKKK KKKK	4228
0003DC	EE04 F084	LFSR 0,PAD
	K	1111 KKKK KKKK KKKK:1110 110S KKKK KKKK	7988
	S	1111 0000 0000 1111:1110 110S 1001 1010	0
0003E0	EC9A F00F	CALL SYSCOPYSTRINGPART
	F	1110 1110 00FF KKKK:1111 00KK KKKK KKKK	0
	K	1110 1110 0000 KKKK:1111 00KK KKKK KKKK	4195
0003E4	EE04 F063	LFSR 0,SYSSTRINGPARAM1
	S	1111 DDDD DDDD DDDD:1100 SSSS SSSS SSSS	1286
	D	1111 DDDD DDDD DDDD:1100 0101 0000 0110	1263
0003E8	C506 F4EF	MOVFF SYSSTRINGLENGTH, INDF0
	K	 0000 1110 KKKK KKKK	99
0003EC	0E63	MOVLW LOW SYSSTRINGPARAM1
	K	 0000 0001 00KK KKKK	5
000000	0105	BANKSEL SYSLCDPRINTDATAHANDLER
	F	 0110 111A FFFF FFFF	1457
	A	 0110 111A 1011 0001	1
0003F0	6FB1	MOVWF SYSLCDPRINTDATAHANDLER,BANKED
	K	 0000 1110 KKKK KKKK	16
0003F2	0E10	MOVLW HIGH SYSSTRINGPARAM1
	F	 0110 111A FFFF FFFF	1458
	A	 0110 111A 1011 0010	1
0003F4	6FB2	MOVWF SYSLCDPRINTDATAHANDLER_H,BANKED
	K	 0000 0001 00KK KKKK	0
000000	0100	BANKSEL 0
	K	1111 KKKK KKKK KKKK:1110 110S KKKK KKKK	5186
	S	1111 0000 0000 1010:1110 110S 0010 0001	0
0003F8	EC21 F00A	CALL GLCDPRINT5
	K	 0000 1110 KKKK KKKK	3
0003FC	0E03	MOVLW 3
	K	 0000 0001 00KK KKKK	5
000000	0105	BANKSEL LINEX1
	F	 0110 111A FFFF FFFF	1417
	A	 0110 111A 1000 1001	1
000400	6F89	MOVWF LINEX1,BANKED
	F	 0110 101A FFFF FFFF	1418
	A	 0110 101A 1000 1010	1
000402	6B8A	CLRF LINEX1_H,BANKED
	K	 0000 1110 KKKK KKKK	24
000404	0E18	MOVLW 24
	F	 0110 111A FFFF FFFF	1421
	A	 0110 111A 1000 1101	1
000406	6F8D	MOVWF LINEY1,BANKED
	F	 0110 101A FFFF FFFF	1422
	A	 0110 101A 1000 1110	1
000408	6B8E	CLRF LINEY1_H,BANKED
	K	 0000 1110 KKKK KKKK	6
00040A	0E06	MOVLW 6
	F	 0110 111A FFFF FFFF	1419
	A	 0110 111A 1000 1011	1
00040C	6F8B	MOVWF LINEX2,BANKED
	F	 0110 101A FFFF FFFF	1420
	A	 0110 101A 1000 1100	1
00040E	6B8C	CLRF LINEX2_H,BANKED
	K	 0000 1110 KKKK KKKK	27
000410	0E1B	MOVLW 27
	F	 0110 111A FFFF FFFF	1423
	A	 0110 111A 1000 1111	1
000412	6F8F	MOVWF LINEY2,BANKED
	F	 0110 101A FFFF FFFF	1424
	A	 0110 101A 1001 0000	1
000414	6B90	CLRF LINEY2_H,BANKED
	S	1111 DDDD DDDD DDDD:1100 SSSS SSSS SSSS	1328
	D	1111 DDDD DDDD DDDD:1100 0101 0011 0000	1399
000416	C530 F577	MOVFF GLCDFOREGROUND,LINECOLOUR
	S	1111 DDDD DDDD DDDD:1100 SSSS SSSS SSSS	1329
	D	1111 DDDD DDDD DDDD:1100 0101 0011 0001	1400
00041A	C531 F578	MOVFF GLCDFOREGROUND_H,LINECOLOUR_H
	K	 0000 0001 00KK KKKK	0
000000	0100	BANKSEL 0
	N	 1101 1NNN NNNN NNNN	159
000420	D89F	RCALL BOX17
	K	 0000 1110 KKKK KKKK	44
000422	0E2C	MOVLW 44
	K	 0000 0001 00KK KKKK	5
000000	0105	BANKSEL STRINGLOCX
	F	 0110 111A FFFF FFFF	1445
	A	 0110 111A 1010 0101	1
000426	6FA5	MOVWF STRINGLOCX,BANKED
	K	 0000 1110 KKKK KKKK	11
000428	0E0B	MOVLW 11
	F	 0110 111A FFFF FFFF	1305
	A	 0110 111A 0001 1001	0
00042A	6E19	MOVWF CHARLOCY,ACCESS
	S	1111 DDDD DDDD DDDD:1100 SSSS SSSS SSSS	1298
	D	1111 DDDD DDDD DDDD:1100 0101 0001 0010	1449
00042C	C512 F5A9	MOVFF CCOUNT,SYSCHAR
	K	 0000 0001 00KK KKKK	0
000000	0100	BANKSEL 0
	N	 1101 1NNN NNNN NNNN	309
000432	D935	RCALL FN_CHR
	K	 0000 1110 KKKK KKKK	173
000434	0EAD	MOVLW LOW OUTSTRING
	K	 0000 0001 00KK KKKK	5
000000	0105	BANKSEL SYSSYSINSTRINGHANDLER
	F	 0110 111A FFFF FFFF	1479
	A	 0110 111A 1100 0111	1
000438	6FC7	MOVWF SYSSYSINSTRINGHANDLER,BANKED
	K	 0000 1110 KKKK KKKK	16
00043A	0E10	MOVLW HIGH OUTSTRING
	F	 0110 111A FFFF FFFF	1480
	A	 0110 111A 1100 1000	1
00043C	6FC8	MOVWF SYSSYSINSTRINGHANDLER_H,BANKED
	K	 0000 1110 KKKK KKKK	3
00043E	0E03	MOVLW 3
	F	 0110 111A FFFF FFFF	1476
	A	 0110 111A 1100 0100	1
000440	6FC4	MOVWF SYSSTRLEN,BANKED
	F	1110 1110 00FF KKKK:1111 00KK KKKK KKKK	1
	K	1110 1110 0001 KKKK:1111 00KK KKKK KKKK	4195
000442	EE14 F063	LFSR 1,SYSSTRINGPARAM1
	K	 0000 1110 KKKK KKKK	14
000446	0E0E	MOVLW LOW STRINGTABLE59
	F	 0110 111A FFFF FFFF	1270
	A	 0110 111A 1111 0110	0
000448	6EF6	MOVWF TBLPTRL,ACCESS
	K	 0000 1110 KKKK KKKK	34
00044A	0E22	MOVLW HIGH STRINGTABLE59
	F	 0110 111A FFFF FFFF	1271
	A	 0110 111A 1111 0111	0
00044C	6EF7	MOVWF TBLPTRH,ACCESS
	K	 0000 1110 KKKK KKKK	0
00044E	0E00	MOVLW UPPER STRINGTABLE59
	F	 0110 111A FFFF FFFF	1272
	A	 0110 111A 1111 1000	0
000450	6EF8	MOVWF TBLPTRU,ACCESS
	K	 0000 0001 00KK KKKK	0
000000	0100	BANKSEL 0
	K	1111 KKKK KKKK KKKK:1110 110S KKKK KKKK	8584
	S	1111 0000 0001 0000:1110 110S 1100 0100	0
000454	ECC4 F010	CALL SYSREADSTRING
	K	 0000 1110 KKKK KKKK	99
000458	0E63	MOVLW LOW SYSSTRINGPARAM1
	K	 0000 0001 00KK KKKK	5
000000	0105	BANKSEL SYSSYSINSTRING3HANDLER
	F	 0110 111A FFFF FFFF	1477
	A	 0110 111A 1100 0101	1
00045C	6FC5	MOVWF SYSSYSINSTRING3HANDLER,BANKED
	K	 0000 1110 KKKK KKKK	16
00045E	0E10	MOVLW HIGH SYSSTRINGPARAM1
	F	 0110 111A FFFF FFFF	1478
	A	 0110 111A 1100 0110	1
000460	6FC6	MOVWF SYSSYSINSTRING3HANDLER_H,BANKED
	K	 0000 0001 00KK KKKK	0
000000	0100	BANKSEL 0
	K	1111 KKKK KKKK KKKK:1110 110S KKKK KKKK	6384
	S	1111 0000 0000 1100:1110 110S 0111 1000	0
000464	EC78 F00C	CALL FN_PAD
	F	1110 1110 00FF KKKK:1111 00KK KKKK KKKK	1
	K	1110 1110 0001 KKKK:1111 00KK KKKK KKKK	4195
000468	EE14 F063	LFSR 1,SYSSTRINGPARAM1
	F	 0110 101A FFFF FFFF	1286
	A	 0110 101A 0000 0110	0
00046C	6A06	CLRF SYSSTRINGLENGTH,ACCESS
	F	1110 1110 00FF KKKK:1111 00KK KKKK KKKK	0
	K	1110 1110 0000 KKKK:1111 00KK KKKK KKKK	4310
00046E	EE04 F0D6	LFSR 0,CHR
	K	1111 KKKK KKKK KKKK:1110 110S KKKK KKKK	7988
	S	1111 0000 0000 1111:1110 110S 1001 1010	0
000472	EC9A F00F	CALL SYSCOPYSTRINGPART
	K	 0000 1110 KKKK KKKK	12
000476	0E0C	MOVLW LOW STRINGTABLE13
	F	 0110 111A FFFF FFFF	1270
	A	 0110 111A 1111 0110	0
000478	6EF6	MOVWF TBLPTRL,ACCESS
	K	 0000 1110 KKKK KKKK	34
00047A	0E22	MOVLW HIGH STRINGTABLE13
	F	 0110 111A FFFF FFFF	1271
	A	 0110 111A 1111 0111	0
00047C	6EF7	MOVWF TBLPTRH,ACCESS
	K	 0000 1110 KKKK KKKK	0
00047E	0E00	MOVLW UPPER STRINGTABLE13
	F	 0110 111A FFFF FFFF	1272
	A	 0110 111A 1111 1000	0
000480	6EF8	MOVWF TBLPTRU,ACCESS
	K	1111 KKKK KKKK KKKK:1110 110S KKKK KKKK	8596
	S	1111 0000 0001 0000:1110 110S 1100 1010	0
000482	ECCA F010	CALL SYSREADSTRINGPART
	F	1110 1110 00FF KKKK:1111 00KK KKKK KKKK	0
	K	1110 1110 0000 KKKK:1111 00KK KKKK KKKK	4228
000486	EE04 F084	LFSR 0,PAD
	K	1111 KKKK KKKK KKKK:1110 110S KKKK KKKK	7988
	S	1111 0000 0000 1111:1110 110S 1001 1010	0
00048A	EC9A F00F	CALL SYSCOPYSTRINGPART
	F	1110 1110 00FF KKKK:1111 00KK KKKK KKKK	0
	K	1110 1110 0000 KKKK:1111 00KK KKKK KKKK	4195
00048E	EE04 F063	LFSR 0,SYSSTRINGPARAM1
	S	1111 DDDD DDDD DDDD:1100 SSSS SSSS SSSS	1286
	D	1111 DDDD DDDD DDDD:1100 0101 0000 0110	1263
000492	C506 F4EF	MOVFF SYSSTRINGLENGTH, INDF0
	K	 0000 1110 KKKK KKKK	99
000496	0E63	MOVLW LOW SYSSTRINGPARAM1
	K	 0000 0001 00KK KKKK	5
000000	0105	BANKSEL SYSCHARSHANDLER
	F	 0110 111A FFFF FFFF	1451
	A	 0110 111A 1010 1011	1
00049A	6FAB	MOVWF SYSCHARSHANDLER,BANKED
	K	 0000 1110 KKKK KKKK	16
00049C	0E10	MOVLW HIGH SYSSTRINGPARAM1
	F	 0110 111A FFFF FFFF	1452
	A	 0110 111A 1010 1100	1
00049E	6FAC	MOVWF SYSCHARSHANDLER_H,BANKED
	S	1111 DDDD DDDD DDDD:1100 SSSS SSSS SSSS	1328
	D	1111 DDDD DDDD DDDD:1100 0101 0011 0000	1399
0004A0	C530 F577	MOVFF GLCDFOREGROUND,LINECOLOUR
	S	1111 DDDD DDDD DDDD:1100 SSSS SSSS SSSS	1329
	D	1111 DDDD DDDD DDDD:1100 0101 0011 0001	1400
0004A4	C531 F578	MOVFF GLCDFOREGROUND_H,LINECOLOUR_H
	K	 0000 0001 00KK KKKK	0
000000	0100	BANKSEL 0
	K	1111 KKKK KKKK KKKK:1110 110S KKKK KKKK	5076
	S	1111 0000 0000 1001:1110 110S 1110 1010	0
0004AA	ECEA F009	CALL GLCDDRAWSTRING
	K	 0000 1110 KKKK KKKK	118
0004AE	0E76	MOVLW 118
	K	 0000 0001 00KK KKKK	5
000000	0105	BANKSEL XOFFSET
	F	 0110 111A FFFF FFFF	1494
	A	 0110 111A 1101 0110	1
0004B2	6FD6	MOVWF XOFFSET,BANKED
	F	 0110 101A FFFF FFFF	1495
	A	 0110 101A 1101 0111	1
0004B4	6BD7	CLRF XOFFSET_H,BANKED
	K	 0000 1110 KKKK KKKK	6
0004B6	0E06	MOVLW 6
	F	 0110 111A FFFF FFFF	1498
	A	 0110 111A 1101 1010	1
0004B8	6FDA	MOVWF YOFFSET,BANKED
	F	 0110 101A FFFF FFFF	1499
	A	 0110 101A 1101 1011	1
0004BA	6BDB	CLRF YOFFSET_H,BANKED
	K	 0000 1110 KKKK KKKK	7
0004BC	0E07	MOVLW 7
	F	 0110 111A FFFF FFFF	1391
	A	 0110 111A 0110 1111	1
0004BE	6F6F	MOVWF INXRADIUS,BANKED
	F	 0110 101A FFFF FFFF	1392
	A	 0110 101A 0111 0000	1
0004C0	6B70	CLRF INXRADIUS_H,BANKED
	K	 0000 1110 KKKK KKKK	4
0004C2	0E04	MOVLW 4
	F	 0110 111A FFFF FFFF	1393
	A	 0110 111A 0111 0001	1
0004C4	6F71	MOVWF INYRADIUS,BANKED
	F	 0110 101A FFFF FFFF	1394
	A	 0110 101A 0111 0010	1
0004C6	6B72	CLRF INYRADIUS_H,BANKED
	S	1111 DDDD DDDD DDDD:1100 SSSS SSSS SSSS	1328
	D	1111 DDDD DDDD DDDD:1100 0101 0011 0000	1399
0004C8	C530 F577	MOVFF GLCDFOREGROUND,LINECOLOUR
	S	1111 DDDD DDDD DDDD:1100 SSSS SSSS SSSS	1329
	D	1111 DDDD DDDD DDDD:1100 0101 0011 0001	1400
0004CC	C531 F578	MOVFF GLCDFOREGROUND_H,LINECOLOUR_H
	K	 0000 0001 00KK KKKK	0
000000	0100	BANKSEL 0
	K	1111 KKKK KKKK KKKK:1110 110S KKKK KKKK	3606
	S	1111 0000 0000 0111:1110 110S 0000 1011	0
0004D2	EC0B F007	CALL ELLIPSE37
	S	1111 DDDD DDDD DDDD:1100 SSSS SSSS SSSS	1294
	D	1111 DDDD DDDD DDDD:1100 0101 0000 1110	1289
0004D6	C50E F509	MOVFF ADCVAL,SYSWORDTEMPB
	S	1111 DDDD DDDD DDDD:1100 SSSS SSSS SSSS	1295
	D	1111 DDDD DDDD DDDD:1100 0101 0000 1111	1290
0004DA	C50F F50A	MOVFF ADCVAL_H,SYSWORDTEMPB_H
	K	 0000 1110 KKKK KKKK	127
0004DE	0E7F	MOVLW 127
	F	 0110 111A FFFF FFFF	1285
	A	 0110 111A 0000 0101	0
0004E0	6E05	MOVWF SYSWORDTEMPA,ACCESS
	F	 0110 101A FFFF FFFF	1286
	A	 0110 101A 0000 0110	0
0004E2	6A06	CLRF SYSWORDTEMPA_H,ACCESS
	K	1111 KKKK KKKK KKKK:1110 110S KKKK KKKK	7824
	S	1111 0000 0000 1111:1110 110S 0100 1000	0
0004E4	EC48 F00F	CALL SYSCOMPLESSTHAN16
	F	 1010 BBBA FFFF FFFF	1280
	B	 1010 BBBA 0000 0000	0
	A	 1010 000A 0000 0000	0
0004E8	A000	BTFSS SYSBYTETEMPX,0,ACCESS
	N	 1101 0NNN NNNN NNNN	21
0004EA	D015	BRA ELSE1_1
	K	 0000 1110 KKKK KKKK	118
0004EC	0E76	MOVLW 118
	K	 0000 0001 00KK KKKK	5
000000	0105	BANKSEL XOFFSET
	F	 0110 111A FFFF FFFF	1494
	A	 0110 111A 1101 0110	1
0004F0	6FD6	MOVWF XOFFSET,BANKED
	F	 0110 101A FFFF FFFF	1495
	A	 0110 101A 1101 0111	1
0004F2	6BD7	CLRF XOFFSET_H,BANKED
	K	 0000 1110 KKKK KKKK	6
0004F4	0E06	MOVLW 6
	F	 0110 111A FFFF FFFF	1498
	A	 0110 111A 1101 1010	1
0004F6	6FDA	MOVWF YOFFSET,BANKED
	F	 0110 101A FFFF FFFF	1499
	A	 0110 101A 1101 1011	1
0004F8	6BDB	CLRF YOFFSET_H,BANKED
	K	 0000 1110 KKKK KKKK	5
0004FA	0E05	MOVLW 5
	F	 0110 111A FFFF FFFF	1391
	A	 0110 111A 0110 1111	1
0004FC	6F6F	MOVWF INXRADIUS,BANKED
	F	 0110 101A FFFF FFFF	1392
	A	 0110 101A 0111 0000	1
0004FE	6B70	CLRF INXRADIUS_H,BANKED
	K	 0000 1110 KKKK KKKK	2
000500	0E02	MOVLW 2
	F	 0110 111A FFFF FFFF	1393
	A	 0110 111A 0111 0001	1
000502	6F71	MOVWF INYRADIUS,BANKED
	F	 0110 101A FFFF FFFF	1394
	A	 0110 101A 0111 0010	1
000504	6B72	CLRF INYRADIUS_H,BANKED
	S	1111 DDDD DDDD DDDD:1100 SSSS SSSS SSSS	1328
	D	1111 DDDD DDDD DDDD:1100 0101 0011 0000	1399
000506	C530 F577	MOVFF GLCDFOREGROUND,LINECOLOUR
	S	1111 DDDD DDDD DDDD:1100 SSSS SSSS SSSS	1329
	D	1111 DDDD DDDD DDDD:1100 0101 0011 0001	1400
00050A	C531 F578	MOVFF GLCDFOREGROUND_H,LINECOLOUR_H
	K	 0000 0001 00KK KKKK	0
000000	0100	BANKSEL 0
	K	1111 KKKK KKKK KKKK:1110 110S KKKK KKKK	3610
	S	1111 0000 0000 0111:1110 110S 0000 1101	0
000510	EC0D F007	CALL FILLEDELLIPSE39
	N	 1101 0NNN NNNN NNNN	20
000514	D014	BRA ENDIF1
		ELSE1_1
	K	 0000 1110 KKKK KKKK	118
000516	0E76	MOVLW 118
	K	 0000 0001 00KK KKKK	5
000000	0105	BANKSEL XOFFSET
	F	 0110 111A FFFF FFFF	1494
	A	 0110 111A 1101 0110	1
00051A	6FD6	MOVWF XOFFSET,BANKED
	F	 0110 101A FFFF FFFF	1495
	A	 0110 101A 1101 0111	1
00051C	6BD7	CLRF XOFFSET_H,BANKED
	K	 0000 1110 KKKK KKKK	6
00051E	0E06	MOVLW 6
	F	 0110 111A FFFF FFFF	1498
	A	 0110 111A 1101 1010	1
000520	6FDA	MOVWF YOFFSET,BANKED
	F	 0110 101A FFFF FFFF	1499
	A	 0110 101A 1101 1011	1
000522	6BDB	CLRF YOFFSET_H,BANKED
	K	 0000 1110 KKKK KKKK	5
000524	0E05	MOVLW 5
	F	 0110 111A FFFF FFFF	1391
	A	 0110 111A 0110 1111	1
000526	6F6F	MOVWF INXRADIUS,BANKED
	F	 0110 101A FFFF FFFF	1392
	A	 0110 101A 0111 0000	1
000528	6B70	CLRF INXRADIUS_H,BANKED
	K	 0000 1110 KKKK KKKK	2
00052A	0E02	MOVLW 2
	F	 0110 111A FFFF FFFF	1393
	A	 0110 111A 0111 0001	1
00052C	6F71	MOVWF INYRADIUS,BANKED
	F	 0110 101A FFFF FFFF	1394
	A	 0110 101A 0111 0010	1
00052E	6B72	CLRF INYRADIUS_H,BANKED
	S	1111 DDDD DDDD DDDD:1100 SSSS SSSS SSSS	1317
	D	1111 DDDD DDDD DDDD:1100 0101 0010 0101	1399
000530	C525 F577	MOVFF GLCDBACKGROUND,LINECOLOUR
	S	1111 DDDD DDDD DDDD:1100 SSSS SSSS SSSS	1318
	D	1111 DDDD DDDD DDDD:1100 0101 0010 0110	1400
000534	C526 F578	MOVFF GLCDBACKGROUND_H,LINECOLOUR_H
	K	 0000 0001 00KK KKKK	0
000000	0100	BANKSEL 0
	K	1111 KKKK KKKK KKKK:1110 110S KKKK KKKK	3610
	S	1111 0000 0000 0111:1110 110S 0000 1101	0
00053A	EC0D F007	CALL FILLEDELLIPSE39
		ENDIF1
	K	 0000 1110 KKKK KKKK	7
00053E	0E07	MOVLW 7
	K	 0000 0001 00KK KKKK	5
000000	0105	BANKSEL LONGNUMBER
	F	 0010 01DA FFFF FFFF	1427
	D	 0010 01DA 1001 0011	1
	A	 0010 011A 1001 0011	1
000542	2793	ADDWF LONGNUMBER,F,BANKED
	K	 0000 1110 KKKK KKKK	0
000544	0E00	MOVLW 0
	F	 0010 00DA FFFF FFFF	1428
	D	 0010 00DA 1001 0100	1
	A	 0010 001A 1001 0100	1
000546	2394	ADDWFC LONGNUMBER_H,F,BANKED
	K	 0000 1110 KKKK KKKK	0
000548	0E00	MOVLW 0
	F	 0010 00DA FFFF FFFF	1429
	D	 0010 00DA 1001 0101	1
	A	 0010 001A 1001 0101	1
00054A	2395	ADDWFC LONGNUMBER_U,F,BANKED
	K	 0000 1110 KKKK KKKK	0
00054C	0E00	MOVLW 0
	F	 0010 00DA FFFF FFFF	1430
	D	 0010 00DA 1001 0110	1
	A	 0010 001A 1001 0110	1
00054E	2396	ADDWFC LONGNUMBER_E,F,BANKED
	K	 0000 1110 KKKK KKKK	127
000550	0E7F	MOVLW 127
	F	 0101 11DA FFFF FFFF	1298
	D	 0101 11DA 0001 0010	0
	A	 0101 110A 0001 0010	0
000552	5C12	SUBWF CCOUNT,W,ACCESS
	F	 1010 BBBA FFFF FFFF	1240
	B	 1010 BBBA 1101 1000	0
	A	 1010 000A 1101 1000	0
000554	A0D8	BTFSS STATUS, C,ACCESS
	N	 1101 0NNN NNNN NNNN	1593
000556	D639	BRA SYSFORLOOP1
		SYSFORLOOPEND1
	N	 1101 0NNN NNNN NNNN	1590
000558	D636	BRA SYSDOLOOP_S1
		SYSDOLOOP_E1
	N	 1101 0NNN NNNN NNNN	0
00055A	D000	BRA BASPROGRAMEND
		BASPROGRAMEND
00055C	0003	SLEEP
	N	 1101 0NNN NNNN NNNN	2046
00055E	D7FE	BRA BASPROGRAMEND


		BOX17
	S	1111 DDDD DDDD DDDD:1100 SSSS SSSS SSSS	1417
	D	1111 DDDD DDDD DDDD:1100 0101 1000 1001	1289
000560	C589 F509	MOVFF LINEX1,SYSWORDTEMPB
	S	1111 DDDD DDDD DDDD:1100 SSSS SSSS SSSS	1418
	D	1111 DDDD DDDD DDDD:1100 0101 1000 1010	1290
000564	C58A F50A	MOVFF LINEX1_H,SYSWORDTEMPB_H
	S	1111 DDDD DDDD DDDD:1100 SSSS SSSS SSSS	1419
	D	1111 DDDD DDDD DDDD:1100 0101 1000 1011	1285
000568	C58B F505	MOVFF LINEX2,SYSWORDTEMPA
	S	1111 DDDD DDDD DDDD:1100 SSSS SSSS SSSS	1420
	D	1111 DDDD DDDD DDDD:1100 0101 1000 1100	1286
00056C	C58C F506	MOVFF LINEX2_H,SYSWORDTEMPA_H
	K	1111 KKKK KKKK KKKK:1110 110S KKKK KKKK	7824
	S	1111 0000 0000 1111:1110 110S 0100 1000	0
000570	EC48 F00F	CALL SYSCOMPLESSTHAN16
	F	 1010 BBBA FFFF FFFF	1280
	B	 1010 BBBA 0000 0000	0
	A	 1010 000A 0000 0000	0
000574	A000	BTFSS SYSBYTETEMPX,0,ACCESS
	N	 1101 0NNN NNNN NNNN	12
000576	D00C	BRA ENDIF10
	S	1111 DDDD DDDD DDDD:1100 SSSS SSSS SSSS	1417
	D	1111 DDDD DDDD DDDD:1100 0101 1000 1001	1334
000578	C589 F536	MOVFF LINEX1,GLCDTEMP
	S	1111 DDDD DDDD DDDD:1100 SSSS SSSS SSSS	1418
	D	1111 DDDD DDDD DDDD:1100 0101 1000 1010	1335
00057C	C58A F537	MOVFF LINEX1_H,GLCDTEMP_H
	S	1111 DDDD DDDD DDDD:1100 SSSS SSSS SSSS	1419
	D	1111 DDDD DDDD DDDD:1100 0101 1000 1011	1417
000580	C58B F589	MOVFF LINEX2,LINEX1
	S	1111 DDDD DDDD DDDD:1100 SSSS SSSS SSSS	1420
	D	1111 DDDD DDDD DDDD:1100 0101 1000 1100	1418
000584	C58C F58A	MOVFF LINEX2_H,LINEX1_H
	S	1111 DDDD DDDD DDDD:1100 SSSS SSSS SSSS	1334
	D	1111 DDDD DDDD DDDD:1100 0101 0011 0110	1419
000588	C536 F58B	MOVFF GLCDTEMP,LINEX2
	S	1111 DDDD DDDD DDDD:1100 SSSS SSSS SSSS	1335
	D	1111 DDDD DDDD DDDD:1100 0101 0011 0111	1420
00058C	C537 F58C	MOVFF GLCDTEMP_H,LINEX2_H
		ENDIF10
	S	1111 DDDD DDDD DDDD:1100 SSSS SSSS SSSS	1421
	D	1111 DDDD DDDD DDDD:1100 0101 1000 1101	1289
000590	C58D F509	MOVFF LINEY1,SYSWORDTEMPB
	S	1111 DDDD DDDD DDDD:1100 SSSS SSSS SSSS	1422
	D	1111 DDDD DDDD DDDD:1100 0101 1000 1110	1290
000594	C58E F50A	MOVFF LINEY1_H,SYSWORDTEMPB_H
	S	1111 DDDD DDDD DDDD:1100 SSSS SSSS SSSS	1423
	D	1111 DDDD DDDD DDDD:1100 0101 1000 1111	1285
000598	C58F F505	MOVFF LINEY2,SYSWORDTEMPA
	S	1111 DDDD DDDD DDDD:1100 SSSS SSSS SSSS	1424
	D	1111 DDDD DDDD DDDD:1100 0101 1001 0000	1286
00059C	C590 F506	MOVFF LINEY2_H,SYSWORDTEMPA_H
	K	1111 KKKK KKKK KKKK:1110 110S KKKK KKKK	7824
	S	1111 0000 0000 1111:1110 110S 0100 1000	0
0005A0	EC48 F00F	CALL SYSCOMPLESSTHAN16
	F	 1010 BBBA FFFF FFFF	1280
	B	 1010 BBBA 0000 0000	0
	A	 1010 000A 0000 0000	0
0005A4	A000	BTFSS SYSBYTETEMPX,0,ACCESS
	N	 1101 0NNN NNNN NNNN	12
0005A6	D00C	BRA ENDIF11
	S	1111 DDDD DDDD DDDD:1100 SSSS SSSS SSSS	1421
	D	1111 DDDD DDDD DDDD:1100 0101 1000 1101	1334
0005A8	C58D F536	MOVFF LINEY1,GLCDTEMP
	S	1111 DDDD DDDD DDDD:1100 SSSS SSSS SSSS	1422
	D	1111 DDDD DDDD DDDD:1100 0101 1000 1110	1335
0005AC	C58E F537	MOVFF LINEY1_H,GLCDTEMP_H
	S	1111 DDDD DDDD DDDD:1100 SSSS SSSS SSSS	1423
	D	1111 DDDD DDDD DDDD:1100 0101 1000 1111	1421
0005B0	C58F F58D	MOVFF LINEY2,LINEY1
	S	1111 DDDD DDDD DDDD:1100 SSSS SSSS SSSS	1424
	D	1111 DDDD DDDD DDDD:1100 0101 1001 0000	1422
0005B4	C590 F58E	MOVFF LINEY2_H,LINEY1_H
	S	1111 DDDD DDDD DDDD:1100 SSSS SSSS SSSS	1334
	D	1111 DDDD DDDD DDDD:1100 0101 0011 0110	1423
0005B8	C536 F58F	MOVFF GLCDTEMP,LINEY2
	S	1111 DDDD DDDD DDDD:1100 SSSS SSSS SSSS	1335
	D	1111 DDDD DDDD DDDD:1100 0101 0011 0111	1424
0005BC	C537 F590	MOVFF GLCDTEMP_H,LINEY2_H
		ENDIF11
	K	 0000 1110 KKKK KKKK	1
0005C0	0E01	MOVLW 1
	K	 0000 0001 00KK KKKK	5
000000	0105	BANKSEL LINEX1
	F	 0101 11DA FFFF FFFF	1417
	D	 0101 11DA 1000 1001	0
	A	 0101 110A 1000 1001	1
0005C4	5D89	SUBWF LINEX1,W,BANKED
	F	 0110 111A FFFF FFFF	1314
	A	 0110 111A 0010 0010	0
0005C6	6E22	MOVWF DRAWLINE,ACCESS
	K	 0000 1110 KKKK KKKK	0
0005C8	0E00	MOVLW 0
	F	 0101 10DA FFFF FFFF	1418
	D	 0101 10DA 1000 1010	0
	A	 0101 100A 1000 1010	1
0005CA	598A	SUBWFB LINEX1_H,W,BANKED
	F	 0110 111A FFFF FFFF	1315
	A	 0110 111A 0010 0011	0
0005CC	6E23	MOVWF DRAWLINE_H,ACCESS
	S	1111 DDDD DDDD DDDD:1100 SSSS SSSS SSSS	1417
	D	1111 DDDD DDDD DDDD:1100 0101 1000 1001	1289
0005CE	C589 F509	MOVFF LINEX1,SYSWORDTEMPB
	S	1111 DDDD DDDD DDDD:1100 SSSS SSSS SSSS	1418
	D	1111 DDDD DDDD DDDD:1100 0101 1000 1010	1290
0005D2	C58A F50A	MOVFF LINEX1_H,SYSWORDTEMPB_H
	S	1111 DDDD DDDD DDDD:1100 SSSS SSSS SSSS	1419
	D	1111 DDDD DDDD DDDD:1100 0101 1000 1011	1285
0005D6	C58B F505	MOVFF LINEX2,SYSWORDTEMPA
	S	1111 DDDD DDDD DDDD:1100 SSSS SSSS SSSS	1420
	D	1111 DDDD DDDD DDDD:1100 0101 1000 1100	1286
0005DA	C58C F506	MOVFF LINEX2_H,SYSWORDTEMPA_H
	K	 0000 0001 00KK KKKK	0
000000	0100	BANKSEL 0
	K	1111 KKKK KKKK KKKK:1110 110S KKKK KKKK	7824
	S	1111 0000 0000 1111:1110 110S 0100 1000	0
0005E0	EC48 F00F	CALL SYSCOMPLESSTHAN16
	F	 1011 BBBA FFFF FFFF	1280
	B	 1011 BBBA 0000 0000	0
	A	 1011 000A 0000 0000	0
0005E4	B000	BTFSC SYSBYTETEMPX,0,ACCESS
	N	 1101 0NNN NNNN NNNN	35
0005E6	D023	BRA SYSFORLOOPEND5
		SYSFORLOOP5
	F	 0010 10DA FFFF FFFF	1314
	D	 0010 10DA 0010 0010	1
	A	 0010 101A 0010 0010	0
0005E8	2A22	INCF DRAWLINE,F,ACCESS
	F	 1011 BBBA FFFF FFFF	1240
	B	 1011 BBBA 1101 1000	2
	A	 1011 010A 1101 1000	0
0005EA	B4D8	BTFSC STATUS,Z,ACCESS
	F	 0010 10DA FFFF FFFF	1315
	D	 0010 10DA 0010 0011	1
	A	 0010 101A 0010 0011	0
0005EC	2A23	INCF DRAWLINE_H,F,ACCESS
	S	1111 DDDD DDDD DDDD:1100 SSSS SSSS SSSS	1314
	D	1111 DDDD DDDD DDDD:1100 0101 0010 0010	1336
0005EE	C522 F538	MOVFF DRAWLINE,GLCDX
	S	1111 DDDD DDDD DDDD:1100 SSSS SSSS SSSS	1421
	D	1111 DDDD DDDD DDDD:1100 0101 1000 1101	1337
0005F2	C58D F539	MOVFF LINEY1,GLCDY
	S	1111 DDDD DDDD DDDD:1100 SSSS SSSS SSSS	1399
	D	1111 DDDD DDDD DDDD:1100 0101 0111 0111	1321
0005F6	C577 F529	MOVFF LINECOLOUR,GLCDCOLOUR
	S	1111 DDDD DDDD DDDD:1100 SSSS SSSS SSSS	1400
	D	1111 DDDD DDDD DDDD:1100 0101 0111 1000	1322
0005FA	C578 F52A	MOVFF LINECOLOUR_H,GLCDCOLOUR_H
	K	1111 KKKK KKKK KKKK:1110 110S KKKK KKKK	6672
	S	1111 0000 0000 1101:1110 110S 0000 1000	0
0005FE	EC08 F00D	CALL PSET_SSD1309
	S	1111 DDDD DDDD DDDD:1100 SSSS SSSS SSSS	1314
	D	1111 DDDD DDDD DDDD:1100 0101 0010 0010	1336
000602	C522 F538	MOVFF DRAWLINE,GLCDX
	S	1111 DDDD DDDD DDDD:1100 SSSS SSSS SSSS	1423
	D	1111 DDDD DDDD DDDD:1100 0101 1000 1111	1337
000606	C58F F539	MOVFF LINEY2,GLCDY
	S	1111 DDDD DDDD DDDD:1100 SSSS SSSS SSSS	1399
	D	1111 DDDD DDDD DDDD:1100 0101 0111 0111	1321
00060A	C577 F529	MOVFF LINECOLOUR,GLCDCOLOUR
	S	1111 DDDD DDDD DDDD:1100 SSSS SSSS SSSS	1400
	D	1111 DDDD DDDD DDDD:1100 0101 0111 1000	1322
00060E	C578 F52A	MOVFF LINECOLOUR_H,GLCDCOLOUR_H
	K	1111 KKKK KKKK KKKK:1110 110S KKKK KKKK	6672
	S	1111 0000 0000 1101:1110 110S 0000 1000	0
000612	EC08 F00D	CALL PSET_SSD1309
	S	1111 DDDD DDDD DDDD:1100 SSSS SSSS SSSS	1314
	D	1111 DDDD DDDD DDDD:1100 0101 0010 0010	1285
000616	C522 F505	MOVFF DRAWLINE,SYSWORDTEMPA
	S	1111 DDDD DDDD DDDD:1100 SSSS SSSS SSSS	1315
	D	1111 DDDD DDDD DDDD:1100 0101 0010 0011	1286
00061A	C523 F506	MOVFF DRAWLINE_H,SYSWORDTEMPA_H
	S	1111 DDDD DDDD DDDD:1100 SSSS SSSS SSSS	1419
	D	1111 DDDD DDDD DDDD:1100 0101 1000 1011	1289
00061E	C58B F509	MOVFF LINEX2,SYSWORDTEMPB
	S	1111 DDDD DDDD DDDD:1100 SSSS SSSS SSSS	1420
	D	1111 DDDD DDDD DDDD:1100 0101 1000 1100	1290
000622	C58C F50A	MOVFF LINEX2_H,SYSWORDTEMPB_H
	K	1111 KKKK KKKK KKKK:1110 110S KKKK KKKK	7824
	S	1111 0000 0000 1111:1110 110S 0100 1000	0
000626	EC48 F00F	CALL SYSCOMPLESSTHAN16
	F	 1011 BBBA FFFF FFFF	1280
	B	 1011 BBBA 0000 0000	0
	A	 1011 000A 0000 0000	0
00062A	B000	BTFSC SYSBYTETEMPX,0,ACCESS
	N	 1101 0NNN NNNN NNNN	2013
00062C	D7DD	BRA SYSFORLOOP5
		SYSFORLOOPEND5
	K	 0000 1110 KKKK KKKK	1
00062E	0E01	MOVLW 1
	K	 0000 0001 00KK KKKK	5
000000	0105	BANKSEL LINEY1
	F	 0101 11DA FFFF FFFF	1421
	D	 0101 11DA 1000 1101	0
	A	 0101 110A 1000 1101	1
000632	5D8D	SUBWF LINEY1,W,BANKED
	F	 0110 111A FFFF FFFF	1314
	A	 0110 111A 0010 0010	0
000634	6E22	MOVWF DRAWLINE,ACCESS
	K	 0000 1110 KKKK KKKK	0
000636	0E00	MOVLW 0
	F	 0101 10DA FFFF FFFF	1422
	D	 0101 10DA 1000 1110	0
	A	 0101 100A 1000 1110	1
000638	598E	SUBWFB LINEY1_H,W,BANKED
	F	 0110 111A FFFF FFFF	1315
	A	 0110 111A 0010 0011	0
00063A	6E23	MOVWF DRAWLINE_H,ACCESS
	S	1111 DDDD DDDD DDDD:1100 SSSS SSSS SSSS	1421
	D	1111 DDDD DDDD DDDD:1100 0101 1000 1101	1289
00063C	C58D F509	MOVFF LINEY1,SYSWORDTEMPB
	S	1111 DDDD DDDD DDDD:1100 SSSS SSSS SSSS	1422
	D	1111 DDDD DDDD DDDD:1100 0101 1000 1110	1290
000640	C58E F50A	MOVFF LINEY1_H,SYSWORDTEMPB_H
	S	1111 DDDD DDDD DDDD:1100 SSSS SSSS SSSS	1423
	D	1111 DDDD DDDD DDDD:1100 0101 1000 1111	1285
000644	C58F F505	MOVFF LINEY2,SYSWORDTEMPA
	S	1111 DDDD DDDD DDDD:1100 SSSS SSSS SSSS	1424
	D	1111 DDDD DDDD DDDD:1100 0101 1001 0000	1286
000648	C590 F506	MOVFF LINEY2_H,SYSWORDTEMPA_H
	K	 0000 0001 00KK KKKK	0
000000	0100	BANKSEL 0
	K	1111 KKKK KKKK KKKK:1110 110S KKKK KKKK	7824
	S	1111 0000 0000 1111:1110 110S 0100 1000	0
00064E	EC48 F00F	CALL SYSCOMPLESSTHAN16
	F	 1011 BBBA FFFF FFFF	1280
	B	 1011 BBBA 0000 0000	0
	A	 1011 000A 0000 0000	0
000652	B000	BTFSC SYSBYTETEMPX,0,ACCESS
	N	 1101 0NNN NNNN NNNN	35
000654	D023	BRA SYSFORLOOPEND6
		SYSFORLOOP6
	F	 0010 10DA FFFF FFFF	1314
	D	 0010 10DA 0010 0010	1
	A	 0010 101A 0010 0010	0
000656	2A22	INCF DRAWLINE,F,ACCESS
	F	 1011 BBBA FFFF FFFF	1240
	B	 1011 BBBA 1101 1000	2
	A	 1011 010A 1101 1000	0
000658	B4D8	BTFSC STATUS,Z,ACCESS
	F	 0010 10DA FFFF FFFF	1315
	D	 0010 10DA 0010 0011	1
	A	 0010 101A 0010 0011	0
00065A	2A23	INCF DRAWLINE_H,F,ACCESS
	S	1111 DDDD DDDD DDDD:1100 SSSS SSSS SSSS	1417
	D	1111 DDDD DDDD DDDD:1100 0101 1000 1001	1336
00065C	C589 F538	MOVFF LINEX1,GLCDX
	S	1111 DDDD DDDD DDDD:1100 SSSS SSSS SSSS	1314
	D	1111 DDDD DDDD DDDD:1100 0101 0010 0010	1337
000660	C522 F539	MOVFF DRAWLINE,GLCDY
	S	1111 DDDD DDDD DDDD:1100 SSSS SSSS SSSS	1399
	D	1111 DDDD DDDD DDDD:1100 0101 0111 0111	1321
000664	C577 F529	MOVFF LINECOLOUR,GLCDCOLOUR
	S	1111 DDDD DDDD DDDD:1100 SSSS SSSS SSSS	1400
	D	1111 DDDD DDDD DDDD:1100 0101 0111 1000	1322
000668	C578 F52A	MOVFF LINECOLOUR_H,GLCDCOLOUR_H
	K	1111 KKKK KKKK KKKK:1110 110S KKKK KKKK	6672
	S	1111 0000 0000 1101:1110 110S 0000 1000	0
00066C	EC08 F00D	CALL PSET_SSD1309
	S	1111 DDDD DDDD DDDD:1100 SSSS SSSS SSSS	1419
	D	1111 DDDD DDDD DDDD:1100 0101 1000 1011	1336
000670	C58B F538	MOVFF LINEX2,GLCDX
	S	1111 DDDD DDDD DDDD:1100 SSSS SSSS SSSS	1314
	D	1111 DDDD DDDD DDDD:1100 0101 0010 0010	1337
000674	C522 F539	MOVFF DRAWLINE,GLCDY
	S	1111 DDDD DDDD DDDD:1100 SSSS SSSS SSSS	1399
	D	1111 DDDD DDDD DDDD:1100 0101 0111 0111	1321
000678	C577 F529	MOVFF LINECOLOUR,GLCDCOLOUR
	S	1111 DDDD DDDD DDDD:1100 SSSS SSSS SSSS	1400
	D	1111 DDDD DDDD DDDD:1100 0101 0111 1000	1322
00067C	C578 F52A	MOVFF LINECOLOUR_H,GLCDCOLOUR_H
	K	1111 KKKK KKKK KKKK:1110 110S KKKK KKKK	6672
	S	1111 0000 0000 1101:1110 110S 0000 1000	0
000680	EC08 F00D	CALL PSET_SSD1309
	S	1111 DDDD DDDD DDDD:1100 SSSS SSSS SSSS	1314
	D	1111 DDDD DDDD DDDD:1100 0101 0010 0010	1285
000684	C522 F505	MOVFF DRAWLINE,SYSWORDTEMPA
	S	1111 DDDD DDDD DDDD:1100 SSSS SSSS SSSS	1315
	D	1111 DDDD DDDD DDDD:1100 0101 0010 0011	1286
000688	C523 F506	MOVFF DRAWLINE_H,SYSWORDTEMPA_H
	S	1111 DDDD DDDD DDDD:1100 SSSS SSSS SSSS	1423
	D	1111 DDDD DDDD DDDD:1100 0101 1000 1111	1289
00068C	C58F F509	MOVFF LINEY2,SYSWORDTEMPB
	S	1111 DDDD DDDD DDDD:1100 SSSS SSSS SSSS	1424
	D	1111 DDDD DDDD DDDD:1100 0101 1001 0000	1290
000690	C590 F50A	MOVFF LINEY2_H,SYSWORDTEMPB_H
	K	1111 KKKK KKKK KKKK:1110 110S KKKK KKKK	7824
	S	1111 0000 0000 1111:1110 110S 0100 1000	0
000694	EC48 F00F	CALL SYSCOMPLESSTHAN16
	F	 1011 BBBA FFFF FFFF	1280
	B	 1011 BBBA 0000 0000	0
	A	 1011 000A 0000 0000	0
000698	B000	BTFSC SYSBYTETEMPX,0,ACCESS
	N	 1101 0NNN NNNN NNNN	2013
00069A	D7DD	BRA SYSFORLOOP6
		SYSFORLOOPEND6
	S	 0000 0000 0001 001S	0
00069C	0012	RETURN


		FN_CHR
	K	 0000 1110 KKKK KKKK	0
00069E	0E00	MOVLW 0
	K	 0000 0001 00KK KKKK	5
000000	0105	BANKSEL SYSCHAR
	F	 0101 11DA FFFF FFFF	1449
	D	 0101 11DA 1010 1001	0
	A	 0101 110A 1010 1001	1
0006A2	5DA9	SUBWF SYSCHAR,W,BANKED
	F	 1011 BBBA FFFF FFFF	1240
	B	 1011 BBBA 1101 1000	0
	A	 1011 000A 1101 1000	0
0006A4	B0D8	BTFSC STATUS, C,ACCESS
	N	 1101 0NNN NNNN NNNN	4
0006A6	D004	BRA ENDIF49
	K	 0000 0001 00KK KKKK	16
000000	0110	BANKSEL SYSCHR_0
	F	 0110 101A FFFF FFFF	4310
	A	 0110 101A 1101 0110	1
0006AA	6BD6	CLRF SYSCHR_0,BANKED
	K	 0000 0001 00KK KKKK	0
000000	0100	BANKSEL 0
	S	 0000 0000 0001 001S	0
0006AE	0012	RETURN
		ENDIF49
	K	 0000 1110 KKKK KKKK	1
0006B0	0E01	MOVLW 1
	K	 0000 0001 00KK KKKK	16
000000	0110	BANKSEL SYSCHR_0
	F	 0110 111A FFFF FFFF	4310
	A	 0110 111A 1101 0110	1
0006B4	6FD6	MOVWF SYSCHR_0,BANKED
	S	0000 0000 0110 SSSS:1111 SSSS SSSS SSDD:1111 DDDD DDDD DDDD	1449
	D	0000 0000 0110 0001:1111 0110 1010 01DD:1111 DDDD DDDD DDDD	4311
0006B6	0061 F6A5 F0D7	MOVFFL SYSCHAR,SYSCHR_1
	K	 0000 0001 00KK KKKK	0
000000	0100	BANKSEL 0
	S	 0000 0000 0001 001S	0
0006BE	0012	RETURN


		CIRCLE20
	S	1111 DDDD DDDD DDDD:1100 SSSS SSSS SSSS	1391
	D	1111 DDDD DDDD DDDD:1100 0101 0110 1111	1496
0006C0	C56F F5D8	MOVFF INXRADIUS,XRADIUS
	S	1111 DDDD DDDD DDDD:1100 SSSS SSSS SSSS	1392
	D	1111 DDDD DDDD DDDD:1100 0101 0111 0000	1497
0006C4	C570 F5D9	MOVFF INXRADIUS_H,XRADIUS_H
	S	1111 DDDD DDDD DDDD:1100 SSSS SSSS SSSS	1496
	D	1111 DDDD DDDD DDDD:1100 0101 1101 1000	1285
0006C8	C5D8 F505	MOVFF XRADIUS,SYSINTEGERTEMPA
	S	1111 DDDD DDDD DDDD:1100 SSSS SSSS SSSS	1497
	D	1111 DDDD DDDD DDDD:1100 0101 1101 1001	1286
0006CC	C5D9 F506	MOVFF XRADIUS_H,SYSINTEGERTEMPA_H
	K	 0000 1110 KKKK KKKK	2
0006D0	0E02	MOVLW 2
	F	 0110 111A FFFF FFFF	1289
	A	 0110 111A 0000 1001	0
0006D2	6E09	MOVWF SYSINTEGERTEMPB,ACCESS
	F	 0110 101A FFFF FFFF	1290
	A	 0110 101A 0000 1010	0
0006D4	6A0A	CLRF SYSINTEGERTEMPB_H,ACCESS
	K	1111 KKKK KKKK KKKK:1110 110S KKKK KKKK	8302
	S	1111 0000 0001 0000:1110 110S 0011 0111	0
0006D6	EC37 F010	CALL SYSDIVSUBINT
	S	1111 DDDD DDDD DDDD:1100 SSSS SSSS SSSS	1285
	D	1111 DDDD DDDD DDDD:1100 0101 0000 0101	1481
0006DA	C505 F5C9	MOVFF SYSINTEGERTEMPA,SYSTEMP1
	S	1111 DDDD DDDD DDDD:1100 SSSS SSSS SSSS	1286
	D	1111 DDDD DDDD DDDD:1100 0101 0000 0110	1482
0006DE	C506 F5CA	MOVFF SYSINTEGERTEMPA_H,SYSTEMP1_H
	K	 0000 0001 00KK KKKK	5
000000	0105	BANKSEL SYSTEMP1
	F	 0001 11DA FFFF FFFF	1481
	D	 0001 11DA 1100 1001	0
	A	 0001 110A 1100 1001	1
0006E4	1DC9	COMF SYSTEMP1,W,BANKED
	F	 0110 111A FFFF FFFF	1438
	A	 0110 111A 1001 1110	1
0006E6	6F9E	MOVWF RADIUSERR,BANKED
	F	 0001 11DA FFFF FFFF	1482
	D	 0001 11DA 1100 1010	0
	A	 0001 110A 1100 1010	1
0006E8	1DCA	COMF SYSTEMP1_H,W,BANKED
	F	 0110 111A FFFF FFFF	1439
	A	 0110 111A 1001 1111	1
0006EA	6F9F	MOVWF RADIUSERR_H,BANKED
	F	 0010 10DA FFFF FFFF	1438
	D	 0010 10DA 1001 1110	1
	A	 0010 101A 1001 1110	1
0006EC	2B9E	INCF RADIUSERR,F,BANKED
	F	 1011 BBBA FFFF FFFF	1240
	B	 1011 BBBA 1101 1000	2
	A	 1011 010A 1101 1000	0
0006EE	B4D8	BTFSC STATUS,Z,ACCESS
	F	 0010 10DA FFFF FFFF	1439
	D	 0010 10DA 1001 1111	1
	A	 0010 101A 1001 1111	1
0006F0	2B9F	INCF RADIUSERR_H,F,BANKED
		SYSDOLOOP_S3
	S	1111 DDDD DDDD DDDD:1100 SSSS SSSS SSSS	1496
	D	1111 DDDD DDDD DDDD:1100 0101 1101 1000	1285
0006F2	C5D8 F505	MOVFF XRADIUS,SYSINTEGERTEMPA
	S	1111 DDDD DDDD DDDD:1100 SSSS SSSS SSSS	1497
	D	1111 DDDD DDDD DDDD:1100 0101 1101 1001	1286
0006F6	C5D9 F506	MOVFF XRADIUS_H,SYSINTEGERTEMPA_H
	S	1111 DDDD DDDD DDDD:1100 SSSS SSSS SSSS	1500
	D	1111 DDDD DDDD DDDD:1100 0101 1101 1100	1289
0006FA	C5DC F509	MOVFF YORDINATE,SYSINTEGERTEMPB
	F	 0110 101A FFFF FFFF	1290
	A	 0110 101A 0000 1010	0
0006FE	6A0A	CLRF SYSINTEGERTEMPB_H,ACCESS
	K	 0000 0001 00KK KKKK	0
000000	0100	BANKSEL 0
	K	1111 KKKK KKKK KKKK:1110 110S KKKK KKKK	7896
	S	1111 0000 0000 1111:1110 110S 0110 1100	0
000702	EC6C F00F	CALL SYSCOMPLESSTHANINT
	F	 0001 11DA FFFF FFFF	1280
	D	 0001 11DA 0000 0000	1
	A	 0001 111A 0000 0000	0
000706	1E00	COMF SYSBYTETEMPX,F,ACCESS
	F	 1010 BBBA FFFF FFFF	1280
	B	 1010 BBBA 0000 0000	0
	A	 1010 000A 0000 0000	0
000708	A000	BTFSS SYSBYTETEMPX,0,ACCESS
	N	 1101 0NNN NNNN NNNN	175
00070A	D0AF	BRA SYSDOLOOP_E3
	K	 0000 0001 00KK KKKK	5
000000	0105	BANKSEL XRADIUS
	F	 0101 00DA FFFF FFFF	1496
	D	 0101 00DA 1101 1000	0
	A	 0101 000A 1101 1000	1
00070E	51D8	MOVF XRADIUS,W,BANKED
	F	 0010 01DA FFFF FFFF	1494
	D	 0010 01DA 1101 0110	0
	A	 0010 010A 1101 0110	1
000710	25D6	ADDWF XOFFSET,W,BANKED
	F	 0110 111A FFFF FFFF	1336
	A	 0110 111A 0011 1000	0
000712	6E38	MOVWF GLCDX,ACCESS
	F	 0101 00DA FFFF FFFF	1500
	D	 0101 00DA 1101 1100	0
	A	 0101 000A 1101 1100	1
000714	51DC	MOVF YORDINATE,W,BANKED
	F	 0010 01DA FFFF FFFF	1498
	D	 0010 01DA 1101 1010	0
	A	 0010 010A 1101 1010	1
000716	25DA	ADDWF YOFFSET,W,BANKED
	F	 0110 111A FFFF FFFF	1337
	A	 0110 111A 0011 1001	0
000718	6E39	MOVWF GLCDY,ACCESS
	S	1111 DDDD DDDD DDDD:1100 SSSS SSSS SSSS	1399
	D	1111 DDDD DDDD DDDD:1100 0101 0111 0111	1321
00071A	C577 F529	MOVFF LINECOLOUR,GLCDCOLOUR
	S	1111 DDDD DDDD DDDD:1100 SSSS SSSS SSSS	1400
	D	1111 DDDD DDDD DDDD:1100 0101 0111 1000	1322
00071E	C578 F52A	MOVFF LINECOLOUR_H,GLCDCOLOUR_H
	K	 0000 0001 00KK KKKK	0
000000	0100	BANKSEL 0
	K	1111 KKKK KKKK KKKK:1110 110S KKKK KKKK	6672
	S	1111 0000 0000 1101:1110 110S 0000 1000	0
000724	EC08 F00D	CALL PSET_SSD1309
	K	 0000 0001 00KK KKKK	5
000000	0105	BANKSEL YORDINATE
	F	 0101 00DA FFFF FFFF	1500
	D	 0101 00DA 1101 1100	0
	A	 0101 000A 1101 1100	1
00072A	51DC	MOVF YORDINATE,W,BANKED
	F	 0010 01DA FFFF FFFF	1494
	D	 0010 01DA 1101 0110	0
	A	 0010 010A 1101 0110	1
00072C	25D6	ADDWF XOFFSET,W,BANKED
	F	 0110 111A FFFF FFFF	1336
	A	 0110 111A 0011 1000	0
00072E	6E38	MOVWF GLCDX,ACCESS
	F	 0101 00DA FFFF FFFF	1496
	D	 0101 00DA 1101 1000	0
	A	 0101 000A 1101 1000	1
000730	51D8	MOVF XRADIUS,W,BANKED
	F	 0010 01DA FFFF FFFF	1498
	D	 0010 01DA 1101 1010	0
	A	 0010 010A 1101 1010	1
000732	25DA	ADDWF YOFFSET,W,BANKED
	F	 0110 111A FFFF FFFF	1337
	A	 0110 111A 0011 1001	0
000734	6E39	MOVWF GLCDY,ACCESS
	S	1111 DDDD DDDD DDDD:1100 SSSS SSSS SSSS	1399
	D	1111 DDDD DDDD DDDD:1100 0101 0111 0111	1321
000736	C577 F529	MOVFF LINECOLOUR,GLCDCOLOUR
	S	1111 DDDD DDDD DDDD:1100 SSSS SSSS SSSS	1400
	D	1111 DDDD DDDD DDDD:1100 0101 0111 1000	1322
00073A	C578 F52A	MOVFF LINECOLOUR_H,GLCDCOLOUR_H
	K	 0000 0001 00KK KKKK	0
000000	0100	BANKSEL 0
	K	1111 KKKK KKKK KKKK:1110 110S KKKK KKKK	6672
	S	1111 0000 0000 1101:1110 110S 0000 1000	0
000740	EC08 F00D	CALL PSET_SSD1309
	K	 0000 0001 00KK KKKK	5
000000	0105	BANKSEL XRADIUS
	F	 0101 00DA FFFF FFFF	1496
	D	 0101 00DA 1101 1000	0
	A	 0101 000A 1101 1000	1
000746	51D8	MOVF XRADIUS,W,BANKED
	F	 0101 11DA FFFF FFFF	1494
	D	 0101 11DA 1101 0110	0
	A	 0101 110A 1101 0110	1
000748	5DD6	SUBWF XOFFSET,W,BANKED
	F	 0110 111A FFFF FFFF	1336
	A	 0110 111A 0011 1000	0
00074A	6E38	MOVWF GLCDX,ACCESS
	F	 0101 00DA FFFF FFFF	1500
	D	 0101 00DA 1101 1100	0
	A	 0101 000A 1101 1100	1
00074C	51DC	MOVF YORDINATE,W,BANKED
	F	 0010 01DA FFFF FFFF	1498
	D	 0010 01DA 1101 1010	0
	A	 0010 010A 1101 1010	1
00074E	25DA	ADDWF YOFFSET,W,BANKED
	F	 0110 111A FFFF FFFF	1337
	A	 0110 111A 0011 1001	0
000750	6E39	MOVWF GLCDY,ACCESS
	S	1111 DDDD DDDD DDDD:1100 SSSS SSSS SSSS	1399
	D	1111 DDDD DDDD DDDD:1100 0101 0111 0111	1321
000752	C577 F529	MOVFF LINECOLOUR,GLCDCOLOUR
	S	1111 DDDD DDDD DDDD:1100 SSSS SSSS SSSS	1400
	D	1111 DDDD DDDD DDDD:1100 0101 0111 1000	1322
000756	C578 F52A	MOVFF LINECOLOUR_H,GLCDCOLOUR_H
	K	 0000 0001 00KK KKKK	0
000000	0100	BANKSEL 0
	K	1111 KKKK KKKK KKKK:1110 110S KKKK KKKK	6672
	S	1111 0000 0000 1101:1110 110S 0000 1000	0
00075C	EC08 F00D	CALL PSET_SSD1309
	K	 0000 0001 00KK KKKK	5
000000	0105	BANKSEL YORDINATE
	F	 0101 00DA FFFF FFFF	1500
	D	 0101 00DA 1101 1100	0
	A	 0101 000A 1101 1100	1
000762	51DC	MOVF YORDINATE,W,BANKED
	F	 0101 11DA FFFF FFFF	1494
	D	 0101 11DA 1101 0110	0
	A	 0101 110A 1101 0110	1
000764	5DD6	SUBWF XOFFSET,W,BANKED
	F	 0110 111A FFFF FFFF	1336
	A	 0110 111A 0011 1000	0
000766	6E38	MOVWF GLCDX,ACCESS
	F	 0101 00DA FFFF FFFF	1496
	D	 0101 00DA 1101 1000	0
	A	 0101 000A 1101 1000	1
000768	51D8	MOVF XRADIUS,W,BANKED
	F	 0010 01DA FFFF FFFF	1498
	D	 0010 01DA 1101 1010	0
	A	 0010 010A 1101 1010	1
00076A	25DA	ADDWF YOFFSET,W,BANKED
	F	 0110 111A FFFF FFFF	1337
	A	 0110 111A 0011 1001	0
00076C	6E39	MOVWF GLCDY,ACCESS
	S	1111 DDDD DDDD DDDD:1100 SSSS SSSS SSSS	1399
	D	1111 DDDD DDDD DDDD:1100 0101 0111 0111	1321
00076E	C577 F529	MOVFF LINECOLOUR,GLCDCOLOUR
	S	1111 DDDD DDDD DDDD:1100 SSSS SSSS SSSS	1400
	D	1111 DDDD DDDD DDDD:1100 0101 0111 1000	1322
000772	C578 F52A	MOVFF LINECOLOUR_H,GLCDCOLOUR_H
	K	 0000 0001 00KK KKKK	0
000000	0100	BANKSEL 0
	K	1111 KKKK KKKK KKKK:1110 110S KKKK KKKK	6672
	S	1111 0000 0000 1101:1110 110S 0000 1000	0
000778	EC08 F00D	CALL PSET_SSD1309
	K	 0000 0001 00KK KKKK	5
000000	0105	BANKSEL XRADIUS
	F	 0101 00DA FFFF FFFF	1496
	D	 0101 00DA 1101 1000	0
	A	 0101 000A 1101 1000	1
00077E	51D8	MOVF XRADIUS,W,BANKED
	F	 0101 11DA FFFF FFFF	1494
	D	 0101 11DA 1101 0110	0
	A	 0101 110A 1101 0110	1
000780	5DD6	SUBWF XOFFSET,W,BANKED
	F	 0110 111A FFFF FFFF	1336
	A	 0110 111A 0011 1000	0
000782	6E38	MOVWF GLCDX,ACCESS
	F	 0101 00DA FFFF FFFF	1500
	D	 0101 00DA 1101 1100	0
	A	 0101 000A 1101 1100	1
000784	51DC	MOVF YORDINATE,W,BANKED
	F	 0101 11DA FFFF FFFF	1498
	D	 0101 11DA 1101 1010	0
	A	 0101 110A 1101 1010	1
000786	5DDA	SUBWF YOFFSET,W,BANKED
	F	 0110 111A FFFF FFFF	1337
	A	 0110 111A 0011 1001	0
000788	6E39	MOVWF GLCDY,ACCESS
	S	1111 DDDD DDDD DDDD:1100 SSSS SSSS SSSS	1399
	D	1111 DDDD DDDD DDDD:1100 0101 0111 0111	1321
00078A	C577 F529	MOVFF LINECOLOUR,GLCDCOLOUR
	S	1111 DDDD DDDD DDDD:1100 SSSS SSSS SSSS	1400
	D	1111 DDDD DDDD DDDD:1100 0101 0111 1000	1322
00078E	C578 F52A	MOVFF LINECOLOUR_H,GLCDCOLOUR_H
	K	 0000 0001 00KK KKKK	0
000000	0100	BANKSEL 0
	K	1111 KKKK KKKK KKKK:1110 110S KKKK KKKK	6672
	S	1111 0000 0000 1101:1110 110S 0000 1000	0
000794	EC08 F00D	CALL PSET_SSD1309
	K	 0000 0001 00KK KKKK	5
000000	0105	BANKSEL YORDINATE
	F	 0101 00DA FFFF FFFF	1500
	D	 0101 00DA 1101 1100	0
	A	 0101 000A 1101 1100	1
00079A	51DC	MOVF YORDINATE,W,BANKED
	F	 0101 11DA FFFF FFFF	1494
	D	 0101 11DA 1101 0110	0
	A	 0101 110A 1101 0110	1
00079C	5DD6	SUBWF XOFFSET,W,BANKED
	F	 0110 111A FFFF FFFF	1336
	A	 0110 111A 0011 1000	0
00079E	6E38	MOVWF GLCDX,ACCESS
	F	 0101 00DA FFFF FFFF	1496
	D	 0101 00DA 1101 1000	0
	A	 0101 000A 1101 1000	1
0007A0	51D8	MOVF XRADIUS,W,BANKED
	F	 0101 11DA FFFF FFFF	1498
	D	 0101 11DA 1101 1010	0
	A	 0101 110A 1101 1010	1
0007A2	5DDA	SUBWF YOFFSET,W,BANKED
	F	 0110 111A FFFF FFFF	1337
	A	 0110 111A 0011 1001	0
0007A4	6E39	MOVWF GLCDY,ACCESS
	S	1111 DDDD DDDD DDDD:1100 SSSS SSSS SSSS	1399
	D	1111 DDDD DDDD DDDD:1100 0101 0111 0111	1321
0007A6	C577 F529	MOVFF LINECOLOUR,GLCDCOLOUR
	S	1111 DDDD DDDD DDDD:1100 SSSS SSSS SSSS	1400
	D	1111 DDDD DDDD DDDD:1100 0101 0111 1000	1322
0007AA	C578 F52A	MOVFF LINECOLOUR_H,GLCDCOLOUR_H
	K	 0000 0001 00KK KKKK	0
000000	0100	BANKSEL 0
	K	1111 KKKK KKKK KKKK:1110 110S KKKK KKKK	6672
	S	1111 0000 0000 1101:1110 110S 0000 1000	0
0007B0	EC08 F00D	CALL PSET_SSD1309
	K	 0000 0001 00KK KKKK	5
000000	0105	BANKSEL XRADIUS
	F	 0101 00DA FFFF FFFF	1496
	D	 0101 00DA 1101 1000	0
	A	 0101 000A 1101 1000	1
0007B6	51D8	MOVF XRADIUS,W,BANKED
	F	 0010 01DA FFFF FFFF	1494
	D	 0010 01DA 1101 0110	0
	A	 0010 010A 1101 0110	1
0007B8	25D6	ADDWF XOFFSET,W,BANKED
	F	 0110 111A FFFF FFFF	1336
	A	 0110 111A 0011 1000	0
0007BA	6E38	MOVWF GLCDX,ACCESS
	F	 0101 00DA FFFF FFFF	1500
	D	 0101 00DA 1101 1100	0
	A	 0101 000A 1101 1100	1
0007BC	51DC	MOVF YORDINATE,W,BANKED
	F	 0101 11DA FFFF FFFF	1498
	D	 0101 11DA 1101 1010	0
	A	 0101 110A 1101 1010	1
0007BE	5DDA	SUBWF YOFFSET,W,BANKED
	F	 0110 111A FFFF FFFF	1337
	A	 0110 111A 0011 1001	0
0007C0	6E39	MOVWF GLCDY,ACCESS
	S	1111 DDDD DDDD DDDD:1100 SSSS SSSS SSSS	1399
	D	1111 DDDD DDDD DDDD:1100 0101 0111 0111	1321
0007C2	C577 F529	MOVFF LINECOLOUR,GLCDCOLOUR
	S	1111 DDDD DDDD DDDD:1100 SSSS SSSS SSSS	1400
	D	1111 DDDD DDDD DDDD:1100 0101 0111 1000	1322
0007C6	C578 F52A	MOVFF LINECOLOUR_H,GLCDCOLOUR_H
	K	 0000 0001 00KK KKKK	0
000000	0100	BANKSEL 0
	K	1111 KKKK KKKK KKKK:1110 110S KKKK KKKK	6672
	S	1111 0000 0000 1101:1110 110S 0000 1000	0
0007CC	EC08 F00D	CALL PSET_SSD1309
	K	 0000 0001 00KK KKKK	5
000000	0105	BANKSEL YORDINATE
	F	 0101 00DA FFFF FFFF	1500
	D	 0101 00DA 1101 1100	0
	A	 0101 000A 1101 1100	1
0007D2	51DC	MOVF YORDINATE,W,BANKED
	F	 0010 01DA FFFF FFFF	1494
	D	 0010 01DA 1101 0110	0
	A	 0010 010A 1101 0110	1
0007D4	25D6	ADDWF XOFFSET,W,BANKED
	F	 0110 111A FFFF FFFF	1336
	A	 0110 111A 0011 1000	0
0007D6	6E38	MOVWF GLCDX,ACCESS
	F	 0101 00DA FFFF FFFF	1496
	D	 0101 00DA 1101 1000	0
	A	 0101 000A 1101 1000	1
0007D8	51D8	MOVF XRADIUS,W,BANKED
	F	 0101 11DA FFFF FFFF	1498
	D	 0101 11DA 1101 1010	0
	A	 0101 110A 1101 1010	1
0007DA	5DDA	SUBWF YOFFSET,W,BANKED
	F	 0110 111A FFFF FFFF	1337
	A	 0110 111A 0011 1001	0
0007DC	6E39	MOVWF GLCDY,ACCESS
	S	1111 DDDD DDDD DDDD:1100 SSSS SSSS SSSS	1399
	D	1111 DDDD DDDD DDDD:1100 0101 0111 0111	1321
0007DE	C577 F529	MOVFF LINECOLOUR,GLCDCOLOUR
	S	1111 DDDD DDDD DDDD:1100 SSSS SSSS SSSS	1400
	D	1111 DDDD DDDD DDDD:1100 0101 0111 1000	1322
0007E2	C578 F52A	MOVFF LINECOLOUR_H,GLCDCOLOUR_H
	K	 0000 0001 00KK KKKK	0
000000	0100	BANKSEL 0
	K	1111 KKKK KKKK KKKK:1110 110S KKKK KKKK	6672
	S	1111 0000 0000 1101:1110 110S 0000 1000	0
0007E8	EC08 F00D	CALL PSET_SSD1309
	K	 0000 0001 00KK KKKK	5
000000	0105	BANKSEL YORDINATE
	F	 0010 10DA FFFF FFFF	1500
	D	 0010 10DA 1101 1100	1
	A	 0010 101A 1101 1100	1
0007EE	2BDC	INCF YORDINATE,F,BANKED
	S	1111 DDDD DDDD DDDD:1100 SSSS SSSS SSSS	1438
	D	1111 DDDD DDDD DDDD:1100 0101 1001 1110	1285
0007F0	C59E F505	MOVFF RADIUSERR,SYSINTEGERTEMPA
	S	1111 DDDD DDDD DDDD:1100 SSSS SSSS SSSS	1439
	D	1111 DDDD DDDD DDDD:1100 0101 1001 1111	1286
0007F4	C59F F506	MOVFF RADIUSERR_H,SYSINTEGERTEMPA_H
	F	 0110 101A FFFF FFFF	1289
	A	 0110 101A 0000 1001	0
0007F8	6A09	CLRF SYSINTEGERTEMPB,ACCESS
	F	 0110 101A FFFF FFFF	1290
	A	 0110 101A 0000 1010	0
0007FA	6A0A	CLRF SYSINTEGERTEMPB_H,ACCESS
	K	 0000 0001 00KK KKKK	0
000000	0100	BANKSEL 0
	K	1111 KKKK KKKK KKKK:1110 110S KKKK KKKK	7896
	S	1111 0000 0000 1111:1110 110S 0110 1100	0
0007FE	EC6C F00F	CALL SYSCOMPLESSTHANINT
	F	 1010 BBBA FFFF FFFF	1280
	B	 1010 BBBA 0000 0000	0
	A	 1010 000A 0000 0000	0
000802	A000	BTFSS SYSBYTETEMPX,0,ACCESS
	N	 1101 0NNN NNNN NNNN	16
000804	D010	BRA ELSE16_1
	K	 0000 0001 00KK KKKK	5
000000	0105	BANKSEL YORDINATE
	F	 0101 00DA FFFF FFFF	1500
	D	 0101 00DA 1101 1100	0
	A	 0101 000A 1101 1100	1
000808	51DC	MOVF YORDINATE,W,BANKED
	K	 0000 1101 KKKK KKKK	2
00080A	0D02	MULLW 2
	F	 0101 00DA FFFF FFFF	1267
	D	 0101 00DA 1111 0011	0
	A	 0101 000A 1111 0011	0
00080C	50F3	MOVF PRODL,W,ACCESS
	F	 0010 01DA FFFF FFFF	1438
	D	 0010 01DA 1001 1110	0
	A	 0010 010A 1001 1110	1
00080E	259E	ADDWF RADIUSERR,W,BANKED
	F	 0110 111A FFFF FFFF	1481
	A	 0110 111A 1100 1001	1
000810	6FC9	MOVWF SYSTEMP1,BANKED
	K	 0000 1110 KKKK KKKK	0
000812	0E00	MOVLW 0
	F	 0010 00DA FFFF FFFF	1439
	D	 0010 00DA 1001 1111	0
	A	 0010 000A 1001 1111	1
000814	219F	ADDWFC RADIUSERR_H,W,BANKED
	F	 0110 111A FFFF FFFF	1482
	A	 0110 111A 1100 1010	1
000816	6FCA	MOVWF SYSTEMP1_H,BANKED
	K	 0000 1110 KKKK KKKK	1
000818	0E01	MOVLW 1
	F	 0010 01DA FFFF FFFF	1481
	D	 0010 01DA 1100 1001	0
	A	 0010 010A 1100 1001	1
00081A	25C9	ADDWF SYSTEMP1,W,BANKED
	F	 0110 111A FFFF FFFF	1438
	A	 0110 111A 1001 1110	1
00081C	6F9E	MOVWF RADIUSERR,BANKED
	K	 0000 1110 KKKK KKKK	0
00081E	0E00	MOVLW 0
	F	 0010 00DA FFFF FFFF	1482
	D	 0010 00DA 1100 1010	0
	A	 0010 000A 1100 1010	1
000820	21CA	ADDWFC SYSTEMP1_H,W,BANKED
	F	 0110 111A FFFF FFFF	1439
	A	 0110 111A 1001 1111	1
000822	6F9F	MOVWF RADIUSERR_H,BANKED
	N	 1101 0NNN NNNN NNNN	33
000824	D021	BRA ENDIF16
		ELSE16_1
	K	 0000 1110 KKKK KKKK	1
000826	0E01	MOVLW 1
	K	 0000 0001 00KK KKKK	5
000000	0105	BANKSEL XRADIUS
	F	 0101 11DA FFFF FFFF	1496
	D	 0101 11DA 1101 1000	1
	A	 0101 111A 1101 1000	1
00082A	5FD8	SUBWF XRADIUS,F,BANKED
	K	 0000 1110 KKKK KKKK	0
00082C	0E00	MOVLW 0
	F	 0101 10DA FFFF FFFF	1497
	D	 0101 10DA 1101 1001	1
	A	 0101 101A 1101 1001	1
00082E	5BD9	SUBWFB XRADIUS_H,F,BANKED
	F	 0101 00DA FFFF FFFF	1496
	D	 0101 00DA 1101 1000	0
	A	 0101 000A 1101 1000	1
000830	51D8	MOVF XRADIUS,W,BANKED
	F	 0101 11DA FFFF FFFF	1500
	D	 0101 11DA 1101 1100	0
	A	 0101 110A 1101 1100	1
000832	5DDC	SUBWF YORDINATE,W,BANKED
	F	 0110 111A FFFF FFFF	1481
	A	 0110 111A 1100 1001	1
000834	6FC9	MOVWF SYSTEMP1,BANKED
	F	 0110 101A FFFF FFFF	1485
	A	 0110 101A 1100 1101	1
000836	6BCD	CLRF SYSTEMP2,BANKED
	F	 0101 00DA FFFF FFFF	1497
	D	 0101 00DA 1101 1001	0
	A	 0101 000A 1101 1001	1
000838	51D9	MOVF XRADIUS_H,W,BANKED
	F	 0101 10DA FFFF FFFF	1485
	D	 0101 10DA 1100 1101	0
	A	 0101 100A 1100 1101	1
00083A	59CD	SUBWFB SYSTEMP2,W,BANKED
	F	 0110 111A FFFF FFFF	1482
	A	 0110 111A 1100 1010	1
00083C	6FCA	MOVWF SYSTEMP1_H,BANKED
	K	 0000 1110 KKKK KKKK	1
00083E	0E01	MOVLW 1
	F	 0010 01DA FFFF FFFF	1481
	D	 0010 01DA 1100 1001	0
	A	 0010 010A 1100 1001	1
000840	25C9	ADDWF SYSTEMP1,W,BANKED
	F	 0110 111A FFFF FFFF	1487
	A	 0110 111A 1100 1111	1
000842	6FCF	MOVWF SYSTEMP3,BANKED
	K	 0000 1110 KKKK KKKK	0
000844	0E00	MOVLW 0
	F	 0010 00DA FFFF FFFF	1482
	D	 0010 00DA 1100 1010	0
	A	 0010 000A 1100 1010	1
000846	21CA	ADDWFC SYSTEMP1_H,W,BANKED
	F	 0110 111A FFFF FFFF	1488
	A	 0110 111A 1101 0000	1
000848	6FD0	MOVWF SYSTEMP3_H,BANKED
	S	1111 DDDD DDDD DDDD:1100 SSSS SSSS SSSS	1487
	D	1111 DDDD DDDD DDDD:1100 0101 1100 1111	1285
00084A	C5CF F505	MOVFF SYSTEMP3,SYSINTEGERTEMPA
	S	1111 DDDD DDDD DDDD:1100 SSSS SSSS SSSS	1488
	D	1111 DDDD DDDD DDDD:1100 0101 1101 0000	1286
00084E	C5D0 F506	MOVFF SYSTEMP3_H,SYSINTEGERTEMPA_H
	K	 0000 1110 KKKK KKKK	2
000852	0E02	MOVLW 2
	F	 0110 111A FFFF FFFF	1289
	A	 0110 111A 0000 1001	0
000854	6E09	MOVWF SYSINTEGERTEMPB,ACCESS
	F	 0110 101A FFFF FFFF	1290
	A	 0110 101A 0000 1010	0
000856	6A0A	CLRF SYSINTEGERTEMPB_H,ACCESS
	K	 0000 0001 00KK KKKK	0
000000	0100	BANKSEL 0
	K	1111 KKKK KKKK KKKK:1110 110S KKKK KKKK	8532
	S	1111 0000 0001 0000:1110 110S 1010 1010	0
00085A	ECAA F010	CALL SYSMULTSUBINT
	F	 0101 00DA FFFF FFFF	1280
	D	 0101 00DA 0000 0000	0
	A	 0101 000A 0000 0000	0
00085E	5000	MOVF SYSINTEGERTEMPX,W,ACCESS
	K	 0000 0001 00KK KKKK	5
000000	0105	BANKSEL RADIUSERR
	F	 0010 01DA FFFF FFFF	1438
	D	 0010 01DA 1001 1110	1
	A	 0010 011A 1001 1110	1
000862	279E	ADDWF RADIUSERR,F,BANKED
	F	 0101 00DA FFFF FFFF	1281
	D	 0101 00DA 0000 0001	0
	A	 0101 000A 0000 0001	0
000864	5001	MOVF SYSINTEGERTEMPX_H,W,ACCESS
	F	 0010 00DA FFFF FFFF	1439
	D	 0010 00DA 1001 1111	1
	A	 0010 001A 1001 1111	1
000866	239F	ADDWFC RADIUSERR_H,F,BANKED
		ENDIF16
	N	 1101 0NNN NNNN NNNN	1860
000868	D744	BRA SYSDOLOOP_S3
		SYSDOLOOP_E3
	S	 0000 0000 0001 001S	0
00086A	0012	RETURN


		CURSOR_POSITION_SSD1309
	S	1111 DDDD DDDD DDDD:1100 SSSS SSSS SSSS	1426
	D	1111 DDDD DDDD DDDD:1100 0101 1001 0010	1433
00086C	C592 F599	MOVFF LOCY,POSCHARY
	K	 0000 1110 KKKK KKKK	3
000870	0E03	MOVLW 3
	K	 0000 0001 00KK KKKK	5
000000	0105	BANKSEL SYSREPEATTEMP4
	F	 0110 111A FFFF FFFF	1473
	A	 0110 111A 1100 0001	1
000874	6FC1	MOVWF SYSREPEATTEMP4,BANKED
		SYSREPEATLOOP4
	F	 1001 BBBA FFFF FFFF	1240
	B	 1001 BBBA 1101 1000	0
	A	 1001 000A 1101 1000	0
000876	90D8	BCF STATUS,C,ACCESS
	F	 0011 00DA FFFF FFFF	1433
	D	 0011 00DA 1001 1001	1
	A	 0011 001A 1001 1001	1
000878	3399	RRCF POSCHARY,F,BANKED
	F	 0010 11DA FFFF FFFF	1473
	D	 0010 11DA 1100 0001	1
	A	 0010 111A 1100 0001	1
00087A	2FC1	DECFSZ SYSREPEATTEMP4,F,BANKED
	N	 1101 0NNN NNNN NNNN	2044
00087C	D7FC	BRA SYSREPEATLOOP4
		SYSREPEATLOOPEND4
	K	 0000 1110 KKKK KKKK	176
00087E	0EB0	MOVLW 176
	F	 0010 01DA FFFF FFFF	1433
	D	 0010 01DA 1001 1001	0
	A	 0010 010A 1001 1001	1
000880	2599	ADDWF POSCHARY,W,BANKED
	F	 0110 111A FFFF FFFF	1442
	A	 0110 111A 1010 0010	1
000882	6FA2	MOVWF SSD1309SENDBYTE,BANKED
	K	 0000 0001 00KK KKKK	0
000000	0100	BANKSEL 0
	K	1111 KKKK KKKK KKKK:1110 110S KKKK KKKK	8722
	S	1111 0000 0001 0001:1110 110S 0000 1001	0
000886	EC09 F011	CALL WRITE_COMMAND_SSD1309
	K	 0000 1110 KKKK KKKK	15
00088A	0E0F	MOVLW 15
	K	 0000 0001 00KK KKKK	5
000000	0105	BANKSEL LOCX
	F	 0001 01DA FFFF FFFF	1425
	D	 0001 01DA 1001 0001	0
	A	 0001 010A 1001 0001	1
00088E	1591	ANDWF LOCX,W,BANKED
	F	 0110 111A FFFF FFFF	1431
	A	 0110 111A 1001 0111	1
000890	6F97	MOVWF POSCHARX,BANKED
	F	 0110 101A FFFF FFFF	1432
	A	 0110 101A 1001 1000	1
000892	6B98	CLRF POSCHARX_H,BANKED
	S	1111 DDDD DDDD DDDD:1100 SSSS SSSS SSSS	1431
	D	1111 DDDD DDDD DDDD:1100 0101 1001 0111	1442
000894	C597 F5A2	MOVFF POSCHARX,SSD1309SENDBYTE
	K	 0000 0001 00KK KKKK	0
000000	0100	BANKSEL 0
	K	1111 KKKK KKKK KKKK:1110 110S KKKK KKKK	8722
	S	1111 0000 0001 0001:1110 110S 0000 1001	0
00089A	EC09 F011	CALL WRITE_COMMAND_SSD1309
	S	1111 DDDD DDDD DDDD:1100 SSSS SSSS SSSS	1425
	D	1111 DDDD DDDD DDDD:1100 0101 1001 0001	1431
00089E	C591 F597	MOVFF LOCX,POSCHARX
	K	 0000 0001 00KK KKKK	5
000000	0105	BANKSEL POSCHARX_H
	F	 0110 101A FFFF FFFF	1432
	A	 0110 101A 1001 1000	1
0008A4	6B98	CLRF POSCHARX_H,BANKED
	K	 0000 1110 KKKK KKKK	4
0008A6	0E04	MOVLW 4
	F	 0110 111A FFFF FFFF	1473
	A	 0110 111A 1100 0001	1
0008A8	6FC1	MOVWF SYSREPEATTEMP4,BANKED
		SYSREPEATLOOP5
	F	 1001 BBBA FFFF FFFF	1240
	B	 1001 BBBA 1101 1000	0
	A	 1001 000A 1101 1000	0
0008AA	90D8	BCF STATUS,C,ACCESS
	F	 0011 00DA FFFF FFFF	1432
	D	 0011 00DA 1001 1000	1
	A	 0011 001A 1001 1000	1
0008AC	3398	RRCF POSCHARX_H,F,BANKED
	F	 0011 00DA FFFF FFFF	1431
	D	 0011 00DA 1001 0111	1
	A	 0011 001A 1001 0111	1
0008AE	3397	RRCF POSCHARX,F,BANKED
	F	 0010 11DA FFFF FFFF	1473
	D	 0010 11DA 1100 0001	1
	A	 0010 111A 1100 0001	1
0008B0	2FC1	DECFSZ SYSREPEATTEMP4,F,BANKED
	N	 1101 0NNN NNNN NNNN	2043
0008B2	D7FB	BRA SYSREPEATLOOP5
		SYSREPEATLOOPEND5
	K	 0000 1110 KKKK KKKK	15
0008B4	0E0F	MOVLW 15
	F	 0001 01DA FFFF FFFF	1431
	D	 0001 01DA 1001 0111	0
	A	 0001 010A 1001 0111	1
0008B6	1597	ANDWF POSCHARX,W,BANKED
	F	 0110 111A FFFF FFFF	1485
	A	 0110 111A 1100 1101	1
0008B8	6FCD	MOVWF SYSTEMP2,BANKED
	F	 0110 101A FFFF FFFF	1486
	A	 0110 101A 1100 1110	1
0008BA	6BCE	CLRF SYSTEMP2_H,BANKED
	K	 0000 1110 KKKK KKKK	16
0008BC	0E10	MOVLW 16
	F	 0010 01DA FFFF FFFF	1485
	D	 0010 01DA 1100 1101	0
	A	 0010 010A 1100 1101	1
0008BE	25CD	ADDWF SYSTEMP2,W,BANKED
	F	 0110 111A FFFF FFFF	1431
	A	 0110 111A 1001 0111	1
0008C0	6F97	MOVWF POSCHARX,BANKED
	K	 0000 1110 KKKK KKKK	0
0008C2	0E00	MOVLW 0
	F	 0010 00DA FFFF FFFF	1486
	D	 0010 00DA 1100 1110	0
	A	 0010 000A 1100 1110	1
0008C4	21CE	ADDWFC SYSTEMP2_H,W,BANKED
	F	 0110 111A FFFF FFFF	1432
	A	 0110 111A 1001 1000	1
0008C6	6F98	MOVWF POSCHARX_H,BANKED
	S	1111 DDDD DDDD DDDD:1100 SSSS SSSS SSSS	1431
	D	1111 DDDD DDDD DDDD:1100 0101 1001 0111	1442
0008C8	C597 F5A2	MOVFF POSCHARX,SSD1309SENDBYTE
	K	 0000 0001 00KK KKKK	0
000000	0100	BANKSEL 0
	K	1111 KKKK KKKK KKKK:1110 1111 KKKK KKKK	8722
0008CE	EF09 F011	GOTO WRITE_COMMAND_SSD1309


		DRAWELLIPSEROUTINE41
	S	1111 DDDD DDDD DDDD:1100 SSSS SSSS SSSS	1391
	D	1111 DDDD DDDD DDDD:1100 0101 0110 1111	1285
0008D2	C56F F505	MOVFF INXRADIUS,SYSWORDTEMPA
	S	1111 DDDD DDDD DDDD:1100 SSSS SSSS SSSS	1392
	D	1111 DDDD DDDD DDDD:1100 0101 0111 0000	1286
0008D6	C570 F506	MOVFF INXRADIUS_H,SYSWORDTEMPA_H
	K	 0000 1110 KKKK KKKK	2
0008DA	0E02	MOVLW 2
	F	 0110 111A FFFF FFFF	1289
	A	 0110 111A 0000 1001	0
0008DC	6E09	MOVWF SYSWORDTEMPB,ACCESS
	F	 0110 101A FFFF FFFF	1290
	A	 0110 101A 0000 1010	0
0008DE	6A0A	CLRF SYSWORDTEMPB_H,ACCESS
	K	1111 KKKK KKKK KKKK:1110 110S KKKK KKKK	7824
	S	1111 0000 0000 1111:1110 110S 0100 1000	0
0008E0	EC48 F00F	CALL SYSCOMPLESSTHAN16
	F	 1011 BBBA FFFF FFFF	1280
	B	 1011 BBBA 0000 0000	0
	A	 1011 000A 0000 0000	0
0008E4	B000	BTFSC SYSBYTETEMPX,0,ACCESS
	S	 0000 0000 0001 001S	0
0008E6	0012	RETURN
	S	1111 DDDD DDDD DDDD:1100 SSSS SSSS SSSS	1393
	D	1111 DDDD DDDD DDDD:1100 0101 0111 0001	1285
0008E8	C571 F505	MOVFF INYRADIUS,SYSWORDTEMPA
	S	1111 DDDD DDDD DDDD:1100 SSSS SSSS SSSS	1394
	D	1111 DDDD DDDD DDDD:1100 0101 0111 0010	1286
0008EC	C572 F506	MOVFF INYRADIUS_H,SYSWORDTEMPA_H
	K	 0000 1110 KKKK KKKK	2
0008F0	0E02	MOVLW 2
	F	 0110 111A FFFF FFFF	1289
	A	 0110 111A 0000 1001	0
0008F2	6E09	MOVWF SYSWORDTEMPB,ACCESS
	F	 0110 101A FFFF FFFF	1290
	A	 0110 101A 0000 1010	0
0008F4	6A0A	CLRF SYSWORDTEMPB_H,ACCESS
	K	1111 KKKK KKKK KKKK:1110 110S KKKK KKKK	7824
	S	1111 0000 0000 1111:1110 110S 0100 1000	0
0008F6	EC48 F00F	CALL SYSCOMPLESSTHAN16
	F	 1011 BBBA FFFF FFFF	1280
	B	 1011 BBBA 0000 0000	0
	A	 1011 000A 0000 0000	0
0008FA	B000	BTFSC SYSBYTETEMPX,0,ACCESS
	S	 0000 0000 0001 001S	0
0008FC	0012	RETURN
	S	1111 DDDD DDDD DDDD:1100 SSSS SSSS SSSS	1391
	D	1111 DDDD DDDD DDDD:1100 0101 0110 1111	1285
0008FE	C56F F505	MOVFF INXRADIUS,SYSWORDTEMPA
	S	1111 DDDD DDDD DDDD:1100 SSSS SSSS SSSS	1392
	D	1111 DDDD DDDD DDDD:1100 0101 0111 0000	1286
000902	C570 F506	MOVFF INXRADIUS_H,SYSWORDTEMPA_H
	S	1111 DDDD DDDD DDDD:1100 SSSS SSSS SSSS	1391
	D	1111 DDDD DDDD DDDD:1100 0101 0110 1111	1289
000906	C56F F509	MOVFF INXRADIUS,SYSWORDTEMPB
	S	1111 DDDD DDDD DDDD:1100 SSSS SSSS SSSS	1392
	D	1111 DDDD DDDD DDDD:1100 0101 0111 0000	1290
00090A	C570 F50A	MOVFF INXRADIUS_H,SYSWORDTEMPB_H
	K	1111 KKKK KKKK KKKK:1110 110S KKKK KKKK	8364
	S	1111 0000 0001 0000:1110 110S 0101 0110	0
00090E	EC56 F010	CALL SYSMULTSUB16
	S	1111 DDDD DDDD DDDD:1100 SSSS SSSS SSSS	1280
	D	1111 DDDD DDDD DDDD:1100 0101 0000 0000	1370
000912	C500 F55A	MOVFF SYSWORDTEMPX,GLCD_RX2
	S	1111 DDDD DDDD DDDD:1100 SSSS SSSS SSSS	1281
	D	1111 DDDD DDDD DDDD:1100 0101 0000 0001	1371
000916	C501 F55B	MOVFF SYSWORDTEMPX_H,GLCD_RX2_H
	S	1111 DDDD DDDD DDDD:1100 SSSS SSSS SSSS	1393
	D	1111 DDDD DDDD DDDD:1100 0101 0111 0001	1285
00091A	C571 F505	MOVFF INYRADIUS,SYSWORDTEMPA
	S	1111 DDDD DDDD DDDD:1100 SSSS SSSS SSSS	1394
	D	1111 DDDD DDDD DDDD:1100 0101 0111 0010	1286
00091E	C572 F506	MOVFF INYRADIUS_H,SYSWORDTEMPA_H
	S	1111 DDDD DDDD DDDD:1100 SSSS SSSS SSSS	1393
	D	1111 DDDD DDDD DDDD:1100 0101 0111 0001	1289
000922	C571 F509	MOVFF INYRADIUS,SYSWORDTEMPB
	S	1111 DDDD DDDD DDDD:1100 SSSS SSSS SSSS	1394
	D	1111 DDDD DDDD DDDD:1100 0101 0111 0010	1290
000926	C572 F50A	MOVFF INYRADIUS_H,SYSWORDTEMPB_H
	K	1111 KKKK KKKK KKKK:1110 110S KKKK KKKK	8364
	S	1111 0000 0001 0000:1110 110S 0101 0110	0
00092A	EC56 F010	CALL SYSMULTSUB16
	S	1111 DDDD DDDD DDDD:1100 SSSS SSSS SSSS	1280
	D	1111 DDDD DDDD DDDD:1100 0101 0000 0000	1372
00092E	C500 F55C	MOVFF SYSWORDTEMPX,GLCD_RY2
	S	1111 DDDD DDDD DDDD:1100 SSSS SSSS SSSS	1281
	D	1111 DDDD DDDD DDDD:1100 0101 0000 0001	1373
000932	C501 F55D	MOVFF SYSWORDTEMPX_H,GLCD_RY2_H
	F	 0101 00DA FFFF FFFF	1370
	D	 0101 00DA 0101 1010	0
	A	 0101 000A 0101 1010	0
000936	505A	MOVF GLCD_RX2,W,ACCESS
	F	 0010 01DA FFFF FFFF	1370
	D	 0010 01DA 0101 1010	0
	A	 0010 010A 0101 1010	0
000938	245A	ADDWF GLCD_RX2,W,ACCESS
	F	 0110 111A FFFF FFFF	1346
	A	 0110 111A 0100 0010	0
00093A	6E42	MOVWF GLCD_FX2,ACCESS
	F	 0101 00DA FFFF FFFF	1371
	D	 0101 00DA 0101 1011	0
	A	 0101 000A 0101 1011	0
00093C	505B	MOVF GLCD_RX2_H,W,ACCESS
	F	 0010 00DA FFFF FFFF	1371
	D	 0010 00DA 0101 1011	0
	A	 0010 000A 0101 1011	0
00093E	205B	ADDWFC GLCD_RX2_H,W,ACCESS
	F	 0110 111A FFFF FFFF	1347
	A	 0110 111A 0100 0011	0
000940	6E43	MOVWF GLCD_FX2_H,ACCESS
	F	 0110 101A FFFF FFFF	1348
	A	 0110 101A 0100 0100	0
000942	6A44	CLRF GLCD_FX2_U,ACCESS
	F	 1011 BBBA FFFF FFFF	1240
	B	 1011 BBBA 1101 1000	0
	A	 1011 000A 1101 1000	0
000944	B0D8	BTFSC STATUS,C,ACCESS
	F	 0010 10DA FFFF FFFF	1348
	D	 0010 10DA 0100 0100	1
	A	 0010 101A 0100 0100	0
000946	2A44	INCF GLCD_FX2_U,F,ACCESS
	F	 0110 101A FFFF FFFF	1349
	A	 0110 101A 0100 0101	0
000948	6A45	CLRF GLCD_FX2_E,ACCESS
	F	 0101 00DA FFFF FFFF	1346
	D	 0101 00DA 0100 0010	0
	A	 0101 000A 0100 0010	0
00094A	5042	MOVF GLCD_FX2,W,ACCESS
	F	 0010 01DA FFFF FFFF	1346
	D	 0010 01DA 0100 0010	1
	A	 0010 011A 0100 0010	0
00094C	2642	ADDWF GLCD_FX2,F,ACCESS
	F	 0101 00DA FFFF FFFF	1347
	D	 0101 00DA 0100 0011	0
	A	 0101 000A 0100 0011	0
00094E	5043	MOVF GLCD_FX2_H,W,ACCESS
	F	 0010 00DA FFFF FFFF	1347
	D	 0010 00DA 0100 0011	1
	A	 0010 001A 0100 0011	0
000950	2243	ADDWFC GLCD_FX2_H,F,ACCESS
	F	 0101 00DA FFFF FFFF	1348
	D	 0101 00DA 0100 0100	0
	A	 0101 000A 0100 0100	0
000952	5044	MOVF GLCD_FX2_U,W,ACCESS
	F	 0010 00DA FFFF FFFF	1348
	D	 0010 00DA 0100 0100	1
	A	 0010 001A 0100 0100	0
000954	2244	ADDWFC GLCD_FX2_U,F,ACCESS
	F	 0101 00DA FFFF FFFF	1349
	D	 0101 00DA 0100 0101	0
	A	 0101 000A 0100 0101	0
000956	5045	MOVF GLCD_FX2_E,W,ACCESS
	F	 0010 00DA FFFF FFFF	1349
	D	 0010 00DA 0100 0101	1
	A	 0010 001A 0100 0101	0
000958	2245	ADDWFC GLCD_FX2_E,F,ACCESS
	F	 0101 00DA FFFF FFFF	1372
	D	 0101 00DA 0101 1100	0
	A	 0101 000A 0101 1100	0
00095A	505C	MOVF GLCD_RY2,W,ACCESS
	F	 0010 01DA FFFF FFFF	1372
	D	 0010 01DA 0101 1100	0
	A	 0010 010A 0101 1100	0
00095C	245C	ADDWF GLCD_RY2,W,ACCESS
	F	 0110 111A FFFF FFFF	1350
	A	 0110 111A 0100 0110	0
00095E	6E46	MOVWF GLCD_FY2,ACCESS
	F	 0101 00DA FFFF FFFF	1373
	D	 0101 00DA 0101 1101	0
	A	 0101 000A 0101 1101	0
000960	505D	MOVF GLCD_RY2_H,W,ACCESS
	F	 0010 00DA FFFF FFFF	1373
	D	 0010 00DA 0101 1101	0
	A	 0010 000A 0101 1101	0
000962	205D	ADDWFC GLCD_RY2_H,W,ACCESS
	F	 0110 111A FFFF FFFF	1351
	A	 0110 111A 0100 0111	0
000964	6E47	MOVWF GLCD_FY2_H,ACCESS
	F	 0110 101A FFFF FFFF	1352
	A	 0110 101A 0100 1000	0
000966	6A48	CLRF GLCD_FY2_U,ACCESS
	F	 1011 BBBA FFFF FFFF	1240
	B	 1011 BBBA 1101 1000	0
	A	 1011 000A 1101 1000	0
000968	B0D8	BTFSC STATUS,C,ACCESS
	F	 0010 10DA FFFF FFFF	1352
	D	 0010 10DA 0100 1000	1
	A	 0010 101A 0100 1000	0
00096A	2A48	INCF GLCD_FY2_U,F,ACCESS
	F	 0110 101A FFFF FFFF	1353
	A	 0110 101A 0100 1001	0
00096C	6A49	CLRF GLCD_FY2_E,ACCESS
	F	 0101 00DA FFFF FFFF	1350
	D	 0101 00DA 0100 0110	0
	A	 0101 000A 0100 0110	0
00096E	5046	MOVF GLCD_FY2,W,ACCESS
	F	 0010 01DA FFFF FFFF	1350
	D	 0010 01DA 0100 0110	1
	A	 0010 011A 0100 0110	0
000970	2646	ADDWF GLCD_FY2,F,ACCESS
	F	 0101 00DA FFFF FFFF	1351
	D	 0101 00DA 0100 0111	0
	A	 0101 000A 0100 0111	0
000972	5047	MOVF GLCD_FY2_H,W,ACCESS
	F	 0010 00DA FFFF FFFF	1351
	D	 0010 00DA 0100 0111	1
	A	 0010 001A 0100 0111	0
000974	2247	ADDWFC GLCD_FY2_H,F,ACCESS
	F	 0101 00DA FFFF FFFF	1352
	D	 0101 00DA 0100 1000	0
	A	 0101 000A 0100 1000	0
000976	5048	MOVF GLCD_FY2_U,W,ACCESS
	F	 0010 00DA FFFF FFFF	1352
	D	 0010 00DA 0100 1000	1
	A	 0010 001A 0100 1000	0
000978	2248	ADDWFC GLCD_FY2_U,F,ACCESS
	F	 0101 00DA FFFF FFFF	1353
	D	 0101 00DA 0100 1001	0
	A	 0101 000A 0100 1001	0
00097A	5049	MOVF GLCD_FY2_E,W,ACCESS
	F	 0010 00DA FFFF FFFF	1353
	D	 0010 00DA 0100 1001	1
	A	 0010 001A 0100 1001	0
00097C	2249	ADDWFC GLCD_FY2_E,F,ACCESS
	F	 0101 00DA FFFF FFFF	1346
	D	 0101 00DA 0100 0010	0
	A	 0101 000A 0100 0010	0
00097E	5042	MOVF GLCD_FX2,W,ACCESS
	F	 0010 01DA FFFF FFFF	1346
	D	 0010 01DA 0100 0010	0
	A	 0010 010A 0100 0010	0
000980	2442	ADDWF GLCD_FX2,W,ACCESS
	F	 0110 111A FFFF FFFF	1338
	A	 0110 111A 0011 1010	0
000982	6E3A	MOVWF GLCD_EX2,ACCESS
	F	 0101 00DA FFFF FFFF	1347
	D	 0101 00DA 0100 0011	0
	A	 0101 000A 0100 0011	0
000984	5043	MOVF GLCD_FX2_H,W,ACCESS
	F	 0010 00DA FFFF FFFF	1347
	D	 0010 00DA 0100 0011	0
	A	 0010 000A 0100 0011	0
000986	2043	ADDWFC GLCD_FX2_H,W,ACCESS
	F	 0110 111A FFFF FFFF	1339
	A	 0110 111A 0011 1011	0
000988	6E3B	MOVWF GLCD_EX2_H,ACCESS
	F	 0101 00DA FFFF FFFF	1348
	D	 0101 00DA 0100 0100	0
	A	 0101 000A 0100 0100	0
00098A	5044	MOVF GLCD_FX2_U,W,ACCESS
	F	 0010 00DA FFFF FFFF	1348
	D	 0010 00DA 0100 0100	0
	A	 0010 000A 0100 0100	0
00098C	2044	ADDWFC GLCD_FX2_U,W,ACCESS
	F	 0110 111A FFFF FFFF	1340
	A	 0110 111A 0011 1100	0
00098E	6E3C	MOVWF GLCD_EX2_U,ACCESS
	F	 0101 00DA FFFF FFFF	1349
	D	 0101 00DA 0100 0101	0
	A	 0101 000A 0100 0101	0
000990	5045	MOVF GLCD_FX2_E,W,ACCESS
	F	 0010 00DA FFFF FFFF	1349
	D	 0010 00DA 0100 0101	0
	A	 0010 000A 0100 0101	0
000992	2045	ADDWFC GLCD_FX2_E,W,ACCESS
	F	 0110 111A FFFF FFFF	1341
	A	 0110 111A 0011 1101	0
000994	6E3D	MOVWF GLCD_EX2_E,ACCESS
	F	 0101 00DA FFFF FFFF	1350
	D	 0101 00DA 0100 0110	0
	A	 0101 000A 0100 0110	0
000996	5046	MOVF GLCD_FY2,W,ACCESS
	F	 0010 01DA FFFF FFFF	1350
	D	 0010 01DA 0100 0110	0
	A	 0010 010A 0100 0110	0
000998	2446	ADDWF GLCD_FY2,W,ACCESS
	F	 0110 111A FFFF FFFF	1342
	A	 0110 111A 0011 1110	0
00099A	6E3E	MOVWF GLCD_EY2,ACCESS
	F	 0101 00DA FFFF FFFF	1351
	D	 0101 00DA 0100 0111	0
	A	 0101 000A 0100 0111	0
00099C	5047	MOVF GLCD_FY2_H,W,ACCESS
	F	 0010 00DA FFFF FFFF	1351
	D	 0010 00DA 0100 0111	0
	A	 0010 000A 0100 0111	0
00099E	2047	ADDWFC GLCD_FY2_H,W,ACCESS
	F	 0110 111A FFFF FFFF	1343
	A	 0110 111A 0011 1111	0
0009A0	6E3F	MOVWF GLCD_EY2_H,ACCESS
	F	 0101 00DA FFFF FFFF	1352
	D	 0101 00DA 0100 1000	0
	A	 0101 000A 0100 1000	0
0009A2	5048	MOVF GLCD_FY2_U,W,ACCESS
	F	 0010 00DA FFFF FFFF	1352
	D	 0010 00DA 0100 1000	0
	A	 0010 000A 0100 1000	0
0009A4	2048	ADDWFC GLCD_FY2_U,W,ACCESS
	F	 0110 111A FFFF FFFF	1344
	A	 0110 111A 0100 0000	0
0009A6	6E40	MOVWF GLCD_EY2_U,ACCESS
	F	 0101 00DA FFFF FFFF	1353
	D	 0101 00DA 0100 1001	0
	A	 0101 000A 0100 1001	0
0009A8	5049	MOVF GLCD_FY2_E,W,ACCESS
	F	 0010 00DA FFFF FFFF	1353
	D	 0010 00DA 0100 1001	0
	A	 0010 000A 0100 1001	0
0009AA	2049	ADDWFC GLCD_FY2_E,W,ACCESS
	F	 0110 111A FFFF FFFF	1345
	A	 0110 111A 0100 0001	0
0009AC	6E41	MOVWF GLCD_EY2_E,ACCESS
	F	 0110 101A FFFF FFFF	1374
	A	 0110 101A 0101 1110	0
0009AE	6A5E	CLRF GLCD_XX,ACCESS
	F	 0110 101A FFFF FFFF	1375
	A	 0110 101A 0101 1111	0
0009B0	6A5F	CLRF GLCD_XX_H,ACCESS
	S	1111 DDDD DDDD DDDD:1100 SSSS SSSS SSSS	1393
	D	1111 DDDD DDDD DDDD:1100 0101 0111 0001	1378
0009B2	C571 F562	MOVFF INYRADIUS,GLCD_YY
	S	1111 DDDD DDDD DDDD:1100 SSSS SSSS SSSS	1394
	D	1111 DDDD DDDD DDDD:1100 0101 0111 0010	1379
0009B6	C572 F563	MOVFF INYRADIUS_H,GLCD_YY_H
	F	 0110 101A FFFF FFFF	1362
	A	 0110 101A 0101 0010	0
0009BA	6A52	CLRF GLCD_PX,ACCESS
	F	 0110 101A FFFF FFFF	1363
	A	 0110 101A 0101 0011	0
0009BC	6A53	CLRF GLCD_PX_H,ACCESS
	F	 0110 101A FFFF FFFF	1364
	A	 0110 101A 0101 0100	0
0009BE	6A54	CLRF GLCD_PX_U,ACCESS
	F	 0110 101A FFFF FFFF	1365
	A	 0110 101A 0101 0101	0
0009C0	6A55	CLRF GLCD_PX_E,ACCESS
	S	1111 DDDD DDDD DDDD:1100 SSSS SSSS SSSS	1338
	D	1111 DDDD DDDD DDDD:1100 0101 0011 1010	1285
0009C2	C53A F505	MOVFF GLCD_EX2,SYSLONGTEMPA
	S	1111 DDDD DDDD DDDD:1100 SSSS SSSS SSSS	1339
	D	1111 DDDD DDDD DDDD:1100 0101 0011 1011	1286
0009C6	C53B F506	MOVFF GLCD_EX2_H,SYSLONGTEMPA_H
	S	1111 DDDD DDDD DDDD:1100 SSSS SSSS SSSS	1340
	D	1111 DDDD DDDD DDDD:1100 0101 0011 1100	1287
0009CA	C53C F507	MOVFF GLCD_EX2_U,SYSLONGTEMPA_U
	S	1111 DDDD DDDD DDDD:1100 SSSS SSSS SSSS	1341
	D	1111 DDDD DDDD DDDD:1100 0101 0011 1101	1288
0009CE	C53D F508	MOVFF GLCD_EX2_E,SYSLONGTEMPA_E
	S	1111 DDDD DDDD DDDD:1100 SSSS SSSS SSSS	1378
	D	1111 DDDD DDDD DDDD:1100 0101 0110 0010	1289
0009D2	C562 F509	MOVFF GLCD_YY,SYSLONGTEMPB
	S	1111 DDDD DDDD DDDD:1100 SSSS SSSS SSSS	1379
	D	1111 DDDD DDDD DDDD:1100 0101 0110 0011	1290
0009D6	C563 F50A	MOVFF GLCD_YY_H,SYSLONGTEMPB_H
	F	 0110 101A FFFF FFFF	1291
	A	 0110 101A 0000 1011	0
0009DA	6A0B	CLRF SYSLONGTEMPB_U,ACCESS
	F	 0110 101A FFFF FFFF	1292
	A	 0110 101A 0000 1100	0
0009DC	6A0C	CLRF SYSLONGTEMPB_E,ACCESS
	K	1111 KKKK KKKK KKKK:1110 110S KKKK KKKK	8398
	S	1111 0000 0001 0000:1110 110S 0110 0111	0
0009DE	EC67 F010	CALL SYSMULTSUB32
	S	1111 DDDD DDDD DDDD:1100 SSSS SSSS SSSS	1280
	D	1111 DDDD DDDD DDDD:1100 0101 0000 0000	1366
0009E2	C500 F556	MOVFF SYSLONGTEMPX,GLCD_PY
	S	1111 DDDD DDDD DDDD:1100 SSSS SSSS SSSS	1281
	D	1111 DDDD DDDD DDDD:1100 0101 0000 0001	1367
0009E6	C501 F557	MOVFF SYSLONGTEMPX_H,GLCD_PY_H
	S	1111 DDDD DDDD DDDD:1100 SSSS SSSS SSSS	1282
	D	1111 DDDD DDDD DDDD:1100 0101 0000 0010	1368
0009EA	C502 F558	MOVFF SYSLONGTEMPX_U,GLCD_PY_U
	S	1111 DDDD DDDD DDDD:1100 SSSS SSSS SSSS	1283
	D	1111 DDDD DDDD DDDD:1100 0101 0000 0011	1369
0009EE	C503 F559	MOVFF SYSLONGTEMPX_E,GLCD_PY_E
	S	1111 DDDD DDDD DDDD:1100 SSSS SSSS SSSS	1346
	D	1111 DDDD DDDD DDDD:1100 0101 0100 0010	1285
0009F2	C542 F505	MOVFF GLCD_FX2,SYSLONGTEMPA
	S	1111 DDDD DDDD DDDD:1100 SSSS SSSS SSSS	1347
	D	1111 DDDD DDDD DDDD:1100 0101 0100 0011	1286
0009F6	C543 F506	MOVFF GLCD_FX2_H,SYSLONGTEMPA_H
	S	1111 DDDD DDDD DDDD:1100 SSSS SSSS SSSS	1348
	D	1111 DDDD DDDD DDDD:1100 0101 0100 0100	1287
0009FA	C544 F507	MOVFF GLCD_FX2_U,SYSLONGTEMPA_U
	S	1111 DDDD DDDD DDDD:1100 SSSS SSSS SSSS	1349
	D	1111 DDDD DDDD DDDD:1100 0101 0100 0101	1288
0009FE	C545 F508	MOVFF GLCD_FX2_E,SYSLONGTEMPA_E
	S	1111 DDDD DDDD DDDD:1100 SSSS SSSS SSSS	1393
	D	1111 DDDD DDDD DDDD:1100 0101 0111 0001	1289
000A02	C571 F509	MOVFF INYRADIUS,SYSLONGTEMPB
	S	1111 DDDD DDDD DDDD:1100 SSSS SSSS SSSS	1394
	D	1111 DDDD DDDD DDDD:1100 0101 0111 0010	1290
000A06	C572 F50A	MOVFF INYRADIUS_H,SYSLONGTEMPB_H
	F	 0110 101A FFFF FFFF	1291
	A	 0110 101A 0000 1011	0
000A0A	6A0B	CLRF SYSLONGTEMPB_U,ACCESS
	F	 0110 101A FFFF FFFF	1292
	A	 0110 101A 0000 1100	0
000A0C	6A0C	CLRF SYSLONGTEMPB_E,ACCESS
	K	1111 KKKK KKKK KKKK:1110 110S KKKK KKKK	8398
	S	1111 0000 0001 0000:1110 110S 0110 0111	0
000A0E	EC67 F010	CALL SYSMULTSUB32
	S	1111 DDDD DDDD DDDD:1100 SSSS SSSS SSSS	1280
	D	1111 DDDD DDDD DDDD:1100 0101 0000 0000	1358
000A12	C500 F54E	MOVFF SYSLONGTEMPX,GLCD_PP_TEMP
	S	1111 DDDD DDDD DDDD:1100 SSSS SSSS SSSS	1281
	D	1111 DDDD DDDD DDDD:1100 0101 0000 0001	1359
000A16	C501 F54F	MOVFF SYSLONGTEMPX_H,GLCD_PP_TEMP_H
	S	1111 DDDD DDDD DDDD:1100 SSSS SSSS SSSS	1282
	D	1111 DDDD DDDD DDDD:1100 0101 0000 0010	1360
000A1A	C502 F550	MOVFF SYSLONGTEMPX_U,GLCD_PP_TEMP_U
	S	1111 DDDD DDDD DDDD:1100 SSSS SSSS SSSS	1283
	D	1111 DDDD DDDD DDDD:1100 0101 0000 0011	1361
000A1E	C503 F551	MOVFF SYSLONGTEMPX_E,GLCD_PP_TEMP_E
	K	 0000 1110 KKKK KKKK	2
000A22	0E02	MOVLW 2
	F	 0010 01DA FFFF FFFF	1350
	D	 0010 01DA 0100 0110	0
	A	 0010 010A 0100 0110	0
000A24	2446	ADDWF GLCD_FY2,W,ACCESS
	F	 0110 111A FFFF FFFF	1354
	A	 0110 111A 0100 1010	0
000A26	6E4A	MOVWF GLCD_PP,ACCESS
	K	 0000 1110 KKKK KKKK	0
000A28	0E00	MOVLW 0
	F	 0010 00DA FFFF FFFF	1351
	D	 0010 00DA 0100 0111	0
	A	 0010 000A 0100 0111	0
000A2A	2047	ADDWFC GLCD_FY2_H,W,ACCESS
	F	 0110 111A FFFF FFFF	1355
	A	 0110 111A 0100 1011	0
000A2C	6E4B	MOVWF GLCD_PP_H,ACCESS
	K	 0000 1110 KKKK KKKK	0
000A2E	0E00	MOVLW 0
	F	 0010 00DA FFFF FFFF	1352
	D	 0010 00DA 0100 1000	0
	A	 0010 000A 0100 1000	0
000A30	2048	ADDWFC GLCD_FY2_U,W,ACCESS
	F	 0110 111A FFFF FFFF	1356
	A	 0110 111A 0100 1100	0
000A32	6E4C	MOVWF GLCD_PP_U,ACCESS
	K	 0000 1110 KKKK KKKK	0
000A34	0E00	MOVLW 0
	F	 0010 00DA FFFF FFFF	1353
	D	 0010 00DA 0100 1001	0
	A	 0010 000A 0100 1001	0
000A36	2049	ADDWFC GLCD_FY2_E,W,ACCESS
	F	 0110 111A FFFF FFFF	1357
	A	 0110 111A 0100 1101	0
000A38	6E4D	MOVWF GLCD_PP_E,ACCESS
	F	 0101 00DA FFFF FFFF	1370
	D	 0101 00DA 0101 1010	0
	A	 0101 000A 0101 1010	0
000A3A	505A	MOVF GLCD_RX2,W,ACCESS
	F	 0010 01DA FFFF FFFF	1354
	D	 0010 01DA 0100 1010	1
	A	 0010 011A 0100 1010	0
000A3C	264A	ADDWF GLCD_PP,F,ACCESS
	F	 0101 00DA FFFF FFFF	1371
	D	 0101 00DA 0101 1011	0
	A	 0101 000A 0101 1011	0
000A3E	505B	MOVF GLCD_RX2_H,W,ACCESS
	F	 0010 00DA FFFF FFFF	1355
	D	 0010 00DA 0100 1011	1
	A	 0010 001A 0100 1011	0
000A40	224B	ADDWFC GLCD_PP_H,F,ACCESS
	K	 0000 1110 KKKK KKKK	0
000A42	0E00	MOVLW 0
	F	 0010 00DA FFFF FFFF	1356
	D	 0010 00DA 0100 1100	1
	A	 0010 001A 0100 1100	0
000A44	224C	ADDWFC GLCD_PP_U,F,ACCESS
	K	 0000 1110 KKKK KKKK	0
000A46	0E00	MOVLW 0
	F	 0010 00DA FFFF FFFF	1357
	D	 0010 00DA 0100 1101	1
	A	 0010 001A 0100 1101	0
000A48	224D	ADDWFC GLCD_PP_E,F,ACCESS
	F	 0101 00DA FFFF FFFF	1358
	D	 0101 00DA 0100 1110	0
	A	 0101 000A 0100 1110	0
000A4A	504E	MOVF GLCD_PP_TEMP,W,ACCESS
	F	 0101 11DA FFFF FFFF	1354
	D	 0101 11DA 0100 1010	1
	A	 0101 111A 0100 1010	0
000A4C	5E4A	SUBWF GLCD_PP,F,ACCESS
	F	 0101 00DA FFFF FFFF	1359
	D	 0101 00DA 0100 1111	0
	A	 0101 000A 0100 1111	0
000A4E	504F	MOVF GLCD_PP_TEMP_H,W,ACCESS
	F	 0101 10DA FFFF FFFF	1355
	D	 0101 10DA 0100 1011	1
	A	 0101 101A 0100 1011	0
000A50	5A4B	SUBWFB GLCD_PP_H,F,ACCESS
	F	 0101 00DA FFFF FFFF	1360
	D	 0101 00DA 0101 0000	0
	A	 0101 000A 0101 0000	0
000A52	5050	MOVF GLCD_PP_TEMP_U,W,ACCESS
	F	 0101 10DA FFFF FFFF	1356
	D	 0101 10DA 0100 1100	1
	A	 0101 101A 0100 1100	0
000A54	5A4C	SUBWFB GLCD_PP_U,F,ACCESS
	F	 0101 00DA FFFF FFFF	1361
	D	 0101 00DA 0101 0001	0
	A	 0101 000A 0101 0001	0
000A56	5051	MOVF GLCD_PP_TEMP_E,W,ACCESS
	F	 0101 10DA FFFF FFFF	1357
	D	 0101 10DA 0100 1101	1
	A	 0101 101A 0100 1101	0
000A58	5A4D	SUBWFB GLCD_PP_E,F,ACCESS
	F	 0101 00DA FFFF FFFF	1316
	D	 0101 00DA 0010 0100	1
	A	 0101 001A 0010 0100	0
000A5A	5224	MOVF FILLED_ELLIPSE,F,ACCESS
	F	 1010 BBBA FFFF FFFF	1240
	B	 1010 BBBA 1101 1000	2
	A	 1010 010A 1101 1000	0
000A5C	A4D8	BTFSS STATUS, Z,ACCESS
	N	 1101 0NNN NNNN NNNN	2
000A5E	D002	BRA ELSE19_1
	N	 1101 1NNN NNNN NNNN	323
000A60	D943	RCALL DRAW_ELLIPSE_POINTS
	N	 1101 0NNN NNNN NNNN	1
000A62	D001	BRA ENDIF19
		ELSE19_1
	N	 1101 1NNN NNNN NNNN	377
000A64	D979	RCALL DRAW_FILLED_ELLIPSE_POINTS
		ENDIF19
		SYSDOLOOP_S4
	S	1111 DDDD DDDD DDDD:1100 SSSS SSSS SSSS	1362
	D	1111 DDDD DDDD DDDD:1100 0101 0101 0010	1285
000A66	C552 F505	MOVFF GLCD_PX,SYSLONGTEMPA
	S	1111 DDDD DDDD DDDD:1100 SSSS SSSS SSSS	1363
	D	1111 DDDD DDDD DDDD:1100 0101 0101 0011	1286
000A6A	C553 F506	MOVFF GLCD_PX_H,SYSLONGTEMPA_H
	S	1111 DDDD DDDD DDDD:1100 SSSS SSSS SSSS	1364
	D	1111 DDDD DDDD DDDD:1100 0101 0101 0100	1287
000A6E	C554 F507	MOVFF GLCD_PX_U,SYSLONGTEMPA_U
	S	1111 DDDD DDDD DDDD:1100 SSSS SSSS SSSS	1365
	D	1111 DDDD DDDD DDDD:1100 0101 0101 0101	1288
000A72	C555 F508	MOVFF GLCD_PX_E,SYSLONGTEMPA_E
	S	1111 DDDD DDDD DDDD:1100 SSSS SSSS SSSS	1366
	D	1111 DDDD DDDD DDDD:1100 0101 0101 0110	1289
000A76	C556 F509	MOVFF GLCD_PY,SYSLONGTEMPB
	S	1111 DDDD DDDD DDDD:1100 SSSS SSSS SSSS	1367
	D	1111 DDDD DDDD DDDD:1100 0101 0101 0111	1290
000A7A	C557 F50A	MOVFF GLCD_PY_H,SYSLONGTEMPB_H
	S	1111 DDDD DDDD DDDD:1100 SSSS SSSS SSSS	1368
	D	1111 DDDD DDDD DDDD:1100 0101 0101 1000	1291
000A7E	C558 F50B	MOVFF GLCD_PY_U,SYSLONGTEMPB_U
	S	1111 DDDD DDDD DDDD:1100 SSSS SSSS SSSS	1369
	D	1111 DDDD DDDD DDDD:1100 0101 0101 1001	1292
000A82	C559 F50C	MOVFF GLCD_PY_E,SYSLONGTEMPB_E
	K	1111 KKKK KKKK KKKK:1110 110S KKKK KKKK	7852
	S	1111 0000 0000 1111:1110 110S 0101 0110	0
000A86	EC56 F00F	CALL SYSCOMPLESSTHAN32
	F	 1010 BBBA FFFF FFFF	1280
	B	 1010 BBBA 0000 0000	0
	A	 1010 000A 0000 0000	0
000A8A	A000	BTFSS SYSBYTETEMPX,0,ACCESS
	N	 1101 0NNN NNNN NNNN	59
000A8C	D03B	BRA SYSDOLOOP_E4
	F	 0010 10DA FFFF FFFF	1374
	D	 0010 10DA 0101 1110	1
	A	 0010 101A 0101 1110	0
000A8E	2A5E	INCF GLCD_XX,F,ACCESS
	F	 1011 BBBA FFFF FFFF	1240
	B	 1011 BBBA 1101 1000	2
	A	 1011 010A 1101 1000	0
000A90	B4D8	BTFSC STATUS,Z,ACCESS
	F	 0010 10DA FFFF FFFF	1375
	D	 0010 10DA 0101 1111	1
	A	 0010 101A 0101 1111	0
000A92	2A5F	INCF GLCD_XX_H,F,ACCESS
	F	 0101 00DA FFFF FFFF	1342
	D	 0101 00DA 0011 1110	0
	A	 0101 000A 0011 1110	0
000A94	503E	MOVF GLCD_EY2,W,ACCESS
	F	 0010 01DA FFFF FFFF	1362
	D	 0010 01DA 0101 0010	1
	A	 0010 011A 0101 0010	0
000A96	2652	ADDWF GLCD_PX,F,ACCESS
	F	 0101 00DA FFFF FFFF	1343
	D	 0101 00DA 0011 1111	0
	A	 0101 000A 0011 1111	0
000A98	503F	MOVF GLCD_EY2_H,W,ACCESS
	F	 0010 00DA FFFF FFFF	1363
	D	 0010 00DA 0101 0011	1
	A	 0010 001A 0101 0011	0
000A9A	2253	ADDWFC GLCD_PX_H,F,ACCESS
	F	 0101 00DA FFFF FFFF	1344
	D	 0101 00DA 0100 0000	0
	A	 0101 000A 0100 0000	0
000A9C	5040	MOVF GLCD_EY2_U,W,ACCESS
	F	 0010 00DA FFFF FFFF	1364
	D	 0010 00DA 0101 0100	1
	A	 0010 001A 0101 0100	0
000A9E	2254	ADDWFC GLCD_PX_U,F,ACCESS
	F	 0101 00DA FFFF FFFF	1345
	D	 0101 00DA 0100 0001	0
	A	 0101 000A 0100 0001	0
000AA0	5041	MOVF GLCD_EY2_E,W,ACCESS
	F	 0010 00DA FFFF FFFF	1365
	D	 0010 00DA 0101 0101	1
	A	 0010 001A 0101 0101	0
000AA2	2255	ADDWFC GLCD_PX_E,F,ACCESS
	F	 1011 BBBA FFFF FFFF	1357
	B	 1011 BBBA 0100 1101	7
	A	 1011 111A 0100 1101	0
000AA4	BE4D	BTFSC GLCD_PP_E,7,ACCESS
	N	 1101 0NNN NNNN NNNN	21
000AA6	D015	BRA ENDIF20
	K	 0000 1110 KKKK KKKK	1
000AA8	0E01	MOVLW 1
	K	 0000 0001 00KK KKKK	5
000000	0105	BANKSEL GLCD_YY
	F	 0101 11DA FFFF FFFF	1378
	D	 0101 11DA 0110 0010	1
	A	 0101 111A 0110 0010	1
000AAC	5F62	SUBWF GLCD_YY,F,BANKED
	K	 0000 1110 KKKK KKKK	0
000AAE	0E00	MOVLW 0
	F	 0101 10DA FFFF FFFF	1379
	D	 0101 10DA 0110 0011	1
	A	 0101 101A 0110 0011	1
000AB0	5B63	SUBWFB GLCD_YY_H,F,BANKED
	F	 0101 00DA FFFF FFFF	1338
	D	 0101 00DA 0011 1010	0
	A	 0101 000A 0011 1010	0
000AB2	503A	MOVF GLCD_EX2,W,ACCESS
	F	 0101 11DA FFFF FFFF	1366
	D	 0101 11DA 0101 0110	1
	A	 0101 111A 0101 0110	0
000AB4	5E56	SUBWF GLCD_PY,F,ACCESS
	F	 0101 00DA FFFF FFFF	1339
	D	 0101 00DA 0011 1011	0
	A	 0101 000A 0011 1011	0
000AB6	503B	MOVF GLCD_EX2_H,W,ACCESS
	F	 0101 10DA FFFF FFFF	1367
	D	 0101 10DA 0101 0111	1
	A	 0101 101A 0101 0111	0
000AB8	5A57	SUBWFB GLCD_PY_H,F,ACCESS
	F	 0101 00DA FFFF FFFF	1340
	D	 0101 00DA 0011 1100	0
	A	 0101 000A 0011 1100	0
000ABA	503C	MOVF GLCD_EX2_U,W,ACCESS
	F	 0101 10DA FFFF FFFF	1368
	D	 0101 10DA 0101 1000	1
	A	 0101 101A 0101 1000	0
000ABC	5A58	SUBWFB GLCD_PY_U,F,ACCESS
	F	 0101 00DA FFFF FFFF	1341
	D	 0101 00DA 0011 1101	0
	A	 0101 000A 0011 1101	0
000ABE	503D	MOVF GLCD_EX2_E,W,ACCESS
	F	 0101 10DA FFFF FFFF	1369
	D	 0101 10DA 0101 1001	1
	A	 0101 101A 0101 1001	0
000AC0	5A59	SUBWFB GLCD_PY_E,F,ACCESS
	F	 0101 00DA FFFF FFFF	1366
	D	 0101 00DA 0101 0110	0
	A	 0101 000A 0101 0110	0
000AC2	5056	MOVF GLCD_PY,W,ACCESS
	F	 0101 11DA FFFF FFFF	1354
	D	 0101 11DA 0100 1010	1
	A	 0101 111A 0100 1010	0
000AC4	5E4A	SUBWF GLCD_PP,F,ACCESS
	F	 0101 00DA FFFF FFFF	1367
	D	 0101 00DA 0101 0111	0
	A	 0101 000A 0101 0111	0
000AC6	5057	MOVF GLCD_PY_H,W,ACCESS
	F	 0101 10DA FFFF FFFF	1355
	D	 0101 10DA 0100 1011	1
	A	 0101 101A 0100 1011	0
000AC8	5A4B	SUBWFB GLCD_PP_H,F,ACCESS
	F	 0101 00DA FFFF FFFF	1368
	D	 0101 00DA 0101 1000	0
	A	 0101 000A 0101 1000	0
000ACA	5058	MOVF GLCD_PY_U,W,ACCESS
	F	 0101 10DA FFFF FFFF	1356
	D	 0101 10DA 0100 1100	1
	A	 0101 101A 0100 1100	0
000ACC	5A4C	SUBWFB GLCD_PP_U,F,ACCESS
	F	 0101 00DA FFFF FFFF	1369
	D	 0101 00DA 0101 1001	0
	A	 0101 000A 0101 1001	0
000ACE	5059	MOVF GLCD_PY_E,W,ACCESS
	F	 0101 10DA FFFF FFFF	1357
	D	 0101 10DA 0100 1101	1
	A	 0101 101A 0100 1101	0
000AD0	5A4D	SUBWFB GLCD_PP_E,F,ACCESS
		ENDIF20
	F	 0101 00DA FFFF FFFF	1350
	D	 0101 00DA 0100 0110	0
	A	 0101 000A 0100 0110	0
000AD2	5046	MOVF GLCD_FY2,W,ACCESS
	F	 0010 01DA FFFF FFFF	1354
	D	 0010 01DA 0100 1010	1
	A	 0010 011A 0100 1010	0
000AD4	264A	ADDWF GLCD_PP,F,ACCESS
	F	 0101 00DA FFFF FFFF	1351
	D	 0101 00DA 0100 0111	0
	A	 0101 000A 0100 0111	0
000AD6	5047	MOVF GLCD_FY2_H,W,ACCESS
	F	 0010 00DA FFFF FFFF	1355
	D	 0010 00DA 0100 1011	1
	A	 0010 001A 0100 1011	0
000AD8	224B	ADDWFC GLCD_PP_H,F,ACCESS
	F	 0101 00DA FFFF FFFF	1352
	D	 0101 00DA 0100 1000	0
	A	 0101 000A 0100 1000	0
000ADA	5048	MOVF GLCD_FY2_U,W,ACCESS
	F	 0010 00DA FFFF FFFF	1356
	D	 0010 00DA 0100 1100	1
	A	 0010 001A 0100 1100	0
000ADC	224C	ADDWFC GLCD_PP_U,F,ACCESS
	F	 0101 00DA FFFF FFFF	1353
	D	 0101 00DA 0100 1001	0
	A	 0101 000A 0100 1001	0
000ADE	5049	MOVF GLCD_FY2_E,W,ACCESS
	F	 0010 00DA FFFF FFFF	1357
	D	 0010 00DA 0100 1101	1
	A	 0010 001A 0100 1101	0
000AE0	224D	ADDWFC GLCD_PP_E,F,ACCESS
	F	 0101 00DA FFFF FFFF	1362
	D	 0101 00DA 0101 0010	0
	A	 0101 000A 0101 0010	0
000AE2	5052	MOVF GLCD_PX,W,ACCESS
	F	 0010 01DA FFFF FFFF	1354
	D	 0010 01DA 0100 1010	1
	A	 0010 011A 0100 1010	0
000AE4	264A	ADDWF GLCD_PP,F,ACCESS
	F	 0101 00DA FFFF FFFF	1363
	D	 0101 00DA 0101 0011	0
	A	 0101 000A 0101 0011	0
000AE6	5053	MOVF GLCD_PX_H,W,ACCESS
	F	 0010 00DA FFFF FFFF	1355
	D	 0010 00DA 0100 1011	1
	A	 0010 001A 0100 1011	0
000AE8	224B	ADDWFC GLCD_PP_H,F,ACCESS
	F	 0101 00DA FFFF FFFF	1364
	D	 0101 00DA 0101 0100	0
	A	 0101 000A 0101 0100	0
000AEA	5054	MOVF GLCD_PX_U,W,ACCESS
	F	 0010 00DA FFFF FFFF	1356
	D	 0010 00DA 0100 1100	1
	A	 0010 001A 0100 1100	0
000AEC	224C	ADDWFC GLCD_PP_U,F,ACCESS
	F	 0101 00DA FFFF FFFF	1365
	D	 0101 00DA 0101 0101	0
	A	 0101 000A 0101 0101	0
000AEE	5055	MOVF GLCD_PX_E,W,ACCESS
	F	 0010 00DA FFFF FFFF	1357
	D	 0010 00DA 0100 1101	1
	A	 0010 001A 0100 1101	0
000AF0	224D	ADDWFC GLCD_PP_E,F,ACCESS
	F	 0101 00DA FFFF FFFF	1316
	D	 0101 00DA 0010 0100	1
	A	 0101 001A 0010 0100	0
000AF2	5224	MOVF FILLED_ELLIPSE,F,ACCESS
	F	 1010 BBBA FFFF FFFF	1240
	B	 1010 BBBA 1101 1000	2
	A	 1010 010A 1101 1000	0
000AF4	A4D8	BTFSS STATUS, Z,ACCESS
	N	 1101 0NNN NNNN NNNN	3
000AF6	D003	BRA ELSE21_1
	K	 0000 0001 00KK KKKK	0
000000	0100	BANKSEL 0
	N	 1101 1NNN NNNN NNNN	246
000AFA	D8F6	RCALL DRAW_ELLIPSE_POINTS
	N	 1101 0NNN NNNN NNNN	2
000AFC	D002	BRA ENDIF21
		ELSE21_1
	K	 0000 0001 00KK KKKK	0
000000	0100	BANKSEL 0
	N	 1101 1NNN NNNN NNNN	299
000B00	D92B	RCALL DRAW_FILLED_ELLIPSE_POINTS
		ENDIF21
	N	 1101 0NNN NNNN NNNN	1969
000B02	D7B1	BRA SYSDOLOOP_S4
		SYSDOLOOP_E4
	F	 0101 00DA FFFF FFFF	1374
	D	 0101 00DA 0101 1110	0
	A	 0101 000A 0101 1110	0
000B04	505E	MOVF GLCD_XX,W,ACCESS
	F	 0010 01DA FFFF FFFF	1374
	D	 0010 01DA 0101 1110	1
	A	 0010 011A 0101 1110	0
000B06	265E	ADDWF GLCD_XX,F,ACCESS
	F	 0101 00DA FFFF FFFF	1375
	D	 0101 00DA 0101 1111	0
	A	 0101 000A 0101 1111	0
000B08	505F	MOVF GLCD_XX_H,W,ACCESS
	F	 0010 00DA FFFF FFFF	1375
	D	 0010 00DA 0101 1111	1
	A	 0010 001A 0101 1111	0
000B0A	225F	ADDWFC GLCD_XX_H,F,ACCESS
	F	 0010 10DA FFFF FFFF	1374
	D	 0010 10DA 0101 1110	1
	A	 0010 101A 0101 1110	0
000B0C	2A5E	INCF GLCD_XX,F,ACCESS
	F	 1011 BBBA FFFF FFFF	1240
	B	 1011 BBBA 1101 1000	2
	A	 1011 010A 1101 1000	0
000B0E	B4D8	BTFSC STATUS,Z,ACCESS
	F	 0010 10DA FFFF FFFF	1375
	D	 0010 10DA 0101 1111	1
	A	 0010 101A 0101 1111	0
000B10	2A5F	INCF GLCD_XX_H,F,ACCESS
	K	 0000 1110 KKKK KKKK	1
000B12	0E01	MOVLW 1
	K	 0000 0001 00KK KKKK	5
000000	0105	BANKSEL GLCD_YY
	F	 0101 11DA FFFF FFFF	1378
	D	 0101 11DA 0110 0010	1
	A	 0101 111A 0110 0010	1
000B16	5F62	SUBWF GLCD_YY,F,BANKED
	K	 0000 1110 KKKK KKKK	0
000B18	0E00	MOVLW 0
	F	 0101 10DA FFFF FFFF	1379
	D	 0101 10DA 0110 0011	1
	A	 0101 101A 0110 0011	1
000B1A	5B63	SUBWFB GLCD_YY_H,F,BANKED
	S	1111 DDDD DDDD DDDD:1100 SSSS SSSS SSSS	1374
	D	1111 DDDD DDDD DDDD:1100 0101 0101 1110	1285
000B1C	C55E F505	MOVFF GLCD_XX,SYSLONGTEMPA
	S	1111 DDDD DDDD DDDD:1100 SSSS SSSS SSSS	1375
	D	1111 DDDD DDDD DDDD:1100 0101 0101 1111	1286
000B20	C55F F506	MOVFF GLCD_XX_H,SYSLONGTEMPA_H
	F	 0110 101A FFFF FFFF	1287
	A	 0110 101A 0000 0111	0
000B24	6A07	CLRF SYSLONGTEMPA_U,ACCESS
	F	 0110 101A FFFF FFFF	1288
	A	 0110 101A 0000 1000	0
000B26	6A08	CLRF SYSLONGTEMPA_E,ACCESS
	S	1111 DDDD DDDD DDDD:1100 SSSS SSSS SSSS	1374
	D	1111 DDDD DDDD DDDD:1100 0101 0101 1110	1289
000B28	C55E F509	MOVFF GLCD_XX,SYSLONGTEMPB
	S	1111 DDDD DDDD DDDD:1100 SSSS SSSS SSSS	1375
	D	1111 DDDD DDDD DDDD:1100 0101 0101 1111	1290
000B2C	C55F F50A	MOVFF GLCD_XX_H,SYSLONGTEMPB_H
	F	 0110 101A FFFF FFFF	1291
	A	 0110 101A 0000 1011	0
000B30	6A0B	CLRF SYSLONGTEMPB_U,ACCESS
	F	 0110 101A FFFF FFFF	1292
	A	 0110 101A 0000 1100	0
000B32	6A0C	CLRF SYSLONGTEMPB_E,ACCESS
	K	 0000 0001 00KK KKKK	0
000000	0100	BANKSEL 0
	K	1111 KKKK KKKK KKKK:1110 110S KKKK KKKK	8398
	S	1111 0000 0001 0000:1110 110S 0110 0111	0
000B36	EC67 F010	CALL SYSMULTSUB32
	S	1111 DDDD DDDD DDDD:1100 SSSS SSSS SSSS	1280
	D	1111 DDDD DDDD DDDD:1100 0101 0000 0000	1358
000B3A	C500 F54E	MOVFF SYSLONGTEMPX,GLCD_PP_TEMP
	S	1111 DDDD DDDD DDDD:1100 SSSS SSSS SSSS	1281
	D	1111 DDDD DDDD DDDD:1100 0101 0000 0001	1359
000B3E	C501 F54F	MOVFF SYSLONGTEMPX_H,GLCD_PP_TEMP_H
	S	1111 DDDD DDDD DDDD:1100 SSSS SSSS SSSS	1282
	D	1111 DDDD DDDD DDDD:1100 0101 0000 0010	1360
000B42	C502 F550	MOVFF SYSLONGTEMPX_U,GLCD_PP_TEMP_U
	S	1111 DDDD DDDD DDDD:1100 SSSS SSSS SSSS	1283
	D	1111 DDDD DDDD DDDD:1100 0101 0000 0011	1361
000B46	C503 F551	MOVFF SYSLONGTEMPX_E,GLCD_PP_TEMP_E
	S	1111 DDDD DDDD DDDD:1100 SSSS SSSS SSSS	1372
	D	1111 DDDD DDDD DDDD:1100 0101 0101 1100	1285
000B4A	C55C F505	MOVFF GLCD_RY2,SYSLONGTEMPA
	S	1111 DDDD DDDD DDDD:1100 SSSS SSSS SSSS	1373
	D	1111 DDDD DDDD DDDD:1100 0101 0101 1101	1286
000B4E	C55D F506	MOVFF GLCD_RY2_H,SYSLONGTEMPA_H
	F	 0110 101A FFFF FFFF	1287
	A	 0110 101A 0000 0111	0
000B52	6A07	CLRF SYSLONGTEMPA_U,ACCESS
	F	 0110 101A FFFF FFFF	1288
	A	 0110 101A 0000 1000	0
000B54	6A08	CLRF SYSLONGTEMPA_E,ACCESS
	S	1111 DDDD DDDD DDDD:1100 SSSS SSSS SSSS	1358
	D	1111 DDDD DDDD DDDD:1100 0101 0100 1110	1289
000B56	C54E F509	MOVFF GLCD_PP_TEMP,SYSLONGTEMPB
	S	1111 DDDD DDDD DDDD:1100 SSSS SSSS SSSS	1359
	D	1111 DDDD DDDD DDDD:1100 0101 0100 1111	1290
000B5A	C54F F50A	MOVFF GLCD_PP_TEMP_H,SYSLONGTEMPB_H
	S	1111 DDDD DDDD DDDD:1100 SSSS SSSS SSSS	1360
	D	1111 DDDD DDDD DDDD:1100 0101 0101 0000	1291
000B5E	C550 F50B	MOVFF GLCD_PP_TEMP_U,SYSLONGTEMPB_U
	S	1111 DDDD DDDD DDDD:1100 SSSS SSSS SSSS	1361
	D	1111 DDDD DDDD DDDD:1100 0101 0101 0001	1292
000B62	C551 F50C	MOVFF GLCD_PP_TEMP_E,SYSLONGTEMPB_E
	K	1111 KKKK KKKK KKKK:1110 110S KKKK KKKK	8398
	S	1111 0000 0001 0000:1110 110S 0110 0111	0
000B66	EC67 F010	CALL SYSMULTSUB32
	S	1111 DDDD DDDD DDDD:1100 SSSS SSSS SSSS	1280
	D	1111 DDDD DDDD DDDD:1100 0101 0000 0000	1358
000B6A	C500 F54E	MOVFF SYSLONGTEMPX,GLCD_PP_TEMP
	S	1111 DDDD DDDD DDDD:1100 SSSS SSSS SSSS	1281
	D	1111 DDDD DDDD DDDD:1100 0101 0000 0001	1359
000B6E	C501 F54F	MOVFF SYSLONGTEMPX_H,GLCD_PP_TEMP_H
	S	1111 DDDD DDDD DDDD:1100 SSSS SSSS SSSS	1282
	D	1111 DDDD DDDD DDDD:1100 0101 0000 0010	1360
000B72	C502 F550	MOVFF SYSLONGTEMPX_U,GLCD_PP_TEMP_U
	S	1111 DDDD DDDD DDDD:1100 SSSS SSSS SSSS	1283
	D	1111 DDDD DDDD DDDD:1100 0101 0000 0011	1361
000B76	C503 F551	MOVFF SYSLONGTEMPX_E,GLCD_PP_TEMP_E
	K	 0000 1110 KKKK KKKK	2
000B7A	0E02	MOVLW 2
	F	 0010 01DA FFFF FFFF	1358
	D	 0010 01DA 0100 1110	0
	A	 0010 010A 0100 1110	0
000B7C	244E	ADDWF GLCD_PP_TEMP,W,ACCESS
	F	 0110 111A FFFF FFFF	1354
	A	 0110 111A 0100 1010	0
000B7E	6E4A	MOVWF GLCD_PP,ACCESS
	K	 0000 1110 KKKK KKKK	0
000B80	0E00	MOVLW 0
	F	 0010 00DA FFFF FFFF	1359
	D	 0010 00DA 0100 1111	0
	A	 0010 000A 0100 1111	0
000B82	204F	ADDWFC GLCD_PP_TEMP_H,W,ACCESS
	F	 0110 111A FFFF FFFF	1355
	A	 0110 111A 0100 1011	0
000B84	6E4B	MOVWF GLCD_PP_H,ACCESS
	K	 0000 1110 KKKK KKKK	0
000B86	0E00	MOVLW 0
	F	 0010 00DA FFFF FFFF	1360
	D	 0010 00DA 0101 0000	0
	A	 0010 000A 0101 0000	0
000B88	2050	ADDWFC GLCD_PP_TEMP_U,W,ACCESS
	F	 0110 111A FFFF FFFF	1356
	A	 0110 111A 0100 1100	0
000B8A	6E4C	MOVWF GLCD_PP_U,ACCESS
	K	 0000 1110 KKKK KKKK	0
000B8C	0E00	MOVLW 0
	F	 0010 00DA FFFF FFFF	1361
	D	 0010 00DA 0101 0001	0
	A	 0010 000A 0101 0001	0
000B8E	2051	ADDWFC GLCD_PP_TEMP_E,W,ACCESS
	F	 0110 111A FFFF FFFF	1357
	A	 0110 111A 0100 1101	0
000B90	6E4D	MOVWF GLCD_PP_E,ACCESS
	S	1111 DDDD DDDD DDDD:1100 SSSS SSSS SSSS	1378
	D	1111 DDDD DDDD DDDD:1100 0101 0110 0010	1285
000B92	C562 F505	MOVFF GLCD_YY,SYSLONGTEMPA
	S	1111 DDDD DDDD DDDD:1100 SSSS SSSS SSSS	1379
	D	1111 DDDD DDDD DDDD:1100 0101 0110 0011	1286
000B96	C563 F506	MOVFF GLCD_YY_H,SYSLONGTEMPA_H
	F	 0110 101A FFFF FFFF	1287
	A	 0110 101A 0000 0111	0
000B9A	6A07	CLRF SYSLONGTEMPA_U,ACCESS
	F	 0110 101A FFFF FFFF	1288
	A	 0110 101A 0000 1000	0
000B9C	6A08	CLRF SYSLONGTEMPA_E,ACCESS
	S	1111 DDDD DDDD DDDD:1100 SSSS SSSS SSSS	1378
	D	1111 DDDD DDDD DDDD:1100 0101 0110 0010	1289
000B9E	C562 F509	MOVFF GLCD_YY,SYSLONGTEMPB
	S	1111 DDDD DDDD DDDD:1100 SSSS SSSS SSSS	1379
	D	1111 DDDD DDDD DDDD:1100 0101 0110 0011	1290
000BA2	C563 F50A	MOVFF GLCD_YY_H,SYSLONGTEMPB_H
	F	 0110 101A FFFF FFFF	1291
	A	 0110 101A 0000 1011	0
000BA6	6A0B	CLRF SYSLONGTEMPB_U,ACCESS
	F	 0110 101A FFFF FFFF	1292
	A	 0110 101A 0000 1100	0
000BA8	6A0C	CLRF SYSLONGTEMPB_E,ACCESS
	K	1111 KKKK KKKK KKKK:1110 110S KKKK KKKK	8398
	S	1111 0000 0001 0000:1110 110S 0110 0111	0
000BAA	EC67 F010	CALL SYSMULTSUB32
	S	1111 DDDD DDDD DDDD:1100 SSSS SSSS SSSS	1280
	D	1111 DDDD DDDD DDDD:1100 0101 0000 0000	1358
000BAE	C500 F54E	MOVFF SYSLONGTEMPX,GLCD_PP_TEMP
	S	1111 DDDD DDDD DDDD:1100 SSSS SSSS SSSS	1281
	D	1111 DDDD DDDD DDDD:1100 0101 0000 0001	1359
000BB2	C501 F54F	MOVFF SYSLONGTEMPX_H,GLCD_PP_TEMP_H
	S	1111 DDDD DDDD DDDD:1100 SSSS SSSS SSSS	1282
	D	1111 DDDD DDDD DDDD:1100 0101 0000 0010	1360
000BB6	C502 F550	MOVFF SYSLONGTEMPX_U,GLCD_PP_TEMP_U
	S	1111 DDDD DDDD DDDD:1100 SSSS SSSS SSSS	1283
	D	1111 DDDD DDDD DDDD:1100 0101 0000 0011	1361
000BBA	C503 F551	MOVFF SYSLONGTEMPX_E,GLCD_PP_TEMP_E
	S	1111 DDDD DDDD DDDD:1100 SSSS SSSS SSSS	1346
	D	1111 DDDD DDDD DDDD:1100 0101 0100 0010	1285
000BBE	C542 F505	MOVFF GLCD_FX2,SYSLONGTEMPA
	S	1111 DDDD DDDD DDDD:1100 SSSS SSSS SSSS	1347
	D	1111 DDDD DDDD DDDD:1100 0101 0100 0011	1286
000BC2	C543 F506	MOVFF GLCD_FX2_H,SYSLONGTEMPA_H
	S	1111 DDDD DDDD DDDD:1100 SSSS SSSS SSSS	1348
	D	1111 DDDD DDDD DDDD:1100 0101 0100 0100	1287
000BC6	C544 F507	MOVFF GLCD_FX2_U,SYSLONGTEMPA_U
	S	1111 DDDD DDDD DDDD:1100 SSSS SSSS SSSS	1349
	D	1111 DDDD DDDD DDDD:1100 0101 0100 0101	1288
000BCA	C545 F508	MOVFF GLCD_FX2_E,SYSLONGTEMPA_E
	S	1111 DDDD DDDD DDDD:1100 SSSS SSSS SSSS	1358
	D	1111 DDDD DDDD DDDD:1100 0101 0100 1110	1289
000BCE	C54E F509	MOVFF GLCD_PP_TEMP,SYSLONGTEMPB
	S	1111 DDDD DDDD DDDD:1100 SSSS SSSS SSSS	1359
	D	1111 DDDD DDDD DDDD:1100 0101 0100 1111	1290
000BD2	C54F F50A	MOVFF GLCD_PP_TEMP_H,SYSLONGTEMPB_H
	S	1111 DDDD DDDD DDDD:1100 SSSS SSSS SSSS	1360
	D	1111 DDDD DDDD DDDD:1100 0101 0101 0000	1291
000BD6	C550 F50B	MOVFF GLCD_PP_TEMP_U,SYSLONGTEMPB_U
	S	1111 DDDD DDDD DDDD:1100 SSSS SSSS SSSS	1361
	D	1111 DDDD DDDD DDDD:1100 0101 0101 0001	1292
000BDA	C551 F50C	MOVFF GLCD_PP_TEMP_E,SYSLONGTEMPB_E
	K	1111 KKKK KKKK KKKK:1110 110S KKKK KKKK	8398
	S	1111 0000 0001 0000:1110 110S 0110 0111	0
000BDE	EC67 F010	CALL SYSMULTSUB32
	S	1111 DDDD DDDD DDDD:1100 SSSS SSSS SSSS	1280
	D	1111 DDDD DDDD DDDD:1100 0101 0000 0000	1358
000BE2	C500 F54E	MOVFF SYSLONGTEMPX,GLCD_PP_TEMP
	S	1111 DDDD DDDD DDDD:1100 SSSS SSSS SSSS	1281
	D	1111 DDDD DDDD DDDD:1100 0101 0000 0001	1359
000BE6	C501 F54F	MOVFF SYSLONGTEMPX_H,GLCD_PP_TEMP_H
	S	1111 DDDD DDDD DDDD:1100 SSSS SSSS SSSS	1282
	D	1111 DDDD DDDD DDDD:1100 0101 0000 0010	1360
000BEA	C502 F550	MOVFF SYSLONGTEMPX_U,GLCD_PP_TEMP_U
	S	1111 DDDD DDDD DDDD:1100 SSSS SSSS SSSS	1283
	D	1111 DDDD DDDD DDDD:1100 0101 0000 0011	1361
000BEE	C503 F551	MOVFF SYSLONGTEMPX_E,GLCD_PP_TEMP_E
	F	 0101 00DA FFFF FFFF	1358
	D	 0101 00DA 0100 1110	0
	A	 0101 000A 0100 1110	0
000BF2	504E	MOVF GLCD_PP_TEMP,W,ACCESS
	F	 0010 01DA FFFF FFFF	1354
	D	 0010 01DA 0100 1010	1
	A	 0010 011A 0100 1010	0
000BF4	264A	ADDWF GLCD_PP,F,ACCESS
	F	 0101 00DA FFFF FFFF	1359
	D	 0101 00DA 0100 1111	0
	A	 0101 000A 0100 1111	0
000BF6	504F	MOVF GLCD_PP_TEMP_H,W,ACCESS
	F	 0010 00DA FFFF FFFF	1355
	D	 0010 00DA 0100 1011	1
	A	 0010 001A 0100 1011	0
000BF8	224B	ADDWFC GLCD_PP_H,F,ACCESS
	F	 0101 00DA FFFF FFFF	1360
	D	 0101 00DA 0101 0000	0
	A	 0101 000A 0101 0000	0
000BFA	5050	MOVF GLCD_PP_TEMP_U,W,ACCESS
	F	 0010 00DA FFFF FFFF	1356
	D	 0010 00DA 0100 1100	1
	A	 0010 001A 0100 1100	0
000BFC	224C	ADDWFC GLCD_PP_U,F,ACCESS
	F	 0101 00DA FFFF FFFF	1361
	D	 0101 00DA 0101 0001	0
	A	 0101 000A 0101 0001	0
000BFE	5051	MOVF GLCD_PP_TEMP_E,W,ACCESS
	F	 0010 00DA FFFF FFFF	1357
	D	 0010 00DA 0100 1101	1
	A	 0010 001A 0100 1101	0
000C00	224D	ADDWFC GLCD_PP_E,F,ACCESS
	S	1111 DDDD DDDD DDDD:1100 SSSS SSSS SSSS	1346
	D	1111 DDDD DDDD DDDD:1100 0101 0100 0010	1285
000C02	C542 F505	MOVFF GLCD_FX2,SYSLONGTEMPA
	S	1111 DDDD DDDD DDDD:1100 SSSS SSSS SSSS	1347
	D	1111 DDDD DDDD DDDD:1100 0101 0100 0011	1286
000C06	C543 F506	MOVFF GLCD_FX2_H,SYSLONGTEMPA_H
	S	1111 DDDD DDDD DDDD:1100 SSSS SSSS SSSS	1348
	D	1111 DDDD DDDD DDDD:1100 0101 0100 0100	1287
000C0A	C544 F507	MOVFF GLCD_FX2_U,SYSLONGTEMPA_U
	S	1111 DDDD DDDD DDDD:1100 SSSS SSSS SSSS	1349
	D	1111 DDDD DDDD DDDD:1100 0101 0100 0101	1288
000C0E	C545 F508	MOVFF GLCD_FX2_E,SYSLONGTEMPA_E
	S	1111 DDDD DDDD DDDD:1100 SSSS SSSS SSSS	1372
	D	1111 DDDD DDDD DDDD:1100 0101 0101 1100	1289
000C12	C55C F509	MOVFF GLCD_RY2,SYSLONGTEMPB
	S	1111 DDDD DDDD DDDD:1100 SSSS SSSS SSSS	1373
	D	1111 DDDD DDDD DDDD:1100 0101 0101 1101	1290
000C16	C55D F50A	MOVFF GLCD_RY2_H,SYSLONGTEMPB_H
	F	 0110 101A FFFF FFFF	1291
	A	 0110 101A 0000 1011	0
000C1A	6A0B	CLRF SYSLONGTEMPB_U,ACCESS
	F	 0110 101A FFFF FFFF	1292
	A	 0110 101A 0000 1100	0
000C1C	6A0C	CLRF SYSLONGTEMPB_E,ACCESS
	K	1111 KKKK KKKK KKKK:1110 110S KKKK KKKK	8398
	S	1111 0000 0001 0000:1110 110S 0110 0111	0
000C1E	EC67 F010	CALL SYSMULTSUB32
	S	1111 DDDD DDDD DDDD:1100 SSSS SSSS SSSS	1280
	D	1111 DDDD DDDD DDDD:1100 0101 0000 0000	1358
000C22	C500 F54E	MOVFF SYSLONGTEMPX,GLCD_PP_TEMP
	S	1111 DDDD DDDD DDDD:1100 SSSS SSSS SSSS	1281
	D	1111 DDDD DDDD DDDD:1100 0101 0000 0001	1359
000C26	C501 F54F	MOVFF SYSLONGTEMPX_H,GLCD_PP_TEMP_H
	S	1111 DDDD DDDD DDDD:1100 SSSS SSSS SSSS	1282
	D	1111 DDDD DDDD DDDD:1100 0101 0000 0010	1360
000C2A	C502 F550	MOVFF SYSLONGTEMPX_U,GLCD_PP_TEMP_U
	S	1111 DDDD DDDD DDDD:1100 SSSS SSSS SSSS	1283
	D	1111 DDDD DDDD DDDD:1100 0101 0000 0011	1361
000C2E	C503 F551	MOVFF SYSLONGTEMPX_E,GLCD_PP_TEMP_E
	F	 0101 00DA FFFF FFFF	1358
	D	 0101 00DA 0100 1110	0
	A	 0101 000A 0100 1110	0
000C32	504E	MOVF GLCD_PP_TEMP,W,ACCESS
	F	 0101 11DA FFFF FFFF	1354
	D	 0101 11DA 0100 1010	1
	A	 0101 111A 0100 1010	0
000C34	5E4A	SUBWF GLCD_PP,F,ACCESS
	F	 0101 00DA FFFF FFFF	1359
	D	 0101 00DA 0100 1111	0
	A	 0101 000A 0100 1111	0
000C36	504F	MOVF GLCD_PP_TEMP_H,W,ACCESS
	F	 0101 10DA FFFF FFFF	1355
	D	 0101 10DA 0100 1011	1
	A	 0101 101A 0100 1011	0
000C38	5A4B	SUBWFB GLCD_PP_H,F,ACCESS
	F	 0101 00DA FFFF FFFF	1360
	D	 0101 00DA 0101 0000	0
	A	 0101 000A 0101 0000	0
000C3A	5050	MOVF GLCD_PP_TEMP_U,W,ACCESS
	F	 0101 10DA FFFF FFFF	1356
	D	 0101 10DA 0100 1100	1
	A	 0101 101A 0100 1100	0
000C3C	5A4C	SUBWFB GLCD_PP_U,F,ACCESS
	F	 0101 00DA FFFF FFFF	1361
	D	 0101 00DA 0101 0001	0
	A	 0101 000A 0101 0001	0
000C3E	5051	MOVF GLCD_PP_TEMP_E,W,ACCESS
	F	 0101 10DA FFFF FFFF	1357
	D	 0101 10DA 0100 1101	1
	A	 0101 101A 0100 1101	0
000C40	5A4D	SUBWFB GLCD_PP_E,F,ACCESS
	K	 0000 1110 KKKK KKKK	1
000C42	0E01	MOVLW 1
	F	 0101 11DA FFFF FFFF	1374
	D	 0101 11DA 0101 1110	1
	A	 0101 111A 0101 1110	0
000C44	5E5E	SUBWF GLCD_XX,F,ACCESS
	K	 0000 1110 KKKK KKKK	0
000C46	0E00	MOVLW 0
	F	 0101 10DA FFFF FFFF	1375
	D	 0101 10DA 0101 1111	1
	A	 0101 101A 0101 1111	0
000C48	5A5F	SUBWFB GLCD_XX_H,F,ACCESS
	F	 1001 BBBA FFFF FFFF	1240
	B	 1001 BBBA 1101 1000	0
	A	 1001 000A 1101 1000	0
000C4A	90D8	BCF STATUS,C,ACCESS
	F	 0011 00DA FFFF FFFF	1375
	D	 0011 00DA 0101 1111	1
	A	 0011 001A 0101 1111	0
000C4C	325F	RRCF GLCD_XX_H,F,ACCESS
	F	 0011 00DA FFFF FFFF	1375
	D	 0011 00DA 0101 1111	1
	A	 0011 001A 0101 1111	0
000C4E	325F	RRCF GLCD_XX_H,F,ACCESS
	F	 0011 00DA FFFF FFFF	1374
	D	 0011 00DA 0101 1110	1
	A	 0011 001A 0101 1110	0
000C50	325E	RRCF GLCD_XX,F,ACCESS
	K	 0000 0001 00KK KKKK	5
000000	0105	BANKSEL GLCD_YY
	F	 0010 10DA FFFF FFFF	1378
	D	 0010 10DA 0110 0010	1
	A	 0010 101A 0110 0010	1
000C54	2B62	INCF GLCD_YY,F,BANKED
	F	 1011 BBBA FFFF FFFF	1240
	B	 1011 BBBA 1101 1000	2
	A	 1011 010A 1101 1000	0
000C56	B4D8	BTFSC STATUS,Z,ACCESS
	F	 0010 10DA FFFF FFFF	1379
	D	 0010 10DA 0110 0011	1
	A	 0010 101A 0110 0011	1
000C58	2B63	INCF GLCD_YY_H,F,BANKED
		SYSDOLOOP_S5
	S	1111 DDDD DDDD DDDD:1100 SSSS SSSS SSSS	1378
	D	1111 DDDD DDDD DDDD:1100 0101 0110 0010	1289
000C5A	C562 F509	MOVFF GLCD_YY,SYSWORDTEMPB
	S	1111 DDDD DDDD DDDD:1100 SSSS SSSS SSSS	1379
	D	1111 DDDD DDDD DDDD:1100 0101 0110 0011	1290
000C5E	C563 F50A	MOVFF GLCD_YY_H,SYSWORDTEMPB_H
	F	 0110 101A FFFF FFFF	1285
	A	 0110 101A 0000 0101	0
000C62	6A05	CLRF SYSWORDTEMPA,ACCESS
	F	 0110 101A FFFF FFFF	1286
	A	 0110 101A 0000 0110	0
000C64	6A06	CLRF SYSWORDTEMPA_H,ACCESS
	K	 0000 0001 00KK KKKK	0
000000	0100	BANKSEL 0
	K	1111 KKKK KKKK KKKK:1110 110S KKKK KKKK	7824
	S	1111 0000 0000 1111:1110 110S 0100 1000	0
000C68	EC48 F00F	CALL SYSCOMPLESSTHAN16
	F	 1010 BBBA FFFF FFFF	1280
	B	 1010 BBBA 0000 0000	0
	A	 1010 000A 0000 0000	0
000C6C	A000	BTFSS SYSBYTETEMPX,0,ACCESS
	N	 1101 0NNN NNNN NNNN	59
000C6E	D03B	BRA SYSDOLOOP_E5
	K	 0000 1110 KKKK KKKK	1
000C70	0E01	MOVLW 1
	K	 0000 0001 00KK KKKK	5
000000	0105	BANKSEL GLCD_YY
	F	 0101 11DA FFFF FFFF	1378
	D	 0101 11DA 0110 0010	1
	A	 0101 111A 0110 0010	1
000C74	5F62	SUBWF GLCD_YY,F,BANKED
	K	 0000 1110 KKKK KKKK	0
000C76	0E00	MOVLW 0
	F	 0101 10DA FFFF FFFF	1379
	D	 0101 10DA 0110 0011	1
	A	 0101 101A 0110 0011	1
000C78	5B63	SUBWFB GLCD_YY_H,F,BANKED
	F	 0101 00DA FFFF FFFF	1338
	D	 0101 00DA 0011 1010	0
	A	 0101 000A 0011 1010	0
000C7A	503A	MOVF GLCD_EX2,W,ACCESS
	F	 0101 11DA FFFF FFFF	1366
	D	 0101 11DA 0101 0110	1
	A	 0101 111A 0101 0110	0
000C7C	5E56	SUBWF GLCD_PY,F,ACCESS
	F	 0101 00DA FFFF FFFF	1339
	D	 0101 00DA 0011 1011	0
	A	 0101 000A 0011 1011	0
000C7E	503B	MOVF GLCD_EX2_H,W,ACCESS
	F	 0101 10DA FFFF FFFF	1367
	D	 0101 10DA 0101 0111	1
	A	 0101 101A 0101 0111	0
000C80	5A57	SUBWFB GLCD_PY_H,F,ACCESS
	F	 0101 00DA FFFF FFFF	1340
	D	 0101 00DA 0011 1100	0
	A	 0101 000A 0011 1100	0
000C82	503C	MOVF GLCD_EX2_U,W,ACCESS
	F	 0101 10DA FFFF FFFF	1368
	D	 0101 10DA 0101 1000	1
	A	 0101 101A 0101 1000	0
000C84	5A58	SUBWFB GLCD_PY_U,F,ACCESS
	F	 0101 00DA FFFF FFFF	1341
	D	 0101 00DA 0011 1101	0
	A	 0101 000A 0011 1101	0
000C86	503D	MOVF GLCD_EX2_E,W,ACCESS
	F	 0101 10DA FFFF FFFF	1369
	D	 0101 10DA 0101 1001	1
	A	 0101 101A 0101 1001	0
000C88	5A59	SUBWFB GLCD_PY_E,F,ACCESS
	F	 1010 BBBA FFFF FFFF	1357
	B	 1010 BBBA 0100 1101	7
	A	 1010 111A 0100 1101	0
000C8A	AE4D	BTFSS GLCD_PP_E,7,ACCESS
	N	 1101 0NNN NNNN NNNN	19
000C8C	D013	BRA ENDIF22
	F	 0010 10DA FFFF FFFF	1374
	D	 0010 10DA 0101 1110	1
	A	 0010 101A 0101 1110	0
000C8E	2A5E	INCF GLCD_XX,F,ACCESS
	F	 1011 BBBA FFFF FFFF	1240
	B	 1011 BBBA 1101 1000	2
	A	 1011 010A 1101 1000	0
000C90	B4D8	BTFSC STATUS,Z,ACCESS
	F	 0010 10DA FFFF FFFF	1375
	D	 0010 10DA 0101 1111	1
	A	 0010 101A 0101 1111	0
000C92	2A5F	INCF GLCD_XX_H,F,ACCESS
	F	 0101 00DA FFFF FFFF	1342
	D	 0101 00DA 0011 1110	0
	A	 0101 000A 0011 1110	0
000C94	503E	MOVF GLCD_EY2,W,ACCESS
	F	 0010 01DA FFFF FFFF	1362
	D	 0010 01DA 0101 0010	1
	A	 0010 011A 0101 0010	0
000C96	2652	ADDWF GLCD_PX,F,ACCESS
	F	 0101 00DA FFFF FFFF	1343
	D	 0101 00DA 0011 1111	0
	A	 0101 000A 0011 1111	0
000C98	503F	MOVF GLCD_EY2_H,W,ACCESS
	F	 0010 00DA FFFF FFFF	1363
	D	 0010 00DA 0101 0011	1
	A	 0010 001A 0101 0011	0
000C9A	2253	ADDWFC GLCD_PX_H,F,ACCESS
	F	 0101 00DA FFFF FFFF	1344
	D	 0101 00DA 0100 0000	0
	A	 0101 000A 0100 0000	0
000C9C	5040	MOVF GLCD_EY2_U,W,ACCESS
	F	 0010 00DA FFFF FFFF	1364
	D	 0010 00DA 0101 0100	1
	A	 0010 001A 0101 0100	0
000C9E	2254	ADDWFC GLCD_PX_U,F,ACCESS
	F	 0101 00DA FFFF FFFF	1345
	D	 0101 00DA 0100 0001	0
	A	 0101 000A 0100 0001	0
000CA0	5041	MOVF GLCD_EY2_E,W,ACCESS
	F	 0010 00DA FFFF FFFF	1365
	D	 0010 00DA 0101 0101	1
	A	 0010 001A 0101 0101	0
000CA2	2255	ADDWFC GLCD_PX_E,F,ACCESS
	F	 0101 00DA FFFF FFFF	1362
	D	 0101 00DA 0101 0010	0
	A	 0101 000A 0101 0010	0
000CA4	5052	MOVF GLCD_PX,W,ACCESS
	F	 0010 01DA FFFF FFFF	1354
	D	 0010 01DA 0100 1010	1
	A	 0010 011A 0100 1010	0
000CA6	264A	ADDWF GLCD_PP,F,ACCESS
	F	 0101 00DA FFFF FFFF	1363
	D	 0101 00DA 0101 0011	0
	A	 0101 000A 0101 0011	0
000CA8	5053	MOVF GLCD_PX_H,W,ACCESS
	F	 0010 00DA FFFF FFFF	1355
	D	 0010 00DA 0100 1011	1
	A	 0010 001A 0100 1011	0
000CAA	224B	ADDWFC GLCD_PP_H,F,ACCESS
	F	 0101 00DA FFFF FFFF	1364
	D	 0101 00DA 0101 0100	0
	A	 0101 000A 0101 0100	0
000CAC	5054	MOVF GLCD_PX_U,W,ACCESS
	F	 0010 00DA FFFF FFFF	1356
	D	 0010 00DA 0100 1100	1
	A	 0010 001A 0100 1100	0
000CAE	224C	ADDWFC GLCD_PP_U,F,ACCESS
	F	 0101 00DA FFFF FFFF	1365
	D	 0101 00DA 0101 0101	0
	A	 0101 000A 0101 0101	0
000CB0	5055	MOVF GLCD_PX_E,W,ACCESS
	F	 0010 00DA FFFF FFFF	1357
	D	 0010 00DA 0100 1101	1
	A	 0010 001A 0100 1101	0
000CB2	224D	ADDWFC GLCD_PP_E,F,ACCESS
		ENDIF22
	F	 0101 00DA FFFF FFFF	1346
	D	 0101 00DA 0100 0010	0
	A	 0101 000A 0100 0010	0
000CB4	5042	MOVF GLCD_FX2,W,ACCESS
	F	 0010 01DA FFFF FFFF	1354
	D	 0010 01DA 0100 1010	1
	A	 0010 011A 0100 1010	0
000CB6	264A	ADDWF GLCD_PP,F,ACCESS
	F	 0101 00DA FFFF FFFF	1347
	D	 0101 00DA 0100 0011	0
	A	 0101 000A 0100 0011	0
000CB8	5043	MOVF GLCD_FX2_H,W,ACCESS
	F	 0010 00DA FFFF FFFF	1355
	D	 0010 00DA 0100 1011	1
	A	 0010 001A 0100 1011	0
000CBA	224B	ADDWFC GLCD_PP_H,F,ACCESS
	F	 0101 00DA FFFF FFFF	1348
	D	 0101 00DA 0100 0100	0
	A	 0101 000A 0100 0100	0
000CBC	5044	MOVF GLCD_FX2_U,W,ACCESS
	F	 0010 00DA FFFF FFFF	1356
	D	 0010 00DA 0100 1100	1
	A	 0010 001A 0100 1100	0
000CBE	224C	ADDWFC GLCD_PP_U,F,ACCESS
	F	 0101 00DA FFFF FFFF	1349
	D	 0101 00DA 0100 0101	0
	A	 0101 000A 0100 0101	0
000CC0	5045	MOVF GLCD_FX2_E,W,ACCESS
	F	 0010 00DA FFFF FFFF	1357
	D	 0010 00DA 0100 1101	1
	A	 0010 001A 0100 1101	0
000CC2	224D	ADDWFC GLCD_PP_E,F,ACCESS
	F	 0101 00DA FFFF FFFF	1366
	D	 0101 00DA 0101 0110	0
	A	 0101 000A 0101 0110	0
000CC4	5056	MOVF GLCD_PY,W,ACCESS
	F	 0101 11DA FFFF FFFF	1354
	D	 0101 11DA 0100 1010	1
	A	 0101 111A 0100 1010	0
000CC6	5E4A	SUBWF GLCD_PP,F,ACCESS
	F	 0101 00DA FFFF FFFF	1367
	D	 0101 00DA 0101 0111	0
	A	 0101 000A 0101 0111	0
000CC8	5057	MOVF GLCD_PY_H,W,ACCESS
	F	 0101 10DA FFFF FFFF	1355
	D	 0101 10DA 0100 1011	1
	A	 0101 101A 0100 1011	0
000CCA	5A4B	SUBWFB GLCD_PP_H,F,ACCESS
	F	 0101 00DA FFFF FFFF	1368
	D	 0101 00DA 0101 1000	0
	A	 0101 000A 0101 1000	0
000CCC	5058	MOVF GLCD_PY_U,W,ACCESS
	F	 0101 10DA FFFF FFFF	1356
	D	 0101 10DA 0100 1100	1
	A	 0101 101A 0100 1100	0
000CCE	5A4C	SUBWFB GLCD_PP_U,F,ACCESS
	F	 0101 00DA FFFF FFFF	1369
	D	 0101 00DA 0101 1001	0
	A	 0101 000A 0101 1001	0
000CD0	5059	MOVF GLCD_PY_E,W,ACCESS
	F	 0101 10DA FFFF FFFF	1357
	D	 0101 10DA 0100 1101	1
	A	 0101 101A 0100 1101	0
000CD2	5A4D	SUBWFB GLCD_PP_E,F,ACCESS
	F	 0101 00DA FFFF FFFF	1316
	D	 0101 00DA 0010 0100	1
	A	 0101 001A 0010 0100	0
000CD4	5224	MOVF FILLED_ELLIPSE,F,ACCESS
	F	 1010 BBBA FFFF FFFF	1240
	B	 1010 BBBA 1101 1000	2
	A	 1010 010A 1101 1000	0
000CD6	A4D8	BTFSS STATUS, Z,ACCESS
	N	 1101 0NNN NNNN NNNN	3
000CD8	D003	BRA ELSE23_1
	K	 0000 0001 00KK KKKK	0
000000	0100	BANKSEL 0
	N	 1101 1NNN NNNN NNNN	5
000CDC	D805	RCALL DRAW_ELLIPSE_POINTS
	N	 1101 0NNN NNNN NNNN	2
000CDE	D002	BRA ENDIF23
		ELSE23_1
	K	 0000 0001 00KK KKKK	0
000000	0100	BANKSEL 0
	N	 1101 1NNN NNNN NNNN	58
000CE2	D83A	RCALL DRAW_FILLED_ELLIPSE_POINTS
		ENDIF23
	N	 1101 0NNN NNNN NNNN	1978
000CE4	D7BA	BRA SYSDOLOOP_S5
		SYSDOLOOP_E5
	S	 0000 0000 0001 001S	0
000CE6	0012	RETURN


		DRAW_ELLIPSE_POINTS
	F	 0101 00DA FFFF FFFF	1374
	D	 0101 00DA 0101 1110	0
	A	 0101 000A 0101 1110	0
000CE8	505E	MOVF GLCD_XX,W,ACCESS
	K	 0000 0001 00KK KKKK	5
000000	0105	BANKSEL XOFFSET
	F	 0010 01DA FFFF FFFF	1494
	D	 0010 01DA 1101 0110	0
	A	 0010 010A 1101 0110	1
000CEC	25D6	ADDWF XOFFSET,W,BANKED
	F	 0110 111A FFFF FFFF	1336
	A	 0110 111A 0011 1000	0
000CEE	6E38	MOVWF GLCDX,ACCESS
	F	 0101 00DA FFFF FFFF	1378
	D	 0101 00DA 0110 0010	0
	A	 0101 000A 0110 0010	1
000CF0	5162	MOVF GLCD_YY,W,BANKED
	F	 0010 01DA FFFF FFFF	1498
	D	 0010 01DA 1101 1010	0
	A	 0010 010A 1101 1010	1
000CF2	25DA	ADDWF YOFFSET,W,BANKED
	F	 0110 111A FFFF FFFF	1337
	A	 0110 111A 0011 1001	0
000CF4	6E39	MOVWF GLCDY,ACCESS
	S	1111 DDDD DDDD DDDD:1100 SSSS SSSS SSSS	1399
	D	1111 DDDD DDDD DDDD:1100 0101 0111 0111	1321
000CF6	C577 F529	MOVFF LINECOLOUR,GLCDCOLOUR
	S	1111 DDDD DDDD DDDD:1100 SSSS SSSS SSSS	1400
	D	1111 DDDD DDDD DDDD:1100 0101 0111 1000	1322
000CFA	C578 F52A	MOVFF LINECOLOUR_H,GLCDCOLOUR_H
	K	 0000 0001 00KK KKKK	0
000000	0100	BANKSEL 0
	K	1111 KKKK KKKK KKKK:1110 110S KKKK KKKK	6672
	S	1111 0000 0000 1101:1110 110S 0000 1000	0
000D00	EC08 F00D	CALL PSET_SSD1309
	F	 0101 00DA FFFF FFFF	1374
	D	 0101 00DA 0101 1110	0
	A	 0101 000A 0101 1110	0
000D04	505E	MOVF GLCD_XX,W,ACCESS
	K	 0000 0001 00KK KKKK	5
000000	0105	BANKSEL XOFFSET
	F	 0101 11DA FFFF FFFF	1494
	D	 0101 11DA 1101 0110	0
	A	 0101 110A 1101 0110	1
000D08	5DD6	SUBWF XOFFSET,W,BANKED
	F	 0110 111A FFFF FFFF	1336
	A	 0110 111A 0011 1000	0
000D0A	6E38	MOVWF GLCDX,ACCESS
	F	 0101 00DA FFFF FFFF	1378
	D	 0101 00DA 0110 0010	0
	A	 0101 000A 0110 0010	1
000D0C	5162	MOVF GLCD_YY,W,BANKED
	F	 0010 01DA FFFF FFFF	1498
	D	 0010 01DA 1101 1010	0
	A	 0010 010A 1101 1010	1
000D0E	25DA	ADDWF YOFFSET,W,BANKED
	F	 0110 111A FFFF FFFF	1337
	A	 0110 111A 0011 1001	0
000D10	6E39	MOVWF GLCDY,ACCESS
	S	1111 DDDD DDDD DDDD:1100 SSSS SSSS SSSS	1399
	D	1111 DDDD DDDD DDDD:1100 0101 0111 0111	1321
000D12	C577 F529	MOVFF LINECOLOUR,GLCDCOLOUR
	S	1111 DDDD DDDD DDDD:1100 SSSS SSSS SSSS	1400
	D	1111 DDDD DDDD DDDD:1100 0101 0111 1000	1322
000D16	C578 F52A	MOVFF LINECOLOUR_H,GLCDCOLOUR_H
	K	 0000 0001 00KK KKKK	0
000000	0100	BANKSEL 0
	K	1111 KKKK KKKK KKKK:1110 110S KKKK KKKK	6672
	S	1111 0000 0000 1101:1110 110S 0000 1000	0
000D1C	EC08 F00D	CALL PSET_SSD1309
	F	 0101 00DA FFFF FFFF	1374
	D	 0101 00DA 0101 1110	0
	A	 0101 000A 0101 1110	0
000D20	505E	MOVF GLCD_XX,W,ACCESS
	K	 0000 0001 00KK KKKK	5
000000	0105	BANKSEL XOFFSET
	F	 0101 11DA FFFF FFFF	1494
	D	 0101 11DA 1101 0110	0
	A	 0101 110A 1101 0110	1
000D24	5DD6	SUBWF XOFFSET,W,BANKED
	F	 0110 111A FFFF FFFF	1336
	A	 0110 111A 0011 1000	0
000D26	6E38	MOVWF GLCDX,ACCESS
	F	 0101 00DA FFFF FFFF	1378
	D	 0101 00DA 0110 0010	0
	A	 0101 000A 0110 0010	1
000D28	5162	MOVF GLCD_YY,W,BANKED
	F	 0101 11DA FFFF FFFF	1498
	D	 0101 11DA 1101 1010	0
	A	 0101 110A 1101 1010	1
000D2A	5DDA	SUBWF YOFFSET,W,BANKED
	F	 0110 111A FFFF FFFF	1337
	A	 0110 111A 0011 1001	0
000D2C	6E39	MOVWF GLCDY,ACCESS
	S	1111 DDDD DDDD DDDD:1100 SSSS SSSS SSSS	1399
	D	1111 DDDD DDDD DDDD:1100 0101 0111 0111	1321
000D2E	C577 F529	MOVFF LINECOLOUR,GLCDCOLOUR
	S	1111 DDDD DDDD DDDD:1100 SSSS SSSS SSSS	1400
	D	1111 DDDD DDDD DDDD:1100 0101 0111 1000	1322
000D32	C578 F52A	MOVFF LINECOLOUR_H,GLCDCOLOUR_H
	K	 0000 0001 00KK KKKK	0
000000	0100	BANKSEL 0
	K	1111 KKKK KKKK KKKK:1110 110S KKKK KKKK	6672
	S	1111 0000 0000 1101:1110 110S 0000 1000	0
000D38	EC08 F00D	CALL PSET_SSD1309
	F	 0101 00DA FFFF FFFF	1374
	D	 0101 00DA 0101 1110	0
	A	 0101 000A 0101 1110	0
000D3C	505E	MOVF GLCD_XX,W,ACCESS
	K	 0000 0001 00KK KKKK	5
000000	0105	BANKSEL XOFFSET
	F	 0010 01DA FFFF FFFF	1494
	D	 0010 01DA 1101 0110	0
	A	 0010 010A 1101 0110	1
000D40	25D6	ADDWF XOFFSET,W,BANKED
	F	 0110 111A FFFF FFFF	1336
	A	 0110 111A 0011 1000	0
000D42	6E38	MOVWF GLCDX,ACCESS
	F	 0101 00DA FFFF FFFF	1378
	D	 0101 00DA 0110 0010	0
	A	 0101 000A 0110 0010	1
000D44	5162	MOVF GLCD_YY,W,BANKED
	F	 0101 11DA FFFF FFFF	1498
	D	 0101 11DA 1101 1010	0
	A	 0101 110A 1101 1010	1
000D46	5DDA	SUBWF YOFFSET,W,BANKED
	F	 0110 111A FFFF FFFF	1337
	A	 0110 111A 0011 1001	0
000D48	6E39	MOVWF GLCDY,ACCESS
	S	1111 DDDD DDDD DDDD:1100 SSSS SSSS SSSS	1399
	D	1111 DDDD DDDD DDDD:1100 0101 0111 0111	1321
000D4A	C577 F529	MOVFF LINECOLOUR,GLCDCOLOUR
	S	1111 DDDD DDDD DDDD:1100 SSSS SSSS SSSS	1400
	D	1111 DDDD DDDD DDDD:1100 0101 0111 1000	1322
000D4E	C578 F52A	MOVFF LINECOLOUR_H,GLCDCOLOUR_H
	K	 0000 0001 00KK KKKK	0
000000	0100	BANKSEL 0
	K	1111 KKKK KKKK KKKK:1110 1111 KKKK KKKK	6672
000D54	EF08 F00D	GOTO PSET_SSD1309


		DRAW_FILLED_ELLIPSE_POINTS
	K	 0000 0001 00KK KKKK	5
000000	0105	BANKSEL YOFFSET
	F	 0000 01DA FFFF FFFF	1498
	D	 0000 01DA 1101 1010	0
	A	 0000 010A 1101 1010	1
000D5A	05DA	DECF YOFFSET,W,BANKED
	F	 0110 111A FFFF FFFF	1380
	A	 0110 111A 0110 0100	1
000D5C	6F64	MOVWF GLCD_YY1,BANKED
	F	 0101 00DA FFFF FFFF	1378
	D	 0101 00DA 0110 0010	0
	A	 0101 000A 0110 0010	1
000D5E	5162	MOVF GLCD_YY,W,BANKED
	K	 0000 1101 KKKK KKKK	2
000D60	0D02	MULLW 2
	S	1111 DDDD DDDD DDDD:1100 SSSS SSSS SSSS	1267
	D	1111 DDDD DDDD DDDD:1100 0100 1111 0011	1481
000D62	C4F3 F5C9	MOVFF PRODL,SYSTEMP1
	F	 0101 00DA FFFF FFFF	1481
	D	 0101 00DA 1100 1001	0
	A	 0101 000A 1100 1001	1
000D66	51C9	MOVF SYSTEMP1,W,BANKED
	F	 0010 01DA FFFF FFFF	1498
	D	 0010 01DA 1101 1010	0
	A	 0010 010A 1101 1010	1
000D68	25DA	ADDWF YOFFSET,W,BANKED
	F	 0110 111A FFFF FFFF	1485
	A	 0110 111A 1100 1101	1
000D6A	6FCD	MOVWF SYSTEMP2,BANKED
	S	1111 DDDD DDDD DDDD:1100 SSSS SSSS SSSS	1498
	D	1111 DDDD DDDD DDDD:1100 0101 1101 1010	1289
000D6C	C5DA F509	MOVFF YOFFSET,SYSBYTETEMPB
	S	1111 DDDD DDDD DDDD:1100 SSSS SSSS SSSS	1485
	D	1111 DDDD DDDD DDDD:1100 0101 1100 1101	1285
000D70	C5CD F505	MOVFF SYSTEMP2,SYSBYTETEMPA
	K	 0000 0001 00KK KKKK	0
000000	0100	BANKSEL 0
	K	1111 KKKK KKKK KKKK:1110 110S KKKK KKKK	7814
	S	1111 0000 0000 1111:1110 110S 0100 0011	0
000D76	EC43 F00F	CALL SYSCOMPLESSTHAN
	F	 1011 BBBA FFFF FFFF	1280
	B	 1011 BBBA 0000 0000	0
	A	 1011 000A 0000 0000	0
000D7A	B000	BTFSC SYSBYTETEMPX,0,ACCESS
	N	 1101 0NNN NNNN NNNN	46
000D7C	D02E	BRA SYSFORLOOPEND7
		SYSFORLOOP7
	K	 0000 0001 00KK KKKK	5
000000	0105	BANKSEL GLCD_YY1
	F	 0010 10DA FFFF FFFF	1380
	D	 0010 10DA 0110 0100	1
	A	 0010 101A 0110 0100	1
000D80	2B64	INCF GLCD_YY1,F,BANKED
	F	 0101 00DA FFFF FFFF	1374
	D	 0101 00DA 0101 1110	0
	A	 0101 000A 0101 1110	0
000D82	505E	MOVF GLCD_XX,W,ACCESS
	F	 0010 01DA FFFF FFFF	1494
	D	 0010 01DA 1101 0110	0
	A	 0010 010A 1101 0110	1
000D84	25D6	ADDWF XOFFSET,W,BANKED
	F	 0110 111A FFFF FFFF	1336
	A	 0110 111A 0011 1000	0
000D86	6E38	MOVWF GLCDX,ACCESS
	F	 0101 00DA FFFF FFFF	1378
	D	 0101 00DA 0110 0010	0
	A	 0101 000A 0110 0010	1
000D88	5162	MOVF GLCD_YY,W,BANKED
	F	 0101 11DA FFFF FFFF	1380
	D	 0101 11DA 0110 0100	0
	A	 0101 110A 0110 0100	1
000D8A	5D64	SUBWF GLCD_YY1,W,BANKED
	F	 0110 111A FFFF FFFF	1337
	A	 0110 111A 0011 1001	0
000D8C	6E39	MOVWF GLCDY,ACCESS
	S	1111 DDDD DDDD DDDD:1100 SSSS SSSS SSSS	1399
	D	1111 DDDD DDDD DDDD:1100 0101 0111 0111	1321
000D8E	C577 F529	MOVFF LINECOLOUR,GLCDCOLOUR
	S	1111 DDDD DDDD DDDD:1100 SSSS SSSS SSSS	1400
	D	1111 DDDD DDDD DDDD:1100 0101 0111 1000	1322
000D92	C578 F52A	MOVFF LINECOLOUR_H,GLCDCOLOUR_H
	K	 0000 0001 00KK KKKK	0
000000	0100	BANKSEL 0
	K	1111 KKKK KKKK KKKK:1110 110S KKKK KKKK	6672
	S	1111 0000 0000 1101:1110 110S 0000 1000	0
000D98	EC08 F00D	CALL PSET_SSD1309
	F	 0101 00DA FFFF FFFF	1374
	D	 0101 00DA 0101 1110	0
	A	 0101 000A 0101 1110	0
000D9C	505E	MOVF GLCD_XX,W,ACCESS
	K	 0000 0001 00KK KKKK	5
000000	0105	BANKSEL XOFFSET
	F	 0101 11DA FFFF FFFF	1494
	D	 0101 11DA 1101 0110	0
	A	 0101 110A 1101 0110	1
000DA0	5DD6	SUBWF XOFFSET,W,BANKED
	F	 0110 111A FFFF FFFF	1336
	A	 0110 111A 0011 1000	0
000DA2	6E38	MOVWF GLCDX,ACCESS
	F	 0101 00DA FFFF FFFF	1378
	D	 0101 00DA 0110 0010	0
	A	 0101 000A 0110 0010	1
000DA4	5162	MOVF GLCD_YY,W,BANKED
	F	 0101 11DA FFFF FFFF	1380
	D	 0101 11DA 0110 0100	0
	A	 0101 110A 0110 0100	1
000DA6	5D64	SUBWF GLCD_YY1,W,BANKED
	F	 0110 111A FFFF FFFF	1337
	A	 0110 111A 0011 1001	0
000DA8	6E39	MOVWF GLCDY,ACCESS
	S	1111 DDDD DDDD DDDD:1100 SSSS SSSS SSSS	1399
	D	1111 DDDD DDDD DDDD:1100 0101 0111 0111	1321
000DAA	C577 F529	MOVFF LINECOLOUR,GLCDCOLOUR
	S	1111 DDDD DDDD DDDD:1100 SSSS SSSS SSSS	1400
	D	1111 DDDD DDDD DDDD:1100 0101 0111 1000	1322
000DAE	C578 F52A	MOVFF LINECOLOUR_H,GLCDCOLOUR_H
	K	 0000 0001 00KK KKKK	0
000000	0100	BANKSEL 0
	K	1111 KKKK KKKK KKKK:1110 110S KKKK KKKK	6672
	S	1111 0000 0000 1101:1110 110S 0000 1000	0
000DB4	EC08 F00D	CALL PSET_SSD1309
	K	 0000 0001 00KK KKKK	5
000000	0105	BANKSEL GLCD_YY
	F	 0101 00DA FFFF FFFF	1378
	D	 0101 00DA 0110 0010	0
	A	 0101 000A 0110 0010	1
000DBA	5162	MOVF GLCD_YY,W,BANKED
	K	 0000 1101 KKKK KKKK	2
000DBC	0D02	MULLW 2
	S	1111 DDDD DDDD DDDD:1100 SSSS SSSS SSSS	1267
	D	1111 DDDD DDDD DDDD:1100 0100 1111 0011	1481
000DBE	C4F3 F5C9	MOVFF PRODL,SYSTEMP1
	F	 0101 00DA FFFF FFFF	1481
	D	 0101 00DA 1100 1001	0
	A	 0101 000A 1100 1001	1
000DC2	51C9	MOVF SYSTEMP1,W,BANKED
	F	 0010 01DA FFFF FFFF	1498
	D	 0010 01DA 1101 1010	0
	A	 0010 010A 1101 1010	1
000DC4	25DA	ADDWF YOFFSET,W,BANKED
	F	 0110 111A FFFF FFFF	1485
	A	 0110 111A 1100 1101	1
000DC6	6FCD	MOVWF SYSTEMP2,BANKED
	S	1111 DDDD DDDD DDDD:1100 SSSS SSSS SSSS	1380
	D	1111 DDDD DDDD DDDD:1100 0101 0110 0100	1285
000DC8	C564 F505	MOVFF GLCD_YY1,SYSBYTETEMPA
	S	1111 DDDD DDDD DDDD:1100 SSSS SSSS SSSS	1485
	D	1111 DDDD DDDD DDDD:1100 0101 1100 1101	1289
000DCC	C5CD F509	MOVFF SYSTEMP2,SYSBYTETEMPB
	K	 0000 0001 00KK KKKK	0
000000	0100	BANKSEL 0
	K	1111 KKKK KKKK KKKK:1110 110S KKKK KKKK	7814
	S	1111 0000 0000 1111:1110 110S 0100 0011	0
000DD2	EC43 F00F	CALL SYSCOMPLESSTHAN
	F	 1011 BBBA FFFF FFFF	1280
	B	 1011 BBBA 0000 0000	0
	A	 1011 000A 0000 0000	0
000DD6	B000	BTFSC SYSBYTETEMPX,0,ACCESS
	N	 1101 0NNN NNNN NNNN	2002
000DD8	D7D2	BRA SYSFORLOOP7
		SYSFORLOOPEND7
	S	 0000 0000 0001 001S	0
000DDA	0012	RETURN


		DELAY_10US
		D10US_START
	K	 0000 1110 KKKK KKKK	52
000DDC	0E34	MOVLW 52
	F	 0110 111A FFFF FFFF	1280
	A	 0110 111A 0000 0000	0
000DDE	6E00	MOVWF DELAYTEMP,ACCESS
		DELAYUS0
	F	 0010 11DA FFFF FFFF	1280
	D	 0010 11DA 0000 0000	1
	A	 0010 111A 0000 0000	0
000DE0	2E00	DECFSZ DELAYTEMP,F,ACCESS
	N	 1101 0NNN NNNN NNNN	2046
000DE2	D7FE	BRA DELAYUS0
	F	 0010 11DA FFFF FFFF	1285
	D	 0010 11DA 0000 0101	1
	A	 0010 111A 0000 0101	0
000DE4	2E05	DECFSZ SYSWAITTEMP10US, F,ACCESS
	N	 1101 0NNN NNNN NNNN	2042
000DE6	D7FA	BRA D10US_START
	S	 0000 0000 0001 001S	0
000DE8	0012	RETURN


		DELAY_MS
	F	 0010 10DA FFFF FFFF	1283
	D	 0010 10DA 0000 0011	1
	A	 0010 101A 0000 0011	0
000DEA	2A03	INCF SYSWAITTEMPMS_H, F,ACCESS
		DMS_START
	K	 0000 1110 KKKK KKKK	129
000DEC	0E81	MOVLW 129
	F	 0110 111A FFFF FFFF	1281
	A	 0110 111A 0000 0001	0
000DEE	6E01	MOVWF DELAYTEMP2,ACCESS
		DMS_OUTER
	K	 0000 1110 KKKK KKKK	40
000DF0	0E28	MOVLW 40
	F	 0110 111A FFFF FFFF	1280
	A	 0110 111A 0000 0000	0
000DF2	6E00	MOVWF DELAYTEMP,ACCESS
		DMS_INNER
	F	 0010 11DA FFFF FFFF	1280
	D	 0010 11DA 0000 0000	1
	A	 0010 111A 0000 0000	0
000DF4	2E00	DECFSZ DELAYTEMP, F,ACCESS
	N	 1101 0NNN NNNN NNNN	2046
000DF6	D7FE	BRA DMS_INNER
	F	 0010 11DA FFFF FFFF	1281
	D	 0010 11DA 0000 0001	1
	A	 0010 111A 0000 0001	0
000DF8	2E01	DECFSZ DELAYTEMP2, F,ACCESS
	N	 1101 0NNN NNNN NNNN	2042
000DFA	D7FA	BRA DMS_OUTER
	F	 0010 11DA FFFF FFFF	1282
	D	 0010 11DA 0000 0010	1
	A	 0010 111A 0000 0010	0
000DFC	2E02	DECFSZ SYSWAITTEMPMS, F,ACCESS
	N	 1101 0NNN NNNN NNNN	2038
000DFE	D7F6	BRA DMS_START
	F	 0010 11DA FFFF FFFF	1283
	D	 0010 11DA 0000 0011	1
	A	 0010 111A 0000 0011	0
000E00	2E03	DECFSZ SYSWAITTEMPMS_H, F,ACCESS
	N	 1101 0NNN NNNN NNNN	2036
000E02	D7F4	BRA DMS_START
	S	 0000 0000 0001 001S	0
000E04	0012	RETURN


		DELAY_S
		DS_START
	K	 0000 1110 KKKK KKKK	232
000E06	0EE8	MOVLW 232
	F	 0110 111A FFFF FFFF	1282
	A	 0110 111A 0000 0010	0
000E08	6E02	MOVWF SYSWAITTEMPMS,ACCESS
	K	 0000 1110 KKKK KKKK	3
000E0A	0E03	MOVLW 3
	F	 0110 111A FFFF FFFF	1283
	A	 0110 111A 0000 0011	0
000E0C	6E03	MOVWF SYSWAITTEMPMS_H,ACCESS
	N	 1101 1NNN NNNN NNNN	2029
000E0E	DFED	RCALL DELAY_MS
	F	 0010 11DA FFFF FFFF	1284
	D	 0010 11DA 0000 0100	1
	A	 0010 111A 0000 0100	0
000E10	2E04	DECFSZ SYSWAITTEMPS, F,ACCESS
	N	 1101 0NNN NNNN NNNN	2041
000E12	D7F9	BRA DS_START
	S	 0000 0000 0001 001S	0
000E14	0012	RETURN


		ELLIPSE37
	F	 0110 101A FFFF FFFF	1316
	A	 0110 101A 0010 0100	0
000E16	6A24	CLRF FILLED_ELLIPSE,ACCESS
	N	 1101 0NNN NNNN NNNN	1372
000E18	D55C	BRA DRAWELLIPSEROUTINE41


		FILLEDELLIPSE39
	K	 0000 1110 KKKK KKKK	1
000E1A	0E01	MOVLW 1
	F	 0110 111A FFFF FFFF	1316
	A	 0110 111A 0010 0100	0
000E1C	6E24	MOVWF FILLED_ELLIPSE,ACCESS
	N	 1101 0NNN NNNN NNNN	1369
000E1E	D559	BRA DRAWELLIPSEROUTINE41


		GLCDCHARCOL3
	K	 0000 1110 KKKK KKKK	113
000E20	0E71	MOVLW 113
	F	 0110 000A FFFF FFFF	1287
	A	 0110 000A 0000 0111	0
000E22	6007	CPFSLT SYSSTRINGA,ACCESS
	K	 0000 1100 KKKK KKKK	0
000E24	0C00	RETLW 0
	F	 0101 00DA FFFF FFFF	1287
	D	 0101 00DA 0000 0111	0
	A	 0101 000A 0000 0111	0
000E26	5007	MOVF SYSSTRINGA, W,ACCESS
	K	 0000 1111 KKKK KKKK	66
000E28	0F42	ADDLW LOW TABLEGLCDCHARCOL3
	F	 0110 111A FFFF FFFF	1270
	A	 0110 111A 1111 0110	0
000E2A	6EF6	MOVWF TBLPTRL,ACCESS
	K	 0000 1110 KKKK KKKK	14
000E2C	0E0E	MOVLW HIGH TABLEGLCDCHARCOL3
	F	 1011 BBBA FFFF FFFF	1240
	B	 1011 BBBA 1101 1000	0
	A	 1011 000A 1101 1000	0
000E2E	B0D8	BTFSC STATUS, C,ACCESS
	K	 0000 1111 KKKK KKKK	1
000E30	0F01	ADDLW 1
	F	 0110 111A FFFF FFFF	1271
	A	 0110 111A 1111 0111	0
000E32	6EF7	MOVWF TBLPTRH,ACCESS
	K	 0000 1110 KKKK KKKK	0
000E34	0E00	MOVLW UPPER TABLEGLCDCHARCOL3
	F	 1011 BBBA FFFF FFFF	1240
	B	 1011 BBBA 1101 1000	0
	A	 1011 000A 1101 1000	0
000E36	B0D8	BTFSC STATUS, C,ACCESS
	K	 0000 1111 KKKK KKKK	1
000E38	0F01	ADDLW 1
	F	 0110 111A FFFF FFFF	1272
	A	 0110 111A 1111 1000	0
000E3A	6EF8	MOVWF TBLPTRU,ACCESS
000E3C	0008	TBLRD*
	F	 0101 00DA FFFF FFFF	1269
	D	 0101 00DA 1111 0101	0
	A	 0101 000A 1111 0101	0
000E3E	50F5	MOVF TABLAT, W,ACCESS
	S	 0000 0000 0001 001S	0
000E40	0012	RETURN
		TABLEGLCDCHARCOL3
000E42	0070 0C10 880A 3822 0820 1020 8010 4080 0004 0000 4828 6C46 0000 2800	RAW 0070,0C10,880A,3822,0820,1020,8010,4080,0004,0000,4828,6C46,0000,2800
000E5E	0010 0010 7C40 8400 3082 784E 6C06 000C 1000 0028 6404 FEF8 FE7C	RAW 0010,0010,7C40,8400,3082,784E,6C06,000C,1000,0028,6404,FEF8,FE7C
000E78	FEFE FE7C 4000 FEFE FEFE FE7C FE7C 024C 3E7E C67E C20E	RAW FEFE,FE7C,4000,FEFE,FEFE,FE7C,FE7C,024C,3E7E,C67E,C20E
000E8E	0400 0800 0080 FE40 7070 1070 FE10 4000 00FE F8F8 F870 F810	RAW 0400,0800,0080,FE40,7070,1070,FE10,4000,00FE,F8F8,F870,F810
000EA6	1090 3878 8878 8818 0000 2000 0078	RAW 1090,3878,8878,8818,0000,2000,0078


		GLCDCHARCOL4
	K	 0000 1110 KKKK KKKK	113
000EB4	0E71	MOVLW 113
	F	 0110 000A FFFF FFFF	1287
	A	 0110 000A 0000 0111	0
000EB6	6007	CPFSLT SYSSTRINGA,ACCESS
	K	 0000 1100 KKKK KKKK	0
000EB8	0C00	RETLW 0
	F	 0101 00DA FFFF FFFF	1287
	D	 0101 00DA 0000 0111	0
	A	 0101 000A 0000 0111	0
000EBA	5007	MOVF SYSSTRINGA, W,ACCESS
	K	 0000 1111 KKKK KKKK	214
000EBC	0FD6	ADDLW LOW TABLEGLCDCHARCOL4
	F	 0110 111A FFFF FFFF	1270
	A	 0110 111A 1111 0110	0
000EBE	6EF6	MOVWF TBLPTRL,ACCESS
	K	 0000 1110 KKKK KKKK	14
000EC0	0E0E	MOVLW HIGH TABLEGLCDCHARCOL4
	F	 1011 BBBA FFFF FFFF	1240
	B	 1011 BBBA 1101 1000	0
	A	 1011 000A 1101 1000	0
000EC2	B0D8	BTFSC STATUS, C,ACCESS
	K	 0000 1111 KKKK KKKK	1
000EC4	0F01	ADDLW 1
	F	 0110 111A FFFF FFFF	1271
	A	 0110 111A 1111 0111	0
000EC6	6EF7	MOVWF TBLPTRH,ACCESS
	K	 0000 1110 KKKK KKKK	0
000EC8	0E00	MOVLW UPPER TABLEGLCDCHARCOL4
	F	 1011 BBBA FFFF FFFF	1240
	B	 1011 BBBA 1101 1000	0
	A	 1011 000A 1101 1000	0
000ECA	B0D8	BTFSC STATUS, C,ACCESS
	K	 0000 1111 KKKK KKKK	1
000ECC	0F01	ADDLW 1
	F	 0110 111A FFFF FFFF	1272
	A	 0110 111A 1111 1000	0
000ECE	6EF8	MOVWF TBLPTRU,ACCESS
000ED0	0008	TBLRD*
	F	 0101 00DA FFFF FFFF	1269
	D	 0101 00DA 1111 0101	0
	A	 0101 000A 1111 0101	0
000ED2	50F5	MOVF TABLAT, W,ACCESS
	S	 0000 0000 0001 001S	0
000ED4	0012	RETURN
		TABLEGLCDCHARCOL4
000ED6	FE70 0A38 CC06 7C66 0470 1040 8838 70A2 001C 0E00 54FE 9226	RAW FE70,0A38,CC06,7C66,0470,1040,8838,70A2,001C,0E00,54FE,9226
000EEE	380A 1082 A010 C010 A220 C284 2882 948A 9202 6C92 28AC	RAW 380A,1082,A010,C010,A220,C284,2882,948A,9202,6C92,28AC
000F04	8228 9202 9224 8282 1292 1082 8082 8010 0804 1282 1282 0292	RAW 8228,9202,9224,8282,1292,1082,8082,8010,0804,1282,1282,0292
000F1C	4080 2880 A210 08FE 0482 0280 90A8 8888 FCA8 10A8 8090	RAW 4080,2880,A210,08FE,0482,0280,90A8,8888,FCA8,10A8,8090
000F32	8220 1008 2888 1028 7CA8 4080 5080 C8A0 0010 1082 0044	RAW 8220,1008,2888,1028,7CA8,4080,5080,C8A0,0010,1082,0044


		GLCDCHARCOL5
	K	 0000 1110 KKKK KKKK	113
000F48	0E71	MOVLW 113
	F	 0110 000A FFFF FFFF	1287
	A	 0110 000A 0000 0111	0
000F4A	6007	CPFSLT SYSSTRINGA,ACCESS
	K	 0000 1100 KKKK KKKK	0
000F4C	0C00	RETLW 0
	F	 0101 00DA FFFF FFFF	1287
	D	 0101 00DA 0000 0111	0
	A	 0101 000A 0000 0111	0
000F4E	5007	MOVF SYSSTRINGA, W,ACCESS
	K	 0000 1111 KKKK KKKK	106
000F50	0F6A	ADDLW LOW TABLEGLCDCHARCOL5
	F	 0110 111A FFFF FFFF	1270
	A	 0110 111A 1111 0110	0
000F52	6EF6	MOVWF TBLPTRL,ACCESS
	K	 0000 1110 KKKK KKKK	15
000F54	0E0F	MOVLW HIGH TABLEGLCDCHARCOL5
	F	 1011 BBBA FFFF FFFF	1240
	B	 1011 BBBA 1101 1000	0
	A	 1011 000A 1101 1000	0
000F56	B0D8	BTFSC STATUS, C,ACCESS
	K	 0000 1111 KKKK KKKK	1
000F58	0F01	ADDLW 1
	F	 0110 111A FFFF FFFF	1271
	A	 0110 111A 1111 0111	0
000F5A	6EF7	MOVWF TBLPTRH,ACCESS
	K	 0000 1110 KKKK KKKK	0
000F5C	0E00	MOVLW UPPER TABLEGLCDCHARCOL5
	F	 1011 BBBA FFFF FFFF	1240
	B	 1011 BBBA 1101 1000	0
	A	 1011 000A 1101 1000	0
000F5E	B0D8	BTFSC STATUS, C,ACCESS
	K	 0000 1111 KKKK KKKK	1
000F60	0F01	ADDLW 1
	F	 0110 111A FFFF FFFF	1272
	A	 0110 111A 1111 1000	0
000F62	6EF8	MOVWF TBLPTRU,ACCESS
000F64	0008	TBLRD*
	F	 0101 00DA FFFF FFFF	1269
	D	 0101 00DA 1111 0101	0
	A	 0101 000A 1111 0101	0
000F66	50F5	MOVF TABLAT, W,ACCESS
	S	 0000 0000 0001 001S	0
000F68	0012	RETURN
		TABLEGLCDCHARCOL5
000F6A	7C70 007C EE00 7CEE FEA8 54FE 9454 7C94 007C 009E FE28 AA10	RAW 7C70,007C,EE00,7CEE,FEA8,54FE,9454,7C94,007C,009E,FE28,AA10
000F82	4406 7C44 607C C010 9210 A2FE 248A 928A 92E2 6C92 446C	RAW 4406,7C44,607C,C010,9210,A2FE,248A,928A,92E2,6C92,446C
000F98	4428 F2A2 9222 8282 1292 1092 82FE 8028 1018 1282 32A2	RAW 4428,F2A2,9222,8282,1292,1092,82FE,8028,1018,1282,32A2
000FAE	FE92 8080 1070 92E0 1082 0282 0480 88A8 8888 12A8 08A8	RAW FE92,8080,1070,92E0,1082,0282,0480,88A8,8888,12A8,08A8
000FC4	88FA FE50 08F0 2888 0828 90A8 8080 2060 A8A0 FE6C 106C	RAW 88FA,FE50,08F0,2888,0828,90A8,8080,2060,A8A0,FE6C,106C
000FDA	0042	RAW 0042


		GLCDCHARCOL6
	K	 0000 1110 KKKK KKKK	113
000FDC	0E71	MOVLW 113
	F	 0110 000A FFFF FFFF	1287
	A	 0110 000A 0000 0111	0
000FDE	6007	CPFSLT SYSSTRINGA,ACCESS
	K	 0000 1100 KKKK KKKK	0
000FE0	0C00	RETLW 0
	F	 0101 00DA FFFF FFFF	1287
	D	 0101 00DA 0000 0111	0
	A	 0101 000A 0000 0111	0
000FE2	5007	MOVF SYSSTRINGA, W,ACCESS
	K	 0000 1111 KKKK KKKK	254
000FE4	0FFE	ADDLW LOW TABLEGLCDCHARCOL6
	F	 0110 111A FFFF FFFF	1270
	A	 0110 111A 1111 0110	0
000FE6	6EF6	MOVWF TBLPTRL,ACCESS
	K	 0000 1110 KKKK KKKK	15
000FE8	0E0F	MOVLW HIGH TABLEGLCDCHARCOL6
	F	 1011 BBBA FFFF FFFF	1240
	B	 1011 BBBA 1101 1000	0
	A	 1011 000A 1101 1000	0
000FEA	B0D8	BTFSC STATUS, C,ACCESS
	K	 0000 1111 KKKK KKKK	1
000FEC	0F01	ADDLW 1
	F	 0110 111A FFFF FFFF	1271
	A	 0110 111A 1111 0111	0
000FEE	6EF7	MOVWF TBLPTRH,ACCESS
	K	 0000 1110 KKKK KKKK	0
000FF0	0E00	MOVLW UPPER TABLEGLCDCHARCOL6
	F	 1011 BBBA FFFF FFFF	1240
	B	 1011 BBBA 1101 1000	0
	A	 1011 000A 1101 1000	0
000FF2	B0D8	BTFSC STATUS, C,ACCESS
	K	 0000 1111 KKKK KKKK	1
000FF4	0F01	ADDLW 1
	F	 0110 111A FFFF FFFF	1272
	A	 0110 111A 1111 1000	0
000FF6	6EF8	MOVWF TBLPTRU,ACCESS
000FF8	0008	TBLRD*
	F	 0101 00DA FFFF FFFF	1269
	D	 0101 00DA 1111 0101	0
	A	 0101 000A 1111 0101	0
000FFA	50F5	MOVF TABLAT, W,ACCESS
	S	 0000 0000 0001 001S	0
000FFC	0012	RETURN
		TABLEGLCDCHARCOL6
000FFE	3870 0CFE CC0A 7C66 0420 3840 A210 7088 001C 0E00 54FE 44C8	RAW 3870,0CFE,CC0A,7C66,0420,3840,A210,7088,001C,0E00,54FE,44C8
001016	8200 1038 0010 0010 8A08 9280 FE96 928A 9212 0052 8200 2828 8212	RAW 8200,1038,0010,0010,8A08,9280,FE96,928A,9212,0052,8200,2828,8212
001030	9224 4482 1292 1092 7E82 8044 2004 1282 5242 0292 4080 2880	RAW 9224,4482,1292,1092,7E82,8044,2004,1282,5242,0292,4080,2880
001048	8A10 2082 04FE 0880 88A8 9088 02A8 08A8 7A80 8088 0808 2888	RAW 8A10,2082,04FE,0880,88A8,9088,02A8,08A8,7A80,8088,0808,2888
001060	0830 80A8 4040 5080 98A0 0082 2010 0044	RAW 0830,80A8,4040,5080,98A0,0082,2010,0044


		GLCDCHARCOL7
	K	 0000 1110 KKKK KKKK	113
001070	0E71	MOVLW 113
	F	 0110 000A FFFF FFFF	1287
	A	 0110 000A 0000 0111	0
001072	6007	CPFSLT SYSSTRINGA,ACCESS
	K	 0000 1100 KKKK KKKK	0
001074	0C00	RETLW 0
	F	 0101 00DA FFFF FFFF	1287
	D	 0101 00DA 0000 0111	0
	A	 0101 000A 0000 0111	0
001076	5007	MOVF SYSSTRINGA, W,ACCESS
	K	 0000 1111 KKKK KKKK	146
001078	0F92	ADDLW LOW TABLEGLCDCHARCOL7
	F	 0110 111A FFFF FFFF	1270
	A	 0110 111A 1111 0110	0
00107A	6EF6	MOVWF TBLPTRL,ACCESS
	K	 0000 1110 KKKK KKKK	16
00107C	0E10	MOVLW HIGH TABLEGLCDCHARCOL7
	F	 1011 BBBA FFFF FFFF	1240
	B	 1011 BBBA 1101 1000	0
	A	 1011 000A 1101 1000	0
00107E	B0D8	BTFSC STATUS, C,ACCESS
	K	 0000 1111 KKKK KKKK	1
001080	0F01	ADDLW 1
	F	 0110 111A FFFF FFFF	1271
	A	 0110 111A 1111 0111	0
001082	6EF7	MOVWF TBLPTRH,ACCESS
	K	 0000 1110 KKKK KKKK	0
001084	0E00	MOVLW UPPER TABLEGLCDCHARCOL7
	F	 1011 BBBA FFFF FFFF	1240
	B	 1011 BBBA 1101 1000	0
	A	 1011 000A 1101 1000	0
001086	B0D8	BTFSC STATUS, C,ACCESS
	K	 0000 1111 KKKK KKKK	1
001088	0F01	ADDLW 1
	F	 0110 111A FFFF FFFF	1272
	A	 0110 111A 1111 1000	0
00108A	6EF8	MOVWF TBLPTRU,ACCESS
00108C	0008	TBLRD*
	F	 0101 00DA FFFF FFFF	1269
	D	 0101 00DA 1111 0101	0
	A	 0101 000A 1111 0101	0
00108E	50F5	MOVF TABLAT, W,ACCESS
	S	 0000 0000 0001 001S	0
001090	0012	RETURN
		TABLEGLCDCHARCOL7
001092	1070 0A00 8806 3822 083E 1020 8010 4080 0004 0000 2428 A0C4 0000 2800	RAW 1070,0A00,8806,3822,083E,1020,8010,4080,0004,0000,2428,A0C4,0000,2800
0010AE	0010 0010 7C04 8C00 2062 6072 6C0E 003C 0000 1028 7C0C 6CF8 3844	RAW 0010,0010,7C04,8C00,2062,6072,6C0E,003C,0000,1028,7C0C,6CF8,3844
0010C8	0282 FEF4 0200 8082 FEFE 0C7C 8CBC 0264 3E7E C67E 860E 4000	RAW 0282,FEF4,0200,8082,FEFE,0C7C,8CBC,0264,3E7E,C67E,860E,4000
0010E0	0800 0080 70F0 FE40 0430 F078 0000 0000 F0F0 1070 10F8 4040 38F8	RAW 0800,0080,70F0,FE40,0430,F078,0000,0000,F0F0,1070,10F8,4040,38F8
0010FA	8878 8878 0000 1000 0078	RAW 8878,8878,0000,1000,0078


		GLCDCLS_SSD1309
	K	 0000 0001 00KK KKKK	5
000000	0105	BANKSEL GLCD_YORDINATE
	F	 0110 101A FFFF FFFF	1376
	A	 0110 101A 0110 0000	1
001106	6B60	CLRF GLCD_YORDINATE,BANKED
	F	 0110 101A FFFF FFFF	1377
	A	 0110 101A 0110 0001	1
001108	6B61	CLRF GLCD_YORDINATE_H,BANKED
	F	 0110 101A FFFF FFFF	1443
	A	 0110 101A 1010 0011	1
00110A	6BA3	CLRF SSD1309_BUFFERLOCATIONCALC,BANKED
	F	 0110 101A FFFF FFFF	1444
	A	 0110 101A 1010 0100	1
00110C	6BA4	CLRF SSD1309_BUFFERLOCATIONCALC_H,BANKED
		SYSFORLOOP11
	K	 0000 0001 00KK KKKK	5
000000	0105	BANKSEL SSD1309_BUFFERLOCATIONCALC
	F	 0010 10DA FFFF FFFF	1443
	D	 0010 10DA 1010 0011	1
	A	 0010 101A 1010 0011	1
001110	2BA3	INCF SSD1309_BUFFERLOCATIONCALC,F,BANKED
	F	 1011 BBBA FFFF FFFF	1240
	B	 1011 BBBA 1101 1000	2
	A	 1011 010A 1101 1000	0
001112	B4D8	BTFSC STATUS,Z,ACCESS
	F	 0010 10DA FFFF FFFF	1444
	D	 0010 10DA 1010 0100	1
	A	 0010 101A 1010 0100	1
001114	2BA4	INCF SSD1309_BUFFERLOCATIONCALC_H,F,BANKED
	F	1110 1110 00FF KKKK:1111 00KK KKKK KKKK	0
	K	1110 1110 0000 KKKK:1111 00KK KKKK KKKK	4351
001116	EE04 F0FF	LFSR 0,SSD1309_BUFFERALIAS
	F	 0101 00DA FFFF FFFF	1443
	D	 0101 00DA 1010 0011	0
	A	 0101 000A 1010 0011	1
00111A	51A3	MOVF SSD1309_BUFFERLOCATIONCALC,W,BANKED
	F	 0010 01DA FFFF FFFF	1257
	D	 0010 01DA 1110 1001	1
	A	 0010 011A 1110 1001	0
00111C	26E9	ADDWF AFSR0,F,ACCESS
	F	 0101 00DA FFFF FFFF	1444
	D	 0101 00DA 1010 0100	0
	A	 0101 000A 1010 0100	1
00111E	51A4	MOVF SSD1309_BUFFERLOCATIONCALC_H,W,BANKED
	F	 0010 00DA FFFF FFFF	1258
	D	 0010 00DA 1110 1010	1
	A	 0010 001A 1110 1010	0
001120	22EA	ADDWFC AFSR0_H,F,ACCESS
	F	 0110 101A FFFF FFFF	1263
	A	 0110 101A 1110 1111	0
001122	6AEF	CLRF INDF0,ACCESS
	S	1111 DDDD DDDD DDDD:1100 SSSS SSSS SSSS	1443
	D	1111 DDDD DDDD DDDD:1100 0101 1010 0011	1285
001124	C5A3 F505	MOVFF SSD1309_BUFFERLOCATIONCALC,SYSWORDTEMPA
	S	1111 DDDD DDDD DDDD:1100 SSSS SSSS SSSS	1444
	D	1111 DDDD DDDD DDDD:1100 0101 1010 0100	1286
001128	C5A4 F506	MOVFF SSD1309_BUFFERLOCATIONCALC_H,SYSWORDTEMPA_H
	F	 0110 101A FFFF FFFF	1289
	A	 0110 101A 0000 1001	0
00112C	6A09	CLRF SYSWORDTEMPB,ACCESS
	K	 0000 1110 KKKK KKKK	4
00112E	0E04	MOVLW 4
	F	 0110 111A FFFF FFFF	1290
	A	 0110 111A 0000 1010	0
001130	6E0A	MOVWF SYSWORDTEMPB_H,ACCESS
	K	 0000 0001 00KK KKKK	0
000000	0100	BANKSEL 0
	K	1111 KKKK KKKK KKKK:1110 110S KKKK KKKK	7824
	S	1111 0000 0000 1111:1110 110S 0100 1000	0
001134	EC48 F00F	CALL SYSCOMPLESSTHAN16
	F	 1011 BBBA FFFF FFFF	1280
	B	 1011 BBBA 0000 0000	0
	A	 1011 000A 0000 0000	0
001138	B000	BTFSC SYSBYTETEMPX,0,ACCESS
	N	 1101 0NNN NNNN NNNN	2025
00113A	D7E9	BRA SYSFORLOOP11
		SYSFORLOOPEND11
	K	 0000 0001 00KK KKKK	5
000000	0105	BANKSEL SSD1309_BUFFERLOCATIONCALC
	F	 0110 101A FFFF FFFF	1443
	A	 0110 101A 1010 0011	1
00113E	6BA3	CLRF SSD1309_BUFFERLOCATIONCALC,BANKED
	F	 0110 101A FFFF FFFF	1444
	A	 0110 101A 1010 0100	1
001140	6BA4	CLRF SSD1309_BUFFERLOCATIONCALC_H,BANKED
		SYSFORLOOP12
	K	 0000 1110 KKKK KKKK	8
001142	0E08	MOVLW 8
	F	 0110 111A FFFF FFFF	1455
	A	 0110 111A 1010 1111	1
001144	6FAF	MOVWF SYSFORLOOPSTEP11,BANKED
	F	 0110 101A FFFF FFFF	1456
	A	 0110 101A 1011 0000	1
001146	6BB0	CLRF SYSFORLOOPSTEP11_H,BANKED
	F	 0110 101A FFFF FFFF	1425
	A	 0110 101A 1001 0001	1
001148	6B91	CLRF LOCX,BANKED
	S	1111 DDDD DDDD DDDD:1100 SSSS SSSS SSSS	1443
	D	1111 DDDD DDDD DDDD:1100 0101 1010 0011	1426
00114A	C5A3 F592	MOVFF SSD1309_BUFFERLOCATIONCALC,LOCY
	K	 0000 0001 00KK KKKK	0
000000	0100	BANKSEL 0
	K	1111 KKKK KKKK KKKK:1110 110S KKKK KKKK	2156
	S	1111 0000 0000 0100:1110 110S 0011 0110	0
001150	EC36 F004	CALL CURSOR_POSITION_SSD1309
	K	1111 KKKK KKKK KKKK:1110 110S KKKK KKKK	7388
	S	1111 0000 0000 1110:1110 110S 0110 1110	0
001154	EC6E F00E	CALL SI2CSTART
	K	 0000 1110 KKKK KKKK	120
001158	0E78	MOVLW 120
	K	 0000 0001 00KK KKKK	5
000000	0105	BANKSEL I2CBYTE
	F	 0110 111A FFFF FFFF	1390
	A	 0110 111A 0110 1110	1
00115C	6F6E	MOVWF I2CBYTE,BANKED
	K	 0000 0001 00KK KKKK	0
000000	0100	BANKSEL 0
	N	 1101 1NNN NNNN NNNN	585
001160	DA49	RCALL HI2CQ24Q35SEND
	K	 0000 1110 KKKK KKKK	64
001162	0E40	MOVLW 64
	K	 0000 0001 00KK KKKK	5
000000	0105	BANKSEL I2CBYTE
	F	 0110 111A FFFF FFFF	1390
	A	 0110 111A 0110 1110	1
001166	6F6E	MOVWF I2CBYTE,BANKED
	K	 0000 0001 00KK KKKK	0
000000	0100	BANKSEL 0
	N	 1101 1NNN NNNN NNNN	580
00116A	DA44	RCALL HI2CQ24Q35SEND
	F	 0110 100A FFFF FFFF	1334
	A	 0110 100A 0011 0110	0
00116C	6836	SETF GLCDTEMP,ACCESS
		SYSFORLOOP13
	F	 0010 10DA FFFF FFFF	1334
	D	 0010 10DA 0011 0110	1
	A	 0010 101A 0011 0110	0
00116E	2A36	INCF GLCDTEMP,F,ACCESS
	S	1111 DDDD DDDD DDDD:1100 SSSS SSSS SSSS	1317
	D	1111 DDDD DDDD DDDD:1100 0101 0010 0101	1390
001170	C525 F56E	MOVFF GLCDBACKGROUND,I2CBYTE
	N	 1101 1NNN NNNN NNNN	575
001174	DA3F	RCALL HI2CQ24Q35SEND
	K	 0000 1110 KKKK KKKK	127
001176	0E7F	MOVLW 127
	F	 0101 11DA FFFF FFFF	1334
	D	 0101 11DA 0011 0110	0
	A	 0101 110A 0011 0110	0
001178	5C36	SUBWF GLCDTEMP,W,ACCESS
	F	 1010 BBBA FFFF FFFF	1240
	B	 1010 BBBA 1101 1000	0
	A	 1010 000A 1101 1000	0
00117A	A0D8	BTFSS STATUS, C,ACCESS
	N	 1101 0NNN NNNN NNNN	2040
00117C	D7F8	BRA SYSFORLOOP13
		SYSFORLOOPEND13
	N	 1101 1NNN NNNN NNNN	615
00117E	DA67	RCALL HI2CQ24Q35STOP
	K	 0000 0001 00KK KKKK	5
000000	0105	BANKSEL SYSFORLOOPSTEP11_H
	F	 1010 BBBA FFFF FFFF	1456
	B	 1010 BBBA 1011 0000	7
	A	 1010 111A 1011 0000	1
001182	AFB0	BTFSS SYSFORLOOPSTEP11_H,7,BANKED
	N	 1101 0NNN NNNN NNNN	40
001184	D028	BRA ELSE60_1
	F	 0001 11DA FFFF FFFF	1455
	D	 0001 11DA 1010 1111	0
	A	 0001 110A 1010 1111	1
001186	1DAF	COMF SYSFORLOOPSTEP11,W,BANKED
	F	 0110 111A FFFF FFFF	1453
	A	 0110 111A 1010 1101	1
001188	6FAD	MOVWF SYSFORLOOPABSVALUE12,BANKED
	F	 0001 11DA FFFF FFFF	1456
	D	 0001 11DA 1011 0000	0
	A	 0001 110A 1011 0000	1
00118A	1DB0	COMF SYSFORLOOPSTEP11_H,W,BANKED
	F	 0110 111A FFFF FFFF	1454
	A	 0110 111A 1010 1110	1
00118C	6FAE	MOVWF SYSFORLOOPABSVALUE12_H,BANKED
	F	 0010 10DA FFFF FFFF	1453
	D	 0010 10DA 1010 1101	1
	A	 0010 101A 1010 1101	1
00118E	2BAD	INCF SYSFORLOOPABSVALUE12,F,BANKED
	F	 1011 BBBA FFFF FFFF	1240
	B	 1011 BBBA 1101 1000	2
	A	 1011 010A 1101 1000	0
001190	B4D8	BTFSC STATUS,Z,ACCESS
	F	 0010 10DA FFFF FFFF	1454
	D	 0010 10DA 1010 1110	1
	A	 0010 101A 1010 1110	1
001192	2BAE	INCF SYSFORLOOPABSVALUE12_H,F,BANKED
	K	 0000 1110 KKKK KKKK	64
001194	0E40	MOVLW 64
	F	 0101 11DA FFFF FFFF	1443
	D	 0101 11DA 1010 0011	0
	A	 0101 110A 1010 0011	1
001196	5DA3	SUBWF SSD1309_BUFFERLOCATIONCALC,W,BANKED
	F	 0110 111A FFFF FFFF	1485
	A	 0110 111A 1100 1101	1
001198	6FCD	MOVWF SYSTEMP2,BANKED
	K	 0000 1110 KKKK KKKK	0
00119A	0E00	MOVLW 0
	F	 0101 10DA FFFF FFFF	1444
	D	 0101 10DA 1010 0100	0
	A	 0101 100A 1010 0100	1
00119C	59A4	SUBWFB SSD1309_BUFFERLOCATIONCALC_H,W,BANKED
	F	 0110 111A FFFF FFFF	1486
	A	 0110 111A 1100 1110	1
00119E	6FCE	MOVWF SYSTEMP2_H,BANKED
	K	 0000 1110 KKKK KKKK	1
0011A0	0E01	MOVLW 1
	F	 0101 11DA FFFF FFFF	1485
	D	 0101 11DA 1100 1101	0
	A	 0101 110A 1100 1101	1
0011A2	5DCD	SUBWF SYSTEMP2,W,BANKED
	F	 0110 111A FFFF FFFF	1481
	A	 0110 111A 1100 1001	1
0011A4	6FC9	MOVWF SYSTEMP1,BANKED
	K	 0000 1110 KKKK KKKK	0
0011A6	0E00	MOVLW 0
	F	 0101 10DA FFFF FFFF	1486
	D	 0101 10DA 1100 1110	0
	A	 0101 100A 1100 1110	1
0011A8	59CE	SUBWFB SYSTEMP2_H,W,BANKED
	F	 0110 111A FFFF FFFF	1482
	A	 0110 111A 1100 1010	1
0011AA	6FCA	MOVWF SYSTEMP1_H,BANKED
	S	1111 DDDD DDDD DDDD:1100 SSSS SSSS SSSS	1481
	D	1111 DDDD DDDD DDDD:1100 0101 1100 1001	1285
0011AC	C5C9 F505	MOVFF SYSTEMP1,SYSWORDTEMPA
	S	1111 DDDD DDDD DDDD:1100 SSSS SSSS SSSS	1482
	D	1111 DDDD DDDD DDDD:1100 0101 1100 1010	1286
0011B0	C5CA F506	MOVFF SYSTEMP1_H,SYSWORDTEMPA_H
	S	1111 DDDD DDDD DDDD:1100 SSSS SSSS SSSS	1453
	D	1111 DDDD DDDD DDDD:1100 0101 1010 1101	1289
0011B4	C5AD F509	MOVFF SYSFORLOOPABSVALUE12,SYSWORDTEMPB
	S	1111 DDDD DDDD DDDD:1100 SSSS SSSS SSSS	1454
	D	1111 DDDD DDDD DDDD:1100 0101 1010 1110	1290
0011B8	C5AE F50A	MOVFF SYSFORLOOPABSVALUE12_H,SYSWORDTEMPB_H
	K	 0000 0001 00KK KKKK	0
000000	0100	BANKSEL 0
	K	1111 KKKK KKKK KKKK:1110 110S KKKK KKKK	7824
	S	1111 0000 0000 1111:1110 110S 0100 1000	0
0011BE	EC48 F00F	CALL SYSCOMPLESSTHAN16
	F	 0001 11DA FFFF FFFF	1280
	D	 0001 11DA 0000 0000	1
	A	 0001 111A 0000 0000	0
0011C2	1E00	COMF SYSBYTETEMPX,F,ACCESS
	F	 1010 BBBA FFFF FFFF	1280
	B	 1010 BBBA 0000 0000	0
	A	 1010 000A 0000 0000	0
0011C4	A000	BTFSS SYSBYTETEMPX,0,ACCESS
	N	 1101 0NNN NNNN NNNN	6
0011C6	D006	BRA ENDIF61
	K	 0000 0001 00KK KKKK	5
000000	0105	BANKSEL SYSFORLOOPSTEP11
	F	 0101 00DA FFFF FFFF	1455
	D	 0101 00DA 1010 1111	0
	A	 0101 000A 1010 1111	1
0011CA	51AF	MOVF SYSFORLOOPSTEP11,W,BANKED
	F	 0010 01DA FFFF FFFF	1443
	D	 0010 01DA 1010 0011	1
	A	 0010 011A 1010 0011	1
0011CC	27A3	ADDWF SSD1309_BUFFERLOCATIONCALC,F,BANKED
	F	 0101 00DA FFFF FFFF	1456
	D	 0101 00DA 1011 0000	0
	A	 0101 000A 1011 0000	1
0011CE	51B0	MOVF SYSFORLOOPSTEP11_H,W,BANKED
	F	 0010 00DA FFFF FFFF	1444
	D	 0010 00DA 1010 0100	1
	A	 0010 001A 1010 0100	1
0011D0	23A4	ADDWFC SSD1309_BUFFERLOCATIONCALC_H,F,BANKED
	N	 1101 0NNN NNNN NNNN	1975
0011D2	D7B7	BRA SYSFORLOOP12
		ENDIF61
	N	 1101 0NNN NNNN NNNN	27
0011D4	D01B	BRA ENDIF60
		ELSE60_1
	F	 0101 00DA FFFF FFFF	1443
	D	 0101 00DA 1010 0011	0
	A	 0101 000A 1010 0011	1
0011D6	51A3	MOVF SSD1309_BUFFERLOCATIONCALC,W,BANKED
	K	 0000 1000 KKKK KKKK	63
0011D8	083F	SUBLW 63
	F	 0110 111A FFFF FFFF	1485
	A	 0110 111A 1100 1101	1
0011DA	6FCD	MOVWF SYSTEMP2,BANKED
	F	 0110 101A FFFF FFFF	1481
	A	 0110 101A 1100 1001	1
0011DC	6BC9	CLRF SYSTEMP1,BANKED
	F	 0101 00DA FFFF FFFF	1444
	D	 0101 00DA 1010 0100	0
	A	 0101 000A 1010 0100	1
0011DE	51A4	MOVF SSD1309_BUFFERLOCATIONCALC_H,W,BANKED
	F	 0101 10DA FFFF FFFF	1481
	D	 0101 10DA 1100 1001	0
	A	 0101 100A 1100 1001	1
0011E0	59C9	SUBWFB SYSTEMP1,W,BANKED
	F	 0110 111A FFFF FFFF	1486
	A	 0110 111A 1100 1110	1
0011E2	6FCE	MOVWF SYSTEMP2_H,BANKED
	S	1111 DDDD DDDD DDDD:1100 SSSS SSSS SSSS	1485
	D	1111 DDDD DDDD DDDD:1100 0101 1100 1101	1285
0011E4	C5CD F505	MOVFF SYSTEMP2,SYSWORDTEMPA
	S	1111 DDDD DDDD DDDD:1100 SSSS SSSS SSSS	1486
	D	1111 DDDD DDDD DDDD:1100 0101 1100 1110	1286
0011E8	C5CE F506	MOVFF SYSTEMP2_H,SYSWORDTEMPA_H
	S	1111 DDDD DDDD DDDD:1100 SSSS SSSS SSSS	1455
	D	1111 DDDD DDDD DDDD:1100 0101 1010 1111	1289
0011EC	C5AF F509	MOVFF SYSFORLOOPSTEP11,SYSWORDTEMPB
	S	1111 DDDD DDDD DDDD:1100 SSSS SSSS SSSS	1456
	D	1111 DDDD DDDD DDDD:1100 0101 1011 0000	1290
0011F0	C5B0 F50A	MOVFF SYSFORLOOPSTEP11_H,SYSWORDTEMPB_H
	K	 0000 0001 00KK KKKK	0
000000	0100	BANKSEL 0
	K	1111 KKKK KKKK KKKK:1110 110S KKKK KKKK	7824
	S	1111 0000 0000 1111:1110 110S 0100 1000	0
0011F6	EC48 F00F	CALL SYSCOMPLESSTHAN16
	F	 0001 11DA FFFF FFFF	1280
	D	 0001 11DA 0000 0000	1
	A	 0001 111A 0000 0000	0
0011FA	1E00	COMF SYSBYTETEMPX,F,ACCESS
	F	 1010 BBBA FFFF FFFF	1280
	B	 1010 BBBA 0000 0000	0
	A	 1010 000A 0000 0000	0
0011FC	A000	BTFSS SYSBYTETEMPX,0,ACCESS
	N	 1101 0NNN NNNN NNNN	6
0011FE	D006	BRA ENDIF62
	K	 0000 0001 00KK KKKK	5
000000	0105	BANKSEL SYSFORLOOPSTEP11
	F	 0101 00DA FFFF FFFF	1455
	D	 0101 00DA 1010 1111	0
	A	 0101 000A 1010 1111	1
001202	51AF	MOVF SYSFORLOOPSTEP11,W,BANKED
	F	 0010 01DA FFFF FFFF	1443
	D	 0010 01DA 1010 0011	1
	A	 0010 011A 1010 0011	1
001204	27A3	ADDWF SSD1309_BUFFERLOCATIONCALC,F,BANKED
	F	 0101 00DA FFFF FFFF	1456
	D	 0101 00DA 1011 0000	0
	A	 0101 000A 1011 0000	1
001206	51B0	MOVF SYSFORLOOPSTEP11_H,W,BANKED
	F	 0010 00DA FFFF FFFF	1444
	D	 0010 00DA 1010 0100	1
	A	 0010 001A 1010 0100	1
001208	23A4	ADDWFC SSD1309_BUFFERLOCATIONCALC_H,F,BANKED
	N	 1101 0NNN NNNN NNNN	1947
00120A	D79B	BRA SYSFORLOOP12
		ENDIF62
		ENDIF60
		SYSFORLOOPEND12
	K	 0000 0001 00KK KKKK	5
000000	0105	BANKSEL LOCX
	F	 0110 101A FFFF FFFF	1425
	A	 0110 101A 1001 0001	1
00120E	6B91	CLRF LOCX,BANKED
	F	 0110 101A FFFF FFFF	1426
	A	 0110 101A 1001 0010	1
001210	6B92	CLRF LOCY,BANKED
	K	 0000 0001 00KK KKKK	0
000000	0100	BANKSEL 0
	K	1111 KKKK KKKK KKKK:1110 110S KKKK KKKK	2156
	S	1111 0000 0000 0100:1110 110S 0011 0110	0
001214	EC36 F004	CALL CURSOR_POSITION_SSD1309
	K	 0000 0001 00KK KKKK	5
000000	0105	BANKSEL PRINTLOCX
	F	 0110 101A FFFF FFFF	1434
	A	 0110 101A 1001 1010	1
00121A	6B9A	CLRF PRINTLOCX,BANKED
	F	 0110 101A FFFF FFFF	1436
	A	 0110 101A 1001 1100	1
00121C	6B9C	CLRF PRINTLOCY,BANKED
	K	 0000 0001 00KK KKKK	0
000000	0100	BANKSEL 0
	S	 0000 0000 0001 001S	0
001220	0012	RETURN


		GLCDDRAWCHAR_SSD1309
	S	1111 DDDD DDDD DDDD:1100 SSSS SSSS SSSS	1399
	D	1111 DDDD DDDD DDDD:1100 0101 0111 0111	1285
001222	C577 F505	MOVFF LINECOLOUR,SYSWORDTEMPA
	S	1111 DDDD DDDD DDDD:1100 SSSS SSSS SSSS	1400
	D	1111 DDDD DDDD DDDD:1100 0101 0111 1000	1286
001226	C578 F506	MOVFF LINECOLOUR_H,SYSWORDTEMPA_H
	S	1111 DDDD DDDD DDDD:1100 SSSS SSSS SSSS	1328
	D	1111 DDDD DDDD DDDD:1100 0101 0011 0000	1289
00122A	C530 F509	MOVFF GLCDFOREGROUND,SYSWORDTEMPB
	S	1111 DDDD DDDD DDDD:1100 SSSS SSSS SSSS	1329
	D	1111 DDDD DDDD DDDD:1100 0101 0011 0001	1290
00122E	C531 F50A	MOVFF GLCDFOREGROUND_H,SYSWORDTEMPB_H
	K	1111 KKKK KKKK KKKK:1110 110S KKKK KKKK	7766
	S	1111 0000 0000 1111:1110 110S 0010 1011	0
001232	EC2B F00F	CALL SYSCOMPEQUAL16
	F	 0001 11DA FFFF FFFF	1280
	D	 0001 11DA 0000 0000	1
	A	 0001 111A 0000 0000	0
001236	1E00	COMF SYSBYTETEMPX,F,ACCESS
	F	 1010 BBBA FFFF FFFF	1280
	B	 1010 BBBA 0000 0000	0
	A	 1010 000A 0000 0000	0
001238	A000	BTFSS SYSBYTETEMPX,0,ACCESS
	N	 1101 0NNN NNNN NNNN	5
00123A	D005	BRA ENDIF63
	K	 0000 1110 KKKK KKKK	1
00123C	0E01	MOVLW 1
	F	 0110 111A FFFF FFFF	1317
	A	 0110 111A 0010 0101	0
00123E	6E25	MOVWF GLCDBACKGROUND,ACCESS
	F	 0110 101A FFFF FFFF	1318
	A	 0110 101A 0010 0110	0
001240	6A26	CLRF GLCDBACKGROUND_H,ACCESS
	F	 0110 101A FFFF FFFF	1328
	A	 0110 101A 0011 0000	0
001242	6A30	CLRF GLCDFOREGROUND,ACCESS
	F	 0110 101A FFFF FFFF	1329
	A	 0110 101A 0011 0001	0
001244	6A31	CLRF GLCDFOREGROUND_H,ACCESS
		ENDIF63
	K	 0000 1110 KKKK KKKK	15
001246	0E0F	MOVLW 15
	F	 0101 11DA FFFF FFFF	1299
	D	 0101 11DA 0001 0011	1
	A	 0101 111A 0001 0011	0
001248	5E13	SUBWF CHARCODE,F,ACCESS
	F	 0110 101A FFFF FFFF	1300
	A	 0110 101A 0001 0100	0
00124A	6A14	CLRF CHARCOL,ACCESS
	F	 0110 101A FFFF FFFF	1301
	A	 0110 101A 0001 0101	0
00124C	6A15	CLRF CHARCOL_H,ACCESS
	S	1111 DDDD DDDD DDDD:1100 SSSS SSSS SSSS	1303
	D	1111 DDDD DDDD DDDD:1100 0101 0001 0111	1425
00124E	C517 F591	MOVFF CHARLOCX,LOCX
	S	1111 DDDD DDDD DDDD:1100 SSSS SSSS SSSS	1305
	D	1111 DDDD DDDD DDDD:1100 0101 0001 1001	1426
001252	C519 F592	MOVFF CHARLOCY,LOCY
	K	1111 KKKK KKKK KKKK:1110 110S KKKK KKKK	2156
	S	1111 0000 0000 0100:1110 110S 0011 0110	0
001256	EC36 F004	CALL CURSOR_POSITION_SSD1309
	S	1111 DDDD DDDD DDDD:1100 SSSS SSSS SSSS	1299
	D	1111 DDDD DDDD DDDD:1100 0101 0001 0011	1285
00125A	C513 F505	MOVFF CHARCODE,SYSBYTETEMPA
	K	 0000 1110 KKKK KKKK	178
00125E	0EB2	MOVLW 178
	F	 0110 111A FFFF FFFF	1289
	A	 0110 111A 0000 1001	0
001260	6E09	MOVWF SYSBYTETEMPB,ACCESS
	K	1111 KKKK KKKK KKKK:1110 110S KKKK KKKK	7814
	S	1111 0000 0000 1111:1110 110S 0100 0011	0
001262	EC43 F00F	CALL SYSCOMPLESSTHAN
	F	 0001 11DA FFFF FFFF	1280
	D	 0001 11DA 0000 0000	1
	A	 0001 111A 0000 0000	0
001266	1E00	COMF SYSBYTETEMPX,F,ACCESS
	S	1111 DDDD DDDD DDDD:1100 SSSS SSSS SSSS	1280
	D	1111 DDDD DDDD DDDD:1100 0101 0000 0000	1481
001268	C500 F5C9	MOVFF SYSBYTETEMPX,SYSTEMP1
	S	1111 DDDD DDDD DDDD:1100 SSSS SSSS SSSS	1299
	D	1111 DDDD DDDD DDDD:1100 0101 0001 0011	1289
00126C	C513 F509	MOVFF CHARCODE,SYSBYTETEMPB
	K	 0000 1110 KKKK KKKK	202
001270	0ECA	MOVLW 202
	F	 0110 111A FFFF FFFF	1285
	A	 0110 111A 0000 0101	0
001272	6E05	MOVWF SYSBYTETEMPA,ACCESS
	K	1111 KKKK KKKK KKKK:1110 110S KKKK KKKK	7814
	S	1111 0000 0000 1111:1110 110S 0100 0011	0
001274	EC43 F00F	CALL SYSCOMPLESSTHAN
	F	 0001 11DA FFFF FFFF	1280
	D	 0001 11DA 0000 0000	1
	A	 0001 111A 0000 0000	0
001278	1E00	COMF SYSBYTETEMPX,F,ACCESS
	K	 0000 0001 00KK KKKK	5
000000	0105	BANKSEL SYSTEMP1
	F	 0101 00DA FFFF FFFF	1481
	D	 0101 00DA 1100 1001	0
	A	 0101 000A 1100 1001	1
00127C	51C9	MOVF SYSTEMP1,W,BANKED
	F	 0001 01DA FFFF FFFF	1280
	D	 0001 01DA 0000 0000	0
	A	 0001 010A 0000 0000	0
00127E	1400	ANDWF SYSBYTETEMPX,W,ACCESS
	F	 0110 111A FFFF FFFF	1485
	A	 0110 111A 1100 1101	1
001280	6FCD	MOVWF SYSTEMP2,BANKED
	F	 1010 BBBA FFFF FFFF	1485
	B	 1010 BBBA 1100 1101	0
	A	 1010 000A 1100 1101	1
001282	A1CD	BTFSS SYSTEMP2,0,BANKED
	N	 1101 0NNN NNNN NNNN	4
001284	D004	BRA ENDIF64
	K	 0000 1110 KKKK KKKK	1
001286	0E01	MOVLW 1
	F	 0101 11DA FFFF FFFF	1305
	D	 0101 11DA 0001 1001	1
	A	 0101 111A 0001 1001	0
001288	5E19	SUBWF CHARLOCY,F,ACCESS
	K	 0000 1110 KKKK KKKK	0
00128A	0E00	MOVLW 0
	F	 0101 10DA FFFF FFFF	1306
	D	 0101 10DA 0001 1010	1
	A	 0101 101A 0001 1010	0
00128C	5A1A	SUBWFB CHARLOCY_H,F,ACCESS
		ENDIF64
	F	 0110 101A FFFF FFFF	1311
	A	 0110 101A 0001 1111	0
00128E	6A1F	CLRF CURRCHARCOL,ACCESS
		SYSFORLOOP14
	F	 0010 10DA FFFF FFFF	1311
	D	 0010 10DA 0001 1111	1
	A	 0010 101A 0001 1111	0
001290	2A1F	INCF CURRCHARCOL,F,ACCESS
		SYSSELECT2CASE1
	F	 0000 01DA FFFF FFFF	1311
	D	 0000 01DA 0001 1111	0
	A	 0000 010A 0001 1111	0
001292	041F	DECF CURRCHARCOL,W,ACCESS
	F	 1010 BBBA FFFF FFFF	1240
	B	 1010 BBBA 1101 1000	2
	A	 1010 010A 1101 1000	0
001294	A4D8	BTFSS STATUS, Z,ACCESS
	N	 1101 0NNN NNNN NNNN	6
001296	D006	BRA SYSSELECT2CASE2
	S	1111 DDDD DDDD DDDD:1100 SSSS SSSS SSSS	1299
	D	1111 DDDD DDDD DDDD:1100 0101 0001 0011	1287
001298	C513 F507	MOVFF CHARCODE,SYSSTRINGA
	K	 0000 0001 00KK KKKK	0
000000	0100	BANKSEL 0
	N	 1101 1NNN NNNN NNNN	1472
00129E	DDC0	RCALL GLCDCHARCOL3
	F	 0110 111A FFFF FFFF	1313
	A	 0110 111A 0010 0001	0
0012A0	6E21	MOVWF CURRCHARVAL,ACCESS
	N	 1101 0NNN NNNN NNNN	39
0012A2	D027	BRA SYSSELECTEND2
		SYSSELECT2CASE2
	K	 0000 1110 KKKK KKKK	2
0012A4	0E02	MOVLW 2
	F	 0101 11DA FFFF FFFF	1311
	D	 0101 11DA 0001 1111	0
	A	 0101 110A 0001 1111	0
0012A6	5C1F	SUBWF CURRCHARCOL,W,ACCESS
	F	 1010 BBBA FFFF FFFF	1240
	B	 1010 BBBA 1101 1000	2
	A	 1010 010A 1101 1000	0
0012A8	A4D8	BTFSS STATUS, Z,ACCESS
	N	 1101 0NNN NNNN NNNN	6
0012AA	D006	BRA SYSSELECT2CASE3
	S	1111 DDDD DDDD DDDD:1100 SSSS SSSS SSSS	1299
	D	1111 DDDD DDDD DDDD:1100 0101 0001 0011	1287
0012AC	C513 F507	MOVFF CHARCODE,SYSSTRINGA
	K	 0000 0001 00KK KKKK	0
000000	0100	BANKSEL 0
	N	 1101 1NNN NNNN NNNN	1536
0012B2	DE00	RCALL GLCDCHARCOL4
	F	 0110 111A FFFF FFFF	1313
	A	 0110 111A 0010 0001	0
0012B4	6E21	MOVWF CURRCHARVAL,ACCESS
	N	 1101 0NNN NNNN NNNN	29
0012B6	D01D	BRA SYSSELECTEND2
		SYSSELECT2CASE3
	K	 0000 1110 KKKK KKKK	3
0012B8	0E03	MOVLW 3
	F	 0101 11DA FFFF FFFF	1311
	D	 0101 11DA 0001 1111	0
	A	 0101 110A 0001 1111	0
0012BA	5C1F	SUBWF CURRCHARCOL,W,ACCESS
	F	 1010 BBBA FFFF FFFF	1240
	B	 1010 BBBA 1101 1000	2
	A	 1010 010A 1101 1000	0
0012BC	A4D8	BTFSS STATUS, Z,ACCESS
	N	 1101 0NNN NNNN NNNN	6
0012BE	D006	BRA SYSSELECT2CASE4
	S	1111 DDDD DDDD DDDD:1100 SSSS SSSS SSSS	1299
	D	1111 DDDD DDDD DDDD:1100 0101 0001 0011	1287
0012C0	C513 F507	MOVFF CHARCODE,SYSSTRINGA
	K	 0000 0001 00KK KKKK	0
000000	0100	BANKSEL 0
	N	 1101 1NNN NNNN NNNN	1600
0012C6	DE40	RCALL GLCDCHARCOL5
	F	 0110 111A FFFF FFFF	1313
	A	 0110 111A 0010 0001	0
0012C8	6E21	MOVWF CURRCHARVAL,ACCESS
	N	 1101 0NNN NNNN NNNN	19
0012CA	D013	BRA SYSSELECTEND2
		SYSSELECT2CASE4
	K	 0000 1110 KKKK KKKK	4
0012CC	0E04	MOVLW 4
	F	 0101 11DA FFFF FFFF	1311
	D	 0101 11DA 0001 1111	0
	A	 0101 110A 0001 1111	0
0012CE	5C1F	SUBWF CURRCHARCOL,W,ACCESS
	F	 1010 BBBA FFFF FFFF	1240
	B	 1010 BBBA 1101 1000	2
	A	 1010 010A 1101 1000	0
0012D0	A4D8	BTFSS STATUS, Z,ACCESS
	N	 1101 0NNN NNNN NNNN	6
0012D2	D006	BRA SYSSELECT2CASE5
	S	1111 DDDD DDDD DDDD:1100 SSSS SSSS SSSS	1299
	D	1111 DDDD DDDD DDDD:1100 0101 0001 0011	1287
0012D4	C513 F507	MOVFF CHARCODE,SYSSTRINGA
	K	 0000 0001 00KK KKKK	0
000000	0100	BANKSEL 0
	N	 1101 1NNN NNNN NNNN	1664
0012DA	DE80	RCALL GLCDCHARCOL6
	F	 0110 111A FFFF FFFF	1313
	A	 0110 111A 0010 0001	0
0012DC	6E21	MOVWF CURRCHARVAL,ACCESS
	N	 1101 0NNN NNNN NNNN	9
0012DE	D009	BRA SYSSELECTEND2
		SYSSELECT2CASE5
	K	 0000 1110 KKKK KKKK	5
0012E0	0E05	MOVLW 5
	F	 0101 11DA FFFF FFFF	1311
	D	 0101 11DA 0001 1111	0
	A	 0101 110A 0001 1111	0
0012E2	5C1F	SUBWF CURRCHARCOL,W,ACCESS
	F	 1010 BBBA FFFF FFFF	1240
	B	 1010 BBBA 1101 1000	2
	A	 1010 010A 1101 1000	0
0012E4	A4D8	BTFSS STATUS, Z,ACCESS
	N	 1101 0NNN NNNN NNNN	5
0012E6	D005	BRA SYSSELECTEND2
	S	1111 DDDD DDDD DDDD:1100 SSSS SSSS SSSS	1299
	D	1111 DDDD DDDD DDDD:1100 0101 0001 0011	1287
0012E8	C513 F507	MOVFF CHARCODE,SYSSTRINGA
	K	 0000 0001 00KK KKKK	0
000000	0100	BANKSEL 0
	N	 1101 1NNN NNNN NNNN	1728
0012EE	DEC0	RCALL GLCDCHARCOL7
	F	 0110 111A FFFF FFFF	1313
	A	 0110 111A 0010 0001	0
0012F0	6E21	MOVWF CURRCHARVAL,ACCESS
		SYSSELECTEND2
	F	 0110 101A FFFF FFFF	1307
	A	 0110 101A 0001 1011	0
0012F2	6A1B	CLRF CHARROW,ACCESS
	F	 0110 101A FFFF FFFF	1308
	A	 0110 101A 0001 1100	0
0012F4	6A1C	CLRF CHARROW_H,ACCESS
	F	 0110 101A FFFF FFFF	1312
	A	 0110 101A 0010 0000	0
0012F6	6A20	CLRF CURRCHARROW,ACCESS
		SYSFORLOOP15
	F	 0010 10DA FFFF FFFF	1312
	D	 0010 10DA 0010 0000	1
	A	 0010 101A 0010 0000	0
0012F8	2A20	INCF CURRCHARROW,F,ACCESS
	F	 0110 101A FFFF FFFF	1302
	A	 0110 101A 0001 0110	0
0012FA	6A16	CLRF CHARCOLS,ACCESS
	F	 0110 101A FFFF FFFF	1310
	A	 0110 101A 0001 1110	0
0012FC	6A1E	CLRF COL,ACCESS
	K	 0000 1110 KKKK KKKK	1
0012FE	0E01	MOVLW 1
	F	 0101 11DA FFFF FFFF	1326
	D	 0101 11DA 0010 1110	0
	A	 0101 110A 0010 1110	0
001300	5C2E	SUBWF GLCDFNTDEFAULTSIZE,W,ACCESS
	F	 1010 BBBA FFFF FFFF	1240
	B	 1010 BBBA 1101 1000	0
	A	 1010 000A 1101 1000	0
001302	A0D8	BTFSS STATUS, C,ACCESS
	N	 1101 0NNN NNNN NNNN	79
001304	D04F	BRA SYSFORLOOPEND16
		SYSFORLOOP16
	F	 0010 10DA FFFF FFFF	1310
	D	 0010 10DA 0001 1110	1
	A	 0010 101A 0001 1110	0
001306	2A1E	INCF COL,F,ACCESS
	F	 0110 101A FFFF FFFF	1309
	A	 0110 101A 0001 1101	0
001308	6A1D	CLRF CHARROWS,ACCESS
	K	 0000 0001 00KK KKKK	5
000000	0105	BANKSEL ROW
	F	 0110 101A FFFF FFFF	1441
	A	 0110 101A 1010 0001	1
00130C	6BA1	CLRF ROW,BANKED
	K	 0000 1110 KKKK KKKK	1
00130E	0E01	MOVLW 1
	F	 0101 11DA FFFF FFFF	1326
	D	 0101 11DA 0010 1110	0
	A	 0101 110A 0010 1110	0
001310	5C2E	SUBWF GLCDFNTDEFAULTSIZE,W,ACCESS
	F	 1010 BBBA FFFF FFFF	1240
	B	 1010 BBBA 1101 1000	0
	A	 1010 000A 1101 1000	0
001312	A0D8	BTFSS STATUS, C,ACCESS
	N	 1101 0NNN NNNN NNNN	66
001314	D042	BRA SYSFORLOOPEND17
		SYSFORLOOP17
	F	 0010 10DA FFFF FFFF	1441
	D	 0010 10DA 1010 0001	1
	A	 0010 101A 1010 0001	1
001316	2BA1	INCF ROW,F,BANKED
	F	 1010 BBBA FFFF FFFF	1313
	B	 1010 BBBA 0010 0001	0
	A	 1010 000A 0010 0001	0
001318	A021	BTFSS CURRCHARVAL,0,ACCESS
	N	 1101 0NNN NNNN NNNN	19
00131A	D013	BRA ELSE67_1
	F	 0101 00DA FFFF FFFF	1300
	D	 0101 00DA 0001 0100	0
	A	 0101 000A 0001 0100	0
00131C	5014	MOVF CHARCOL,W,ACCESS
	F	 0010 01DA FFFF FFFF	1303
	D	 0010 01DA 0001 0111	0
	A	 0010 010A 0001 0111	0
00131E	2417	ADDWF CHARLOCX,W,ACCESS
	F	 0110 111A FFFF FFFF	1481
	A	 0110 111A 1100 1001	1
001320	6FC9	MOVWF SYSTEMP1,BANKED
	F	 0101 00DA FFFF FFFF	1302
	D	 0101 00DA 0001 0110	0
	A	 0101 000A 0001 0110	0
001322	5016	MOVF CHARCOLS,W,ACCESS
	F	 0010 01DA FFFF FFFF	1481
	D	 0010 01DA 1100 1001	0
	A	 0010 010A 1100 1001	1
001324	25C9	ADDWF SYSTEMP1,W,BANKED
	F	 0110 111A FFFF FFFF	1336
	A	 0110 111A 0011 1000	0
001326	6E38	MOVWF GLCDX,ACCESS
	F	 0101 00DA FFFF FFFF	1307
	D	 0101 00DA 0001 1011	0
	A	 0101 000A 0001 1011	0
001328	501B	MOVF CHARROW,W,ACCESS
	F	 0010 01DA FFFF FFFF	1305
	D	 0010 01DA 0001 1001	0
	A	 0010 010A 0001 1001	0
00132A	2419	ADDWF CHARLOCY,W,ACCESS
	F	 0110 111A FFFF FFFF	1481
	A	 0110 111A 1100 1001	1
00132C	6FC9	MOVWF SYSTEMP1,BANKED
	F	 0101 00DA FFFF FFFF	1309
	D	 0101 00DA 0001 1101	0
	A	 0101 000A 0001 1101	0
00132E	501D	MOVF CHARROWS,W,ACCESS
	F	 0010 01DA FFFF FFFF	1481
	D	 0010 01DA 1100 1001	0
	A	 0010 010A 1100 1001	1
001330	25C9	ADDWF SYSTEMP1,W,BANKED
	F	 0110 111A FFFF FFFF	1337
	A	 0110 111A 0011 1001	0
001332	6E39	MOVWF GLCDY,ACCESS
	S	1111 DDDD DDDD DDDD:1100 SSSS SSSS SSSS	1399
	D	1111 DDDD DDDD DDDD:1100 0101 0111 0111	1321
001334	C577 F529	MOVFF LINECOLOUR,GLCDCOLOUR
	S	1111 DDDD DDDD DDDD:1100 SSSS SSSS SSSS	1400
	D	1111 DDDD DDDD DDDD:1100 0101 0111 1000	1322
001338	C578 F52A	MOVFF LINECOLOUR_H,GLCDCOLOUR_H
	K	 0000 0001 00KK KKKK	0
000000	0100	BANKSEL 0
	N	 1101 1NNN NNNN NNNN	872
00133E	DB68	RCALL PSET_SSD1309
	N	 1101 0NNN NNNN NNNN	18
001340	D012	BRA ENDIF67
		ELSE67_1
	F	 0101 00DA FFFF FFFF	1300
	D	 0101 00DA 0001 0100	0
	A	 0101 000A 0001 0100	0
001342	5014	MOVF CHARCOL,W,ACCESS
	F	 0010 01DA FFFF FFFF	1303
	D	 0010 01DA 0001 0111	0
	A	 0010 010A 0001 0111	0
001344	2417	ADDWF CHARLOCX,W,ACCESS
	F	 0110 111A FFFF FFFF	1481
	A	 0110 111A 1100 1001	1
001346	6FC9	MOVWF SYSTEMP1,BANKED
	F	 0101 00DA FFFF FFFF	1302
	D	 0101 00DA 0001 0110	0
	A	 0101 000A 0001 0110	0
001348	5016	MOVF CHARCOLS,W,ACCESS
	F	 0010 01DA FFFF FFFF	1481
	D	 0010 01DA 1100 1001	0
	A	 0010 010A 1100 1001	1
00134A	25C9	ADDWF SYSTEMP1,W,BANKED
	F	 0110 111A FFFF FFFF	1336
	A	 0110 111A 0011 1000	0
00134C	6E38	MOVWF GLCDX,ACCESS
	F	 0101 00DA FFFF FFFF	1307
	D	 0101 00DA 0001 1011	0
	A	 0101 000A 0001 1011	0
00134E	501B	MOVF CHARROW,W,ACCESS
	F	 0010 01DA FFFF FFFF	1305
	D	 0010 01DA 0001 1001	0
	A	 0010 010A 0001 1001	0
001350	2419	ADDWF CHARLOCY,W,ACCESS
	F	 0110 111A FFFF FFFF	1481
	A	 0110 111A 1100 1001	1
001352	6FC9	MOVWF SYSTEMP1,BANKED
	F	 0101 00DA FFFF FFFF	1309
	D	 0101 00DA 0001 1101	0
	A	 0101 000A 0001 1101	0
001354	501D	MOVF CHARROWS,W,ACCESS
	F	 0010 01DA FFFF FFFF	1481
	D	 0010 01DA 1100 1001	0
	A	 0010 010A 1100 1001	1
001356	25C9	ADDWF SYSTEMP1,W,BANKED
	F	 0110 111A FFFF FFFF	1337
	A	 0110 111A 0011 1001	0
001358	6E39	MOVWF GLCDY,ACCESS
	S	1111 DDDD DDDD DDDD:1100 SSSS SSSS SSSS	1317
	D	1111 DDDD DDDD DDDD:1100 0101 0010 0101	1321
00135A	C525 F529	MOVFF GLCDBACKGROUND,GLCDCOLOUR
	S	1111 DDDD DDDD DDDD:1100 SSSS SSSS SSSS	1318
	D	1111 DDDD DDDD DDDD:1100 0101 0010 0110	1322
00135E	C526 F52A	MOVFF GLCDBACKGROUND_H,GLCDCOLOUR_H
	K	 0000 0001 00KK KKKK	0
000000	0100	BANKSEL 0
	N	 1101 1NNN NNNN NNNN	853
001364	DB55	RCALL PSET_SSD1309
		ENDIF67
	F	 0101 00DA FFFF FFFF	1327
	D	 0101 00DA 0010 1111	0
	A	 0101 000A 0010 1111	0
001366	502F	MOVF GLCDFONTWIDTH,W,ACCESS
	F	 0000 001A FFFF FFFF	1326
	A	 0000 001A 0010 1110	0
001368	022E	MULWF GLCDFNTDEFAULTSIZE,ACCESS
	S	1111 DDDD DDDD DDDD:1100 SSSS SSSS SSSS	1267
	D	1111 DDDD DDDD DDDD:1100 0100 1111 0011	1481
00136A	C4F3 F5C9	MOVFF PRODL,SYSTEMP1
	K	 0000 0001 00KK KKKK	5
000000	0105	BANKSEL SYSTEMP1
	F	 0101 00DA FFFF FFFF	1481
	D	 0101 00DA 1100 1001	0
	A	 0101 000A 1100 1001	1
001370	51C9	MOVF SYSTEMP1,W,BANKED
	F	 0010 01DA FFFF FFFF	1303
	D	 0010 01DA 0001 0111	0
	A	 0010 010A 0001 0111	0
001372	2417	ADDWF CHARLOCX,W,ACCESS
	F	 0110 111A FFFF FFFF	1336
	A	 0110 111A 0011 1000	0
001374	6E38	MOVWF GLCDX,ACCESS
	F	 0101 00DA FFFF FFFF	1307
	D	 0101 00DA 0001 1011	0
	A	 0101 000A 0001 1011	0
001376	501B	MOVF CHARROW,W,ACCESS
	F	 0010 01DA FFFF FFFF	1305
	D	 0010 01DA 0001 1001	0
	A	 0010 010A 0001 1001	0
001378	2419	ADDWF CHARLOCY,W,ACCESS
	F	 0110 111A FFFF FFFF	1481
	A	 0110 111A 1100 1001	1
00137A	6FC9	MOVWF SYSTEMP1,BANKED
	F	 0101 00DA FFFF FFFF	1309
	D	 0101 00DA 0001 1101	0
	A	 0101 000A 0001 1101	0
00137C	501D	MOVF CHARROWS,W,ACCESS
	F	 0010 01DA FFFF FFFF	1481
	D	 0010 01DA 1100 1001	0
	A	 0010 010A 1100 1001	1
00137E	25C9	ADDWF SYSTEMP1,W,BANKED
	F	 0110 111A FFFF FFFF	1337
	A	 0110 111A 0011 1001	0
001380	6E39	MOVWF GLCDY,ACCESS
	S	1111 DDDD DDDD DDDD:1100 SSSS SSSS SSSS	1317
	D	1111 DDDD DDDD DDDD:1100 0101 0010 0101	1321
001382	C525 F529	MOVFF GLCDBACKGROUND,GLCDCOLOUR
	S	1111 DDDD DDDD DDDD:1100 SSSS SSSS SSSS	1318
	D	1111 DDDD DDDD DDDD:1100 0101 0010 0110	1322
001386	C526 F52A	MOVFF GLCDBACKGROUND_H,GLCDCOLOUR_H
	K	 0000 0001 00KK KKKK	0
000000	0100	BANKSEL 0
	N	 1101 1NNN NNNN NNNN	833
00138C	DB41	RCALL PSET_SSD1309
	F	 0010 10DA FFFF FFFF	1309
	D	 0010 10DA 0001 1101	1
	A	 0010 101A 0001 1101	0
00138E	2A1D	INCF CHARROWS,F,ACCESS
	F	 0101 00DA FFFF FFFF	1326
	D	 0101 00DA 0010 1110	0
	A	 0101 000A 0010 1110	0
001390	502E	MOVF GLCDFNTDEFAULTSIZE,W,ACCESS
	K	 0000 0001 00KK KKKK	5
000000	0105	BANKSEL ROW
	F	 0101 11DA FFFF FFFF	1441
	D	 0101 11DA 1010 0001	0
	A	 0101 110A 1010 0001	1
001394	5DA1	SUBWF ROW,W,BANKED
	F	 1010 BBBA FFFF FFFF	1240
	B	 1010 BBBA 1101 1000	0
	A	 1010 000A 1101 1000	0
001396	A0D8	BTFSS STATUS, C,ACCESS
	N	 1101 0NNN NNNN NNNN	1982
001398	D7BE	BRA SYSFORLOOP17
		SYSFORLOOPEND17
	F	 0010 10DA FFFF FFFF	1302
	D	 0010 10DA 0001 0110	1
	A	 0010 101A 0001 0110	0
00139A	2A16	INCF CHARCOLS,F,ACCESS
	F	 0101 00DA FFFF FFFF	1326
	D	 0101 00DA 0010 1110	0
	A	 0101 000A 0010 1110	0
00139C	502E	MOVF GLCDFNTDEFAULTSIZE,W,ACCESS
	F	 0101 11DA FFFF FFFF	1310
	D	 0101 11DA 0001 1110	0
	A	 0101 110A 0001 1110	0
00139E	5C1E	SUBWF COL,W,ACCESS
	F	 1010 BBBA FFFF FFFF	1240
	B	 1010 BBBA 1101 1000	0
	A	 1010 000A 1101 1000	0
0013A0	A0D8	BTFSS STATUS, C,ACCESS
	N	 1101 0NNN NNNN NNNN	1969
0013A2	D7B1	BRA SYSFORLOOP16
		SYSFORLOOPEND16
	F	 0011 00DA FFFF FFFF	1313
	D	 0011 00DA 0010 0001	1
	A	 0011 001A 0010 0001	0
0013A4	3221	RRCF CURRCHARVAL,F,ACCESS
	F	 0101 00DA FFFF FFFF	1326
	D	 0101 00DA 0010 1110	0
	A	 0101 000A 0010 1110	0
0013A6	502E	MOVF GLCDFNTDEFAULTSIZE,W,ACCESS
	F	 0010 01DA FFFF FFFF	1307
	D	 0010 01DA 0001 1011	1
	A	 0010 011A 0001 1011	0
0013A8	261B	ADDWF CHARROW,F,ACCESS
	K	 0000 1110 KKKK KKKK	0
0013AA	0E00	MOVLW 0
	F	 0010 00DA FFFF FFFF	1308
	D	 0010 00DA 0001 1100	1
	A	 0010 001A 0001 1100	0
0013AC	221C	ADDWFC CHARROW_H,F,ACCESS
	K	 0000 1110 KKKK KKKK	8
0013AE	0E08	MOVLW 8
	F	 0101 11DA FFFF FFFF	1312
	D	 0101 11DA 0010 0000	0
	A	 0101 110A 0010 0000	0
0013B0	5C20	SUBWF CURRCHARROW,W,ACCESS
	F	 1010 BBBA FFFF FFFF	1240
	B	 1010 BBBA 1101 1000	0
	A	 1010 000A 1101 1000	0
0013B2	A0D8	BTFSS STATUS, C,ACCESS
	N	 1101 0NNN NNNN NNNN	1953
0013B4	D7A1	BRA SYSFORLOOP15
		SYSFORLOOPEND15
	F	 0101 00DA FFFF FFFF	1326
	D	 0101 00DA 0010 1110	0
	A	 0101 000A 0010 1110	0
0013B6	502E	MOVF GLCDFNTDEFAULTSIZE,W,ACCESS
	F	 0010 01DA FFFF FFFF	1300
	D	 0010 01DA 0001 0100	1
	A	 0010 011A 0001 0100	0
0013B8	2614	ADDWF CHARCOL,F,ACCESS
	K	 0000 1110 KKKK KKKK	0
0013BA	0E00	MOVLW 0
	F	 0010 00DA FFFF FFFF	1301
	D	 0010 00DA 0001 0101	1
	A	 0010 001A 0001 0101	0
0013BC	2215	ADDWFC CHARCOL_H,F,ACCESS
	K	 0000 1110 KKKK KKKK	5
0013BE	0E05	MOVLW 5
	F	 0101 11DA FFFF FFFF	1311
	D	 0101 11DA 0001 1111	0
	A	 0101 110A 0001 1111	0
0013C0	5C1F	SUBWF CURRCHARCOL,W,ACCESS
	F	 1010 BBBA FFFF FFFF	1240
	B	 1010 BBBA 1101 1000	0
	A	 1010 000A 1101 1000	0
0013C2	A0D8	BTFSS STATUS, C,ACCESS
	N	 1101 0NNN NNNN NNNN	1893
0013C4	D765	BRA SYSFORLOOP14
		SYSFORLOOPEND14
	F	 0110 101A FFFF FFFF	1317
	A	 0110 101A 0010 0101	0
0013C6	6A25	CLRF GLCDBACKGROUND,ACCESS
	F	 0110 101A FFFF FFFF	1318
	A	 0110 101A 0010 0110	0
0013C8	6A26	CLRF GLCDBACKGROUND_H,ACCESS
	K	 0000 1110 KKKK KKKK	1
0013CA	0E01	MOVLW 1
	F	 0110 111A FFFF FFFF	1328
	A	 0110 111A 0011 0000	0
0013CC	6E30	MOVWF GLCDFOREGROUND,ACCESS
	F	 0110 101A FFFF FFFF	1329
	A	 0110 101A 0011 0001	0
0013CE	6A31	CLRF GLCDFOREGROUND_H,ACCESS
	K	 0000 0001 00KK KKKK	0
000000	0100	BANKSEL 0
	S	 0000 0000 0001 001S	0
0013D2	0012	RETURN


		GLCDDRAWSTRING
	S	1111 DDDD DDDD DDDD:1100 SSSS SSSS SSSS	1445
	D	1111 DDDD DDDD DDDD:1100 0101 1010 0101	1331
0013D4	C5A5 F533	MOVFF STRINGLOCX,GLCDPRINTLOC
	F	 0110 101A FFFF FFFF	1332
	A	 0110 101A 0011 0100	0
0013D8	6A34	CLRF GLCDPRINTLOC_H,ACCESS
	K	 0000 0001 00KK KKKK	5
000000	0105	BANKSEL XCHAR
	F	 0110 101A FFFF FFFF	1493
	A	 0110 101A 1101 0101	1
0013DC	6BD5	CLRF XCHAR,BANKED
	S	1111 DDDD DDDD DDDD:1100 SSSS SSSS SSSS	1451
	D	1111 DDDD DDDD DDDD:1100 0101 1010 1011	1257
0013DE	C5AB F4E9	MOVFF SYSCHARSHANDLER,AFSR0
	S	1111 DDDD DDDD DDDD:1100 SSSS SSSS SSSS	1452
	D	1111 DDDD DDDD DDDD:1100 0101 1010 1100	1258
0013E2	C5AC F4EA	MOVFF SYSCHARSHANDLER_H,AFSR0_H
	K	 0000 1110 KKKK KKKK	1
0013E6	0E01	MOVLW 1
	F	 0101 11DA FFFF FFFF	1263
	D	 0101 11DA 1110 1111	0
	A	 0101 110A 1110 1111	0
0013E8	5CEF	SUBWF INDF0,W,ACCESS
	F	 1010 BBBA FFFF FFFF	1240
	B	 1010 BBBA 1101 1000	0
	A	 1010 000A 1101 1000	0
0013EA	A0D8	BTFSS STATUS, C,ACCESS
	N	 1101 0NNN NNNN NNNN	40
0013EC	D028	BRA SYSFORLOOPEND4
		SYSFORLOOP4
	F	 0010 10DA FFFF FFFF	1493
	D	 0010 10DA 1101 0101	1
	A	 0010 101A 1101 0101	1
0013EE	2BD5	INCF XCHAR,F,BANKED
	S	1111 DDDD DDDD DDDD:1100 SSSS SSSS SSSS	1331
	D	1111 DDDD DDDD DDDD:1100 0101 0011 0011	1303
0013F0	C533 F517	MOVFF GLCDPRINTLOC,CHARLOCX
	S	1111 DDDD DDDD DDDD:1100 SSSS SSSS SSSS	1332
	D	1111 DDDD DDDD DDDD:1100 0101 0011 0100	1304
0013F4	C534 F518	MOVFF GLCDPRINTLOC_H,CHARLOCX_H
	F	 0101 00DA FFFF FFFF	1493
	D	 0101 00DA 1101 0101	0
	A	 0101 000A 1101 0101	1
0013F8	51D5	MOVF XCHAR,W,BANKED
	F	 0010 01DA FFFF FFFF	1451
	D	 0010 01DA 1010 1011	0
	A	 0010 010A 1010 1011	1
0013FA	25AB	ADDWF SYSCHARSHANDLER,W,BANKED
	F	 0110 111A FFFF FFFF	1257
	A	 0110 111A 1110 1001	0
0013FC	6EE9	MOVWF AFSR0,ACCESS
	K	 0000 1110 KKKK KKKK	0
0013FE	0E00	MOVLW 0
	F	 0010 00DA FFFF FFFF	1452
	D	 0010 00DA 1010 1100	0
	A	 0010 000A 1010 1100	1
001400	21AC	ADDWFC SYSCHARSHANDLER_H,W,BANKED
	F	 0110 111A FFFF FFFF	1258
	A	 0110 111A 1110 1010	0
001402	6EEA	MOVWF AFSR0_H,ACCESS
	S	1111 DDDD DDDD DDDD:1100 SSSS SSSS SSSS	1263
	D	1111 DDDD DDDD DDDD:1100 0100 1110 1111	1299
001404	C4EF F513	MOVFF INDF0,CHARCODE
	K	 0000 0001 00KK KKKK	0
000000	0100	BANKSEL 0
	N	 1101 1NNN NNNN NNNN	1803
00140A	DF0B	RCALL GLCDDRAWCHAR_SSD1309
	F	 0101 00DA FFFF FFFF	1327
	D	 0101 00DA 0010 1111	0
	A	 0101 000A 0010 1111	0
00140C	502F	MOVF GLCDFONTWIDTH,W,ACCESS
	F	 0000 001A FFFF FFFF	1326
	A	 0000 001A 0010 1110	0
00140E	022E	MULWF GLCDFNTDEFAULTSIZE,ACCESS
	S	1111 DDDD DDDD DDDD:1100 SSSS SSSS SSSS	1267
	D	1111 DDDD DDDD DDDD:1100 0100 1111 0011	1481
001410	C4F3 F5C9	MOVFF PRODL,SYSTEMP1
	K	 0000 0001 00KK KKKK	5
000000	0105	BANKSEL SYSTEMP1
	F	 0101 00DA FFFF FFFF	1481
	D	 0101 00DA 1100 1001	0
	A	 0101 000A 1100 1001	1
001416	51C9	MOVF SYSTEMP1,W,BANKED
	F	 0010 01DA FFFF FFFF	1331
	D	 0010 01DA 0011 0011	0
	A	 0010 010A 0011 0011	0
001418	2433	ADDWF GLCDPRINTLOC,W,ACCESS
	F	 0110 111A FFFF FFFF	1485
	A	 0110 111A 1100 1101	1
00141A	6FCD	MOVWF SYSTEMP2,BANKED
	K	 0000 1110 KKKK KKKK	0
00141C	0E00	MOVLW 0
	F	 0010 00DA FFFF FFFF	1332
	D	 0010 00DA 0011 0100	0
	A	 0010 000A 0011 0100	0
00141E	2034	ADDWFC GLCDPRINTLOC_H,W,ACCESS
	F	 0110 111A FFFF FFFF	1486
	A	 0110 111A 1100 1110	1
001420	6FCE	MOVWF SYSTEMP2_H,BANKED
	K	 0000 1110 KKKK KKKK	1
001422	0E01	MOVLW 1
	F	 0010 01DA FFFF FFFF	1485
	D	 0010 01DA 1100 1101	0
	A	 0010 010A 1100 1101	1
001424	25CD	ADDWF SYSTEMP2,W,BANKED
	F	 0110 111A FFFF FFFF	1331
	A	 0110 111A 0011 0011	0
001426	6E33	MOVWF GLCDPRINTLOC,ACCESS
	K	 0000 1110 KKKK KKKK	0
001428	0E00	MOVLW 0
	F	 0010 00DA FFFF FFFF	1486
	D	 0010 00DA 1100 1110	0
	A	 0010 000A 1100 1110	1
00142A	21CE	ADDWFC SYSTEMP2_H,W,BANKED
	F	 0110 111A FFFF FFFF	1332
	A	 0110 111A 0011 0100	0
00142C	6E34	MOVWF GLCDPRINTLOC_H,ACCESS
	S	1111 DDDD DDDD DDDD:1100 SSSS SSSS SSSS	1451
	D	1111 DDDD DDDD DDDD:1100 0101 1010 1011	1257
00142E	C5AB F4E9	MOVFF SYSCHARSHANDLER,AFSR0
	S	1111 DDDD DDDD DDDD:1100 SSSS SSSS SSSS	1452
	D	1111 DDDD DDDD DDDD:1100 0101 1010 1100	1258
001432	C5AC F4EA	MOVFF SYSCHARSHANDLER_H,AFSR0_H
	F	 0101 00DA FFFF FFFF	1263
	D	 0101 00DA 1110 1111	0
	A	 0101 000A 1110 1111	0
001436	50EF	MOVF INDF0,W,ACCESS
	F	 0101 11DA FFFF FFFF	1493
	D	 0101 11DA 1101 0101	0
	A	 0101 110A 1101 0101	1
001438	5DD5	SUBWF XCHAR,W,BANKED
	F	 1010 BBBA FFFF FFFF	1240
	B	 1010 BBBA 1101 1000	0
	A	 1010 000A 1101 1000	0
00143A	A0D8	BTFSS STATUS, C,ACCESS
	N	 1101 0NNN NNNN NNNN	2008
00143C	D7D8	BRA SYSFORLOOP4
		SYSFORLOOPEND4
	K	 0000 0001 00KK KKKK	0
000000	0100	BANKSEL 0
	S	 0000 0000 0001 001S	0
001440	0012	RETURN


		GLCDPRINT5
	S	1111 DDDD DDDD DDDD:1100 SSSS SSSS SSSS	1457
	D	1111 DDDD DDDD DDDD:1100 0101 1011 0001	1257
001442	C5B1 F4E9	MOVFF SYSLCDPRINTDATAHANDLER,AFSR0
	S	1111 DDDD DDDD DDDD:1100 SSSS SSSS SSSS	1458
	D	1111 DDDD DDDD DDDD:1100 0101 1011 0010	1258
001446	C5B2 F4EA	MOVFF SYSLCDPRINTDATAHANDLER_H,AFSR0_H
	S	1111 DDDD DDDD DDDD:1100 SSSS SSSS SSSS	1263
	D	1111 DDDD DDDD DDDD:1100 0100 1110 1111	1330
00144A	C4EF F532	MOVFF INDF0,GLCDPRINTLEN
	F	 0101 00DA FFFF FFFF	1330
	D	 0101 00DA 0011 0010	1
	A	 0101 001A 0011 0010	0
00144E	5232	MOVF GLCDPRINTLEN,F,ACCESS
	F	 1011 BBBA FFFF FFFF	1240
	B	 1011 BBBA 1101 1000	2
	A	 1011 010A 1101 1000	0
001450	B4D8	BTFSC STATUS, Z,ACCESS
	S	 0000 0000 0001 001S	0
001452	0012	RETURN
	S	1111 DDDD DDDD DDDD:1100 SSSS SSSS SSSS	1434
	D	1111 DDDD DDDD DDDD:1100 0101 1001 1010	1331
001454	C59A F533	MOVFF PRINTLOCX,GLCDPRINTLOC
	S	1111 DDDD DDDD DDDD:1100 SSSS SSSS SSSS	1435
	D	1111 DDDD DDDD DDDD:1100 0101 1001 1011	1332
001458	C59B F534	MOVFF PRINTLOCX_H,GLCDPRINTLOC_H
	F	 0110 101A FFFF FFFF	1333
	A	 0110 101A 0011 0101	0
00145C	6A35	CLRF GLCDPRINT_STRING_COUNTER,ACCESS
	K	 0000 1110 KKKK KKKK	1
00145E	0E01	MOVLW 1
	F	 0101 11DA FFFF FFFF	1330
	D	 0101 11DA 0011 0010	0
	A	 0101 110A 0011 0010	0
001460	5C32	SUBWF GLCDPRINTLEN,W,ACCESS
	F	 1010 BBBA FFFF FFFF	1240
	B	 1010 BBBA 1101 1000	0
	A	 1010 000A 1101 1000	0
001462	A0D8	BTFSS STATUS, C,ACCESS
	N	 1101 0NNN NNNN NNNN	45
001464	D02D	BRA SYSFORLOOPEND2
		SYSFORLOOP2
	F	 0010 10DA FFFF FFFF	1333
	D	 0010 10DA 0011 0101	1
	A	 0010 101A 0011 0101	0
001466	2A35	INCF GLCDPRINT_STRING_COUNTER,F,ACCESS
	S	1111 DDDD DDDD DDDD:1100 SSSS SSSS SSSS	1331
	D	1111 DDDD DDDD DDDD:1100 0101 0011 0011	1303
001468	C533 F517	MOVFF GLCDPRINTLOC,CHARLOCX
	S	1111 DDDD DDDD DDDD:1100 SSSS SSSS SSSS	1332
	D	1111 DDDD DDDD DDDD:1100 0101 0011 0100	1304
00146C	C534 F518	MOVFF GLCDPRINTLOC_H,CHARLOCX_H
	S	1111 DDDD DDDD DDDD:1100 SSSS SSSS SSSS	1436
	D	1111 DDDD DDDD DDDD:1100 0101 1001 1100	1305
001470	C59C F519	MOVFF PRINTLOCY,CHARLOCY
	S	1111 DDDD DDDD DDDD:1100 SSSS SSSS SSSS	1437
	D	1111 DDDD DDDD DDDD:1100 0101 1001 1101	1306
001474	C59D F51A	MOVFF PRINTLOCY_H,CHARLOCY_H
	F	 0101 00DA FFFF FFFF	1333
	D	 0101 00DA 0011 0101	0
	A	 0101 000A 0011 0101	0
001478	5035	MOVF GLCDPRINT_STRING_COUNTER,W,ACCESS
	K	 0000 0001 00KK KKKK	5
000000	0105	BANKSEL SYSLCDPRINTDATAHANDLER
	F	 0010 01DA FFFF FFFF	1457
	D	 0010 01DA 1011 0001	0
	A	 0010 010A 1011 0001	1
00147C	25B1	ADDWF SYSLCDPRINTDATAHANDLER,W,BANKED
	F	 0110 111A FFFF FFFF	1257
	A	 0110 111A 1110 1001	0
00147E	6EE9	MOVWF AFSR0,ACCESS
	K	 0000 1110 KKKK KKKK	0
001480	0E00	MOVLW 0
	F	 0010 00DA FFFF FFFF	1458
	D	 0010 00DA 1011 0010	0
	A	 0010 000A 1011 0010	1
001482	21B2	ADDWFC SYSLCDPRINTDATAHANDLER_H,W,BANKED
	F	 0110 111A FFFF FFFF	1258
	A	 0110 111A 1110 1010	0
001484	6EEA	MOVWF AFSR0_H,ACCESS
	S	1111 DDDD DDDD DDDD:1100 SSSS SSSS SSSS	1263
	D	1111 DDDD DDDD DDDD:1100 0100 1110 1111	1299
001486	C4EF F513	MOVFF INDF0,CHARCODE
	S	1111 DDDD DDDD DDDD:1100 SSSS SSSS SSSS	1328
	D	1111 DDDD DDDD DDDD:1100 0101 0011 0000	1399
00148A	C530 F577	MOVFF GLCDFOREGROUND,LINECOLOUR
	S	1111 DDDD DDDD DDDD:1100 SSSS SSSS SSSS	1329
	D	1111 DDDD DDDD DDDD:1100 0101 0011 0001	1400
00148E	C531 F578	MOVFF GLCDFOREGROUND_H,LINECOLOUR_H
	K	 0000 0001 00KK KKKK	0
000000	0100	BANKSEL 0
	N	 1101 1NNN NNNN NNNN	1734
001494	DEC6	RCALL GLCDDRAWCHAR_SSD1309
	F	 0101 00DA FFFF FFFF	1327
	D	 0101 00DA 0010 1111	0
	A	 0101 000A 0010 1111	0
001496	502F	MOVF GLCDFONTWIDTH,W,ACCESS
	F	 0000 001A FFFF FFFF	1326
	A	 0000 001A 0010 1110	0
001498	022E	MULWF GLCDFNTDEFAULTSIZE,ACCESS
	S	1111 DDDD DDDD DDDD:1100 SSSS SSSS SSSS	1267
	D	1111 DDDD DDDD DDDD:1100 0100 1111 0011	1481
00149A	C4F3 F5C9	MOVFF PRODL,SYSTEMP1
	K	 0000 0001 00KK KKKK	5
000000	0105	BANKSEL SYSTEMP1
	F	 0101 00DA FFFF FFFF	1481
	D	 0101 00DA 1100 1001	0
	A	 0101 000A 1100 1001	1
0014A0	51C9	MOVF SYSTEMP1,W,BANKED
	F	 0010 01DA FFFF FFFF	1331
	D	 0010 01DA 0011 0011	0
	A	 0010 010A 0011 0011	0
0014A2	2433	ADDWF GLCDPRINTLOC,W,ACCESS
	F	 0110 111A FFFF FFFF	1485
	A	 0110 111A 1100 1101	1
0014A4	6FCD	MOVWF SYSTEMP2,BANKED
	K	 0000 1110 KKKK KKKK	0
0014A6	0E00	MOVLW 0
	F	 0010 00DA FFFF FFFF	1332
	D	 0010 00DA 0011 0100	0
	A	 0010 000A 0011 0100	0
0014A8	2034	ADDWFC GLCDPRINTLOC_H,W,ACCESS
	F	 0110 111A FFFF FFFF	1486
	A	 0110 111A 1100 1110	1
0014AA	6FCE	MOVWF SYSTEMP2_H,BANKED
	K	 0000 1110 KKKK KKKK	1
0014AC	0E01	MOVLW 1
	F	 0010 01DA FFFF FFFF	1485
	D	 0010 01DA 1100 1101	0
	A	 0010 010A 1100 1101	1
0014AE	25CD	ADDWF SYSTEMP2,W,BANKED
	F	 0110 111A FFFF FFFF	1331
	A	 0110 111A 0011 0011	0
0014B0	6E33	MOVWF GLCDPRINTLOC,ACCESS
	K	 0000 1110 KKKK KKKK	0
0014B2	0E00	MOVLW 0
	F	 0010 00DA FFFF FFFF	1486
	D	 0010 00DA 1100 1110	0
	A	 0010 000A 1100 1110	1
0014B4	21CE	ADDWFC SYSTEMP2_H,W,BANKED
	F	 0110 111A FFFF FFFF	1332
	A	 0110 111A 0011 0100	0
0014B6	6E34	MOVWF GLCDPRINTLOC_H,ACCESS
	F	 0101 00DA FFFF FFFF	1330
	D	 0101 00DA 0011 0010	0
	A	 0101 000A 0011 0010	0
0014B8	5032	MOVF GLCDPRINTLEN,W,ACCESS
	F	 0101 11DA FFFF FFFF	1333
	D	 0101 11DA 0011 0101	0
	A	 0101 110A 0011 0101	0
0014BA	5C35	SUBWF GLCDPRINT_STRING_COUNTER,W,ACCESS
	F	 1010 BBBA FFFF FFFF	1240
	B	 1010 BBBA 1101 1000	0
	A	 1010 000A 1101 1000	0
0014BC	A0D8	BTFSS STATUS, C,ACCESS
	N	 1101 0NNN NNNN NNNN	2003
0014BE	D7D3	BRA SYSFORLOOP2
		SYSFORLOOPEND2
	S	1111 DDDD DDDD DDDD:1100 SSSS SSSS SSSS	1331
	D	1111 DDDD DDDD DDDD:1100 0101 0011 0011	1434
0014C0	C533 F59A	MOVFF GLCDPRINTLOC,PRINTLOCX
	S	1111 DDDD DDDD DDDD:1100 SSSS SSSS SSSS	1332
	D	1111 DDDD DDDD DDDD:1100 0101 0011 0100	1435
0014C4	C534 F59B	MOVFF GLCDPRINTLOC_H,PRINTLOCX_H
	K	 0000 0001 00KK KKKK	0
000000	0100	BANKSEL 0
	S	 0000 0000 0001 001S	0
0014CA	0012	RETURN


		GLCDPRINT8
	K	 0000 0001 00KK KKKK	5
000000	0105	BANKSEL SYSPRINTBUFFLEN
	F	 0110 101A FFFF FFFF	1471
	A	 0110 101A 1011 1111	1
0014CE	6BBF	CLRF SYSPRINTBUFFLEN,BANKED
		SYSDOLOOP_S2
	K	 0000 0001 00KK KKKK	5
000000	0105	BANKSEL SYSPRINTBUFFLEN
	F	 0010 10DA FFFF FFFF	1471
	D	 0010 10DA 1011 1111	1
	A	 0010 101A 1011 1111	1
0014D2	2BBF	INCF SYSPRINTBUFFLEN,F,BANKED
	F	1110 1110 00FF KKKK:1111 00KK KKKK KKKK	0
	K	1110 1110 0000 KKKK:1111 00KK KKKK KKKK	4184
0014D4	EE04 F058	LFSR 0,SYSPRINTBUFFER
	F	 0101 00DA FFFF FFFF	1471
	D	 0101 00DA 1011 1111	0
	A	 0101 000A 1011 1111	1
0014D8	51BF	MOVF SYSPRINTBUFFLEN,W,BANKED
	F	 0010 01DA FFFF FFFF	1257
	D	 0010 01DA 1110 1001	1
	A	 0010 011A 1110 1001	0
0014DA	26E9	ADDWF AFSR0,F,ACCESS
	K	 0000 1110 KKKK KKKK	0
0014DC	0E00	MOVLW 0
	F	 0010 00DA FFFF FFFF	1258
	D	 0010 00DA 1110 1010	1
	A	 0010 001A 1110 1010	0
0014DE	22EA	ADDWFC AFSR0_H,F,ACCESS
	S	1111 DDDD DDDD DDDD:1100 SSSS SSSS SSSS	1395
	D	1111 DDDD DDDD DDDD:1100 0101 0111 0011	1285
0014E0	C573 F505	MOVFF LCDVALUE,SYSLONGTEMPA
	S	1111 DDDD DDDD DDDD:1100 SSSS SSSS SSSS	1396
	D	1111 DDDD DDDD DDDD:1100 0101 0111 0100	1286
0014E4	C574 F506	MOVFF LCDVALUE_H,SYSLONGTEMPA_H
	S	1111 DDDD DDDD DDDD:1100 SSSS SSSS SSSS	1397
	D	1111 DDDD DDDD DDDD:1100 0101 0111 0101	1287
0014E8	C575 F507	MOVFF LCDVALUE_U,SYSLONGTEMPA_U
	S	1111 DDDD DDDD DDDD:1100 SSSS SSSS SSSS	1398
	D	1111 DDDD DDDD DDDD:1100 0101 0111 0110	1288
0014EC	C576 F508	MOVFF LCDVALUE_E,SYSLONGTEMPA_E
	K	 0000 1110 KKKK KKKK	10
0014F0	0E0A	MOVLW 10
	F	 0110 111A FFFF FFFF	1289
	A	 0110 111A 0000 1001	0
0014F2	6E09	MOVWF SYSLONGTEMPB,ACCESS
	F	 0110 101A FFFF FFFF	1290
	A	 0110 101A 0000 1010	0
0014F4	6A0A	CLRF SYSLONGTEMPB_H,ACCESS
	F	 0110 101A FFFF FFFF	1291
	A	 0110 101A 0000 1011	0
0014F6	6A0B	CLRF SYSLONGTEMPB_U,ACCESS
	F	 0110 101A FFFF FFFF	1292
	A	 0110 101A 0000 1100	0
0014F8	6A0C	CLRF SYSLONGTEMPB_E,ACCESS
	K	 0000 0001 00KK KKKK	0
000000	0100	BANKSEL 0
	K	1111 KKKK KKKK KKKK:1110 110S KKKK KKKK	8114
	S	1111 0000 0000 1111:1110 110S 1101 1001	0
0014FC	ECD9 F00F	CALL SYSDIVSUB32
	S	1111 DDDD DDDD DDDD:1100 SSSS SSSS SSSS	1280
	D	1111 DDDD DDDD DDDD:1100 0101 0000 0000	1263
001500	C500 F4EF	MOVFF SYSLONGTEMPX,INDF0
	S	1111 DDDD DDDD DDDD:1100 SSSS SSSS SSSS	1285
	D	1111 DDDD DDDD DDDD:1100 0101 0000 0101	1395
001504	C505 F573	MOVFF SYSCALCTEMPA,LCDVALUE
	S	1111 DDDD DDDD DDDD:1100 SSSS SSSS SSSS	1286
	D	1111 DDDD DDDD DDDD:1100 0101 0000 0110	1396
001508	C506 F574	MOVFF SYSCALCTEMPA_H,LCDVALUE_H
	S	1111 DDDD DDDD DDDD:1100 SSSS SSSS SSSS	1287
	D	1111 DDDD DDDD DDDD:1100 0101 0000 0111	1397
00150C	C507 F575	MOVFF SYSCALCTEMPA_U,LCDVALUE_U
	S	1111 DDDD DDDD DDDD:1100 SSSS SSSS SSSS	1288
	D	1111 DDDD DDDD DDDD:1100 0101 0000 1000	1398
001510	C508 F576	MOVFF SYSCALCTEMPA_E,LCDVALUE_E
	S	1111 DDDD DDDD DDDD:1100 SSSS SSSS SSSS	1395
	D	1111 DDDD DDDD DDDD:1100 0101 0111 0011	1285
001514	C573 F505	MOVFF LCDVALUE,SYSLONGTEMPA
	S	1111 DDDD DDDD DDDD:1100 SSSS SSSS SSSS	1396
	D	1111 DDDD DDDD DDDD:1100 0101 0111 0100	1286
001518	C574 F506	MOVFF LCDVALUE_H,SYSLONGTEMPA_H
	S	1111 DDDD DDDD DDDD:1100 SSSS SSSS SSSS	1397
	D	1111 DDDD DDDD DDDD:1100 0101 0111 0101	1287
00151C	C575 F507	MOVFF LCDVALUE_U,SYSLONGTEMPA_U
	S	1111 DDDD DDDD DDDD:1100 SSSS SSSS SSSS	1398
	D	1111 DDDD DDDD DDDD:1100 0101 0111 0110	1288
001520	C576 F508	MOVFF LCDVALUE_E,SYSLONGTEMPA_E
	F	 0110 101A FFFF FFFF	1289
	A	 0110 101A 0000 1001	0
001524	6A09	CLRF SYSLONGTEMPB,ACCESS
	F	 0110 101A FFFF FFFF	1290
	A	 0110 101A 0000 1010	0
001526	6A0A	CLRF SYSLONGTEMPB_H,ACCESS
	F	 0110 101A FFFF FFFF	1291
	A	 0110 101A 0000 1011	0
001528	6A0B	CLRF SYSLONGTEMPB_U,ACCESS
	F	 0110 101A FFFF FFFF	1292
	A	 0110 101A 0000 1100	0
00152A	6A0C	CLRF SYSLONGTEMPB_E,ACCESS
	K	1111 KKKK KKKK KKKK:1110 110S KKKK KKKK	7784
	S	1111 0000 0000 1111:1110 110S 0011 0100	0
00152C	EC34 F00F	CALL SYSCOMPEQUAL32
	F	 0001 11DA FFFF FFFF	1280
	D	 0001 11DA 0000 0000	1
	A	 0001 111A 0000 0000	0
001530	1E00	COMF SYSBYTETEMPX,F,ACCESS
	F	 1011 BBBA FFFF FFFF	1280
	B	 1011 BBBA 0000 0000	0
	A	 1011 000A 0000 0000	0
001532	B000	BTFSC SYSBYTETEMPX,0,ACCESS
	N	 1101 0NNN NNNN NNNN	1997
001534	D7CD	BRA SYSDOLOOP_S2
		SYSDOLOOP_E2
	S	1111 DDDD DDDD DDDD:1100 SSSS SSSS SSSS	1434
	D	1111 DDDD DDDD DDDD:1100 0101 1001 1010	1331
001536	C59A F533	MOVFF PRINTLOCX,GLCDPRINTLOC
	S	1111 DDDD DDDD DDDD:1100 SSSS SSSS SSSS	1435
	D	1111 DDDD DDDD DDDD:1100 0101 1001 1011	1332
00153A	C59B F534	MOVFF PRINTLOCX_H,GLCDPRINTLOC_H
	K	 0000 0001 00KK KKKK	5
000000	0105	BANKSEL SYSPRINTBUFFLEN
	F	 0010 10DA FFFF FFFF	1471
	D	 0010 10DA 1011 1111	0
	A	 0010 100A 1011 1111	1
001540	29BF	INCF SYSPRINTBUFFLEN,W,BANKED
	F	 0110 111A FFFF FFFF	1333
	A	 0110 111A 0011 0101	0
001542	6E35	MOVWF GLCDPRINT_STRING_COUNTER,ACCESS
	K	 0000 1110 KKKK KKKK	1
001544	0E01	MOVLW 1
	F	 0101 11DA FFFF FFFF	1471
	D	 0101 11DA 1011 1111	0
	A	 0101 110A 1011 1111	1
001546	5DBF	SUBWF SYSPRINTBUFFLEN,W,BANKED
	F	 1010 BBBA FFFF FFFF	1240
	B	 1010 BBBA 1101 1000	0
	A	 1010 000A 1101 1000	0
001548	A0D8	BTFSS STATUS, C,ACCESS
	N	 1101 0NNN NNNN NNNN	45
00154A	D02D	BRA SYSFORLOOPEND3
		SYSFORLOOP3
	F	 0000 01DA FFFF FFFF	1333
	D	 0000 01DA 0011 0101	1
	A	 0000 011A 0011 0101	0
00154C	0635	DECF GLCDPRINT_STRING_COUNTER,F,ACCESS
	S	1111 DDDD DDDD DDDD:1100 SSSS SSSS SSSS	1331
	D	1111 DDDD DDDD DDDD:1100 0101 0011 0011	1303
00154E	C533 F517	MOVFF GLCDPRINTLOC,CHARLOCX
	S	1111 DDDD DDDD DDDD:1100 SSSS SSSS SSSS	1332
	D	1111 DDDD DDDD DDDD:1100 0101 0011 0100	1304
001552	C534 F518	MOVFF GLCDPRINTLOC_H,CHARLOCX_H
	S	1111 DDDD DDDD DDDD:1100 SSSS SSSS SSSS	1436
	D	1111 DDDD DDDD DDDD:1100 0101 1001 1100	1305
001556	C59C F519	MOVFF PRINTLOCY,CHARLOCY
	S	1111 DDDD DDDD DDDD:1100 SSSS SSSS SSSS	1437
	D	1111 DDDD DDDD DDDD:1100 0101 1001 1101	1306
00155A	C59D F51A	MOVFF PRINTLOCY_H,CHARLOCY_H
	F	1110 1110 00FF KKKK:1111 00KK KKKK KKKK	0
	K	1110 1110 0000 KKKK:1111 00KK KKKK KKKK	4184
00155E	EE04 F058	LFSR 0,SYSPRINTBUFFER
	F	 0101 00DA FFFF FFFF	1333
	D	 0101 00DA 0011 0101	0
	A	 0101 000A 0011 0101	0
001562	5035	MOVF GLCDPRINT_STRING_COUNTER,W,ACCESS
	F	 0010 01DA FFFF FFFF	1257
	D	 0010 01DA 1110 1001	1
	A	 0010 011A 1110 1001	0
001564	26E9	ADDWF AFSR0,F,ACCESS
	K	 0000 1110 KKKK KKKK	0
001566	0E00	MOVLW 0
	F	 0010 00DA FFFF FFFF	1258
	D	 0010 00DA 1110 1010	1
	A	 0010 001A 1110 1010	0
001568	22EA	ADDWFC AFSR0_H,F,ACCESS
	K	 0000 1110 KKKK KKKK	48
00156A	0E30	MOVLW 48
	F	 0010 01DA FFFF FFFF	1263
	D	 0010 01DA 1110 1111	0
	A	 0010 010A 1110 1111	0
00156C	24EF	ADDWF INDF0,W,ACCESS
	F	 0110 111A FFFF FFFF	1299
	A	 0110 111A 0001 0011	0
00156E	6E13	MOVWF CHARCODE,ACCESS
	S	1111 DDDD DDDD DDDD:1100 SSSS SSSS SSSS	1328
	D	1111 DDDD DDDD DDDD:1100 0101 0011 0000	1399
001570	C530 F577	MOVFF GLCDFOREGROUND,LINECOLOUR
	S	1111 DDDD DDDD DDDD:1100 SSSS SSSS SSSS	1329
	D	1111 DDDD DDDD DDDD:1100 0101 0011 0001	1400
001574	C531 F578	MOVFF GLCDFOREGROUND_H,LINECOLOUR_H
	K	 0000 0001 00KK KKKK	0
000000	0100	BANKSEL 0
	N	 1101 1NNN NNNN NNNN	1619
00157A	DE53	RCALL GLCDDRAWCHAR_SSD1309
	F	 0101 00DA FFFF FFFF	1327
	D	 0101 00DA 0010 1111	0
	A	 0101 000A 0010 1111	0
00157C	502F	MOVF GLCDFONTWIDTH,W,ACCESS
	F	 0000 001A FFFF FFFF	1326
	A	 0000 001A 0010 1110	0
00157E	022E	MULWF GLCDFNTDEFAULTSIZE,ACCESS
	S	1111 DDDD DDDD DDDD:1100 SSSS SSSS SSSS	1267
	D	1111 DDDD DDDD DDDD:1100 0100 1111 0011	1481
001580	C4F3 F5C9	MOVFF PRODL,SYSTEMP1
	K	 0000 0001 00KK KKKK	5
000000	0105	BANKSEL SYSTEMP1
	F	 0101 00DA FFFF FFFF	1481
	D	 0101 00DA 1100 1001	0
	A	 0101 000A 1100 1001	1
001586	51C9	MOVF SYSTEMP1,W,BANKED
	F	 0010 01DA FFFF FFFF	1331
	D	 0010 01DA 0011 0011	0
	A	 0010 010A 0011 0011	0
001588	2433	ADDWF GLCDPRINTLOC,W,ACCESS
	F	 0110 111A FFFF FFFF	1485
	A	 0110 111A 1100 1101	1
00158A	6FCD	MOVWF SYSTEMP2,BANKED
	K	 0000 1110 KKKK KKKK	0
00158C	0E00	MOVLW 0
	F	 0010 00DA FFFF FFFF	1332
	D	 0010 00DA 0011 0100	0
	A	 0010 000A 0011 0100	0
00158E	2034	ADDWFC GLCDPRINTLOC_H,W,ACCESS
	F	 0110 111A FFFF FFFF	1486
	A	 0110 111A 1100 1110	1
001590	6FCE	MOVWF SYSTEMP2_H,BANKED
	K	 0000 1110 KKKK KKKK	1
001592	0E01	MOVLW 1
	F	 0010 01DA FFFF FFFF	1485
	D	 0010 01DA 1100 1101	0
	A	 0010 010A 1100 1101	1
001594	25CD	ADDWF SYSTEMP2,W,BANKED
	F	 0110 111A FFFF FFFF	1331
	A	 0110 111A 0011 0011	0
001596	6E33	MOVWF GLCDPRINTLOC,ACCESS
	K	 0000 1110 KKKK KKKK	0
001598	0E00	MOVLW 0
	F	 0010 00DA FFFF FFFF	1486
	D	 0010 00DA 1100 1110	0
	A	 0010 000A 1100 1110	1
00159A	21CE	ADDWFC SYSTEMP2_H,W,BANKED
	F	 0110 111A FFFF FFFF	1332
	A	 0110 111A 0011 0100	0
00159C	6E34	MOVWF GLCDPRINTLOC_H,ACCESS
	F	 0101 00DA FFFF FFFF	1333
	D	 0101 00DA 0011 0101	0
	A	 0101 000A 0011 0101	0
00159E	5035	MOVF GLCDPRINT_STRING_COUNTER,W,ACCESS
	K	 0000 1000 KKKK KKKK	1
0015A0	0801	SUBLW 1
	F	 1010 BBBA FFFF FFFF	1240
	B	 1010 BBBA 1101 1000	0
	A	 1010 000A 1101 1000	0
0015A2	A0D8	BTFSS STATUS, C,ACCESS
	N	 1101 0NNN NNNN NNNN	2003
0015A4	D7D3	BRA SYSFORLOOP3
		SYSFORLOOPEND3
	S	1111 DDDD DDDD DDDD:1100 SSSS SSSS SSSS	1331
	D	1111 DDDD DDDD DDDD:1100 0101 0011 0011	1434
0015A6	C533 F59A	MOVFF GLCDPRINTLOC,PRINTLOCX
	S	1111 DDDD DDDD DDDD:1100 SSSS SSSS SSSS	1332
	D	1111 DDDD DDDD DDDD:1100 0101 0011 0100	1435
0015AA	C534 F59B	MOVFF GLCDPRINTLOC_H,PRINTLOCX_H
	K	 0000 0001 00KK KKKK	0
000000	0100	BANKSEL 0
	S	 0000 0000 0001 001S	0
0015B0	0012	RETURN


		HI2CMODE
	S	 0000 0000 0001 001S	0
0015B2	0012	RETURN


		HI2CQ24Q35INIT
	K	 0000 0001 00KK KKKK	1
000000	0101	BANKSEL LATC
	F	 1000 BBBA FFFF FFFF	322
	B	 1000 BBBA 0100 0010	3
	A	 1000 011A 0100 0010	1
0015B6	8742	BSF LATC,3,BANKED
	F	 1001 BBBA FFFF FFFF	330
	B	 1001 BBBA 0100 1010	3
	A	 1001 011A 0100 1010	1
0015B8	974A	BCF TRISC,3,BANKED
	F	 1000 BBBA FFFF FFFF	322
	B	 1000 BBBA 0100 0010	4
	A	 1000 100A 0100 0010	1
0015BA	8942	BSF LATC,4,BANKED
	F	 1001 BBBA FFFF FFFF	330
	B	 1001 BBBA 0100 1010	4
	A	 1001 100A 0100 1010	1
0015BC	994A	BCF TRISC,4,BANKED
	K	 0000 0001 00KK KKKK	2
000000	0102	BANKSEL I2C1CON0
	F	 1001 BBBA FFFF FFFF	658
	B	 1001 BBBA 1001 0010	0
	A	 1001 000A 1001 0010	1
0015C0	9192	BCF I2C1CON0,MODE0,BANKED
	F	 1001 BBBA FFFF FFFF	658
	B	 1001 BBBA 1001 0010	1
	A	 1001 001A 1001 0010	1
0015C2	9392	BCF I2C1CON0,MODE1,BANKED
	F	 1000 BBBA FFFF FFFF	658
	B	 1000 BBBA 1001 0010	2
	A	 1000 010A 1001 0010	1
0015C4	8592	BSF I2C1CON0,MODE2,BANKED
	F	 1000 BBBA FFFF FFFF	659
	B	 1000 BBBA 1001 0011	7
	A	 1000 111A 1001 0011	1
0015C6	8F93	BSF I2C1CON1,ACKCNT,BANKED
	F	 1001 BBBA FFFF FFFF	659
	B	 1001 BBBA 1001 0011	6
	A	 1001 110A 1001 0011	1
0015C8	9D93	BCF I2C1CON1,ACKDT,BANKED
	F	 1001 BBBA FFFF FFFF	661
	B	 1001 BBBA 1001 0101	2
	A	 1001 010A 1001 0101	1
0015CA	9595	BCF I2C1CON3,FME0,BANKED
	F	 1001 BBBA FFFF FFFF	661
	B	 1001 BBBA 1001 0101	3
	A	 1001 011A 1001 0101	1
0015CC	9795	BCF I2C1CON3,FME1,BANKED
	F	 1001 BBBA FFFF FFFF	660
	B	 1001 BBBA 1001 0100	0
	A	 1001 000A 1001 0100	1
0015CE	9194	BCF I2C1CON2,BFRET0,BANKED
	F	 1001 BBBA FFFF FFFF	660
	B	 1001 BBBA 1001 0100	1
	A	 1001 001A 1001 0100	1
0015D0	9394	BCF I2C1CON2,BFRET1,BANKED
	F	 1001 BBBA FFFF FFFF	660
	B	 1001 BBBA 1001 0100	4
	A	 1001 100A 1001 0100	1
0015D2	9994	BCF I2C1CON2,ABD,BANKED
	K	 0000 1110 KKKK KKKK	3
0015D4	0E03	MOVLW 3
	F	 0110 111A FFFF FFFF	669
	A	 0110 111A 1001 1101	1
0015D6	6F9D	MOVWF I2C1CLK,BANKED
	F	 0110 101A FFFF FFFF	668
	A	 0110 101A 1001 1100	1
0015D8	6B9C	CLRF I2C1BAUD,BANKED
	F	 1000 BBBA FFFF FFFF	658
	B	 1000 BBBA 1001 0010	7
	A	 1000 111A 1001 0010	1
0015DA	8F92	BSF I2C1CON0,I2CEN,BANKED
	K	 0000 1110 KKKK KKKK	5
0015DC	0E05	MOVLW 5
	F	 0110 111A FFFF FFFF	1280
	A	 0110 111A 0000 0000	0
0015DE	6E00	MOVWF DELAYTEMP,ACCESS
		DELAYUS3
	F	 0010 11DA FFFF FFFF	1280
	D	 0010 11DA 0000 0000	1
	A	 0010 111A 0000 0000	0
0015E0	2E00	DECFSZ DELAYTEMP,F,ACCESS
	N	 1101 0NNN NNNN NNNN	2046
0015E2	D7FE	BRA DELAYUS3
0015E4	0000	NOP
0015E6	0000	NOP
0015E8	0000	NOP
0015EA	0000	NOP
0015EC	0000	NOP
0015EE	0000	NOP
	K	 0000 0001 00KK KKKK	0
000000	0100	BANKSEL 0
	S	 0000 0000 0001 001S	0
0015F2	0012	RETURN


		HI2CQ24Q35SEND
		SYSSELECT3CASE1
	K	 0000 1110 KKKK KKKK	2
0015F4	0E02	MOVLW 2
	K	 0000 0001 00KK KKKK	5
000000	0105	BANKSEL HI2C1STATEMACHINE
	F	 0101 11DA FFFF FFFF	1382
	D	 0101 11DA 0110 0110	0
	A	 0101 110A 0110 0110	1
0015F8	5D66	SUBWF HI2C1STATEMACHINE,W,BANKED
	F	 1010 BBBA FFFF FFFF	1240
	B	 1010 BBBA 1101 1000	2
	A	 1010 010A 1101 1000	0
0015FA	A4D8	BTFSS STATUS, Z,ACCESS
	N	 1101 0NNN NNNN NNNN	14
0015FC	D00E	BRA SYSSELECT3CASE2
	F	 0010 10DA FFFF FFFF	1386
	D	 0010 10DA 0110 1010	1
	A	 0010 101A 0110 1010	1
0015FE	2B6A	INCF HWI2C_BUFFERLOCATIONCOUNTER,F,BANKED
	F	 1011 BBBA FFFF FFFF	1240
	B	 1011 BBBA 1101 1000	2
	A	 1011 010A 1101 1000	0
001600	B4D8	BTFSC STATUS,Z,ACCESS
	F	 0010 10DA FFFF FFFF	1387
	D	 0010 10DA 0110 1011	1
	A	 0010 101A 0110 1011	1
001602	2B6B	INCF HWI2C_BUFFERLOCATIONCOUNTER_H,F,BANKED
	F	1110 1110 00FF KKKK:1111 00KK KKKK KKKK	0
	K	1110 1110 0000 KKKK:1111 00KK KKKK KKKK	4211
001604	EE04 F073	LFSR 0,HWI2C_BUFFER
	F	 0101 00DA FFFF FFFF	1386
	D	 0101 00DA 0110 1010	0
	A	 0101 000A 0110 1010	1
001608	516A	MOVF HWI2C_BUFFERLOCATIONCOUNTER,W,BANKED
	F	 0010 01DA FFFF FFFF	1257
	D	 0010 01DA 1110 1001	1
	A	 0010 011A 1110 1001	0
00160A	26E9	ADDWF AFSR0,F,ACCESS
	F	 0101 00DA FFFF FFFF	1387
	D	 0101 00DA 0110 1011	0
	A	 0101 000A 0110 1011	1
00160C	516B	MOVF HWI2C_BUFFERLOCATIONCOUNTER_H,W,BANKED
	F	 0010 00DA FFFF FFFF	1258
	D	 0010 00DA 1110 1010	1
	A	 0010 001A 1110 1010	0
00160E	22EA	ADDWFC AFSR0_H,F,ACCESS
	S	1111 DDDD DDDD DDDD:1100 SSSS SSSS SSSS	1390
	D	1111 DDDD DDDD DDDD:1100 0101 0110 1110	1263
001610	C56E F4EF	MOVFF I2CBYTE,INDF0
	K	 0000 0001 00KK KKKK	0
000000	0100	BANKSEL 0
	S	 0000 0000 0001 001S	0
001616	0012	RETURN
	N	 1101 0NNN NNNN NNNN	24
001618	D018	BRA SYSSELECTEND3
		SYSSELECT3CASE2
	F	 0000 01DA FFFF FFFF	1382
	D	 0000 01DA 0110 0110	0
	A	 0000 010A 0110 0110	1
00161A	0566	DECF HI2C1STATEMACHINE,W,BANKED
	F	 1010 BBBA FFFF FFFF	1240
	B	 1010 BBBA 1101 1000	2
	A	 1010 010A 1101 1000	0
00161C	A4D8	BTFSS STATUS, Z,ACCESS
	N	 1101 0NNN NNNN NNNN	9
00161E	D009	BRA SYSSELECT3CASE3
	F	 0110 101A FFFF FFFF	1386
	A	 0110 101A 0110 1010	1
001620	6B6A	CLRF HWI2C_BUFFERLOCATIONCOUNTER,BANKED
	F	 0110 101A FFFF FFFF	1387
	A	 0110 101A 0110 1011	1
001622	6B6B	CLRF HWI2C_BUFFERLOCATIONCOUNTER_H,BANKED
	S	1111 DDDD DDDD DDDD:1100 SSSS SSSS SSSS	1390
	D	1111 DDDD DDDD DDDD:1100 0101 0110 1110	653
001624	C56E F28D	MOVFF I2CBYTE,I2C1ADB1
	K	 0000 1110 KKKK KKKK	2
001628	0E02	MOVLW 2
	F	 0110 111A FFFF FFFF	1382
	A	 0110 111A 0110 0110	1
00162A	6F66	MOVWF HI2C1STATEMACHINE,BANKED
	K	 0000 0001 00KK KKKK	0
000000	0100	BANKSEL 0
	S	 0000 0000 0001 001S	0
00162E	0012	RETURN
	N	 1101 0NNN NNNN NNNN	12
001630	D00C	BRA SYSSELECTEND3
		SYSSELECT3CASE3
	K	 0000 1110 KKKK KKKK	3
001632	0E03	MOVLW 3
	F	 0101 11DA FFFF FFFF	1382
	D	 0101 11DA 0110 0110	0
	A	 0101 110A 0110 0110	1
001634	5D66	SUBWF HI2C1STATEMACHINE,W,BANKED
	F	 1010 BBBA FFFF FFFF	1240
	B	 1010 BBBA 1101 1000	2
	A	 1010 010A 1101 1000	0
001636	A4D8	BTFSS STATUS, Z,ACCESS
	N	 1101 0NNN NNNN NNNN	8
001638	D008	BRA SYSSELECTEND3
	F	 0110 101A FFFF FFFF	1386
	A	 0110 101A 0110 1010	1
00163A	6B6A	CLRF HWI2C_BUFFERLOCATIONCOUNTER,BANKED
	F	 0110 101A FFFF FFFF	1387
	A	 0110 101A 0110 1011	1
00163C	6B6B	CLRF HWI2C_BUFFERLOCATIONCOUNTER_H,BANKED
	S	1111 DDDD DDDD DDDD:1100 SSSS SSSS SSSS	1390
	D	1111 DDDD DDDD DDDD:1100 0101 0110 1110	653
00163E	C56E F28D	MOVFF I2CBYTE,I2C1ADB1
	K	 0000 1110 KKKK KKKK	2
001642	0E02	MOVLW 2
	F	 0110 111A FFFF FFFF	1382
	A	 0110 111A 0110 0110	1
001644	6F66	MOVWF HI2C1STATEMACHINE,BANKED
	K	 0000 0001 00KK KKKK	0
000000	0100	BANKSEL 0
	S	 0000 0000 0001 001S	0
001648	0012	RETURN
		SYSSELECTEND3
	K	 0000 0001 00KK KKKK	0
000000	0100	BANKSEL 0
	S	 0000 0000 0001 001S	0
00164C	0012	RETURN


		HI2CQ24Q35STOP
	K	 0000 0001 00KK KKKK	2
000000	0102	BANKSEL I2C1PIR
	F	 1001 BBBA FFFF FFFF	665
	B	 1001 BBBA 1001 1001	7
	A	 1001 111A 1001 1001	1
001650	9F99	BCF I2C1PIR,7,BANKED
	K	 0000 0001 00KK KKKK	5
000000	0105	BANKSEL HI2CWAITMSSPTIMEOUT
	F	 0110 101A FFFF FFFF	1385
	A	 0110 101A 0110 1001	1
001654	6B69	CLRF HI2CWAITMSSPTIMEOUT,BANKED
		SYSDOLOOP_S8
	F	 0010 10DA FFFF FFFF	1385
	D	 0010 10DA 0110 1001	0
	A	 0010 100A 0110 1001	1
001656	2969	INCF HI2CWAITMSSPTIMEOUT,W,BANKED
	F	 1011 BBBA FFFF FFFF	1240
	B	 1011 BBBA 1101 1000	2
	A	 1011 010A 1101 1000	0
001658	B4D8	BTFSC STATUS, Z,ACCESS
	N	 1101 0NNN NNNN NNNN	6
00165A	D006	BRA SYSDOLOOP_E8
	K	 0000 0001 00KK KKKK	2
000000	0102	BANKSEL I2C1STAT0
	F	 1010 BBBA FFFF FFFF	663
	B	 1010 BBBA 1001 0111	7
	A	 1010 111A 1001 0111	1
00165E	AF97	BTFSS I2C1STAT0,BFRE,BANKED
	N	 1101 0NNN NNNN NNNN	3
001660	D003	BRA SYSDOLOOP_E8
	K	 0000 0001 00KK KKKK	5
000000	0105	BANKSEL HI2CWAITMSSPTIMEOUT
	F	 0010 10DA FFFF FFFF	1385
	D	 0010 10DA 0110 1001	1
	A	 0010 101A 0110 1001	1
001664	2B69	INCF HI2CWAITMSSPTIMEOUT,F,BANKED
	N	 1101 0NNN NNNN NNNN	2039
001666	D7F7	BRA SYSDOLOOP_S8
		SYSDOLOOP_E8
	K	 0000 0001 00KK KKKK	5
000000	0105	BANKSEL HI2CWAITMSSPTIMEOUT
	F	 0010 10DA FFFF FFFF	1385
	D	 0010 10DA 0110 1001	0
	A	 0010 100A 0110 1001	1
00166A	2969	INCF HI2CWAITMSSPTIMEOUT,W,BANKED
	F	 1011 BBBA FFFF FFFF	1240
	B	 1011 BBBA 1101 1000	2
	A	 1011 010A 1101 1000	0
00166C	B4D8	BTFSC STATUS, Z,ACCESS
	N	 1101 0NNN NNNN NNNN	79
00166E	D04F	BRA ENDIF80
	S	1111 DDDD DDDD DDDD:1100 SSSS SSSS SSSS	1387
	D	1111 DDDD DDDD DDDD:1100 0101 0110 1011	651
001670	C56B F28B	MOVFF HWI2C_BUFFERLOCATIONCOUNTER_H,I2C1CNTH
	S	1111 DDDD DDDD DDDD:1100 SSSS SSSS SSSS	1386
	D	1111 DDDD DDDD DDDD:1100 0101 0110 1010	650
001674	C56A F28A	MOVFF HWI2C_BUFFERLOCATIONCOUNTER,I2C1CNT
	K	 0000 0001 00KK KKKK	2
000000	0102	BANKSEL I2C1CON0
	F	 1001 BBBA FFFF FFFF	658
	B	 1001 BBBA 1001 0010	7
	A	 1001 111A 1001 0010	1
00167A	9F92	BCF I2C1CON0,I2CEN,BANKED
	F	 1000 BBBA FFFF FFFF	658
	B	 1000 BBBA 1001 0010	7
	A	 1000 111A 1001 0010	1
00167C	8F92	BSF I2C1CON0,I2CEN,BANKED
	F	 1000 BBBA FFFF FFFF	658
	B	 1000 BBBA 1001 0010	5
	A	 1000 101A 1001 0010	1
00167E	8B92	BSF I2C1CON0,S,BANKED
		SYSDOLOOP_S9
	F	 1010 BBBA FFFF FFFF	658
	B	 1010 BBBA 1001 0010	5
	A	 1010 101A 1001 0010	1
001680	AB92	BTFSS I2C1CON0,S,BANKED
	N	 1101 0NNN NNNN NNNN	2
001682	D002	BRA SYSDOLOOP_E9
001684	0000	NOP
	N	 1101 0NNN NNNN NNNN	2044
001686	D7FC	BRA SYSDOLOOP_S9
		SYSDOLOOP_E9
	K	 0000 0001 00KK KKKK	5
000000	0105	BANKSEL HWI2C_BUFFERLOCATIONCOUNTERINDEX
	F	 0110 101A FFFF FFFF	1388
	A	 0110 101A 0110 1100	1
00168A	6B6C	CLRF HWI2C_BUFFERLOCATIONCOUNTERINDEX,BANKED
	F	 0110 101A FFFF FFFF	1389
	A	 0110 101A 0110 1101	1
00168C	6B6D	CLRF HWI2C_BUFFERLOCATIONCOUNTERINDEX_H,BANKED
	K	 0000 1110 KKKK KKKK	1
00168E	0E01	MOVLW 1
	F	 0101 11DA FFFF FFFF	1386
	D	 0101 11DA 0110 1010	0
	A	 0101 110A 0110 1010	1
001690	5D6A	SUBWF HWI2C_BUFFERLOCATIONCOUNTER,W,BANKED
	F	 1010 BBBA FFFF FFFF	1240
	B	 1010 BBBA 1101 1000	0
	A	 1010 000A 1101 1000	0
001692	A0D8	BTFSS STATUS, C,ACCESS
	N	 1101 0NNN NNNN NNNN	37
001694	D025	BRA SYSFORLOOPEND18
		SYSFORLOOP18
	K	 0000 0001 00KK KKKK	5
000000	0105	BANKSEL HWI2C_BUFFERLOCATIONCOUNTERINDEX
	F	 0010 10DA FFFF FFFF	1388
	D	 0010 10DA 0110 1100	1
	A	 0010 101A 0110 1100	1
001698	2B6C	INCF HWI2C_BUFFERLOCATIONCOUNTERINDEX,F,BANKED
	F	 1011 BBBA FFFF FFFF	1240
	B	 1011 BBBA 1101 1000	2
	A	 1011 010A 1101 1000	0
00169A	B4D8	BTFSC STATUS,Z,ACCESS
	F	 0010 10DA FFFF FFFF	1389
	D	 0010 10DA 0110 1101	1
	A	 0010 101A 0110 1101	1
00169C	2B6D	INCF HWI2C_BUFFERLOCATIONCOUNTERINDEX_H,F,BANKED
	F	 0110 101A FFFF FFFF	1385
	A	 0110 101A 0110 1001	1
00169E	6B69	CLRF HI2CWAITMSSPTIMEOUT,BANKED
	F	1110 1110 00FF KKKK:1111 00KK KKKK KKKK	0
	K	1110 1110 0000 KKKK:1111 00KK KKKK KKKK	4211
0016A0	EE04 F073	LFSR 0,HWI2C_BUFFER
	F	 0101 00DA FFFF FFFF	1388
	D	 0101 00DA 0110 1100	0
	A	 0101 000A 0110 1100	1
0016A4	516C	MOVF HWI2C_BUFFERLOCATIONCOUNTERINDEX,W,BANKED
	F	 0010 01DA FFFF FFFF	1257
	D	 0010 01DA 1110 1001	1
	A	 0010 011A 1110 1001	0
0016A6	26E9	ADDWF AFSR0,F,ACCESS
	F	 0101 00DA FFFF FFFF	1389
	D	 0101 00DA 0110 1101	0
	A	 0101 000A 0110 1101	1
0016A8	516D	MOVF HWI2C_BUFFERLOCATIONCOUNTERINDEX_H,W,BANKED
	F	 0010 00DA FFFF FFFF	1258
	D	 0010 00DA 1110 1010	1
	A	 0010 001A 1110 1010	0
0016AA	22EA	ADDWFC AFSR0_H,F,ACCESS
	S	1111 DDDD DDDD DDDD:1100 SSSS SSSS SSSS	1263
	D	1111 DDDD DDDD DDDD:1100 0100 1110 1111	649
0016AC	C4EF F289	MOVFF INDF0,I2C1TXB
		SYSDOLOOP_S10
	K	 0000 0001 00KK KKKK	2
000000	0102	BANKSEL I2C1STAT1
	F	 1011 BBBA FFFF FFFF	664
	B	 1011 BBBA 1001 1000	5
	A	 1011 101A 1001 1000	1
0016B2	BB98	BTFSC I2C1STAT1,TXBE,BANKED
	N	 1101 0NNN NNNN NNNN	10
0016B4	D00A	BRA SYSDOLOOP_E10
	K	 0000 1110 KKKK KKKK	5
0016B6	0E05	MOVLW 5
	F	 0110 111A FFFF FFFF	1280
	A	 0110 111A 0000 0000	0
0016B8	6E00	MOVWF DELAYTEMP,ACCESS
		DELAYUS1
	F	 0010 11DA FFFF FFFF	1280
	D	 0010 11DA 0000 0000	1
	A	 0010 111A 0000 0000	0
0016BA	2E00	DECFSZ DELAYTEMP,F,ACCESS
	N	 1101 0NNN NNNN NNNN	2046
0016BC	D7FE	BRA DELAYUS1
	K	 0000 0001 00KK KKKK	5
000000	0105	BANKSEL HI2CWAITMSSPTIMEOUT
	F	 0010 10DA FFFF FFFF	1385
	D	 0010 10DA 0110 1001	1
	A	 0010 101A 0110 1001	1
0016C0	2B69	INCF HI2CWAITMSSPTIMEOUT,F,BANKED
	F	 0010 10DA FFFF FFFF	1385
	D	 0010 10DA 0110 1001	0
	A	 0010 100A 0110 1001	1
0016C2	2969	INCF HI2CWAITMSSPTIMEOUT,W,BANKED
	F	 1011 BBBA FFFF FFFF	1240
	B	 1011 BBBA 1101 1000	2
	A	 1011 010A 1101 1000	0
0016C4	B4D8	BTFSC STATUS, Z,ACCESS
	N	 1101 0NNN NNNN NNNN	35
0016C6	D023	BRA HI2CQ24Q35STOPEXIT
	N	 1101 0NNN NNNN NNNN	2035
0016C8	D7F3	BRA SYSDOLOOP_S10
		SYSDOLOOP_E10
	S	1111 DDDD DDDD DDDD:1100 SSSS SSSS SSSS	1388
	D	1111 DDDD DDDD DDDD:1100 0101 0110 1100	1285
0016CA	C56C F505	MOVFF HWI2C_BUFFERLOCATIONCOUNTERINDEX,SYSWORDTEMPA
	S	1111 DDDD DDDD DDDD:1100 SSSS SSSS SSSS	1389
	D	1111 DDDD DDDD DDDD:1100 0101 0110 1101	1286
0016CE	C56D F506	MOVFF HWI2C_BUFFERLOCATIONCOUNTERINDEX_H,SYSWORDTEMPA_H
	S	1111 DDDD DDDD DDDD:1100 SSSS SSSS SSSS	1386
	D	1111 DDDD DDDD DDDD:1100 0101 0110 1010	1289
0016D2	C56A F509	MOVFF HWI2C_BUFFERLOCATIONCOUNTER,SYSWORDTEMPB
	F	 0110 101A FFFF FFFF	1290
	A	 0110 101A 0000 1010	0
0016D6	6A0A	CLRF SYSWORDTEMPB_H,ACCESS
	K	 0000 0001 00KK KKKK	0
000000	0100	BANKSEL 0
	N	 1101 1NNN NNNN NNNN	986
0016DA	DBDA	RCALL SYSCOMPLESSTHAN16
	F	 1011 BBBA FFFF FFFF	1280
	B	 1011 BBBA 0000 0000	0
	A	 1011 000A 0000 0000	0
0016DC	B000	BTFSC SYSBYTETEMPX,0,ACCESS
	N	 1101 0NNN NNNN NNNN	2011
0016DE	D7DB	BRA SYSFORLOOP18
		SYSFORLOOPEND18
		SYSDOLOOP_S11
	F	 0110 101A FFFF FFFF	1280
	A	 0110 101A 0000 0000	0
0016E0	6A00	CLRF SYSBYTETEMPX,ACCESS
	K	 0000 0001 00KK KKKK	2
000000	0102	BANKSEL I2C1STAT0
	F	 1011 BBBA FFFF FFFF	663
	B	 1011 BBBA 1001 0111	5
	A	 1011 101A 1001 0111	1
0016E4	BB97	BTFSC I2C1STAT0,MMA,BANKED
	F	 0001 11DA FFFF FFFF	1280
	D	 0001 11DA 0000 0000	1
	A	 0001 111A 0000 0000	0
0016E6	1E00	COMF SYSBYTETEMPX,F,ACCESS
	S	1111 DDDD DDDD DDDD:1100 SSSS SSSS SSSS	1280
	D	1111 DDDD DDDD DDDD:1100 0101 0000 0000	1481
0016E8	C500 F5C9	MOVFF SYSBYTETEMPX,SYSTEMP1
	S	1111 DDDD DDDD DDDD:1100 SSSS SSSS SSSS	1385
	D	1111 DDDD DDDD DDDD:1100 0101 0110 1001	1285
0016EC	C569 F505	MOVFF HI2CWAITMSSPTIMEOUT,SYSBYTETEMPA
	F	 0110 100A FFFF FFFF	1289
	A	 0110 100A 0000 1001	0
0016F0	6809	SETF SYSBYTETEMPB,ACCESS
	K	 0000 0001 00KK KKKK	0
000000	0100	BANKSEL 0
	N	 1101 1NNN NNNN NNNN	939
0016F4	DBAB	RCALL SYSCOMPEQUAL
	F	 0001 11DA FFFF FFFF	1280
	D	 0001 11DA 0000 0000	1
	A	 0001 111A 0000 0000	0
0016F6	1E00	COMF SYSBYTETEMPX,F,ACCESS
	K	 0000 0001 00KK KKKK	5
000000	0105	BANKSEL SYSTEMP1
	F	 0101 00DA FFFF FFFF	1481
	D	 0101 00DA 1100 1001	0
	A	 0101 000A 1100 1001	1
0016FA	51C9	MOVF SYSTEMP1,W,BANKED
	F	 0001 01DA FFFF FFFF	1280
	D	 0001 01DA 0000 0000	0
	A	 0001 010A 0000 0000	0
0016FC	1400	ANDWF SYSBYTETEMPX,W,ACCESS
	F	 0110 111A FFFF FFFF	1485
	A	 0110 111A 1100 1101	1
0016FE	6FCD	MOVWF SYSTEMP2,BANKED
	F	 1010 BBBA FFFF FFFF	1485
	B	 1010 BBBA 1100 1101	0
	A	 1010 000A 1100 1101	1
001700	A1CD	BTFSS SYSTEMP2,0,BANKED
	N	 1101 0NNN NNNN NNNN	5
001702	D005	BRA SYSDOLOOP_E11
	K	 0000 1110 KKKK KKKK	5
001704	0E05	MOVLW 5
	F	 0110 111A FFFF FFFF	1280
	A	 0110 111A 0000 0000	0
001706	6E00	MOVWF DELAYTEMP,ACCESS
		DELAYUS2
	F	 0010 11DA FFFF FFFF	1280
	D	 0010 11DA 0000 0000	1
	A	 0010 111A 0000 0000	0
001708	2E00	DECFSZ DELAYTEMP,F,ACCESS
	N	 1101 0NNN NNNN NNNN	2046
00170A	D7FE	BRA DELAYUS2
	N	 1101 0NNN NNNN NNNN	2025
00170C	D7E9	BRA SYSDOLOOP_S11
		SYSDOLOOP_E11
		ENDIF80
		HI2CQ24Q35STOPEXIT
	K	 0000 0001 00KK KKKK	2
000000	0102	BANKSEL I2C1PIR
	F	 1010 BBBA FFFF FFFF	665
	B	 1010 BBBA 1001 1001	7
	A	 1010 111A 1001 1001	1
001710	AF99	BTFSS I2C1PIR,7,BANKED
	N	 1101 0NNN NNNN NNNN	3
001712	D003	BRA ELSE81_1
	K	 0000 0001 00KK KKKK	5
000000	0105	BANKSEL HI2CACKPOLLSTATE
	F	 0110 101A FFFF FFFF	1383
	A	 0110 101A 0110 0111	1
001716	6B67	CLRF HI2CACKPOLLSTATE,BANKED
	N	 1101 0NNN NNNN NNNN	2
001718	D002	BRA ENDIF81
		ELSE81_1
	K	 0000 0001 00KK KKKK	5
000000	0105	BANKSEL HI2CACKPOLLSTATE
	F	 0110 100A FFFF FFFF	1383
	A	 0110 100A 0110 0111	1
00171C	6967	SETF HI2CACKPOLLSTATE,BANKED
		ENDIF81
	K	 0000 0001 00KK KKKK	2
000000	0102	BANKSEL I2C1CON0
	F	 1001 BBBA FFFF FFFF	658
	B	 1001 BBBA 1001 0010	7
	A	 1001 111A 1001 0010	1
001720	9F92	BCF I2C1CON0,I2CEN,BANKED
	K	 0000 0001 00KK KKKK	0
000000	0100	BANKSEL 0
	S	 0000 0000 0001 001S	0
001724	0012	RETURN


		INITGLCD_SSD1309
	F	 0110 101A FFFF FFFF	1317
	A	 0110 101A 0010 0101	0
001726	6A25	CLRF GLCDBACKGROUND,ACCESS
	F	 0110 101A FFFF FFFF	1318
	A	 0110 101A 0010 0110	0
001728	6A26	CLRF GLCDBACKGROUND_H,ACCESS
	K	 0000 1110 KKKK KKKK	1
00172A	0E01	MOVLW 1
	F	 0110 111A FFFF FFFF	1328
	A	 0110 111A 0011 0000	0
00172C	6E30	MOVWF GLCDFOREGROUND,ACCESS
	F	 0110 101A FFFF FFFF	1329
	A	 0110 101A 0011 0001	0
00172E	6A31	CLRF GLCDFOREGROUND_H,ACCESS
	K	 0000 1110 KKKK KKKK	5
001730	0E05	MOVLW 5
	F	 0110 111A FFFF FFFF	1327
	A	 0110 111A 0010 1111	0
001732	6E2F	MOVWF GLCDFONTWIDTH,ACCESS
	K	 0000 1110 KKKK KKKK	7
001734	0E07	MOVLW 7
	F	 0110 111A FFFF FFFF	1325
	A	 0110 111A 0010 1101	0
001736	6E2D	MOVWF GLCDFNTDEFAULTHEIGHT,ACCESS
	F	 0110 101A FFFF FFFF	1324
	A	 0110 101A 0010 1100	0
001738	6A2C	CLRF GLCDFNTDEFAULT,ACCESS
	K	 0000 1110 KKKK KKKK	1
00173A	0E01	MOVLW 1
	F	 0110 111A FFFF FFFF	1326
	A	 0110 111A 0010 1110	0
00173C	6E2E	MOVWF GLCDFNTDEFAULTSIZE,ACCESS
	F	 0110 100A FFFF FFFF	1282
	A	 0110 100A 0000 0010	0
00173E	6802	SETF SYSWAITTEMPMS,ACCESS
	F	 0110 101A FFFF FFFF	1283
	A	 0110 101A 0000 0011	0
001740	6A03	CLRF SYSWAITTEMPMS_H,ACCESS
	K	1111 KKKK KKKK KKKK:1110 110S KKKK KKKK	3562
	S	1111 0000 0000 0110:1110 110S 1111 0101	0
001742	ECF5 F006	CALL DELAY_MS
	K	 0000 1110 KKKK KKKK	12
001746	0E0C	MOVLW 12
	K	 0000 0001 00KK KKKK	5
000000	0105	BANKSEL HI2CCURRENTMODE
	F	 0110 111A FFFF FFFF	1384
	A	 0110 111A 0110 1000	1
00174A	6F68	MOVWF HI2CCURRENTMODE,BANKED
	K	 0000 0001 00KK KKKK	0
000000	0100	BANKSEL 0
	N	 1101 1NNN NNNN NNNN	1841
00174E	DF31	RCALL HI2CMODE
	K	 0000 1110 KKKK KKKK	15
001750	0E0F	MOVLW 15
	F	 0110 111A FFFF FFFF	1282
	A	 0110 111A 0000 0010	0
001752	6E02	MOVWF SYSWAITTEMPMS,ACCESS
	F	 0110 101A FFFF FFFF	1283
	A	 0110 101A 0000 0011	0
001754	6A03	CLRF SYSWAITTEMPMS_H,ACCESS
	K	1111 KKKK KKKK KKKK:1110 110S KKKK KKKK	3562
	S	1111 0000 0000 0110:1110 110S 1111 0101	0
001756	ECF5 F006	CALL DELAY_MS
	K	 0000 1110 KKKK KKKK	174
00175A	0EAE	MOVLW 174
	K	 0000 0001 00KK KKKK	5
000000	0105	BANKSEL SSD1309SENDBYTE
	F	 0110 111A FFFF FFFF	1442
	A	 0110 111A 1010 0010	1
00175E	6FA2	MOVWF SSD1309SENDBYTE,BANKED
	K	 0000 0001 00KK KKKK	0
000000	0100	BANKSEL 0
	K	1111 KKKK KKKK KKKK:1110 110S KKKK KKKK	8722
	S	1111 0000 0001 0001:1110 110S 0000 1001	0
001762	EC09 F011	CALL WRITE_COMMAND_SSD1309
	K	 0000 1110 KKKK KKKK	46
001766	0E2E	MOVLW 46
	K	 0000 0001 00KK KKKK	5
000000	0105	BANKSEL SSD1309SENDBYTE
	F	 0110 111A FFFF FFFF	1442
	A	 0110 111A 1010 0010	1
00176A	6FA2	MOVWF SSD1309SENDBYTE,BANKED
	K	 0000 0001 00KK KKKK	0
000000	0100	BANKSEL 0
	K	1111 KKKK KKKK KKKK:1110 110S KKKK KKKK	8722
	S	1111 0000 0001 0001:1110 110S 0000 1001	0
00176E	EC09 F011	CALL WRITE_COMMAND_SSD1309
	K	 0000 1110 KKKK KKKK	213
001772	0ED5	MOVLW 213
	K	 0000 0001 00KK KKKK	5
000000	0105	BANKSEL SSD1309SENDBYTE
	F	 0110 111A FFFF FFFF	1442
	A	 0110 111A 1010 0010	1
001776	6FA2	MOVWF SSD1309SENDBYTE,BANKED
	K	 0000 0001 00KK KKKK	0
000000	0100	BANKSEL 0
	K	1111 KKKK KKKK KKKK:1110 110S KKKK KKKK	8722
	S	1111 0000 0001 0001:1110 110S 0000 1001	0
00177A	EC09 F011	CALL WRITE_COMMAND_SSD1309
	K	 0000 1110 KKKK KKKK	128
00177E	0E80	MOVLW 128
	K	 0000 0001 00KK KKKK	5
000000	0105	BANKSEL SSD1309SENDBYTE
	F	 0110 111A FFFF FFFF	1442
	A	 0110 111A 1010 0010	1
001782	6FA2	MOVWF SSD1309SENDBYTE,BANKED
	K	 0000 0001 00KK KKKK	0
000000	0100	BANKSEL 0
	K	1111 KKKK KKKK KKKK:1110 110S KKKK KKKK	8722
	S	1111 0000 0001 0001:1110 110S 0000 1001	0
001786	EC09 F011	CALL WRITE_COMMAND_SSD1309
	K	 0000 1110 KKKK KKKK	168
00178A	0EA8	MOVLW 168
	K	 0000 0001 00KK KKKK	5
000000	0105	BANKSEL SSD1309SENDBYTE
	F	 0110 111A FFFF FFFF	1442
	A	 0110 111A 1010 0010	1
00178E	6FA2	MOVWF SSD1309SENDBYTE,BANKED
	K	 0000 0001 00KK KKKK	0
000000	0100	BANKSEL 0
	K	1111 KKKK KKKK KKKK:1110 110S KKKK KKKK	8722
	S	1111 0000 0001 0001:1110 110S 0000 1001	0
001792	EC09 F011	CALL WRITE_COMMAND_SSD1309
	K	 0000 1110 KKKK KKKK	63
001796	0E3F	MOVLW 63
	K	 0000 0001 00KK KKKK	5
000000	0105	BANKSEL SSD1309SENDBYTE
	F	 0110 111A FFFF FFFF	1442
	A	 0110 111A 1010 0010	1
00179A	6FA2	MOVWF SSD1309SENDBYTE,BANKED
	K	 0000 0001 00KK KKKK	0
000000	0100	BANKSEL 0
	K	1111 KKKK KKKK KKKK:1110 110S KKKK KKKK	8722
	S	1111 0000 0001 0001:1110 110S 0000 1001	0
00179E	EC09 F011	CALL WRITE_COMMAND_SSD1309
	K	 0000 1110 KKKK KKKK	211
0017A2	0ED3	MOVLW 211
	K	 0000 0001 00KK KKKK	5
000000	0105	BANKSEL SSD1309SENDBYTE
	F	 0110 111A FFFF FFFF	1442
	A	 0110 111A 1010 0010	1
0017A6	6FA2	MOVWF SSD1309SENDBYTE,BANKED
	K	 0000 0001 00KK KKKK	0
000000	0100	BANKSEL 0
	K	1111 KKKK KKKK KKKK:1110 110S KKKK KKKK	8722
	S	1111 0000 0001 0001:1110 110S 0000 1001	0
0017AA	EC09 F011	CALL WRITE_COMMAND_SSD1309
	K	 0000 0001 00KK KKKK	5
000000	0105	BANKSEL SSD1309SENDBYTE
	F	 0110 101A FFFF FFFF	1442
	A	 0110 101A 1010 0010	1
0017B0	6BA2	CLRF SSD1309SENDBYTE,BANKED
	K	 0000 0001 00KK KKKK	0
000000	0100	BANKSEL 0
	K	1111 KKKK KKKK KKKK:1110 110S KKKK KKKK	8722
	S	1111 0000 0001 0001:1110 110S 0000 1001	0
0017B4	EC09 F011	CALL WRITE_COMMAND_SSD1309
	K	 0000 1110 KKKK KKKK	64
0017B8	0E40	MOVLW 64
	K	 0000 0001 00KK KKKK	5
000000	0105	BANKSEL SSD1309SENDBYTE
	F	 0110 111A FFFF FFFF	1442
	A	 0110 111A 1010 0010	1
0017BC	6FA2	MOVWF SSD1309SENDBYTE,BANKED
	K	 0000 0001 00KK KKKK	0
000000	0100	BANKSEL 0
	K	1111 KKKK KKKK KKKK:1110 110S KKKK KKKK	8722
	S	1111 0000 0001 0001:1110 110S 0000 1001	0
0017C0	EC09 F011	CALL WRITE_COMMAND_SSD1309
	K	 0000 1110 KKKK KKKK	141
0017C4	0E8D	MOVLW 141
	K	 0000 0001 00KK KKKK	5
000000	0105	BANKSEL SSD1309SENDBYTE
	F	 0110 111A FFFF FFFF	1442
	A	 0110 111A 1010 0010	1
0017C8	6FA2	MOVWF SSD1309SENDBYTE,BANKED
	K	 0000 0001 00KK KKKK	0
000000	0100	BANKSEL 0
	K	1111 KKKK KKKK KKKK:1110 110S KKKK KKKK	8722
	S	1111 0000 0001 0001:1110 110S 0000 1001	0
0017CC	EC09 F011	CALL WRITE_COMMAND_SSD1309
	K	 0000 1110 KKKK KKKK	20
0017D0	0E14	MOVLW 20
	K	 0000 0001 00KK KKKK	5
000000	0105	BANKSEL SSD1309SENDBYTE
	F	 0110 111A FFFF FFFF	1442
	A	 0110 111A 1010 0010	1
0017D4	6FA2	MOVWF SSD1309SENDBYTE,BANKED
	K	 0000 0001 00KK KKKK	0
000000	0100	BANKSEL 0
	K	1111 KKKK KKKK KKKK:1110 110S KKKK KKKK	8722
	S	1111 0000 0001 0001:1110 110S 0000 1001	0
0017D8	EC09 F011	CALL WRITE_COMMAND_SSD1309
	K	 0000 1110 KKKK KKKK	32
0017DC	0E20	MOVLW 32
	K	 0000 0001 00KK KKKK	5
000000	0105	BANKSEL SSD1309SENDBYTE
	F	 0110 111A FFFF FFFF	1442
	A	 0110 111A 1010 0010	1
0017E0	6FA2	MOVWF SSD1309SENDBYTE,BANKED
	K	 0000 0001 00KK KKKK	0
000000	0100	BANKSEL 0
	K	1111 KKKK KKKK KKKK:1110 110S KKKK KKKK	8722
	S	1111 0000 0001 0001:1110 110S 0000 1001	0
0017E4	EC09 F011	CALL WRITE_COMMAND_SSD1309
	K	 0000 1110 KKKK KKKK	16
0017E8	0E10	MOVLW 16
	K	 0000 0001 00KK KKKK	5
000000	0105	BANKSEL SSD1309SENDBYTE
	F	 0110 111A FFFF FFFF	1442
	A	 0110 111A 1010 0010	1
0017EC	6FA2	MOVWF SSD1309SENDBYTE,BANKED
	K	 0000 0001 00KK KKKK	0
000000	0100	BANKSEL 0
	K	1111 KKKK KKKK KKKK:1110 110S KKKK KKKK	8722
	S	1111 0000 0001 0001:1110 110S 0000 1001	0
0017F0	EC09 F011	CALL WRITE_COMMAND_SSD1309
	K	 0000 1110 KKKK KKKK	161
0017F4	0EA1	MOVLW 161
	K	 0000 0001 00KK KKKK	5
000000	0105	BANKSEL SSD1309SENDBYTE
	F	 0110 111A FFFF FFFF	1442
	A	 0110 111A 1010 0010	1
0017F8	6FA2	MOVWF SSD1309SENDBYTE,BANKED
	K	 0000 0001 00KK KKKK	0
000000	0100	BANKSEL 0
	K	1111 KKKK KKKK KKKK:1110 110S KKKK KKKK	8722
	S	1111 0000 0001 0001:1110 110S 0000 1001	0
0017FC	EC09 F011	CALL WRITE_COMMAND_SSD1309
	K	 0000 1110 KKKK KKKK	200
001800	0EC8	MOVLW 200
	K	 0000 0001 00KK KKKK	5
000000	0105	BANKSEL SSD1309SENDBYTE
	F	 0110 111A FFFF FFFF	1442
	A	 0110 111A 1010 0010	1
001804	6FA2	MOVWF SSD1309SENDBYTE,BANKED
	K	 0000 0001 00KK KKKK	0
000000	0100	BANKSEL 0
	K	1111 KKKK KKKK KKKK:1110 110S KKKK KKKK	8722
	S	1111 0000 0001 0001:1110 110S 0000 1001	0
001808	EC09 F011	CALL WRITE_COMMAND_SSD1309
	K	 0000 1110 KKKK KKKK	218
00180C	0EDA	MOVLW 218
	K	 0000 0001 00KK KKKK	5
000000	0105	BANKSEL SSD1309SENDBYTE
	F	 0110 111A FFFF FFFF	1442
	A	 0110 111A 1010 0010	1
001810	6FA2	MOVWF SSD1309SENDBYTE,BANKED
	K	 0000 0001 00KK KKKK	0
000000	0100	BANKSEL 0
	K	1111 KKKK KKKK KKKK:1110 110S KKKK KKKK	8722
	S	1111 0000 0001 0001:1110 110S 0000 1001	0
001814	EC09 F011	CALL WRITE_COMMAND_SSD1309
	K	 0000 1110 KKKK KKKK	18
001818	0E12	MOVLW 18
	K	 0000 0001 00KK KKKK	5
000000	0105	BANKSEL SSD1309SENDBYTE
	F	 0110 111A FFFF FFFF	1442
	A	 0110 111A 1010 0010	1
00181C	6FA2	MOVWF SSD1309SENDBYTE,BANKED
	K	 0000 0001 00KK KKKK	0
000000	0100	BANKSEL 0
	K	1111 KKKK KKKK KKKK:1110 110S KKKK KKKK	8722
	S	1111 0000 0001 0001:1110 110S 0000 1001	0
001820	EC09 F011	CALL WRITE_COMMAND_SSD1309
	K	 0000 1110 KKKK KKKK	129
001824	0E81	MOVLW 129
	K	 0000 0001 00KK KKKK	5
000000	0105	BANKSEL SSD1309SENDBYTE
	F	 0110 111A FFFF FFFF	1442
	A	 0110 111A 1010 0010	1
001828	6FA2	MOVWF SSD1309SENDBYTE,BANKED
	K	 0000 0001 00KK KKKK	0
000000	0100	BANKSEL 0
	K	1111 KKKK KKKK KKKK:1110 110S KKKK KKKK	8722
	S	1111 0000 0001 0001:1110 110S 0000 1001	0
00182C	EC09 F011	CALL WRITE_COMMAND_SSD1309
	K	 0000 1110 KKKK KKKK	207
001830	0ECF	MOVLW 207
	K	 0000 0001 00KK KKKK	5
000000	0105	BANKSEL SSD1309SENDBYTE
	F	 0110 111A FFFF FFFF	1442
	A	 0110 111A 1010 0010	1
001834	6FA2	MOVWF SSD1309SENDBYTE,BANKED
	K	 0000 0001 00KK KKKK	0
000000	0100	BANKSEL 0
	K	1111 KKKK KKKK KKKK:1110 110S KKKK KKKK	8722
	S	1111 0000 0001 0001:1110 110S 0000 1001	0
001838	EC09 F011	CALL WRITE_COMMAND_SSD1309
	K	 0000 1110 KKKK KKKK	217
00183C	0ED9	MOVLW 217
	K	 0000 0001 00KK KKKK	5
000000	0105	BANKSEL SSD1309SENDBYTE
	F	 0110 111A FFFF FFFF	1442
	A	 0110 111A 1010 0010	1
001840	6FA2	MOVWF SSD1309SENDBYTE,BANKED
	K	 0000 0001 00KK KKKK	0
000000	0100	BANKSEL 0
	K	1111 KKKK KKKK KKKK:1110 110S KKKK KKKK	8722
	S	1111 0000 0001 0001:1110 110S 0000 1001	0
001844	EC09 F011	CALL WRITE_COMMAND_SSD1309
	K	 0000 1110 KKKK KKKK	241
001848	0EF1	MOVLW 241
	K	 0000 0001 00KK KKKK	5
000000	0105	BANKSEL SSD1309SENDBYTE
	F	 0110 111A FFFF FFFF	1442
	A	 0110 111A 1010 0010	1
00184C	6FA2	MOVWF SSD1309SENDBYTE,BANKED
	K	 0000 0001 00KK KKKK	0
000000	0100	BANKSEL 0
	K	1111 KKKK KKKK KKKK:1110 110S KKKK KKKK	8722
	S	1111 0000 0001 0001:1110 110S 0000 1001	0
001850	EC09 F011	CALL WRITE_COMMAND_SSD1309
	K	 0000 1110 KKKK KKKK	219
001854	0EDB	MOVLW 219
	K	 0000 0001 00KK KKKK	5
000000	0105	BANKSEL SSD1309SENDBYTE
	F	 0110 111A FFFF FFFF	1442
	A	 0110 111A 1010 0010	1
001858	6FA2	MOVWF SSD1309SENDBYTE,BANKED
	K	 0000 0001 00KK KKKK	0
000000	0100	BANKSEL 0
	K	1111 KKKK KKKK KKKK:1110 110S KKKK KKKK	8722
	S	1111 0000 0001 0001:1110 110S 0000 1001	0
00185C	EC09 F011	CALL WRITE_COMMAND_SSD1309
	K	 0000 1110 KKKK KKKK	64
001860	0E40	MOVLW 64
	K	 0000 0001 00KK KKKK	5
000000	0105	BANKSEL SSD1309SENDBYTE
	F	 0110 111A FFFF FFFF	1442
	A	 0110 111A 1010 0010	1
001864	6FA2	MOVWF SSD1309SENDBYTE,BANKED
	K	 0000 0001 00KK KKKK	0
000000	0100	BANKSEL 0
	K	1111 KKKK KKKK KKKK:1110 110S KKKK KKKK	8722
	S	1111 0000 0001 0001:1110 110S 0000 1001	0
001868	EC09 F011	CALL WRITE_COMMAND_SSD1309
	K	 0000 1110 KKKK KKKK	164
00186C	0EA4	MOVLW 164
	K	 0000 0001 00KK KKKK	5
000000	0105	BANKSEL SSD1309SENDBYTE
	F	 0110 111A FFFF FFFF	1442
	A	 0110 111A 1010 0010	1
001870	6FA2	MOVWF SSD1309SENDBYTE,BANKED
	K	 0000 0001 00KK KKKK	0
000000	0100	BANKSEL 0
	K	1111 KKKK KKKK KKKK:1110 110S KKKK KKKK	8722
	S	1111 0000 0001 0001:1110 110S 0000 1001	0
001874	EC09 F011	CALL WRITE_COMMAND_SSD1309
	K	 0000 1110 KKKK KKKK	166
001878	0EA6	MOVLW 166
	K	 0000 0001 00KK KKKK	5
000000	0105	BANKSEL SSD1309SENDBYTE
	F	 0110 111A FFFF FFFF	1442
	A	 0110 111A 1010 0010	1
00187C	6FA2	MOVWF SSD1309SENDBYTE,BANKED
	K	 0000 0001 00KK KKKK	0
000000	0100	BANKSEL 0
	K	1111 KKKK KKKK KKKK:1110 110S KKKK KKKK	8722
	S	1111 0000 0001 0001:1110 110S 0000 1001	0
001880	EC09 F011	CALL WRITE_COMMAND_SSD1309
	N	 1101 1NNN NNNN NNNN	1087
001884	DC3F	RCALL GLCDCLS_SSD1309
	K	 0000 1110 KKKK KKKK	175
001886	0EAF	MOVLW 175
	K	 0000 0001 00KK KKKK	5
000000	0105	BANKSEL SSD1309SENDBYTE
	F	 0110 111A FFFF FFFF	1442
	A	 0110 111A 1010 0010	1
00188A	6FA2	MOVWF SSD1309SENDBYTE,BANKED
	K	 0000 0001 00KK KKKK	0
000000	0100	BANKSEL 0
	K	1111 KKKK KKKK KKKK:1110 1111 KKKK KKKK	8722
00188E	EF09 F011	GOTO WRITE_COMMAND_SSD1309


		INITPPS
	K	 0000 0001 00KK KKKK	1
000000	0101	BANKSEL TRISC
	F	 1001 BBBA FFFF FFFF	330
	B	 1001 BBBA 0100 1010	6
	A	 1001 110A 0100 1010	1
001894	9D4A	BCF TRISC,6,BANKED
	K	 0000 1110 KKKK KKKK	21
001896	0E15	MOVLW 21
	K	 0000 0001 00KK KKKK	2
000000	0102	BANKSEL U1RXPPS
	F	 0110 111A FFFF FFFF	626
	A	 0110 111A 0111 0010	1
00189A	6F72	MOVWF U1RXPPS,BANKED
	K	 0000 1110 KKKK KKKK	18
00189C	0E12	MOVLW 18
	F	 0110 111A FFFF FFFF	535
	A	 0110 111A 0001 0111	1
00189E	6F17	MOVWF RC6PPS,BANKED
	K	 0000 1110 KKKK KKKK	19
0018A0	0E13	MOVLW 19
	F	 0110 111A FFFF FFFF	625
	A	 0110 111A 0111 0001	1
0018A2	6F71	MOVWF I2C1SCLPPS,BANKED
	K	 0000 1110 KKKK KKKK	29
0018A4	0E1D	MOVLW 29
	F	 0110 111A FFFF FFFF	532
	A	 0110 111A 0001 0100	1
0018A6	6F14	MOVWF RC3PPS,BANKED
	K	 0000 1110 KKKK KKKK	20
0018A8	0E14	MOVLW 20
	F	 0110 111A FFFF FFFF	624
	A	 0110 111A 0111 0000	1
0018AA	6F70	MOVWF I2C1SDAPPS,BANKED
	K	 0000 1110 KKKK KKKK	30
0018AC	0E1E	MOVLW 30
	F	 0110 111A FFFF FFFF	533
	A	 0110 111A 0001 0101	1
0018AE	6F15	MOVWF RC4PPS,BANKED
	K	 0000 0001 00KK KKKK	0
000000	0100	BANKSEL 0
	S	 0000 0000 0001 001S	0
0018B2	0012	RETURN


		INITSYS
	K	 0000 0001 00KK KKKK	0
0018B4	0100	MOVLB 0
	K	 0000 1110 KKKK KKKK	96
0018B6	0E60	MOVLW 96
	F	 0110 111A FFFF FFFF	173
	A	 0110 111A 1010 1101	1
0018B8	6FAD	MOVWF OSCCON1,BANKED
	F	 0110 101A FFFF FFFF	175
	A	 0110 101A 1010 1111	1
0018BA	6BAF	CLRF OSCCON3,BANKED
	F	 0110 101A FFFF FFFF	179
	A	 0110 101A 1011 0011	1
0018BC	6BB3	CLRF OSCEN,BANKED
	F	 0110 101A FFFF FFFF	176
	A	 0110 101A 1011 0000	1
0018BE	6BB0	CLRF OSCTUNE,BANKED
	K	 0000 1110 KKKK KKKK	96
0018C0	0E60	MOVLW 96
	F	 0110 111A FFFF FFFF	173
	A	 0110 111A 1010 1101	1
0018C2	6FAD	MOVWF OSCCON1,BANKED
	K	 0000 1110 KKKK KKKK	8
0018C4	0E08	MOVLW 8
	F	 0110 111A FFFF FFFF	177
	A	 0110 111A 1011 0001	1
0018C6	6FB1	MOVWF OSCFRQ,BANKED
	F	 0110 101A FFFF FFFF	1272
	A	 0110 101A 1111 1000	0
0018C8	6AF8	CLRF TBLPTRU,ACCESS
	K	 0000 0001 00KK KKKK	3
000000	0103	BANKSEL ADCON0
	F	 1001 BBBA FFFF FFFF	1011
	B	 1001 BBBA 1111 0011	2
	A	 1001 010A 1111 0011	1
0018CC	95F3	BCF ADCON0,ADFM0,BANKED
	F	 1001 BBBA FFFF FFFF	1011
	B	 1001 BBBA 1111 0011	7
	A	 1001 111A 1111 0011	1
0018CE	9FF3	BCF ADCON0,ADON,BANKED
	K	 0000 0001 00KK KKKK	4
000000	0104	BANKSEL ANSELA
	F	 0110 101A FFFF FFFF	1024
	A	 0110 101A 0000 0000	1
0018D2	6B00	CLRF ANSELA,BANKED
	F	 0110 101A FFFF FFFF	1032
	A	 0110 101A 0000 1000	1
0018D4	6B08	CLRF ANSELB,BANKED
	F	 0110 101A FFFF FFFF	1040
	A	 0110 101A 0001 0000	1
0018D6	6B10	CLRF ANSELC,BANKED
	F	 0110 101A FFFF FFFF	1056
	A	 0110 101A 0010 0000	1
0018D8	6B20	CLRF ANSELE,BANKED
	K	 0000 0001 00KK KKKK	0
000000	0100	BANKSEL CM2CON0
	F	 1001 BBBA FFFF FFFF	116
	B	 1001 BBBA 0111 0100	7
	A	 1001 111A 0111 0100	1
0018DC	9F74	BCF CM2CON0,C2EN,BANKED
	F	 1001 BBBA FFFF FFFF	112
	B	 1001 BBBA 0111 0000	7
	A	 1001 111A 0111 0000	1
0018DE	9F70	BCF CM1CON0,C1EN,BANKED
	K	 0000 0001 00KK KKKK	1
000000	0101	BANKSEL PORTA
	F	 0110 101A FFFF FFFF	336
	A	 0110 101A 0101 0000	1
0018E2	6B50	CLRF PORTA,BANKED
	F	 0110 101A FFFF FFFF	337
	A	 0110 101A 0101 0001	1
0018E4	6B51	CLRF PORTB,BANKED
	F	 0110 101A FFFF FFFF	338
	A	 0110 101A 0101 0010	1
0018E6	6B52	CLRF PORTC,BANKED
	F	 0110 101A FFFF FFFF	339
	A	 0110 101A 0101 0011	1
0018E8	6B53	CLRF PORTD,BANKED
	F	 0110 101A FFFF FFFF	340
	A	 0110 101A 0101 0100	1
0018EA	6B54	CLRF PORTE,BANKED
	K	 0000 0001 00KK KKKK	0
000000	0100	BANKSEL 0
	S	 0000 0000 0001 001S	0
0018EE	0012	RETURN


		FN_PAD
	S	1111 DDDD DDDD DDDD:1100 SSSS SSSS SSSS	1479
	D	1111 DDDD DDDD DDDD:1100 0101 1100 0111	1257
0018F0	C5C7 F4E9	MOVFF SYSSYSINSTRINGHANDLER,AFSR0
	S	1111 DDDD DDDD DDDD:1100 SSSS SSSS SSSS	1480
	D	1111 DDDD DDDD DDDD:1100 0101 1100 1000	1258
0018F4	C5C8 F4EA	MOVFF SYSSYSINSTRINGHANDLER_H,AFSR0_H
	K	 0000 0001 00KK KKKK	5
000000	0105	BANKSEL SYSSTRLEN
	F	 0101 00DA FFFF FFFF	1476
	D	 0101 00DA 1100 0100	0
	A	 0101 000A 1100 0100	1
0018FA	51C4	MOVF SYSSTRLEN,W,BANKED
	F	 0101 11DA FFFF FFFF	1263
	D	 0101 11DA 1110 1111	0
	A	 0101 110A 1110 1111	0
0018FC	5CEF	SUBWF INDF0,W,ACCESS
	F	 1011 BBBA FFFF FFFF	1240
	B	 1011 BBBA 1101 1000	0
	A	 1011 000A 1101 1000	0
0018FE	B0D8	BTFSC STATUS, C,ACCESS
	N	 1101 0NNN NNNN NNNN	88
001900	D058	BRA ELSE50_1
	S	1111 DDDD DDDD DDDD:1100 SSSS SSSS SSSS	1479
	D	1111 DDDD DDDD DDDD:1100 0101 1100 0111	1257
001902	C5C7 F4E9	MOVFF SYSSYSINSTRINGHANDLER,AFSR0
	S	1111 DDDD DDDD DDDD:1100 SSSS SSSS SSSS	1480
	D	1111 DDDD DDDD DDDD:1100 0101 1100 1000	1258
001906	C5C8 F4EA	MOVFF SYSSYSINSTRINGHANDLER_H,AFSR0_H
	S	1111 DDDD DDDD DDDD:1100 SSSS SSSS SSSS	1263
	D	1111 DDDD DDDD DDDD:1100 0100 1110 1111	1450
00190A	C4EF F5AA	MOVFF INDF0,SYSCHARCOUNT
	F	1110 1110 00FF KKKK:1111 00KK KKKK KKKK	1
	K	1110 1110 0001 KKKK:1111 00KK KKKK KKKK	4228
00190E	EE14 F084	LFSR 1,PAD
	K	 0000 1110 KKKK KKKK	16
001912	0E10	MOVLW LOW STRINGTABLE100
	F	 0110 111A FFFF FFFF	1270
	A	 0110 111A 1111 0110	0
001914	6EF6	MOVWF TBLPTRL,ACCESS
	K	 0000 1110 KKKK KKKK	34
001916	0E22	MOVLW HIGH STRINGTABLE100
	F	 0110 111A FFFF FFFF	1271
	A	 0110 111A 1111 0111	0
001918	6EF7	MOVWF TBLPTRH,ACCESS
	K	 0000 1110 KKKK KKKK	0
00191A	0E00	MOVLW UPPER STRINGTABLE100
	F	 0110 111A FFFF FFFF	1272
	A	 0110 111A 1111 1000	0
00191C	6EF8	MOVWF TBLPTRU,ACCESS
	K	 0000 0001 00KK KKKK	0
000000	0100	BANKSEL 0
	K	1111 KKKK KKKK KKKK:1110 110S KKKK KKKK	8584
	S	1111 0000 0001 0000:1110 110S 1100 0100	0
001920	ECC4 F010	CALL SYSREADSTRING
	K	 0000 0001 00KK KKKK	5
000000	0105	BANKSEL SYSSTRINGTEMP
	F	 0110 101A FFFF FFFF	1475
	A	 0110 101A 1100 0011	1
001926	6BC3	CLRF SYSSTRINGTEMP,BANKED
	K	 0000 1110 KKKK KKKK	1
001928	0E01	MOVLW 1
	F	 0101 11DA FFFF FFFF	1450
	D	 0101 11DA 1010 1010	0
	A	 0101 110A 1010 1010	1
00192A	5DAA	SUBWF SYSCHARCOUNT,W,BANKED
	F	 1010 BBBA FFFF FFFF	1240
	B	 1010 BBBA 1101 1000	0
	A	 1010 000A 1101 1000	0
00192C	A0D8	BTFSS STATUS, C,ACCESS
	N	 1101 0NNN NNNN NNNN	23
00192E	D017	BRA SYSFORLOOPEND8
		SYSFORLOOP8
	F	 0010 10DA FFFF FFFF	1475
	D	 0010 10DA 1100 0011	1
	A	 0010 101A 1100 0011	1
001930	2BC3	INCF SYSSTRINGTEMP,F,BANKED
	F	 0101 00DA FFFF FFFF	1475
	D	 0101 00DA 1100 0011	0
	A	 0101 000A 1100 0011	1
001932	51C3	MOVF SYSSTRINGTEMP,W,BANKED
	F	 0010 01DA FFFF FFFF	1479
	D	 0010 01DA 1100 0111	0
	A	 0010 010A 1100 0111	1
001934	25C7	ADDWF SYSSYSINSTRINGHANDLER,W,BANKED
	F	 0110 111A FFFF FFFF	1257
	A	 0110 111A 1110 1001	0
001936	6EE9	MOVWF AFSR0,ACCESS
	K	 0000 1110 KKKK KKKK	0
001938	0E00	MOVLW 0
	F	 0010 00DA FFFF FFFF	1480
	D	 0010 00DA 1100 1000	0
	A	 0010 000A 1100 1000	1
00193A	21C8	ADDWFC SYSSYSINSTRINGHANDLER_H,W,BANKED
	F	 0110 111A FFFF FFFF	1258
	A	 0110 111A 1110 1010	0
00193C	6EEA	MOVWF AFSR0_H,ACCESS
	S	1111 DDDD DDDD DDDD:1100 SSSS SSSS SSSS	1262
	D	1111 DDDD DDDD DDDD:1100 0100 1110 1110	1447
00193E	C4EE F5A7	MOVFF POSTINC0,SYSARRAYTEMP1
	S	1111 DDDD DDDD DDDD:1100 SSSS SSSS SSSS	1447
	D	1111 DDDD DDDD DDDD:1100 0101 1010 0111	1448
001942	C5A7 F5A8	MOVFF SYSARRAYTEMP1,SYSARRAYTEMP2
	F	1110 1110 00FF KKKK:1111 00KK KKKK KKKK	0
	K	1110 1110 0000 KKKK:1111 00KK KKKK KKKK	4228
001946	EE04 F084	LFSR 0,PAD
	F	 0101 00DA FFFF FFFF	1475
	D	 0101 00DA 1100 0011	0
	A	 0101 000A 1100 0011	1
00194A	51C3	MOVF SYSSTRINGTEMP,W,BANKED
	F	 0010 01DA FFFF FFFF	1257
	D	 0010 01DA 1110 1001	1
	A	 0010 011A 1110 1001	0
00194C	26E9	ADDWF AFSR0,F,ACCESS
	K	 0000 1110 KKKK KKKK	0
00194E	0E00	MOVLW 0
	F	 0010 00DA FFFF FFFF	1258
	D	 0010 00DA 1110 1010	1
	A	 0010 001A 1110 1010	0
001950	22EA	ADDWFC AFSR0_H,F,ACCESS
	S	1111 DDDD DDDD DDDD:1100 SSSS SSSS SSSS	1448
	D	1111 DDDD DDDD DDDD:1100 0101 1010 1000	1262
001952	C5A8 F4EE	MOVFF SYSARRAYTEMP2,POSTINC0
	F	 0101 00DA FFFF FFFF	1450
	D	 0101 00DA 1010 1010	0
	A	 0101 000A 1010 1010	1
001956	51AA	MOVF SYSCHARCOUNT,W,BANKED
	F	 0101 11DA FFFF FFFF	1475
	D	 0101 11DA 1100 0011	0
	A	 0101 110A 1100 0011	1
001958	5DC3	SUBWF SYSSTRINGTEMP,W,BANKED
	F	 1010 BBBA FFFF FFFF	1240
	B	 1010 BBBA 1101 1000	0
	A	 1010 000A 1101 1000	0
00195A	A0D8	BTFSS STATUS, C,ACCESS
	N	 1101 0NNN NNNN NNNN	2025
00195C	D7E9	BRA SYSFORLOOP8
		SYSFORLOOPEND8
	F	 0010 10DA FFFF FFFF	1450
	D	 0010 10DA 1010 1010	0
	A	 0010 100A 1010 1010	1
00195E	29AA	INCF SYSCHARCOUNT,W,BANKED
	F	 0110 111A FFFF FFFF	1481
	A	 0110 111A 1100 1001	1
001960	6FC9	MOVWF SYSTEMP1,BANKED
	F	 0000 01DA FFFF FFFF	1481
	D	 0000 01DA 1100 1001	0
	A	 0000 010A 1100 1001	1
001962	05C9	DECF SYSTEMP1,W,BANKED
	F	 0110 111A FFFF FFFF	1475
	A	 0110 111A 1100 0011	1
001964	6FC3	MOVWF SYSSTRINGTEMP,BANKED
	F	 0010 10DA FFFF FFFF	1450
	D	 0010 10DA 1010 1010	0
	A	 0010 100A 1010 1010	1
001966	29AA	INCF SYSCHARCOUNT,W,BANKED
	F	 0110 111A FFFF FFFF	1481
	A	 0110 111A 1100 1001	1
001968	6FC9	MOVWF SYSTEMP1,BANKED
	S	1111 DDDD DDDD DDDD:1100 SSSS SSSS SSSS	1481
	D	1111 DDDD DDDD DDDD:1100 0101 1100 1001	1289
00196A	C5C9 F509	MOVFF SYSTEMP1,SYSBYTETEMPB
	S	1111 DDDD DDDD DDDD:1100 SSSS SSSS SSSS	1476
	D	1111 DDDD DDDD DDDD:1100 0101 1100 0100	1285
00196E	C5C4 F505	MOVFF SYSSTRLEN,SYSBYTETEMPA
	K	 0000 0001 00KK KKKK	0
000000	0100	BANKSEL 0
	N	 1101 1NNN NNNN NNNN	648
001974	DA88	RCALL SYSCOMPLESSTHAN
	F	 1011 BBBA FFFF FFFF	1280
	B	 1011 BBBA 0000 0000	0
	A	 1011 000A 0000 0000	0
001976	B000	BTFSC SYSBYTETEMPX,0,ACCESS
	N	 1101 0NNN NNNN NNNN	24
001978	D018	BRA SYSFORLOOPEND9
		SYSFORLOOP9
	K	 0000 0001 00KK KKKK	5
000000	0105	BANKSEL SYSSTRINGTEMP
	F	 0010 10DA FFFF FFFF	1475
	D	 0010 10DA 1100 0011	1
	A	 0010 101A 1100 0011	1
00197C	2BC3	INCF SYSSTRINGTEMP,F,BANKED
	K	 0000 1110 KKKK KKKK	1
00197E	0E01	MOVLW 1
	F	 0010 01DA FFFF FFFF	1477
	D	 0010 01DA 1100 0101	0
	A	 0010 010A 1100 0101	1
001980	25C5	ADDWF SYSSYSINSTRING3HANDLER,W,BANKED
	F	 0110 111A FFFF FFFF	1257
	A	 0110 111A 1110 1001	0
001982	6EE9	MOVWF AFSR0,ACCESS
	K	 0000 1110 KKKK KKKK	0
001984	0E00	MOVLW 0
	F	 0010 00DA FFFF FFFF	1478
	D	 0010 00DA 1100 0110	0
	A	 0010 000A 1100 0110	1
001986	21C6	ADDWFC SYSSYSINSTRING3HANDLER_H,W,BANKED
	F	 0110 111A FFFF FFFF	1258
	A	 0110 111A 1110 1010	0
001988	6EEA	MOVWF AFSR0_H,ACCESS
	S	1111 DDDD DDDD DDDD:1100 SSSS SSSS SSSS	1262
	D	1111 DDDD DDDD DDDD:1100 0100 1110 1110	1448
00198A	C4EE F5A8	MOVFF POSTINC0,SYSARRAYTEMP2
	S	1111 DDDD DDDD DDDD:1100 SSSS SSSS SSSS	1448
	D	1111 DDDD DDDD DDDD:1100 0101 1010 1000	1447
00198E	C5A8 F5A7	MOVFF SYSARRAYTEMP2,SYSARRAYTEMP1
	F	1110 1110 00FF KKKK:1111 00KK KKKK KKKK	0
	K	1110 1110 0000 KKKK:1111 00KK KKKK KKKK	4228
001992	EE04 F084	LFSR 0,PAD
	F	 0101 00DA FFFF FFFF	1475
	D	 0101 00DA 1100 0011	0
	A	 0101 000A 1100 0011	1
001996	51C3	MOVF SYSSTRINGTEMP,W,BANKED
	F	 0010 01DA FFFF FFFF	1257
	D	 0010 01DA 1110 1001	1
	A	 0010 011A 1110 1001	0
001998	26E9	ADDWF AFSR0,F,ACCESS
	K	 0000 1110 KKKK KKKK	0
00199A	0E00	MOVLW 0
	F	 0010 00DA FFFF FFFF	1258
	D	 0010 00DA 1110 1010	1
	A	 0010 001A 1110 1010	0
00199C	22EA	ADDWFC AFSR0_H,F,ACCESS
	S	1111 DDDD DDDD DDDD:1100 SSSS SSSS SSSS	1447
	D	1111 DDDD DDDD DDDD:1100 0101 1010 0111	1262
00199E	C5A7 F4EE	MOVFF SYSARRAYTEMP1,POSTINC0
	F	 0101 00DA FFFF FFFF	1476
	D	 0101 00DA 1100 0100	0
	A	 0101 000A 1100 0100	1
0019A2	51C4	MOVF SYSSTRLEN,W,BANKED
	F	 0101 11DA FFFF FFFF	1475
	D	 0101 11DA 1100 0011	0
	A	 0101 110A 1100 0011	1
0019A4	5DC3	SUBWF SYSSTRINGTEMP,W,BANKED
	F	 1010 BBBA FFFF FFFF	1240
	B	 1010 BBBA 1101 1000	0
	A	 1010 000A 1101 1000	0
0019A6	A0D8	BTFSS STATUS, C,ACCESS
	N	 1101 0NNN NNNN NNNN	2024
0019A8	D7E8	BRA SYSFORLOOP9
		SYSFORLOOPEND9
	S	0000 0000 0110 SSSS:1111 SSSS SSSS SSDD:1111 DDDD DDDD DDDD	1476
	D	0000 0000 0110 0001:1111 0111 0001 00DD:1111 DDDD DDDD DDDD	4228
0019AA	0061 F711 F084	MOVFFL SYSSTRLEN,SYSPAD_0
	N	 1101 0NNN NNNN NNNN	45
0019B0	D02D	BRA ENDIF50
		ELSE50_1
	F	 0110 101A FFFF FFFF	1475
	A	 0110 101A 1100 0011	1
0019B2	6BC3	CLRF SYSSTRINGTEMP,BANKED
	S	1111 DDDD DDDD DDDD:1100 SSSS SSSS SSSS	1479
	D	1111 DDDD DDDD DDDD:1100 0101 1100 0111	1257
0019B4	C5C7 F4E9	MOVFF SYSSYSINSTRINGHANDLER,AFSR0
	S	1111 DDDD DDDD DDDD:1100 SSSS SSSS SSSS	1480
	D	1111 DDDD DDDD DDDD:1100 0101 1100 1000	1258
0019B8	C5C8 F4EA	MOVFF SYSSYSINSTRINGHANDLER_H,AFSR0_H
	K	 0000 1110 KKKK KKKK	1
0019BC	0E01	MOVLW 1
	F	 0101 11DA FFFF FFFF	1263
	D	 0101 11DA 1110 1111	0
	A	 0101 110A 1110 1111	0
0019BE	5CEF	SUBWF INDF0,W,ACCESS
	F	 1010 BBBA FFFF FFFF	1240
	B	 1010 BBBA 1101 1000	0
	A	 1010 000A 1101 1000	0
0019C0	A0D8	BTFSS STATUS, C,ACCESS
	N	 1101 0NNN NNNN NNNN	27
0019C2	D01B	BRA SYSFORLOOPEND10
		SYSFORLOOP10
	F	 0010 10DA FFFF FFFF	1475
	D	 0010 10DA 1100 0011	1
	A	 0010 101A 1100 0011	1
0019C4	2BC3	INCF SYSSTRINGTEMP,F,BANKED
	F	 0101 00DA FFFF FFFF	1475
	D	 0101 00DA 1100 0011	0
	A	 0101 000A 1100 0011	1
0019C6	51C3	MOVF SYSSTRINGTEMP,W,BANKED
	F	 0010 01DA FFFF FFFF	1479
	D	 0010 01DA 1100 0111	0
	A	 0010 010A 1100 0111	1
0019C8	25C7	ADDWF SYSSYSINSTRINGHANDLER,W,BANKED
	F	 0110 111A FFFF FFFF	1257
	A	 0110 111A 1110 1001	0
0019CA	6EE9	MOVWF AFSR0,ACCESS
	K	 0000 1110 KKKK KKKK	0
0019CC	0E00	MOVLW 0
	F	 0010 00DA FFFF FFFF	1480
	D	 0010 00DA 1100 1000	0
	A	 0010 000A 1100 1000	1
0019CE	21C8	ADDWFC SYSSYSINSTRINGHANDLER_H,W,BANKED
	F	 0110 111A FFFF FFFF	1258
	A	 0110 111A 1110 1010	0
0019D0	6EEA	MOVWF AFSR0_H,ACCESS
	S	1111 DDDD DDDD DDDD:1100 SSSS SSSS SSSS	1262
	D	1111 DDDD DDDD DDDD:1100 0100 1110 1110	1447
0019D2	C4EE F5A7	MOVFF POSTINC0,SYSARRAYTEMP1
	S	1111 DDDD DDDD DDDD:1100 SSSS SSSS SSSS	1447
	D	1111 DDDD DDDD DDDD:1100 0101 1010 0111	1448
0019D6	C5A7 F5A8	MOVFF SYSARRAYTEMP1,SYSARRAYTEMP2
	F	1110 1110 00FF KKKK:1111 00KK KKKK KKKK	0
	K	1110 1110 0000 KKKK:1111 00KK KKKK KKKK	4228
0019DA	EE04 F084	LFSR 0,PAD
	F	 0101 00DA FFFF FFFF	1475
	D	 0101 00DA 1100 0011	0
	A	 0101 000A 1100 0011	1
0019DE	51C3	MOVF SYSSTRINGTEMP,W,BANKED
	F	 0010 01DA FFFF FFFF	1257
	D	 0010 01DA 1110 1001	1
	A	 0010 011A 1110 1001	0
0019E0	26E9	ADDWF AFSR0,F,ACCESS
	K	 0000 1110 KKKK KKKK	0
0019E2	0E00	MOVLW 0
	F	 0010 00DA FFFF FFFF	1258
	D	 0010 00DA 1110 1010	1
	A	 0010 001A 1110 1010	0
0019E4	22EA	ADDWFC AFSR0_H,F,ACCESS
	S	1111 DDDD DDDD DDDD:1100 SSSS SSSS SSSS	1448
	D	1111 DDDD DDDD DDDD:1100 0101 1010 1000	1262
0019E6	C5A8 F4EE	MOVFF SYSARRAYTEMP2,POSTINC0
	S	1111 DDDD DDDD DDDD:1100 SSSS SSSS SSSS	1479
	D	1111 DDDD DDDD DDDD:1100 0101 1100 0111	1257
0019EA	C5C7 F4E9	MOVFF SYSSYSINSTRINGHANDLER,AFSR0
	S	1111 DDDD DDDD DDDD:1100 SSSS SSSS SSSS	1480
	D	1111 DDDD DDDD DDDD:1100 0101 1100 1000	1258
0019EE	C5C8 F4EA	MOVFF SYSSYSINSTRINGHANDLER_H,AFSR0_H
	F	 0101 00DA FFFF FFFF	1263
	D	 0101 00DA 1110 1111	0
	A	 0101 000A 1110 1111	0
0019F2	50EF	MOVF INDF0,W,ACCESS
	F	 0101 11DA FFFF FFFF	1475
	D	 0101 11DA 1100 0011	0
	A	 0101 110A 1100 0011	1
0019F4	5DC3	SUBWF SYSSTRINGTEMP,W,BANKED
	F	 1010 BBBA FFFF FFFF	1240
	B	 1010 BBBA 1101 1000	0
	A	 1010 000A 1101 1000	0
0019F6	A0D8	BTFSS STATUS, C,ACCESS
	N	 1101 0NNN NNNN NNNN	2021
0019F8	D7E5	BRA SYSFORLOOP10
		SYSFORLOOPEND10
	S	1111 DDDD DDDD DDDD:1100 SSSS SSSS SSSS	1479
	D	1111 DDDD DDDD DDDD:1100 0101 1100 0111	1257
0019FA	C5C7 F4E9	MOVFF SYSSYSINSTRINGHANDLER,AFSR0
	S	1111 DDDD DDDD DDDD:1100 SSSS SSSS SSSS	1480
	D	1111 DDDD DDDD DDDD:1100 0101 1100 1000	1258
0019FE	C5C8 F4EA	MOVFF SYSSYSINSTRINGHANDLER_H,AFSR0_H
	S	1111 DDDD DDDD DDDD:1100 SSSS SSSS SSSS	1262
	D	1111 DDDD DDDD DDDD:1100 0100 1110 1110	1447
001A02	C4EE F5A7	MOVFF POSTINC0,SYSARRAYTEMP1
	S	0000 0000 0110 SSSS:1111 SSSS SSSS SSDD:1111 DDDD DDDD DDDD	1447
	D	0000 0000 0110 0001:1111 0110 1001 11DD:1111 DDDD DDDD DDDD	4228
001A06	0061 F69D F084	MOVFFL SYSARRAYTEMP1,SYSPAD_0
		ENDIF50
	K	 0000 0001 00KK KKKK	0
000000	0100	BANKSEL 0
	S	 0000 0000 0001 001S	0
001A0E	0012	RETURN


		PSET_SSD1309
	S	1111 DDDD DDDD DDDD:1100 SSSS SSSS SSSS	1336
	D	1111 DDDD DDDD DDDD:1100 0101 0011 1000	1285
001A10	C538 F505	MOVFF GLCDX,SYSBYTETEMPA
	K	 0000 1110 KKKK KKKK	128
001A14	0E80	MOVLW 128
	F	 0110 111A FFFF FFFF	1289
	A	 0110 111A 0000 1001	0
001A16	6E09	MOVWF SYSBYTETEMPB,ACCESS
	N	 1101 1NNN NNNN NNNN	566
001A18	DA36	RCALL SYSCOMPLESSTHAN
	F	 0001 11DA FFFF FFFF	1280
	D	 0001 11DA 0000 0000	1
	A	 0001 111A 0000 0000	0
001A1A	1E00	COMF SYSBYTETEMPX,F,ACCESS
	S	1111 DDDD DDDD DDDD:1100 SSSS SSSS SSSS	1280
	D	1111 DDDD DDDD DDDD:1100 0101 0000 0000	1481
001A1C	C500 F5C9	MOVFF SYSBYTETEMPX,SYSTEMP1
	S	1111 DDDD DDDD DDDD:1100 SSSS SSSS SSSS	1337
	D	1111 DDDD DDDD DDDD:1100 0101 0011 1001	1285
001A20	C539 F505	MOVFF GLCDY,SYSBYTETEMPA
	K	 0000 1110 KKKK KKKK	64
001A24	0E40	MOVLW 64
	F	 0110 111A FFFF FFFF	1289
	A	 0110 111A 0000 1001	0
001A26	6E09	MOVWF SYSBYTETEMPB,ACCESS
	N	 1101 1NNN NNNN NNNN	558
001A28	DA2E	RCALL SYSCOMPLESSTHAN
	F	 0001 11DA FFFF FFFF	1280
	D	 0001 11DA 0000 0000	1
	A	 0001 111A 0000 0000	0
001A2A	1E00	COMF SYSBYTETEMPX,F,ACCESS
	K	 0000 0001 00KK KKKK	5
000000	0105	BANKSEL SYSTEMP1
	F	 0101 00DA FFFF FFFF	1481
	D	 0101 00DA 1100 1001	0
	A	 0101 000A 1100 1001	1
001A2E	51C9	MOVF SYSTEMP1,W,BANKED
	F	 0001 00DA FFFF FFFF	1280
	D	 0001 00DA 0000 0000	0
	A	 0001 000A 0000 0000	0
001A30	1000	IORWF SYSBYTETEMPX,W,ACCESS
	F	 0110 111A FFFF FFFF	1485
	A	 0110 111A 1100 1101	1
001A32	6FCD	MOVWF SYSTEMP2,BANKED
	F	 1010 BBBA FFFF FFFF	1485
	B	 1010 BBBA 1100 1101	0
	A	 1010 000A 1100 1101	1
001A34	A1CD	BTFSS SYSTEMP2,0,BANKED
	N	 1101 0NNN NNNN NNNN	2
001A36	D002	BRA ENDIF72
	K	 0000 0001 00KK KKKK	0
000000	0100	BANKSEL 0
	S	 0000 0000 0001 001S	0
001A3A	0012	RETURN
		ENDIF72
	S	1111 DDDD DDDD DDDD:1100 SSSS SSSS SSSS	1337
	D	1111 DDDD DDDD DDDD:1100 0101 0011 1001	1443
001A3C	C539 F5A3	MOVFF GLCDY,SSD1309_BUFFERLOCATIONCALC
	F	 0110 101A FFFF FFFF	1444
	A	 0110 101A 1010 0100	1
001A40	6BA4	CLRF SSD1309_BUFFERLOCATIONCALC_H,BANKED
	K	 0000 1110 KKKK KKKK	3
001A42	0E03	MOVLW 3
	F	 0110 111A FFFF FFFF	1472
	A	 0110 111A 1100 0000	1
001A44	6FC0	MOVWF SYSREPEATTEMP1,BANKED
		SYSREPEATLOOP1
	F	 1001 BBBA FFFF FFFF	1240
	B	 1001 BBBA 1101 1000	0
	A	 1001 000A 1101 1000	0
001A46	90D8	BCF STATUS,C,ACCESS
	F	 0011 00DA FFFF FFFF	1444
	D	 0011 00DA 1010 0100	1
	A	 0011 001A 1010 0100	1
001A48	33A4	RRCF SSD1309_BUFFERLOCATIONCALC_H,F,BANKED
	F	 0011 00DA FFFF FFFF	1443
	D	 0011 00DA 1010 0011	1
	A	 0011 001A 1010 0011	1
001A4A	33A3	RRCF SSD1309_BUFFERLOCATIONCALC,F,BANKED
	F	 0010 11DA FFFF FFFF	1472
	D	 0010 11DA 1100 0000	1
	A	 0010 111A 1100 0000	1
001A4C	2FC0	DECFSZ SYSREPEATTEMP1,F,BANKED
	N	 1101 0NNN NNNN NNNN	2043
001A4E	D7FB	BRA SYSREPEATLOOP1
		SYSREPEATLOOPEND1
	F	 1001 BBBA FFFF FFFF	1240
	B	 1001 BBBA 1101 1000	0
	A	 1001 000A 1101 1000	0
001A50	90D8	BCF STATUS,C,ACCESS
	K	 0000 1110 KKKK KKKK	7
001A52	0E07	MOVLW 7
	F	 0110 111A FFFF FFFF	1472
	A	 0110 111A 1100 0000	1
001A54	6FC0	MOVWF SYSREPEATTEMP1,BANKED
		SYSREPEATLOOP2
	F	 0011 01DA FFFF FFFF	1443
	D	 0011 01DA 1010 0011	1
	A	 0011 011A 1010 0011	1
001A56	37A3	RLCF SSD1309_BUFFERLOCATIONCALC,F,BANKED
	F	 0011 01DA FFFF FFFF	1444
	D	 0011 01DA 1010 0100	1
	A	 0011 011A 1010 0100	1
001A58	37A4	RLCF SSD1309_BUFFERLOCATIONCALC_H,F,BANKED
	F	 0010 11DA FFFF FFFF	1472
	D	 0010 11DA 1100 0000	1
	A	 0010 111A 1100 0000	1
001A5A	2FC0	DECFSZ SYSREPEATTEMP1,F,BANKED
	N	 1101 0NNN NNNN NNNN	2044
001A5C	D7FC	BRA SYSREPEATLOOP2
		SYSREPEATLOOPEND2
	F	 0101 00DA FFFF FFFF	1443
	D	 0101 00DA 1010 0011	0
	A	 0101 000A 1010 0011	1
001A5E	51A3	MOVF SSD1309_BUFFERLOCATIONCALC,W,BANKED
	F	 0010 01DA FFFF FFFF	1336
	D	 0010 01DA 0011 1000	0
	A	 0010 010A 0011 1000	0
001A60	2438	ADDWF GLCDX,W,ACCESS
	F	 0110 111A FFFF FFFF	1485
	A	 0110 111A 1100 1101	1
001A62	6FCD	MOVWF SYSTEMP2,BANKED
	F	 0110 101A FFFF FFFF	1481
	A	 0110 101A 1100 1001	1
001A64	6BC9	CLRF SYSTEMP1,BANKED
	F	 0101 00DA FFFF FFFF	1444
	D	 0101 00DA 1010 0100	0
	A	 0101 000A 1010 0100	1
001A66	51A4	MOVF SSD1309_BUFFERLOCATIONCALC_H,W,BANKED
	F	 0010 00DA FFFF FFFF	1481
	D	 0010 00DA 1100 1001	0
	A	 0010 000A 1100 1001	1
001A68	21C9	ADDWFC SYSTEMP1,W,BANKED
	F	 0110 111A FFFF FFFF	1486
	A	 0110 111A 1100 1110	1
001A6A	6FCE	MOVWF SYSTEMP2_H,BANKED
	K	 0000 1110 KKKK KKKK	1
001A6C	0E01	MOVLW 1
	F	 0010 01DA FFFF FFFF	1485
	D	 0010 01DA 1100 1101	0
	A	 0010 010A 1100 1101	1
001A6E	25CD	ADDWF SYSTEMP2,W,BANKED
	F	 0110 111A FFFF FFFF	1443
	A	 0110 111A 1010 0011	1
001A70	6FA3	MOVWF SSD1309_BUFFERLOCATIONCALC,BANKED
	K	 0000 1110 KKKK KKKK	0
001A72	0E00	MOVLW 0
	F	 0010 00DA FFFF FFFF	1486
	D	 0010 00DA 1100 1110	0
	A	 0010 000A 1100 1110	1
001A74	21CE	ADDWFC SYSTEMP2_H,W,BANKED
	F	 0110 111A FFFF FFFF	1444
	A	 0110 111A 1010 0100	1
001A76	6FA4	MOVWF SSD1309_BUFFERLOCATIONCALC_H,BANKED
	S	1111 DDDD DDDD DDDD:1100 SSSS SSSS SSSS	1443
	D	1111 DDDD DDDD DDDD:1100 0101 1010 0011	1289
001A78	C5A3 F509	MOVFF SSD1309_BUFFERLOCATIONCALC,SYSWORDTEMPB
	S	1111 DDDD DDDD DDDD:1100 SSSS SSSS SSSS	1444
	D	1111 DDDD DDDD DDDD:1100 0101 1010 0100	1290
001A7C	C5A4 F50A	MOVFF SSD1309_BUFFERLOCATIONCALC_H,SYSWORDTEMPB_H
	F	 0110 101A FFFF FFFF	1285
	A	 0110 101A 0000 0101	0
001A80	6A05	CLRF SYSWORDTEMPA,ACCESS
	K	 0000 1110 KKKK KKKK	32
001A82	0E20	MOVLW 32
	F	 0110 111A FFFF FFFF	1286
	A	 0110 111A 0000 0110	0
001A84	6E06	MOVWF SYSWORDTEMPA_H,ACCESS
	K	 0000 0001 00KK KKKK	0
000000	0100	BANKSEL 0
	N	 1101 1NNN NNNN NNNN	515
001A88	DA03	RCALL SYSCOMPLESSTHAN16
	F	 1011 BBBA FFFF FFFF	1280
	B	 1011 BBBA 0000 0000	0
	A	 1011 000A 0000 0000	0
001A8A	B000	BTFSC SYSBYTETEMPX,0,ACCESS
	S	 0000 0000 0001 001S	0
001A8C	0012	RETURN
	F	1110 1110 00FF KKKK:1111 00KK KKKK KKKK	0
	K	1110 1110 0000 KKKK:1111 00KK KKKK KKKK	4351
001A8E	EE04 F0FF	LFSR 0,SSD1309_BUFFERALIAS
	K	 0000 0001 00KK KKKK	5
000000	0105	BANKSEL SSD1309_BUFFERLOCATIONCALC
	F	 0101 00DA FFFF FFFF	1443
	D	 0101 00DA 1010 0011	0
	A	 0101 000A 1010 0011	1
001A94	51A3	MOVF SSD1309_BUFFERLOCATIONCALC,W,BANKED
	F	 0010 01DA FFFF FFFF	1257
	D	 0010 01DA 1110 1001	1
	A	 0010 011A 1110 1001	0
001A96	26E9	ADDWF AFSR0,F,ACCESS
	F	 0101 00DA FFFF FFFF	1444
	D	 0101 00DA 1010 0100	0
	A	 0101 000A 1010 0100	1
001A98	51A4	MOVF SSD1309_BUFFERLOCATIONCALC_H,W,BANKED
	F	 0010 00DA FFFF FFFF	1258
	D	 0010 00DA 1110 1010	1
	A	 0010 001A 1110 1010	0
001A9A	22EA	ADDWFC AFSR0_H,F,ACCESS
	S	1111 DDDD DDDD DDDD:1100 SSSS SSSS SSSS	1263
	D	1111 DDDD DDDD DDDD:1100 0100 1110 1111	1323
001A9C	C4EF F52B	MOVFF INDF0,GLCDDATATEMP
	K	 0000 1110 KKKK KKKK	7
001AA0	0E07	MOVLW 7
	F	 0001 01DA FFFF FFFF	1337
	D	 0001 01DA 0011 1001	0
	A	 0001 010A 0011 1001	0
001AA2	1439	ANDWF GLCDY,W,ACCESS
	F	 0110 111A FFFF FFFF	1319
	A	 0110 111A 0010 0111	0
001AA4	6E27	MOVWF GLCDBITNO,ACCESS
	F	 1011 BBBA FFFF FFFF	1321
	B	 1011 BBBA 0010 1001	0
	A	 1011 000A 0010 1001	0
001AA6	B029	BTFSC GLCDCOLOUR,0,ACCESS
	N	 1101 0NNN NNNN NNNN	4
001AA8	D004	BRA ELSE74_1
	K	 0000 1110 KKKK KKKK	254
001AAA	0EFE	MOVLW 254
	F	 0110 111A FFFF FFFF	1320
	A	 0110 111A 0010 1000	0
001AAC	6E28	MOVWF GLCDCHANGE,ACCESS
	F	 1000 BBBA FFFF FFFF	1240
	B	 1000 BBBA 1101 1000	0
	A	 1000 000A 1101 1000	0
001AAE	80D8	BSF STATUS,C,ACCESS
	N	 1101 0NNN NNNN NNNN	3
001AB0	D003	BRA ENDIF74
		ELSE74_1
	K	 0000 1110 KKKK KKKK	1
001AB2	0E01	MOVLW 1
	F	 0110 111A FFFF FFFF	1320
	A	 0110 111A 0010 1000	0
001AB4	6E28	MOVWF GLCDCHANGE,ACCESS
	F	 1001 BBBA FFFF FFFF	1240
	B	 1001 BBBA 1101 1000	0
	A	 1001 000A 1101 1000	0
001AB6	90D8	BCF STATUS,C,ACCESS
		ENDIF74
	S	1111 DDDD DDDD DDDD:1100 SSSS SSSS SSSS	1319
	D	1111 DDDD DDDD DDDD:1100 0101 0010 0111	1472
001AB8	C527 F5C0	MOVFF GLCDBITNO,SYSREPEATTEMP1
	F	 0101 00DA FFFF FFFF	1472
	D	 0101 00DA 1100 0000	1
	A	 0101 001A 1100 0000	1
001ABC	53C0	MOVF SYSREPEATTEMP1,F,BANKED
	F	 1011 BBBA FFFF FFFF	1240
	B	 1011 BBBA 1101 1000	2
	A	 1011 010A 1101 1000	0
001ABE	B4D8	BTFSC STATUS, Z,ACCESS
	N	 1101 0NNN NNNN NNNN	3
001AC0	D003	BRA SYSREPEATLOOPEND3
		SYSREPEATLOOP3
	F	 0011 01DA FFFF FFFF	1320
	D	 0011 01DA 0010 1000	1
	A	 0011 011A 0010 1000	0
001AC2	3628	RLCF GLCDCHANGE,F,ACCESS
	F	 0010 11DA FFFF FFFF	1472
	D	 0010 11DA 1100 0000	1
	A	 0010 111A 1100 0000	1
001AC4	2FC0	DECFSZ SYSREPEATTEMP1,F,BANKED
	N	 1101 0NNN NNNN NNNN	2045
001AC6	D7FD	BRA SYSREPEATLOOP3
		SYSREPEATLOOPEND3
	F	 1011 BBBA FFFF FFFF	1321
	B	 1011 BBBA 0010 1001	0
	A	 1011 000A 0010 1001	0
001AC8	B029	BTFSC GLCDCOLOUR,0,ACCESS
	N	 1101 0NNN NNNN NNNN	4
001ACA	D004	BRA ELSE75_1
	F	 0101 00DA FFFF FFFF	1323
	D	 0101 00DA 0010 1011	0
	A	 0101 000A 0010 1011	0
001ACC	502B	MOVF GLCDDATATEMP,W,ACCESS
	F	 0001 01DA FFFF FFFF	1320
	D	 0001 01DA 0010 1000	0
	A	 0001 010A 0010 1000	0
001ACE	1428	ANDWF GLCDCHANGE,W,ACCESS
	F	 0110 111A FFFF FFFF	1323
	A	 0110 111A 0010 1011	0
001AD0	6E2B	MOVWF GLCDDATATEMP,ACCESS
	N	 1101 0NNN NNNN NNNN	3
001AD2	D003	BRA ENDIF75
		ELSE75_1
	F	 0101 00DA FFFF FFFF	1323
	D	 0101 00DA 0010 1011	0
	A	 0101 000A 0010 1011	0
001AD4	502B	MOVF GLCDDATATEMP,W,ACCESS
	F	 0001 00DA FFFF FFFF	1320
	D	 0001 00DA 0010 1000	0
	A	 0001 000A 0010 1000	0
001AD6	1028	IORWF GLCDCHANGE,W,ACCESS
	F	 0110 111A FFFF FFFF	1323
	A	 0110 111A 0010 1011	0
001AD8	6E2B	MOVWF GLCDDATATEMP,ACCESS
		ENDIF75
	F	1110 1110 00FF KKKK:1111 00KK KKKK KKKK	0
	K	1110 1110 0000 KKKK:1111 00KK KKKK KKKK	4351
001ADA	EE04 F0FF	LFSR 0,SSD1309_BUFFERALIAS
	F	 0101 00DA FFFF FFFF	1443
	D	 0101 00DA 1010 0011	0
	A	 0101 000A 1010 0011	1
001ADE	51A3	MOVF SSD1309_BUFFERLOCATIONCALC,W,BANKED
	F	 0010 01DA FFFF FFFF	1257
	D	 0010 01DA 1110 1001	1
	A	 0010 011A 1110 1001	0
001AE0	26E9	ADDWF AFSR0,F,ACCESS
	F	 0101 00DA FFFF FFFF	1444
	D	 0101 00DA 1010 0100	0
	A	 0101 000A 1010 0100	1
001AE2	51A4	MOVF SSD1309_BUFFERLOCATIONCALC_H,W,BANKED
	F	 0010 00DA FFFF FFFF	1258
	D	 0010 00DA 1110 1010	1
	A	 0010 001A 1110 1010	0
001AE4	22EA	ADDWFC AFSR0_H,F,ACCESS
	F	 0101 00DA FFFF FFFF	1323
	D	 0101 00DA 0010 1011	0
	A	 0101 000A 0010 1011	0
001AE6	502B	MOVF GLCDDATATEMP,W,ACCESS
	F	 0101 11DA FFFF FFFF	1263
	D	 0101 11DA 1110 1111	0
	A	 0101 110A 1110 1111	0
001AE8	5CEF	SUBWF INDF0,W,ACCESS
	F	 1011 BBBA FFFF FFFF	1240
	B	 1011 BBBA 1101 1000	2
	A	 1011 010A 1101 1000	0
001AEA	B4D8	BTFSC STATUS, Z,ACCESS
	N	 1101 0NNN NNNN NNNN	18
001AEC	D012	BRA ENDIF76
	F	1110 1110 00FF KKKK:1111 00KK KKKK KKKK	0
	K	1110 1110 0000 KKKK:1111 00KK KKKK KKKK	4351
001AEE	EE04 F0FF	LFSR 0,SSD1309_BUFFERALIAS
	F	 0101 00DA FFFF FFFF	1443
	D	 0101 00DA 1010 0011	0
	A	 0101 000A 1010 0011	1
001AF2	51A3	MOVF SSD1309_BUFFERLOCATIONCALC,W,BANKED
	F	 0010 01DA FFFF FFFF	1257
	D	 0010 01DA 1110 1001	1
	A	 0010 011A 1110 1001	0
001AF4	26E9	ADDWF AFSR0,F,ACCESS
	F	 0101 00DA FFFF FFFF	1444
	D	 0101 00DA 1010 0100	0
	A	 0101 000A 1010 0100	1
001AF6	51A4	MOVF SSD1309_BUFFERLOCATIONCALC_H,W,BANKED
	F	 0010 00DA FFFF FFFF	1258
	D	 0010 00DA 1110 1010	1
	A	 0010 001A 1110 1010	0
001AF8	22EA	ADDWFC AFSR0_H,F,ACCESS
	S	1111 DDDD DDDD DDDD:1100 SSSS SSSS SSSS	1323
	D	1111 DDDD DDDD DDDD:1100 0101 0010 1011	1263
001AFA	C52B F4EF	MOVFF GLCDDATATEMP,INDF0
	S	1111 DDDD DDDD DDDD:1100 SSSS SSSS SSSS	1336
	D	1111 DDDD DDDD DDDD:1100 0101 0011 1000	1425
001AFE	C538 F591	MOVFF GLCDX,LOCX
	S	1111 DDDD DDDD DDDD:1100 SSSS SSSS SSSS	1337
	D	1111 DDDD DDDD DDDD:1100 0101 0011 1001	1426
001B02	C539 F592	MOVFF GLCDY,LOCY
	K	 0000 0001 00KK KKKK	0
000000	0100	BANKSEL 0
	K	1111 KKKK KKKK KKKK:1110 110S KKKK KKKK	2156
	S	1111 0000 0000 0100:1110 110S 0011 0110	0
001B08	EC36 F004	CALL CURSOR_POSITION_SSD1309
	S	1111 DDDD DDDD DDDD:1100 SSSS SSSS SSSS	1323
	D	1111 DDDD DDDD DDDD:1100 0101 0010 1011	1442
001B0C	C52B F5A2	MOVFF GLCDDATATEMP,SSD1309SENDBYTE
	N	 1101 1NNN NNNN NNNN	914
001B10	DB92	RCALL WRITE_DATA_SSD1309
		ENDIF76
	K	 0000 0001 00KK KKKK	0
000000	0100	BANKSEL 0
	S	 0000 0000 0001 001S	0
001B14	0012	RETURN


		FN_READAD74
	K	 0000 0001 00KK KKKK	3
000000	0103	BANKSEL ADCON0
	F	 1001 BBBA FFFF FFFF	1011
	B	 1001 BBBA 1111 0011	2
	A	 1001 010A 1111 0011	1
001B18	95F3	BCF ADCON0,ADFM0,BANKED
	S	1111 DDDD DDDD DDDD:1100 SSSS SSSS SSSS	1296
	D	1111 DDDD DDDD DDDD:1100 0101 0001 0000	1004
001B1A	C510 F3EC	MOVFF ADREADPORT,ADPCH
		SYSSELECT1CASE1
	F	 0101 00DA FFFF FFFF	1296
	D	 0101 00DA 0001 0000	1
	A	 0101 001A 0001 0000	0
001B1E	5210	MOVF ADREADPORT,F,ACCESS
	F	 1010 BBBA FFFF FFFF	1240
	B	 1010 BBBA 1101 1000	2
	A	 1010 010A 1101 1000	0
001B20	A4D8	BTFSS STATUS, Z,ACCESS
	N	 1101 0NNN NNNN NNNN	3
001B22	D003	BRA SYSSELECT1CASE2
	K	 0000 0001 00KK KKKK	4
000000	0104	BANKSEL ANSELA
	F	 1000 BBBA FFFF FFFF	1024
	B	 1000 BBBA 0000 0000	0
	A	 1000 000A 0000 0000	1
001B26	8100	BSF ANSELA,0,BANKED
	N	 1101 0NNN NNNN NNNN	180
001B28	D0B4	BRA SYSSELECTEND1
		SYSSELECT1CASE2
	F	 0000 01DA FFFF FFFF	1296
	D	 0000 01DA 0001 0000	0
	A	 0000 010A 0001 0000	0
001B2A	0410	DECF ADREADPORT,W,ACCESS
	F	 1010 BBBA FFFF FFFF	1240
	B	 1010 BBBA 1101 1000	2
	A	 1010 010A 1101 1000	0
001B2C	A4D8	BTFSS STATUS, Z,ACCESS
	N	 1101 0NNN NNNN NNNN	3
001B2E	D003	BRA SYSSELECT1CASE3
	K	 0000 0001 00KK KKKK	4
000000	0104	BANKSEL ANSELA
	F	 1000 BBBA FFFF FFFF	1024
	B	 1000 BBBA 0000 0000	1
	A	 1000 001A 0000 0000	1
001B32	8300	BSF ANSELA,1,BANKED
	N	 1101 0NNN NNNN NNNN	174
001B34	D0AE	BRA SYSSELECTEND1
		SYSSELECT1CASE3
	K	 0000 1110 KKKK KKKK	2
001B36	0E02	MOVLW 2
	F	 0101 11DA FFFF FFFF	1296
	D	 0101 11DA 0001 0000	0
	A	 0101 110A 0001 0000	0
001B38	5C10	SUBWF ADREADPORT,W,ACCESS
	F	 1010 BBBA FFFF FFFF	1240
	B	 1010 BBBA 1101 1000	2
	A	 1010 010A 1101 1000	0
001B3A	A4D8	BTFSS STATUS, Z,ACCESS
	N	 1101 0NNN NNNN NNNN	3
001B3C	D003	BRA SYSSELECT1CASE4
	K	 0000 0001 00KK KKKK	4
000000	0104	BANKSEL ANSELA
	F	 1000 BBBA FFFF FFFF	1024
	B	 1000 BBBA 0000 0000	2
	A	 1000 010A 0000 0000	1
001B40	8500	BSF ANSELA,2,BANKED
	N	 1101 0NNN NNNN NNNN	167
001B42	D0A7	BRA SYSSELECTEND1
		SYSSELECT1CASE4
	K	 0000 1110 KKKK KKKK	3
001B44	0E03	MOVLW 3
	F	 0101 11DA FFFF FFFF	1296
	D	 0101 11DA 0001 0000	0
	A	 0101 110A 0001 0000	0
001B46	5C10	SUBWF ADREADPORT,W,ACCESS
	F	 1010 BBBA FFFF FFFF	1240
	B	 1010 BBBA 1101 1000	2
	A	 1010 010A 1101 1000	0
001B48	A4D8	BTFSS STATUS, Z,ACCESS
	N	 1101 0NNN NNNN NNNN	3
001B4A	D003	BRA SYSSELECT1CASE5
	K	 0000 0001 00KK KKKK	4
000000	0104	BANKSEL ANSELA
	F	 1000 BBBA FFFF FFFF	1024
	B	 1000 BBBA 0000 0000	3
	A	 1000 011A 0000 0000	1
001B4E	8700	BSF ANSELA,3,BANKED
	N	 1101 0NNN NNNN NNNN	160
001B50	D0A0	BRA SYSSELECTEND1
		SYSSELECT1CASE5
	K	 0000 1110 KKKK KKKK	4
001B52	0E04	MOVLW 4
	F	 0101 11DA FFFF FFFF	1296
	D	 0101 11DA 0001 0000	0
	A	 0101 110A 0001 0000	0
001B54	5C10	SUBWF ADREADPORT,W,ACCESS
	F	 1010 BBBA FFFF FFFF	1240
	B	 1010 BBBA 1101 1000	2
	A	 1010 010A 1101 1000	0
001B56	A4D8	BTFSS STATUS, Z,ACCESS
	N	 1101 0NNN NNNN NNNN	3
001B58	D003	BRA SYSSELECT1CASE6
	K	 0000 0001 00KK KKKK	4
000000	0104	BANKSEL ANSELA
	F	 1000 BBBA FFFF FFFF	1024
	B	 1000 BBBA 0000 0000	4
	A	 1000 100A 0000 0000	1
001B5C	8900	BSF ANSELA,4,BANKED
	N	 1101 0NNN NNNN NNNN	153
001B5E	D099	BRA SYSSELECTEND1
		SYSSELECT1CASE6
	K	 0000 1110 KKKK KKKK	5
001B60	0E05	MOVLW 5
	F	 0101 11DA FFFF FFFF	1296
	D	 0101 11DA 0001 0000	0
	A	 0101 110A 0001 0000	0
001B62	5C10	SUBWF ADREADPORT,W,ACCESS
	F	 1010 BBBA FFFF FFFF	1240
	B	 1010 BBBA 1101 1000	2
	A	 1010 010A 1101 1000	0
001B64	A4D8	BTFSS STATUS, Z,ACCESS
	N	 1101 0NNN NNNN NNNN	3
001B66	D003	BRA SYSSELECT1CASE7
	K	 0000 0001 00KK KKKK	4
000000	0104	BANKSEL ANSELA
	F	 1000 BBBA FFFF FFFF	1024
	B	 1000 BBBA 0000 0000	5
	A	 1000 101A 0000 0000	1
001B6A	8B00	BSF ANSELA,5,BANKED
	N	 1101 0NNN NNNN NNNN	146
001B6C	D092	BRA SYSSELECTEND1
		SYSSELECT1CASE7
	K	 0000 1110 KKKK KKKK	6
001B6E	0E06	MOVLW 6
	F	 0101 11DA FFFF FFFF	1296
	D	 0101 11DA 0001 0000	0
	A	 0101 110A 0001 0000	0
001B70	5C10	SUBWF ADREADPORT,W,ACCESS
	F	 1010 BBBA FFFF FFFF	1240
	B	 1010 BBBA 1101 1000	2
	A	 1010 010A 1101 1000	0
001B72	A4D8	BTFSS STATUS, Z,ACCESS
	N	 1101 0NNN NNNN NNNN	3
001B74	D003	BRA SYSSELECT1CASE8
	K	 0000 0001 00KK KKKK	4
000000	0104	BANKSEL ANSELA
	F	 1000 BBBA FFFF FFFF	1024
	B	 1000 BBBA 0000 0000	6
	A	 1000 110A 0000 0000	1
001B78	8D00	BSF ANSELA,6,BANKED
	N	 1101 0NNN NNNN NNNN	139
001B7A	D08B	BRA SYSSELECTEND1
		SYSSELECT1CASE8
	K	 0000 1110 KKKK KKKK	7
001B7C	0E07	MOVLW 7
	F	 0101 11DA FFFF FFFF	1296
	D	 0101 11DA 0001 0000	0
	A	 0101 110A 0001 0000	0
001B7E	5C10	SUBWF ADREADPORT,W,ACCESS
	F	 1010 BBBA FFFF FFFF	1240
	B	 1010 BBBA 1101 1000	2
	A	 1010 010A 1101 1000	0
001B80	A4D8	BTFSS STATUS, Z,ACCESS
	N	 1101 0NNN NNNN NNNN	3
001B82	D003	BRA SYSSELECT1CASE9
	K	 0000 0001 00KK KKKK	4
000000	0104	BANKSEL ANSELA
	F	 1000 BBBA FFFF FFFF	1024
	B	 1000 BBBA 0000 0000	7
	A	 1000 111A 0000 0000	1
001B86	8F00	BSF ANSELA,7,BANKED
	N	 1101 0NNN NNNN NNNN	132
001B88	D084	BRA SYSSELECTEND1
		SYSSELECT1CASE9
	K	 0000 1110 KKKK KKKK	8
001B8A	0E08	MOVLW 8
	F	 0101 11DA FFFF FFFF	1296
	D	 0101 11DA 0001 0000	0
	A	 0101 110A 0001 0000	0
001B8C	5C10	SUBWF ADREADPORT,W,ACCESS
	F	 1010 BBBA FFFF FFFF	1240
	B	 1010 BBBA 1101 1000	2
	A	 1010 010A 1101 1000	0
001B8E	A4D8	BTFSS STATUS, Z,ACCESS
	N	 1101 0NNN NNNN NNNN	3
001B90	D003	BRA SYSSELECT1CASE10
	K	 0000 0001 00KK KKKK	4
000000	0104	BANKSEL ANSELB
	F	 1000 BBBA FFFF FFFF	1032
	B	 1000 BBBA 0000 1000	0
	A	 1000 000A 0000 1000	1
001B94	8108	BSF ANSELB,0,BANKED
	N	 1101 0NNN NNNN NNNN	125
001B96	D07D	BRA SYSSELECTEND1
		SYSSELECT1CASE10
	K	 0000 1110 KKKK KKKK	9
001B98	0E09	MOVLW 9
	F	 0101 11DA FFFF FFFF	1296
	D	 0101 11DA 0001 0000	0
	A	 0101 110A 0001 0000	0
001B9A	5C10	SUBWF ADREADPORT,W,ACCESS
	F	 1010 BBBA FFFF FFFF	1240
	B	 1010 BBBA 1101 1000	2
	A	 1010 010A 1101 1000	0
001B9C	A4D8	BTFSS STATUS, Z,ACCESS
	N	 1101 0NNN NNNN NNNN	3
001B9E	D003	BRA SYSSELECT1CASE11
	K	 0000 0001 00KK KKKK	4
000000	0104	BANKSEL ANSELB
	F	 1000 BBBA FFFF FFFF	1032
	B	 1000 BBBA 0000 1000	1
	A	 1000 001A 0000 1000	1
001BA2	8308	BSF ANSELB,1,BANKED
	N	 1101 0NNN NNNN NNNN	118
001BA4	D076	BRA SYSSELECTEND1
		SYSSELECT1CASE11
	K	 0000 1110 KKKK KKKK	10
001BA6	0E0A	MOVLW 10
	F	 0101 11DA FFFF FFFF	1296
	D	 0101 11DA 0001 0000	0
	A	 0101 110A 0001 0000	0
001BA8	5C10	SUBWF ADREADPORT,W,ACCESS
	F	 1010 BBBA FFFF FFFF	1240
	B	 1010 BBBA 1101 1000	2
	A	 1010 010A 1101 1000	0
001BAA	A4D8	BTFSS STATUS, Z,ACCESS
	N	 1101 0NNN NNNN NNNN	3
001BAC	D003	BRA SYSSELECT1CASE12
	K	 0000 0001 00KK KKKK	4
000000	0104	BANKSEL ANSELB
	F	 1000 BBBA FFFF FFFF	1032
	B	 1000 BBBA 0000 1000	2
	A	 1000 010A 0000 1000	1
001BB0	8508	BSF ANSELB,2,BANKED
	N	 1101 0NNN NNNN NNNN	111
001BB2	D06F	BRA SYSSELECTEND1
		SYSSELECT1CASE12
	K	 0000 1110 KKKK KKKK	11
001BB4	0E0B	MOVLW 11
	F	 0101 11DA FFFF FFFF	1296
	D	 0101 11DA 0001 0000	0
	A	 0101 110A 0001 0000	0
001BB6	5C10	SUBWF ADREADPORT,W,ACCESS
	F	 1010 BBBA FFFF FFFF	1240
	B	 1010 BBBA 1101 1000	2
	A	 1010 010A 1101 1000	0
001BB8	A4D8	BTFSS STATUS, Z,ACCESS
	N	 1101 0NNN NNNN NNNN	3
001BBA	D003	BRA SYSSELECT1CASE13
	K	 0000 0001 00KK KKKK	4
000000	0104	BANKSEL ANSELB
	F	 1000 BBBA FFFF FFFF	1032
	B	 1000 BBBA 0000 1000	3
	A	 1000 011A 0000 1000	1
001BBE	8708	BSF ANSELB,3,BANKED
	N	 1101 0NNN NNNN NNNN	104
001BC0	D068	BRA SYSSELECTEND1
		SYSSELECT1CASE13
	K	 0000 1110 KKKK KKKK	12
001BC2	0E0C	MOVLW 12
	F	 0101 11DA FFFF FFFF	1296
	D	 0101 11DA 0001 0000	0
	A	 0101 110A 0001 0000	0
001BC4	5C10	SUBWF ADREADPORT,W,ACCESS
	F	 1010 BBBA FFFF FFFF	1240
	B	 1010 BBBA 1101 1000	2
	A	 1010 010A 1101 1000	0
001BC6	A4D8	BTFSS STATUS, Z,ACCESS
	N	 1101 0NNN NNNN NNNN	3
001BC8	D003	BRA SYSSELECT1CASE14
	K	 0000 0001 00KK KKKK	4
000000	0104	BANKSEL ANSELB
	F	 1000 BBBA FFFF FFFF	1032
	B	 1000 BBBA 0000 1000	4
	A	 1000 100A 0000 1000	1
001BCC	8908	BSF ANSELB,4,BANKED
	N	 1101 0NNN NNNN NNNN	97
001BCE	D061	BRA SYSSELECTEND1
		SYSSELECT1CASE14
	K	 0000 1110 KKKK KKKK	13
001BD0	0E0D	MOVLW 13
	F	 0101 11DA FFFF FFFF	1296
	D	 0101 11DA 0001 0000	0
	A	 0101 110A 0001 0000	0
001BD2	5C10	SUBWF ADREADPORT,W,ACCESS
	F	 1010 BBBA FFFF FFFF	1240
	B	 1010 BBBA 1101 1000	2
	A	 1010 010A 1101 1000	0
001BD4	A4D8	BTFSS STATUS, Z,ACCESS
	N	 1101 0NNN NNNN NNNN	3
001BD6	D003	BRA SYSSELECT1CASE15
	K	 0000 0001 00KK KKKK	4
000000	0104	BANKSEL ANSELB
	F	 1000 BBBA FFFF FFFF	1032
	B	 1000 BBBA 0000 1000	5
	A	 1000 101A 0000 1000	1
001BDA	8B08	BSF ANSELB,5,BANKED
	N	 1101 0NNN NNNN NNNN	90
001BDC	D05A	BRA SYSSELECTEND1
		SYSSELECT1CASE15
	K	 0000 1110 KKKK KKKK	14
001BDE	0E0E	MOVLW 14
	F	 0101 11DA FFFF FFFF	1296
	D	 0101 11DA 0001 0000	0
	A	 0101 110A 0001 0000	0
001BE0	5C10	SUBWF ADREADPORT,W,ACCESS
	F	 1010 BBBA FFFF FFFF	1240
	B	 1010 BBBA 1101 1000	2
	A	 1010 010A 1101 1000	0
001BE2	A4D8	BTFSS STATUS, Z,ACCESS
	N	 1101 0NNN NNNN NNNN	3
001BE4	D003	BRA SYSSELECT1CASE16
	K	 0000 0001 00KK KKKK	4
000000	0104	BANKSEL ANSELB
	F	 1000 BBBA FFFF FFFF	1032
	B	 1000 BBBA 0000 1000	6
	A	 1000 110A 0000 1000	1
001BE8	8D08	BSF ANSELB,6,BANKED
	N	 1101 0NNN NNNN NNNN	83
001BEA	D053	BRA SYSSELECTEND1
		SYSSELECT1CASE16
	K	 0000 1110 KKKK KKKK	15
001BEC	0E0F	MOVLW 15
	F	 0101 11DA FFFF FFFF	1296
	D	 0101 11DA 0001 0000	0
	A	 0101 110A 0001 0000	0
001BEE	5C10	SUBWF ADREADPORT,W,ACCESS
	F	 1010 BBBA FFFF FFFF	1240
	B	 1010 BBBA 1101 1000	2
	A	 1010 010A 1101 1000	0
001BF0	A4D8	BTFSS STATUS, Z,ACCESS
	N	 1101 0NNN NNNN NNNN	3
001BF2	D003	BRA SYSSELECT1CASE17
	K	 0000 0001 00KK KKKK	4
000000	0104	BANKSEL ANSELB
	F	 1000 BBBA FFFF FFFF	1032
	B	 1000 BBBA 0000 1000	7
	A	 1000 111A 0000 1000	1
001BF6	8F08	BSF ANSELB,7,BANKED
	N	 1101 0NNN NNNN NNNN	76
001BF8	D04C	BRA SYSSELECTEND1
		SYSSELECT1CASE17
	K	 0000 1110 KKKK KKKK	16
001BFA	0E10	MOVLW 16
	F	 0101 11DA FFFF FFFF	1296
	D	 0101 11DA 0001 0000	0
	A	 0101 110A 0001 0000	0
001BFC	5C10	SUBWF ADREADPORT,W,ACCESS
	F	 1010 BBBA FFFF FFFF	1240
	B	 1010 BBBA 1101 1000	2
	A	 1010 010A 1101 1000	0
001BFE	A4D8	BTFSS STATUS, Z,ACCESS
	N	 1101 0NNN NNNN NNNN	3
001C00	D003	BRA SYSSELECT1CASE18
	K	 0000 0001 00KK KKKK	4
000000	0104	BANKSEL ANSELC
	F	 1000 BBBA FFFF FFFF	1040
	B	 1000 BBBA 0001 0000	0
	A	 1000 000A 0001 0000	1
001C04	8110	BSF ANSELC,0,BANKED
	N	 1101 0NNN NNNN NNNN	69
001C06	D045	BRA SYSSELECTEND1
		SYSSELECT1CASE18
	K	 0000 1110 KKKK KKKK	17
001C08	0E11	MOVLW 17
	F	 0101 11DA FFFF FFFF	1296
	D	 0101 11DA 0001 0000	0
	A	 0101 110A 0001 0000	0
001C0A	5C10	SUBWF ADREADPORT,W,ACCESS
	F	 1010 BBBA FFFF FFFF	1240
	B	 1010 BBBA 1101 1000	2
	A	 1010 010A 1101 1000	0
001C0C	A4D8	BTFSS STATUS, Z,ACCESS
	N	 1101 0NNN NNNN NNNN	3
001C0E	D003	BRA SYSSELECT1CASE19
	K	 0000 0001 00KK KKKK	4
000000	0104	BANKSEL ANSELC
	F	 1000 BBBA FFFF FFFF	1040
	B	 1000 BBBA 0001 0000	1
	A	 1000 001A 0001 0000	1
001C12	8310	BSF ANSELC,1,BANKED
	N	 1101 0NNN NNNN NNNN	62
001C14	D03E	BRA SYSSELECTEND1
		SYSSELECT1CASE19
	K	 0000 1110 KKKK KKKK	18
001C16	0E12	MOVLW 18
	F	 0101 11DA FFFF FFFF	1296
	D	 0101 11DA 0001 0000	0
	A	 0101 110A 0001 0000	0
001C18	5C10	SUBWF ADREADPORT,W,ACCESS
	F	 1010 BBBA FFFF FFFF	1240
	B	 1010 BBBA 1101 1000	2
	A	 1010 010A 1101 1000	0
001C1A	A4D8	BTFSS STATUS, Z,ACCESS
	N	 1101 0NNN NNNN NNNN	3
001C1C	D003	BRA SYSSELECT1CASE20
	K	 0000 0001 00KK KKKK	4
000000	0104	BANKSEL ANSELC
	F	 1000 BBBA FFFF FFFF	1040
	B	 1000 BBBA 0001 0000	2
	A	 1000 010A 0001 0000	1
001C20	8510	BSF ANSELC,2,BANKED
	N	 1101 0NNN NNNN NNNN	55
001C22	D037	BRA SYSSELECTEND1
		SYSSELECT1CASE20
	K	 0000 1110 KKKK KKKK	19
001C24	0E13	MOVLW 19
	F	 0101 11DA FFFF FFFF	1296
	D	 0101 11DA 0001 0000	0
	A	 0101 110A 0001 0000	0
001C26	5C10	SUBWF ADREADPORT,W,ACCESS
	F	 1010 BBBA FFFF FFFF	1240
	B	 1010 BBBA 1101 1000	2
	A	 1010 010A 1101 1000	0
001C28	A4D8	BTFSS STATUS, Z,ACCESS
	N	 1101 0NNN NNNN NNNN	3
001C2A	D003	BRA SYSSELECT1CASE21
	K	 0000 0001 00KK KKKK	4
000000	0104	BANKSEL ANSELC
	F	 1000 BBBA FFFF FFFF	1040
	B	 1000 BBBA 0001 0000	3
	A	 1000 011A 0001 0000	1
001C2E	8710	BSF ANSELC,3,BANKED
	N	 1101 0NNN NNNN NNNN	48
001C30	D030	BRA SYSSELECTEND1
		SYSSELECT1CASE21
	K	 0000 1110 KKKK KKKK	20
001C32	0E14	MOVLW 20
	F	 0101 11DA FFFF FFFF	1296
	D	 0101 11DA 0001 0000	0
	A	 0101 110A 0001 0000	0
001C34	5C10	SUBWF ADREADPORT,W,ACCESS
	F	 1010 BBBA FFFF FFFF	1240
	B	 1010 BBBA 1101 1000	2
	A	 1010 010A 1101 1000	0
001C36	A4D8	BTFSS STATUS, Z,ACCESS
	N	 1101 0NNN NNNN NNNN	3
001C38	D003	BRA SYSSELECT1CASE22
	K	 0000 0001 00KK KKKK	4
000000	0104	BANKSEL ANSELC
	F	 1000 BBBA FFFF FFFF	1040
	B	 1000 BBBA 0001 0000	4
	A	 1000 100A 0001 0000	1
001C3C	8910	BSF ANSELC,4,BANKED
	N	 1101 0NNN NNNN NNNN	41
001C3E	D029	BRA SYSSELECTEND1
		SYSSELECT1CASE22
	K	 0000 1110 KKKK KKKK	21
001C40	0E15	MOVLW 21
	F	 0101 11DA FFFF FFFF	1296
	D	 0101 11DA 0001 0000	0
	A	 0101 110A 0001 0000	0
001C42	5C10	SUBWF ADREADPORT,W,ACCESS
	F	 1010 BBBA FFFF FFFF	1240
	B	 1010 BBBA 1101 1000	2
	A	 1010 010A 1101 1000	0
001C44	A4D8	BTFSS STATUS, Z,ACCESS
	N	 1101 0NNN NNNN NNNN	3
001C46	D003	BRA SYSSELECT1CASE23
	K	 0000 0001 00KK KKKK	4
000000	0104	BANKSEL ANSELC
	F	 1000 BBBA FFFF FFFF	1040
	B	 1000 BBBA 0001 0000	5
	A	 1000 101A 0001 0000	1
001C4A	8B10	BSF ANSELC,5,BANKED
	N	 1101 0NNN NNNN NNNN	34
001C4C	D022	BRA SYSSELECTEND1
		SYSSELECT1CASE23
	K	 0000 1110 KKKK KKKK	22
001C4E	0E16	MOVLW 22
	F	 0101 11DA FFFF FFFF	1296
	D	 0101 11DA 0001 0000	0
	A	 0101 110A 0001 0000	0
001C50	5C10	SUBWF ADREADPORT,W,ACCESS
	F	 1010 BBBA FFFF FFFF	1240
	B	 1010 BBBA 1101 1000	2
	A	 1010 010A 1101 1000	0
001C52	A4D8	BTFSS STATUS, Z,ACCESS
	N	 1101 0NNN NNNN NNNN	3
001C54	D003	BRA SYSSELECT1CASE24
	K	 0000 0001 00KK KKKK	4
000000	0104	BANKSEL ANSELC
	F	 1000 BBBA FFFF FFFF	1040
	B	 1000 BBBA 0001 0000	6
	A	 1000 110A 0001 0000	1
001C58	8D10	BSF ANSELC,6,BANKED
	N	 1101 0NNN NNNN NNNN	27
001C5A	D01B	BRA SYSSELECTEND1
		SYSSELECT1CASE24
	K	 0000 1110 KKKK KKKK	23
001C5C	0E17	MOVLW 23
	F	 0101 11DA FFFF FFFF	1296
	D	 0101 11DA 0001 0000	0
	A	 0101 110A 0001 0000	0
001C5E	5C10	SUBWF ADREADPORT,W,ACCESS
	F	 1010 BBBA FFFF FFFF	1240
	B	 1010 BBBA 1101 1000	2
	A	 1010 010A 1101 1000	0
001C60	A4D8	BTFSS STATUS, Z,ACCESS
	N	 1101 0NNN NNNN NNNN	3
001C62	D003	BRA SYSSELECT1CASE25
	K	 0000 0001 00KK KKKK	4
000000	0104	BANKSEL ANSELC
	F	 1000 BBBA FFFF FFFF	1040
	B	 1000 BBBA 0001 0000	7
	A	 1000 111A 0001 0000	1
001C66	8F10	BSF ANSELC,7,BANKED
	N	 1101 0NNN NNNN NNNN	20
001C68	D014	BRA SYSSELECTEND1
		SYSSELECT1CASE25
	K	 0000 1110 KKKK KKKK	32
001C6A	0E20	MOVLW 32
	F	 0101 11DA FFFF FFFF	1296
	D	 0101 11DA 0001 0000	0
	A	 0101 110A 0001 0000	0
001C6C	5C10	SUBWF ADREADPORT,W,ACCESS
	F	 1010 BBBA FFFF FFFF	1240
	B	 1010 BBBA 1101 1000	2
	A	 1010 010A 1101 1000	0
001C6E	A4D8	BTFSS STATUS, Z,ACCESS
	N	 1101 0NNN NNNN NNNN	3
001C70	D003	BRA SYSSELECT1CASE26
	K	 0000 0001 00KK KKKK	4
000000	0104	BANKSEL ANSELE
	F	 1000 BBBA FFFF FFFF	1056
	B	 1000 BBBA 0010 0000	0
	A	 1000 000A 0010 0000	1
001C74	8120	BSF ANSELE,0,BANKED
	N	 1101 0NNN NNNN NNNN	13
001C76	D00D	BRA SYSSELECTEND1
		SYSSELECT1CASE26
	K	 0000 1110 KKKK KKKK	33
001C78	0E21	MOVLW 33
	F	 0101 11DA FFFF FFFF	1296
	D	 0101 11DA 0001 0000	0
	A	 0101 110A 0001 0000	0
001C7A	5C10	SUBWF ADREADPORT,W,ACCESS
	F	 1010 BBBA FFFF FFFF	1240
	B	 1010 BBBA 1101 1000	2
	A	 1010 010A 1101 1000	0
001C7C	A4D8	BTFSS STATUS, Z,ACCESS
	N	 1101 0NNN NNNN NNNN	3
001C7E	D003	BRA SYSSELECT1CASE27
	K	 0000 0001 00KK KKKK	4
000000	0104	BANKSEL ANSELE
	F	 1000 BBBA FFFF FFFF	1056
	B	 1000 BBBA 0010 0000	1
	A	 1000 001A 0010 0000	1
001C82	8320	BSF ANSELE,1,BANKED
	N	 1101 0NNN NNNN NNNN	6
001C84	D006	BRA SYSSELECTEND1
		SYSSELECT1CASE27
	K	 0000 1110 KKKK KKKK	34
001C86	0E22	MOVLW 34
	F	 0101 11DA FFFF FFFF	1296
	D	 0101 11DA 0001 0000	0
	A	 0101 110A 0001 0000	0
001C88	5C10	SUBWF ADREADPORT,W,ACCESS
	F	 1010 BBBA FFFF FFFF	1240
	B	 1010 BBBA 1101 1000	2
	A	 1010 010A 1101 1000	0
001C8A	A4D8	BTFSS STATUS, Z,ACCESS
	N	 1101 0NNN NNNN NNNN	2
001C8C	D002	BRA SYSSELECTEND1
	K	 0000 0001 00KK KKKK	4
000000	0104	BANKSEL ANSELE
	F	 1000 BBBA FFFF FFFF	1056
	B	 1000 BBBA 0010 0000	2
	A	 1000 010A 0010 0000	1
001C90	8520	BSF ANSELE,2,BANKED
		SYSSELECTEND1
	K	 0000 0001 00KK KKKK	3
000000	0103	BANKSEL ADCON0
	F	 1001 BBBA FFFF FFFF	1011
	B	 1001 BBBA 1111 0011	4
	A	 1001 100A 1111 0011	1
001C94	99F3	BCF ADCON0,ADCS,BANKED
	K	 0000 1110 KKKK KKKK	1
001C96	0E01	MOVLW 1
	F	 0110 111A FFFF FFFF	1018
	A	 0110 111A 1111 1010	1
001C98	6FFA	MOVWF ADCLK,BANKED
	F	 1001 BBBA FFFF FFFF	1011
	B	 1001 BBBA 1111 0011	4
	A	 1001 100A 1111 0011	1
001C9A	99F3	BCF ADCON0,ADCS,BANKED
	K	 0000 1110 KKKK KKKK	15
001C9C	0E0F	MOVLW 15
	F	 0110 111A FFFF FFFF	1018
	A	 0110 111A 1111 1010	1
001C9E	6FFA	MOVWF ADCLK,BANKED
	F	 1001 BBBA FFFF FFFF	1018
	B	 1001 BBBA 1111 1010	2
	A	 1001 010A 1111 1010	1
001CA0	95FA	BCF ADCLK,ADCS2,BANKED
	F	 1001 BBBA FFFF FFFF	1018
	B	 1001 BBBA 1111 1010	1
	A	 1001 001A 1111 1010	1
001CA2	93FA	BCF ADCLK,ADCS1,BANKED
	F	 1000 BBBA FFFF FFFF	1018
	B	 1000 BBBA 1111 1010	0
	A	 1000 000A 1111 1010	1
001CA4	81FA	BSF ADCLK,ADCS0,BANKED
	F	 1001 BBBA FFFF FFFF	1011
	B	 1001 BBBA 1111 0011	2
	A	 1001 010A 1111 0011	1
001CA6	95F3	BCF ADCON0,ADFM0,BANKED
	F	 1001 BBBA FFFF FFFF	1011
	B	 1001 BBBA 1111 0011	2
	A	 1001 010A 1111 0011	1
001CA8	95F3	BCF ADCON0,ADFM0,BANKED
	S	1111 DDDD DDDD DDDD:1100 SSSS SSSS SSSS	1296
	D	1111 DDDD DDDD DDDD:1100 0101 0001 0000	1004
001CAA	C510 F3EC	MOVFF ADREADPORT,ADPCH
	F	 1000 BBBA FFFF FFFF	1011
	B	 1000 BBBA 1111 0011	7
	A	 1000 111A 1111 0011	1
001CAE	8FF3	BSF ADCON0,ADON,BANKED
	K	 0000 1110 KKKK KKKK	2
001CB0	0E02	MOVLW 2
	F	 0110 111A FFFF FFFF	1285
	A	 0110 111A 0000 0101	0
001CB2	6E05	MOVWF SYSWAITTEMP10US,ACCESS
	K	 0000 0001 00KK KKKK	0
000000	0100	BANKSEL 0
	K	1111 KKKK KKKK KKKK:1110 110S KKKK KKKK	3548
	S	1111 0000 0000 0110:1110 110S 1110 1110	0
001CB6	ECEE F006	CALL DELAY_10US
	K	 0000 0001 00KK KKKK	3
000000	0103	BANKSEL ADCON0
	F	 1000 BBBA FFFF FFFF	1011
	B	 1000 BBBA 1111 0011	0
	A	 1000 000A 1111 0011	1
001CBC	81F3	BSF ADCON0,GO_NOT_DONE,BANKED
001CBE	0000	NOP
		SYSWAITLOOP1
	F	 1011 BBBA FFFF FFFF	1011
	B	 1011 BBBA 1111 0011	0
	A	 1011 000A 1111 0011	1
001CC0	B1F3	BTFSC ADCON0,GO_NOT_DONE,BANKED
	N	 1101 0NNN NNNN NNNN	2046
001CC2	D7FE	BRA SYSWAITLOOP1
	F	 1001 BBBA FFFF FFFF	1011
	B	 1001 BBBA 1111 0011	7
	A	 1001 111A 1111 0011	1
001CC4	9FF3	BCF ADCON0,ADON,BANKED
	K	 0000 0001 00KK KKKK	4
000000	0104	BANKSEL ANSELA
	F	 0110 101A FFFF FFFF	1024
	A	 0110 101A 0000 0000	1
001CC8	6B00	CLRF ANSELA,BANKED
	F	 0110 101A FFFF FFFF	1032
	A	 0110 101A 0000 1000	1
001CCA	6B08	CLRF ANSELB,BANKED
	F	 0110 101A FFFF FFFF	1040
	A	 0110 101A 0001 0000	1
001CCC	6B10	CLRF ANSELC,BANKED
	F	 0110 101A FFFF FFFF	1056
	A	 0110 101A 0010 0000	1
001CCE	6B20	CLRF ANSELE,BANKED
	S	1111 DDDD DDDD DDDD:1100 SSSS SSSS SSSS	1003
	D	1111 DDDD DDDD DDDD:1100 0011 1110 1011	1440
001CD0	C3EB F5A0	MOVFF ADRESH,READAD
	K	 0000 0001 00KK KKKK	3
000000	0103	BANKSEL ADCON0
	F	 1001 BBBA FFFF FFFF	1011
	B	 1001 BBBA 1111 0011	2
	A	 1001 010A 1111 0011	1
001CD6	95F3	BCF ADCON0,ADFM0,BANKED
	K	 0000 0001 00KK KKKK	0
000000	0100	BANKSEL 0
	S	 0000 0000 0001 001S	0
001CDA	0012	RETURN


		SI2CSTART
	K	 0000 1110 KKKK KKKK	1
001CDC	0E01	MOVLW 1
	K	 0000 0001 00KK KKKK	5
000000	0105	BANKSEL HI2C1STATEMACHINE
	F	 0110 111A FFFF FFFF	1382
	A	 0110 111A 0110 0110	1
001CE0	6F66	MOVWF HI2C1STATEMACHINE,BANKED
	F	 0110 101A FFFF FFFF	1385
	A	 0110 101A 0110 1001	1
001CE2	6B69	CLRF HI2CWAITMSSPTIMEOUT,BANKED
	F	 0110 101A FFFF FFFF	1381
	A	 0110 101A 0110 0101	1
001CE4	6B65	CLRF HI2C1LASTERROR,BANKED
	K	 0000 0001 00KK KKKK	0
000000	0100	BANKSEL 0
	S	 0000 0000 0001 001S	0
001CE8	0012	RETURN


		FN_STR
	K	 0000 0001 00KK KKKK	5
000000	0105	BANKSEL SYSCHARCOUNT
	F	 0110 101A FFFF FFFF	1450
	A	 0110 101A 1010 1010	1
001CEC	6BAA	CLRF SYSCHARCOUNT,BANKED
	S	1111 DDDD DDDD DDDD:1100 SSSS SSSS SSSS	1489
	D	1111 DDDD DDDD DDDD:1100 0101 1101 0001	1285
001CEE	C5D1 F505	MOVFF SYSVALTEMP,SYSWORDTEMPA
	S	1111 DDDD DDDD DDDD:1100 SSSS SSSS SSSS	1490
	D	1111 DDDD DDDD DDDD:1100 0101 1101 0010	1286
001CF2	C5D2 F506	MOVFF SYSVALTEMP_H,SYSWORDTEMPA_H
	K	 0000 1110 KKKK KKKK	16
001CF6	0E10	MOVLW 16
	F	 0110 111A FFFF FFFF	1289
	A	 0110 111A 0000 1001	0
001CF8	6E09	MOVWF SYSWORDTEMPB,ACCESS
	K	 0000 1110 KKKK KKKK	39
001CFA	0E27	MOVLW 39
	F	 0110 111A FFFF FFFF	1290
	A	 0110 111A 0000 1010	0
001CFC	6E0A	MOVWF SYSWORDTEMPB_H,ACCESS
	K	 0000 0001 00KK KKKK	0
000000	0100	BANKSEL 0
	N	 1101 1NNN NNNN NNNN	199
001D00	D8C7	RCALL SYSCOMPLESSTHAN16
	F	 0001 11DA FFFF FFFF	1280
	D	 0001 11DA 0000 0000	1
	A	 0001 111A 0000 0000	0
001D02	1E00	COMF SYSBYTETEMPX,F,ACCESS
	F	 1010 BBBA FFFF FFFF	1280
	B	 1010 BBBA 0000 0000	0
	A	 1010 000A 0000 0000	0
001D04	A000	BTFSS SYSBYTETEMPX,0,ACCESS
	N	 1101 0NNN NNNN NNNN	27
001D06	D01B	BRA ENDIF45
	S	1111 DDDD DDDD DDDD:1100 SSSS SSSS SSSS	1489
	D	1111 DDDD DDDD DDDD:1100 0101 1101 0001	1285
001D08	C5D1 F505	MOVFF SYSVALTEMP,SYSWORDTEMPA
	S	1111 DDDD DDDD DDDD:1100 SSSS SSSS SSSS	1490
	D	1111 DDDD DDDD DDDD:1100 0101 1101 0010	1286
001D0C	C5D2 F506	MOVFF SYSVALTEMP_H,SYSWORDTEMPA_H
	K	 0000 1110 KKKK KKKK	16
001D10	0E10	MOVLW 16
	F	 0110 111A FFFF FFFF	1289
	A	 0110 111A 0000 1001	0
001D12	6E09	MOVWF SYSWORDTEMPB,ACCESS
	K	 0000 1110 KKKK KKKK	39
001D14	0E27	MOVLW 39
	F	 0110 111A FFFF FFFF	1290
	A	 0110 111A 0000 1010	0
001D16	6E0A	MOVWF SYSWORDTEMPB_H,ACCESS
	N	 1101 1NNN NNNN NNNN	280
001D18	D918	RCALL SYSDIVSUB16
	S	1111 DDDD DDDD DDDD:1100 SSSS SSSS SSSS	1285
	D	1111 DDDD DDDD DDDD:1100 0101 0000 0101	1474
001D1A	C505 F5C2	MOVFF SYSWORDTEMPA,SYSSTRDATA
	S	1111 DDDD DDDD DDDD:1100 SSSS SSSS SSSS	1280
	D	1111 DDDD DDDD DDDD:1100 0101 0000 0000	1489
001D1E	C500 F5D1	MOVFF SYSCALCTEMPX,SYSVALTEMP
	S	1111 DDDD DDDD DDDD:1100 SSSS SSSS SSSS	1281
	D	1111 DDDD DDDD DDDD:1100 0101 0000 0001	1490
001D22	C501 F5D2	MOVFF SYSCALCTEMPX_H,SYSVALTEMP_H
	K	 0000 0001 00KK KKKK	5
000000	0105	BANKSEL SYSCHARCOUNT
	F	 0010 10DA FFFF FFFF	1450
	D	 0010 10DA 1010 1010	1
	A	 0010 101A 1010 1010	1
001D28	2BAA	INCF SYSCHARCOUNT,F,BANKED
	F	1110 1110 00FF KKKK:1111 00KK KKKK KKKK	0
	K	1110 1110 0000 KKKK:1111 00KK KKKK KKKK	4178
001D2A	EE04 F052	LFSR 0,STR
	F	 0101 00DA FFFF FFFF	1450
	D	 0101 00DA 1010 1010	0
	A	 0101 000A 1010 1010	1
001D2E	51AA	MOVF SYSCHARCOUNT,W,BANKED
	F	 0010 01DA FFFF FFFF	1257
	D	 0010 01DA 1110 1001	1
	A	 0010 011A 1110 1001	0
001D30	26E9	ADDWF AFSR0,F,ACCESS
	K	 0000 1110 KKKK KKKK	0
001D32	0E00	MOVLW 0
	F	 0010 00DA FFFF FFFF	1258
	D	 0010 00DA 1110 1010	1
	A	 0010 001A 1110 1010	0
001D34	22EA	ADDWFC AFSR0_H,F,ACCESS
	K	 0000 1110 KKKK KKKK	48
001D36	0E30	MOVLW 48
	F	 0010 01DA FFFF FFFF	1474
	D	 0010 01DA 1100 0010	0
	A	 0010 010A 1100 0010	1
001D38	25C2	ADDWF SYSSTRDATA,W,BANKED
	F	 0110 111A FFFF FFFF	1263
	A	 0110 111A 1110 1111	0
001D3A	6EEF	MOVWF INDF0,ACCESS
	N	 1101 0NNN NNNN NNNN	12
001D3C	D00C	BRA SYSVALTHOUSANDS
		ENDIF45
	S	1111 DDDD DDDD DDDD:1100 SSSS SSSS SSSS	1489
	D	1111 DDDD DDDD DDDD:1100 0101 1101 0001	1285
001D3E	C5D1 F505	MOVFF SYSVALTEMP,SYSWORDTEMPA
	S	1111 DDDD DDDD DDDD:1100 SSSS SSSS SSSS	1490
	D	1111 DDDD DDDD DDDD:1100 0101 1101 0010	1286
001D42	C5D2 F506	MOVFF SYSVALTEMP_H,SYSWORDTEMPA_H
	K	 0000 1110 KKKK KKKK	232
001D46	0EE8	MOVLW 232
	F	 0110 111A FFFF FFFF	1289
	A	 0110 111A 0000 1001	0
001D48	6E09	MOVWF SYSWORDTEMPB,ACCESS
	K	 0000 1110 KKKK KKKK	3
001D4A	0E03	MOVLW 3
	F	 0110 111A FFFF FFFF	1290
	A	 0110 111A 0000 1010	0
001D4C	6E0A	MOVWF SYSWORDTEMPB_H,ACCESS
	N	 1101 1NNN NNNN NNNN	160
001D4E	D8A0	RCALL SYSCOMPLESSTHAN16
	F	 0001 11DA FFFF FFFF	1280
	D	 0001 11DA 0000 0000	1
	A	 0001 111A 0000 0000	0
001D50	1E00	COMF SYSBYTETEMPX,F,ACCESS
	F	 1010 BBBA FFFF FFFF	1280
	B	 1010 BBBA 0000 0000	0
	A	 1010 000A 0000 0000	0
001D52	A000	BTFSS SYSBYTETEMPX,0,ACCESS
	N	 1101 0NNN NNNN NNNN	28
001D54	D01C	BRA ENDIF46
		SYSVALTHOUSANDS
	S	1111 DDDD DDDD DDDD:1100 SSSS SSSS SSSS	1489
	D	1111 DDDD DDDD DDDD:1100 0101 1101 0001	1285
001D56	C5D1 F505	MOVFF SYSVALTEMP,SYSWORDTEMPA
	S	1111 DDDD DDDD DDDD:1100 SSSS SSSS SSSS	1490
	D	1111 DDDD DDDD DDDD:1100 0101 1101 0010	1286
001D5A	C5D2 F506	MOVFF SYSVALTEMP_H,SYSWORDTEMPA_H
	K	 0000 1110 KKKK KKKK	232
001D5E	0EE8	MOVLW 232
	F	 0110 111A FFFF FFFF	1289
	A	 0110 111A 0000 1001	0
001D60	6E09	MOVWF SYSWORDTEMPB,ACCESS
	K	 0000 1110 KKKK KKKK	3
001D62	0E03	MOVLW 3
	F	 0110 111A FFFF FFFF	1290
	A	 0110 111A 0000 1010	0
001D64	6E0A	MOVWF SYSWORDTEMPB_H,ACCESS
	K	 0000 0001 00KK KKKK	0
000000	0100	BANKSEL 0
	N	 1101 1NNN NNNN NNNN	240
001D68	D8F0	RCALL SYSDIVSUB16
	S	1111 DDDD DDDD DDDD:1100 SSSS SSSS SSSS	1285
	D	1111 DDDD DDDD DDDD:1100 0101 0000 0101	1474
001D6A	C505 F5C2	MOVFF SYSWORDTEMPA,SYSSTRDATA
	S	1111 DDDD DDDD DDDD:1100 SSSS SSSS SSSS	1280
	D	1111 DDDD DDDD DDDD:1100 0101 0000 0000	1489
001D6E	C500 F5D1	MOVFF SYSCALCTEMPX,SYSVALTEMP
	S	1111 DDDD DDDD DDDD:1100 SSSS SSSS SSSS	1281
	D	1111 DDDD DDDD DDDD:1100 0101 0000 0001	1490
001D72	C501 F5D2	MOVFF SYSCALCTEMPX_H,SYSVALTEMP_H
	K	 0000 0001 00KK KKKK	5
000000	0105	BANKSEL SYSCHARCOUNT
	F	 0010 10DA FFFF FFFF	1450
	D	 0010 10DA 1010 1010	1
	A	 0010 101A 1010 1010	1
001D78	2BAA	INCF SYSCHARCOUNT,F,BANKED
	F	1110 1110 00FF KKKK:1111 00KK KKKK KKKK	0
	K	1110 1110 0000 KKKK:1111 00KK KKKK KKKK	4178
001D7A	EE04 F052	LFSR 0,STR
	F	 0101 00DA FFFF FFFF	1450
	D	 0101 00DA 1010 1010	0
	A	 0101 000A 1010 1010	1
001D7E	51AA	MOVF SYSCHARCOUNT,W,BANKED
	F	 0010 01DA FFFF FFFF	1257
	D	 0010 01DA 1110 1001	1
	A	 0010 011A 1110 1001	0
001D80	26E9	ADDWF AFSR0,F,ACCESS
	K	 0000 1110 KKKK KKKK	0
001D82	0E00	MOVLW 0
	F	 0010 00DA FFFF FFFF	1258
	D	 0010 00DA 1110 1010	1
	A	 0010 001A 1110 1010	0
001D84	22EA	ADDWFC AFSR0_H,F,ACCESS
	K	 0000 1110 KKKK KKKK	48
001D86	0E30	MOVLW 48
	F	 0010 01DA FFFF FFFF	1474
	D	 0010 01DA 1100 0010	0
	A	 0010 010A 1100 0010	1
001D88	25C2	ADDWF SYSSTRDATA,W,BANKED
	F	 0110 111A FFFF FFFF	1263
	A	 0110 111A 1110 1111	0
001D8A	6EEF	MOVWF INDF0,ACCESS
	N	 1101 0NNN NNNN NNNN	11
001D8C	D00B	BRA SYSVALHUNDREDS
		ENDIF46
	S	1111 DDDD DDDD DDDD:1100 SSSS SSSS SSSS	1489
	D	1111 DDDD DDDD DDDD:1100 0101 1101 0001	1285
001D8E	C5D1 F505	MOVFF SYSVALTEMP,SYSWORDTEMPA
	S	1111 DDDD DDDD DDDD:1100 SSSS SSSS SSSS	1490
	D	1111 DDDD DDDD DDDD:1100 0101 1101 0010	1286
001D92	C5D2 F506	MOVFF SYSVALTEMP_H,SYSWORDTEMPA_H
	K	 0000 1110 KKKK KKKK	100
001D96	0E64	MOVLW 100
	F	 0110 111A FFFF FFFF	1289
	A	 0110 111A 0000 1001	0
001D98	6E09	MOVWF SYSWORDTEMPB,ACCESS
	F	 0110 101A FFFF FFFF	1290
	A	 0110 101A 0000 1010	0
001D9A	6A0A	CLRF SYSWORDTEMPB_H,ACCESS
	N	 1101 1NNN NNNN NNNN	121
001D9C	D879	RCALL SYSCOMPLESSTHAN16
	F	 0001 11DA FFFF FFFF	1280
	D	 0001 11DA 0000 0000	1
	A	 0001 111A 0000 0000	0
001D9E	1E00	COMF SYSBYTETEMPX,F,ACCESS
	F	 1010 BBBA FFFF FFFF	1280
	B	 1010 BBBA 0000 0000	0
	A	 1010 000A 0000 0000	0
001DA0	A000	BTFSS SYSBYTETEMPX,0,ACCESS
	N	 1101 0NNN NNNN NNNN	27
001DA2	D01B	BRA ENDIF47
		SYSVALHUNDREDS
	S	1111 DDDD DDDD DDDD:1100 SSSS SSSS SSSS	1489
	D	1111 DDDD DDDD DDDD:1100 0101 1101 0001	1285
001DA4	C5D1 F505	MOVFF SYSVALTEMP,SYSWORDTEMPA
	S	1111 DDDD DDDD DDDD:1100 SSSS SSSS SSSS	1490
	D	1111 DDDD DDDD DDDD:1100 0101 1101 0010	1286
001DA8	C5D2 F506	MOVFF SYSVALTEMP_H,SYSWORDTEMPA_H
	K	 0000 1110 KKKK KKKK	100
001DAC	0E64	MOVLW 100
	F	 0110 111A FFFF FFFF	1289
	A	 0110 111A 0000 1001	0
001DAE	6E09	MOVWF SYSWORDTEMPB,ACCESS
	F	 0110 101A FFFF FFFF	1290
	A	 0110 101A 0000 1010	0
001DB0	6A0A	CLRF SYSWORDTEMPB_H,ACCESS
	K	 0000 0001 00KK KKKK	0
000000	0100	BANKSEL 0
	N	 1101 1NNN NNNN NNNN	202
001DB4	D8CA	RCALL SYSDIVSUB16
	S	1111 DDDD DDDD DDDD:1100 SSSS SSSS SSSS	1285
	D	1111 DDDD DDDD DDDD:1100 0101 0000 0101	1474
001DB6	C505 F5C2	MOVFF SYSWORDTEMPA,SYSSTRDATA
	S	1111 DDDD DDDD DDDD:1100 SSSS SSSS SSSS	1280
	D	1111 DDDD DDDD DDDD:1100 0101 0000 0000	1489
001DBA	C500 F5D1	MOVFF SYSCALCTEMPX,SYSVALTEMP
	S	1111 DDDD DDDD DDDD:1100 SSSS SSSS SSSS	1281
	D	1111 DDDD DDDD DDDD:1100 0101 0000 0001	1490
001DBE	C501 F5D2	MOVFF SYSCALCTEMPX_H,SYSVALTEMP_H
	K	 0000 0001 00KK KKKK	5
000000	0105	BANKSEL SYSCHARCOUNT
	F	 0010 10DA FFFF FFFF	1450
	D	 0010 10DA 1010 1010	1
	A	 0010 101A 1010 1010	1
001DC4	2BAA	INCF SYSCHARCOUNT,F,BANKED
	F	1110 1110 00FF KKKK:1111 00KK KKKK KKKK	0
	K	1110 1110 0000 KKKK:1111 00KK KKKK KKKK	4178
001DC6	EE04 F052	LFSR 0,STR
	F	 0101 00DA FFFF FFFF	1450
	D	 0101 00DA 1010 1010	0
	A	 0101 000A 1010 1010	1
001DCA	51AA	MOVF SYSCHARCOUNT,W,BANKED
	F	 0010 01DA FFFF FFFF	1257
	D	 0010 01DA 1110 1001	1
	A	 0010 011A 1110 1001	0
001DCC	26E9	ADDWF AFSR0,F,ACCESS
	K	 0000 1110 KKKK KKKK	0
001DCE	0E00	MOVLW 0
	F	 0010 00DA FFFF FFFF	1258
	D	 0010 00DA 1110 1010	1
	A	 0010 001A 1110 1010	0
001DD0	22EA	ADDWFC AFSR0_H,F,ACCESS
	K	 0000 1110 KKKK KKKK	48
001DD2	0E30	MOVLW 48
	F	 0010 01DA FFFF FFFF	1474
	D	 0010 01DA 1100 0010	0
	A	 0010 010A 1100 0010	1
001DD4	25C2	ADDWF SYSSTRDATA,W,BANKED
	F	 0110 111A FFFF FFFF	1263
	A	 0110 111A 1110 1111	0
001DD6	6EEF	MOVWF INDF0,ACCESS
	N	 1101 0NNN NNNN NNNN	11
001DD8	D00B	BRA SYSVALTENS
		ENDIF47
	S	1111 DDDD DDDD DDDD:1100 SSSS SSSS SSSS	1489
	D	1111 DDDD DDDD DDDD:1100 0101 1101 0001	1285
001DDA	C5D1 F505	MOVFF SYSVALTEMP,SYSWORDTEMPA
	S	1111 DDDD DDDD DDDD:1100 SSSS SSSS SSSS	1490
	D	1111 DDDD DDDD DDDD:1100 0101 1101 0010	1286
001DDE	C5D2 F506	MOVFF SYSVALTEMP_H,SYSWORDTEMPA_H
	K	 0000 1110 KKKK KKKK	10
001DE2	0E0A	MOVLW 10
	F	 0110 111A FFFF FFFF	1289
	A	 0110 111A 0000 1001	0
001DE4	6E09	MOVWF SYSWORDTEMPB,ACCESS
	F	 0110 101A FFFF FFFF	1290
	A	 0110 101A 0000 1010	0
001DE6	6A0A	CLRF SYSWORDTEMPB_H,ACCESS
	N	 1101 1NNN NNNN NNNN	83
001DE8	D853	RCALL SYSCOMPLESSTHAN16
	F	 0001 11DA FFFF FFFF	1280
	D	 0001 11DA 0000 0000	1
	A	 0001 111A 0000 0000	0
001DEA	1E00	COMF SYSBYTETEMPX,F,ACCESS
	F	 1010 BBBA FFFF FFFF	1280
	B	 1010 BBBA 0000 0000	0
	A	 1010 000A 0000 0000	0
001DEC	A000	BTFSS SYSBYTETEMPX,0,ACCESS
	N	 1101 0NNN NNNN NNNN	26
001DEE	D01A	BRA ENDIF48
		SYSVALTENS
	S	1111 DDDD DDDD DDDD:1100 SSSS SSSS SSSS	1489
	D	1111 DDDD DDDD DDDD:1100 0101 1101 0001	1285
001DF0	C5D1 F505	MOVFF SYSVALTEMP,SYSWORDTEMPA
	S	1111 DDDD DDDD DDDD:1100 SSSS SSSS SSSS	1490
	D	1111 DDDD DDDD DDDD:1100 0101 1101 0010	1286
001DF4	C5D2 F506	MOVFF SYSVALTEMP_H,SYSWORDTEMPA_H
	K	 0000 1110 KKKK KKKK	10
001DF8	0E0A	MOVLW 10
	F	 0110 111A FFFF FFFF	1289
	A	 0110 111A 0000 1001	0
001DFA	6E09	MOVWF SYSWORDTEMPB,ACCESS
	F	 0110 101A FFFF FFFF	1290
	A	 0110 101A 0000 1010	0
001DFC	6A0A	CLRF SYSWORDTEMPB_H,ACCESS
	K	 0000 0001 00KK KKKK	0
000000	0100	BANKSEL 0
	N	 1101 1NNN NNNN NNNN	164
001E00	D8A4	RCALL SYSDIVSUB16
	S	1111 DDDD DDDD DDDD:1100 SSSS SSSS SSSS	1285
	D	1111 DDDD DDDD DDDD:1100 0101 0000 0101	1474
001E02	C505 F5C2	MOVFF SYSWORDTEMPA,SYSSTRDATA
	S	1111 DDDD DDDD DDDD:1100 SSSS SSSS SSSS	1280
	D	1111 DDDD DDDD DDDD:1100 0101 0000 0000	1489
001E06	C500 F5D1	MOVFF SYSCALCTEMPX,SYSVALTEMP
	S	1111 DDDD DDDD DDDD:1100 SSSS SSSS SSSS	1281
	D	1111 DDDD DDDD DDDD:1100 0101 0000 0001	1490
001E0A	C501 F5D2	MOVFF SYSCALCTEMPX_H,SYSVALTEMP_H
	K	 0000 0001 00KK KKKK	5
000000	0105	BANKSEL SYSCHARCOUNT
	F	 0010 10DA FFFF FFFF	1450
	D	 0010 10DA 1010 1010	1
	A	 0010 101A 1010 1010	1
001E10	2BAA	INCF SYSCHARCOUNT,F,BANKED
	F	1110 1110 00FF KKKK:1111 00KK KKKK KKKK	0
	K	1110 1110 0000 KKKK:1111 00KK KKKK KKKK	4178
001E12	EE04 F052	LFSR 0,STR
	F	 0101 00DA FFFF FFFF	1450
	D	 0101 00DA 1010 1010	0
	A	 0101 000A 1010 1010	1
001E16	51AA	MOVF SYSCHARCOUNT,W,BANKED
	F	 0010 01DA FFFF FFFF	1257
	D	 0010 01DA 1110 1001	1
	A	 0010 011A 1110 1001	0
001E18	26E9	ADDWF AFSR0,F,ACCESS
	K	 0000 1110 KKKK KKKK	0
001E1A	0E00	MOVLW 0
	F	 0010 00DA FFFF FFFF	1258
	D	 0010 00DA 1110 1010	1
	A	 0010 001A 1110 1010	0
001E1C	22EA	ADDWFC AFSR0_H,F,ACCESS
	K	 0000 1110 KKKK KKKK	48
001E1E	0E30	MOVLW 48
	F	 0010 01DA FFFF FFFF	1474
	D	 0010 01DA 1100 0010	0
	A	 0010 010A 1100 0010	1
001E20	25C2	ADDWF SYSSTRDATA,W,BANKED
	F	 0110 111A FFFF FFFF	1263
	A	 0110 111A 1110 1111	0
001E22	6EEF	MOVWF INDF0,ACCESS
		ENDIF48
	K	 0000 0001 00KK KKKK	5
000000	0105	BANKSEL SYSCHARCOUNT
	F	 0010 10DA FFFF FFFF	1450
	D	 0010 10DA 1010 1010	1
	A	 0010 101A 1010 1010	1
001E26	2BAA	INCF SYSCHARCOUNT,F,BANKED
	F	1110 1110 00FF KKKK:1111 00KK KKKK KKKK	0
	K	1110 1110 0000 KKKK:1111 00KK KKKK KKKK	4178
001E28	EE04 F052	LFSR 0,STR
	F	 0101 00DA FFFF FFFF	1450
	D	 0101 00DA 1010 1010	0
	A	 0101 000A 1010 1010	1
001E2C	51AA	MOVF SYSCHARCOUNT,W,BANKED
	F	 0010 01DA FFFF FFFF	1257
	D	 0010 01DA 1110 1001	1
	A	 0010 011A 1110 1001	0
001E2E	26E9	ADDWF AFSR0,F,ACCESS
	K	 0000 1110 KKKK KKKK	0
001E30	0E00	MOVLW 0
	F	 0010 00DA FFFF FFFF	1258
	D	 0010 00DA 1110 1010	1
	A	 0010 001A 1110 1010	0
001E32	22EA	ADDWFC AFSR0_H,F,ACCESS
	K	 0000 1110 KKKK KKKK	48
001E34	0E30	MOVLW 48
	F	 0010 01DA FFFF FFFF	1489
	D	 0010 01DA 1101 0001	0
	A	 0010 010A 1101 0001	1
001E36	25D1	ADDWF SYSVALTEMP,W,BANKED
	F	 0110 111A FFFF FFFF	1263
	A	 0110 111A 1110 1111	0
001E38	6EEF	MOVWF INDF0,ACCESS
	S	1111 DDDD DDDD DDDD:1100 SSSS SSSS SSSS	1280
	D	1111 DDDD DDDD DDDD:1100 0101 0000 0000	1489
001E3A	C500 F5D1	MOVFF SYSCALCTEMPX,SYSVALTEMP
	S	1111 DDDD DDDD DDDD:1100 SSSS SSSS SSSS	1281
	D	1111 DDDD DDDD DDDD:1100 0101 0000 0001	1490
001E3E	C501 F5D2	MOVFF SYSCALCTEMPX_H,SYSVALTEMP_H
	S	0000 0000 0110 SSSS:1111 SSSS SSSS SSDD:1111 DDDD DDDD DDDD	1450
	D	0000 0000 0110 0001:1111 0110 1010 10DD:1111 DDDD DDDD DDDD	4178
001E42	0061 F6A9 F052	MOVFFL SYSCHARCOUNT,SYSSTR_0
	K	 0000 0001 00KK KKKK	0
000000	0100	BANKSEL 0
	S	 0000 0000 0001 001S	0
001E4A	0012	RETURN


		SYSCOMPEQUAL
	F	 0110 100A FFFF FFFF	1280
	A	 0110 100A 0000 0000	0
001E4C	6800	SETF SYSBYTETEMPX,ACCESS
	F	 0101 00DA FFFF FFFF	1289
	D	 0101 00DA 0000 1001	0
	A	 0101 000A 0000 1001	0
001E4E	5009	MOVF SYSBYTETEMPB, W,ACCESS
	F	 0110 001A FFFF FFFF	1285
	A	 0110 001A 0000 0101	0
001E50	6205	CPFSEQ SYSBYTETEMPA,ACCESS
	F	 0110 101A FFFF FFFF	1280
	A	 0110 101A 0000 0000	0
001E52	6A00	CLRF SYSBYTETEMPX,ACCESS
	S	 0000 0000 0001 001S	0
001E54	0012	RETURN


		SYSCOMPEQUAL16
	F	 0110 101A FFFF FFFF	1280
	A	 0110 101A 0000 0000	0
001E56	6A00	CLRF SYSBYTETEMPX,ACCESS
	F	 0101 00DA FFFF FFFF	1289
	D	 0101 00DA 0000 1001	0
	A	 0101 000A 0000 1001	0
001E58	5009	MOVF SYSWORDTEMPB, W,ACCESS
	F	 0110 001A FFFF FFFF	1285
	A	 0110 001A 0000 0101	0
001E5A	6205	CPFSEQ SYSWORDTEMPA,ACCESS
	S	 0000 0000 0001 001S	0
001E5C	0012	RETURN
	F	 0101 00DA FFFF FFFF	1290
	D	 0101 00DA 0000 1010	0
	A	 0101 000A 0000 1010	0
001E5E	500A	MOVF SYSWORDTEMPB_H, W,ACCESS
	F	 0110 001A FFFF FFFF	1286
	A	 0110 001A 0000 0110	0
001E60	6206	CPFSEQ SYSWORDTEMPA_H,ACCESS
	S	 0000 0000 0001 001S	0
001E62	0012	RETURN
	F	 0110 100A FFFF FFFF	1280
	A	 0110 100A 0000 0000	0
001E64	6800	SETF SYSBYTETEMPX,ACCESS
	S	 0000 0000 0001 001S	0
001E66	0012	RETURN


		SYSCOMPEQUAL32
	F	 0110 101A FFFF FFFF	1280
	A	 0110 101A 0000 0000	0
001E68	6A00	CLRF SYSBYTETEMPX,ACCESS
	F	 0101 00DA FFFF FFFF	1289
	D	 0101 00DA 0000 1001	0
	A	 0101 000A 0000 1001	0
001E6A	5009	MOVF SYSLONGTEMPB, W,ACCESS
	F	 0110 001A FFFF FFFF	1285
	A	 0110 001A 0000 0101	0
001E6C	6205	CPFSEQ SYSLONGTEMPA,ACCESS
	S	 0000 0000 0001 001S	0
001E6E	0012	RETURN
	F	 0101 00DA FFFF FFFF	1290
	D	 0101 00DA 0000 1010	0
	A	 0101 000A 0000 1010	0
001E70	500A	MOVF SYSLONGTEMPB_H, W,ACCESS
	F	 0110 001A FFFF FFFF	1286
	A	 0110 001A 0000 0110	0
001E72	6206	CPFSEQ SYSLONGTEMPA_H,ACCESS
	S	 0000 0000 0001 001S	0
001E74	0012	RETURN
	F	 0101 00DA FFFF FFFF	1291
	D	 0101 00DA 0000 1011	0
	A	 0101 000A 0000 1011	0
001E76	500B	MOVF SYSLONGTEMPB_U, W,ACCESS
	F	 0110 001A FFFF FFFF	1287
	A	 0110 001A 0000 0111	0
001E78	6207	CPFSEQ SYSLONGTEMPA_U,ACCESS
	S	 0000 0000 0001 001S	0
001E7A	0012	RETURN
	F	 0101 00DA FFFF FFFF	1292
	D	 0101 00DA 0000 1100	0
	A	 0101 000A 0000 1100	0
001E7C	500C	MOVF SYSLONGTEMPB_E, W,ACCESS
	F	 0110 001A FFFF FFFF	1288
	A	 0110 001A 0000 1000	0
001E7E	6208	CPFSEQ SYSLONGTEMPA_E,ACCESS
	S	 0000 0000 0001 001S	0
001E80	0012	RETURN
	F	 0110 100A FFFF FFFF	1280
	A	 0110 100A 0000 0000	0
001E82	6800	SETF SYSBYTETEMPX,ACCESS
	S	 0000 0000 0001 001S	0
001E84	0012	RETURN


		SYSCOMPLESSTHAN
	F	 0110 100A FFFF FFFF	1280
	A	 0110 100A 0000 0000	0
001E86	6800	SETF SYSBYTETEMPX,ACCESS
	F	 0101 00DA FFFF FFFF	1289
	D	 0101 00DA 0000 1001	0
	A	 0101 000A 0000 1001	0
001E88	5009	MOVF SYSBYTETEMPB, W,ACCESS
	F	 0110 000A FFFF FFFF	1285
	A	 0110 000A 0000 0101	0
001E8A	6005	CPFSLT SYSBYTETEMPA,ACCESS
	F	 0110 101A FFFF FFFF	1280
	A	 0110 101A 0000 0000	0
001E8C	6A00	CLRF SYSBYTETEMPX,ACCESS
	S	 0000 0000 0001 001S	0
001E8E	0012	RETURN


		SYSCOMPLESSTHAN16
	F	 0110 101A FFFF FFFF	1280
	A	 0110 101A 0000 0000	0
001E90	6A00	CLRF SYSBYTETEMPX,ACCESS
	F	 0101 00DA FFFF FFFF	1286
	D	 0101 00DA 0000 0110	0
	A	 0101 000A 0000 0110	0
001E92	5006	MOVF SYSWORDTEMPA_H,W,ACCESS
	F	 0101 11DA FFFF FFFF	1290
	D	 0101 11DA 0000 1010	0
	A	 0101 110A 0000 1010	0
001E94	5C0A	SUBWF SYSWORDTEMPB_H,W,ACCESS
	F	 1010 BBBA FFFF FFFF	1240
	B	 1010 BBBA 1101 1000	0
	A	 1010 000A 1101 1000	0
001E96	A0D8	BTFSS STATUS,C,ACCESS
	S	 0000 0000 0001 001S	0
001E98	0012	RETURN
	F	 0101 00DA FFFF FFFF	1290
	D	 0101 00DA 0000 1010	0
	A	 0101 000A 0000 1010	0
001E9A	500A	MOVF SYSWORDTEMPB_H,W,ACCESS
	F	 0101 11DA FFFF FFFF	1286
	D	 0101 11DA 0000 0110	0
	A	 0101 110A 0000 0110	0
001E9C	5C06	SUBWF SYSWORDTEMPA_H,W,ACCESS
	N	 1110 0011 NNNN NNNN	4
001E9E	E304	BNC SCLT16TRUE
	F	 0101 00DA FFFF FFFF	1289
	D	 0101 00DA 0000 1001	0
	A	 0101 000A 0000 1001	0
001EA0	5009	MOVF SYSWORDTEMPB,W,ACCESS
	F	 0101 11DA FFFF FFFF	1285
	D	 0101 11DA 0000 0101	0
	A	 0101 110A 0000 0101	0
001EA2	5C05	SUBWF SYSWORDTEMPA,W,ACCESS
	F	 1011 BBBA FFFF FFFF	1240
	B	 1011 BBBA 1101 1000	0
	A	 1011 000A 1101 1000	0
001EA4	B0D8	BTFSC STATUS,C,ACCESS
	S	 0000 0000 0001 001S	0
001EA6	0012	RETURN
		SCLT16TRUE
	F	 0001 11DA FFFF FFFF	1280
	D	 0001 11DA 0000 0000	1
	A	 0001 111A 0000 0000	0
001EA8	1E00	COMF SYSBYTETEMPX,F,ACCESS
	S	 0000 0000 0001 001S	0
001EAA	0012	RETURN


		SYSCOMPLESSTHAN32
	F	 0110 101A FFFF FFFF	1280
	A	 0110 101A 0000 0000	0
001EAC	6A00	CLRF SYSBYTETEMPX,ACCESS
	F	 0101 00DA FFFF FFFF	1288
	D	 0101 00DA 0000 1000	0
	A	 0101 000A 0000 1000	0
001EAE	5008	MOVF SYSLONGTEMPA_E,W,ACCESS
	F	 0101 11DA FFFF FFFF	1292
	D	 0101 11DA 0000 1100	0
	A	 0101 110A 0000 1100	0
001EB0	5C0C	SUBWF SYSLONGTEMPB_E,W,ACCESS
	F	 1010 BBBA FFFF FFFF	1240
	B	 1010 BBBA 1101 1000	0
	A	 1010 000A 1101 1000	0
001EB2	A0D8	BTFSS STATUS,C,ACCESS
	S	 0000 0000 0001 001S	0
001EB4	0012	RETURN
	N	 1110 0001 NNNN NNNN	14
001EB6	E10E	BNZ SCLT32TRUE
	F	 0101 00DA FFFF FFFF	1287
	D	 0101 00DA 0000 0111	0
	A	 0101 000A 0000 0111	0
001EB8	5007	MOVF SYSLONGTEMPA_U,W,ACCESS
	F	 0101 11DA FFFF FFFF	1291
	D	 0101 11DA 0000 1011	0
	A	 0101 110A 0000 1011	0
001EBA	5C0B	SUBWF SYSLONGTEMPB_U,W,ACCESS
	F	 1010 BBBA FFFF FFFF	1240
	B	 1010 BBBA 1101 1000	0
	A	 1010 000A 1101 1000	0
001EBC	A0D8	BTFSS STATUS,C,ACCESS
	S	 0000 0000 0001 001S	0
001EBE	0012	RETURN
	N	 1110 0001 NNNN NNNN	9
001EC0	E109	BNZ SCLT32TRUE
	F	 0101 00DA FFFF FFFF	1286
	D	 0101 00DA 0000 0110	0
	A	 0101 000A 0000 0110	0
001EC2	5006	MOVF SYSLONGTEMPA_H,W,ACCESS
	F	 0101 11DA FFFF FFFF	1290
	D	 0101 11DA 0000 1010	0
	A	 0101 110A 0000 1010	0
001EC4	5C0A	SUBWF SYSLONGTEMPB_H,W,ACCESS
	F	 1010 BBBA FFFF FFFF	1240
	B	 1010 BBBA 1101 1000	0
	A	 1010 000A 1101 1000	0
001EC6	A0D8	BTFSS STATUS,C,ACCESS
	S	 0000 0000 0001 001S	0
001EC8	0012	RETURN
	N	 1110 0001 NNNN NNNN	4
001ECA	E104	BNZ SCLT32TRUE
	F	 0101 00DA FFFF FFFF	1289
	D	 0101 00DA 0000 1001	0
	A	 0101 000A 0000 1001	0
001ECC	5009	MOVF SYSLONGTEMPB,W,ACCESS
	F	 0101 11DA FFFF FFFF	1285
	D	 0101 11DA 0000 0101	0
	A	 0101 110A 0000 0101	0
001ECE	5C05	SUBWF SYSLONGTEMPA,W,ACCESS
	F	 1011 BBBA FFFF FFFF	1240
	B	 1011 BBBA 1101 1000	0
	A	 1011 000A 1101 1000	0
001ED0	B0D8	BTFSC STATUS,C,ACCESS
	S	 0000 0000 0001 001S	0
001ED2	0012	RETURN
		SCLT32TRUE
	F	 0001 11DA FFFF FFFF	1280
	D	 0001 11DA 0000 0000	1
	A	 0001 111A 0000 0000	0
001ED4	1E00	COMF SYSBYTETEMPX,F,ACCESS
	S	 0000 0000 0001 001S	0
001ED6	0012	RETURN


		SYSCOMPLESSTHANINT
	F	 0110 101A FFFF FFFF	1280
	A	 0110 101A 0000 0000	0
001ED8	6A00	CLRF SYSBYTETEMPX,ACCESS
	F	 1010 BBBA FFFF FFFF	1286
	B	 1010 BBBA 0000 0110	7
	A	 1010 111A 0000 0110	0
001EDA	AE06	BTFSS SYSINTEGERTEMPA_H,7,ACCESS
	N	 1101 0NNN NNNN NNNN	23
001EDC	D017	BRA ELSE42_1
	F	 1011 BBBA FFFF FFFF	1290
	B	 1011 BBBA 0000 1010	7
	A	 1011 111A 0000 1010	0
001EDE	BE0A	BTFSC SYSINTEGERTEMPB_H,7,ACCESS
	N	 1101 0NNN NNNN NNNN	2
001EE0	D002	BRA ENDIF43
	F	 0001 11DA FFFF FFFF	1280
	D	 0001 11DA 0000 0000	1
	A	 0001 111A 0000 0000	0
001EE2	1E00	COMF SYSBYTETEMPX,F,ACCESS
	S	 0000 0000 0001 001S	0
001EE4	0012	RETURN
		ENDIF43
	F	 0001 11DA FFFF FFFF	1285
	D	 0001 11DA 0000 0101	0
	A	 0001 110A 0000 0101	0
001EE6	1C05	COMF SYSINTEGERTEMPA,W,ACCESS
	F	 0110 111A FFFF FFFF	1287
	A	 0110 111A 0000 0111	0
001EE8	6E07	MOVWF SYSDIVMULTA,ACCESS
	F	 0001 11DA FFFF FFFF	1286
	D	 0001 11DA 0000 0110	0
	A	 0001 110A 0000 0110	0
001EEA	1C06	COMF SYSINTEGERTEMPA_H,W,ACCESS
	F	 0110 111A FFFF FFFF	1288
	A	 0110 111A 0000 1000	0
001EEC	6E08	MOVWF SYSDIVMULTA_H,ACCESS
	F	 0010 10DA FFFF FFFF	1287
	D	 0010 10DA 0000 0111	1
	A	 0010 101A 0000 0111	0
001EEE	2A07	INCF SYSDIVMULTA,F,ACCESS
	F	 1011 BBBA FFFF FFFF	1240
	B	 1011 BBBA 1101 1000	2
	A	 1011 010A 1101 1000	0
001EF0	B4D8	BTFSC STATUS,Z,ACCESS
	F	 0010 10DA FFFF FFFF	1288
	D	 0010 10DA 0000 1000	1
	A	 0010 101A 0000 1000	0
001EF2	2A08	INCF SYSDIVMULTA_H,F,ACCESS
	F	 0001 11DA FFFF FFFF	1289
	D	 0001 11DA 0000 1001	0
	A	 0001 110A 0000 1001	0
001EF4	1C09	COMF SYSINTEGERTEMPB,W,ACCESS
	F	 0110 111A FFFF FFFF	1285
	A	 0110 111A 0000 0101	0
001EF6	6E05	MOVWF SYSINTEGERTEMPA,ACCESS
	F	 0001 11DA FFFF FFFF	1290
	D	 0001 11DA 0000 1010	0
	A	 0001 110A 0000 1010	0
001EF8	1C0A	COMF SYSINTEGERTEMPB_H,W,ACCESS
	F	 0110 111A FFFF FFFF	1286
	A	 0110 111A 0000 0110	0
001EFA	6E06	MOVWF SYSINTEGERTEMPA_H,ACCESS
	F	 0010 10DA FFFF FFFF	1285
	D	 0010 10DA 0000 0101	1
	A	 0010 101A 0000 0101	0
001EFC	2A05	INCF SYSINTEGERTEMPA,F,ACCESS
	F	 1011 BBBA FFFF FFFF	1240
	B	 1011 BBBA 1101 1000	2
	A	 1011 010A 1101 1000	0
001EFE	B4D8	BTFSC STATUS,Z,ACCESS
	F	 0010 10DA FFFF FFFF	1286
	D	 0010 10DA 0000 0110	1
	A	 0010 101A 0000 0110	0
001F00	2A06	INCF SYSINTEGERTEMPA_H,F,ACCESS
	S	1111 DDDD DDDD DDDD:1100 SSSS SSSS SSSS	1287
	D	1111 DDDD DDDD DDDD:1100 0101 0000 0111	1289
001F02	C507 F509	MOVFF SYSDIVMULTA,SYSINTEGERTEMPB
	S	1111 DDDD DDDD DDDD:1100 SSSS SSSS SSSS	1288
	D	1111 DDDD DDDD DDDD:1100 0101 0000 1000	1290
001F06	C508 F50A	MOVFF SYSDIVMULTA_H,SYSINTEGERTEMPB_H
	N	 1101 0NNN NNNN NNNN	2
001F0A	D002	BRA ENDIF42
		ELSE42_1
	F	 1011 BBBA FFFF FFFF	1290
	B	 1011 BBBA 0000 1010	7
	A	 1011 111A 0000 1010	0
001F0C	BE0A	BTFSC SYSINTEGERTEMPB_H,7,ACCESS
	S	 0000 0000 0001 001S	0
001F0E	0012	RETURN
		ENDIF42
	F	 0101 00DA FFFF FFFF	1286
	D	 0101 00DA 0000 0110	0
	A	 0101 000A 0000 0110	0
001F10	5006	MOVF SYSINTEGERTEMPA_H,W,ACCESS
	F	 0101 11DA FFFF FFFF	1290
	D	 0101 11DA 0000 1010	0
	A	 0101 110A 0000 1010	0
001F12	5C0A	SUBWF SYSINTEGERTEMPB_H,W,ACCESS
	F	 1010 BBBA FFFF FFFF	1240
	B	 1010 BBBA 1101 1000	0
	A	 1010 000A 1101 1000	0
001F14	A0D8	BTFSS STATUS,C,ACCESS
	S	 0000 0000 0001 001S	0
001F16	0012	RETURN
	F	 0101 00DA FFFF FFFF	1290
	D	 0101 00DA 0000 1010	0
	A	 0101 000A 0000 1010	0
001F18	500A	MOVF SYSINTEGERTEMPB_H,W,ACCESS
	F	 0101 11DA FFFF FFFF	1286
	D	 0101 11DA 0000 0110	0
	A	 0101 110A 0000 0110	0
001F1A	5C06	SUBWF SYSINTEGERTEMPA_H,W,ACCESS
	N	 1110 0011 NNNN NNNN	4
001F1C	E304	BNC SCLTINTTRUE
	F	 0101 00DA FFFF FFFF	1289
	D	 0101 00DA 0000 1001	0
	A	 0101 000A 0000 1001	0
001F1E	5009	MOVF SYSINTEGERTEMPB,W,ACCESS
	F	 0101 11DA FFFF FFFF	1285
	D	 0101 11DA 0000 0101	0
	A	 0101 110A 0000 0101	0
001F20	5C05	SUBWF SYSINTEGERTEMPA,W,ACCESS
	F	 1011 BBBA FFFF FFFF	1240
	B	 1011 BBBA 1101 1000	0
	A	 1011 000A 1101 1000	0
001F22	B0D8	BTFSC STATUS,C,ACCESS
	S	 0000 0000 0001 001S	0
001F24	0012	RETURN
		SCLTINTTRUE
	F	 0001 11DA FFFF FFFF	1280
	D	 0001 11DA 0000 0000	1
	A	 0001 111A 0000 0000	0
001F26	1E00	COMF SYSBYTETEMPX,F,ACCESS
	S	 0000 0000 0001 001S	0
001F28	0012	RETURN


		SYSCOPYSTRING
	S	1111 DDDD DDDD DDDD:1100 SSSS SSSS SSSS	1263
	D	1111 DDDD DDDD DDDD:1100 0100 1110 1111	1285
001F2A	C4EF F505	MOVFF INDF0, SYSCALCTEMPA
	S	1111 DDDD DDDD DDDD:1100 SSSS SSSS SSSS	1285
	D	1111 DDDD DDDD DDDD:1100 0101 0000 0101	1255
001F2E	C505 F4E7	MOVFF SYSCALCTEMPA, INDF1
	N	 1101 0NNN NNNN NNNN	3
001F32	D003	BRA SYSCOPYSTRINGCHECK
		SYSCOPYSTRINGPART
	F	 0101 00DA FFFF FFFF	1263
	D	 0101 00DA 1110 1111	0
	A	 0101 000A 1110 1111	0
001F34	50EF	MOVF INDF0, W,ACCESS
	F	 0110 111A FFFF FFFF	1285
	A	 0110 111A 0000 0101	0
001F36	6E05	MOVWF SYSCALCTEMPA,ACCESS
	F	 0010 01DA FFFF FFFF	1286
	D	 0010 01DA 0000 0110	1
	A	 0010 011A 0000 0110	0
001F38	2606	ADDWF SYSSTRINGLENGTH, F,ACCESS
		SYSCOPYSTRINGCHECK
	F	 0101 00DA FFFF FFFF	1285
	D	 0101 00DA 0000 0101	1
	A	 0101 001A 0000 0101	0
001F3A	5205	MOVF SYSCALCTEMPA,F,ACCESS
	F	 1011 BBBA FFFF FFFF	1240
	B	 1011 BBBA 1101 1000	2
	A	 1011 010A 1101 1000	0
001F3C	B4D8	BTFSC STATUS,Z,ACCESS
	S	 0000 0000 0001 001S	0
001F3E	0012	RETURN
		SYSSTRINGCOPY
	S	1111 DDDD DDDD DDDD:1100 SSSS SSSS SSSS	1260
	D	1111 DDDD DDDD DDDD:1100 0100 1110 1100	1252
001F40	C4EC F4E4	MOVFF PREINC0, PREINC1
	F	 0010 11DA FFFF FFFF	1285
	D	 0010 11DA 0000 0101	1
	A	 0010 111A 0000 0101	0
001F44	2E05	DECFSZ SYSCALCTEMPA, F,ACCESS
	N	 1101 0NNN NNNN NNNN	2044
001F46	D7FC	BRA SYSSTRINGCOPY
	S	 0000 0000 0001 001S	0
001F48	0012	RETURN


		SYSDIVSUB16
	S	1111 DDDD DDDD DDDD:1100 SSSS SSSS SSSS	1285
	D	1111 DDDD DDDD DDDD:1100 0101 0000 0101	1287
001F4A	C505 F507	MOVFF SYSWORDTEMPA,SYSDIVMULTA
	S	1111 DDDD DDDD DDDD:1100 SSSS SSSS SSSS	1286
	D	1111 DDDD DDDD DDDD:1100 0101 0000 0110	1288
001F4E	C506 F508	MOVFF SYSWORDTEMPA_H,SYSDIVMULTA_H
	S	1111 DDDD DDDD DDDD:1100 SSSS SSSS SSSS	1289
	D	1111 DDDD DDDD DDDD:1100 0101 0000 1001	1291
001F52	C509 F50B	MOVFF SYSWORDTEMPB,SYSDIVMULTB
	S	1111 DDDD DDDD DDDD:1100 SSSS SSSS SSSS	1290
	D	1111 DDDD DDDD DDDD:1100 0101 0000 1010	1292
001F56	C50A F50C	MOVFF SYSWORDTEMPB_H,SYSDIVMULTB_H
	F	 0110 101A FFFF FFFF	1282
	A	 0110 101A 0000 0010	0
001F5A	6A02	CLRF SYSDIVMULTX,ACCESS
	F	 0110 101A FFFF FFFF	1283
	A	 0110 101A 0000 0011	0
001F5C	6A03	CLRF SYSDIVMULTX_H,ACCESS
	S	1111 DDDD DDDD DDDD:1100 SSSS SSSS SSSS	1291
	D	1111 DDDD DDDD DDDD:1100 0101 0000 1011	1285
001F5E	C50B F505	MOVFF SYSDIVMULTB,SYSWORDTEMPA
	S	1111 DDDD DDDD DDDD:1100 SSSS SSSS SSSS	1292
	D	1111 DDDD DDDD DDDD:1100 0101 0000 1100	1286
001F62	C50C F506	MOVFF SYSDIVMULTB_H,SYSWORDTEMPA_H
	F	 0110 101A FFFF FFFF	1289
	A	 0110 101A 0000 1001	0
001F66	6A09	CLRF SYSWORDTEMPB,ACCESS
	F	 0110 101A FFFF FFFF	1290
	A	 0110 101A 0000 1010	0
001F68	6A0A	CLRF SYSWORDTEMPB_H,ACCESS
	N	 1101 1NNN NNNN NNNN	1909
001F6A	DF75	RCALL SYSCOMPEQUAL16
	F	 1010 BBBA FFFF FFFF	1280
	B	 1010 BBBA 0000 0000	0
	A	 1010 000A 0000 0000	0
001F6C	A000	BTFSS SYSBYTETEMPX,0,ACCESS
	N	 1101 0NNN NNNN NNNN	3
001F6E	D003	BRA ENDIF77
	F	 0110 101A FFFF FFFF	1285
	A	 0110 101A 0000 0101	0
001F70	6A05	CLRF SYSWORDTEMPA,ACCESS
	F	 0110 101A FFFF FFFF	1286
	A	 0110 101A 0000 0110	0
001F72	6A06	CLRF SYSWORDTEMPA_H,ACCESS
	S	 0000 0000 0001 001S	0
001F74	0012	RETURN
		ENDIF77
	K	 0000 1110 KKKK KKKK	16
001F76	0E10	MOVLW 16
	F	 0110 111A FFFF FFFF	1284
	A	 0110 111A 0000 0100	0
001F78	6E04	MOVWF SYSDIVLOOP,ACCESS
		SYSDIV16START
	F	 1001 BBBA FFFF FFFF	1240
	B	 1001 BBBA 1101 1000	0
	A	 1001 000A 1101 1000	0
001F7A	90D8	BCF STATUS,C,ACCESS
	F	 0011 01DA FFFF FFFF	1287
	D	 0011 01DA 0000 0111	1
	A	 0011 011A 0000 0111	0
001F7C	3607	RLCF SYSDIVMULTA,F,ACCESS
	F	 0011 01DA FFFF FFFF	1288
	D	 0011 01DA 0000 1000	1
	A	 0011 011A 0000 1000	0
001F7E	3608	RLCF SYSDIVMULTA_H,F,ACCESS
	F	 0011 01DA FFFF FFFF	1282
	D	 0011 01DA 0000 0010	1
	A	 0011 011A 0000 0010	0
001F80	3602	RLCF SYSDIVMULTX,F,ACCESS
	F	 0011 01DA FFFF FFFF	1283
	D	 0011 01DA 0000 0011	1
	A	 0011 011A 0000 0011	0
001F82	3603	RLCF SYSDIVMULTX_H,F,ACCESS
	F	 0101 00DA FFFF FFFF	1291
	D	 0101 00DA 0000 1011	0
	A	 0101 000A 0000 1011	0
001F84	500B	MOVF SYSDIVMULTB,W,ACCESS
	F	 0101 11DA FFFF FFFF	1282
	D	 0101 11DA 0000 0010	1
	A	 0101 111A 0000 0010	0
001F86	5E02	SUBWF SYSDIVMULTX,F,ACCESS
	F	 0101 00DA FFFF FFFF	1292
	D	 0101 00DA 0000 1100	0
	A	 0101 000A 0000 1100	0
001F88	500C	MOVF SYSDIVMULTB_H,W,ACCESS
	F	 0101 10DA FFFF FFFF	1283
	D	 0101 10DA 0000 0011	1
	A	 0101 101A 0000 0011	0
001F8A	5A03	SUBWFB SYSDIVMULTX_H,F,ACCESS
	F	 1000 BBBA FFFF FFFF	1287
	B	 1000 BBBA 0000 0111	0
	A	 1000 000A 0000 0111	0
001F8C	8007	BSF SYSDIVMULTA,0,ACCESS
	F	 1011 BBBA FFFF FFFF	1240
	B	 1011 BBBA 1101 1000	0
	A	 1011 000A 1101 1000	0
001F8E	B0D8	BTFSC STATUS,C,ACCESS
	N	 1101 0NNN NNNN NNNN	5
001F90	D005	BRA ENDIF78
	F	 1001 BBBA FFFF FFFF	1287
	B	 1001 BBBA 0000 0111	0
	A	 1001 000A 0000 0111	0
001F92	9007	BCF SYSDIVMULTA,0,ACCESS
	F	 0101 00DA FFFF FFFF	1291
	D	 0101 00DA 0000 1011	0
	A	 0101 000A 0000 1011	0
001F94	500B	MOVF SYSDIVMULTB,W,ACCESS
	F	 0010 01DA FFFF FFFF	1282
	D	 0010 01DA 0000 0010	1
	A	 0010 011A 0000 0010	0
001F96	2602	ADDWF SYSDIVMULTX,F,ACCESS
	F	 0101 00DA FFFF FFFF	1292
	D	 0101 00DA 0000 1100	0
	A	 0101 000A 0000 1100	0
001F98	500C	MOVF SYSDIVMULTB_H,W,ACCESS
	F	 0010 00DA FFFF FFFF	1283
	D	 0010 00DA 0000 0011	1
	A	 0010 001A 0000 0011	0
001F9A	2203	ADDWFC SYSDIVMULTX_H,F,ACCESS
		ENDIF78
	F	 0010 11DA FFFF FFFF	1284
	D	 0010 11DA 0000 0100	1
	A	 0010 111A 0000 0100	0
001F9C	2E04	DECFSZ SYSDIVLOOP, F,ACCESS
	N	 1101 0NNN NNNN NNNN	2029
001F9E	D7ED	BRA SYSDIV16START
	S	1111 DDDD DDDD DDDD:1100 SSSS SSSS SSSS	1287
	D	1111 DDDD DDDD DDDD:1100 0101 0000 0111	1285
001FA0	C507 F505	MOVFF SYSDIVMULTA,SYSWORDTEMPA
	S	1111 DDDD DDDD DDDD:1100 SSSS SSSS SSSS	1288
	D	1111 DDDD DDDD DDDD:1100 0101 0000 1000	1286
001FA4	C508 F506	MOVFF SYSDIVMULTA_H,SYSWORDTEMPA_H
	S	1111 DDDD DDDD DDDD:1100 SSSS SSSS SSSS	1282
	D	1111 DDDD DDDD DDDD:1100 0101 0000 0010	1280
001FA8	C502 F500	MOVFF SYSDIVMULTX,SYSWORDTEMPX
	S	1111 DDDD DDDD DDDD:1100 SSSS SSSS SSSS	1283
	D	1111 DDDD DDDD DDDD:1100 0101 0000 0011	1281
001FAC	C503 F501	MOVFF SYSDIVMULTX_H,SYSWORDTEMPX_H
	S	 0000 0000 0001 001S	0
001FB0	0012	RETURN


		SYSDIVSUB32
	S	1111 DDDD DDDD DDDD:1100 SSSS SSSS SSSS	1285
	D	1111 DDDD DDDD DDDD:1100 0101 0000 0101	1459
001FB2	C505 F5B3	MOVFF SYSLONGTEMPA,SYSLONGDIVMULTA
	S	1111 DDDD DDDD DDDD:1100 SSSS SSSS SSSS	1286
	D	1111 DDDD DDDD DDDD:1100 0101 0000 0110	1460
001FB6	C506 F5B4	MOVFF SYSLONGTEMPA_H,SYSLONGDIVMULTA_H
	S	1111 DDDD DDDD DDDD:1100 SSSS SSSS SSSS	1287
	D	1111 DDDD DDDD DDDD:1100 0101 0000 0111	1461
001FBA	C507 F5B5	MOVFF SYSLONGTEMPA_U,SYSLONGDIVMULTA_U
	S	1111 DDDD DDDD DDDD:1100 SSSS SSSS SSSS	1288
	D	1111 DDDD DDDD DDDD:1100 0101 0000 1000	1462
001FBE	C508 F5B6	MOVFF SYSLONGTEMPA_E,SYSLONGDIVMULTA_E
	S	1111 DDDD DDDD DDDD:1100 SSSS SSSS SSSS	1289
	D	1111 DDDD DDDD DDDD:1100 0101 0000 1001	1463
001FC2	C509 F5B7	MOVFF SYSLONGTEMPB,SYSLONGDIVMULTB
	S	1111 DDDD DDDD DDDD:1100 SSSS SSSS SSSS	1290
	D	1111 DDDD DDDD DDDD:1100 0101 0000 1010	1464
001FC6	C50A F5B8	MOVFF SYSLONGTEMPB_H,SYSLONGDIVMULTB_H
	S	1111 DDDD DDDD DDDD:1100 SSSS SSSS SSSS	1291
	D	1111 DDDD DDDD DDDD:1100 0101 0000 1011	1465
001FCA	C50B F5B9	MOVFF SYSLONGTEMPB_U,SYSLONGDIVMULTB_U
	S	1111 DDDD DDDD DDDD:1100 SSSS SSSS SSSS	1292
	D	1111 DDDD DDDD DDDD:1100 0101 0000 1100	1466
001FCE	C50C F5BA	MOVFF SYSLONGTEMPB_E,SYSLONGDIVMULTB_E
	K	 0000 0001 00KK KKKK	5
000000	0105	BANKSEL SYSLONGDIVMULTX
	F	 0110 101A FFFF FFFF	1467
	A	 0110 101A 1011 1011	1
001FD4	6BBB	CLRF SYSLONGDIVMULTX,BANKED
	F	 0110 101A FFFF FFFF	1468
	A	 0110 101A 1011 1100	1
001FD6	6BBC	CLRF SYSLONGDIVMULTX_H,BANKED
	F	 0110 101A FFFF FFFF	1469
	A	 0110 101A 1011 1101	1
001FD8	6BBD	CLRF SYSLONGDIVMULTX_U,BANKED
	F	 0110 101A FFFF FFFF	1470
	A	 0110 101A 1011 1110	1
001FDA	6BBE	CLRF SYSLONGDIVMULTX_E,BANKED
	S	1111 DDDD DDDD DDDD:1100 SSSS SSSS SSSS	1463
	D	1111 DDDD DDDD DDDD:1100 0101 1011 0111	1285
001FDC	C5B7 F505	MOVFF SYSLONGDIVMULTB,SYSLONGTEMPA
	S	1111 DDDD DDDD DDDD:1100 SSSS SSSS SSSS	1464
	D	1111 DDDD DDDD DDDD:1100 0101 1011 1000	1286
001FE0	C5B8 F506	MOVFF SYSLONGDIVMULTB_H,SYSLONGTEMPA_H
	S	1111 DDDD DDDD DDDD:1100 SSSS SSSS SSSS	1465
	D	1111 DDDD DDDD DDDD:1100 0101 1011 1001	1287
001FE4	C5B9 F507	MOVFF SYSLONGDIVMULTB_U,SYSLONGTEMPA_U
	S	1111 DDDD DDDD DDDD:1100 SSSS SSSS SSSS	1466
	D	1111 DDDD DDDD DDDD:1100 0101 1011 1010	1288
001FE8	C5BA F508	MOVFF SYSLONGDIVMULTB_E,SYSLONGTEMPA_E
	F	 0110 101A FFFF FFFF	1289
	A	 0110 101A 0000 1001	0
001FEC	6A09	CLRF SYSLONGTEMPB,ACCESS
	F	 0110 101A FFFF FFFF	1290
	A	 0110 101A 0000 1010	0
001FEE	6A0A	CLRF SYSLONGTEMPB_H,ACCESS
	F	 0110 101A FFFF FFFF	1291
	A	 0110 101A 0000 1011	0
001FF0	6A0B	CLRF SYSLONGTEMPB_U,ACCESS
	F	 0110 101A FFFF FFFF	1292
	A	 0110 101A 0000 1100	0
001FF2	6A0C	CLRF SYSLONGTEMPB_E,ACCESS
	K	 0000 0001 00KK KKKK	0
000000	0100	BANKSEL 0
	N	 1101 1NNN NNNN NNNN	1848
001FF6	DF38	RCALL SYSCOMPEQUAL32
	F	 1010 BBBA FFFF FFFF	1280
	B	 1010 BBBA 0000 0000	0
	A	 1010 000A 0000 0000	0
001FF8	A000	BTFSS SYSBYTETEMPX,0,ACCESS
	N	 1101 0NNN NNNN NNNN	5
001FFA	D005	BRA ENDIF40
	F	 0110 101A FFFF FFFF	1285
	A	 0110 101A 0000 0101	0
001FFC	6A05	CLRF SYSLONGTEMPA,ACCESS
	F	 0110 101A FFFF FFFF	1286
	A	 0110 101A 0000 0110	0
001FFE	6A06	CLRF SYSLONGTEMPA_H,ACCESS
	F	 0110 101A FFFF FFFF	1287
	A	 0110 101A 0000 0111	0
002000	6A07	CLRF SYSLONGTEMPA_U,ACCESS
	F	 0110 101A FFFF FFFF	1288
	A	 0110 101A 0000 1000	0
002002	6A08	CLRF SYSLONGTEMPA_E,ACCESS
	S	 0000 0000 0001 001S	0
002004	0012	RETURN
		ENDIF40
	K	 0000 1110 KKKK KKKK	32
002006	0E20	MOVLW 32
	F	 0110 111A FFFF FFFF	1284
	A	 0110 111A 0000 0100	0
002008	6E04	MOVWF SYSDIVLOOP,ACCESS
		SYSDIV32START
	F	 1001 BBBA FFFF FFFF	1240
	B	 1001 BBBA 1101 1000	0
	A	 1001 000A 1101 1000	0
00200A	90D8	BCF STATUS,C,ACCESS
	K	 0000 0001 00KK KKKK	5
000000	0105	BANKSEL SYSLONGDIVMULTA
	F	 0011 01DA FFFF FFFF	1459
	D	 0011 01DA 1011 0011	1
	A	 0011 011A 1011 0011	1
00200E	37B3	RLCF SYSLONGDIVMULTA,F,BANKED
	F	 0011 01DA FFFF FFFF	1460
	D	 0011 01DA 1011 0100	1
	A	 0011 011A 1011 0100	1
002010	37B4	RLCF SYSLONGDIVMULTA_H,F,BANKED
	F	 0011 01DA FFFF FFFF	1461
	D	 0011 01DA 1011 0101	1
	A	 0011 011A 1011 0101	1
002012	37B5	RLCF SYSLONGDIVMULTA_U,F,BANKED
	F	 0011 01DA FFFF FFFF	1462
	D	 0011 01DA 1011 0110	1
	A	 0011 011A 1011 0110	1
002014	37B6	RLCF SYSLONGDIVMULTA_E,F,BANKED
	F	 0011 01DA FFFF FFFF	1467
	D	 0011 01DA 1011 1011	1
	A	 0011 011A 1011 1011	1
002016	37BB	RLCF SYSLONGDIVMULTX,F,BANKED
	F	 0011 01DA FFFF FFFF	1468
	D	 0011 01DA 1011 1100	1
	A	 0011 011A 1011 1100	1
002018	37BC	RLCF SYSLONGDIVMULTX_H,F,BANKED
	F	 0011 01DA FFFF FFFF	1469
	D	 0011 01DA 1011 1101	1
	A	 0011 011A 1011 1101	1
00201A	37BD	RLCF SYSLONGDIVMULTX_U,F,BANKED
	F	 0011 01DA FFFF FFFF	1470
	D	 0011 01DA 1011 1110	1
	A	 0011 011A 1011 1110	1
00201C	37BE	RLCF SYSLONGDIVMULTX_E,F,BANKED
	F	 0101 00DA FFFF FFFF	1463
	D	 0101 00DA 1011 0111	0
	A	 0101 000A 1011 0111	1
00201E	51B7	MOVF SYSLONGDIVMULTB,W,BANKED
	F	 0101 11DA FFFF FFFF	1467
	D	 0101 11DA 1011 1011	1
	A	 0101 111A 1011 1011	1
002020	5FBB	SUBWF SYSLONGDIVMULTX,F,BANKED
	F	 0101 00DA FFFF FFFF	1464
	D	 0101 00DA 1011 1000	0
	A	 0101 000A 1011 1000	1
002022	51B8	MOVF SYSLONGDIVMULTB_H,W,BANKED
	F	 0101 10DA FFFF FFFF	1468
	D	 0101 10DA 1011 1100	1
	A	 0101 101A 1011 1100	1
002024	5BBC	SUBWFB SYSLONGDIVMULTX_H,F,BANKED
	F	 0101 00DA FFFF FFFF	1465
	D	 0101 00DA 1011 1001	0
	A	 0101 000A 1011 1001	1
002026	51B9	MOVF SYSLONGDIVMULTB_U,W,BANKED
	F	 0101 10DA FFFF FFFF	1469
	D	 0101 10DA 1011 1101	1
	A	 0101 101A 1011 1101	1
002028	5BBD	SUBWFB SYSLONGDIVMULTX_U,F,BANKED
	F	 0101 00DA FFFF FFFF	1466
	D	 0101 00DA 1011 1010	0
	A	 0101 000A 1011 1010	1
00202A	51BA	MOVF SYSLONGDIVMULTB_E,W,BANKED
	F	 0101 10DA FFFF FFFF	1470
	D	 0101 10DA 1011 1110	1
	A	 0101 101A 1011 1110	1
00202C	5BBE	SUBWFB SYSLONGDIVMULTX_E,F,BANKED
	F	 1000 BBBA FFFF FFFF	1459
	B	 1000 BBBA 1011 0011	0
	A	 1000 000A 1011 0011	1
00202E	81B3	BSF SYSLONGDIVMULTA,0,BANKED
	F	 1011 BBBA FFFF FFFF	1240
	B	 1011 BBBA 1101 1000	0
	A	 1011 000A 1101 1000	0
002030	B0D8	BTFSC STATUS,C,ACCESS
	N	 1101 0NNN NNNN NNNN	9
002032	D009	BRA ENDIF41
	F	 1001 BBBA FFFF FFFF	1459
	B	 1001 BBBA 1011 0011	0
	A	 1001 000A 1011 0011	1
002034	91B3	BCF SYSLONGDIVMULTA,0,BANKED
	F	 0101 00DA FFFF FFFF	1463
	D	 0101 00DA 1011 0111	0
	A	 0101 000A 1011 0111	1
002036	51B7	MOVF SYSLONGDIVMULTB,W,BANKED
	F	 0010 01DA FFFF FFFF	1467
	D	 0010 01DA 1011 1011	1
	A	 0010 011A 1011 1011	1
002038	27BB	ADDWF SYSLONGDIVMULTX,F,BANKED
	F	 0101 00DA FFFF FFFF	1464
	D	 0101 00DA 1011 1000	0
	A	 0101 000A 1011 1000	1
00203A	51B8	MOVF SYSLONGDIVMULTB_H,W,BANKED
	F	 0010 00DA FFFF FFFF	1468
	D	 0010 00DA 1011 1100	1
	A	 0010 001A 1011 1100	1
00203C	23BC	ADDWFC SYSLONGDIVMULTX_H,F,BANKED
	F	 0101 00DA FFFF FFFF	1465
	D	 0101 00DA 1011 1001	0
	A	 0101 000A 1011 1001	1
00203E	51B9	MOVF SYSLONGDIVMULTB_U,W,BANKED
	F	 0010 00DA FFFF FFFF	1469
	D	 0010 00DA 1011 1101	1
	A	 0010 001A 1011 1101	1
002040	23BD	ADDWFC SYSLONGDIVMULTX_U,F,BANKED
	F	 0101 00DA FFFF FFFF	1466
	D	 0101 00DA 1011 1010	0
	A	 0101 000A 1011 1010	1
002042	51BA	MOVF SYSLONGDIVMULTB_E,W,BANKED
	F	 0010 00DA FFFF FFFF	1470
	D	 0010 00DA 1011 1110	1
	A	 0010 001A 1011 1110	1
002044	23BE	ADDWFC SYSLONGDIVMULTX_E,F,BANKED
		ENDIF41
	F	 0010 11DA FFFF FFFF	1284
	D	 0010 11DA 0000 0100	1
	A	 0010 111A 0000 0100	0
002046	2E04	DECFSZ SYSDIVLOOP, F,ACCESS
	N	 1101 0NNN NNNN NNNN	2016
002048	D7E0	BRA SYSDIV32START
	S	1111 DDDD DDDD DDDD:1100 SSSS SSSS SSSS	1459
	D	1111 DDDD DDDD DDDD:1100 0101 1011 0011	1285
00204A	C5B3 F505	MOVFF SYSLONGDIVMULTA,SYSLONGTEMPA
	S	1111 DDDD DDDD DDDD:1100 SSSS SSSS SSSS	1460
	D	1111 DDDD DDDD DDDD:1100 0101 1011 0100	1286
00204E	C5B4 F506	MOVFF SYSLONGDIVMULTA_H,SYSLONGTEMPA_H
	S	1111 DDDD DDDD DDDD:1100 SSSS SSSS SSSS	1461
	D	1111 DDDD DDDD DDDD:1100 0101 1011 0101	1287
002052	C5B5 F507	MOVFF SYSLONGDIVMULTA_U,SYSLONGTEMPA_U
	S	1111 DDDD DDDD DDDD:1100 SSSS SSSS SSSS	1462
	D	1111 DDDD DDDD DDDD:1100 0101 1011 0110	1288
002056	C5B6 F508	MOVFF SYSLONGDIVMULTA_E,SYSLONGTEMPA_E
	S	1111 DDDD DDDD DDDD:1100 SSSS SSSS SSSS	1467
	D	1111 DDDD DDDD DDDD:1100 0101 1011 1011	1280
00205A	C5BB F500	MOVFF SYSLONGDIVMULTX,SYSLONGTEMPX
	S	1111 DDDD DDDD DDDD:1100 SSSS SSSS SSSS	1468
	D	1111 DDDD DDDD DDDD:1100 0101 1011 1100	1281
00205E	C5BC F501	MOVFF SYSLONGDIVMULTX_H,SYSLONGTEMPX_H
	S	1111 DDDD DDDD DDDD:1100 SSSS SSSS SSSS	1469
	D	1111 DDDD DDDD DDDD:1100 0101 1011 1101	1282
002062	C5BD F502	MOVFF SYSLONGDIVMULTX_U,SYSLONGTEMPX_U
	S	1111 DDDD DDDD DDDD:1100 SSSS SSSS SSSS	1470
	D	1111 DDDD DDDD DDDD:1100 0101 1011 1110	1283
002066	C5BE F503	MOVFF SYSLONGDIVMULTX_E,SYSLONGTEMPX_E
	K	 0000 0001 00KK KKKK	0
000000	0100	BANKSEL 0
	S	 0000 0000 0001 001S	0
00206C	0012	RETURN


		SYSDIVSUBINT
	F	 0101 00DA FFFF FFFF	1286
	D	 0101 00DA 0000 0110	0
	A	 0101 000A 0000 0110	0
00206E	5006	MOVF SYSINTEGERTEMPA_H,W,ACCESS
	F	 0001 10DA FFFF FFFF	1290
	D	 0001 10DA 0000 1010	0
	A	 0001 100A 0000 1010	0
002070	180A	XORWF SYSINTEGERTEMPB_H,W,ACCESS
	F	 0110 111A FFFF FFFF	1293
	A	 0110 111A 0000 1101	0
002072	6E0D	MOVWF SYSSIGNBYTE,ACCESS
	F	 1010 BBBA FFFF FFFF	1286
	B	 1010 BBBA 0000 0110	7
	A	 1010 111A 0000 0110	0
002074	AE06	BTFSS SYSINTEGERTEMPA_H,7,ACCESS
	N	 1101 0NNN NNNN NNNN	5
002076	D005	BRA ENDIF37
	F	 0001 11DA FFFF FFFF	1285
	D	 0001 11DA 0000 0101	1
	A	 0001 111A 0000 0101	0
002078	1E05	COMF SYSINTEGERTEMPA,F,ACCESS
	F	 0001 11DA FFFF FFFF	1286
	D	 0001 11DA 0000 0110	1
	A	 0001 111A 0000 0110	0
00207A	1E06	COMF SYSINTEGERTEMPA_H,F,ACCESS
	F	 0010 10DA FFFF FFFF	1285
	D	 0010 10DA 0000 0101	1
	A	 0010 101A 0000 0101	0
00207C	2A05	INCF SYSINTEGERTEMPA,F,ACCESS
	F	 1011 BBBA FFFF FFFF	1240
	B	 1011 BBBA 1101 1000	2
	A	 1011 010A 1101 1000	0
00207E	B4D8	BTFSC STATUS,Z,ACCESS
	F	 0010 10DA FFFF FFFF	1286
	D	 0010 10DA 0000 0110	1
	A	 0010 101A 0000 0110	0
002080	2A06	INCF SYSINTEGERTEMPA_H,F,ACCESS
		ENDIF37
	F	 1010 BBBA FFFF FFFF	1290
	B	 1010 BBBA 0000 1010	7
	A	 1010 111A 0000 1010	0
002082	AE0A	BTFSS SYSINTEGERTEMPB_H,7,ACCESS
	N	 1101 0NNN NNNN NNNN	5
002084	D005	BRA ENDIF38
	F	 0001 11DA FFFF FFFF	1289
	D	 0001 11DA 0000 1001	1
	A	 0001 111A 0000 1001	0
002086	1E09	COMF SYSINTEGERTEMPB,F,ACCESS
	F	 0001 11DA FFFF FFFF	1290
	D	 0001 11DA 0000 1010	1
	A	 0001 111A 0000 1010	0
002088	1E0A	COMF SYSINTEGERTEMPB_H,F,ACCESS
	F	 0010 10DA FFFF FFFF	1289
	D	 0010 10DA 0000 1001	1
	A	 0010 101A 0000 1001	0
00208A	2A09	INCF SYSINTEGERTEMPB,F,ACCESS
	F	 1011 BBBA FFFF FFFF	1240
	B	 1011 BBBA 1101 1000	2
	A	 1011 010A 1101 1000	0
00208C	B4D8	BTFSC STATUS,Z,ACCESS
	F	 0010 10DA FFFF FFFF	1290
	D	 0010 10DA 0000 1010	1
	A	 0010 101A 0000 1010	0
00208E	2A0A	INCF SYSINTEGERTEMPB_H,F,ACCESS
		ENDIF38
	N	 1101 1NNN NNNN NNNN	1884
002090	DF5C	RCALL SYSDIVSUB16
	F	 1010 BBBA FFFF FFFF	1293
	B	 1010 BBBA 0000 1101	7
	A	 1010 111A 0000 1101	0
002092	AE0D	BTFSS SYSSIGNBYTE,7,ACCESS
	N	 1101 0NNN NNNN NNNN	10
002094	D00A	BRA ENDIF39
	F	 0001 11DA FFFF FFFF	1285
	D	 0001 11DA 0000 0101	1
	A	 0001 111A 0000 0101	0
002096	1E05	COMF SYSINTEGERTEMPA,F,ACCESS
	F	 0001 11DA FFFF FFFF	1286
	D	 0001 11DA 0000 0110	1
	A	 0001 111A 0000 0110	0
002098	1E06	COMF SYSINTEGERTEMPA_H,F,ACCESS
	F	 0010 10DA FFFF FFFF	1285
	D	 0010 10DA 0000 0101	1
	A	 0010 101A 0000 0101	0
00209A	2A05	INCF SYSINTEGERTEMPA,F,ACCESS
	F	 1011 BBBA FFFF FFFF	1240
	B	 1011 BBBA 1101 1000	2
	A	 1011 010A 1101 1000	0
00209C	B4D8	BTFSC STATUS,Z,ACCESS
	F	 0010 10DA FFFF FFFF	1286
	D	 0010 10DA 0000 0110	1
	A	 0010 101A 0000 0110	0
00209E	2A06	INCF SYSINTEGERTEMPA_H,F,ACCESS
	F	 0001 11DA FFFF FFFF	1280
	D	 0001 11DA 0000 0000	1
	A	 0001 111A 0000 0000	0
0020A0	1E00	COMF SYSINTEGERTEMPX,F,ACCESS
	F	 0001 11DA FFFF FFFF	1281
	D	 0001 11DA 0000 0001	1
	A	 0001 111A 0000 0001	0
0020A2	1E01	COMF SYSINTEGERTEMPX_H,F,ACCESS
	F	 0010 10DA FFFF FFFF	1280
	D	 0010 10DA 0000 0000	1
	A	 0010 101A 0000 0000	0
0020A4	2A00	INCF SYSINTEGERTEMPX,F,ACCESS
	F	 1011 BBBA FFFF FFFF	1240
	B	 1011 BBBA 1101 1000	2
	A	 1011 010A 1101 1000	0
0020A6	B4D8	BTFSC STATUS,Z,ACCESS
	F	 0010 10DA FFFF FFFF	1281
	D	 0010 10DA 0000 0001	1
	A	 0010 101A 0000 0001	0
0020A8	2A01	INCF SYSINTEGERTEMPX_H,F,ACCESS
		ENDIF39
	S	 0000 0000 0001 001S	0
0020AA	0012	RETURN


		SYSMULTSUB16
	F	 0101 00DA FFFF FFFF	1285
	D	 0101 00DA 0000 0101	0
	A	 0101 000A 0000 0101	0
0020AC	5005	MOVF SYSWORDTEMPA, W,ACCESS
	F	 0000 001A FFFF FFFF	1289
	A	 0000 001A 0000 1001	0
0020AE	0209	MULWF SYSWORDTEMPB,ACCESS
	S	1111 DDDD DDDD DDDD:1100 SSSS SSSS SSSS	1267
	D	1111 DDDD DDDD DDDD:1100 0100 1111 0011	1280
0020B0	C4F3 F500	MOVFF PRODL, SYSWORDTEMPX
	S	1111 DDDD DDDD DDDD:1100 SSSS SSSS SSSS	1268
	D	1111 DDDD DDDD DDDD:1100 0100 1111 0100	1281
0020B4	C4F4 F501	MOVFF PRODH, SYSWORDTEMPX_H
	F	 0101 00DA FFFF FFFF	1285
	D	 0101 00DA 0000 0101	0
	A	 0101 000A 0000 0101	0
0020B8	5005	MOVF SYSWORDTEMPA, W,ACCESS
	F	 0000 001A FFFF FFFF	1290
	A	 0000 001A 0000 1010	0
0020BA	020A	MULWF SYSWORDTEMPB_H,ACCESS
	F	 0101 00DA FFFF FFFF	1267
	D	 0101 00DA 1111 0011	0
	A	 0101 000A 1111 0011	0
0020BC	50F3	MOVF PRODL, W,ACCESS
	F	 0010 01DA FFFF FFFF	1281
	D	 0010 01DA 0000 0001	1
	A	 0010 011A 0000 0001	0
0020BE	2601	ADDWF SYSWORDTEMPX_H, F,ACCESS
	F	 0101 00DA FFFF FFFF	1286
	D	 0101 00DA 0000 0110	0
	A	 0101 000A 0000 0110	0
0020C0	5006	MOVF SYSWORDTEMPA_H, W,ACCESS
	F	 0000 001A FFFF FFFF	1289
	A	 0000 001A 0000 1001	0
0020C2	0209	MULWF SYSWORDTEMPB,ACCESS
	F	 0101 00DA FFFF FFFF	1267
	D	 0101 00DA 1111 0011	0
	A	 0101 000A 1111 0011	0
0020C4	50F3	MOVF PRODL, W,ACCESS
	F	 0010 01DA FFFF FFFF	1281
	D	 0010 01DA 0000 0001	1
	A	 0010 011A 0000 0001	0
0020C6	2601	ADDWF SYSWORDTEMPX_H, F,ACCESS
	F	 0101 00DA FFFF FFFF	1286
	D	 0101 00DA 0000 0110	1
	A	 0101 001A 0000 0110	0
0020C8	5206	MOVF SYSWORDTEMPA_H, F,ACCESS
	F	 0000 001A FFFF FFFF	1290
	A	 0000 001A 0000 1010	0
0020CA	020A	MULWF SYSWORDTEMPB_H,ACCESS
	S	 0000 0000 0001 001S	0
0020CC	0012	RETURN


		SYSMULTSUB32
	S	1111 DDDD DDDD DDDD:1100 SSSS SSSS SSSS	1285
	D	1111 DDDD DDDD DDDD:1100 0101 0000 0101	1459
0020CE	C505 F5B3	MOVFF SYSLONGTEMPA,SYSLONGDIVMULTA
	S	1111 DDDD DDDD DDDD:1100 SSSS SSSS SSSS	1286
	D	1111 DDDD DDDD DDDD:1100 0101 0000 0110	1460
0020D2	C506 F5B4	MOVFF SYSLONGTEMPA_H,SYSLONGDIVMULTA_H
	S	1111 DDDD DDDD DDDD:1100 SSSS SSSS SSSS	1287
	D	1111 DDDD DDDD DDDD:1100 0101 0000 0111	1461
0020D6	C507 F5B5	MOVFF SYSLONGTEMPA_U,SYSLONGDIVMULTA_U
	S	1111 DDDD DDDD DDDD:1100 SSSS SSSS SSSS	1288
	D	1111 DDDD DDDD DDDD:1100 0101 0000 1000	1462
0020DA	C508 F5B6	MOVFF SYSLONGTEMPA_E,SYSLONGDIVMULTA_E
	S	1111 DDDD DDDD DDDD:1100 SSSS SSSS SSSS	1289
	D	1111 DDDD DDDD DDDD:1100 0101 0000 1001	1463
0020DE	C509 F5B7	MOVFF SYSLONGTEMPB,SYSLONGDIVMULTB
	S	1111 DDDD DDDD DDDD:1100 SSSS SSSS SSSS	1290
	D	1111 DDDD DDDD DDDD:1100 0101 0000 1010	1464
0020E2	C50A F5B8	MOVFF SYSLONGTEMPB_H,SYSLONGDIVMULTB_H
	S	1111 DDDD DDDD DDDD:1100 SSSS SSSS SSSS	1291
	D	1111 DDDD DDDD DDDD:1100 0101 0000 1011	1465
0020E6	C50B F5B9	MOVFF SYSLONGTEMPB_U,SYSLONGDIVMULTB_U
	S	1111 DDDD DDDD DDDD:1100 SSSS SSSS SSSS	1292
	D	1111 DDDD DDDD DDDD:1100 0101 0000 1100	1466
0020EA	C50C F5BA	MOVFF SYSLONGTEMPB_E,SYSLONGDIVMULTB_E
	K	 0000 0001 00KK KKKK	5
000000	0105	BANKSEL SYSLONGDIVMULTX
	F	 0110 101A FFFF FFFF	1467
	A	 0110 101A 1011 1011	1
0020F0	6BBB	CLRF SYSLONGDIVMULTX,BANKED
	F	 0110 101A FFFF FFFF	1468
	A	 0110 101A 1011 1100	1
0020F2	6BBC	CLRF SYSLONGDIVMULTX_H,BANKED
	F	 0110 101A FFFF FFFF	1469
	A	 0110 101A 1011 1101	1
0020F4	6BBD	CLRF SYSLONGDIVMULTX_U,BANKED
	F	 0110 101A FFFF FFFF	1470
	A	 0110 101A 1011 1110	1
0020F6	6BBE	CLRF SYSLONGDIVMULTX_E,BANKED
		MUL32LOOP
	K	 0000 0001 00KK KKKK	5
000000	0105	BANKSEL SYSLONGDIVMULTB
	F	 1010 BBBA FFFF FFFF	1463
	B	 1010 BBBA 1011 0111	0
	A	 1010 000A 1011 0111	1
0020FA	A1B7	BTFSS SYSLONGDIVMULTB,0,BANKED
	N	 1101 0NNN NNNN NNNN	8
0020FC	D008	BRA ENDIF35
	F	 0101 00DA FFFF FFFF	1459
	D	 0101 00DA 1011 0011	0
	A	 0101 000A 1011 0011	1
0020FE	51B3	MOVF SYSLONGDIVMULTA,W,BANKED
	F	 0010 01DA FFFF FFFF	1467
	D	 0010 01DA 1011 1011	1
	A	 0010 011A 1011 1011	1
002100	27BB	ADDWF SYSLONGDIVMULTX,F,BANKED
	F	 0101 00DA FFFF FFFF	1460
	D	 0101 00DA 1011 0100	0
	A	 0101 000A 1011 0100	1
002102	51B4	MOVF SYSLONGDIVMULTA_H,W,BANKED
	F	 0010 00DA FFFF FFFF	1468
	D	 0010 00DA 1011 1100	1
	A	 0010 001A 1011 1100	1
002104	23BC	ADDWFC SYSLONGDIVMULTX_H,F,BANKED
	F	 0101 00DA FFFF FFFF	1461
	D	 0101 00DA 1011 0101	0
	A	 0101 000A 1011 0101	1
002106	51B5	MOVF SYSLONGDIVMULTA_U,W,BANKED
	F	 0010 00DA FFFF FFFF	1469
	D	 0010 00DA 1011 1101	1
	A	 0010 001A 1011 1101	1
002108	23BD	ADDWFC SYSLONGDIVMULTX_U,F,BANKED
	F	 0101 00DA FFFF FFFF	1462
	D	 0101 00DA 1011 0110	0
	A	 0101 000A 1011 0110	1
00210A	51B6	MOVF SYSLONGDIVMULTA_E,W,BANKED
	F	 0010 00DA FFFF FFFF	1470
	D	 0010 00DA 1011 1110	1
	A	 0010 001A 1011 1110	1
00210C	23BE	ADDWFC SYSLONGDIVMULTX_E,F,BANKED
		ENDIF35
	F	 1001 BBBA FFFF FFFF	1240
	B	 1001 BBBA 1101 1000	0
	A	 1001 000A 1101 1000	0
00210E	90D8	BCF STATUS,C,ACCESS
	F	 0011 00DA FFFF FFFF	1466
	D	 0011 00DA 1011 1010	1
	A	 0011 001A 1011 1010	1
002110	33BA	RRCF SYSLONGDIVMULTB_E,F,BANKED
	F	 0011 00DA FFFF FFFF	1465
	D	 0011 00DA 1011 1001	1
	A	 0011 001A 1011 1001	1
002112	33B9	RRCF SYSLONGDIVMULTB_U,F,BANKED
	F	 0011 00DA FFFF FFFF	1464
	D	 0011 00DA 1011 1000	1
	A	 0011 001A 1011 1000	1
002114	33B8	RRCF SYSLONGDIVMULTB_H,F,BANKED
	F	 0011 00DA FFFF FFFF	1463
	D	 0011 00DA 1011 0111	1
	A	 0011 001A 1011 0111	1
002116	33B7	RRCF SYSLONGDIVMULTB,F,BANKED
	F	 1001 BBBA FFFF FFFF	1240
	B	 1001 BBBA 1101 1000	0
	A	 1001 000A 1101 1000	0
002118	90D8	BCF STATUS,C,ACCESS
	F	 0011 01DA FFFF FFFF	1459
	D	 0011 01DA 1011 0011	1
	A	 0011 011A 1011 0011	1
00211A	37B3	RLCF SYSLONGDIVMULTA,F,BANKED
	F	 0011 01DA FFFF FFFF	1460
	D	 0011 01DA 1011 0100	1
	A	 0011 011A 1011 0100	1
00211C	37B4	RLCF SYSLONGDIVMULTA_H,F,BANKED
	F	 0011 01DA FFFF FFFF	1461
	D	 0011 01DA 1011 0101	1
	A	 0011 011A 1011 0101	1
00211E	37B5	RLCF SYSLONGDIVMULTA_U,F,BANKED
	F	 0011 01DA FFFF FFFF	1462
	D	 0011 01DA 1011 0110	1
	A	 0011 011A 1011 0110	1
002120	37B6	RLCF SYSLONGDIVMULTA_E,F,BANKED
	S	1111 DDDD DDDD DDDD:1100 SSSS SSSS SSSS	1463
	D	1111 DDDD DDDD DDDD:1100 0101 1011 0111	1289
002122	C5B7 F509	MOVFF SYSLONGDIVMULTB,SYSLONGTEMPB
	S	1111 DDDD DDDD DDDD:1100 SSSS SSSS SSSS	1464
	D	1111 DDDD DDDD DDDD:1100 0101 1011 1000	1290
002126	C5B8 F50A	MOVFF SYSLONGDIVMULTB_H,SYSLONGTEMPB_H
	S	1111 DDDD DDDD DDDD:1100 SSSS SSSS SSSS	1465
	D	1111 DDDD DDDD DDDD:1100 0101 1011 1001	1291
00212A	C5B9 F50B	MOVFF SYSLONGDIVMULTB_U,SYSLONGTEMPB_U
	S	1111 DDDD DDDD DDDD:1100 SSSS SSSS SSSS	1466
	D	1111 DDDD DDDD DDDD:1100 0101 1011 1010	1292
00212E	C5BA F50C	MOVFF SYSLONGDIVMULTB_E,SYSLONGTEMPB_E
	F	 0110 101A FFFF FFFF	1285
	A	 0110 101A 0000 0101	0
002132	6A05	CLRF SYSLONGTEMPA,ACCESS
	F	 0110 101A FFFF FFFF	1286
	A	 0110 101A 0000 0110	0
002134	6A06	CLRF SYSLONGTEMPA_H,ACCESS
	F	 0110 101A FFFF FFFF	1287
	A	 0110 101A 0000 0111	0
002136	6A07	CLRF SYSLONGTEMPA_U,ACCESS
	F	 0110 101A FFFF FFFF	1288
	A	 0110 101A 0000 1000	0
002138	6A08	CLRF SYSLONGTEMPA_E,ACCESS
	K	 0000 0001 00KK KKKK	0
000000	0100	BANKSEL 0
	N	 1101 1NNN NNNN NNNN	1719
00213C	DEB7	RCALL SYSCOMPLESSTHAN32
	F	 1011 BBBA FFFF FFFF	1280
	B	 1011 BBBA 0000 0000	0
	A	 1011 000A 0000 0000	0
00213E	B000	BTFSC SYSBYTETEMPX,0,ACCESS
	N	 1101 0NNN NNNN NNNN	2011
002140	D7DB	BRA MUL32LOOP
	S	1111 DDDD DDDD DDDD:1100 SSSS SSSS SSSS	1467
	D	1111 DDDD DDDD DDDD:1100 0101 1011 1011	1280
002142	C5BB F500	MOVFF SYSLONGDIVMULTX,SYSLONGTEMPX
	S	1111 DDDD DDDD DDDD:1100 SSSS SSSS SSSS	1468
	D	1111 DDDD DDDD DDDD:1100 0101 1011 1100	1281
002146	C5BC F501	MOVFF SYSLONGDIVMULTX_H,SYSLONGTEMPX_H
	S	1111 DDDD DDDD DDDD:1100 SSSS SSSS SSSS	1469
	D	1111 DDDD DDDD DDDD:1100 0101 1011 1101	1282
00214A	C5BD F502	MOVFF SYSLONGDIVMULTX_U,SYSLONGTEMPX_U
	S	1111 DDDD DDDD DDDD:1100 SSSS SSSS SSSS	1470
	D	1111 DDDD DDDD DDDD:1100 0101 1011 1110	1283
00214E	C5BE F503	MOVFF SYSLONGDIVMULTX_E,SYSLONGTEMPX_E
	S	 0000 0000 0001 001S	0
002152	0012	RETURN


		SYSMULTSUBINT
	F	 0101 00DA FFFF FFFF	1286
	D	 0101 00DA 0000 0110	0
	A	 0101 000A 0000 0110	0
002154	5006	MOVF SYSINTEGERTEMPA_H,W,ACCESS
	F	 0001 10DA FFFF FFFF	1290
	D	 0001 10DA 0000 1010	0
	A	 0001 100A 0000 1010	0
002156	180A	XORWF SYSINTEGERTEMPB_H,W,ACCESS
	F	 0110 111A FFFF FFFF	1293
	A	 0110 111A 0000 1101	0
002158	6E0D	MOVWF SYSSIGNBYTE,ACCESS
	F	 1010 BBBA FFFF FFFF	1286
	B	 1010 BBBA 0000 0110	7
	A	 1010 111A 0000 0110	0
00215A	AE06	BTFSS SYSINTEGERTEMPA_H,7,ACCESS
	N	 1101 0NNN NNNN NNNN	5
00215C	D005	BRA ENDIF32
	F	 0001 11DA FFFF FFFF	1285
	D	 0001 11DA 0000 0101	1
	A	 0001 111A 0000 0101	0
00215E	1E05	COMF SYSINTEGERTEMPA,F,ACCESS
	F	 0001 11DA FFFF FFFF	1286
	D	 0001 11DA 0000 0110	1
	A	 0001 111A 0000 0110	0
002160	1E06	COMF SYSINTEGERTEMPA_H,F,ACCESS
	F	 0010 10DA FFFF FFFF	1285
	D	 0010 10DA 0000 0101	1
	A	 0010 101A 0000 0101	0
002162	2A05	INCF SYSINTEGERTEMPA,F,ACCESS
	F	 1011 BBBA FFFF FFFF	1240
	B	 1011 BBBA 1101 1000	2
	A	 1011 010A 1101 1000	0
002164	B4D8	BTFSC STATUS,Z,ACCESS
	F	 0010 10DA FFFF FFFF	1286
	D	 0010 10DA 0000 0110	1
	A	 0010 101A 0000 0110	0
002166	2A06	INCF SYSINTEGERTEMPA_H,F,ACCESS
		ENDIF32
	F	 1010 BBBA FFFF FFFF	1290
	B	 1010 BBBA 0000 1010	7
	A	 1010 111A 0000 1010	0
002168	AE0A	BTFSS SYSINTEGERTEMPB_H,7,ACCESS
	N	 1101 0NNN NNNN NNNN	5
00216A	D005	BRA ENDIF33
	F	 0001 11DA FFFF FFFF	1289
	D	 0001 11DA 0000 1001	1
	A	 0001 111A 0000 1001	0
00216C	1E09	COMF SYSINTEGERTEMPB,F,ACCESS
	F	 0001 11DA FFFF FFFF	1290
	D	 0001 11DA 0000 1010	1
	A	 0001 111A 0000 1010	0
00216E	1E0A	COMF SYSINTEGERTEMPB_H,F,ACCESS
	F	 0010 10DA FFFF FFFF	1289
	D	 0010 10DA 0000 1001	1
	A	 0010 101A 0000 1001	0
002170	2A09	INCF SYSINTEGERTEMPB,F,ACCESS
	F	 1011 BBBA FFFF FFFF	1240
	B	 1011 BBBA 1101 1000	2
	A	 1011 010A 1101 1000	0
002172	B4D8	BTFSC STATUS,Z,ACCESS
	F	 0010 10DA FFFF FFFF	1290
	D	 0010 10DA 0000 1010	1
	A	 0010 101A 0000 1010	0
002174	2A0A	INCF SYSINTEGERTEMPB_H,F,ACCESS
		ENDIF33
	N	 1101 1NNN NNNN NNNN	1946
002176	DF9A	RCALL SYSMULTSUB16
	F	 1010 BBBA FFFF FFFF	1293
	B	 1010 BBBA 0000 1101	7
	A	 1010 111A 0000 1101	0
002178	AE0D	BTFSS SYSSIGNBYTE,7,ACCESS
	N	 1101 0NNN NNNN NNNN	5
00217A	D005	BRA ENDIF34
	F	 0001 11DA FFFF FFFF	1280
	D	 0001 11DA 0000 0000	1
	A	 0001 111A 0000 0000	0
00217C	1E00	COMF SYSINTEGERTEMPX,F,ACCESS
	F	 0001 11DA FFFF FFFF	1281
	D	 0001 11DA 0000 0001	1
	A	 0001 111A 0000 0001	0
00217E	1E01	COMF SYSINTEGERTEMPX_H,F,ACCESS
	F	 0010 10DA FFFF FFFF	1280
	D	 0010 10DA 0000 0000	1
	A	 0010 101A 0000 0000	0
002180	2A00	INCF SYSINTEGERTEMPX,F,ACCESS
	F	 1011 BBBA FFFF FFFF	1240
	B	 1011 BBBA 1101 1000	2
	A	 1011 010A 1101 1000	0
002182	B4D8	BTFSC STATUS,Z,ACCESS
	F	 0010 10DA FFFF FFFF	1281
	D	 0010 10DA 0000 0001	1
	A	 0010 101A 0000 0001	0
002184	2A01	INCF SYSINTEGERTEMPX_H,F,ACCESS
		ENDIF34
	S	 0000 0000 0001 001S	0
002186	0012	RETURN


		SYSREADSTRING
002188	0009	TBLRD*+
	S	1111 DDDD DDDD DDDD:1100 SSSS SSSS SSSS	1269
	D	1111 DDDD DDDD DDDD:1100 0100 1111 0101	1285
00218A	C4F5 F505	MOVFF TABLAT,SYSCALCTEMPA
	S	1111 DDDD DDDD DDDD:1100 SSSS SSSS SSSS	1269
	D	1111 DDDD DDDD DDDD:1100 0100 1111 0101	1255
00218E	C4F5 F4E7	MOVFF TABLAT,INDF1
	N	 1101 0NNN NNNN NNNN	4
002192	D004	BRA SYSSTRINGREADCHECK
		SYSREADSTRINGPART
002194	0009	TBLRD*+
	F	 0101 00DA FFFF FFFF	1269
	D	 0101 00DA 1111 0101	0
	A	 0101 000A 1111 0101	0
002196	50F5	MOVF TABLAT, W,ACCESS
	F	 0110 111A FFFF FFFF	1285
	A	 0110 111A 0000 0101	0
002198	6E05	MOVWF SYSCALCTEMPA,ACCESS
	F	 0010 01DA FFFF FFFF	1286
	D	 0010 01DA 0000 0110	1
	A	 0010 011A 0000 0110	0
00219A	2606	ADDWF SYSSTRINGLENGTH,F,ACCESS
		SYSSTRINGREADCHECK
	F	 0101 00DA FFFF FFFF	1285
	D	 0101 00DA 0000 0101	1
	A	 0101 001A 0000 0101	0
00219C	5205	MOVF SYSCALCTEMPA,F,ACCESS
	F	 1011 BBBA FFFF FFFF	1240
	B	 1011 BBBA 1101 1000	2
	A	 1011 010A 1101 1000	0
00219E	B4D8	BTFSC STATUS,Z,ACCESS
	S	 0000 0000 0001 001S	0
0021A0	0012	RETURN
		SYSSTRINGREAD
0021A2	0009	TBLRD*+
	S	1111 DDDD DDDD DDDD:1100 SSSS SSSS SSSS	1269
	D	1111 DDDD DDDD DDDD:1100 0100 1111 0101	1252
0021A4	C4F5 F4E4	MOVFF TABLAT,PREINC1
	F	 0010 11DA FFFF FFFF	1285
	D	 0010 11DA 0000 0101	1
	A	 0010 111A 0000 0101	0
0021A8	2E05	DECFSZ SYSCALCTEMPA, F,ACCESS
	N	 1101 0NNN NNNN NNNN	2043
0021AA	D7FB	BRA SYSSTRINGREAD
	S	 0000 0000 0001 001S	0
0021AC	0012	RETURN


		SYSSTRINGTABLES

		STRINGTABLE1
0021AE	4707 4243 5341 4349	RAW 4707,4243,5341,4349


		STRINGTABLE2
0021B6	410C 6F6E 6962 6D75 3220 3230 0036	RAW 410C,6F6E,6962,6D75,3220,3230,0036


		STRINGTABLE3
0021C4	2A01	RAW 2A01


		STRINGTABLE4
0021C6	5307 4453 3331 3930	RAW 5307,4453,3331,3930


		STRINGTABLE5
0021CE	560F 7265 6973 6E6F 3120 782E 2E78 7878	RAW 560F,7265,6973,6E6F,3120,782E,2E78,7878


		STRINGTABLE7
0021DE	460E 4C55 204C 4C47 4443 4D20 444F 0045	RAW 460E,4C55,204C,4C47,4443,4D20,444F,0045


		STRINGTABLE8
0021EE	5008 6972 746E 7453 0072	RAW 5008,6972,746E,7453,0072


		STRINGTABLE9
0021F8	4001	RAW 4001


		STRINGTABLE10
0021FA	4D03 7A68	RAW 4D03,7A68


		STRINGTABLE11
0021FE	4407 6172 5377 7274	RAW 4407,6172,5377,7274


		STRINGTABLE12
002206	4104 4344 003A	RAW 4104,4344,003A


		STRINGTABLE13
00220C	3D01	RAW 3D01


		STRINGTABLE59
00220E	2001	RAW 2001


		STRINGTABLE100
002210	0000	RAW 0000



		WRITE_COMMAND_SSD1309
	N	 1101 1NNN NNNN NNNN	1380
002212	DD64	RCALL SI2CSTART
	K	 0000 1110 KKKK KKKK	120
002214	0E78	MOVLW 120
	K	 0000 0001 00KK KKKK	5
000000	0105	BANKSEL I2CBYTE
	F	 0110 111A FFFF FFFF	1390
	A	 0110 111A 0110 1110	1
002218	6F6E	MOVWF I2CBYTE,BANKED
	K	 0000 0001 00KK KKKK	0
000000	0100	BANKSEL 0
	K	1111 KKKK KKKK KKKK:1110 110S KKKK KKKK	5620
	S	1111 0000 0000 1010:1110 110S 1111 1010	0
00221C	ECFA F00A	CALL HI2CQ24Q35SEND
	K	 0000 0001 00KK KKKK	5
000000	0105	BANKSEL I2CBYTE
	F	 0110 101A FFFF FFFF	1390
	A	 0110 101A 0110 1110	1
002222	6B6E	CLRF I2CBYTE,BANKED
	K	 0000 0001 00KK KKKK	0
000000	0100	BANKSEL 0
	K	1111 KKKK KKKK KKKK:1110 110S KKKK KKKK	5620
	S	1111 0000 0000 1010:1110 110S 1111 1010	0
002226	ECFA F00A	CALL HI2CQ24Q35SEND
	S	1111 DDDD DDDD DDDD:1100 SSSS SSSS SSSS	1442
	D	1111 DDDD DDDD DDDD:1100 0101 1010 0010	1390
00222A	C5A2 F56E	MOVFF SSD1309SENDBYTE,I2CBYTE
	K	1111 KKKK KKKK KKKK:1110 110S KKKK KKKK	5620
	S	1111 0000 0000 1010:1110 110S 1111 1010	0
00222E	ECFA F00A	CALL HI2CQ24Q35SEND
	K	1111 KKKK KKKK KKKK:1110 1111 KKKK KKKK	5710
002232	EF27 F00B	GOTO HI2CQ24Q35STOP


		WRITE_DATA_SSD1309
	N	 1101 1NNN NNNN NNNN	1362
002236	DD52	RCALL SI2CSTART
	K	 0000 1110 KKKK KKKK	120
002238	0E78	MOVLW 120
	K	 0000 0001 00KK KKKK	5
000000	0105	BANKSEL I2CBYTE
	F	 0110 111A FFFF FFFF	1390
	A	 0110 111A 0110 1110	1
00223C	6F6E	MOVWF I2CBYTE,BANKED
	K	 0000 0001 00KK KKKK	0
000000	0100	BANKSEL 0
	K	1111 KKKK KKKK KKKK:1110 110S KKKK KKKK	5620
	S	1111 0000 0000 1010:1110 110S 1111 1010	0
002240	ECFA F00A	CALL HI2CQ24Q35SEND
	K	 0000 1110 KKKK KKKK	64
002244	0E40	MOVLW 64
	K	 0000 0001 00KK KKKK	5
000000	0105	BANKSEL I2CBYTE
	F	 0110 111A FFFF FFFF	1390
	A	 0110 111A 0110 1110	1
002248	6F6E	MOVWF I2CBYTE,BANKED
	K	 0000 0001 00KK KKKK	0
000000	0100	BANKSEL 0
	K	1111 KKKK KKKK KKKK:1110 110S KKKK KKKK	5620
	S	1111 0000 0000 1010:1110 110S 1111 1010	0
00224C	ECFA F00A	CALL HI2CQ24Q35SEND
	S	1111 DDDD DDDD DDDD:1100 SSSS SSSS SSSS	1442
	D	1111 DDDD DDDD DDDD:1100 0101 1010 0010	1390
002250	C5A2 F56E	MOVFF SSD1309SENDBYTE,I2CBYTE
	K	1111 KKKK KKKK KKKK:1110 110S KKKK KKKK	5620
	S	1111 0000 0000 1010:1110 110S 1111 1010	0
002254	ECFA F00A	CALL HI2CQ24Q35SEND
	K	1111 KKKK KKKK KKKK:1110 1111 KKKK KKKK	5710
002258	EF27 F00B	GOTO HI2CQ24Q35STOP


		_LINE71
	K	 0000 0001 00KK KKKK	5
000000	0105	BANKSEL LINEDIFFX
	F	 0110 101A FFFF FFFF	1403
	A	 0110 101A 0111 1011	1
00225E	6B7B	CLRF LINEDIFFX,BANKED
	F	 0110 101A FFFF FFFF	1404
	A	 0110 101A 0111 1100	1
002260	6B7C	CLRF LINEDIFFX_H,BANKED
	F	 0110 101A FFFF FFFF	1407
	A	 0110 101A 0111 1111	1
002262	6B7F	CLRF LINEDIFFY,BANKED
	F	 0110 101A FFFF FFFF	1408
	A	 0110 101A 1000 0000	1
002264	6B80	CLRF LINEDIFFY_H,BANKED
	F	 0110 101A FFFF FFFF	1413
	A	 0110 101A 1000 0101	1
002266	6B85	CLRF LINESTEPX,BANKED
	F	 0110 101A FFFF FFFF	1414
	A	 0110 101A 1000 0110	1
002268	6B86	CLRF LINESTEPX_H,BANKED
	F	 0110 101A FFFF FFFF	1415
	A	 0110 101A 1000 0111	1
00226A	6B87	CLRF LINESTEPY,BANKED
	F	 0110 101A FFFF FFFF	1416
	A	 0110 101A 1000 1000	1
00226C	6B88	CLRF LINESTEPY_H,BANKED
	F	 0110 101A FFFF FFFF	1405
	A	 0110 101A 0111 1101	1
00226E	6B7D	CLRF LINEDIFFX_X2,BANKED
	F	 0110 101A FFFF FFFF	1406
	A	 0110 101A 0111 1110	1
002270	6B7E	CLRF LINEDIFFX_X2_H,BANKED
	F	 0110 101A FFFF FFFF	1409
	A	 0110 101A 1000 0001	1
002272	6B81	CLRF LINEDIFFY_X2,BANKED
	F	 0110 101A FFFF FFFF	1410
	A	 0110 101A 1000 0010	1
002274	6B82	CLRF LINEDIFFY_X2_H,BANKED
	F	 0110 101A FFFF FFFF	1411
	A	 0110 101A 1000 0011	1
002276	6B83	CLRF LINEERR,BANKED
	F	 0110 101A FFFF FFFF	1412
	A	 0110 101A 1000 0100	1
002278	6B84	CLRF LINEERR_H,BANKED
	F	 0101 00DA FFFF FFFF	1417
	D	 0101 00DA 1000 1001	0
	A	 0101 000A 1000 1001	1
00227A	5189	MOVF LINEX1,W,BANKED
	F	 0101 11DA FFFF FFFF	1419
	D	 0101 11DA 1000 1011	0
	A	 0101 110A 1000 1011	1
00227C	5D8B	SUBWF LINEX2,W,BANKED
	F	 0110 111A FFFF FFFF	1403
	A	 0110 111A 0111 1011	1
00227E	6F7B	MOVWF LINEDIFFX,BANKED
	F	 0101 00DA FFFF FFFF	1418
	D	 0101 00DA 1000 1010	0
	A	 0101 000A 1000 1010	1
002280	518A	MOVF LINEX1_H,W,BANKED
	F	 0101 10DA FFFF FFFF	1420
	D	 0101 10DA 1000 1100	0
	A	 0101 100A 1000 1100	1
002282	598C	SUBWFB LINEX2_H,W,BANKED
	F	 0110 111A FFFF FFFF	1404
	A	 0110 111A 0111 1100	1
002284	6F7C	MOVWF LINEDIFFX_H,BANKED
	F	 0101 00DA FFFF FFFF	1421
	D	 0101 00DA 1000 1101	0
	A	 0101 000A 1000 1101	1
002286	518D	MOVF LINEY1,W,BANKED
	F	 0101 11DA FFFF FFFF	1423
	D	 0101 11DA 1000 1111	0
	A	 0101 110A 1000 1111	1
002288	5D8F	SUBWF LINEY2,W,BANKED
	F	 0110 111A FFFF FFFF	1407
	A	 0110 111A 0111 1111	1
00228A	6F7F	MOVWF LINEDIFFY,BANKED
	F	 0101 00DA FFFF FFFF	1422
	D	 0101 00DA 1000 1110	0
	A	 0101 000A 1000 1110	1
00228C	518E	MOVF LINEY1_H,W,BANKED
	F	 0101 10DA FFFF FFFF	1424
	D	 0101 10DA 1001 0000	0
	A	 0101 100A 1001 0000	1
00228E	5990	SUBWFB LINEY2_H,W,BANKED
	F	 0110 111A FFFF FFFF	1408
	A	 0110 111A 1000 0000	1
002290	6F80	MOVWF LINEDIFFY_H,BANKED
	S	1111 DDDD DDDD DDDD:1100 SSSS SSSS SSSS	1403
	D	1111 DDDD DDDD DDDD:1100 0101 0111 1011	1289
002292	C57B F509	MOVFF LINEDIFFX,SYSINTEGERTEMPB
	S	1111 DDDD DDDD DDDD:1100 SSSS SSSS SSSS	1404
	D	1111 DDDD DDDD DDDD:1100 0101 0111 1100	1290
002296	C57C F50A	MOVFF LINEDIFFX_H,SYSINTEGERTEMPB_H
	F	 0110 101A FFFF FFFF	1285
	A	 0110 101A 0000 0101	0
00229A	6A05	CLRF SYSINTEGERTEMPA,ACCESS
	F	 0110 101A FFFF FFFF	1286
	A	 0110 101A 0000 0110	0
00229C	6A06	CLRF SYSINTEGERTEMPA_H,ACCESS
	K	 0000 0001 00KK KKKK	0
000000	0100	BANKSEL 0
	N	 1101 1NNN NNNN NNNN	1563
0022A0	DE1B	RCALL SYSCOMPLESSTHANINT
	F	 1010 BBBA FFFF FFFF	1280
	B	 1010 BBBA 0000 0000	0
	A	 1010 000A 0000 0000	0
0022A2	A000	BTFSS SYSBYTETEMPX,0,ACCESS
	N	 1101 0NNN NNNN NNNN	5
0022A4	D005	BRA ELSE26_1
	K	 0000 1110 KKKK KKKK	1
0022A6	0E01	MOVLW 1
	K	 0000 0001 00KK KKKK	5
000000	0105	BANKSEL LINESTEPX
	F	 0110 111A FFFF FFFF	1413
	A	 0110 111A 1000 0101	1
0022AA	6F85	MOVWF LINESTEPX,BANKED
	F	 0110 101A FFFF FFFF	1414
	A	 0110 101A 1000 0110	1
0022AC	6B86	CLRF LINESTEPX_H,BANKED
	N	 1101 0NNN NNNN NNNN	3
0022AE	D003	BRA ENDIF26
		ELSE26_1
	K	 0000 0001 00KK KKKK	5
000000	0105	BANKSEL LINESTEPX
	F	 0110 100A FFFF FFFF	1413
	A	 0110 100A 1000 0101	1
0022B2	6985	SETF LINESTEPX,BANKED
	F	 0110 100A FFFF FFFF	1414
	A	 0110 100A 1000 0110	1
0022B4	6986	SETF LINESTEPX_H,BANKED
		ENDIF26
	S	1111 DDDD DDDD DDDD:1100 SSSS SSSS SSSS	1407
	D	1111 DDDD DDDD DDDD:1100 0101 0111 1111	1289
0022B6	C57F F509	MOVFF LINEDIFFY,SYSINTEGERTEMPB
	S	1111 DDDD DDDD DDDD:1100 SSSS SSSS SSSS	1408
	D	1111 DDDD DDDD DDDD:1100 0101 1000 0000	1290
0022BA	C580 F50A	MOVFF LINEDIFFY_H,SYSINTEGERTEMPB_H
	F	 0110 101A FFFF FFFF	1285
	A	 0110 101A 0000 0101	0
0022BE	6A05	CLRF SYSINTEGERTEMPA,ACCESS
	F	 0110 101A FFFF FFFF	1286
	A	 0110 101A 0000 0110	0
0022C0	6A06	CLRF SYSINTEGERTEMPA_H,ACCESS
	K	 0000 0001 00KK KKKK	0
000000	0100	BANKSEL 0
	N	 1101 1NNN NNNN NNNN	1545
0022C4	DE09	RCALL SYSCOMPLESSTHANINT
	F	 1010 BBBA FFFF FFFF	1280
	B	 1010 BBBA 0000 0000	0
	A	 1010 000A 0000 0000	0
0022C6	A000	BTFSS SYSBYTETEMPX,0,ACCESS
	N	 1101 0NNN NNNN NNNN	5
0022C8	D005	BRA ELSE27_1
	K	 0000 1110 KKKK KKKK	1
0022CA	0E01	MOVLW 1
	K	 0000 0001 00KK KKKK	5
000000	0105	BANKSEL LINESTEPY
	F	 0110 111A FFFF FFFF	1415
	A	 0110 111A 1000 0111	1
0022CE	6F87	MOVWF LINESTEPY,BANKED
	F	 0110 101A FFFF FFFF	1416
	A	 0110 101A 1000 1000	1
0022D0	6B88	CLRF LINESTEPY_H,BANKED
	N	 1101 0NNN NNNN NNNN	3
0022D2	D003	BRA ENDIF27
		ELSE27_1
	K	 0000 0001 00KK KKKK	5
000000	0105	BANKSEL LINESTEPY
	F	 0110 100A FFFF FFFF	1415
	A	 0110 100A 1000 0111	1
0022D6	6987	SETF LINESTEPY,BANKED
	F	 0110 100A FFFF FFFF	1416
	A	 0110 100A 1000 1000	1
0022D8	6988	SETF LINESTEPY_H,BANKED
		ENDIF27
	S	1111 DDDD DDDD DDDD:1100 SSSS SSSS SSSS	1413
	D	1111 DDDD DDDD DDDD:1100 0101 1000 0101	1285
0022DA	C585 F505	MOVFF LINESTEPX,SYSINTEGERTEMPA
	S	1111 DDDD DDDD DDDD:1100 SSSS SSSS SSSS	1414
	D	1111 DDDD DDDD DDDD:1100 0101 1000 0110	1286
0022DE	C586 F506	MOVFF LINESTEPX_H,SYSINTEGERTEMPA_H
	S	1111 DDDD DDDD DDDD:1100 SSSS SSSS SSSS	1403
	D	1111 DDDD DDDD DDDD:1100 0101 0111 1011	1289
0022E2	C57B F509	MOVFF LINEDIFFX,SYSINTEGERTEMPB
	S	1111 DDDD DDDD DDDD:1100 SSSS SSSS SSSS	1404
	D	1111 DDDD DDDD DDDD:1100 0101 0111 1100	1290
0022E6	C57C F50A	MOVFF LINEDIFFX_H,SYSINTEGERTEMPB_H
	K	 0000 0001 00KK KKKK	0
000000	0100	BANKSEL 0
	N	 1101 1NNN NNNN NNNN	1843
0022EC	DF33	RCALL SYSMULTSUBINT
	S	1111 DDDD DDDD DDDD:1100 SSSS SSSS SSSS	1280
	D	1111 DDDD DDDD DDDD:1100 0101 0000 0000	1403
0022EE	C500 F57B	MOVFF SYSINTEGERTEMPX,LINEDIFFX
	S	1111 DDDD DDDD DDDD:1100 SSSS SSSS SSSS	1281
	D	1111 DDDD DDDD DDDD:1100 0101 0000 0001	1404
0022F2	C501 F57C	MOVFF SYSINTEGERTEMPX_H,LINEDIFFX_H
	S	1111 DDDD DDDD DDDD:1100 SSSS SSSS SSSS	1415
	D	1111 DDDD DDDD DDDD:1100 0101 1000 0111	1285
0022F6	C587 F505	MOVFF LINESTEPY,SYSINTEGERTEMPA
	S	1111 DDDD DDDD DDDD:1100 SSSS SSSS SSSS	1416
	D	1111 DDDD DDDD DDDD:1100 0101 1000 1000	1286
0022FA	C588 F506	MOVFF LINESTEPY_H,SYSINTEGERTEMPA_H
	S	1111 DDDD DDDD DDDD:1100 SSSS SSSS SSSS	1407
	D	1111 DDDD DDDD DDDD:1100 0101 0111 1111	1289
0022FE	C57F F509	MOVFF LINEDIFFY,SYSINTEGERTEMPB
	S	1111 DDDD DDDD DDDD:1100 SSSS SSSS SSSS	1408
	D	1111 DDDD DDDD DDDD:1100 0101 1000 0000	1290
002302	C580 F50A	MOVFF LINEDIFFY_H,SYSINTEGERTEMPB_H
	N	 1101 1NNN NNNN NNNN	1830
002306	DF26	RCALL SYSMULTSUBINT
	S	1111 DDDD DDDD DDDD:1100 SSSS SSSS SSSS	1280
	D	1111 DDDD DDDD DDDD:1100 0101 0000 0000	1407
002308	C500 F57F	MOVFF SYSINTEGERTEMPX,LINEDIFFY
	S	1111 DDDD DDDD DDDD:1100 SSSS SSSS SSSS	1281
	D	1111 DDDD DDDD DDDD:1100 0101 0000 0001	1408
00230C	C501 F580	MOVFF SYSINTEGERTEMPX_H,LINEDIFFY_H
	S	1111 DDDD DDDD DDDD:1100 SSSS SSSS SSSS	1403
	D	1111 DDDD DDDD DDDD:1100 0101 0111 1011	1285
002310	C57B F505	MOVFF LINEDIFFX,SYSINTEGERTEMPA
	S	1111 DDDD DDDD DDDD:1100 SSSS SSSS SSSS	1404
	D	1111 DDDD DDDD DDDD:1100 0101 0111 1100	1286
002314	C57C F506	MOVFF LINEDIFFX_H,SYSINTEGERTEMPA_H
	K	 0000 1110 KKKK KKKK	2
002318	0E02	MOVLW 2
	F	 0110 111A FFFF FFFF	1289
	A	 0110 111A 0000 1001	0
00231A	6E09	MOVWF SYSINTEGERTEMPB,ACCESS
	F	 0110 101A FFFF FFFF	1290
	A	 0110 101A 0000 1010	0
00231C	6A0A	CLRF SYSINTEGERTEMPB_H,ACCESS
	N	 1101 1NNN NNNN NNNN	1818
00231E	DF1A	RCALL SYSMULTSUBINT
	S	1111 DDDD DDDD DDDD:1100 SSSS SSSS SSSS	1280
	D	1111 DDDD DDDD DDDD:1100 0101 0000 0000	1405
002320	C500 F57D	MOVFF SYSINTEGERTEMPX,LINEDIFFX_X2
	S	1111 DDDD DDDD DDDD:1100 SSSS SSSS SSSS	1281
	D	1111 DDDD DDDD DDDD:1100 0101 0000 0001	1406
002324	C501 F57E	MOVFF SYSINTEGERTEMPX_H,LINEDIFFX_X2_H
	S	1111 DDDD DDDD DDDD:1100 SSSS SSSS SSSS	1407
	D	1111 DDDD DDDD DDDD:1100 0101 0111 1111	1285
002328	C57F F505	MOVFF LINEDIFFY,SYSINTEGERTEMPA
	S	1111 DDDD DDDD DDDD:1100 SSSS SSSS SSSS	1408
	D	1111 DDDD DDDD DDDD:1100 0101 1000 0000	1286
00232C	C580 F506	MOVFF LINEDIFFY_H,SYSINTEGERTEMPA_H
	K	 0000 1110 KKKK KKKK	2
002330	0E02	MOVLW 2
	F	 0110 111A FFFF FFFF	1289
	A	 0110 111A 0000 1001	0
002332	6E09	MOVWF SYSINTEGERTEMPB,ACCESS
	F	 0110 101A FFFF FFFF	1290
	A	 0110 101A 0000 1010	0
002334	6A0A	CLRF SYSINTEGERTEMPB_H,ACCESS
	N	 1101 1NNN NNNN NNNN	1806
002336	DF0E	RCALL SYSMULTSUBINT
	S	1111 DDDD DDDD DDDD:1100 SSSS SSSS SSSS	1280
	D	1111 DDDD DDDD DDDD:1100 0101 0000 0000	1409
002338	C500 F581	MOVFF SYSINTEGERTEMPX,LINEDIFFY_X2
	S	1111 DDDD DDDD DDDD:1100 SSSS SSSS SSSS	1281
	D	1111 DDDD DDDD DDDD:1100 0101 0000 0001	1410
00233C	C501 F582	MOVFF SYSINTEGERTEMPX_H,LINEDIFFY_X2_H
	S	1111 DDDD DDDD DDDD:1100 SSSS SSSS SSSS	1403
	D	1111 DDDD DDDD DDDD:1100 0101 0111 1011	1285
002340	C57B F505	MOVFF LINEDIFFX,SYSINTEGERTEMPA
	S	1111 DDDD DDDD DDDD:1100 SSSS SSSS SSSS	1404
	D	1111 DDDD DDDD DDDD:1100 0101 0111 1100	1286
002344	C57C F506	MOVFF LINEDIFFX_H,SYSINTEGERTEMPA_H
	S	1111 DDDD DDDD DDDD:1100 SSSS SSSS SSSS	1407
	D	1111 DDDD DDDD DDDD:1100 0101 0111 1111	1289
002348	C57F F509	MOVFF LINEDIFFY,SYSINTEGERTEMPB
	S	1111 DDDD DDDD DDDD:1100 SSSS SSSS SSSS	1408
	D	1111 DDDD DDDD DDDD:1100 0101 1000 0000	1290
00234C	C580 F50A	MOVFF LINEDIFFY_H,SYSINTEGERTEMPB_H
	N	 1101 1NNN NNNN NNNN	1475
002350	DDC3	RCALL SYSCOMPLESSTHANINT
	F	 0001 11DA FFFF FFFF	1280
	D	 0001 11DA 0000 0000	1
	A	 0001 111A 0000 0000	0
002352	1E00	COMF SYSBYTETEMPX,F,ACCESS
	F	 1010 BBBA FFFF FFFF	1280
	B	 1010 BBBA 0000 0000	0
	A	 1010 000A 0000 0000	0
002354	A000	BTFSS SYSBYTETEMPX,0,ACCESS
	N	 1101 0NNN NNNN NNNN	78
002356	D04E	BRA ELSE28_1
	K	 0000 0001 00KK KKKK	5
000000	0105	BANKSEL LINEDIFFX
	F	 0101 00DA FFFF FFFF	1403
	D	 0101 00DA 0111 1011	0
	A	 0101 000A 0111 1011	1
00235A	517B	MOVF LINEDIFFX,W,BANKED
	F	 0101 11DA FFFF FFFF	1409
	D	 0101 11DA 1000 0001	0
	A	 0101 110A 1000 0001	1
00235C	5D81	SUBWF LINEDIFFY_X2,W,BANKED
	F	 0110 111A FFFF FFFF	1411
	A	 0110 111A 1000 0011	1
00235E	6F83	MOVWF LINEERR,BANKED
	F	 0101 00DA FFFF FFFF	1404
	D	 0101 00DA 0111 1100	0
	A	 0101 000A 0111 1100	1
002360	517C	MOVF LINEDIFFX_H,W,BANKED
	F	 0101 10DA FFFF FFFF	1410
	D	 0101 10DA 1000 0010	0
	A	 0101 100A 1000 0010	1
002362	5982	SUBWFB LINEDIFFY_X2_H,W,BANKED
	F	 0110 111A FFFF FFFF	1412
	A	 0110 111A 1000 0100	1
002364	6F84	MOVWF LINEERR_H,BANKED
		SYSDOLOOP_S6
	S	1111 DDDD DDDD DDDD:1100 SSSS SSSS SSSS	1417
	D	1111 DDDD DDDD DDDD:1100 0101 1000 1001	1285
002366	C589 F505	MOVFF LINEX1,SYSWORDTEMPA
	S	1111 DDDD DDDD DDDD:1100 SSSS SSSS SSSS	1418
	D	1111 DDDD DDDD DDDD:1100 0101 1000 1010	1286
00236A	C58A F506	MOVFF LINEX1_H,SYSWORDTEMPA_H
	S	1111 DDDD DDDD DDDD:1100 SSSS SSSS SSSS	1419
	D	1111 DDDD DDDD DDDD:1100 0101 1000 1011	1289
00236E	C58B F509	MOVFF LINEX2,SYSWORDTEMPB
	S	1111 DDDD DDDD DDDD:1100 SSSS SSSS SSSS	1420
	D	1111 DDDD DDDD DDDD:1100 0101 1000 1100	1290
002372	C58C F50A	MOVFF LINEX2_H,SYSWORDTEMPB_H
	K	 0000 0001 00KK KKKK	0
000000	0100	BANKSEL 0
	N	 1101 1NNN NNNN NNNN	1390
002378	DD6E	RCALL SYSCOMPEQUAL16
	F	 0001 11DA FFFF FFFF	1280
	D	 0001 11DA 0000 0000	1
	A	 0001 111A 0000 0000	0
00237A	1E00	COMF SYSBYTETEMPX,F,ACCESS
	F	 1010 BBBA FFFF FFFF	1280
	B	 1010 BBBA 0000 0000	0
	A	 1010 000A 0000 0000	0
00237C	A000	BTFSS SYSBYTETEMPX,0,ACCESS
	N	 1101 0NNN NNNN NNNN	47
00237E	D02F	BRA SYSDOLOOP_E6
	S	1111 DDDD DDDD DDDD:1100 SSSS SSSS SSSS	1417
	D	1111 DDDD DDDD DDDD:1100 0101 1000 1001	1336
002380	C589 F538	MOVFF LINEX1,GLCDX
	S	1111 DDDD DDDD DDDD:1100 SSSS SSSS SSSS	1421
	D	1111 DDDD DDDD DDDD:1100 0101 1000 1101	1337
002384	C58D F539	MOVFF LINEY1,GLCDY
	S	1111 DDDD DDDD DDDD:1100 SSSS SSSS SSSS	1399
	D	1111 DDDD DDDD DDDD:1100 0101 0111 0111	1321
002388	C577 F529	MOVFF LINECOLOUR,GLCDCOLOUR
	S	1111 DDDD DDDD DDDD:1100 SSSS SSSS SSSS	1400
	D	1111 DDDD DDDD DDDD:1100 0101 0111 1000	1322
00238C	C578 F52A	MOVFF LINECOLOUR_H,GLCDCOLOUR_H
	K	1111 KKKK KKKK KKKK:1110 110S KKKK KKKK	6672
	S	1111 0000 0000 1101:1110 110S 0000 1000	0
002390	EC08 F00D	CALL PSET_SSD1309
	K	 0000 0001 00KK KKKK	5
000000	0105	BANKSEL LINESTEPX
	F	 0101 00DA FFFF FFFF	1413
	D	 0101 00DA 1000 0101	0
	A	 0101 000A 1000 0101	1
002396	5185	MOVF LINESTEPX,W,BANKED
	F	 0010 01DA FFFF FFFF	1417
	D	 0010 01DA 1000 1001	1
	A	 0010 011A 1000 1001	1
002398	2789	ADDWF LINEX1,F,BANKED
	F	 0101 00DA FFFF FFFF	1414
	D	 0101 00DA 1000 0110	0
	A	 0101 000A 1000 0110	1
00239A	5186	MOVF LINESTEPX_H,W,BANKED
	F	 0010 00DA FFFF FFFF	1418
	D	 0010 00DA 1000 1010	1
	A	 0010 001A 1000 1010	1
00239C	238A	ADDWFC LINEX1_H,F,BANKED
	S	1111 DDDD DDDD DDDD:1100 SSSS SSSS SSSS	1411
	D	1111 DDDD DDDD DDDD:1100 0101 1000 0011	1285
00239E	C583 F505	MOVFF LINEERR,SYSINTEGERTEMPA
	S	1111 DDDD DDDD DDDD:1100 SSSS SSSS SSSS	1412
	D	1111 DDDD DDDD DDDD:1100 0101 1000 0100	1286
0023A2	C584 F506	MOVFF LINEERR_H,SYSINTEGERTEMPA_H
	F	 0110 101A FFFF FFFF	1289
	A	 0110 101A 0000 1001	0
0023A6	6A09	CLRF SYSINTEGERTEMPB,ACCESS
	F	 0110 101A FFFF FFFF	1290
	A	 0110 101A 0000 1010	0
0023A8	6A0A	CLRF SYSINTEGERTEMPB_H,ACCESS
	K	 0000 0001 00KK KKKK	0
000000	0100	BANKSEL 0
	N	 1101 1NNN NNNN NNNN	1429
0023AC	DD95	RCALL SYSCOMPLESSTHANINT
	F	 1010 BBBA FFFF FFFF	1280
	B	 1010 BBBA 0000 0000	0
	A	 1010 000A 0000 0000	0
0023AE	A000	BTFSS SYSBYTETEMPX,0,ACCESS
	N	 1101 0NNN NNNN NNNN	6
0023B0	D006	BRA ELSE29_1
	K	 0000 0001 00KK KKKK	5
000000	0105	BANKSEL LINEDIFFY_X2
	F	 0101 00DA FFFF FFFF	1409
	D	 0101 00DA 1000 0001	0
	A	 0101 000A 1000 0001	1
0023B4	5181	MOVF LINEDIFFY_X2,W,BANKED
	F	 0010 01DA FFFF FFFF	1411
	D	 0010 01DA 1000 0011	1
	A	 0010 011A 1000 0011	1
0023B6	2783	ADDWF LINEERR,F,BANKED
	F	 0101 00DA FFFF FFFF	1410
	D	 0101 00DA 1000 0010	0
	A	 0101 000A 1000 0010	1
0023B8	5182	MOVF LINEDIFFY_X2_H,W,BANKED
	F	 0010 00DA FFFF FFFF	1412
	D	 0010 00DA 1000 0100	1
	A	 0010 001A 1000 0100	1
0023BA	2384	ADDWFC LINEERR_H,F,BANKED
	N	 1101 0NNN NNNN NNNN	15
0023BC	D00F	BRA ENDIF29
		ELSE29_1
	K	 0000 0001 00KK KKKK	5
000000	0105	BANKSEL LINEDIFFX_X2
	F	 0101 00DA FFFF FFFF	1405
	D	 0101 00DA 0111 1101	0
	A	 0101 000A 0111 1101	1
0023C0	517D	MOVF LINEDIFFX_X2,W,BANKED
	F	 0101 11DA FFFF FFFF	1409
	D	 0101 11DA 1000 0001	0
	A	 0101 110A 1000 0001	1
0023C2	5D81	SUBWF LINEDIFFY_X2,W,BANKED
	F	 0110 111A FFFF FFFF	1487
	A	 0110 111A 1100 1111	1
0023C4	6FCF	MOVWF SYSTEMP3,BANKED
	F	 0101 00DA FFFF FFFF	1406
	D	 0101 00DA 0111 1110	0
	A	 0101 000A 0111 1110	1
0023C6	517E	MOVF LINEDIFFX_X2_H,W,BANKED
	F	 0101 10DA FFFF FFFF	1410
	D	 0101 10DA 1000 0010	0
	A	 0101 100A 1000 0010	1
0023C8	5982	SUBWFB LINEDIFFY_X2_H,W,BANKED
	F	 0110 111A FFFF FFFF	1488
	A	 0110 111A 1101 0000	1
0023CA	6FD0	MOVWF SYSTEMP3_H,BANKED
	F	 0101 00DA FFFF FFFF	1487
	D	 0101 00DA 1100 1111	0
	A	 0101 000A 1100 1111	1
0023CC	51CF	MOVF SYSTEMP3,W,BANKED
	F	 0010 01DA FFFF FFFF	1411
	D	 0010 01DA 1000 0011	1
	A	 0010 011A 1000 0011	1
0023CE	2783	ADDWF LINEERR,F,BANKED
	F	 0101 00DA FFFF FFFF	1488
	D	 0101 00DA 1101 0000	0
	A	 0101 000A 1101 0000	1
0023D0	51D0	MOVF SYSTEMP3_H,W,BANKED
	F	 0010 00DA FFFF FFFF	1412
	D	 0010 00DA 1000 0100	1
	A	 0010 001A 1000 0100	1
0023D2	2384	ADDWFC LINEERR_H,F,BANKED
	F	 0101 00DA FFFF FFFF	1415
	D	 0101 00DA 1000 0111	0
	A	 0101 000A 1000 0111	1
0023D4	5187	MOVF LINESTEPY,W,BANKED
	F	 0010 01DA FFFF FFFF	1421
	D	 0010 01DA 1000 1101	1
	A	 0010 011A 1000 1101	1
0023D6	278D	ADDWF LINEY1,F,BANKED
	F	 0101 00DA FFFF FFFF	1416
	D	 0101 00DA 1000 1000	0
	A	 0101 000A 1000 1000	1
0023D8	5188	MOVF LINESTEPY_H,W,BANKED
	F	 0010 00DA FFFF FFFF	1422
	D	 0010 00DA 1000 1110	1
	A	 0010 001A 1000 1110	1
0023DA	238E	ADDWFC LINEY1_H,F,BANKED
		ENDIF29
	N	 1101 0NNN NNNN NNNN	1988
0023DC	D7C4	BRA SYSDOLOOP_S6
		SYSDOLOOP_E6
	S	1111 DDDD DDDD DDDD:1100 SSSS SSSS SSSS	1417
	D	1111 DDDD DDDD DDDD:1100 0101 1000 1001	1336
0023DE	C589 F538	MOVFF LINEX1,GLCDX
	S	1111 DDDD DDDD DDDD:1100 SSSS SSSS SSSS	1421
	D	1111 DDDD DDDD DDDD:1100 0101 1000 1101	1337
0023E2	C58D F539	MOVFF LINEY1,GLCDY
	S	1111 DDDD DDDD DDDD:1100 SSSS SSSS SSSS	1399
	D	1111 DDDD DDDD DDDD:1100 0101 0111 0111	1321
0023E6	C577 F529	MOVFF LINECOLOUR,GLCDCOLOUR
	S	1111 DDDD DDDD DDDD:1100 SSSS SSSS SSSS	1400
	D	1111 DDDD DDDD DDDD:1100 0101 0111 1000	1322
0023EA	C578 F52A	MOVFF LINECOLOUR_H,GLCDCOLOUR_H
	K	1111 KKKK KKKK KKKK:1110 110S KKKK KKKK	6672
	S	1111 0000 0000 1101:1110 110S 0000 1000	0
0023EE	EC08 F00D	CALL PSET_SSD1309
	N	 1101 0NNN NNNN NNNN	77
0023F2	D04D	BRA ENDIF28
		ELSE28_1
	K	 0000 0001 00KK KKKK	5
000000	0105	BANKSEL LINEDIFFY
	F	 0101 00DA FFFF FFFF	1407
	D	 0101 00DA 0111 1111	0
	A	 0101 000A 0111 1111	1
0023F6	517F	MOVF LINEDIFFY,W,BANKED
	F	 0101 11DA FFFF FFFF	1405
	D	 0101 11DA 0111 1101	0
	A	 0101 110A 0111 1101	1
0023F8	5D7D	SUBWF LINEDIFFX_X2,W,BANKED
	F	 0110 111A FFFF FFFF	1411
	A	 0110 111A 1000 0011	1
0023FA	6F83	MOVWF LINEERR,BANKED
	F	 0101 00DA FFFF FFFF	1408
	D	 0101 00DA 1000 0000	0
	A	 0101 000A 1000 0000	1
0023FC	5180	MOVF LINEDIFFY_H,W,BANKED
	F	 0101 10DA FFFF FFFF	1406
	D	 0101 10DA 0111 1110	0
	A	 0101 100A 0111 1110	1
0023FE	597E	SUBWFB LINEDIFFX_X2_H,W,BANKED
	F	 0110 111A FFFF FFFF	1412
	A	 0110 111A 1000 0100	1
002400	6F84	MOVWF LINEERR_H,BANKED
		SYSDOLOOP_S7
	S	1111 DDDD DDDD DDDD:1100 SSSS SSSS SSSS	1421
	D	1111 DDDD DDDD DDDD:1100 0101 1000 1101	1285
002402	C58D F505	MOVFF LINEY1,SYSWORDTEMPA
	S	1111 DDDD DDDD DDDD:1100 SSSS SSSS SSSS	1422
	D	1111 DDDD DDDD DDDD:1100 0101 1000 1110	1286
002406	C58E F506	MOVFF LINEY1_H,SYSWORDTEMPA_H
	S	1111 DDDD DDDD DDDD:1100 SSSS SSSS SSSS	1423
	D	1111 DDDD DDDD DDDD:1100 0101 1000 1111	1289
00240A	C58F F509	MOVFF LINEY2,SYSWORDTEMPB
	S	1111 DDDD DDDD DDDD:1100 SSSS SSSS SSSS	1424
	D	1111 DDDD DDDD DDDD:1100 0101 1001 0000	1290
00240E	C590 F50A	MOVFF LINEY2_H,SYSWORDTEMPB_H
	K	 0000 0001 00KK KKKK	0
000000	0100	BANKSEL 0
	N	 1101 1NNN NNNN NNNN	1312
002414	DD20	RCALL SYSCOMPEQUAL16
	F	 0001 11DA FFFF FFFF	1280
	D	 0001 11DA 0000 0000	1
	A	 0001 111A 0000 0000	0
002416	1E00	COMF SYSBYTETEMPX,F,ACCESS
	F	 1010 BBBA FFFF FFFF	1280
	B	 1010 BBBA 0000 0000	0
	A	 1010 000A 0000 0000	0
002418	A000	BTFSS SYSBYTETEMPX,0,ACCESS
	N	 1101 0NNN NNNN NNNN	47
00241A	D02F	BRA SYSDOLOOP_E7
	S	1111 DDDD DDDD DDDD:1100 SSSS SSSS SSSS	1417
	D	1111 DDDD DDDD DDDD:1100 0101 1000 1001	1336
00241C	C589 F538	MOVFF LINEX1,GLCDX
	S	1111 DDDD DDDD DDDD:1100 SSSS SSSS SSSS	1421
	D	1111 DDDD DDDD DDDD:1100 0101 1000 1101	1337
002420	C58D F539	MOVFF LINEY1,GLCDY
	S	1111 DDDD DDDD DDDD:1100 SSSS SSSS SSSS	1399
	D	1111 DDDD DDDD DDDD:1100 0101 0111 0111	1321
002424	C577 F529	MOVFF LINECOLOUR,GLCDCOLOUR
	S	1111 DDDD DDDD DDDD:1100 SSSS SSSS SSSS	1400
	D	1111 DDDD DDDD DDDD:1100 0101 0111 1000	1322
002428	C578 F52A	MOVFF LINECOLOUR_H,GLCDCOLOUR_H
	K	1111 KKKK KKKK KKKK:1110 110S KKKK KKKK	6672
	S	1111 0000 0000 1101:1110 110S 0000 1000	0
00242C	EC08 F00D	CALL PSET_SSD1309
	K	 0000 0001 00KK KKKK	5
000000	0105	BANKSEL LINESTEPY
	F	 0101 00DA FFFF FFFF	1415
	D	 0101 00DA 1000 0111	0
	A	 0101 000A 1000 0111	1
002432	5187	MOVF LINESTEPY,W,BANKED
	F	 0010 01DA FFFF FFFF	1421
	D	 0010 01DA 1000 1101	1
	A	 0010 011A 1000 1101	1
002434	278D	ADDWF LINEY1,F,BANKED
	F	 0101 00DA FFFF FFFF	1416
	D	 0101 00DA 1000 1000	0
	A	 0101 000A 1000 1000	1
002436	5188	MOVF LINESTEPY_H,W,BANKED
	F	 0010 00DA FFFF FFFF	1422
	D	 0010 00DA 1000 1110	1
	A	 0010 001A 1000 1110	1
002438	238E	ADDWFC LINEY1_H,F,BANKED
	S	1111 DDDD DDDD DDDD:1100 SSSS SSSS SSSS	1411
	D	1111 DDDD DDDD DDDD:1100 0101 1000 0011	1285
00243A	C583 F505	MOVFF LINEERR,SYSINTEGERTEMPA
	S	1111 DDDD DDDD DDDD:1100 SSSS SSSS SSSS	1412
	D	1111 DDDD DDDD DDDD:1100 0101 1000 0100	1286
00243E	C584 F506	MOVFF LINEERR_H,SYSINTEGERTEMPA_H
	F	 0110 101A FFFF FFFF	1289
	A	 0110 101A 0000 1001	0
002442	6A09	CLRF SYSINTEGERTEMPB,ACCESS
	F	 0110 101A FFFF FFFF	1290
	A	 0110 101A 0000 1010	0
002444	6A0A	CLRF SYSINTEGERTEMPB_H,ACCESS
	K	 0000 0001 00KK KKKK	0
000000	0100	BANKSEL 0
	N	 1101 1NNN NNNN NNNN	1351
002448	DD47	RCALL SYSCOMPLESSTHANINT
	F	 1010 BBBA FFFF FFFF	1280
	B	 1010 BBBA 0000 0000	0
	A	 1010 000A 0000 0000	0
00244A	A000	BTFSS SYSBYTETEMPX,0,ACCESS
	N	 1101 0NNN NNNN NNNN	6
00244C	D006	BRA ELSE30_1
	K	 0000 0001 00KK KKKK	5
000000	0105	BANKSEL LINEDIFFX_X2
	F	 0101 00DA FFFF FFFF	1405
	D	 0101 00DA 0111 1101	0
	A	 0101 000A 0111 1101	1
002450	517D	MOVF LINEDIFFX_X2,W,BANKED
	F	 0010 01DA FFFF FFFF	1411
	D	 0010 01DA 1000 0011	1
	A	 0010 011A 1000 0011	1
002452	2783	ADDWF LINEERR,F,BANKED
	F	 0101 00DA FFFF FFFF	1406
	D	 0101 00DA 0111 1110	0
	A	 0101 000A 0111 1110	1
002454	517E	MOVF LINEDIFFX_X2_H,W,BANKED
	F	 0010 00DA FFFF FFFF	1412
	D	 0010 00DA 1000 0100	1
	A	 0010 001A 1000 0100	1
002456	2384	ADDWFC LINEERR_H,F,BANKED
	N	 1101 0NNN NNNN NNNN	15
002458	D00F	BRA ENDIF30
		ELSE30_1
	K	 0000 0001 00KK KKKK	5
000000	0105	BANKSEL LINEDIFFY_X2
	F	 0101 00DA FFFF FFFF	1409
	D	 0101 00DA 1000 0001	0
	A	 0101 000A 1000 0001	1
00245C	5181	MOVF LINEDIFFY_X2,W,BANKED
	F	 0101 11DA FFFF FFFF	1405
	D	 0101 11DA 0111 1101	0
	A	 0101 110A 0111 1101	1
00245E	5D7D	SUBWF LINEDIFFX_X2,W,BANKED
	F	 0110 111A FFFF FFFF	1487
	A	 0110 111A 1100 1111	1
002460	6FCF	MOVWF SYSTEMP3,BANKED
	F	 0101 00DA FFFF FFFF	1410
	D	 0101 00DA 1000 0010	0
	A	 0101 000A 1000 0010	1
002462	5182	MOVF LINEDIFFY_X2_H,W,BANKED
	F	 0101 10DA FFFF FFFF	1406
	D	 0101 10DA 0111 1110	0
	A	 0101 100A 0111 1110	1
002464	597E	SUBWFB LINEDIFFX_X2_H,W,BANKED
	F	 0110 111A FFFF FFFF	1488
	A	 0110 111A 1101 0000	1
002466	6FD0	MOVWF SYSTEMP3_H,BANKED
	F	 0101 00DA FFFF FFFF	1487
	D	 0101 00DA 1100 1111	0
	A	 0101 000A 1100 1111	1
002468	51CF	MOVF SYSTEMP3,W,BANKED
	F	 0010 01DA FFFF FFFF	1411
	D	 0010 01DA 1000 0011	1
	A	 0010 011A 1000 0011	1
00246A	2783	ADDWF LINEERR,F,BANKED
	F	 0101 00DA FFFF FFFF	1488
	D	 0101 00DA 1101 0000	0
	A	 0101 000A 1101 0000	1
00246C	51D0	MOVF SYSTEMP3_H,W,BANKED
	F	 0010 00DA FFFF FFFF	1412
	D	 0010 00DA 1000 0100	1
	A	 0010 001A 1000 0100	1
00246E	2384	ADDWFC LINEERR_H,F,BANKED
	F	 0101 00DA FFFF FFFF	1413
	D	 0101 00DA 1000 0101	0
	A	 0101 000A 1000 0101	1
002470	5185	MOVF LINESTEPX,W,BANKED
	F	 0010 01DA FFFF FFFF	1417
	D	 0010 01DA 1000 1001	1
	A	 0010 011A 1000 1001	1
002472	2789	ADDWF LINEX1,F,BANKED
	F	 0101 00DA FFFF FFFF	1414
	D	 0101 00DA 1000 0110	0
	A	 0101 000A 1000 0110	1
002474	5186	MOVF LINESTEPX_H,W,BANKED
	F	 0010 00DA FFFF FFFF	1418
	D	 0010 00DA 1000 1010	1
	A	 0010 001A 1000 1010	1
002476	238A	ADDWFC LINEX1_H,F,BANKED
		ENDIF30
	N	 1101 0NNN NNNN NNNN	1988
002478	D7C4	BRA SYSDOLOOP_S7
		SYSDOLOOP_E7
	S	1111 DDDD DDDD DDDD:1100 SSSS SSSS SSSS	1417
	D	1111 DDDD DDDD DDDD:1100 0101 1000 1001	1336
00247A	C589 F538	MOVFF LINEX1,GLCDX
	S	1111 DDDD DDDD DDDD:1100 SSSS SSSS SSSS	1421
	D	1111 DDDD DDDD DDDD:1100 0101 1000 1101	1337
00247E	C58D F539	MOVFF LINEY1,GLCDY
	S	1111 DDDD DDDD DDDD:1100 SSSS SSSS SSSS	1399
	D	1111 DDDD DDDD DDDD:1100 0101 0111 0111	1321
002482	C577 F529	MOVFF LINECOLOUR,GLCDCOLOUR
	S	1111 DDDD DDDD DDDD:1100 SSSS SSSS SSSS	1400
	D	1111 DDDD DDDD DDDD:1100 0101 0111 1000	1322
002486	C578 F52A	MOVFF LINECOLOUR_H,GLCDCOLOUR_H
	K	1111 KKKK KKKK KKKK:1110 110S KKKK KKKK	6672
	S	1111 0000 0000 1101:1110 110S 0000 1000	0
00248A	EC08 F00D	CALL PSET_SSD1309
		ENDIF28
	S	 0000 0000 0001 001S	0
00248E	0012	RETURN


