GCASM List File (GCBASIC 2026.31.24 (Windows 64 bit) : Build 1614)

Symbols:
A 	EQU 	0
ABDEN 	EQU 	0
ABDOVF 	EQU 	7
ACCESS 	EQU 	0
ACKDT 	EQU 	5
ACKEN 	EQU 	4
ACKSTAT 	EQU 	6
ACKTIM 	EQU 	7
ADCON0 	EQU 	157
ADCON1 	EQU 	158
ADCS0 	EQU 	4
ADCS1 	EQU 	5
ADCS2 	EQU 	6
ADDEN 	EQU 	3
ADFM 	EQU 	7
ADFVR0 	EQU 	0
ADFVR1 	EQU 	1
ADGO 	EQU 	1
ADIE 	EQU 	6
ADIF 	EQU 	6
ADNREF 	EQU 	2
ADON 	EQU 	0
ADPREF0 	EQU 	0
ADPREF1 	EQU 	1
ADRES 	EQU 	155
ADRESH 	EQU 	156
ADRESL 	EQU 	155
AFSR0 	EQU 	4
AFSR0_H 	EQU 	5
AHEN 	EQU 	1
ANSA0 	EQU 	0
ANSA1 	EQU 	1
ANSA2 	EQU 	2
ANSA3 	EQU 	3
ANSA4 	EQU 	4
ANSA5 	EQU 	5
ANSB0 	EQU 	0
ANSB1 	EQU 	1
ANSB2 	EQU 	2
ANSB3 	EQU 	3
ANSB4 	EQU 	4
ANSB5 	EQU 	5
ANSD0 	EQU 	0
ANSD1 	EQU 	1
ANSD2 	EQU 	2
ANSD3 	EQU 	3
ANSD4 	EQU 	4
ANSD5 	EQU 	5
ANSD6 	EQU 	6
ANSD7 	EQU 	7
ANSE0 	EQU 	0
ANSE1 	EQU 	1
ANSE2 	EQU 	2
ANSELA 	EQU 	396
ANSELB 	EQU 	397
ANSELD 	EQU 	399
ANSELE 	EQU 	400
APFCON 	EQU 	285
B 	EQU 	1
BANKED 	EQU 	1
BASPROGRAMEND 	EQU 	342
BASPROGRAMSTART 	EQU 	5
BAUDCON 	EQU 	415
BCLIE 	EQU 	3
BCLIF 	EQU 	3
BF 	EQU 	0
BIASMD 	EQU 	6
BOEN 	EQU 	4
BORCON 	EQU 	278
BORRDY 	EQU 	0
BOX16 	EQU 	344
BRG16 	EQU 	3
BRGH 	EQU 	2
BSR 	EQU 	8
BSR0 	EQU 	0
BSR1 	EQU 	1
BSR2 	EQU 	2
BSR3 	EQU 	3
BSR4 	EQU 	4
BSR_SHAD 	EQU 	4070
C 	EQU 	0
C1HYS 	EQU 	1
C1IE 	EQU 	5
C1IF 	EQU 	5
C1INTN 	EQU 	6
C1INTP 	EQU 	7
C1NCH0 	EQU 	0
C1NCH1 	EQU 	1
C1OE 	EQU 	5
C1ON 	EQU 	7
C1OUT 	EQU 	6
C1PCH0 	EQU 	4
C1PCH1 	EQU 	5
C1POL 	EQU 	4
C1SP 	EQU 	2
C1SYNC 	EQU 	0
C1TSEL0 	EQU 	0
C1TSEL1 	EQU 	1
C2HYS 	EQU 	1
C2IE 	EQU 	6
C2IF 	EQU 	6
C2INTN 	EQU 	6
C2INTP 	EQU 	7
C2NCH0 	EQU 	0
C2NCH1 	EQU 	1
C2OE 	EQU 	5
C2ON 	EQU 	7
C2OUT 	EQU 	6
C2OUTSEL 	EQU 	2
C2PCH0 	EQU 	4
C2PCH1 	EQU 	5
C2POL 	EQU 	4
C2SP 	EQU 	2
C2SYNC 	EQU 	0
C2TSEL0 	EQU 	2
C2TSEL1 	EQU 	3
C3TSEL0 	EQU 	4
C3TSEL1 	EQU 	5
C4TSEL0 	EQU 	6
C4TSEL1 	EQU 	7
C5TSEL0 	EQU 	0
C5TSEL1 	EQU 	1
CCP1AS 	EQU 	661
CCP1AS0 	EQU 	4
CCP1AS1 	EQU 	5
CCP1AS2 	EQU 	6
CCP1ASE 	EQU 	7
CCP1CON 	EQU 	659
CCP1IE 	EQU 	2
CCP1IF 	EQU 	2
CCP1M0 	EQU 	0
CCP1M1 	EQU 	1
CCP1M2 	EQU 	2
CCP1M3 	EQU 	3
CCP2AS 	EQU 	668
CCP2AS0 	EQU 	4
CCP2AS1 	EQU 	5
CCP2AS2 	EQU 	6
CCP2ASE 	EQU 	7
CCP2CON 	EQU 	666
CCP2IE 	EQU 	0
CCP2IF 	EQU 	0
CCP2M0 	EQU 	0
CCP2M1 	EQU 	1
CCP2M2 	EQU 	2
CCP2M3 	EQU 	3
CCP2SEL 	EQU 	0
CCP3AS 	EQU 	789
CCP3AS0 	EQU 	4
CCP3AS1 	EQU 	5
CCP3AS2 	EQU 	6
CCP3ASE 	EQU 	7
CCP3CON 	EQU 	787
CCP3IE 	EQU 	4
CCP3IF 	EQU 	4
CCP3M0 	EQU 	0
CCP3M1 	EQU 	1
CCP3M2 	EQU 	2
CCP3M3 	EQU 	3
CCP3SEL 	EQU 	6
CCP4CON 	EQU 	794
CCP4IE 	EQU 	5
CCP4IF 	EQU 	5
CCP4M0 	EQU 	0
CCP4M1 	EQU 	1
CCP4M2 	EQU 	2
CCP4M3 	EQU 	3
CCP5CON 	EQU 	798
CCP5IE 	EQU 	6
CCP5IF 	EQU 	6
CCP5M0 	EQU 	0
CCP5M1 	EQU 	1
CCP5M2 	EQU 	2
CCP5M3 	EQU 	3
CCPR1 	EQU 	657
CCPR1H 	EQU 	658
CCPR1L 	EQU 	657
CCPR2 	EQU 	664
CCPR2H 	EQU 	665
CCPR2L 	EQU 	664
CCPR3 	EQU 	785
CCPR3H 	EQU 	786
CCPR3L 	EQU 	785
CCPR4 	EQU 	792
CCPR4H 	EQU 	793
CCPR4L 	EQU 	792
CCPR5 	EQU 	796
CCPR5H 	EQU 	797
CCPR5L 	EQU 	796
CCPTMRS0 	EQU 	670
CCPTMRS1 	EQU 	671
CDAFVR0 	EQU 	2
CDAFVR1 	EQU 	3
CFGS 	EQU 	6
CHARCODE 	EQU 	32
CHARCOL 	EQU 	33
CHARCOLS 	EQU 	35
CHARCOL_H 	EQU 	34
CHARLOCX 	EQU 	36
CHARLOCX_H 	EQU 	37
CHARLOCY 	EQU 	38
CHARLOCY_H 	EQU 	39
CHARROW 	EQU 	40
CHARROWS 	EQU 	42
CHARROW_H 	EQU 	41
CHS0 	EQU 	2
CHS1 	EQU 	3
CHS2 	EQU 	4
CHS3 	EQU 	5
CHS4 	EQU 	6
CKE 	EQU 	6
CKP 	EQU 	4
CM1CON0 	EQU 	273
CM1CON1 	EQU 	274
CM2CON0 	EQU 	275
CM2CON1 	EQU 	276
CMOUT 	EQU 	277
COL 	EQU 	43
CPSCH0 	EQU 	0
CPSCH1 	EQU 	1
CPSCH2 	EQU 	2
CPSCH3 	EQU 	3
CPSCON0 	EQU 	30
CPSCON1 	EQU 	31
CPSON 	EQU 	7
CPSOUT 	EQU 	1
CPSRNG0 	EQU 	2
CPSRNG1 	EQU 	3
CREN 	EQU 	4
CS0 	EQU 	2
CS1 	EQU 	3
CSRC 	EQU 	7
CURRCHARCOL 	EQU 	44
CURRCHARROW 	EQU 	45
CURRCHARVAL 	EQU 	46
CURSOR_POSITION_SSD1306 	EQU 	2048
C_SHAD 	EQU 	0
DACCON0 	EQU 	280
DACCON1 	EQU 	281
DACEN 	EQU 	7
DACLPS 	EQU 	6
DACNSS 	EQU 	0
DACOE 	EQU 	5
DACPSS0 	EQU 	2
DACPSS1 	EQU 	3
DACR0 	EQU 	0
DACR1 	EQU 	1
DACR2 	EQU 	2
DACR3 	EQU 	3
DACR4 	EQU 	4
DC 	EQU 	1
DC1B0 	EQU 	4
DC1B1 	EQU 	5
DC2B0 	EQU 	4
DC2B1 	EQU 	5
DC3B0 	EQU 	4
DC3B1 	EQU 	5
DC4B0 	EQU 	4
DC4B1 	EQU 	5
DC5B0 	EQU 	4
DC5B1 	EQU 	5
DC_SHAD 	EQU 	1
DELAYTEMP 	EQU 	112
DELAYTEMP2 	EQU 	113
DELAYUS1 	EQU 	2300
DELAYUS10 	EQU 	2260
DELAYUS11 	EQU 	2282
DELAYUS12 	EQU 	2291
DELAYUS2 	EQU 	2308
DELAYUS3 	EQU 	1611
DELAYUS4 	EQU 	1618
DELAYUS5 	EQU 	1624
DELAYUS6 	EQU 	2213
DELAYUS7 	EQU 	2238
DELAYUS8 	EQU 	2247
DELAYUS9 	EQU 	2255
DELAY_MS 	EQU 	2106
DELAY_S 	EQU 	2120
DHEN 	EQU 	0
DIV8NOTNEG 	EQU 	2488
DMS_INNER 	EQU 	2111
DMS_OUTER 	EQU 	2109
DMS_START 	EQU 	2107
DRAWLINE 	EQU 	47
DRAWLINE_H 	EQU 	48
DS_START 	EQU 	2120
D_NOT_A 	EQU 	5
ECCP1AS 	EQU 	661
ECCP1AS_CCP1AS0 	EQU 	4
ECCP1AS_CCP1AS1 	EQU 	5
ECCP1AS_CCP1AS2 	EQU 	6
ECCP1AS_CCP1ASE 	EQU 	7
ECCP1AS_PSS1AC0 	EQU 	2
ECCP1AS_PSS1AC1 	EQU 	3
ECCP1AS_PSS1BD0 	EQU 	0
ECCP1AS_PSS1BD1 	EQU 	1
ECCP2AS 	EQU 	668
ECCP2AS_CCP2AS0 	EQU 	4
ECCP2AS_CCP2AS1 	EQU 	5
ECCP2AS_CCP2AS2 	EQU 	6
ECCP2AS_CCP2ASE 	EQU 	7
ECCP2AS_PSS2AC0 	EQU 	2
ECCP2AS_PSS2AC1 	EQU 	3
ECCP2AS_PSS2BD0 	EQU 	0
ECCP2AS_PSS2BD1 	EQU 	1
ECCP3AS 	EQU 	789
ECCP3AS_CCP3AS0 	EQU 	4
ECCP3AS_CCP3AS1 	EQU 	5
ECCP3AS_CCP3AS2 	EQU 	6
ECCP3AS_CCP3ASE 	EQU 	7
ECCP3AS_PSS3AC0 	EQU 	2
ECCP3AS_PSS3AC1 	EQU 	3
ECCP3AS_PSS3BD0 	EQU 	0
ECCP3AS_PSS3BD1 	EQU 	1
EEADR 	EQU 	401
EEADRH 	EQU 	402
EEADRL 	EQU 	401
EECON1 	EQU 	405
EECON2 	EQU 	406
EEDAT 	EQU 	403
EEDATH 	EQU 	404
EEDATL 	EQU 	403
EEIE 	EQU 	4
EEIF 	EQU 	4
EEPGD 	EQU 	7
ELSE1_1 	EQU 	49
ELSE22_1 	EQU 	2225
ELSE23_1 	EQU 	2272
ELSE29_1 	EQU 	1481
ELSE2_1 	EQU 	102
ELSE37_1 	EQU 	2341
ELSE38_1 	EQU 	2365
ELSE39_1 	EQU 	2385
ELSE3_1 	EQU 	155
ELSE48_1 	EQU 	1248
ENDIF1 	EQU 	66
ENDIF12 	EQU 	369
ENDIF13 	EQU 	394
ENDIF18 	EQU 	1856
ENDIF19 	EQU 	1907
ENDIF2 	EQU 	119
ENDIF20 	EQU 	1956
ENDIF21 	EQU 	2004
ENDIF22 	EQU 	2229
ENDIF23 	EQU 	2276
ENDIF24 	EQU 	1313
ENDIF25 	EQU 	1332
ENDIF26 	EQU 	1387
ENDIF29 	EQU 	1498
ENDIF3 	EQU 	172
ENDIF30 	EQU 	1568
ENDIF35 	EQU 	1313
ENDIF37 	EQU 	2342
ENDIF38 	EQU 	2368
ENDIF39 	EQU 	2388
ENDIF40 	EQU 	2420
ENDIF41 	EQU 	2513
ENDIF42 	EQU 	2532
ENDIF48 	EQU 	1278
ENDIF49 	EQU 	1247
ENDIF50 	EQU 	1278
ENDIF6 	EQU 	341
ENDIF7 	EQU 	341
F 	EQU 	1
FERR 	EQU 	2
FN_STR 	EQU 	1804
FREE 	EQU 	4
FSR0 	EQU 	4
FSR0H 	EQU 	5
FSR0H_SHAD 	EQU 	4073
FSR0L 	EQU 	4
FSR0L_SHAD 	EQU 	4072
FSR1 	EQU 	6
FSR1H 	EQU 	7
FSR1H_SHAD 	EQU 	4075
FSR1L 	EQU 	6
FSR1L_SHAD 	EQU 	4074
FVRCON 	EQU 	279
FVREN 	EQU 	7
FVRRDY 	EQU 	6
GCEN 	EQU 	7
GIE 	EQU 	7
GLCDBACKGROUND 	EQU 	49
GLCDBACKGROUND_H 	EQU 	50
GLCDBITNO 	EQU 	51
GLCDCHANGE 	EQU 	52
GLCDCHARCOL3 	EQU 	509
GLCDCHARCOL4 	EQU 	635
GLCDCHARCOL5 	EQU 	761
GLCDCHARCOL6 	EQU 	887
GLCDCHARCOL7 	EQU 	1013
GLCDCLS_SSD1306 	EQU 	1139
GLCDCOLOUR 	EQU 	53
GLCDCOLOUR_H 	EQU 	54
GLCDDATATEMP 	EQU 	55
GLCDDRAWCHAR_SSD1306 	EQU 	1286
GLCDFNTDEFAULT 	EQU 	56
GLCDFNTDEFAULTHEIGHT 	EQU 	57
GLCDFNTDEFAULTSIZE 	EQU 	58
GLCDFONTWIDTH 	EQU 	59
GLCDFOREGROUND 	EQU 	60
GLCDFOREGROUND_H 	EQU 	61
GLCDPRINT4 	EQU 	2128
GLCDPRINTLEN 	EQU 	62
GLCDPRINTLOC 	EQU 	63
GLCDPRINTLOC_H 	EQU 	64
GLCDPRINT_STRING_COUNTER 	EQU 	65
GLCDTEMP 	EQU 	66
GLCDTEMP_H 	EQU 	67
GLCDX 	EQU 	68
GLCDY 	EQU 	69
GLCDY_TEMP 	EQU 	70
GLCD_YORDINATE 	EQU 	71
GLCD_YORDINATE_H 	EQU 	72
GO 	EQU 	1
GO_DONE 	EQU 	1
GO_NOT_DONE 	EQU 	1
HFIOFL 	EQU 	3
HFIOFR 	EQU 	4
HFIOFS 	EQU 	0
HH 	EQU 	8582
HOURS 	EQU 	73
I2CACK 	EQU 	74
I2CACKPOLLSTATE 	EQU 	75
I2CBYTE 	EQU 	76
I2CMATCH 	EQU 	77
I2CSEND 	EQU 	2207
I2CSTART 	EQU 	2295
I2CSTATE 	EQU 	78
I2CSTOP 	EQU 	1601
INDF0 	EQU 	0
INDF1 	EQU 	1
INITGLCD_SSD1306 	EQU 	1629
INITI2C 	EQU 	1775
INITSYS 	EQU 	1781
INTCON 	EQU 	11
INTE 	EQU 	4
INTEDG 	EQU 	6
INTF 	EQU 	1
IOCBF 	EQU 	918
IOCBF0 	EQU 	0
IOCBF1 	EQU 	1
IOCBF2 	EQU 	2
IOCBF3 	EQU 	3
IOCBF4 	EQU 	4
IOCBF5 	EQU 	5
IOCBF6 	EQU 	6
IOCBF7 	EQU 	7
IOCBN 	EQU 	917
IOCBN0 	EQU 	0
IOCBN1 	EQU 	1
IOCBN2 	EQU 	2
IOCBN3 	EQU 	3
IOCBN4 	EQU 	4
IOCBN5 	EQU 	5
IOCBN6 	EQU 	6
IOCBN7 	EQU 	7
IOCBP 	EQU 	916
IOCBP0 	EQU 	0
IOCBP1 	EQU 	1
IOCBP2 	EQU 	2
IOCBP3 	EQU 	3
IOCBP4 	EQU 	4
IOCBP5 	EQU 	5
IOCBP6 	EQU 	6
IOCBP7 	EQU 	7
IOCIE 	EQU 	3
IOCIF 	EQU 	0
IRCF0 	EQU 	3
IRCF1 	EQU 	4
IRCF2 	EQU 	5
IRCF3 	EQU 	6
LATA 	EQU 	268
LATA0 	EQU 	0
LATA1 	EQU 	1
LATA2 	EQU 	2
LATA3 	EQU 	3
LATA4 	EQU 	4
LATA5 	EQU 	5
LATA6 	EQU 	6
LATA7 	EQU 	7
LATB 	EQU 	269
LATB0 	EQU 	0
LATB1 	EQU 	1
LATB2 	EQU 	2
LATB3 	EQU 	3
LATB4 	EQU 	4
LATB5 	EQU 	5
LATB6 	EQU 	6
LATB7 	EQU 	7
LATC 	EQU 	270
LATC0 	EQU 	0
LATC1 	EQU 	1
LATC2 	EQU 	2
LATC3 	EQU 	3
LATC4 	EQU 	4
LATC5 	EQU 	5
LATC6 	EQU 	6
LATC7 	EQU 	7
LATD 	EQU 	271
LATD0 	EQU 	0
LATD1 	EQU 	1
LATD2 	EQU 	2
LATD3 	EQU 	3
LATD4 	EQU 	4
LATD5 	EQU 	5
LATD6 	EQU 	6
LATD7 	EQU 	7
LATE 	EQU 	272
LATE0 	EQU 	0
LATE1 	EQU 	1
LATE2 	EQU 	2
LATE3 	EQU 	3
LCDA 	EQU 	5
LCDCON 	EQU 	1937
LCDCST 	EQU 	1940
LCDCST0 	EQU 	0
LCDCST1 	EQU 	1
LCDCST2 	EQU 	2
LCDDATA0 	EQU 	1952
LCDDATA1 	EQU 	1953
LCDDATA10 	EQU 	1962
LCDDATA11 	EQU 	1963
LCDDATA2 	EQU 	1954
LCDDATA3 	EQU 	1955
LCDDATA4 	EQU 	1956
LCDDATA5 	EQU 	1957
LCDDATA6 	EQU 	1958
LCDDATA7 	EQU 	1959
LCDDATA8 	EQU 	1960
LCDDATA9 	EQU 	1961
LCDEN 	EQU 	7
LCDIE 	EQU 	2
LCDIF 	EQU 	2
LCDIRE 	EQU 	7
LCDIRI 	EQU 	5
LCDIRS 	EQU 	6
LCDPS 	EQU 	1938
LCDREF 	EQU 	1939
LCDRL 	EQU 	1941
LCDSE0 	EQU 	1944
LCDSE1 	EQU 	1945
LCDSE2 	EQU 	1946
LFIOFR 	EQU 	1
LINECOLOUR 	EQU 	79
LINECOLOUR_H 	EQU 	80
LINEX1 	EQU 	81
LINEX1_H 	EQU 	82
LINEX2 	EQU 	83
LINEX2_H 	EQU 	84
LINEY1 	EQU 	85
LINEY1_H 	EQU 	86
LINEY2 	EQU 	87
LINEY2_H 	EQU 	88
LMUX0 	EQU 	0
LMUX1 	EQU 	1
LOCX 	EQU 	89
LOCY 	EQU 	90
LP0 	EQU 	0
LP1 	EQU 	1
LP2 	EQU 	2
LP3 	EQU 	3
LRLAP0 	EQU 	6
LRLAP1 	EQU 	7
LRLAT0 	EQU 	0
LRLAT1 	EQU 	1
LRLAT2 	EQU 	2
LRLBP0 	EQU 	4
LRLBP1 	EQU 	5
LWLO 	EQU 	5
MC1OUT 	EQU 	0
MC2OUT 	EQU 	1
MFIOFR 	EQU 	2
MINUTES 	EQU 	91
MM 	EQU 	8541
MUL8LOOP 	EQU 	2029
NOT_BOR 	EQU 	0
NOT_DONE 	EQU 	1
NOT_PD 	EQU 	3
NOT_POR 	EQU 	1
NOT_RI 	EQU 	2
NOT_RMCLR 	EQU 	3
NOT_T1SYNC 	EQU 	2
NOT_TO 	EQU 	4
NOT_WPUEN 	EQU 	7
OERR 	EQU 	1
OPTION_REG 	EQU 	149
OSCCON 	EQU 	153
OSCSTAT 	EQU 	154
OSCTUNE 	EQU 	152
OSFIE 	EQU 	7
OSFIF 	EQU 	7
OSTS 	EQU 	5
P 	EQU 	4
P1DC0 	EQU 	0
P1DC1 	EQU 	1
P1DC2 	EQU 	2
P1DC3 	EQU 	3
P1DC4 	EQU 	4
P1DC5 	EQU 	5
P1DC6 	EQU 	6
P1M0 	EQU 	6
P1M1 	EQU 	7
P1RSEN 	EQU 	7
P2BSEL 	EQU 	4
P2DC0 	EQU 	0
P2DC1 	EQU 	1
P2DC2 	EQU 	2
P2DC3 	EQU 	3
P2DC4 	EQU 	4
P2DC5 	EQU 	5
P2DC6 	EQU 	6
P2M0 	EQU 	6
P2M1 	EQU 	7
P2RSEN 	EQU 	7
P3DC0 	EQU 	0
P3DC1 	EQU 	1
P3DC2 	EQU 	2
P3DC3 	EQU 	3
P3DC4 	EQU 	4
P3DC5 	EQU 	5
P3DC6 	EQU 	6
P3M0 	EQU 	6
P3M1 	EQU 	7
P3RSEN 	EQU 	7
PCIE 	EQU 	6
PCL 	EQU 	2
PCLATH 	EQU 	10
PCLATH_SHAD 	EQU 	4071
PCON 	EQU 	150
PEIE 	EQU 	6
PEN 	EQU 	2
PIE1 	EQU 	145
PIE2 	EQU 	146
PIE3 	EQU 	147
PIR1 	EQU 	17
PIR2 	EQU 	18
PIR3 	EQU 	19
PLLR 	EQU 	6
PORTA 	EQU 	12
PORTB 	EQU 	13
PORTC 	EQU 	14
PORTD 	EQU 	15
PORTE 	EQU 	16
POSCHARX 	EQU 	92
POSCHARX_H 	EQU 	93
POSCHARY 	EQU 	94
PR2 	EQU 	27
PR4 	EQU 	1046
PR6 	EQU 	1053
PRINTLOCX 	EQU 	95
PRINTLOCX_H 	EQU 	96
PRINTLOCY 	EQU 	97
PRINTLOCY_H 	EQU 	98
PS0 	EQU 	0
PS1 	EQU 	1
PS2 	EQU 	2
PSA 	EQU 	3
PSET_SSD1306 	EQU 	2317
PSS1AC0 	EQU 	2
PSS1AC1 	EQU 	3
PSS1BD0 	EQU 	0
PSS1BD1 	EQU 	1
PSS2AC0 	EQU 	2
PSS2AC1 	EQU 	3
PSS2BD0 	EQU 	0
PSS2BD1 	EQU 	1
PSS3AC0 	EQU 	2
PSS3AC1 	EQU 	3
PSS3BD0 	EQU 	0
PSS3BD1 	EQU 	1
PSTR1CON 	EQU 	662
PSTR2CON 	EQU 	669
PSTR3CON 	EQU 	790
PWM1CON 	EQU 	660
PWM2CON 	EQU 	667
PWM3CON 	EQU 	788
RA0 	EQU 	0
RA1 	EQU 	1
RA2 	EQU 	2
RA3 	EQU 	3
RA4 	EQU 	4
RA5 	EQU 	5
RA6 	EQU 	6
RA7 	EQU 	7
RB0 	EQU 	0
RB1 	EQU 	1
RB2 	EQU 	2
RB3 	EQU 	3
RB4 	EQU 	4
RB5 	EQU 	5
RB6 	EQU 	6
RB7 	EQU 	7
RC0 	EQU 	0
RC1 	EQU 	1
RC2 	EQU 	2
RC3 	EQU 	3
RC4 	EQU 	4
RC5 	EQU 	5
RC6 	EQU 	6
RC7 	EQU 	7
RCEN 	EQU 	3
RCIDL 	EQU 	6
RCIE 	EQU 	5
RCIF 	EQU 	5
RCREG 	EQU 	409
RCSTA 	EQU 	413
RD 	EQU 	0
RD0 	EQU 	0
RD1 	EQU 	1
RD2 	EQU 	2
RD3 	EQU 	3
RD4 	EQU 	4
RD5 	EQU 	5
RD6 	EQU 	6
RD7 	EQU 	7
RE0 	EQU 	0
RE1 	EQU 	1
RE2 	EQU 	2
RE3 	EQU 	3
ROW 	EQU 	99
RSEN 	EQU 	1
RX9 	EQU 	6
RX9D 	EQU 	0
R_NOT_W 	EQU 	2
S 	EQU 	3
SBCDE 	EQU 	2
SBOREN 	EQU 	7
SCIE 	EQU 	5
SCKP 	EQU 	4
SCLT16TRUE 	EQU 	2452
SCS0 	EQU 	0
SCS1 	EQU 	1
SDAHT 	EQU 	3
SE0 	EQU 	0
SE1 	EQU 	1
SE10 	EQU 	2
SE11 	EQU 	3
SE12 	EQU 	4
SE13 	EQU 	5
SE14 	EQU 	6
SE15 	EQU 	7
SE16 	EQU 	0
SE17 	EQU 	1
SE18 	EQU 	2
SE19 	EQU 	3
SE2 	EQU 	2
SE20 	EQU 	4
SE21 	EQU 	5
SE22 	EQU 	6
SE23 	EQU 	7
SE3 	EQU 	3
SE4 	EQU 	4
SE5 	EQU 	5
SE6 	EQU 	6
SE7 	EQU 	7
SE8 	EQU 	0
SE9 	EQU 	1
SECONDS 	EQU 	100
SEG0COM0 	EQU 	0
SEG0COM1 	EQU 	0
SEG0COM2 	EQU 	0
SEG0COM3 	EQU 	0
SEG10COM0 	EQU 	2
SEG10COM1 	EQU 	2
SEG10COM2 	EQU 	2
SEG10COM3 	EQU 	2
SEG11COM0 	EQU 	3
SEG11COM1 	EQU 	3
SEG11COM2 	EQU 	3
SEG11COM3 	EQU 	3
SEG12COM0 	EQU 	4
SEG12COM1 	EQU 	4
SEG12COM2 	EQU 	4
SEG12COM3 	EQU 	4
SEG13COM0 	EQU 	5
SEG13COM1 	EQU 	5
SEG13COM2 	EQU 	5
SEG13COM3 	EQU 	5
SEG14COM0 	EQU 	6
SEG14COM1 	EQU 	6
SEG14COM2 	EQU 	6
SEG14COM3 	EQU 	6
SEG15COM0 	EQU 	7
SEG15COM1 	EQU 	7
SEG15COM2 	EQU 	7
SEG15COM3 	EQU 	7
SEG16COM0 	EQU 	0
SEG16COM1 	EQU 	0
SEG16COM2 	EQU 	0
SEG16COM3 	EQU 	0
SEG17COM0 	EQU 	1
SEG17COM1 	EQU 	1
SEG17COM2 	EQU 	1
SEG17COM3 	EQU 	1
SEG18COM0 	EQU 	2
SEG18COM1 	EQU 	2
SEG18COM2 	EQU 	2
SEG18COM3 	EQU 	2
SEG19COM0 	EQU 	3
SEG19COM1 	EQU 	3
SEG19COM2 	EQU 	3
SEG19COM3 	EQU 	3
SEG1COM0 	EQU 	1
SEG1COM1 	EQU 	1
SEG1COM2 	EQU 	1
SEG1COM3 	EQU 	1
SEG20COM0 	EQU 	4
SEG20COM1 	EQU 	4
SEG20COM2 	EQU 	4
SEG20COM3 	EQU 	4
SEG21COM0 	EQU 	5
SEG21COM1 	EQU 	5
SEG21COM2 	EQU 	5
SEG21COM3 	EQU 	5
SEG22COM0 	EQU 	6
SEG22COM1 	EQU 	6
SEG22COM2 	EQU 	6
SEG22COM3 	EQU 	6
SEG23COM0 	EQU 	7
SEG23COM1 	EQU 	7
SEG23COM2 	EQU 	7
SEG23COM3 	EQU 	7
SEG2COM0 	EQU 	2
SEG2COM1 	EQU 	2
SEG2COM2 	EQU 	2
SEG2COM3 	EQU 	2
SEG3COM0 	EQU 	3
SEG3COM1 	EQU 	3
SEG3COM2 	EQU 	3
SEG3COM3 	EQU 	3
SEG4COM0 	EQU 	4
SEG4COM1 	EQU 	4
SEG4COM2 	EQU 	4
SEG4COM3 	EQU 	4
SEG5COM0 	EQU 	5
SEG5COM1 	EQU 	5
SEG5COM2 	EQU 	5
SEG5COM3 	EQU 	5
SEG6COM0 	EQU 	6
SEG6COM1 	EQU 	6
SEG6COM2 	EQU 	6
SEG6COM3 	EQU 	6
SEG7COM0 	EQU 	7
SEG7COM1 	EQU 	7
SEG7COM2 	EQU 	7
SEG7COM3 	EQU 	7
SEG8COM0 	EQU 	0
SEG8COM1 	EQU 	0
SEG8COM2 	EQU 	0
SEG8COM3 	EQU 	0
SEG9COM0 	EQU 	1
SEG9COM1 	EQU 	1
SEG9COM2 	EQU 	1
SEG9COM3 	EQU 	1
SEN 	EQU 	0
SENDB 	EQU 	3
SLPEN 	EQU 	6
SMP 	EQU 	7
SP1BRG 	EQU 	411
SP1BRGH 	EQU 	412
SP1BRGL 	EQU 	411
SPBRG 	EQU 	411
SPBRGH 	EQU 	412
SPBRGL 	EQU 	411
SPEN 	EQU 	7
SPLLEN 	EQU 	7
SRCLK0 	EQU 	4
SRCLK1 	EQU 	5
SRCLK2 	EQU 	6
SRCON0 	EQU 	282
SRCON1 	EQU 	283
SREN 	EQU 	5
SRLEN 	EQU 	7
SRNQEN 	EQU 	2
SRNQSEL 	EQU 	3
SRPR 	EQU 	0
SRPS 	EQU 	1
SRQEN 	EQU 	3
SRRC1E 	EQU 	0
SRRC2E 	EQU 	1
SRRCKE 	EQU 	2
SRRPE 	EQU 	3
SRSC1E 	EQU 	4
SRSC2E 	EQU 	5
SRSCKE 	EQU 	6
SRSPE 	EQU 	7
SS 	EQU 	8500
SSD1306SENDBYTE 	EQU 	101
SSD1306_BUFFERALIAS 	EQU 	8623
SSD1306_BUFFERLOCATIONCALC 	EQU 	102
SSD1306_BUFFERLOCATIONCALC_H 	EQU 	103
SSPADD 	EQU 	530
SSPBUF 	EQU 	529
SSPCON 	EQU 	533
SSPCON1 	EQU 	533
SSPCON2 	EQU 	534
SSPCON3 	EQU 	535
SSPCON_CKP 	EQU 	4
SSPCON_SSPEN 	EQU 	5
SSPCON_SSPM0 	EQU 	0
SSPCON_SSPM1 	EQU 	1
SSPCON_SSPM2 	EQU 	2
SSPCON_SSPM3 	EQU 	3
SSPCON_SSPOV 	EQU 	6
SSPCON_WCOL 	EQU 	7
SSPEN 	EQU 	5
SSPIE 	EQU 	3
SSPIF 	EQU 	3
SSPM0 	EQU 	0
SSPM1 	EQU 	1
SSPM2 	EQU 	2
SSPM3 	EQU 	3
SSPMSK 	EQU 	531
SSPOV 	EQU 	6
SSPSTAT 	EQU 	532
SSSEL 	EQU 	1
STATUS 	EQU 	3
STATUS_SHAD 	EQU 	4068
STKOVF 	EQU 	7
STKPTR 	EQU 	4077
STKUNF 	EQU 	6
STR 	EQU 	8453
STR1A 	EQU 	0
STR1B 	EQU 	1
STR1C 	EQU 	2
STR1D 	EQU 	3
STR1SYNC 	EQU 	4
STR2A 	EQU 	0
STR2B 	EQU 	1
STR2C 	EQU 	2
STR2D 	EQU 	3
STR2SYNC 	EQU 	4
STR3A 	EQU 	0
STR3B 	EQU 	1
STR3C 	EQU 	2
STR3D 	EQU 	3
STR3SYNC 	EQU 	4
STRINGPOINTER 	EQU 	104
STRINGTABLE1 	EQU 	2566
STRINGTABLE2 	EQU 	2568
SWDTEN 	EQU 	0
SYNC 	EQU 	4
SYSBYTETEMPA 	EQU 	117
SYSBYTETEMPB 	EQU 	121
SYSBYTETEMPX 	EQU 	112
SYSCALCTEMPA 	EQU 	117
SYSCALCTEMPX 	EQU 	112
SYSCALCTEMPX_H 	EQU 	113
SYSCHARCOUNT 	EQU 	105
SYSCOMPEQUAL16 	EQU 	2421
SYSCOMPLESSTHAN 	EQU 	2432
SYSCOMPLESSTHAN16 	EQU 	2439
SYSCOPYSTRING 	EQU 	2454
SYSCOPYSTRINGCHECK 	EQU 	2461
SYSCOPYSTRINGPART 	EQU 	2458
SYSDIV16START 	EQU 	2515
SYSDIV8START 	EQU 	2477
SYSDIVLOOP 	EQU 	116
SYSDIVMULTA 	EQU 	119
SYSDIVMULTA_H 	EQU 	120
SYSDIVMULTB 	EQU 	123
SYSDIVMULTB_H 	EQU 	124
SYSDIVMULTX 	EQU 	114
SYSDIVMULTX_H 	EQU 	115
SYSDIVSUB 	EQU 	2471
SYSDIVSUB16 	EQU 	2491
SYSDOLOOP_E1 	EQU 	342
SYSDOLOOP_S1 	EQU 	13
SYSFORLOOP1 	EQU 	221
SYSFORLOOP10 	EQU 	1144
SYSFORLOOP11 	EQU 	1168
SYSFORLOOP12 	EQU 	1192
SYSFORLOOP2 	EQU 	279
SYSFORLOOP3 	EQU 	2146
SYSFORLOOP4 	EQU 	413
SYSFORLOOP5 	EQU 	470
SYSFORLOOP6 	EQU 	1389
SYSFORLOOP7 	EQU 	1436
SYSFORLOOP8 	EQU 	1443
SYSFORLOOP9 	EQU 	1450
SYSFORLOOPABSVALUE11 	EQU 	106
SYSFORLOOPABSVALUE11_H 	EQU 	107
SYSFORLOOPEND1 	EQU 	318
SYSFORLOOPEND10 	EQU 	1166
SYSFORLOOPEND11 	EQU 	1278
SYSFORLOOPEND12 	EQU 	1202
SYSFORLOOPEND2 	EQU 	312
SYSFORLOOPEND3 	EQU 	2202
SYSFORLOOPEND4 	EQU 	451
SYSFORLOOPEND5 	EQU 	508
SYSFORLOOPEND6 	EQU 	1594
SYSFORLOOPEND7 	EQU 	1586
SYSFORLOOPEND8 	EQU 	1577
SYSFORLOOPEND9 	EQU 	1572
SYSFORLOOPSTEP10 	EQU 	108
SYSFORLOOPSTEP10_H 	EQU 	109
SYSLCDPRINTDATAHANDLER 	EQU 	110
SYSLCDPRINTDATAHANDLER_H 	EQU 	111
SYSMULTSUB 	EQU 	2028
SYSREADSTRING 	EQU 	2543
SYSREADSTRINGPART 	EQU 	2547
SYSREPEATLOOP1 	EQU 	2219
SYSREPEATLOOP2 	EQU 	1295
SYSREPEATLOOP3 	EQU 	2322
SYSREPEATLOOP4 	EQU 	2373
SYSREPEATLOOP5 	EQU 	2053
SYSREPEATLOOP6 	EQU 	2081
SYSREPEATLOOPEND1 	EQU 	2253
SYSREPEATLOOPEND2 	EQU 	1301
SYSREPEATLOOPEND3 	EQU 	2328
SYSREPEATLOOPEND4 	EQU 	2378
SYSREPEATLOOPEND5 	EQU 	2059
SYSREPEATLOOPEND6 	EQU 	2088
SYSREPEATTEMP1 	EQU 	160
SYSREPEATTEMP2 	EQU 	161
SYSREPEATTEMP3 	EQU 	162
SYSREPEATTEMP5 	EQU 	163
SYSSELECT1CASE1 	EQU 	1390
SYSSELECT1CASE2 	EQU 	1398
SYSSELECT1CASE3 	EQU 	1407
SYSSELECT1CASE4 	EQU 	1416
SYSSELECT1CASE5 	EQU 	1425
SYSSELECTEND1 	EQU 	1433
SYSSTRDATA 	EQU 	164
SYSSTRINGA 	EQU 	119
SYSSTRINGA_H 	EQU 	120
SYSSTRINGCOPY 	EQU 	2464
SYSSTRINGLENGTH 	EQU 	118
SYSSTRINGREAD 	EQU 	2553
SYSSTRINGREADCHECK 	EQU 	2550
SYSSTRINGTABLES 	EQU 	2559
SYSSTR_0 	EQU 	437
SYSTEMP1 	EQU 	165
SYSTEMP1_H 	EQU 	166
SYSTEMP2 	EQU 	167
SYSTEMP2_H 	EQU 	168
SYSTEMP3 	EQU 	169
SYSVALHUNDREDS 	EQU 	1922
SYSVALTEMP 	EQU 	170
SYSVALTEMP_H 	EQU 	171
SYSVALTENS 	EQU 	1971
SYSVALTHOUSANDS 	EQU 	1872
SYSWAITLOOP1 	EQU 	2233
SYSWAITLOOP2 	EQU 	2264
SYSWAITTEMPMS 	EQU 	114
SYSWAITTEMPMS_H 	EQU 	115
SYSWAITTEMPS 	EQU 	116
SYSWAITTEMPUS 	EQU 	117
SYSWAITTEMPUS_H 	EQU 	118
SYSWORDTEMPA 	EQU 	117
SYSWORDTEMPA_H 	EQU 	118
SYSWORDTEMPB 	EQU 	121
SYSWORDTEMPB_H 	EQU 	122
SYSWORDTEMPX 	EQU 	112
SYSWORDTEMPX_H 	EQU 	113
T0CS 	EQU 	5
T0IE 	EQU 	5
T0IF 	EQU 	2
T0SE 	EQU 	4
T0XCS 	EQU 	0
T1CKPS0 	EQU 	4
T1CKPS1 	EQU 	5
T1CON 	EQU 	24
T1GCON 	EQU 	25
T1GGO 	EQU 	3
T1GGO_NOT_DONE 	EQU 	3
T1GPOL 	EQU 	6
T1GSEL 	EQU 	5
T1GSPM 	EQU 	4
T1GSS0 	EQU 	0
T1GSS1 	EQU 	1
T1GTM 	EQU 	5
T1GVAL 	EQU 	2
T1OSCEN 	EQU 	3
T1OSCR 	EQU 	7
T2CKPS0 	EQU 	0
T2CKPS1 	EQU 	1
T2CON 	EQU 	28
T2OUTPS0 	EQU 	3
T2OUTPS1 	EQU 	4
T2OUTPS2 	EQU 	5
T2OUTPS3 	EQU 	6
T4CKPS0 	EQU 	0
T4CKPS1 	EQU 	1
T4CON 	EQU 	1047
T4OUTPS0 	EQU 	3
T4OUTPS1 	EQU 	4
T4OUTPS2 	EQU 	5
T4OUTPS3 	EQU 	6
T6CKPS0 	EQU 	0
T6CKPS1 	EQU 	1
T6CON 	EQU 	1054
T6OUTPS0 	EQU 	3
T6OUTPS1 	EQU 	4
T6OUTPS2 	EQU 	5
T6OUTPS3 	EQU 	6
TABLEGLCDCHARCOL3 	EQU 	522
TABLEGLCDCHARCOL4 	EQU 	648
TABLEGLCDCHARCOL5 	EQU 	774
TABLEGLCDCHARCOL6 	EQU 	900
TABLEGLCDCHARCOL7 	EQU 	1026
TIMESTRING 	EQU 	8459
TMR0 	EQU 	21
TMR0CS 	EQU 	5
TMR0IE 	EQU 	5
TMR0IF 	EQU 	2
TMR0SE 	EQU 	4
TMR1 	EQU 	22
TMR1CS0 	EQU 	6
TMR1CS1 	EQU 	7
TMR1GE 	EQU 	7
TMR1GIE 	EQU 	7
TMR1GIF 	EQU 	7
TMR1H 	EQU 	23
TMR1IE 	EQU 	0
TMR1IF 	EQU 	0
TMR1L 	EQU 	22
TMR1ON 	EQU 	0
TMR2 	EQU 	26
TMR2IE 	EQU 	1
TMR2IF 	EQU 	1
TMR2ON 	EQU 	2
TMR4 	EQU 	1045
TMR4IE 	EQU 	1
TMR4IF 	EQU 	1
TMR4ON 	EQU 	2
TMR6 	EQU 	1052
TMR6IE 	EQU 	3
TMR6IF 	EQU 	3
TMR6ON 	EQU 	2
TOSH 	EQU 	4079
TOSL 	EQU 	4078
TRISA 	EQU 	140
TRISA0 	EQU 	0
TRISA1 	EQU 	1
TRISA2 	EQU 	2
TRISA3 	EQU 	3
TRISA4 	EQU 	4
TRISA5 	EQU 	5
TRISA6 	EQU 	6
TRISA7 	EQU 	7
TRISB 	EQU 	141
TRISB0 	EQU 	0
TRISB1 	EQU 	1
TRISB2 	EQU 	2
TRISB3 	EQU 	3
TRISB4 	EQU 	4
TRISB5 	EQU 	5
TRISB6 	EQU 	6
TRISB7 	EQU 	7
TRISC 	EQU 	142
TRISC0 	EQU 	0
TRISC1 	EQU 	1
TRISC2 	EQU 	2
TRISC3 	EQU 	3
TRISC4 	EQU 	4
TRISC5 	EQU 	5
TRISC6 	EQU 	6
TRISC7 	EQU 	7
TRISD 	EQU 	143
TRISD0 	EQU 	0
TRISD1 	EQU 	1
TRISD2 	EQU 	2
TRISD3 	EQU 	3
TRISD4 	EQU 	4
TRISD5 	EQU 	5
TRISD6 	EQU 	6
TRISD7 	EQU 	7
TRISE 	EQU 	144
TRISE0 	EQU 	0
TRISE1 	EQU 	1
TRISE2 	EQU 	2
TRISE3 	EQU 	3
TRMT 	EQU 	1
TSEN 	EQU 	5
TSRNG 	EQU 	4
TUN0 	EQU 	0
TUN1 	EQU 	1
TUN2 	EQU 	2
TUN3 	EQU 	3
TUN4 	EQU 	4
TUN5 	EQU 	5
TX9 	EQU 	6
TX9D 	EQU 	0
TXEN 	EQU 	5
TXIE 	EQU 	4
TXIF 	EQU 	4
TXREG 	EQU 	410
TXSTA 	EQU 	414
UA 	EQU 	1
VLCD1PE 	EQU 	1
VLCD2PE 	EQU 	2
VLCD3PE 	EQU 	3
W 	EQU 	0
WA 	EQU 	4
WCOL 	EQU 	7
WDTCON 	EQU 	151
WDTPS0 	EQU 	1
WDTPS1 	EQU 	2
WDTPS2 	EQU 	3
WDTPS3 	EQU 	4
WDTPS4 	EQU 	5
WERR 	EQU 	5
WFT 	EQU 	7
WPUB 	EQU 	525
WPUB0 	EQU 	0
WPUB1 	EQU 	1
WPUB2 	EQU 	2
WPUB3 	EQU 	3
WPUB4 	EQU 	4
WPUB5 	EQU 	5
WPUB6 	EQU 	6
WPUB7 	EQU 	7
WPUE 	EQU 	528
WPUE3 	EQU 	3
WR 	EQU 	1
WREG 	EQU 	9
WREG_SHAD 	EQU 	4069
WREN 	EQU 	2
WRERR 	EQU 	3
WRITE_COMMAND_SSD1306 	EQU 	2570
WUE 	EQU 	1
Z 	EQU 	2
Z_SHAD 	EQU 	2
_BOREN_SBODEN 	EQU 	15359
_GLCDPAGE 	EQU 	172

Code:
Loc	Obj Code	Original Assembly




































































































































	K	 11 0001 1KKK KKKK	0
000000	3180	PAGESEL BASPROGRAMSTART
	K	 10 1KKK KKKK KKKK	5
000001	2805	GOTO BASPROGRAMSTART

000004	0009	RETFIE



		BASPROGRAMSTART
	K	 10 0KKK KKKK KKKK	1781
000005	26F5	CALL INITSYS
	K	 10 0KKK KKKK KKKK	1775
000006	26EF	CALL INITI2C
	K	 10 0KKK KKKK KKKK	1629
000007	265D	CALL INITGLCD_SSD1306
	K	 11 0001 1KKK KKKK	0
000000	3180	PAGESEL $

	K	 11 0000 KKKK KKKK	12
000009	300C	MOVLW 12
	F	 00 0000 1FFF FFFF	73
00000A	00C9	MOVWF HOURS
	F	 00 0001 1FFF FFFF	91
00000B	01DB	CLRF MINUTES
	F	 00 0001 1FFF FFFF	100
00000C	01E4	CLRF SECONDS
		SYSDOLOOP_S1
	K	 11 0000 KKKK KKKK	10
00000D	300A	MOVLW 10
	F	 00 0010 DFFF FFFF	73
	D	 00 0010 D100 1001	0
00000E	0249	SUBWF HOURS,W
	F	 01 10BB BFFF FFFF	3
	B	 01 10BB B000 0011	0
00000F	1803	BTFSC STATUS, C
	K	 10 1KKK KKKK KKKK	49
000010	2831	GOTO ELSE1_1
	F	 00 1000 DFFF FFFF	73
	D	 00 1000 D100 1001	0
000011	0849	MOVF HOURS,W
	K	00 0000 001K KKKK	1
000000	0021	BANKSEL SYSVALTEMP
	F	 00 0000 1FFF FFFF	170
000013	00AA	MOVWF SYSVALTEMP
	F	 00 0001 1FFF FFFF	171
000014	01AB	CLRF SYSVALTEMP_H
	K	00 0000 001K KKKK	0
000000	0020	BANKSEL STATUS
	K	 10 0KKK KKKK KKKK	1804
000016	270C	CALL FN_STR
	K	 11 0000 KKKK KKKK	134
000017	3086	MOVLW LOW HH
	F	 00 0000 1FFF FFFF	6
000018	0086	MOVWF FSR1L
	K	 11 0000 KKKK KKKK	33
000019	3021	MOVLW HIGH HH
	F	 00 0000 1FFF FFFF	7
00001A	0087	MOVWF FSR1H
	F	 00 0001 1FFF FFFF	118
00001B	01F6	CLRF SYSSTRINGLENGTH
	K	 11 0000 KKKK KKKK	6
00001C	3006	MOVLW LOW STRINGTABLE1
	F	 00 0000 1FFF FFFF	119
00001D	00F7	MOVWF SYSSTRINGA
	K	 11 0000 KKKK KKKK	10
00001E	300A	MOVLW (HIGH STRINGTABLE1) & 127
	F	 00 0000 1FFF FFFF	120
00001F	00F8	MOVWF SYSSTRINGA_H
	K	 11 0001 1KKK KKKK	9
000000	3189	PAGESEL SYSREADSTRINGPART
	K	 10 0KKK KKKK KKKK	2547
000021	21F3	CALL SYSREADSTRINGPART
	K	 11 0001 1KKK KKKK	0
000000	3180	PAGESEL $
	K	 11 0000 KKKK KKKK	5
000023	3005	MOVLW LOW STR
	F	 00 0000 1FFF FFFF	4
000024	0084	MOVWF FSR0L
	K	 11 0000 KKKK KKKK	33
000025	3021	MOVLW HIGH STR
	F	 00 0000 1FFF FFFF	5
000026	0085	MOVWF FSR0H
	K	 11 0001 1KKK KKKK	9
000000	3189	PAGESEL SYSCOPYSTRINGPART
	K	 10 0KKK KKKK KKKK	2458
000028	219A	CALL SYSCOPYSTRINGPART
	K	 11 0001 1KKK KKKK	0
000000	3180	PAGESEL $
	K	 11 0000 KKKK KKKK	134
00002A	3086	MOVLW LOW HH
	F	 00 0000 1FFF FFFF	4
00002B	0084	MOVWF FSR0L
	K	 11 0000 KKKK KKKK	33
00002C	3021	MOVLW HIGH HH
	F	 00 0000 1FFF FFFF	5
00002D	0085	MOVWF FSR0H
	F	 00 1000 DFFF FFFF	118
	D	 00 1000 D111 0110	0
00002E	0876	MOVF SYSSTRINGLENGTH,W
	F	 00 0000 1FFF FFFF	0
00002F	0080	MOVWF INDF0
	K	 10 1KKK KKKK KKKK	66
000030	2842	GOTO ENDIF1
		ELSE1_1
	F	 00 1000 DFFF FFFF	73
	D	 00 1000 D100 1001	0
000031	0849	MOVF HOURS,W
	K	00 0000 001K KKKK	1
000000	0021	BANKSEL SYSVALTEMP
	F	 00 0000 1FFF FFFF	170
000033	00AA	MOVWF SYSVALTEMP
	F	 00 0001 1FFF FFFF	171
000034	01AB	CLRF SYSVALTEMP_H
	K	00 0000 001K KKKK	0
000000	0020	BANKSEL STATUS
	K	 10 0KKK KKKK KKKK	1804
000036	270C	CALL FN_STR
	K	 11 0000 KKKK KKKK	134
000037	3086	MOVLW LOW HH
	F	 00 0000 1FFF FFFF	6
000038	0086	MOVWF FSR1L
	K	 11 0000 KKKK KKKK	33
000039	3021	MOVLW HIGH HH
	F	 00 0000 1FFF FFFF	7
00003A	0087	MOVWF FSR1H
	K	 11 0000 KKKK KKKK	5
00003B	3005	MOVLW LOW STR
	F	 00 0000 1FFF FFFF	4
00003C	0084	MOVWF FSR0L
	K	 11 0000 KKKK KKKK	33
00003D	3021	MOVLW HIGH STR
	F	 00 0000 1FFF FFFF	5
00003E	0085	MOVWF FSR0H
	K	 11 0001 1KKK KKKK	9
000000	3189	PAGESEL SYSCOPYSTRING
	K	 10 0KKK KKKK KKKK	2454
000040	2196	CALL SYSCOPYSTRING
	K	 11 0001 1KKK KKKK	0
000000	3180	PAGESEL $
		ENDIF1
	K	 11 0000 KKKK KKKK	10
000042	300A	MOVLW 10
	F	 00 0010 DFFF FFFF	91
	D	 00 0010 D101 1011	0
000043	025B	SUBWF MINUTES,W
	F	 01 10BB BFFF FFFF	3
	B	 01 10BB B000 0011	0
000044	1803	BTFSC STATUS, C
	K	 10 1KKK KKKK KKKK	102
000045	2866	GOTO ELSE2_1
	F	 00 1000 DFFF FFFF	91
	D	 00 1000 D101 1011	0
000046	085B	MOVF MINUTES,W
	K	00 0000 001K KKKK	1
000000	0021	BANKSEL SYSVALTEMP
	F	 00 0000 1FFF FFFF	170
000048	00AA	MOVWF SYSVALTEMP
	F	 00 0001 1FFF FFFF	171
000049	01AB	CLRF SYSVALTEMP_H
	K	00 0000 001K KKKK	0
000000	0020	BANKSEL STATUS
	K	 10 0KKK KKKK KKKK	1804
00004B	270C	CALL FN_STR
	K	 11 0000 KKKK KKKK	93
00004C	305D	MOVLW LOW MM
	F	 00 0000 1FFF FFFF	6
00004D	0086	MOVWF FSR1L
	K	 11 0000 KKKK KKKK	33
00004E	3021	MOVLW HIGH MM
	F	 00 0000 1FFF FFFF	7
00004F	0087	MOVWF FSR1H
	F	 00 0001 1FFF FFFF	118
000050	01F6	CLRF SYSSTRINGLENGTH
	K	 11 0000 KKKK KKKK	6
000051	3006	MOVLW LOW STRINGTABLE1
	F	 00 0000 1FFF FFFF	119
000052	00F7	MOVWF SYSSTRINGA
	K	 11 0000 KKKK KKKK	10
000053	300A	MOVLW (HIGH STRINGTABLE1) & 127
	F	 00 0000 1FFF FFFF	120
000054	00F8	MOVWF SYSSTRINGA_H
	K	 11 0001 1KKK KKKK	9
000000	3189	PAGESEL SYSREADSTRINGPART
	K	 10 0KKK KKKK KKKK	2547
000056	21F3	CALL SYSREADSTRINGPART
	K	 11 0001 1KKK KKKK	0
000000	3180	PAGESEL $
	K	 11 0000 KKKK KKKK	5
000058	3005	MOVLW LOW STR
	F	 00 0000 1FFF FFFF	4
000059	0084	MOVWF FSR0L
	K	 11 0000 KKKK KKKK	33
00005A	3021	MOVLW HIGH STR
	F	 00 0000 1FFF FFFF	5
00005B	0085	MOVWF FSR0H
	K	 11 0001 1KKK KKKK	9
000000	3189	PAGESEL SYSCOPYSTRINGPART
	K	 10 0KKK KKKK KKKK	2458
00005D	219A	CALL SYSCOPYSTRINGPART
	K	 11 0001 1KKK KKKK	0
000000	3180	PAGESEL $
	K	 11 0000 KKKK KKKK	93
00005F	305D	MOVLW LOW MM
	F	 00 0000 1FFF FFFF	4
000060	0084	MOVWF FSR0L
	K	 11 0000 KKKK KKKK	33
000061	3021	MOVLW HIGH MM
	F	 00 0000 1FFF FFFF	5
000062	0085	MOVWF FSR0H
	F	 00 1000 DFFF FFFF	118
	D	 00 1000 D111 0110	0
000063	0876	MOVF SYSSTRINGLENGTH,W
	F	 00 0000 1FFF FFFF	0
000064	0080	MOVWF INDF0
	K	 10 1KKK KKKK KKKK	119
000065	2877	GOTO ENDIF2
		ELSE2_1
	F	 00 1000 DFFF FFFF	91
	D	 00 1000 D101 1011	0
000066	085B	MOVF MINUTES,W
	K	00 0000 001K KKKK	1
000000	0021	BANKSEL SYSVALTEMP
	F	 00 0000 1FFF FFFF	170
000068	00AA	MOVWF SYSVALTEMP
	F	 00 0001 1FFF FFFF	171
000069	01AB	CLRF SYSVALTEMP_H
	K	00 0000 001K KKKK	0
000000	0020	BANKSEL STATUS
	K	 10 0KKK KKKK KKKK	1804
00006B	270C	CALL FN_STR
	K	 11 0000 KKKK KKKK	93
00006C	305D	MOVLW LOW MM
	F	 00 0000 1FFF FFFF	6
00006D	0086	MOVWF FSR1L
	K	 11 0000 KKKK KKKK	33
00006E	3021	MOVLW HIGH MM
	F	 00 0000 1FFF FFFF	7
00006F	0087	MOVWF FSR1H
	K	 11 0000 KKKK KKKK	5
000070	3005	MOVLW LOW STR
	F	 00 0000 1FFF FFFF	4
000071	0084	MOVWF FSR0L
	K	 11 0000 KKKK KKKK	33
000072	3021	MOVLW HIGH STR
	F	 00 0000 1FFF FFFF	5
000073	0085	MOVWF FSR0H
	K	 11 0001 1KKK KKKK	9
000000	3189	PAGESEL SYSCOPYSTRING
	K	 10 0KKK KKKK KKKK	2454
000075	2196	CALL SYSCOPYSTRING
	K	 11 0001 1KKK KKKK	0
000000	3180	PAGESEL $
		ENDIF2
	K	 11 0000 KKKK KKKK	10
000077	300A	MOVLW 10
	F	 00 0010 DFFF FFFF	100
	D	 00 0010 D110 0100	0
000078	0264	SUBWF SECONDS,W
	F	 01 10BB BFFF FFFF	3
	B	 01 10BB B000 0011	0
000079	1803	BTFSC STATUS, C
	K	 10 1KKK KKKK KKKK	155
00007A	289B	GOTO ELSE3_1
	F	 00 1000 DFFF FFFF	100
	D	 00 1000 D110 0100	0
00007B	0864	MOVF SECONDS,W
	K	00 0000 001K KKKK	1
000000	0021	BANKSEL SYSVALTEMP
	F	 00 0000 1FFF FFFF	170
00007D	00AA	MOVWF SYSVALTEMP
	F	 00 0001 1FFF FFFF	171
00007E	01AB	CLRF SYSVALTEMP_H
	K	00 0000 001K KKKK	0
000000	0020	BANKSEL STATUS
	K	 10 0KKK KKKK KKKK	1804
000080	270C	CALL FN_STR
	K	 11 0000 KKKK KKKK	52
000081	3034	MOVLW LOW SS
	F	 00 0000 1FFF FFFF	6
000082	0086	MOVWF FSR1L
	K	 11 0000 KKKK KKKK	33
000083	3021	MOVLW HIGH SS
	F	 00 0000 1FFF FFFF	7
000084	0087	MOVWF FSR1H
	F	 00 0001 1FFF FFFF	118
000085	01F6	CLRF SYSSTRINGLENGTH
	K	 11 0000 KKKK KKKK	6
000086	3006	MOVLW LOW STRINGTABLE1
	F	 00 0000 1FFF FFFF	119
000087	00F7	MOVWF SYSSTRINGA
	K	 11 0000 KKKK KKKK	10
000088	300A	MOVLW (HIGH STRINGTABLE1) & 127
	F	 00 0000 1FFF FFFF	120
000089	00F8	MOVWF SYSSTRINGA_H
	K	 11 0001 1KKK KKKK	9
000000	3189	PAGESEL SYSREADSTRINGPART
	K	 10 0KKK KKKK KKKK	2547
00008B	21F3	CALL SYSREADSTRINGPART
	K	 11 0001 1KKK KKKK	0
000000	3180	PAGESEL $
	K	 11 0000 KKKK KKKK	5
00008D	3005	MOVLW LOW STR
	F	 00 0000 1FFF FFFF	4
00008E	0084	MOVWF FSR0L
	K	 11 0000 KKKK KKKK	33
00008F	3021	MOVLW HIGH STR
	F	 00 0000 1FFF FFFF	5
000090	0085	MOVWF FSR0H
	K	 11 0001 1KKK KKKK	9
000000	3189	PAGESEL SYSCOPYSTRINGPART
	K	 10 0KKK KKKK KKKK	2458
000092	219A	CALL SYSCOPYSTRINGPART
	K	 11 0001 1KKK KKKK	0
000000	3180	PAGESEL $
	K	 11 0000 KKKK KKKK	52
000094	3034	MOVLW LOW SS
	F	 00 0000 1FFF FFFF	4
000095	0084	MOVWF FSR0L
	K	 11 0000 KKKK KKKK	33
000096	3021	MOVLW HIGH SS
	F	 00 0000 1FFF FFFF	5
000097	0085	MOVWF FSR0H
	F	 00 1000 DFFF FFFF	118
	D	 00 1000 D111 0110	0
000098	0876	MOVF SYSSTRINGLENGTH,W
	F	 00 0000 1FFF FFFF	0
000099	0080	MOVWF INDF0
	K	 10 1KKK KKKK KKKK	172
00009A	28AC	GOTO ENDIF3
		ELSE3_1
	F	 00 1000 DFFF FFFF	100
	D	 00 1000 D110 0100	0
00009B	0864	MOVF SECONDS,W
	K	00 0000 001K KKKK	1
000000	0021	BANKSEL SYSVALTEMP
	F	 00 0000 1FFF FFFF	170
00009D	00AA	MOVWF SYSVALTEMP
	F	 00 0001 1FFF FFFF	171
00009E	01AB	CLRF SYSVALTEMP_H
	K	00 0000 001K KKKK	0
000000	0020	BANKSEL STATUS
	K	 10 0KKK KKKK KKKK	1804
0000A0	270C	CALL FN_STR
	K	 11 0000 KKKK KKKK	52
0000A1	3034	MOVLW LOW SS
	F	 00 0000 1FFF FFFF	6
0000A2	0086	MOVWF FSR1L
	K	 11 0000 KKKK KKKK	33
0000A3	3021	MOVLW HIGH SS
	F	 00 0000 1FFF FFFF	7
0000A4	0087	MOVWF FSR1H
	K	 11 0000 KKKK KKKK	5
0000A5	3005	MOVLW LOW STR
	F	 00 0000 1FFF FFFF	4
0000A6	0084	MOVWF FSR0L
	K	 11 0000 KKKK KKKK	33
0000A7	3021	MOVLW HIGH STR
	F	 00 0000 1FFF FFFF	5
0000A8	0085	MOVWF FSR0H
	K	 11 0001 1KKK KKKK	9
000000	3189	PAGESEL SYSCOPYSTRING
	K	 10 0KKK KKKK KKKK	2454
0000AA	2196	CALL SYSCOPYSTRING
	K	 11 0001 1KKK KKKK	0
000000	3180	PAGESEL $
		ENDIF3
	K	 11 0000 KKKK KKKK	11
0000AC	300B	MOVLW LOW TIMESTRING
	F	 00 0000 1FFF FFFF	6
0000AD	0086	MOVWF FSR1L
	K	 11 0000 KKKK KKKK	33
0000AE	3021	MOVLW HIGH TIMESTRING
	F	 00 0000 1FFF FFFF	7
0000AF	0087	MOVWF FSR1H
	F	 00 0001 1FFF FFFF	118
0000B0	01F6	CLRF SYSSTRINGLENGTH
	K	 11 0000 KKKK KKKK	134
0000B1	3086	MOVLW LOW HH
	F	 00 0000 1FFF FFFF	4
0000B2	0084	MOVWF FSR0L
	K	 11 0000 KKKK KKKK	33
0000B3	3021	MOVLW HIGH HH
	F	 00 0000 1FFF FFFF	5
0000B4	0085	MOVWF FSR0H
	K	 11 0001 1KKK KKKK	9
000000	3189	PAGESEL SYSCOPYSTRINGPART
	K	 10 0KKK KKKK KKKK	2458
0000B6	219A	CALL SYSCOPYSTRINGPART
	K	 11 0001 1KKK KKKK	0
000000	3180	PAGESEL $
	K	 11 0000 KKKK KKKK	8
0000B8	3008	MOVLW LOW STRINGTABLE2
	F	 00 0000 1FFF FFFF	119
0000B9	00F7	MOVWF SYSSTRINGA
	K	 11 0000 KKKK KKKK	10
0000BA	300A	MOVLW (HIGH STRINGTABLE2) & 127
	F	 00 0000 1FFF FFFF	120
0000BB	00F8	MOVWF SYSSTRINGA_H
	K	 11 0001 1KKK KKKK	9
000000	3189	PAGESEL SYSREADSTRINGPART
	K	 10 0KKK KKKK KKKK	2547
0000BD	21F3	CALL SYSREADSTRINGPART
	K	 11 0001 1KKK KKKK	0
000000	3180	PAGESEL $
	K	 11 0000 KKKK KKKK	93
0000BF	305D	MOVLW LOW MM
	F	 00 0000 1FFF FFFF	4
0000C0	0084	MOVWF FSR0L
	K	 11 0000 KKKK KKKK	33
0000C1	3021	MOVLW HIGH MM
	F	 00 0000 1FFF FFFF	5
0000C2	0085	MOVWF FSR0H
	K	 11 0001 1KKK KKKK	9
000000	3189	PAGESEL SYSCOPYSTRINGPART
	K	 10 0KKK KKKK KKKK	2458
0000C4	219A	CALL SYSCOPYSTRINGPART
	K	 11 0001 1KKK KKKK	0
000000	3180	PAGESEL $
	K	 11 0000 KKKK KKKK	8
0000C6	3008	MOVLW LOW STRINGTABLE2
	F	 00 0000 1FFF FFFF	119
0000C7	00F7	MOVWF SYSSTRINGA
	K	 11 0000 KKKK KKKK	10
0000C8	300A	MOVLW (HIGH STRINGTABLE2) & 127
	F	 00 0000 1FFF FFFF	120
0000C9	00F8	MOVWF SYSSTRINGA_H
	K	 11 0001 1KKK KKKK	9
000000	3189	PAGESEL SYSREADSTRINGPART
	K	 10 0KKK KKKK KKKK	2547
0000CB	21F3	CALL SYSREADSTRINGPART
	K	 11 0001 1KKK KKKK	0
000000	3180	PAGESEL $
	K	 11 0000 KKKK KKKK	52
0000CD	3034	MOVLW LOW SS
	F	 00 0000 1FFF FFFF	4
0000CE	0084	MOVWF FSR0L
	K	 11 0000 KKKK KKKK	33
0000CF	3021	MOVLW HIGH SS
	F	 00 0000 1FFF FFFF	5
0000D0	0085	MOVWF FSR0H
	K	 11 0001 1KKK KKKK	9
000000	3189	PAGESEL SYSCOPYSTRINGPART
	K	 10 0KKK KKKK KKKK	2458
0000D2	219A	CALL SYSCOPYSTRINGPART
	K	 11 0001 1KKK KKKK	0
000000	3180	PAGESEL $
	K	 11 0000 KKKK KKKK	11
0000D4	300B	MOVLW LOW TIMESTRING
	F	 00 0000 1FFF FFFF	4
0000D5	0084	MOVWF FSR0L
	K	 11 0000 KKKK KKKK	33
0000D6	3021	MOVLW HIGH TIMESTRING
	F	 00 0000 1FFF FFFF	5
0000D7	0085	MOVWF FSR0H
	F	 00 1000 DFFF FFFF	118
	D	 00 1000 D111 0110	0
0000D8	0876	MOVF SYSSTRINGLENGTH,W
	F	 00 0000 1FFF FFFF	0
0000D9	0080	MOVWF INDF0
	K	 11 0000 KKKK KKKK	255
0000DA	30FF	MOVLW 255
	K	00 0000 001K KKKK	1
000000	0021	BANKSEL _GLCDPAGE
	F	 00 0000 1FFF FFFF	172
0000DC	00AC	MOVWF _GLCDPAGE
		SYSFORLOOP1
	F	 00 1010 DFFF FFFF	172
	D	 00 1010 D010 1100	1
0000DD	0AAC	INCF _GLCDPAGE,F
	K	 11 0000 KKKK KKKK	10
0000DE	300A	MOVLW 10
	K	00 0000 001K KKKK	0
000000	0020	BANKSEL PRINTLOCX
	F	 00 0000 1FFF FFFF	95
0000E0	00DF	MOVWF PRINTLOCX
	F	 00 0001 1FFF FFFF	96
0000E1	01E0	CLRF PRINTLOCX_H
	K	 11 0000 KKKK KKKK	10
0000E2	300A	MOVLW 10
	F	 00 0000 1FFF FFFF	97
0000E3	00E1	MOVWF PRINTLOCY
	F	 00 0001 1FFF FFFF	98
0000E4	01E2	CLRF PRINTLOCY_H
	K	 11 0000 KKKK KKKK	11
0000E5	300B	MOVLW LOW TIMESTRING
	F	 00 0000 1FFF FFFF	110
0000E6	00EE	MOVWF SYSLCDPRINTDATAHANDLER
	K	 11 0000 KKKK KKKK	33
0000E7	3021	MOVLW HIGH TIMESTRING
	F	 00 0000 1FFF FFFF	111
0000E8	00EF	MOVWF SYSLCDPRINTDATAHANDLER_H
	K	 11 0001 1KKK KKKK	8
000000	3188	PAGESEL GLCDPRINT4
	K	 10 0KKK KKKK KKKK	2128
0000EA	2050	CALL GLCDPRINT4
	K	 11 0001 1KKK KKKK	0
000000	3180	PAGESEL $
	F	 00 0001 1FFF FFFF	81
0000EC	01D1	CLRF LINEX1
	F	 00 0001 1FFF FFFF	82
0000ED	01D2	CLRF LINEX1_H
	F	 00 0001 1FFF FFFF	85
0000EE	01D5	CLRF LINEY1
	F	 00 0001 1FFF FFFF	86
0000EF	01D6	CLRF LINEY1_H
	K	 11 0000 KKKK KKKK	63
0000F0	303F	MOVLW 63
	F	 00 0000 1FFF FFFF	83
0000F1	00D3	MOVWF LINEX2
	F	 00 0001 1FFF FFFF	84
0000F2	01D4	CLRF LINEX2_H
	K	 11 0000 KKKK KKKK	31
0000F3	301F	MOVLW 31
	F	 00 0000 1FFF FFFF	87
0000F4	00D7	MOVWF LINEY2
	F	 00 0001 1FFF FFFF	88
0000F5	01D8	CLRF LINEY2_H
	F	 00 1000 DFFF FFFF	60
	D	 00 1000 D011 1100	0
0000F6	083C	MOVF GLCDFOREGROUND,W
	F	 00 0000 1FFF FFFF	79
0000F7	00CF	MOVWF LINECOLOUR
	F	 00 1000 DFFF FFFF	61
	D	 00 1000 D011 1101	0
0000F8	083D	MOVF GLCDFOREGROUND_H,W
	F	 00 0000 1FFF FFFF	80
0000F9	00D0	MOVWF LINECOLOUR_H
	K	 10 0KKK KKKK KKKK	344
0000FA	2158	CALL BOX16
	F	 00 0001 1FFF FFFF	89
0000FB	01D9	CLRF LOCX
	K	00 0000 001K KKKK	1
000000	0021	BANKSEL _GLCDPAGE
	F	 00 1000 DFFF FFFF	172
	D	 00 1000 D010 1100	0
0000FD	082C	MOVF _GLCDPAGE,W
	F	 00 0000 1FFF FFFF	117
0000FE	00F5	MOVWF SYSBYTETEMPA
	K	 11 0000 KKKK KKKK	8
0000FF	3008	MOVLW 8
	F	 00 0000 1FFF FFFF	121
000100	00F9	MOVWF SYSBYTETEMPB
	K	00 0000 001K KKKK	0
000000	0020	BANKSEL STATUS
	K	 10 0KKK KKKK KKKK	2028
000102	27EC	CALL SYSMULTSUB
	F	 00 1000 DFFF FFFF	112
	D	 00 1000 D111 0000	0
000103	0870	MOVF SYSBYTETEMPX,W
	F	 00 0000 1FFF FFFF	90
000104	00DA	MOVWF LOCY
	K	 11 0001 1KKK KKKK	8
000000	3188	PAGESEL CURSOR_POSITION_SSD1306
	K	 10 0KKK KKKK KKKK	2048
000106	2000	CALL CURSOR_POSITION_SSD1306
	K	 11 0001 1KKK KKKK	1
000000	3181	PAGESEL $
	K	 11 0001 1KKK KKKK	8
000000	3188	PAGESEL I2CSTART
	K	 10 0KKK KKKK KKKK	2295
000109	20F7	CALL I2CSTART
	K	 11 0001 1KKK KKKK	1
000000	3181	PAGESEL $
	K	 11 0000 KKKK KKKK	120
00010B	3078	MOVLW 120
	F	 00 0000 1FFF FFFF	76
00010C	00CC	MOVWF I2CBYTE
	K	 11 0001 1KKK KKKK	8
000000	3188	PAGESEL I2CSEND
	K	 10 0KKK KKKK KKKK	2207
00010E	209F	CALL I2CSEND
	K	 11 0001 1KKK KKKK	1
000000	3181	PAGESEL $
	K	 11 0000 KKKK KKKK	64
000110	3040	MOVLW 64
	F	 00 0000 1FFF FFFF	76
000111	00CC	MOVWF I2CBYTE
	K	 11 0001 1KKK KKKK	8
000000	3188	PAGESEL I2CSEND
	K	 10 0KKK KKKK KKKK	2207
000113	209F	CALL I2CSEND
	K	 11 0001 1KKK KKKK	1
000000	3181	PAGESEL $
	F	 00 0001 1FFF FFFF	102
000115	01E6	CLRF SSD1306_BUFFERLOCATIONCALC
	F	 00 0001 1FFF FFFF	103
000116	01E7	CLRF SSD1306_BUFFERLOCATIONCALC_H
		SYSFORLOOP2
	F	 00 1010 DFFF FFFF	102
	D	 00 1010 D110 0110	1
000117	0AE6	INCF SSD1306_BUFFERLOCATIONCALC,F
	F	 01 10BB BFFF FFFF	3
	B	 01 10BB B000 0011	2
000118	1903	BTFSC STATUS,Z
	F	 00 1010 DFFF FFFF	103
	D	 00 1010 D110 0111	1
000119	0AE7	INCF SSD1306_BUFFERLOCATIONCALC_H,F
	K	 11 0000 KKKK KKKK	175
00011A	30AF	MOVLW LOW(SSD1306_BUFFERALIAS)
	F	 00 0111 DFFF FFFF	102
	D	 00 0111 D110 0110	0
00011B	0766	ADDWF SSD1306_BUFFERLOCATIONCALC,W
	F	 00 0000 1FFF FFFF	4
00011C	0084	MOVWF AFSR0
	K	 11 0000 KKKK KKKK	33
00011D	3021	MOVLW HIGH(SSD1306_BUFFERALIAS)
	F	 11 1101 DFFF FFFF	103
	D	 11 1101 D110 0111	0
00011E	3D67	ADDWFC SSD1306_BUFFERLOCATIONCALC_H,W
	F	 00 0000 1FFF FFFF	5
00011F	0085	MOVWF AFSR0_H
	F	 00 1000 DFFF FFFF	0
	D	 00 1000 D000 0000	0
000120	0800	MOVF INDF0,W
	F	 00 0000 1FFF FFFF	76
000121	00CC	MOVWF I2CBYTE
	K	 11 0001 1KKK KKKK	8
000000	3188	PAGESEL I2CSEND
	K	 10 0KKK KKKK KKKK	2207
000123	209F	CALL I2CSEND
	K	 11 0001 1KKK KKKK	1
000000	3181	PAGESEL $
	K	 11 0000 KKKK KKKK	175
000125	30AF	MOVLW LOW(SSD1306_BUFFERALIAS)
	F	 00 0111 DFFF FFFF	102
	D	 00 0111 D110 0110	0
000126	0766	ADDWF SSD1306_BUFFERLOCATIONCALC,W
	F	 00 0000 1FFF FFFF	4
000127	0084	MOVWF AFSR0
	K	 11 0000 KKKK KKKK	33
000128	3021	MOVLW HIGH(SSD1306_BUFFERALIAS)
	F	 11 1101 DFFF FFFF	103
	D	 11 1101 D110 0111	0
000129	3D67	ADDWFC SSD1306_BUFFERLOCATIONCALC_H,W
	F	 00 0000 1FFF FFFF	5
00012A	0085	MOVWF AFSR0_H
	F	 00 0001 1FFF FFFF	0
00012B	0180	CLRF INDF0
	F	 00 1000 DFFF FFFF	102
	D	 00 1000 D110 0110	0
00012C	0866	MOVF SSD1306_BUFFERLOCATIONCALC,W
	F	 00 0000 1FFF FFFF	117
00012D	00F5	MOVWF SYSWORDTEMPA
	F	 00 1000 DFFF FFFF	103
	D	 00 1000 D110 0111	0
00012E	0867	MOVF SSD1306_BUFFERLOCATIONCALC_H,W
	F	 00 0000 1FFF FFFF	118
00012F	00F6	MOVWF SYSWORDTEMPA_H
	K	 11 0000 KKKK KKKK	128
000130	3080	MOVLW 128
	F	 00 0000 1FFF FFFF	121
000131	00F9	MOVWF SYSWORDTEMPB
	F	 00 0001 1FFF FFFF	122
000132	01FA	CLRF SYSWORDTEMPB_H
	K	 11 0001 1KKK KKKK	9
000000	3189	PAGESEL SYSCOMPLESSTHAN16
	K	 10 0KKK KKKK KKKK	2439
000134	2187	CALL SYSCOMPLESSTHAN16
	K	 11 0001 1KKK KKKK	1
000000	3181	PAGESEL $
	F	 01 10BB BFFF FFFF	112
	B	 01 10BB B111 0000	0
000136	1870	BTFSC SYSBYTETEMPX,0
	K	 10 1KKK KKKK KKKK	279
000137	2917	GOTO SYSFORLOOP2
		SYSFORLOOPEND2
	K	 10 0KKK KKKK KKKK	1601
000138	2641	CALL I2CSTOP
	K	 11 0000 KKKK KKKK	3
000139	3003	MOVLW 3
	K	00 0000 001K KKKK	1
000000	0021	BANKSEL _GLCDPAGE
	F	 00 0010 DFFF FFFF	172
	D	 00 0010 D010 1100	0
00013B	022C	SUBWF _GLCDPAGE,W
	F	 01 11BB BFFF FFFF	3
	B	 01 11BB B000 0011	0
00013C	1C03	BTFSS STATUS, C
	K	 10 1KKK KKKK KKKK	221
00013D	28DD	GOTO SYSFORLOOP1
		SYSFORLOOPEND1
	K	 11 0000 KKKK KKKK	1
00013E	3001	MOVLW 1
	F	 00 0000 1FFF FFFF	116
00013F	00F4	MOVWF SYSWAITTEMPS
	K	00 0000 001K KKKK	0
000000	0020	BANKSEL STATUS
	K	 11 0001 1KKK KKKK	8
000000	3188	PAGESEL DELAY_S
	K	 10 0KKK KKKK KKKK	2120
000142	2048	CALL DELAY_S
	K	 11 0001 1KKK KKKK	1
000000	3181	PAGESEL $
	F	 00 1010 DFFF FFFF	100
	D	 00 1010 D110 0100	1
000144	0AE4	INCF SECONDS,F
	K	 11 0000 KKKK KKKK	60
000145	303C	MOVLW 60
	F	 00 0010 DFFF FFFF	100
	D	 00 0010 D110 0100	0
000146	0264	SUBWF SECONDS,W
	F	 01 11BB BFFF FFFF	3
	B	 01 11BB B000 0011	2
000147	1D03	BTFSS STATUS, Z
	K	 10 1KKK KKKK KKKK	341
000148	2955	GOTO ENDIF6
	F	 00 0001 1FFF FFFF	100
000149	01E4	CLRF SECONDS
	F	 00 1010 DFFF FFFF	91
	D	 00 1010 D101 1011	1
00014A	0ADB	INCF MINUTES,F
	K	 11 0000 KKKK KKKK	60
00014B	303C	MOVLW 60
	F	 00 0010 DFFF FFFF	91
	D	 00 0010 D101 1011	0
00014C	025B	SUBWF MINUTES,W
	F	 01 11BB BFFF FFFF	3
	B	 01 11BB B000 0011	2
00014D	1D03	BTFSS STATUS, Z
	K	 10 1KKK KKKK KKKK	341
00014E	2955	GOTO ENDIF7
	F	 00 0001 1FFF FFFF	91
00014F	01DB	CLRF MINUTES
	F	 00 1010 DFFF FFFF	73
	D	 00 1010 D100 1001	1
000150	0AC9	INCF HOURS,F
	K	 11 0000 KKKK KKKK	24
000151	3018	MOVLW 24
	F	 00 0010 DFFF FFFF	73
	D	 00 0010 D100 1001	0
000152	0249	SUBWF HOURS,W
	F	 01 10BB BFFF FFFF	3
	B	 01 10BB B000 0011	2
000153	1903	BTFSC STATUS, Z
	F	 00 0001 1FFF FFFF	73
000154	01C9	CLRF HOURS
		ENDIF7
		ENDIF6
	K	 10 1KKK KKKK KKKK	13
000155	280D	GOTO SYSDOLOOP_S1
		SYSDOLOOP_E1
		BASPROGRAMEND
000156	0063	SLEEP
	K	 10 1KKK KKKK KKKK	342
000157	2956	GOTO BASPROGRAMEND


		BOX16
	F	 00 1000 DFFF FFFF	81
	D	 00 1000 D101 0001	0
000158	0851	MOVF LINEX1,W
	F	 00 0000 1FFF FFFF	121
000159	00F9	MOVWF SYSWORDTEMPB
	F	 00 1000 DFFF FFFF	82
	D	 00 1000 D101 0010	0
00015A	0852	MOVF LINEX1_H,W
	F	 00 0000 1FFF FFFF	122
00015B	00FA	MOVWF SYSWORDTEMPB_H
	F	 00 1000 DFFF FFFF	83
	D	 00 1000 D101 0011	0
00015C	0853	MOVF LINEX2,W
	F	 00 0000 1FFF FFFF	117
00015D	00F5	MOVWF SYSWORDTEMPA
	F	 00 1000 DFFF FFFF	84
	D	 00 1000 D101 0100	0
00015E	0854	MOVF LINEX2_H,W
	F	 00 0000 1FFF FFFF	118
00015F	00F6	MOVWF SYSWORDTEMPA_H
	K	 11 0001 1KKK KKKK	9
000000	3189	PAGESEL SYSCOMPLESSTHAN16
	K	 10 0KKK KKKK KKKK	2439
000161	2187	CALL SYSCOMPLESSTHAN16
	K	 11 0001 1KKK KKKK	1
000000	3181	PAGESEL $
	F	 01 11BB BFFF FFFF	112
	B	 01 11BB B111 0000	0
000163	1C70	BTFSS SYSBYTETEMPX,0
	K	 10 1KKK KKKK KKKK	369
000164	2971	GOTO ENDIF12
	F	 00 1000 DFFF FFFF	81
	D	 00 1000 D101 0001	0
000165	0851	MOVF LINEX1,W
	F	 00 0000 1FFF FFFF	66
000166	00C2	MOVWF GLCDTEMP
	F	 00 1000 DFFF FFFF	82
	D	 00 1000 D101 0010	0
000167	0852	MOVF LINEX1_H,W
	F	 00 0000 1FFF FFFF	67
000168	00C3	MOVWF GLCDTEMP_H
	F	 00 1000 DFFF FFFF	83
	D	 00 1000 D101 0011	0
000169	0853	MOVF LINEX2,W
	F	 00 0000 1FFF FFFF	81
00016A	00D1	MOVWF LINEX1
	F	 00 1000 DFFF FFFF	84
	D	 00 1000 D101 0100	0
00016B	0854	MOVF LINEX2_H,W
	F	 00 0000 1FFF FFFF	82
00016C	00D2	MOVWF LINEX1_H
	F	 00 1000 DFFF FFFF	66
	D	 00 1000 D100 0010	0
00016D	0842	MOVF GLCDTEMP,W
	F	 00 0000 1FFF FFFF	83
00016E	00D3	MOVWF LINEX2
	F	 00 1000 DFFF FFFF	67
	D	 00 1000 D100 0011	0
00016F	0843	MOVF GLCDTEMP_H,W
	F	 00 0000 1FFF FFFF	84
000170	00D4	MOVWF LINEX2_H
		ENDIF12
	F	 00 1000 DFFF FFFF	85
	D	 00 1000 D101 0101	0
000171	0855	MOVF LINEY1,W
	F	 00 0000 1FFF FFFF	121
000172	00F9	MOVWF SYSWORDTEMPB
	F	 00 1000 DFFF FFFF	86
	D	 00 1000 D101 0110	0
000173	0856	MOVF LINEY1_H,W
	F	 00 0000 1FFF FFFF	122
000174	00FA	MOVWF SYSWORDTEMPB_H
	F	 00 1000 DFFF FFFF	87
	D	 00 1000 D101 0111	0
000175	0857	MOVF LINEY2,W
	F	 00 0000 1FFF FFFF	117
000176	00F5	MOVWF SYSWORDTEMPA
	F	 00 1000 DFFF FFFF	88
	D	 00 1000 D101 1000	0
000177	0858	MOVF LINEY2_H,W
	F	 00 0000 1FFF FFFF	118
000178	00F6	MOVWF SYSWORDTEMPA_H
	K	 11 0001 1KKK KKKK	9
000000	3189	PAGESEL SYSCOMPLESSTHAN16
	K	 10 0KKK KKKK KKKK	2439
00017A	2187	CALL SYSCOMPLESSTHAN16
	K	 11 0001 1KKK KKKK	1
000000	3181	PAGESEL $
	F	 01 11BB BFFF FFFF	112
	B	 01 11BB B111 0000	0
00017C	1C70	BTFSS SYSBYTETEMPX,0
	K	 10 1KKK KKKK KKKK	394
00017D	298A	GOTO ENDIF13
	F	 00 1000 DFFF FFFF	85
	D	 00 1000 D101 0101	0
00017E	0855	MOVF LINEY1,W
	F	 00 0000 1FFF FFFF	66
00017F	00C2	MOVWF GLCDTEMP
	F	 00 1000 DFFF FFFF	86
	D	 00 1000 D101 0110	0
000180	0856	MOVF LINEY1_H,W
	F	 00 0000 1FFF FFFF	67
000181	00C3	MOVWF GLCDTEMP_H
	F	 00 1000 DFFF FFFF	87
	D	 00 1000 D101 0111	0
000182	0857	MOVF LINEY2,W
	F	 00 0000 1FFF FFFF	85
000183	00D5	MOVWF LINEY1
	F	 00 1000 DFFF FFFF	88
	D	 00 1000 D101 1000	0
000184	0858	MOVF LINEY2_H,W
	F	 00 0000 1FFF FFFF	86
000185	00D6	MOVWF LINEY1_H
	F	 00 1000 DFFF FFFF	66
	D	 00 1000 D100 0010	0
000186	0842	MOVF GLCDTEMP,W
	F	 00 0000 1FFF FFFF	87
000187	00D7	MOVWF LINEY2
	F	 00 1000 DFFF FFFF	67
	D	 00 1000 D100 0011	0
000188	0843	MOVF GLCDTEMP_H,W
	F	 00 0000 1FFF FFFF	88
000189	00D8	MOVWF LINEY2_H
		ENDIF13
	K	 11 0000 KKKK KKKK	1
00018A	3001	MOVLW 1
	F	 00 0010 DFFF FFFF	81
	D	 00 0010 D101 0001	0
00018B	0251	SUBWF LINEX1,W
	F	 00 0000 1FFF FFFF	47
00018C	00AF	MOVWF DRAWLINE
	K	 11 0000 KKKK KKKK	0
00018D	3000	MOVLW 0
	F	 11 1011 DFFF FFFF	82
	D	 11 1011 D101 0010	0
00018E	3B52	SUBWFB LINEX1_H,W
	F	 00 0000 1FFF FFFF	48
00018F	00B0	MOVWF DRAWLINE_H
	F	 00 1000 DFFF FFFF	81
	D	 00 1000 D101 0001	0
000190	0851	MOVF LINEX1,W
	F	 00 0000 1FFF FFFF	121
000191	00F9	MOVWF SYSWORDTEMPB
	F	 00 1000 DFFF FFFF	82
	D	 00 1000 D101 0010	0
000192	0852	MOVF LINEX1_H,W
	F	 00 0000 1FFF FFFF	122
000193	00FA	MOVWF SYSWORDTEMPB_H
	F	 00 1000 DFFF FFFF	83
	D	 00 1000 D101 0011	0
000194	0853	MOVF LINEX2,W
	F	 00 0000 1FFF FFFF	117
000195	00F5	MOVWF SYSWORDTEMPA
	F	 00 1000 DFFF FFFF	84
	D	 00 1000 D101 0100	0
000196	0854	MOVF LINEX2_H,W
	F	 00 0000 1FFF FFFF	118
000197	00F6	MOVWF SYSWORDTEMPA_H
	K	 11 0001 1KKK KKKK	9
000000	3189	PAGESEL SYSCOMPLESSTHAN16
	K	 10 0KKK KKKK KKKK	2439
000199	2187	CALL SYSCOMPLESSTHAN16
	K	 11 0001 1KKK KKKK	1
000000	3181	PAGESEL $
	F	 01 10BB BFFF FFFF	112
	B	 01 10BB B111 0000	0
00019B	1870	BTFSC SYSBYTETEMPX,0
	K	 10 1KKK KKKK KKKK	451
00019C	29C3	GOTO SYSFORLOOPEND4
		SYSFORLOOP4
	F	 00 1010 DFFF FFFF	47
	D	 00 1010 D010 1111	1
00019D	0AAF	INCF DRAWLINE,F
	F	 01 10BB BFFF FFFF	3
	B	 01 10BB B000 0011	2
00019E	1903	BTFSC STATUS,Z
	F	 00 1010 DFFF FFFF	48
	D	 00 1010 D011 0000	1
00019F	0AB0	INCF DRAWLINE_H,F
	F	 00 1000 DFFF FFFF	47
	D	 00 1000 D010 1111	0
0001A0	082F	MOVF DRAWLINE,W
	F	 00 0000 1FFF FFFF	68
0001A1	00C4	MOVWF GLCDX
	F	 00 1000 DFFF FFFF	85
	D	 00 1000 D101 0101	0
0001A2	0855	MOVF LINEY1,W
	F	 00 0000 1FFF FFFF	69
0001A3	00C5	MOVWF GLCDY
	F	 00 1000 DFFF FFFF	79
	D	 00 1000 D100 1111	0
0001A4	084F	MOVF LINECOLOUR,W
	F	 00 0000 1FFF FFFF	53
0001A5	00B5	MOVWF GLCDCOLOUR
	F	 00 1000 DFFF FFFF	80
	D	 00 1000 D101 0000	0
0001A6	0850	MOVF LINECOLOUR_H,W
	F	 00 0000 1FFF FFFF	54
0001A7	00B6	MOVWF GLCDCOLOUR_H
	K	 11 0001 1KKK KKKK	9
000000	3189	PAGESEL PSET_SSD1306
	K	 10 0KKK KKKK KKKK	2317
0001A9	210D	CALL PSET_SSD1306
	K	 11 0001 1KKK KKKK	1
000000	3181	PAGESEL $
	F	 00 1000 DFFF FFFF	47
	D	 00 1000 D010 1111	0
0001AB	082F	MOVF DRAWLINE,W
	F	 00 0000 1FFF FFFF	68
0001AC	00C4	MOVWF GLCDX
	F	 00 1000 DFFF FFFF	87
	D	 00 1000 D101 0111	0
0001AD	0857	MOVF LINEY2,W
	F	 00 0000 1FFF FFFF	69
0001AE	00C5	MOVWF GLCDY
	F	 00 1000 DFFF FFFF	79
	D	 00 1000 D100 1111	0
0001AF	084F	MOVF LINECOLOUR,W
	F	 00 0000 1FFF FFFF	53
0001B0	00B5	MOVWF GLCDCOLOUR
	F	 00 1000 DFFF FFFF	80
	D	 00 1000 D101 0000	0
0001B1	0850	MOVF LINECOLOUR_H,W
	F	 00 0000 1FFF FFFF	54
0001B2	00B6	MOVWF GLCDCOLOUR_H
	K	 11 0001 1KKK KKKK	9
000000	3189	PAGESEL PSET_SSD1306
	K	 10 0KKK KKKK KKKK	2317
0001B4	210D	CALL PSET_SSD1306
	K	 11 0001 1KKK KKKK	1
000000	3181	PAGESEL $
	F	 00 1000 DFFF FFFF	47
	D	 00 1000 D010 1111	0
0001B6	082F	MOVF DRAWLINE,W
	F	 00 0000 1FFF FFFF	117
0001B7	00F5	MOVWF SYSWORDTEMPA
	F	 00 1000 DFFF FFFF	48
	D	 00 1000 D011 0000	0
0001B8	0830	MOVF DRAWLINE_H,W
	F	 00 0000 1FFF FFFF	118
0001B9	00F6	MOVWF SYSWORDTEMPA_H
	F	 00 1000 DFFF FFFF	83
	D	 00 1000 D101 0011	0
0001BA	0853	MOVF LINEX2,W
	F	 00 0000 1FFF FFFF	121
0001BB	00F9	MOVWF SYSWORDTEMPB
	F	 00 1000 DFFF FFFF	84
	D	 00 1000 D101 0100	0
0001BC	0854	MOVF LINEX2_H,W
	F	 00 0000 1FFF FFFF	122
0001BD	00FA	MOVWF SYSWORDTEMPB_H
	K	 11 0001 1KKK KKKK	9
000000	3189	PAGESEL SYSCOMPLESSTHAN16
	K	 10 0KKK KKKK KKKK	2439
0001BF	2187	CALL SYSCOMPLESSTHAN16
	K	 11 0001 1KKK KKKK	1
000000	3181	PAGESEL $
	F	 01 10BB BFFF FFFF	112
	B	 01 10BB B111 0000	0
0001C1	1870	BTFSC SYSBYTETEMPX,0
	K	 10 1KKK KKKK KKKK	413
0001C2	299D	GOTO SYSFORLOOP4
		SYSFORLOOPEND4
	K	 11 0000 KKKK KKKK	1
0001C3	3001	MOVLW 1
	F	 00 0010 DFFF FFFF	85
	D	 00 0010 D101 0101	0
0001C4	0255	SUBWF LINEY1,W
	F	 00 0000 1FFF FFFF	47
0001C5	00AF	MOVWF DRAWLINE
	K	 11 0000 KKKK KKKK	0
0001C6	3000	MOVLW 0
	F	 11 1011 DFFF FFFF	86
	D	 11 1011 D101 0110	0
0001C7	3B56	SUBWFB LINEY1_H,W
	F	 00 0000 1FFF FFFF	48
0001C8	00B0	MOVWF DRAWLINE_H
	F	 00 1000 DFFF FFFF	85
	D	 00 1000 D101 0101	0
0001C9	0855	MOVF LINEY1,W
	F	 00 0000 1FFF FFFF	121
0001CA	00F9	MOVWF SYSWORDTEMPB
	F	 00 1000 DFFF FFFF	86
	D	 00 1000 D101 0110	0
0001CB	0856	MOVF LINEY1_H,W
	F	 00 0000 1FFF FFFF	122
0001CC	00FA	MOVWF SYSWORDTEMPB_H
	F	 00 1000 DFFF FFFF	87
	D	 00 1000 D101 0111	0
0001CD	0857	MOVF LINEY2,W
	F	 00 0000 1FFF FFFF	117
0001CE	00F5	MOVWF SYSWORDTEMPA
	F	 00 1000 DFFF FFFF	88
	D	 00 1000 D101 1000	0
0001CF	0858	MOVF LINEY2_H,W
	F	 00 0000 1FFF FFFF	118
0001D0	00F6	MOVWF SYSWORDTEMPA_H
	K	 11 0001 1KKK KKKK	9
000000	3189	PAGESEL SYSCOMPLESSTHAN16
	K	 10 0KKK KKKK KKKK	2439
0001D2	2187	CALL SYSCOMPLESSTHAN16
	K	 11 0001 1KKK KKKK	1
000000	3181	PAGESEL $
	F	 01 10BB BFFF FFFF	112
	B	 01 10BB B111 0000	0
0001D4	1870	BTFSC SYSBYTETEMPX,0
	K	 10 1KKK KKKK KKKK	508
0001D5	29FC	GOTO SYSFORLOOPEND5
		SYSFORLOOP5
	F	 00 1010 DFFF FFFF	47
	D	 00 1010 D010 1111	1
0001D6	0AAF	INCF DRAWLINE,F
	F	 01 10BB BFFF FFFF	3
	B	 01 10BB B000 0011	2
0001D7	1903	BTFSC STATUS,Z
	F	 00 1010 DFFF FFFF	48
	D	 00 1010 D011 0000	1
0001D8	0AB0	INCF DRAWLINE_H,F
	F	 00 1000 DFFF FFFF	81
	D	 00 1000 D101 0001	0
0001D9	0851	MOVF LINEX1,W
	F	 00 0000 1FFF FFFF	68
0001DA	00C4	MOVWF GLCDX
	F	 00 1000 DFFF FFFF	47
	D	 00 1000 D010 1111	0
0001DB	082F	MOVF DRAWLINE,W
	F	 00 0000 1FFF FFFF	69
0001DC	00C5	MOVWF GLCDY
	F	 00 1000 DFFF FFFF	79
	D	 00 1000 D100 1111	0
0001DD	084F	MOVF LINECOLOUR,W
	F	 00 0000 1FFF FFFF	53
0001DE	00B5	MOVWF GLCDCOLOUR
	F	 00 1000 DFFF FFFF	80
	D	 00 1000 D101 0000	0
0001DF	0850	MOVF LINECOLOUR_H,W
	F	 00 0000 1FFF FFFF	54
0001E0	00B6	MOVWF GLCDCOLOUR_H
	K	 11 0001 1KKK KKKK	9
000000	3189	PAGESEL PSET_SSD1306
	K	 10 0KKK KKKK KKKK	2317
0001E2	210D	CALL PSET_SSD1306
	K	 11 0001 1KKK KKKK	1
000000	3181	PAGESEL $
	F	 00 1000 DFFF FFFF	83
	D	 00 1000 D101 0011	0
0001E4	0853	MOVF LINEX2,W
	F	 00 0000 1FFF FFFF	68
0001E5	00C4	MOVWF GLCDX
	F	 00 1000 DFFF FFFF	47
	D	 00 1000 D010 1111	0
0001E6	082F	MOVF DRAWLINE,W
	F	 00 0000 1FFF FFFF	69
0001E7	00C5	MOVWF GLCDY
	F	 00 1000 DFFF FFFF	79
	D	 00 1000 D100 1111	0
0001E8	084F	MOVF LINECOLOUR,W
	F	 00 0000 1FFF FFFF	53
0001E9	00B5	MOVWF GLCDCOLOUR
	F	 00 1000 DFFF FFFF	80
	D	 00 1000 D101 0000	0
0001EA	0850	MOVF LINECOLOUR_H,W
	F	 00 0000 1FFF FFFF	54
0001EB	00B6	MOVWF GLCDCOLOUR_H
	K	 11 0001 1KKK KKKK	9
000000	3189	PAGESEL PSET_SSD1306
	K	 10 0KKK KKKK KKKK	2317
0001ED	210D	CALL PSET_SSD1306
	K	 11 0001 1KKK KKKK	1
000000	3181	PAGESEL $
	F	 00 1000 DFFF FFFF	47
	D	 00 1000 D010 1111	0
0001EF	082F	MOVF DRAWLINE,W
	F	 00 0000 1FFF FFFF	117
0001F0	00F5	MOVWF SYSWORDTEMPA
	F	 00 1000 DFFF FFFF	48
	D	 00 1000 D011 0000	0
0001F1	0830	MOVF DRAWLINE_H,W
	F	 00 0000 1FFF FFFF	118
0001F2	00F6	MOVWF SYSWORDTEMPA_H
	F	 00 1000 DFFF FFFF	87
	D	 00 1000 D101 0111	0
0001F3	0857	MOVF LINEY2,W
	F	 00 0000 1FFF FFFF	121
0001F4	00F9	MOVWF SYSWORDTEMPB
	F	 00 1000 DFFF FFFF	88
	D	 00 1000 D101 1000	0
0001F5	0858	MOVF LINEY2_H,W
	F	 00 0000 1FFF FFFF	122
0001F6	00FA	MOVWF SYSWORDTEMPB_H
	K	 11 0001 1KKK KKKK	9
000000	3189	PAGESEL SYSCOMPLESSTHAN16
	K	 10 0KKK KKKK KKKK	2439
0001F8	2187	CALL SYSCOMPLESSTHAN16
	K	 11 0001 1KKK KKKK	1
000000	3181	PAGESEL $
	F	 01 10BB BFFF FFFF	112
	B	 01 10BB B111 0000	0
0001FA	1870	BTFSC SYSBYTETEMPX,0
	K	 10 1KKK KKKK KKKK	470
0001FB	29D6	GOTO SYSFORLOOP5
		SYSFORLOOPEND5
0001FC	0008	RETURN


		GLCDCHARCOL3
	K	 11 0000 KKKK KKKK	113
0001FD	3071	MOVLW 113
	F	 00 0010 DFFF FFFF	119
	D	 00 0010 D111 0111	0
0001FE	0277	SUBWF SYSSTRINGA, W
	F	 01 10BB BFFF FFFF	3
	B	 01 10BB B000 0011	0
0001FF	1803	BTFSC STATUS, C
	K	 11 0100 KKKK KKKK	0
000200	3400	RETLW 0
	F	 00 1000 DFFF FFFF	119
	D	 00 1000 D111 0111	0
000201	0877	MOVF SYSSTRINGA, W
	K	 11 1110 KKKK KKKK	10
000202	3E0A	ADDLW LOW TABLEGLCDCHARCOL3
	F	 00 0000 1FFF FFFF	119
000203	00F7	MOVWF SYSSTRINGA
	K	 11 0000 KKKK KKKK	2
000204	3002	MOVLW (HIGH TABLEGLCDCHARCOL3) & 127
	F	 01 10BB BFFF FFFF	3
	B	 01 10BB B000 0011	0
000205	1803	BTFSC STATUS, C
	K	 11 1110 KKKK KKKK	1
000206	3E01	ADDLW 1
	F	 00 0000 1FFF FFFF	10
000207	008A	MOVWF PCLATH
	F	 00 1000 DFFF FFFF	119
	D	 00 1000 D111 0111	0
000208	0877	MOVF SYSSTRINGA, W
	F	 00 0000 1FFF FFFF	2
000209	0082	MOVWF PCL
		TABLEGLCDCHARCOL3
	K	 11 0100 KKKK KKKK	112
00020A	3470	RETLW 112
	K	 11 0100 KKKK KKKK	0
00020B	3400	RETLW 0
	K	 11 0100 KKKK KKKK	16
00020C	3410	RETLW 16
	K	 11 0100 KKKK KKKK	12
00020D	340C	RETLW 12
	K	 11 0100 KKKK KKKK	10
00020E	340A	RETLW 10
	K	 11 0100 KKKK KKKK	136
00020F	3488	RETLW 136
	K	 11 0100 KKKK KKKK	34
000210	3422	RETLW 34
	K	 11 0100 KKKK KKKK	56
000211	3438	RETLW 56
	K	 11 0100 KKKK KKKK	32
000212	3420	RETLW 32
	K	 11 0100 KKKK KKKK	8
000213	3408	RETLW 8
	K	 11 0100 KKKK KKKK	32
000214	3420	RETLW 32
	K	 11 0100 KKKK KKKK	16
000215	3410	RETLW 16
	K	 11 0100 KKKK KKKK	16
000216	3410	RETLW 16
	K	 11 0100 KKKK KKKK	128
000217	3480	RETLW 128
	K	 11 0100 KKKK KKKK	128
000218	3480	RETLW 128
	K	 11 0100 KKKK KKKK	64
000219	3440	RETLW 64
	K	 11 0100 KKKK KKKK	4
00021A	3404	RETLW 4
	K	 11 0100 KKKK KKKK	0
00021B	3400	RETLW 0
	K	 11 0100 KKKK KKKK	0
00021C	3400	RETLW 0
	K	 11 0100 KKKK KKKK	0
00021D	3400	RETLW 0
	K	 11 0100 KKKK KKKK	40
00021E	3428	RETLW 40
	K	 11 0100 KKKK KKKK	72
00021F	3448	RETLW 72
	K	 11 0100 KKKK KKKK	70
000220	3446	RETLW 70
	K	 11 0100 KKKK KKKK	108
000221	346C	RETLW 108
	K	 11 0100 KKKK KKKK	0
000222	3400	RETLW 0
	K	 11 0100 KKKK KKKK	0
000223	3400	RETLW 0
	K	 11 0100 KKKK KKKK	0
000224	3400	RETLW 0
	K	 11 0100 KKKK KKKK	40
000225	3428	RETLW 40
	K	 11 0100 KKKK KKKK	16
000226	3410	RETLW 16
	K	 11 0100 KKKK KKKK	0
000227	3400	RETLW 0
	K	 11 0100 KKKK KKKK	16
000228	3410	RETLW 16
	K	 11 0100 KKKK KKKK	0
000229	3400	RETLW 0
	K	 11 0100 KKKK KKKK	64
00022A	3440	RETLW 64
	K	 11 0100 KKKK KKKK	124
00022B	347C	RETLW 124
	K	 11 0100 KKKK KKKK	0
00022C	3400	RETLW 0
	K	 11 0100 KKKK KKKK	132
00022D	3484	RETLW 132
	K	 11 0100 KKKK KKKK	130
00022E	3482	RETLW 130
	K	 11 0100 KKKK KKKK	48
00022F	3430	RETLW 48
	K	 11 0100 KKKK KKKK	78
000230	344E	RETLW 78
	K	 11 0100 KKKK KKKK	120
000231	3478	RETLW 120
	K	 11 0100 KKKK KKKK	6
000232	3406	RETLW 6
	K	 11 0100 KKKK KKKK	108
000233	346C	RETLW 108
	K	 11 0100 KKKK KKKK	12
000234	340C	RETLW 12
	K	 11 0100 KKKK KKKK	0
000235	3400	RETLW 0
	K	 11 0100 KKKK KKKK	0
000236	3400	RETLW 0
	K	 11 0100 KKKK KKKK	16
000237	3410	RETLW 16
	K	 11 0100 KKKK KKKK	40
000238	3428	RETLW 40
	K	 11 0100 KKKK KKKK	0
000239	3400	RETLW 0
	K	 11 0100 KKKK KKKK	4
00023A	3404	RETLW 4
	K	 11 0100 KKKK KKKK	100
00023B	3464	RETLW 100
	K	 11 0100 KKKK KKKK	248
00023C	34F8	RETLW 248
	K	 11 0100 KKKK KKKK	254
00023D	34FE	RETLW 254
	K	 11 0100 KKKK KKKK	124
00023E	347C	RETLW 124
	K	 11 0100 KKKK KKKK	254
00023F	34FE	RETLW 254
	K	 11 0100 KKKK KKKK	254
000240	34FE	RETLW 254
	K	 11 0100 KKKK KKKK	254
000241	34FE	RETLW 254
	K	 11 0100 KKKK KKKK	124
000242	347C	RETLW 124
	K	 11 0100 KKKK KKKK	254
000243	34FE	RETLW 254
	K	 11 0100 KKKK KKKK	0
000244	3400	RETLW 0
	K	 11 0100 KKKK KKKK	64
000245	3440	RETLW 64
	K	 11 0100 KKKK KKKK	254
000246	34FE	RETLW 254
	K	 11 0100 KKKK KKKK	254
000247	34FE	RETLW 254
	K	 11 0100 KKKK KKKK	254
000248	34FE	RETLW 254
	K	 11 0100 KKKK KKKK	254
000249	34FE	RETLW 254
	K	 11 0100 KKKK KKKK	124
00024A	347C	RETLW 124
	K	 11 0100 KKKK KKKK	254
00024B	34FE	RETLW 254
	K	 11 0100 KKKK KKKK	124
00024C	347C	RETLW 124
	K	 11 0100 KKKK KKKK	254
00024D	34FE	RETLW 254
	K	 11 0100 KKKK KKKK	76
00024E	344C	RETLW 76
	K	 11 0100 KKKK KKKK	2
00024F	3402	RETLW 2
	K	 11 0100 KKKK KKKK	126
000250	347E	RETLW 126
	K	 11 0100 KKKK KKKK	62
000251	343E	RETLW 62
	K	 11 0100 KKKK KKKK	126
000252	347E	RETLW 126
	K	 11 0100 KKKK KKKK	198
000253	34C6	RETLW 198
	K	 11 0100 KKKK KKKK	14
000254	340E	RETLW 14
	K	 11 0100 KKKK KKKK	194
000255	34C2	RETLW 194
	K	 11 0100 KKKK KKKK	0
000256	3400	RETLW 0
	K	 11 0100 KKKK KKKK	4
000257	3404	RETLW 4
	K	 11 0100 KKKK KKKK	0
000258	3400	RETLW 0
	K	 11 0100 KKKK KKKK	8
000259	3408	RETLW 8
	K	 11 0100 KKKK KKKK	128
00025A	3480	RETLW 128
	K	 11 0100 KKKK KKKK	0
00025B	3400	RETLW 0
	K	 11 0100 KKKK KKKK	64
00025C	3440	RETLW 64
	K	 11 0100 KKKK KKKK	254
00025D	34FE	RETLW 254
	K	 11 0100 KKKK KKKK	112
00025E	3470	RETLW 112
	K	 11 0100 KKKK KKKK	112
00025F	3470	RETLW 112
	K	 11 0100 KKKK KKKK	112
000260	3470	RETLW 112
	K	 11 0100 KKKK KKKK	16
000261	3410	RETLW 16
	K	 11 0100 KKKK KKKK	16
000262	3410	RETLW 16
	K	 11 0100 KKKK KKKK	254
000263	34FE	RETLW 254
	K	 11 0100 KKKK KKKK	0
000264	3400	RETLW 0
	K	 11 0100 KKKK KKKK	64
000265	3440	RETLW 64
	K	 11 0100 KKKK KKKK	254
000266	34FE	RETLW 254
	K	 11 0100 KKKK KKKK	0
000267	3400	RETLW 0
	K	 11 0100 KKKK KKKK	248
000268	34F8	RETLW 248
	K	 11 0100 KKKK KKKK	248
000269	34F8	RETLW 248
	K	 11 0100 KKKK KKKK	112
00026A	3470	RETLW 112
	K	 11 0100 KKKK KKKK	248
00026B	34F8	RETLW 248
	K	 11 0100 KKKK KKKK	16
00026C	3410	RETLW 16
	K	 11 0100 KKKK KKKK	248
00026D	34F8	RETLW 248
	K	 11 0100 KKKK KKKK	144
00026E	3490	RETLW 144
	K	 11 0100 KKKK KKKK	16
00026F	3410	RETLW 16
	K	 11 0100 KKKK KKKK	120
000270	3478	RETLW 120
	K	 11 0100 KKKK KKKK	56
000271	3438	RETLW 56
	K	 11 0100 KKKK KKKK	120
000272	3478	RETLW 120
	K	 11 0100 KKKK KKKK	136
000273	3488	RETLW 136
	K	 11 0100 KKKK KKKK	24
000274	3418	RETLW 24
	K	 11 0100 KKKK KKKK	136
000275	3488	RETLW 136
	K	 11 0100 KKKK KKKK	0
000276	3400	RETLW 0
	K	 11 0100 KKKK KKKK	0
000277	3400	RETLW 0
	K	 11 0100 KKKK KKKK	0
000278	3400	RETLW 0
	K	 11 0100 KKKK KKKK	32
000279	3420	RETLW 32
	K	 11 0100 KKKK KKKK	120
00027A	3478	RETLW 120


		GLCDCHARCOL4
	K	 11 0000 KKKK KKKK	113
00027B	3071	MOVLW 113
	F	 00 0010 DFFF FFFF	119
	D	 00 0010 D111 0111	0
00027C	0277	SUBWF SYSSTRINGA, W
	F	 01 10BB BFFF FFFF	3
	B	 01 10BB B000 0011	0
00027D	1803	BTFSC STATUS, C
	K	 11 0100 KKKK KKKK	0
00027E	3400	RETLW 0
	F	 00 1000 DFFF FFFF	119
	D	 00 1000 D111 0111	0
00027F	0877	MOVF SYSSTRINGA, W
	K	 11 1110 KKKK KKKK	136
000280	3E88	ADDLW LOW TABLEGLCDCHARCOL4
	F	 00 0000 1FFF FFFF	119
000281	00F7	MOVWF SYSSTRINGA
	K	 11 0000 KKKK KKKK	2
000282	3002	MOVLW (HIGH TABLEGLCDCHARCOL4) & 127
	F	 01 10BB BFFF FFFF	3
	B	 01 10BB B000 0011	0
000283	1803	BTFSC STATUS, C
	K	 11 1110 KKKK KKKK	1
000284	3E01	ADDLW 1
	F	 00 0000 1FFF FFFF	10
000285	008A	MOVWF PCLATH
	F	 00 1000 DFFF FFFF	119
	D	 00 1000 D111 0111	0
000286	0877	MOVF SYSSTRINGA, W
	F	 00 0000 1FFF FFFF	2
000287	0082	MOVWF PCL
		TABLEGLCDCHARCOL4
	K	 11 0100 KKKK KKKK	112
000288	3470	RETLW 112
	K	 11 0100 KKKK KKKK	254
000289	34FE	RETLW 254
	K	 11 0100 KKKK KKKK	56
00028A	3438	RETLW 56
	K	 11 0100 KKKK KKKK	10
00028B	340A	RETLW 10
	K	 11 0100 KKKK KKKK	6
00028C	3406	RETLW 6
	K	 11 0100 KKKK KKKK	204
00028D	34CC	RETLW 204
	K	 11 0100 KKKK KKKK	102
00028E	3466	RETLW 102
	K	 11 0100 KKKK KKKK	124
00028F	347C	RETLW 124
	K	 11 0100 KKKK KKKK	112
000290	3470	RETLW 112
	K	 11 0100 KKKK KKKK	4
000291	3404	RETLW 4
	K	 11 0100 KKKK KKKK	64
000292	3440	RETLW 64
	K	 11 0100 KKKK KKKK	16
000293	3410	RETLW 16
	K	 11 0100 KKKK KKKK	56
000294	3438	RETLW 56
	K	 11 0100 KKKK KKKK	136
000295	3488	RETLW 136
	K	 11 0100 KKKK KKKK	162
000296	34A2	RETLW 162
	K	 11 0100 KKKK KKKK	112
000297	3470	RETLW 112
	K	 11 0100 KKKK KKKK	28
000298	341C	RETLW 28
	K	 11 0100 KKKK KKKK	0
000299	3400	RETLW 0
	K	 11 0100 KKKK KKKK	0
00029A	3400	RETLW 0
	K	 11 0100 KKKK KKKK	14
00029B	340E	RETLW 14
	K	 11 0100 KKKK KKKK	254
00029C	34FE	RETLW 254
	K	 11 0100 KKKK KKKK	84
00029D	3454	RETLW 84
	K	 11 0100 KKKK KKKK	38
00029E	3426	RETLW 38
	K	 11 0100 KKKK KKKK	146
00029F	3492	RETLW 146
	K	 11 0100 KKKK KKKK	10
0002A0	340A	RETLW 10
	K	 11 0100 KKKK KKKK	56
0002A1	3438	RETLW 56
	K	 11 0100 KKKK KKKK	130
0002A2	3482	RETLW 130
	K	 11 0100 KKKK KKKK	16
0002A3	3410	RETLW 16
	K	 11 0100 KKKK KKKK	16
0002A4	3410	RETLW 16
	K	 11 0100 KKKK KKKK	160
0002A5	34A0	RETLW 160
	K	 11 0100 KKKK KKKK	16
0002A6	3410	RETLW 16
	K	 11 0100 KKKK KKKK	192
0002A7	34C0	RETLW 192
	K	 11 0100 KKKK KKKK	32
0002A8	3420	RETLW 32
	K	 11 0100 KKKK KKKK	162
0002A9	34A2	RETLW 162
	K	 11 0100 KKKK KKKK	132
0002AA	3484	RETLW 132
	K	 11 0100 KKKK KKKK	194
0002AB	34C2	RETLW 194
	K	 11 0100 KKKK KKKK	130
0002AC	3482	RETLW 130
	K	 11 0100 KKKK KKKK	40
0002AD	3428	RETLW 40
	K	 11 0100 KKKK KKKK	138
0002AE	348A	RETLW 138
	K	 11 0100 KKKK KKKK	148
0002AF	3494	RETLW 148
	K	 11 0100 KKKK KKKK	2
0002B0	3402	RETLW 2
	K	 11 0100 KKKK KKKK	146
0002B1	3492	RETLW 146
	K	 11 0100 KKKK KKKK	146
0002B2	3492	RETLW 146
	K	 11 0100 KKKK KKKK	108
0002B3	346C	RETLW 108
	K	 11 0100 KKKK KKKK	172
0002B4	34AC	RETLW 172
	K	 11 0100 KKKK KKKK	40
0002B5	3428	RETLW 40
	K	 11 0100 KKKK KKKK	40
0002B6	3428	RETLW 40
	K	 11 0100 KKKK KKKK	130
0002B7	3482	RETLW 130
	K	 11 0100 KKKK KKKK	2
0002B8	3402	RETLW 2
	K	 11 0100 KKKK KKKK	146
0002B9	3492	RETLW 146
	K	 11 0100 KKKK KKKK	36
0002BA	3424	RETLW 36
	K	 11 0100 KKKK KKKK	146
0002BB	3492	RETLW 146
	K	 11 0100 KKKK KKKK	130
0002BC	3482	RETLW 130
	K	 11 0100 KKKK KKKK	130
0002BD	3482	RETLW 130
	K	 11 0100 KKKK KKKK	146
0002BE	3492	RETLW 146
	K	 11 0100 KKKK KKKK	18
0002BF	3412	RETLW 18
	K	 11 0100 KKKK KKKK	130
0002C0	3482	RETLW 130
	K	 11 0100 KKKK KKKK	16
0002C1	3410	RETLW 16
	K	 11 0100 KKKK KKKK	130
0002C2	3482	RETLW 130
	K	 11 0100 KKKK KKKK	128
0002C3	3480	RETLW 128
	K	 11 0100 KKKK KKKK	16
0002C4	3410	RETLW 16
	K	 11 0100 KKKK KKKK	128
0002C5	3480	RETLW 128
	K	 11 0100 KKKK KKKK	4
0002C6	3404	RETLW 4
	K	 11 0100 KKKK KKKK	8
0002C7	3408	RETLW 8
	K	 11 0100 KKKK KKKK	130
0002C8	3482	RETLW 130
	K	 11 0100 KKKK KKKK	18
0002C9	3412	RETLW 18
	K	 11 0100 KKKK KKKK	130
0002CA	3482	RETLW 130
	K	 11 0100 KKKK KKKK	18
0002CB	3412	RETLW 18
	K	 11 0100 KKKK KKKK	146
0002CC	3492	RETLW 146
	K	 11 0100 KKKK KKKK	2
0002CD	3402	RETLW 2
	K	 11 0100 KKKK KKKK	128
0002CE	3480	RETLW 128
	K	 11 0100 KKKK KKKK	64
0002CF	3440	RETLW 64
	K	 11 0100 KKKK KKKK	128
0002D0	3480	RETLW 128
	K	 11 0100 KKKK KKKK	40
0002D1	3428	RETLW 40
	K	 11 0100 KKKK KKKK	16
0002D2	3410	RETLW 16
	K	 11 0100 KKKK KKKK	162
0002D3	34A2	RETLW 162
	K	 11 0100 KKKK KKKK	254
0002D4	34FE	RETLW 254
	K	 11 0100 KKKK KKKK	8
0002D5	3408	RETLW 8
	K	 11 0100 KKKK KKKK	130
0002D6	3482	RETLW 130
	K	 11 0100 KKKK KKKK	4
0002D7	3404	RETLW 4
	K	 11 0100 KKKK KKKK	128
0002D8	3480	RETLW 128
	K	 11 0100 KKKK KKKK	2
0002D9	3402	RETLW 2
	K	 11 0100 KKKK KKKK	168
0002DA	34A8	RETLW 168
	K	 11 0100 KKKK KKKK	144
0002DB	3490	RETLW 144
	K	 11 0100 KKKK KKKK	136
0002DC	3488	RETLW 136
	K	 11 0100 KKKK KKKK	136
0002DD	3488	RETLW 136
	K	 11 0100 KKKK KKKK	168
0002DE	34A8	RETLW 168
	K	 11 0100 KKKK KKKK	252
0002DF	34FC	RETLW 252
	K	 11 0100 KKKK KKKK	168
0002E0	34A8	RETLW 168
	K	 11 0100 KKKK KKKK	16
0002E1	3410	RETLW 16
	K	 11 0100 KKKK KKKK	144
0002E2	3490	RETLW 144
	K	 11 0100 KKKK KKKK	128
0002E3	3480	RETLW 128
	K	 11 0100 KKKK KKKK	32
0002E4	3420	RETLW 32
	K	 11 0100 KKKK KKKK	130
0002E5	3482	RETLW 130
	K	 11 0100 KKKK KKKK	8
0002E6	3408	RETLW 8
	K	 11 0100 KKKK KKKK	16
0002E7	3410	RETLW 16
	K	 11 0100 KKKK KKKK	136
0002E8	3488	RETLW 136
	K	 11 0100 KKKK KKKK	40
0002E9	3428	RETLW 40
	K	 11 0100 KKKK KKKK	40
0002EA	3428	RETLW 40
	K	 11 0100 KKKK KKKK	16
0002EB	3410	RETLW 16
	K	 11 0100 KKKK KKKK	168
0002EC	34A8	RETLW 168
	K	 11 0100 KKKK KKKK	124
0002ED	347C	RETLW 124
	K	 11 0100 KKKK KKKK	128
0002EE	3480	RETLW 128
	K	 11 0100 KKKK KKKK	64
0002EF	3440	RETLW 64
	K	 11 0100 KKKK KKKK	128
0002F0	3480	RETLW 128
	K	 11 0100 KKKK KKKK	80
0002F1	3450	RETLW 80
	K	 11 0100 KKKK KKKK	160
0002F2	34A0	RETLW 160
	K	 11 0100 KKKK KKKK	200
0002F3	34C8	RETLW 200
	K	 11 0100 KKKK KKKK	16
0002F4	3410	RETLW 16
	K	 11 0100 KKKK KKKK	0
0002F5	3400	RETLW 0
	K	 11 0100 KKKK KKKK	130
0002F6	3482	RETLW 130
	K	 11 0100 KKKK KKKK	16
0002F7	3410	RETLW 16
	K	 11 0100 KKKK KKKK	68
0002F8	3444	RETLW 68


		GLCDCHARCOL5
	K	 11 0000 KKKK KKKK	113
0002F9	3071	MOVLW 113
	F	 00 0010 DFFF FFFF	119
	D	 00 0010 D111 0111	0
0002FA	0277	SUBWF SYSSTRINGA, W
	F	 01 10BB BFFF FFFF	3
	B	 01 10BB B000 0011	0
0002FB	1803	BTFSC STATUS, C
	K	 11 0100 KKKK KKKK	0
0002FC	3400	RETLW 0
	F	 00 1000 DFFF FFFF	119
	D	 00 1000 D111 0111	0
0002FD	0877	MOVF SYSSTRINGA, W
	K	 11 1110 KKKK KKKK	6
0002FE	3E06	ADDLW LOW TABLEGLCDCHARCOL5
	F	 00 0000 1FFF FFFF	119
0002FF	00F7	MOVWF SYSSTRINGA
	K	 11 0000 KKKK KKKK	3
000300	3003	MOVLW (HIGH TABLEGLCDCHARCOL5) & 127
	F	 01 10BB BFFF FFFF	3
	B	 01 10BB B000 0011	0
000301	1803	BTFSC STATUS, C
	K	 11 1110 KKKK KKKK	1
000302	3E01	ADDLW 1
	F	 00 0000 1FFF FFFF	10
000303	008A	MOVWF PCLATH
	F	 00 1000 DFFF FFFF	119
	D	 00 1000 D111 0111	0
000304	0877	MOVF SYSSTRINGA, W
	F	 00 0000 1FFF FFFF	2
000305	0082	MOVWF PCL
		TABLEGLCDCHARCOL5
	K	 11 0100 KKKK KKKK	112
000306	3470	RETLW 112
	K	 11 0100 KKKK KKKK	124
000307	347C	RETLW 124
	K	 11 0100 KKKK KKKK	124
000308	347C	RETLW 124
	K	 11 0100 KKKK KKKK	0
000309	3400	RETLW 0
	K	 11 0100 KKKK KKKK	0
00030A	3400	RETLW 0
	K	 11 0100 KKKK KKKK	238
00030B	34EE	RETLW 238
	K	 11 0100 KKKK KKKK	238
00030C	34EE	RETLW 238
	K	 11 0100 KKKK KKKK	124
00030D	347C	RETLW 124
	K	 11 0100 KKKK KKKK	168
00030E	34A8	RETLW 168
	K	 11 0100 KKKK KKKK	254
00030F	34FE	RETLW 254
	K	 11 0100 KKKK KKKK	254
000310	34FE	RETLW 254
	K	 11 0100 KKKK KKKK	84
000311	3454	RETLW 84
	K	 11 0100 KKKK KKKK	84
000312	3454	RETLW 84
	K	 11 0100 KKKK KKKK	148
000313	3494	RETLW 148
	K	 11 0100 KKKK KKKK	148
000314	3494	RETLW 148
	K	 11 0100 KKKK KKKK	124
000315	347C	RETLW 124
	K	 11 0100 KKKK KKKK	124
000316	347C	RETLW 124
	K	 11 0100 KKKK KKKK	0
000317	3400	RETLW 0
	K	 11 0100 KKKK KKKK	158
000318	349E	RETLW 158
	K	 11 0100 KKKK KKKK	0
000319	3400	RETLW 0
	K	 11 0100 KKKK KKKK	40
00031A	3428	RETLW 40
	K	 11 0100 KKKK KKKK	254
00031B	34FE	RETLW 254
	K	 11 0100 KKKK KKKK	16
00031C	3410	RETLW 16
	K	 11 0100 KKKK KKKK	170
00031D	34AA	RETLW 170
	K	 11 0100 KKKK KKKK	6
00031E	3406	RETLW 6
	K	 11 0100 KKKK KKKK	68
00031F	3444	RETLW 68
	K	 11 0100 KKKK KKKK	68
000320	3444	RETLW 68
	K	 11 0100 KKKK KKKK	124
000321	347C	RETLW 124
	K	 11 0100 KKKK KKKK	124
000322	347C	RETLW 124
	K	 11 0100 KKKK KKKK	96
000323	3460	RETLW 96
	K	 11 0100 KKKK KKKK	16
000324	3410	RETLW 16
	K	 11 0100 KKKK KKKK	192
000325	34C0	RETLW 192
	K	 11 0100 KKKK KKKK	16
000326	3410	RETLW 16
	K	 11 0100 KKKK KKKK	146
000327	3492	RETLW 146
	K	 11 0100 KKKK KKKK	254
000328	34FE	RETLW 254
	K	 11 0100 KKKK KKKK	162
000329	34A2	RETLW 162
	K	 11 0100 KKKK KKKK	138
00032A	348A	RETLW 138
	K	 11 0100 KKKK KKKK	36
00032B	3424	RETLW 36
	K	 11 0100 KKKK KKKK	138
00032C	348A	RETLW 138
	K	 11 0100 KKKK KKKK	146
00032D	3492	RETLW 146
	K	 11 0100 KKKK KKKK	226
00032E	34E2	RETLW 226
	K	 11 0100 KKKK KKKK	146
00032F	3492	RETLW 146
	K	 11 0100 KKKK KKKK	146
000330	3492	RETLW 146
	K	 11 0100 KKKK KKKK	108
000331	346C	RETLW 108
	K	 11 0100 KKKK KKKK	108
000332	346C	RETLW 108
	K	 11 0100 KKKK KKKK	68
000333	3444	RETLW 68
	K	 11 0100 KKKK KKKK	40
000334	3428	RETLW 40
	K	 11 0100 KKKK KKKK	68
000335	3444	RETLW 68
	K	 11 0100 KKKK KKKK	162
000336	34A2	RETLW 162
	K	 11 0100 KKKK KKKK	242
000337	34F2	RETLW 242
	K	 11 0100 KKKK KKKK	34
000338	3422	RETLW 34
	K	 11 0100 KKKK KKKK	146
000339	3492	RETLW 146
	K	 11 0100 KKKK KKKK	130
00033A	3482	RETLW 130
	K	 11 0100 KKKK KKKK	130
00033B	3482	RETLW 130
	K	 11 0100 KKKK KKKK	146
00033C	3492	RETLW 146
	K	 11 0100 KKKK KKKK	18
00033D	3412	RETLW 18
	K	 11 0100 KKKK KKKK	146
00033E	3492	RETLW 146
	K	 11 0100 KKKK KKKK	16
00033F	3410	RETLW 16
	K	 11 0100 KKKK KKKK	254
000340	34FE	RETLW 254
	K	 11 0100 KKKK KKKK	130
000341	3482	RETLW 130
	K	 11 0100 KKKK KKKK	40
000342	3428	RETLW 40
	K	 11 0100 KKKK KKKK	128
000343	3480	RETLW 128
	K	 11 0100 KKKK KKKK	24
000344	3418	RETLW 24
	K	 11 0100 KKKK KKKK	16
000345	3410	RETLW 16
	K	 11 0100 KKKK KKKK	130
000346	3482	RETLW 130
	K	 11 0100 KKKK KKKK	18
000347	3412	RETLW 18
	K	 11 0100 KKKK KKKK	162
000348	34A2	RETLW 162
	K	 11 0100 KKKK KKKK	50
000349	3432	RETLW 50
	K	 11 0100 KKKK KKKK	146
00034A	3492	RETLW 146
	K	 11 0100 KKKK KKKK	254
00034B	34FE	RETLW 254
	K	 11 0100 KKKK KKKK	128
00034C	3480	RETLW 128
	K	 11 0100 KKKK KKKK	128
00034D	3480	RETLW 128
	K	 11 0100 KKKK KKKK	112
00034E	3470	RETLW 112
	K	 11 0100 KKKK KKKK	16
00034F	3410	RETLW 16
	K	 11 0100 KKKK KKKK	224
000350	34E0	RETLW 224
	K	 11 0100 KKKK KKKK	146
000351	3492	RETLW 146
	K	 11 0100 KKKK KKKK	130
000352	3482	RETLW 130
	K	 11 0100 KKKK KKKK	16
000353	3410	RETLW 16
	K	 11 0100 KKKK KKKK	130
000354	3482	RETLW 130
	K	 11 0100 KKKK KKKK	2
000355	3402	RETLW 2
	K	 11 0100 KKKK KKKK	128
000356	3480	RETLW 128
	K	 11 0100 KKKK KKKK	4
000357	3404	RETLW 4
	K	 11 0100 KKKK KKKK	168
000358	34A8	RETLW 168
	K	 11 0100 KKKK KKKK	136
000359	3488	RETLW 136
	K	 11 0100 KKKK KKKK	136
00035A	3488	RETLW 136
	K	 11 0100 KKKK KKKK	136
00035B	3488	RETLW 136
	K	 11 0100 KKKK KKKK	168
00035C	34A8	RETLW 168
	K	 11 0100 KKKK KKKK	18
00035D	3412	RETLW 18
	K	 11 0100 KKKK KKKK	168
00035E	34A8	RETLW 168
	K	 11 0100 KKKK KKKK	8
00035F	3408	RETLW 8
	K	 11 0100 KKKK KKKK	250
000360	34FA	RETLW 250
	K	 11 0100 KKKK KKKK	136
000361	3488	RETLW 136
	K	 11 0100 KKKK KKKK	80
000362	3450	RETLW 80
	K	 11 0100 KKKK KKKK	254
000363	34FE	RETLW 254
	K	 11 0100 KKKK KKKK	240
000364	34F0	RETLW 240
	K	 11 0100 KKKK KKKK	8
000365	3408	RETLW 8
	K	 11 0100 KKKK KKKK	136
000366	3488	RETLW 136
	K	 11 0100 KKKK KKKK	40
000367	3428	RETLW 40
	K	 11 0100 KKKK KKKK	40
000368	3428	RETLW 40
	K	 11 0100 KKKK KKKK	8
000369	3408	RETLW 8
	K	 11 0100 KKKK KKKK	168
00036A	34A8	RETLW 168
	K	 11 0100 KKKK KKKK	144
00036B	3490	RETLW 144
	K	 11 0100 KKKK KKKK	128
00036C	3480	RETLW 128
	K	 11 0100 KKKK KKKK	128
00036D	3480	RETLW 128
	K	 11 0100 KKKK KKKK	96
00036E	3460	RETLW 96
	K	 11 0100 KKKK KKKK	32
00036F	3420	RETLW 32
	K	 11 0100 KKKK KKKK	160
000370	34A0	RETLW 160
	K	 11 0100 KKKK KKKK	168
000371	34A8	RETLW 168
	K	 11 0100 KKKK KKKK	108
000372	346C	RETLW 108
	K	 11 0100 KKKK KKKK	254
000373	34FE	RETLW 254
	K	 11 0100 KKKK KKKK	108
000374	346C	RETLW 108
	K	 11 0100 KKKK KKKK	16
000375	3410	RETLW 16
	K	 11 0100 KKKK KKKK	66
000376	3442	RETLW 66


		GLCDCHARCOL6
	K	 11 0000 KKKK KKKK	113
000377	3071	MOVLW 113
	F	 00 0010 DFFF FFFF	119
	D	 00 0010 D111 0111	0
000378	0277	SUBWF SYSSTRINGA, W
	F	 01 10BB BFFF FFFF	3
	B	 01 10BB B000 0011	0
000379	1803	BTFSC STATUS, C
	K	 11 0100 KKKK KKKK	0
00037A	3400	RETLW 0
	F	 00 1000 DFFF FFFF	119
	D	 00 1000 D111 0111	0
00037B	0877	MOVF SYSSTRINGA, W
	K	 11 1110 KKKK KKKK	132
00037C	3E84	ADDLW LOW TABLEGLCDCHARCOL6
	F	 00 0000 1FFF FFFF	119
00037D	00F7	MOVWF SYSSTRINGA
	K	 11 0000 KKKK KKKK	3
00037E	3003	MOVLW (HIGH TABLEGLCDCHARCOL6) & 127
	F	 01 10BB BFFF FFFF	3
	B	 01 10BB B000 0011	0
00037F	1803	BTFSC STATUS, C
	K	 11 1110 KKKK KKKK	1
000380	3E01	ADDLW 1
	F	 00 0000 1FFF FFFF	10
000381	008A	MOVWF PCLATH
	F	 00 1000 DFFF FFFF	119
	D	 00 1000 D111 0111	0
000382	0877	MOVF SYSSTRINGA, W
	F	 00 0000 1FFF FFFF	2
000383	0082	MOVWF PCL
		TABLEGLCDCHARCOL6
	K	 11 0100 KKKK KKKK	112
000384	3470	RETLW 112
	K	 11 0100 KKKK KKKK	56
000385	3438	RETLW 56
	K	 11 0100 KKKK KKKK	254
000386	34FE	RETLW 254
	K	 11 0100 KKKK KKKK	12
000387	340C	RETLW 12
	K	 11 0100 KKKK KKKK	10
000388	340A	RETLW 10
	K	 11 0100 KKKK KKKK	204
000389	34CC	RETLW 204
	K	 11 0100 KKKK KKKK	102
00038A	3466	RETLW 102
	K	 11 0100 KKKK KKKK	124
00038B	347C	RETLW 124
	K	 11 0100 KKKK KKKK	32
00038C	3420	RETLW 32
	K	 11 0100 KKKK KKKK	4
00038D	3404	RETLW 4
	K	 11 0100 KKKK KKKK	64
00038E	3440	RETLW 64
	K	 11 0100 KKKK KKKK	56
00038F	3438	RETLW 56
	K	 11 0100 KKKK KKKK	16
000390	3410	RETLW 16
	K	 11 0100 KKKK KKKK	162
000391	34A2	RETLW 162
	K	 11 0100 KKKK KKKK	136
000392	3488	RETLW 136
	K	 11 0100 KKKK KKKK	112
000393	3470	RETLW 112
	K	 11 0100 KKKK KKKK	28
000394	341C	RETLW 28
	K	 11 0100 KKKK KKKK	0
000395	3400	RETLW 0
	K	 11 0100 KKKK KKKK	0
000396	3400	RETLW 0
	K	 11 0100 KKKK KKKK	14
000397	340E	RETLW 14
	K	 11 0100 KKKK KKKK	254
000398	34FE	RETLW 254
	K	 11 0100 KKKK KKKK	84
000399	3454	RETLW 84
	K	 11 0100 KKKK KKKK	200
00039A	34C8	RETLW 200
	K	 11 0100 KKKK KKKK	68
00039B	3444	RETLW 68
	K	 11 0100 KKKK KKKK	0
00039C	3400	RETLW 0
	K	 11 0100 KKKK KKKK	130
00039D	3482	RETLW 130
	K	 11 0100 KKKK KKKK	56
00039E	3438	RETLW 56
	K	 11 0100 KKKK KKKK	16
00039F	3410	RETLW 16
	K	 11 0100 KKKK KKKK	16
0003A0	3410	RETLW 16
	K	 11 0100 KKKK KKKK	0
0003A1	3400	RETLW 0
	K	 11 0100 KKKK KKKK	16
0003A2	3410	RETLW 16
	K	 11 0100 KKKK KKKK	0
0003A3	3400	RETLW 0
	K	 11 0100 KKKK KKKK	8
0003A4	3408	RETLW 8
	K	 11 0100 KKKK KKKK	138
0003A5	348A	RETLW 138
	K	 11 0100 KKKK KKKK	128
0003A6	3480	RETLW 128
	K	 11 0100 KKKK KKKK	146
0003A7	3492	RETLW 146
	K	 11 0100 KKKK KKKK	150
0003A8	3496	RETLW 150
	K	 11 0100 KKKK KKKK	254
0003A9	34FE	RETLW 254
	K	 11 0100 KKKK KKKK	138
0003AA	348A	RETLW 138
	K	 11 0100 KKKK KKKK	146
0003AB	3492	RETLW 146
	K	 11 0100 KKKK KKKK	18
0003AC	3412	RETLW 18
	K	 11 0100 KKKK KKKK	146
0003AD	3492	RETLW 146
	K	 11 0100 KKKK KKKK	82
0003AE	3452	RETLW 82
	K	 11 0100 KKKK KKKK	0
0003AF	3400	RETLW 0
	K	 11 0100 KKKK KKKK	0
0003B0	3400	RETLW 0
	K	 11 0100 KKKK KKKK	130
0003B1	3482	RETLW 130
	K	 11 0100 KKKK KKKK	40
0003B2	3428	RETLW 40
	K	 11 0100 KKKK KKKK	40
0003B3	3428	RETLW 40
	K	 11 0100 KKKK KKKK	18
0003B4	3412	RETLW 18
	K	 11 0100 KKKK KKKK	130
0003B5	3482	RETLW 130
	K	 11 0100 KKKK KKKK	36
0003B6	3424	RETLW 36
	K	 11 0100 KKKK KKKK	146
0003B7	3492	RETLW 146
	K	 11 0100 KKKK KKKK	130
0003B8	3482	RETLW 130
	K	 11 0100 KKKK KKKK	68
0003B9	3444	RETLW 68
	K	 11 0100 KKKK KKKK	146
0003BA	3492	RETLW 146
	K	 11 0100 KKKK KKKK	18
0003BB	3412	RETLW 18
	K	 11 0100 KKKK KKKK	146
0003BC	3492	RETLW 146
	K	 11 0100 KKKK KKKK	16
0003BD	3410	RETLW 16
	K	 11 0100 KKKK KKKK	130
0003BE	3482	RETLW 130
	K	 11 0100 KKKK KKKK	126
0003BF	347E	RETLW 126
	K	 11 0100 KKKK KKKK	68
0003C0	3444	RETLW 68
	K	 11 0100 KKKK KKKK	128
0003C1	3480	RETLW 128
	K	 11 0100 KKKK KKKK	4
0003C2	3404	RETLW 4
	K	 11 0100 KKKK KKKK	32
0003C3	3420	RETLW 32
	K	 11 0100 KKKK KKKK	130
0003C4	3482	RETLW 130
	K	 11 0100 KKKK KKKK	18
0003C5	3412	RETLW 18
	K	 11 0100 KKKK KKKK	66
0003C6	3442	RETLW 66
	K	 11 0100 KKKK KKKK	82
0003C7	3452	RETLW 82
	K	 11 0100 KKKK KKKK	146
0003C8	3492	RETLW 146
	K	 11 0100 KKKK KKKK	2
0003C9	3402	RETLW 2
	K	 11 0100 KKKK KKKK	128
0003CA	3480	RETLW 128
	K	 11 0100 KKKK KKKK	64
0003CB	3440	RETLW 64
	K	 11 0100 KKKK KKKK	128
0003CC	3480	RETLW 128
	K	 11 0100 KKKK KKKK	40
0003CD	3428	RETLW 40
	K	 11 0100 KKKK KKKK	16
0003CE	3410	RETLW 16
	K	 11 0100 KKKK KKKK	138
0003CF	348A	RETLW 138
	K	 11 0100 KKKK KKKK	130
0003D0	3482	RETLW 130
	K	 11 0100 KKKK KKKK	32
0003D1	3420	RETLW 32
	K	 11 0100 KKKK KKKK	254
0003D2	34FE	RETLW 254
	K	 11 0100 KKKK KKKK	4
0003D3	3404	RETLW 4
	K	 11 0100 KKKK KKKK	128
0003D4	3480	RETLW 128
	K	 11 0100 KKKK KKKK	8
0003D5	3408	RETLW 8
	K	 11 0100 KKKK KKKK	168
0003D6	34A8	RETLW 168
	K	 11 0100 KKKK KKKK	136
0003D7	3488	RETLW 136
	K	 11 0100 KKKK KKKK	136
0003D8	3488	RETLW 136
	K	 11 0100 KKKK KKKK	144
0003D9	3490	RETLW 144
	K	 11 0100 KKKK KKKK	168
0003DA	34A8	RETLW 168
	K	 11 0100 KKKK KKKK	2
0003DB	3402	RETLW 2
	K	 11 0100 KKKK KKKK	168
0003DC	34A8	RETLW 168
	K	 11 0100 KKKK KKKK	8
0003DD	3408	RETLW 8
	K	 11 0100 KKKK KKKK	128
0003DE	3480	RETLW 128
	K	 11 0100 KKKK KKKK	122
0003DF	347A	RETLW 122
	K	 11 0100 KKKK KKKK	136
0003E0	3488	RETLW 136
	K	 11 0100 KKKK KKKK	128
0003E1	3480	RETLW 128
	K	 11 0100 KKKK KKKK	8
0003E2	3408	RETLW 8
	K	 11 0100 KKKK KKKK	8
0003E3	3408	RETLW 8
	K	 11 0100 KKKK KKKK	136
0003E4	3488	RETLW 136
	K	 11 0100 KKKK KKKK	40
0003E5	3428	RETLW 40
	K	 11 0100 KKKK KKKK	48
0003E6	3430	RETLW 48
	K	 11 0100 KKKK KKKK	8
0003E7	3408	RETLW 8
	K	 11 0100 KKKK KKKK	168
0003E8	34A8	RETLW 168
	K	 11 0100 KKKK KKKK	128
0003E9	3480	RETLW 128
	K	 11 0100 KKKK KKKK	64
0003EA	3440	RETLW 64
	K	 11 0100 KKKK KKKK	64
0003EB	3440	RETLW 64
	K	 11 0100 KKKK KKKK	128
0003EC	3480	RETLW 128
	K	 11 0100 KKKK KKKK	80
0003ED	3450	RETLW 80
	K	 11 0100 KKKK KKKK	160
0003EE	34A0	RETLW 160
	K	 11 0100 KKKK KKKK	152
0003EF	3498	RETLW 152
	K	 11 0100 KKKK KKKK	130
0003F0	3482	RETLW 130
	K	 11 0100 KKKK KKKK	0
0003F1	3400	RETLW 0
	K	 11 0100 KKKK KKKK	16
0003F2	3410	RETLW 16
	K	 11 0100 KKKK KKKK	32
0003F3	3420	RETLW 32
	K	 11 0100 KKKK KKKK	68
0003F4	3444	RETLW 68


		GLCDCHARCOL7
	K	 11 0000 KKKK KKKK	113
0003F5	3071	MOVLW 113
	F	 00 0010 DFFF FFFF	119
	D	 00 0010 D111 0111	0
0003F6	0277	SUBWF SYSSTRINGA, W
	F	 01 10BB BFFF FFFF	3
	B	 01 10BB B000 0011	0
0003F7	1803	BTFSC STATUS, C
	K	 11 0100 KKKK KKKK	0
0003F8	3400	RETLW 0
	F	 00 1000 DFFF FFFF	119
	D	 00 1000 D111 0111	0
0003F9	0877	MOVF SYSSTRINGA, W
	K	 11 1110 KKKK KKKK	2
0003FA	3E02	ADDLW LOW TABLEGLCDCHARCOL7
	F	 00 0000 1FFF FFFF	119
0003FB	00F7	MOVWF SYSSTRINGA
	K	 11 0000 KKKK KKKK	4
0003FC	3004	MOVLW (HIGH TABLEGLCDCHARCOL7) & 127
	F	 01 10BB BFFF FFFF	3
	B	 01 10BB B000 0011	0
0003FD	1803	BTFSC STATUS, C
	K	 11 1110 KKKK KKKK	1
0003FE	3E01	ADDLW 1
	F	 00 0000 1FFF FFFF	10
0003FF	008A	MOVWF PCLATH
	F	 00 1000 DFFF FFFF	119
	D	 00 1000 D111 0111	0
000400	0877	MOVF SYSSTRINGA, W
	F	 00 0000 1FFF FFFF	2
000401	0082	MOVWF PCL
		TABLEGLCDCHARCOL7
	K	 11 0100 KKKK KKKK	112
000402	3470	RETLW 112
	K	 11 0100 KKKK KKKK	16
000403	3410	RETLW 16
	K	 11 0100 KKKK KKKK	0
000404	3400	RETLW 0
	K	 11 0100 KKKK KKKK	10
000405	340A	RETLW 10
	K	 11 0100 KKKK KKKK	6
000406	3406	RETLW 6
	K	 11 0100 KKKK KKKK	136
000407	3488	RETLW 136
	K	 11 0100 KKKK KKKK	34
000408	3422	RETLW 34
	K	 11 0100 KKKK KKKK	56
000409	3438	RETLW 56
	K	 11 0100 KKKK KKKK	62
00040A	343E	RETLW 62
	K	 11 0100 KKKK KKKK	8
00040B	3408	RETLW 8
	K	 11 0100 KKKK KKKK	32
00040C	3420	RETLW 32
	K	 11 0100 KKKK KKKK	16
00040D	3410	RETLW 16
	K	 11 0100 KKKK KKKK	16
00040E	3410	RETLW 16
	K	 11 0100 KKKK KKKK	128
00040F	3480	RETLW 128
	K	 11 0100 KKKK KKKK	128
000410	3480	RETLW 128
	K	 11 0100 KKKK KKKK	64
000411	3440	RETLW 64
	K	 11 0100 KKKK KKKK	4
000412	3404	RETLW 4
	K	 11 0100 KKKK KKKK	0
000413	3400	RETLW 0
	K	 11 0100 KKKK KKKK	0
000414	3400	RETLW 0
	K	 11 0100 KKKK KKKK	0
000415	3400	RETLW 0
	K	 11 0100 KKKK KKKK	40
000416	3428	RETLW 40
	K	 11 0100 KKKK KKKK	36
000417	3424	RETLW 36
	K	 11 0100 KKKK KKKK	196
000418	34C4	RETLW 196
	K	 11 0100 KKKK KKKK	160
000419	34A0	RETLW 160
	K	 11 0100 KKKK KKKK	0
00041A	3400	RETLW 0
	K	 11 0100 KKKK KKKK	0
00041B	3400	RETLW 0
	K	 11 0100 KKKK KKKK	0
00041C	3400	RETLW 0
	K	 11 0100 KKKK KKKK	40
00041D	3428	RETLW 40
	K	 11 0100 KKKK KKKK	16
00041E	3410	RETLW 16
	K	 11 0100 KKKK KKKK	0
00041F	3400	RETLW 0
	K	 11 0100 KKKK KKKK	16
000420	3410	RETLW 16
	K	 11 0100 KKKK KKKK	0
000421	3400	RETLW 0
	K	 11 0100 KKKK KKKK	4
000422	3404	RETLW 4
	K	 11 0100 KKKK KKKK	124
000423	347C	RETLW 124
	K	 11 0100 KKKK KKKK	0
000424	3400	RETLW 0
	K	 11 0100 KKKK KKKK	140
000425	348C	RETLW 140
	K	 11 0100 KKKK KKKK	98
000426	3462	RETLW 98
	K	 11 0100 KKKK KKKK	32
000427	3420	RETLW 32
	K	 11 0100 KKKK KKKK	114
000428	3472	RETLW 114
	K	 11 0100 KKKK KKKK	96
000429	3460	RETLW 96
	K	 11 0100 KKKK KKKK	14
00042A	340E	RETLW 14
	K	 11 0100 KKKK KKKK	108
00042B	346C	RETLW 108
	K	 11 0100 KKKK KKKK	60
00042C	343C	RETLW 60
	K	 11 0100 KKKK KKKK	0
00042D	3400	RETLW 0
	K	 11 0100 KKKK KKKK	0
00042E	3400	RETLW 0
	K	 11 0100 KKKK KKKK	0
00042F	3400	RETLW 0
	K	 11 0100 KKKK KKKK	40
000430	3428	RETLW 40
	K	 11 0100 KKKK KKKK	16
000431	3410	RETLW 16
	K	 11 0100 KKKK KKKK	12
000432	340C	RETLW 12
	K	 11 0100 KKKK KKKK	124
000433	347C	RETLW 124
	K	 11 0100 KKKK KKKK	248
000434	34F8	RETLW 248
	K	 11 0100 KKKK KKKK	108
000435	346C	RETLW 108
	K	 11 0100 KKKK KKKK	68
000436	3444	RETLW 68
	K	 11 0100 KKKK KKKK	56
000437	3438	RETLW 56
	K	 11 0100 KKKK KKKK	130
000438	3482	RETLW 130
	K	 11 0100 KKKK KKKK	2
000439	3402	RETLW 2
	K	 11 0100 KKKK KKKK	244
00043A	34F4	RETLW 244
	K	 11 0100 KKKK KKKK	254
00043B	34FE	RETLW 254
	K	 11 0100 KKKK KKKK	0
00043C	3400	RETLW 0
	K	 11 0100 KKKK KKKK	2
00043D	3402	RETLW 2
	K	 11 0100 KKKK KKKK	130
00043E	3482	RETLW 130
	K	 11 0100 KKKK KKKK	128
00043F	3480	RETLW 128
	K	 11 0100 KKKK KKKK	254
000440	34FE	RETLW 254
	K	 11 0100 KKKK KKKK	254
000441	34FE	RETLW 254
	K	 11 0100 KKKK KKKK	124
000442	347C	RETLW 124
	K	 11 0100 KKKK KKKK	12
000443	340C	RETLW 12
	K	 11 0100 KKKK KKKK	188
000444	34BC	RETLW 188
	K	 11 0100 KKKK KKKK	140
000445	348C	RETLW 140
	K	 11 0100 KKKK KKKK	100
000446	3464	RETLW 100
	K	 11 0100 KKKK KKKK	2
000447	3402	RETLW 2
	K	 11 0100 KKKK KKKK	126
000448	347E	RETLW 126
	K	 11 0100 KKKK KKKK	62
000449	343E	RETLW 62
	K	 11 0100 KKKK KKKK	126
00044A	347E	RETLW 126
	K	 11 0100 KKKK KKKK	198
00044B	34C6	RETLW 198
	K	 11 0100 KKKK KKKK	14
00044C	340E	RETLW 14
	K	 11 0100 KKKK KKKK	134
00044D	3486	RETLW 134
	K	 11 0100 KKKK KKKK	0
00044E	3400	RETLW 0
	K	 11 0100 KKKK KKKK	64
00044F	3440	RETLW 64
	K	 11 0100 KKKK KKKK	0
000450	3400	RETLW 0
	K	 11 0100 KKKK KKKK	8
000451	3408	RETLW 8
	K	 11 0100 KKKK KKKK	128
000452	3480	RETLW 128
	K	 11 0100 KKKK KKKK	0
000453	3400	RETLW 0
	K	 11 0100 KKKK KKKK	240
000454	34F0	RETLW 240
	K	 11 0100 KKKK KKKK	112
000455	3470	RETLW 112
	K	 11 0100 KKKK KKKK	64
000456	3440	RETLW 64
	K	 11 0100 KKKK KKKK	254
000457	34FE	RETLW 254
	K	 11 0100 KKKK KKKK	48
000458	3430	RETLW 48
	K	 11 0100 KKKK KKKK	4
000459	3404	RETLW 4
	K	 11 0100 KKKK KKKK	120
00045A	3478	RETLW 120
	K	 11 0100 KKKK KKKK	240
00045B	34F0	RETLW 240
	K	 11 0100 KKKK KKKK	0
00045C	3400	RETLW 0
	K	 11 0100 KKKK KKKK	0
00045D	3400	RETLW 0
	K	 11 0100 KKKK KKKK	0
00045E	3400	RETLW 0
	K	 11 0100 KKKK KKKK	0
00045F	3400	RETLW 0
	K	 11 0100 KKKK KKKK	240
000460	34F0	RETLW 240
	K	 11 0100 KKKK KKKK	240
000461	34F0	RETLW 240
	K	 11 0100 KKKK KKKK	112
000462	3470	RETLW 112
	K	 11 0100 KKKK KKKK	16
000463	3410	RETLW 16
	K	 11 0100 KKKK KKKK	248
000464	34F8	RETLW 248
	K	 11 0100 KKKK KKKK	16
000465	3410	RETLW 16
	K	 11 0100 KKKK KKKK	64
000466	3440	RETLW 64
	K	 11 0100 KKKK KKKK	64
000467	3440	RETLW 64
	K	 11 0100 KKKK KKKK	248
000468	34F8	RETLW 248
	K	 11 0100 KKKK KKKK	56
000469	3438	RETLW 56
	K	 11 0100 KKKK KKKK	120
00046A	3478	RETLW 120
	K	 11 0100 KKKK KKKK	136
00046B	3488	RETLW 136
	K	 11 0100 KKKK KKKK	120
00046C	3478	RETLW 120
	K	 11 0100 KKKK KKKK	136
00046D	3488	RETLW 136
	K	 11 0100 KKKK KKKK	0
00046E	3400	RETLW 0
	K	 11 0100 KKKK KKKK	0
00046F	3400	RETLW 0
	K	 11 0100 KKKK KKKK	0
000470	3400	RETLW 0
	K	 11 0100 KKKK KKKK	16
000471	3410	RETLW 16
	K	 11 0100 KKKK KKKK	120
000472	3478	RETLW 120


		GLCDCLS_SSD1306
	F	 00 0001 1FFF FFFF	71
000473	01C7	CLRF GLCD_YORDINATE
	F	 00 0001 1FFF FFFF	72
000474	01C8	CLRF GLCD_YORDINATE_H
	K	 11 0000 KKKK KKKK	255
000475	30FF	MOVLW 255
	F	 00 0000 1FFF FFFF	102
000476	00E6	MOVWF SSD1306_BUFFERLOCATIONCALC
	F	 00 0000 1FFF FFFF	103
000477	00E7	MOVWF SSD1306_BUFFERLOCATIONCALC_H
		SYSFORLOOP10
	F	 00 1010 DFFF FFFF	102
	D	 00 1010 D110 0110	1
000478	0AE6	INCF SSD1306_BUFFERLOCATIONCALC,F
	F	 01 10BB BFFF FFFF	3
	B	 01 10BB B000 0011	2
000479	1903	BTFSC STATUS,Z
	F	 00 1010 DFFF FFFF	103
	D	 00 1010 D110 0111	1
00047A	0AE7	INCF SSD1306_BUFFERLOCATIONCALC_H,F
	K	 11 0000 KKKK KKKK	175
00047B	30AF	MOVLW LOW(SSD1306_BUFFERALIAS)
	F	 00 0111 DFFF FFFF	102
	D	 00 0111 D110 0110	0
00047C	0766	ADDWF SSD1306_BUFFERLOCATIONCALC,W
	F	 00 0000 1FFF FFFF	4
00047D	0084	MOVWF AFSR0
	K	 11 0000 KKKK KKKK	33
00047E	3021	MOVLW HIGH(SSD1306_BUFFERALIAS)
	F	 11 1101 DFFF FFFF	103
	D	 11 1101 D110 0111	0
00047F	3D67	ADDWFC SSD1306_BUFFERLOCATIONCALC_H,W
	F	 00 0000 1FFF FFFF	5
000480	0085	MOVWF AFSR0_H
	F	 00 0001 1FFF FFFF	0
000481	0180	CLRF INDF0
	F	 00 1000 DFFF FFFF	102
	D	 00 1000 D110 0110	0
000482	0866	MOVF SSD1306_BUFFERLOCATIONCALC,W
	F	 00 0000 1FFF FFFF	117
000483	00F5	MOVWF SYSWORDTEMPA
	F	 00 1000 DFFF FFFF	103
	D	 00 1000 D110 0111	0
000484	0867	MOVF SSD1306_BUFFERLOCATIONCALC_H,W
	F	 00 0000 1FFF FFFF	118
000485	00F6	MOVWF SYSWORDTEMPA_H
	K	 11 0000 KKKK KKKK	127
000486	307F	MOVLW 127
	F	 00 0000 1FFF FFFF	121
000487	00F9	MOVWF SYSWORDTEMPB
	F	 00 0001 1FFF FFFF	122
000488	01FA	CLRF SYSWORDTEMPB_H
	K	 11 0001 1KKK KKKK	9
000000	3189	PAGESEL SYSCOMPLESSTHAN16
	K	 10 0KKK KKKK KKKK	2439
00048A	2187	CALL SYSCOMPLESSTHAN16
	K	 11 0001 1KKK KKKK	4
000000	3184	PAGESEL $
	F	 01 10BB BFFF FFFF	112
	B	 01 10BB B111 0000	0
00048C	1870	BTFSC SYSBYTETEMPX,0
	K	 10 1KKK KKKK KKKK	1144
00048D	2C78	GOTO SYSFORLOOP10
		SYSFORLOOPEND10
	F	 00 0001 1FFF FFFF	102
00048E	01E6	CLRF SSD1306_BUFFERLOCATIONCALC
	F	 00 0001 1FFF FFFF	103
00048F	01E7	CLRF SSD1306_BUFFERLOCATIONCALC_H
		SYSFORLOOP11
	K	 11 0000 KKKK KKKK	8
000490	3008	MOVLW 8
	F	 00 0000 1FFF FFFF	108
000491	00EC	MOVWF SYSFORLOOPSTEP10
	F	 00 0001 1FFF FFFF	109
000492	01ED	CLRF SYSFORLOOPSTEP10_H
	F	 00 0001 1FFF FFFF	89
000493	01D9	CLRF LOCX
	F	 00 1000 DFFF FFFF	102
	D	 00 1000 D110 0110	0
000494	0866	MOVF SSD1306_BUFFERLOCATIONCALC,W
	F	 00 0000 1FFF FFFF	90
000495	00DA	MOVWF LOCY
	K	 11 0001 1KKK KKKK	8
000000	3188	PAGESEL CURSOR_POSITION_SSD1306
	K	 10 0KKK KKKK KKKK	2048
000497	2000	CALL CURSOR_POSITION_SSD1306
	K	 11 0001 1KKK KKKK	4
000000	3184	PAGESEL $
	K	 11 0001 1KKK KKKK	8
000000	3188	PAGESEL I2CSTART
	K	 10 0KKK KKKK KKKK	2295
00049A	20F7	CALL I2CSTART
	K	 11 0001 1KKK KKKK	4
000000	3184	PAGESEL $
	K	 11 0000 KKKK KKKK	120
00049C	3078	MOVLW 120
	F	 00 0000 1FFF FFFF	76
00049D	00CC	MOVWF I2CBYTE
	K	 11 0001 1KKK KKKK	8
000000	3188	PAGESEL I2CSEND
	K	 10 0KKK KKKK KKKK	2207
00049F	209F	CALL I2CSEND
	K	 11 0001 1KKK KKKK	4
000000	3184	PAGESEL $
	K	 11 0000 KKKK KKKK	64
0004A1	3040	MOVLW 64
	F	 00 0000 1FFF FFFF	76
0004A2	00CC	MOVWF I2CBYTE
	K	 11 0001 1KKK KKKK	8
000000	3188	PAGESEL I2CSEND
	K	 10 0KKK KKKK KKKK	2207
0004A4	209F	CALL I2CSEND
	K	 11 0001 1KKK KKKK	4
000000	3184	PAGESEL $
	K	 11 0000 KKKK KKKK	255
0004A6	30FF	MOVLW 255
	F	 00 0000 1FFF FFFF	66
0004A7	00C2	MOVWF GLCDTEMP
		SYSFORLOOP12
	F	 00 1010 DFFF FFFF	66
	D	 00 1010 D100 0010	1
0004A8	0AC2	INCF GLCDTEMP,F
	F	 00 1000 DFFF FFFF	49
	D	 00 1000 D011 0001	0
0004A9	0831	MOVF GLCDBACKGROUND,W
	F	 00 0000 1FFF FFFF	76
0004AA	00CC	MOVWF I2CBYTE
	K	 11 0001 1KKK KKKK	8
000000	3188	PAGESEL I2CSEND
	K	 10 0KKK KKKK KKKK	2207
0004AC	209F	CALL I2CSEND
	K	 11 0001 1KKK KKKK	4
000000	3184	PAGESEL $
	K	 11 0000 KKKK KKKK	127
0004AE	307F	MOVLW 127
	F	 00 0010 DFFF FFFF	66
	D	 00 0010 D100 0010	0
0004AF	0242	SUBWF GLCDTEMP,W
	F	 01 11BB BFFF FFFF	3
	B	 01 11BB B000 0011	0
0004B0	1C03	BTFSS STATUS, C
	K	 10 1KKK KKKK KKKK	1192
0004B1	2CA8	GOTO SYSFORLOOP12
		SYSFORLOOPEND12
	K	 10 0KKK KKKK KKKK	1601
0004B2	2641	CALL I2CSTOP
	F	 01 11BB BFFF FFFF	109
	B	 01 11BB B110 1101	7
0004B3	1FED	BTFSS SYSFORLOOPSTEP10_H,7
	K	 10 1KKK KKKK KKKK	1248
0004B4	2CE0	GOTO ELSE48_1
	F	 00 1001 DFFF FFFF	108
	D	 00 1001 D110 1100	0
0004B5	096C	COMF SYSFORLOOPSTEP10,W
	F	 00 0000 1FFF FFFF	106
0004B6	00EA	MOVWF SYSFORLOOPABSVALUE11
	F	 00 1001 DFFF FFFF	109
	D	 00 1001 D110 1101	0
0004B7	096D	COMF SYSFORLOOPSTEP10_H,W
	F	 00 0000 1FFF FFFF	107
0004B8	00EB	MOVWF SYSFORLOOPABSVALUE11_H
	F	 00 1010 DFFF FFFF	106
	D	 00 1010 D110 1010	1
0004B9	0AEA	INCF SYSFORLOOPABSVALUE11,F
	F	 01 10BB BFFF FFFF	3
	B	 01 10BB B000 0011	2
0004BA	1903	BTFSC STATUS,Z
	F	 00 1010 DFFF FFFF	107
	D	 00 1010 D110 1011	1
0004BB	0AEB	INCF SYSFORLOOPABSVALUE11_H,F
	K	 11 0000 KKKK KKKK	32
0004BC	3020	MOVLW 32
	F	 00 0010 DFFF FFFF	102
	D	 00 0010 D110 0110	0
0004BD	0266	SUBWF SSD1306_BUFFERLOCATIONCALC,W
	K	00 0000 001K KKKK	1
000000	0021	BANKSEL SYSTEMP1
	F	 00 0000 1FFF FFFF	165
0004BF	00A5	MOVWF SYSTEMP1
	K	 11 0000 KKKK KKKK	0
0004C0	3000	MOVLW 0
	K	00 0000 001K KKKK	0
000000	0020	BANKSEL SSD1306_BUFFERLOCATIONCALC_H
	F	 11 1011 DFFF FFFF	103
	D	 11 1011 D110 0111	0
0004C2	3B67	SUBWFB SSD1306_BUFFERLOCATIONCALC_H,W
	K	00 0000 001K KKKK	1
000000	0021	BANKSEL SYSTEMP1_H
	F	 00 0000 1FFF FFFF	166
0004C4	00A6	MOVWF SYSTEMP1_H
	K	 11 0000 KKKK KKKK	1
0004C5	3001	MOVLW 1
	F	 00 0010 DFFF FFFF	165
	D	 00 0010 D010 0101	0
0004C6	0225	SUBWF SYSTEMP1,W
	F	 00 0000 1FFF FFFF	167
0004C7	00A7	MOVWF SYSTEMP2
	K	 11 0000 KKKK KKKK	0
0004C8	3000	MOVLW 0
	F	 11 1011 DFFF FFFF	166
	D	 11 1011 D010 0110	0
0004C9	3B26	SUBWFB SYSTEMP1_H,W
	F	 00 0000 1FFF FFFF	168
0004CA	00A8	MOVWF SYSTEMP2_H
	F	 00 1000 DFFF FFFF	167
	D	 00 1000 D010 0111	0
0004CB	0827	MOVF SYSTEMP2,W
	F	 00 0000 1FFF FFFF	117
0004CC	00F5	MOVWF SYSWORDTEMPA
	F	 00 1000 DFFF FFFF	168
	D	 00 1000 D010 1000	0
0004CD	0828	MOVF SYSTEMP2_H,W
	F	 00 0000 1FFF FFFF	118
0004CE	00F6	MOVWF SYSWORDTEMPA_H
	K	00 0000 001K KKKK	0
000000	0020	BANKSEL SYSFORLOOPABSVALUE11
	F	 00 1000 DFFF FFFF	106
	D	 00 1000 D110 1010	0
0004D0	086A	MOVF SYSFORLOOPABSVALUE11,W
	F	 00 0000 1FFF FFFF	121
0004D1	00F9	MOVWF SYSWORDTEMPB
	F	 00 1000 DFFF FFFF	107
	D	 00 1000 D110 1011	0
0004D2	086B	MOVF SYSFORLOOPABSVALUE11_H,W
	F	 00 0000 1FFF FFFF	122
0004D3	00FA	MOVWF SYSWORDTEMPB_H
	K	 11 0001 1KKK KKKK	9
000000	3189	PAGESEL SYSCOMPLESSTHAN16
	K	 10 0KKK KKKK KKKK	2439
0004D5	2187	CALL SYSCOMPLESSTHAN16
	K	 11 0001 1KKK KKKK	4
000000	3184	PAGESEL $
	F	 00 1001 DFFF FFFF	112
	D	 00 1001 D111 0000	1
0004D7	09F0	COMF SYSBYTETEMPX,F
	F	 01 11BB BFFF FFFF	112
	B	 01 11BB B111 0000	0
0004D8	1C70	BTFSS SYSBYTETEMPX,0
	K	 10 1KKK KKKK KKKK	1247
0004D9	2CDF	GOTO ENDIF49
	F	 00 1000 DFFF FFFF	108
	D	 00 1000 D110 1100	0
0004DA	086C	MOVF SYSFORLOOPSTEP10,W
	F	 00 0111 DFFF FFFF	102
	D	 00 0111 D110 0110	1
0004DB	07E6	ADDWF SSD1306_BUFFERLOCATIONCALC,F
	F	 00 1000 DFFF FFFF	109
	D	 00 1000 D110 1101	0
0004DC	086D	MOVF SYSFORLOOPSTEP10_H,W
	F	 11 1101 DFFF FFFF	103
	D	 11 1101 D110 0111	1
0004DD	3DE7	ADDWFC SSD1306_BUFFERLOCATIONCALC_H,F
	K	 10 1KKK KKKK KKKK	1168
0004DE	2C90	GOTO SYSFORLOOP11
		ENDIF49
	K	 10 1KKK KKKK KKKK	1278
0004DF	2CFE	GOTO ENDIF48
		ELSE48_1
	F	 00 1000 DFFF FFFF	102
	D	 00 1000 D110 0110	0
0004E0	0866	MOVF SSD1306_BUFFERLOCATIONCALC,W
	K	 11 1100 KKKK KKKK	31
0004E1	3C1F	SUBLW 31
	K	00 0000 001K KKKK	1
000000	0021	BANKSEL SYSTEMP1
	F	 00 0000 1FFF FFFF	165
0004E3	00A5	MOVWF SYSTEMP1
	F	 00 0001 1FFF FFFF	169
0004E4	01A9	CLRF SYSTEMP3
	K	00 0000 001K KKKK	0
000000	0020	BANKSEL SSD1306_BUFFERLOCATIONCALC_H
	F	 00 1000 DFFF FFFF	103
	D	 00 1000 D110 0111	0
0004E6	0867	MOVF SSD1306_BUFFERLOCATIONCALC_H,W
	K	00 0000 001K KKKK	1
000000	0021	BANKSEL SYSTEMP3
	F	 11 1011 DFFF FFFF	169
	D	 11 1011 D010 1001	0
0004E8	3B29	SUBWFB SYSTEMP3,W
	F	 00 0000 1FFF FFFF	166
0004E9	00A6	MOVWF SYSTEMP1_H
	F	 00 1000 DFFF FFFF	165
	D	 00 1000 D010 0101	0
0004EA	0825	MOVF SYSTEMP1,W
	F	 00 0000 1FFF FFFF	117
0004EB	00F5	MOVWF SYSWORDTEMPA
	F	 00 1000 DFFF FFFF	166
	D	 00 1000 D010 0110	0
0004EC	0826	MOVF SYSTEMP1_H,W
	F	 00 0000 1FFF FFFF	118
0004ED	00F6	MOVWF SYSWORDTEMPA_H
	K	00 0000 001K KKKK	0
000000	0020	BANKSEL SYSFORLOOPSTEP10
	F	 00 1000 DFFF FFFF	108
	D	 00 1000 D110 1100	0
0004EF	086C	MOVF SYSFORLOOPSTEP10,W
	F	 00 0000 1FFF FFFF	121
0004F0	00F9	MOVWF SYSWORDTEMPB
	F	 00 1000 DFFF FFFF	109
	D	 00 1000 D110 1101	0
0004F1	086D	MOVF SYSFORLOOPSTEP10_H,W
	F	 00 0000 1FFF FFFF	122
0004F2	00FA	MOVWF SYSWORDTEMPB_H
	K	 11 0001 1KKK KKKK	9
000000	3189	PAGESEL SYSCOMPLESSTHAN16
	K	 10 0KKK KKKK KKKK	2439
0004F4	2187	CALL SYSCOMPLESSTHAN16
	K	 11 0001 1KKK KKKK	4
000000	3184	PAGESEL $
	F	 00 1001 DFFF FFFF	112
	D	 00 1001 D111 0000	1
0004F6	09F0	COMF SYSBYTETEMPX,F
	F	 01 11BB BFFF FFFF	112
	B	 01 11BB B111 0000	0
0004F7	1C70	BTFSS SYSBYTETEMPX,0
	K	 10 1KKK KKKK KKKK	1278
0004F8	2CFE	GOTO ENDIF50
	F	 00 1000 DFFF FFFF	108
	D	 00 1000 D110 1100	0
0004F9	086C	MOVF SYSFORLOOPSTEP10,W
	F	 00 0111 DFFF FFFF	102
	D	 00 0111 D110 0110	1
0004FA	07E6	ADDWF SSD1306_BUFFERLOCATIONCALC,F
	F	 00 1000 DFFF FFFF	109
	D	 00 1000 D110 1101	0
0004FB	086D	MOVF SYSFORLOOPSTEP10_H,W
	F	 11 1101 DFFF FFFF	103
	D	 11 1101 D110 0111	1
0004FC	3DE7	ADDWFC SSD1306_BUFFERLOCATIONCALC_H,F
	K	 10 1KKK KKKK KKKK	1168
0004FD	2C90	GOTO SYSFORLOOP11
		ENDIF50
		ENDIF48
		SYSFORLOOPEND11
	F	 00 0001 1FFF FFFF	89
0004FE	01D9	CLRF LOCX
	F	 00 0001 1FFF FFFF	90
0004FF	01DA	CLRF LOCY
	K	 11 0001 1KKK KKKK	8
000000	3188	PAGESEL CURSOR_POSITION_SSD1306
	K	 10 0KKK KKKK KKKK	2048
000501	2000	CALL CURSOR_POSITION_SSD1306
	K	 11 0001 1KKK KKKK	5
000000	3185	PAGESEL $
	F	 00 0001 1FFF FFFF	95
000503	01DF	CLRF PRINTLOCX
	F	 00 0001 1FFF FFFF	97
000504	01E1	CLRF PRINTLOCY
000505	0008	RETURN


		GLCDDRAWCHAR_SSD1306
	F	 00 0011 DFFF FFFF	58
	D	 00 0011 D011 1010	0
000506	033A	DECF GLCDFNTDEFAULTSIZE,W
	F	 01 11BB BFFF FFFF	3
	B	 01 11BB B000 0011	2
000507	1D03	BTFSS STATUS, Z
	K	 10 1KKK KKKK KKKK	1313
000508	2D21	GOTO ENDIF24
	K	 11 0000 KKKK KKKK	7
000509	3007	MOVLW 7
	F	 00 0111 DFFF FFFF	38
	D	 00 0111 D010 0110	0
00050A	0726	ADDWF CHARLOCY,W
	F	 00 0000 1FFF FFFF	70
00050B	00C6	MOVWF GLCDY_TEMP
	K	 11 0000 KKKK KKKK	3
00050C	3003	MOVLW 3
	K	00 0000 001K KKKK	1
000000	0021	BANKSEL SYSREPEATTEMP2
	F	 00 0000 1FFF FFFF	161
00050E	00A1	MOVWF SYSREPEATTEMP2
		SYSREPEATLOOP2
	F	 01 00BB BFFF FFFF	3
	B	 01 00BB B000 0011	0
00050F	1003	BCF STATUS,C
	K	00 0000 001K KKKK	0
000000	0020	BANKSEL GLCDY_TEMP
	F	 00 1100 DFFF FFFF	70
	D	 00 1100 D100 0110	1
000511	0CC6	RRF GLCDY_TEMP,F
	K	00 0000 001K KKKK	1
000000	0021	BANKSEL SYSREPEATTEMP2
	F	 00 1011 DFFF FFFF	161
	D	 00 1011 D010 0001	1
000513	0BA1	DECFSZ SYSREPEATTEMP2,F
	K	 10 1KKK KKKK KKKK	1295
000514	2D0F	GOTO SYSREPEATLOOP2
		SYSREPEATLOOPEND2
	F	 00 1000 DFFF FFFF	172
	D	 00 1000 D010 1100	0
000515	082C	MOVF _GLCDPAGE,W
	K	00 0000 001K KKKK	0
000000	0020	BANKSEL GLCDY_TEMP
	F	 00 0010 DFFF FFFF	70
	D	 00 0010 D100 0110	0
000517	0246	SUBWF GLCDY_TEMP,W
	F	 01 10BB BFFF FFFF	3
	B	 01 10BB B000 0011	2
000518	1903	BTFSC STATUS, Z
	K	 10 1KKK KKKK KKKK	1313
000519	2D21	GOTO ENDIF35
	F	 00 0011 DFFF FFFF	70
	D	 00 0011 D100 0110	1
00051A	03C6	DECF GLCDY_TEMP,F
	K	00 0000 001K KKKK	1
000000	0021	BANKSEL _GLCDPAGE
	F	 00 1000 DFFF FFFF	172
	D	 00 1000 D010 1100	0
00051C	082C	MOVF _GLCDPAGE,W
	K	00 0000 001K KKKK	0
000000	0020	BANKSEL GLCDY_TEMP
	F	 00 0010 DFFF FFFF	70
	D	 00 0010 D100 0110	0
00051E	0246	SUBWF GLCDY_TEMP,W
	F	 01 11BB BFFF FFFF	3
	B	 01 11BB B000 0011	2
00051F	1D03	BTFSS STATUS, Z
000520	0008	RETURN
		ENDIF35
		ENDIF24
	F	 00 1000 DFFF FFFF	79
	D	 00 1000 D100 1111	0
000521	084F	MOVF LINECOLOUR,W
	F	 00 0000 1FFF FFFF	117
000522	00F5	MOVWF SYSWORDTEMPA
	F	 00 1000 DFFF FFFF	80
	D	 00 1000 D101 0000	0
000523	0850	MOVF LINECOLOUR_H,W
	F	 00 0000 1FFF FFFF	118
000524	00F6	MOVWF SYSWORDTEMPA_H
	F	 00 1000 DFFF FFFF	60
	D	 00 1000 D011 1100	0
000525	083C	MOVF GLCDFOREGROUND,W
	F	 00 0000 1FFF FFFF	121
000526	00F9	MOVWF SYSWORDTEMPB
	F	 00 1000 DFFF FFFF	61
	D	 00 1000 D011 1101	0
000527	083D	MOVF GLCDFOREGROUND_H,W
	F	 00 0000 1FFF FFFF	122
000528	00FA	MOVWF SYSWORDTEMPB_H
	K	 11 0001 1KKK KKKK	9
000000	3189	PAGESEL SYSCOMPEQUAL16
	K	 10 0KKK KKKK KKKK	2421
00052A	2175	CALL SYSCOMPEQUAL16
	K	 11 0001 1KKK KKKK	5
000000	3185	PAGESEL $
	F	 00 1001 DFFF FFFF	112
	D	 00 1001 D111 0000	1
00052C	09F0	COMF SYSBYTETEMPX,F
	F	 01 11BB BFFF FFFF	112
	B	 01 11BB B111 0000	0
00052D	1C70	BTFSS SYSBYTETEMPX,0
	K	 10 1KKK KKKK KKKK	1332
00052E	2D34	GOTO ENDIF25
	K	 11 0000 KKKK KKKK	1
00052F	3001	MOVLW 1
	F	 00 0000 1FFF FFFF	49
000530	00B1	MOVWF GLCDBACKGROUND
	F	 00 0001 1FFF FFFF	50
000531	01B2	CLRF GLCDBACKGROUND_H
	F	 00 0001 1FFF FFFF	60
000532	01BC	CLRF GLCDFOREGROUND
	F	 00 0001 1FFF FFFF	61
000533	01BD	CLRF GLCDFOREGROUND_H
		ENDIF25
	K	 11 0000 KKKK KKKK	15
000534	300F	MOVLW 15
	F	 00 0010 DFFF FFFF	32
	D	 00 0010 D010 0000	1
000535	02A0	SUBWF CHARCODE,F
	F	 00 0001 1FFF FFFF	33
000536	01A1	CLRF CHARCOL
	F	 00 0001 1FFF FFFF	34
000537	01A2	CLRF CHARCOL_H
	F	 00 1000 DFFF FFFF	36
	D	 00 1000 D010 0100	0
000538	0824	MOVF CHARLOCX,W
	F	 00 0000 1FFF FFFF	89
000539	00D9	MOVWF LOCX
	F	 00 1000 DFFF FFFF	38
	D	 00 1000 D010 0110	0
00053A	0826	MOVF CHARLOCY,W
	F	 00 0000 1FFF FFFF	90
00053B	00DA	MOVWF LOCY
	K	 11 0001 1KKK KKKK	8
000000	3188	PAGESEL CURSOR_POSITION_SSD1306
	K	 10 0KKK KKKK KKKK	2048
00053D	2000	CALL CURSOR_POSITION_SSD1306
	K	 11 0001 1KKK KKKK	5
000000	3185	PAGESEL $
	K	 11 0001 1KKK KKKK	8
000000	3188	PAGESEL I2CSTART
	K	 10 0KKK KKKK KKKK	2295
000540	20F7	CALL I2CSTART
	K	 11 0001 1KKK KKKK	5
000000	3185	PAGESEL $
	K	 11 0000 KKKK KKKK	120
000542	3078	MOVLW 120
	F	 00 0000 1FFF FFFF	76
000543	00CC	MOVWF I2CBYTE
	K	 11 0001 1KKK KKKK	8
000000	3188	PAGESEL I2CSEND
	K	 10 0KKK KKKK KKKK	2207
000545	209F	CALL I2CSEND
	K	 11 0001 1KKK KKKK	5
000000	3185	PAGESEL $
	K	 11 0000 KKKK KKKK	64
000547	3040	MOVLW 64
	F	 00 0000 1FFF FFFF	76
000548	00CC	MOVWF I2CBYTE
	K	 11 0001 1KKK KKKK	8
000000	3188	PAGESEL I2CSEND
	K	 10 0KKK KKKK KKKK	2207
00054A	209F	CALL I2CSEND
	K	 11 0001 1KKK KKKK	5
000000	3185	PAGESEL $
	F	 00 1000 DFFF FFFF	32
	D	 00 1000 D010 0000	0
00054C	0820	MOVF CHARCODE,W
	F	 00 0000 1FFF FFFF	117
00054D	00F5	MOVWF SYSBYTETEMPA
	K	 11 0000 KKKK KKKK	178
00054E	30B2	MOVLW 178
	F	 00 0000 1FFF FFFF	121
00054F	00F9	MOVWF SYSBYTETEMPB
	K	 11 0001 1KKK KKKK	9
000000	3189	PAGESEL SYSCOMPLESSTHAN
	K	 10 0KKK KKKK KKKK	2432
000551	2180	CALL SYSCOMPLESSTHAN
	K	 11 0001 1KKK KKKK	5
000000	3185	PAGESEL $
	F	 00 1001 DFFF FFFF	112
	D	 00 1001 D111 0000	1
000553	09F0	COMF SYSBYTETEMPX,F
	F	 00 1000 DFFF FFFF	112
	D	 00 1000 D111 0000	0
000554	0870	MOVF SYSBYTETEMPX,W
	K	00 0000 001K KKKK	1
000000	0021	BANKSEL SYSTEMP1
	F	 00 0000 1FFF FFFF	165
000556	00A5	MOVWF SYSTEMP1
	K	00 0000 001K KKKK	0
000000	0020	BANKSEL CHARCODE
	F	 00 1000 DFFF FFFF	32
	D	 00 1000 D010 0000	0
000558	0820	MOVF CHARCODE,W
	F	 00 0000 1FFF FFFF	121
000559	00F9	MOVWF SYSBYTETEMPB
	K	 11 0000 KKKK KKKK	202
00055A	30CA	MOVLW 202
	F	 00 0000 1FFF FFFF	117
00055B	00F5	MOVWF SYSBYTETEMPA
	K	 11 0001 1KKK KKKK	9
000000	3189	PAGESEL SYSCOMPLESSTHAN
	K	 10 0KKK KKKK KKKK	2432
00055D	2180	CALL SYSCOMPLESSTHAN
	K	 11 0001 1KKK KKKK	5
000000	3185	PAGESEL $
	F	 00 1001 DFFF FFFF	112
	D	 00 1001 D111 0000	1
00055F	09F0	COMF SYSBYTETEMPX,F
	K	00 0000 001K KKKK	1
000000	0021	BANKSEL SYSTEMP1
	F	 00 1000 DFFF FFFF	165
	D	 00 1000 D010 0101	0
000561	0825	MOVF SYSTEMP1,W
	F	 00 0101 DFFF FFFF	112
	D	 00 0101 D111 0000	0
000562	0570	ANDWF SYSBYTETEMPX,W
	F	 00 0000 1FFF FFFF	167
000563	00A7	MOVWF SYSTEMP2
	F	 01 11BB BFFF FFFF	167
	B	 01 11BB B010 0111	0
000564	1C27	BTFSS SYSTEMP2,0
	K	 10 1KKK KKKK KKKK	1387
000565	2D6B	GOTO ENDIF26
	K	 11 0000 KKKK KKKK	1
000566	3001	MOVLW 1
	K	00 0000 001K KKKK	0
000000	0020	BANKSEL CHARLOCY
	F	 00 0010 DFFF FFFF	38
	D	 00 0010 D010 0110	1
000568	02A6	SUBWF CHARLOCY,F
	K	 11 0000 KKKK KKKK	0
000569	3000	MOVLW 0
	F	 11 1011 DFFF FFFF	39
	D	 11 1011 D010 0111	1
00056A	3BA7	SUBWFB CHARLOCY_H,F
		ENDIF26
	K	00 0000 001K KKKK	0
000000	0020	BANKSEL CURRCHARCOL
	F	 00 0001 1FFF FFFF	44
00056C	01AC	CLRF CURRCHARCOL
		SYSFORLOOP6
	F	 00 1010 DFFF FFFF	44
	D	 00 1010 D010 1100	1
00056D	0AAC	INCF CURRCHARCOL,F
		SYSSELECT1CASE1
	F	 00 0011 DFFF FFFF	44
	D	 00 0011 D010 1100	0
00056E	032C	DECF CURRCHARCOL,W
	F	 01 11BB BFFF FFFF	3
	B	 01 11BB B000 0011	2
00056F	1D03	BTFSS STATUS, Z
	K	 10 1KKK KKKK KKKK	1398
000570	2D76	GOTO SYSSELECT1CASE2
	F	 00 1000 DFFF FFFF	32
	D	 00 1000 D010 0000	0
000571	0820	MOVF CHARCODE,W
	F	 00 0000 1FFF FFFF	119
000572	00F7	MOVWF SYSSTRINGA
	K	 10 0KKK KKKK KKKK	509
000573	21FD	CALL GLCDCHARCOL3
	F	 00 0000 1FFF FFFF	46
000574	00AE	MOVWF CURRCHARVAL
	K	 10 1KKK KKKK KKKK	1433
000575	2D99	GOTO SYSSELECTEND1
		SYSSELECT1CASE2
	K	 11 0000 KKKK KKKK	2
000576	3002	MOVLW 2
	F	 00 0010 DFFF FFFF	44
	D	 00 0010 D010 1100	0
000577	022C	SUBWF CURRCHARCOL,W
	F	 01 11BB BFFF FFFF	3
	B	 01 11BB B000 0011	2
000578	1D03	BTFSS STATUS, Z
	K	 10 1KKK KKKK KKKK	1407
000579	2D7F	GOTO SYSSELECT1CASE3
	F	 00 1000 DFFF FFFF	32
	D	 00 1000 D010 0000	0
00057A	0820	MOVF CHARCODE,W
	F	 00 0000 1FFF FFFF	119
00057B	00F7	MOVWF SYSSTRINGA
	K	 10 0KKK KKKK KKKK	635
00057C	227B	CALL GLCDCHARCOL4
	F	 00 0000 1FFF FFFF	46
00057D	00AE	MOVWF CURRCHARVAL
	K	 10 1KKK KKKK KKKK	1433
00057E	2D99	GOTO SYSSELECTEND1
		SYSSELECT1CASE3
	K	 11 0000 KKKK KKKK	3
00057F	3003	MOVLW 3
	F	 00 0010 DFFF FFFF	44
	D	 00 0010 D010 1100	0
000580	022C	SUBWF CURRCHARCOL,W
	F	 01 11BB BFFF FFFF	3
	B	 01 11BB B000 0011	2
000581	1D03	BTFSS STATUS, Z
	K	 10 1KKK KKKK KKKK	1416
000582	2D88	GOTO SYSSELECT1CASE4
	F	 00 1000 DFFF FFFF	32
	D	 00 1000 D010 0000	0
000583	0820	MOVF CHARCODE,W
	F	 00 0000 1FFF FFFF	119
000584	00F7	MOVWF SYSSTRINGA
	K	 10 0KKK KKKK KKKK	761
000585	22F9	CALL GLCDCHARCOL5
	F	 00 0000 1FFF FFFF	46
000586	00AE	MOVWF CURRCHARVAL
	K	 10 1KKK KKKK KKKK	1433
000587	2D99	GOTO SYSSELECTEND1
		SYSSELECT1CASE4
	K	 11 0000 KKKK KKKK	4
000588	3004	MOVLW 4
	F	 00 0010 DFFF FFFF	44
	D	 00 0010 D010 1100	0
000589	022C	SUBWF CURRCHARCOL,W
	F	 01 11BB BFFF FFFF	3
	B	 01 11BB B000 0011	2
00058A	1D03	BTFSS STATUS, Z
	K	 10 1KKK KKKK KKKK	1425
00058B	2D91	GOTO SYSSELECT1CASE5
	F	 00 1000 DFFF FFFF	32
	D	 00 1000 D010 0000	0
00058C	0820	MOVF CHARCODE,W
	F	 00 0000 1FFF FFFF	119
00058D	00F7	MOVWF SYSSTRINGA
	K	 10 0KKK KKKK KKKK	887
00058E	2377	CALL GLCDCHARCOL6
	F	 00 0000 1FFF FFFF	46
00058F	00AE	MOVWF CURRCHARVAL
	K	 10 1KKK KKKK KKKK	1433
000590	2D99	GOTO SYSSELECTEND1
		SYSSELECT1CASE5
	K	 11 0000 KKKK KKKK	5
000591	3005	MOVLW 5
	F	 00 0010 DFFF FFFF	44
	D	 00 0010 D010 1100	0
000592	022C	SUBWF CURRCHARCOL,W
	F	 01 11BB BFFF FFFF	3
	B	 01 11BB B000 0011	2
000593	1D03	BTFSS STATUS, Z
	K	 10 1KKK KKKK KKKK	1433
000594	2D99	GOTO SYSSELECTEND1
	F	 00 1000 DFFF FFFF	32
	D	 00 1000 D010 0000	0
000595	0820	MOVF CHARCODE,W
	F	 00 0000 1FFF FFFF	119
000596	00F7	MOVWF SYSSTRINGA
	K	 10 0KKK KKKK KKKK	1013
000597	23F5	CALL GLCDCHARCOL7
	F	 00 0000 1FFF FFFF	46
000598	00AE	MOVWF CURRCHARVAL
		SYSSELECTEND1
	F	 00 0001 1FFF FFFF	40
000599	01A8	CLRF CHARROW
	F	 00 0001 1FFF FFFF	41
00059A	01A9	CLRF CHARROW_H
	F	 00 0001 1FFF FFFF	45
00059B	01AD	CLRF CURRCHARROW
		SYSFORLOOP7
	F	 00 1010 DFFF FFFF	45
	D	 00 1010 D010 1101	1
00059C	0AAD	INCF CURRCHARROW,F
	F	 00 0001 1FFF FFFF	35
00059D	01A3	CLRF CHARCOLS
	F	 00 0001 1FFF FFFF	43
00059E	01AB	CLRF COL
	K	 11 0000 KKKK KKKK	1
00059F	3001	MOVLW 1
	F	 00 0010 DFFF FFFF	58
	D	 00 0010 D011 1010	0
0005A0	023A	SUBWF GLCDFNTDEFAULTSIZE,W
	F	 01 11BB BFFF FFFF	3
	B	 01 11BB B000 0011	0
0005A1	1C03	BTFSS STATUS, C
	K	 10 1KKK KKKK KKKK	1577
0005A2	2E29	GOTO SYSFORLOOPEND8
		SYSFORLOOP8
	F	 00 1010 DFFF FFFF	43
	D	 00 1010 D010 1011	1
0005A3	0AAB	INCF COL,F
	F	 00 0001 1FFF FFFF	42
0005A4	01AA	CLRF CHARROWS
	F	 00 0001 1FFF FFFF	99
0005A5	01E3	CLRF ROW
	K	 11 0000 KKKK KKKK	1
0005A6	3001	MOVLW 1
	F	 00 0010 DFFF FFFF	58
	D	 00 0010 D011 1010	0
0005A7	023A	SUBWF GLCDFNTDEFAULTSIZE,W
	F	 01 11BB BFFF FFFF	3
	B	 01 11BB B000 0011	0
0005A8	1C03	BTFSS STATUS, C
	K	 10 1KKK KKKK KKKK	1572
0005A9	2E24	GOTO SYSFORLOOPEND9
		SYSFORLOOP9
	F	 00 1010 DFFF FFFF	99
	D	 00 1010 D110 0011	1
0005AA	0AE3	INCF ROW,F
	F	 00 1000 DFFF FFFF	40
	D	 00 1000 D010 1000	0
0005AB	0828	MOVF CHARROW,W
	F	 00 0111 DFFF FFFF	38
	D	 00 0111 D010 0110	0
0005AC	0726	ADDWF CHARLOCY,W
	K	00 0000 001K KKKK	1
000000	0021	BANKSEL SYSTEMP3
	F	 00 0000 1FFF FFFF	169
0005AE	00A9	MOVWF SYSTEMP3
	K	00 0000 001K KKKK	0
000000	0020	BANKSEL CHARROWS
	F	 00 1000 DFFF FFFF	42
	D	 00 1000 D010 1010	0
0005B0	082A	MOVF CHARROWS,W
	K	00 0000 001K KKKK	1
000000	0021	BANKSEL SYSTEMP3
	F	 00 0111 DFFF FFFF	169
	D	 00 0111 D010 1001	0
0005B2	0729	ADDWF SYSTEMP3,W
	K	00 0000 001K KKKK	0
000000	0020	BANKSEL GLCDY
	F	 00 0000 1FFF FFFF	69
0005B4	00C5	MOVWF GLCDY
	F	 01 11BB BFFF FFFF	46
	B	 01 11BB B010 1110	0
0005B5	1C2E	BTFSS CURRCHARVAL,0
	K	 10 1KKK KKKK KKKK	1481
0005B6	2DC9	GOTO ELSE29_1
	F	 00 1000 DFFF FFFF	33
	D	 00 1000 D010 0001	0
0005B7	0821	MOVF CHARCOL,W
	F	 00 0111 DFFF FFFF	36
	D	 00 0111 D010 0100	0
0005B8	0724	ADDWF CHARLOCX,W
	K	00 0000 001K KKKK	1
000000	0021	BANKSEL SYSTEMP3
	F	 00 0000 1FFF FFFF	169
0005BA	00A9	MOVWF SYSTEMP3
	K	00 0000 001K KKKK	0
000000	0020	BANKSEL CHARCOLS
	F	 00 1000 DFFF FFFF	35
	D	 00 1000 D010 0011	0
0005BC	0823	MOVF CHARCOLS,W
	K	00 0000 001K KKKK	1
000000	0021	BANKSEL SYSTEMP3
	F	 00 0111 DFFF FFFF	169
	D	 00 0111 D010 1001	0
0005BE	0729	ADDWF SYSTEMP3,W
	K	00 0000 001K KKKK	0
000000	0020	BANKSEL GLCDX
	F	 00 0000 1FFF FFFF	68
0005C0	00C4	MOVWF GLCDX
	F	 00 1000 DFFF FFFF	79
	D	 00 1000 D100 1111	0
0005C1	084F	MOVF LINECOLOUR,W
	F	 00 0000 1FFF FFFF	53
0005C2	00B5	MOVWF GLCDCOLOUR
	F	 00 1000 DFFF FFFF	80
	D	 00 1000 D101 0000	0
0005C3	0850	MOVF LINECOLOUR_H,W
	F	 00 0000 1FFF FFFF	54
0005C4	00B6	MOVWF GLCDCOLOUR_H
	K	 11 0001 1KKK KKKK	9
000000	3189	PAGESEL PSET_SSD1306
	K	 10 0KKK KKKK KKKK	2317
0005C6	210D	CALL PSET_SSD1306
	K	 11 0001 1KKK KKKK	5
000000	3185	PAGESEL $
	K	 10 1KKK KKKK KKKK	1498
0005C8	2DDA	GOTO ENDIF29
		ELSE29_1
	F	 00 1000 DFFF FFFF	33
	D	 00 1000 D010 0001	0
0005C9	0821	MOVF CHARCOL,W
	F	 00 0111 DFFF FFFF	36
	D	 00 0111 D010 0100	0
0005CA	0724	ADDWF CHARLOCX,W
	K	00 0000 001K KKKK	1
000000	0021	BANKSEL SYSTEMP3
	F	 00 0000 1FFF FFFF	169
0005CC	00A9	MOVWF SYSTEMP3
	K	00 0000 001K KKKK	0
000000	0020	BANKSEL CHARCOLS
	F	 00 1000 DFFF FFFF	35
	D	 00 1000 D010 0011	0
0005CE	0823	MOVF CHARCOLS,W
	K	00 0000 001K KKKK	1
000000	0021	BANKSEL SYSTEMP3
	F	 00 0111 DFFF FFFF	169
	D	 00 0111 D010 1001	0
0005D0	0729	ADDWF SYSTEMP3,W
	K	00 0000 001K KKKK	0
000000	0020	BANKSEL GLCDX
	F	 00 0000 1FFF FFFF	68
0005D2	00C4	MOVWF GLCDX
	F	 00 1000 DFFF FFFF	49
	D	 00 1000 D011 0001	0
0005D3	0831	MOVF GLCDBACKGROUND,W
	F	 00 0000 1FFF FFFF	53
0005D4	00B5	MOVWF GLCDCOLOUR
	F	 00 1000 DFFF FFFF	50
	D	 00 1000 D011 0010	0
0005D5	0832	MOVF GLCDBACKGROUND_H,W
	F	 00 0000 1FFF FFFF	54
0005D6	00B6	MOVWF GLCDCOLOUR_H
	K	 11 0001 1KKK KKKK	9
000000	3189	PAGESEL PSET_SSD1306
	K	 10 0KKK KKKK KKKK	2317
0005D8	210D	CALL PSET_SSD1306
	K	 11 0001 1KKK KKKK	5
000000	3185	PAGESEL $
		ENDIF29
	F	 00 1010 DFFF FFFF	42
	D	 00 1010 D010 1010	1
0005DA	0AAA	INCF CHARROWS,F
	F	 00 1000 DFFF FFFF	35
	D	 00 1000 D010 0011	0
0005DB	0823	MOVF CHARCOLS,W
	F	 00 0111 DFFF FFFF	33
	D	 00 0111 D010 0001	0
0005DC	0721	ADDWF CHARCOL,W
	K	00 0000 001K KKKK	1
000000	0021	BANKSEL SYSTEMP1
	F	 00 0000 1FFF FFFF	165
0005DE	00A5	MOVWF SYSTEMP1
	K	 11 0000 KKKK KKKK	0
0005DF	3000	MOVLW 0
	K	00 0000 001K KKKK	0
000000	0020	BANKSEL CHARCOL_H
	F	 11 1101 DFFF FFFF	34
	D	 11 1101 D010 0010	0
0005E1	3D22	ADDWFC CHARCOL_H,W
	K	00 0000 001K KKKK	1
000000	0021	BANKSEL SYSTEMP1_H
	F	 00 0000 1FFF FFFF	166
0005E3	00A6	MOVWF SYSTEMP1_H
	K	00 0000 001K KKKK	0
000000	0020	BANKSEL GLCDFONTWIDTH
	F	 00 1000 DFFF FFFF	59
	D	 00 1000 D011 1011	0
0005E5	083B	MOVF GLCDFONTWIDTH,W
	F	 00 0000 1FFF FFFF	117
0005E6	00F5	MOVWF SYSBYTETEMPA
	F	 00 1000 DFFF FFFF	58
	D	 00 1000 D011 1010	0
0005E7	083A	MOVF GLCDFNTDEFAULTSIZE,W
	F	 00 0000 1FFF FFFF	121
0005E8	00F9	MOVWF SYSBYTETEMPB
	K	 10 0KKK KKKK KKKK	2028
0005E9	27EC	CALL SYSMULTSUB
	F	 00 1000 DFFF FFFF	112
	D	 00 1000 D111 0000	0
0005EA	0870	MOVF SYSBYTETEMPX,W
	K	00 0000 001K KKKK	1
000000	0021	BANKSEL SYSTEMP2
	F	 00 0000 1FFF FFFF	167
0005EC	00A7	MOVWF SYSTEMP2
	K	00 0000 001K KKKK	0
000000	0020	BANKSEL GLCDFNTDEFAULTSIZE
	F	 00 1000 DFFF FFFF	58
	D	 00 1000 D011 1010	0
0005EE	083A	MOVF GLCDFNTDEFAULTSIZE,W
	K	00 0000 001K KKKK	1
000000	0021	BANKSEL SYSTEMP2
	F	 00 0010 DFFF FFFF	167
	D	 00 0010 D010 0111	0
0005F0	0227	SUBWF SYSTEMP2,W
	F	 00 0000 1FFF FFFF	169
0005F1	00A9	MOVWF SYSTEMP3
	F	 00 0011 DFFF FFFF	169
	D	 00 0011 D010 1001	0
0005F2	0329	DECF SYSTEMP3,W
	F	 00 0000 1FFF FFFF	167
0005F3	00A7	MOVWF SYSTEMP2
	F	 00 1000 DFFF FFFF	165
	D	 00 1000 D010 0101	0
0005F4	0825	MOVF SYSTEMP1,W
	F	 00 0000 1FFF FFFF	117
0005F5	00F5	MOVWF SYSWORDTEMPA
	F	 00 1000 DFFF FFFF	166
	D	 00 1000 D010 0110	0
0005F6	0826	MOVF SYSTEMP1_H,W
	F	 00 0000 1FFF FFFF	118
0005F7	00F6	MOVWF SYSWORDTEMPA_H
	F	 00 1000 DFFF FFFF	167
	D	 00 1000 D010 0111	0
0005F8	0827	MOVF SYSTEMP2,W
	F	 00 0000 1FFF FFFF	121
0005F9	00F9	MOVWF SYSWORDTEMPB
	F	 00 0001 1FFF FFFF	122
0005FA	01FA	CLRF SYSWORDTEMPB_H
	K	00 0000 001K KKKK	0
000000	0020	BANKSEL STATUS
	K	 11 0001 1KKK KKKK	9
000000	3189	PAGESEL SYSCOMPEQUAL16
	K	 10 0KKK KKKK KKKK	2421
0005FD	2175	CALL SYSCOMPEQUAL16
	K	 11 0001 1KKK KKKK	5
000000	3185	PAGESEL $
	F	 01 11BB BFFF FFFF	112
	B	 01 11BB B111 0000	0
0005FF	1C70	BTFSS SYSBYTETEMPX,0
	K	 10 1KKK KKKK KKKK	1568
000600	2E20	GOTO ENDIF30
	F	 00 1000 DFFF FFFF	33
	D	 00 1000 D010 0001	0
000601	0821	MOVF CHARCOL,W
	F	 00 0111 DFFF FFFF	36
	D	 00 0111 D010 0100	0
000602	0724	ADDWF CHARLOCX,W
	K	00 0000 001K KKKK	1
000000	0021	BANKSEL SYSTEMP3
	F	 00 0000 1FFF FFFF	169
000604	00A9	MOVWF SYSTEMP3
	K	00 0000 001K KKKK	0
000000	0020	BANKSEL CHARCOLS
	F	 00 1000 DFFF FFFF	35
	D	 00 1000 D010 0011	0
000606	0823	MOVF CHARCOLS,W
	K	00 0000 001K KKKK	1
000000	0021	BANKSEL SYSTEMP3
	F	 00 0111 DFFF FFFF	169
	D	 00 0111 D010 1001	0
000608	0729	ADDWF SYSTEMP3,W
	F	 00 0000 1FFF FFFF	165
000609	00A5	MOVWF SYSTEMP1
	F	 00 1010 DFFF FFFF	165
	D	 00 1010 D010 0101	0
00060A	0A25	INCF SYSTEMP1,W
	K	00 0000 001K KKKK	0
000000	0020	BANKSEL GLCDX
	F	 00 0000 1FFF FFFF	68
00060C	00C4	MOVWF GLCDX
	F	 00 1000 DFFF FFFF	40
	D	 00 1000 D010 1000	0
00060D	0828	MOVF CHARROW,W
	F	 00 0111 DFFF FFFF	38
	D	 00 0111 D010 0110	0
00060E	0726	ADDWF CHARLOCY,W
	K	00 0000 001K KKKK	1
000000	0021	BANKSEL SYSTEMP3
	F	 00 0000 1FFF FFFF	169
000610	00A9	MOVWF SYSTEMP3
	K	00 0000 001K KKKK	0
000000	0020	BANKSEL CHARROWS
	F	 00 1000 DFFF FFFF	42
	D	 00 1000 D010 1010	0
000612	082A	MOVF CHARROWS,W
	K	00 0000 001K KKKK	1
000000	0021	BANKSEL SYSTEMP3
	F	 00 0111 DFFF FFFF	169
	D	 00 0111 D010 1001	0
000614	0729	ADDWF SYSTEMP3,W
	F	 00 0000 1FFF FFFF	165
000615	00A5	MOVWF SYSTEMP1
	F	 00 0011 DFFF FFFF	165
	D	 00 0011 D010 0101	0
000616	0325	DECF SYSTEMP1,W
	K	00 0000 001K KKKK	0
000000	0020	BANKSEL GLCDY
	F	 00 0000 1FFF FFFF	69
000618	00C5	MOVWF GLCDY
	F	 00 1000 DFFF FFFF	49
	D	 00 1000 D011 0001	0
000619	0831	MOVF GLCDBACKGROUND,W
	F	 00 0000 1FFF FFFF	53
00061A	00B5	MOVWF GLCDCOLOUR
	F	 00 1000 DFFF FFFF	50
	D	 00 1000 D011 0010	0
00061B	0832	MOVF GLCDBACKGROUND_H,W
	F	 00 0000 1FFF FFFF	54
00061C	00B6	MOVWF GLCDCOLOUR_H
	K	 11 0001 1KKK KKKK	9
000000	3189	PAGESEL PSET_SSD1306
	K	 10 0KKK KKKK KKKK	2317
00061E	210D	CALL PSET_SSD1306
	K	 11 0001 1KKK KKKK	6
000000	3186	PAGESEL $
		ENDIF30
	F	 00 1000 DFFF FFFF	58
	D	 00 1000 D011 1010	0
000620	083A	MOVF GLCDFNTDEFAULTSIZE,W
	F	 00 0010 DFFF FFFF	99
	D	 00 0010 D110 0011	0
000621	0263	SUBWF ROW,W
	F	 01 11BB BFFF FFFF	3
	B	 01 11BB B000 0011	0
000622	1C03	BTFSS STATUS, C
	K	 10 1KKK KKKK KKKK	1450
000623	2DAA	GOTO SYSFORLOOP9
		SYSFORLOOPEND9
	F	 00 1010 DFFF FFFF	35
	D	 00 1010 D010 0011	1
000624	0AA3	INCF CHARCOLS,F
	F	 00 1000 DFFF FFFF	58
	D	 00 1000 D011 1010	0
000625	083A	MOVF GLCDFNTDEFAULTSIZE,W
	F	 00 0010 DFFF FFFF	43
	D	 00 0010 D010 1011	0
000626	022B	SUBWF COL,W
	F	 01 11BB BFFF FFFF	3
	B	 01 11BB B000 0011	0
000627	1C03	BTFSS STATUS, C
	K	 10 1KKK KKKK KKKK	1443
000628	2DA3	GOTO SYSFORLOOP8
		SYSFORLOOPEND8
	F	 00 1100 DFFF FFFF	46
	D	 00 1100 D010 1110	1
000629	0CAE	RRF CURRCHARVAL,F
	F	 00 1000 DFFF FFFF	58
	D	 00 1000 D011 1010	0
00062A	083A	MOVF GLCDFNTDEFAULTSIZE,W
	F	 00 0111 DFFF FFFF	40
	D	 00 0111 D010 1000	1
00062B	07A8	ADDWF CHARROW,F
	K	 11 0000 KKKK KKKK	0
00062C	3000	MOVLW 0
	F	 11 1101 DFFF FFFF	41
	D	 11 1101 D010 1001	1
00062D	3DA9	ADDWFC CHARROW_H,F
	K	 11 0000 KKKK KKKK	8
00062E	3008	MOVLW 8
	F	 00 0010 DFFF FFFF	45
	D	 00 0010 D010 1101	0
00062F	022D	SUBWF CURRCHARROW,W
	F	 01 11BB BFFF FFFF	3
	B	 01 11BB B000 0011	0
000630	1C03	BTFSS STATUS, C
	K	 10 1KKK KKKK KKKK	1436
000631	2D9C	GOTO SYSFORLOOP7
		SYSFORLOOPEND7
	F	 00 1000 DFFF FFFF	58
	D	 00 1000 D011 1010	0
000632	083A	MOVF GLCDFNTDEFAULTSIZE,W
	F	 00 0111 DFFF FFFF	33
	D	 00 0111 D010 0001	1
000633	07A1	ADDWF CHARCOL,F
	K	 11 0000 KKKK KKKK	0
000634	3000	MOVLW 0
	F	 11 1101 DFFF FFFF	34
	D	 11 1101 D010 0010	1
000635	3DA2	ADDWFC CHARCOL_H,F
	K	 11 0000 KKKK KKKK	5
000636	3005	MOVLW 5
	F	 00 0010 DFFF FFFF	44
	D	 00 0010 D010 1100	0
000637	022C	SUBWF CURRCHARCOL,W
	F	 01 11BB BFFF FFFF	3
	B	 01 11BB B000 0011	0
000638	1C03	BTFSS STATUS, C
	K	 10 1KKK KKKK KKKK	1389
000639	2D6D	GOTO SYSFORLOOP6
		SYSFORLOOPEND6
	K	 10 0KKK KKKK KKKK	1601
00063A	2641	CALL I2CSTOP
	F	 00 0001 1FFF FFFF	49
00063B	01B1	CLRF GLCDBACKGROUND
	F	 00 0001 1FFF FFFF	50
00063C	01B2	CLRF GLCDBACKGROUND_H
	K	 11 0000 KKKK KKKK	1
00063D	3001	MOVLW 1
	F	 00 0000 1FFF FFFF	60
00063E	00BC	MOVWF GLCDFOREGROUND
	F	 00 0001 1FFF FFFF	61
00063F	01BD	CLRF GLCDFOREGROUND_H
000640	0008	RETURN


		I2CSTOP
	K	00 0000 001K KKKK	1
000000	0021	BANKSEL TRISC
	F	 01 00BB BFFF FFFF	142
	B	 01 00BB B000 1110	5
000642	128E	BCF TRISC,5
	K	00 0000 001K KKKK	2
000000	0022	BANKSEL LATC
	F	 01 00BB BFFF FFFF	270
	B	 01 00BB B000 1110	5
000644	128E	BCF LATC,5
	K	00 0000 001K KKKK	1
000000	0021	BANKSEL TRISC
	F	 01 00BB BFFF FFFF	142
	B	 01 00BB B000 1110	4
000646	120E	BCF TRISC,4
	K	00 0000 001K KKKK	2
000000	0022	BANKSEL LATC
	F	 01 00BB BFFF FFFF	270
	B	 01 00BB B000 1110	4
000648	120E	BCF LATC,4
	K	 11 0000 KKKK KKKK	2
000649	3002	MOVLW 2
	F	 00 0000 1FFF FFFF	112
00064A	00F0	MOVWF DELAYTEMP
		DELAYUS3
	F	 00 1011 DFFF FFFF	112
	D	 00 1011 D111 0000	1
00064B	0BF0	DECFSZ DELAYTEMP,F
	K	 10 1KKK KKKK KKKK	1611
00064C	2E4B	GOTO DELAYUS3
00064D	0000	NOP
	K	00 0000 001K KKKK	1
000000	0021	BANKSEL TRISC
	F	 01 01BB BFFF FFFF	142
	B	 01 01BB B000 1110	5
00064F	168E	BSF TRISC,5
	K	 11 0000 KKKK KKKK	2
000650	3002	MOVLW 2
	F	 00 0000 1FFF FFFF	112
000651	00F0	MOVWF DELAYTEMP
		DELAYUS4
	F	 00 1011 DFFF FFFF	112
	D	 00 1011 D111 0000	1
000652	0BF0	DECFSZ DELAYTEMP,F
	K	 10 1KKK KKKK KKKK	1618
000653	2E52	GOTO DELAYUS4
000654	0000	NOP
	F	 01 01BB BFFF FFFF	142
	B	 01 01BB B000 1110	4
000655	160E	BSF TRISC,4
	K	 11 0000 KKKK KKKK	2
000656	3002	MOVLW 2
	F	 00 0000 1FFF FFFF	112
000657	00F0	MOVWF DELAYTEMP
		DELAYUS5
	F	 00 1011 DFFF FFFF	112
	D	 00 1011 D111 0000	1
000658	0BF0	DECFSZ DELAYTEMP,F
	K	 10 1KKK KKKK KKKK	1624
000659	2E58	GOTO DELAYUS5
00065A	0000	NOP
	K	00 0000 001K KKKK	0
000000	0020	BANKSEL STATUS
00065C	0008	RETURN


		INITGLCD_SSD1306
	F	 00 0001 1FFF FFFF	49
00065D	01B1	CLRF GLCDBACKGROUND
	F	 00 0001 1FFF FFFF	50
00065E	01B2	CLRF GLCDBACKGROUND_H
	K	 11 0000 KKKK KKKK	1
00065F	3001	MOVLW 1
	F	 00 0000 1FFF FFFF	60
000660	00BC	MOVWF GLCDFOREGROUND
	F	 00 0001 1FFF FFFF	61
000661	01BD	CLRF GLCDFOREGROUND_H
	K	 11 0000 KKKK KKKK	5
000662	3005	MOVLW 5
	F	 00 0000 1FFF FFFF	59
000663	00BB	MOVWF GLCDFONTWIDTH
	K	 11 0000 KKKK KKKK	7
000664	3007	MOVLW 7
	F	 00 0000 1FFF FFFF	57
000665	00B9	MOVWF GLCDFNTDEFAULTHEIGHT
	F	 00 0001 1FFF FFFF	56
000666	01B8	CLRF GLCDFNTDEFAULT
	K	 11 0000 KKKK KKKK	1
000667	3001	MOVLW 1
	F	 00 0000 1FFF FFFF	58
000668	00BA	MOVWF GLCDFNTDEFAULTSIZE
	K	 11 0000 KKKK KKKK	255
000669	30FF	MOVLW 255
	F	 00 0000 1FFF FFFF	114
00066A	00F2	MOVWF SYSWAITTEMPMS
	F	 00 0001 1FFF FFFF	115
00066B	01F3	CLRF SYSWAITTEMPMS_H
	K	 11 0001 1KKK KKKK	8
000000	3188	PAGESEL DELAY_MS
	K	 10 0KKK KKKK KKKK	2106
00066D	203A	CALL DELAY_MS
	K	 11 0001 1KKK KKKK	6
000000	3186	PAGESEL $
	K	 11 0000 KKKK KKKK	174
00066F	30AE	MOVLW 174
	F	 00 0000 1FFF FFFF	101
000670	00E5	MOVWF SSD1306SENDBYTE
	K	 11 0001 1KKK KKKK	10
000000	318A	PAGESEL WRITE_COMMAND_SSD1306
	K	 10 0KKK KKKK KKKK	2570
000672	220A	CALL WRITE_COMMAND_SSD1306
	K	 11 0001 1KKK KKKK	6
000000	3186	PAGESEL $
	K	 11 0000 KKKK KKKK	46
000674	302E	MOVLW 46
	F	 00 0000 1FFF FFFF	101
000675	00E5	MOVWF SSD1306SENDBYTE
	K	 11 0001 1KKK KKKK	10
000000	318A	PAGESEL WRITE_COMMAND_SSD1306
	K	 10 0KKK KKKK KKKK	2570
000677	220A	CALL WRITE_COMMAND_SSD1306
	K	 11 0001 1KKK KKKK	6
000000	3186	PAGESEL $
	K	 11 0000 KKKK KKKK	213
000679	30D5	MOVLW 213
	F	 00 0000 1FFF FFFF	101
00067A	00E5	MOVWF SSD1306SENDBYTE
	K	 11 0001 1KKK KKKK	10
000000	318A	PAGESEL WRITE_COMMAND_SSD1306
	K	 10 0KKK KKKK KKKK	2570
00067C	220A	CALL WRITE_COMMAND_SSD1306
	K	 11 0001 1KKK KKKK	6
000000	3186	PAGESEL $
	K	 11 0000 KKKK KKKK	128
00067E	3080	MOVLW 128
	F	 00 0000 1FFF FFFF	101
00067F	00E5	MOVWF SSD1306SENDBYTE
	K	 11 0001 1KKK KKKK	10
000000	318A	PAGESEL WRITE_COMMAND_SSD1306
	K	 10 0KKK KKKK KKKK	2570
000681	220A	CALL WRITE_COMMAND_SSD1306
	K	 11 0001 1KKK KKKK	6
000000	3186	PAGESEL $
	K	 11 0000 KKKK KKKK	168
000683	30A8	MOVLW 168
	F	 00 0000 1FFF FFFF	101
000684	00E5	MOVWF SSD1306SENDBYTE
	K	 11 0001 1KKK KKKK	10
000000	318A	PAGESEL WRITE_COMMAND_SSD1306
	K	 10 0KKK KKKK KKKK	2570
000686	220A	CALL WRITE_COMMAND_SSD1306
	K	 11 0001 1KKK KKKK	6
000000	3186	PAGESEL $
	K	 11 0000 KKKK KKKK	31
000688	301F	MOVLW 31
	F	 00 0000 1FFF FFFF	101
000689	00E5	MOVWF SSD1306SENDBYTE
	K	 11 0001 1KKK KKKK	10
000000	318A	PAGESEL WRITE_COMMAND_SSD1306
	K	 10 0KKK KKKK KKKK	2570
00068B	220A	CALL WRITE_COMMAND_SSD1306
	K	 11 0001 1KKK KKKK	6
000000	3186	PAGESEL $
	K	 11 0000 KKKK KKKK	211
00068D	30D3	MOVLW 211
	F	 00 0000 1FFF FFFF	101
00068E	00E5	MOVWF SSD1306SENDBYTE
	K	 11 0001 1KKK KKKK	10
000000	318A	PAGESEL WRITE_COMMAND_SSD1306
	K	 10 0KKK KKKK KKKK	2570
000690	220A	CALL WRITE_COMMAND_SSD1306
	K	 11 0001 1KKK KKKK	6
000000	3186	PAGESEL $
	F	 00 0001 1FFF FFFF	101
000692	01E5	CLRF SSD1306SENDBYTE
	K	 11 0001 1KKK KKKK	10
000000	318A	PAGESEL WRITE_COMMAND_SSD1306
	K	 10 0KKK KKKK KKKK	2570
000694	220A	CALL WRITE_COMMAND_SSD1306
	K	 11 0001 1KKK KKKK	6
000000	3186	PAGESEL $
	F	 00 0001 1FFF FFFF	101
000696	01E5	CLRF SSD1306SENDBYTE
	K	 11 0001 1KKK KKKK	10
000000	318A	PAGESEL WRITE_COMMAND_SSD1306
	K	 10 0KKK KKKK KKKK	2570
000698	220A	CALL WRITE_COMMAND_SSD1306
	K	 11 0001 1KKK KKKK	6
000000	3186	PAGESEL $
	K	 11 0000 KKKK KKKK	141
00069A	308D	MOVLW 141
	F	 00 0000 1FFF FFFF	101
00069B	00E5	MOVWF SSD1306SENDBYTE
	K	 11 0001 1KKK KKKK	10
000000	318A	PAGESEL WRITE_COMMAND_SSD1306
	K	 10 0KKK KKKK KKKK	2570
00069D	220A	CALL WRITE_COMMAND_SSD1306
	K	 11 0001 1KKK KKKK	6
000000	3186	PAGESEL $
	K	 11 0000 KKKK KKKK	20
00069F	3014	MOVLW 20
	F	 00 0000 1FFF FFFF	101
0006A0	00E5	MOVWF SSD1306SENDBYTE
	K	 11 0001 1KKK KKKK	10
000000	318A	PAGESEL WRITE_COMMAND_SSD1306
	K	 10 0KKK KKKK KKKK	2570
0006A2	220A	CALL WRITE_COMMAND_SSD1306
	K	 11 0001 1KKK KKKK	6
000000	3186	PAGESEL $
	K	 11 0000 KKKK KKKK	32
0006A4	3020	MOVLW 32
	F	 00 0000 1FFF FFFF	101
0006A5	00E5	MOVWF SSD1306SENDBYTE
	K	 11 0001 1KKK KKKK	10
000000	318A	PAGESEL WRITE_COMMAND_SSD1306
	K	 10 0KKK KKKK KKKK	2570
0006A7	220A	CALL WRITE_COMMAND_SSD1306
	K	 11 0001 1KKK KKKK	6
000000	3186	PAGESEL $
	K	 11 0000 KKKK KKKK	16
0006A9	3010	MOVLW 16
	F	 00 0000 1FFF FFFF	101
0006AA	00E5	MOVWF SSD1306SENDBYTE
	K	 11 0001 1KKK KKKK	10
000000	318A	PAGESEL WRITE_COMMAND_SSD1306
	K	 10 0KKK KKKK KKKK	2570
0006AC	220A	CALL WRITE_COMMAND_SSD1306
	K	 11 0001 1KKK KKKK	6
000000	3186	PAGESEL $
	K	 11 0000 KKKK KKKK	161
0006AE	30A1	MOVLW 161
	F	 00 0000 1FFF FFFF	101
0006AF	00E5	MOVWF SSD1306SENDBYTE
	K	 11 0001 1KKK KKKK	10
000000	318A	PAGESEL WRITE_COMMAND_SSD1306
	K	 10 0KKK KKKK KKKK	2570
0006B1	220A	CALL WRITE_COMMAND_SSD1306
	K	 11 0001 1KKK KKKK	6
000000	3186	PAGESEL $
	K	 11 0000 KKKK KKKK	200
0006B3	30C8	MOVLW 200
	F	 00 0000 1FFF FFFF	101
0006B4	00E5	MOVWF SSD1306SENDBYTE
	K	 11 0001 1KKK KKKK	10
000000	318A	PAGESEL WRITE_COMMAND_SSD1306
	K	 10 0KKK KKKK KKKK	2570
0006B6	220A	CALL WRITE_COMMAND_SSD1306
	K	 11 0001 1KKK KKKK	6
000000	3186	PAGESEL $
	K	 11 0000 KKKK KKKK	218
0006B8	30DA	MOVLW 218
	F	 00 0000 1FFF FFFF	101
0006B9	00E5	MOVWF SSD1306SENDBYTE
	K	 11 0001 1KKK KKKK	10
000000	318A	PAGESEL WRITE_COMMAND_SSD1306
	K	 10 0KKK KKKK KKKK	2570
0006BB	220A	CALL WRITE_COMMAND_SSD1306
	K	 11 0001 1KKK KKKK	6
000000	3186	PAGESEL $
	K	 11 0000 KKKK KKKK	18
0006BD	3012	MOVLW 18
	F	 00 0000 1FFF FFFF	101
0006BE	00E5	MOVWF SSD1306SENDBYTE
	K	 11 0001 1KKK KKKK	10
000000	318A	PAGESEL WRITE_COMMAND_SSD1306
	K	 10 0KKK KKKK KKKK	2570
0006C0	220A	CALL WRITE_COMMAND_SSD1306
	K	 11 0001 1KKK KKKK	6
000000	3186	PAGESEL $
	K	 11 0000 KKKK KKKK	129
0006C2	3081	MOVLW 129
	F	 00 0000 1FFF FFFF	101
0006C3	00E5	MOVWF SSD1306SENDBYTE
	K	 11 0001 1KKK KKKK	10
000000	318A	PAGESEL WRITE_COMMAND_SSD1306
	K	 10 0KKK KKKK KKKK	2570
0006C5	220A	CALL WRITE_COMMAND_SSD1306
	K	 11 0001 1KKK KKKK	6
000000	3186	PAGESEL $
	K	 11 0000 KKKK KKKK	207
0006C7	30CF	MOVLW 207
	F	 00 0000 1FFF FFFF	101
0006C8	00E5	MOVWF SSD1306SENDBYTE
	K	 11 0001 1KKK KKKK	10
000000	318A	PAGESEL WRITE_COMMAND_SSD1306
	K	 10 0KKK KKKK KKKK	2570
0006CA	220A	CALL WRITE_COMMAND_SSD1306
	K	 11 0001 1KKK KKKK	6
000000	3186	PAGESEL $
	K	 11 0000 KKKK KKKK	217
0006CC	30D9	MOVLW 217
	F	 00 0000 1FFF FFFF	101
0006CD	00E5	MOVWF SSD1306SENDBYTE
	K	 11 0001 1KKK KKKK	10
000000	318A	PAGESEL WRITE_COMMAND_SSD1306
	K	 10 0KKK KKKK KKKK	2570
0006CF	220A	CALL WRITE_COMMAND_SSD1306
	K	 11 0001 1KKK KKKK	6
000000	3186	PAGESEL $
	K	 11 0000 KKKK KKKK	241
0006D1	30F1	MOVLW 241
	F	 00 0000 1FFF FFFF	101
0006D2	00E5	MOVWF SSD1306SENDBYTE
	K	 11 0001 1KKK KKKK	10
000000	318A	PAGESEL WRITE_COMMAND_SSD1306
	K	 10 0KKK KKKK KKKK	2570
0006D4	220A	CALL WRITE_COMMAND_SSD1306
	K	 11 0001 1KKK KKKK	6
000000	3186	PAGESEL $
	K	 11 0000 KKKK KKKK	219
0006D6	30DB	MOVLW 219
	F	 00 0000 1FFF FFFF	101
0006D7	00E5	MOVWF SSD1306SENDBYTE
	K	 11 0001 1KKK KKKK	10
000000	318A	PAGESEL WRITE_COMMAND_SSD1306
	K	 10 0KKK KKKK KKKK	2570
0006D9	220A	CALL WRITE_COMMAND_SSD1306
	K	 11 0001 1KKK KKKK	6
000000	3186	PAGESEL $
	K	 11 0000 KKKK KKKK	64
0006DB	3040	MOVLW 64
	F	 00 0000 1FFF FFFF	101
0006DC	00E5	MOVWF SSD1306SENDBYTE
	K	 11 0001 1KKK KKKK	10
000000	318A	PAGESEL WRITE_COMMAND_SSD1306
	K	 10 0KKK KKKK KKKK	2570
0006DE	220A	CALL WRITE_COMMAND_SSD1306
	K	 11 0001 1KKK KKKK	6
000000	3186	PAGESEL $
	K	 11 0000 KKKK KKKK	164
0006E0	30A4	MOVLW 164
	F	 00 0000 1FFF FFFF	101
0006E1	00E5	MOVWF SSD1306SENDBYTE
	K	 11 0001 1KKK KKKK	10
000000	318A	PAGESEL WRITE_COMMAND_SSD1306
	K	 10 0KKK KKKK KKKK	2570
0006E3	220A	CALL WRITE_COMMAND_SSD1306
	K	 11 0001 1KKK KKKK	6
000000	3186	PAGESEL $
	K	 11 0000 KKKK KKKK	166
0006E5	30A6	MOVLW 166
	F	 00 0000 1FFF FFFF	101
0006E6	00E5	MOVWF SSD1306SENDBYTE
	K	 11 0001 1KKK KKKK	10
000000	318A	PAGESEL WRITE_COMMAND_SSD1306
	K	 10 0KKK KKKK KKKK	2570
0006E8	220A	CALL WRITE_COMMAND_SSD1306
	K	 11 0001 1KKK KKKK	6
000000	3186	PAGESEL $
	K	 10 0KKK KKKK KKKK	1139
0006EA	2473	CALL GLCDCLS_SSD1306
	K	 11 0000 KKKK KKKK	175
0006EB	30AF	MOVLW 175
	F	 00 0000 1FFF FFFF	101
0006EC	00E5	MOVWF SSD1306SENDBYTE
	K	 11 0001 1KKK KKKK	10
000000	318A	PAGESEL WRITE_COMMAND_SSD1306
	K	 10 1KKK KKKK KKKK	2570
0006EE	2A0A	GOTO WRITE_COMMAND_SSD1306


		INITI2C
	K	00 0000 001K KKKK	1
000000	0021	BANKSEL TRISC
	F	 01 01BB BFFF FFFF	142
	B	 01 01BB B000 1110	4
0006F0	160E	BSF TRISC,4
	F	 01 01BB BFFF FFFF	142
	B	 01 01BB B000 1110	5
0006F1	168E	BSF TRISC,5
	K	00 0000 001K KKKK	0
000000	0020	BANKSEL I2CMATCH
	F	 00 0001 1FFF FFFF	77
0006F3	01CD	CLRF I2CMATCH
0006F4	0008	RETURN


		INITSYS
	K	00 0000 001K KKKK	1
000000	0021	BANKSEL OSCCON
	F	 01 01BB BFFF FFFF	153
	B	 01 01BB B001 1001	6
0006F6	1719	BSF OSCCON,IRCF3
	F	 01 01BB BFFF FFFF	153
	B	 01 01BB B001 1001	5
0006F7	1699	BSF OSCCON,IRCF2
	F	 01 01BB BFFF FFFF	153
	B	 01 01BB B001 1001	4
0006F8	1619	BSF OSCCON,IRCF1
	F	 01 00BB BFFF FFFF	153
	B	 01 00BB B001 1001	3
0006F9	1199	BCF OSCCON,IRCF0
	F	 01 01BB BFFF FFFF	153
	B	 01 01BB B001 1001	7
0006FA	1799	BSF OSCCON,SPLLEN
	F	 01 00BB BFFF FFFF	158
	B	 01 00BB B001 1110	7
0006FB	139E	BCF ADCON1,ADFM
	F	 01 00BB BFFF FFFF	157
	B	 01 00BB B001 1101	0
0006FC	101D	BCF ADCON0,ADON
	K	00 0000 001K KKKK	3
000000	0023	BANKSEL ANSELA
	F	 00 0001 1FFF FFFF	396
0006FE	018C	CLRF ANSELA
	F	 00 0001 1FFF FFFF	397
0006FF	018D	CLRF ANSELB
	F	 00 0001 1FFF FFFF	399
000700	018F	CLRF ANSELD
	F	 00 0001 1FFF FFFF	400
000701	0190	CLRF ANSELE
	K	00 0000 001K KKKK	2
000000	0022	BANKSEL CM2CON0
	F	 01 00BB BFFF FFFF	275
	B	 01 00BB B001 0011	7
000703	1393	BCF CM2CON0,C2ON
	F	 01 00BB BFFF FFFF	273
	B	 01 00BB B001 0001	7
000704	1391	BCF CM1CON0,C1ON
	K	00 0000 001K KKKK	0
000000	0020	BANKSEL PORTA
	F	 00 0001 1FFF FFFF	12
000706	018C	CLRF PORTA
	F	 00 0001 1FFF FFFF	13
000707	018D	CLRF PORTB
	F	 00 0001 1FFF FFFF	14
000708	018E	CLRF PORTC
	F	 00 0001 1FFF FFFF	15
000709	018F	CLRF PORTD
	F	 00 0001 1FFF FFFF	16
00070A	0190	CLRF PORTE
00070B	0008	RETURN


		FN_STR
	F	 00 0001 1FFF FFFF	105
00070C	01E9	CLRF SYSCHARCOUNT
	K	00 0000 001K KKKK	1
000000	0021	BANKSEL SYSVALTEMP
	F	 00 1000 DFFF FFFF	170
	D	 00 1000 D010 1010	0
00070E	082A	MOVF SYSVALTEMP,W
	F	 00 0000 1FFF FFFF	117
00070F	00F5	MOVWF SYSWORDTEMPA
	F	 00 1000 DFFF FFFF	171
	D	 00 1000 D010 1011	0
000710	082B	MOVF SYSVALTEMP_H,W
	F	 00 0000 1FFF FFFF	118
000711	00F6	MOVWF SYSWORDTEMPA_H
	K	 11 0000 KKKK KKKK	16
000712	3010	MOVLW 16
	F	 00 0000 1FFF FFFF	121
000713	00F9	MOVWF SYSWORDTEMPB
	K	 11 0000 KKKK KKKK	39
000714	3027	MOVLW 39
	F	 00 0000 1FFF FFFF	122
000715	00FA	MOVWF SYSWORDTEMPB_H
	K	00 0000 001K KKKK	0
000000	0020	BANKSEL STATUS
	K	 11 0001 1KKK KKKK	9
000000	3189	PAGESEL SYSCOMPLESSTHAN16
	K	 10 0KKK KKKK KKKK	2439
000718	2187	CALL SYSCOMPLESSTHAN16
	K	 11 0001 1KKK KKKK	7
000000	3187	PAGESEL $
	F	 00 1001 DFFF FFFF	112
	D	 00 1001 D111 0000	1
00071A	09F0	COMF SYSBYTETEMPX,F
	F	 01 11BB BFFF FFFF	112
	B	 01 11BB B111 0000	0
00071B	1C70	BTFSS SYSBYTETEMPX,0
	K	 10 1KKK KKKK KKKK	1856
00071C	2F40	GOTO ENDIF18
	K	00 0000 001K KKKK	1
000000	0021	BANKSEL SYSVALTEMP
	F	 00 1000 DFFF FFFF	170
	D	 00 1000 D010 1010	0
00071E	082A	MOVF SYSVALTEMP,W
	F	 00 0000 1FFF FFFF	117
00071F	00F5	MOVWF SYSWORDTEMPA
	F	 00 1000 DFFF FFFF	171
	D	 00 1000 D010 1011	0
000720	082B	MOVF SYSVALTEMP_H,W
	F	 00 0000 1FFF FFFF	118
000721	00F6	MOVWF SYSWORDTEMPA_H
	K	 11 0000 KKKK KKKK	16
000722	3010	MOVLW 16
	F	 00 0000 1FFF FFFF	121
000723	00F9	MOVWF SYSWORDTEMPB
	K	 11 0000 KKKK KKKK	39
000724	3027	MOVLW 39
	F	 00 0000 1FFF FFFF	122
000725	00FA	MOVWF SYSWORDTEMPB_H
	K	00 0000 001K KKKK	0
000000	0020	BANKSEL STATUS
	K	 11 0001 1KKK KKKK	9
000000	3189	PAGESEL SYSDIVSUB16
	K	 10 0KKK KKKK KKKK	2491
000728	21BB	CALL SYSDIVSUB16
	K	 11 0001 1KKK KKKK	7
000000	3187	PAGESEL $
	F	 00 1000 DFFF FFFF	117
	D	 00 1000 D111 0101	0
00072A	0875	MOVF SYSWORDTEMPA,W
	K	00 0000 001K KKKK	1
000000	0021	BANKSEL SYSSTRDATA
	F	 00 0000 1FFF FFFF	164
00072C	00A4	MOVWF SYSSTRDATA
	F	 00 1000 DFFF FFFF	112
	D	 00 1000 D111 0000	0
00072D	0870	MOVF SYSCALCTEMPX,W
	F	 00 0000 1FFF FFFF	170
00072E	00AA	MOVWF SYSVALTEMP
	F	 00 1000 DFFF FFFF	113
	D	 00 1000 D111 0001	0
00072F	0871	MOVF SYSCALCTEMPX_H,W
	F	 00 0000 1FFF FFFF	171
000730	00AB	MOVWF SYSVALTEMP_H
	K	00 0000 001K KKKK	0
000000	0020	BANKSEL SYSCHARCOUNT
	F	 00 1010 DFFF FFFF	105
	D	 00 1010 D110 1001	1
000732	0AE9	INCF SYSCHARCOUNT,F
	K	 11 0000 KKKK KKKK	5
000733	3005	MOVLW LOW(STR)
	F	 00 0111 DFFF FFFF	105
	D	 00 0111 D110 1001	0
000734	0769	ADDWF SYSCHARCOUNT,W
	F	 00 0000 1FFF FFFF	4
000735	0084	MOVWF AFSR0
	K	 11 0000 KKKK KKKK	0
000736	3000	MOVLW 0
	K	00 0000 001K KKKK	1
000000	0021	BANKSEL SYSTEMP1
	F	 00 0000 1FFF FFFF	165
000738	00A5	MOVWF SYSTEMP1
	K	 11 0000 KKKK KKKK	33
000739	3021	MOVLW HIGH(STR)
	F	 11 1101 DFFF FFFF	165
	D	 11 1101 D010 0101	0
00073A	3D25	ADDWFC SYSTEMP1,W
	F	 00 0000 1FFF FFFF	5
00073B	0085	MOVWF AFSR0_H
	K	 11 0000 KKKK KKKK	48
00073C	3030	MOVLW 48
	F	 00 0111 DFFF FFFF	164
	D	 00 0111 D010 0100	0
00073D	0724	ADDWF SYSSTRDATA,W
	F	 00 0000 1FFF FFFF	0
00073E	0080	MOVWF INDF0
	K	 10 1KKK KKKK KKKK	1872
00073F	2F50	GOTO SYSVALTHOUSANDS
		ENDIF18
	K	00 0000 001K KKKK	1
000000	0021	BANKSEL SYSVALTEMP
	F	 00 1000 DFFF FFFF	170
	D	 00 1000 D010 1010	0
000741	082A	MOVF SYSVALTEMP,W
	F	 00 0000 1FFF FFFF	117
000742	00F5	MOVWF SYSWORDTEMPA
	F	 00 1000 DFFF FFFF	171
	D	 00 1000 D010 1011	0
000743	082B	MOVF SYSVALTEMP_H,W
	F	 00 0000 1FFF FFFF	118
000744	00F6	MOVWF SYSWORDTEMPA_H
	K	 11 0000 KKKK KKKK	232
000745	30E8	MOVLW 232
	F	 00 0000 1FFF FFFF	121
000746	00F9	MOVWF SYSWORDTEMPB
	K	 11 0000 KKKK KKKK	3
000747	3003	MOVLW 3
	F	 00 0000 1FFF FFFF	122
000748	00FA	MOVWF SYSWORDTEMPB_H
	K	00 0000 001K KKKK	0
000000	0020	BANKSEL STATUS
	K	 11 0001 1KKK KKKK	9
000000	3189	PAGESEL SYSCOMPLESSTHAN16
	K	 10 0KKK KKKK KKKK	2439
00074B	2187	CALL SYSCOMPLESSTHAN16
	K	 11 0001 1KKK KKKK	7
000000	3187	PAGESEL $
	F	 00 1001 DFFF FFFF	112
	D	 00 1001 D111 0000	1
00074D	09F0	COMF SYSBYTETEMPX,F
	F	 01 11BB BFFF FFFF	112
	B	 01 11BB B111 0000	0
00074E	1C70	BTFSS SYSBYTETEMPX,0
	K	 10 1KKK KKKK KKKK	1907
00074F	2F73	GOTO ENDIF19
		SYSVALTHOUSANDS
	K	00 0000 001K KKKK	1
000000	0021	BANKSEL SYSVALTEMP
	F	 00 1000 DFFF FFFF	170
	D	 00 1000 D010 1010	0
000751	082A	MOVF SYSVALTEMP,W
	F	 00 0000 1FFF FFFF	117
000752	00F5	MOVWF SYSWORDTEMPA
	F	 00 1000 DFFF FFFF	171
	D	 00 1000 D010 1011	0
000753	082B	MOVF SYSVALTEMP_H,W
	F	 00 0000 1FFF FFFF	118
000754	00F6	MOVWF SYSWORDTEMPA_H
	K	 11 0000 KKKK KKKK	232
000755	30E8	MOVLW 232
	F	 00 0000 1FFF FFFF	121
000756	00F9	MOVWF SYSWORDTEMPB
	K	 11 0000 KKKK KKKK	3
000757	3003	MOVLW 3
	F	 00 0000 1FFF FFFF	122
000758	00FA	MOVWF SYSWORDTEMPB_H
	K	00 0000 001K KKKK	0
000000	0020	BANKSEL STATUS
	K	 11 0001 1KKK KKKK	9
000000	3189	PAGESEL SYSDIVSUB16
	K	 10 0KKK KKKK KKKK	2491
00075B	21BB	CALL SYSDIVSUB16
	K	 11 0001 1KKK KKKK	7
000000	3187	PAGESEL $
	F	 00 1000 DFFF FFFF	117
	D	 00 1000 D111 0101	0
00075D	0875	MOVF SYSWORDTEMPA,W
	K	00 0000 001K KKKK	1
000000	0021	BANKSEL SYSSTRDATA
	F	 00 0000 1FFF FFFF	164
00075F	00A4	MOVWF SYSSTRDATA
	F	 00 1000 DFFF FFFF	112
	D	 00 1000 D111 0000	0
000760	0870	MOVF SYSCALCTEMPX,W
	F	 00 0000 1FFF FFFF	170
000761	00AA	MOVWF SYSVALTEMP
	F	 00 1000 DFFF FFFF	113
	D	 00 1000 D111 0001	0
000762	0871	MOVF SYSCALCTEMPX_H,W
	F	 00 0000 1FFF FFFF	171
000763	00AB	MOVWF SYSVALTEMP_H
	K	00 0000 001K KKKK	0
000000	0020	BANKSEL SYSCHARCOUNT
	F	 00 1010 DFFF FFFF	105
	D	 00 1010 D110 1001	1
000765	0AE9	INCF SYSCHARCOUNT,F
	K	 11 0000 KKKK KKKK	5
000766	3005	MOVLW LOW(STR)
	F	 00 0111 DFFF FFFF	105
	D	 00 0111 D110 1001	0
000767	0769	ADDWF SYSCHARCOUNT,W
	F	 00 0000 1FFF FFFF	4
000768	0084	MOVWF AFSR0
	K	 11 0000 KKKK KKKK	0
000769	3000	MOVLW 0
	K	00 0000 001K KKKK	1
000000	0021	BANKSEL SYSTEMP1
	F	 00 0000 1FFF FFFF	165
00076B	00A5	MOVWF SYSTEMP1
	K	 11 0000 KKKK KKKK	33
00076C	3021	MOVLW HIGH(STR)
	F	 11 1101 DFFF FFFF	165
	D	 11 1101 D010 0101	0
00076D	3D25	ADDWFC SYSTEMP1,W
	F	 00 0000 1FFF FFFF	5
00076E	0085	MOVWF AFSR0_H
	K	 11 0000 KKKK KKKK	48
00076F	3030	MOVLW 48
	F	 00 0111 DFFF FFFF	164
	D	 00 0111 D010 0100	0
000770	0724	ADDWF SYSSTRDATA,W
	F	 00 0000 1FFF FFFF	0
000771	0080	MOVWF INDF0
	K	 10 1KKK KKKK KKKK	1922
000772	2F82	GOTO SYSVALHUNDREDS
		ENDIF19
	K	00 0000 001K KKKK	1
000000	0021	BANKSEL SYSVALTEMP
	F	 00 1000 DFFF FFFF	170
	D	 00 1000 D010 1010	0
000774	082A	MOVF SYSVALTEMP,W
	F	 00 0000 1FFF FFFF	117
000775	00F5	MOVWF SYSWORDTEMPA
	F	 00 1000 DFFF FFFF	171
	D	 00 1000 D010 1011	0
000776	082B	MOVF SYSVALTEMP_H,W
	F	 00 0000 1FFF FFFF	118
000777	00F6	MOVWF SYSWORDTEMPA_H
	K	 11 0000 KKKK KKKK	100
000778	3064	MOVLW 100
	F	 00 0000 1FFF FFFF	121
000779	00F9	MOVWF SYSWORDTEMPB
	F	 00 0001 1FFF FFFF	122
00077A	01FA	CLRF SYSWORDTEMPB_H
	K	00 0000 001K KKKK	0
000000	0020	BANKSEL STATUS
	K	 11 0001 1KKK KKKK	9
000000	3189	PAGESEL SYSCOMPLESSTHAN16
	K	 10 0KKK KKKK KKKK	2439
00077D	2187	CALL SYSCOMPLESSTHAN16
	K	 11 0001 1KKK KKKK	7
000000	3187	PAGESEL $
	F	 00 1001 DFFF FFFF	112
	D	 00 1001 D111 0000	1
00077F	09F0	COMF SYSBYTETEMPX,F
	F	 01 11BB BFFF FFFF	112
	B	 01 11BB B111 0000	0
000780	1C70	BTFSS SYSBYTETEMPX,0
	K	 10 1KKK KKKK KKKK	1956
000781	2FA4	GOTO ENDIF20
		SYSVALHUNDREDS
	K	00 0000 001K KKKK	1
000000	0021	BANKSEL SYSVALTEMP
	F	 00 1000 DFFF FFFF	170
	D	 00 1000 D010 1010	0
000783	082A	MOVF SYSVALTEMP,W
	F	 00 0000 1FFF FFFF	117
000784	00F5	MOVWF SYSWORDTEMPA
	F	 00 1000 DFFF FFFF	171
	D	 00 1000 D010 1011	0
000785	082B	MOVF SYSVALTEMP_H,W
	F	 00 0000 1FFF FFFF	118
000786	00F6	MOVWF SYSWORDTEMPA_H
	K	 11 0000 KKKK KKKK	100
000787	3064	MOVLW 100
	F	 00 0000 1FFF FFFF	121
000788	00F9	MOVWF SYSWORDTEMPB
	F	 00 0001 1FFF FFFF	122
000789	01FA	CLRF SYSWORDTEMPB_H
	K	00 0000 001K KKKK	0
000000	0020	BANKSEL STATUS
	K	 11 0001 1KKK KKKK	9
000000	3189	PAGESEL SYSDIVSUB16
	K	 10 0KKK KKKK KKKK	2491
00078C	21BB	CALL SYSDIVSUB16
	K	 11 0001 1KKK KKKK	7
000000	3187	PAGESEL $
	F	 00 1000 DFFF FFFF	117
	D	 00 1000 D111 0101	0
00078E	0875	MOVF SYSWORDTEMPA,W
	K	00 0000 001K KKKK	1
000000	0021	BANKSEL SYSSTRDATA
	F	 00 0000 1FFF FFFF	164
000790	00A4	MOVWF SYSSTRDATA
	F	 00 1000 DFFF FFFF	112
	D	 00 1000 D111 0000	0
000791	0870	MOVF SYSCALCTEMPX,W
	F	 00 0000 1FFF FFFF	170
000792	00AA	MOVWF SYSVALTEMP
	F	 00 1000 DFFF FFFF	113
	D	 00 1000 D111 0001	0
000793	0871	MOVF SYSCALCTEMPX_H,W
	F	 00 0000 1FFF FFFF	171
000794	00AB	MOVWF SYSVALTEMP_H
	K	00 0000 001K KKKK	0
000000	0020	BANKSEL SYSCHARCOUNT
	F	 00 1010 DFFF FFFF	105
	D	 00 1010 D110 1001	1
000796	0AE9	INCF SYSCHARCOUNT,F
	K	 11 0000 KKKK KKKK	5
000797	3005	MOVLW LOW(STR)
	F	 00 0111 DFFF FFFF	105
	D	 00 0111 D110 1001	0
000798	0769	ADDWF SYSCHARCOUNT,W
	F	 00 0000 1FFF FFFF	4
000799	0084	MOVWF AFSR0
	K	 11 0000 KKKK KKKK	0
00079A	3000	MOVLW 0
	K	00 0000 001K KKKK	1
000000	0021	BANKSEL SYSTEMP1
	F	 00 0000 1FFF FFFF	165
00079C	00A5	MOVWF SYSTEMP1
	K	 11 0000 KKKK KKKK	33
00079D	3021	MOVLW HIGH(STR)
	F	 11 1101 DFFF FFFF	165
	D	 11 1101 D010 0101	0
00079E	3D25	ADDWFC SYSTEMP1,W
	F	 00 0000 1FFF FFFF	5
00079F	0085	MOVWF AFSR0_H
	K	 11 0000 KKKK KKKK	48
0007A0	3030	MOVLW 48
	F	 00 0111 DFFF FFFF	164
	D	 00 0111 D010 0100	0
0007A1	0724	ADDWF SYSSTRDATA,W
	F	 00 0000 1FFF FFFF	0
0007A2	0080	MOVWF INDF0
	K	 10 1KKK KKKK KKKK	1971
0007A3	2FB3	GOTO SYSVALTENS
		ENDIF20
	K	00 0000 001K KKKK	1
000000	0021	BANKSEL SYSVALTEMP
	F	 00 1000 DFFF FFFF	170
	D	 00 1000 D010 1010	0
0007A5	082A	MOVF SYSVALTEMP,W
	F	 00 0000 1FFF FFFF	117
0007A6	00F5	MOVWF SYSWORDTEMPA
	F	 00 1000 DFFF FFFF	171
	D	 00 1000 D010 1011	0
0007A7	082B	MOVF SYSVALTEMP_H,W
	F	 00 0000 1FFF FFFF	118
0007A8	00F6	MOVWF SYSWORDTEMPA_H
	K	 11 0000 KKKK KKKK	10
0007A9	300A	MOVLW 10
	F	 00 0000 1FFF FFFF	121
0007AA	00F9	MOVWF SYSWORDTEMPB
	F	 00 0001 1FFF FFFF	122
0007AB	01FA	CLRF SYSWORDTEMPB_H
	K	00 0000 001K KKKK	0
000000	0020	BANKSEL STATUS
	K	 11 0001 1KKK KKKK	9
000000	3189	PAGESEL SYSCOMPLESSTHAN16
	K	 10 0KKK KKKK KKKK	2439
0007AE	2187	CALL SYSCOMPLESSTHAN16
	K	 11 0001 1KKK KKKK	7
000000	3187	PAGESEL $
	F	 00 1001 DFFF FFFF	112
	D	 00 1001 D111 0000	1
0007B0	09F0	COMF SYSBYTETEMPX,F
	F	 01 11BB BFFF FFFF	112
	B	 01 11BB B111 0000	0
0007B1	1C70	BTFSS SYSBYTETEMPX,0
	K	 10 1KKK KKKK KKKK	2004
0007B2	2FD4	GOTO ENDIF21
		SYSVALTENS
	K	00 0000 001K KKKK	1
000000	0021	BANKSEL SYSVALTEMP
	F	 00 1000 DFFF FFFF	170
	D	 00 1000 D010 1010	0
0007B4	082A	MOVF SYSVALTEMP,W
	F	 00 0000 1FFF FFFF	117
0007B5	00F5	MOVWF SYSWORDTEMPA
	F	 00 1000 DFFF FFFF	171
	D	 00 1000 D010 1011	0
0007B6	082B	MOVF SYSVALTEMP_H,W
	F	 00 0000 1FFF FFFF	118
0007B7	00F6	MOVWF SYSWORDTEMPA_H
	K	 11 0000 KKKK KKKK	10
0007B8	300A	MOVLW 10
	F	 00 0000 1FFF FFFF	121
0007B9	00F9	MOVWF SYSWORDTEMPB
	F	 00 0001 1FFF FFFF	122
0007BA	01FA	CLRF SYSWORDTEMPB_H
	K	00 0000 001K KKKK	0
000000	0020	BANKSEL STATUS
	K	 11 0001 1KKK KKKK	9
000000	3189	PAGESEL SYSDIVSUB16
	K	 10 0KKK KKKK KKKK	2491
0007BD	21BB	CALL SYSDIVSUB16
	K	 11 0001 1KKK KKKK	7
000000	3187	PAGESEL $
	F	 00 1000 DFFF FFFF	117
	D	 00 1000 D111 0101	0
0007BF	0875	MOVF SYSWORDTEMPA,W
	K	00 0000 001K KKKK	1
000000	0021	BANKSEL SYSSTRDATA
	F	 00 0000 1FFF FFFF	164
0007C1	00A4	MOVWF SYSSTRDATA
	F	 00 1000 DFFF FFFF	112
	D	 00 1000 D111 0000	0
0007C2	0870	MOVF SYSCALCTEMPX,W
	F	 00 0000 1FFF FFFF	170
0007C3	00AA	MOVWF SYSVALTEMP
	F	 00 1000 DFFF FFFF	113
	D	 00 1000 D111 0001	0
0007C4	0871	MOVF SYSCALCTEMPX_H,W
	F	 00 0000 1FFF FFFF	171
0007C5	00AB	MOVWF SYSVALTEMP_H
	K	00 0000 001K KKKK	0
000000	0020	BANKSEL SYSCHARCOUNT
	F	 00 1010 DFFF FFFF	105
	D	 00 1010 D110 1001	1
0007C7	0AE9	INCF SYSCHARCOUNT,F
	K	 11 0000 KKKK KKKK	5
0007C8	3005	MOVLW LOW(STR)
	F	 00 0111 DFFF FFFF	105
	D	 00 0111 D110 1001	0
0007C9	0769	ADDWF SYSCHARCOUNT,W
	F	 00 0000 1FFF FFFF	4
0007CA	0084	MOVWF AFSR0
	K	 11 0000 KKKK KKKK	0
0007CB	3000	MOVLW 0
	K	00 0000 001K KKKK	1
000000	0021	BANKSEL SYSTEMP1
	F	 00 0000 1FFF FFFF	165
0007CD	00A5	MOVWF SYSTEMP1
	K	 11 0000 KKKK KKKK	33
0007CE	3021	MOVLW HIGH(STR)
	F	 11 1101 DFFF FFFF	165
	D	 11 1101 D010 0101	0
0007CF	3D25	ADDWFC SYSTEMP1,W
	F	 00 0000 1FFF FFFF	5
0007D0	0085	MOVWF AFSR0_H
	K	 11 0000 KKKK KKKK	48
0007D1	3030	MOVLW 48
	F	 00 0111 DFFF FFFF	164
	D	 00 0111 D010 0100	0
0007D2	0724	ADDWF SYSSTRDATA,W
	F	 00 0000 1FFF FFFF	0
0007D3	0080	MOVWF INDF0
		ENDIF21
	K	00 0000 001K KKKK	0
000000	0020	BANKSEL SYSCHARCOUNT
	F	 00 1010 DFFF FFFF	105
	D	 00 1010 D110 1001	1
0007D5	0AE9	INCF SYSCHARCOUNT,F
	K	 11 0000 KKKK KKKK	5
0007D6	3005	MOVLW LOW(STR)
	F	 00 0111 DFFF FFFF	105
	D	 00 0111 D110 1001	0
0007D7	0769	ADDWF SYSCHARCOUNT,W
	F	 00 0000 1FFF FFFF	4
0007D8	0084	MOVWF AFSR0
	K	 11 0000 KKKK KKKK	0
0007D9	3000	MOVLW 0
	K	00 0000 001K KKKK	1
000000	0021	BANKSEL SYSTEMP1
	F	 00 0000 1FFF FFFF	165
0007DB	00A5	MOVWF SYSTEMP1
	K	 11 0000 KKKK KKKK	33
0007DC	3021	MOVLW HIGH(STR)
	F	 11 1101 DFFF FFFF	165
	D	 11 1101 D010 0101	0
0007DD	3D25	ADDWFC SYSTEMP1,W
	F	 00 0000 1FFF FFFF	5
0007DE	0085	MOVWF AFSR0_H
	K	 11 0000 KKKK KKKK	48
0007DF	3030	MOVLW 48
	F	 00 0111 DFFF FFFF	170
	D	 00 0111 D010 1010	0
0007E0	072A	ADDWF SYSVALTEMP,W
	F	 00 0000 1FFF FFFF	0
0007E1	0080	MOVWF INDF0
	F	 00 1000 DFFF FFFF	112
	D	 00 1000 D111 0000	0
0007E2	0870	MOVF SYSCALCTEMPX,W
	F	 00 0000 1FFF FFFF	170
0007E3	00AA	MOVWF SYSVALTEMP
	F	 00 1000 DFFF FFFF	113
	D	 00 1000 D111 0001	0
0007E4	0871	MOVF SYSCALCTEMPX_H,W
	F	 00 0000 1FFF FFFF	171
0007E5	00AB	MOVWF SYSVALTEMP_H
	K	00 0000 001K KKKK	0
000000	0020	BANKSEL SYSCHARCOUNT
	F	 00 1000 DFFF FFFF	105
	D	 00 1000 D110 1001	0
0007E7	0869	MOVF SYSCHARCOUNT,W
	K	00 0000 001K KKKK	3
000000	0023	BANKSEL SYSSTR_0
	F	 00 0000 1FFF FFFF	437
0007E9	00B5	MOVWF SYSSTR_0
	K	00 0000 001K KKKK	0
000000	0020	BANKSEL STATUS
0007EB	0008	RETURN


		SYSMULTSUB
	F	 00 0001 1FFF FFFF	112
0007EC	01F0	CLRF SYSBYTETEMPX
		MUL8LOOP
	F	 00 1000 DFFF FFFF	117
	D	 00 1000 D111 0101	0
0007ED	0875	MOVF SYSBYTETEMPA, W
	F	 01 10BB BFFF FFFF	121
	B	 01 10BB B111 1001	0
0007EE	1879	BTFSC SYSBYTETEMPB, 0
	F	 00 0111 DFFF FFFF	112
	D	 00 0111 D111 0000	1
0007EF	07F0	ADDWF SYSBYTETEMPX, F
	F	 01 00BB BFFF FFFF	3
	B	 01 00BB B000 0011	0
0007F0	1003	BCF STATUS, C
	F	 00 1100 DFFF FFFF	121
	D	 00 1100 D111 1001	1
0007F1	0CF9	RRF SYSBYTETEMPB, F
	F	 01 00BB BFFF FFFF	3
	B	 01 00BB B000 0011	0
0007F2	1003	BCF STATUS, C
	F	 00 1101 DFFF FFFF	117
	D	 00 1101 D111 0101	1
0007F3	0DF5	RLF SYSBYTETEMPA, F
	F	 00 1000 DFFF FFFF	121
	D	 00 1000 D111 1001	1
0007F4	08F9	MOVF SYSBYTETEMPB, F
	F	 01 11BB BFFF FFFF	3
	B	 01 11BB B000 0011	2
0007F5	1D03	BTFSS STATUS, Z
	K	 10 1KKK KKKK KKKK	2029
0007F6	2FED	GOTO MUL8LOOP
0007F7	0008	RETURN



		CURSOR_POSITION_SSD1306
	F	 00 1000 DFFF FFFF	90
	D	 00 1000 D101 1010	0
000800	085A	MOVF LOCY,W
	F	 00 0000 1FFF FFFF	94
000801	00DE	MOVWF POSCHARY
	K	 11 0000 KKKK KKKK	3
000802	3003	MOVLW 3
	K	00 0000 001K KKKK	1
000000	0021	BANKSEL SYSREPEATTEMP5
	F	 00 0000 1FFF FFFF	163
000804	00A3	MOVWF SYSREPEATTEMP5
		SYSREPEATLOOP5
	F	 01 00BB BFFF FFFF	3
	B	 01 00BB B000 0011	0
000805	1003	BCF STATUS,C
	K	00 0000 001K KKKK	0
000000	0020	BANKSEL POSCHARY
	F	 00 1100 DFFF FFFF	94
	D	 00 1100 D101 1110	1
000807	0CDE	RRF POSCHARY,F
	K	00 0000 001K KKKK	1
000000	0021	BANKSEL SYSREPEATTEMP5
	F	 00 1011 DFFF FFFF	163
	D	 00 1011 D010 0011	1
000809	0BA3	DECFSZ SYSREPEATTEMP5,F
	K	 10 1KKK KKKK KKKK	2053
00080A	2805	GOTO SYSREPEATLOOP5
		SYSREPEATLOOPEND5
	K	 11 0000 KKKK KKKK	32
00080B	3020	MOVLW 32
	K	00 0000 001K KKKK	0
000000	0020	BANKSEL LOCX
	F	 00 0111 DFFF FFFF	89
	D	 00 0111 D101 1001	1
00080D	07D9	ADDWF LOCX,F
	K	 11 0000 KKKK KKKK	176
00080E	30B0	MOVLW 176
	F	 00 0111 DFFF FFFF	94
	D	 00 0111 D101 1110	0
00080F	075E	ADDWF POSCHARY,W
	F	 00 0000 1FFF FFFF	101
000810	00E5	MOVWF SSD1306SENDBYTE
	K	 10 0KKK KKKK KKKK	2570
000811	220A	CALL WRITE_COMMAND_SSD1306
	K	 11 0001 1KKK KKKK	8
000000	3188	PAGESEL $
	K	 11 0000 KKKK KKKK	15
000813	300F	MOVLW 15
	F	 00 0101 DFFF FFFF	89
	D	 00 0101 D101 1001	0
000814	0559	ANDWF LOCX,W
	F	 00 0000 1FFF FFFF	92
000815	00DC	MOVWF POSCHARX
	F	 00 0001 1FFF FFFF	93
000816	01DD	CLRF POSCHARX_H
	F	 00 1000 DFFF FFFF	92
	D	 00 1000 D101 1100	0
000817	085C	MOVF POSCHARX,W
	F	 00 0000 1FFF FFFF	101
000818	00E5	MOVWF SSD1306SENDBYTE
	K	 10 0KKK KKKK KKKK	2570
000819	220A	CALL WRITE_COMMAND_SSD1306
	K	 11 0001 1KKK KKKK	8
000000	3188	PAGESEL $
	F	 00 1000 DFFF FFFF	89
	D	 00 1000 D101 1001	0
00081B	0859	MOVF LOCX,W
	F	 00 0000 1FFF FFFF	92
00081C	00DC	MOVWF POSCHARX
	F	 00 0001 1FFF FFFF	93
00081D	01DD	CLRF POSCHARX_H
	K	 11 0000 KKKK KKKK	4
00081E	3004	MOVLW 4
	K	00 0000 001K KKKK	1
000000	0021	BANKSEL SYSREPEATTEMP5
	F	 00 0000 1FFF FFFF	163
000820	00A3	MOVWF SYSREPEATTEMP5
		SYSREPEATLOOP6
	F	 01 00BB BFFF FFFF	3
	B	 01 00BB B000 0011	0
000821	1003	BCF STATUS,C
	K	00 0000 001K KKKK	0
000000	0020	BANKSEL POSCHARX_H
	F	 00 1100 DFFF FFFF	93
	D	 00 1100 D101 1101	1
000823	0CDD	RRF POSCHARX_H,F
	F	 00 1100 DFFF FFFF	92
	D	 00 1100 D101 1100	1
000824	0CDC	RRF POSCHARX,F
	K	00 0000 001K KKKK	1
000000	0021	BANKSEL SYSREPEATTEMP5
	F	 00 1011 DFFF FFFF	163
	D	 00 1011 D010 0011	1
000826	0BA3	DECFSZ SYSREPEATTEMP5,F
	K	 10 1KKK KKKK KKKK	2081
000827	2821	GOTO SYSREPEATLOOP6
		SYSREPEATLOOPEND6
	K	 11 0000 KKKK KKKK	15
000828	300F	MOVLW 15
	K	00 0000 001K KKKK	0
000000	0020	BANKSEL POSCHARX
	F	 00 0101 DFFF FFFF	92
	D	 00 0101 D101 1100	0
00082A	055C	ANDWF POSCHARX,W
	K	00 0000 001K KKKK	1
000000	0021	BANKSEL SYSTEMP1
	F	 00 0000 1FFF FFFF	165
00082C	00A5	MOVWF SYSTEMP1
	F	 00 0001 1FFF FFFF	166
00082D	01A6	CLRF SYSTEMP1_H
	K	 11 0000 KKKK KKKK	16
00082E	3010	MOVLW 16
	F	 00 0111 DFFF FFFF	165
	D	 00 0111 D010 0101	0
00082F	0725	ADDWF SYSTEMP1,W
	K	00 0000 001K KKKK	0
000000	0020	BANKSEL POSCHARX
	F	 00 0000 1FFF FFFF	92
000831	00DC	MOVWF POSCHARX
	K	 11 0000 KKKK KKKK	0
000832	3000	MOVLW 0
	K	00 0000 001K KKKK	1
000000	0021	BANKSEL SYSTEMP1_H
	F	 11 1101 DFFF FFFF	166
	D	 11 1101 D010 0110	0
000834	3D26	ADDWFC SYSTEMP1_H,W
	K	00 0000 001K KKKK	0
000000	0020	BANKSEL POSCHARX_H
	F	 00 0000 1FFF FFFF	93
000836	00DD	MOVWF POSCHARX_H
	F	 00 1000 DFFF FFFF	92
	D	 00 1000 D101 1100	0
000837	085C	MOVF POSCHARX,W
	F	 00 0000 1FFF FFFF	101
000838	00E5	MOVWF SSD1306SENDBYTE
	K	 10 1KKK KKKK KKKK	2570
000839	2A0A	GOTO WRITE_COMMAND_SSD1306


		DELAY_MS
	F	 00 1010 DFFF FFFF	115
	D	 00 1010 D111 0011	1
00083A	0AF3	INCF SYSWAITTEMPMS_H, F
		DMS_START
	K	 11 0000 KKKK KKKK	14
00083B	300E	MOVLW 14
	F	 00 0000 1FFF FFFF	113
00083C	00F1	MOVWF DELAYTEMP2
		DMS_OUTER
	K	 11 0000 KKKK KKKK	189
00083D	30BD	MOVLW 189
	F	 00 0000 1FFF FFFF	112
00083E	00F0	MOVWF DELAYTEMP
		DMS_INNER
	F	 00 1011 DFFF FFFF	112
	D	 00 1011 D111 0000	1
00083F	0BF0	DECFSZ DELAYTEMP, F
	K	 10 1KKK KKKK KKKK	2111
000840	283F	GOTO DMS_INNER
	F	 00 1011 DFFF FFFF	113
	D	 00 1011 D111 0001	1
000841	0BF1	DECFSZ DELAYTEMP2, F
	K	 10 1KKK KKKK KKKK	2109
000842	283D	GOTO DMS_OUTER
	F	 00 1011 DFFF FFFF	114
	D	 00 1011 D111 0010	1
000843	0BF2	DECFSZ SYSWAITTEMPMS, F
	K	 10 1KKK KKKK KKKK	2107
000844	283B	GOTO DMS_START
	F	 00 1011 DFFF FFFF	115
	D	 00 1011 D111 0011	1
000845	0BF3	DECFSZ SYSWAITTEMPMS_H, F
	K	 10 1KKK KKKK KKKK	2107
000846	283B	GOTO DMS_START
000847	0008	RETURN


		DELAY_S
		DS_START
	K	 11 0000 KKKK KKKK	232
000848	30E8	MOVLW 232
	F	 00 0000 1FFF FFFF	114
000849	00F2	MOVWF SYSWAITTEMPMS
	K	 11 0000 KKKK KKKK	3
00084A	3003	MOVLW 3
	F	 00 0000 1FFF FFFF	115
00084B	00F3	MOVWF SYSWAITTEMPMS_H
	K	 10 0KKK KKKK KKKK	2106
00084C	203A	CALL DELAY_MS
	F	 00 1011 DFFF FFFF	116
	D	 00 1011 D111 0100	1
00084D	0BF4	DECFSZ SYSWAITTEMPS, F
	K	 10 1KKK KKKK KKKK	2120
00084E	2848	GOTO DS_START
00084F	0008	RETURN


		GLCDPRINT4
	F	 00 1000 DFFF FFFF	110
	D	 00 1000 D110 1110	0
000850	086E	MOVF SYSLCDPRINTDATAHANDLER,W
	F	 00 0000 1FFF FFFF	4
000851	0084	MOVWF AFSR0
	F	 00 1000 DFFF FFFF	111
	D	 00 1000 D110 1111	0
000852	086F	MOVF SYSLCDPRINTDATAHANDLER_H,W
	F	 00 0000 1FFF FFFF	5
000853	0085	MOVWF AFSR0_H
	F	 00 1000 DFFF FFFF	0
	D	 00 1000 D000 0000	0
000854	0800	MOVF INDF0,W
	F	 00 0000 1FFF FFFF	62
000855	00BE	MOVWF GLCDPRINTLEN
	F	 00 1000 DFFF FFFF	62
	D	 00 1000 D011 1110	1
000856	08BE	MOVF GLCDPRINTLEN,F
	F	 01 10BB BFFF FFFF	3
	B	 01 10BB B000 0011	2
000857	1903	BTFSC STATUS, Z
000858	0008	RETURN
	F	 00 1000 DFFF FFFF	95
	D	 00 1000 D101 1111	0
000859	085F	MOVF PRINTLOCX,W
	F	 00 0000 1FFF FFFF	63
00085A	00BF	MOVWF GLCDPRINTLOC
	F	 00 1000 DFFF FFFF	96
	D	 00 1000 D110 0000	0
00085B	0860	MOVF PRINTLOCX_H,W
	F	 00 0000 1FFF FFFF	64
00085C	00C0	MOVWF GLCDPRINTLOC_H
	F	 00 0001 1FFF FFFF	65
00085D	01C1	CLRF GLCDPRINT_STRING_COUNTER
	K	 11 0000 KKKK KKKK	1
00085E	3001	MOVLW 1
	F	 00 0010 DFFF FFFF	62
	D	 00 0010 D011 1110	0
00085F	023E	SUBWF GLCDPRINTLEN,W
	F	 01 11BB BFFF FFFF	3
	B	 01 11BB B000 0011	0
000860	1C03	BTFSS STATUS, C
	K	 10 1KKK KKKK KKKK	2202
000861	289A	GOTO SYSFORLOOPEND3
		SYSFORLOOP3
	F	 00 1010 DFFF FFFF	65
	D	 00 1010 D100 0001	1
000862	0AC1	INCF GLCDPRINT_STRING_COUNTER,F
	F	 00 1000 DFFF FFFF	63
	D	 00 1000 D011 1111	0
000863	083F	MOVF GLCDPRINTLOC,W
	F	 00 0000 1FFF FFFF	36
000864	00A4	MOVWF CHARLOCX
	F	 00 1000 DFFF FFFF	64
	D	 00 1000 D100 0000	0
000865	0840	MOVF GLCDPRINTLOC_H,W
	F	 00 0000 1FFF FFFF	37
000866	00A5	MOVWF CHARLOCX_H
	F	 00 1000 DFFF FFFF	97
	D	 00 1000 D110 0001	0
000867	0861	MOVF PRINTLOCY,W
	F	 00 0000 1FFF FFFF	38
000868	00A6	MOVWF CHARLOCY
	F	 00 1000 DFFF FFFF	98
	D	 00 1000 D110 0010	0
000869	0862	MOVF PRINTLOCY_H,W
	F	 00 0000 1FFF FFFF	39
00086A	00A7	MOVWF CHARLOCY_H
	F	 00 1000 DFFF FFFF	65
	D	 00 1000 D100 0001	0
00086B	0841	MOVF GLCDPRINT_STRING_COUNTER,W
	F	 00 0111 DFFF FFFF	110
	D	 00 0111 D110 1110	0
00086C	076E	ADDWF SYSLCDPRINTDATAHANDLER,W
	F	 00 0000 1FFF FFFF	4
00086D	0084	MOVWF AFSR0
	K	 11 0000 KKKK KKKK	0
00086E	3000	MOVLW 0
	F	 11 1101 DFFF FFFF	111
	D	 11 1101 D110 1111	0
00086F	3D6F	ADDWFC SYSLCDPRINTDATAHANDLER_H,W
	F	 00 0000 1FFF FFFF	5
000870	0085	MOVWF AFSR0_H
	F	 00 1000 DFFF FFFF	0
	D	 00 1000 D000 0000	0
000871	0800	MOVF INDF0,W
	F	 00 0000 1FFF FFFF	32
000872	00A0	MOVWF CHARCODE
	F	 00 1000 DFFF FFFF	60
	D	 00 1000 D011 1100	0
000873	083C	MOVF GLCDFOREGROUND,W
	F	 00 0000 1FFF FFFF	79
000874	00CF	MOVWF LINECOLOUR
	F	 00 1000 DFFF FFFF	61
	D	 00 1000 D011 1101	0
000875	083D	MOVF GLCDFOREGROUND_H,W
	F	 00 0000 1FFF FFFF	80
000876	00D0	MOVWF LINECOLOUR_H
	K	 11 0001 1KKK KKKK	5
000000	3185	PAGESEL GLCDDRAWCHAR_SSD1306
	K	 10 0KKK KKKK KKKK	1286
000878	2506	CALL GLCDDRAWCHAR_SSD1306
	K	 11 0001 1KKK KKKK	8
000000	3188	PAGESEL $
	F	 00 1000 DFFF FFFF	59
	D	 00 1000 D011 1011	0
00087A	083B	MOVF GLCDFONTWIDTH,W
	F	 00 0000 1FFF FFFF	117
00087B	00F5	MOVWF SYSBYTETEMPA
	F	 00 1000 DFFF FFFF	58
	D	 00 1000 D011 1010	0
00087C	083A	MOVF GLCDFNTDEFAULTSIZE,W
	F	 00 0000 1FFF FFFF	121
00087D	00F9	MOVWF SYSBYTETEMPB
	K	 11 0001 1KKK KKKK	7
000000	3187	PAGESEL SYSMULTSUB
	K	 10 0KKK KKKK KKKK	2028
00087F	27EC	CALL SYSMULTSUB
	K	 11 0001 1KKK KKKK	8
000000	3188	PAGESEL $
	F	 00 1000 DFFF FFFF	112
	D	 00 1000 D111 0000	0
000881	0870	MOVF SYSBYTETEMPX,W
	K	00 0000 001K KKKK	1
000000	0021	BANKSEL SYSTEMP1
	F	 00 0000 1FFF FFFF	165
000883	00A5	MOVWF SYSTEMP1
	K	00 0000 001K KKKK	0
000000	0020	BANKSEL GLCDPRINTLOC
	F	 00 0111 DFFF FFFF	63
	D	 00 0111 D011 1111	0
000885	073F	ADDWF GLCDPRINTLOC,W
	K	00 0000 001K KKKK	1
000000	0021	BANKSEL SYSTEMP2
	F	 00 0000 1FFF FFFF	167
000887	00A7	MOVWF SYSTEMP2
	K	 11 0000 KKKK KKKK	0
000888	3000	MOVLW 0
	K	00 0000 001K KKKK	0
000000	0020	BANKSEL GLCDPRINTLOC_H
	F	 11 1101 DFFF FFFF	64
	D	 11 1101 D100 0000	0
00088A	3D40	ADDWFC GLCDPRINTLOC_H,W
	K	00 0000 001K KKKK	1
000000	0021	BANKSEL SYSTEMP2_H
	F	 00 0000 1FFF FFFF	168
00088C	00A8	MOVWF SYSTEMP2_H
	K	 11 0000 KKKK KKKK	1
00088D	3001	MOVLW 1
	F	 00 0111 DFFF FFFF	167
	D	 00 0111 D010 0111	0
00088E	0727	ADDWF SYSTEMP2,W
	K	00 0000 001K KKKK	0
000000	0020	BANKSEL GLCDPRINTLOC
	F	 00 0000 1FFF FFFF	63
000890	00BF	MOVWF GLCDPRINTLOC
	K	 11 0000 KKKK KKKK	0
000891	3000	MOVLW 0
	K	00 0000 001K KKKK	1
000000	0021	BANKSEL SYSTEMP2_H
	F	 11 1101 DFFF FFFF	168
	D	 11 1101 D010 1000	0
000893	3D28	ADDWFC SYSTEMP2_H,W
	K	00 0000 001K KKKK	0
000000	0020	BANKSEL GLCDPRINTLOC_H
	F	 00 0000 1FFF FFFF	64
000895	00C0	MOVWF GLCDPRINTLOC_H
	F	 00 1000 DFFF FFFF	62
	D	 00 1000 D011 1110	0
000896	083E	MOVF GLCDPRINTLEN,W
	F	 00 0010 DFFF FFFF	65
	D	 00 0010 D100 0001	0
000897	0241	SUBWF GLCDPRINT_STRING_COUNTER,W
	F	 01 11BB BFFF FFFF	3
	B	 01 11BB B000 0011	0
000898	1C03	BTFSS STATUS, C
	K	 10 1KKK KKKK KKKK	2146
000899	2862	GOTO SYSFORLOOP3
		SYSFORLOOPEND3
	F	 00 1000 DFFF FFFF	63
	D	 00 1000 D011 1111	0
00089A	083F	MOVF GLCDPRINTLOC,W
	F	 00 0000 1FFF FFFF	95
00089B	00DF	MOVWF PRINTLOCX
	F	 00 1000 DFFF FFFF	64
	D	 00 1000 D100 0000	0
00089C	0840	MOVF GLCDPRINTLOC_H,W
	F	 00 0000 1FFF FFFF	96
00089D	00E0	MOVWF PRINTLOCX_H
00089E	0008	RETURN


		I2CSEND
	K	00 0000 001K KKKK	1
000000	0021	BANKSEL TRISC
	F	 01 00BB BFFF FFFF	142
	B	 01 00BB B000 1110	5
0008A0	128E	BCF TRISC,5
	K	00 0000 001K KKKK	2
000000	0022	BANKSEL LATC
	F	 01 00BB BFFF FFFF	270
	B	 01 00BB B000 1110	5
0008A2	128E	BCF LATC,5
	K	 11 0000 KKKK KKKK	2
0008A3	3002	MOVLW 2
	F	 00 0000 1FFF FFFF	112
0008A4	00F0	MOVWF DELAYTEMP
		DELAYUS6
	F	 00 1011 DFFF FFFF	112
	D	 00 1011 D111 0000	1
0008A5	0BF0	DECFSZ DELAYTEMP,F
	K	 10 1KKK KKKK KKKK	2213
0008A6	28A5	GOTO DELAYUS6
0008A7	0000	NOP
	K	 11 0000 KKKK KKKK	8
0008A8	3008	MOVLW 8
	K	00 0000 001K KKKK	1
000000	0021	BANKSEL SYSREPEATTEMP1
	F	 00 0000 1FFF FFFF	160
0008AA	00A0	MOVWF SYSREPEATTEMP1
		SYSREPEATLOOP1
	K	00 0000 001K KKKK	0
000000	0020	BANKSEL I2CBYTE
	F	 01 11BB BFFF FFFF	76
	B	 01 11BB B100 1100	7
0008AC	1FCC	BTFSS I2CBYTE,7
	K	 10 1KKK KKKK KKKK	2225
0008AD	28B1	GOTO ELSE22_1
	K	00 0000 001K KKKK	1
000000	0021	BANKSEL TRISC
	F	 01 01BB BFFF FFFF	142
	B	 01 01BB B000 1110	4
0008AF	160E	BSF TRISC,4
	K	 10 1KKK KKKK KKKK	2229
0008B0	28B5	GOTO ENDIF22
		ELSE22_1
	K	00 0000 001K KKKK	1
000000	0021	BANKSEL TRISC
	F	 01 00BB BFFF FFFF	142
	B	 01 00BB B000 1110	4
0008B2	120E	BCF TRISC,4
	K	00 0000 001K KKKK	2
000000	0022	BANKSEL LATC
	F	 01 00BB BFFF FFFF	270
	B	 01 00BB B000 1110	4
0008B4	120E	BCF LATC,4
		ENDIF22
	K	00 0000 001K KKKK	0
000000	0020	BANKSEL I2CBYTE
	F	 00 1101 DFFF FFFF	76
	D	 00 1101 D100 1100	1
0008B6	0DCC	RLF I2CBYTE,F
	K	00 0000 001K KKKK	1
000000	0021	BANKSEL TRISC
	F	 01 01BB BFFF FFFF	142
	B	 01 01BB B000 1110	5
0008B8	168E	BSF TRISC,5
		SYSWAITLOOP1
	K	00 0000 001K KKKK	0
000000	0020	BANKSEL PORTC
	F	 01 11BB BFFF FFFF	14
	B	 01 11BB B000 1110	5
0008BA	1E8E	BTFSS PORTC,5
	K	 10 1KKK KKKK KKKK	2233
0008BB	28B9	GOTO SYSWAITLOOP1
	K	 11 0000 KKKK KKKK	2
0008BC	3002	MOVLW 2
	F	 00 0000 1FFF FFFF	112
0008BD	00F0	MOVWF DELAYTEMP
		DELAYUS7
	F	 00 1011 DFFF FFFF	112
	D	 00 1011 D111 0000	1
0008BE	0BF0	DECFSZ DELAYTEMP,F
	K	 10 1KKK KKKK KKKK	2238
0008BF	28BE	GOTO DELAYUS7
0008C0	0000	NOP
	K	00 0000 001K KKKK	1
000000	0021	BANKSEL TRISC
	F	 01 00BB BFFF FFFF	142
	B	 01 00BB B000 1110	5
0008C2	128E	BCF TRISC,5
	K	00 0000 001K KKKK	2
000000	0022	BANKSEL LATC
	F	 01 00BB BFFF FFFF	270
	B	 01 00BB B000 1110	5
0008C4	128E	BCF LATC,5
	K	 11 0000 KKKK KKKK	2
0008C5	3002	MOVLW 2
	F	 00 0000 1FFF FFFF	112
0008C6	00F0	MOVWF DELAYTEMP
		DELAYUS8
	F	 00 1011 DFFF FFFF	112
	D	 00 1011 D111 0000	1
0008C7	0BF0	DECFSZ DELAYTEMP,F
	K	 10 1KKK KKKK KKKK	2247
0008C8	28C7	GOTO DELAYUS8
0008C9	0000	NOP
	K	00 0000 001K KKKK	1
000000	0021	BANKSEL SYSREPEATTEMP1
	F	 00 1011 DFFF FFFF	160
	D	 00 1011 D010 0000	1
0008CB	0BA0	DECFSZ SYSREPEATTEMP1,F
	K	 10 1KKK KKKK KKKK	2219
0008CC	28AB	GOTO SYSREPEATLOOP1
		SYSREPEATLOOPEND1
	K	 11 0000 KKKK KKKK	5
0008CD	3005	MOVLW 5
	F	 00 0000 1FFF FFFF	112
0008CE	00F0	MOVWF DELAYTEMP
		DELAYUS9
	F	 00 1011 DFFF FFFF	112
	D	 00 1011 D111 0000	1
0008CF	0BF0	DECFSZ DELAYTEMP,F
	K	 10 1KKK KKKK KKKK	2255
0008D0	28CF	GOTO DELAYUS9
	F	 01 01BB BFFF FFFF	142
	B	 01 01BB B000 1110	4
0008D1	160E	BSF TRISC,4
	K	 11 0000 KKKK KKKK	2
0008D2	3002	MOVLW 2
	F	 00 0000 1FFF FFFF	112
0008D3	00F0	MOVWF DELAYTEMP
		DELAYUS10
	F	 00 1011 DFFF FFFF	112
	D	 00 1011 D111 0000	1
0008D4	0BF0	DECFSZ DELAYTEMP,F
	K	 10 1KKK KKKK KKKK	2260
0008D5	28D4	GOTO DELAYUS10
0008D6	0000	NOP
	F	 01 01BB BFFF FFFF	142
	B	 01 01BB B000 1110	5
0008D7	168E	BSF TRISC,5
		SYSWAITLOOP2
	K	00 0000 001K KKKK	0
000000	0020	BANKSEL PORTC
	F	 01 11BB BFFF FFFF	14
	B	 01 11BB B000 1110	5
0008D9	1E8E	BTFSS PORTC,5
	K	 10 1KKK KKKK KKKK	2264
0008DA	28D8	GOTO SYSWAITLOOP2
	F	 01 11BB BFFF FFFF	14
	B	 01 11BB B000 1110	4
0008DB	1E0E	BTFSS PORTC,4
	K	 10 1KKK KKKK KKKK	2272
0008DC	28E0	GOTO ELSE23_1
	F	 00 0001 1FFF FFFF	74
0008DD	01CA	CLRF I2CACK
	F	 00 0001 1FFF FFFF	75
0008DE	01CB	CLRF I2CACKPOLLSTATE
	K	 10 1KKK KKKK KKKK	2276
0008DF	28E4	GOTO ENDIF23
		ELSE23_1
	K	 11 0000 KKKK KKKK	255
0008E0	30FF	MOVLW 255
	F	 00 0000 1FFF FFFF	74
0008E1	00CA	MOVWF I2CACK
	K	 11 0000 KKKK KKKK	255
0008E2	30FF	MOVLW 255
	F	 00 0000 1FFF FFFF	75
0008E3	00CB	MOVWF I2CACKPOLLSTATE
		ENDIF23
	K	00 0000 001K KKKK	1
000000	0021	BANKSEL TRISC
	F	 01 00BB BFFF FFFF	142
	B	 01 00BB B000 1110	5
0008E5	128E	BCF TRISC,5
	K	00 0000 001K KKKK	2
000000	0022	BANKSEL LATC
	F	 01 00BB BFFF FFFF	270
	B	 01 00BB B000 1110	5
0008E7	128E	BCF LATC,5
	K	 11 0000 KKKK KKKK	2
0008E8	3002	MOVLW 2
	F	 00 0000 1FFF FFFF	112
0008E9	00F0	MOVWF DELAYTEMP
		DELAYUS11
	F	 00 1011 DFFF FFFF	112
	D	 00 1011 D111 0000	1
0008EA	0BF0	DECFSZ DELAYTEMP,F
	K	 10 1KKK KKKK KKKK	2282
0008EB	28EA	GOTO DELAYUS11
0008EC	0000	NOP
	K	00 0000 001K KKKK	1
000000	0021	BANKSEL TRISC
	F	 01 00BB BFFF FFFF	142
	B	 01 00BB B000 1110	4
0008EE	120E	BCF TRISC,4
	K	00 0000 001K KKKK	2
000000	0022	BANKSEL LATC
	F	 01 00BB BFFF FFFF	270
	B	 01 00BB B000 1110	4
0008F0	120E	BCF LATC,4
	K	 11 0000 KKKK KKKK	5
0008F1	3005	MOVLW 5
	F	 00 0000 1FFF FFFF	112
0008F2	00F0	MOVWF DELAYTEMP
		DELAYUS12
	F	 00 1011 DFFF FFFF	112
	D	 00 1011 D111 0000	1
0008F3	0BF0	DECFSZ DELAYTEMP,F
	K	 10 1KKK KKKK KKKK	2291
0008F4	28F3	GOTO DELAYUS12
	K	00 0000 001K KKKK	0
000000	0020	BANKSEL STATUS
0008F6	0008	RETURN


		I2CSTART
	K	00 0000 001K KKKK	1
000000	0021	BANKSEL TRISC
	F	 01 01BB BFFF FFFF	142
	B	 01 01BB B000 1110	4
0008F8	160E	BSF TRISC,4
	F	 01 01BB BFFF FFFF	142
	B	 01 01BB B000 1110	5
0008F9	168E	BSF TRISC,5
	K	 11 0000 KKKK KKKK	2
0008FA	3002	MOVLW 2
	F	 00 0000 1FFF FFFF	112
0008FB	00F0	MOVWF DELAYTEMP
		DELAYUS1
	F	 00 1011 DFFF FFFF	112
	D	 00 1011 D111 0000	1
0008FC	0BF0	DECFSZ DELAYTEMP,F
	K	 10 1KKK KKKK KKKK	2300
0008FD	28FC	GOTO DELAYUS1
0008FE	0000	NOP
	F	 01 00BB BFFF FFFF	142
	B	 01 00BB B000 1110	4
0008FF	120E	BCF TRISC,4
	K	00 0000 001K KKKK	2
000000	0022	BANKSEL LATC
	F	 01 00BB BFFF FFFF	270
	B	 01 00BB B000 1110	4
000901	120E	BCF LATC,4
	K	 11 0000 KKKK KKKK	2
000902	3002	MOVLW 2
	F	 00 0000 1FFF FFFF	112
000903	00F0	MOVWF DELAYTEMP
		DELAYUS2
	F	 00 1011 DFFF FFFF	112
	D	 00 1011 D111 0000	1
000904	0BF0	DECFSZ DELAYTEMP,F
	K	 10 1KKK KKKK KKKK	2308
000905	2904	GOTO DELAYUS2
000906	0000	NOP
	K	00 0000 001K KKKK	1
000000	0021	BANKSEL TRISC
	F	 01 00BB BFFF FFFF	142
	B	 01 00BB B000 1110	5
000908	128E	BCF TRISC,5
	K	00 0000 001K KKKK	2
000000	0022	BANKSEL LATC
	F	 01 00BB BFFF FFFF	270
	B	 01 00BB B000 1110	5
00090A	128E	BCF LATC,5
	K	00 0000 001K KKKK	0
000000	0020	BANKSEL STATUS
00090C	0008	RETURN


		PSET_SSD1306
	F	 00 1000 DFFF FFFF	69
	D	 00 1000 D100 0101	0
00090D	0845	MOVF GLCDY,W
	F	 00 0000 1FFF FFFF	70
00090E	00C6	MOVWF GLCDY_TEMP
	K	 11 0000 KKKK KKKK	3
00090F	3003	MOVLW 3
	K	00 0000 001K KKKK	1
000000	0021	BANKSEL SYSREPEATTEMP3
	F	 00 0000 1FFF FFFF	162
000911	00A2	MOVWF SYSREPEATTEMP3
		SYSREPEATLOOP3
	F	 01 00BB BFFF FFFF	3
	B	 01 00BB B000 0011	0
000912	1003	BCF STATUS,C
	K	00 0000 001K KKKK	0
000000	0020	BANKSEL GLCDY_TEMP
	F	 00 1100 DFFF FFFF	70
	D	 00 1100 D100 0110	1
000914	0CC6	RRF GLCDY_TEMP,F
	K	00 0000 001K KKKK	1
000000	0021	BANKSEL SYSREPEATTEMP3
	F	 00 1011 DFFF FFFF	162
	D	 00 1011 D010 0010	1
000916	0BA2	DECFSZ SYSREPEATTEMP3,F
	K	 10 1KKK KKKK KKKK	2322
000917	2912	GOTO SYSREPEATLOOP3
		SYSREPEATLOOPEND3
	F	 00 1000 DFFF FFFF	172
	D	 00 1000 D010 1100	0
000918	082C	MOVF _GLCDPAGE,W
	K	00 0000 001K KKKK	0
000000	0020	BANKSEL GLCDY_TEMP
	F	 00 0010 DFFF FFFF	70
	D	 00 0010 D100 0110	0
00091A	0246	SUBWF GLCDY_TEMP,W
	F	 01 11BB BFFF FFFF	3
	B	 01 11BB B000 0011	2
00091B	1D03	BTFSS STATUS, Z
	K	 10 1KKK KKKK KKKK	2341
00091C	2925	GOTO ELSE37_1
	F	 00 1000 DFFF FFFF	69
	D	 00 1000 D100 0101	0
00091D	0845	MOVF GLCDY,W
	F	 00 0000 1FFF FFFF	117
00091E	00F5	MOVWF SYSBYTETEMPA
	K	 11 0000 KKKK KKKK	8
00091F	3008	MOVLW 8
	F	 00 0000 1FFF FFFF	121
000920	00F9	MOVWF SYSBYTETEMPB
	K	 10 0KKK KKKK KKKK	2471
000921	21A7	CALL SYSDIVSUB
	F	 00 1000 DFFF FFFF	112
	D	 00 1000 D111 0000	0
000922	0870	MOVF SYSBYTETEMPX,W
	F	 00 0000 1FFF FFFF	69
000923	00C5	MOVWF GLCDY
	K	 10 1KKK KKKK KKKK	2342
000924	2926	GOTO ENDIF37
		ELSE37_1
000925	0008	RETURN
		ENDIF37
	K	 11 0000 KKKK KKKK	1
000926	3001	MOVLW 1
	F	 00 0111 DFFF FFFF	68
	D	 00 0111 D100 0100	0
000927	0744	ADDWF GLCDX,W
	F	 00 0000 1FFF FFFF	102
000928	00E6	MOVWF SSD1306_BUFFERLOCATIONCALC
	F	 00 0001 1FFF FFFF	103
000929	01E7	CLRF SSD1306_BUFFERLOCATIONCALC_H
	F	 01 10BB BFFF FFFF	3
	B	 01 10BB B000 0011	0
00092A	1803	BTFSC STATUS,C
	F	 00 1010 DFFF FFFF	103
	D	 00 1010 D110 0111	1
00092B	0AE7	INCF SSD1306_BUFFERLOCATIONCALC_H,F
	K	 11 0000 KKKK KKKK	175
00092C	30AF	MOVLW LOW(SSD1306_BUFFERALIAS)
	F	 00 0111 DFFF FFFF	102
	D	 00 0111 D110 0110	0
00092D	0766	ADDWF SSD1306_BUFFERLOCATIONCALC,W
	F	 00 0000 1FFF FFFF	4
00092E	0084	MOVWF AFSR0
	K	 11 0000 KKKK KKKK	33
00092F	3021	MOVLW HIGH(SSD1306_BUFFERALIAS)
	F	 11 1101 DFFF FFFF	103
	D	 11 1101 D110 0111	0
000930	3D67	ADDWFC SSD1306_BUFFERLOCATIONCALC_H,W
	F	 00 0000 1FFF FFFF	5
000931	0085	MOVWF AFSR0_H
	F	 00 1000 DFFF FFFF	0
	D	 00 1000 D000 0000	0
000932	0800	MOVF INDF0,W
	F	 00 0000 1FFF FFFF	55
000933	00B7	MOVWF GLCDDATATEMP
	K	 11 0000 KKKK KKKK	7
000934	3007	MOVLW 7
	F	 00 0101 DFFF FFFF	69
	D	 00 0101 D100 0101	0
000935	0545	ANDWF GLCDY,W
	F	 00 0000 1FFF FFFF	51
000936	00B3	MOVWF GLCDBITNO
	F	 01 10BB BFFF FFFF	53
	B	 01 10BB B011 0101	0
000937	1835	BTFSC GLCDCOLOUR,0
	K	 10 1KKK KKKK KKKK	2365
000938	293D	GOTO ELSE38_1
	K	 11 0000 KKKK KKKK	254
000939	30FE	MOVLW 254
	F	 00 0000 1FFF FFFF	52
00093A	00B4	MOVWF GLCDCHANGE
	F	 01 01BB BFFF FFFF	3
	B	 01 01BB B000 0011	0
00093B	1403	BSF STATUS,C
	K	 10 1KKK KKKK KKKK	2368
00093C	2940	GOTO ENDIF38
		ELSE38_1
	K	 11 0000 KKKK KKKK	1
00093D	3001	MOVLW 1
	F	 00 0000 1FFF FFFF	52
00093E	00B4	MOVWF GLCDCHANGE
	F	 01 00BB BFFF FFFF	3
	B	 01 00BB B000 0011	0
00093F	1003	BCF STATUS,C
		ENDIF38
	F	 00 1000 DFFF FFFF	51
	D	 00 1000 D011 0011	0
000940	0833	MOVF GLCDBITNO,W
	K	00 0000 001K KKKK	1
000000	0021	BANKSEL SYSREPEATTEMP3
	F	 00 0000 1FFF FFFF	162
000942	00A2	MOVWF SYSREPEATTEMP3
	F	 01 10BB BFFF FFFF	3
	B	 01 10BB B000 0011	2
000943	1903	BTFSC STATUS,Z
	K	 10 1KKK KKKK KKKK	2378
000944	294A	GOTO SYSREPEATLOOPEND4
		SYSREPEATLOOP4
	K	00 0000 001K KKKK	0
000000	0020	BANKSEL GLCDCHANGE
	F	 00 1101 DFFF FFFF	52
	D	 00 1101 D011 0100	1
000946	0DB4	RLF GLCDCHANGE,F
	K	00 0000 001K KKKK	1
000000	0021	BANKSEL SYSREPEATTEMP3
	F	 00 1011 DFFF FFFF	162
	D	 00 1011 D010 0010	1
000948	0BA2	DECFSZ SYSREPEATTEMP3,F
	K	 10 1KKK KKKK KKKK	2373
000949	2945	GOTO SYSREPEATLOOP4
		SYSREPEATLOOPEND4
	K	00 0000 001K KKKK	0
000000	0020	BANKSEL GLCDCOLOUR
	F	 01 10BB BFFF FFFF	53
	B	 01 10BB B011 0101	0
00094B	1835	BTFSC GLCDCOLOUR,0
	K	 10 1KKK KKKK KKKK	2385
00094C	2951	GOTO ELSE39_1
	F	 00 1000 DFFF FFFF	55
	D	 00 1000 D011 0111	0
00094D	0837	MOVF GLCDDATATEMP,W
	F	 00 0101 DFFF FFFF	52
	D	 00 0101 D011 0100	0
00094E	0534	ANDWF GLCDCHANGE,W
	F	 00 0000 1FFF FFFF	55
00094F	00B7	MOVWF GLCDDATATEMP
	K	 10 1KKK KKKK KKKK	2388
000950	2954	GOTO ENDIF39
		ELSE39_1
	F	 00 1000 DFFF FFFF	55
	D	 00 1000 D011 0111	0
000951	0837	MOVF GLCDDATATEMP,W
	F	 00 0100 DFFF FFFF	52
	D	 00 0100 D011 0100	0
000952	0434	IORWF GLCDCHANGE,W
	F	 00 0000 1FFF FFFF	55
000953	00B7	MOVWF GLCDDATATEMP
		ENDIF39
	K	00 0000 001K KKKK	1
000000	0021	BANKSEL _GLCDPAGE
	F	 00 1000 DFFF FFFF	172
	D	 00 1000 D010 1100	0
000955	082C	MOVF _GLCDPAGE,W
	F	 00 0000 1FFF FFFF	117
000956	00F5	MOVWF SYSBYTETEMPA
	K	 11 0000 KKKK KKKK	8
000957	3008	MOVLW 8
	F	 00 0000 1FFF FFFF	121
000958	00F9	MOVWF SYSBYTETEMPB
	K	00 0000 001K KKKK	0
000000	0020	BANKSEL STATUS
	K	 11 0001 1KKK KKKK	7
000000	3187	PAGESEL SYSMULTSUB
	K	 10 0KKK KKKK KKKK	2028
00095B	27EC	CALL SYSMULTSUB
	K	 11 0001 1KKK KKKK	9
000000	3189	PAGESEL $
	F	 00 1000 DFFF FFFF	112
	D	 00 1000 D111 0000	0
00095D	0870	MOVF SYSBYTETEMPX,W
	K	00 0000 001K KKKK	1
000000	0021	BANKSEL SYSTEMP3
	F	 00 0000 1FFF FFFF	169
00095F	00A9	MOVWF SYSTEMP3
	K	00 0000 001K KKKK	0
000000	0020	BANKSEL GLCDY
	F	 00 0111 DFFF FFFF	69
	D	 00 0111 D100 0101	1
000961	07C5	ADDWF GLCDY,F
	K	 11 0000 KKKK KKKK	175
000962	30AF	MOVLW LOW(SSD1306_BUFFERALIAS)
	F	 00 0111 DFFF FFFF	102
	D	 00 0111 D110 0110	0
000963	0766	ADDWF SSD1306_BUFFERLOCATIONCALC,W
	F	 00 0000 1FFF FFFF	4
000964	0084	MOVWF AFSR0
	K	 11 0000 KKKK KKKK	33
000965	3021	MOVLW HIGH(SSD1306_BUFFERALIAS)
	F	 11 1101 DFFF FFFF	103
	D	 11 1101 D110 0111	0
000966	3D67	ADDWFC SSD1306_BUFFERLOCATIONCALC_H,W
	F	 00 0000 1FFF FFFF	5
000967	0085	MOVWF AFSR0_H
	F	 00 1000 DFFF FFFF	55
	D	 00 1000 D011 0111	0
000968	0837	MOVF GLCDDATATEMP,W
	F	 00 0010 DFFF FFFF	0
	D	 00 0010 D000 0000	0
000969	0200	SUBWF INDF0,W
	F	 01 10BB BFFF FFFF	3
	B	 01 10BB B000 0011	2
00096A	1903	BTFSC STATUS, Z
	K	 10 1KKK KKKK KKKK	2420
00096B	2974	GOTO ENDIF40
	K	 11 0000 KKKK KKKK	175
00096C	30AF	MOVLW LOW(SSD1306_BUFFERALIAS)
	F	 00 0111 DFFF FFFF	102
	D	 00 0111 D110 0110	0
00096D	0766	ADDWF SSD1306_BUFFERLOCATIONCALC,W
	F	 00 0000 1FFF FFFF	4
00096E	0084	MOVWF AFSR0
	K	 11 0000 KKKK KKKK	33
00096F	3021	MOVLW HIGH(SSD1306_BUFFERALIAS)
	F	 11 1101 DFFF FFFF	103
	D	 11 1101 D110 0111	0
000970	3D67	ADDWFC SSD1306_BUFFERLOCATIONCALC_H,W
	F	 00 0000 1FFF FFFF	5
000971	0085	MOVWF AFSR0_H
	F	 00 1000 DFFF FFFF	55
	D	 00 1000 D011 0111	0
000972	0837	MOVF GLCDDATATEMP,W
	F	 00 0000 1FFF FFFF	0
000973	0080	MOVWF INDF0
		ENDIF40
000974	0008	RETURN


		SYSCOMPEQUAL16
	F	 00 0001 1FFF FFFF	112
000975	01F0	CLRF SYSBYTETEMPX
	F	 00 1000 DFFF FFFF	117
	D	 00 1000 D111 0101	0
000976	0875	MOVF SYSWORDTEMPA, W
	F	 00 0010 DFFF FFFF	121
	D	 00 0010 D111 1001	0
000977	0279	SUBWF SYSWORDTEMPB, W
	F	 01 11BB BFFF FFFF	3
	B	 01 11BB B000 0011	2
000978	1D03	BTFSS STATUS, Z
000979	0008	RETURN
	F	 00 1000 DFFF FFFF	118
	D	 00 1000 D111 0110	0
00097A	0876	MOVF SYSWORDTEMPA_H, W
	F	 00 0010 DFFF FFFF	122
	D	 00 0010 D111 1010	0
00097B	027A	SUBWF SYSWORDTEMPB_H, W
	F	 01 11BB BFFF FFFF	3
	B	 01 11BB B000 0011	2
00097C	1D03	BTFSS STATUS, Z
00097D	0008	RETURN
	F	 00 1001 DFFF FFFF	112
	D	 00 1001 D111 0000	1
00097E	09F0	COMF SYSBYTETEMPX,F
00097F	0008	RETURN


		SYSCOMPLESSTHAN
	F	 00 0001 1FFF FFFF	112
000980	01F0	CLRF SYSBYTETEMPX
	F	 01 01BB BFFF FFFF	3
	B	 01 01BB B000 0011	0
000981	1403	BSF STATUS, C
	F	 00 1000 DFFF FFFF	121
	D	 00 1000 D111 1001	0
000982	0879	MOVF SYSBYTETEMPB, W
	F	 00 0010 DFFF FFFF	117
	D	 00 0010 D111 0101	0
000983	0275	SUBWF SYSBYTETEMPA, W
	F	 01 11BB BFFF FFFF	3
	B	 01 11BB B000 0011	0
000984	1C03	BTFSS STATUS, C
	F	 00 1001 DFFF FFFF	112
	D	 00 1001 D111 0000	1
000985	09F0	COMF SYSBYTETEMPX,F
000986	0008	RETURN


		SYSCOMPLESSTHAN16
	F	 00 0001 1FFF FFFF	112
000987	01F0	CLRF SYSBYTETEMPX
	F	 00 1000 DFFF FFFF	118
	D	 00 1000 D111 0110	0
000988	0876	MOVF SYSWORDTEMPA_H,W
	F	 00 0010 DFFF FFFF	122
	D	 00 0010 D111 1010	0
000989	027A	SUBWF SYSWORDTEMPB_H,W
	F	 01 11BB BFFF FFFF	3
	B	 01 11BB B000 0011	0
00098A	1C03	BTFSS STATUS,C
00098B	0008	RETURN
	F	 00 1000 DFFF FFFF	122
	D	 00 1000 D111 1010	0
00098C	087A	MOVF SYSWORDTEMPB_H,W
	F	 00 0010 DFFF FFFF	118
	D	 00 0010 D111 0110	0
00098D	0276	SUBWF SYSWORDTEMPA_H,W
	F	 01 11BB BFFF FFFF	3
	B	 01 11BB B000 0011	0
00098E	1C03	BTFSS STATUS,C
	K	 10 1KKK KKKK KKKK	2452
00098F	2994	GOTO SCLT16TRUE
	F	 00 1000 DFFF FFFF	121
	D	 00 1000 D111 1001	0
000990	0879	MOVF SYSWORDTEMPB,W
	F	 00 0010 DFFF FFFF	117
	D	 00 0010 D111 0101	0
000991	0275	SUBWF SYSWORDTEMPA,W
	F	 01 10BB BFFF FFFF	3
	B	 01 10BB B000 0011	0
000992	1803	BTFSC STATUS,C
000993	0008	RETURN
		SCLT16TRUE
	F	 00 1001 DFFF FFFF	112
	D	 00 1001 D111 0000	1
000994	09F0	COMF SYSBYTETEMPX,F
000995	0008	RETURN


		SYSCOPYSTRING
	F	 00 1000 DFFF FFFF	0
	D	 00 1000 D000 0000	0
000996	0800	MOVF INDF0, W
	F	 00 0000 1FFF FFFF	117
000997	00F5	MOVWF SYSCALCTEMPA
	F	 00 0000 1FFF FFFF	1
000998	0081	MOVWF INDF1
	K	 10 1KKK KKKK KKKK	2461
000999	299D	GOTO SYSCOPYSTRINGCHECK
		SYSCOPYSTRINGPART
	F	 00 1000 DFFF FFFF	0
	D	 00 1000 D000 0000	0
00099A	0800	MOVF INDF0, W
	F	 00 0000 1FFF FFFF	117
00099B	00F5	MOVWF SYSCALCTEMPA
	F	 00 0111 DFFF FFFF	118
	D	 00 0111 D111 0110	1
00099C	07F6	ADDWF SYSSTRINGLENGTH, F
		SYSCOPYSTRINGCHECK
	F	 00 1000 DFFF FFFF	117
	D	 00 1000 D111 0101	1
00099D	08F5	MOVF SYSCALCTEMPA,F
	F	 01 10BB BFFF FFFF	3
	B	 01 10BB B000 0011	2
00099E	1903	BTFSC STATUS,Z
00099F	0008	RETURN
		SYSSTRINGCOPY
	N	 11 0001 0NKK KKKK	0
	K	 11 0001 00KK KKKK	1
0009A0	3101	ADDFSR 0, 1
	N	 11 0001 0NKK KKKK	1
	K	 11 0001 01KK KKKK	1
0009A1	3141	ADDFSR 1, 1
	F	 00 1000 DFFF FFFF	0
	D	 00 1000 D000 0000	0
0009A2	0800	MOVF INDF0, W
	F	 00 0000 1FFF FFFF	1
0009A3	0081	MOVWF INDF1
	F	 00 1011 DFFF FFFF	117
	D	 00 1011 D111 0101	1
0009A4	0BF5	DECFSZ SYSCALCTEMPA, F
	K	 10 1KKK KKKK KKKK	2464
0009A5	29A0	GOTO SYSSTRINGCOPY
0009A6	0008	RETURN


		SYSDIVSUB
	F	 00 1000 DFFF FFFF	121
	D	 00 1000 D111 1001	1
0009A7	08F9	MOVF SYSBYTETEMPB, F
	F	 01 10BB BFFF FFFF	3
	B	 01 10BB B000 0011	2
0009A8	1903	BTFSC STATUS, Z
0009A9	0008	RETURN
	F	 00 0001 1FFF FFFF	112
0009AA	01F0	CLRF SYSBYTETEMPX
	K	 11 0000 KKKK KKKK	8
0009AB	3008	MOVLW 8
	F	 00 0000 1FFF FFFF	116
0009AC	00F4	MOVWF SYSDIVLOOP
		SYSDIV8START
	F	 01 00BB BFFF FFFF	3
	B	 01 00BB B000 0011	0
0009AD	1003	BCF STATUS, C
	F	 00 1101 DFFF FFFF	117
	D	 00 1101 D111 0101	1
0009AE	0DF5	RLF SYSBYTETEMPA, F
	F	 00 1101 DFFF FFFF	112
	D	 00 1101 D111 0000	1
0009AF	0DF0	RLF SYSBYTETEMPX, F
	F	 00 1000 DFFF FFFF	121
	D	 00 1000 D111 1001	0
0009B0	0879	MOVF SYSBYTETEMPB, W
	F	 00 0010 DFFF FFFF	112
	D	 00 0010 D111 0000	1
0009B1	02F0	SUBWF SYSBYTETEMPX, F
	F	 01 01BB BFFF FFFF	117
	B	 01 01BB B111 0101	0
0009B2	1475	BSF SYSBYTETEMPA, 0
	F	 01 10BB BFFF FFFF	3
	B	 01 10BB B000 0011	0
0009B3	1803	BTFSC STATUS, C
	K	 10 1KKK KKKK KKKK	2488
0009B4	29B8	GOTO DIV8NOTNEG
	F	 01 00BB BFFF FFFF	117
	B	 01 00BB B111 0101	0
0009B5	1075	BCF SYSBYTETEMPA, 0
	F	 00 1000 DFFF FFFF	121
	D	 00 1000 D111 1001	0
0009B6	0879	MOVF SYSBYTETEMPB, W
	F	 00 0111 DFFF FFFF	112
	D	 00 0111 D111 0000	1
0009B7	07F0	ADDWF SYSBYTETEMPX, F
		DIV8NOTNEG
	F	 00 1011 DFFF FFFF	116
	D	 00 1011 D111 0100	1
0009B8	0BF4	DECFSZ SYSDIVLOOP, F
	K	 10 1KKK KKKK KKKK	2477
0009B9	29AD	GOTO SYSDIV8START
0009BA	0008	RETURN


		SYSDIVSUB16
	F	 00 1000 DFFF FFFF	117
	D	 00 1000 D111 0101	0
0009BB	0875	MOVF SYSWORDTEMPA,W
	F	 00 0000 1FFF FFFF	119
0009BC	00F7	MOVWF SYSDIVMULTA
	F	 00 1000 DFFF FFFF	118
	D	 00 1000 D111 0110	0
0009BD	0876	MOVF SYSWORDTEMPA_H,W
	F	 00 0000 1FFF FFFF	120
0009BE	00F8	MOVWF SYSDIVMULTA_H
	F	 00 1000 DFFF FFFF	121
	D	 00 1000 D111 1001	0
0009BF	0879	MOVF SYSWORDTEMPB,W
	F	 00 0000 1FFF FFFF	123
0009C0	00FB	MOVWF SYSDIVMULTB
	F	 00 1000 DFFF FFFF	122
	D	 00 1000 D111 1010	0
0009C1	087A	MOVF SYSWORDTEMPB_H,W
	F	 00 0000 1FFF FFFF	124
0009C2	00FC	MOVWF SYSDIVMULTB_H
	F	 00 0001 1FFF FFFF	114
0009C3	01F2	CLRF SYSDIVMULTX
	F	 00 0001 1FFF FFFF	115
0009C4	01F3	CLRF SYSDIVMULTX_H
	F	 00 1000 DFFF FFFF	123
	D	 00 1000 D111 1011	0
0009C5	087B	MOVF SYSDIVMULTB,W
	F	 00 0000 1FFF FFFF	117
0009C6	00F5	MOVWF SYSWORDTEMPA
	F	 00 1000 DFFF FFFF	124
	D	 00 1000 D111 1100	0
0009C7	087C	MOVF SYSDIVMULTB_H,W
	F	 00 0000 1FFF FFFF	118
0009C8	00F6	MOVWF SYSWORDTEMPA_H
	F	 00 0001 1FFF FFFF	121
0009C9	01F9	CLRF SYSWORDTEMPB
	F	 00 0001 1FFF FFFF	122
0009CA	01FA	CLRF SYSWORDTEMPB_H
	K	 10 0KKK KKKK KKKK	2421
0009CB	2175	CALL SYSCOMPEQUAL16
	F	 01 11BB BFFF FFFF	112
	B	 01 11BB B111 0000	0
0009CC	1C70	BTFSS SYSBYTETEMPX,0
	K	 10 1KKK KKKK KKKK	2513
0009CD	29D1	GOTO ENDIF41
	F	 00 0001 1FFF FFFF	117
0009CE	01F5	CLRF SYSWORDTEMPA
	F	 00 0001 1FFF FFFF	118
0009CF	01F6	CLRF SYSWORDTEMPA_H
0009D0	0008	RETURN
		ENDIF41
	K	 11 0000 KKKK KKKK	16
0009D1	3010	MOVLW 16
	F	 00 0000 1FFF FFFF	116
0009D2	00F4	MOVWF SYSDIVLOOP
		SYSDIV16START
	F	 01 00BB BFFF FFFF	3
	B	 01 00BB B000 0011	0
0009D3	1003	BCF STATUS,C
	F	 00 1101 DFFF FFFF	119
	D	 00 1101 D111 0111	1
0009D4	0DF7	RLF SYSDIVMULTA,F
	F	 00 1101 DFFF FFFF	120
	D	 00 1101 D111 1000	1
0009D5	0DF8	RLF SYSDIVMULTA_H,F
	F	 00 1101 DFFF FFFF	114
	D	 00 1101 D111 0010	1
0009D6	0DF2	RLF SYSDIVMULTX,F
	F	 00 1101 DFFF FFFF	115
	D	 00 1101 D111 0011	1
0009D7	0DF3	RLF SYSDIVMULTX_H,F
	F	 00 1000 DFFF FFFF	123
	D	 00 1000 D111 1011	0
0009D8	087B	MOVF SYSDIVMULTB,W
	F	 00 0010 DFFF FFFF	114
	D	 00 0010 D111 0010	1
0009D9	02F2	SUBWF SYSDIVMULTX,F
	F	 00 1000 DFFF FFFF	124
	D	 00 1000 D111 1100	0
0009DA	087C	MOVF SYSDIVMULTB_H,W
	F	 11 1011 DFFF FFFF	115
	D	 11 1011 D111 0011	1
0009DB	3BF3	SUBWFB SYSDIVMULTX_H,F
	F	 01 01BB BFFF FFFF	119
	B	 01 01BB B111 0111	0
0009DC	1477	BSF SYSDIVMULTA,0
	F	 01 10BB BFFF FFFF	3
	B	 01 10BB B000 0011	0
0009DD	1803	BTFSC STATUS,C
	K	 10 1KKK KKKK KKKK	2532
0009DE	29E4	GOTO ENDIF42
	F	 01 00BB BFFF FFFF	119
	B	 01 00BB B111 0111	0
0009DF	1077	BCF SYSDIVMULTA,0
	F	 00 1000 DFFF FFFF	123
	D	 00 1000 D111 1011	0
0009E0	087B	MOVF SYSDIVMULTB,W
	F	 00 0111 DFFF FFFF	114
	D	 00 0111 D111 0010	1
0009E1	07F2	ADDWF SYSDIVMULTX,F
	F	 00 1000 DFFF FFFF	124
	D	 00 1000 D111 1100	0
0009E2	087C	MOVF SYSDIVMULTB_H,W
	F	 11 1101 DFFF FFFF	115
	D	 11 1101 D111 0011	1
0009E3	3DF3	ADDWFC SYSDIVMULTX_H,F
		ENDIF42
	F	 00 1011 DFFF FFFF	116
	D	 00 1011 D111 0100	1
0009E4	0BF4	DECFSZ SYSDIVLOOP, F
	K	 10 1KKK KKKK KKKK	2515
0009E5	29D3	GOTO SYSDIV16START
	F	 00 1000 DFFF FFFF	119
	D	 00 1000 D111 0111	0
0009E6	0877	MOVF SYSDIVMULTA,W
	F	 00 0000 1FFF FFFF	117
0009E7	00F5	MOVWF SYSWORDTEMPA
	F	 00 1000 DFFF FFFF	120
	D	 00 1000 D111 1000	0
0009E8	0878	MOVF SYSDIVMULTA_H,W
	F	 00 0000 1FFF FFFF	118
0009E9	00F6	MOVWF SYSWORDTEMPA_H
	F	 00 1000 DFFF FFFF	114
	D	 00 1000 D111 0010	0
0009EA	0872	MOVF SYSDIVMULTX,W
	F	 00 0000 1FFF FFFF	112
0009EB	00F0	MOVWF SYSWORDTEMPX
	F	 00 1000 DFFF FFFF	115
	D	 00 1000 D111 0011	0
0009EC	0873	MOVF SYSDIVMULTX_H,W
	F	 00 0000 1FFF FFFF	113
0009ED	00F1	MOVWF SYSWORDTEMPX_H
0009EE	0008	RETURN


		SYSREADSTRING
	K	 10 0KKK KKKK KKKK	2559
0009EF	21FF	CALL SYSSTRINGTABLES
	F	 00 0000 1FFF FFFF	117
0009F0	00F5	MOVWF SYSCALCTEMPA
	F	 00 0000 1FFF FFFF	1
0009F1	0081	MOVWF INDF1
	K	 10 1KKK KKKK KKKK	2550
0009F2	29F6	GOTO SYSSTRINGREADCHECK
		SYSREADSTRINGPART
	K	 10 0KKK KKKK KKKK	2559
0009F3	21FF	CALL SYSSTRINGTABLES
	F	 00 0000 1FFF FFFF	117
0009F4	00F5	MOVWF SYSCALCTEMPA
	F	 00 0111 DFFF FFFF	118
	D	 00 0111 D111 0110	1
0009F5	07F6	ADDWF SYSSTRINGLENGTH,F
		SYSSTRINGREADCHECK
	F	 00 1000 DFFF FFFF	117
	D	 00 1000 D111 0101	1
0009F6	08F5	MOVF SYSCALCTEMPA,F
	F	 01 10BB BFFF FFFF	3
	B	 01 10BB B000 0011	2
0009F7	1903	BTFSC STATUS,Z
0009F8	0008	RETURN
		SYSSTRINGREAD
	K	 10 0KKK KKKK KKKK	2559
0009F9	21FF	CALL SYSSTRINGTABLES
	N	 11 0001 0NKK KKKK	1
	K	 11 0001 01KK KKKK	1
0009FA	3141	ADDFSR 1,1
	F	 00 0000 1FFF FFFF	1
0009FB	0081	MOVWF INDF1
	F	 00 1011 DFFF FFFF	117
	D	 00 1011 D111 0101	1
0009FC	0BF5	DECFSZ SYSCALCTEMPA, F
	K	 10 1KKK KKKK KKKK	2553
0009FD	29F9	GOTO SYSSTRINGREAD
0009FE	0008	RETURN


		SYSSTRINGTABLES
	F	 00 1000 DFFF FFFF	120
	D	 00 1000 D111 1000	0
0009FF	0878	MOVF SYSSTRINGA_H,W
	F	 00 0000 1FFF FFFF	10
000A00	008A	MOVWF PCLATH
	F	 00 1000 DFFF FFFF	119
	D	 00 1000 D111 0111	0
000A01	0877	MOVF SYSSTRINGA,W
	F	 00 1010 DFFF FFFF	119
	D	 00 1010 D111 0111	1
000A02	0AF7	INCF SYSSTRINGA,F
	F	 01 10BB BFFF FFFF	3
	B	 01 10BB B000 0011	2
000A03	1903	BTFSC STATUS,Z
	F	 00 1010 DFFF FFFF	120
	D	 00 1010 D111 1000	1
000A04	0AF8	INCF SYSSTRINGA_H,F
	F	 00 0000 1FFF FFFF	2
000A05	0082	MOVWF PCL

		STRINGTABLE1
	K	 11 0100 KKKK KKKK	1
000A06	3401	RETLW 1
	K	 11 0100 KKKK KKKK	48
000A07	3430	RETLW 48


		STRINGTABLE2
	K	 11 0100 KKKK KKKK	1
000A08	3401	RETLW 1
	K	 11 0100 KKKK KKKK	58
000A09	343A	RETLW 58



		WRITE_COMMAND_SSD1306
	K	 10 0KKK KKKK KKKK	2295
000A0A	20F7	CALL I2CSTART
	K	 11 0000 KKKK KKKK	120
000A0B	3078	MOVLW 120
	F	 00 0000 1FFF FFFF	76
000A0C	00CC	MOVWF I2CBYTE
	K	 10 0KKK KKKK KKKK	2207
000A0D	209F	CALL I2CSEND
	F	 00 0001 1FFF FFFF	76
000A0E	01CC	CLRF I2CBYTE
	K	 10 0KKK KKKK KKKK	2207
000A0F	209F	CALL I2CSEND
	F	 00 1000 DFFF FFFF	101
	D	 00 1000 D110 0101	0
000A10	0865	MOVF SSD1306SENDBYTE,W
	F	 00 0000 1FFF FFFF	76
000A11	00CC	MOVWF I2CBYTE
	K	 10 0KKK KKKK KKKK	2207
000A12	209F	CALL I2CSEND
	K	 11 0001 1KKK KKKK	6
000000	3186	PAGESEL I2CSTOP
	K	 10 1KKK KKKK KKKK	1601
000A14	2E41	GOTO I2CSTOP




