GCASM List File (GCBASIC 2026.08.07 (Windows 64 bit) : Build 1617)

Symbols:
A 	EQU 	0
ABD 	EQU 	4
ABDEN 	EQU 	6
ABDIE 	EQU 	2
ABDIF 	EQU 	6
ABDOVE 	EQU 	5
ABDOVF 	EQU 	5
ACC0 	EQU 	0
ACC1 	EQU 	1
ACC10 	EQU 	2
ACC11 	EQU 	3
ACC12 	EQU 	4
ACC13 	EQU 	5
ACC14 	EQU 	6
ACC15 	EQU 	7
ACC16 	EQU 	0
ACC17 	EQU 	1
ACC18 	EQU 	2
ACC19 	EQU 	3
ACC2 	EQU 	2
ACC3 	EQU 	3
ACC4 	EQU 	4
ACC5 	EQU 	5
ACC6 	EQU 	6
ACC7 	EQU 	7
ACC8 	EQU 	0
ACC9 	EQU 	1
ACCESS 	EQU 	0
ACCM 	EQU 	4
ACCMOD 	EQU 	4
ACKCNT 	EQU 	7
ACKDT 	EQU 	6
ACKSTAT 	EQU 	5
ACKT 	EQU 	4
ACKT1IE 	EQU 	6
ACKT1IF 	EQU 	6
ACKT2IE 	EQU 	6
ACKT2IF 	EQU 	6
ACKTIE 	EQU 	6
ACKTIF 	EQU 	6
ACLR 	EQU 	3
ACNT 	EQU 	7
ACNTMD0 	EQU 	0
ACNTMD1 	EQU 	1
ACQ0 	EQU 	0
ACQ1 	EQU 	1
ACQ10 	EQU 	2
ACQ11 	EQU 	3
ACQ12 	EQU 	4
ACQ2 	EQU 	2
ACQ3 	EQU 	3
ACQ4 	EQU 	4
ACQ5 	EQU 	5
ACQ6 	EQU 	6
ACQ7 	EQU 	7
ACQ8 	EQU 	0
ACQ9 	EQU 	1
ACSS 	EQU 	33
ACT0 	EQU 	0
ACT1 	EQU 	1
ACT2 	EQU 	2
ACT3 	EQU 	3
ACT4 	EQU 	4
ACT5 	EQU 	5
ACTCON 	EQU 	172
ACTCON_EN 	EQU 	7
ACTEN 	EQU 	7
ACTIE 	EQU 	3
ACTIF 	EQU 	3
ACTIP 	EQU 	3
ACTLOCK 	EQU 	3
ACTMD 	EQU 	3
ACTORS 	EQU 	1
ACTUD 	EQU 	6
AD0 	EQU 	0
AD1 	EQU 	1
AD10 	EQU 	2
AD11 	EQU 	3
AD12 	EQU 	4
AD13 	EQU 	5
AD14 	EQU 	6
AD15 	EQU 	7
AD16 	EQU 	0
AD17 	EQU 	1
AD18 	EQU 	2
AD19 	EQU 	3
AD2 	EQU 	2
AD20 	EQU 	4
AD3 	EQU 	3
AD4 	EQU 	4
AD5 	EQU 	5
AD6 	EQU 	6
AD7 	EQU 	7
AD8 	EQU 	0
AD9 	EQU 	1
ADACC 	EQU 	995
ADACC0 	EQU 	0
ADACC1 	EQU 	1
ADACC10 	EQU 	2
ADACC11 	EQU 	3
ADACC12 	EQU 	4
ADACC13 	EQU 	5
ADACC14 	EQU 	6
ADACC15 	EQU 	7
ADACC2 	EQU 	2
ADACC3 	EQU 	3
ADACC4 	EQU 	4
ADACC5 	EQU 	5
ADACC6 	EQU 	6
ADACC7 	EQU 	7
ADACC8 	EQU 	0
ADACC9 	EQU 	1
ADACCH 	EQU 	996
ADACCL 	EQU 	995
ADACLR 	EQU 	3
ADACQ 	EQU 	1006
ADACQ0 	EQU 	0
ADACQ1 	EQU 	1
ADACQ10 	EQU 	2
ADACQ11 	EQU 	3
ADACQ12 	EQU 	4
ADACQ2 	EQU 	2
ADACQ3 	EQU 	3
ADACQ4 	EQU 	4
ADACQ5 	EQU 	5
ADACQ6 	EQU 	6
ADACQ7 	EQU 	7
ADACQ8 	EQU 	0
ADACQ9 	EQU 	1
ADACQH 	EQU 	1007
ADACQH_ACQ0 	EQU 	0
ADACQH_ACQ1 	EQU 	1
ADACQH_ACQ2 	EQU 	2
ADACQH_ACQ3 	EQU 	3
ADACQH_ACQ4 	EQU 	4
ADACQH_ADACQ0 	EQU 	0
ADACQH_ADACQ1 	EQU 	1
ADACQH_ADACQ2 	EQU 	2
ADACQH_ADACQ3 	EQU 	3
ADACQH_ADACQ4 	EQU 	4
ADACQL 	EQU 	1006
ADACT 	EQU 	1017
ADACT0 	EQU 	0
ADACT1 	EQU 	1
ADACT2 	EQU 	2
ADACT3 	EQU 	3
ADACT4 	EQU 	4
ADACT5 	EQU 	5
ADACTPPS 	EQU 	617
ADACTPPS0 	EQU 	0
ADACTPPS1 	EQU 	1
ADACTPPS2 	EQU 	2
ADACTPPS3 	EQU 	3
ADACTPPS4 	EQU 	4
ADACTPPS5 	EQU 	5
ADACTPPS6 	EQU 	6
ADACTPPS7 	EQU 	7
ADACTPPS_PIN0 	EQU 	0
ADACTPPS_PIN1 	EQU 	1
ADACTPPS_PIN2 	EQU 	2
ADACTPPS_PORT0 	EQU 	3
ADACTPPS_PORT1 	EQU 	4
ADACTPPS_PORT2 	EQU 	5
ADACTPPS_PORT3 	EQU 	6
ADACTPPS_PORT4 	EQU 	7
ADAOV 	EQU 	7
ADCALC0 	EQU 	4
ADCALC1 	EQU 	5
ADCALC2 	EQU 	6
ADCAP 	EQU 	1008
ADCAP0 	EQU 	0
ADCAP1 	EQU 	1
ADCAP2 	EQU 	2
ADCAP3 	EQU 	3
ADCAP4 	EQU 	4
ADCG1A 	EQU 	272
ADCG1B 	EQU 	273
ADCG1C 	EQU 	274
ADCG1E 	EQU 	276
ADCLK 	EQU 	1018
ADCLK_CS3 	EQU 	3
ADCLK_CS4 	EQU 	4
ADCMD 	EQU 	1
ADCNT 	EQU 	998
ADCNT0 	EQU 	0
ADCNT1 	EQU 	1
ADCNT2 	EQU 	2
ADCNT3 	EQU 	3
ADCNT4 	EQU 	4
ADCNT5 	EQU 	5
ADCNT6 	EQU 	6
ADCNT7 	EQU 	7
ADCNT_CNT0 	EQU 	0
ADCNT_CNT1 	EQU 	1
ADCNT_CNT2 	EQU 	2
ADCNT_CNT3 	EQU 	3
ADCNT_CNT4 	EQU 	4
ADCNT_CNT5 	EQU 	5
ADCNT_CNT6 	EQU 	6
ADCNT_CNT7 	EQU 	7
ADCON0 	EQU 	1011
ADCON0_ADFM0 	EQU 	2
ADCON0_FM0 	EQU 	2
ADCON1 	EQU 	1012
ADCON2 	EQU 	1013
ADCON2_ADCRS0 	EQU 	4
ADCON2_ADCRS1 	EQU 	5
ADCON2_ADCRS2 	EQU 	6
ADCON2_ADMD0 	EQU 	0
ADCON2_ADMD1 	EQU 	1
ADCON2_ADMD2 	EQU 	2
ADCON2_CRS0 	EQU 	4
ADCON2_CRS1 	EQU 	5
ADCON2_CRS2 	EQU 	6
ADCON2_MD0 	EQU 	0
ADCON2_MD1 	EQU 	1
ADCON2_MD2 	EQU 	2
ADCON3 	EQU 	1014
ADCON3_ADCALC0 	EQU 	4
ADCON3_ADCALC1 	EQU 	5
ADCON3_ADCALC2 	EQU 	6
ADCON3_ADTMD0 	EQU 	0
ADCON3_ADTMD1 	EQU 	1
ADCON3_ADTMD2 	EQU 	2
ADCON3_CALC0 	EQU 	4
ADCON3_CALC1 	EQU 	5
ADCON3_CALC2 	EQU 	6
ADCON3_TMD0 	EQU 	0
ADCON3_TMD1 	EQU 	1
ADCON3_TMD2 	EQU 	2
ADCONT 	EQU 	6
ADCRS0 	EQU 	4
ADCRS1 	EQU 	5
ADCRS2 	EQU 	6
ADCS 	EQU 	4
ADCS0 	EQU 	0
ADCS1 	EQU 	1
ADCS2 	EQU 	2
ADCS3 	EQU 	3
ADCS4 	EQU 	4
ADCS5 	EQU 	5
ADDSEN 	EQU 	0
ADERR 	EQU 	989
ADERR0 	EQU 	0
ADERR1 	EQU 	1
ADERR10 	EQU 	2
ADERR11 	EQU 	3
ADERR12 	EQU 	4
ADERR13 	EQU 	5
ADERR14 	EQU 	6
ADERR15 	EQU 	7
ADERR2 	EQU 	2
ADERR3 	EQU 	3
ADERR4 	EQU 	4
ADERR5 	EQU 	5
ADERR6 	EQU 	6
ADERR7 	EQU 	7
ADERR8 	EQU 	0
ADERR9 	EQU 	1
ADERRH 	EQU 	990
ADERRL 	EQU 	989
ADFLTR 	EQU 	993
ADFLTR0 	EQU 	0
ADFLTR1 	EQU 	1
ADFLTR10 	EQU 	2
ADFLTR11 	EQU 	3
ADFLTR12 	EQU 	4
ADFLTR13 	EQU 	5
ADFLTR14 	EQU 	6
ADFLTR15 	EQU 	7
ADFLTR2 	EQU 	2
ADFLTR3 	EQU 	3
ADFLTR4 	EQU 	4
ADFLTR5 	EQU 	5
ADFLTR6 	EQU 	6
ADFLTR7 	EQU 	7
ADFLTR8 	EQU 	0
ADFLTR9 	EQU 	1
ADFLTRH 	EQU 	994
ADFLTRL 	EQU 	993
ADFM0 	EQU 	2
ADFM1 	EQU 	3
ADFVR0 	EQU 	0
ADFVR1 	EQU 	1
ADGO 	EQU 	0
ADGPOL 	EQU 	5
ADIE 	EQU 	2
ADIF 	EQU 	2
ADIP 	EQU 	2
ADIPEN 	EQU 	6
ADLTH 	EQU 	985
ADLTH0 	EQU 	0
ADLTH1 	EQU 	1
ADLTH10 	EQU 	2
ADLTH11 	EQU 	3
ADLTH12 	EQU 	4
ADLTH13 	EQU 	5
ADLTH14 	EQU 	6
ADLTH15 	EQU 	7
ADLTH2 	EQU 	2
ADLTH3 	EQU 	3
ADLTH4 	EQU 	4
ADLTH5 	EQU 	5
ADLTH6 	EQU 	6
ADLTH7 	EQU 	7
ADLTH8 	EQU 	0
ADLTH9 	EQU 	1
ADLTHH 	EQU 	986
ADLTHL 	EQU 	985
ADLTHR 	EQU 	5
ADMATH 	EQU 	4
ADMD0 	EQU 	0
ADMD1 	EQU 	1
ADMD2 	EQU 	2
ADNREF0 	EQU 	4
ADNREF1 	EQU 	5
ADNREF2 	EQU 	6
ADNREF3 	EQU 	7
ADOEN 	EQU 	2
ADON 	EQU 	7
ADOR 	EQU 	2
ADOV 	EQU 	7
ADPCH 	EQU 	1004
ADPCH0 	EQU 	0
ADPCH1 	EQU 	1
ADPCH2 	EQU 	2
ADPCH3 	EQU 	3
ADPCH4 	EQU 	4
ADPCH5 	EQU 	5
ADPCH6 	EQU 	6
ADPCH7 	EQU 	7
ADPCSC 	EQU 	1
ADPPOL 	EQU 	7
ADPRE 	EQU 	1009
ADPRE0 	EQU 	0
ADPRE1 	EQU 	1
ADPRE10 	EQU 	2
ADPRE11 	EQU 	3
ADPRE12 	EQU 	4
ADPRE2 	EQU 	2
ADPRE3 	EQU 	3
ADPRE4 	EQU 	4
ADPRE5 	EQU 	5
ADPRE6 	EQU 	6
ADPRE7 	EQU 	7
ADPRE8 	EQU 	0
ADPRE9 	EQU 	1
ADPREF0 	EQU 	0
ADPREF1 	EQU 	1
ADPREF2 	EQU 	2
ADPREF3 	EQU 	3
ADPREH 	EQU 	1010
ADPREH_ADPRE0 	EQU 	0
ADPREH_ADPRE1 	EQU 	1
ADPREH_ADPRE2 	EQU 	2
ADPREH_ADPRE3 	EQU 	3
ADPREH_ADPRE4 	EQU 	4
ADPREH_PRE0 	EQU 	0
ADPREH_PRE1 	EQU 	1
ADPREH_PRE2 	EQU 	2
ADPREH_PRE3 	EQU 	3
ADPREH_PRE4 	EQU 	4
ADPREL 	EQU 	1009
ADPREV 	EQU 	1000
ADPREV0 	EQU 	0
ADPREV1 	EQU 	1
ADPREV10 	EQU 	2
ADPREV11 	EQU 	3
ADPREV12 	EQU 	4
ADPREV13 	EQU 	5
ADPREV14 	EQU 	6
ADPREV15 	EQU 	7
ADPREV2 	EQU 	2
ADPREV3 	EQU 	3
ADPREV4 	EQU 	4
ADPREV5 	EQU 	5
ADPREV6 	EQU 	6
ADPREV7 	EQU 	7
ADPREV8 	EQU 	0
ADPREV9 	EQU 	1
ADPREVH 	EQU 	1001
ADPREVL 	EQU 	1000
ADPSIS 	EQU 	7
ADR0 	EQU 	1
ADR1 	EQU 	2
ADR1IE 	EQU 	3
ADR1IF 	EQU 	3
ADR2 	EQU 	3
ADR2IE 	EQU 	3
ADR2IF 	EQU 	3
ADR3 	EQU 	4
ADR4 	EQU 	5
ADR5 	EQU 	6
ADR6 	EQU 	7
ADREF 	EQU 	1016
ADREF_ADNREF0 	EQU 	4
ADREF_ADPREF0 	EQU 	0
ADREF_ADPREF1 	EQU 	1
ADREF_NREF0 	EQU 	4
ADREF_PREF0 	EQU 	0
ADREF_PREF1 	EQU 	1
ADRES 	EQU 	1002
ADRES0 	EQU 	0
ADRES1 	EQU 	1
ADRES10 	EQU 	2
ADRES11 	EQU 	3
ADRES12 	EQU 	4
ADRES13 	EQU 	5
ADRES14 	EQU 	6
ADRES15 	EQU 	7
ADRES2 	EQU 	2
ADRES3 	EQU 	3
ADRES4 	EQU 	4
ADRES5 	EQU 	5
ADRES6 	EQU 	6
ADRES7 	EQU 	7
ADRES8 	EQU 	0
ADRES9 	EQU 	1
ADRESH 	EQU 	1003
ADRESL 	EQU 	1002
ADRIE 	EQU 	3
ADRIF 	EQU 	3
ADRPT 	EQU 	999
ADRPT0 	EQU 	0
ADRPT1 	EQU 	1
ADRPT2 	EQU 	2
ADRPT3 	EQU 	3
ADRPT4 	EQU 	4
ADRPT5 	EQU 	5
ADRPT6 	EQU 	6
ADRPT7 	EQU 	7
ADSOI 	EQU 	3
ADSTAT 	EQU 	1015
ADSTAT0 	EQU 	0
ADSTAT1 	EQU 	1
ADSTAT2 	EQU 	2
ADSTAT_ADSTAT0 	EQU 	0
ADSTAT_ADSTAT1 	EQU 	1
ADSTAT_ADSTAT2 	EQU 	2
ADSTAT_STAT0_ADSTAT 	EQU 	0
ADSTAT_STAT1_ADSTAT 	EQU 	1
ADSTAT_STAT2 	EQU 	2
ADSTPT 	EQU 	991
ADSTPT0 	EQU 	0
ADSTPT1 	EQU 	1
ADSTPT10 	EQU 	2
ADSTPT11 	EQU 	3
ADSTPT12 	EQU 	4
ADSTPT13 	EQU 	5
ADSTPT14 	EQU 	6
ADSTPT15 	EQU 	7
ADSTPT2 	EQU 	2
ADSTPT3 	EQU 	3
ADSTPT4 	EQU 	4
ADSTPT5 	EQU 	5
ADSTPT6 	EQU 	6
ADSTPT7 	EQU 	7
ADSTPT8 	EQU 	0
ADSTPT9 	EQU 	1
ADSTPTH 	EQU 	992
ADSTPTL 	EQU 	991
ADTIE 	EQU 	1
ADTIF 	EQU 	1
ADTIP 	EQU 	1
ADTMD0 	EQU 	0
ADTMD1 	EQU 	1
ADTMD2 	EQU 	2
ADUTH 	EQU 	987
ADUTH0 	EQU 	0
ADUTH1 	EQU 	1
ADUTH10 	EQU 	2
ADUTH11 	EQU 	3
ADUTH12 	EQU 	4
ADUTH13 	EQU 	5
ADUTH14 	EQU 	6
ADUTH15 	EQU 	7
ADUTH2 	EQU 	2
ADUTH3 	EQU 	3
ADUTH4 	EQU 	4
ADUTH5 	EQU 	5
ADUTH6 	EQU 	6
ADUTH7 	EQU 	7
ADUTH8 	EQU 	0
ADUTH9 	EQU 	1
ADUTHH 	EQU 	988
ADUTHL 	EQU 	987
ADUTHR 	EQU 	6
AFSR0 	EQU 	1257
AFSR0_H 	EQU 	1258
AIRQ0 	EQU 	0
AIRQ1 	EQU 	1
AIRQ2 	EQU 	2
AIRQ3 	EQU 	3
AIRQ4 	EQU 	4
AIRQ5 	EQU 	5
AIRQ6 	EQU 	6
AIRQ7 	EQU 	7
AIRQEN 	EQU 	2
ANSELA 	EQU 	1024
ANSELA0 	EQU 	0
ANSELA1 	EQU 	1
ANSELA2 	EQU 	2
ANSELA3 	EQU 	3
ANSELA4 	EQU 	4
ANSELA5 	EQU 	5
ANSELA6 	EQU 	6
ANSELA7 	EQU 	7
ANSELB 	EQU 	1032
ANSELB0 	EQU 	0
ANSELB1 	EQU 	1
ANSELB2 	EQU 	2
ANSELB3 	EQU 	3
ANSELB4 	EQU 	4
ANSELB5 	EQU 	5
ANSELB6 	EQU 	6
ANSELB7 	EQU 	7
ANSELC 	EQU 	1040
ANSELC0 	EQU 	0
ANSELC1 	EQU 	1
ANSELC2 	EQU 	2
ANSELE 	EQU 	1056
ANSELE0 	EQU 	0
ANSELE1 	EQU 	1
ANSELE2 	EQU 	2
AOV 	EQU 	7
AS0E 	EQU 	0
AS1E 	EQU 	1
AS2E 	EQU 	2
AS3E 	EQU 	3
AS4E 	EQU 	4
AS5E 	EQU 	5
AS6E 	EQU 	6
AS7E 	EQU 	7
ASYNC 	EQU 	4
B 	EQU 	1
BANKED 	EQU 	1
BASE0 	EQU 	0
BASE1 	EQU 	1
BASE10 	EQU 	2
BASE11 	EQU 	3
BASE12 	EQU 	4
BASE13 	EQU 	5
BASE14 	EQU 	6
BASE15 	EQU 	7
BASE16 	EQU 	0
BASE17 	EQU 	1
BASE18 	EQU 	2
BASE19 	EQU 	3
BASE2 	EQU 	2
BASE20 	EQU 	4
BASE3 	EQU 	3
BASE4 	EQU 	4
BASE5 	EQU 	5
BASE6 	EQU 	6
BASE7 	EQU 	7
BASE8 	EQU 	0
BASE9 	EQU 	1
BASPROGRAMEND 	EQU 	752
BASPROGRAMSTART 	EQU 	12
BAUD0 	EQU 	0
BAUD1 	EQU 	1
BAUD2 	EQU 	2
BAUD3 	EQU 	3
BAUD4 	EQU 	4
BAUD5 	EQU 	5
BAUD6 	EQU 	6
BAUD7 	EQU 	7
BCL1IE 	EQU 	1
BCL1IF 	EQU 	5
BCL2IE 	EQU 	1
BCL2IF 	EQU 	5
BCLIE 	EQU 	1
BCLIF 	EQU 	5
BFRE 	EQU 	7
BFRET0 	EQU 	0
BFRET1 	EQU 	1
BIGFONT102_111 	EQU 	756
BIGFONT112_121 	EQU 	1030
BIGFONT122_126 	EQU 	1304
BIGFONT193_202 	EQU 	1448
BIGFONT203_212 	EQU 	1722
BIGFONT213_216 	EQU 	1994
BIGFONT32_41 	EQU 	2124
BIGFONT42_51 	EQU 	2398
BIGFONT52_61 	EQU 	2672
BIGFONT62_71 	EQU 	2948
BIGFONT72_81 	EQU 	3222
BIGFONT82_91 	EQU 	3498
BIGFONT92_101 	EQU 	3772
BIGPRINT_ILI9341 	EQU 	4046
BMODE 	EQU 	0
BOR 	EQU 	0
BORCON 	EQU 	73
BORRDY 	EQU 	0
BOX19 	EQU 	4148
BRGS 	EQU 	7
BRKOVR 	EQU 	1
BSR 	EQU 	1248
BSR_CSHAD 	EQU 	885
BSR_SHAD 	EQU 	889
BTO1IE 	EQU 	2
BTO1IF 	EQU 	6
BTO2IE 	EQU 	2
BTO2IF 	EQU 	6
BTOC0 	EQU 	0
BTOC1 	EQU 	1
BTOC2 	EQU 	2
BTOC3 	EQU 	3
BTOIE 	EQU 	2
BTOIF 	EQU 	6
BUF0 	EQU 	0
BUF1 	EQU 	1
BUF2 	EQU 	2
BUF3 	EQU 	3
BUF4 	EQU 	4
BUF5 	EQU 	5
BUF6 	EQU 	6
BUF7 	EQU 	7
BURSTMD 	EQU 	1
BUSY_CRCCON0 	EQU 	5
BUSY_SCANCON0 	EQU 	0
BUSY_SPI1CON2 	EQU 	7
BYTENUMBER 	EQU 	1294
C 	EQU 	0
C0EN 	EQU 	3
C1EN 	EQU 	7
C1HYS 	EQU 	1
C1HYS1 	EQU 	2
C1IE 	EQU 	0
C1IF 	EQU 	0
C1INTN 	EQU 	0
C1INTP 	EQU 	1
C1IP 	EQU 	0
C1NCH0 	EQU 	0
C1NCH1 	EQU 	1
C1NCH2 	EQU 	2
C1OUT_CM1CON0 	EQU 	6
C1PCH0 	EQU 	0
C1PCH1 	EQU 	1
C1PCH2 	EQU 	2
C1POL 	EQU 	4
C1RDY 	EQU 	7
C1SP0 	EQU 	2
C1SP1 	EQU 	3
C1SYNC 	EQU 	0
C1TSEL0 	EQU 	0
C1TSEL1 	EQU 	1
C2EN 	EQU 	7
C2HYS 	EQU 	1
C2HYS1 	EQU 	2
C2IE 	EQU 	1
C2IF 	EQU 	1
C2INTN 	EQU 	0
C2INTP 	EQU 	1
C2IP 	EQU 	1
C2NCH0 	EQU 	0
C2NCH1 	EQU 	1
C2NCH2 	EQU 	2
C2OUT_CM2CON0 	EQU 	6
C2PCH0 	EQU 	0
C2PCH1 	EQU 	1
C2PCH2 	EQU 	2
C2POL 	EQU 	4
C2RDY 	EQU 	7
C2SP0 	EQU 	2
C2SP1 	EQU 	3
C2SYNC 	EQU 	0
CALC0 	EQU 	4
CALC1 	EQU 	5
CALC2 	EQU 	6
CAPT 	EQU 	3
CARH0 	EQU 	0
CARH1 	EQU 	1
CARH2 	EQU 	2
CARH3 	EQU 	3
CARH4 	EQU 	4
CARL0 	EQU 	0
CARL1 	EQU 	1
CARL2 	EQU 	2
CARL3 	EQU 	3
CARL4 	EQU 	4
CCOUNT 	EQU 	1295
CCP1CAP 	EQU 	835
CCP1CON 	EQU 	834
CCP1CON_CCP1CON_MODE0 	EQU 	0
CCP1CON_CCP1CON_MODE1 	EQU 	1
CCP1CON_CCP1CON_MODE2 	EQU 	2
CCP1CON_CCP1CON_MODE3 	EQU 	3
CCP1CON_CCP1MODE0 	EQU 	0
CCP1CON_CCP1MODE1 	EQU 	1
CCP1CON_CCP1MODE2 	EQU 	2
CCP1CON_CCP1MODE3 	EQU 	3
CCP1CON_EN 	EQU 	7
CCP1CON_MODE0 	EQU 	0
CCP1CON_MODE1 	EQU 	1
CCP1CON_MODE2 	EQU 	2
CCP1CON_MODE3 	EQU 	3
CCP1CTS0 	EQU 	0
CCP1CTS1 	EQU 	1
CCP1CTS2 	EQU 	2
CCP1CTS3 	EQU 	3
CCP1EN 	EQU 	7
CCP1FMT 	EQU 	4
CCP1IE 	EQU 	2
CCP1IF 	EQU 	2
CCP1IP 	EQU 	2
CCP1MD 	EQU 	6
CCP1MODE0 	EQU 	0
CCP1MODE1 	EQU 	1
CCP1MODE2 	EQU 	2
CCP1MODE3 	EQU 	3
CCP1OUT 	EQU 	5
CCP1PPS 	EQU 	591
CCP1PPS0 	EQU 	0
CCP1PPS1 	EQU 	1
CCP1PPS2 	EQU 	2
CCP1PPS3 	EQU 	3
CCP1PPS4 	EQU 	4
CCP1PPS5 	EQU 	5
CCP1PPS6 	EQU 	6
CCP1PPS7 	EQU 	7
CCP1PPS_PIN0 	EQU 	0
CCP1PPS_PIN1 	EQU 	1
CCP1PPS_PIN2 	EQU 	2
CCP1PPS_PORT0 	EQU 	3
CCP1PPS_PORT1 	EQU 	4
CCP1PPS_PORT2 	EQU 	5
CCP1PPS_PORT3 	EQU 	6
CCP1PPS_PORT4 	EQU 	7
CCPR1 	EQU 	832
CCPR1H 	EQU 	833
CCPR1L 	EQU 	832
CCPTMRS0 	EQU 	844
CCPTMRS0_C1TSEL0 	EQU 	0
CCPTMRS0_C1TSEL1 	EQU 	1
CDAFVR0 	EQU 	2
CDAFVR1 	EQU 	3
CDIV0 	EQU 	0
CDIV1 	EQU 	1
CDIV2 	EQU 	2
CDIV3 	EQU 	3
CERIE 	EQU 	4
CERIF 	EQU 	4
CGA0 	EQU 	0
CGA1 	EQU 	1
CGA2 	EQU 	2
CGA3 	EQU 	3
CGA4 	EQU 	4
CGA5 	EQU 	5
CGA6 	EQU 	6
CGA7 	EQU 	7
CGB0 	EQU 	0
CGB1 	EQU 	1
CGB2 	EQU 	2
CGB3 	EQU 	3
CGB4 	EQU 	4
CGB5 	EQU 	5
CGB6 	EQU 	6
CGB7 	EQU 	7
CGC0 	EQU 	0
CGC1 	EQU 	1
CGC2 	EQU 	2
CGE0 	EQU 	0
CGE1 	EQU 	1
CGE2 	EQU 	2
CH16AB 	EQU 	0
CHARCODE 	EQU 	1296
CHARCOL 	EQU 	1297
CHARCOLS 	EQU 	1299
CHARCOL_H 	EQU 	1298
CHARLOCX 	EQU 	1300
CHARLOCX_H 	EQU 	1301
CHARLOCY 	EQU 	1302
CHARLOCY_H 	EQU 	1303
CHARROW 	EQU 	1304
CHARROWS 	EQU 	1306
CHARROW_H 	EQU 	1305
CHPOL 	EQU 	5
CHS0 	EQU 	2
CHS1 	EQU 	3
CHS2 	EQU 	4
CHS3 	EQU 	5
CHS4 	EQU 	6
CHSYNC 	EQU 	4
CIE 	EQU 	0
CIF 	EQU 	0
CIRCLE22 	EQU 	4498
CKE 	EQU 	6
CKP 	EQU 	5
CKPOL 	EQU 	6
CKPS0_T0CON1 	EQU 	0
CKPS0_T1CON 	EQU 	4
CKPS0_T2CON 	EQU 	4
CKPS0_T3CON 	EQU 	4
CKPS0_T4CON 	EQU 	4
CKPS1_T0CON1 	EQU 	1
CKPS1_T1CON 	EQU 	5
CKPS1_T2CON 	EQU 	5
CKPS1_T3CON 	EQU 	5
CKPS1_T4CON 	EQU 	5
CKPS2_T0CON1 	EQU 	2
CKPS2_T2CON 	EQU 	6
CKPS2_T4CON 	EQU 	6
CKPS3 	EQU 	3
CKS0 	EQU 	0
CKS1 	EQU 	1
CKS2 	EQU 	2
CKS3 	EQU 	3
CKS4 	EQU 	4
CKSYNC 	EQU 	5
CLB0IE 	EQU 	4
CLB0IF 	EQU 	4
CLB0IP 	EQU 	4
CLB1IE 	EQU 	5
CLB1IF 	EQU 	5
CLB1IP 	EQU 	5
CLB2IE 	EQU 	6
CLB2IF 	EQU 	6
CLB2IP 	EQU 	6
CLB3IE 	EQU 	7
CLB3IF 	EQU 	7
CLB3IP 	EQU 	7
CLBCLK 	EQU 	195
CLBCLKPPS 	EQU 	573
CLBCLKPPS0 	EQU 	0
CLBCLKPPS1 	EQU 	1
CLBCLKPPS2 	EQU 	2
CLBCLKPPS3 	EQU 	3
CLBCLKPPS4 	EQU 	4
CLBCLKPPS5 	EQU 	5
CLBCLKPPS6 	EQU 	6
CLBCLKPPS7 	EQU 	7
CLBCLKPPS_PIN0 	EQU 	0
CLBCLKPPS_PIN1 	EQU 	1
CLBCLKPPS_PIN2 	EQU 	2
CLBCLKPPS_PORT0 	EQU 	3
CLBCLKPPS_PORT1 	EQU 	4
CLBCLKPPS_PORT2 	EQU 	5
CLBCLKPPS_PORT3 	EQU 	6
CLBCLKPPS_PORT4 	EQU 	7
CLBCLK_CLKPRE0 	EQU 	0
CLBCLK_CLKPRE1 	EQU 	1
CLBCLK_CLKPRE2 	EQU 	2
CLBCLK_CLKPRE3 	EQU 	3
CLBCLK_CLKSEL0 	EQU 	4
CLBCLK_CLKSEL1 	EQU 	5
CLBCLK_CLKSEL2 	EQU 	6
CLBCLK_CLKSEL3 	EQU 	7
CLBCON 	EQU 	192
CLBCON_EN 	EQU 	7
CLBDB0 	EQU 	0
CLBDB1 	EQU 	1
CLBDEBUG0 	EQU 	200
CLBDEBUG1 	EQU 	201
CLBDEBUG1_DBG0 	EQU 	0
CLBDEBUG1_DBG1 	EQU 	1
CLBDEBUG1_DBG2 	EQU 	2
CLBDEBUG1_DBG3 	EQU 	3
CLBDEBUG1_DBG4 	EQU 	4
CLBDEBUG1_DBG5 	EQU 	5
CLBDEBUG1_DBG6 	EQU 	6
CLBEN 	EQU 	7
CLBIN0PPS 	EQU 	565
CLBIN0PPS0 	EQU 	0
CLBIN0PPS1 	EQU 	1
CLBIN0PPS2 	EQU 	2
CLBIN0PPS3 	EQU 	3
CLBIN0PPS4 	EQU 	4
CLBIN0PPS5 	EQU 	5
CLBIN0PPS6 	EQU 	6
CLBIN0PPS7 	EQU 	7
CLBIN0PPS_PIN0 	EQU 	0
CLBIN0PPS_PIN1 	EQU 	1
CLBIN0PPS_PIN2 	EQU 	2
CLBIN0PPS_PORT0 	EQU 	3
CLBIN0PPS_PORT1 	EQU 	4
CLBIN0PPS_PORT2 	EQU 	5
CLBIN0PPS_PORT3 	EQU 	6
CLBIN0PPS_PORT4 	EQU 	7
CLBIN1PPS 	EQU 	566
CLBIN1PPS0 	EQU 	0
CLBIN1PPS1 	EQU 	1
CLBIN1PPS2 	EQU 	2
CLBIN1PPS3 	EQU 	3
CLBIN1PPS4 	EQU 	4
CLBIN1PPS5 	EQU 	5
CLBIN1PPS6 	EQU 	6
CLBIN1PPS7 	EQU 	7
CLBIN2PPS 	EQU 	567
CLBIN2PPS0 	EQU 	0
CLBIN2PPS1 	EQU 	1
CLBIN2PPS2 	EQU 	2
CLBIN2PPS3 	EQU 	3
CLBIN2PPS4 	EQU 	4
CLBIN2PPS5 	EQU 	5
CLBIN2PPS6 	EQU 	6
CLBIN2PPS7 	EQU 	7
CLBIN2PPS_PIN0 	EQU 	0
CLBIN2PPS_PIN1 	EQU 	1
CLBIN2PPS_PIN2 	EQU 	2
CLBIN2PPS_PORT0 	EQU 	3
CLBIN2PPS_PORT1 	EQU 	4
CLBIN2PPS_PORT2 	EQU 	5
CLBIN2PPS_PORT3 	EQU 	6
CLBIN2PPS_PORT4 	EQU 	7
CLBIN3PPS 	EQU 	568
CLBIN3PPS0 	EQU 	0
CLBIN3PPS1 	EQU 	1
CLBIN3PPS2 	EQU 	2
CLBIN3PPS3 	EQU 	3
CLBIN3PPS4 	EQU 	4
CLBIN3PPS5 	EQU 	5
CLBIN3PPS6 	EQU 	6
CLBIN3PPS7 	EQU 	7
CLBIN3PPS_PIN0 	EQU 	0
CLBIN3PPS_PIN1 	EQU 	1
CLBIN3PPS_PIN2 	EQU 	2
CLBIN3PPS_PORT0 	EQU 	3
CLBIN3PPS_PORT1 	EQU 	4
CLBIN3PPS_PORT2 	EQU 	5
CLBIN3PPS_PORT3 	EQU 	6
CLBIN3PPS_PORT4 	EQU 	7
CLBIN4PPS 	EQU 	569
CLBIN4PPS0 	EQU 	0
CLBIN4PPS1 	EQU 	1
CLBIN4PPS2 	EQU 	2
CLBIN4PPS3 	EQU 	3
CLBIN4PPS4 	EQU 	4
CLBIN4PPS5 	EQU 	5
CLBIN4PPS6 	EQU 	6
CLBIN4PPS7 	EQU 	7
CLBIN4PPS_PIN0 	EQU 	0
CLBIN4PPS_PIN1 	EQU 	1
CLBIN4PPS_PIN2 	EQU 	2
CLBIN4PPS_PORT0 	EQU 	3
CLBIN4PPS_PORT1 	EQU 	4
CLBIN4PPS_PORT2 	EQU 	5
CLBIN4PPS_PORT3 	EQU 	6
CLBIN4PPS_PORT4 	EQU 	7
CLBIN5PPS 	EQU 	570
CLBIN5PPS0 	EQU 	0
CLBIN5PPS1 	EQU 	1
CLBIN5PPS2 	EQU 	2
CLBIN5PPS3 	EQU 	3
CLBIN5PPS4 	EQU 	4
CLBIN5PPS5 	EQU 	5
CLBIN5PPS6 	EQU 	6
CLBIN5PPS7 	EQU 	7
CLBIN5PPS_PIN0 	EQU 	0
CLBIN5PPS_PIN1 	EQU 	1
CLBIN5PPS_PIN2 	EQU 	2
CLBIN5PPS_PORT0 	EQU 	3
CLBIN5PPS_PORT1 	EQU 	4
CLBIN5PPS_PORT2 	EQU 	5
CLBIN5PPS_PORT3 	EQU 	6
CLBIN5PPS_PORT4 	EQU 	7
CLBIN6PPS 	EQU 	571
CLBIN6PPS0 	EQU 	0
CLBIN6PPS1 	EQU 	1
CLBIN6PPS2 	EQU 	2
CLBIN6PPS3 	EQU 	3
CLBIN6PPS4 	EQU 	4
CLBIN6PPS5 	EQU 	5
CLBIN6PPS6 	EQU 	6
CLBIN6PPS7 	EQU 	7
CLBIN6PPS_PIN0 	EQU 	0
CLBIN6PPS_PIN1 	EQU 	1
CLBIN6PPS_PIN2 	EQU 	2
CLBIN6PPS_PORT0 	EQU 	3
CLBIN6PPS_PORT1 	EQU 	4
CLBIN6PPS_PORT2 	EQU 	5
CLBIN6PPS_PORT3 	EQU 	6
CLBIN6PPS_PORT4 	EQU 	7
CLBIN7PPS 	EQU 	572
CLBIN7PPS0 	EQU 	0
CLBIN7PPS1 	EQU 	1
CLBIN7PPS2 	EQU 	2
CLBIN7PPS3 	EQU 	3
CLBIN7PPS4 	EQU 	4
CLBIN7PPS5 	EQU 	5
CLBIN7PPS6 	EQU 	6
CLBIN7PPS7 	EQU 	7
CLBIN7PPS_PIN0 	EQU 	0
CLBIN7PPS_PIN1 	EQU 	1
CLBIN7PPS_PIN2 	EQU 	2
CLBIN7PPS_PORT0 	EQU 	3
CLBIN7PPS_PORT1 	EQU 	4
CLBIN7PPS_PORT2 	EQU 	5
CLBIN7PPS_PORT3 	EQU 	6
CLBIN7PPS_PORT4 	EQU 	7
CLBLOAD 	EQU 	6
CLBMD 	EQU 	1
CLBOUTH 	EQU 	196
CLBOUTH0 	EQU 	0
CLBOUTH1 	EQU 	1
CLBOUTH2 	EQU 	2
CLBOUTH3 	EQU 	3
CLBOUTH4 	EQU 	4
CLBOUTH5 	EQU 	5
CLBOUTH6 	EQU 	6
CLBOUTH7 	EQU 	7
CLBOUTL 	EQU 	197
CLBOUTL0 	EQU 	0
CLBOUTL1 	EQU 	1
CLBOUTL2 	EQU 	2
CLBOUTL3 	EQU 	3
CLBOUTL4 	EQU 	4
CLBOUTL5 	EQU 	5
CLBOUTL6 	EQU 	6
CLBOUTL7 	EQU 	7
CLBSWINH 	EQU 	193
CLBSWINH0 	EQU 	0
CLBSWINH1 	EQU 	1
CLBSWINH2 	EQU 	2
CLBSWINH3 	EQU 	3
CLBSWINH4 	EQU 	4
CLBSWINH5 	EQU 	5
CLBSWINH6 	EQU 	6
CLBSWINH7 	EQU 	7
CLBSWINL 	EQU 	194
CLBSWINL0 	EQU 	0
CLBSWINL1 	EQU 	1
CLBSWINL2 	EQU 	2
CLBSWINL3 	EQU 	3
CLBSWINL4 	EQU 	4
CLBSWINL5 	EQU 	5
CLBSWINL6 	EQU 	6
CLBSWINL7 	EQU 	7
CLBSWOUTH 	EQU 	198
CLBSWOUTH0 	EQU 	0
CLBSWOUTH1 	EQU 	1
CLBSWOUTH2 	EQU 	2
CLBSWOUTH3 	EQU 	3
CLBSWOUTH4 	EQU 	4
CLBSWOUTH5 	EQU 	5
CLBSWOUTH6 	EQU 	6
CLBSWOUTH7 	EQU 	7
CLBSWOUTL 	EQU 	199
CLBSWOUTL0 	EQU 	0
CLBSWOUTL1 	EQU 	1
CLBSWOUTL2 	EQU 	2
CLBSWOUTL3 	EQU 	3
CLBSWOUTL4 	EQU 	4
CLBSWOUTL5 	EQU 	5
CLBSWOUTL6 	EQU 	6
CLBSWOUTL7 	EQU 	7
CLC1IE 	EQU 	0
CLC1IF 	EQU 	0
CLC1IP 	EQU 	0
CLC1MD 	EQU 	1
CLC1OUT 	EQU 	0
CLC2IE 	EQU 	1
CLC2IF 	EQU 	1
CLC2IP 	EQU 	1
CLC2MD 	EQU 	2
CLC2OUT 	EQU 	1
CLC3IE 	EQU 	2
CLC3IF 	EQU 	2
CLC3IP 	EQU 	2
CLC3MD 	EQU 	3
CLC3OUT 	EQU 	2
CLC4IE 	EQU 	3
CLC4IF 	EQU 	3
CLC4IP 	EQU 	3
CLC4MD 	EQU 	4
CLC4OUT 	EQU 	3
CLC5IE 	EQU 	4
CLC5IF 	EQU 	4
CLC5IP 	EQU 	4
CLC5MD 	EQU 	4
CLC5OUT 	EQU 	4
CLC6IE 	EQU 	5
CLC6IF 	EQU 	5
CLC6IP 	EQU 	5
CLC6MD 	EQU 	5
CLC6OUT 	EQU 	5
CLC7IE 	EQU 	6
CLC7IF 	EQU 	6
CLC7IP 	EQU 	6
CLC7MD 	EQU 	6
CLC7OUT 	EQU 	6
CLC8IE 	EQU 	7
CLC8IF 	EQU 	7
CLC8IP 	EQU 	7
CLC8MD 	EQU 	7
CLC8OUT 	EQU 	7
CLCDATA 	EQU 	212
CLCIN0PPS 	EQU 	609
CLCIN0PPS0 	EQU 	0
CLCIN0PPS1 	EQU 	1
CLCIN0PPS2 	EQU 	2
CLCIN0PPS3 	EQU 	3
CLCIN0PPS4 	EQU 	4
CLCIN0PPS5 	EQU 	5
CLCIN0PPS6 	EQU 	6
CLCIN0PPS7 	EQU 	7
CLCIN0PPS_PIN0 	EQU 	0
CLCIN0PPS_PIN1 	EQU 	1
CLCIN0PPS_PIN2 	EQU 	2
CLCIN0PPS_PORT0 	EQU 	3
CLCIN0PPS_PORT1 	EQU 	4
CLCIN0PPS_PORT2 	EQU 	5
CLCIN0PPS_PORT3 	EQU 	6
CLCIN0PPS_PORT4 	EQU 	7
CLCIN1PPS 	EQU 	610
CLCIN1PPS0 	EQU 	0
CLCIN1PPS1 	EQU 	1
CLCIN1PPS2 	EQU 	2
CLCIN1PPS3 	EQU 	3
CLCIN1PPS4 	EQU 	4
CLCIN1PPS5 	EQU 	5
CLCIN1PPS6 	EQU 	6
CLCIN1PPS7 	EQU 	7
CLCIN1PPS_PIN0 	EQU 	0
CLCIN1PPS_PIN1 	EQU 	1
CLCIN1PPS_PIN2 	EQU 	2
CLCIN1PPS_PORT0 	EQU 	3
CLCIN1PPS_PORT1 	EQU 	4
CLCIN1PPS_PORT2 	EQU 	5
CLCIN1PPS_PORT3 	EQU 	6
CLCIN1PPS_PORT4 	EQU 	7
CLCIN2PPS 	EQU 	611
CLCIN2PPS0 	EQU 	0
CLCIN2PPS1 	EQU 	1
CLCIN2PPS2 	EQU 	2
CLCIN2PPS3 	EQU 	3
CLCIN2PPS4 	EQU 	4
CLCIN2PPS5 	EQU 	5
CLCIN2PPS6 	EQU 	6
CLCIN2PPS7 	EQU 	7
CLCIN2PPS_PIN0 	EQU 	0
CLCIN2PPS_PIN1 	EQU 	1
CLCIN2PPS_PIN2 	EQU 	2
CLCIN2PPS_PORT0 	EQU 	3
CLCIN2PPS_PORT1 	EQU 	4
CLCIN2PPS_PORT2 	EQU 	5
CLCIN2PPS_PORT3 	EQU 	6
CLCIN2PPS_PORT4 	EQU 	7
CLCIN3PPS 	EQU 	612
CLCIN3PPS0 	EQU 	0
CLCIN3PPS1 	EQU 	1
CLCIN3PPS2 	EQU 	2
CLCIN3PPS3 	EQU 	3
CLCIN3PPS4 	EQU 	4
CLCIN3PPS5 	EQU 	5
CLCIN3PPS6 	EQU 	6
CLCIN3PPS7 	EQU 	7
CLCIN3PPS_PIN0 	EQU 	0
CLCIN3PPS_PIN1 	EQU 	1
CLCIN3PPS_PIN2 	EQU 	2
CLCIN3PPS_PORT0 	EQU 	3
CLCIN3PPS_PORT1 	EQU 	4
CLCIN3PPS_PORT2 	EQU 	5
CLCIN3PPS_PORT3 	EQU 	6
CLCIN3PPS_PORT4 	EQU 	7
CLCIN4PPS 	EQU 	613
CLCIN4PPS0 	EQU 	0
CLCIN4PPS1 	EQU 	1
CLCIN4PPS2 	EQU 	2
CLCIN4PPS3 	EQU 	3
CLCIN4PPS4 	EQU 	4
CLCIN4PPS5 	EQU 	5
CLCIN4PPS6 	EQU 	6
CLCIN4PPS7 	EQU 	7
CLCIN4PPS_PIN0 	EQU 	0
CLCIN4PPS_PIN1 	EQU 	1
CLCIN4PPS_PIN2 	EQU 	2
CLCIN4PPS_PORT0 	EQU 	3
CLCIN4PPS_PORT1 	EQU 	4
CLCIN4PPS_PORT2 	EQU 	5
CLCIN4PPS_PORT3 	EQU 	6
CLCIN4PPS_PORT4 	EQU 	7
CLCIN5PPS 	EQU 	614
CLCIN5PPS0 	EQU 	0
CLCIN5PPS1 	EQU 	1
CLCIN5PPS2 	EQU 	2
CLCIN5PPS3 	EQU 	3
CLCIN5PPS4 	EQU 	4
CLCIN5PPS5 	EQU 	5
CLCIN5PPS6 	EQU 	6
CLCIN5PPS7 	EQU 	7
CLCIN5PPS_PIN0 	EQU 	0
CLCIN5PPS_PIN1 	EQU 	1
CLCIN5PPS_PIN2 	EQU 	2
CLCIN5PPS_PORT0 	EQU 	3
CLCIN5PPS_PORT1 	EQU 	4
CLCIN5PPS_PORT2 	EQU 	5
CLCIN5PPS_PORT3 	EQU 	6
CLCIN5PPS_PORT4 	EQU 	7
CLCIN6PPS 	EQU 	615
CLCIN6PPS0 	EQU 	0
CLCIN6PPS1 	EQU 	1
CLCIN6PPS2 	EQU 	2
CLCIN6PPS3 	EQU 	3
CLCIN6PPS4 	EQU 	4
CLCIN6PPS5 	EQU 	5
CLCIN6PPS6 	EQU 	6
CLCIN6PPS7 	EQU 	7
CLCIN6PPS_PIN0 	EQU 	0
CLCIN6PPS_PIN1 	EQU 	1
CLCIN6PPS_PIN2 	EQU 	2
CLCIN6PPS_PORT0 	EQU 	3
CLCIN6PPS_PORT1 	EQU 	4
CLCIN6PPS_PORT2 	EQU 	5
CLCIN6PPS_PORT3 	EQU 	6
CLCIN6PPS_PORT4 	EQU 	7
CLCIN7PPS 	EQU 	616
CLCIN7PPS0 	EQU 	0
CLCIN7PPS1 	EQU 	1
CLCIN7PPS2 	EQU 	2
CLCIN7PPS3 	EQU 	3
CLCIN7PPS4 	EQU 	4
CLCIN7PPS5 	EQU 	5
CLCIN7PPS6 	EQU 	6
CLCIN7PPS7 	EQU 	7
CLCIN7PPS_PIN0 	EQU 	0
CLCIN7PPS_PIN1 	EQU 	1
CLCIN7PPS_PIN2 	EQU 	2
CLCIN7PPS_PORT0 	EQU 	3
CLCIN7PPS_PORT1 	EQU 	4
CLCIN7PPS_PORT2 	EQU 	5
CLCIN7PPS_PORT3 	EQU 	6
CLCIN7PPS_PORT4 	EQU 	7
CLCNCON 	EQU 	214
CLCNCON_CLCNCON_MODE0 	EQU 	0
CLCNCON_CLCNCON_MODE1 	EQU 	1
CLCNCON_CLCNCON_MODE2 	EQU 	2
CLCNCON_EN 	EQU 	7
CLCNCON_MODE0 	EQU 	0
CLCNCON_MODE1 	EQU 	1
CLCNCON_MODE2 	EQU 	2
CLCNGLS0 	EQU 	220
CLCNGLS1 	EQU 	221
CLCNGLS2 	EQU 	222
CLCNGLS3 	EQU 	223
CLCNPOL 	EQU 	215
CLCNSEL0 	EQU 	216
CLCNSEL1 	EQU 	217
CLCNSEL2 	EQU 	218
CLCNSEL3 	EQU 	219
CLCSELECT 	EQU 	213
CLK0 	EQU 	0
CLK1 	EQU 	1
CLK2 	EQU 	2
CLK3 	EQU 	3
CLK4 	EQU 	4
CLK5 	EQU 	5
CLK6 	EQU 	6
CLK7 	EQU 	7
CLKEN 	EQU 	0
CLKPRE0 	EQU 	0
CLKPRE1 	EQU 	1
CLKPRE2 	EQU 	2
CLKPRE3 	EQU 	3
CLKRCLK 	EQU 	59
CLKRCLK0 	EQU 	0
CLKRCLK1 	EQU 	1
CLKRCLK2 	EQU 	2
CLKRCLK3 	EQU 	3
CLKRCLK_CLK0 	EQU 	0
CLKRCLK_CLK1 	EQU 	1
CLKRCLK_CLK2 	EQU 	2
CLKRCLK_CLK3 	EQU 	3
CLKRCON 	EQU 	58
CLKRCON_DC0 	EQU 	3
CLKRCON_DC1 	EQU 	4
CLKRCON_DIV0 	EQU 	0
CLKRCON_DIV1 	EQU 	1
CLKRCON_DIV2 	EQU 	2
CLKRCON_EN 	EQU 	7
CLKRDC0 	EQU 	3
CLKRDC1 	EQU 	4
CLKRDIV0 	EQU 	0
CLKRDIV1 	EQU 	1
CLKRDIV2 	EQU 	2
CLKREN 	EQU 	7
CLKRMD 	EQU 	1
CLKSEL0 	EQU 	4
CLKSEL1 	EQU 	5
CLKSEL2 	EQU 	6
CLKSEL3 	EQU 	7
CLKSEL4 	EQU 	4
CLPOL 	EQU 	1
CLR 	EQU 	5
CLRBF 	EQU 	2
CLSYNC 	EQU 	0
CM1CON0 	EQU 	112
CM1CON0_EN 	EQU 	7
CM1CON0_HYS0 	EQU 	1
CM1CON0_HYS1 	EQU 	2
CM1CON1 	EQU 	113
CM1CON1_SP0 	EQU 	2
CM1CON1_SP1 	EQU 	3
CM1MD 	EQU 	7
CM1NCH 	EQU 	114
CM1NCH_NCH0_CM1NCH 	EQU 	0
CM1NCH_NCH1_CM1NCH 	EQU 	1
CM1NCH_NCH2_CM1NCH 	EQU 	2
CM1PCH 	EQU 	115
CM1PCH_PCH0 	EQU 	0
CM1PCH_PCH1 	EQU 	1
CM1PCH_PCH2 	EQU 	2
CM2CON0 	EQU 	116
CM2CON0_CM2CON0_HYS0 	EQU 	1
CM2CON0_CM2CON0_HYS1 	EQU 	2
CM2CON0_EN 	EQU 	7
CM2CON0_HYS0 	EQU 	1
CM2CON0_HYS1 	EQU 	2
CM2CON0_SYNC 	EQU 	0
CM2CON1 	EQU 	117
CM2CON1_CM2CON1_SP0 	EQU 	2
CM2CON1_CM2CON1_SP1 	EQU 	3
CM2CON1_SP0 	EQU 	2
CM2CON1_SP1 	EQU 	3
CM2MD 	EQU 	0
CM2NCH 	EQU 	118
CM2NCH_NCH0_CM2NCH 	EQU 	0
CM2NCH_NCH1_CM2NCH 	EQU 	1
CM2NCH_NCH2_CM2NCH 	EQU 	2
CM2PCH 	EQU 	119
CM2PCH_CM2PCH_PCH0 	EQU 	0
CM2PCH_CM2PCH_PCH1 	EQU 	1
CM2PCH_CM2PCH_PCH2 	EQU 	2
CM2PCH_PCH0 	EQU 	0
CM2PCH_PCH1 	EQU 	1
CM2PCH_PCH2 	EQU 	2
CMD0 	EQU 	0
CMD1 	EQU 	1
CMD2 	EQU 	2
CMOUT 	EQU 	111
CNT0 	EQU 	0
CNT1 	EQU 	1
CNT10 	EQU 	2
CNT11 	EQU 	3
CNT12 	EQU 	4
CNT13 	EQU 	5
CNT14 	EQU 	6
CNT15 	EQU 	7
CNT1IE 	EQU 	7
CNT1IF 	EQU 	7
CNT2 	EQU 	2
CNT2IE 	EQU 	7
CNT2IF 	EQU 	7
CNT3 	EQU 	3
CNT4 	EQU 	4
CNT5 	EQU 	5
CNT6 	EQU 	6
CNT7 	EQU 	7
CNT8 	EQU 	0
CNT9 	EQU 	1
CNTIE 	EQU 	7
CNTIF 	EQU 	7
COL 	EQU 	1307
COLOR 	EQU 	1308
COLOR_H 	EQU 	1309
CONT 	EQU 	6
COSC0 	EQU 	4
COSC1 	EQU 	5
COSC2 	EQU 	6
CPOL 	EQU 	6
CPUDOZE 	EQU 	1266
CPUDOZE_DOZE0 	EQU 	0
CPUDOZE_DOZE1 	EQU 	1
CPUDOZE_DOZE2 	EQU 	2
CRCBUSY 	EQU 	5
CRCCON0 	EQU 	854
CRCCON0_EN 	EQU 	7
CRCCON0_SETUP0 	EQU 	2
CRCCON0_SETUP1 	EQU 	3
CRCCON1 	EQU 	855
CRCCON1_PLEN0 	EQU 	0
CRCCON1_PLEN1 	EQU 	1
CRCCON1_PLEN2 	EQU 	2
CRCCON1_PLEN3 	EQU 	3
CRCCON1_PLEN4 	EQU 	4
CRCCON2 	EQU 	856
CRCCON2_DLEN0 	EQU 	0
CRCCON2_DLEN1 	EQU 	1
CRCCON2_DLEN2 	EQU 	2
CRCCON2_DLEN3 	EQU 	3
CRCCON2_DLEN4 	EQU 	4
CRCDATA 	EQU 	846
CRCDATAH 	EQU 	847
CRCDATAL 	EQU 	846
CRCDATAT 	EQU 	849
CRCDATAU 	EQU 	848
CRCEN 	EQU 	7
CRCGO 	EQU 	6
CRCIE 	EQU 	6
CRCIF 	EQU 	6
CRCIP 	EQU 	6
CRCMD 	EQU 	4
CRCOUT 	EQU 	850
CRCOUTH 	EQU 	851
CRCOUTL 	EQU 	850
CRCOUTT 	EQU 	853
CRCOUTU 	EQU 	852
CRCSHFT 	EQU 	850
CRCSHFTH 	EQU 	851
CRCSHFTL 	EQU 	850
CRCSHFTT 	EQU 	853
CRCSHFTU 	EQU 	852
CRCSHIFTH 	EQU 	851
CRCSHIFTL 	EQU 	850
CRCSHIFTT 	EQU 	853
CRCSHIFTU 	EQU 	852
CRCXOR 	EQU 	850
CRCXORH 	EQU 	851
CRCXORL 	EQU 	850
CRCXORT 	EQU 	853
CRCXORU 	EQU 	852
CRH0 	EQU 	0
CRH1 	EQU 	1
CRH2 	EQU 	2
CRH3 	EQU 	3
CRH4 	EQU 	4
CRH5 	EQU 	5
CRH6 	EQU 	6
CRH7 	EQU 	7
CRL0 	EQU 	0
CRL1 	EQU 	1
CRL2 	EQU 	2
CRL3 	EQU 	3
CRL4 	EQU 	4
CRL5 	EQU 	5
CRL6 	EQU 	6
CRL7 	EQU 	7
CRS0 	EQU 	4
CRS1 	EQU 	5
CRS2 	EQU 	6
CRT0 	EQU 	0
CRT1 	EQU 	1
CRT2 	EQU 	2
CRT3 	EQU 	3
CRT4 	EQU 	4
CRT5 	EQU 	5
CRT6 	EQU 	6
CRT7 	EQU 	7
CS0_ADCLK 	EQU 	0
CS0_T0CON1 	EQU 	5
CS0_T1CLK 	EQU 	0
CS0_T2CLKCON 	EQU 	0
CS0_T3CLK 	EQU 	0
CS0_T4CLKCON 	EQU 	0
CS0_WDTCON1 	EQU 	4
CS1_ADCLK 	EQU 	1
CS1_T0CON1 	EQU 	6
CS1_T1CLK 	EQU 	1
CS1_T2CLKCON 	EQU 	1
CS1_T3CLK 	EQU 	1
CS1_T4CLKCON 	EQU 	1
CS1_WDTCON1 	EQU 	5
CS2_ADCLK 	EQU 	2
CS2_T0CON1 	EQU 	7
CS2_T1CLK 	EQU 	2
CS2_T2CLKCON 	EQU 	2
CS2_T3CLK 	EQU 	2
CS2_T4CLKCON 	EQU 	2
CS2_WDTCON1 	EQU 	6
CS3 	EQU 	3
CS4 	EQU 	4
CS5 	EQU 	5
CSD 	EQU 	0
CSTR 	EQU 	4
CSWHOLD 	EQU 	7
CSWIE 	EQU 	3
CSWIF 	EQU 	3
CSWIP 	EQU 	3
CSYNC 	EQU 	6
CS_ADCON0 	EQU 	4
CS_CWG1CLK 	EQU 	0
CTS0 	EQU 	0
CTS1 	EQU 	1
CTS2 	EQU 	2
CTS3 	EQU 	3
CURRCHARCOL 	EQU 	1310
CURRCHARROW 	EQU 	1311
CURRCHARVAL 	EQU 	1312
CURRCOL 	EQU 	1313
CURRCOL_H 	EQU 	1314
CWG1AS0 	EQU 	962
CWG1AS0_CWG1LSAC0 	EQU 	2
CWG1AS0_CWG1LSAC1 	EQU 	3
CWG1AS0_CWG1LSBD0 	EQU 	4
CWG1AS0_CWG1LSBD1 	EQU 	5
CWG1AS0_CWG1LSDB0 	EQU 	4
CWG1AS0_CWG1LSDB1 	EQU 	5
CWG1AS0_LSAC0 	EQU 	2
CWG1AS0_LSAC1 	EQU 	3
CWG1AS0_LSBD0 	EQU 	4
CWG1AS0_LSBD1 	EQU 	5
CWG1AS1 	EQU 	963
CWG1CLK 	EQU 	956
CWG1CLKCON 	EQU 	956
CWG1CON0 	EQU 	960
CWG1CON0_CWG1CON0_MODE0 	EQU 	0
CWG1CON0_CWG1CON0_MODE1 	EQU 	1
CWG1CON0_CWG1CON0_MODE2 	EQU 	2
CWG1CON0_CWG1MODE0 	EQU 	0
CWG1CON0_CWG1MODE1 	EQU 	1
CWG1CON0_CWG1MODE2 	EQU 	2
CWG1CON0_EN 	EQU 	7
CWG1CON0_MODE0 	EQU 	0
CWG1CON0_MODE1 	EQU 	1
CWG1CON0_MODE2 	EQU 	2
CWG1CON1 	EQU 	961
CWG1CS 	EQU 	0
CWG1DAT 	EQU 	957
CWG1DBF 	EQU 	959
CWG1DBF0 	EQU 	0
CWG1DBF1 	EQU 	1
CWG1DBF2 	EQU 	2
CWG1DBF3 	EQU 	3
CWG1DBF4 	EQU 	4
CWG1DBF5 	EQU 	5
CWG1DBR 	EQU 	958
CWG1DBR0 	EQU 	0
CWG1DBR1 	EQU 	1
CWG1DBR2 	EQU 	2
CWG1DBR3 	EQU 	3
CWG1DBR4 	EQU 	4
CWG1DBR5 	EQU 	5
CWG1EN 	EQU 	7
CWG1IE 	EQU 	0
CWG1IF 	EQU 	0
CWG1IN 	EQU 	5
CWG1INPPS 	EQU 	603
CWG1INPPS0 	EQU 	0
CWG1INPPS1 	EQU 	1
CWG1INPPS2 	EQU 	2
CWG1INPPS3 	EQU 	3
CWG1INPPS4 	EQU 	4
CWG1INPPS5 	EQU 	5
CWG1INPPS6 	EQU 	6
CWG1INPPS7 	EQU 	7
CWG1IP 	EQU 	0
CWG1ISM 	EQU 	957
CWG1LD 	EQU 	6
CWG1LSAC0 	EQU 	2
CWG1LSAC1 	EQU 	3
CWG1LSBD0 	EQU 	4
CWG1LSBD1 	EQU 	5
CWG1LSDB0 	EQU 	4
CWG1LSDB1 	EQU 	5
CWG1MD 	EQU 	5
CWG1MODE0 	EQU 	0
CWG1MODE1 	EQU 	1
CWG1MODE2 	EQU 	2
CWG1OVRA 	EQU 	4
CWG1OVRB 	EQU 	5
CWG1OVRC 	EQU 	6
CWG1OVRD 	EQU 	7
CWG1POLA 	EQU 	0
CWG1POLB 	EQU 	1
CWG1POLC 	EQU 	2
CWG1POLD 	EQU 	3
CWG1PPS 	EQU 	603
CWG1PPS_PIN0 	EQU 	0
CWG1PPS_PIN1 	EQU 	1
CWG1PPS_PIN2 	EQU 	2
CWG1PPS_PORT0 	EQU 	3
CWG1PPS_PORT1 	EQU 	4
CWG1PPS_PORT2 	EQU 	5
CWG1PPS_PORT3 	EQU 	6
CWG1PPS_PORT4 	EQU 	7
CWG1STR 	EQU 	964
CWG1STRA 	EQU 	0
CWG1STRB 	EQU 	1
CWG1STRC 	EQU 	2
CWG1STRD 	EQU 	3
CWGINPPS0 	EQU 	0
CWGINPPS1 	EQU 	1
CWGINPPS2 	EQU 	2
CWGINPPS3 	EQU 	3
CWGINPPS4 	EQU 	4
CWGINPPS5 	EQU 	5
CWGINPPS6 	EQU 	6
CWGINPPS7 	EQU 	7
D 	EQU 	3
D1S0 	EQU 	0
D1S1 	EQU 	1
D1S2 	EQU 	2
D1S3 	EQU 	3
D1S4 	EQU 	4
D1S5 	EQU 	5
D2S0 	EQU 	0
D2S1 	EQU 	1
D2S2 	EQU 	2
D2S3 	EQU 	3
D2S4 	EQU 	4
D2S5 	EQU 	5
D3S0 	EQU 	0
D3S1 	EQU 	1
D3S2 	EQU 	2
D3S3 	EQU 	3
D3S4 	EQU 	4
D3S5 	EQU 	5
D4S0 	EQU 	0
D4S1 	EQU 	1
D4S2 	EQU 	2
D4S3 	EQU 	3
D4S4 	EQU 	4
D4S5 	EQU 	5
DAC1CON 	EQU 	127
DAC1CON_EN 	EQU 	7
DAC1CON_NSS0 	EQU 	0
DAC1CON_OE0 	EQU 	4
DAC1CON_OE1 	EQU 	5
DAC1CON_PSS0_DAC1CON 	EQU 	2
DAC1CON_PSS1_DAC1CON 	EQU 	3
DAC1DAT 	EQU 	125
DAC1DATH 	EQU 	126
DAC1DATL 	EQU 	125
DAC1EN 	EQU 	7
DAC1MD 	EQU 	2
DAC1NSS0 	EQU 	0
DAC1OE0 	EQU 	4
DAC1OE1 	EQU 	5
DAC1PSS0 	EQU 	2
DAC1PSS1 	EQU 	3
DAC1R0 	EQU 	0
DAC1R1 	EQU 	1
DAC1R2 	EQU 	2
DAC1R3 	EQU 	3
DAC1R4 	EQU 	4
DAC1R5 	EQU 	5
DAC1R6 	EQU 	6
DAC1R7 	EQU 	7
DATA0 	EQU 	0
DATA1 	EQU 	1
DATA10 	EQU 	2
DATA11 	EQU 	3
DATA12 	EQU 	4
DATA13 	EQU 	5
DATA14 	EQU 	6
DATA15 	EQU 	7
DATA16 	EQU 	0
DATA17 	EQU 	1
DATA18 	EQU 	2
DATA19 	EQU 	3
DATA2 	EQU 	2
DATA20 	EQU 	4
DATA21 	EQU 	5
DATA22 	EQU 	6
DATA23 	EQU 	7
DATA24 	EQU 	0
DATA25 	EQU 	1
DATA26 	EQU 	2
DATA27 	EQU 	3
DATA28 	EQU 	4
DATA29 	EQU 	5
DATA3 	EQU 	3
DATA30 	EQU 	6
DATA31 	EQU 	7
DATA4 	EQU 	4
DATA5 	EQU 	5
DATA6 	EQU 	6
DATA7 	EQU 	7
DATA8 	EQU 	0
DATA9 	EQU 	1
DB0 	EQU 	0
DB1 	EQU 	1
DBF0 	EQU 	0
DBF1 	EQU 	1
DBF2 	EQU 	2
DBF3 	EQU 	3
DBF4 	EQU 	4
DBF5 	EQU 	5
DBG0 	EQU 	0
DBG1 	EQU 	1
DBG2 	EQU 	2
DBG3 	EQU 	3
DBG4 	EQU 	4
DBG5 	EQU 	5
DBG6 	EQU 	6
DBR0 	EQU 	0
DBR1 	EQU 	1
DBR2 	EQU 	2
DBR3 	EQU 	3
DBR4 	EQU 	4
DBR5 	EQU 	5
DC 	EQU 	1
DC0 	EQU 	3
DC1 	EQU 	4
DCNT0 	EQU 	0
DCNT1 	EQU 	1
DCNT10 	EQU 	2
DCNT11 	EQU 	3
DCNT2 	EQU 	2
DCNT3 	EQU 	3
DCNT4 	EQU 	4
DCNT5 	EQU 	5
DCNT6 	EQU 	6
DCNT7 	EQU 	7
DCNT8 	EQU 	0
DCNT9 	EQU 	1
DDF_X 	EQU 	1315
DDF_X_H 	EQU 	1316
DDF_Y 	EQU 	1317
DDF_Y_H 	EQU 	1318
DELAYTEMP 	EQU 	1280
DELAYTEMP2 	EQU 	1281
DELAYUS1 	EQU 	9382
DELAY_MS 	EQU 	5994
DELAY_S 	EQU 	6022
DF0 	EQU 	0
DF1 	EQU 	1
DF2 	EQU 	2
DF3 	EQU 	3
DF4 	EQU 	4
DF5 	EQU 	5
DF6 	EQU 	6
DF7 	EQU 	7
DGO 	EQU 	5
DIV0 	EQU 	0
DIV1 	EQU 	1
DIV2 	EQU 	2
DIV8NOTNEG 	EQU 	14642
DLEN0 	EQU 	0
DLEN1 	EQU 	1
DLEN2 	EQU 	2
DLEN3 	EQU 	3
DLEN4 	EQU 	4
DMA1AIE 	EQU 	3
DMA1AIF 	EQU 	3
DMA1AIP 	EQU 	3
DMA1DCNTIE 	EQU 	1
DMA1DCNTIF 	EQU 	1
DMA1DCNTIP 	EQU 	1
DMA1MD 	EQU 	5
DMA1ORIE 	EQU 	2
DMA1ORIF 	EQU 	2
DMA1ORIP 	EQU 	2
DMA1PR 	EQU 	182
DMA1PR0 	EQU 	0
DMA1PR1 	EQU 	1
DMA1PR2 	EQU 	2
DMA1PR_DMA1PR0 	EQU 	0
DMA1PR_DMA1PR1 	EQU 	1
DMA1PR_DMA1PR2 	EQU 	2
DMA1PR_PR0_DMA1PR 	EQU 	0
DMA1PR_PR1_DMA1PR 	EQU 	1
DMA1PR_PR2_DMA1PR 	EQU 	2
DMA1SCNTIE 	EQU 	0
DMA1SCNTIF 	EQU 	0
DMA1SCNTIP 	EQU 	0
DMA2AIE 	EQU 	7
DMA2AIF 	EQU 	7
DMA2AIP 	EQU 	7
DMA2DCNTIE 	EQU 	5
DMA2DCNTIF 	EQU 	5
DMA2DCNTIP 	EQU 	5
DMA2MD 	EQU 	6
DMA2ORIE 	EQU 	6
DMA2ORIF 	EQU 	6
DMA2ORIP 	EQU 	6
DMA2PR 	EQU 	183
DMA2PR0 	EQU 	0
DMA2PR1 	EQU 	1
DMA2PR2 	EQU 	2
DMA2PR_DMA2PR0 	EQU 	0
DMA2PR_DMA2PR1 	EQU 	1
DMA2PR_DMA2PR2 	EQU 	2
DMA2PR_PR0_DMA2PR 	EQU 	0
DMA2PR_PR1_DMA2PR 	EQU 	1
DMA2PR_PR2_DMA2PR 	EQU 	2
DMA2SCNTIE 	EQU 	4
DMA2SCNTIF 	EQU 	4
DMA2SCNTIP 	EQU 	4
DMA3AIE 	EQU 	3
DMA3AIF 	EQU 	3
DMA3AIP 	EQU 	3
DMA3DCNTIE 	EQU 	1
DMA3DCNTIF 	EQU 	1
DMA3DCNTIP 	EQU 	1
DMA3MD 	EQU 	7
DMA3ORIE 	EQU 	2
DMA3ORIF 	EQU 	2
DMA3ORIP 	EQU 	2
DMA3PR 	EQU 	184
DMA3PR0 	EQU 	0
DMA3PR1 	EQU 	1
DMA3PR2 	EQU 	2
DMA3PR_DMA3PR0 	EQU 	0
DMA3PR_DMA3PR1 	EQU 	1
DMA3PR_DMA3PR2 	EQU 	2
DMA3PR_PR0_DMA3PR 	EQU 	0
DMA3PR_PR1_DMA3PR 	EQU 	1
DMA3PR_PR2_DMA3PR 	EQU 	2
DMA3SCNTIE 	EQU 	0
DMA3SCNTIF 	EQU 	0
DMA3SCNTIP 	EQU 	0
DMA4AIE 	EQU 	7
DMA4AIF 	EQU 	7
DMA4AIP 	EQU 	7
DMA4DCNTIE 	EQU 	5
DMA4DCNTIF 	EQU 	5
DMA4DCNTIP 	EQU 	5
DMA4MD 	EQU 	3
DMA4ORIE 	EQU 	6
DMA4ORIF 	EQU 	6
DMA4ORIP 	EQU 	6
DMA4PR 	EQU 	185
DMA4PR0 	EQU 	0
DMA4PR1 	EQU 	1
DMA4PR2 	EQU 	2
DMA4PR_DMA4PR0 	EQU 	0
DMA4PR_DMA4PR1 	EQU 	1
DMA4PR_DMA4PR2 	EQU 	2
DMA4PR_PR0_DMA4PR 	EQU 	0
DMA4PR_PR1_DMA4PR 	EQU 	1
DMA4PR_PR2_DMA4PR 	EQU 	2
DMA4SCNTIE 	EQU 	4
DMA4SCNTIF 	EQU 	4
DMA4SCNTIP 	EQU 	4
DMANAIRQ 	EQU 	253
DMANBUF 	EQU 	232
DMANCON0 	EQU 	251
DMANCON0_EN 	EQU 	7
DMANCON1 	EQU 	252
DMANDCNT 	EQU 	233
DMANDCNTH 	EQU 	234
DMANDCNTL 	EQU 	233
DMANDPTR 	EQU 	235
DMANDPTRH 	EQU 	236
DMANDPTRL 	EQU 	235
DMANDSA 	EQU 	239
DMANDSAH 	EQU 	240
DMANDSAL 	EQU 	239
DMANDSZ 	EQU 	237
DMANDSZH 	EQU 	238
DMANDSZL 	EQU 	237
DMANSCNT 	EQU 	241
DMANSCNTH 	EQU 	242
DMANSCNTL 	EQU 	241
DMANSIRQ 	EQU 	254
DMANSPTR 	EQU 	243
DMANSPTRH 	EQU 	244
DMANSPTRL 	EQU 	243
DMANSPTRU 	EQU 	245
DMANSSA 	EQU 	248
DMANSSAH 	EQU 	249
DMANSSAL 	EQU 	248
DMANSSAU 	EQU 	250
DMANSSZ 	EQU 	246
DMANSSZH 	EQU 	247
DMANSSZL 	EQU 	246
DMASELECT 	EQU 	231
DMASELECT_SLCT0 	EQU 	0
DMASELECT_SLCT1 	EQU 	1
DMODE0 	EQU 	6
DMODE1 	EQU 	7
DMS_INNER 	EQU 	6004
DMS_OUTER 	EQU 	6000
DMS_START 	EQU 	5996
DOE 	EQU 	4
DONE 	EQU 	0
DOZE0 	EQU 	0
DOZE1 	EQU 	1
DOZE2 	EQU 	2
DOZEN 	EQU 	6
DPS 	EQU 	3
DPTR0 	EQU 	0
DPTR1 	EQU 	1
DPTR10 	EQU 	2
DPTR11 	EQU 	3
DPTR12 	EQU 	4
DPTR13 	EQU 	5
DPTR14 	EQU 	6
DPTR15 	EQU 	7
DPTR2 	EQU 	2
DPTR3 	EQU 	3
DPTR4 	EQU 	4
DPTR5 	EQU 	5
DPTR6 	EQU 	6
DPTR7 	EQU 	7
DPTR8 	EQU 	0
DPTR9 	EQU 	1
DRAWBIGCHAR_ILI9341 	EQU 	5022
DRAWLINE 	EQU 	1319
DRAWLINE_H 	EQU 	1320
DSA0 	EQU 	0
DSA1 	EQU 	1
DSA10 	EQU 	2
DSA11 	EQU 	3
DSA12 	EQU 	4
DSA13 	EQU 	5
DSA14 	EQU 	6
DSA15 	EQU 	7
DSA2 	EQU 	2
DSA3 	EQU 	3
DSA4 	EQU 	4
DSA5 	EQU 	5
DSA6 	EQU 	6
DSA7 	EQU 	7
DSA8 	EQU 	0
DSA9 	EQU 	1
DSEN 	EQU 	0
DSMMD 	EQU 	2
DSTP 	EQU 	5
DSZ0 	EQU 	0
DSZ1 	EQU 	1
DSZ10 	EQU 	2
DSZ11 	EQU 	3
DSZ2 	EQU 	2
DSZ3 	EQU 	3
DSZ4 	EQU 	4
DSZ5 	EQU 	5
DSZ6 	EQU 	6
DSZ7 	EQU 	7
DSZ8 	EQU 	0
DSZ9 	EQU 	1
DS_START 	EQU 	6022
ELSE16_1 	EQU 	4952
ELSE18_1 	EQU 	15510
ELSE19_1 	EQU 	15546
ELSE20_1 	EQU 	15850
ELSE21_1 	EQU 	15788
ELSE22_1 	EQU 	15960
ELSE33_1 	EQU 	14578
ELSE40_1 	EQU 	10242
ELSE52_1 	EQU 	8554
EN 	EQU 	0
ENDIF1 	EQU 	12144
ENDIF10 	EQU 	4196
ENDIF11 	EQU 	4244
ENDIF16 	EQU 	5018
ENDIF17 	EQU 	6558
ENDIF18 	EQU 	15516
ENDIF19 	EQU 	15552
ENDIF2 	EQU 	12156
ENDIF20 	EQU 	16020
ENDIF21 	EQU 	15818
ENDIF22 	EQU 	15990
ENDIF23 	EQU 	15190
ENDIF24 	EQU 	15204
ENDIF25 	EQU 	15220
ENDIF26 	EQU 	14692
ENDIF27 	EQU 	14730
ENDIF28 	EQU 	14960
ENDIF29 	EQU 	14974
ENDIF3 	EQU 	13856
ENDIF30 	EQU 	15000
ENDIF31 	EQU 	14836
ENDIF32 	EQU 	14900
ENDIF33 	EQU 	14582
ENDIF34 	EQU 	14540
ENDIF36 	EQU 	14126
ENDIF37 	EQU 	14206
ENDIF38 	EQU 	14282
ENDIF39 	EQU 	14356
ENDIF4 	EQU 	13868
ENDIF40 	EQU 	10332
ENDIF49 	EQU 	8346
ENDIF52 	EQU 	8614
ENDIF57 	EQU 	6104
ENDIF58 	EQU 	6152
ENDIF62 	EQU 	4070
ENDIF65 	EQU 	5036
ENDIF66 	EQU 	5050
ENDIF67 	EQU 	5064
ENDIF68 	EQU 	5180
ENDIF69 	EQU 	5238
ENDIF70 	EQU 	5296
ENDIF71 	EQU 	5354
ENDIF72 	EQU 	5412
ENDIF73 	EQU 	5468
ENDIF74 	EQU 	5524
ENDIF75 	EQU 	5582
ENDIF76 	EQU 	5640
ENDIF77 	EQU 	5698
ENDIF78 	EQU 	5756
ENDIF79 	EQU 	5814
ENDIF80 	EQU 	5872
ENDIF81 	EQU 	5884
ENDIF82 	EQU 	5938
ENDIF83 	EQU 	5972
ENDIF86 	EQU 	15100
ENDIF88 	EQU 	13914
ENDIF89 	EQU 	13924
ENDIF90 	EQU 	13934
EOSIE 	EQU 	4
EOSIF 	EQU 	4
EPOL 	EQU 	7
ERR0 	EQU 	0
ERR1 	EQU 	1
ERR10 	EQU 	2
ERR11 	EQU 	3
ERR12 	EQU 	4
ERR13 	EQU 	5
ERR14 	EQU 	6
ERR15 	EQU 	7
ERR2 	EQU 	2
ERR3 	EQU 	3
ERR4 	EQU 	4
ERR5 	EQU 	5
ERR6 	EQU 	6
ERR7 	EQU 	7
ERR8 	EQU 	0
ERR9 	EQU 	1
ERS0 	EQU 	0
ERS1 	EQU 	1
ERS2 	EQU 	2
ERS3 	EQU 	3
ERS4 	EQU 	4
ERS5 	EQU 	5
ERS6 	EQU 	6
ERS7 	EQU 	7
ERSNOW 	EQU 	0
ERSPOL 	EQU 	1
EXTOEN 	EQU 	7
EXTOR 	EQU 	7
F 	EQU 	1
FASTHWSPITRANSFER 	EQU 	6038
FERIE 	EQU 	3
FERIF 	EQU 	3
FF 	EQU 	1321
FF_H 	EQU 	1322
FILLCIRCLEXX 	EQU 	1323
FILLCIRCLEYY 	EQU 	1324
FILLEDBOX_ILI9341 	EQU 	6056
FILLEDCIRCLE24 	EQU 	6390
FLO0 	EQU 	0
FLO1 	EQU 	1
FLTR0 	EQU 	0
FLTR1 	EQU 	1
FLTR10 	EQU 	2
FLTR11 	EQU 	3
FLTR12 	EQU 	4
FLTR13 	EQU 	5
FLTR14 	EQU 	6
FLTR15 	EQU 	7
FLTR2 	EQU 	2
FLTR3 	EQU 	3
FLTR4 	EQU 	4
FLTR5 	EQU 	5
FLTR6 	EQU 	6
FLTR7 	EQU 	7
FLTR8 	EQU 	0
FLTR9 	EQU 	1
FM0 	EQU 	2
FM1 	EQU 	3
FME0 	EQU 	2
FME1 	EQU 	3
FMT 	EQU 	4
FN_PAD 	EQU 	10046
FN_STR 	EQU 	14042
FRQ0 	EQU 	0
FRQ1 	EQU 	1
FRQ2 	EQU 	2
FRQ3 	EQU 	3
FSCMCON 	EQU 	1112
FSCMFEV 	EQU 	0
FSCMFFI 	EQU 	1
FSCMPEV 	EQU 	2
FSCMPFI 	EQU 	3
FSCMSEV 	EQU 	4
FSCMSFI 	EQU 	5
FSR00 	EQU 	0
FSR01 	EQU 	1
FSR010 	EQU 	16
FSR011 	EQU 	17
FSR02 	EQU 	2
FSR03 	EQU 	3
FSR04 	EQU 	4
FSR05 	EQU 	5
FSR06 	EQU 	6
FSR07 	EQU 	7
FSR08 	EQU 	8
FSR09 	EQU 	9
FSR0H 	EQU 	1258
FSR0H0 	EQU 	0
FSR0H1 	EQU 	1
FSR0H2 	EQU 	2
FSR0H3 	EQU 	3
FSR0H4 	EQU 	4
FSR0H5 	EQU 	5
FSR0H_SHAD 	EQU 	893
FSR0L 	EQU 	1257
FSR0L_SHAD 	EQU 	892
FSR0SH 	EQU 	892
FSR0SH0 	EQU 	0
FSR0SH1 	EQU 	1
FSR0SH10 	EQU 	16
FSR0SH11 	EQU 	17
FSR0SH12 	EQU 	18
FSR0SH13 	EQU 	19
FSR0SH2 	EQU 	2
FSR0SH3 	EQU 	3
FSR0SH4 	EQU 	4
FSR0SH5 	EQU 	5
FSR0SH6 	EQU 	6
FSR0SH7 	EQU 	7
FSR0SH8 	EQU 	8
FSR0SH9 	EQU 	9
FSR10 	EQU 	0
FSR11 	EQU 	1
FSR110 	EQU 	16
FSR111 	EQU 	17
FSR12 	EQU 	2
FSR13 	EQU 	3
FSR14 	EQU 	4
FSR15 	EQU 	5
FSR16 	EQU 	6
FSR17 	EQU 	7
FSR18 	EQU 	8
FSR19 	EQU 	9
FSR1H 	EQU 	1250
FSR1H0 	EQU 	0
FSR1H1 	EQU 	1
FSR1H2 	EQU 	2
FSR1H3 	EQU 	3
FSR1H4 	EQU 	4
FSR1H5 	EQU 	5
FSR1H_SHAD 	EQU 	895
FSR1L 	EQU 	1249
FSR1L_SHAD 	EQU 	894
FSR1SH 	EQU 	894
FSR1SH0 	EQU 	0
FSR1SH1 	EQU 	1
FSR1SH10 	EQU 	16
FSR1SH11 	EQU 	17
FSR1SH12 	EQU 	18
FSR1SH13 	EQU 	19
FSR1SH2 	EQU 	2
FSR1SH3 	EQU 	3
FSR1SH4 	EQU 	4
FSR1SH5 	EQU 	5
FSR1SH6 	EQU 	6
FSR1SH7 	EQU 	7
FSR1SH8 	EQU 	8
FSR1SH9 	EQU 	9
FSR20 	EQU 	0
FSR21 	EQU 	1
FSR210 	EQU 	16
FSR211 	EQU 	17
FSR22 	EQU 	2
FSR23 	EQU 	3
FSR24 	EQU 	4
FSR25 	EQU 	5
FSR26 	EQU 	6
FSR27 	EQU 	7
FSR28 	EQU 	8
FSR29 	EQU 	9
FSR2H 	EQU 	1242
FSR2H0 	EQU 	0
FSR2H1 	EQU 	1
FSR2H2 	EQU 	2
FSR2H3 	EQU 	3
FSR2H4 	EQU 	4
FSR2H5 	EQU 	5
FSR2H_SHAD 	EQU 	897
FSR2L 	EQU 	1241
FSR2L_SHAD 	EQU 	896
FSR2SH 	EQU 	896
FSR2SH0 	EQU 	0
FSR2SH1 	EQU 	1
FSR2SH10 	EQU 	16
FSR2SH11 	EQU 	17
FSR2SH12 	EQU 	18
FSR2SH13 	EQU 	19
FSR2SH2 	EQU 	2
FSR2SH3 	EQU 	3
FSR2SH4 	EQU 	4
FSR2SH5 	EQU 	5
FSR2SH6 	EQU 	6
FSR2SH7 	EQU 	7
FSR2SH8 	EQU 	8
FSR2SH9 	EQU 	9
FST 	EQU 	4
FULL 	EQU 	0
FVRCON 	EQU 	983
FVRCON_ADFVR0 	EQU 	0
FVRCON_ADFVR1 	EQU 	1
FVRCON_CDAFVR0 	EQU 	2
FVRCON_CDAFVR1 	EQU 	3
FVRCON_EN 	EQU 	7
FVREN 	EQU 	7
FVRMD 	EQU 	6
FVRRDY 	EQU 	6
G1D1N 	EQU 	0
G1D1T 	EQU 	1
G1D2N 	EQU 	2
G1D2T 	EQU 	3
G1D3N 	EQU 	4
G1D3T 	EQU 	5
G1D4N 	EQU 	6
G1D4T 	EQU 	7
G1EN 	EQU 	7
G1POL 	EQU 	0
G2D1N 	EQU 	0
G2D1T 	EQU 	1
G2D2N 	EQU 	2
G2D2T 	EQU 	3
G2D3N 	EQU 	4
G2D3T 	EQU 	5
G2D4N 	EQU 	6
G2D4T 	EQU 	7
G2POL 	EQU 	1
G3D1N 	EQU 	0
G3D1T 	EQU 	1
G3D2N 	EQU 	2
G3D2T 	EQU 	3
G3D3N 	EQU 	4
G3D3T 	EQU 	5
G3D4N 	EQU 	6
G3D4T 	EQU 	7
G3POL 	EQU 	2
G4D1N 	EQU 	0
G4D1T 	EQU 	1
G4D2N 	EQU 	2
G4D2T 	EQU 	3
G4D3N 	EQU 	4
G4D3T 	EQU 	5
G4D4N 	EQU 	6
G4D4T 	EQU 	7
G4POL 	EQU 	3
GCBBIGTABLES 	EQU 	5064
GCEN 	EQU 	6
GE 	EQU 	7
GGO 	EQU 	3
GGO_NDONE 	EQU 	3
GGO_NOT_DONE 	EQU 	3
GIE 	EQU 	7
GIEH 	EQU 	7
GIEL 	EQU 	6
GLCDBACKGROUND 	EQU 	1325
GLCDBACKGROUND_H 	EQU 	1326
GLCDCHARCOL3EXTENDED1 	EQU 	6806
GLCDCHARCOL4EXTENDED1 	EQU 	7080
GLCDCHARCOL5EXTENDED1 	EQU 	7354
GLCDCHARCOL6EXTENDED1 	EQU 	7628
GLCDCHARCOL7EXTENDED1 	EQU 	7902
GLCDCLS_ILI9341 	EQU 	8176
GLCDCOLOUR 	EQU 	1327
GLCDCOLOUR_H 	EQU 	1328
GLCDDEVICEHEIGHT 	EQU 	1329
GLCDDEVICEHEIGHT_H 	EQU 	1330
GLCDDEVICEWIDTH 	EQU 	1331
GLCDDEVICEWIDTH_H 	EQU 	1332
GLCDDRAWCHAR_ILI9341 	EQU 	8286
GLCDDRAWSTRING_ILI9341 	EQU 	8670
GLCDFNTDEFAULT 	EQU 	1333
GLCDFNTDEFAULTHEIGHT 	EQU 	1334
GLCDFNTDEFAULTSIZE 	EQU 	1335
GLCDFONTWIDTH 	EQU 	1336
GLCDFOREGROUND 	EQU 	1337
GLCDFOREGROUND_H 	EQU 	1338
GLCDPIXELCOUNT 	EQU 	1339
GLCDPIXELCOUNT_E 	EQU 	1342
GLCDPIXELCOUNT_H 	EQU 	1340
GLCDPIXELCOUNT_U 	EQU 	1341
GLCDPRINT10 	EQU 	8920
GLCDPRINT7 	EQU 	8782
GLCDPRINTLEN 	EQU 	1343
GLCDPRINTLOC 	EQU 	1344
GLCDPRINTLOC_H 	EQU 	1345
GLCDPRINT_STRING_COUNTER 	EQU 	1346
GLCDROTATESTATE 	EQU 	1347
GLCDROTATE_ILI9341 	EQU 	9150
GLCDTEMP 	EQU 	1348
GLCDTEMP_H 	EQU 	1349
GLCDX 	EQU 	1350
GLCDX_H 	EQU 	1351
GLCDY 	EQU 	1352
GLCDY_H 	EQU 	1353
GLCD_YORDINATE 	EQU 	1354
GLCD_YORDINATE_H 	EQU 	1355
GO_ADCON0 	EQU 	0
GO_CRCCON0 	EQU 	6
GO_DONE 	EQU 	0
GO_NDONE 	EQU 	0
GO_NOT_DONE 	EQU 	0
GO_NVMCON0 	EQU 	0
GPOL_ADCON1 	EQU 	5
GPOL_T1GCON 	EQU 	6
GPOL_T3GCON 	EQU 	6
GSPM 	EQU 	4
GSS0 	EQU 	0
GSS1 	EQU 	1
GSS2 	EQU 	2
GSS3 	EQU 	3
GSS4 	EQU 	4
GTM 	EQU 	5
GVAL 	EQU 	2
HADR0 	EQU 	0
HADR1 	EQU 	1
HADR10 	EQU 	2
HADR11 	EQU 	3
HADR12 	EQU 	4
HADR13 	EQU 	5
HADR14 	EQU 	6
HADR15 	EQU 	7
HADR16 	EQU 	0
HADR17 	EQU 	1
HADR18 	EQU 	2
HADR19 	EQU 	3
HADR2 	EQU 	2
HADR20 	EQU 	4
HADR21 	EQU 	5
HADR3 	EQU 	3
HADR4 	EQU 	4
HADR5 	EQU 	5
HADR6 	EQU 	6
HADR7 	EQU 	7
HADR8 	EQU 	0
HADR9 	EQU 	1
HFOEN 	EQU 	6
HFOR 	EQU 	6
HLVDCON0 	EQU 	74
HLVDCON0_EN 	EQU 	7
HLVDCON1 	EQU 	75
HLVDCON1_SEL0 	EQU 	0
HLVDCON1_SEL1 	EQU 	1
HLVDCON1_SEL2 	EQU 	2
HLVDCON1_SEL3 	EQU 	3
HLVDEN 	EQU 	7
HLVDIE 	EQU 	1
HLVDIF 	EQU 	1
HLVDINTH 	EQU 	1
HLVDINTL 	EQU 	0
HLVDIP 	EQU 	1
HLVDMD 	EQU 	5
HLVDOUT 	EQU 	5
HLVDRDY 	EQU 	4
HLVDSEL0 	EQU 	0
HLVDSEL1 	EQU 	1
HLVDSEL2 	EQU 	2
HLVDSEL3 	EQU 	3
HWSPITRANSFER 	EQU 	9296
HYS0 	EQU 	1
HYS1 	EQU 	2
I2C1ADB0 	EQU 	652
I2C1ADB1 	EQU 	653
I2C1ADR0 	EQU 	654
I2C1ADR1 	EQU 	655
I2C1ADR2 	EQU 	656
I2C1ADR3 	EQU 	657
I2C1ADR3_ADR0 	EQU 	1
I2C1ADR3_ADR1 	EQU 	2
I2C1ADR3_ADR2 	EQU 	3
I2C1ADR3_ADR3 	EQU 	4
I2C1ADR3_ADR4 	EQU 	5
I2C1ADR3_ADR5 	EQU 	6
I2C1ADR3_ADR6 	EQU 	7
I2C1BAUD 	EQU 	668
I2C1BTO 	EQU 	667
I2C1BTOC 	EQU 	670
I2C1BTO_TOTIME0 	EQU 	0
I2C1BTO_TOTIME1 	EQU 	1
I2C1BTO_TOTIME2 	EQU 	2
I2C1BTO_TOTIME3 	EQU 	3
I2C1BTO_TOTIME4 	EQU 	4
I2C1BTO_TOTIME5 	EQU 	5
I2C1CLK 	EQU 	669
I2C1CLK_CLK0 	EQU 	0
I2C1CLK_CLK1 	EQU 	1
I2C1CLK_CLK2 	EQU 	2
I2C1CLK_CLK3 	EQU 	3
I2C1CLK_CLK4 	EQU 	4
I2C1CNT 	EQU 	650
I2C1CNT0 	EQU 	0
I2C1CNT1 	EQU 	1
I2C1CNT10 	EQU 	2
I2C1CNT11 	EQU 	3
I2C1CNT12 	EQU 	4
I2C1CNT13 	EQU 	5
I2C1CNT14 	EQU 	6
I2C1CNT15 	EQU 	7
I2C1CNT2 	EQU 	2
I2C1CNT3 	EQU 	3
I2C1CNT4 	EQU 	4
I2C1CNT5 	EQU 	5
I2C1CNT6 	EQU 	6
I2C1CNT7 	EQU 	7
I2C1CNT8 	EQU 	0
I2C1CNT9 	EQU 	1
I2C1CNTH 	EQU 	651
I2C1CNTL 	EQU 	650
I2C1CON0 	EQU 	658
I2C1CON0_EN 	EQU 	7
I2C1CON0_I2C1CON0_MODE0 	EQU 	0
I2C1CON0_I2C1CON0_MODE1 	EQU 	1
I2C1CON0_I2C1CON0_MODE2 	EQU 	2
I2C1CON0_MODE0 	EQU 	0
I2C1CON0_MODE1 	EQU 	1
I2C1CON0_MODE2 	EQU 	2
I2C1CON1 	EQU 	659
I2C1CON2 	EQU 	660
I2C1CON2_BFRET0 	EQU 	0
I2C1CON2_BFRET1 	EQU 	1
I2C1CON2_SDAHT0 	EQU 	2
I2C1CON2_SDAHT1 	EQU 	3
I2C1CON3 	EQU 	661
I2C1CON3_ACNTMD0 	EQU 	0
I2C1CON3_ACNTMD1 	EQU 	1
I2C1CON3_FME0 	EQU 	2
I2C1CON3_FME1 	EQU 	3
I2C1EIE 	EQU 	3
I2C1EIF 	EQU 	3
I2C1EIP 	EQU 	3
I2C1ERR 	EQU 	662
I2C1IE 	EQU 	2
I2C1IF 	EQU 	2
I2C1IP 	EQU 	2
I2C1MD 	EQU 	3
I2C1PIE 	EQU 	666
I2C1PIR 	EQU 	665
I2C1RXB 	EQU 	648
I2C1RXIE 	EQU 	0
I2C1RXIF 	EQU 	0
I2C1RXIP 	EQU 	0
I2C1SCLPPS 	EQU 	625
I2C1SCLPPS0 	EQU 	0
I2C1SCLPPS1 	EQU 	1
I2C1SCLPPS2 	EQU 	2
I2C1SCLPPS3 	EQU 	3
I2C1SCLPPS4 	EQU 	4
I2C1SCLPPS5 	EQU 	5
I2C1SCLPPS6 	EQU 	6
I2C1SCLPPS7 	EQU 	7
I2C1SCLPPS_PIN0 	EQU 	0
I2C1SCLPPS_PIN1 	EQU 	1
I2C1SCLPPS_PIN2 	EQU 	2
I2C1SCLPPS_PORT0 	EQU 	3
I2C1SCLPPS_PORT1 	EQU 	4
I2C1SCLPPS_PORT2 	EQU 	5
I2C1SCLPPS_PORT3 	EQU 	6
I2C1SCLPPS_PORT4 	EQU 	7
I2C1SDAPPS 	EQU 	624
I2C1SDAPPS0 	EQU 	0
I2C1SDAPPS1 	EQU 	1
I2C1SDAPPS2 	EQU 	2
I2C1SDAPPS3 	EQU 	3
I2C1SDAPPS4 	EQU 	4
I2C1SDAPPS5 	EQU 	5
I2C1SDAPPS6 	EQU 	6
I2C1SDAPPS7 	EQU 	7
I2C1SDAPPS_PIN0 	EQU 	0
I2C1SDAPPS_PIN1 	EQU 	1
I2C1SDAPPS_PIN2 	EQU 	2
I2C1SDAPPS_PORT0 	EQU 	3
I2C1SDAPPS_PORT1 	EQU 	4
I2C1SDAPPS_PORT2 	EQU 	5
I2C1SDAPPS_PORT3 	EQU 	6
I2C1SDAPPS_PORT4 	EQU 	7
I2C1STAT0 	EQU 	663
I2C1STAT1 	EQU 	664
I2C1STAT1_CLRBF 	EQU 	2
I2C1STAT1_RXBF 	EQU 	0
I2C1STAT1_RXRE 	EQU 	3
I2C1STAT1_TXBE 	EQU 	5
I2C1STAT1_TXWE 	EQU 	7
I2C1TXB 	EQU 	649
I2C1TXIE 	EQU 	1
I2C1TXIF 	EQU 	1
I2C1TXIP 	EQU 	1
I2C2ADB0 	EQU 	675
I2C2ADB1 	EQU 	676
I2C2ADR0 	EQU 	677
I2C2ADR1 	EQU 	678
I2C2ADR1_ADR0 	EQU 	1
I2C2ADR1_ADR1 	EQU 	2
I2C2ADR1_ADR2 	EQU 	3
I2C2ADR1_ADR3 	EQU 	4
I2C2ADR1_ADR4 	EQU 	5
I2C2ADR1_ADR5 	EQU 	6
I2C2ADR1_ADR6 	EQU 	7
I2C2ADR2 	EQU 	679
I2C2ADR3 	EQU 	680
I2C2ADR3_ADR0 	EQU 	1
I2C2ADR3_ADR1 	EQU 	2
I2C2ADR3_ADR2 	EQU 	3
I2C2ADR3_ADR3 	EQU 	4
I2C2ADR3_ADR4 	EQU 	5
I2C2ADR3_ADR5 	EQU 	6
I2C2ADR3_ADR6 	EQU 	7
I2C2BAUD 	EQU 	691
I2C2BTO 	EQU 	690
I2C2BTOC 	EQU 	693
I2C2BTOC_BTOC0 	EQU 	0
I2C2BTOC_BTOC1 	EQU 	1
I2C2BTOC_BTOC2 	EQU 	2
I2C2BTOC_BTOC3 	EQU 	3
I2C2BTOC_I2CBTOC0 	EQU 	0
I2C2BTOC_I2CBTOC1 	EQU 	1
I2C2BTOC_I2CBTOC2 	EQU 	2
I2C2BTOC_I2CBTOC3 	EQU 	3
I2C2BTO_I2C2BTO_TOTIME0 	EQU 	0
I2C2BTO_I2C2BTO_TOTIME1 	EQU 	1
I2C2BTO_I2C2BTO_TOTIME2 	EQU 	2
I2C2BTO_I2C2BTO_TOTIME3 	EQU 	3
I2C2BTO_I2C2BTO_TOTIME4 	EQU 	4
I2C2BTO_I2C2BTO_TOTIME5 	EQU 	5
I2C2BTO_TOBY32 	EQU 	6
I2C2BTO_TOREC 	EQU 	7
I2C2BTO_TOTIME0 	EQU 	0
I2C2BTO_TOTIME1 	EQU 	1
I2C2BTO_TOTIME2 	EQU 	2
I2C2BTO_TOTIME3 	EQU 	3
I2C2BTO_TOTIME4 	EQU 	4
I2C2BTO_TOTIME5 	EQU 	5
I2C2CLK 	EQU 	692
I2C2CLK_CLK0 	EQU 	0
I2C2CLK_CLK1 	EQU 	1
I2C2CLK_CLK2 	EQU 	2
I2C2CLK_CLK3 	EQU 	3
I2C2CLK_CLK4 	EQU 	4
I2C2CLK_I2CCLK0 	EQU 	0
I2C2CLK_I2CCLK1 	EQU 	1
I2C2CLK_I2CCLK2 	EQU 	2
I2C2CLK_I2CCLK3 	EQU 	3
I2C2CLK_I2CCLK4 	EQU 	4
I2C2CNT 	EQU 	673
I2C2CNT0 	EQU 	0
I2C2CNT1 	EQU 	1
I2C2CNT10 	EQU 	2
I2C2CNT11 	EQU 	3
I2C2CNT12 	EQU 	4
I2C2CNT13 	EQU 	5
I2C2CNT14 	EQU 	6
I2C2CNT15 	EQU 	7
I2C2CNT2 	EQU 	2
I2C2CNT3 	EQU 	3
I2C2CNT4 	EQU 	4
I2C2CNT5 	EQU 	5
I2C2CNT6 	EQU 	6
I2C2CNT7 	EQU 	7
I2C2CNT8 	EQU 	0
I2C2CNT9 	EQU 	1
I2C2CNTH 	EQU 	674
I2C2CNTH_CNT10 	EQU 	2
I2C2CNTH_CNT11 	EQU 	3
I2C2CNTH_CNT12 	EQU 	4
I2C2CNTH_CNT13 	EQU 	5
I2C2CNTH_CNT14 	EQU 	6
I2C2CNTH_CNT15 	EQU 	7
I2C2CNTH_CNT8 	EQU 	0
I2C2CNTH_CNT9 	EQU 	1
I2C2CNTL 	EQU 	673
I2C2CNT_CNT0 	EQU 	0
I2C2CNT_CNT1 	EQU 	1
I2C2CNT_CNT2 	EQU 	2
I2C2CNT_CNT3 	EQU 	3
I2C2CNT_CNT4 	EQU 	4
I2C2CNT_CNT5 	EQU 	5
I2C2CNT_CNT6 	EQU 	6
I2C2CNT_CNT7 	EQU 	7
I2C2CON0 	EQU 	681
I2C2CON0_CSTR 	EQU 	4
I2C2CON0_EN 	EQU 	7
I2C2CON0_I2C2CON0_MODE0 	EQU 	0
I2C2CON0_I2C2CON0_MODE1 	EQU 	1
I2C2CON0_I2C2CON0_MODE2 	EQU 	2
I2C2CON0_I2CEN 	EQU 	7
I2C2CON0_MDR 	EQU 	3
I2C2CON0_MODE0 	EQU 	0
I2C2CON0_MODE1 	EQU 	1
I2C2CON0_MODE2 	EQU 	2
I2C2CON0_RSEN 	EQU 	6
I2C2CON0_S 	EQU 	5
I2C2CON1 	EQU 	682
I2C2CON1_ACKCNT 	EQU 	7
I2C2CON1_ACKDT 	EQU 	6
I2C2CON1_ACKSTAT 	EQU 	5
I2C2CON1_ACKT 	EQU 	4
I2C2CON1_CSD 	EQU 	0
I2C2CON1_P 	EQU 	3
I2C2CON1_RXO 	EQU 	2
I2C2CON1_TXU 	EQU 	1
I2C2CON2 	EQU 	683
I2C2CON2_ABD 	EQU 	4
I2C2CON2_ACNT 	EQU 	7
I2C2CON2_BFRET0 	EQU 	0
I2C2CON2_BFRET1 	EQU 	1
I2C2CON2_GCEN 	EQU 	6
I2C2CON2_I2C2CON2_BFRET0 	EQU 	0
I2C2CON2_I2C2CON2_BFRET1 	EQU 	1
I2C2CON2_I2C2CON2_SDAHT0 	EQU 	2
I2C2CON2_I2C2CON2_SDAHT1 	EQU 	3
I2C2CON2_SDAHT0 	EQU 	2
I2C2CON2_SDAHT1 	EQU 	3
I2C2CON3 	EQU 	684
I2C2CON3_ACNTMD0 	EQU 	0
I2C2CON3_ACNTMD1 	EQU 	1
I2C2CON3_FME0 	EQU 	2
I2C2CON3_FME1 	EQU 	3
I2C2CON3_I2C2CON3_ACNTMD0 	EQU 	0
I2C2CON3_I2C2CON3_ACNTMD1 	EQU 	1
I2C2CON3_I2C2CON3_FME0 	EQU 	2
I2C2CON3_I2C2CON3_FME1 	EQU 	3
I2C2ERR 	EQU 	685
I2C2ERR_BCLIE 	EQU 	1
I2C2ERR_BCLIF 	EQU 	5
I2C2ERR_BTOIE 	EQU 	2
I2C2ERR_BTOIF 	EQU 	6
I2C2ERR_NACKIE 	EQU 	0
I2C2ERR_NACKIF 	EQU 	4
I2C2PIE 	EQU 	689
I2C2PIE_ACKTIE 	EQU 	6
I2C2PIE_ADRIE 	EQU 	3
I2C2PIE_CNTIE 	EQU 	7
I2C2PIE_PCIE 	EQU 	2
I2C2PIE_RSCIE 	EQU 	1
I2C2PIE_SCIE 	EQU 	0
I2C2PIE_WRIE 	EQU 	4
I2C2PIR 	EQU 	688
I2C2PIR_ACKTIF 	EQU 	6
I2C2PIR_ADRIF 	EQU 	3
I2C2PIR_CNTIF 	EQU 	7
I2C2PIR_PCIF 	EQU 	2
I2C2PIR_RSCIF 	EQU 	1
I2C2PIR_SCIF 	EQU 	0
I2C2PIR_WRIF 	EQU 	4
I2C2RXB 	EQU 	671
I2C2STAT0 	EQU 	686
I2C2STAT0_BFRE 	EQU 	7
I2C2STAT0_D 	EQU 	3
I2C2STAT0_MMA 	EQU 	5
I2C2STAT0_NOT_A 	EQU 	3
I2C2STAT0_NOT_ADDRESS 	EQU 	3
I2C2STAT0_NOT_W 	EQU 	4
I2C2STAT0_NOT_WRITE 	EQU 	4
I2C2STAT0_R 	EQU 	4
I2C2STAT0_READ 	EQU 	4
I2C2STAT0_SMA 	EQU 	6
I2C2STAT1 	EQU 	687
I2C2STAT1_CLRBF 	EQU 	2
I2C2STAT1_RXBF 	EQU 	0
I2C2STAT1_RXRE 	EQU 	3
I2C2STAT1_TXBE 	EQU 	5
I2C2STAT1_TXWE 	EQU 	7
I2C2TXB 	EQU 	672
I2CBTOC0 	EQU 	0
I2CBTOC1 	EQU 	1
I2CBTOC2 	EQU 	2
I2CBTOC3 	EQU 	3
I2CCLK0 	EQU 	0
I2CCLK1 	EQU 	1
I2CCLK2 	EQU 	2
I2CCLK3 	EQU 	3
I2CCLK4 	EQU 	4
I2CEN 	EQU 	7
I2CPU0 	EQU 	4
I2CPU1 	EQU 	5
I2CSLEW0 	EQU 	6
I2CSLEW1 	EQU 	7
I2CTH0 	EQU 	0
I2CTH1 	EQU 	1
ICSPEN 	EQU 	57
ICSPLOCK 	EQU 	56
IDLEN 	EQU 	7
ILI9341SENDBYTE 	EQU 	1356
ILI9341SENDWORD 	EQU 	1357
ILI9341SENDWORD_H 	EQU 	1358
ILI9341TEMPOUT 	EQU 	1359
IN 	EQU 	5
IN0 	EQU 	0
IN1 	EQU 	1
IN2 	EQU 	2
IN3 	EQU 	3
INC0 	EQU 	0
INC1 	EQU 	1
INC10 	EQU 	2
INC11 	EQU 	3
INC12 	EQU 	4
INC13 	EQU 	5
INC14 	EQU 	6
INC15 	EQU 	7
INC16 	EQU 	0
INC17 	EQU 	1
INC18 	EQU 	2
INC19 	EQU 	3
INC2 	EQU 	2
INC3 	EQU 	3
INC4 	EQU 	4
INC5 	EQU 	5
INC6 	EQU 	6
INC7 	EQU 	7
INC8 	EQU 	0
INC9 	EQU 	1
INDF0 	EQU 	1263
INDF1 	EQU 	1255
INDF2 	EQU 	1247
INITGLCD_ILI9341 	EQU 	9314
INITPPS 	EQU 	9956
INITSYS 	EQU 	9986
INLVLA 	EQU 	1028
INLVLA0 	EQU 	0
INLVLA1 	EQU 	1
INLVLA2 	EQU 	2
INLVLA3 	EQU 	3
INLVLA4 	EQU 	4
INLVLA5 	EQU 	5
INLVLA6 	EQU 	6
INLVLA7 	EQU 	7
INLVLB 	EQU 	1036
INLVLB0 	EQU 	0
INLVLB1 	EQU 	1
INLVLB2 	EQU 	2
INLVLB3 	EQU 	3
INLVLB4 	EQU 	4
INLVLB5 	EQU 	5
INLVLB6 	EQU 	6
INLVLB7 	EQU 	7
INLVLC 	EQU 	1044
INLVLC0 	EQU 	0
INLVLC1 	EQU 	1
INLVLC2 	EQU 	2
INLVLC3 	EQU 	3
INLVLC4 	EQU 	4
INLVLC5 	EQU 	5
INLVLC6 	EQU 	6
INLVLD 	EQU 	1052
INLVLD0 	EQU 	0
INLVLD1 	EQU 	1
INLVLD2 	EQU 	2
INLVLD3 	EQU 	3
INLVLD4 	EQU 	4
INLVLD5 	EQU 	5
INLVLD6 	EQU 	6
INLVLD7 	EQU 	7
INLVLE 	EQU 	1060
INLVLE0 	EQU 	0
INLVLE1 	EQU 	1
INLVLE2 	EQU 	2
INLVLE3 	EQU 	3
INT0EDG 	EQU 	0
INT0IE 	EQU 	0
INT0IF 	EQU 	0
INT0IP 	EQU 	0
INT0PPS 	EQU 	574
INT0PPS0 	EQU 	0
INT0PPS1 	EQU 	1
INT0PPS2 	EQU 	2
INT0PPS3 	EQU 	3
INT0PPS4 	EQU 	4
INT0PPS5 	EQU 	5
INT0PPS6 	EQU 	6
INT0PPS7 	EQU 	7
INT0PPS_PIN0 	EQU 	0
INT0PPS_PIN1 	EQU 	1
INT0PPS_PIN2 	EQU 	2
INT0PPS_PORT0 	EQU 	3
INT0PPS_PORT1 	EQU 	4
INT0PPS_PORT2 	EQU 	5
INT0PPS_PORT3 	EQU 	6
INT0PPS_PORT4 	EQU 	7
INT1EDG 	EQU 	1
INT1IE 	EQU 	0
INT1IF 	EQU 	0
INT1IP 	EQU 	0
INT1PPS 	EQU 	575
INT1PPS0 	EQU 	0
INT1PPS1 	EQU 	1
INT1PPS2 	EQU 	2
INT1PPS3 	EQU 	3
INT1PPS4 	EQU 	4
INT1PPS5 	EQU 	5
INT1PPS6 	EQU 	6
INT1PPS7 	EQU 	7
INT1PPS_PIN0 	EQU 	0
INT1PPS_PIN1 	EQU 	1
INT1PPS_PIN2 	EQU 	2
INT1PPS_PORT0 	EQU 	3
INT1PPS_PORT1 	EQU 	4
INT1PPS_PORT2 	EQU 	5
INT1PPS_PORT3 	EQU 	6
INT1PPS_PORT4 	EQU 	7
INT2EDG 	EQU 	2
INT2IE 	EQU 	1
INT2IF 	EQU 	1
INT2IP 	EQU 	1
INT2PPS 	EQU 	576
INT2PPS0 	EQU 	0
INT2PPS1 	EQU 	1
INT2PPS2 	EQU 	2
INT2PPS3 	EQU 	3
INT2PPS4 	EQU 	4
INT2PPS5 	EQU 	5
INT2PPS6 	EQU 	6
INT2PPS7 	EQU 	7
INT2PPS_PIN0 	EQU 	0
INT2PPS_PIN1 	EQU 	1
INT2PPS_PIN2 	EQU 	2
INT2PPS_PORT0 	EQU 	3
INT2PPS_PORT1 	EQU 	4
INT2PPS_PORT2 	EQU 	5
INT2PPS_PORT3 	EQU 	6
INT2PPS_PORT4 	EQU 	7
INTCON0 	EQU 	1238
INTCON1 	EQU 	1239
INTCON1_STAT0_INTCON1 	EQU 	6
INTCON1_STAT1_INTCON1 	EQU 	7
INTH 	EQU 	1
INTL 	EQU 	0
INTN_CLCNCON 	EQU 	3
INTN_CM1CON1 	EQU 	0
INTN_CM2CON1 	EQU 	0
INTN_ZCD1CON 	EQU 	0
INTP_CLCNCON 	EQU 	4
INTP_CM1CON1 	EQU 	1
INTP_CM2CON1 	EQU 	1
INTP_ZCD1CON 	EQU 	1
INXRADIUS 	EQU 	1360
INXRADIUS_H 	EQU 	1361
IOCAF 	EQU 	1031
IOCAF0 	EQU 	0
IOCAF1 	EQU 	1
IOCAF2 	EQU 	2
IOCAF3 	EQU 	3
IOCAF4 	EQU 	4
IOCAF5 	EQU 	5
IOCAF6 	EQU 	6
IOCAF7 	EQU 	7
IOCAN 	EQU 	1030
IOCAN0 	EQU 	0
IOCAN1 	EQU 	1
IOCAN2 	EQU 	2
IOCAN3 	EQU 	3
IOCAN4 	EQU 	4
IOCAN5 	EQU 	5
IOCAN6 	EQU 	6
IOCAN7 	EQU 	7
IOCAP 	EQU 	1029
IOCAP0 	EQU 	0
IOCAP1 	EQU 	1
IOCAP2 	EQU 	2
IOCAP3 	EQU 	3
IOCAP4 	EQU 	4
IOCAP5 	EQU 	5
IOCAP6 	EQU 	6
IOCAP7 	EQU 	7
IOCBF 	EQU 	1039
IOCBF0 	EQU 	0
IOCBF1 	EQU 	1
IOCBF2 	EQU 	2
IOCBF3 	EQU 	3
IOCBF4 	EQU 	4
IOCBF5 	EQU 	5
IOCBF6 	EQU 	6
IOCBF7 	EQU 	7
IOCBN 	EQU 	1038
IOCBN0 	EQU 	0
IOCBN1 	EQU 	1
IOCBN2 	EQU 	2
IOCBN3 	EQU 	3
IOCBN4 	EQU 	4
IOCBN5 	EQU 	5
IOCBN6 	EQU 	6
IOCBN7 	EQU 	7
IOCBP 	EQU 	1037
IOCBP0 	EQU 	0
IOCBP1 	EQU 	1
IOCBP2 	EQU 	2
IOCBP3 	EQU 	3
IOCBP4 	EQU 	4
IOCBP5 	EQU 	5
IOCBP6 	EQU 	6
IOCBP7 	EQU 	7
IOCCF 	EQU 	1047
IOCCF0 	EQU 	0
IOCCF1 	EQU 	1
IOCCF2 	EQU 	2
IOCCF3 	EQU 	3
IOCCF4 	EQU 	4
IOCCF5 	EQU 	5
IOCCF6 	EQU 	6
IOCCN 	EQU 	1046
IOCCN0 	EQU 	0
IOCCN1 	EQU 	1
IOCCN2 	EQU 	2
IOCCN3 	EQU 	3
IOCCN4 	EQU 	4
IOCCN5 	EQU 	5
IOCCN6 	EQU 	6
IOCCP 	EQU 	1045
IOCCP0 	EQU 	0
IOCCP1 	EQU 	1
IOCCP2 	EQU 	2
IOCCP3 	EQU 	3
IOCCP4 	EQU 	4
IOCCP5 	EQU 	5
IOCCP6 	EQU 	6
IOCDF 	EQU 	1055
IOCDF0 	EQU 	0
IOCDF1 	EQU 	1
IOCDF2 	EQU 	2
IOCDF3 	EQU 	3
IOCDF4 	EQU 	4
IOCDF5 	EQU 	5
IOCDF6 	EQU 	6
IOCDF7 	EQU 	7
IOCDN 	EQU 	1054
IOCDN0 	EQU 	0
IOCDN1 	EQU 	1
IOCDN2 	EQU 	2
IOCDN3 	EQU 	3
IOCDN4 	EQU 	4
IOCDN5 	EQU 	5
IOCDN6 	EQU 	6
IOCDN7 	EQU 	7
IOCDP 	EQU 	1053
IOCDP0 	EQU 	0
IOCDP1 	EQU 	1
IOCDP2 	EQU 	2
IOCDP3 	EQU 	3
IOCDP4 	EQU 	4
IOCDP5 	EQU 	5
IOCDP6 	EQU 	6
IOCDP7 	EQU 	7
IOCEF 	EQU 	1063
IOCEF3 	EQU 	3
IOCEN 	EQU 	1062
IOCEN3 	EQU 	3
IOCEP 	EQU 	1061
IOCEP3 	EQU 	3
IOCIE 	EQU 	7
IOCIF 	EQU 	7
IOCIP 	EQU 	7
IOCMD 	EQU 	0
IOCSRIE 	EQU 	0
IOCSRIF 	EQU 	0
IOCSRIP 	EQU 	0
IOCWF 	EQU 	1087
IOCWF0 	EQU 	0
IOCWF1 	EQU 	1
IOCWF2 	EQU 	2
IOCWF3 	EQU 	3
IOCWF4 	EQU 	4
IOCWF5 	EQU 	5
IOCWF6 	EQU 	6
IOCWF7 	EQU 	7
IOCWN 	EQU 	1086
IOCWN0 	EQU 	0
IOCWN1 	EQU 	1
IOCWN2 	EQU 	2
IOCWN3 	EQU 	3
IOCWN4 	EQU 	4
IOCWN5 	EQU 	5
IOCWN6 	EQU 	6
IOCWN7 	EQU 	7
IOCWP 	EQU 	1085
IOCWP0 	EQU 	0
IOCWP1 	EQU 	1
IOCWP2 	EQU 	2
IOCWP3 	EQU 	3
IOCWP4 	EQU 	4
IOCWP5 	EQU 	5
IOCWP6 	EQU 	6
IOCWP7 	EQU 	7
IPEN_ADCON1 	EQU 	6
IPEN_INTCON0 	EQU 	5
IPR0 	EQU 	1182
IPR1 	EQU 	1183
IPR10 	EQU 	1192
IPR11 	EQU 	1193
IPR2 	EQU 	1184
IPR3 	EQU 	1185
IPR4 	EQU 	1186
IPR5 	EQU 	1187
IPR6 	EQU 	1188
IPR7 	EQU 	1189
IPR8 	EQU 	1190
IPR9 	EQU 	1191
ISM0 	EQU 	0
ISM1 	EQU 	1
ISM2 	EQU 	2
ISM3 	EQU 	3
ISM4 	EQU 	4
ISRPR 	EQU 	191
ISRPR0 	EQU 	0
ISRPR1 	EQU 	1
ISRPR2 	EQU 	2
ISRPR_ISRPR0 	EQU 	0
ISRPR_ISRPR1 	EQU 	1
ISRPR_ISRPR2 	EQU 	2
ISRPR_PR0_ISRPR 	EQU 	0
ISRPR_PR1_ISRPR 	EQU 	1
ISRPR_PR2_ISRPR 	EQU 	2
IVTAD 	EQU 	1114
IVTADH 	EQU 	1115
IVTADL 	EQU 	1114
IVTADU 	EQU 	1116
IVTBASE 	EQU 	1117
IVTBASEH 	EQU 	1118
IVTBASEL 	EQU 	1117
IVTBASEU 	EQU 	1119
IVTLOCK 	EQU 	1113
IVTLOCKED 	EQU 	0
LADR0 	EQU 	0
LADR1 	EQU 	1
LADR10 	EQU 	2
LADR11 	EQU 	3
LADR12 	EQU 	4
LADR13 	EQU 	5
LADR14 	EQU 	6
LADR15 	EQU 	7
LADR16 	EQU 	0
LADR17 	EQU 	1
LADR18 	EQU 	2
LADR19 	EQU 	3
LADR2 	EQU 	2
LADR20 	EQU 	4
LADR21 	EQU 	5
LADR3 	EQU 	3
LADR4 	EQU 	4
LADR5 	EQU 	5
LADR6 	EQU 	6
LADR7 	EQU 	7
LADR8 	EQU 	0
LADR9 	EQU 	1
LATA 	EQU 	320
LATA0 	EQU 	0
LATA1 	EQU 	1
LATA2 	EQU 	2
LATA3 	EQU 	3
LATA4 	EQU 	4
LATA5 	EQU 	5
LATA6 	EQU 	6
LATA7 	EQU 	7
LATB 	EQU 	321
LATB0 	EQU 	0
LATB1 	EQU 	1
LATB2 	EQU 	2
LATB3 	EQU 	3
LATB4 	EQU 	4
LATB5 	EQU 	5
LATB6 	EQU 	6
LATB7 	EQU 	7
LATC 	EQU 	322
LATC0 	EQU 	0
LATC1 	EQU 	1
LATC2 	EQU 	2
LATC3 	EQU 	3
LATC4 	EQU 	4
LATC5 	EQU 	5
LATC6 	EQU 	6
LATC7 	EQU 	7
LATD 	EQU 	323
LATD0 	EQU 	0
LATD1 	EQU 	1
LATD2 	EQU 	2
LATD3 	EQU 	3
LATD4 	EQU 	4
LATD5 	EQU 	5
LATD6 	EQU 	6
LATD7 	EQU 	7
LATE 	EQU 	324
LATE0 	EQU 	0
LATE1 	EQU 	1
LATE2 	EQU 	2
LATW 	EQU 	257
LATW0 	EQU 	0
LATW1 	EQU 	1
LATW2 	EQU 	2
LATW3 	EQU 	3
LATW4 	EQU 	4
LATW5 	EQU 	5
LATW6 	EQU 	6
LATW7 	EQU 	7
LCDVALUE 	EQU 	1362
LCDVALUE_E 	EQU 	1365
LCDVALUE_H 	EQU 	1363
LCDVALUE_U 	EQU 	1364
LDS0 	EQU 	0
LDS1 	EQU 	1
LDS2 	EQU 	2
LDS3 	EQU 	3
LDS4 	EQU 	4
LDS5 	EQU 	5
LDS6 	EQU 	6
LDS7 	EQU 	7
LD_CWG1CON0 	EQU 	6
LD_PWM1CON 	EQU 	2
LD_PWM2CON 	EQU 	2
LENDIAN 	EQU 	1
LFOEN 	EQU 	4
LFOR 	EQU 	4
LIMIT 	EQU 	4
LINECOLOUR 	EQU 	1366
LINECOLOUR_H 	EQU 	1367
LINEDIFFX 	EQU 	1368
LINEDIFFX_H 	EQU 	1369
LINEDIFFX_X2 	EQU 	1370
LINEDIFFX_X2_H 	EQU 	1371
LINEDIFFY 	EQU 	1372
LINEDIFFY_H 	EQU 	1373
LINEDIFFY_X2 	EQU 	1374
LINEDIFFY_X2_H 	EQU 	1375
LINEERR 	EQU 	1376
LINEERR_H 	EQU 	1377
LINESTEPX 	EQU 	1378
LINESTEPX_H 	EQU 	1379
LINESTEPY 	EQU 	1380
LINESTEPY_H 	EQU 	1381
LINEX1 	EQU 	1382
LINEX1_H 	EQU 	1383
LINEX2 	EQU 	1384
LINEX2_H 	EQU 	1385
LINEY1 	EQU 	1386
LINEY1_H 	EQU 	1387
LINEY2 	EQU 	1388
LINEY2_H 	EQU 	1389
LOAD 	EQU 	6
LOCK 	EQU 	3
LOCX 	EQU 	1390
LOCX_H 	EQU 	1391
LOCY 	EQU 	1392
LOCY_H 	EQU 	1393
LONGNUMBER 	EQU 	1394
LONGNUMBER_E 	EQU 	1397
LONGNUMBER_H 	EQU 	1395
LONGNUMBER_U 	EQU 	1396
LSAC0 	EQU 	2
LSAC1 	EQU 	3
LSBD0 	EQU 	4
LSBD1 	EQU 	5
LSBF 	EQU 	2
LSCA1 	EQU 	3
LSDB0 	EQU 	4
LSDB1 	EQU 	5
LSDBD0 	EQU 	4
LSDBD1 	EQU 	5
LTH0 	EQU 	0
LTH1 	EQU 	1
LTH10 	EQU 	2
LTH11 	EQU 	3
LTH12 	EQU 	4
LTH13 	EQU 	5
LTH14 	EQU 	6
LTH15 	EQU 	7
LTH2 	EQU 	2
LTH3 	EQU 	3
LTH4 	EQU 	4
LTH5 	EQU 	5
LTH6 	EQU 	6
LTH7 	EQU 	7
LTH8 	EQU 	0
LTH9 	EQU 	1
LTHR 	EQU 	5
LVD0 	EQU 	0
LVD1 	EQU 	1
LVD2 	EQU 	2
LVD3 	EQU 	3
LVDEN 	EQU 	6
LVDMD 	EQU 	5
LVDSTAT 	EQU 	6
MAINPR 	EQU 	190
MAINPR0 	EQU 	0
MAINPR1 	EQU 	1
MAINPR2 	EQU 	2
MAINPR_MAINPR0 	EQU 	0
MAINPR_MAINPR1 	EQU 	1
MAINPR_MAINPR2 	EQU 	2
MAINPR_PR0_MAINPR 	EQU 	0
MAINPR_PR1_MAINPR 	EQU 	1
MAINPR_PR2_MAINPR 	EQU 	2
MATH 	EQU 	4
MC1OUT 	EQU 	0
MC2OUT 	EQU 	1
MD0 	EQU 	0
MD1 	EQU 	1
MD16 	EQU 	4
MD1CARH 	EQU 	110
MD1CARHPPS 	EQU 	605
MD1CARHPPS0 	EQU 	0
MD1CARHPPS1 	EQU 	1
MD1CARHPPS2 	EQU 	2
MD1CARHPPS3 	EQU 	3
MD1CARHPPS4 	EQU 	4
MD1CARHPPS5 	EQU 	5
MD1CARHPPS6 	EQU 	6
MD1CARHPPS7 	EQU 	7
MD1CARHPPS_PIN0 	EQU 	0
MD1CARHPPS_PIN1 	EQU 	1
MD1CARHPPS_PIN2 	EQU 	2
MD1CARHPPS_PORT0 	EQU 	3
MD1CARHPPS_PORT1 	EQU 	4
MD1CARHPPS_PORT2 	EQU 	5
MD1CARHPPS_PORT3 	EQU 	6
MD1CARHPPS_PORT4 	EQU 	7
MD1CARH_CARH0 	EQU 	0
MD1CARH_CARH1 	EQU 	1
MD1CARH_CARH2 	EQU 	2
MD1CARH_CARH3 	EQU 	3
MD1CARH_CARH4 	EQU 	4
MD1CARL 	EQU 	109
MD1CARLPPS 	EQU 	604
MD1CARLPPS0 	EQU 	0
MD1CARLPPS1 	EQU 	1
MD1CARLPPS2 	EQU 	2
MD1CARLPPS3 	EQU 	3
MD1CARLPPS4 	EQU 	4
MD1CARLPPS5 	EQU 	5
MD1CARLPPS6 	EQU 	6
MD1CARLPPS7 	EQU 	7
MD1CARLPPS_PIN0 	EQU 	0
MD1CARLPPS_PIN1 	EQU 	1
MD1CARLPPS_PIN2 	EQU 	2
MD1CARLPPS_PORT0 	EQU 	3
MD1CARLPPS_PORT1 	EQU 	4
MD1CARLPPS_PORT2 	EQU 	5
MD1CARLPPS_PORT3 	EQU 	6
MD1CARLPPS_PORT4 	EQU 	7
MD1CARL_CARL0 	EQU 	0
MD1CARL_CARL1 	EQU 	1
MD1CARL_CARL2 	EQU 	2
MD1CARL_CARL3 	EQU 	3
MD1CARL_CARL4 	EQU 	4
MD1CON0 	EQU 	106
MD1CON1 	EQU 	107
MD1SRC 	EQU 	108
MD1SRCPPS 	EQU 	606
MD1SRCPPS0 	EQU 	0
MD1SRCPPS1 	EQU 	1
MD1SRCPPS2 	EQU 	2
MD1SRCPPS3 	EQU 	3
MD1SRCPPS4 	EQU 	4
MD1SRCPPS5 	EQU 	5
MD1SRCPPS6 	EQU 	6
MD1SRCPPS7 	EQU 	7
MD1SRCPPS_PIN0 	EQU 	0
MD1SRCPPS_PIN1 	EQU 	1
MD1SRCPPS_PIN2 	EQU 	2
MD1SRCPPS_PORT0 	EQU 	3
MD1SRCPPS_PORT1 	EQU 	4
MD1SRCPPS_PORT2 	EQU 	5
MD1SRCPPS_PORT3 	EQU 	6
MD1SRCPPS_PORT4 	EQU 	7
MD1SRC_SRC0 	EQU 	0
MD1SRC_SRC1 	EQU 	1
MD1SRC_SRC2 	EQU 	2
MD1SRC_SRC3 	EQU 	3
MD1SRC_SRC4 	EQU 	4
MD2 	EQU 	2
MDBIT 	EQU 	0
MDCARH0 	EQU 	0
MDCARH1 	EQU 	1
MDCARH2 	EQU 	2
MDCARH3 	EQU 	3
MDCARH4 	EQU 	4
MDCARL0 	EQU 	0
MDCARL1 	EQU 	1
MDCARL2 	EQU 	2
MDCARL3 	EQU 	3
MDCARL4 	EQU 	4
MDCHPOL 	EQU 	5
MDCHSYNC 	EQU 	4
MDCLPOL 	EQU 	1
MDCLSYNC 	EQU 	0
MDEN 	EQU 	7
MDOPOL 	EQU 	4
MDOUT 	EQU 	5
MDR 	EQU 	3
MDSRC0 	EQU 	0
MDSRC1 	EQU 	1
MDSRC2 	EQU 	2
MDSRC3 	EQU 	3
MDSRC4 	EQU 	4
MEMV 	EQU 	1
MFOEN 	EQU 	5
MFOR 	EQU 	5
MMA 	EQU 	5
MODE0 	EQU 	0
MODE1 	EQU 	1
MODE2 	EQU 	2
MODE3 	EQU 	3
MODE4 	EQU 	4
MPWM1EN 	EQU 	0
MPWM1LD 	EQU 	0
MPWM2EN 	EQU 	1
MPWM2LD 	EQU 	1
MREG 	EQU 	2
MST 	EQU 	1
MUL32LOOP 	EQU 	15078
N 	EQU 	4
NACK1IE 	EQU 	0
NACK1IF 	EQU 	4
NACK2IE 	EQU 	0
NACK2IF 	EQU 	4
NACKIE 	EQU 	0
NACKIF 	EQU 	4
NBOR 	EQU 	0
NCH0_CM1NCH 	EQU 	0
NCH0_CM2NCH 	EQU 	0
NCH1_CM1NCH 	EQU 	1
NCH1_CM2NCH 	EQU 	1
NCH2_CM1NCH 	EQU 	2
NCH2_CM2NCH 	EQU 	2
NCO1ACC 	EQU 	1088
NCO1ACC0 	EQU 	0
NCO1ACC1 	EQU 	1
NCO1ACC10 	EQU 	2
NCO1ACC11 	EQU 	3
NCO1ACC12 	EQU 	4
NCO1ACC13 	EQU 	5
NCO1ACC14 	EQU 	6
NCO1ACC15 	EQU 	7
NCO1ACC16 	EQU 	0
NCO1ACC17 	EQU 	1
NCO1ACC18 	EQU 	2
NCO1ACC19 	EQU 	3
NCO1ACC2 	EQU 	2
NCO1ACC3 	EQU 	3
NCO1ACC4 	EQU 	4
NCO1ACC5 	EQU 	5
NCO1ACC6 	EQU 	6
NCO1ACC7 	EQU 	7
NCO1ACC8 	EQU 	0
NCO1ACC9 	EQU 	1
NCO1ACCH 	EQU 	1089
NCO1ACCH_ACC10 	EQU 	2
NCO1ACCH_ACC11 	EQU 	3
NCO1ACCH_ACC12 	EQU 	4
NCO1ACCH_ACC13 	EQU 	5
NCO1ACCH_ACC14 	EQU 	6
NCO1ACCH_ACC15 	EQU 	7
NCO1ACCH_ACC8 	EQU 	0
NCO1ACCH_ACC9 	EQU 	1
NCO1ACCL 	EQU 	1088
NCO1ACCU 	EQU 	1090
NCO1ACCU_ACC0 	EQU 	0
NCO1ACCU_ACC1 	EQU 	1
NCO1ACCU_ACC2 	EQU 	2
NCO1ACCU_ACC3 	EQU 	3
NCO1ACCU_NCO1ACC0 	EQU 	0
NCO1ACCU_NCO1ACC1 	EQU 	1
NCO1ACCU_NCO1ACC2 	EQU 	2
NCO1ACCU_NCO1ACC3 	EQU 	3
NCO1ACC_ACC0 	EQU 	0
NCO1ACC_ACC1 	EQU 	1
NCO1ACC_ACC2 	EQU 	2
NCO1ACC_ACC3 	EQU 	3
NCO1ACC_ACC4 	EQU 	4
NCO1ACC_ACC5 	EQU 	5
NCO1ACC_ACC6 	EQU 	6
NCO1ACC_ACC7 	EQU 	7
NCO1CKS0 	EQU 	0
NCO1CKS1 	EQU 	1
NCO1CKS2 	EQU 	2
NCO1CKS3 	EQU 	3
NCO1CKS4 	EQU 	4
NCO1CLK 	EQU 	1095
NCO1CLK_CKS0 	EQU 	0
NCO1CLK_CKS1 	EQU 	1
NCO1CLK_CKS2 	EQU 	2
NCO1CLK_CKS3 	EQU 	3
NCO1CLK_CKS4 	EQU 	4
NCO1CLK_NCO1CKS0 	EQU 	0
NCO1CLK_NCO1CKS1 	EQU 	1
NCO1CLK_NCO1CKS2 	EQU 	2
NCO1CLK_NCO1CKS3 	EQU 	3
NCO1CLK_NCO1CKS4 	EQU 	4
NCO1CLK_NCO1PWS0 	EQU 	5
NCO1CLK_NCO1PWS1 	EQU 	6
NCO1CLK_NCO1PWS2 	EQU 	7
NCO1CLK_PWS0 	EQU 	5
NCO1CLK_PWS1 	EQU 	6
NCO1CLK_PWS2 	EQU 	7
NCO1CON 	EQU 	1094
NCO1CON_EN 	EQU 	7
NCO1EN 	EQU 	7
NCO1IE 	EQU 	1
NCO1IF 	EQU 	1
NCO1INC 	EQU 	1091
NCO1INC0 	EQU 	0
NCO1INC1 	EQU 	1
NCO1INC10 	EQU 	2
NCO1INC11 	EQU 	3
NCO1INC12 	EQU 	4
NCO1INC13 	EQU 	5
NCO1INC14 	EQU 	6
NCO1INC15 	EQU 	7
NCO1INC16 	EQU 	0
NCO1INC17 	EQU 	1
NCO1INC18 	EQU 	2
NCO1INC19 	EQU 	3
NCO1INC2 	EQU 	2
NCO1INC3 	EQU 	3
NCO1INC4 	EQU 	4
NCO1INC5 	EQU 	5
NCO1INC6 	EQU 	6
NCO1INC7 	EQU 	7
NCO1INC8 	EQU 	0
NCO1INC9 	EQU 	1
NCO1INCH 	EQU 	1092
NCO1INCL 	EQU 	1091
NCO1INCU 	EQU 	1093
NCO1INCU_INC0 	EQU 	0
NCO1INCU_INC1 	EQU 	1
NCO1INCU_INC2 	EQU 	2
NCO1INCU_INC3 	EQU 	3
NCO1INCU_NCO1INC0 	EQU 	0
NCO1INCU_NCO1INC1 	EQU 	1
NCO1INCU_NCO1INC2 	EQU 	2
NCO1INCU_NCO1INC3 	EQU 	3
NCO1IP 	EQU 	1
NCO1MD 	EQU 	4
NCO1OUT 	EQU 	5
NCO1PFM 	EQU 	0
NCO1POL 	EQU 	4
NCO1PWS0 	EQU 	5
NCO1PWS1 	EQU 	6
NCO1PWS2 	EQU 	7
NDIV0 	EQU 	0
NDIV1 	EQU 	1
NDIV2 	EQU 	2
NDIV3 	EQU 	3
NDONE 	EQU 	0
NHYS 	EQU 	4
NIOMON 	EQU 	7
NMEMV 	EQU 	1
NOSC0 	EQU 	4
NOSC1 	EQU 	5
NOSC2 	EQU 	6
NOSCR 	EQU 	3
NOT_A 	EQU 	3
NOT_ADDRESS 	EQU 	3
NOT_BOR 	EQU 	0
NOT_DONE_NVMCON0 	EQU 	0
NOT_DONE_T1GCON 	EQU 	3
NOT_DONE_T3GCON 	EQU 	3
NOT_HYS 	EQU 	4
NOT_IOMON 	EQU 	7
NOT_MEMV 	EQU 	1
NOT_PD 	EQU 	5
NOT_POR 	EQU 	1
NOT_RCM 	EQU 	0
NOT_RI 	EQU 	2
NOT_RMCLR 	EQU 	3
NOT_RVREG 	EQU 	2
NOT_RWDT 	EQU 	4
NOT_SYNC 	EQU 	2
NOT_T1DONE 	EQU 	3
NOT_T1SYNC 	EQU 	2
NOT_T3DONE 	EQU 	3
NOT_T3SYNC 	EQU 	2
NOT_TO 	EQU 	6
NOT_W 	EQU 	4
NOT_WDTWV 	EQU 	5
NOT_WRITE 	EQU 	4
NPD 	EQU 	5
NPOR 	EQU 	1
NRCM 	EQU 	0
NREF0 	EQU 	4
NREF1 	EQU 	5
NREF2 	EQU 	6
NREF3 	EQU 	7
NRI 	EQU 	2
NRMCLR 	EQU 	3
NRVREG 	EQU 	2
NRWDT 	EQU 	4
NSS0 	EQU 	0
NSS1 	EQU 	1
NSYNC 	EQU 	2
NT1SYNC 	EQU 	2
NT3SYNC 	EQU 	2
NTO 	EQU 	6
NVMADR 	EQU 	67
NVMADR0 	EQU 	0
NVMADR1 	EQU 	1
NVMADR10 	EQU 	2
NVMADR11 	EQU 	3
NVMADR12 	EQU 	4
NVMADR13 	EQU 	5
NVMADR14 	EQU 	6
NVMADR15 	EQU 	7
NVMADR16 	EQU 	0
NVMADR17 	EQU 	1
NVMADR18 	EQU 	2
NVMADR19 	EQU 	3
NVMADR2 	EQU 	2
NVMADR20 	EQU 	4
NVMADR21 	EQU 	5
NVMADR3 	EQU 	3
NVMADR4 	EQU 	4
NVMADR5 	EQU 	5
NVMADR6 	EQU 	6
NVMADR7 	EQU 	7
NVMADR8 	EQU 	0
NVMADR9 	EQU 	1
NVMADRH 	EQU 	68
NVMADRL 	EQU 	67
NVMADRU 	EQU 	69
NVMADRU0 	EQU 	0
NVMADRU1 	EQU 	1
NVMADRU2 	EQU 	2
NVMADRU3 	EQU 	3
NVMADRU4 	EQU 	4
NVMADRU5 	EQU 	5
NVMCMD0 	EQU 	0
NVMCMD1 	EQU 	1
NVMCMD2 	EQU 	2
NVMCON0 	EQU 	64
NVMCON1 	EQU 	65
NVMDAT 	EQU 	70
NVMDAT0 	EQU 	0
NVMDAT1 	EQU 	1
NVMDAT10 	EQU 	2
NVMDAT11 	EQU 	3
NVMDAT12 	EQU 	4
NVMDAT13 	EQU 	5
NVMDAT14 	EQU 	6
NVMDAT15 	EQU 	7
NVMDAT2 	EQU 	2
NVMDAT3 	EQU 	3
NVMDAT4 	EQU 	4
NVMDAT5 	EQU 	5
NVMDAT6 	EQU 	6
NVMDAT7 	EQU 	7
NVMDAT8 	EQU 	0
NVMDAT9 	EQU 	1
NVMDATH 	EQU 	71
NVMDATL 	EQU 	70
NVMGO 	EQU 	0
NVMIE 	EQU 	4
NVMIF 	EQU 	4
NVMIP 	EQU 	4
NVMLOCK 	EQU 	66
NVMMD 	EQU 	2
NWDTWV 	EQU 	5
ODCA0 	EQU 	0
ODCA1 	EQU 	1
ODCA2 	EQU 	2
ODCA3 	EQU 	3
ODCA4 	EQU 	4
ODCA5 	EQU 	5
ODCA6 	EQU 	6
ODCA7 	EQU 	7
ODCB0 	EQU 	0
ODCB1 	EQU 	1
ODCB2 	EQU 	2
ODCB3 	EQU 	3
ODCB4 	EQU 	4
ODCB5 	EQU 	5
ODCB6 	EQU 	6
ODCB7 	EQU 	7
ODCC0 	EQU 	0
ODCC1 	EQU 	1
ODCC2 	EQU 	2
ODCC3 	EQU 	3
ODCC4 	EQU 	4
ODCC5 	EQU 	5
ODCC6 	EQU 	6
ODCD0 	EQU 	0
ODCD1 	EQU 	1
ODCD2 	EQU 	2
ODCD3 	EQU 	3
ODCD4 	EQU 	4
ODCD5 	EQU 	5
ODCD6 	EQU 	6
ODCD7 	EQU 	7
ODCE0 	EQU 	0
ODCE1 	EQU 	1
ODCE2 	EQU 	2
ODCONA 	EQU 	1026
ODCONB 	EQU 	1034
ODCONC 	EQU 	1042
ODCOND 	EQU 	1050
ODCONE 	EQU 	1058
OE0 	EQU 	4
OE1 	EQU 	5
OE2 	EQU 	6
OLDFONT 	EQU 	1398
OM 	EQU 	5
ON_ADCON0 	EQU 	7
ON_T1CON 	EQU 	0
ON_T2CON 	EQU 	7
ON_T3CON 	EQU 	0
ON_T4CON 	EQU 	7
ON_TU16ACON0 	EQU 	7
ON_TU16BCON0 	EQU 	7
ON_U1CON1 	EQU 	7
ON_U2CON1 	EQU 	7
OPOL 	EQU 	4
ORDY 	EQU 	4
ORS 	EQU 	1
OSCCON1 	EQU 	173
OSCCON1_NDIV0 	EQU 	0
OSCCON1_NDIV1 	EQU 	1
OSCCON1_NDIV2 	EQU 	2
OSCCON1_NDIV3 	EQU 	3
OSCCON1_NOSC0 	EQU 	4
OSCCON1_NOSC1 	EQU 	5
OSCCON1_NOSC2 	EQU 	6
OSCCON2 	EQU 	174
OSCCON2_CDIV0 	EQU 	0
OSCCON2_CDIV1 	EQU 	1
OSCCON2_CDIV2 	EQU 	2
OSCCON2_CDIV3 	EQU 	3
OSCCON2_COSC0 	EQU 	4
OSCCON2_COSC1 	EQU 	5
OSCCON2_COSC2 	EQU 	6
OSCCON3 	EQU 	175
OSCEN 	EQU 	179
OSCFREQ 	EQU 	177
OSCFRQ 	EQU 	177
OSCFRQ_FRQ0 	EQU 	0
OSCFRQ_FRQ1 	EQU 	1
OSCFRQ_FRQ2 	EQU 	2
OSCFRQ_FRQ3 	EQU 	3
OSCSTAT 	EQU 	178
OSCSTAT1 	EQU 	178
OSCTUNE 	EQU 	176
OSCTUNE_TUN0 	EQU 	0
OSCTUNE_TUN1 	EQU 	1
OSCTUNE_TUN2 	EQU 	2
OSCTUNE_TUN3 	EQU 	3
OSCTUNE_TUN4 	EQU 	4
OSCTUNE_TUN5 	EQU 	5
OSEN 	EQU 	6
OSFIE 	EQU 	2
OSFIF 	EQU 	2
OSFIP 	EQU 	2
OUT0 	EQU 	0
OUT1 	EQU 	1
OUT10 	EQU 	2
OUT11 	EQU 	3
OUT12 	EQU 	4
OUT13 	EQU 	5
OUT14 	EQU 	6
OUT15 	EQU 	7
OUT16 	EQU 	0
OUT17 	EQU 	1
OUT18 	EQU 	2
OUT19 	EQU 	3
OUT2 	EQU 	2
OUT20 	EQU 	4
OUT21 	EQU 	5
OUT22 	EQU 	6
OUT23 	EQU 	7
OUT24 	EQU 	0
OUT25 	EQU 	1
OUT26 	EQU 	2
OUT27 	EQU 	3
OUT28 	EQU 	4
OUT29 	EQU 	5
OUT3 	EQU 	3
OUT30 	EQU 	6
OUT31 	EQU 	7
OUT4 	EQU 	4
OUT5 	EQU 	5
OUT6 	EQU 	6
OUT7 	EQU 	7
OUT8 	EQU 	0
OUT9 	EQU 	1
OUTPS0 	EQU 	0
OUTPS1 	EQU 	1
OUTPS2 	EQU 	2
OUTPS3 	EQU 	3
OUT_CCP1CON 	EQU 	5
OUT_CLCNCON 	EQU 	5
OUT_CM1CON0 	EQU 	6
OUT_CM2CON0 	EQU 	6
OUT_HLVDCON0 	EQU 	5
OUT_NCO1CON 	EQU 	5
OUT_T0CON0 	EQU 	5
OUT_ZCD1CON 	EQU 	5
OVRA 	EQU 	4
OVRB 	EQU 	5
OVRC 	EQU 	6
OVRD 	EQU 	7
OV_ADSTAT 	EQU 	7
OV_STATUS 	EQU 	3
OV_STATUS_CSHAD 	EQU 	3
OV_STATUS_SHAD 	EQU 	3
P 	EQU 	3
P1H 	EQU 	0
P2H 	EQU 	0
P3H 	EQU 	0
PAD 	EQU 	5335
PC1IE 	EQU 	2
PC1IF 	EQU 	2
PC2IE 	EQU 	2
PC2IF 	EQU 	2
PCH0 	EQU 	0
PCH1 	EQU 	1
PCH2 	EQU 	2
PCIE 	EQU 	2
PCIF 	EQU 	2
PCL 	EQU 	1273
PCLAT 	EQU 	1273
PCLAT0 	EQU 	0
PCLAT1 	EQU 	1
PCLAT10 	EQU 	16
PCLAT11 	EQU 	17
PCLAT12 	EQU 	18
PCLAT13 	EQU 	19
PCLAT14 	EQU 	20
PCLAT15 	EQU 	21
PCLAT16 	EQU 	22
PCLAT17 	EQU 	23
PCLAT18 	EQU 	24
PCLAT19 	EQU 	25
PCLAT2 	EQU 	2
PCLAT20 	EQU 	32
PCLAT3 	EQU 	3
PCLAT4 	EQU 	4
PCLAT5 	EQU 	5
PCLAT6 	EQU 	6
PCLAT7 	EQU 	7
PCLAT8 	EQU 	8
PCLAT9 	EQU 	9
PCLATH 	EQU 	1274
PCLATH_SHAD 	EQU 	890
PCLATU 	EQU 	1275
PCLATU_PCU0 	EQU 	0
PCLATU_PCU1 	EQU 	1
PCLATU_PCU2 	EQU 	2
PCLATU_PCU3 	EQU 	3
PCLATU_PCU4 	EQU 	4
PCLATU_SHAD 	EQU 	891
PCON0 	EQU 	1264
PCON1 	EQU 	1265
PCSC 	EQU 	1
PCU0 	EQU 	0
PCU1 	EQU 	1
PCU2 	EQU 	2
PCU3 	EQU 	3
PCU4 	EQU 	4
PD 	EQU 	5
PERIE 	EQU 	6
PERIF 	EQU 	6
PFM 	EQU 	0
PIE0 	EQU 	1194
PIE1 	EQU 	1195
PIE10 	EQU 	1204
PIE11 	EQU 	1205
PIE2 	EQU 	1196
PIE3 	EQU 	1197
PIE4 	EQU 	1198
PIE5 	EQU 	1199
PIE6 	EQU 	1200
PIE7 	EQU 	1201
PIE8 	EQU 	1202
PIE9 	EQU 	1203
PIN0 	EQU 	0
PIN1 	EQU 	1
PIN2 	EQU 	2
PIR0 	EQU 	1206
PIR1 	EQU 	1207
PIR10 	EQU 	1216
PIR11 	EQU 	1217
PIR2 	EQU 	1208
PIR3 	EQU 	1209
PIR4 	EQU 	1210
PIR5 	EQU 	1211
PIR6 	EQU 	1212
PIR7 	EQU 	1213
PIR8 	EQU 	1214
PIR9 	EQU 	1215
PLEN0 	EQU 	0
PLEN1 	EQU 	1
PLEN2 	EQU 	2
PLEN3 	EQU 	3
PLEN4 	EQU 	4
PLLEN 	EQU 	0
PLLR 	EQU 	0
PLUSW0 	EQU 	1259
PLUSW1 	EQU 	1251
PLUSW2 	EQU 	1243
PMD0 	EQU 	98
PMD1 	EQU 	99
PMD2 	EQU 	100
PMD3 	EQU 	101
PMD4 	EQU 	102
PMD5 	EQU 	103
PMD6 	EQU 	104
PMSYS0 	EQU 	4
PMSYS1 	EQU 	5
POL1 	EQU 	6
POL2 	EQU 	7
POLA 	EQU 	0
POLB 	EQU 	1
POLC 	EQU 	2
POLD 	EQU 	3
POL_CLCNPOL 	EQU 	7
POL_CM1CON0 	EQU 	4
POL_CM2CON0 	EQU 	4
POL_NCO1CON 	EQU 	4
POL_ZCD1CON 	EQU 	4
POR 	EQU 	1
PORT0 	EQU 	3
PORT1 	EQU 	4
PORT2 	EQU 	5
PORT3 	EQU 	6
PORT4 	EQU 	7
PORTA 	EQU 	336
PORTB 	EQU 	337
PORTC 	EQU 	338
PORTD 	EQU 	339
PORTE 	EQU 	340
PORTW 	EQU 	256
PORTWCLK 	EQU 	266
PORTWCLKPPS 	EQU 	639
PORTWCLKPPS0 	EQU 	0
PORTWCLKPPS1 	EQU 	1
PORTWCLKPPS2 	EQU 	2
PORTWCLKPPS3 	EQU 	3
PORTWCLKPPS4 	EQU 	4
PORTWCLKPPS5 	EQU 	5
PORTWCLKPPS6 	EQU 	6
PORTWCLKPPS7 	EQU 	7
PORTWCLKPPS_PIN0 	EQU 	0
PORTWCLKPPS_PIN1 	EQU 	1
PORTWCLKPPS_PIN2 	EQU 	2
PORTWCLKPPS_PORT0 	EQU 	3
PORTWCLKPPS_PORT1 	EQU 	4
PORTWCLKPPS_PORT2 	EQU 	5
PORTWCLKPPS_PORT3 	EQU 	6
PORTWCLKPPS_PORT4 	EQU 	7
PORTWCLK_CLK0 	EQU 	0
PORTWCLK_CLK1 	EQU 	1
PORTWCLK_CLK2 	EQU 	2
PORTWCLK_CLK3 	EQU 	3
PORTWCLK_CLK4 	EQU 	4
PORTWCON 	EQU 	268
PORTWDF 	EQU 	267
PORTWIN0 	EQU 	258
PORTWIN0PPS 	EQU 	637
PORTWIN0PPS0 	EQU 	0
PORTWIN0PPS1 	EQU 	1
PORTWIN0PPS2 	EQU 	2
PORTWIN0PPS3 	EQU 	3
PORTWIN0PPS4 	EQU 	4
PORTWIN0PPS5 	EQU 	5
PORTWIN0PPS6 	EQU 	6
PORTWIN0PPS7 	EQU 	7
PORTWIN0PPS_PIN0 	EQU 	0
PORTWIN0PPS_PIN1 	EQU 	1
PORTWIN0PPS_PIN2 	EQU 	2
PORTWIN0PPS_PORT0 	EQU 	3
PORTWIN0PPS_PORT1 	EQU 	4
PORTWIN0PPS_PORT2 	EQU 	5
PORTWIN0PPS_PORT3 	EQU 	6
PORTWIN0PPS_PORT4 	EQU 	7
PORTWIN0_IN0 	EQU 	0
PORTWIN0_IN1 	EQU 	1
PORTWIN0_IN2 	EQU 	2
PORTWIN0_IN3 	EQU 	3
PORTWIN1 	EQU 	259
PORTWIN1PPS 	EQU 	638
PORTWIN1PPS0 	EQU 	0
PORTWIN1PPS1 	EQU 	1
PORTWIN1PPS2 	EQU 	2
PORTWIN1PPS3 	EQU 	3
PORTWIN1PPS4 	EQU 	4
PORTWIN1PPS5 	EQU 	5
PORTWIN1PPS6 	EQU 	6
PORTWIN1PPS7 	EQU 	7
PORTWIN1PPS_PIN0 	EQU 	0
PORTWIN1PPS_PIN1 	EQU 	1
PORTWIN1PPS_PIN2 	EQU 	2
PORTWIN1PPS_PORT0 	EQU 	3
PORTWIN1PPS_PORT1 	EQU 	4
PORTWIN1PPS_PORT2 	EQU 	5
PORTWIN1PPS_PORT3 	EQU 	6
PORTWIN1PPS_PORT4 	EQU 	7
PORTWIN2 	EQU 	260
PORTWIN2_IN0 	EQU 	0
PORTWIN2_IN1 	EQU 	1
PORTWIN2_IN2 	EQU 	2
PORTWIN2_IN3 	EQU 	3
PORTWIN3 	EQU 	261
PORTWIN3_IN0 	EQU 	0
PORTWIN3_IN1 	EQU 	1
PORTWIN3_IN2 	EQU 	2
PORTWIN3_IN3 	EQU 	3
PORTWIN4 	EQU 	262
PORTWIN4_IN0 	EQU 	0
PORTWIN4_IN1 	EQU 	1
PORTWIN4_IN2 	EQU 	2
PORTWIN4_IN3 	EQU 	3
PORTWIN5 	EQU 	263
PORTWIN5_IN0 	EQU 	0
PORTWIN5_IN1 	EQU 	1
PORTWIN5_IN2 	EQU 	2
PORTWIN5_IN3 	EQU 	3
PORTWIN6 	EQU 	264
PORTWIN6_IN0 	EQU 	0
PORTWIN6_IN1 	EQU 	1
PORTWIN6_IN2 	EQU 	2
PORTWIN6_IN3 	EQU 	3
PORTWIN7 	EQU 	265
PORTWIN7_IN0 	EQU 	0
PORTWIN7_IN1 	EQU 	1
PORTWIN7_IN2 	EQU 	2
PORTWIN7_IN3 	EQU 	3
PORTWMD 	EQU 	0
POSTDEC0 	EQU 	1261
POSTDEC1 	EQU 	1253
POSTDEC2 	EQU 	1245
POSTINC0 	EQU 	1262
POSTINC1 	EQU 	1254
POSTINC2 	EQU 	1246
PPEN 	EQU 	3
PPOL 	EQU 	7
PPSLOCK 	EQU 	512
PPSLOCKED 	EQU 	0
PR0 	EQU 	793
PR0_DMA1PR 	EQU 	0
PR0_DMA2PR 	EQU 	0
PR0_DMA3PR 	EQU 	0
PR0_DMA4PR 	EQU 	0
PR0_ISRPR 	EQU 	0
PR0_MAINPR 	EQU 	0
PR0_SCANPR 	EQU 	0
PR1 	EQU 	791
PR1_DMA1PR 	EQU 	1
PR1_DMA2PR 	EQU 	1
PR1_DMA3PR 	EQU 	1
PR1_DMA4PR 	EQU 	1
PR1_ISRPR 	EQU 	1
PR1_MAINPR 	EQU 	1
PR1_SCANPR 	EQU 	1
PR2 	EQU 	798
PR2_DMA1PR 	EQU 	2
PR2_DMA2PR 	EQU 	2
PR2_DMA3PR 	EQU 	2
PR2_DMA4PR 	EQU 	2
PR2_ISRPR 	EQU 	2
PR2_MAINPR 	EQU 	2
PR2_SCANPR 	EQU 	2
PR3 	EQU 	808
PR4 	EQU 	811
PRE0 	EQU 	0
PRE1 	EQU 	1
PRE10 	EQU 	2
PRE11 	EQU 	3
PRE12 	EQU 	4
PRE2 	EQU 	2
PRE3 	EQU 	3
PRE4 	EQU 	4
PRE5 	EQU 	5
PRE6 	EQU 	6
PRE7 	EQU 	7
PRE8 	EQU 	0
PRE9 	EQU 	1
PREF0 	EQU 	0
PREF1 	EQU 	1
PREF2 	EQU 	2
PREF3 	EQU 	3
PREINC0 	EQU 	1260
PREINC1 	EQU 	1252
PREINC2 	EQU 	1244
PREV0 	EQU 	0
PREV1 	EQU 	1
PREV10 	EQU 	2
PREV11 	EQU 	3
PREV12 	EQU 	4
PREV13 	EQU 	5
PREV14 	EQU 	6
PREV15 	EQU 	7
PREV2 	EQU 	2
PREV3 	EQU 	3
PREV4 	EQU 	4
PREV5 	EQU 	5
PREV6 	EQU 	6
PREV7 	EQU 	7
PREV8 	EQU 	0
PREV9 	EQU 	1
PRH0 	EQU 	0
PRH1 	EQU 	1
PRH2 	EQU 	2
PRH3 	EQU 	3
PRH4 	EQU 	4
PRH5 	EQU 	5
PRH6 	EQU 	6
PRH7 	EQU 	7
PRIE 	EQU 	2
PRIF 	EQU 	2
PRINTLEN 	EQU 	1399
PRINTLOCX 	EQU 	1400
PRINTLOCX_H 	EQU 	1401
PRINTLOCY 	EQU 	1402
PRINTLOCY_H 	EQU 	1403
PRL0 	EQU 	0
PRL1 	EQU 	1
PRL2 	EQU 	2
PRL3 	EQU 	3
PRL4 	EQU 	4
PRL5 	EQU 	5
PRL6 	EQU 	6
PRL7 	EQU 	7
PRLOCK 	EQU 	180
PRLOCKED 	EQU 	0
PROD 	EQU 	1267
PROD0 	EQU 	0
PROD1 	EQU 	1
PROD10 	EQU 	16
PROD11 	EQU 	17
PROD12 	EQU 	18
PROD13 	EQU 	19
PROD14 	EQU 	20
PROD15 	EQU 	21
PROD2 	EQU 	2
PROD3 	EQU 	3
PROD4 	EQU 	4
PROD5 	EQU 	5
PROD6 	EQU 	6
PROD7 	EQU 	7
PROD8 	EQU 	8
PROD9 	EQU 	9
PRODH 	EQU 	1268
PRODH_SHAD 	EQU 	899
PRODL 	EQU 	1267
PRODL_SHAD 	EQU 	898
PRODSH 	EQU 	898
PROD_PROD0 	EQU 	0
PROD_PROD1 	EQU 	1
PROD_PROD10 	EQU 	16
PROD_PROD11 	EQU 	17
PROD_PROD12 	EQU 	18
PROD_PROD13 	EQU 	19
PROD_PROD14 	EQU 	20
PROD_PROD15 	EQU 	21
PROD_PROD2 	EQU 	2
PROD_PROD3 	EQU 	3
PROD_PROD4 	EQU 	4
PROD_PROD5 	EQU 	5
PROD_PROD6 	EQU 	6
PROD_PROD7 	EQU 	7
PROD_PROD8 	EQU 	8
PROD_PROD9 	EQU 	9
PRT0 	EQU 	0
PRT1 	EQU 	1
PRT2 	EQU 	2
PRT3 	EQU 	3
PRT4 	EQU 	4
PRT5 	EQU 	5
PRT6 	EQU 	6
PRT7 	EQU 	7
PS0 	EQU 	0
PS1 	EQU 	1
PS2 	EQU 	2
PS3 	EQU 	3
PS4 	EQU 	4
PS5 	EQU 	5
PS6 	EQU 	6
PS7 	EQU 	7
PSCNT0 	EQU 	0
PSCNT1 	EQU 	1
PSCNT10 	EQU 	2
PSCNT11 	EQU 	3
PSCNT12 	EQU 	4
PSCNT13 	EQU 	5
PSCNT14 	EQU 	6
PSCNT15 	EQU 	7
PSCNT16 	EQU 	0
PSCNT17 	EQU 	1
PSCNT2 	EQU 	2
PSCNT3 	EQU 	3
PSCNT4 	EQU 	4
PSCNT5 	EQU 	5
PSCNT6 	EQU 	6
PSCNT7 	EQU 	7
PSCNT8 	EQU 	0
PSCNT9 	EQU 	1
PSET_ILI9341 	EQU 	10336
PSIS 	EQU 	7
PSS0_DAC1CON 	EQU 	2
PSS1_DAC1CON 	EQU 	3
PSYNC 	EQU 	7
PU0 	EQU 	4
PU1 	EQU 	5
PWDF0 	EQU 	0
PWDF1 	EQU 	1
PWDF2 	EQU 	2
PWDF3 	EQU 	3
PWDF4 	EQU 	4
PWDF5 	EQU 	5
PWDF6 	EQU 	6
PWDF7 	EQU 	7
PWM1CLK 	EQU 	1121
PWM1CON 	EQU 	1129
PWM1CON_EN 	EQU 	7
PWM1CPRE 	EQU 	1125
PWM1ERS 	EQU 	1120
PWM1ERSPPS 	EQU 	593
PWM1ERSPPS0 	EQU 	0
PWM1ERSPPS1 	EQU 	1
PWM1ERSPPS2 	EQU 	2
PWM1ERSPPS3 	EQU 	3
PWM1ERSPPS4 	EQU 	4
PWM1ERSPPS5 	EQU 	5
PWM1ERSPPS6 	EQU 	6
PWM1ERSPPS7 	EQU 	7
PWM1ERSPPS_PIN0 	EQU 	0
PWM1ERSPPS_PIN1 	EQU 	1
PWM1ERSPPS_PIN2 	EQU 	2
PWM1ERSPPS_PORT0 	EQU 	3
PWM1ERSPPS_PORT1 	EQU 	4
PWM1ERSPPS_PORT2 	EQU 	5
PWM1ERSPPS_PORT3 	EQU 	6
PWM1ERSPPS_PORT4 	EQU 	7
PWM1GIE 	EQU 	1128
PWM1GIR 	EQU 	1127
PWM1IE 	EQU 	5
PWM1IF 	EQU 	5
PWM1IP 	EQU 	5
PWM1LDS 	EQU 	1122
PWM1MD 	EQU 	0
PWM1PIE 	EQU 	4
PWM1PIF 	EQU 	4
PWM1PIP 	EQU 	4
PWM1PIPOS 	EQU 	1126
PWM1PR 	EQU 	1123
PWM1PRH 	EQU 	1124
PWM1PRL 	EQU 	1123
PWM1S1CFG 	EQU 	1130
PWM1S1CFG_MODE0 	EQU 	0
PWM1S1CFG_MODE1 	EQU 	1
PWM1S1CFG_MODE2 	EQU 	2
PWM1S1CFG_PWM1S1CFG_MODE0 	EQU 	0
PWM1S1CFG_PWM1S1CFG_MODE1 	EQU 	1
PWM1S1CFG_PWM1S1CFG_MODE2 	EQU 	2
PWM1S1P1 	EQU 	1131
PWM1S1P1H 	EQU 	1132
PWM1S1P1L 	EQU 	1131
PWM1S1P2 	EQU 	1133
PWM1S1P2H 	EQU 	1134
PWM1S1P2L 	EQU 	1133
PWM2CLK 	EQU 	1136
PWM2CLK_CLK0 	EQU 	0
PWM2CLK_CLK1 	EQU 	1
PWM2CLK_CLK2 	EQU 	2
PWM2CLK_CLK3 	EQU 	3
PWM2CLK_CLK4 	EQU 	4
PWM2CON 	EQU 	1144
PWM2CON_EN 	EQU 	7
PWM2CON_ERSNOW 	EQU 	0
PWM2CON_ERSPOL 	EQU 	1
PWM2CPRE 	EQU 	1140
PWM2ERS 	EQU 	1135
PWM2ERSPPS 	EQU 	594
PWM2ERSPPS0 	EQU 	0
PWM2ERSPPS1 	EQU 	1
PWM2ERSPPS2 	EQU 	2
PWM2ERSPPS3 	EQU 	3
PWM2ERSPPS4 	EQU 	4
PWM2ERSPPS5 	EQU 	5
PWM2ERSPPS6 	EQU 	6
PWM2ERSPPS7 	EQU 	7
PWM2ERSPPS_PIN0 	EQU 	0
PWM2ERSPPS_PIN1 	EQU 	1
PWM2ERSPPS_PIN2 	EQU 	2
PWM2ERSPPS_PORT0 	EQU 	3
PWM2ERSPPS_PORT1 	EQU 	4
PWM2ERSPPS_PORT2 	EQU 	5
PWM2ERSPPS_PORT3 	EQU 	6
PWM2ERSPPS_PORT4 	EQU 	7
PWM2ERS_ERS0 	EQU 	0
PWM2ERS_ERS1 	EQU 	1
PWM2ERS_ERS2 	EQU 	2
PWM2ERS_ERS3 	EQU 	3
PWM2ERS_ERS4 	EQU 	4
PWM2ERS_ERS5 	EQU 	5
PWM2GIE 	EQU 	1143
PWM2GIE_S1P1IE 	EQU 	0
PWM2GIE_S1P2IE 	EQU 	1
PWM2GIR 	EQU 	1142
PWM2GIR_S1P1IF 	EQU 	0
PWM2GIR_S1P2IF 	EQU 	1
PWM2IE 	EQU 	7
PWM2IF 	EQU 	7
PWM2IP 	EQU 	7
PWM2LDS 	EQU 	1137
PWM2LDS_LDS0 	EQU 	0
PWM2LDS_LDS1 	EQU 	1
PWM2LDS_LDS2 	EQU 	2
PWM2LDS_LDS3 	EQU 	3
PWM2MD 	EQU 	1
PWM2PIE 	EQU 	6
PWM2PIF 	EQU 	6
PWM2PIP 	EQU 	6
PWM2PIPOS 	EQU 	1141
PWM2PR 	EQU 	1138
PWM2PRH 	EQU 	1139
PWM2PRL 	EQU 	1138
PWM2S1CFG 	EQU 	1145
PWM2S1CFG_MODE0 	EQU 	0
PWM2S1CFG_MODE1 	EQU 	1
PWM2S1CFG_MODE2 	EQU 	2
PWM2S1CFG_POL1 	EQU 	6
PWM2S1CFG_POL2 	EQU 	7
PWM2S1CFG_PPEN 	EQU 	3
PWM2S1CFG_PWM2S1CFG_MODE0 	EQU 	0
PWM2S1CFG_PWM2S1CFG_MODE1 	EQU 	1
PWM2S1CFG_PWM2S1CFG_MODE2 	EQU 	2
PWM2S1P1 	EQU 	1146
PWM2S1P1H 	EQU 	1147
PWM2S1P1L 	EQU 	1146
PWM2S1P2 	EQU 	1148
PWM2S1P2H 	EQU 	1149
PWM2S1P2L 	EQU 	1148
PWMEN 	EQU 	1178
PWMIN0PPS 	EQU 	599
PWMIN0PPS0 	EQU 	0
PWMIN0PPS1 	EQU 	1
PWMIN0PPS2 	EQU 	2
PWMIN0PPS3 	EQU 	3
PWMIN0PPS4 	EQU 	4
PWMIN0PPS5 	EQU 	5
PWMIN0PPS6 	EQU 	6
PWMIN0PPS7 	EQU 	7
PWMIN0PPS_PIN0 	EQU 	0
PWMIN0PPS_PIN1 	EQU 	1
PWMIN0PPS_PIN2 	EQU 	2
PWMIN0PPS_PORT0 	EQU 	3
PWMIN0PPS_PORT1 	EQU 	4
PWMIN0PPS_PORT2 	EQU 	5
PWMIN0PPS_PORT3 	EQU 	6
PWMIN0PPS_PORT4 	EQU 	7
PWMIN1PPS 	EQU 	600
PWMIN1PPS0 	EQU 	0
PWMIN1PPS1 	EQU 	1
PWMIN1PPS2 	EQU 	2
PWMIN1PPS3 	EQU 	3
PWMIN1PPS4 	EQU 	4
PWMIN1PPS5 	EQU 	5
PWMIN1PPS6 	EQU 	6
PWMIN1PPS7 	EQU 	7
PWMIN1PPS_PIN0 	EQU 	0
PWMIN1PPS_PIN1 	EQU 	1
PWMIN1PPS_PIN2 	EQU 	2
PWMIN1PPS_PORT0 	EQU 	3
PWMIN1PPS_PORT1 	EQU 	4
PWMIN1PPS_PORT2 	EQU 	5
PWMIN1PPS_PORT3 	EQU 	6
PWMIN1PPS_PORT4 	EQU 	7
PWMLOAD 	EQU 	1177
PWS0 	EQU 	5
PWS1 	EQU 	6
PWS2 	EQU 	7
R 	EQU 	4
RA0 	EQU 	0
RA0PPS 	EQU 	513
RA0PPS0 	EQU 	0
RA0PPS1 	EQU 	1
RA0PPS2 	EQU 	2
RA0PPS3 	EQU 	3
RA0PPS4 	EQU 	4
RA0PPS5 	EQU 	5
RA1 	EQU 	1
RA1PPS 	EQU 	514
RA1PPS0 	EQU 	0
RA1PPS1 	EQU 	1
RA1PPS2 	EQU 	2
RA1PPS3 	EQU 	3
RA1PPS4 	EQU 	4
RA1PPS5 	EQU 	5
RA2 	EQU 	2
RA2PPS 	EQU 	515
RA2PPS0 	EQU 	0
RA2PPS1 	EQU 	1
RA2PPS2 	EQU 	2
RA2PPS3 	EQU 	3
RA2PPS4 	EQU 	4
RA2PPS5 	EQU 	5
RA3 	EQU 	3
RA3PPS 	EQU 	516
RA3PPS0 	EQU 	0
RA3PPS1 	EQU 	1
RA3PPS2 	EQU 	2
RA3PPS3 	EQU 	3
RA3PPS4 	EQU 	4
RA3PPS5 	EQU 	5
RA4 	EQU 	4
RA4PPS 	EQU 	517
RA4PPS0 	EQU 	0
RA4PPS1 	EQU 	1
RA4PPS2 	EQU 	2
RA4PPS3 	EQU 	3
RA4PPS4 	EQU 	4
RA4PPS5 	EQU 	5
RA5 	EQU 	5
RA5PPS 	EQU 	518
RA5PPS0 	EQU 	0
RA5PPS1 	EQU 	1
RA5PPS2 	EQU 	2
RA5PPS3 	EQU 	3
RA5PPS4 	EQU 	4
RA5PPS5 	EQU 	5
RA6 	EQU 	6
RA6PPS 	EQU 	519
RA6PPS0 	EQU 	0
RA6PPS1 	EQU 	1
RA6PPS2 	EQU 	2
RA6PPS3 	EQU 	3
RA6PPS4 	EQU 	4
RA6PPS5 	EQU 	5
RA7 	EQU 	7
RA7PPS 	EQU 	520
RA7PPS0 	EQU 	0
RA7PPS1 	EQU 	1
RA7PPS2 	EQU 	2
RA7PPS3 	EQU 	3
RA7PPS4 	EQU 	4
RA7PPS5 	EQU 	5
RADIUSERR 	EQU 	1404
RADIUSERR_H 	EQU 	1405
RB0 	EQU 	0
RB0PPS 	EQU 	521
RB0PPS0 	EQU 	0
RB0PPS1 	EQU 	1
RB0PPS2 	EQU 	2
RB0PPS3 	EQU 	3
RB0PPS4 	EQU 	4
RB0PPS5 	EQU 	5
RB1 	EQU 	1
RB1I2C 	EQU 	646
RB1I2C_I2CPU0 	EQU 	4
RB1I2C_I2CPU1 	EQU 	5
RB1I2C_I2CSLEW0 	EQU 	6
RB1I2C_I2CSLEW1 	EQU 	7
RB1I2C_I2CTH0 	EQU 	0
RB1I2C_I2CTH1 	EQU 	1
RB1I2C_PU0 	EQU 	4
RB1I2C_PU1 	EQU 	5
RB1I2C_SLEW0 	EQU 	6
RB1I2C_SLEW1 	EQU 	7
RB1I2C_TH0 	EQU 	0
RB1I2C_TH1 	EQU 	1
RB1PPS 	EQU 	522
RB1PPS0 	EQU 	0
RB1PPS1 	EQU 	1
RB1PPS2 	EQU 	2
RB1PPS3 	EQU 	3
RB1PPS4 	EQU 	4
RB1PPS5 	EQU 	5
RB2 	EQU 	2
RB2I2C 	EQU 	647
RB2I2C_I2CPU0 	EQU 	4
RB2I2C_I2CPU1 	EQU 	5
RB2I2C_I2CSLEW0 	EQU 	6
RB2I2C_I2CSLEW1 	EQU 	7
RB2I2C_I2CTH0 	EQU 	0
RB2I2C_I2CTH1 	EQU 	1
RB2I2C_PU0 	EQU 	4
RB2I2C_PU1 	EQU 	5
RB2I2C_RB2I2C_I2CPU0 	EQU 	4
RB2I2C_RB2I2C_I2CPU1 	EQU 	5
RB2I2C_RB2I2C_I2CSLEW0 	EQU 	6
RB2I2C_RB2I2C_I2CSLEW1 	EQU 	7
RB2I2C_RB2I2C_I2CTH0 	EQU 	0
RB2I2C_RB2I2C_I2CTH1 	EQU 	1
RB2I2C_RB2I2C_PU0 	EQU 	4
RB2I2C_RB2I2C_PU1 	EQU 	5
RB2I2C_RB2I2C_SLEW0 	EQU 	6
RB2I2C_RB2I2C_SLEW1 	EQU 	7
RB2I2C_RB2I2C_TH0 	EQU 	0
RB2I2C_RB2I2C_TH1 	EQU 	1
RB2I2C_SLEW0 	EQU 	6
RB2I2C_SLEW1 	EQU 	7
RB2I2C_TH0 	EQU 	0
RB2I2C_TH1 	EQU 	1
RB2PPS 	EQU 	523
RB2PPS0 	EQU 	0
RB2PPS1 	EQU 	1
RB2PPS2 	EQU 	2
RB2PPS3 	EQU 	3
RB2PPS4 	EQU 	4
RB2PPS5 	EQU 	5
RB3 	EQU 	3
RB3PPS 	EQU 	524
RB3PPS0 	EQU 	0
RB3PPS1 	EQU 	1
RB3PPS2 	EQU 	2
RB3PPS3 	EQU 	3
RB3PPS4 	EQU 	4
RB3PPS5 	EQU 	5
RB4 	EQU 	4
RB4PPS 	EQU 	525
RB4PPS0 	EQU 	0
RB4PPS1 	EQU 	1
RB4PPS2 	EQU 	2
RB4PPS3 	EQU 	3
RB4PPS4 	EQU 	4
RB4PPS5 	EQU 	5
RB5 	EQU 	5
RB5PPS 	EQU 	526
RB5PPS0 	EQU 	0
RB5PPS1 	EQU 	1
RB5PPS2 	EQU 	2
RB5PPS3 	EQU 	3
RB5PPS4 	EQU 	4
RB5PPS5 	EQU 	5
RB6 	EQU 	6
RB6PPS 	EQU 	527
RB6PPS0 	EQU 	0
RB6PPS1 	EQU 	1
RB6PPS2 	EQU 	2
RB6PPS3 	EQU 	3
RB6PPS4 	EQU 	4
RB6PPS5 	EQU 	5
RB7 	EQU 	7
RB7PPS 	EQU 	528
RB7PPS0 	EQU 	0
RB7PPS1 	EQU 	1
RB7PPS2 	EQU 	2
RB7PPS3 	EQU 	3
RB7PPS4 	EQU 	4
RB7PPS5 	EQU 	5
RC0 	EQU 	0
RC0PPS 	EQU 	529
RC0PPS0 	EQU 	0
RC0PPS1 	EQU 	1
RC0PPS2 	EQU 	2
RC0PPS3 	EQU 	3
RC0PPS4 	EQU 	4
RC0PPS5 	EQU 	5
RC1 	EQU 	1
RC1PPS 	EQU 	530
RC1PPS0 	EQU 	0
RC1PPS1 	EQU 	1
RC1PPS2 	EQU 	2
RC1PPS3 	EQU 	3
RC1PPS4 	EQU 	4
RC1PPS5 	EQU 	5
RC2 	EQU 	2
RC2PPS 	EQU 	531
RC2PPS0 	EQU 	0
RC2PPS1 	EQU 	1
RC2PPS2 	EQU 	2
RC2PPS3 	EQU 	3
RC2PPS4 	EQU 	4
RC2PPS5 	EQU 	5
RC3 	EQU 	3
RC3I2C 	EQU 	644
RC3I2C_I2CSLEW0 	EQU 	6
RC3I2C_I2CSLEW1 	EQU 	7
RC3I2C_I2CTH0 	EQU 	0
RC3I2C_I2CTH1 	EQU 	1
RC3I2C_RC3I2C_I2CSLEW0 	EQU 	6
RC3I2C_RC3I2C_I2CSLEW1 	EQU 	7
RC3I2C_RC3I2C_I2CTH0 	EQU 	0
RC3I2C_RC3I2C_I2CTH1 	EQU 	1
RC3I2C_RC3I2C_SLEW0 	EQU 	6
RC3I2C_RC3I2C_SLEW1 	EQU 	7
RC3I2C_RC3I2C_TH0 	EQU 	0
RC3I2C_RC3I2C_TH1 	EQU 	1
RC3I2C_SLEW0 	EQU 	6
RC3I2C_SLEW1 	EQU 	7
RC3I2C_TH0 	EQU 	0
RC3I2C_TH1 	EQU 	1
RC3PPS 	EQU 	532
RC3PPS0 	EQU 	0
RC3PPS1 	EQU 	1
RC3PPS2 	EQU 	2
RC3PPS3 	EQU 	3
RC3PPS4 	EQU 	4
RC3PPS5 	EQU 	5
RC4 	EQU 	4
RC4I2C 	EQU 	645
RC4I2C_I2CSLEW0 	EQU 	6
RC4I2C_I2CSLEW1 	EQU 	7
RC4I2C_I2CTH0 	EQU 	0
RC4I2C_I2CTH1 	EQU 	1
RC4I2C_RC4I2C_I2CSLEW0 	EQU 	6
RC4I2C_RC4I2C_I2CSLEW1 	EQU 	7
RC4I2C_RC4I2C_I2CTH0 	EQU 	0
RC4I2C_RC4I2C_I2CTH1 	EQU 	1
RC4I2C_RC4I2C_SLEW0 	EQU 	6
RC4I2C_RC4I2C_SLEW1 	EQU 	7
RC4I2C_RC4I2C_TH0 	EQU 	0
RC4I2C_RC4I2C_TH1 	EQU 	1
RC4I2C_SLEW0 	EQU 	6
RC4I2C_SLEW1 	EQU 	7
RC4I2C_TH0 	EQU 	0
RC4I2C_TH1 	EQU 	1
RC4PPS 	EQU 	533
RC4PPS0 	EQU 	0
RC4PPS1 	EQU 	1
RC4PPS2 	EQU 	2
RC4PPS3 	EQU 	3
RC4PPS4 	EQU 	4
RC4PPS5 	EQU 	5
RC5 	EQU 	5
RC5PPS 	EQU 	534
RC5PPS0 	EQU 	0
RC5PPS1 	EQU 	1
RC5PPS2 	EQU 	2
RC5PPS3 	EQU 	3
RC5PPS4 	EQU 	4
RC5PPS5 	EQU 	5
RC6 	EQU 	6
RC6PPS 	EQU 	535
RC6PPS0 	EQU 	0
RC6PPS1 	EQU 	1
RC6PPS2 	EQU 	2
RC6PPS3 	EQU 	3
RC6PPS4 	EQU 	4
RC6PPS5 	EQU 	5
RC7 	EQU 	7
RC7PPS 	EQU 	536
RC7PPS0 	EQU 	0
RC7PPS1 	EQU 	1
RC7PPS2 	EQU 	2
RC7PPS3 	EQU 	3
RC7PPS4 	EQU 	4
RC7PPS5 	EQU 	5
RCIDL 	EQU 	3
RD0 	EQU 	0
RD0I2C 	EQU 	642
RD0I2C_I2CSLEW0 	EQU 	6
RD0I2C_I2CSLEW1 	EQU 	7
RD0I2C_I2CTH0 	EQU 	0
RD0I2C_I2CTH1 	EQU 	1
RD0I2C_RD0I2C_I2CSLEW0 	EQU 	6
RD0I2C_RD0I2C_I2CSLEW1 	EQU 	7
RD0I2C_RD0I2C_I2CTH0 	EQU 	0
RD0I2C_RD0I2C_I2CTH1 	EQU 	1
RD0I2C_RD0I2C_SLEW0 	EQU 	6
RD0I2C_RD0I2C_SLEW1 	EQU 	7
RD0I2C_RD0I2C_TH0 	EQU 	0
RD0I2C_RD0I2C_TH1 	EQU 	1
RD0I2C_SLEW0 	EQU 	6
RD0I2C_SLEW1 	EQU 	7
RD0I2C_TH0 	EQU 	0
RD0I2C_TH1 	EQU 	1
RD0PPS 	EQU 	537
RD0PPS0 	EQU 	0
RD0PPS1 	EQU 	1
RD0PPS2 	EQU 	2
RD0PPS3 	EQU 	3
RD0PPS4 	EQU 	4
RD0PPS5 	EQU 	5
RD1 	EQU 	1
RD16 	EQU 	1
RD161 	EQU 	1
RD163 	EQU 	1
RD1I2C 	EQU 	643
RD1I2C_I2CSLEW0 	EQU 	6
RD1I2C_I2CSLEW1 	EQU 	7
RD1I2C_I2CTH0 	EQU 	0
RD1I2C_I2CTH1 	EQU 	1
RD1I2C_RD1I2C_I2CSLEW0 	EQU 	6
RD1I2C_RD1I2C_I2CSLEW1 	EQU 	7
RD1I2C_RD1I2C_I2CTH0 	EQU 	0
RD1I2C_RD1I2C_I2CTH1 	EQU 	1
RD1I2C_RD1I2C_SLEW0 	EQU 	6
RD1I2C_RD1I2C_SLEW1 	EQU 	7
RD1I2C_RD1I2C_TH0 	EQU 	0
RD1I2C_RD1I2C_TH1 	EQU 	1
RD1I2C_SLEW0 	EQU 	6
RD1I2C_SLEW1 	EQU 	7
RD1I2C_TH0 	EQU 	0
RD1I2C_TH1 	EQU 	1
RD1PPS 	EQU 	538
RD1PPS0 	EQU 	0
RD1PPS1 	EQU 	1
RD1PPS2 	EQU 	2
RD1PPS3 	EQU 	3
RD1PPS4 	EQU 	4
RD1PPS5 	EQU 	5
RD2 	EQU 	2
RD2PPS 	EQU 	539
RD2PPS0 	EQU 	0
RD2PPS1 	EQU 	1
RD2PPS2 	EQU 	2
RD2PPS3 	EQU 	3
RD2PPS4 	EQU 	4
RD2PPS5 	EQU 	5
RD3 	EQU 	3
RD3PPS 	EQU 	540
RD3PPS0 	EQU 	0
RD3PPS1 	EQU 	1
RD3PPS2 	EQU 	2
RD3PPS3 	EQU 	3
RD3PPS4 	EQU 	4
RD3PPS5 	EQU 	5
RD4 	EQU 	4
RD4PPS 	EQU 	541
RD4PPS0 	EQU 	0
RD4PPS1 	EQU 	1
RD4PPS2 	EQU 	2
RD4PPS3 	EQU 	3
RD4PPS4 	EQU 	4
RD4PPS5 	EQU 	5
RD5 	EQU 	5
RD5PPS 	EQU 	542
RD5PPS0 	EQU 	0
RD5PPS1 	EQU 	1
RD5PPS2 	EQU 	2
RD5PPS3 	EQU 	3
RD5PPS4 	EQU 	4
RD5PPS5 	EQU 	5
RD6 	EQU 	6
RD6PPS 	EQU 	543
RD6PPS0 	EQU 	0
RD6PPS1 	EQU 	1
RD6PPS2 	EQU 	2
RD6PPS3 	EQU 	3
RD6PPS4 	EQU 	4
RD6PPS5 	EQU 	5
RD7 	EQU 	7
RD7PPS 	EQU 	544
RD7PPS0 	EQU 	0
RD7PPS1 	EQU 	1
RD7PPS2 	EQU 	2
RD7PPS3 	EQU 	3
RD7PPS4 	EQU 	4
RD7PPS5 	EQU 	5
RDSEL 	EQU 	3
RDY_CM1CON1 	EQU 	7
RDY_CM2CON1 	EQU 	7
RDY_FVRCON 	EQU 	6
RDY_HLVDCON0 	EQU 	4
RDY_VDDIO2STAT 	EQU 	5
RE0 	EQU 	0
RE0PPS 	EQU 	545
RE0PPS0 	EQU 	0
RE0PPS1 	EQU 	1
RE0PPS2 	EQU 	2
RE0PPS3 	EQU 	3
RE0PPS4 	EQU 	4
RE0PPS5 	EQU 	5
RE1 	EQU 	1
RE1PPS 	EQU 	546
RE1PPS0 	EQU 	0
RE1PPS1 	EQU 	1
RE1PPS2 	EQU 	2
RE1PPS3 	EQU 	3
RE1PPS4 	EQU 	4
RE1PPS5 	EQU 	5
RE2 	EQU 	2
RE2PPS 	EQU 	547
RE2PPS0 	EQU 	0
RE2PPS1 	EQU 	1
RE2PPS2 	EQU 	2
RE2PPS3 	EQU 	3
RE2PPS4 	EQU 	4
RE2PPS5 	EQU 	5
RE3 	EQU 	3
READ 	EQU 	4
REN 	EQU 	6
RES0 	EQU 	0
RES1 	EQU 	1
RES10 	EQU 	2
RES11 	EQU 	3
RES12 	EQU 	4
RES13 	EQU 	5
RES14 	EQU 	6
RES15 	EQU 	7
RES2 	EQU 	2
RES3 	EQU 	3
RES4 	EQU 	4
RES5 	EQU 	5
RES6 	EQU 	6
RES7 	EQU 	7
RES8 	EQU 	0
RES9 	EQU 	1
RESET0 	EQU 	2
RESET1 	EQU 	3
RI 	EQU 	2
RMCLR 	EQU 	3
ROI 	EQU 	5
ROW 	EQU 	1406
RPT0 	EQU 	0
RPT1 	EQU 	1
RPT2 	EQU 	2
RPT3 	EQU 	3
RPT4 	EQU 	4
RPT5 	EQU 	5
RPT6 	EQU 	6
RPT7 	EQU 	7
RSC1IE 	EQU 	1
RSC1IF 	EQU 	1
RSC2IE 	EQU 	1
RSC2IF 	EQU 	1
RSCIE 	EQU 	1
RSCIF 	EQU 	1
RSEL0 	EQU 	0
RSEL1 	EQU 	1
RSEL2 	EQU 	2
RSEL3 	EQU 	3
RSEL4 	EQU 	4
RSEN 	EQU 	6
RUN 	EQU 	7
RUNOVF 	EQU 	7
RW0 	EQU 	0
RW1 	EQU 	1
RW2 	EQU 	2
RW3 	EQU 	3
RW4 	EQU 	4
RW5 	EQU 	5
RW6 	EQU 	6
RW7 	EQU 	7
RWDT 	EQU 	4
RXB0 	EQU 	0
RXB1 	EQU 	1
RXB2 	EQU 	2
RXB3 	EQU 	3
RXB4 	EQU 	4
RXB5 	EQU 	5
RXB6 	EQU 	6
RXB7 	EQU 	7
RXBE 	EQU 	1
RXBF 	EQU 	0
RXBIMD 	EQU 	3
RXBKIE 	EQU 	2
RXBKIF 	EQU 	2
RXEN 	EQU 	4
RXFOIE 	EQU 	1
RXFOIF 	EQU 	1
RXIDL 	EQU 	3
RXO 	EQU 	2
RXOIE 	EQU 	2
RXOIF 	EQU 	2
RXPOL 	EQU 	6
RXR 	EQU 	0
RXRE 	EQU 	3
S 	EQU 	5
S1P1IE 	EQU 	0
S1P1IF 	EQU 	0
S1P2IE 	EQU 	1
S1P2IF 	EQU 	1
SBOREN 	EQU 	7
SC1IE 	EQU 	0
SC1IF 	EQU 	0
SC2IE 	EQU 	0
SC2IF 	EQU 	0
SCANCON0 	EQU 	864
SCANCON0_EN 	EQU 	7
SCANEN 	EQU 	7
SCANHADR 	EQU 	861
SCANHADR0 	EQU 	0
SCANHADR1 	EQU 	1
SCANHADR10 	EQU 	2
SCANHADR11 	EQU 	3
SCANHADR12 	EQU 	4
SCANHADR13 	EQU 	5
SCANHADR14 	EQU 	6
SCANHADR15 	EQU 	7
SCANHADR16 	EQU 	0
SCANHADR17 	EQU 	1
SCANHADR18 	EQU 	2
SCANHADR19 	EQU 	3
SCANHADR2 	EQU 	2
SCANHADR20 	EQU 	4
SCANHADR21 	EQU 	5
SCANHADR3 	EQU 	3
SCANHADR4 	EQU 	4
SCANHADR5 	EQU 	5
SCANHADR6 	EQU 	6
SCANHADR7 	EQU 	7
SCANHADR8 	EQU 	0
SCANHADR9 	EQU 	1
SCANHADRH 	EQU 	862
SCANHADRL 	EQU 	861
SCANHADRU 	EQU 	863
SCANHADRU_HADR0 	EQU 	0
SCANHADRU_HADR1 	EQU 	1
SCANHADRU_HADR2 	EQU 	2
SCANHADRU_HADR3 	EQU 	3
SCANHADRU_HADR4 	EQU 	4
SCANHADRU_HADR5 	EQU 	5
SCANHADRU_SCANHADR0 	EQU 	0
SCANHADRU_SCANHADR1 	EQU 	1
SCANHADRU_SCANHADR2 	EQU 	2
SCANHADRU_SCANHADR3 	EQU 	3
SCANHADRU_SCANHADR4 	EQU 	4
SCANHADRU_SCANHADR5 	EQU 	5
SCANIE 	EQU 	5
SCANIF 	EQU 	5
SCANIP 	EQU 	5
SCANLADR 	EQU 	858
SCANLADR0 	EQU 	0
SCANLADR1 	EQU 	1
SCANLADR10 	EQU 	2
SCANLADR11 	EQU 	3
SCANLADR12 	EQU 	4
SCANLADR13 	EQU 	5
SCANLADR14 	EQU 	6
SCANLADR15 	EQU 	7
SCANLADR16 	EQU 	0
SCANLADR17 	EQU 	1
SCANLADR18 	EQU 	2
SCANLADR19 	EQU 	3
SCANLADR2 	EQU 	2
SCANLADR20 	EQU 	4
SCANLADR21 	EQU 	5
SCANLADR3 	EQU 	3
SCANLADR4 	EQU 	4
SCANLADR5 	EQU 	5
SCANLADR6 	EQU 	6
SCANLADR7 	EQU 	7
SCANLADR8 	EQU 	0
SCANLADR9 	EQU 	1
SCANLADRH 	EQU 	859
SCANLADRL 	EQU 	858
SCANLADRU 	EQU 	860
SCANLADRU_LADR0 	EQU 	0
SCANLADRU_LADR1 	EQU 	1
SCANLADRU_LADR2 	EQU 	2
SCANLADRU_LADR3 	EQU 	3
SCANLADRU_LADR4 	EQU 	4
SCANLADRU_LADR5 	EQU 	5
SCANLADRU_SCANLADR0 	EQU 	0
SCANLADRU_SCANLADR1 	EQU 	1
SCANLADRU_SCANLADR2 	EQU 	2
SCANLADRU_SCANLADR3 	EQU 	3
SCANLADRU_SCANLADR4 	EQU 	4
SCANLADRU_SCANLADR5 	EQU 	5
SCANMD 	EQU 	3
SCANPR 	EQU 	181
SCANPR0 	EQU 	0
SCANPR1 	EQU 	1
SCANPR2 	EQU 	2
SCANPR_PR0_SCANPR 	EQU 	0
SCANPR_PR1_SCANPR 	EQU 	1
SCANPR_PR2_SCANPR 	EQU 	2
SCANPR_SCANPR0 	EQU 	0
SCANPR_SCANPR1 	EQU 	1
SCANPR_SCANPR2 	EQU 	2
SCANTRIG 	EQU 	865
SCIE 	EQU 	0
SCIF 	EQU 	0
SCLT16TRUE 	EQU 	14478
SCLT32TRUE 	EQU 	14522
SCLTINTTRUE 	EQU 	14604
SCNT0 	EQU 	0
SCNT1 	EQU 	1
SCNT10 	EQU 	2
SCNT11 	EQU 	3
SCNT2 	EQU 	2
SCNT3 	EQU 	3
SCNT4 	EQU 	4
SCNT5 	EQU 	5
SCNT6 	EQU 	6
SCNT7 	EQU 	7
SCNT8 	EQU 	0
SCNT9 	EQU 	1
SDAHT0 	EQU 	2
SDAHT1 	EQU 	3
SDIP 	EQU 	1
SDOP 	EQU 	0
SEL0 	EQU 	0
SEL1 	EQU 	1
SEL2 	EQU 	2
SEL3 	EQU 	3
SENDB 	EQU 	0
SENDCOMMAND_ILI9341 	EQU 	10380
SENDDATA_ILI9341 	EQU 	10408
SENDWORD_ILI9341 	EQU 	10436
SEN_WDTCON0 	EQU 	0
SEN_ZCD1CON 	EQU 	7
SETADDRESSWINDOW_ILI9341 	EQU 	10474
SETUP0 	EQU 	2
SETUP1 	EQU 	3
SGO 	EQU 	5
SHADCON 	EQU 	886
SHADLO 	EQU 	0
SHIFT0 	EQU 	0
SHIFT1 	EQU 	1
SHIFT10 	EQU 	2
SHIFT11 	EQU 	3
SHIFT12 	EQU 	4
SHIFT13 	EQU 	5
SHIFT14 	EQU 	6
SHIFT15 	EQU 	7
SHIFT16 	EQU 	0
SHIFT17 	EQU 	1
SHIFT18 	EQU 	2
SHIFT19 	EQU 	3
SHIFT2 	EQU 	2
SHIFT20 	EQU 	4
SHIFT21 	EQU 	5
SHIFT22 	EQU 	6
SHIFT23 	EQU 	7
SHIFT24 	EQU 	0
SHIFT25 	EQU 	1
SHIFT26 	EQU 	2
SHIFT27 	EQU 	3
SHIFT28 	EQU 	4
SHIFT29 	EQU 	5
SHIFT3 	EQU 	3
SHIFT30 	EQU 	6
SHIFT31 	EQU 	7
SHIFT4 	EQU 	4
SHIFT5 	EQU 	5
SHIFT6 	EQU 	6
SHIFT7 	EQU 	7
SHIFT8 	EQU 	0
SHIFT9 	EQU 	1
SHIFTM 	EQU 	1
SHOWCASE1 	EQU 	10540
SHOWCASE2 	EQU 	12188
SHUTDOWN 	EQU 	7
SIRQ0 	EQU 	0
SIRQ1 	EQU 	1
SIRQ2 	EQU 	2
SIRQ3 	EQU 	3
SIRQ4 	EQU 	4
SIRQ5 	EQU 	5
SIRQ6 	EQU 	6
SIRQ7 	EQU 	7
SIRQEN 	EQU 	6
SLCT0 	EQU 	0
SLCT1 	EQU 	1
SLCT2 	EQU 	2
SLEW0 	EQU 	6
SLEW1 	EQU 	7
SLRA0 	EQU 	0
SLRA1 	EQU 	1
SLRA2 	EQU 	2
SLRA3 	EQU 	3
SLRA4 	EQU 	4
SLRA5 	EQU 	5
SLRA6 	EQU 	6
SLRA7 	EQU 	7
SLRB0 	EQU 	0
SLRB1 	EQU 	1
SLRB2 	EQU 	2
SLRB3 	EQU 	3
SLRB4 	EQU 	4
SLRB5 	EQU 	5
SLRB6 	EQU 	6
SLRB7 	EQU 	7
SLRC0 	EQU 	0
SLRC1 	EQU 	1
SLRC2 	EQU 	2
SLRC3 	EQU 	3
SLRC4 	EQU 	4
SLRC5 	EQU 	5
SLRC6 	EQU 	6
SLRCONA 	EQU 	1027
SLRCONB 	EQU 	1035
SLRCONC 	EQU 	1043
SLRCOND 	EQU 	1051
SLRCONE 	EQU 	1059
SLRD0 	EQU 	0
SLRD1 	EQU 	1
SLRD2 	EQU 	2
SLRD3 	EQU 	3
SLRD4 	EQU 	4
SLRD5 	EQU 	5
SLRD6 	EQU 	6
SLRD7 	EQU 	7
SLRE0 	EQU 	0
SLRE1 	EQU 	1
SLRE2 	EQU 	2
SMA 	EQU 	6
SMODE0 	EQU 	1
SMODE1 	EQU 	2
SMP 	EQU 	7
SMR0 	EQU 	3
SMR1 	EQU 	4
SOI 	EQU 	3
SOR 	EQU 	3
SOSCEN 	EQU 	3
SOSCPWR 	EQU 	6
SOSIE 	EQU 	5
SOSIF 	EQU 	5
SP0 	EQU 	0
SP1 	EQU 	1
SP2 	EQU 	2
SP3 	EQU 	3
SP4 	EQU 	4
SP5 	EQU 	5
SP6 	EQU 	6
SPI1BAUD 	EQU 	137
SPI1BMODE 	EQU 	0
SPI1BUSY 	EQU 	7
SPI1CKE 	EQU 	6
SPI1CKP 	EQU 	5
SPI1CLK 	EQU 	140
SPI1CLKSEL0 	EQU 	0
SPI1CLKSEL1 	EQU 	1
SPI1CLKSEL2 	EQU 	2
SPI1CLKSEL3 	EQU 	3
SPI1CLKSEL4 	EQU 	4
SPI1CLK_SPI1CLK_CLKSEL0 	EQU 	0
SPI1CLK_SPI1CLK_CLKSEL1 	EQU 	1
SPI1CLK_SPI1CLK_CLKSEL2 	EQU 	2
SPI1CLK_SPI1CLK_CLKSEL3 	EQU 	3
SPI1CLRBF 	EQU 	2
SPI1CON0 	EQU 	132
SPI1CON0_EN 	EQU 	7
SPI1CON1 	EQU 	133
SPI1CON2 	EQU 	134
SPI1EOSIE 	EQU 	4
SPI1EOSIF 	EQU 	4
SPI1FST 	EQU 	4
SPI1IE 	EQU 	6
SPI1IF 	EQU 	6
SPI1INTE 	EQU 	139
SPI1INTF 	EQU 	138
SPI1IP 	EQU 	6
SPI1LSBF 	EQU 	2
SPI1MD_PMD3 	EQU 	4
SPI1MST 	EQU 	1
SPI1RXB 	EQU 	128
SPI1RXBF 	EQU 	0
SPI1RXIE 	EQU 	4
SPI1RXIF 	EQU 	4
SPI1RXIP 	EQU 	4
SPI1RXOIE 	EQU 	2
SPI1RXOIF 	EQU 	2
SPI1RXR 	EQU 	0
SPI1RXRE 	EQU 	3
SPI1SCKPPS 	EQU 	618
SPI1SCKPPS0 	EQU 	0
SPI1SCKPPS1 	EQU 	1
SPI1SCKPPS2 	EQU 	2
SPI1SCKPPS3 	EQU 	3
SPI1SCKPPS4 	EQU 	4
SPI1SCKPPS5 	EQU 	5
SPI1SCKPPS6 	EQU 	6
SPI1SCKPPS7 	EQU 	7
SPI1SCKPPS_PIN0 	EQU 	0
SPI1SCKPPS_PIN1 	EQU 	1
SPI1SCKPPS_PIN2 	EQU 	2
SPI1SCKPPS_PORT0 	EQU 	3
SPI1SCKPPS_PORT1 	EQU 	4
SPI1SCKPPS_PORT2 	EQU 	5
SPI1SCKPPS_PORT3 	EQU 	6
SPI1SCKPPS_PORT4 	EQU 	7
SPI1SDIP 	EQU 	1
SPI1SDIPPS 	EQU 	619
SPI1SDIPPS0 	EQU 	0
SPI1SDIPPS1 	EQU 	1
SPI1SDIPPS2 	EQU 	2
SPI1SDIPPS3 	EQU 	3
SPI1SDIPPS4 	EQU 	4
SPI1SDIPPS5 	EQU 	5
SPI1SDIPPS6 	EQU 	6
SPI1SDIPPS7 	EQU 	7
SPI1SDIPPS_PIN0 	EQU 	0
SPI1SDIPPS_PIN1 	EQU 	1
SPI1SDIPPS_PIN2 	EQU 	2
SPI1SDIPPS_PORT0 	EQU 	3
SPI1SDIPPS_PORT1 	EQU 	4
SPI1SDIPPS_PORT2 	EQU 	5
SPI1SDIPPS_PORT3 	EQU 	6
SPI1SDIPPS_PORT4 	EQU 	7
SPI1SDOP 	EQU 	0
SPI1SMP 	EQU 	7
SPI1SOSIE 	EQU 	5
SPI1SOSIF 	EQU 	5
SPI1SPIEN 	EQU 	7
SPI1SRMTIE 	EQU 	7
SPI1SRMTIF 	EQU 	7
SPI1SSET 	EQU 	2
SPI1SSFLT 	EQU 	6
SPI1SSP 	EQU 	2
SPI1SSPPS 	EQU 	620
SPI1SSPPS0 	EQU 	0
SPI1SSPPS1 	EQU 	1
SPI1SSPPS2 	EQU 	2
SPI1SSPPS3 	EQU 	3
SPI1SSPPS4 	EQU 	4
SPI1SSPPS5 	EQU 	5
SPI1SSPPS6 	EQU 	6
SPI1SSPPS7 	EQU 	7
SPI1SSPPS_PIN0 	EQU 	0
SPI1SSPPS_PIN1 	EQU 	1
SPI1SSPPS_PIN2 	EQU 	2
SPI1SSPPS_PORT0 	EQU 	3
SPI1SSPPS_PORT1 	EQU 	4
SPI1SSPPS_PORT2 	EQU 	5
SPI1SSPPS_PORT3 	EQU 	6
SPI1SSPPS_PORT4 	EQU 	7
SPI1STATUS 	EQU 	135
SPI1STATUS_RXBF 	EQU 	0
SPI1STATUS_TXBE 	EQU 	5
SPI1TCNT 	EQU 	130
SPI1TCNTH 	EQU 	131
SPI1TCNTL 	EQU 	130
SPI1TCZIE 	EQU 	6
SPI1TCZIF 	EQU 	6
SPI1TWIDTH 	EQU 	136
SPI1TWIDTH_TWIDTH0 	EQU 	0
SPI1TWIDTH_TWIDTH1 	EQU 	1
SPI1TWIDTH_TWIDTH2 	EQU 	2
SPI1TXB 	EQU 	129
SPI1TXBE 	EQU 	5
SPI1TXIE 	EQU 	5
SPI1TXIF 	EQU 	5
SPI1TXIP 	EQU 	5
SPI1TXR 	EQU 	1
SPI1TXUIE 	EQU 	1
SPI1TXUIF 	EQU 	1
SPI1TXWE 	EQU 	7
SPICLOCKMODE 	EQU 	1407
SPICURRENTMODE 	EQU 	1408
SPIMODE358 	EQU 	13900
SPIRXDATA 	EQU 	1409
SPITXDATA 	EQU 	1410
SPTR0 	EQU 	0
SPTR1 	EQU 	1
SPTR10 	EQU 	2
SPTR11 	EQU 	3
SPTR12 	EQU 	4
SPTR13 	EQU 	5
SPTR14 	EQU 	6
SPTR15 	EQU 	7
SPTR16 	EQU 	0
SPTR17 	EQU 	1
SPTR18 	EQU 	2
SPTR19 	EQU 	3
SPTR2 	EQU 	2
SPTR20 	EQU 	4
SPTR21 	EQU 	5
SPTR3 	EQU 	3
SPTR4 	EQU 	4
SPTR5 	EQU 	5
SPTR6 	EQU 	6
SPTR7 	EQU 	7
SPTR8 	EQU 	0
SPTR9 	EQU 	1
SRC0 	EQU 	0
SRC1 	EQU 	1
SRC2 	EQU 	2
SRC3 	EQU 	3
SRC4 	EQU 	4
SRMTIE 	EQU 	7
SRMTIF 	EQU 	7
SSA0 	EQU 	0
SSA1 	EQU 	1
SSA10 	EQU 	2
SSA11 	EQU 	3
SSA12 	EQU 	4
SSA13 	EQU 	5
SSA14 	EQU 	6
SSA15 	EQU 	7
SSA16 	EQU 	0
SSA17 	EQU 	1
SSA18 	EQU 	2
SSA19 	EQU 	3
SSA2 	EQU 	2
SSA20 	EQU 	4
SSA21 	EQU 	5
SSA3 	EQU 	3
SSA4 	EQU 	4
SSA5 	EQU 	5
SSA6 	EQU 	6
SSA7 	EQU 	7
SSA8 	EQU 	0
SSA9 	EQU 	1
SSET 	EQU 	2
SSFLT 	EQU 	6
SSP 	EQU 	2
SSTP 	EQU 	0
SSZ0 	EQU 	0
SSZ1 	EQU 	1
SSZ10 	EQU 	2
SSZ11 	EQU 	3
SSZ2 	EQU 	2
SSZ3 	EQU 	3
SSZ4 	EQU 	4
SSZ5 	EQU 	5
SSZ6 	EQU 	6
SSZ7 	EQU 	7
SSZ8 	EQU 	0
SSZ9 	EQU 	1
START0 	EQU 	4
START1 	EQU 	5
STAT0_ADSTAT 	EQU 	0
STAT0_INTCON1 	EQU 	6
STAT1_ADSTAT 	EQU 	1
STAT1_INTCON1 	EQU 	7
STAT2 	EQU 	2
STATE 	EQU 	2
STATUS 	EQU 	1240
STATUS_CSHAD 	EQU 	883
STATUS_CSHAD_C 	EQU 	0
STATUS_CSHAD_DC 	EQU 	1
STATUS_CSHAD_N 	EQU 	4
STATUS_CSHAD_NOT_PD 	EQU 	5
STATUS_CSHAD_NOT_TO 	EQU 	6
STATUS_CSHAD_NPD 	EQU 	5
STATUS_CSHAD_NTO 	EQU 	6
STATUS_CSHAD_PD 	EQU 	5
STATUS_CSHAD_TO 	EQU 	6
STATUS_CSHAD_Z 	EQU 	2
STATUS_SHAD 	EQU 	887
STATUS_SHAD_C 	EQU 	0
STATUS_SHAD_DC 	EQU 	1
STATUS_SHAD_N 	EQU 	4
STATUS_SHAD_NOT_PD 	EQU 	5
STATUS_SHAD_NOT_TO 	EQU 	6
STATUS_SHAD_NPD 	EQU 	5
STATUS_SHAD_NTO 	EQU 	6
STATUS_SHAD_PD 	EQU 	5
STATUS_SHAD_TO 	EQU 	6
STATUS_SHAD_Z 	EQU 	2
STKOVF 	EQU 	7
STKPTR 	EQU 	1276
STKPTR0 	EQU 	0
STKPTR1 	EQU 	1
STKPTR2 	EQU 	2
STKPTR3 	EQU 	3
STKPTR4 	EQU 	4
STKPTR5 	EQU 	5
STKPTR6 	EQU 	6
STKPTR_STKPTR0 	EQU 	0
STKPTR_STKPTR1 	EQU 	1
STKPTR_STKPTR2 	EQU 	2
STKPTR_STKPTR3 	EQU 	3
STKPTR_STKPTR4 	EQU 	4
STKPTR_STKPTR5 	EQU 	5
STKPTR_STKPTR6 	EQU 	6
STKUNF 	EQU 	6
STOP0 	EQU 	0
STOP1 	EQU 	1
STP0 	EQU 	4
STP1 	EQU 	5
STPMD 	EQU 	6
STPT0 	EQU 	0
STPT1 	EQU 	1
STPT10 	EQU 	2
STPT11 	EQU 	3
STPT12 	EQU 	4
STPT13 	EQU 	5
STPT15 	EQU 	6
STPT16 	EQU 	7
STPT2 	EQU 	2
STPT3 	EQU 	3
STPT4 	EQU 	4
STPT5 	EQU 	5
STPT6 	EQU 	6
STPT7 	EQU 	7
STPT8 	EQU 	0
STPT9 	EQU 	1
STR 	EQU 	5284
STRA 	EQU 	0
STRB 	EQU 	1
STRC 	EQU 	2
STRD 	EQU 	3
STRINGLOCX 	EQU 	1411
STRINGLOCX_H 	EQU 	1412
STRINGPOINTER 	EQU 	1413
STRINGTABLE1 	EQU 	15260
STRINGTABLE10 	EQU 	15352
STRINGTABLE107 	EQU 	15424
STRINGTABLE11 	EQU 	15358
STRINGTABLE12 	EQU 	15374
STRINGTABLE13 	EQU 	15384
STRINGTABLE15 	EQU 	15392
STRINGTABLE16 	EQU 	15398
STRINGTABLE17 	EQU 	15404
STRINGTABLE18 	EQU 	15410
STRINGTABLE19 	EQU 	15414
STRINGTABLE2 	EQU 	15278
STRINGTABLE3 	EQU 	15288
STRINGTABLE4 	EQU 	15298
STRINGTABLE5 	EQU 	15302
STRINGTABLE6 	EQU 	15308
STRINGTABLE65 	EQU 	15422
STRINGTABLE7 	EQU 	15316
STRINGTABLE8 	EQU 	15328
STRINGTABLE9 	EQU 	15340
SWDTEN 	EQU 	0
SWIE 	EQU 	0
SWIF 	EQU 	0
SWIP 	EQU 	0
SYNC 	EQU 	0
SYSARRAYTEMP1 	EQU 	1414
SYSARRAYTEMP2 	EQU 	1415
SYSBYTETEMPA 	EQU 	1285
SYSBYTETEMPB 	EQU 	1289
SYSBYTETEMPX 	EQU 	1280
SYSCALCTEMPA 	EQU 	1285
SYSCALCTEMPA_E 	EQU 	1288
SYSCALCTEMPA_H 	EQU 	1286
SYSCALCTEMPA_U 	EQU 	1287
SYSCALCTEMPX 	EQU 	1280
SYSCALCTEMPX_H 	EQU 	1281
SYSCHARCOUNT 	EQU 	1416
SYSCHARSHANDLER 	EQU 	1417
SYSCHARSHANDLER_H 	EQU 	1418
SYSCMD 	EQU 	7
SYSCOMPEQUAL16 	EQU 	14396
SYSCOMPEQUAL32 	EQU 	14414
SYSCOMPLESSTHAN 	EQU 	14444
SYSCOMPLESSTHAN16 	EQU 	14454
SYSCOMPLESSTHAN32 	EQU 	14482
SYSCOMPLESSTHANINT 	EQU 	14526
SYSDIV16START 	EQU 	14696
SYSDIV32START 	EQU 	14840
SYSDIV8START 	EQU 	14620
SYSDIVLOOP 	EQU 	1284
SYSDIVMULTA 	EQU 	1287
SYSDIVMULTA_H 	EQU 	1288
SYSDIVMULTB 	EQU 	1291
SYSDIVMULTB_H 	EQU 	1292
SYSDIVMULTX 	EQU 	1282
SYSDIVMULTX_H 	EQU 	1283
SYSDIVSUB 	EQU 	14608
SYSDIVSUB16 	EQU 	14648
SYSDIVSUB32 	EQU 	14752
SYSDIVSUBINT 	EQU 	14940
SYSDOLOOP_E1 	EQU 	12186
SYSDOLOOP_E2 	EQU 	13898
SYSDOLOOP_E3 	EQU 	9026
SYSDOLOOP_E4 	EQU 	5020
SYSDOLOOP_E5 	EQU 	6804
SYSDOLOOP_E6 	EQU 	15820
SYSDOLOOP_E7 	EQU 	15992
SYSDOLOOP_S1 	EQU 	11746
SYSDOLOOP_S2 	EQU 	13464
SYSDOLOOP_S3 	EQU 	8924
SYSDOLOOP_S4 	EQU 	4548
SYSDOLOOP_S5 	EQU 	6510
SYSDOLOOP_S6 	EQU 	15692
SYSDOLOOP_S7 	EQU 	15864
SYSFORLOOP1 	EQU 	8818
SYSFORLOOP10 	EQU 	8452
SYSFORLOOP11 	EQU 	8466
SYSFORLOOP12 	EQU 	8484
SYSFORLOOP13 	EQU 	4088
SYSFORLOOP14 	EQU 	5066
SYSFORLOOP15 	EQU 	5886
SYSFORLOOP2 	EQU 	9048
SYSFORLOOP3 	EQU 	4284
SYSFORLOOP4 	EQU 	4410
SYSFORLOOP5 	EQU 	10110
SYSFORLOOP6 	EQU 	10186
SYSFORLOOP7 	EQU 	10260
SYSFORLOOP8 	EQU 	8698
SYSFORLOOP9 	EQU 	8348
SYSFORLOOPEND1 	EQU 	8908
SYSFORLOOPEND10 	EQU 	8650
SYSFORLOOPEND11 	EQU 	8632
SYSFORLOOPEND12 	EQU 	8624
SYSFORLOOPEND13 	EQU 	4144
SYSFORLOOPEND14 	EQU 	5990
SYSFORLOOPEND15 	EQU 	5982
SYSFORLOOPEND2 	EQU 	9138
SYSFORLOOPEND3 	EQU 	4370
SYSFORLOOPEND4 	EQU 	4496
SYSFORLOOPEND5 	EQU 	10156
SYSFORLOOPEND6 	EQU 	10234
SYSFORLOOPEND7 	EQU 	10314
SYSFORLOOPEND8 	EQU 	8778
SYSFORLOOPEND9 	EQU 	8666
SYSINTEGERTEMPA 	EQU 	1285
SYSINTEGERTEMPA_H 	EQU 	1286
SYSINTEGERTEMPB 	EQU 	1289
SYSINTEGERTEMPB_H 	EQU 	1290
SYSINTEGERTEMPX 	EQU 	1280
SYSINTEGERTEMPX_H 	EQU 	1281
SYSLCDPRINTDATAHANDLER 	EQU 	1419
SYSLCDPRINTDATAHANDLER_H 	EQU 	1420
SYSLONGDIVMULTA 	EQU 	1421
SYSLONGDIVMULTA_E 	EQU 	1424
SYSLONGDIVMULTA_H 	EQU 	1422
SYSLONGDIVMULTA_U 	EQU 	1423
SYSLONGDIVMULTB 	EQU 	1425
SYSLONGDIVMULTB_E 	EQU 	1428
SYSLONGDIVMULTB_H 	EQU 	1426
SYSLONGDIVMULTB_U 	EQU 	1427
SYSLONGDIVMULTX 	EQU 	1429
SYSLONGDIVMULTX_E 	EQU 	1432
SYSLONGDIVMULTX_H 	EQU 	1430
SYSLONGDIVMULTX_U 	EQU 	1431
SYSLONGTEMPA 	EQU 	1285
SYSLONGTEMPA_E 	EQU 	1288
SYSLONGTEMPA_H 	EQU 	1286
SYSLONGTEMPA_U 	EQU 	1287
SYSLONGTEMPB 	EQU 	1289
SYSLONGTEMPB_E 	EQU 	1292
SYSLONGTEMPB_H 	EQU 	1290
SYSLONGTEMPB_U 	EQU 	1291
SYSLONGTEMPX 	EQU 	1280
SYSLONGTEMPX_E 	EQU 	1283
SYSLONGTEMPX_H 	EQU 	1281
SYSLONGTEMPX_U 	EQU 	1282
SYSMULTSUB16 	EQU 	15002
SYSMULTSUB32 	EQU 	15036
SYSMULTSUBINT 	EQU 	15170
SYSPAD_0 	EQU 	5335
SYSPRINTBUFFER 	EQU 	5290
SYSPRINTBUFFLEN 	EQU 	1433
SYSPRINTDATAHANDLER 	EQU 	1434
SYSPRINTDATAHANDLER_H 	EQU 	1435
SYSPRINTTEMP 	EQU 	1436
SYSREADSTRING 	EQU 	15222
SYSREADSTRINGPART 	EQU 	15234
SYSREPEATLOOP1 	EQU 	78
SYSREPEATLOOP2 	EQU 	8240
SYSREPEATLOOP3 	EQU 	8246
SYSREPEATLOOP4 	EQU 	6354
SYSREPEATLOOPEND1 	EQU 	456
SYSREPEATLOOPEND2 	EQU 	8278
SYSREPEATLOOPEND3 	EQU 	8274
SYSREPEATLOOPEND4 	EQU 	6386
SYSREPEATTEMP1 	EQU 	1437
SYSREPEATTEMP2 	EQU 	1438
SYSREPEATTEMP3 	EQU 	1439
SYSREPEATTEMP3_H 	EQU 	1440
SYSREPEATTEMP4 	EQU 	1441
SYSREPEATTEMP4_E 	EQU 	1444
SYSREPEATTEMP4_H 	EQU 	1442
SYSREPEATTEMP4_U 	EQU 	1443
SYSSELECT1CASE1 	EQU 	488
SYSSELECT1CASE2 	EQU 	502
SYSSELECT1CASE3 	EQU 	518
SYSSELECT2CASE1 	EQU 	8350
SYSSELECT2CASE2 	EQU 	8368
SYSSELECT2CASE3 	EQU 	8388
SYSSELECT2CASE4 	EQU 	8408
SYSSELECT2CASE5 	EQU 	8428
SYSSELECT3CASE1 	EQU 	9156
SYSSELECT3CASE2 	EQU 	9186
SYSSELECT3CASE3 	EQU 	9214
SYSSELECT3CASE4 	EQU 	9244
SYSSELECT3CASE5 	EQU 	9274
SYSSELECT4CASE1 	EQU 	13942
SYSSELECT4CASE2 	EQU 	13960
SYSSELECT4CASE3 	EQU 	13978
SYSSELECT4CASE4 	EQU 	13996
SYSSELECT4CASE5 	EQU 	14014
SYSSELECT4CASE6 	EQU 	14026
SYSSELECTEND1 	EQU 	750
SYSSELECTEND2 	EQU 	8446
SYSSELECTEND3 	EQU 	9294
SYSSELECTEND4 	EQU 	14036
SYSSIGNBYTE 	EQU 	1293
SYSSTRDATA 	EQU 	1445
SYSSTRINGA 	EQU 	1287
SYSSTRINGA_H 	EQU 	1288
SYSSTRINGLENGTH 	EQU 	1286
SYSSTRINGPARAM1 	EQU 	5318
SYSSTRINGPARAM2 	EQU 	5301
SYSSTRINGREAD 	EQU 	15248
SYSSTRINGREADCHECK 	EQU 	15242
SYSSTRINGTABLES 	EQU 	15260
SYSSTRINGTEMP 	EQU 	1446
SYSSTRLEN 	EQU 	1447
SYSSTR_0 	EQU 	5284
SYSSYSINSTRING3HANDLER 	EQU 	1448
SYSSYSINSTRING3HANDLER_H 	EQU 	1449
SYSSYSINSTRINGHANDLER 	EQU 	1450
SYSSYSINSTRINGHANDLER_H 	EQU 	1451
SYSTEMP1 	EQU 	1452
SYSTEMP1_E 	EQU 	1455
SYSTEMP1_H 	EQU 	1453
SYSTEMP1_U 	EQU 	1454
SYSTEMP2 	EQU 	1456
SYSTEMP2_H 	EQU 	1457
SYSTEMP3 	EQU 	1458
SYSTEMP3_H 	EQU 	1459
SYSVALHUNDREDS 	EQU 	14228
SYSVALTEMP 	EQU 	1460
SYSVALTEMP_H 	EQU 	1461
SYSVALTENS 	EQU 	14304
SYSVALTHOUSANDS 	EQU 	14150
SYSWAITLOOP1 	EQU 	9304
SYSWAITLOOP2 	EQU 	6046
SYSWAITTEMPMS 	EQU 	1282
SYSWAITTEMPMS_H 	EQU 	1283
SYSWAITTEMPS 	EQU 	1284
SYSWAITTEMPUS 	EQU 	1285
SYSWAITTEMPUS_H 	EQU 	1286
SYSWORDTEMPA 	EQU 	1285
SYSWORDTEMPA_H 	EQU 	1286
SYSWORDTEMPB 	EQU 	1289
SYSWORDTEMPB_H 	EQU 	1290
SYSWORDTEMPX 	EQU 	1280
SYSWORDTEMPX_H 	EQU 	1281
T016BIT 	EQU 	4
T0ASYNC 	EQU 	4
T0CKIPPS 	EQU 	577
T0CKIPPS0 	EQU 	0
T0CKIPPS1 	EQU 	1
T0CKIPPS2 	EQU 	2
T0CKIPPS3 	EQU 	3
T0CKIPPS4 	EQU 	4
T0CKIPPS5 	EQU 	5
T0CKIPPS6 	EQU 	6
T0CKIPPS7 	EQU 	7
T0CKIPPS_PIN0 	EQU 	0
T0CKIPPS_PIN1 	EQU 	1
T0CKIPPS_PIN2 	EQU 	2
T0CKIPPS_PORT0 	EQU 	3
T0CKIPPS_PORT1 	EQU 	4
T0CKIPPS_PORT2 	EQU 	5
T0CKIPPS_PORT3 	EQU 	6
T0CKIPPS_PORT4 	EQU 	7
T0CKPS0 	EQU 	0
T0CKPS1 	EQU 	1
T0CKPS2 	EQU 	2
T0CKPS3 	EQU 	3
T0CON0 	EQU 	794
T0CON0_EN 	EQU 	7
T0CON0_OUTPS0 	EQU 	0
T0CON0_OUTPS1 	EQU 	1
T0CON0_OUTPS2 	EQU 	2
T0CON0_OUTPS3 	EQU 	3
T0CON0_T0OUTPS0 	EQU 	0
T0CON0_T0OUTPS1 	EQU 	1
T0CON0_T0OUTPS2 	EQU 	2
T0CON0_T0OUTPS3 	EQU 	3
T0CON1 	EQU 	795
T0CON1_CKPS0_T0CON1 	EQU 	0
T0CON1_CKPS1_T0CON1 	EQU 	1
T0CON1_CKPS2_T0CON1 	EQU 	2
T0CON1_CKPS3 	EQU 	3
T0CON1_CS0_T0CON1 	EQU 	5
T0CON1_CS1_T0CON1 	EQU 	6
T0CON1_CS2_T0CON1 	EQU 	7
T0CON1_T0CKPS0 	EQU 	0
T0CON1_T0CKPS1 	EQU 	1
T0CON1_T0CKPS2 	EQU 	2
T0CON1_T0CKPS3 	EQU 	3
T0CON1_T0CS0 	EQU 	5
T0CON1_T0CS1 	EQU 	6
T0CON1_T0CS2 	EQU 	7
T0CS0 	EQU 	5
T0CS1 	EQU 	6
T0CS2 	EQU 	7
T0EN 	EQU 	7
T0MD16 	EQU 	4
T0OUT 	EQU 	5
T0OUTPS0 	EQU 	0
T0OUTPS1 	EQU 	1
T0OUTPS2 	EQU 	2
T0OUTPS3 	EQU 	3
T0PR0 	EQU 	0
T0PR1 	EQU 	1
T0PR2 	EQU 	2
T0PR3 	EQU 	3
T0PR4 	EQU 	4
T0PR5 	EQU 	5
T0PR6 	EQU 	6
T0PR7 	EQU 	7
T1CKIPPS 	EQU 	578
T1CKIPPS0 	EQU 	0
T1CKIPPS1 	EQU 	1
T1CKIPPS2 	EQU 	2
T1CKIPPS3 	EQU 	3
T1CKIPPS4 	EQU 	4
T1CKIPPS5 	EQU 	5
T1CKIPPS6 	EQU 	6
T1CKIPPS7 	EQU 	7
T1CKIPPS_PIN0 	EQU 	0
T1CKIPPS_PIN1 	EQU 	1
T1CKIPPS_PIN2 	EQU 	2
T1CKIPPS_PORT0 	EQU 	3
T1CKIPPS_PORT1 	EQU 	4
T1CKIPPS_PORT2 	EQU 	5
T1CKIPPS_PORT3 	EQU 	6
T1CKIPPS_PORT4 	EQU 	7
T1CKPS0 	EQU 	4
T1CKPS1 	EQU 	5
T1CLK 	EQU 	791
T1CON 	EQU 	788
T1CON_CKPS0_T1CON 	EQU 	4
T1CON_CKPS1_T1CON 	EQU 	5
T1CS0 	EQU 	0
T1CS1 	EQU 	1
T1CS2 	EQU 	2
T1CS3 	EQU 	3
T1CS4 	EQU 	4
T1GATE 	EQU 	790
T1GCON 	EQU 	789
T1GE 	EQU 	7
T1GGO 	EQU 	3
T1GGO_NDONE 	EQU 	3
T1GGO_NOT_DONE 	EQU 	3
T1GPOL 	EQU 	6
T1GPPS 	EQU 	579
T1GPPS0 	EQU 	0
T1GPPS1 	EQU 	1
T1GPPS2 	EQU 	2
T1GPPS3 	EQU 	3
T1GPPS4 	EQU 	4
T1GPPS5 	EQU 	5
T1GPPS6 	EQU 	6
T1GPPS7 	EQU 	7
T1GPPS_PIN0 	EQU 	0
T1GPPS_PIN1 	EQU 	1
T1GPPS_PIN2 	EQU 	2
T1GPPS_PORT0 	EQU 	3
T1GPPS_PORT1 	EQU 	4
T1GPPS_PORT2 	EQU 	5
T1GPPS_PORT3 	EQU 	6
T1GPPS_PORT4 	EQU 	7
T1GSPM 	EQU 	4
T1GSS0 	EQU 	0
T1GSS1 	EQU 	1
T1GSS2 	EQU 	2
T1GSS3 	EQU 	3
T1GSS4 	EQU 	4
T1GTM 	EQU 	5
T1GVAL 	EQU 	2
T1RD16 	EQU 	1
T2CKPOL 	EQU 	6
T2CKPS0 	EQU 	4
T2CKPS1 	EQU 	5
T2CKPS2 	EQU 	6
T2CKSYNC 	EQU 	5
T2CLK 	EQU 	801
T2CLKCON 	EQU 	801
T2CLKCON_CS3 	EQU 	3
T2CLKCON_CS4 	EQU 	4
T2CON 	EQU 	799
T2CON_CKPS0_T2CON 	EQU 	4
T2CON_CKPS1_T2CON 	EQU 	5
T2CON_CKPS2_T2CON 	EQU 	6
T2CON_OUTPS0 	EQU 	0
T2CON_OUTPS1 	EQU 	1
T2CON_OUTPS2 	EQU 	2
T2CON_OUTPS3 	EQU 	3
T2CON_T2CKPS0 	EQU 	4
T2CON_T2CKPS1 	EQU 	5
T2CON_T2CKPS2 	EQU 	6
T2CON_T2CON_OUTPS0 	EQU 	0
T2CON_T2CON_OUTPS1 	EQU 	1
T2CON_T2CON_OUTPS2 	EQU 	2
T2CON_T2CON_OUTPS3 	EQU 	3
T2CON_T2OUTPS0 	EQU 	0
T2CON_T2OUTPS1 	EQU 	1
T2CON_T2OUTPS2 	EQU 	2
T2CON_T2OUTPS3 	EQU 	3
T2CS0 	EQU 	0
T2CS1 	EQU 	1
T2CS2 	EQU 	2
T2CS3 	EQU 	3
T2CS4 	EQU 	4
T2HLT 	EQU 	800
T2HLT_MODE0 	EQU 	0
T2HLT_MODE1 	EQU 	1
T2HLT_MODE2 	EQU 	2
T2HLT_MODE3 	EQU 	3
T2HLT_MODE4 	EQU 	4
T2HLT_T2HLT_MODE0 	EQU 	0
T2HLT_T2HLT_MODE1 	EQU 	1
T2HLT_T2HLT_MODE2 	EQU 	2
T2HLT_T2HLT_MODE3 	EQU 	3
T2HLT_T2MODE0 	EQU 	0
T2HLT_T2MODE1 	EQU 	1
T2HLT_T2MODE2 	EQU 	2
T2HLT_T2MODE3 	EQU 	3
T2HLT_T2MODE4 	EQU 	4
T2INPPS 	EQU 	584
T2INPPS0 	EQU 	0
T2INPPS1 	EQU 	1
T2INPPS2 	EQU 	2
T2INPPS3 	EQU 	3
T2INPPS4 	EQU 	4
T2INPPS5 	EQU 	5
T2INPPS6 	EQU 	6
T2INPPS7 	EQU 	7
T2INPPS_PIN0 	EQU 	0
T2INPPS_PIN1 	EQU 	1
T2INPPS_PIN2 	EQU 	2
T2INPPS_PORT0 	EQU 	3
T2INPPS_PORT1 	EQU 	4
T2INPPS_PORT2 	EQU 	5
T2INPPS_PORT3 	EQU 	6
T2INPPS_PORT4 	EQU 	7
T2MODE0 	EQU 	0
T2MODE1 	EQU 	1
T2MODE2 	EQU 	2
T2MODE3 	EQU 	3
T2MODE4 	EQU 	4
T2ON 	EQU 	7
T2OUTPS0 	EQU 	0
T2OUTPS1 	EQU 	1
T2OUTPS2 	EQU 	2
T2OUTPS3 	EQU 	3
T2PR 	EQU 	798
T2PSYNC 	EQU 	7
T2RSEL0 	EQU 	0
T2RSEL1 	EQU 	1
T2RSEL2 	EQU 	2
T2RSEL3 	EQU 	3
T2RSEL4 	EQU 	4
T2RST 	EQU 	802
T2TMR 	EQU 	797
T3CKIPPS 	EQU 	580
T3CKIPPS0 	EQU 	0
T3CKIPPS1 	EQU 	1
T3CKIPPS2 	EQU 	2
T3CKIPPS3 	EQU 	3
T3CKIPPS4 	EQU 	4
T3CKIPPS5 	EQU 	5
T3CKIPPS6 	EQU 	6
T3CKIPPS7 	EQU 	7
T3CKIPPS_PIN0 	EQU 	0
T3CKIPPS_PIN1 	EQU 	1
T3CKIPPS_PIN2 	EQU 	2
T3CKIPPS_PORT0 	EQU 	3
T3CKIPPS_PORT1 	EQU 	4
T3CKIPPS_PORT2 	EQU 	5
T3CKIPPS_PORT3 	EQU 	6
T3CKIPPS_PORT4 	EQU 	7
T3CKPS0 	EQU 	4
T3CKPS1 	EQU 	5
T3CLK 	EQU 	808
T3CLK_CS3 	EQU 	3
T3CLK_CS4 	EQU 	4
T3CON 	EQU 	805
T3CON_CKPS0_T3CON 	EQU 	4
T3CON_CKPS1_T3CON 	EQU 	5
T3CON_NOT_SYNC 	EQU 	2
T3CON_NSYNC 	EQU 	2
T3CON_RD16 	EQU 	1
T3CS0 	EQU 	0
T3CS1 	EQU 	1
T3CS2 	EQU 	2
T3CS3 	EQU 	3
T3CS4 	EQU 	4
T3GATE 	EQU 	807
T3GATE_GSS0 	EQU 	0
T3GATE_GSS1 	EQU 	1
T3GATE_GSS2 	EQU 	2
T3GATE_GSS3 	EQU 	3
T3GATE_GSS4 	EQU 	4
T3GCON 	EQU 	806
T3GCON_GE 	EQU 	7
T3GCON_GGO 	EQU 	3
T3GCON_GGO_NDONE 	EQU 	3
T3GCON_GGO_NOT_DONE 	EQU 	3
T3GCON_GSPM 	EQU 	4
T3GCON_GTM 	EQU 	5
T3GCON_GVAL 	EQU 	2
T3GE 	EQU 	7
T3GGO 	EQU 	3
T3GGO_NDONE 	EQU 	3
T3GGO_NOT_DONE 	EQU 	3
T3GPOL 	EQU 	6
T3GPPS 	EQU 	581
T3GPPS0 	EQU 	0
T3GPPS1 	EQU 	1
T3GPPS2 	EQU 	2
T3GPPS3 	EQU 	3
T3GPPS4 	EQU 	4
T3GPPS5 	EQU 	5
T3GPPS6 	EQU 	6
T3GPPS7 	EQU 	7
T3GPPS_PIN0 	EQU 	0
T3GPPS_PIN1 	EQU 	1
T3GPPS_PIN2 	EQU 	2
T3GPPS_PORT0 	EQU 	3
T3GPPS_PORT1 	EQU 	4
T3GPPS_PORT2 	EQU 	5
T3GPPS_PORT3 	EQU 	6
T3GPPS_PORT4 	EQU 	7
T3GSPM 	EQU 	4
T3GSS0 	EQU 	0
T3GSS1 	EQU 	1
T3GSS2 	EQU 	2
T3GSS3 	EQU 	3
T3GSS4 	EQU 	4
T3GTM 	EQU 	5
T3GVAL 	EQU 	2
T3RD16 	EQU 	1
T4CKPOL 	EQU 	6
T4CKPS0 	EQU 	4
T4CKPS1 	EQU 	5
T4CKPS2 	EQU 	6
T4CKSYNC 	EQU 	5
T4CLK 	EQU 	814
T4CLKCON 	EQU 	814
T4CLKCON_CS3 	EQU 	3
T4CLKCON_CS4 	EQU 	4
T4CON 	EQU 	812
T4CON_CKPS0_T4CON 	EQU 	4
T4CON_CKPS1_T4CON 	EQU 	5
T4CON_CKPS2_T4CON 	EQU 	6
T4CON_OUTPS0 	EQU 	0
T4CON_OUTPS1 	EQU 	1
T4CON_OUTPS2 	EQU 	2
T4CON_OUTPS3 	EQU 	3
T4CON_T4CKPS0 	EQU 	4
T4CON_T4CKPS1 	EQU 	5
T4CON_T4CKPS2 	EQU 	6
T4CON_T4CON_OUTPS0 	EQU 	0
T4CON_T4CON_OUTPS1 	EQU 	1
T4CON_T4CON_OUTPS2 	EQU 	2
T4CON_T4CON_OUTPS3 	EQU 	3
T4CON_T4OUTPS0 	EQU 	0
T4CON_T4OUTPS1 	EQU 	1
T4CON_T4OUTPS2 	EQU 	2
T4CON_T4OUTPS3 	EQU 	3
T4CS0 	EQU 	0
T4CS1 	EQU 	1
T4CS2 	EQU 	2
T4CS3 	EQU 	3
T4CS4 	EQU 	4
T4HLT 	EQU 	813
T4HLT_CKPOL 	EQU 	6
T4HLT_CKSYNC 	EQU 	5
T4HLT_MODE0 	EQU 	0
T4HLT_MODE1 	EQU 	1
T4HLT_MODE2 	EQU 	2
T4HLT_MODE3 	EQU 	3
T4HLT_MODE4 	EQU 	4
T4HLT_PSYNC 	EQU 	7
T4HLT_T4HLT_MODE0 	EQU 	0
T4HLT_T4HLT_MODE1 	EQU 	1
T4HLT_T4HLT_MODE2 	EQU 	2
T4HLT_T4HLT_MODE3 	EQU 	3
T4HLT_T4HLT_MODE4 	EQU 	4
T4HLT_T4MODE0 	EQU 	0
T4HLT_T4MODE1 	EQU 	1
T4HLT_T4MODE2 	EQU 	2
T4HLT_T4MODE3 	EQU 	3
T4HLT_T4MODE4 	EQU 	4
T4INPPS 	EQU 	585
T4INPPS0 	EQU 	0
T4INPPS1 	EQU 	1
T4INPPS2 	EQU 	2
T4INPPS3 	EQU 	3
T4INPPS4 	EQU 	4
T4INPPS5 	EQU 	5
T4INPPS6 	EQU 	6
T4INPPS7 	EQU 	7
T4INPPS_PIN0 	EQU 	0
T4INPPS_PIN1 	EQU 	1
T4INPPS_PIN2 	EQU 	2
T4INPPS_PORT0 	EQU 	3
T4INPPS_PORT1 	EQU 	4
T4INPPS_PORT2 	EQU 	5
T4INPPS_PORT3 	EQU 	6
T4INPPS_PORT4 	EQU 	7
T4MODE0 	EQU 	0
T4MODE1 	EQU 	1
T4MODE2 	EQU 	2
T4MODE3 	EQU 	3
T4MODE4 	EQU 	4
T4ON 	EQU 	7
T4OUTPS0 	EQU 	0
T4OUTPS1 	EQU 	1
T4OUTPS2 	EQU 	2
T4OUTPS3 	EQU 	3
T4PR 	EQU 	811
T4PSYNC 	EQU 	7
T4RSEL0 	EQU 	0
T4RSEL1 	EQU 	1
T4RSEL2 	EQU 	2
T4RSEL3 	EQU 	3
T4RSEL4 	EQU 	4
T4RST 	EQU 	815
T4RST_RSEL0 	EQU 	0
T4RST_RSEL1 	EQU 	1
T4RST_RSEL2 	EQU 	2
T4RST_RSEL3 	EQU 	3
T4RST_RSEL4 	EQU 	4
T4TMR 	EQU 	810
TABLAT 	EQU 	1269
TABLEBIGFONT102_111 	EQU 	790
TABLEBIGFONT112_121 	EQU 	1064
TABLEBIGFONT122_126 	EQU 	1338
TABLEBIGFONT193_202 	EQU 	1482
TABLEBIGFONT203_212 	EQU 	1756
TABLEBIGFONT213_216 	EQU 	2028
TABLEBIGFONT32_41 	EQU 	2158
TABLEBIGFONT42_51 	EQU 	2432
TABLEBIGFONT52_61 	EQU 	2706
TABLEBIGFONT62_71 	EQU 	2982
TABLEBIGFONT72_81 	EQU 	3256
TABLEBIGFONT82_91 	EQU 	3532
TABLEBIGFONT92_101 	EQU 	3806
TABLEGLCDCHARCOL3EXTENDED1 	EQU 	6840
TABLEGLCDCHARCOL4EXTENDED1 	EQU 	7114
TABLEGLCDCHARCOL5EXTENDED1 	EQU 	7388
TABLEGLCDCHARCOL6EXTENDED1 	EQU 	7662
TABLEGLCDCHARCOL7EXTENDED1 	EQU 	7936
TBLPTR 	EQU 	1270
TBLPTR0 	EQU 	0
TBLPTR1 	EQU 	1
TBLPTR10 	EQU 	16
TBLPTR11 	EQU 	17
TBLPTR12 	EQU 	18
TBLPTR13 	EQU 	19
TBLPTR14 	EQU 	20
TBLPTR15 	EQU 	21
TBLPTR16 	EQU 	22
TBLPTR17 	EQU 	23
TBLPTR18 	EQU 	24
TBLPTR19 	EQU 	25
TBLPTR2 	EQU 	2
TBLPTR20 	EQU 	32
TBLPTR3 	EQU 	3
TBLPTR4 	EQU 	4
TBLPTR5 	EQU 	5
TBLPTR6 	EQU 	6
TBLPTR7 	EQU 	7
TBLPTR8 	EQU 	8
TBLPTR9 	EQU 	9
TBLPTRH 	EQU 	1271
TBLPTRL 	EQU 	1270
TBLPTRU 	EQU 	1272
TBLPTRU0 	EQU 	0
TBLPTRU1 	EQU 	1
TBLPTRU2 	EQU 	2
TBLPTRU3 	EQU 	3
TBLPTRU4 	EQU 	4
TBLPTRU5 	EQU 	5
TCNTH0 	EQU 	0
TCNTH1 	EQU 	1
TCNTH2 	EQU 	2
TCZIE 	EQU 	6
TCZIF 	EQU 	6
TH0 	EQU 	0
TH1 	EQU 	1
TMD0 	EQU 	0
TMD1 	EQU 	1
TMD2 	EQU 	2
TMR0 	EQU 	792
TMR0H 	EQU 	793
TMR0H0 	EQU 	0
TMR0H1 	EQU 	1
TMR0H2 	EQU 	2
TMR0H3 	EQU 	3
TMR0H4 	EQU 	4
TMR0H5 	EQU 	5
TMR0H6 	EQU 	6
TMR0H7 	EQU 	7
TMR0IE 	EQU 	3
TMR0IF 	EQU 	3
TMR0IP 	EQU 	3
TMR0L 	EQU 	792
TMR0L0 	EQU 	0
TMR0L1 	EQU 	1
TMR0L2 	EQU 	2
TMR0L3 	EQU 	3
TMR0L4 	EQU 	4
TMR0L5 	EQU 	5
TMR0L6 	EQU 	6
TMR0L7 	EQU 	7
TMR0MD 	EQU 	0
TMR1 	EQU 	786
TMR10 	EQU 	0
TMR11 	EQU 	1
TMR110 	EQU 	2
TMR111 	EQU 	3
TMR112 	EQU 	4
TMR113 	EQU 	5
TMR114 	EQU 	6
TMR115 	EQU 	7
TMR12 	EQU 	2
TMR13 	EQU 	3
TMR14 	EQU 	4
TMR15 	EQU 	5
TMR16 	EQU 	6
TMR17 	EQU 	7
TMR18 	EQU 	0
TMR19 	EQU 	1
TMR1CLK 	EQU 	791
TMR1CON 	EQU 	788
TMR1GATE 	EQU 	790
TMR1GCON 	EQU 	789
TMR1GIE 	EQU 	3
TMR1GIF 	EQU 	3
TMR1GIP 	EQU 	3
TMR1H 	EQU 	787
TMR1H0 	EQU 	0
TMR1H1 	EQU 	1
TMR1H2 	EQU 	2
TMR1H3 	EQU 	3
TMR1H4 	EQU 	4
TMR1H5 	EQU 	5
TMR1H6 	EQU 	6
TMR1H7 	EQU 	7
TMR1IE 	EQU 	2
TMR1IF 	EQU 	2
TMR1IP 	EQU 	2
TMR1L 	EQU 	786
TMR1L0 	EQU 	0
TMR1L1 	EQU 	1
TMR1L2 	EQU 	2
TMR1L3 	EQU 	3
TMR1L4 	EQU 	4
TMR1L5 	EQU 	5
TMR1L6 	EQU 	6
TMR1L7 	EQU 	7
TMR1MD 	EQU 	1
TMR1ON 	EQU 	0
TMR2 	EQU 	797
TMR2IE 	EQU 	6
TMR2IF 	EQU 	6
TMR2IP 	EQU 	6
TMR2MD 	EQU 	2
TMR2ON 	EQU 	7
TMR3 	EQU 	803
TMR30 	EQU 	0
TMR31 	EQU 	1
TMR310 	EQU 	2
TMR311 	EQU 	3
TMR312 	EQU 	4
TMR313 	EQU 	5
TMR314 	EQU 	6
TMR315 	EQU 	7
TMR32 	EQU 	2
TMR33 	EQU 	3
TMR34 	EQU 	4
TMR35 	EQU 	5
TMR36 	EQU 	6
TMR37 	EQU 	7
TMR38 	EQU 	0
TMR39 	EQU 	1
TMR3CLK 	EQU 	808
TMR3CON 	EQU 	805
TMR3GATE 	EQU 	807
TMR3GCON 	EQU 	806
TMR3GIE 	EQU 	5
TMR3GIF 	EQU 	5
TMR3GIP 	EQU 	5
TMR3H 	EQU 	804
TMR3H0 	EQU 	0
TMR3H1 	EQU 	1
TMR3H2 	EQU 	2
TMR3H3 	EQU 	3
TMR3H4 	EQU 	4
TMR3H5 	EQU 	5
TMR3H6 	EQU 	6
TMR3H7 	EQU 	7
TMR3IE 	EQU 	4
TMR3IF 	EQU 	4
TMR3IP 	EQU 	4
TMR3L 	EQU 	803
TMR3L0 	EQU 	0
TMR3L1 	EQU 	1
TMR3L2 	EQU 	2
TMR3L3 	EQU 	3
TMR3L4 	EQU 	4
TMR3L5 	EQU 	5
TMR3L6 	EQU 	6
TMR3L7 	EQU 	7
TMR3ON 	EQU 	0
TMR4 	EQU 	810
TMR4IE 	EQU 	7
TMR4IF 	EQU 	7
TMR4IP 	EQU 	7
TMR4MD 	EQU 	4
TMR4ON 	EQU 	7
TMRAOSEN 	EQU 	6
TMRBOSEN 	EQU 	6
TMRH0 	EQU 	0
TMRH1 	EQU 	1
TMRH2 	EQU 	2
TMRH3 	EQU 	3
TMRH4 	EQU 	4
TMRH5 	EQU 	5
TMRH6 	EQU 	6
TMRH7 	EQU 	7
TMRL0 	EQU 	0
TMRL1 	EQU 	1
TMRL2 	EQU 	2
TMRL3 	EQU 	3
TMRL4 	EQU 	4
TMRL5 	EQU 	5
TMRL6 	EQU 	6
TMRL7 	EQU 	7
TMRT0 	EQU 	0
TMRT1 	EQU 	1
TMRT2 	EQU 	2
TMRT3 	EQU 	3
TMRT4 	EQU 	4
TMRT5 	EQU 	5
TMRT6 	EQU 	6
TMRT7 	EQU 	7
TO 	EQU 	6
TOBY32 	EQU 	6
TOREC 	EQU 	7
TOS 	EQU 	1277
TOS0 	EQU 	0
TOS1 	EQU 	1
TOS10 	EQU 	16
TOS11 	EQU 	17
TOS12 	EQU 	18
TOS13 	EQU 	19
TOS14 	EQU 	20
TOS15 	EQU 	21
TOS16 	EQU 	22
TOS17 	EQU 	23
TOS18 	EQU 	24
TOS19 	EQU 	25
TOS2 	EQU 	2
TOS20 	EQU 	32
TOS3 	EQU 	3
TOS4 	EQU 	4
TOS5 	EQU 	5
TOS6 	EQU 	6
TOS7 	EQU 	7
TOS8 	EQU 	8
TOS9 	EQU 	9
TOSH 	EQU 	1278
TOSL 	EQU 	1277
TOSU 	EQU 	1279
TOTIME0 	EQU 	0
TOTIME1 	EQU 	1
TOTIME2 	EQU 	2
TOTIME3 	EQU 	3
TOTIME4 	EQU 	4
TOTIME5 	EQU 	5
TRIGEN 	EQU 	6
TRISA 	EQU 	328
TRISA0 	EQU 	0
TRISA1 	EQU 	1
TRISA2 	EQU 	2
TRISA3 	EQU 	3
TRISA4 	EQU 	4
TRISA5 	EQU 	5
TRISA6 	EQU 	6
TRISA7 	EQU 	7
TRISB 	EQU 	329
TRISB0 	EQU 	0
TRISB1 	EQU 	1
TRISB2 	EQU 	2
TRISB3 	EQU 	3
TRISB4 	EQU 	4
TRISB5 	EQU 	5
TRISB6 	EQU 	6
TRISB7 	EQU 	7
TRISC 	EQU 	330
TRISC0 	EQU 	0
TRISC0PPS 	EQU 	401
TRISC0PPS0 	EQU 	0
TRISC0PPS1 	EQU 	1
TRISC0PPS2 	EQU 	2
TRISC0PPS3 	EQU 	3
TRISC0PPS4 	EQU 	4
TRISC1 	EQU 	1
TRISC1PPS 	EQU 	402
TRISC1PPS0 	EQU 	0
TRISC1PPS1 	EQU 	1
TRISC1PPS2 	EQU 	2
TRISC1PPS3 	EQU 	3
TRISC1PPS4 	EQU 	4
TRISC2 	EQU 	2
TRISC2PPS 	EQU 	403
TRISC2PPS0 	EQU 	0
TRISC2PPS1 	EQU 	1
TRISC2PPS2 	EQU 	2
TRISC2PPS3 	EQU 	3
TRISC2PPS4 	EQU 	4
TRISC3 	EQU 	3
TRISC3PPS 	EQU 	404
TRISC3PPS0 	EQU 	0
TRISC3PPS1 	EQU 	1
TRISC3PPS2 	EQU 	2
TRISC3PPS3 	EQU 	3
TRISC3PPS4 	EQU 	4
TRISC4 	EQU 	4
TRISC4PPS 	EQU 	405
TRISC4PPS0 	EQU 	0
TRISC4PPS1 	EQU 	1
TRISC4PPS2 	EQU 	2
TRISC4PPS3 	EQU 	3
TRISC4PPS4 	EQU 	4
TRISC5 	EQU 	5
TRISC5PPS 	EQU 	406
TRISC5PPS0 	EQU 	0
TRISC5PPS1 	EQU 	1
TRISC5PPS2 	EQU 	2
TRISC5PPS3 	EQU 	3
TRISC5PPS4 	EQU 	4
TRISC6 	EQU 	6
TRISC6PPS 	EQU 	407
TRISC6PPS0 	EQU 	0
TRISC6PPS1 	EQU 	1
TRISC6PPS2 	EQU 	2
TRISC6PPS3 	EQU 	3
TRISC6PPS4 	EQU 	4
TRISC7 	EQU 	7
TRISD 	EQU 	331
TRISD0 	EQU 	0
TRISD1 	EQU 	1
TRISD2 	EQU 	2
TRISD3 	EQU 	3
TRISD4 	EQU 	4
TRISD5 	EQU 	5
TRISD6 	EQU 	6
TRISD7 	EQU 	7
TRISE 	EQU 	332
TRISE0 	EQU 	0
TRISE1 	EQU 	1
TRISE2 	EQU 	2
TSEL0 	EQU 	0
TSEL1 	EQU 	1
TSEL2 	EQU 	2
TSEL3 	EQU 	3
TSEN 	EQU 	5
TSRNG 	EQU 	4
TU16ACAPT 	EQU 	3
TU16ACIE 	EQU 	0
TU16ACIF 	EQU 	0
TU16ACLK 	EQU 	937
TU16ACLK0 	EQU 	0
TU16ACLK1 	EQU 	1
TU16ACLK2 	EQU 	2
TU16ACLK3 	EQU 	3
TU16ACLK4 	EQU 	4
TU16ACLK_CLK0 	EQU 	0
TU16ACLK_CLK1 	EQU 	1
TU16ACLK_CLK2 	EQU 	2
TU16ACLK_CLK3 	EQU 	3
TU16ACLK_CLK4 	EQU 	4
TU16ACLR 	EQU 	5
TU16ACON0 	EQU 	925
TU16ACON1 	EQU 	926
TU16ACPOL 	EQU 	6
TU16ACR 	EQU 	929
TU16ACR0 	EQU 	0
TU16ACR1 	EQU 	1
TU16ACR10 	EQU 	2
TU16ACR11 	EQU 	3
TU16ACR12 	EQU 	4
TU16ACR13 	EQU 	5
TU16ACR14 	EQU 	6
TU16ACR15 	EQU 	7
TU16ACR2 	EQU 	2
TU16ACR24 	EQU 	0
TU16ACR25 	EQU 	1
TU16ACR26 	EQU 	2
TU16ACR27 	EQU 	3
TU16ACR28 	EQU 	4
TU16ACR29 	EQU 	5
TU16ACR3 	EQU 	3
TU16ACR30 	EQU 	6
TU16ACR31 	EQU 	7
TU16ACR4 	EQU 	4
TU16ACR5 	EQU 	5
TU16ACR6 	EQU 	6
TU16ACR7 	EQU 	7
TU16ACR8 	EQU 	0
TU16ACR9 	EQU 	1
TU16ACRH 	EQU 	930
TU16ACRH0 	EQU 	0
TU16ACRH1 	EQU 	1
TU16ACRH2 	EQU 	2
TU16ACRH3 	EQU 	3
TU16ACRH4 	EQU 	4
TU16ACRH5 	EQU 	5
TU16ACRH6 	EQU 	6
TU16ACRH7 	EQU 	7
TU16ACRL 	EQU 	929
TU16ACRL0 	EQU 	0
TU16ACRL1 	EQU 	1
TU16ACRL2 	EQU 	2
TU16ACRL3 	EQU 	3
TU16ACRL4 	EQU 	4
TU16ACRL5 	EQU 	5
TU16ACRL6 	EQU 	6
TU16ACRL7 	EQU 	7
TU16ACRT 	EQU 	932
TU16ACRT0 	EQU 	0
TU16ACRT1 	EQU 	1
TU16ACRT2 	EQU 	2
TU16ACRT3 	EQU 	3
TU16ACRT4 	EQU 	4
TU16ACRT5 	EQU 	5
TU16ACRT6 	EQU 	6
TU16ACRT7 	EQU 	7
TU16ACSYNC 	EQU 	6
TU16AEPOL 	EQU 	7
TU16AERS 	EQU 	938
TU16AERS0 	EQU 	0
TU16AERS1 	EQU 	1
TU16AERS2 	EQU 	2
TU16AERS3 	EQU 	3
TU16AERS4 	EQU 	4
TU16AERS5 	EQU 	5
TU16AERS_ERS0 	EQU 	0
TU16AERS_ERS1 	EQU 	1
TU16AERS_ERS2 	EQU 	2
TU16AERS_ERS3 	EQU 	3
TU16AHLT 	EQU 	927
TU16AHLT_RESET0 	EQU 	2
TU16AHLT_RESET1 	EQU 	3
TU16AHLT_START0 	EQU 	4
TU16AHLT_START1 	EQU 	5
TU16AHLT_STOP0 	EQU 	0
TU16AHLT_STOP1 	EQU 	1
TU16AHLT_TU16ARESET0 	EQU 	2
TU16AHLT_TU16ARESET1 	EQU 	3
TU16AHLT_TU16ASTART0 	EQU 	4
TU16AHLT_TU16ASTART1 	EQU 	5
TU16AHLT_TU16ASTOP0 	EQU 	0
TU16AHLT_TU16ASTOP1 	EQU 	1
TU16AIE 	EQU 	0
TU16AIF 	EQU 	0
TU16AIP 	EQU 	0
TU16ALIMIT 	EQU 	4
TU16AMD 	EQU 	1
TU16AOM 	EQU 	5
TU16AON 	EQU 	7
TU16AOPOL 	EQU 	4
TU16APR 	EQU 	933
TU16APR0 	EQU 	0
TU16APR1 	EQU 	1
TU16APR10 	EQU 	2
TU16APR11 	EQU 	3
TU16APR12 	EQU 	4
TU16APR13 	EQU 	5
TU16APR14 	EQU 	6
TU16APR15 	EQU 	7
TU16APR2 	EQU 	2
TU16APR24 	EQU 	0
TU16APR25 	EQU 	1
TU16APR26 	EQU 	2
TU16APR27 	EQU 	3
TU16APR28 	EQU 	4
TU16APR29 	EQU 	5
TU16APR3 	EQU 	3
TU16APR30 	EQU 	6
TU16APR31 	EQU 	7
TU16APR4 	EQU 	4
TU16APR5 	EQU 	5
TU16APR6 	EQU 	6
TU16APR7 	EQU 	7
TU16APR8 	EQU 	0
TU16APR9 	EQU 	1
TU16APRH 	EQU 	934
TU16APRH0 	EQU 	0
TU16APRH1 	EQU 	1
TU16APRH2 	EQU 	2
TU16APRH3 	EQU 	3
TU16APRH4 	EQU 	4
TU16APRH5 	EQU 	5
TU16APRH6 	EQU 	6
TU16APRH7 	EQU 	7
TU16APRIE 	EQU 	2
TU16APRIF 	EQU 	2
TU16APRL 	EQU 	933
TU16APRL0 	EQU 	0
TU16APRL1 	EQU 	1
TU16APRL2 	EQU 	2
TU16APRL3 	EQU 	3
TU16APRL4 	EQU 	4
TU16APRL5 	EQU 	5
TU16APRL6 	EQU 	6
TU16APRL7 	EQU 	7
TU16APRT 	EQU 	936
TU16APRT0 	EQU 	0
TU16APRT1 	EQU 	1
TU16APRT2 	EQU 	2
TU16APRT3 	EQU 	3
TU16APRT4 	EQU 	4
TU16APRT5 	EQU 	5
TU16APRT6 	EQU 	6
TU16APRT7 	EQU 	7
TU16APS 	EQU 	928
TU16APS0 	EQU 	0
TU16APS1 	EQU 	1
TU16APS2 	EQU 	2
TU16APS3 	EQU 	3
TU16APS4 	EQU 	4
TU16APS5 	EQU 	5
TU16APS6 	EQU 	6
TU16APS7 	EQU 	7
TU16ARDSEL 	EQU 	3
TU16ARESET0 	EQU 	2
TU16ARESET1 	EQU 	3
TU16ARUN 	EQU 	7
TU16ASTART0 	EQU 	4
TU16ASTART1 	EQU 	5
TU16ASTOP0 	EQU 	0
TU16ASTOP1 	EQU 	1
TU16ATMR 	EQU 	929
TU16ATMR0 	EQU 	0
TU16ATMR1 	EQU 	1
TU16ATMR10 	EQU 	2
TU16ATMR11 	EQU 	3
TU16ATMR12 	EQU 	4
TU16ATMR13 	EQU 	5
TU16ATMR14 	EQU 	6
TU16ATMR15 	EQU 	7
TU16ATMR2 	EQU 	2
TU16ATMR24 	EQU 	0
TU16ATMR25 	EQU 	1
TU16ATMR26 	EQU 	2
TU16ATMR27 	EQU 	3
TU16ATMR28 	EQU 	4
TU16ATMR29 	EQU 	5
TU16ATMR3 	EQU 	3
TU16ATMR30 	EQU 	6
TU16ATMR31 	EQU 	7
TU16ATMR4 	EQU 	4
TU16ATMR5 	EQU 	5
TU16ATMR6 	EQU 	6
TU16ATMR7 	EQU 	7
TU16ATMR8 	EQU 	0
TU16ATMR9 	EQU 	1
TU16ATMRH 	EQU 	930
TU16ATMRH0 	EQU 	0
TU16ATMRH1 	EQU 	1
TU16ATMRH2 	EQU 	2
TU16ATMRH3 	EQU 	3
TU16ATMRH4 	EQU 	4
TU16ATMRH5 	EQU 	5
TU16ATMRH6 	EQU 	6
TU16ATMRH7 	EQU 	7
TU16ATMRL 	EQU 	929
TU16ATMRL0 	EQU 	0
TU16ATMRL1 	EQU 	1
TU16ATMRL2 	EQU 	2
TU16ATMRL3 	EQU 	3
TU16ATMRL4 	EQU 	4
TU16ATMRL5 	EQU 	5
TU16ATMRL6 	EQU 	6
TU16ATMRL7 	EQU 	7
TU16ATMRT 	EQU 	932
TU16ATMRT0 	EQU 	0
TU16ATMRT1 	EQU 	1
TU16ATMRT2 	EQU 	2
TU16ATMRT3 	EQU 	3
TU16ATMRT4 	EQU 	4
TU16ATMRT5 	EQU 	5
TU16ATMRT6 	EQU 	6
TU16ATMRT7 	EQU 	7
TU16AZIE 	EQU 	1
TU16AZIF 	EQU 	1
TU16BCAPT 	EQU 	3
TU16BCIE 	EQU 	0
TU16BCIF 	EQU 	0
TU16BCLK 	EQU 	951
TU16BCLK0 	EQU 	0
TU16BCLK1 	EQU 	1
TU16BCLK2 	EQU 	2
TU16BCLK3 	EQU 	3
TU16BCLK4 	EQU 	4
TU16BCLK_CLK0 	EQU 	0
TU16BCLK_CLK1 	EQU 	1
TU16BCLK_CLK2 	EQU 	2
TU16BCLK_CLK3 	EQU 	3
TU16BCLK_CLK4 	EQU 	4
TU16BCLR 	EQU 	5
TU16BCON0 	EQU 	939
TU16BCON0_CIE 	EQU 	0
TU16BCON0_CPOL 	EQU 	6
TU16BCON0_OM 	EQU 	5
TU16BCON0_OPOL 	EQU 	4
TU16BCON0_PRIE 	EQU 	2
TU16BCON0_RDSEL 	EQU 	3
TU16BCON0_ZIE 	EQU 	1
TU16BCON1 	EQU 	940
TU16BCON1_CAPT 	EQU 	3
TU16BCON1_CIF 	EQU 	0
TU16BCON1_CLR 	EQU 	5
TU16BCON1_LIMIT 	EQU 	4
TU16BCON1_OSEN 	EQU 	6
TU16BCON1_PRIF 	EQU 	2
TU16BCON1_RUN 	EQU 	7
TU16BCON1_ZIF 	EQU 	1
TU16BCPOL 	EQU 	6
TU16BCR 	EQU 	943
TU16BCR0 	EQU 	0
TU16BCR1 	EQU 	1
TU16BCR10 	EQU 	2
TU16BCR11 	EQU 	3
TU16BCR12 	EQU 	4
TU16BCR13 	EQU 	5
TU16BCR14 	EQU 	6
TU16BCR15 	EQU 	7
TU16BCR2 	EQU 	2
TU16BCR24 	EQU 	0
TU16BCR25 	EQU 	1
TU16BCR26 	EQU 	2
TU16BCR27 	EQU 	3
TU16BCR28 	EQU 	4
TU16BCR29 	EQU 	5
TU16BCR3 	EQU 	3
TU16BCR30 	EQU 	6
TU16BCR31 	EQU 	7
TU16BCR4 	EQU 	4
TU16BCR5 	EQU 	5
TU16BCR6 	EQU 	6
TU16BCR7 	EQU 	7
TU16BCR8 	EQU 	0
TU16BCR9 	EQU 	1
TU16BCRH 	EQU 	944
TU16BCRH0 	EQU 	0
TU16BCRH1 	EQU 	1
TU16BCRH2 	EQU 	2
TU16BCRH3 	EQU 	3
TU16BCRH4 	EQU 	4
TU16BCRH5 	EQU 	5
TU16BCRH6 	EQU 	6
TU16BCRH7 	EQU 	7
TU16BCRL 	EQU 	943
TU16BCRL0 	EQU 	0
TU16BCRL1 	EQU 	1
TU16BCRL2 	EQU 	2
TU16BCRL3 	EQU 	3
TU16BCRL4 	EQU 	4
TU16BCRL5 	EQU 	5
TU16BCRL6 	EQU 	6
TU16BCRL7 	EQU 	7
TU16BCRT 	EQU 	946
TU16BCRT0 	EQU 	0
TU16BCRT1 	EQU 	1
TU16BCRT2 	EQU 	2
TU16BCRT3 	EQU 	3
TU16BCRT4 	EQU 	4
TU16BCRT5 	EQU 	5
TU16BCRT6 	EQU 	6
TU16BCRT7 	EQU 	7
TU16BCSYNC 	EQU 	6
TU16BEPOL 	EQU 	7
TU16BERS 	EQU 	952
TU16BERS0 	EQU 	0
TU16BERS1 	EQU 	1
TU16BERS2 	EQU 	2
TU16BERS3 	EQU 	3
TU16BERS4 	EQU 	4
TU16BERS5 	EQU 	5
TU16BERS_ERS0 	EQU 	0
TU16BERS_ERS1 	EQU 	1
TU16BERS_ERS2 	EQU 	2
TU16BERS_ERS3 	EQU 	3
TU16BERS_ERS4 	EQU 	4
TU16BERS_ERS5 	EQU 	5
TU16BHLT 	EQU 	941
TU16BHLT_CSYNC 	EQU 	6
TU16BHLT_EPOL 	EQU 	7
TU16BHLT_RESET0 	EQU 	2
TU16BHLT_RESET1 	EQU 	3
TU16BHLT_START0 	EQU 	4
TU16BHLT_START1 	EQU 	5
TU16BHLT_STOP0 	EQU 	0
TU16BHLT_STOP1 	EQU 	1
TU16BHLT_TU16BHLT_RESET0 	EQU 	2
TU16BHLT_TU16BHLT_RESET1 	EQU 	3
TU16BHLT_TU16BHLT_START0 	EQU 	4
TU16BHLT_TU16BHLT_START1 	EQU 	5
TU16BHLT_TU16BHLT_STOP0 	EQU 	0
TU16BHLT_TU16BHLT_STOP1 	EQU 	1
TU16BHLT_TU16BRESET0 	EQU 	2
TU16BHLT_TU16BRESET1 	EQU 	3
TU16BHLT_TU16BSTART0 	EQU 	4
TU16BHLT_TU16BSTART1 	EQU 	5
TU16BHLT_TU16BSTOP0 	EQU 	0
TU16BHLT_TU16BSTOP1 	EQU 	1
TU16BIE 	EQU 	1
TU16BIF 	EQU 	1
TU16BIP 	EQU 	1
TU16BLIMIT 	EQU 	4
TU16BMD 	EQU 	2
TU16BOM 	EQU 	5
TU16BON 	EQU 	7
TU16BOPOL 	EQU 	4
TU16BPR 	EQU 	947
TU16BPR0 	EQU 	0
TU16BPR1 	EQU 	1
TU16BPR10 	EQU 	2
TU16BPR11 	EQU 	3
TU16BPR12 	EQU 	4
TU16BPR13 	EQU 	5
TU16BPR14 	EQU 	6
TU16BPR15 	EQU 	7
TU16BPR2 	EQU 	2
TU16BPR24 	EQU 	0
TU16BPR25 	EQU 	1
TU16BPR26 	EQU 	2
TU16BPR27 	EQU 	3
TU16BPR28 	EQU 	4
TU16BPR29 	EQU 	5
TU16BPR3 	EQU 	3
TU16BPR30 	EQU 	6
TU16BPR31 	EQU 	7
TU16BPR4 	EQU 	4
TU16BPR5 	EQU 	5
TU16BPR6 	EQU 	6
TU16BPR7 	EQU 	7
TU16BPR8 	EQU 	0
TU16BPR9 	EQU 	1
TU16BPRH 	EQU 	948
TU16BPRH0 	EQU 	0
TU16BPRH1 	EQU 	1
TU16BPRH2 	EQU 	2
TU16BPRH3 	EQU 	3
TU16BPRH4 	EQU 	4
TU16BPRH5 	EQU 	5
TU16BPRH6 	EQU 	6
TU16BPRH7 	EQU 	7
TU16BPRH_PRH0 	EQU 	0
TU16BPRH_PRH1 	EQU 	1
TU16BPRH_PRH2 	EQU 	2
TU16BPRH_PRH3 	EQU 	3
TU16BPRH_PRH4 	EQU 	4
TU16BPRH_PRH5 	EQU 	5
TU16BPRH_PRH6 	EQU 	6
TU16BPRH_PRH7 	EQU 	7
TU16BPRIE 	EQU 	2
TU16BPRIF 	EQU 	2
TU16BPRL 	EQU 	947
TU16BPRL0 	EQU 	0
TU16BPRL1 	EQU 	1
TU16BPRL2 	EQU 	2
TU16BPRL3 	EQU 	3
TU16BPRL4 	EQU 	4
TU16BPRL5 	EQU 	5
TU16BPRL6 	EQU 	6
TU16BPRL7 	EQU 	7
TU16BPRT 	EQU 	950
TU16BPRT0 	EQU 	0
TU16BPRT1 	EQU 	1
TU16BPRT2 	EQU 	2
TU16BPRT3 	EQU 	3
TU16BPRT4 	EQU 	4
TU16BPRT5 	EQU 	5
TU16BPRT6 	EQU 	6
TU16BPRT7 	EQU 	7
TU16BPRT_PRT0 	EQU 	0
TU16BPRT_PRT1 	EQU 	1
TU16BPRT_PRT2 	EQU 	2
TU16BPRT_PRT3 	EQU 	3
TU16BPRT_PRT4 	EQU 	4
TU16BPRT_PRT5 	EQU 	5
TU16BPRT_PRT6 	EQU 	6
TU16BPRT_PRT7 	EQU 	7
TU16BPR_PRL0 	EQU 	0
TU16BPR_PRL1 	EQU 	1
TU16BPR_PRL2 	EQU 	2
TU16BPR_PRL3 	EQU 	3
TU16BPR_PRL4 	EQU 	4
TU16BPR_PRL5 	EQU 	5
TU16BPR_PRL6 	EQU 	6
TU16BPR_PRL7 	EQU 	7
TU16BPS 	EQU 	942
TU16BPS0 	EQU 	0
TU16BPS1 	EQU 	1
TU16BPS2 	EQU 	2
TU16BPS3 	EQU 	3
TU16BPS4 	EQU 	4
TU16BPS5 	EQU 	5
TU16BPS6 	EQU 	6
TU16BPS7 	EQU 	7
TU16BPS_PS0 	EQU 	0
TU16BPS_PS1 	EQU 	1
TU16BPS_PS2 	EQU 	2
TU16BPS_PS3 	EQU 	3
TU16BPS_PS4 	EQU 	4
TU16BPS_PS5 	EQU 	5
TU16BPS_PS6 	EQU 	6
TU16BPS_PS7 	EQU 	7
TU16BRDSEL 	EQU 	3
TU16BRESET0 	EQU 	2
TU16BRESET1 	EQU 	3
TU16BRUN 	EQU 	7
TU16BSTART0 	EQU 	4
TU16BSTART1 	EQU 	5
TU16BSTOP0 	EQU 	0
TU16BSTOP1 	EQU 	1
TU16BTMR 	EQU 	943
TU16BTMR0 	EQU 	0
TU16BTMR1 	EQU 	1
TU16BTMR10 	EQU 	2
TU16BTMR11 	EQU 	3
TU16BTMR12 	EQU 	4
TU16BTMR13 	EQU 	5
TU16BTMR14 	EQU 	6
TU16BTMR15 	EQU 	7
TU16BTMR2 	EQU 	2
TU16BTMR24 	EQU 	0
TU16BTMR25 	EQU 	1
TU16BTMR26 	EQU 	2
TU16BTMR27 	EQU 	3
TU16BTMR28 	EQU 	4
TU16BTMR29 	EQU 	5
TU16BTMR3 	EQU 	3
TU16BTMR30 	EQU 	6
TU16BTMR31 	EQU 	7
TU16BTMR4 	EQU 	4
TU16BTMR5 	EQU 	5
TU16BTMR6 	EQU 	6
TU16BTMR7 	EQU 	7
TU16BTMR8 	EQU 	0
TU16BTMR9 	EQU 	1
TU16BTMRH 	EQU 	944
TU16BTMRH0 	EQU 	0
TU16BTMRH1 	EQU 	1
TU16BTMRH2 	EQU 	2
TU16BTMRH3 	EQU 	3
TU16BTMRH4 	EQU 	4
TU16BTMRH5 	EQU 	5
TU16BTMRH6 	EQU 	6
TU16BTMRH7 	EQU 	7
TU16BTMRH_CRH0 	EQU 	0
TU16BTMRH_CRH1 	EQU 	1
TU16BTMRH_CRH2 	EQU 	2
TU16BTMRH_CRH3 	EQU 	3
TU16BTMRH_CRH4 	EQU 	4
TU16BTMRH_CRH5 	EQU 	5
TU16BTMRH_CRH6 	EQU 	6
TU16BTMRH_CRH7 	EQU 	7
TU16BTMRH_TMRH0 	EQU 	0
TU16BTMRH_TMRH1 	EQU 	1
TU16BTMRH_TMRH2 	EQU 	2
TU16BTMRH_TMRH3 	EQU 	3
TU16BTMRH_TMRH4 	EQU 	4
TU16BTMRH_TMRH5 	EQU 	5
TU16BTMRH_TMRH6 	EQU 	6
TU16BTMRH_TMRH7 	EQU 	7
TU16BTMRL 	EQU 	943
TU16BTMRL0 	EQU 	0
TU16BTMRL1 	EQU 	1
TU16BTMRL2 	EQU 	2
TU16BTMRL3 	EQU 	3
TU16BTMRL4 	EQU 	4
TU16BTMRL5 	EQU 	5
TU16BTMRL6 	EQU 	6
TU16BTMRL7 	EQU 	7
TU16BTMRT 	EQU 	946
TU16BTMRT0 	EQU 	0
TU16BTMRT1 	EQU 	1
TU16BTMRT2 	EQU 	2
TU16BTMRT3 	EQU 	3
TU16BTMRT4 	EQU 	4
TU16BTMRT5 	EQU 	5
TU16BTMRT6 	EQU 	6
TU16BTMRT7 	EQU 	7
TU16BTMRT_CRT0 	EQU 	0
TU16BTMRT_CRT1 	EQU 	1
TU16BTMRT_CRT2 	EQU 	2
TU16BTMRT_CRT3 	EQU 	3
TU16BTMRT_CRT4 	EQU 	4
TU16BTMRT_CRT5 	EQU 	5
TU16BTMRT_CRT6 	EQU 	6
TU16BTMRT_CRT7 	EQU 	7
TU16BTMRT_TMRT0 	EQU 	0
TU16BTMRT_TMRT1 	EQU 	1
TU16BTMRT_TMRT2 	EQU 	2
TU16BTMRT_TMRT3 	EQU 	3
TU16BTMRT_TMRT4 	EQU 	4
TU16BTMRT_TMRT5 	EQU 	5
TU16BTMRT_TMRT6 	EQU 	6
TU16BTMRT_TMRT7 	EQU 	7
TU16BTMR_CRL0 	EQU 	0
TU16BTMR_CRL1 	EQU 	1
TU16BTMR_CRL2 	EQU 	2
TU16BTMR_CRL3 	EQU 	3
TU16BTMR_CRL4 	EQU 	4
TU16BTMR_CRL5 	EQU 	5
TU16BTMR_CRL6 	EQU 	6
TU16BTMR_CRL7 	EQU 	7
TU16BTMR_TMRL0 	EQU 	0
TU16BTMR_TMRL1 	EQU 	1
TU16BTMR_TMRL2 	EQU 	2
TU16BTMR_TMRL3 	EQU 	3
TU16BTMR_TMRL4 	EQU 	4
TU16BTMR_TMRL5 	EQU 	5
TU16BTMR_TMRL6 	EQU 	6
TU16BTMR_TMRL7 	EQU 	7
TU16BZIE 	EQU 	1
TU16BZIF 	EQU 	1
TUCHAIN 	EQU 	953
TUIN0PPS 	EQU 	632
TUIN0PPS0 	EQU 	0
TUIN0PPS1 	EQU 	1
TUIN0PPS2 	EQU 	2
TUIN0PPS3 	EQU 	3
TUIN0PPS4 	EQU 	4
TUIN0PPS5 	EQU 	5
TUIN0PPS6 	EQU 	6
TUIN0PPS7 	EQU 	7
TUIN0PPS_PIN0 	EQU 	0
TUIN0PPS_PIN1 	EQU 	1
TUIN0PPS_PIN2 	EQU 	2
TUIN0PPS_PORT0 	EQU 	3
TUIN0PPS_PORT1 	EQU 	4
TUIN0PPS_PORT2 	EQU 	5
TUIN0PPS_PORT3 	EQU 	6
TUIN0PPS_PORT4 	EQU 	7
TUIN1PPS 	EQU 	633
TUIN1PPS0 	EQU 	0
TUIN1PPS1 	EQU 	1
TUIN1PPS2 	EQU 	2
TUIN1PPS3 	EQU 	3
TUIN1PPS4 	EQU 	4
TUIN1PPS5 	EQU 	5
TUIN1PPS6 	EQU 	6
TUIN1PPS7 	EQU 	7
TUIN1PPS_PIN0 	EQU 	0
TUIN1PPS_PIN1 	EQU 	1
TUIN1PPS_PIN2 	EQU 	2
TUIN1PPS_PORT0 	EQU 	3
TUIN1PPS_PORT1 	EQU 	4
TUIN1PPS_PORT2 	EQU 	5
TUIN1PPS_PORT3 	EQU 	6
TUIN1PPS_PORT4 	EQU 	7
TUN0 	EQU 	0
TUN1 	EQU 	1
TUN2 	EQU 	2
TUN3 	EQU 	3
TUN4 	EQU 	4
TUN5 	EQU 	5
TWIDTH0 	EQU 	0
TWIDTH1 	EQU 	1
TWIDTH2 	EQU 	2
TXB0 	EQU 	0
TXB1 	EQU 	1
TXB2 	EQU 	2
TXB3 	EQU 	3
TXB4 	EQU 	4
TXB5 	EQU 	5
TXB6 	EQU 	6
TXB7 	EQU 	7
TXBE 	EQU 	5
TXBF 	EQU 	4
TXCIE 	EQU 	0
TXCIF 	EQU 	0
TXEN 	EQU 	5
TXMTIE 	EQU 	7
TXMTIF 	EQU 	7
TXPOL 	EQU 	2
TXR 	EQU 	1
TXU 	EQU 	1
TXUIE 	EQU 	1
TXUIF 	EQU 	1
TXWE 	EQU 	7
TXWRE 	EQU 	7
U1ABDEN 	EQU 	6
U1ABDIE 	EQU 	2
U1ABDIF 	EQU 	6
U1ABDOVE 	EQU 	5
U1ABDOVF 	EQU 	5
U1BRG 	EQU 	707
U1BRGH 	EQU 	708
U1BRGL 	EQU 	707
U1BRGS 	EQU 	7
U1BRKOVR 	EQU 	1
U1C0EN 	EQU 	3
U1CERIE 	EQU 	4
U1CERIF 	EQU 	4
U1CON0 	EQU 	704
U1CON0_MODE0 	EQU 	0
U1CON0_MODE1 	EQU 	1
U1CON0_MODE2 	EQU 	2
U1CON0_MODE3 	EQU 	3
U1CON0_U1MODE0 	EQU 	0
U1CON0_U1MODE1 	EQU 	1
U1CON0_U1MODE2 	EQU 	2
U1CON0_U1MODE3 	EQU 	3
U1CON1 	EQU 	705
U1CON2 	EQU 	706
U1CON2_FLO0 	EQU 	0
U1CON2_FLO1 	EQU 	1
U1CON2_STP0 	EQU 	4
U1CON2_STP1 	EQU 	5
U1CON2_U1FLO0 	EQU 	0
U1CON2_U1FLO1 	EQU 	1
U1CON2_U1STP0 	EQU 	4
U1CON2_U1STP1 	EQU 	5
U1CTSPPS 	EQU 	627
U1CTSPPS0 	EQU 	0
U1CTSPPS1 	EQU 	1
U1CTSPPS2 	EQU 	2
U1CTSPPS3 	EQU 	3
U1CTSPPS4 	EQU 	4
U1CTSPPS5 	EQU 	5
U1CTSPPS6 	EQU 	6
U1CTSPPS7 	EQU 	7
U1CTSPPS_PIN0 	EQU 	0
U1CTSPPS_PIN1 	EQU 	1
U1CTSPPS_PIN2 	EQU 	2
U1CTSPPS_PORT0 	EQU 	3
U1CTSPPS_PORT1 	EQU 	4
U1CTSPPS_PORT2 	EQU 	5
U1CTSPPS_PORT3 	EQU 	6
U1CTSPPS_PORT4 	EQU 	7
U1EIE 	EQU 	2
U1EIF 	EQU 	2
U1EIP 	EQU 	2
U1ERRIE 	EQU 	712
U1ERRIR 	EQU 	711
U1FERIE 	EQU 	3
U1FERIF 	EQU 	3
U1FIFO 	EQU 	709
U1FLO0 	EQU 	0
U1FLO1 	EQU 	1
U1IE 	EQU 	3
U1IF 	EQU 	3
U1IP 	EQU 	3
U1MD 	EQU 	6
U1MODE0 	EQU 	0
U1MODE1 	EQU 	1
U1MODE2 	EQU 	2
U1MODE3 	EQU 	3
U1ON 	EQU 	7
U1P1 	EQU 	698
U1P1H 	EQU 	699
U1P1L 	EQU 	698
U1P2 	EQU 	700
U1P2H 	EQU 	701
U1P2L 	EQU 	700
U1P3 	EQU 	702
U1P3H 	EQU 	703
U1P3L 	EQU 	702
U1PERIE 	EQU 	6
U1PERIF 	EQU 	6
U1RCIDL 	EQU 	3
U1RUNOVF 	EQU 	7
U1RXB 	EQU 	694
U1RXBE 	EQU 	1
U1RXBF 	EQU 	0
U1RXBIMD 	EQU 	3
U1RXBKIE 	EQU 	2
U1RXBKIF 	EQU 	2
U1RXBL 	EQU 	694
U1RXCHK 	EQU 	695
U1RXEN 	EQU 	4
U1RXFOIE 	EQU 	1
U1RXFOIF 	EQU 	1
U1RXIDL 	EQU 	3
U1RXIE 	EQU 	0
U1RXIF 	EQU 	0
U1RXIP 	EQU 	0
U1RXPOL 	EQU 	6
U1RXPPS 	EQU 	626
U1RXPPS0 	EQU 	0
U1RXPPS1 	EQU 	1
U1RXPPS2 	EQU 	2
U1RXPPS3 	EQU 	3
U1RXPPS4 	EQU 	4
U1RXPPS5 	EQU 	5
U1RXPPS6 	EQU 	6
U1RXPPS7 	EQU 	7
U1RXPPS_PIN0 	EQU 	0
U1RXPPS_PIN1 	EQU 	1
U1RXPPS_PIN2 	EQU 	2
U1RXPPS_PORT0 	EQU 	3
U1RXPPS_PORT1 	EQU 	4
U1RXPPS_PORT2 	EQU 	5
U1RXPPS_PORT3 	EQU 	6
U1RXPPS_PORT4 	EQU 	7
U1SENDB 	EQU 	0
U1STP0 	EQU 	4
U1STP1 	EQU 	5
U1STPMD 	EQU 	6
U1TXB 	EQU 	696
U1TXBE 	EQU 	5
U1TXBF 	EQU 	4
U1TXBL 	EQU 	696
U1TXCHK 	EQU 	697
U1TXCIE 	EQU 	0
U1TXCIF 	EQU 	0
U1TXEN 	EQU 	5
U1TXIE 	EQU 	1
U1TXIF 	EQU 	1
U1TXIP 	EQU 	1
U1TXMTIE 	EQU 	7
U1TXMTIF 	EQU 	7
U1TXPOL 	EQU 	2
U1TXWRE 	EQU 	7
U1UIR 	EQU 	710
U1WUE 	EQU 	4
U1WUIF 	EQU 	7
U1XON 	EQU 	2
U2ABDEN 	EQU 	6
U2ABDIE 	EQU 	2
U2ABDIF 	EQU 	6
U2ABDOVE 	EQU 	5
U2ABDOVF 	EQU 	5
U2BRG 	EQU 	726
U2BRGH 	EQU 	727
U2BRGL 	EQU 	726
U2BRGS 	EQU 	7
U2BRKOVR 	EQU 	1
U2CERIE 	EQU 	4
U2CERIF 	EQU 	4
U2CON0 	EQU 	723
U2CON0_ABDEN 	EQU 	6
U2CON0_BRGS 	EQU 	7
U2CON0_MODE0 	EQU 	0
U2CON0_MODE1 	EQU 	1
U2CON0_MODE2 	EQU 	2
U2CON0_MODE3 	EQU 	3
U2CON0_RXEN 	EQU 	4
U2CON0_TXEN 	EQU 	5
U2CON0_U2CON0_MODE0 	EQU 	0
U2CON0_U2CON0_MODE1 	EQU 	1
U2CON0_U2CON0_MODE2 	EQU 	2
U2CON0_U2CON0_MODE3 	EQU 	3
U2CON0_U2MODE0 	EQU 	0
U2CON0_U2MODE1 	EQU 	1
U2CON0_U2MODE2 	EQU 	2
U2CON0_U2MODE3 	EQU 	3
U2CON1 	EQU 	724
U2CON1_BRKOVR 	EQU 	1
U2CON1_RXBIMD 	EQU 	3
U2CON1_SENDB 	EQU 	0
U2CON1_WUE 	EQU 	4
U2CON2 	EQU 	725
U2CON2_FLO0 	EQU 	0
U2CON2_FLO1 	EQU 	1
U2CON2_RUNOVF 	EQU 	7
U2CON2_RXPOL 	EQU 	6
U2CON2_STP0 	EQU 	4
U2CON2_STP1 	EQU 	5
U2CON2_TXPOL 	EQU 	2
U2CON2_U2CON2_FLO0 	EQU 	0
U2CON2_U2CON2_FLO1 	EQU 	1
U2CON2_U2CON2_STP0 	EQU 	4
U2CON2_U2CON2_STP1 	EQU 	5
U2CON2_U2FLO0 	EQU 	0
U2CON2_U2FLO1 	EQU 	1
U2CON2_U2STP0 	EQU 	4
U2CON2_U2STP1 	EQU 	5
U2CTSPPS 	EQU 	629
U2CTSPPS0 	EQU 	0
U2CTSPPS1 	EQU 	1
U2CTSPPS2 	EQU 	2
U2CTSPPS3 	EQU 	3
U2CTSPPS4 	EQU 	4
U2CTSPPS5 	EQU 	5
U2CTSPPS6 	EQU 	6
U2CTSPPS7 	EQU 	7
U2CTSPPS_PIN0 	EQU 	0
U2CTSPPS_PIN1 	EQU 	1
U2CTSPPS_PIN2 	EQU 	2
U2CTSPPS_PORT0 	EQU 	3
U2CTSPPS_PORT1 	EQU 	4
U2CTSPPS_PORT2 	EQU 	5
U2CTSPPS_PORT3 	EQU 	6
U2CTSPPS_PORT4 	EQU 	7
U2EIE 	EQU 	6
U2EIF 	EQU 	6
U2EIP 	EQU 	6
U2ERRIE 	EQU 	731
U2ERRIE_ABDOVE 	EQU 	5
U2ERRIE_CERIE 	EQU 	4
U2ERRIE_FERIE 	EQU 	3
U2ERRIE_PERIE 	EQU 	6
U2ERRIE_RXBKIE 	EQU 	2
U2ERRIE_RXFOIE 	EQU 	1
U2ERRIE_TXCIE 	EQU 	0
U2ERRIE_TXMTIE 	EQU 	7
U2ERRIR 	EQU 	730
U2ERRIR_ABDOVF 	EQU 	5
U2ERRIR_CERIF 	EQU 	4
U2ERRIR_FERIF 	EQU 	3
U2ERRIR_PERIF 	EQU 	6
U2ERRIR_RXBKIF 	EQU 	2
U2ERRIR_RXFOIF 	EQU 	1
U2ERRIR_TXCIF 	EQU 	0
U2ERRIR_TXMTIF 	EQU 	7
U2FERIE 	EQU 	3
U2FERIF 	EQU 	3
U2FIFO 	EQU 	728
U2FIFO_RCIDL 	EQU 	3
U2FIFO_RXBE 	EQU 	1
U2FIFO_RXBF 	EQU 	0
U2FIFO_RXIDL 	EQU 	3
U2FIFO_STPMD 	EQU 	6
U2FIFO_TXBE 	EQU 	5
U2FIFO_TXBF 	EQU 	4
U2FIFO_TXWRE 	EQU 	7
U2FIFO_XON 	EQU 	2
U2FLO0 	EQU 	0
U2FLO1 	EQU 	1
U2IE 	EQU 	7
U2IF 	EQU 	7
U2IP 	EQU 	7
U2MD 	EQU 	7
U2MODE0 	EQU 	0
U2MODE1 	EQU 	1
U2MODE2 	EQU 	2
U2MODE3 	EQU 	3
U2ON 	EQU 	7
U2P1 	EQU 	717
U2P1L 	EQU 	717
U2P2 	EQU 	719
U2P2L 	EQU 	719
U2P3 	EQU 	721
U2P3L 	EQU 	721
U2PERIE 	EQU 	6
U2PERIF 	EQU 	6
U2RCIDL 	EQU 	3
U2RUNOVF 	EQU 	7
U2RXB 	EQU 	713
U2RXBE 	EQU 	1
U2RXBF 	EQU 	0
U2RXBIMD 	EQU 	3
U2RXBKIE 	EQU 	2
U2RXBKIF 	EQU 	2
U2RXBL 	EQU 	713
U2RXEN 	EQU 	4
U2RXFOIE 	EQU 	1
U2RXFOIF 	EQU 	1
U2RXIDL 	EQU 	3
U2RXIE 	EQU 	4
U2RXIF 	EQU 	4
U2RXIP 	EQU 	4
U2RXPOL 	EQU 	6
U2RXPPS 	EQU 	628
U2RXPPS0 	EQU 	0
U2RXPPS1 	EQU 	1
U2RXPPS2 	EQU 	2
U2RXPPS3 	EQU 	3
U2RXPPS4 	EQU 	4
U2RXPPS5 	EQU 	5
U2RXPPS6 	EQU 	6
U2RXPPS7 	EQU 	7
U2RXPPS_PIN0 	EQU 	0
U2RXPPS_PIN1 	EQU 	1
U2RXPPS_PIN2 	EQU 	2
U2RXPPS_PORT0 	EQU 	3
U2RXPPS_PORT1 	EQU 	4
U2RXPPS_PORT2 	EQU 	5
U2RXPPS_PORT3 	EQU 	6
U2RXPPS_PORT4 	EQU 	7
U2SENDB 	EQU 	0
U2STP0 	EQU 	4
U2STP1 	EQU 	5
U2STPMD 	EQU 	6
U2TXB 	EQU 	715
U2TXBE 	EQU 	5
U2TXBF 	EQU 	4
U2TXBL 	EQU 	715
U2TXCIE 	EQU 	0
U2TXCIF 	EQU 	0
U2TXEN 	EQU 	5
U2TXIE 	EQU 	5
U2TXIF 	EQU 	5
U2TXIP 	EQU 	5
U2TXMTIE 	EQU 	7
U2TXMTIF 	EQU 	7
U2TXPOL 	EQU 	2
U2TXWRE 	EQU 	7
U2UIR 	EQU 	729
U2UIR_ABDIE 	EQU 	2
U2UIR_ABDIF 	EQU 	6
U2UIR_WUIF 	EQU 	7
U2WUE 	EQU 	4
U2WUIF 	EQU 	7
U2XON 	EQU 	2
UD 	EQU 	6
UTH0 	EQU 	0
UTH1 	EQU 	1
UTH10 	EQU 	2
UTH11 	EQU 	3
UTH12 	EQU 	4
UTH13 	EQU 	5
UTH14 	EQU 	6
UTH15 	EQU 	7
UTH2 	EQU 	2
UTH3 	EQU 	3
UTH4 	EQU 	4
UTH5 	EQU 	5
UTH6 	EQU 	6
UTH7 	EQU 	7
UTH8 	EQU 	0
UTH9 	EQU 	1
UTHR 	EQU 	6
VDDIO2CON 	EQU 	269
VDDIO2CON_LVD0 	EQU 	0
VDDIO2CON_LVD1 	EQU 	1
VDDIO2CON_LVD2 	EQU 	2
VDDIO2CON_LVD3 	EQU 	3
VDDIO2LVDFIE 	EQU 	4
VDDIO2LVDFIF 	EQU 	4
VDDIO2LVDFIP 	EQU 	4
VDDIO2LVDRIE 	EQU 	5
VDDIO2LVDRIF 	EQU 	5
VDDIO2LVDRIP 	EQU 	5
VDDIO2PORFIE 	EQU 	6
VDDIO2PORFIF 	EQU 	6
VDDIO2PORFIP 	EQU 	6
VDDIO2PORRIE 	EQU 	7
VDDIO2PORRIF 	EQU 	7
VDDIO2PORRIP 	EQU 	7
VDDIO2STAT 	EQU 	270
VREGCON 	EQU 	72
VREGCON_PMSYS0 	EQU 	4
VREGCON_PMSYS1 	EQU 	5
VREGCON_VREGPM0 	EQU 	0
VREGCON_VREGPM1 	EQU 	1
VREGPM0 	EQU 	0
VREGPM1 	EQU 	1
W 	EQU 	0
WDTCON0 	EQU 	120
WDTCON0_PS0 	EQU 	1
WDTCON0_PS1 	EQU 	2
WDTCON0_PS2 	EQU 	3
WDTCON0_PS3 	EQU 	4
WDTCON0_PS4 	EQU 	5
WDTCON0_WDTCON0_PS0 	EQU 	1
WDTCON0_WDTCON0_PS1 	EQU 	2
WDTCON0_WDTCON0_PS2 	EQU 	3
WDTCON0_WDTCON0_PS3 	EQU 	4
WDTCON0_WDTCON0_PS4 	EQU 	5
WDTCON0_WDTPS0 	EQU 	1
WDTCON0_WDTPS1 	EQU 	2
WDTCON0_WDTPS2 	EQU 	3
WDTCON0_WDTPS3 	EQU 	4
WDTCON0_WDTPS4 	EQU 	5
WDTCON1 	EQU 	121
WDTCON1_CS0_WDTCON1 	EQU 	4
WDTCON1_CS1_WDTCON1 	EQU 	5
WDTCON1_CS2_WDTCON1 	EQU 	6
WDTCON1_WDTCS0 	EQU 	4
WDTCON1_WDTCS1 	EQU 	5
WDTCON1_WDTCS2 	EQU 	6
WDTCON1_WDTWINDOW0 	EQU 	0
WDTCON1_WDTWINDOW1 	EQU 	1
WDTCON1_WDTWINDOW2 	EQU 	2
WDTCON1_WINDOW0 	EQU 	0
WDTCON1_WINDOW1 	EQU 	1
WDTCON1_WINDOW2 	EQU 	2
WDTCS0 	EQU 	4
WDTCS1 	EQU 	5
WDTCS2 	EQU 	6
WDTPS 	EQU 	122
WDTPS0 	EQU 	1
WDTPS1 	EQU 	2
WDTPS2 	EQU 	3
WDTPS3 	EQU 	4
WDTPS4 	EQU 	5
WDTPSCNT16 	EQU 	0
WDTPSCNT17 	EQU 	1
WDTPSH 	EQU 	123
WDTPSL 	EQU 	122
WDTSEN 	EQU 	0
WDTSTATE 	EQU 	2
WDTTMR 	EQU 	124
WDTTMR0 	EQU 	3
WDTTMR1 	EQU 	4
WDTTMR2 	EQU 	5
WDTTMR3 	EQU 	6
WDTTMR4 	EQU 	7
WDTTMR_TMR0 	EQU 	3
WDTTMR_TMR1 	EQU 	4
WDTTMR_TMR2 	EQU 	5
WDTTMR_TMR3 	EQU 	6
WDTTMR_TMR4 	EQU 	7
WDTTMR_WDTTMR0 	EQU 	3
WDTTMR_WDTTMR1 	EQU 	4
WDTTMR_WDTTMR2 	EQU 	5
WDTTMR_WDTTMR3 	EQU 	6
WDTTMR_WDTTMR4 	EQU 	7
WDTWINDOW0 	EQU 	0
WDTWINDOW1 	EQU 	1
WDTWINDOW2 	EQU 	2
WDTWV 	EQU 	5
WINDOW0 	EQU 	0
WINDOW1 	EQU 	1
WINDOW2 	EQU 	2
WORDNUMBER 	EQU 	1462
WORDNUMBER_H 	EQU 	1463
WPUA 	EQU 	1025
WPUA0 	EQU 	0
WPUA1 	EQU 	1
WPUA2 	EQU 	2
WPUA3 	EQU 	3
WPUA4 	EQU 	4
WPUA5 	EQU 	5
WPUA6 	EQU 	6
WPUA7 	EQU 	7
WPUB 	EQU 	1033
WPUB0 	EQU 	0
WPUB1 	EQU 	1
WPUB2 	EQU 	2
WPUB3 	EQU 	3
WPUB4 	EQU 	4
WPUB5 	EQU 	5
WPUB6 	EQU 	6
WPUB7 	EQU 	7
WPUC 	EQU 	1041
WPUC0 	EQU 	0
WPUC1 	EQU 	1
WPUC2 	EQU 	2
WPUC3 	EQU 	3
WPUC4 	EQU 	4
WPUC5 	EQU 	5
WPUC6 	EQU 	6
WPUD 	EQU 	1049
WPUD0 	EQU 	0
WPUD1 	EQU 	1
WPUD2 	EQU 	2
WPUD3 	EQU 	3
WPUD4 	EQU 	4
WPUD5 	EQU 	5
WPUD6 	EQU 	6
WPUD7 	EQU 	7
WPUE 	EQU 	1057
WPUE0 	EQU 	0
WPUE1 	EQU 	1
WPUE2 	EQU 	2
WPUE3 	EQU 	3
WR1IE 	EQU 	4
WR1IF 	EQU 	4
WR2IE 	EQU 	4
WR2IF 	EQU 	4
WREG 	EQU 	1256
WREG_CSHAD 	EQU 	884
WREG_SHAD 	EQU 	888
WRERR 	EQU 	7
WRIE 	EQU 	4
WRIF 	EQU 	4
WUE 	EQU 	4
WUIF 	EQU 	7
XCHAR 	EQU 	1464
XIP 	EQU 	0
XOFFSET 	EQU 	1465
XOFFSET_H 	EQU 	1466
XON 	EQU 	2
XOR0 	EQU 	0
XOR1 	EQU 	1
XOR10 	EQU 	2
XOR11 	EQU 	3
XOR12 	EQU 	4
XOR13 	EQU 	5
XOR14 	EQU 	6
XOR15 	EQU 	7
XOR16 	EQU 	0
XOR17 	EQU 	1
XOR18 	EQU 	2
XOR19 	EQU 	3
XOR2 	EQU 	2
XOR20 	EQU 	4
XOR21 	EQU 	5
XOR22 	EQU 	6
XOR23 	EQU 	7
XOR24 	EQU 	0
XOR25 	EQU 	1
XOR26 	EQU 	2
XOR27 	EQU 	3
XOR28 	EQU 	4
XOR29 	EQU 	5
XOR3 	EQU 	3
XOR30 	EQU 	6
XOR31 	EQU 	7
XOR4 	EQU 	4
XOR5 	EQU 	5
XOR6 	EQU 	6
XOR7 	EQU 	7
XOR8 	EQU 	0
XOR9 	EQU 	1
XRADIUS 	EQU 	1467
XRADIUS_H 	EQU 	1468
YCALC1 	EQU 	1469
YCALC1_H 	EQU 	1470
YCALC2 	EQU 	1471
YCALC2_H 	EQU 	1472
YOFFSET 	EQU 	1473
YOFFSET_H 	EQU 	1474
YORDINATE 	EQU 	1475
Z 	EQU 	2
ZCD1CON 	EQU 	76
ZCD1IE 	EQU 	1
ZCD1IF 	EQU 	1
ZCD1IP 	EQU 	1
ZCD1MD 	EQU 	6
ZIE 	EQU 	1
ZIF 	EQU 	1
_LINE73 	EQU 	15426
_X1 	EQU 	1476
_X1_H 	EQU 	1477
_X2 	EQU 	1478
_X2_H 	EQU 	1479
_Y1 	EQU 	1480
_Y1_H 	EQU 	1481
_Y2 	EQU 	1482
_Y2_H 	EQU 	1483

Code:
Loc	Obj Code	Original Assembly



























































































































































































































































	K	1111 KKKK KKKK KKKK:1110 1111 KKKK KKKK	12
000000	EF06 F000	GOTO BASPROGRAMSTART

	S	 0000 0000 0001 000S	0
000008	0010	RETFIE



		BASPROGRAMSTART
	K	1111 KKKK KKKK KKKK:1110 110S KKKK KKKK	9986
	S	1111 0000 0001 0011:1110 110S 1000 0001	0
00000C	EC81 F013	CALL INITSYS
	K	1111 KKKK KKKK KKKK:1110 110S KKKK KKKK	9956
	S	1111 0000 0001 0011:1110 110S 0111 0010	0
000010	EC72 F013	CALL INITPPS
	K	1111 KKKK KKKK KKKK:1110 110S KKKK KKKK	9314
	S	1111 0000 0001 0010:1110 110S 0011 0001	0
000014	EC31 F012	CALL INITGLCD_ILI9341

	K	 0000 0001 00KK KKKK	1
000000	0101	BANKSEL TRISB
	F	 1001 BBBA FFFF FFFF	329
	B	 1001 BBBA 0100 1001	0
	A	 1001 000A 0100 1001	1
00001A	9149	BCF TRISB,0,BANKED
	F	 1001 BBBA FFFF FFFF	329
	B	 1001 BBBA 0100 1001	1
	A	 1001 001A 0100 1001	1
00001C	9349	BCF TRISB,1,BANKED
	F	 1001 BBBA FFFF FFFF	329
	B	 1001 BBBA 0100 1001	2
	A	 1001 010A 0100 1001	1
00001E	9549	BCF TRISB,2,BANKED
	F	 1001 BBBA FFFF FFFF	329
	B	 1001 BBBA 0100 1001	3
	A	 1001 011A 0100 1001	1
000020	9749	BCF TRISB,3,BANKED
	F	 1000 BBBA FFFF FFFF	328
	B	 1000 BBBA 0100 1000	0
	A	 1000 000A 0100 1000	1
000022	8148	BSF TRISA,0,BANKED
	F	 1000 BBBA FFFF FFFF	328
	B	 1000 BBBA 0100 1000	4
	A	 1000 100A 0100 1000	1
000024	8948	BSF TRISA,4,BANKED
	F	 1000 BBBA FFFF FFFF	332
	B	 1000 BBBA 0100 1100	3
	A	 1000 011A 0100 1100	1
000026	874C	BSF TRISE,3,BANKED
	K	 0000 1110 KKKK KKKK	1
000028	0E01	MOVLW 1
	F	 0110 111A FFFF FFFF	1335
	A	 0110 111A 0011 0111	0
00002A	6E37	MOVWF GLCDFNTDEFAULTSIZE,ACCESS
	K	 0000 1110 KKKK KKKK	3
00002C	0E03	MOVLW 3
	F	 0110 111A FFFF FFFF	1347
	A	 0110 111A 0100 0011	0
00002E	6E43	MOVWF GLCDROTATESTATE,ACCESS
	K	 0000 0001 00KK KKKK	0
000000	0100	BANKSEL 0
	K	1111 KKKK KKKK KKKK:1110 110S KKKK KKKK	9150
	S	1111 0000 0001 0001:1110 110S 1101 1111	0
000032	ECDF F011	CALL GLCDROTATE_ILI9341
	K	 0000 1110 KKKK KKKK	31
000036	0E1F	MOVLW 31
	F	 0110 111A FFFF FFFF	1295
	A	 0110 111A 0000 1111	0
000038	6E0F	MOVWF CCOUNT,ACCESS
	K	 0000 0001 00KK KKKK	5
000000	0105	BANKSEL LONGNUMBER
	F	 0110 101A FFFF FFFF	1394
	A	 0110 101A 0111 0010	1
00003C	6B72	CLRF LONGNUMBER,BANKED
	F	 0110 101A FFFF FFFF	1395
	A	 0110 101A 0111 0011	1
00003E	6B73	CLRF LONGNUMBER_H,BANKED
	F	 0110 101A FFFF FFFF	1396
	A	 0110 101A 0111 0100	1
000040	6B74	CLRF LONGNUMBER_U,BANKED
	F	 0110 101A FFFF FFFF	1397
	A	 0110 101A 0111 0101	1
000042	6B75	CLRF LONGNUMBER_E,BANKED
	F	 0110 101A FFFF FFFF	1462
	A	 0110 101A 1011 0110	1
000044	6BB6	CLRF WORDNUMBER,BANKED
	F	 0110 101A FFFF FFFF	1463
	A	 0110 101A 1011 0111	1
000046	6BB7	CLRF WORDNUMBER_H,BANKED
	F	 0110 101A FFFF FFFF	1294
	A	 0110 101A 0000 1110	0
000048	6A0E	CLRF BYTENUMBER,ACCESS
	K	 0000 1110 KKKK KKKK	2
00004A	0E02	MOVLW 2
	F	 0110 111A FFFF FFFF	1437
	A	 0110 111A 1001 1101	1
00004C	6F9D	MOVWF SYSREPEATTEMP1,BANKED
		SYSREPEATLOOP1
	K	 0000 1110 KKKK KKKK	3
00004E	0E03	MOVLW 3
	F	 0110 111A FFFF FFFF	1347
	A	 0110 111A 0100 0011	0
000050	6E43	MOVWF GLCDROTATESTATE,ACCESS
	K	 0000 0001 00KK KKKK	0
000000	0100	BANKSEL 0
	K	1111 KKKK KKKK KKKK:1110 110S KKKK KKKK	9150
	S	1111 0000 0001 0001:1110 110S 1101 1111	0
000054	ECDF F011	CALL GLCDROTATE_ILI9341
	K	 0000 1110 KKKK KKKK	31
000058	0E1F	MOVLW 31
	F	 0110 111A FFFF FFFF	1325
	A	 0110 111A 0010 1101	0
00005A	6E2D	MOVWF GLCDBACKGROUND,ACCESS
	F	 0110 101A FFFF FFFF	1326
	A	 0110 101A 0010 1110	0
00005C	6A2E	CLRF GLCDBACKGROUND_H,ACCESS
	K	1111 KKKK KKKK KKKK:1110 110S KKKK KKKK	8176
	S	1111 0000 0000 1111:1110 110S 1111 1000	0
00005E	ECF8 F00F	CALL GLCDCLS_ILI9341
	F	 0110 101A FFFF FFFF	1337
	A	 0110 101A 0011 1001	0
000062	6A39	CLRF GLCDFOREGROUND,ACCESS
	K	 0000 1110 KKKK KKKK	128
000064	0E80	MOVLW 128
	F	 0110 111A FFFF FFFF	1338
	A	 0110 111A 0011 1010	0
000066	6E3A	MOVWF GLCDFOREGROUND_H,ACCESS
	K	 0000 1110 KKKK KKKK	1
000068	0E01	MOVLW 1
	F	 0110 111A FFFF FFFF	1335
	A	 0110 111A 0011 0111	0
00006A	6E37	MOVWF GLCDFNTDEFAULTSIZE,ACCESS
	K	 0000 1110 KKKK KKKK	2
00006C	0E02	MOVLW 2
	K	 0000 0001 00KK KKKK	5
000000	0105	BANKSEL PRINTLOCX
	F	 0110 111A FFFF FFFF	1400
	A	 0110 111A 0111 1000	1
000070	6F78	MOVWF PRINTLOCX,BANKED
	F	 0110 101A FFFF FFFF	1401
	A	 0110 101A 0111 1001	1
000072	6B79	CLRF PRINTLOCX_H,BANKED
	K	 0000 1110 KKKK KKKK	2
000074	0E02	MOVLW 2
	F	 0110 111A FFFF FFFF	1402
	A	 0110 111A 0111 1010	1
000076	6F7A	MOVWF PRINTLOCY,BANKED
	F	 0110 101A FFFF FFFF	1403
	A	 0110 101A 0111 1011	1
000078	6B7B	CLRF PRINTLOCY_H,BANKED
	F	1110 1110 00FF KKKK:1111 00KK KKKK KKKK	1
	K	1110 1110 0001 KKKK:1111 00KK KKKK KKKK	5318
00007A	EE15 F0C6	LFSR 1,SYSSTRINGPARAM1
	K	 0000 1110 KKKK KKKK	156
00007E	0E9C	MOVLW LOW STRINGTABLE1
	F	 0110 111A FFFF FFFF	1270
	A	 0110 111A 1111 0110	0
000080	6EF6	MOVWF TBLPTRL,ACCESS
	K	 0000 1110 KKKK KKKK	59
000082	0E3B	MOVLW HIGH STRINGTABLE1
	F	 0110 111A FFFF FFFF	1271
	A	 0110 111A 1111 0111	0
000084	6EF7	MOVWF TBLPTRH,ACCESS
	K	 0000 1110 KKKK KKKK	0
000086	0E00	MOVLW UPPER STRINGTABLE1
	F	 0110 111A FFFF FFFF	1272
	A	 0110 111A 1111 1000	0
000088	6EF8	MOVWF TBLPTRU,ACCESS
	K	 0000 0001 00KK KKKK	0
000000	0100	BANKSEL 0
	K	1111 KKKK KKKK KKKK:1110 110S KKKK KKKK	15222
	S	1111 0000 0001 1101:1110 110S 1011 1011	0
00008C	ECBB F01D	CALL SYSREADSTRING
	K	 0000 1110 KKKK KKKK	198
000090	0EC6	MOVLW LOW SYSSTRINGPARAM1
	K	 0000 0001 00KK KKKK	5
000000	0105	BANKSEL SYSLCDPRINTDATAHANDLER
	F	 0110 111A FFFF FFFF	1419
	A	 0110 111A 1000 1011	1
000094	6F8B	MOVWF SYSLCDPRINTDATAHANDLER,BANKED
	K	 0000 1110 KKKK KKKK	20
000096	0E14	MOVLW HIGH SYSSTRINGPARAM1
	F	 0110 111A FFFF FFFF	1420
	A	 0110 111A 1000 1100	1
000098	6F8C	MOVWF SYSLCDPRINTDATAHANDLER_H,BANKED
	K	 0000 0001 00KK KKKK	0
000000	0100	BANKSEL 0
	K	1111 KKKK KKKK KKKK:1110 110S KKKK KKKK	8782
	S	1111 0000 0001 0001:1110 110S 0010 0111	0
00009C	EC27 F011	CALL GLCDPRINT7
	F	 0110 100A FFFF FFFF	1337
	A	 0110 100A 0011 1001	0
0000A0	6839	SETF GLCDFOREGROUND,ACCESS
	F	 0110 100A FFFF FFFF	1338
	A	 0110 100A 0011 1010	0
0000A2	683A	SETF GLCDFOREGROUND_H,ACCESS
	K	 0000 1110 KKKK KKKK	2
0000A4	0E02	MOVLW 2
	F	 0110 111A FFFF FFFF	1335
	A	 0110 111A 0011 0111	0
0000A6	6E37	MOVWF GLCDFNTDEFAULTSIZE,ACCESS
	K	 0000 1110 KKKK KKKK	2
0000A8	0E02	MOVLW 2
	K	 0000 0001 00KK KKKK	5
000000	0105	BANKSEL PRINTLOCX
	F	 0110 111A FFFF FFFF	1400
	A	 0110 111A 0111 1000	1
0000AC	6F78	MOVWF PRINTLOCX,BANKED
	F	 0110 101A FFFF FFFF	1401
	A	 0110 101A 0111 1001	1
0000AE	6B79	CLRF PRINTLOCX_H,BANKED
	K	 0000 1110 KKKK KKKK	12
0000B0	0E0C	MOVLW 12
	F	 0110 111A FFFF FFFF	1402
	A	 0110 111A 0111 1010	1
0000B2	6F7A	MOVWF PRINTLOCY,BANKED
	F	 0110 101A FFFF FFFF	1403
	A	 0110 101A 0111 1011	1
0000B4	6B7B	CLRF PRINTLOCY_H,BANKED
	F	1110 1110 00FF KKKK:1111 00KK KKKK KKKK	1
	K	1110 1110 0001 KKKK:1111 00KK KKKK KKKK	5318
0000B6	EE15 F0C6	LFSR 1,SYSSTRINGPARAM1
	K	 0000 1110 KKKK KKKK	156
0000BA	0E9C	MOVLW LOW STRINGTABLE1
	F	 0110 111A FFFF FFFF	1270
	A	 0110 111A 1111 0110	0
0000BC	6EF6	MOVWF TBLPTRL,ACCESS
	K	 0000 1110 KKKK KKKK	59
0000BE	0E3B	MOVLW HIGH STRINGTABLE1
	F	 0110 111A FFFF FFFF	1271
	A	 0110 111A 1111 0111	0
0000C0	6EF7	MOVWF TBLPTRH,ACCESS
	K	 0000 1110 KKKK KKKK	0
0000C2	0E00	MOVLW UPPER STRINGTABLE1
	F	 0110 111A FFFF FFFF	1272
	A	 0110 111A 1111 1000	0
0000C4	6EF8	MOVWF TBLPTRU,ACCESS
	K	 0000 0001 00KK KKKK	0
000000	0100	BANKSEL 0
	K	1111 KKKK KKKK KKKK:1110 110S KKKK KKKK	15222
	S	1111 0000 0001 1101:1110 110S 1011 1011	0
0000C8	ECBB F01D	CALL SYSREADSTRING
	K	 0000 1110 KKKK KKKK	198
0000CC	0EC6	MOVLW LOW SYSSTRINGPARAM1
	K	 0000 0001 00KK KKKK	5
000000	0105	BANKSEL SYSLCDPRINTDATAHANDLER
	F	 0110 111A FFFF FFFF	1419
	A	 0110 111A 1000 1011	1
0000D0	6F8B	MOVWF SYSLCDPRINTDATAHANDLER,BANKED
	K	 0000 1110 KKKK KKKK	20
0000D2	0E14	MOVLW HIGH SYSSTRINGPARAM1
	F	 0110 111A FFFF FFFF	1420
	A	 0110 111A 1000 1100	1
0000D4	6F8C	MOVWF SYSLCDPRINTDATAHANDLER_H,BANKED
	K	 0000 0001 00KK KKKK	0
000000	0100	BANKSEL 0
	K	1111 KKKK KKKK KKKK:1110 110S KKKK KKKK	8782
	S	1111 0000 0001 0001:1110 110S 0010 0111	0
0000D8	EC27 F011	CALL GLCDPRINT7
	K	 0000 1110 KKKK KKKK	224
0000DC	0EE0	MOVLW 224
	F	 0110 111A FFFF FFFF	1337
	A	 0110 111A 0011 1001	0
0000DE	6E39	MOVWF GLCDFOREGROUND,ACCESS
	F	 0110 100A FFFF FFFF	1338
	A	 0110 100A 0011 1010	0
0000E0	683A	SETF GLCDFOREGROUND_H,ACCESS
	K	 0000 1110 KKKK KKKK	3
0000E2	0E03	MOVLW 3
	F	 0110 111A FFFF FFFF	1335
	A	 0110 111A 0011 0111	0
0000E4	6E37	MOVWF GLCDFNTDEFAULTSIZE,ACCESS
	K	 0000 1110 KKKK KKKK	2
0000E6	0E02	MOVLW 2
	K	 0000 0001 00KK KKKK	5
000000	0105	BANKSEL PRINTLOCX
	F	 0110 111A FFFF FFFF	1400
	A	 0110 111A 0111 1000	1
0000EA	6F78	MOVWF PRINTLOCX,BANKED
	F	 0110 101A FFFF FFFF	1401
	A	 0110 101A 0111 1001	1
0000EC	6B79	CLRF PRINTLOCX_H,BANKED
	K	 0000 1110 KKKK KKKK	30
0000EE	0E1E	MOVLW 30
	F	 0110 111A FFFF FFFF	1402
	A	 0110 111A 0111 1010	1
0000F0	6F7A	MOVWF PRINTLOCY,BANKED
	F	 0110 101A FFFF FFFF	1403
	A	 0110 101A 0111 1011	1
0000F2	6B7B	CLRF PRINTLOCY_H,BANKED
	F	1110 1110 00FF KKKK:1111 00KK KKKK KKKK	1
	K	1110 1110 0001 KKKK:1111 00KK KKKK KKKK	5318
0000F4	EE15 F0C6	LFSR 1,SYSSTRINGPARAM1
	K	 0000 1110 KKKK KKKK	156
0000F8	0E9C	MOVLW LOW STRINGTABLE1
	F	 0110 111A FFFF FFFF	1270
	A	 0110 111A 1111 0110	0
0000FA	6EF6	MOVWF TBLPTRL,ACCESS
	K	 0000 1110 KKKK KKKK	59
0000FC	0E3B	MOVLW HIGH STRINGTABLE1
	F	 0110 111A FFFF FFFF	1271
	A	 0110 111A 1111 0111	0
0000FE	6EF7	MOVWF TBLPTRH,ACCESS
	K	 0000 1110 KKKK KKKK	0
000100	0E00	MOVLW UPPER STRINGTABLE1
	F	 0110 111A FFFF FFFF	1272
	A	 0110 111A 1111 1000	0
000102	6EF8	MOVWF TBLPTRU,ACCESS
	K	 0000 0001 00KK KKKK	0
000000	0100	BANKSEL 0
	K	1111 KKKK KKKK KKKK:1110 110S KKKK KKKK	15222
	S	1111 0000 0001 1101:1110 110S 1011 1011	0
000106	ECBB F01D	CALL SYSREADSTRING
	K	 0000 1110 KKKK KKKK	198
00010A	0EC6	MOVLW LOW SYSSTRINGPARAM1
	K	 0000 0001 00KK KKKK	5
000000	0105	BANKSEL SYSLCDPRINTDATAHANDLER
	F	 0110 111A FFFF FFFF	1419
	A	 0110 111A 1000 1011	1
00010E	6F8B	MOVWF SYSLCDPRINTDATAHANDLER,BANKED
	K	 0000 1110 KKKK KKKK	20
000110	0E14	MOVLW HIGH SYSSTRINGPARAM1
	F	 0110 111A FFFF FFFF	1420
	A	 0110 111A 1000 1100	1
000112	6F8C	MOVWF SYSLCDPRINTDATAHANDLER_H,BANKED
	K	 0000 0001 00KK KKKK	0
000000	0100	BANKSEL 0
	K	1111 KKKK KKKK KKKK:1110 110S KKKK KKKK	8782
	S	1111 0000 0001 0001:1110 110S 0010 0111	0
000116	EC27 F011	CALL GLCDPRINT7
	K	 0000 0001 00KK KKKK	5
000000	0105	BANKSEL LONGNUMBER
	F	 0110 100A FFFF FFFF	1394
	A	 0110 100A 0111 0010	1
00011C	6972	SETF LONGNUMBER,BANKED
	F	 0110 100A FFFF FFFF	1395
	A	 0110 100A 0111 0011	1
00011E	6973	SETF LONGNUMBER_H,BANKED
	F	 0110 100A FFFF FFFF	1396
	A	 0110 100A 0111 0100	1
000120	6974	SETF LONGNUMBER_U,BANKED
	F	 0110 100A FFFF FFFF	1397
	A	 0110 100A 0111 0101	1
000122	6975	SETF LONGNUMBER_E,BANKED
	F	 0110 100A FFFF FFFF	1462
	A	 0110 100A 1011 0110	1
000124	69B6	SETF WORDNUMBER,BANKED
	F	 0110 100A FFFF FFFF	1463
	A	 0110 100A 1011 0111	1
000126	69B7	SETF WORDNUMBER_H,BANKED
	F	 0110 100A FFFF FFFF	1294
	A	 0110 100A 0000 1110	0
000128	680E	SETF BYTENUMBER,ACCESS
	K	 0000 1110 KKKK KKKK	4
00012A	0E04	MOVLW 4
	F	 0110 111A FFFF FFFF	1347
	A	 0110 111A 0100 0011	0
00012C	6E43	MOVWF GLCDROTATESTATE,ACCESS
	K	 0000 0001 00KK KKKK	0
000000	0100	BANKSEL 0
	K	1111 KKKK KKKK KKKK:1110 110S KKKK KKKK	9150
	S	1111 0000 0001 0001:1110 110S 1101 1111	0
000130	ECDF F011	CALL GLCDROTATE_ILI9341
	F	 0110 100A FFFF FFFF	1325
	A	 0110 100A 0010 1101	0
000134	682D	SETF GLCDBACKGROUND,ACCESS
	F	 0110 100A FFFF FFFF	1326
	A	 0110 100A 0010 1110	0
000136	682E	SETF GLCDBACKGROUND_H,ACCESS
	K	1111 KKKK KKKK KKKK:1110 110S KKKK KKKK	8176
	S	1111 0000 0000 1111:1110 110S 1111 1000	0
000138	ECF8 F00F	CALL GLCDCLS_ILI9341
	F	 0110 101A FFFF FFFF	1337
	A	 0110 101A 0011 1001	0
00013C	6A39	CLRF GLCDFOREGROUND,ACCESS
	K	 0000 1110 KKKK KKKK	128
00013E	0E80	MOVLW 128
	F	 0110 111A FFFF FFFF	1338
	A	 0110 111A 0011 1010	0
000140	6E3A	MOVWF GLCDFOREGROUND_H,ACCESS
	K	 0000 1110 KKKK KKKK	1
000142	0E01	MOVLW 1
	F	 0110 111A FFFF FFFF	1335
	A	 0110 111A 0011 0111	0
000144	6E37	MOVWF GLCDFNTDEFAULTSIZE,ACCESS
	K	 0000 1110 KKKK KKKK	2
000146	0E02	MOVLW 2
	K	 0000 0001 00KK KKKK	5
000000	0105	BANKSEL PRINTLOCX
	F	 0110 111A FFFF FFFF	1400
	A	 0110 111A 0111 1000	1
00014A	6F78	MOVWF PRINTLOCX,BANKED
	F	 0110 101A FFFF FFFF	1401
	A	 0110 101A 0111 1001	1
00014C	6B79	CLRF PRINTLOCX_H,BANKED
	K	 0000 1110 KKKK KKKK	2
00014E	0E02	MOVLW 2
	F	 0110 111A FFFF FFFF	1402
	A	 0110 111A 0111 1010	1
000150	6F7A	MOVWF PRINTLOCY,BANKED
	F	 0110 101A FFFF FFFF	1403
	A	 0110 101A 0111 1011	1
000152	6B7B	CLRF PRINTLOCY_H,BANKED
	S	1111 DDDD DDDD DDDD:1100 SSSS SSSS SSSS	1294
	D	1111 DDDD DDDD DDDD:1100 0101 0000 1110	1362
000154	C50E F552	MOVFF BYTENUMBER,LCDVALUE
	F	 0110 101A FFFF FFFF	1363
	A	 0110 101A 0101 0011	0
000158	6A53	CLRF LCDVALUE_H,ACCESS
	F	 0110 101A FFFF FFFF	1364
	A	 0110 101A 0101 0100	0
00015A	6A54	CLRF LCDVALUE_U,ACCESS
	F	 0110 101A FFFF FFFF	1365
	A	 0110 101A 0101 0101	0
00015C	6A55	CLRF LCDVALUE_E,ACCESS
	K	 0000 0001 00KK KKKK	0
000000	0100	BANKSEL 0
	K	1111 KKKK KKKK KKKK:1110 110S KKKK KKKK	8920
	S	1111 0000 0001 0001:1110 110S 0110 1100	0
000160	EC6C F011	CALL GLCDPRINT10
	F	 0110 101A FFFF FFFF	1337
	A	 0110 101A 0011 1001	0
000164	6A39	CLRF GLCDFOREGROUND,ACCESS
	F	 0110 101A FFFF FFFF	1338
	A	 0110 101A 0011 1010	0
000166	6A3A	CLRF GLCDFOREGROUND_H,ACCESS
	K	 0000 1110 KKKK KKKK	2
000168	0E02	MOVLW 2
	F	 0110 111A FFFF FFFF	1335
	A	 0110 111A 0011 0111	0
00016A	6E37	MOVWF GLCDFNTDEFAULTSIZE,ACCESS
	K	 0000 1110 KKKK KKKK	2
00016C	0E02	MOVLW 2
	K	 0000 0001 00KK KKKK	5
000000	0105	BANKSEL PRINTLOCX
	F	 0110 111A FFFF FFFF	1400
	A	 0110 111A 0111 1000	1
000170	6F78	MOVWF PRINTLOCX,BANKED
	F	 0110 101A FFFF FFFF	1401
	A	 0110 101A 0111 1001	1
000172	6B79	CLRF PRINTLOCX_H,BANKED
	K	 0000 1110 KKKK KKKK	12
000174	0E0C	MOVLW 12
	F	 0110 111A FFFF FFFF	1402
	A	 0110 111A 0111 1010	1
000176	6F7A	MOVWF PRINTLOCY,BANKED
	F	 0110 101A FFFF FFFF	1403
	A	 0110 101A 0111 1011	1
000178	6B7B	CLRF PRINTLOCY_H,BANKED
	S	1111 DDDD DDDD DDDD:1100 SSSS SSSS SSSS	1462
	D	1111 DDDD DDDD DDDD:1100 0101 1011 0110	1362
00017A	C5B6 F552	MOVFF WORDNUMBER,LCDVALUE
	S	1111 DDDD DDDD DDDD:1100 SSSS SSSS SSSS	1463
	D	1111 DDDD DDDD DDDD:1100 0101 1011 0111	1363
00017E	C5B7 F553	MOVFF WORDNUMBER_H,LCDVALUE_H
	F	 0110 101A FFFF FFFF	1364
	A	 0110 101A 0101 0100	0
000182	6A54	CLRF LCDVALUE_U,ACCESS
	F	 0110 101A FFFF FFFF	1365
	A	 0110 101A 0101 0101	0
000184	6A55	CLRF LCDVALUE_E,ACCESS
	K	 0000 0001 00KK KKKK	0
000000	0100	BANKSEL 0
	K	1111 KKKK KKKK KKKK:1110 110S KKKK KKKK	8920
	S	1111 0000 0001 0001:1110 110S 0110 1100	0
000188	EC6C F011	CALL GLCDPRINT10
	F	 0110 100A FFFF FFFF	1337
	A	 0110 100A 0011 1001	0
00018C	6839	SETF GLCDFOREGROUND,ACCESS
	K	 0000 1110 KKKK KKKK	7
00018E	0E07	MOVLW 7
	F	 0110 111A FFFF FFFF	1338
	A	 0110 111A 0011 1010	0
000190	6E3A	MOVWF GLCDFOREGROUND_H,ACCESS
	K	 0000 1110 KKKK KKKK	3
000192	0E03	MOVLW 3
	F	 0110 111A FFFF FFFF	1335
	A	 0110 111A 0011 0111	0
000194	6E37	MOVWF GLCDFNTDEFAULTSIZE,ACCESS
	K	 0000 1110 KKKK KKKK	2
000196	0E02	MOVLW 2
	K	 0000 0001 00KK KKKK	5
000000	0105	BANKSEL PRINTLOCX
	F	 0110 111A FFFF FFFF	1400
	A	 0110 111A 0111 1000	1
00019A	6F78	MOVWF PRINTLOCX,BANKED
	F	 0110 101A FFFF FFFF	1401
	A	 0110 101A 0111 1001	1
00019C	6B79	CLRF PRINTLOCX_H,BANKED
	K	 0000 1110 KKKK KKKK	30
00019E	0E1E	MOVLW 30
	F	 0110 111A FFFF FFFF	1402
	A	 0110 111A 0111 1010	1
0001A0	6F7A	MOVWF PRINTLOCY,BANKED
	F	 0110 101A FFFF FFFF	1403
	A	 0110 101A 0111 1011	1
0001A2	6B7B	CLRF PRINTLOCY_H,BANKED
	S	1111 DDDD DDDD DDDD:1100 SSSS SSSS SSSS	1394
	D	1111 DDDD DDDD DDDD:1100 0101 0111 0010	1362
0001A4	C572 F552	MOVFF LONGNUMBER,LCDVALUE
	S	1111 DDDD DDDD DDDD:1100 SSSS SSSS SSSS	1395
	D	1111 DDDD DDDD DDDD:1100 0101 0111 0011	1363
0001A8	C573 F553	MOVFF LONGNUMBER_H,LCDVALUE_H
	S	1111 DDDD DDDD DDDD:1100 SSSS SSSS SSSS	1396
	D	1111 DDDD DDDD DDDD:1100 0101 0111 0100	1364
0001AC	C574 F554	MOVFF LONGNUMBER_U,LCDVALUE_U
	S	1111 DDDD DDDD DDDD:1100 SSSS SSSS SSSS	1397
	D	1111 DDDD DDDD DDDD:1100 0101 0111 0101	1365
0001B0	C575 F555	MOVFF LONGNUMBER_E,LCDVALUE_E
	K	 0000 0001 00KK KKKK	0
000000	0100	BANKSEL 0
	K	1111 KKKK KKKK KKKK:1110 110S KKKK KKKK	8920
	S	1111 0000 0001 0001:1110 110S 0110 1100	0
0001B6	EC6C F011	CALL GLCDPRINT10
	K	 0000 1110 KKKK KKKK	2
0001BA	0E02	MOVLW 2
	F	 0110 111A FFFF FFFF	1284
	A	 0110 111A 0000 0100	0
0001BC	6E04	MOVWF SYSWAITTEMPS,ACCESS
	K	1111 KKKK KKKK KKKK:1110 110S KKKK KKKK	6022
	S	1111 0000 0000 1011:1110 110S 1100 0011	0
0001BE	ECC3 F00B	CALL DELAY_S
	K	 0000 0001 00KK KKKK	5
000000	0105	BANKSEL SYSREPEATTEMP1
	F	 0010 11DA FFFF FFFF	1437
	D	 0010 11DA 1001 1101	1
	A	 0010 111A 1001 1101	1
0001C4	2F9D	DECFSZ SYSREPEATTEMP1,F,BANKED
	N	 1101 0NNN NNNN NNNN	1859
0001C6	D743	BRA SYSREPEATLOOP1
		SYSREPEATLOOPEND1
	K	 0000 1110 KKKK KKKK	31
0001C8	0E1F	MOVLW 31
	F	 0110 111A FFFF FFFF	1325
	A	 0110 111A 0010 1101	0
0001CA	6E2D	MOVWF GLCDBACKGROUND,ACCESS
	F	 0110 101A FFFF FFFF	1326
	A	 0110 101A 0010 1110	0
0001CC	6A2E	CLRF GLCDBACKGROUND_H,ACCESS
	K	 0000 0001 00KK KKKK	0
000000	0100	BANKSEL 0
	K	1111 KKKK KKKK KKKK:1110 110S KKKK KKKK	8176
	S	1111 0000 0000 1111:1110 110S 1111 1000	0
0001D0	ECF8 F00F	CALL GLCDCLS_ILI9341
	K	 0000 1110 KKKK KKKK	2
0001D4	0E02	MOVLW 2
	F	 0110 111A FFFF FFFF	1335
	A	 0110 111A 0011 0111	0
0001D6	6E37	MOVWF GLCDFNTDEFAULTSIZE,ACCESS
	K	 0000 0001 00KK KKKK	5
000000	0105	BANKSEL LONGNUMBER
	F	 0110 101A FFFF FFFF	1394
	A	 0110 101A 0111 0010	1
0001DA	6B72	CLRF LONGNUMBER,BANKED
	F	 0110 101A FFFF FFFF	1395
	A	 0110 101A 0111 0011	1
0001DC	6B73	CLRF LONGNUMBER_H,BANKED
	F	 0110 101A FFFF FFFF	1396
	A	 0110 101A 0111 0100	1
0001DE	6B74	CLRF LONGNUMBER_U,BANKED
	F	 0110 101A FFFF FFFF	1397
	A	 0110 101A 0111 0101	1
0001E0	6B75	CLRF LONGNUMBER_E,BANKED
	F	 0110 101A FFFF FFFF	1462
	A	 0110 101A 1011 0110	1
0001E2	6BB6	CLRF WORDNUMBER,BANKED
	F	 0110 101A FFFF FFFF	1463
	A	 0110 101A 1011 0111	1
0001E4	6BB7	CLRF WORDNUMBER_H,BANKED
	F	 0110 101A FFFF FFFF	1294
	A	 0110 101A 0000 1110	0
0001E6	6A0E	CLRF BYTENUMBER,ACCESS
		SYSSELECT1CASE1
	F	 0000 01DA FFFF FFFF	1335
	D	 0000 01DA 0011 0111	0
	A	 0000 010A 0011 0111	0
0001E8	0437	DECF GLCDFNTDEFAULTSIZE,W,ACCESS
	F	 1010 BBBA FFFF FFFF	1240
	B	 1010 BBBA 1101 1000	2
	A	 1010 010A 1101 1000	0
0001EA	A4D8	BTFSS STATUS, Z,ACCESS
	N	 1101 0NNN NNNN NNNN	4
0001EC	D004	BRA SYSSELECT1CASE2
	K	 0000 0001 00KK KKKK	0
000000	0100	BANKSEL 0
	K	1111 KKKK KKKK KKKK:1110 110S KKKK KKKK	10540
	S	1111 0000 0001 0100:1110 110S 1001 0110	0
0001F0	EC96 F014	CALL SHOWCASE1
	N	 1101 0NNN NNNN NNNN	124
0001F4	D07C	BRA SYSSELECTEND1
		SYSSELECT1CASE2
	K	 0000 1110 KKKK KKKK	2
0001F6	0E02	MOVLW 2
	F	 0101 11DA FFFF FFFF	1335
	D	 0101 11DA 0011 0111	0
	A	 0101 110A 0011 0111	0
0001F8	5C37	SUBWF GLCDFNTDEFAULTSIZE,W,ACCESS
	F	 1010 BBBA FFFF FFFF	1240
	B	 1010 BBBA 1101 1000	2
	A	 1010 010A 1101 1000	0
0001FA	A4D8	BTFSS STATUS, Z,ACCESS
	N	 1101 0NNN NNNN NNNN	4
0001FC	D004	BRA SYSSELECT1CASE3
	K	 0000 0001 00KK KKKK	0
000000	0100	BANKSEL 0
	K	1111 KKKK KKKK KKKK:1110 110S KKKK KKKK	12188
	S	1111 0000 0001 0111:1110 110S 1100 1110	0
000200	ECCE F017	CALL SHOWCASE2
	N	 1101 0NNN NNNN NNNN	116
000204	D074	BRA SYSSELECTEND1
		SYSSELECT1CASE3
	K	 0000 1110 KKKK KKKK	3
000206	0E03	MOVLW 3
	F	 0101 11DA FFFF FFFF	1335
	D	 0101 11DA 0011 0111	0
	A	 0101 110A 0011 0111	0
000208	5C37	SUBWF GLCDFNTDEFAULTSIZE,W,ACCESS
	F	 1010 BBBA FFFF FFFF	1240
	B	 1010 BBBA 1101 1000	2
	A	 1010 010A 1101 1000	0
00020A	A4D8	BTFSS STATUS, Z,ACCESS
	N	 1101 0NNN NNNN NNNN	112
00020C	D070	BRA SYSSELECTEND1
	K	 0000 1110 KKKK KKKK	2
00020E	0E02	MOVLW 2
	F	 0110 111A FFFF FFFF	1411
	A	 0110 111A 1000 0011	1
000210	6F83	MOVWF STRINGLOCX,BANKED
	F	 0110 101A FFFF FFFF	1412
	A	 0110 101A 1000 0100	1
000212	6B84	CLRF STRINGLOCX_H,BANKED
	K	 0000 1110 KKKK KKKK	1
000214	0E01	MOVLW 1
	F	 0110 111A FFFF FFFF	1302
	A	 0110 111A 0001 0110	0
000216	6E16	MOVWF CHARLOCY,ACCESS
	F	 0110 101A FFFF FFFF	1303
	A	 0110 101A 0001 0111	0
000218	6A17	CLRF CHARLOCY_H,ACCESS
	F	1110 1110 00FF KKKK:1111 00KK KKKK KKKK	1
	K	1110 1110 0001 KKKK:1111 00KK KKKK KKKK	5318
00021A	EE15 F0C6	LFSR 1,SYSSTRINGPARAM1
	K	 0000 1110 KKKK KKKK	174
00021E	0EAE	MOVLW LOW STRINGTABLE2
	F	 0110 111A FFFF FFFF	1270
	A	 0110 111A 1111 0110	0
000220	6EF6	MOVWF TBLPTRL,ACCESS
	K	 0000 1110 KKKK KKKK	59
000222	0E3B	MOVLW HIGH STRINGTABLE2
	F	 0110 111A FFFF FFFF	1271
	A	 0110 111A 1111 0111	0
000224	6EF7	MOVWF TBLPTRH,ACCESS
	K	 0000 1110 KKKK KKKK	0
000226	0E00	MOVLW UPPER STRINGTABLE2
	F	 0110 111A FFFF FFFF	1272
	A	 0110 111A 1111 1000	0
000228	6EF8	MOVWF TBLPTRU,ACCESS
	K	 0000 0001 00KK KKKK	0
000000	0100	BANKSEL 0
	K	1111 KKKK KKKK KKKK:1110 110S KKKK KKKK	15222
	S	1111 0000 0001 1101:1110 110S 1011 1011	0
00022C	ECBB F01D	CALL SYSREADSTRING
	K	 0000 1110 KKKK KKKK	198
000230	0EC6	MOVLW LOW SYSSTRINGPARAM1
	K	 0000 0001 00KK KKKK	5
000000	0105	BANKSEL SYSCHARSHANDLER
	F	 0110 111A FFFF FFFF	1417
	A	 0110 111A 1000 1001	1
000234	6F89	MOVWF SYSCHARSHANDLER,BANKED
	K	 0000 1110 KKKK KKKK	20
000236	0E14	MOVLW HIGH SYSSTRINGPARAM1
	F	 0110 111A FFFF FFFF	1418
	A	 0110 111A 1000 1010	1
000238	6F8A	MOVWF SYSCHARSHANDLER_H,BANKED
	S	1111 DDDD DDDD DDDD:1100 SSSS SSSS SSSS	1337
	D	1111 DDDD DDDD DDDD:1100 0101 0011 1001	1366
00023A	C539 F556	MOVFF GLCDFOREGROUND,LINECOLOUR
	S	1111 DDDD DDDD DDDD:1100 SSSS SSSS SSSS	1338
	D	1111 DDDD DDDD DDDD:1100 0101 0011 1010	1367
00023E	C53A F557	MOVFF GLCDFOREGROUND_H,LINECOLOUR_H
	K	 0000 0001 00KK KKKK	0
000000	0100	BANKSEL 0
	K	1111 KKKK KKKK KKKK:1110 110S KKKK KKKK	8670
	S	1111 0000 0001 0000:1110 110S 1110 1111	0
000244	ECEF F010	CALL GLCDDRAWSTRING_ILI9341
	K	 0000 1110 KKKK KKKK	2
000248	0E02	MOVLW 2
	K	 0000 0001 00KK KKKK	5
000000	0105	BANKSEL STRINGLOCX
	F	 0110 111A FFFF FFFF	1411
	A	 0110 111A 1000 0011	1
00024C	6F83	MOVWF STRINGLOCX,BANKED
	F	 0110 101A FFFF FFFF	1412
	A	 0110 101A 1000 0100	1
00024E	6B84	CLRF STRINGLOCX_H,BANKED
	K	 0000 1110 KKKK KKKK	25
000250	0E19	MOVLW 25
	F	 0110 111A FFFF FFFF	1302
	A	 0110 111A 0001 0110	0
000252	6E16	MOVWF CHARLOCY,ACCESS
	F	 0110 101A FFFF FFFF	1303
	A	 0110 101A 0001 0111	0
000254	6A17	CLRF CHARLOCY_H,ACCESS
	F	1110 1110 00FF KKKK:1111 00KK KKKK KKKK	1
	K	1110 1110 0001 KKKK:1111 00KK KKKK KKKK	5318
000256	EE15 F0C6	LFSR 1,SYSSTRINGPARAM1
	K	 0000 1110 KKKK KKKK	184
00025A	0EB8	MOVLW LOW STRINGTABLE3
	F	 0110 111A FFFF FFFF	1270
	A	 0110 111A 1111 0110	0
00025C	6EF6	MOVWF TBLPTRL,ACCESS
	K	 0000 1110 KKKK KKKK	59
00025E	0E3B	MOVLW HIGH STRINGTABLE3
	F	 0110 111A FFFF FFFF	1271
	A	 0110 111A 1111 0111	0
000260	6EF7	MOVWF TBLPTRH,ACCESS
	K	 0000 1110 KKKK KKKK	0
000262	0E00	MOVLW UPPER STRINGTABLE3
	F	 0110 111A FFFF FFFF	1272
	A	 0110 111A 1111 1000	0
000264	6EF8	MOVWF TBLPTRU,ACCESS
	K	 0000 0001 00KK KKKK	0
000000	0100	BANKSEL 0
	K	1111 KKKK KKKK KKKK:1110 110S KKKK KKKK	15222
	S	1111 0000 0001 1101:1110 110S 1011 1011	0
000268	ECBB F01D	CALL SYSREADSTRING
	K	 0000 1110 KKKK KKKK	198
00026C	0EC6	MOVLW LOW SYSSTRINGPARAM1
	K	 0000 0001 00KK KKKK	5
000000	0105	BANKSEL SYSCHARSHANDLER
	F	 0110 111A FFFF FFFF	1417
	A	 0110 111A 1000 1001	1
000270	6F89	MOVWF SYSCHARSHANDLER,BANKED
	K	 0000 1110 KKKK KKKK	20
000272	0E14	MOVLW HIGH SYSSTRINGPARAM1
	F	 0110 111A FFFF FFFF	1418
	A	 0110 111A 1000 1010	1
000274	6F8A	MOVWF SYSCHARSHANDLER_H,BANKED
	S	1111 DDDD DDDD DDDD:1100 SSSS SSSS SSSS	1337
	D	1111 DDDD DDDD DDDD:1100 0101 0011 1001	1366
000276	C539 F556	MOVFF GLCDFOREGROUND,LINECOLOUR
	S	1111 DDDD DDDD DDDD:1100 SSSS SSSS SSSS	1338
	D	1111 DDDD DDDD DDDD:1100 0101 0011 1010	1367
00027A	C53A F557	MOVFF GLCDFOREGROUND_H,LINECOLOUR_H
	K	 0000 0001 00KK KKKK	0
000000	0100	BANKSEL 0
	K	1111 KKKK KKKK KKKK:1110 110S KKKK KKKK	8670
	S	1111 0000 0001 0000:1110 110S 1110 1111	0
000280	ECEF F010	CALL GLCDDRAWSTRING_ILI9341
	K	 0000 0001 00KK KKKK	5
000000	0105	BANKSEL LINEX1
	F	 0110 101A FFFF FFFF	1382
	A	 0110 101A 0110 0110	1
000286	6B66	CLRF LINEX1,BANKED
	F	 0110 101A FFFF FFFF	1383
	A	 0110 101A 0110 0111	1
000288	6B67	CLRF LINEX1_H,BANKED
	F	 0110 101A FFFF FFFF	1386
	A	 0110 101A 0110 1010	1
00028A	6B6A	CLRF LINEY1,BANKED
	F	 0110 101A FFFF FFFF	1387
	A	 0110 101A 0110 1011	1
00028C	6B6B	CLRF LINEY1_H,BANKED
	K	 0000 1110 KKKK KKKK	1
00028E	0E01	MOVLW 1
	F	 0101 11DA FFFF FFFF	1331
	D	 0101 11DA 0011 0011	0
	A	 0101 110A 0011 0011	0
000290	5C33	SUBWF GLCDDEVICEWIDTH,W,ACCESS
	F	 0110 111A FFFF FFFF	1384
	A	 0110 111A 0110 1000	1
000292	6F68	MOVWF LINEX2,BANKED
	K	 0000 1110 KKKK KKKK	0
000294	0E00	MOVLW 0
	F	 0101 10DA FFFF FFFF	1332
	D	 0101 10DA 0011 0100	0
	A	 0101 100A 0011 0100	0
000296	5834	SUBWFB GLCDDEVICEWIDTH_H,W,ACCESS
	F	 0110 111A FFFF FFFF	1385
	A	 0110 111A 0110 1001	1
000298	6F69	MOVWF LINEX2_H,BANKED
	K	 0000 1110 KKKK KKKK	1
00029A	0E01	MOVLW 1
	F	 0101 11DA FFFF FFFF	1329
	D	 0101 11DA 0011 0001	0
	A	 0101 110A 0011 0001	0
00029C	5C31	SUBWF GLCDDEVICEHEIGHT,W,ACCESS
	F	 0110 111A FFFF FFFF	1388
	A	 0110 111A 0110 1100	1
00029E	6F6C	MOVWF LINEY2,BANKED
	K	 0000 1110 KKKK KKKK	0
0002A0	0E00	MOVLW 0
	F	 0101 10DA FFFF FFFF	1330
	D	 0101 10DA 0011 0010	0
	A	 0101 100A 0011 0010	0
0002A2	5832	SUBWFB GLCDDEVICEHEIGHT_H,W,ACCESS
	F	 0110 111A FFFF FFFF	1389
	A	 0110 111A 0110 1101	1
0002A4	6F6D	MOVWF LINEY2_H,BANKED
	K	 0000 1110 KKKK KKKK	31
0002A6	0E1F	MOVLW 31
	F	 0110 111A FFFF FFFF	1366
	A	 0110 111A 0101 0110	0
0002A8	6E56	MOVWF LINECOLOUR,ACCESS
	F	 0110 101A FFFF FFFF	1367
	A	 0110 101A 0101 0111	0
0002AA	6A57	CLRF LINECOLOUR_H,ACCESS
	K	 0000 0001 00KK KKKK	0
000000	0100	BANKSEL 0
	K	1111 KKKK KKKK KKKK:1110 110S KKKK KKKK	4148
	S	1111 0000 0000 1000:1110 110S 0001 1010	0
0002AE	EC1A F008	CALL BOX19
	K	 0000 1110 KKKK KKKK	5
0002B2	0E05	MOVLW 5
	F	 0101 11DA FFFF FFFF	1331
	D	 0101 11DA 0011 0011	0
	A	 0101 110A 0011 0011	0
0002B4	5C33	SUBWF GLCDDEVICEWIDTH,W,ACCESS
	K	 0000 0001 00KK KKKK	5
000000	0105	BANKSEL LINEX1
	F	 0110 111A FFFF FFFF	1382
	A	 0110 111A 0110 0110	1
0002B8	6F66	MOVWF LINEX1,BANKED
	K	 0000 1110 KKKK KKKK	0
0002BA	0E00	MOVLW 0
	F	 0101 10DA FFFF FFFF	1332
	D	 0101 10DA 0011 0100	0
	A	 0101 100A 0011 0100	0
0002BC	5834	SUBWFB GLCDDEVICEWIDTH_H,W,ACCESS
	F	 0110 111A FFFF FFFF	1383
	A	 0110 111A 0110 0111	1
0002BE	6F67	MOVWF LINEX1_H,BANKED
	K	 0000 1110 KKKK KKKK	5
0002C0	0E05	MOVLW 5
	F	 0101 11DA FFFF FFFF	1329
	D	 0101 11DA 0011 0001	0
	A	 0101 110A 0011 0001	0
0002C2	5C31	SUBWF GLCDDEVICEHEIGHT,W,ACCESS
	F	 0110 111A FFFF FFFF	1386
	A	 0110 111A 0110 1010	1
0002C4	6F6A	MOVWF LINEY1,BANKED
	K	 0000 1110 KKKK KKKK	0
0002C6	0E00	MOVLW 0
	F	 0101 10DA FFFF FFFF	1330
	D	 0101 10DA 0011 0010	0
	A	 0101 100A 0011 0010	0
0002C8	5832	SUBWFB GLCDDEVICEHEIGHT_H,W,ACCESS
	F	 0110 111A FFFF FFFF	1387
	A	 0110 111A 0110 1011	1
0002CA	6F6B	MOVWF LINEY1_H,BANKED
	K	 0000 1110 KKKK KKKK	1
0002CC	0E01	MOVLW 1
	F	 0101 11DA FFFF FFFF	1331
	D	 0101 11DA 0011 0011	0
	A	 0101 110A 0011 0011	0
0002CE	5C33	SUBWF GLCDDEVICEWIDTH,W,ACCESS
	F	 0110 111A FFFF FFFF	1384
	A	 0110 111A 0110 1000	1
0002D0	6F68	MOVWF LINEX2,BANKED
	K	 0000 1110 KKKK KKKK	0
0002D2	0E00	MOVLW 0
	F	 0101 10DA FFFF FFFF	1332
	D	 0101 10DA 0011 0100	0
	A	 0101 100A 0011 0100	0
0002D4	5834	SUBWFB GLCDDEVICEWIDTH_H,W,ACCESS
	F	 0110 111A FFFF FFFF	1385
	A	 0110 111A 0110 1001	1
0002D6	6F69	MOVWF LINEX2_H,BANKED
	K	 0000 1110 KKKK KKKK	1
0002D8	0E01	MOVLW 1
	F	 0101 11DA FFFF FFFF	1329
	D	 0101 11DA 0011 0001	0
	A	 0101 110A 0011 0001	0
0002DA	5C31	SUBWF GLCDDEVICEHEIGHT,W,ACCESS
	F	 0110 111A FFFF FFFF	1388
	A	 0110 111A 0110 1100	1
0002DC	6F6C	MOVWF LINEY2,BANKED
	K	 0000 1110 KKKK KKKK	0
0002DE	0E00	MOVLW 0
	F	 0101 10DA FFFF FFFF	1330
	D	 0101 10DA 0011 0010	0
	A	 0101 100A 0011 0010	0
0002E0	5832	SUBWFB GLCDDEVICEHEIGHT_H,W,ACCESS
	F	 0110 111A FFFF FFFF	1389
	A	 0110 111A 0110 1101	1
0002E2	6F6D	MOVWF LINEY2_H,BANKED
	F	 0110 100A FFFF FFFF	1366
	A	 0110 100A 0101 0110	0
0002E4	6856	SETF LINECOLOUR,ACCESS
	F	 0110 100A FFFF FFFF	1367
	A	 0110 100A 0101 0111	0
0002E6	6857	SETF LINECOLOUR_H,ACCESS
	K	 0000 0001 00KK KKKK	0
000000	0100	BANKSEL 0
	K	1111 KKKK KKKK KKKK:1110 110S KKKK KKKK	4148
	S	1111 0000 0000 1000:1110 110S 0001 1010	0
0002EA	EC1A F008	CALL BOX19
		SYSSELECTEND1
	N	 1101 0NNN NNNN NNNN	0
0002EE	D000	BRA BASPROGRAMEND
		BASPROGRAMEND
0002F0	0003	SLEEP
	N	 1101 0NNN NNNN NNNN	2046
0002F2	D7FE	BRA BASPROGRAMEND


		BIGFONT102_111
	K	 0000 1110 KKKK KKKK	239
0002F4	0EEF	MOVLW 239
	F	 0110 000A FFFF FFFF	1287
	A	 0110 000A 0000 0111	0
0002F6	6007	CPFSLT SYSSTRINGA,ACCESS
	K	 0000 1100 KKKK KKKK	0
0002F8	0C00	RETLW 0
	F	 0101 00DA FFFF FFFF	1287
	D	 0101 00DA 0000 0111	0
	A	 0101 000A 0000 0111	0
0002FA	5007	MOVF SYSSTRINGA, W,ACCESS
	K	 0000 1111 KKKK KKKK	22
0002FC	0F16	ADDLW LOW TABLEBIGFONT102_111
	F	 0110 111A FFFF FFFF	1270
	A	 0110 111A 1111 0110	0
0002FE	6EF6	MOVWF TBLPTRL,ACCESS
	K	 0000 1110 KKKK KKKK	3
000300	0E03	MOVLW HIGH TABLEBIGFONT102_111
	F	 1011 BBBA FFFF FFFF	1240
	B	 1011 BBBA 1101 1000	0
	A	 1011 000A 1101 1000	0
000302	B0D8	BTFSC STATUS, C,ACCESS
	K	 0000 1111 KKKK KKKK	1
000304	0F01	ADDLW 1
	F	 0110 111A FFFF FFFF	1271
	A	 0110 111A 1111 0111	0
000306	6EF7	MOVWF TBLPTRH,ACCESS
	K	 0000 1110 KKKK KKKK	0
000308	0E00	MOVLW UPPER TABLEBIGFONT102_111
	F	 1011 BBBA FFFF FFFF	1240
	B	 1011 BBBA 1101 1000	0
	A	 1011 000A 1101 1000	0
00030A	B0D8	BTFSC STATUS, C,ACCESS
	K	 0000 1111 KKKK KKKK	1
00030C	0F01	ADDLW 1
	F	 0110 111A FFFF FFFF	1272
	A	 0110 111A 1111 1000	0
00030E	6EF8	MOVWF TBLPTRU,ACCESS
000310	0008	TBLRD*
	F	 0101 00DA FFFF FFFF	1269
	D	 0101 00DA 1111 0101	0
	A	 0101 000A 1111 0101	0
000312	50F5	MOVF TABLAT, W,ACCESS
	S	 0000 0000 0001 001S	0
000314	0012	RETURN
		TABLEBIGFONT102_111
000316	00F0 8080 FCF8 84FC 9C9C 0018 0000 2121 3F3F 213F 0121 0000 0000	RAW 00F0,8080,FCF8,84FC,9C9C,0018,0000,2121,3F3F,213F,0121,0000,0000
000330	C080 40C0 4040 80C0 40C0 0000 CF47 98DF 9898 FFFF 007F 0000	RAW C080,40C0,4040,80C0,40C0,0000,CF47,98DF,9898,FFFF,007F,0000
000348	FC04 FCFC 4080 C040 80C0 0000 3F20 3F3F 0001 3F00 3F3F 0000 4000 4040	RAW FC04,FCFC,4080,C040,80C0,0000,3F20,3F3F,0001,3F00,3F3F,0000,4000,4040
000364	DCDC 00DC 0000 0000 2000 2020 3F3F 203F 2020 0000 0000 4000 4040 DCDC	RAW DCDC,00DC,0000,0000,2000,2020,3F3F,203F,2020,0000,0000,4000,4040,DCDC
000380	00DC 0000 6020 80E0 C080 FFFF 007F 0000 FC04 FCFC 0000 C080 40C0	RAW 00DC,0000,6020,80E0,C080,FFFF,007F,0000,FC04,FCFC,0000,C080,40C0
00039A	0000 3F20 3F3F 0702 3D0F 3038 0000 0400 0404 FCFC 00FC 0000 0000 2000 2020 3F3F	RAW 0000,3F20,3F3F,0702,3D0F,3038,0000,0400,0404,FCFC,00FC,0000,0000,2000,2020,3F3F
0003BA	203F 2020 0000 C0C0 40C0 C040 4040 C0C0 0080 3F3F 003F 3F00 0000	RAW 203F,2020,0000,C0C0,40C0,C040,4040,C0C0,0080,3F3F,003F,3F00,0000
0003D4	3F3F 003F C0C0 40C0 4040 C0C0 0080 0000 3F3F 003F 0000 3F3F 003F 0000	RAW 3F3F,003F,C0C0,40C0,4040,C0C0,0080,0000,3F3F,003F,0000,3F3F,003F,0000
0003F0	C080 40C0 4040 C0C0 0080 0000 3F1F 203F 2020 3F3F 001F	RAW C080,40C0,4040,C0C0,0080,0000,3F1F,203F,2020,3F3F,001F


		BIGFONT112_121
	K	 0000 1110 KKKK KKKK	240
000406	0EF0	MOVLW 240
	F	 0110 000A FFFF FFFF	1287
	A	 0110 000A 0000 0111	0
000408	6007	CPFSLT SYSSTRINGA,ACCESS
	K	 0000 1100 KKKK KKKK	0
00040A	0C00	RETLW 0
	F	 0101 00DA FFFF FFFF	1287
	D	 0101 00DA 0000 0111	0
	A	 0101 000A 0000 0111	0
00040C	5007	MOVF SYSSTRINGA, W,ACCESS
	K	 0000 1111 KKKK KKKK	40
00040E	0F28	ADDLW LOW TABLEBIGFONT112_121
	F	 0110 111A FFFF FFFF	1270
	A	 0110 111A 1111 0110	0
000410	6EF6	MOVWF TBLPTRL,ACCESS
	K	 0000 1110 KKKK KKKK	4
000412	0E04	MOVLW HIGH TABLEBIGFONT112_121
	F	 1011 BBBA FFFF FFFF	1240
	B	 1011 BBBA 1101 1000	0
	A	 1011 000A 1101 1000	0
000414	B0D8	BTFSC STATUS, C,ACCESS
	K	 0000 1111 KKKK KKKK	1
000416	0F01	ADDLW 1
	F	 0110 111A FFFF FFFF	1271
	A	 0110 111A 1111 0111	0
000418	6EF7	MOVWF TBLPTRH,ACCESS
	K	 0000 1110 KKKK KKKK	0
00041A	0E00	MOVLW UPPER TABLEBIGFONT112_121
	F	 1011 BBBA FFFF FFFF	1240
	B	 1011 BBBA 1101 1000	0
	A	 1011 000A 1101 1000	0
00041C	B0D8	BTFSC STATUS, C,ACCESS
	K	 0000 1111 KKKK KKKK	1
00041E	0F01	ADDLW 1
	F	 0110 111A FFFF FFFF	1272
	A	 0110 111A 1111 1000	0
000420	6EF8	MOVWF TBLPTRU,ACCESS
000422	0008	TBLRD*
	F	 0101 00DA FFFF FFFF	1269
	D	 0101 00DA 1111 0101	0
	A	 0101 000A 1111 0101	0
000424	50F5	MOVF TABLAT, W,ACCESS
	S	 0000 0000 0001 001S	0
000426	0012	RETURN
		TABLEBIGFONT112_121
000428	00F0 C040 C080 4040 C040 80C0 0000 FF80 FFFF 1090 1F10 0F1F	RAW 00F0,C040,C080,4040,C040,80C0,0000,FF80,FFFF,1090,1F10,0F1F
000440	8000 C0C0 4040 C040 C080 0040 0F00 1F1F 1010 FF90 FFFF 0080	RAW 8000,C0C0,4040,C040,C080,0040,0F00,1F1F,1010,FF90,FFFF,0080
000458	0000 C040 C0C0 C080 C0C0 80C0 0000 3F20 3F3F 0021 0100 0101 0000 C080	RAW 0000,C040,C0C0,C080,C0C0,80C0,0000,3F20,3F3F,0021,0100,0101,0000,C080
000474	40C0 4040 C040 0080 0000 3B19 2623 2626 3D3C 0019 0000 4040 F0E0	RAW 40C0,4040,C040,0080,0000,3B19,2623,2626,3D3C,0019,0000,4040,F0E0
00048E	40F8 4040 0040 0000 0000 3F1F 203F 3838 0018 0000 C0C0 00C0 0000 C0C0	RAW 40F8,4040,0040,0000,0000,3F1F,203F,3838,0018,0000,C0C0,00C0,0000,C0C0
0004AA	00C0 0000 3F1F 203F 2020 1F3F 203F 0000 C0C0 00C0 0000 C0C0 00C0 0000	RAW 00C0,0000,3F1F,203F,2020,1F3F,203F,0000,C0C0,00C0,0000,C0C0,00C0,0000
0004C6	0F07 381F 3830 0F1F 0007 0000 C0C0 00C0 0000 0000 C0C0 00C0 0F07 383F	RAW 0F07,381F,3830,0F1F,0007,0000,C0C0,00C0,0000,0000,C0C0,00C0,0F07,383F
0004E2	0E38 3838 0F3F 0007 C0C0 00C0 C000 C0C0 0000 0000 3930 0F3F 3F0F 3039	RAW 0E38,3838,0F3F,0007,C0C0,00C0,C000,C0C0,0000,0000,3930,0F3F,3F0F,3039
0004FE	0000 0000 C000 C0C0 0000 C000 C0C0 0000 8780 9F8F F8D8 3F78 070F	RAW 0000,0000,C000,C0C0,0000,C000,C0C0,0000,8780,9F8F,F8D8,3F78,070F


		BIGFONT122_126
	K	 0000 1110 KKKK KKKK	109
000518	0E6D	MOVLW 109
	F	 0110 000A FFFF FFFF	1287
	A	 0110 000A 0000 0111	0
00051A	6007	CPFSLT SYSSTRINGA,ACCESS
	K	 0000 1100 KKKK KKKK	0
00051C	0C00	RETLW 0
	F	 0101 00DA FFFF FFFF	1287
	D	 0101 00DA 0000 0111	0
	A	 0101 000A 0000 0111	0
00051E	5007	MOVF SYSSTRINGA, W,ACCESS
	K	 0000 1111 KKKK KKKK	58
000520	0F3A	ADDLW LOW TABLEBIGFONT122_126
	F	 0110 111A FFFF FFFF	1270
	A	 0110 111A 1111 0110	0
000522	6EF6	MOVWF TBLPTRL,ACCESS
	K	 0000 1110 KKKK KKKK	5
000524	0E05	MOVLW HIGH TABLEBIGFONT122_126
	F	 1011 BBBA FFFF FFFF	1240
	B	 1011 BBBA 1101 1000	0
	A	 1011 000A 1101 1000	0
000526	B0D8	BTFSC STATUS, C,ACCESS
	K	 0000 1111 KKKK KKKK	1
000528	0F01	ADDLW 1
	F	 0110 111A FFFF FFFF	1271
	A	 0110 111A 1111 0111	0
00052A	6EF7	MOVWF TBLPTRH,ACCESS
	K	 0000 1110 KKKK KKKK	0
00052C	0E00	MOVLW UPPER TABLEBIGFONT122_126
	F	 1011 BBBA FFFF FFFF	1240
	B	 1011 BBBA 1101 1000	0
	A	 1011 000A 1101 1000	0
00052E	B0D8	BTFSC STATUS, C,ACCESS
	K	 0000 1111 KKKK KKKK	1
000530	0F01	ADDLW 1
	F	 0110 111A FFFF FFFF	1272
	A	 0110 111A 1111 1000	0
000532	6EF8	MOVWF TBLPTRU,ACCESS
000534	0008	TBLRD*
	F	 0101 00DA FFFF FFFF	1269
	D	 0101 00DA 1111 0101	0
	A	 0101 000A 1111 0101	0
000536	50F5	MOVF TABLAT, W,ACCESS
	S	 0000 0000 0001 001S	0
000538	0012	RETURN
		TABLEBIGFONT122_126
00053A	0078 C0C0 4040 C040 C0C0 0000 0000 3831 2E3C 2327 3831 0000 0000 8080	RAW 0078,C0C0,4040,C040,C0C0,0000,0000,3831,2E3C,2327,3831,0000,0000,8080
000556	78C0 3C7C 0404 0404 0000 0101 1E03 3C3E 2020 2020 0000 0000 0000 FEFE 00FE	RAW 78C0,3C7C,0404,0404,0000,0101,1E03,3C3E,2020,2020,0000,0000,0000,FEFE,00FE
000574	0000 0000 0000 0000 7F7F 007F 0000 0000 0404 0404 7C3C C078 8080 0000 2020	RAW 0000,0000,0000,0000,7F7F,007F,0000,0000,0404,0404,7C3C,C078,8080,0000,2020
000592	2020 3E3C 031E 0101 3800 3C3C 0C04 381C 2030 3C3C 001C	RAW 2020,3E3C,031E,0101,3800,3C3C,0C04,381C,2030,3C3C,001C


		BIGFONT193_202
	K	 0000 1110 KKKK KKKK	240
0005A8	0EF0	MOVLW 240
	F	 0110 000A FFFF FFFF	1287
	A	 0110 000A 0000 0111	0
0005AA	6007	CPFSLT SYSSTRINGA,ACCESS
	K	 0000 1100 KKKK KKKK	0
0005AC	0C00	RETLW 0
	F	 0101 00DA FFFF FFFF	1287
	D	 0101 00DA 0000 0111	0
	A	 0101 000A 0000 0111	0
0005AE	5007	MOVF SYSSTRINGA, W,ACCESS
	K	 0000 1111 KKKK KKKK	202
0005B0	0FCA	ADDLW LOW TABLEBIGFONT193_202
	F	 0110 111A FFFF FFFF	1270
	A	 0110 111A 1111 0110	0
0005B2	6EF6	MOVWF TBLPTRL,ACCESS
	K	 0000 1110 KKKK KKKK	5
0005B4	0E05	MOVLW HIGH TABLEBIGFONT193_202
	F	 1011 BBBA FFFF FFFF	1240
	B	 1011 BBBA 1101 1000	0
	A	 1011 000A 1101 1000	0
0005B6	B0D8	BTFSC STATUS, C,ACCESS
	K	 0000 1111 KKKK KKKK	1
0005B8	0F01	ADDLW 1
	F	 0110 111A FFFF FFFF	1271
	A	 0110 111A 1111 0111	0
0005BA	6EF7	MOVWF TBLPTRH,ACCESS
	K	 0000 1110 KKKK KKKK	0
0005BC	0E00	MOVLW UPPER TABLEBIGFONT193_202
	F	 1011 BBBA FFFF FFFF	1240
	B	 1011 BBBA 1101 1000	0
	A	 1011 000A 1101 1000	0
0005BE	B0D8	BTFSC STATUS, C,ACCESS
	K	 0000 1111 KKKK KKKK	1
0005C0	0F01	ADDLW 1
	F	 0110 111A FFFF FFFF	1272
	A	 0110 111A 1111 1000	0
0005C2	6EF8	MOVWF TBLPTRU,ACCESS
0005C4	0008	TBLRD*
	F	 0101 00DA FFFF FFFF	1269
	D	 0101 00DA 1111 0101	0
	A	 0101 000A 1111 0101	0
0005C6	50F5	MOVF TABLAT, W,ACCESS
	S	 0000 0000 0001 001S	0
0005C8	0012	RETURN
		TABLEBIGFONT193_202
0005CA	00F0 F0E0 1CF8 0C0C F81C E0F0 0000 3F3F 023F 0202 3F02 3F3F 0000 FC04	RAW 00F0,F0E0,1CF8,0C0C,F81C,E0F0,0000,3F3F,023F,0202,3F02,3F3F,0000,FC04
0005E6	FCFC 8484 FC84 78FC 0000 3F20 3F3F 2424 3F24 1E3F 0000 FC00 FCFC	RAW FCFC,8484,FC84,78FC,0000,3F20,3F3F,2424,3F24,1E3F,0000,FC00,FCFC
000600	0C0C 0C0C 000C 0000 3F00 3F3F 0000 0000 0000 0000 F0E0 1CF8 0C0C F81C E0F0	RAW 0C0C,0C0C,000C,0000,3F00,3F3F,0000,0000,0000,0000,F0E0,1CF8,0C0C,F81C,E0F0
00061E	0000 3F3F 303F 3030 3F30 3F3F 0000 FC04 FCFC 8484 C484 1CCC 0000	RAW 0000,3F3F,303F,3030,3F30,3F3F,0000,FC04,FCFC,8484,C484,1CCC,0000
000638	3F20 3F3F 2424 2324 3833 0000 1C3C 040C C484 7CE4 1C3C 0000 3C38 273E	RAW 3F20,3F3F,2424,2324,3833,0000,1C3C,040C,C484,7CE4,1C3C,0000,3C38,273E
000654	2423 3020 3C38 0000 FCFC 80FC 8080 FCFC 00FC 0000 3F3F 013F 0101	RAW 2423,3020,3C38,0000,FCFC,80FC,8080,FCFC,00FC,0000,3F3F,013F,0101
00066E	3F3F 003F 0000 F0E0 9CF8 8C8C 9C8C F0F8 00E0 0F07 391F 3131	RAW 3F3F,003F,0000,F0E0,9CF8,8C8C,9C8C,F0F8,00E0,0F07,391F,3131
000686	3931 0F1F 0007 0400 FC04 FCFC 0404 0000 0000 2000 3F20 3F3F 2020 0000 0000 FC04	RAW 3931,0F1F,0007,0400,FC04,FCFC,0404,0000,0000,2000,3F20,3F3F,2020,0000,0000,FC04
0006A6	FCFC E0C0 3C70 0C1C 0000 3F20 3F3F 0703 3C0E 3038	RAW FCFC,E0C0,3C70,0C1C,0000,3F20,3F3F,0703,3C0E,3038


		BIGFONT203_212
	K	 0000 1110 KKKK KKKK	238
0006BA	0EEE	MOVLW 238
	F	 0110 000A FFFF FFFF	1287
	A	 0110 000A 0000 0111	0
0006BC	6007	CPFSLT SYSSTRINGA,ACCESS
	K	 0000 1100 KKKK KKKK	0
0006BE	0C00	RETLW 0
	F	 0101 00DA FFFF FFFF	1287
	D	 0101 00DA 0000 0111	0
	A	 0101 000A 0000 0111	0
0006C0	5007	MOVF SYSSTRINGA, W,ACCESS
	K	 0000 1111 KKKK KKKK	220
0006C2	0FDC	ADDLW LOW TABLEBIGFONT203_212
	F	 0110 111A FFFF FFFF	1270
	A	 0110 111A 1111 0110	0
0006C4	6EF6	MOVWF TBLPTRL,ACCESS
	K	 0000 1110 KKKK KKKK	6
0006C6	0E06	MOVLW HIGH TABLEBIGFONT203_212
	F	 1011 BBBA FFFF FFFF	1240
	B	 1011 BBBA 1101 1000	0
	A	 1011 000A 1101 1000	0
0006C8	B0D8	BTFSC STATUS, C,ACCESS
	K	 0000 1111 KKKK KKKK	1
0006CA	0F01	ADDLW 1
	F	 0110 111A FFFF FFFF	1271
	A	 0110 111A 1111 0111	0
0006CC	6EF7	MOVWF TBLPTRH,ACCESS
	K	 0000 1110 KKKK KKKK	0
0006CE	0E00	MOVLW UPPER TABLEBIGFONT203_212
	F	 1011 BBBA FFFF FFFF	1240
	B	 1011 BBBA 1101 1000	0
	A	 1011 000A 1101 1000	0
0006D0	B0D8	BTFSC STATUS, C,ACCESS
	K	 0000 1111 KKKK KKKK	1
0006D2	0F01	ADDLW 1
	F	 0110 111A FFFF FFFF	1272
	A	 0110 111A 1111 1000	0
0006D4	6EF8	MOVWF TBLPTRU,ACCESS
0006D6	0008	TBLRD*
	F	 0101 00DA FFFF FFFF	1269
	D	 0101 00DA 1111 0101	0
	A	 0101 000A 1111 0101	0
0006D8	50F5	MOVF TABLAT, W,ACCESS
	S	 0000 0000 0001 001S	0
0006DA	0012	RETURN
		TABLEBIGFONT203_212
0006DC	00F0 F0E0 1CF8 0C0C F81C E0F0 0000 3F3F 003F 0000 3F00 3F3F 0000 FCFC	RAW 00F0,F0E0,1CF8,0C0C,F81C,E0F0,0000,3F3F,003F,0000,3F00,3F3F,0000,FCFC
0006F8	78FC E0F0 78F0 FCFC 00FC 3F3F 003F 0100 0000 3F3F 003F FCFC 70FC	RAW 78FC,E0F0,78F0,FCFC,00FC,3F3F,003F,0100,0000,3F3F,003F,FCFC,70FC
000712	C0E0 0080 FCFC 00FC 3F3F 003F 0100 0703 3F3F 003F 1C00 9C1C 9C9C	RAW C0E0,0080,FCFC,00FC,3F3F,003F,0100,0703,3F3F,003F,1C00,9C1C,9C9C
00072C	9C9C 1C1C 0000 3800 3938 3939 3939 3838 0000 F0E0 1CF8 0C0C 1C0C	RAW 9C9C,1C1C,0000,3800,3938,3939,3939,3838,0000,F0E0,1CF8,0C0C,1C0C
000746	F0F8 00E0 0F07 381F 3030 3830 0F1F 0007 FCFC 1CFC 1C1C FC1C FCFC	RAW F0F8,00E0,0F07,381F,3030,3830,0F1F,0007,FCFC,1CFC,1C1C,FC1C,FCFC
000760	0000 3F3F 003F 0000 3F00 3F3F 0000 FC04 FCFC 8484 FC84 78FC 0000 3F20	RAW 0000,3F3F,003F,0000,3F00,3F3F,0000,FC04,FCFC,8484,FC84,78FC,0000,3F20
00077C	3F3F 0124 0101 0001 0000 3C00 FC7C 9CDC 1C9C 1C1C 0000 3C00 3F3E 393B	RAW 3F3F,0124,0101,0001,0000,3C00,FC7C,9CDC,1C9C,1C1C,0000,3C00,3F3E,393B
000798	3839 3838 0000 0C1C 0404 FCFC 04FC 0C04 001C 0000 2020 3F3F 203F 0020 0000	RAW 3839,3838,0000,0C1C,0404,FCFC,04FC,0C04,001C,0000,2020,3F3F,203F,0020,0000
0007B6	FC7C 80FC 8000 FCFC 007C 0000 2000 3F24 3F3F 2024	RAW FC7C,80FC,8000,FCFC,007C,0000,2000,3F24,3F3F,2024


		BIGFONT213_216
	K	 0000 1110 KKKK KKKK	95
0007CA	0E5F	MOVLW 95
	F	 0110 000A FFFF FFFF	1287
	A	 0110 000A 0000 0111	0
0007CC	6007	CPFSLT SYSSTRINGA,ACCESS
	K	 0000 1100 KKKK KKKK	0
0007CE	0C00	RETLW 0
	F	 0101 00DA FFFF FFFF	1287
	D	 0101 00DA 0000 0111	0
	A	 0101 000A 0000 0111	0
0007D0	5007	MOVF SYSSTRINGA, W,ACCESS
	K	 0000 1111 KKKK KKKK	236
0007D2	0FEC	ADDLW LOW TABLEBIGFONT213_216
	F	 0110 111A FFFF FFFF	1270
	A	 0110 111A 1111 0110	0
0007D4	6EF6	MOVWF TBLPTRL,ACCESS
	K	 0000 1110 KKKK KKKK	7
0007D6	0E07	MOVLW HIGH TABLEBIGFONT213_216
	F	 1011 BBBA FFFF FFFF	1240
	B	 1011 BBBA 1101 1000	0
	A	 1011 000A 1101 1000	0
0007D8	B0D8	BTFSC STATUS, C,ACCESS
	K	 0000 1111 KKKK KKKK	1
0007DA	0F01	ADDLW 1
	F	 0110 111A FFFF FFFF	1271
	A	 0110 111A 1111 0111	0
0007DC	6EF7	MOVWF TBLPTRH,ACCESS
	K	 0000 1110 KKKK KKKK	0
0007DE	0E00	MOVLW UPPER TABLEBIGFONT213_216
	F	 1011 BBBA FFFF FFFF	1240
	B	 1011 BBBA 1101 1000	0
	A	 1011 000A 1101 1000	0
0007E0	B0D8	BTFSC STATUS, C,ACCESS
	K	 0000 1111 KKKK KKKK	1
0007E2	0F01	ADDLW 1
	F	 0110 111A FFFF FFFF	1272
	A	 0110 111A 1111 1000	0
0007E4	6EF8	MOVWF TBLPTRU,ACCESS
0007E6	0008	TBLRD*
	F	 0101 00DA FFFF FFFF	1269
	D	 0101 00DA 1111 0101	0
	A	 0101 000A 1111 0101	0
0007E8	50F5	MOVF TABLAT, W,ACCESS
	S	 0000 0000 0001 001S	0
0007EA	0012	RETURN
		TABLEBIGFONT213_216
0007EC	E060 F8F0 1838 FCFC 3818 F0F8 07E0 1F0F 181C 3F3F 1C18 0F1F	RAW E060,F8F0,1838,FCFC,3818,F0F8,07E0,1F0F,181C,3F3F,1C18,0F1F
000804	0007 3C1C E07C E0C0 3C7C 001C 0000 3C38 073E 0703 3C3E 0038 0000 FCFC	RAW 0007,3C1C,E07C,E0C0,3C7C,001C,0000,3C38,073E,0703,3C3E,0038,0000,FCFC
000820	80FC F8F8 80F8 FCFC 00FC 0100 2303 3F3F 233F 0103 0000 7000 FCFC	RAW 80FC,F8F8,80F8,FCFC,00FC,0100,2303,3F3F,233F,0103,0000,7000,FCFC
00083A	8C8C FC8C 70FC 0000 0000 3331 3333 3333 0031	RAW 8C8C,FC8C,70FC,0000,0000,3331,3333,3333,0031


		BIGFONT32_41
	K	 0000 1110 KKKK KKKK	239
00084C	0EEF	MOVLW 239
	F	 0110 000A FFFF FFFF	1287
	A	 0110 000A 0000 0111	0
00084E	6007	CPFSLT SYSSTRINGA,ACCESS
	K	 0000 1100 KKKK KKKK	0
000850	0C00	RETLW 0
	F	 0101 00DA FFFF FFFF	1287
	D	 0101 00DA 0000 0111	0
	A	 0101 000A 0000 0111	0
000852	5007	MOVF SYSSTRINGA, W,ACCESS
	K	 0000 1111 KKKK KKKK	110
000854	0F6E	ADDLW LOW TABLEBIGFONT32_41
	F	 0110 111A FFFF FFFF	1270
	A	 0110 111A 1111 0110	0
000856	6EF6	MOVWF TBLPTRL,ACCESS
	K	 0000 1110 KKKK KKKK	8
000858	0E08	MOVLW HIGH TABLEBIGFONT32_41
	F	 1011 BBBA FFFF FFFF	1240
	B	 1011 BBBA 1101 1000	0
	A	 1011 000A 1101 1000	0
00085A	B0D8	BTFSC STATUS, C,ACCESS
	K	 0000 1111 KKKK KKKK	1
00085C	0F01	ADDLW 1
	F	 0110 111A FFFF FFFF	1271
	A	 0110 111A 1111 0111	0
00085E	6EF7	MOVWF TBLPTRH,ACCESS
	K	 0000 1110 KKKK KKKK	0
000860	0E00	MOVLW UPPER TABLEBIGFONT32_41
	F	 1011 BBBA FFFF FFFF	1240
	B	 1011 BBBA 1101 1000	0
	A	 1011 000A 1101 1000	0
000862	B0D8	BTFSC STATUS, C,ACCESS
	K	 0000 1111 KKKK KKKK	1
000864	0F01	ADDLW 1
	F	 0110 111A FFFF FFFF	1272
	A	 0110 111A 1111 1000	0
000866	6EF8	MOVWF TBLPTRU,ACCESS
000868	0008	TBLRD*
	F	 0101 00DA FFFF FFFF	1269
	D	 0101 00DA 1111 0101	0
	A	 0101 000A 1111 0101	0
00086A	50F5	MOVF TABLAT, W,ACCESS
	S	 0000 0000 0001 001S	0
00086C	0012	RETURN
		TABLEBIGFONT32_41
00086E	00F0 0000 0000 0000 0000 0000 0000 0000 0000 0000 0000 0000 0000 F800 FCFC F8FC 0000	RAW 00F0,0000,0000,0000,0000,0000,0000,0000,0000,0000,0000,0000,0000,F800,FCFC,F8FC,0000
000890	0000 0000 0000 7373 0073 0000 0000 0000 1E00 3E3E 0000 3E00 1E3E 0000 0000 0000 0000	RAW 0000,0000,0000,7373,0073,0000,0000,0000,1E00,3E3E,0000,3E00,1E3E,0000,0000,0000,0000
0008B2	0000 0000 3000 FE30 30FE 3030 FE30 30FE 0C30 7F0C 0C7F 0C0C 7F0C	RAW 0000,0000,3000,FE30,30FE,3030,FE30,30FE,0C30,7F0C,0C7F,0C0C,7F0C
0008CC	0C7F 000C F8F0 FE98 9898 98FE 1898 0000 1918 7F19 1919 197F	RAW 0C7F,000C,F8F0,FE98,9898,98FE,1898,0000,1918,7F19,1919,197F
0008E4	0F1F 0000 3800 3838 C080 70E0 0038 0000 1C00 070E 0103 1C1C 001C 0000 FC38	RAW 0F1F,0000,3800,3838,C080,70E0,0038,0000,1C00,070E,0103,1C1C,001C,0000,FC38
000902	C4C4 38FC 0000 8000 0000 3F1E 2121 3F33 1E1E 2337 0000 2000 3C3C 001C	RAW C4C4,38FC,0000,8000,0000,3F1E,2121,3F33,1E1E,2337,0000,2000,3C3C,001C
00091E	0000 0000 0000 0000 0000 0000 0000 0000 0000 C000 F0E0 1C38 040C 0004 0000 0300 0F07	RAW 0000,0000,0000,0000,0000,0000,0000,0000,0000,C000,F0E0,1C38,040C,0004,0000,0300,0F07
000940	381C 2030 0020 0000 0400 0C04 381C E0F0 00C0 0000 2000 3020 1C38 070F 0003	RAW 381C,2030,0020,0000,0400,0C04,381C,E0F0,00C0,0000,2000,3020,1C38,070F,0003


		BIGFONT42_51
	K	 0000 1110 KKKK KKKK	240
00095E	0EF0	MOVLW 240
	F	 0110 000A FFFF FFFF	1287
	A	 0110 000A 0000 0111	0
000960	6007	CPFSLT SYSSTRINGA,ACCESS
	K	 0000 1100 KKKK KKKK	0
000962	0C00	RETLW 0
	F	 0101 00DA FFFF FFFF	1287
	D	 0101 00DA 0000 0111	0
	A	 0101 000A 0000 0111	0
000964	5007	MOVF SYSSTRINGA, W,ACCESS
	K	 0000 1111 KKKK KKKK	128
000966	0F80	ADDLW LOW TABLEBIGFONT42_51
	F	 0110 111A FFFF FFFF	1270
	A	 0110 111A 1111 0110	0
000968	6EF6	MOVWF TBLPTRL,ACCESS
	K	 0000 1110 KKKK KKKK	9
00096A	0E09	MOVLW HIGH TABLEBIGFONT42_51
	F	 1011 BBBA FFFF FFFF	1240
	B	 1011 BBBA 1101 1000	0
	A	 1011 000A 1101 1000	0
00096C	B0D8	BTFSC STATUS, C,ACCESS
	K	 0000 1111 KKKK KKKK	1
00096E	0F01	ADDLW 1
	F	 0110 111A FFFF FFFF	1271
	A	 0110 111A 1111 0111	0
000970	6EF7	MOVWF TBLPTRH,ACCESS
	K	 0000 1110 KKKK KKKK	0
000972	0E00	MOVLW UPPER TABLEBIGFONT42_51
	F	 1011 BBBA FFFF FFFF	1240
	B	 1011 BBBA 1101 1000	0
	A	 1011 000A 1101 1000	0
000974	B0D8	BTFSC STATUS, C,ACCESS
	K	 0000 1111 KKKK KKKK	1
000976	0F01	ADDLW 1
	F	 0110 111A FFFF FFFF	1272
	A	 0110 111A 1111 1000	0
000978	6EF8	MOVWF TBLPTRU,ACCESS
00097A	0008	TBLRD*
	F	 0101 00DA FFFF FFFF	1269
	D	 0101 00DA 1111 0101	0
	A	 0101 000A 1111 0101	0
00097C	50F5	MOVF TABLAT, W,ACCESS
	S	 0000 0000 0001 001S	0
00097E	0012	RETURN
		TABLEBIGFONT42_51
000980	80F0 9088 E0E0 FCFC E0E0 8890 0180 0911 0707 3F3F 0707 1109 0001	RAW 80F0,9088,E0E0,FCFC,E0E0,8890,0180,0911,0707,3F3F,0707,1109,0001
00099A	8000 8080 F0F0 8080 0080 0000 0100 0101 0F0F 0101 0001 0000 0000 0000 0000 0000	RAW 8000,8080,F0F0,8080,0080,0000,0100,0101,0F0F,0101,0001,0000,0000,0000,0000,0000
0009BA	0000 0000 4000 7878 0038 0000 0000 0000 8080 8080 8080 8080 8080 0000	RAW 0000,0000,4000,7878,0038,0000,0000,0000,8080,8080,8080,8080,8080,0000
0009D6	0101 0101 0101 0101 0101 0000 0000 0000 0000 0000 0000 0000 0000 3838 0038 0000 0000 0000 0000	RAW 0101,0101,0101,0101,0101,0000,0000,0000,0000,0000,0000,0000,0000,3838,0038,0000,0000,0000,0000
0009FC	0000 0000 C080 70E0 0038 3020 1C38 070E 0103 0000 0000 FCF8 04FC 0404 FC04	RAW 0000,0000,C080,70E0,0038,3020,1C38,070E,0103,0000,0000,FCF8,04FC,0404,FC04
000A1A	F8FC 0000 3F1F 203F 2020 3F20 1F3F 0000 6060 F060 FCFC 0000 0000 0000	RAW F8FC,0000,3F1F,203F,2020,3F20,1F3F,0000,6060,F060,FCFC,0000,0000,0000
000A36	2020 3F20 3F3F 2020 0020 0000 1C18 041C 8404 FCCC 3078 0000 3830 2E3C	RAW 2020,3F20,3F3F,2020,0020,0000,1C18,041C,8404,FCCC,3078,0000,3830,2E3C
000A52	2327 3821 3838 0000 1C18 841C 8484 7CCC 3078 0000 3818 2438 2121	RAW 2327,3821,3838,0000,1C18,841C,8484,7CCC,3078,0000,3818,2438,2121
000A6C	3E33 0C1E	RAW 3E33,0C1E


		BIGFONT52_61
	K	 0000 1110 KKKK KKKK	241
000A70	0EF1	MOVLW 241
	F	 0110 000A FFFF FFFF	1287
	A	 0110 000A 0000 0111	0
000A72	6007	CPFSLT SYSSTRINGA,ACCESS
	K	 0000 1100 KKKK KKKK	0
000A74	0C00	RETLW 0
	F	 0101 00DA FFFF FFFF	1287
	D	 0101 00DA 0000 0111	0
	A	 0101 000A 0000 0111	0
000A76	5007	MOVF SYSSTRINGA, W,ACCESS
	K	 0000 1111 KKKK KKKK	146
000A78	0F92	ADDLW LOW TABLEBIGFONT52_61
	F	 0110 111A FFFF FFFF	1270
	A	 0110 111A 1111 0110	0
000A7A	6EF6	MOVWF TBLPTRL,ACCESS
	K	 0000 1110 KKKK KKKK	10
000A7C	0E0A	MOVLW HIGH TABLEBIGFONT52_61
	F	 1011 BBBA FFFF FFFF	1240
	B	 1011 BBBA 1101 1000	0
	A	 1011 000A 1101 1000	0
000A7E	B0D8	BTFSC STATUS, C,ACCESS
	K	 0000 1111 KKKK KKKK	1
000A80	0F01	ADDLW 1
	F	 0110 111A FFFF FFFF	1271
	A	 0110 111A 1111 0111	0
000A82	6EF7	MOVWF TBLPTRH,ACCESS
	K	 0000 1110 KKKK KKKK	0
000A84	0E00	MOVLW UPPER TABLEBIGFONT52_61
	F	 1011 BBBA FFFF FFFF	1240
	B	 1011 BBBA 1101 1000	0
	A	 1011 000A 1101 1000	0
000A86	B0D8	BTFSC STATUS, C,ACCESS
	K	 0000 1111 KKKK KKKK	1
000A88	0F01	ADDLW 1
	F	 0110 111A FFFF FFFF	1272
	A	 0110 111A 1111 1000	0
000A8A	6EF8	MOVWF TBLPTRU,ACCESS
000A8C	0008	TBLRD*
	F	 0101 00DA FFFF FFFF	1269
	D	 0101 00DA 1111 0101	0
	A	 0101 000A 1111 0101	0
000A8E	50F5	MOVF TABLAT, W,ACCESS
	S	 0000 0000 0001 001S	0
000A90	0012	RETURN
		TABLEBIGFONT52_61
000A92	00F0 C080 3060 FC18 FCFC 0000 0000 0303 2303 3F23 3F3F 2323 0000 FCFC	RAW 00F0,C080,3060,FC18,FCFC,0000,0000,0303,2303,3F23,3F3F,2323,0000,FCFC
000AAE	84FC 8484 8484 0404 0000 3919 2439 2121 3F33 0E1F 0000 F0E0 9CF8	RAW 84FC,8484,8484,0404,0000,3919,2439,2121,3F33,0E1F,0000,F0E0,9CF8
000AC8	848C 8484 0080 0000 3F1F 243F 2124 3F21 1F3F 0000 3C3C 043C 0404 8404	RAW 848C,8484,0080,0000,3F1F,243F,2124,3F21,1F3F,0000,3C3C,043C,0404,8404
000AE4	FCFC 007C 0000 3800 3E3C 0307 0001 0000 7C78 C4FC 84C4 FC84 787C	RAW FCFC,007C,0000,3800,3E3C,0307,0001,0000,7C78,C4FC,84C4,FC84,787C
000AFE	0000 3E1E 213F 2321 3F23 1E3E 0000 FCF8 84FC 8484 FC84 F8FC 0000	RAW 0000,3E1E,213F,2321,3F23,1E3E,0000,FCF8,84FC,8484,FC84,F8FC,0000
000B18	0100 2124 3121 1F39 070F 0000 0000 7000 7070 0000 0000 0000 0000 0E00 0E0E 0000	RAW 0100,2124,3121,1F39,070F,0000,0000,7000,7070,0000,0000,0000,0000,0E00,0E0E,0000
000B38	0000 0000 0000 7000 7070 0000 0000 0000 0000 1E10 0E1E 0000 0000 0000 C080 70E0	RAW 0000,0000,0000,7000,7070,0000,0000,0000,0000,1E10,0E1E,0000,0000,0000,C080,70E0
000B58	1C38 060E 0002 0000 0301 0E07 381C 6070 0040 6000 6060 6060 6060 6060 6060	RAW 1C38,060E,0002,0000,0301,0E07,381C,6070,0040,6000,6060,6060,6060,6060,6060
000B76	0660 0606 0606 0606 0606 0606 0006	RAW 0660,0606,0606,0606,0606,0606,0006


		BIGFONT62_71
	K	 0000 1110 KKKK KKKK	240
000B84	0EF0	MOVLW 240
	F	 0110 000A FFFF FFFF	1287
	A	 0110 000A 0000 0111	0
000B86	6007	CPFSLT SYSSTRINGA,ACCESS
	K	 0000 1100 KKKK KKKK	0
000B88	0C00	RETLW 0
	F	 0101 00DA FFFF FFFF	1287
	D	 0101 00DA 0000 0111	0
	A	 0101 000A 0000 0111	0
000B8A	5007	MOVF SYSSTRINGA, W,ACCESS
	K	 0000 1111 KKKK KKKK	166
000B8C	0FA6	ADDLW LOW TABLEBIGFONT62_71
	F	 0110 111A FFFF FFFF	1270
	A	 0110 111A 1111 0110	0
000B8E	6EF6	MOVWF TBLPTRL,ACCESS
	K	 0000 1110 KKKK KKKK	11
000B90	0E0B	MOVLW HIGH TABLEBIGFONT62_71
	F	 1011 BBBA FFFF FFFF	1240
	B	 1011 BBBA 1101 1000	0
	A	 1011 000A 1101 1000	0
000B92	B0D8	BTFSC STATUS, C,ACCESS
	K	 0000 1111 KKKK KKKK	1
000B94	0F01	ADDLW 1
	F	 0110 111A FFFF FFFF	1271
	A	 0110 111A 1111 0111	0
000B96	6EF7	MOVWF TBLPTRH,ACCESS
	K	 0000 1110 KKKK KKKK	0
000B98	0E00	MOVLW UPPER TABLEBIGFONT62_71
	F	 1011 BBBA FFFF FFFF	1240
	B	 1011 BBBA 1101 1000	0
	A	 1011 000A 1101 1000	0
000B9A	B0D8	BTFSC STATUS, C,ACCESS
	K	 0000 1111 KKKK KKKK	1
000B9C	0F01	ADDLW 1
	F	 0110 111A FFFF FFFF	1272
	A	 0110 111A 1111 1000	0
000B9E	6EF8	MOVWF TBLPTRU,ACCESS
000BA0	0008	TBLRD*
	F	 0101 00DA FFFF FFFF	1269
	D	 0101 00DA 1111 0101	0
	A	 0101 000A 1111 0101	0
000BA2	50F5	MOVF TABLAT, W,ACCESS
	S	 0000 0000 0001 001S	0
000BA4	0012	RETURN
		TABLEBIGFONT62_71
000BA6	00F0 0602 1C0E 7038 C0E0 0080 0000 6040 3870 0E1C 0307 0001 0000 1C18	RAW 00F0,0602,1C0E,7038,C0E0,0080,0000,6040,3870,0E1C,0307,0001,0000,1C18
000BC2	0E0C 8606 FCCE 387C 0000 0000 0000 7373 0073 0000 0000 FEFC 02FE C202	RAW 0E0C,8606,FCCE,387C,0000,0000,0000,7373,0073,0000,0000,FEFC,02FE,C202
000BDE	C2C2 FEFE 00FC 3F3F 607F 6360 6363 4363 0003 F0E0 1CF8 0C0C	RAW C2C2,FEFE,00FC,3F3F,607F,6360,6363,4363,0003,F0E0,1CF8,0C0C
000BF6	F81C E0F0 0000 3F3F 023F 0202 3F02 3F3F 0000 FC04 FCFC 8484 FC84	RAW F81C,E0F0,0000,3F3F,023F,0202,3F02,3F3F,0000,FC04,FCFC,8484,FC84
000C10	78FC 0000 3F20 3F3F 2124 3F21 1E3F 0000 F8F0 0CFC 0404 1C04 181C 0000	RAW 78FC,0000,3F20,3F3F,2124,3F21,1E3F,0000,F8F0,0CFC,0404,1C04,181C,0000
000C2C	1F0F 303F 2020 3820 1838 0000 FC04 FCFC 0404 FC0C F0F8 0000 3F20 3F3F	RAW 1F0F,303F,2020,3820,1838,0000,FC04,FCFC,0404,FC0C,F0F8,0000,3F20,3F3F
000C48	2020 3F30 0F1F 0000 FC04 FCFC 8484 C484 1CCC 0000 3F20 3F3F 2124	RAW 2020,3F30,0F1F,0000,FC04,FCFC,8484,C484,1CCC,0000,3F20,3F3F,2124
000C62	2321 3833 0000 FC04 FCFC 8484 C484 1CCC 0000 3F20 3F3F 0121 0301 0003	RAW 2321,3833,0000,FC04,FCFC,8484,C484,1CCC,0000,3F20,3F3F,0121,0301,0003
000C7E	0000 F8F0 0CFC 0404 3C04 383C 0000 1F0F 303F 2220 3E22 3E3E	RAW 0000,F8F0,0CFC,0404,3C04,383C,0000,1F0F,303F,2220,3E22,3E3E


		BIGFONT72_81
	K	 0000 1110 KKKK KKKK	241
000C96	0EF1	MOVLW 241
	F	 0110 000A FFFF FFFF	1287
	A	 0110 000A 0000 0111	0
000C98	6007	CPFSLT SYSSTRINGA,ACCESS
	K	 0000 1100 KKKK KKKK	0
000C9A	0C00	RETLW 0
	F	 0101 00DA FFFF FFFF	1287
	D	 0101 00DA 0000 0111	0
	A	 0101 000A 0000 0111	0
000C9C	5007	MOVF SYSSTRINGA, W,ACCESS
	K	 0000 1111 KKKK KKKK	184
000C9E	0FB8	ADDLW LOW TABLEBIGFONT72_81
	F	 0110 111A FFFF FFFF	1270
	A	 0110 111A 1111 0110	0
000CA0	6EF6	MOVWF TBLPTRL,ACCESS
	K	 0000 1110 KKKK KKKK	12
000CA2	0E0C	MOVLW HIGH TABLEBIGFONT72_81
	F	 1011 BBBA FFFF FFFF	1240
	B	 1011 BBBA 1101 1000	0
	A	 1011 000A 1101 1000	0
000CA4	B0D8	BTFSC STATUS, C,ACCESS
	K	 0000 1111 KKKK KKKK	1
000CA6	0F01	ADDLW 1
	F	 0110 111A FFFF FFFF	1271
	A	 0110 111A 1111 0111	0
000CA8	6EF7	MOVWF TBLPTRH,ACCESS
	K	 0000 1110 KKKK KKKK	0
000CAA	0E00	MOVLW UPPER TABLEBIGFONT72_81
	F	 1011 BBBA FFFF FFFF	1240
	B	 1011 BBBA 1101 1000	0
	A	 1011 000A 1101 1000	0
000CAC	B0D8	BTFSC STATUS, C,ACCESS
	K	 0000 1111 KKKK KKKK	1
000CAE	0F01	ADDLW 1
	F	 0110 111A FFFF FFFF	1272
	A	 0110 111A 1111 1000	0
000CB0	6EF8	MOVWF TBLPTRU,ACCESS
000CB2	0008	TBLRD*
	F	 0101 00DA FFFF FFFF	1269
	D	 0101 00DA 1111 0101	0
	A	 0101 000A 1111 0101	0
000CB4	50F5	MOVF TABLAT, W,ACCESS
	S	 0000 0000 0001 001S	0
000CB6	0012	RETURN
		TABLEBIGFONT72_81
000CB8	00F0 FCFC 80FC 8080 FCFC 00FC 0000 3F3F 013F 0101 3F3F 003F 0000 0400	RAW 00F0,FCFC,80FC,8080,FCFC,00FC,0000,3F3F,013F,0101,3F3F,003F,0000,0400
000CD4	FC04 FCFC 0404 0000 0000 2000 3F20 3F3F 2020 0000 0000 0000 0000 0404 FCFC	RAW FC04,FCFC,0404,0000,0000,2000,3F20,3F3F,2020,0000,0000,0000,0000,0404,FCFC
000CF2	04FC 1E04 3E1E 2020 2020 3F3F 001F 0000 FC04 FCFC E0C0 3C70 0C1C	RAW 04FC,1E04,3E1E,2020,2020,3F3F,001F,0000,FC04,FCFC,E0C0,3C70,0C1C
000D0C	0000 3F20 3F3F 0703 3C0E 3038 0000 FC04 FCFC 0004 0000 0000 0000 3F20 3F3F	RAW 0000,3F20,3F3F,0703,3C0E,3038,0000,FC04,FCFC,0004,0000,0000,0000,3F20,3F3F
000D2A	2020 3020 3C38 0000 FCFC 78FC E0F0 78F0 FCFC 00FC 3F3F 003F	RAW 2020,3020,3C38,0000,FCFC,78FC,E0F0,78F0,FCFC,00FC,3F3F,003F
000D42	0100 0000 3F3F 003F FCFC 70FC C0E0 0080 FCFC 00FC 3F3F 003F 0100 0703	RAW 0100,0000,3F3F,003F,FCFC,70FC,C0E0,0080,FCFC,00FC,3F3F,003F,0100,0703
000D5E	3F3F 003F F0E0 1CF8 0C0C 1C0C F0F8 00E0 0F07 381F 3030 3830 0F1F	RAW 3F3F,003F,F0E0,1CF8,0C0C,1C0C,F0F8,00E0,0F07,381F,3030,3830,0F1F
000D78	0007 FC04 FCFC 8484 FC84 78FC 0000 3F20 3F3F 0121 0101 0001 0000 F8E0	RAW 0007,FC04,FCFC,8484,FC84,78FC,0000,3F20,3F3F,0121,0101,0001,0000,F8E0
000D94	1CF8 040C 1C0C F8F8 00E0 1F07 181F 5C18 7E5E 7F7F 0047	RAW 1CF8,040C,1C0C,F8F8,00E0,1F07,181F,5C18,7E5E,7F7F,0047


		BIGFONT82_91
	K	 0000 1110 KKKK KKKK	239
000DAA	0EEF	MOVLW 239
	F	 0110 000A FFFF FFFF	1287
	A	 0110 000A 0000 0111	0
000DAC	6007	CPFSLT SYSSTRINGA,ACCESS
	K	 0000 1100 KKKK KKKK	0
000DAE	0C00	RETLW 0
	F	 0101 00DA FFFF FFFF	1287
	D	 0101 00DA 0000 0111	0
	A	 0101 000A 0000 0111	0
000DB0	5007	MOVF SYSSTRINGA, W,ACCESS
	K	 0000 1111 KKKK KKKK	204
000DB2	0FCC	ADDLW LOW TABLEBIGFONT82_91
	F	 0110 111A FFFF FFFF	1270
	A	 0110 111A 1111 0110	0
000DB4	6EF6	MOVWF TBLPTRL,ACCESS
	K	 0000 1110 KKKK KKKK	13
000DB6	0E0D	MOVLW HIGH TABLEBIGFONT82_91
	F	 1011 BBBA FFFF FFFF	1240
	B	 1011 BBBA 1101 1000	0
	A	 1011 000A 1101 1000	0
000DB8	B0D8	BTFSC STATUS, C,ACCESS
	K	 0000 1111 KKKK KKKK	1
000DBA	0F01	ADDLW 1
	F	 0110 111A FFFF FFFF	1271
	A	 0110 111A 1111 0111	0
000DBC	6EF7	MOVWF TBLPTRH,ACCESS
	K	 0000 1110 KKKK KKKK	0
000DBE	0E00	MOVLW UPPER TABLEBIGFONT82_91
	F	 1011 BBBA FFFF FFFF	1240
	B	 1011 BBBA 1101 1000	0
	A	 1011 000A 1101 1000	0
000DC0	B0D8	BTFSC STATUS, C,ACCESS
	K	 0000 1111 KKKK KKKK	1
000DC2	0F01	ADDLW 1
	F	 0110 111A FFFF FFFF	1272
	A	 0110 111A 1111 1000	0
000DC4	6EF8	MOVWF TBLPTRU,ACCESS
000DC6	0008	TBLRD*
	F	 0101 00DA FFFF FFFF	1269
	D	 0101 00DA 1111 0101	0
	A	 0101 000A 1111 0101	0
000DC8	50F5	MOVF TABLAT, W,ACCESS
	S	 0000 0000 0001 001S	0
000DCA	0012	RETURN
		TABLEBIGFONT82_91
000DCC	00F0 FC04 FCFC 8484 FC84 78FC 0000 3F20 3F3F 0101 3F03 3C3F 0000	RAW 00F0,FC04,FCFC,8484,FC84,78FC,0000,3F20,3F3F,0101,3F03,3C3F,0000
000DE6	FC78 84FC 8484 BC84 383C 0000 3C1C 243D 2124 3F21 1E3F 0000 0C1C	RAW FC78,84FC,8484,BC84,383C,0000,3C1C,243D,2124,3F21,1E3F,0000,0C1C
000E00	0404 FCFC 04FC 0C04 001C 0000 2020 3F3F 203F 0020 0000 FCFC 00FC 0000	RAW 0404,FCFC,04FC,0C04,001C,0000,2020,3F3F,203F,0020,0000,FCFC,00FC,0000
000E1C	FCFC 00FC 0000 3F1F 203F 2020 3F3F 001F 0000 FCFC 00FC 0000 FCFC	RAW FCFC,00FC,0000,3F1F,203F,2020,3F3F,001F,0000,FCFC,00FC,0000,FCFC
000E36	00FC 0000 0F07 381F 3830 0F1F 0007 0000 FCFC 00FC 8000 0000 FCFC 00FC	RAW 00FC,0000,0F07,381F,3830,0F1F,0007,0000,FCFC,00FC,8000,0000,FCFC,00FC
000E52	0F03 3C3F 0F3C 3C3C 0F3F 0003 3C1C E07C E0C0 3C7C 001C 0000 3C38 073E	RAW 0F03,3C3F,0F3C,3C3C,0F3F,0003,3C1C,E07C,E0C0,3C7C,001C,0000,3C38,073E
000E6E	0703 3C3E 0038 0000 FC7C 80FC 8000 FCFC 007C 0000 2000 3F21 3F3F 2021	RAW 0703,3C3E,0038,0000,FC7C,80FC,8000,FCFC,007C,0000,2000,3F21,3F3F,2021
000E8A	0000 0000 1C3C 040C C484 7CE4 1C3C 0000 3C38 273E 2123 3020 3C38 0000	RAW 0000,0000,1C3C,040C,C484,7CE4,1C3C,0000,3C38,273E,2123,3020,3C38,0000
000EA6	0000 FCFC 04FC 0404 0004 0000 0000 3F3F 203F 2020 0020	RAW 0000,FCFC,04FC,0404,0004,0000,0000,3F3F,203F,2020,0020


		BIGFONT92_101
	K	 0000 1110 KKKK KKKK	239
000EBC	0EEF	MOVLW 239
	F	 0110 000A FFFF FFFF	1287
	A	 0110 000A 0000 0111	0
000EBE	6007	CPFSLT SYSSTRINGA,ACCESS
	K	 0000 1100 KKKK KKKK	0
000EC0	0C00	RETLW 0
	F	 0101 00DA FFFF FFFF	1287
	D	 0101 00DA 0000 0111	0
	A	 0101 000A 0000 0111	0
000EC2	5007	MOVF SYSSTRINGA, W,ACCESS
	K	 0000 1111 KKKK KKKK	222
000EC4	0FDE	ADDLW LOW TABLEBIGFONT92_101
	F	 0110 111A FFFF FFFF	1270
	A	 0110 111A 1111 0110	0
000EC6	6EF6	MOVWF TBLPTRL,ACCESS
	K	 0000 1110 KKKK KKKK	14
000EC8	0E0E	MOVLW HIGH TABLEBIGFONT92_101
	F	 1011 BBBA FFFF FFFF	1240
	B	 1011 BBBA 1101 1000	0
	A	 1011 000A 1101 1000	0
000ECA	B0D8	BTFSC STATUS, C,ACCESS
	K	 0000 1111 KKKK KKKK	1
000ECC	0F01	ADDLW 1
	F	 0110 111A FFFF FFFF	1271
	A	 0110 111A 1111 0111	0
000ECE	6EF7	MOVWF TBLPTRH,ACCESS
	K	 0000 1110 KKKK KKKK	0
000ED0	0E00	MOVLW UPPER TABLEBIGFONT92_101
	F	 1011 BBBA FFFF FFFF	1240
	B	 1011 BBBA 1101 1000	0
	A	 1011 000A 1101 1000	0
000ED2	B0D8	BTFSC STATUS, C,ACCESS
	K	 0000 1111 KKKK KKKK	1
000ED4	0F01	ADDLW 1
	F	 0110 111A FFFF FFFF	1272
	A	 0110 111A 1111 1000	0
000ED6	6EF8	MOVWF TBLPTRU,ACCESS
000ED8	0008	TBLRD*
	F	 0101 00DA FFFF FFFF	1269
	D	 0101 00DA 1111 0101	0
	A	 0101 000A 1111 0101	0
000EDA	50F5	MOVF TABLAT, W,ACCESS
	S	 0000 0000 0001 001S	0
000EDC	0012	RETURN
		TABLEBIGFONT92_101
000EDE	00F0 381C E070 80C0 0000 0000 0000 0000 0000 0301 0E07 181C 0030 0000 0404 0404	RAW 00F0,381C,E070,80C0,0000,0000,0000,0000,0000,0301,0E07,181C,0030,0000,0404,0404
000EFE	FCFC 00FC 0000 0000 2020 2020 3F3F 003F 0000 3020 1C38 0E0E 381C 2030	RAW FCFC,00FC,0000,0000,2020,2020,3F3F,003F,0000,3020,1C38,0E0E,381C,2030
000F1A	0000 0000 0000 0000 0000 0000 0000 0000 0000 0000 0000 0000 C000 C0C0 C0C0 C0C0	RAW 0000,0000,0000,0000,0000,0000,0000,0000,0000,0000,0000,0000,C000,C0C0,C0C0,C0C0
000F3A	C0C0 C0C0 00C0 0C0C 303C 0030 0000 0000 0000 0000 0000 0000 0000 0000 0000 4000	RAW C0C0,C0C0,00C0,0C0C,303C,0030,0000,0000,0000,0000,0000,0000,0000,0000,0000,4000
000F5A	4040 4040 C0C0 0080 0000 3E1C 223E 2222 1F3F 203F 0000 FC04 FCFC	RAW 4040,4040,C0C0,0080,0000,3E1C,223E,2222,1F3F,203F,0000,FC04,FCFC
000F74	4040 C040 80C0 0000 3F20 3F1F 2020 3F20 1F3F 0000 C080 40C0 4040	RAW 4040,C040,80C0,0000,3F20,3F1F,2020,3F20,1F3F,0000,C080,40C0,4040
000F8E	C0C0 0080 0000 3F1F 203F 2020 3939 0019 0000 C080 40C0 4440 FCFC	RAW C0C0,0080,0000,3F1F,203F,2020,3939,0019,0000,C080,40C0,4440,FCFC
000FA8	04FC 0000 3F1F 203F 2020 1F3F 203F 0000 C080 40C0 4040 C0C0 0080	RAW 04FC,0000,3F1F,203F,2020,1F3F,203F,0000,C080,40C0,4040,C0C0,0080
000FC2	0000 3F1F 223F 2222 3B3B 001B	RAW 0000,3F1F,223F,2222,3B3B,001B


		BIGPRINT_ILI9341
	S	1111 DDDD DDDD DDDD:1100 SSSS SSSS SSSS	1434
	D	1111 DDDD DDDD DDDD:1100 0101 1001 1010	1257
000FCE	C59A F4E9	MOVFF SYSPRINTDATAHANDLER,AFSR0
	S	1111 DDDD DDDD DDDD:1100 SSSS SSSS SSSS	1435
	D	1111 DDDD DDDD DDDD:1100 0101 1001 1011	1258
000FD2	C59B F4EA	MOVFF SYSPRINTDATAHANDLER_H,AFSR0_H
	S	1111 DDDD DDDD DDDD:1100 SSSS SSSS SSSS	1263
	D	1111 DDDD DDDD DDDD:1100 0100 1110 1111	1399
000FD6	C4EF F577	MOVFF INDF0,PRINTLEN
	K	 0000 0001 00KK KKKK	5
000000	0105	BANKSEL PRINTLEN
	F	 0101 00DA FFFF FFFF	1399
	D	 0101 00DA 0111 0111	1
	A	 0101 001A 0111 0111	1
000FDC	5377	MOVF PRINTLEN,F,BANKED
	F	 1010 BBBA FFFF FFFF	1240
	B	 1010 BBBA 1101 1000	2
	A	 1010 010A 1101 1000	0
000FDE	A4D8	BTFSS STATUS, Z,ACCESS
	N	 1101 0NNN NNNN NNNN	2
000FE0	D002	BRA ENDIF62
	K	 0000 0001 00KK KKKK	0
000000	0100	BANKSEL 0
	S	 0000 0000 0001 001S	0
000FE4	0012	RETURN
		ENDIF62
	S	1111 DDDD DDDD DDDD:1100 SSSS SSSS SSSS	1400
	D	1111 DDDD DDDD DDDD:1100 0101 0111 1000	1344
000FE6	C578 F540	MOVFF PRINTLOCX,GLCDPRINTLOC
	S	1111 DDDD DDDD DDDD:1100 SSSS SSSS SSSS	1401
	D	1111 DDDD DDDD DDDD:1100 0101 0111 1001	1345
000FEA	C579 F541	MOVFF PRINTLOCX_H,GLCDPRINTLOC_H
	F	 0110 101A FFFF FFFF	1436
	A	 0110 101A 1001 1100	1
000FEE	6B9C	CLRF SYSPRINTTEMP,BANKED
	K	 0000 1110 KKKK KKKK	1
000FF0	0E01	MOVLW 1
	F	 0101 11DA FFFF FFFF	1399
	D	 0101 11DA 0111 0111	0
	A	 0101 110A 0111 0111	1
000FF2	5D77	SUBWF PRINTLEN,W,BANKED
	F	 1010 BBBA FFFF FFFF	1240
	B	 1010 BBBA 1101 1000	0
	A	 1010 000A 1101 1000	0
000FF4	A0D8	BTFSS STATUS, C,ACCESS
	N	 1101 0NNN NNNN NNNN	28
000FF6	D01C	BRA SYSFORLOOPEND13
		SYSFORLOOP13
	F	 0010 10DA FFFF FFFF	1436
	D	 0010 10DA 1001 1100	1
	A	 0010 101A 1001 1100	1
000FF8	2B9C	INCF SYSPRINTTEMP,F,BANKED
	S	1111 DDDD DDDD DDDD:1100 SSSS SSSS SSSS	1344
	D	1111 DDDD DDDD DDDD:1100 0101 0100 0000	1300
000FFA	C540 F514	MOVFF GLCDPRINTLOC,CHARLOCX
	S	1111 DDDD DDDD DDDD:1100 SSSS SSSS SSSS	1345
	D	1111 DDDD DDDD DDDD:1100 0101 0100 0001	1301
000FFE	C541 F515	MOVFF GLCDPRINTLOC_H,CHARLOCX_H
	S	1111 DDDD DDDD DDDD:1100 SSSS SSSS SSSS	1402
	D	1111 DDDD DDDD DDDD:1100 0101 0111 1010	1302
001002	C57A F516	MOVFF PRINTLOCY,CHARLOCY
	S	1111 DDDD DDDD DDDD:1100 SSSS SSSS SSSS	1403
	D	1111 DDDD DDDD DDDD:1100 0101 0111 1011	1303
001006	C57B F517	MOVFF PRINTLOCY_H,CHARLOCY_H
	F	 0101 00DA FFFF FFFF	1436
	D	 0101 00DA 1001 1100	0
	A	 0101 000A 1001 1100	1
00100A	519C	MOVF SYSPRINTTEMP,W,BANKED
	F	 0010 01DA FFFF FFFF	1434
	D	 0010 01DA 1001 1010	0
	A	 0010 010A 1001 1010	1
00100C	259A	ADDWF SYSPRINTDATAHANDLER,W,BANKED
	F	 0110 111A FFFF FFFF	1257
	A	 0110 111A 1110 1001	0
00100E	6EE9	MOVWF AFSR0,ACCESS
	K	 0000 1110 KKKK KKKK	0
001010	0E00	MOVLW 0
	F	 0010 00DA FFFF FFFF	1435
	D	 0010 00DA 1001 1011	0
	A	 0010 000A 1001 1011	1
001012	219B	ADDWFC SYSPRINTDATAHANDLER_H,W,BANKED
	F	 0110 111A FFFF FFFF	1258
	A	 0110 111A 1110 1010	0
001014	6EEA	MOVWF AFSR0_H,ACCESS
	S	1111 DDDD DDDD DDDD:1100 SSSS SSSS SSSS	1263
	D	1111 DDDD DDDD DDDD:1100 0100 1110 1111	1296
001016	C4EF F510	MOVFF INDF0,CHARCODE
	K	 0000 0001 00KK KKKK	0
000000	0100	BANKSEL 0
	N	 1101 1NNN NNNN NNNN	448
00101C	D9C0	RCALL DRAWBIGCHAR_ILI9341
	K	 0000 1110 KKKK KKKK	13
00101E	0E0D	MOVLW 13
	F	 0010 01DA FFFF FFFF	1344
	D	 0010 01DA 0100 0000	1
	A	 0010 011A 0100 0000	0
001020	2640	ADDWF GLCDPRINTLOC,F,ACCESS
	K	 0000 1110 KKKK KKKK	0
001022	0E00	MOVLW 0
	F	 0010 00DA FFFF FFFF	1345
	D	 0010 00DA 0100 0001	1
	A	 0010 001A 0100 0001	0
001024	2241	ADDWFC GLCDPRINTLOC_H,F,ACCESS
	K	 0000 0001 00KK KKKK	5
000000	0105	BANKSEL PRINTLEN
	F	 0101 00DA FFFF FFFF	1399
	D	 0101 00DA 0111 0111	0
	A	 0101 000A 0111 0111	1
001028	5177	MOVF PRINTLEN,W,BANKED
	F	 0101 11DA FFFF FFFF	1436
	D	 0101 11DA 1001 1100	0
	A	 0101 110A 1001 1100	1
00102A	5D9C	SUBWF SYSPRINTTEMP,W,BANKED
	F	 1010 BBBA FFFF FFFF	1240
	B	 1010 BBBA 1101 1000	0
	A	 1010 000A 1101 1000	0
00102C	A0D8	BTFSS STATUS, C,ACCESS
	N	 1101 0NNN NNNN NNNN	2020
00102E	D7E4	BRA SYSFORLOOP13
		SYSFORLOOPEND13
	K	 0000 0001 00KK KKKK	0
000000	0100	BANKSEL 0
	S	 0000 0000 0001 001S	0
001032	0012	RETURN


		BOX19
	S	1111 DDDD DDDD DDDD:1100 SSSS SSSS SSSS	1382
	D	1111 DDDD DDDD DDDD:1100 0101 0110 0110	1289
001034	C566 F509	MOVFF LINEX1,SYSWORDTEMPB
	S	1111 DDDD DDDD DDDD:1100 SSSS SSSS SSSS	1383
	D	1111 DDDD DDDD DDDD:1100 0101 0110 0111	1290
001038	C567 F50A	MOVFF LINEX1_H,SYSWORDTEMPB_H
	S	1111 DDDD DDDD DDDD:1100 SSSS SSSS SSSS	1384
	D	1111 DDDD DDDD DDDD:1100 0101 0110 1000	1285
00103C	C568 F505	MOVFF LINEX2,SYSWORDTEMPA
	S	1111 DDDD DDDD DDDD:1100 SSSS SSSS SSSS	1385
	D	1111 DDDD DDDD DDDD:1100 0101 0110 1001	1286
001040	C569 F506	MOVFF LINEX2_H,SYSWORDTEMPA_H
	K	1111 KKKK KKKK KKKK:1110 110S KKKK KKKK	14454
	S	1111 0000 0001 1100:1110 110S 0011 1011	0
001044	EC3B F01C	CALL SYSCOMPLESSTHAN16
	F	 1010 BBBA FFFF FFFF	1280
	B	 1010 BBBA 0000 0000	0
	A	 1010 000A 0000 0000	0
001048	A000	BTFSS SYSBYTETEMPX,0,ACCESS
	N	 1101 0NNN NNNN NNNN	12
00104A	D00C	BRA ENDIF10
	S	1111 DDDD DDDD DDDD:1100 SSSS SSSS SSSS	1382
	D	1111 DDDD DDDD DDDD:1100 0101 0110 0110	1348
00104C	C566 F544	MOVFF LINEX1,GLCDTEMP
	S	1111 DDDD DDDD DDDD:1100 SSSS SSSS SSSS	1383
	D	1111 DDDD DDDD DDDD:1100 0101 0110 0111	1349
001050	C567 F545	MOVFF LINEX1_H,GLCDTEMP_H
	S	1111 DDDD DDDD DDDD:1100 SSSS SSSS SSSS	1384
	D	1111 DDDD DDDD DDDD:1100 0101 0110 1000	1382
001054	C568 F566	MOVFF LINEX2,LINEX1
	S	1111 DDDD DDDD DDDD:1100 SSSS SSSS SSSS	1385
	D	1111 DDDD DDDD DDDD:1100 0101 0110 1001	1383
001058	C569 F567	MOVFF LINEX2_H,LINEX1_H
	S	1111 DDDD DDDD DDDD:1100 SSSS SSSS SSSS	1348
	D	1111 DDDD DDDD DDDD:1100 0101 0100 0100	1384
00105C	C544 F568	MOVFF GLCDTEMP,LINEX2
	S	1111 DDDD DDDD DDDD:1100 SSSS SSSS SSSS	1349
	D	1111 DDDD DDDD DDDD:1100 0101 0100 0101	1385
001060	C545 F569	MOVFF GLCDTEMP_H,LINEX2_H
		ENDIF10
	S	1111 DDDD DDDD DDDD:1100 SSSS SSSS SSSS	1386
	D	1111 DDDD DDDD DDDD:1100 0101 0110 1010	1289
001064	C56A F509	MOVFF LINEY1,SYSWORDTEMPB
	S	1111 DDDD DDDD DDDD:1100 SSSS SSSS SSSS	1387
	D	1111 DDDD DDDD DDDD:1100 0101 0110 1011	1290
001068	C56B F50A	MOVFF LINEY1_H,SYSWORDTEMPB_H
	S	1111 DDDD DDDD DDDD:1100 SSSS SSSS SSSS	1388
	D	1111 DDDD DDDD DDDD:1100 0101 0110 1100	1285
00106C	C56C F505	MOVFF LINEY2,SYSWORDTEMPA
	S	1111 DDDD DDDD DDDD:1100 SSSS SSSS SSSS	1389
	D	1111 DDDD DDDD DDDD:1100 0101 0110 1101	1286
001070	C56D F506	MOVFF LINEY2_H,SYSWORDTEMPA_H
	K	1111 KKKK KKKK KKKK:1110 110S KKKK KKKK	14454
	S	1111 0000 0001 1100:1110 110S 0011 1011	0
001074	EC3B F01C	CALL SYSCOMPLESSTHAN16
	F	 1010 BBBA FFFF FFFF	1280
	B	 1010 BBBA 0000 0000	0
	A	 1010 000A 0000 0000	0
001078	A000	BTFSS SYSBYTETEMPX,0,ACCESS
	N	 1101 0NNN NNNN NNNN	12
00107A	D00C	BRA ENDIF11
	S	1111 DDDD DDDD DDDD:1100 SSSS SSSS SSSS	1386
	D	1111 DDDD DDDD DDDD:1100 0101 0110 1010	1348
00107C	C56A F544	MOVFF LINEY1,GLCDTEMP
	S	1111 DDDD DDDD DDDD:1100 SSSS SSSS SSSS	1387
	D	1111 DDDD DDDD DDDD:1100 0101 0110 1011	1349
001080	C56B F545	MOVFF LINEY1_H,GLCDTEMP_H
	S	1111 DDDD DDDD DDDD:1100 SSSS SSSS SSSS	1388
	D	1111 DDDD DDDD DDDD:1100 0101 0110 1100	1386
001084	C56C F56A	MOVFF LINEY2,LINEY1
	S	1111 DDDD DDDD DDDD:1100 SSSS SSSS SSSS	1389
	D	1111 DDDD DDDD DDDD:1100 0101 0110 1101	1387
001088	C56D F56B	MOVFF LINEY2_H,LINEY1_H
	S	1111 DDDD DDDD DDDD:1100 SSSS SSSS SSSS	1348
	D	1111 DDDD DDDD DDDD:1100 0101 0100 0100	1388
00108C	C544 F56C	MOVFF GLCDTEMP,LINEY2
	S	1111 DDDD DDDD DDDD:1100 SSSS SSSS SSSS	1349
	D	1111 DDDD DDDD DDDD:1100 0101 0100 0101	1389
001090	C545 F56D	MOVFF GLCDTEMP_H,LINEY2_H
		ENDIF11
	K	 0000 1110 KKKK KKKK	1
001094	0E01	MOVLW 1
	K	 0000 0001 00KK KKKK	5
000000	0105	BANKSEL LINEX1
	F	 0101 11DA FFFF FFFF	1382
	D	 0101 11DA 0110 0110	0
	A	 0101 110A 0110 0110	1
001098	5D66	SUBWF LINEX1,W,BANKED
	F	 0110 111A FFFF FFFF	1319
	A	 0110 111A 0010 0111	0
00109A	6E27	MOVWF DRAWLINE,ACCESS
	K	 0000 1110 KKKK KKKK	0
00109C	0E00	MOVLW 0
	F	 0101 10DA FFFF FFFF	1383
	D	 0101 10DA 0110 0111	0
	A	 0101 100A 0110 0111	1
00109E	5967	SUBWFB LINEX1_H,W,BANKED
	F	 0110 111A FFFF FFFF	1320
	A	 0110 111A 0010 1000	0
0010A0	6E28	MOVWF DRAWLINE_H,ACCESS
	S	1111 DDDD DDDD DDDD:1100 SSSS SSSS SSSS	1382
	D	1111 DDDD DDDD DDDD:1100 0101 0110 0110	1289
0010A2	C566 F509	MOVFF LINEX1,SYSWORDTEMPB
	S	1111 DDDD DDDD DDDD:1100 SSSS SSSS SSSS	1383
	D	1111 DDDD DDDD DDDD:1100 0101 0110 0111	1290
0010A6	C567 F50A	MOVFF LINEX1_H,SYSWORDTEMPB_H
	S	1111 DDDD DDDD DDDD:1100 SSSS SSSS SSSS	1384
	D	1111 DDDD DDDD DDDD:1100 0101 0110 1000	1285
0010AA	C568 F505	MOVFF LINEX2,SYSWORDTEMPA
	S	1111 DDDD DDDD DDDD:1100 SSSS SSSS SSSS	1385
	D	1111 DDDD DDDD DDDD:1100 0101 0110 1001	1286
0010AE	C569 F506	MOVFF LINEX2_H,SYSWORDTEMPA_H
	K	 0000 0001 00KK KKKK	0
000000	0100	BANKSEL 0
	K	1111 KKKK KKKK KKKK:1110 110S KKKK KKKK	14454
	S	1111 0000 0001 1100:1110 110S 0011 1011	0
0010B4	EC3B F01C	CALL SYSCOMPLESSTHAN16
	F	 1011 BBBA FFFF FFFF	1280
	B	 1011 BBBA 0000 0000	0
	A	 1011 000A 0000 0000	0
0010B8	B000	BTFSC SYSBYTETEMPX,0,ACCESS
	N	 1101 0NNN NNNN NNNN	43
0010BA	D02B	BRA SYSFORLOOPEND3
		SYSFORLOOP3
	F	 0010 10DA FFFF FFFF	1319
	D	 0010 10DA 0010 0111	1
	A	 0010 101A 0010 0111	0
0010BC	2A27	INCF DRAWLINE,F,ACCESS
	F	 1011 BBBA FFFF FFFF	1240
	B	 1011 BBBA 1101 1000	2
	A	 1011 010A 1101 1000	0
0010BE	B4D8	BTFSC STATUS,Z,ACCESS
	F	 0010 10DA FFFF FFFF	1320
	D	 0010 10DA 0010 1000	1
	A	 0010 101A 0010 1000	0
0010C0	2A28	INCF DRAWLINE_H,F,ACCESS
	S	1111 DDDD DDDD DDDD:1100 SSSS SSSS SSSS	1319
	D	1111 DDDD DDDD DDDD:1100 0101 0010 0111	1350
0010C2	C527 F546	MOVFF DRAWLINE,GLCDX
	S	1111 DDDD DDDD DDDD:1100 SSSS SSSS SSSS	1320
	D	1111 DDDD DDDD DDDD:1100 0101 0010 1000	1351
0010C6	C528 F547	MOVFF DRAWLINE_H,GLCDX_H
	S	1111 DDDD DDDD DDDD:1100 SSSS SSSS SSSS	1386
	D	1111 DDDD DDDD DDDD:1100 0101 0110 1010	1352
0010CA	C56A F548	MOVFF LINEY1,GLCDY
	S	1111 DDDD DDDD DDDD:1100 SSSS SSSS SSSS	1387
	D	1111 DDDD DDDD DDDD:1100 0101 0110 1011	1353
0010CE	C56B F549	MOVFF LINEY1_H,GLCDY_H
	S	1111 DDDD DDDD DDDD:1100 SSSS SSSS SSSS	1366
	D	1111 DDDD DDDD DDDD:1100 0101 0101 0110	1327
0010D2	C556 F52F	MOVFF LINECOLOUR,GLCDCOLOUR
	S	1111 DDDD DDDD DDDD:1100 SSSS SSSS SSSS	1367
	D	1111 DDDD DDDD DDDD:1100 0101 0101 0111	1328
0010D6	C557 F530	MOVFF LINECOLOUR_H,GLCDCOLOUR_H
	K	1111 KKKK KKKK KKKK:1110 110S KKKK KKKK	10336
	S	1111 0000 0001 0100:1110 110S 0011 0000	0
0010DA	EC30 F014	CALL PSET_ILI9341
	S	1111 DDDD DDDD DDDD:1100 SSSS SSSS SSSS	1319
	D	1111 DDDD DDDD DDDD:1100 0101 0010 0111	1350
0010DE	C527 F546	MOVFF DRAWLINE,GLCDX
	S	1111 DDDD DDDD DDDD:1100 SSSS SSSS SSSS	1320
	D	1111 DDDD DDDD DDDD:1100 0101 0010 1000	1351
0010E2	C528 F547	MOVFF DRAWLINE_H,GLCDX_H
	S	1111 DDDD DDDD DDDD:1100 SSSS SSSS SSSS	1388
	D	1111 DDDD DDDD DDDD:1100 0101 0110 1100	1352
0010E6	C56C F548	MOVFF LINEY2,GLCDY
	S	1111 DDDD DDDD DDDD:1100 SSSS SSSS SSSS	1389
	D	1111 DDDD DDDD DDDD:1100 0101 0110 1101	1353
0010EA	C56D F549	MOVFF LINEY2_H,GLCDY_H
	S	1111 DDDD DDDD DDDD:1100 SSSS SSSS SSSS	1366
	D	1111 DDDD DDDD DDDD:1100 0101 0101 0110	1327
0010EE	C556 F52F	MOVFF LINECOLOUR,GLCDCOLOUR
	S	1111 DDDD DDDD DDDD:1100 SSSS SSSS SSSS	1367
	D	1111 DDDD DDDD DDDD:1100 0101 0101 0111	1328
0010F2	C557 F530	MOVFF LINECOLOUR_H,GLCDCOLOUR_H
	K	1111 KKKK KKKK KKKK:1110 110S KKKK KKKK	10336
	S	1111 0000 0001 0100:1110 110S 0011 0000	0
0010F6	EC30 F014	CALL PSET_ILI9341
	S	1111 DDDD DDDD DDDD:1100 SSSS SSSS SSSS	1319
	D	1111 DDDD DDDD DDDD:1100 0101 0010 0111	1285
0010FA	C527 F505	MOVFF DRAWLINE,SYSWORDTEMPA
	S	1111 DDDD DDDD DDDD:1100 SSSS SSSS SSSS	1320
	D	1111 DDDD DDDD DDDD:1100 0101 0010 1000	1286
0010FE	C528 F506	MOVFF DRAWLINE_H,SYSWORDTEMPA_H
	S	1111 DDDD DDDD DDDD:1100 SSSS SSSS SSSS	1384
	D	1111 DDDD DDDD DDDD:1100 0101 0110 1000	1289
001102	C568 F509	MOVFF LINEX2,SYSWORDTEMPB
	S	1111 DDDD DDDD DDDD:1100 SSSS SSSS SSSS	1385
	D	1111 DDDD DDDD DDDD:1100 0101 0110 1001	1290
001106	C569 F50A	MOVFF LINEX2_H,SYSWORDTEMPB_H
	K	1111 KKKK KKKK KKKK:1110 110S KKKK KKKK	14454
	S	1111 0000 0001 1100:1110 110S 0011 1011	0
00110A	EC3B F01C	CALL SYSCOMPLESSTHAN16
	F	 1011 BBBA FFFF FFFF	1280
	B	 1011 BBBA 0000 0000	0
	A	 1011 000A 0000 0000	0
00110E	B000	BTFSC SYSBYTETEMPX,0,ACCESS
	N	 1101 0NNN NNNN NNNN	2005
001110	D7D5	BRA SYSFORLOOP3
		SYSFORLOOPEND3
	K	 0000 1110 KKKK KKKK	1
001112	0E01	MOVLW 1
	K	 0000 0001 00KK KKKK	5
000000	0105	BANKSEL LINEY1
	F	 0101 11DA FFFF FFFF	1386
	D	 0101 11DA 0110 1010	0
	A	 0101 110A 0110 1010	1
001116	5D6A	SUBWF LINEY1,W,BANKED
	F	 0110 111A FFFF FFFF	1319
	A	 0110 111A 0010 0111	0
001118	6E27	MOVWF DRAWLINE,ACCESS
	K	 0000 1110 KKKK KKKK	0
00111A	0E00	MOVLW 0
	F	 0101 10DA FFFF FFFF	1387
	D	 0101 10DA 0110 1011	0
	A	 0101 100A 0110 1011	1
00111C	596B	SUBWFB LINEY1_H,W,BANKED
	F	 0110 111A FFFF FFFF	1320
	A	 0110 111A 0010 1000	0
00111E	6E28	MOVWF DRAWLINE_H,ACCESS
	S	1111 DDDD DDDD DDDD:1100 SSSS SSSS SSSS	1386
	D	1111 DDDD DDDD DDDD:1100 0101 0110 1010	1289
001120	C56A F509	MOVFF LINEY1,SYSWORDTEMPB
	S	1111 DDDD DDDD DDDD:1100 SSSS SSSS SSSS	1387
	D	1111 DDDD DDDD DDDD:1100 0101 0110 1011	1290
001124	C56B F50A	MOVFF LINEY1_H,SYSWORDTEMPB_H
	S	1111 DDDD DDDD DDDD:1100 SSSS SSSS SSSS	1388
	D	1111 DDDD DDDD DDDD:1100 0101 0110 1100	1285
001128	C56C F505	MOVFF LINEY2,SYSWORDTEMPA
	S	1111 DDDD DDDD DDDD:1100 SSSS SSSS SSSS	1389
	D	1111 DDDD DDDD DDDD:1100 0101 0110 1101	1286
00112C	C56D F506	MOVFF LINEY2_H,SYSWORDTEMPA_H
	K	 0000 0001 00KK KKKK	0
000000	0100	BANKSEL 0
	K	1111 KKKK KKKK KKKK:1110 110S KKKK KKKK	14454
	S	1111 0000 0001 1100:1110 110S 0011 1011	0
001132	EC3B F01C	CALL SYSCOMPLESSTHAN16
	F	 1011 BBBA FFFF FFFF	1280
	B	 1011 BBBA 0000 0000	0
	A	 1011 000A 0000 0000	0
001136	B000	BTFSC SYSBYTETEMPX,0,ACCESS
	N	 1101 0NNN NNNN NNNN	43
001138	D02B	BRA SYSFORLOOPEND4
		SYSFORLOOP4
	F	 0010 10DA FFFF FFFF	1319
	D	 0010 10DA 0010 0111	1
	A	 0010 101A 0010 0111	0
00113A	2A27	INCF DRAWLINE,F,ACCESS
	F	 1011 BBBA FFFF FFFF	1240
	B	 1011 BBBA 1101 1000	2
	A	 1011 010A 1101 1000	0
00113C	B4D8	BTFSC STATUS,Z,ACCESS
	F	 0010 10DA FFFF FFFF	1320
	D	 0010 10DA 0010 1000	1
	A	 0010 101A 0010 1000	0
00113E	2A28	INCF DRAWLINE_H,F,ACCESS
	S	1111 DDDD DDDD DDDD:1100 SSSS SSSS SSSS	1382
	D	1111 DDDD DDDD DDDD:1100 0101 0110 0110	1350
001140	C566 F546	MOVFF LINEX1,GLCDX
	S	1111 DDDD DDDD DDDD:1100 SSSS SSSS SSSS	1383
	D	1111 DDDD DDDD DDDD:1100 0101 0110 0111	1351
001144	C567 F547	MOVFF LINEX1_H,GLCDX_H
	S	1111 DDDD DDDD DDDD:1100 SSSS SSSS SSSS	1319
	D	1111 DDDD DDDD DDDD:1100 0101 0010 0111	1352
001148	C527 F548	MOVFF DRAWLINE,GLCDY
	S	1111 DDDD DDDD DDDD:1100 SSSS SSSS SSSS	1320
	D	1111 DDDD DDDD DDDD:1100 0101 0010 1000	1353
00114C	C528 F549	MOVFF DRAWLINE_H,GLCDY_H
	S	1111 DDDD DDDD DDDD:1100 SSSS SSSS SSSS	1366
	D	1111 DDDD DDDD DDDD:1100 0101 0101 0110	1327
001150	C556 F52F	MOVFF LINECOLOUR,GLCDCOLOUR
	S	1111 DDDD DDDD DDDD:1100 SSSS SSSS SSSS	1367
	D	1111 DDDD DDDD DDDD:1100 0101 0101 0111	1328
001154	C557 F530	MOVFF LINECOLOUR_H,GLCDCOLOUR_H
	K	1111 KKKK KKKK KKKK:1110 110S KKKK KKKK	10336
	S	1111 0000 0001 0100:1110 110S 0011 0000	0
001158	EC30 F014	CALL PSET_ILI9341
	S	1111 DDDD DDDD DDDD:1100 SSSS SSSS SSSS	1384
	D	1111 DDDD DDDD DDDD:1100 0101 0110 1000	1350
00115C	C568 F546	MOVFF LINEX2,GLCDX
	S	1111 DDDD DDDD DDDD:1100 SSSS SSSS SSSS	1385
	D	1111 DDDD DDDD DDDD:1100 0101 0110 1001	1351
001160	C569 F547	MOVFF LINEX2_H,GLCDX_H
	S	1111 DDDD DDDD DDDD:1100 SSSS SSSS SSSS	1319
	D	1111 DDDD DDDD DDDD:1100 0101 0010 0111	1352
001164	C527 F548	MOVFF DRAWLINE,GLCDY
	S	1111 DDDD DDDD DDDD:1100 SSSS SSSS SSSS	1320
	D	1111 DDDD DDDD DDDD:1100 0101 0010 1000	1353
001168	C528 F549	MOVFF DRAWLINE_H,GLCDY_H
	S	1111 DDDD DDDD DDDD:1100 SSSS SSSS SSSS	1366
	D	1111 DDDD DDDD DDDD:1100 0101 0101 0110	1327
00116C	C556 F52F	MOVFF LINECOLOUR,GLCDCOLOUR
	S	1111 DDDD DDDD DDDD:1100 SSSS SSSS SSSS	1367
	D	1111 DDDD DDDD DDDD:1100 0101 0101 0111	1328
001170	C557 F530	MOVFF LINECOLOUR_H,GLCDCOLOUR_H
	K	1111 KKKK KKKK KKKK:1110 110S KKKK KKKK	10336
	S	1111 0000 0001 0100:1110 110S 0011 0000	0
001174	EC30 F014	CALL PSET_ILI9341
	S	1111 DDDD DDDD DDDD:1100 SSSS SSSS SSSS	1319
	D	1111 DDDD DDDD DDDD:1100 0101 0010 0111	1285
001178	C527 F505	MOVFF DRAWLINE,SYSWORDTEMPA
	S	1111 DDDD DDDD DDDD:1100 SSSS SSSS SSSS	1320
	D	1111 DDDD DDDD DDDD:1100 0101 0010 1000	1286
00117C	C528 F506	MOVFF DRAWLINE_H,SYSWORDTEMPA_H
	S	1111 DDDD DDDD DDDD:1100 SSSS SSSS SSSS	1388
	D	1111 DDDD DDDD DDDD:1100 0101 0110 1100	1289
001180	C56C F509	MOVFF LINEY2,SYSWORDTEMPB
	S	1111 DDDD DDDD DDDD:1100 SSSS SSSS SSSS	1389
	D	1111 DDDD DDDD DDDD:1100 0101 0110 1101	1290
001184	C56D F50A	MOVFF LINEY2_H,SYSWORDTEMPB_H
	K	1111 KKKK KKKK KKKK:1110 110S KKKK KKKK	14454
	S	1111 0000 0001 1100:1110 110S 0011 1011	0
001188	EC3B F01C	CALL SYSCOMPLESSTHAN16
	F	 1011 BBBA FFFF FFFF	1280
	B	 1011 BBBA 0000 0000	0
	A	 1011 000A 0000 0000	0
00118C	B000	BTFSC SYSBYTETEMPX,0,ACCESS
	N	 1101 0NNN NNNN NNNN	2005
00118E	D7D5	BRA SYSFORLOOP4
		SYSFORLOOPEND4
	S	 0000 0000 0001 001S	0
001190	0012	RETURN


		CIRCLE22
	S	1111 DDDD DDDD DDDD:1100 SSSS SSSS SSSS	1360
	D	1111 DDDD DDDD DDDD:1100 0101 0101 0000	1467
001192	C550 F5BB	MOVFF INXRADIUS,XRADIUS
	S	1111 DDDD DDDD DDDD:1100 SSSS SSSS SSSS	1361
	D	1111 DDDD DDDD DDDD:1100 0101 0101 0001	1468
001196	C551 F5BC	MOVFF INXRADIUS_H,XRADIUS_H
	S	1111 DDDD DDDD DDDD:1100 SSSS SSSS SSSS	1467
	D	1111 DDDD DDDD DDDD:1100 0101 1011 1011	1285
00119A	C5BB F505	MOVFF XRADIUS,SYSINTEGERTEMPA
	S	1111 DDDD DDDD DDDD:1100 SSSS SSSS SSSS	1468
	D	1111 DDDD DDDD DDDD:1100 0101 1011 1100	1286
00119E	C5BC F506	MOVFF XRADIUS_H,SYSINTEGERTEMPA_H
	K	 0000 1110 KKKK KKKK	2
0011A2	0E02	MOVLW 2
	F	 0110 111A FFFF FFFF	1289
	A	 0110 111A 0000 1001	0
0011A4	6E09	MOVWF SYSINTEGERTEMPB,ACCESS
	F	 0110 101A FFFF FFFF	1290
	A	 0110 101A 0000 1010	0
0011A6	6A0A	CLRF SYSINTEGERTEMPB_H,ACCESS
	K	1111 KKKK KKKK KKKK:1110 110S KKKK KKKK	14940
	S	1111 0000 0001 1101:1110 110S 0010 1110	0
0011A8	EC2E F01D	CALL SYSDIVSUBINT
	S	1111 DDDD DDDD DDDD:1100 SSSS SSSS SSSS	1285
	D	1111 DDDD DDDD DDDD:1100 0101 0000 0101	1452
0011AC	C505 F5AC	MOVFF SYSINTEGERTEMPA,SYSTEMP1
	S	1111 DDDD DDDD DDDD:1100 SSSS SSSS SSSS	1286
	D	1111 DDDD DDDD DDDD:1100 0101 0000 0110	1453
0011B0	C506 F5AD	MOVFF SYSINTEGERTEMPA_H,SYSTEMP1_H
	K	 0000 0001 00KK KKKK	5
000000	0105	BANKSEL SYSTEMP1
	F	 0001 11DA FFFF FFFF	1452
	D	 0001 11DA 1010 1100	0
	A	 0001 110A 1010 1100	1
0011B6	1DAC	COMF SYSTEMP1,W,BANKED
	F	 0110 111A FFFF FFFF	1404
	A	 0110 111A 0111 1100	1
0011B8	6F7C	MOVWF RADIUSERR,BANKED
	F	 0001 11DA FFFF FFFF	1453
	D	 0001 11DA 1010 1101	0
	A	 0001 110A 1010 1101	1
0011BA	1DAD	COMF SYSTEMP1_H,W,BANKED
	F	 0110 111A FFFF FFFF	1405
	A	 0110 111A 0111 1101	1
0011BC	6F7D	MOVWF RADIUSERR_H,BANKED
	F	 0010 10DA FFFF FFFF	1404
	D	 0010 10DA 0111 1100	1
	A	 0010 101A 0111 1100	1
0011BE	2B7C	INCF RADIUSERR,F,BANKED
	F	 1011 BBBA FFFF FFFF	1240
	B	 1011 BBBA 1101 1000	2
	A	 1011 010A 1101 1000	0
0011C0	B4D8	BTFSC STATUS,Z,ACCESS
	F	 0010 10DA FFFF FFFF	1405
	D	 0010 10DA 0111 1101	1
	A	 0010 101A 0111 1101	1
0011C2	2B7D	INCF RADIUSERR_H,F,BANKED
		SYSDOLOOP_S4
	S	1111 DDDD DDDD DDDD:1100 SSSS SSSS SSSS	1467
	D	1111 DDDD DDDD DDDD:1100 0101 1011 1011	1285
0011C4	C5BB F505	MOVFF XRADIUS,SYSINTEGERTEMPA
	S	1111 DDDD DDDD DDDD:1100 SSSS SSSS SSSS	1468
	D	1111 DDDD DDDD DDDD:1100 0101 1011 1100	1286
0011C8	C5BC F506	MOVFF XRADIUS_H,SYSINTEGERTEMPA_H
	S	1111 DDDD DDDD DDDD:1100 SSSS SSSS SSSS	1475
	D	1111 DDDD DDDD DDDD:1100 0101 1100 0011	1289
0011CC	C5C3 F509	MOVFF YORDINATE,SYSINTEGERTEMPB
	F	 0110 101A FFFF FFFF	1290
	A	 0110 101A 0000 1010	0
0011D0	6A0A	CLRF SYSINTEGERTEMPB_H,ACCESS
	K	 0000 0001 00KK KKKK	0
000000	0100	BANKSEL 0
	K	1111 KKKK KKKK KKKK:1110 110S KKKK KKKK	14526
	S	1111 0000 0001 1100:1110 110S 0101 1111	0
0011D4	EC5F F01C	CALL SYSCOMPLESSTHANINT
	F	 0001 11DA FFFF FFFF	1280
	D	 0001 11DA 0000 0000	1
	A	 0001 111A 0000 0000	0
0011D8	1E00	COMF SYSBYTETEMPX,F,ACCESS
	F	 1010 BBBA FFFF FFFF	1280
	B	 1010 BBBA 0000 0000	0
	A	 1010 000A 0000 0000	0
0011DA	A000	BTFSS SYSBYTETEMPX,0,ACCESS
	N	 1101 0NNN NNNN NNNN	223
0011DC	D0DF	BRA SYSDOLOOP_E4
	K	 0000 0001 00KK KKKK	5
000000	0105	BANKSEL XRADIUS
	F	 0101 00DA FFFF FFFF	1467
	D	 0101 00DA 1011 1011	0
	A	 0101 000A 1011 1011	1
0011E0	51BB	MOVF XRADIUS,W,BANKED
	F	 0010 01DA FFFF FFFF	1465
	D	 0010 01DA 1011 1001	0
	A	 0010 010A 1011 1001	1
0011E2	25B9	ADDWF XOFFSET,W,BANKED
	F	 0110 111A FFFF FFFF	1350
	A	 0110 111A 0100 0110	0
0011E4	6E46	MOVWF GLCDX,ACCESS
	F	 0101 00DA FFFF FFFF	1468
	D	 0101 00DA 1011 1100	0
	A	 0101 000A 1011 1100	1
0011E6	51BC	MOVF XRADIUS_H,W,BANKED
	F	 0010 00DA FFFF FFFF	1466
	D	 0010 00DA 1011 1010	0
	A	 0010 000A 1011 1010	1
0011E8	21BA	ADDWFC XOFFSET_H,W,BANKED
	F	 0110 111A FFFF FFFF	1351
	A	 0110 111A 0100 0111	0
0011EA	6E47	MOVWF GLCDX_H,ACCESS
	F	 0101 00DA FFFF FFFF	1475
	D	 0101 00DA 1100 0011	0
	A	 0101 000A 1100 0011	1
0011EC	51C3	MOVF YORDINATE,W,BANKED
	F	 0010 01DA FFFF FFFF	1473
	D	 0010 01DA 1100 0001	0
	A	 0010 010A 1100 0001	1
0011EE	25C1	ADDWF YOFFSET,W,BANKED
	F	 0110 111A FFFF FFFF	1352
	A	 0110 111A 0100 1000	0
0011F0	6E48	MOVWF GLCDY,ACCESS
	K	 0000 1110 KKKK KKKK	0
0011F2	0E00	MOVLW 0
	F	 0010 00DA FFFF FFFF	1474
	D	 0010 00DA 1100 0010	0
	A	 0010 000A 1100 0010	1
0011F4	21C2	ADDWFC YOFFSET_H,W,BANKED
	F	 0110 111A FFFF FFFF	1353
	A	 0110 111A 0100 1001	0
0011F6	6E49	MOVWF GLCDY_H,ACCESS
	S	1111 DDDD DDDD DDDD:1100 SSSS SSSS SSSS	1366
	D	1111 DDDD DDDD DDDD:1100 0101 0101 0110	1327
0011F8	C556 F52F	MOVFF LINECOLOUR,GLCDCOLOUR
	S	1111 DDDD DDDD DDDD:1100 SSSS SSSS SSSS	1367
	D	1111 DDDD DDDD DDDD:1100 0101 0101 0111	1328
0011FC	C557 F530	MOVFF LINECOLOUR_H,GLCDCOLOUR_H
	K	 0000 0001 00KK KKKK	0
000000	0100	BANKSEL 0
	K	1111 KKKK KKKK KKKK:1110 110S KKKK KKKK	10336
	S	1111 0000 0001 0100:1110 110S 0011 0000	0
001202	EC30 F014	CALL PSET_ILI9341
	K	 0000 0001 00KK KKKK	5
000000	0105	BANKSEL YORDINATE
	F	 0101 00DA FFFF FFFF	1475
	D	 0101 00DA 1100 0011	0
	A	 0101 000A 1100 0011	1
001208	51C3	MOVF YORDINATE,W,BANKED
	F	 0010 01DA FFFF FFFF	1465
	D	 0010 01DA 1011 1001	0
	A	 0010 010A 1011 1001	1
00120A	25B9	ADDWF XOFFSET,W,BANKED
	F	 0110 111A FFFF FFFF	1350
	A	 0110 111A 0100 0110	0
00120C	6E46	MOVWF GLCDX,ACCESS
	K	 0000 1110 KKKK KKKK	0
00120E	0E00	MOVLW 0
	F	 0010 00DA FFFF FFFF	1466
	D	 0010 00DA 1011 1010	0
	A	 0010 000A 1011 1010	1
001210	21BA	ADDWFC XOFFSET_H,W,BANKED
	F	 0110 111A FFFF FFFF	1351
	A	 0110 111A 0100 0111	0
001212	6E47	MOVWF GLCDX_H,ACCESS
	F	 0101 00DA FFFF FFFF	1467
	D	 0101 00DA 1011 1011	0
	A	 0101 000A 1011 1011	1
001214	51BB	MOVF XRADIUS,W,BANKED
	F	 0010 01DA FFFF FFFF	1473
	D	 0010 01DA 1100 0001	0
	A	 0010 010A 1100 0001	1
001216	25C1	ADDWF YOFFSET,W,BANKED
	F	 0110 111A FFFF FFFF	1352
	A	 0110 111A 0100 1000	0
001218	6E48	MOVWF GLCDY,ACCESS
	F	 0101 00DA FFFF FFFF	1468
	D	 0101 00DA 1011 1100	0
	A	 0101 000A 1011 1100	1
00121A	51BC	MOVF XRADIUS_H,W,BANKED
	F	 0010 00DA FFFF FFFF	1474
	D	 0010 00DA 1100 0010	0
	A	 0010 000A 1100 0010	1
00121C	21C2	ADDWFC YOFFSET_H,W,BANKED
	F	 0110 111A FFFF FFFF	1353
	A	 0110 111A 0100 1001	0
00121E	6E49	MOVWF GLCDY_H,ACCESS
	S	1111 DDDD DDDD DDDD:1100 SSSS SSSS SSSS	1366
	D	1111 DDDD DDDD DDDD:1100 0101 0101 0110	1327
001220	C556 F52F	MOVFF LINECOLOUR,GLCDCOLOUR
	S	1111 DDDD DDDD DDDD:1100 SSSS SSSS SSSS	1367
	D	1111 DDDD DDDD DDDD:1100 0101 0101 0111	1328
001224	C557 F530	MOVFF LINECOLOUR_H,GLCDCOLOUR_H
	K	 0000 0001 00KK KKKK	0
000000	0100	BANKSEL 0
	K	1111 KKKK KKKK KKKK:1110 110S KKKK KKKK	10336
	S	1111 0000 0001 0100:1110 110S 0011 0000	0
00122A	EC30 F014	CALL PSET_ILI9341
	K	 0000 0001 00KK KKKK	5
000000	0105	BANKSEL XRADIUS
	F	 0101 00DA FFFF FFFF	1467
	D	 0101 00DA 1011 1011	0
	A	 0101 000A 1011 1011	1
001230	51BB	MOVF XRADIUS,W,BANKED
	F	 0101 11DA FFFF FFFF	1465
	D	 0101 11DA 1011 1001	0
	A	 0101 110A 1011 1001	1
001232	5DB9	SUBWF XOFFSET,W,BANKED
	F	 0110 111A FFFF FFFF	1350
	A	 0110 111A 0100 0110	0
001234	6E46	MOVWF GLCDX,ACCESS
	F	 0101 00DA FFFF FFFF	1468
	D	 0101 00DA 1011 1100	0
	A	 0101 000A 1011 1100	1
001236	51BC	MOVF XRADIUS_H,W,BANKED
	F	 0101 10DA FFFF FFFF	1466
	D	 0101 10DA 1011 1010	0
	A	 0101 100A 1011 1010	1
001238	59BA	SUBWFB XOFFSET_H,W,BANKED
	F	 0110 111A FFFF FFFF	1351
	A	 0110 111A 0100 0111	0
00123A	6E47	MOVWF GLCDX_H,ACCESS
	F	 0101 00DA FFFF FFFF	1475
	D	 0101 00DA 1100 0011	0
	A	 0101 000A 1100 0011	1
00123C	51C3	MOVF YORDINATE,W,BANKED
	F	 0010 01DA FFFF FFFF	1473
	D	 0010 01DA 1100 0001	0
	A	 0010 010A 1100 0001	1
00123E	25C1	ADDWF YOFFSET,W,BANKED
	F	 0110 111A FFFF FFFF	1352
	A	 0110 111A 0100 1000	0
001240	6E48	MOVWF GLCDY,ACCESS
	K	 0000 1110 KKKK KKKK	0
001242	0E00	MOVLW 0
	F	 0010 00DA FFFF FFFF	1474
	D	 0010 00DA 1100 0010	0
	A	 0010 000A 1100 0010	1
001244	21C2	ADDWFC YOFFSET_H,W,BANKED
	F	 0110 111A FFFF FFFF	1353
	A	 0110 111A 0100 1001	0
001246	6E49	MOVWF GLCDY_H,ACCESS
	S	1111 DDDD DDDD DDDD:1100 SSSS SSSS SSSS	1366
	D	1111 DDDD DDDD DDDD:1100 0101 0101 0110	1327
001248	C556 F52F	MOVFF LINECOLOUR,GLCDCOLOUR
	S	1111 DDDD DDDD DDDD:1100 SSSS SSSS SSSS	1367
	D	1111 DDDD DDDD DDDD:1100 0101 0101 0111	1328
00124C	C557 F530	MOVFF LINECOLOUR_H,GLCDCOLOUR_H
	K	 0000 0001 00KK KKKK	0
000000	0100	BANKSEL 0
	K	1111 KKKK KKKK KKKK:1110 110S KKKK KKKK	10336
	S	1111 0000 0001 0100:1110 110S 0011 0000	0
001252	EC30 F014	CALL PSET_ILI9341
	K	 0000 0001 00KK KKKK	5
000000	0105	BANKSEL YORDINATE
	F	 0101 00DA FFFF FFFF	1475
	D	 0101 00DA 1100 0011	0
	A	 0101 000A 1100 0011	1
001258	51C3	MOVF YORDINATE,W,BANKED
	F	 0101 11DA FFFF FFFF	1465
	D	 0101 11DA 1011 1001	0
	A	 0101 110A 1011 1001	1
00125A	5DB9	SUBWF XOFFSET,W,BANKED
	F	 0110 111A FFFF FFFF	1350
	A	 0110 111A 0100 0110	0
00125C	6E46	MOVWF GLCDX,ACCESS
	K	 0000 1110 KKKK KKKK	0
00125E	0E00	MOVLW 0
	F	 0101 10DA FFFF FFFF	1466
	D	 0101 10DA 1011 1010	0
	A	 0101 100A 1011 1010	1
001260	59BA	SUBWFB XOFFSET_H,W,BANKED
	F	 0110 111A FFFF FFFF	1351
	A	 0110 111A 0100 0111	0
001262	6E47	MOVWF GLCDX_H,ACCESS
	F	 0101 00DA FFFF FFFF	1467
	D	 0101 00DA 1011 1011	0
	A	 0101 000A 1011 1011	1
001264	51BB	MOVF XRADIUS,W,BANKED
	F	 0010 01DA FFFF FFFF	1473
	D	 0010 01DA 1100 0001	0
	A	 0010 010A 1100 0001	1
001266	25C1	ADDWF YOFFSET,W,BANKED
	F	 0110 111A FFFF FFFF	1352
	A	 0110 111A 0100 1000	0
001268	6E48	MOVWF GLCDY,ACCESS
	F	 0101 00DA FFFF FFFF	1468
	D	 0101 00DA 1011 1100	0
	A	 0101 000A 1011 1100	1
00126A	51BC	MOVF XRADIUS_H,W,BANKED
	F	 0010 00DA FFFF FFFF	1474
	D	 0010 00DA 1100 0010	0
	A	 0010 000A 1100 0010	1
00126C	21C2	ADDWFC YOFFSET_H,W,BANKED
	F	 0110 111A FFFF FFFF	1353
	A	 0110 111A 0100 1001	0
00126E	6E49	MOVWF GLCDY_H,ACCESS
	S	1111 DDDD DDDD DDDD:1100 SSSS SSSS SSSS	1366
	D	1111 DDDD DDDD DDDD:1100 0101 0101 0110	1327
001270	C556 F52F	MOVFF LINECOLOUR,GLCDCOLOUR
	S	1111 DDDD DDDD DDDD:1100 SSSS SSSS SSSS	1367
	D	1111 DDDD DDDD DDDD:1100 0101 0101 0111	1328
001274	C557 F530	MOVFF LINECOLOUR_H,GLCDCOLOUR_H
	K	 0000 0001 00KK KKKK	0
000000	0100	BANKSEL 0
	K	1111 KKKK KKKK KKKK:1110 110S KKKK KKKK	10336
	S	1111 0000 0001 0100:1110 110S 0011 0000	0
00127A	EC30 F014	CALL PSET_ILI9341
	K	 0000 0001 00KK KKKK	5
000000	0105	BANKSEL XRADIUS
	F	 0101 00DA FFFF FFFF	1467
	D	 0101 00DA 1011 1011	0
	A	 0101 000A 1011 1011	1
001280	51BB	MOVF XRADIUS,W,BANKED
	F	 0101 11DA FFFF FFFF	1465
	D	 0101 11DA 1011 1001	0
	A	 0101 110A 1011 1001	1
001282	5DB9	SUBWF XOFFSET,W,BANKED
	F	 0110 111A FFFF FFFF	1350
	A	 0110 111A 0100 0110	0
001284	6E46	MOVWF GLCDX,ACCESS
	F	 0101 00DA FFFF FFFF	1468
	D	 0101 00DA 1011 1100	0
	A	 0101 000A 1011 1100	1
001286	51BC	MOVF XRADIUS_H,W,BANKED
	F	 0101 10DA FFFF FFFF	1466
	D	 0101 10DA 1011 1010	0
	A	 0101 100A 1011 1010	1
001288	59BA	SUBWFB XOFFSET_H,W,BANKED
	F	 0110 111A FFFF FFFF	1351
	A	 0110 111A 0100 0111	0
00128A	6E47	MOVWF GLCDX_H,ACCESS
	F	 0101 00DA FFFF FFFF	1475
	D	 0101 00DA 1100 0011	0
	A	 0101 000A 1100 0011	1
00128C	51C3	MOVF YORDINATE,W,BANKED
	F	 0101 11DA FFFF FFFF	1473
	D	 0101 11DA 1100 0001	0
	A	 0101 110A 1100 0001	1
00128E	5DC1	SUBWF YOFFSET,W,BANKED
	F	 0110 111A FFFF FFFF	1352
	A	 0110 111A 0100 1000	0
001290	6E48	MOVWF GLCDY,ACCESS
	K	 0000 1110 KKKK KKKK	0
001292	0E00	MOVLW 0
	F	 0101 10DA FFFF FFFF	1474
	D	 0101 10DA 1100 0010	0
	A	 0101 100A 1100 0010	1
001294	59C2	SUBWFB YOFFSET_H,W,BANKED
	F	 0110 111A FFFF FFFF	1353
	A	 0110 111A 0100 1001	0
001296	6E49	MOVWF GLCDY_H,ACCESS
	S	1111 DDDD DDDD DDDD:1100 SSSS SSSS SSSS	1366
	D	1111 DDDD DDDD DDDD:1100 0101 0101 0110	1327
001298	C556 F52F	MOVFF LINECOLOUR,GLCDCOLOUR
	S	1111 DDDD DDDD DDDD:1100 SSSS SSSS SSSS	1367
	D	1111 DDDD DDDD DDDD:1100 0101 0101 0111	1328
00129C	C557 F530	MOVFF LINECOLOUR_H,GLCDCOLOUR_H
	K	 0000 0001 00KK KKKK	0
000000	0100	BANKSEL 0
	K	1111 KKKK KKKK KKKK:1110 110S KKKK KKKK	10336
	S	1111 0000 0001 0100:1110 110S 0011 0000	0
0012A2	EC30 F014	CALL PSET_ILI9341
	K	 0000 0001 00KK KKKK	5
000000	0105	BANKSEL YORDINATE
	F	 0101 00DA FFFF FFFF	1475
	D	 0101 00DA 1100 0011	0
	A	 0101 000A 1100 0011	1
0012A8	51C3	MOVF YORDINATE,W,BANKED
	F	 0101 11DA FFFF FFFF	1465
	D	 0101 11DA 1011 1001	0
	A	 0101 110A 1011 1001	1
0012AA	5DB9	SUBWF XOFFSET,W,BANKED
	F	 0110 111A FFFF FFFF	1350
	A	 0110 111A 0100 0110	0
0012AC	6E46	MOVWF GLCDX,ACCESS
	K	 0000 1110 KKKK KKKK	0
0012AE	0E00	MOVLW 0
	F	 0101 10DA FFFF FFFF	1466
	D	 0101 10DA 1011 1010	0
	A	 0101 100A 1011 1010	1
0012B0	59BA	SUBWFB XOFFSET_H,W,BANKED
	F	 0110 111A FFFF FFFF	1351
	A	 0110 111A 0100 0111	0
0012B2	6E47	MOVWF GLCDX_H,ACCESS
	F	 0101 00DA FFFF FFFF	1467
	D	 0101 00DA 1011 1011	0
	A	 0101 000A 1011 1011	1
0012B4	51BB	MOVF XRADIUS,W,BANKED
	F	 0101 11DA FFFF FFFF	1473
	D	 0101 11DA 1100 0001	0
	A	 0101 110A 1100 0001	1
0012B6	5DC1	SUBWF YOFFSET,W,BANKED
	F	 0110 111A FFFF FFFF	1352
	A	 0110 111A 0100 1000	0
0012B8	6E48	MOVWF GLCDY,ACCESS
	F	 0101 00DA FFFF FFFF	1468
	D	 0101 00DA 1011 1100	0
	A	 0101 000A 1011 1100	1
0012BA	51BC	MOVF XRADIUS_H,W,BANKED
	F	 0101 10DA FFFF FFFF	1474
	D	 0101 10DA 1100 0010	0
	A	 0101 100A 1100 0010	1
0012BC	59C2	SUBWFB YOFFSET_H,W,BANKED
	F	 0110 111A FFFF FFFF	1353
	A	 0110 111A 0100 1001	0
0012BE	6E49	MOVWF GLCDY_H,ACCESS
	S	1111 DDDD DDDD DDDD:1100 SSSS SSSS SSSS	1366
	D	1111 DDDD DDDD DDDD:1100 0101 0101 0110	1327
0012C0	C556 F52F	MOVFF LINECOLOUR,GLCDCOLOUR
	S	1111 DDDD DDDD DDDD:1100 SSSS SSSS SSSS	1367
	D	1111 DDDD DDDD DDDD:1100 0101 0101 0111	1328
0012C4	C557 F530	MOVFF LINECOLOUR_H,GLCDCOLOUR_H
	K	 0000 0001 00KK KKKK	0
000000	0100	BANKSEL 0
	K	1111 KKKK KKKK KKKK:1110 110S KKKK KKKK	10336
	S	1111 0000 0001 0100:1110 110S 0011 0000	0
0012CA	EC30 F014	CALL PSET_ILI9341
	K	 0000 0001 00KK KKKK	5
000000	0105	BANKSEL XRADIUS
	F	 0101 00DA FFFF FFFF	1467
	D	 0101 00DA 1011 1011	0
	A	 0101 000A 1011 1011	1
0012D0	51BB	MOVF XRADIUS,W,BANKED
	F	 0010 01DA FFFF FFFF	1465
	D	 0010 01DA 1011 1001	0
	A	 0010 010A 1011 1001	1
0012D2	25B9	ADDWF XOFFSET,W,BANKED
	F	 0110 111A FFFF FFFF	1350
	A	 0110 111A 0100 0110	0
0012D4	6E46	MOVWF GLCDX,ACCESS
	F	 0101 00DA FFFF FFFF	1468
	D	 0101 00DA 1011 1100	0
	A	 0101 000A 1011 1100	1
0012D6	51BC	MOVF XRADIUS_H,W,BANKED
	F	 0010 00DA FFFF FFFF	1466
	D	 0010 00DA 1011 1010	0
	A	 0010 000A 1011 1010	1
0012D8	21BA	ADDWFC XOFFSET_H,W,BANKED
	F	 0110 111A FFFF FFFF	1351
	A	 0110 111A 0100 0111	0
0012DA	6E47	MOVWF GLCDX_H,ACCESS
	F	 0101 00DA FFFF FFFF	1475
	D	 0101 00DA 1100 0011	0
	A	 0101 000A 1100 0011	1
0012DC	51C3	MOVF YORDINATE,W,BANKED
	F	 0101 11DA FFFF FFFF	1473
	D	 0101 11DA 1100 0001	0
	A	 0101 110A 1100 0001	1
0012DE	5DC1	SUBWF YOFFSET,W,BANKED
	F	 0110 111A FFFF FFFF	1352
	A	 0110 111A 0100 1000	0
0012E0	6E48	MOVWF GLCDY,ACCESS
	K	 0000 1110 KKKK KKKK	0
0012E2	0E00	MOVLW 0
	F	 0101 10DA FFFF FFFF	1474
	D	 0101 10DA 1100 0010	0
	A	 0101 100A 1100 0010	1
0012E4	59C2	SUBWFB YOFFSET_H,W,BANKED
	F	 0110 111A FFFF FFFF	1353
	A	 0110 111A 0100 1001	0
0012E6	6E49	MOVWF GLCDY_H,ACCESS
	S	1111 DDDD DDDD DDDD:1100 SSSS SSSS SSSS	1366
	D	1111 DDDD DDDD DDDD:1100 0101 0101 0110	1327
0012E8	C556 F52F	MOVFF LINECOLOUR,GLCDCOLOUR
	S	1111 DDDD DDDD DDDD:1100 SSSS SSSS SSSS	1367
	D	1111 DDDD DDDD DDDD:1100 0101 0101 0111	1328
0012EC	C557 F530	MOVFF LINECOLOUR_H,GLCDCOLOUR_H
	K	 0000 0001 00KK KKKK	0
000000	0100	BANKSEL 0
	K	1111 KKKK KKKK KKKK:1110 110S KKKK KKKK	10336
	S	1111 0000 0001 0100:1110 110S 0011 0000	0
0012F2	EC30 F014	CALL PSET_ILI9341
	K	 0000 0001 00KK KKKK	5
000000	0105	BANKSEL YORDINATE
	F	 0101 00DA FFFF FFFF	1475
	D	 0101 00DA 1100 0011	0
	A	 0101 000A 1100 0011	1
0012F8	51C3	MOVF YORDINATE,W,BANKED
	F	 0010 01DA FFFF FFFF	1465
	D	 0010 01DA 1011 1001	0
	A	 0010 010A 1011 1001	1
0012FA	25B9	ADDWF XOFFSET,W,BANKED
	F	 0110 111A FFFF FFFF	1350
	A	 0110 111A 0100 0110	0
0012FC	6E46	MOVWF GLCDX,ACCESS
	K	 0000 1110 KKKK KKKK	0
0012FE	0E00	MOVLW 0
	F	 0010 00DA FFFF FFFF	1466
	D	 0010 00DA 1011 1010	0
	A	 0010 000A 1011 1010	1
001300	21BA	ADDWFC XOFFSET_H,W,BANKED
	F	 0110 111A FFFF FFFF	1351
	A	 0110 111A 0100 0111	0
001302	6E47	MOVWF GLCDX_H,ACCESS
	F	 0101 00DA FFFF FFFF	1467
	D	 0101 00DA 1011 1011	0
	A	 0101 000A 1011 1011	1
001304	51BB	MOVF XRADIUS,W,BANKED
	F	 0101 11DA FFFF FFFF	1473
	D	 0101 11DA 1100 0001	0
	A	 0101 110A 1100 0001	1
001306	5DC1	SUBWF YOFFSET,W,BANKED
	F	 0110 111A FFFF FFFF	1352
	A	 0110 111A 0100 1000	0
001308	6E48	MOVWF GLCDY,ACCESS
	F	 0101 00DA FFFF FFFF	1468
	D	 0101 00DA 1011 1100	0
	A	 0101 000A 1011 1100	1
00130A	51BC	MOVF XRADIUS_H,W,BANKED
	F	 0101 10DA FFFF FFFF	1474
	D	 0101 10DA 1100 0010	0
	A	 0101 100A 1100 0010	1
00130C	59C2	SUBWFB YOFFSET_H,W,BANKED
	F	 0110 111A FFFF FFFF	1353
	A	 0110 111A 0100 1001	0
00130E	6E49	MOVWF GLCDY_H,ACCESS
	S	1111 DDDD DDDD DDDD:1100 SSSS SSSS SSSS	1366
	D	1111 DDDD DDDD DDDD:1100 0101 0101 0110	1327
001310	C556 F52F	MOVFF LINECOLOUR,GLCDCOLOUR
	S	1111 DDDD DDDD DDDD:1100 SSSS SSSS SSSS	1367
	D	1111 DDDD DDDD DDDD:1100 0101 0101 0111	1328
001314	C557 F530	MOVFF LINECOLOUR_H,GLCDCOLOUR_H
	K	 0000 0001 00KK KKKK	0
000000	0100	BANKSEL 0
	K	1111 KKKK KKKK KKKK:1110 110S KKKK KKKK	10336
	S	1111 0000 0001 0100:1110 110S 0011 0000	0
00131A	EC30 F014	CALL PSET_ILI9341
	K	 0000 0001 00KK KKKK	5
000000	0105	BANKSEL YORDINATE
	F	 0010 10DA FFFF FFFF	1475
	D	 0010 10DA 1100 0011	1
	A	 0010 101A 1100 0011	1
001320	2BC3	INCF YORDINATE,F,BANKED
	S	1111 DDDD DDDD DDDD:1100 SSSS SSSS SSSS	1404
	D	1111 DDDD DDDD DDDD:1100 0101 0111 1100	1285
001322	C57C F505	MOVFF RADIUSERR,SYSINTEGERTEMPA
	S	1111 DDDD DDDD DDDD:1100 SSSS SSSS SSSS	1405
	D	1111 DDDD DDDD DDDD:1100 0101 0111 1101	1286
001326	C57D F506	MOVFF RADIUSERR_H,SYSINTEGERTEMPA_H
	F	 0110 101A FFFF FFFF	1289
	A	 0110 101A 0000 1001	0
00132A	6A09	CLRF SYSINTEGERTEMPB,ACCESS
	F	 0110 101A FFFF FFFF	1290
	A	 0110 101A 0000 1010	0
00132C	6A0A	CLRF SYSINTEGERTEMPB_H,ACCESS
	K	 0000 0001 00KK KKKK	0
000000	0100	BANKSEL 0
	K	1111 KKKK KKKK KKKK:1110 110S KKKK KKKK	14526
	S	1111 0000 0001 1100:1110 110S 0101 1111	0
001330	EC5F F01C	CALL SYSCOMPLESSTHANINT
	F	 1010 BBBA FFFF FFFF	1280
	B	 1010 BBBA 0000 0000	0
	A	 1010 000A 0000 0000	0
001334	A000	BTFSS SYSBYTETEMPX,0,ACCESS
	N	 1101 0NNN NNNN NNNN	16
001336	D010	BRA ELSE16_1
	K	 0000 0001 00KK KKKK	5
000000	0105	BANKSEL YORDINATE
	F	 0101 00DA FFFF FFFF	1475
	D	 0101 00DA 1100 0011	0
	A	 0101 000A 1100 0011	1
00133A	51C3	MOVF YORDINATE,W,BANKED
	K	 0000 1101 KKKK KKKK	2
00133C	0D02	MULLW 2
	F	 0101 00DA FFFF FFFF	1267
	D	 0101 00DA 1111 0011	0
	A	 0101 000A 1111 0011	0
00133E	50F3	MOVF PRODL,W,ACCESS
	F	 0010 01DA FFFF FFFF	1404
	D	 0010 01DA 0111 1100	0
	A	 0010 010A 0111 1100	1
001340	257C	ADDWF RADIUSERR,W,BANKED
	F	 0110 111A FFFF FFFF	1452
	A	 0110 111A 1010 1100	1
001342	6FAC	MOVWF SYSTEMP1,BANKED
	K	 0000 1110 KKKK KKKK	0
001344	0E00	MOVLW 0
	F	 0010 00DA FFFF FFFF	1405
	D	 0010 00DA 0111 1101	0
	A	 0010 000A 0111 1101	1
001346	217D	ADDWFC RADIUSERR_H,W,BANKED
	F	 0110 111A FFFF FFFF	1453
	A	 0110 111A 1010 1101	1
001348	6FAD	MOVWF SYSTEMP1_H,BANKED
	K	 0000 1110 KKKK KKKK	1
00134A	0E01	MOVLW 1
	F	 0010 01DA FFFF FFFF	1452
	D	 0010 01DA 1010 1100	0
	A	 0010 010A 1010 1100	1
00134C	25AC	ADDWF SYSTEMP1,W,BANKED
	F	 0110 111A FFFF FFFF	1404
	A	 0110 111A 0111 1100	1
00134E	6F7C	MOVWF RADIUSERR,BANKED
	K	 0000 1110 KKKK KKKK	0
001350	0E00	MOVLW 0
	F	 0010 00DA FFFF FFFF	1453
	D	 0010 00DA 1010 1101	0
	A	 0010 000A 1010 1101	1
001352	21AD	ADDWFC SYSTEMP1_H,W,BANKED
	F	 0110 111A FFFF FFFF	1405
	A	 0110 111A 0111 1101	1
001354	6F7D	MOVWF RADIUSERR_H,BANKED
	N	 1101 0NNN NNNN NNNN	33
001356	D021	BRA ENDIF16
		ELSE16_1
	K	 0000 1110 KKKK KKKK	1
001358	0E01	MOVLW 1
	K	 0000 0001 00KK KKKK	5
000000	0105	BANKSEL XRADIUS
	F	 0101 11DA FFFF FFFF	1467
	D	 0101 11DA 1011 1011	1
	A	 0101 111A 1011 1011	1
00135C	5FBB	SUBWF XRADIUS,F,BANKED
	K	 0000 1110 KKKK KKKK	0
00135E	0E00	MOVLW 0
	F	 0101 10DA FFFF FFFF	1468
	D	 0101 10DA 1011 1100	1
	A	 0101 101A 1011 1100	1
001360	5BBC	SUBWFB XRADIUS_H,F,BANKED
	F	 0101 00DA FFFF FFFF	1467
	D	 0101 00DA 1011 1011	0
	A	 0101 000A 1011 1011	1
001362	51BB	MOVF XRADIUS,W,BANKED
	F	 0101 11DA FFFF FFFF	1475
	D	 0101 11DA 1100 0011	0
	A	 0101 110A 1100 0011	1
001364	5DC3	SUBWF YORDINATE,W,BANKED
	F	 0110 111A FFFF FFFF	1452
	A	 0110 111A 1010 1100	1
001366	6FAC	MOVWF SYSTEMP1,BANKED
	F	 0110 101A FFFF FFFF	1456
	A	 0110 101A 1011 0000	1
001368	6BB0	CLRF SYSTEMP2,BANKED
	F	 0101 00DA FFFF FFFF	1468
	D	 0101 00DA 1011 1100	0
	A	 0101 000A 1011 1100	1
00136A	51BC	MOVF XRADIUS_H,W,BANKED
	F	 0101 10DA FFFF FFFF	1456
	D	 0101 10DA 1011 0000	0
	A	 0101 100A 1011 0000	1
00136C	59B0	SUBWFB SYSTEMP2,W,BANKED
	F	 0110 111A FFFF FFFF	1453
	A	 0110 111A 1010 1101	1
00136E	6FAD	MOVWF SYSTEMP1_H,BANKED
	K	 0000 1110 KKKK KKKK	1
001370	0E01	MOVLW 1
	F	 0010 01DA FFFF FFFF	1452
	D	 0010 01DA 1010 1100	0
	A	 0010 010A 1010 1100	1
001372	25AC	ADDWF SYSTEMP1,W,BANKED
	F	 0110 111A FFFF FFFF	1458
	A	 0110 111A 1011 0010	1
001374	6FB2	MOVWF SYSTEMP3,BANKED
	K	 0000 1110 KKKK KKKK	0
001376	0E00	MOVLW 0
	F	 0010 00DA FFFF FFFF	1453
	D	 0010 00DA 1010 1101	0
	A	 0010 000A 1010 1101	1
001378	21AD	ADDWFC SYSTEMP1_H,W,BANKED
	F	 0110 111A FFFF FFFF	1459
	A	 0110 111A 1011 0011	1
00137A	6FB3	MOVWF SYSTEMP3_H,BANKED
	S	1111 DDDD DDDD DDDD:1100 SSSS SSSS SSSS	1458
	D	1111 DDDD DDDD DDDD:1100 0101 1011 0010	1285
00137C	C5B2 F505	MOVFF SYSTEMP3,SYSINTEGERTEMPA
	S	1111 DDDD DDDD DDDD:1100 SSSS SSSS SSSS	1459
	D	1111 DDDD DDDD DDDD:1100 0101 1011 0011	1286
001380	C5B3 F506	MOVFF SYSTEMP3_H,SYSINTEGERTEMPA_H
	K	 0000 1110 KKKK KKKK	2
001384	0E02	MOVLW 2
	F	 0110 111A FFFF FFFF	1289
	A	 0110 111A 0000 1001	0
001386	6E09	MOVWF SYSINTEGERTEMPB,ACCESS
	F	 0110 101A FFFF FFFF	1290
	A	 0110 101A 0000 1010	0
001388	6A0A	CLRF SYSINTEGERTEMPB_H,ACCESS
	K	 0000 0001 00KK KKKK	0
000000	0100	BANKSEL 0
	K	1111 KKKK KKKK KKKK:1110 110S KKKK KKKK	15170
	S	1111 0000 0001 1101:1110 110S 1010 0001	0
00138C	ECA1 F01D	CALL SYSMULTSUBINT
	F	 0101 00DA FFFF FFFF	1280
	D	 0101 00DA 0000 0000	0
	A	 0101 000A 0000 0000	0
001390	5000	MOVF SYSINTEGERTEMPX,W,ACCESS
	K	 0000 0001 00KK KKKK	5
000000	0105	BANKSEL RADIUSERR
	F	 0010 01DA FFFF FFFF	1404
	D	 0010 01DA 0111 1100	1
	A	 0010 011A 0111 1100	1
001394	277C	ADDWF RADIUSERR,F,BANKED
	F	 0101 00DA FFFF FFFF	1281
	D	 0101 00DA 0000 0001	0
	A	 0101 000A 0000 0001	0
001396	5001	MOVF SYSINTEGERTEMPX_H,W,ACCESS
	F	 0010 00DA FFFF FFFF	1405
	D	 0010 00DA 0111 1101	1
	A	 0010 001A 0111 1101	1
001398	237D	ADDWFC RADIUSERR_H,F,BANKED
		ENDIF16
	N	 1101 0NNN NNNN NNNN	1812
00139A	D714	BRA SYSDOLOOP_S4
		SYSDOLOOP_E4
	S	 0000 0000 0001 001S	0
00139C	0012	RETURN


		DRAWBIGCHAR_ILI9341
	F	 0101 00DA FFFF FFFF	1296
	D	 0101 00DA 0001 0000	0
	A	 0101 000A 0001 0000	0
00139E	5010	MOVF CHARCODE,W,ACCESS
	K	 0000 1000 KKKK KKKK	126
0013A0	087E	SUBLW 126
	F	 1010 BBBA FFFF FFFF	1240
	B	 1010 BBBA 1101 1000	0
	A	 1010 000A 1101 1000	0
0013A2	A0D8	BTFSS STATUS, C,ACCESS
	N	 1101 0NNN NNNN NNNN	3
0013A4	D003	BRA ENDIF65
	K	 0000 1110 KKKK KKKK	32
0013A6	0E20	MOVLW 32
	F	 0101 11DA FFFF FFFF	1296
	D	 0101 11DA 0001 0000	1
	A	 0101 111A 0001 0000	0
0013A8	5E10	SUBWF CHARCODE,F,ACCESS
	N	 1101 0NNN NNNN NNNN	14
0013AA	D00E	BRA GCBBIGTABLES
		ENDIF65
	F	 0101 00DA FFFF FFFF	1296
	D	 0101 00DA 0001 0000	0
	A	 0101 000A 0001 0000	0
0013AC	5010	MOVF CHARCODE,W,ACCESS
	K	 0000 1000 KKKK KKKK	210
0013AE	08D2	SUBLW 210
	F	 1010 BBBA FFFF FFFF	1240
	B	 1010 BBBA 1101 1000	0
	A	 1010 000A 1101 1000	0
0013B0	A0D8	BTFSS STATUS, C,ACCESS
	N	 1101 0NNN NNNN NNNN	3
0013B2	D003	BRA ENDIF66
	K	 0000 1110 KKKK KKKK	33
0013B4	0E21	MOVLW 33
	F	 0101 11DA FFFF FFFF	1296
	D	 0101 11DA 0001 0000	1
	A	 0101 111A 0001 0000	0
0013B6	5E10	SUBWF CHARCODE,F,ACCESS
	N	 1101 0NNN NNNN NNNN	7
0013B8	D007	BRA GCBBIGTABLES
		ENDIF66
	F	 0101 00DA FFFF FFFF	1296
	D	 0101 00DA 0001 0000	0
	A	 0101 000A 0001 0000	0
0013BA	5010	MOVF CHARCODE,W,ACCESS
	K	 0000 1000 KKKK KKKK	250
0013BC	08FA	SUBLW 250
	F	 1010 BBBA FFFF FFFF	1240
	B	 1010 BBBA 1101 1000	0
	A	 1010 000A 1101 1000	0
0013BE	A0D8	BTFSS STATUS, C,ACCESS
	N	 1101 0NNN NNNN NNNN	3
0013C0	D003	BRA ENDIF67
	K	 0000 1110 KKKK KKKK	34
0013C2	0E22	MOVLW 34
	F	 0101 11DA FFFF FFFF	1296
	D	 0101 11DA 0001 0000	1
	A	 0101 111A 0001 0000	0
0013C4	5E10	SUBWF CHARCODE,F,ACCESS
	N	 1101 0NNN NNNN NNNN	0
0013C6	D000	BRA GCBBIGTABLES
		ENDIF67
		GCBBIGTABLES
	F	 0110 101A FFFF FFFF	1310
	A	 0110 101A 0001 1110	0
0013C8	6A1E	CLRF CURRCHARCOL,ACCESS
		SYSFORLOOP14
	F	 0010 10DA FFFF FFFF	1310
	D	 0010 10DA 0001 1110	1
	A	 0010 101A 0001 1110	0
0013CA	2A1E	INCF CURRCHARCOL,F,ACCESS
	S	1111 DDDD DDDD DDDD:1100 SSSS SSSS SSSS	1296
	D	1111 DDDD DDDD DDDD:1100 0101 0001 0000	1285
0013CC	C510 F505	MOVFF CHARCODE,SYSBYTETEMPA
	K	 0000 1110 KKKK KKKK	10
0013D0	0E0A	MOVLW 10
	F	 0110 111A FFFF FFFF	1289
	A	 0110 111A 0000 1001	0
0013D2	6E09	MOVWF SYSBYTETEMPB,ACCESS
	K	 0000 0001 00KK KKKK	0
000000	0100	BANKSEL 0
	K	1111 KKKK KKKK KKKK:1110 110S KKKK KKKK	14608
	S	1111 0000 0001 1100:1110 110S 1000 1000	0
0013D6	EC88 F01C	CALL SYSDIVSUB
	S	1111 DDDD DDDD DDDD:1100 SSSS SSSS SSSS	1285
	D	1111 DDDD DDDD DDDD:1100 0101 0000 0101	1452
0013DA	C505 F5AC	MOVFF SYSBYTETEMPA,SYSTEMP1
	F	 0101 00DA FFFF FFFF	1296
	D	 0101 00DA 0001 0000	0
	A	 0101 000A 0001 0000	0
0013DE	5010	MOVF CHARCODE,W,ACCESS
	K	 0000 1101 KKKK KKKK	24
0013E0	0D18	MULLW 24
	S	1111 DDDD DDDD DDDD:1100 SSSS SSSS SSSS	1267
	D	1111 DDDD DDDD DDDD:1100 0100 1111 0011	1456
0013E2	C4F3 F5B0	MOVFF PRODL,SYSTEMP2
	K	 0000 0001 00KK KKKK	5
000000	0105	BANKSEL SYSTEMP1
	F	 0101 00DA FFFF FFFF	1452
	D	 0101 00DA 1010 1100	0
	A	 0101 000A 1010 1100	1
0013E8	51AC	MOVF SYSTEMP1,W,BANKED
	K	 0000 1101 KKKK KKKK	240
0013EA	0DF0	MULLW 240
	F	 0101 00DA FFFF FFFF	1456
	D	 0101 00DA 1011 0000	0
	A	 0101 000A 1011 0000	1
0013EC	51B0	MOVF SYSTEMP2,W,BANKED
	F	 0010 01DA FFFF FFFF	1310
	D	 0010 01DA 0001 1110	0
	A	 0010 010A 0001 1110	0
0013EE	241E	ADDWF CURRCHARCOL,W,ACCESS
	F	 0110 111A FFFF FFFF	1452
	A	 0110 111A 1010 1100	1
0013F0	6FAC	MOVWF SYSTEMP1,BANKED
	F	 0110 101A FFFF FFFF	1453
	A	 0110 101A 1010 1101	1
0013F2	6BAD	CLRF SYSTEMP1_H,BANKED
	F	 1011 BBBA FFFF FFFF	1240
	B	 1011 BBBA 1101 1000	0
	A	 1011 000A 1101 1000	0
0013F4	B0D8	BTFSC STATUS,C,ACCESS
	F	 0010 10DA FFFF FFFF	1453
	D	 0010 10DA 1010 1101	1
	A	 0010 101A 1010 1101	1
0013F6	2BAD	INCF SYSTEMP1_H,F,BANKED
	F	 0101 00DA FFFF FFFF	1267
	D	 0101 00DA 1111 0011	0
	A	 0101 000A 1111 0011	0
0013F8	50F3	MOVF PRODL,W,ACCESS
	F	 0101 11DA FFFF FFFF	1452
	D	 0101 11DA 1010 1100	0
	A	 0101 110A 1010 1100	1
0013FA	5DAC	SUBWF SYSTEMP1,W,BANKED
	F	 0110 111A FFFF FFFF	1313
	A	 0110 111A 0010 0001	0
0013FC	6E21	MOVWF CURRCOL,ACCESS
	K	 0000 1110 KKKK KKKK	0
0013FE	0E00	MOVLW 0
	F	 0101 10DA FFFF FFFF	1453
	D	 0101 10DA 1010 1101	0
	A	 0101 100A 1010 1101	1
001400	59AD	SUBWFB SYSTEMP1_H,W,BANKED
	F	 0110 111A FFFF FFFF	1314
	A	 0110 111A 0010 0010	0
001402	6E22	MOVWF CURRCOL_H,ACCESS
	S	1111 DDDD DDDD DDDD:1100 SSSS SSSS SSSS	1296
	D	1111 DDDD DDDD DDDD:1100 0101 0001 0000	1285
001404	C510 F505	MOVFF CHARCODE,SYSBYTETEMPA
	F	 0110 101A FFFF FFFF	1289
	A	 0110 101A 0000 1001	0
001408	6A09	CLRF SYSBYTETEMPB,ACCESS
	K	 0000 0001 00KK KKKK	0
000000	0100	BANKSEL 0
	K	1111 KKKK KKKK KKKK:1110 110S KKKK KKKK	14444
	S	1111 0000 0001 1100:1110 110S 0011 0110	0
00140C	EC36 F01C	CALL SYSCOMPLESSTHAN
	F	 0001 11DA FFFF FFFF	1280
	D	 0001 11DA 0000 0000	1
	A	 0001 111A 0000 0000	0
001410	1E00	COMF SYSBYTETEMPX,F,ACCESS
	S	1111 DDDD DDDD DDDD:1100 SSSS SSSS SSSS	1280
	D	1111 DDDD DDDD DDDD:1100 0101 0000 0000	1452
001412	C500 F5AC	MOVFF SYSBYTETEMPX,SYSTEMP1
	S	1111 DDDD DDDD DDDD:1100 SSSS SSSS SSSS	1296
	D	1111 DDDD DDDD DDDD:1100 0101 0001 0000	1289
001416	C510 F509	MOVFF CHARCODE,SYSBYTETEMPB
	K	 0000 1110 KKKK KKKK	9
00141A	0E09	MOVLW 9
	F	 0110 111A FFFF FFFF	1285
	A	 0110 111A 0000 0101	0
00141C	6E05	MOVWF SYSBYTETEMPA,ACCESS
	K	1111 KKKK KKKK KKKK:1110 110S KKKK KKKK	14444
	S	1111 0000 0001 1100:1110 110S 0011 0110	0
00141E	EC36 F01C	CALL SYSCOMPLESSTHAN
	F	 0001 11DA FFFF FFFF	1280
	D	 0001 11DA 0000 0000	1
	A	 0001 111A 0000 0000	0
001422	1E00	COMF SYSBYTETEMPX,F,ACCESS
	K	 0000 0001 00KK KKKK	5
000000	0105	BANKSEL SYSTEMP1
	F	 0101 00DA FFFF FFFF	1452
	D	 0101 00DA 1010 1100	0
	A	 0101 000A 1010 1100	1
001426	51AC	MOVF SYSTEMP1,W,BANKED
	F	 0001 01DA FFFF FFFF	1280
	D	 0001 01DA 0000 0000	0
	A	 0001 010A 0000 0000	0
001428	1400	ANDWF SYSBYTETEMPX,W,ACCESS
	F	 0110 111A FFFF FFFF	1456
	A	 0110 111A 1011 0000	1
00142A	6FB0	MOVWF SYSTEMP2,BANKED
	F	 1010 BBBA FFFF FFFF	1456
	B	 1010 BBBA 1011 0000	0
	A	 1010 000A 1011 0000	1
00142C	A1B0	BTFSS SYSTEMP2,0,BANKED
	N	 1101 0NNN NNNN NNNN	6
00142E	D006	BRA ENDIF68
	S	1111 DDDD DDDD DDDD:1100 SSSS SSSS SSSS	1313
	D	1111 DDDD DDDD DDDD:1100 0101 0010 0001	1287
001430	C521 F507	MOVFF CURRCOL,SYSSTRINGA
	K	 0000 0001 00KK KKKK	0
000000	0100	BANKSEL 0
	K	1111 KKKK KKKK KKKK:1110 110S KKKK KKKK	2124
	S	1111 0000 0000 0100:1110 110S 0010 0110	0
001436	EC26 F004	CALL BIGFONT32_41
	F	 0110 111A FFFF FFFF	1312
	A	 0110 111A 0010 0000	0
00143A	6E20	MOVWF CURRCHARVAL,ACCESS
		ENDIF68
	S	1111 DDDD DDDD DDDD:1100 SSSS SSSS SSSS	1296
	D	1111 DDDD DDDD DDDD:1100 0101 0001 0000	1285
00143C	C510 F505	MOVFF CHARCODE,SYSBYTETEMPA
	K	 0000 1110 KKKK KKKK	10
001440	0E0A	MOVLW 10
	F	 0110 111A FFFF FFFF	1289
	A	 0110 111A 0000 1001	0
001442	6E09	MOVWF SYSBYTETEMPB,ACCESS
	K	 0000 0001 00KK KKKK	0
000000	0100	BANKSEL 0
	K	1111 KKKK KKKK KKKK:1110 110S KKKK KKKK	14444
	S	1111 0000 0001 1100:1110 110S 0011 0110	0
001446	EC36 F01C	CALL SYSCOMPLESSTHAN
	F	 0001 11DA FFFF FFFF	1280
	D	 0001 11DA 0000 0000	1
	A	 0001 111A 0000 0000	0
00144A	1E00	COMF SYSBYTETEMPX,F,ACCESS
	S	1111 DDDD DDDD DDDD:1100 SSSS SSSS SSSS	1280
	D	1111 DDDD DDDD DDDD:1100 0101 0000 0000	1452
00144C	C500 F5AC	MOVFF SYSBYTETEMPX,SYSTEMP1
	S	1111 DDDD DDDD DDDD:1100 SSSS SSSS SSSS	1296
	D	1111 DDDD DDDD DDDD:1100 0101 0001 0000	1289
001450	C510 F509	MOVFF CHARCODE,SYSBYTETEMPB
	K	 0000 1110 KKKK KKKK	19
001454	0E13	MOVLW 19
	F	 0110 111A FFFF FFFF	1285
	A	 0110 111A 0000 0101	0
001456	6E05	MOVWF SYSBYTETEMPA,ACCESS
	K	1111 KKKK KKKK KKKK:1110 110S KKKK KKKK	14444
	S	1111 0000 0001 1100:1110 110S 0011 0110	0
001458	EC36 F01C	CALL SYSCOMPLESSTHAN
	F	 0001 11DA FFFF FFFF	1280
	D	 0001 11DA 0000 0000	1
	A	 0001 111A 0000 0000	0
00145C	1E00	COMF SYSBYTETEMPX,F,ACCESS
	K	 0000 0001 00KK KKKK	5
000000	0105	BANKSEL SYSTEMP1
	F	 0101 00DA FFFF FFFF	1452
	D	 0101 00DA 1010 1100	0
	A	 0101 000A 1010 1100	1
001460	51AC	MOVF SYSTEMP1,W,BANKED
	F	 0001 01DA FFFF FFFF	1280
	D	 0001 01DA 0000 0000	0
	A	 0001 010A 0000 0000	0
001462	1400	ANDWF SYSBYTETEMPX,W,ACCESS
	F	 0110 111A FFFF FFFF	1456
	A	 0110 111A 1011 0000	1
001464	6FB0	MOVWF SYSTEMP2,BANKED
	F	 1010 BBBA FFFF FFFF	1456
	B	 1010 BBBA 1011 0000	0
	A	 1010 000A 1011 0000	1
001466	A1B0	BTFSS SYSTEMP2,0,BANKED
	N	 1101 0NNN NNNN NNNN	6
001468	D006	BRA ENDIF69
	S	1111 DDDD DDDD DDDD:1100 SSSS SSSS SSSS	1313
	D	1111 DDDD DDDD DDDD:1100 0101 0010 0001	1287
00146A	C521 F507	MOVFF CURRCOL,SYSSTRINGA
	K	 0000 0001 00KK KKKK	0
000000	0100	BANKSEL 0
	K	1111 KKKK KKKK KKKK:1110 110S KKKK KKKK	2398
	S	1111 0000 0000 0100:1110 110S 1010 1111	0
001470	ECAF F004	CALL BIGFONT42_51
	F	 0110 111A FFFF FFFF	1312
	A	 0110 111A 0010 0000	0
001474	6E20	MOVWF CURRCHARVAL,ACCESS
		ENDIF69
	S	1111 DDDD DDDD DDDD:1100 SSSS SSSS SSSS	1296
	D	1111 DDDD DDDD DDDD:1100 0101 0001 0000	1285
001476	C510 F505	MOVFF CHARCODE,SYSBYTETEMPA
	K	 0000 1110 KKKK KKKK	20
00147A	0E14	MOVLW 20
	F	 0110 111A FFFF FFFF	1289
	A	 0110 111A 0000 1001	0
00147C	6E09	MOVWF SYSBYTETEMPB,ACCESS
	K	 0000 0001 00KK KKKK	0
000000	0100	BANKSEL 0
	K	1111 KKKK KKKK KKKK:1110 110S KKKK KKKK	14444
	S	1111 0000 0001 1100:1110 110S 0011 0110	0
001480	EC36 F01C	CALL SYSCOMPLESSTHAN
	F	 0001 11DA FFFF FFFF	1280
	D	 0001 11DA 0000 0000	1
	A	 0001 111A 0000 0000	0
001484	1E00	COMF SYSBYTETEMPX,F,ACCESS
	S	1111 DDDD DDDD DDDD:1100 SSSS SSSS SSSS	1280
	D	1111 DDDD DDDD DDDD:1100 0101 0000 0000	1452
001486	C500 F5AC	MOVFF SYSBYTETEMPX,SYSTEMP1
	S	1111 DDDD DDDD DDDD:1100 SSSS SSSS SSSS	1296
	D	1111 DDDD DDDD DDDD:1100 0101 0001 0000	1289
00148A	C510 F509	MOVFF CHARCODE,SYSBYTETEMPB
	K	 0000 1110 KKKK KKKK	29
00148E	0E1D	MOVLW 29
	F	 0110 111A FFFF FFFF	1285
	A	 0110 111A 0000 0101	0
001490	6E05	MOVWF SYSBYTETEMPA,ACCESS
	K	1111 KKKK KKKK KKKK:1110 110S KKKK KKKK	14444
	S	1111 0000 0001 1100:1110 110S 0011 0110	0
001492	EC36 F01C	CALL SYSCOMPLESSTHAN
	F	 0001 11DA FFFF FFFF	1280
	D	 0001 11DA 0000 0000	1
	A	 0001 111A 0000 0000	0
001496	1E00	COMF SYSBYTETEMPX,F,ACCESS
	K	 0000 0001 00KK KKKK	5
000000	0105	BANKSEL SYSTEMP1
	F	 0101 00DA FFFF FFFF	1452
	D	 0101 00DA 1010 1100	0
	A	 0101 000A 1010 1100	1
00149A	51AC	MOVF SYSTEMP1,W,BANKED
	F	 0001 01DA FFFF FFFF	1280
	D	 0001 01DA 0000 0000	0
	A	 0001 010A 0000 0000	0
00149C	1400	ANDWF SYSBYTETEMPX,W,ACCESS
	F	 0110 111A FFFF FFFF	1456
	A	 0110 111A 1011 0000	1
00149E	6FB0	MOVWF SYSTEMP2,BANKED
	F	 1010 BBBA FFFF FFFF	1456
	B	 1010 BBBA 1011 0000	0
	A	 1010 000A 1011 0000	1
0014A0	A1B0	BTFSS SYSTEMP2,0,BANKED
	N	 1101 0NNN NNNN NNNN	6
0014A2	D006	BRA ENDIF70
	S	1111 DDDD DDDD DDDD:1100 SSSS SSSS SSSS	1313
	D	1111 DDDD DDDD DDDD:1100 0101 0010 0001	1287
0014A4	C521 F507	MOVFF CURRCOL,SYSSTRINGA
	K	 0000 0001 00KK KKKK	0
000000	0100	BANKSEL 0
	K	1111 KKKK KKKK KKKK:1110 110S KKKK KKKK	2672
	S	1111 0000 0000 0101:1110 110S 0011 1000	0
0014AA	EC38 F005	CALL BIGFONT52_61
	F	 0110 111A FFFF FFFF	1312
	A	 0110 111A 0010 0000	0
0014AE	6E20	MOVWF CURRCHARVAL,ACCESS
		ENDIF70
	S	1111 DDDD DDDD DDDD:1100 SSSS SSSS SSSS	1296
	D	1111 DDDD DDDD DDDD:1100 0101 0001 0000	1285
0014B0	C510 F505	MOVFF CHARCODE,SYSBYTETEMPA
	K	 0000 1110 KKKK KKKK	30
0014B4	0E1E	MOVLW 30
	F	 0110 111A FFFF FFFF	1289
	A	 0110 111A 0000 1001	0
0014B6	6E09	MOVWF SYSBYTETEMPB,ACCESS
	K	 0000 0001 00KK KKKK	0
000000	0100	BANKSEL 0
	K	1111 KKKK KKKK KKKK:1110 110S KKKK KKKK	14444
	S	1111 0000 0001 1100:1110 110S 0011 0110	0
0014BA	EC36 F01C	CALL SYSCOMPLESSTHAN
	F	 0001 11DA FFFF FFFF	1280
	D	 0001 11DA 0000 0000	1
	A	 0001 111A 0000 0000	0
0014BE	1E00	COMF SYSBYTETEMPX,F,ACCESS
	S	1111 DDDD DDDD DDDD:1100 SSSS SSSS SSSS	1280
	D	1111 DDDD DDDD DDDD:1100 0101 0000 0000	1452
0014C0	C500 F5AC	MOVFF SYSBYTETEMPX,SYSTEMP1
	S	1111 DDDD DDDD DDDD:1100 SSSS SSSS SSSS	1296
	D	1111 DDDD DDDD DDDD:1100 0101 0001 0000	1289
0014C4	C510 F509	MOVFF CHARCODE,SYSBYTETEMPB
	K	 0000 1110 KKKK KKKK	39
0014C8	0E27	MOVLW 39
	F	 0110 111A FFFF FFFF	1285
	A	 0110 111A 0000 0101	0
0014CA	6E05	MOVWF SYSBYTETEMPA,ACCESS
	K	1111 KKKK KKKK KKKK:1110 110S KKKK KKKK	14444
	S	1111 0000 0001 1100:1110 110S 0011 0110	0
0014CC	EC36 F01C	CALL SYSCOMPLESSTHAN
	F	 0001 11DA FFFF FFFF	1280
	D	 0001 11DA 0000 0000	1
	A	 0001 111A 0000 0000	0
0014D0	1E00	COMF SYSBYTETEMPX,F,ACCESS
	K	 0000 0001 00KK KKKK	5
000000	0105	BANKSEL SYSTEMP1
	F	 0101 00DA FFFF FFFF	1452
	D	 0101 00DA 1010 1100	0
	A	 0101 000A 1010 1100	1
0014D4	51AC	MOVF SYSTEMP1,W,BANKED
	F	 0001 01DA FFFF FFFF	1280
	D	 0001 01DA 0000 0000	0
	A	 0001 010A 0000 0000	0
0014D6	1400	ANDWF SYSBYTETEMPX,W,ACCESS
	F	 0110 111A FFFF FFFF	1456
	A	 0110 111A 1011 0000	1
0014D8	6FB0	MOVWF SYSTEMP2,BANKED
	F	 1010 BBBA FFFF FFFF	1456
	B	 1010 BBBA 1011 0000	0
	A	 1010 000A 1011 0000	1
0014DA	A1B0	BTFSS SYSTEMP2,0,BANKED
	N	 1101 0NNN NNNN NNNN	6
0014DC	D006	BRA ENDIF71
	S	1111 DDDD DDDD DDDD:1100 SSSS SSSS SSSS	1313
	D	1111 DDDD DDDD DDDD:1100 0101 0010 0001	1287
0014DE	C521 F507	MOVFF CURRCOL,SYSSTRINGA
	K	 0000 0001 00KK KKKK	0
000000	0100	BANKSEL 0
	K	1111 KKKK KKKK KKKK:1110 110S KKKK KKKK	2948
	S	1111 0000 0000 0101:1110 110S 1100 0010	0
0014E4	ECC2 F005	CALL BIGFONT62_71
	F	 0110 111A FFFF FFFF	1312
	A	 0110 111A 0010 0000	0
0014E8	6E20	MOVWF CURRCHARVAL,ACCESS
		ENDIF71
	S	1111 DDDD DDDD DDDD:1100 SSSS SSSS SSSS	1296
	D	1111 DDDD DDDD DDDD:1100 0101 0001 0000	1285
0014EA	C510 F505	MOVFF CHARCODE,SYSBYTETEMPA
	K	 0000 1110 KKKK KKKK	40
0014EE	0E28	MOVLW 40
	F	 0110 111A FFFF FFFF	1289
	A	 0110 111A 0000 1001	0
0014F0	6E09	MOVWF SYSBYTETEMPB,ACCESS
	K	 0000 0001 00KK KKKK	0
000000	0100	BANKSEL 0
	K	1111 KKKK KKKK KKKK:1110 110S KKKK KKKK	14444
	S	1111 0000 0001 1100:1110 110S 0011 0110	0
0014F4	EC36 F01C	CALL SYSCOMPLESSTHAN
	F	 0001 11DA FFFF FFFF	1280
	D	 0001 11DA 0000 0000	1
	A	 0001 111A 0000 0000	0
0014F8	1E00	COMF SYSBYTETEMPX,F,ACCESS
	S	1111 DDDD DDDD DDDD:1100 SSSS SSSS SSSS	1280
	D	1111 DDDD DDDD DDDD:1100 0101 0000 0000	1452
0014FA	C500 F5AC	MOVFF SYSBYTETEMPX,SYSTEMP1
	S	1111 DDDD DDDD DDDD:1100 SSSS SSSS SSSS	1296
	D	1111 DDDD DDDD DDDD:1100 0101 0001 0000	1289
0014FE	C510 F509	MOVFF CHARCODE,SYSBYTETEMPB
	K	 0000 1110 KKKK KKKK	49
001502	0E31	MOVLW 49
	F	 0110 111A FFFF FFFF	1285
	A	 0110 111A 0000 0101	0
001504	6E05	MOVWF SYSBYTETEMPA,ACCESS
	K	1111 KKKK KKKK KKKK:1110 110S KKKK KKKK	14444
	S	1111 0000 0001 1100:1110 110S 0011 0110	0
001506	EC36 F01C	CALL SYSCOMPLESSTHAN
	F	 0001 11DA FFFF FFFF	1280
	D	 0001 11DA 0000 0000	1
	A	 0001 111A 0000 0000	0
00150A	1E00	COMF SYSBYTETEMPX,F,ACCESS
	K	 0000 0001 00KK KKKK	5
000000	0105	BANKSEL SYSTEMP1
	F	 0101 00DA FFFF FFFF	1452
	D	 0101 00DA 1010 1100	0
	A	 0101 000A 1010 1100	1
00150E	51AC	MOVF SYSTEMP1,W,BANKED
	F	 0001 01DA FFFF FFFF	1280
	D	 0001 01DA 0000 0000	0
	A	 0001 010A 0000 0000	0
001510	1400	ANDWF SYSBYTETEMPX,W,ACCESS
	F	 0110 111A FFFF FFFF	1456
	A	 0110 111A 1011 0000	1
001512	6FB0	MOVWF SYSTEMP2,BANKED
	F	 1010 BBBA FFFF FFFF	1456
	B	 1010 BBBA 1011 0000	0
	A	 1010 000A 1011 0000	1
001514	A1B0	BTFSS SYSTEMP2,0,BANKED
	N	 1101 0NNN NNNN NNNN	6
001516	D006	BRA ENDIF72
	S	1111 DDDD DDDD DDDD:1100 SSSS SSSS SSSS	1313
	D	1111 DDDD DDDD DDDD:1100 0101 0010 0001	1287
001518	C521 F507	MOVFF CURRCOL,SYSSTRINGA
	K	 0000 0001 00KK KKKK	0
000000	0100	BANKSEL 0
	K	1111 KKKK KKKK KKKK:1110 110S KKKK KKKK	3222
	S	1111 0000 0000 0110:1110 110S 0100 1011	0
00151E	EC4B F006	CALL BIGFONT72_81
	F	 0110 111A FFFF FFFF	1312
	A	 0110 111A 0010 0000	0
001522	6E20	MOVWF CURRCHARVAL,ACCESS
		ENDIF72
	S	1111 DDDD DDDD DDDD:1100 SSSS SSSS SSSS	1296
	D	1111 DDDD DDDD DDDD:1100 0101 0001 0000	1285
001524	C510 F505	MOVFF CHARCODE,SYSBYTETEMPA
	K	 0000 1110 KKKK KKKK	50
001528	0E32	MOVLW 50
	F	 0110 111A FFFF FFFF	1289
	A	 0110 111A 0000 1001	0
00152A	6E09	MOVWF SYSBYTETEMPB,ACCESS
	K	 0000 0001 00KK KKKK	0
000000	0100	BANKSEL 0
	K	1111 KKKK KKKK KKKK:1110 110S KKKK KKKK	14444
	S	1111 0000 0001 1100:1110 110S 0011 0110	0
00152E	EC36 F01C	CALL SYSCOMPLESSTHAN
	F	 0001 11DA FFFF FFFF	1280
	D	 0001 11DA 0000 0000	1
	A	 0001 111A 0000 0000	0
001532	1E00	COMF SYSBYTETEMPX,F,ACCESS
	S	1111 DDDD DDDD DDDD:1100 SSSS SSSS SSSS	1280
	D	1111 DDDD DDDD DDDD:1100 0101 0000 0000	1452
001534	C500 F5AC	MOVFF SYSBYTETEMPX,SYSTEMP1
	S	1111 DDDD DDDD DDDD:1100 SSSS SSSS SSSS	1296
	D	1111 DDDD DDDD DDDD:1100 0101 0001 0000	1289
001538	C510 F509	MOVFF CHARCODE,SYSBYTETEMPB
	K	 0000 1110 KKKK KKKK	59
00153C	0E3B	MOVLW 59
	F	 0110 111A FFFF FFFF	1285
	A	 0110 111A 0000 0101	0
00153E	6E05	MOVWF SYSBYTETEMPA,ACCESS
	K	1111 KKKK KKKK KKKK:1110 110S KKKK KKKK	14444
	S	1111 0000 0001 1100:1110 110S 0011 0110	0
001540	EC36 F01C	CALL SYSCOMPLESSTHAN
	F	 0001 11DA FFFF FFFF	1280
	D	 0001 11DA 0000 0000	1
	A	 0001 111A 0000 0000	0
001544	1E00	COMF SYSBYTETEMPX,F,ACCESS
	K	 0000 0001 00KK KKKK	5
000000	0105	BANKSEL SYSTEMP1
	F	 0101 00DA FFFF FFFF	1452
	D	 0101 00DA 1010 1100	0
	A	 0101 000A 1010 1100	1
001548	51AC	MOVF SYSTEMP1,W,BANKED
	F	 0001 01DA FFFF FFFF	1280
	D	 0001 01DA 0000 0000	0
	A	 0001 010A 0000 0000	0
00154A	1400	ANDWF SYSBYTETEMPX,W,ACCESS
	F	 0110 111A FFFF FFFF	1456
	A	 0110 111A 1011 0000	1
00154C	6FB0	MOVWF SYSTEMP2,BANKED
	F	 1010 BBBA FFFF FFFF	1456
	B	 1010 BBBA 1011 0000	0
	A	 1010 000A 1011 0000	1
00154E	A1B0	BTFSS SYSTEMP2,0,BANKED
	N	 1101 0NNN NNNN NNNN	5
001550	D005	BRA ENDIF73
	S	1111 DDDD DDDD DDDD:1100 SSSS SSSS SSSS	1313
	D	1111 DDDD DDDD DDDD:1100 0101 0010 0001	1287
001552	C521 F507	MOVFF CURRCOL,SYSSTRINGA
	K	 0000 0001 00KK KKKK	0
000000	0100	BANKSEL 0
	N	 1101 1NNN NNNN NNNN	1064
001558	DC28	RCALL BIGFONT82_91
	F	 0110 111A FFFF FFFF	1312
	A	 0110 111A 0010 0000	0
00155A	6E20	MOVWF CURRCHARVAL,ACCESS
		ENDIF73
	S	1111 DDDD DDDD DDDD:1100 SSSS SSSS SSSS	1296
	D	1111 DDDD DDDD DDDD:1100 0101 0001 0000	1285
00155C	C510 F505	MOVFF CHARCODE,SYSBYTETEMPA
	K	 0000 1110 KKKK KKKK	60
001560	0E3C	MOVLW 60
	F	 0110 111A FFFF FFFF	1289
	A	 0110 111A 0000 1001	0
001562	6E09	MOVWF SYSBYTETEMPB,ACCESS
	K	 0000 0001 00KK KKKK	0
000000	0100	BANKSEL 0
	K	1111 KKKK KKKK KKKK:1110 110S KKKK KKKK	14444
	S	1111 0000 0001 1100:1110 110S 0011 0110	0
001566	EC36 F01C	CALL SYSCOMPLESSTHAN
	F	 0001 11DA FFFF FFFF	1280
	D	 0001 11DA 0000 0000	1
	A	 0001 111A 0000 0000	0
00156A	1E00	COMF SYSBYTETEMPX,F,ACCESS
	S	1111 DDDD DDDD DDDD:1100 SSSS SSSS SSSS	1280
	D	1111 DDDD DDDD DDDD:1100 0101 0000 0000	1452
00156C	C500 F5AC	MOVFF SYSBYTETEMPX,SYSTEMP1
	S	1111 DDDD DDDD DDDD:1100 SSSS SSSS SSSS	1296
	D	1111 DDDD DDDD DDDD:1100 0101 0001 0000	1289
001570	C510 F509	MOVFF CHARCODE,SYSBYTETEMPB
	K	 0000 1110 KKKK KKKK	69
001574	0E45	MOVLW 69
	F	 0110 111A FFFF FFFF	1285
	A	 0110 111A 0000 0101	0
001576	6E05	MOVWF SYSBYTETEMPA,ACCESS
	K	1111 KKKK KKKK KKKK:1110 110S KKKK KKKK	14444
	S	1111 0000 0001 1100:1110 110S 0011 0110	0
001578	EC36 F01C	CALL SYSCOMPLESSTHAN
	F	 0001 11DA FFFF FFFF	1280
	D	 0001 11DA 0000 0000	1
	A	 0001 111A 0000 0000	0
00157C	1E00	COMF SYSBYTETEMPX,F,ACCESS
	K	 0000 0001 00KK KKKK	5
000000	0105	BANKSEL SYSTEMP1
	F	 0101 00DA FFFF FFFF	1452
	D	 0101 00DA 1010 1100	0
	A	 0101 000A 1010 1100	1
001580	51AC	MOVF SYSTEMP1,W,BANKED
	F	 0001 01DA FFFF FFFF	1280
	D	 0001 01DA 0000 0000	0
	A	 0001 010A 0000 0000	0
001582	1400	ANDWF SYSBYTETEMPX,W,ACCESS
	F	 0110 111A FFFF FFFF	1456
	A	 0110 111A 1011 0000	1
001584	6FB0	MOVWF SYSTEMP2,BANKED
	F	 1010 BBBA FFFF FFFF	1456
	B	 1010 BBBA 1011 0000	0
	A	 1010 000A 1011 0000	1
001586	A1B0	BTFSS SYSTEMP2,0,BANKED
	N	 1101 0NNN NNNN NNNN	5
001588	D005	BRA ENDIF74
	S	1111 DDDD DDDD DDDD:1100 SSSS SSSS SSSS	1313
	D	1111 DDDD DDDD DDDD:1100 0101 0010 0001	1287
00158A	C521 F507	MOVFF CURRCOL,SYSSTRINGA
	K	 0000 0001 00KK KKKK	0
000000	0100	BANKSEL 0
	N	 1101 1NNN NNNN NNNN	1173
001590	DC95	RCALL BIGFONT92_101
	F	 0110 111A FFFF FFFF	1312
	A	 0110 111A 0010 0000	0
001592	6E20	MOVWF CURRCHARVAL,ACCESS
		ENDIF74
	S	1111 DDDD DDDD DDDD:1100 SSSS SSSS SSSS	1296
	D	1111 DDDD DDDD DDDD:1100 0101 0001 0000	1285
001594	C510 F505	MOVFF CHARCODE,SYSBYTETEMPA
	K	 0000 1110 KKKK KKKK	70
001598	0E46	MOVLW 70
	F	 0110 111A FFFF FFFF	1289
	A	 0110 111A 0000 1001	0
00159A	6E09	MOVWF SYSBYTETEMPB,ACCESS
	K	 0000 0001 00KK KKKK	0
000000	0100	BANKSEL 0
	K	1111 KKKK KKKK KKKK:1110 110S KKKK KKKK	14444
	S	1111 0000 0001 1100:1110 110S 0011 0110	0
00159E	EC36 F01C	CALL SYSCOMPLESSTHAN
	F	 0001 11DA FFFF FFFF	1280
	D	 0001 11DA 0000 0000	1
	A	 0001 111A 0000 0000	0
0015A2	1E00	COMF SYSBYTETEMPX,F,ACCESS
	S	1111 DDDD DDDD DDDD:1100 SSSS SSSS SSSS	1280
	D	1111 DDDD DDDD DDDD:1100 0101 0000 0000	1452
0015A4	C500 F5AC	MOVFF SYSBYTETEMPX,SYSTEMP1
	S	1111 DDDD DDDD DDDD:1100 SSSS SSSS SSSS	1296
	D	1111 DDDD DDDD DDDD:1100 0101 0001 0000	1289
0015A8	C510 F509	MOVFF CHARCODE,SYSBYTETEMPB
	K	 0000 1110 KKKK KKKK	79
0015AC	0E4F	MOVLW 79
	F	 0110 111A FFFF FFFF	1285
	A	 0110 111A 0000 0101	0
0015AE	6E05	MOVWF SYSBYTETEMPA,ACCESS
	K	1111 KKKK KKKK KKKK:1110 110S KKKK KKKK	14444
	S	1111 0000 0001 1100:1110 110S 0011 0110	0
0015B0	EC36 F01C	CALL SYSCOMPLESSTHAN
	F	 0001 11DA FFFF FFFF	1280
	D	 0001 11DA 0000 0000	1
	A	 0001 111A 0000 0000	0
0015B4	1E00	COMF SYSBYTETEMPX,F,ACCESS
	K	 0000 0001 00KK KKKK	5
000000	0105	BANKSEL SYSTEMP1
	F	 0101 00DA FFFF FFFF	1452
	D	 0101 00DA 1010 1100	0
	A	 0101 000A 1010 1100	1
0015B8	51AC	MOVF SYSTEMP1,W,BANKED
	F	 0001 01DA FFFF FFFF	1280
	D	 0001 01DA 0000 0000	0
	A	 0001 010A 0000 0000	0
0015BA	1400	ANDWF SYSBYTETEMPX,W,ACCESS
	F	 0110 111A FFFF FFFF	1456
	A	 0110 111A 1011 0000	1
0015BC	6FB0	MOVWF SYSTEMP2,BANKED
	F	 1010 BBBA FFFF FFFF	1456
	B	 1010 BBBA 1011 0000	0
	A	 1010 000A 1011 0000	1
0015BE	A1B0	BTFSS SYSTEMP2,0,BANKED
	N	 1101 0NNN NNNN NNNN	6
0015C0	D006	BRA ENDIF75
	S	1111 DDDD DDDD DDDD:1100 SSSS SSSS SSSS	1313
	D	1111 DDDD DDDD DDDD:1100 0101 0010 0001	1287
0015C2	C521 F507	MOVFF CURRCOL,SYSSTRINGA
	K	 0000 0001 00KK KKKK	0
000000	0100	BANKSEL 0
	K	1111 KKKK KKKK KKKK:1110 110S KKKK KKKK	756
	S	1111 0000 0000 0001:1110 110S 0111 1010	0
0015C8	EC7A F001	CALL BIGFONT102_111
	F	 0110 111A FFFF FFFF	1312
	A	 0110 111A 0010 0000	0
0015CC	6E20	MOVWF CURRCHARVAL,ACCESS
		ENDIF75
	S	1111 DDDD DDDD DDDD:1100 SSSS SSSS SSSS	1296
	D	1111 DDDD DDDD DDDD:1100 0101 0001 0000	1285
0015CE	C510 F505	MOVFF CHARCODE,SYSBYTETEMPA
	K	 0000 1110 KKKK KKKK	80
0015D2	0E50	MOVLW 80
	F	 0110 111A FFFF FFFF	1289
	A	 0110 111A 0000 1001	0
0015D4	6E09	MOVWF SYSBYTETEMPB,ACCESS
	K	 0000 0001 00KK KKKK	0
000000	0100	BANKSEL 0
	K	1111 KKKK KKKK KKKK:1110 110S KKKK KKKK	14444
	S	1111 0000 0001 1100:1110 110S 0011 0110	0
0015D8	EC36 F01C	CALL SYSCOMPLESSTHAN
	F	 0001 11DA FFFF FFFF	1280
	D	 0001 11DA 0000 0000	1
	A	 0001 111A 0000 0000	0
0015DC	1E00	COMF SYSBYTETEMPX,F,ACCESS
	S	1111 DDDD DDDD DDDD:1100 SSSS SSSS SSSS	1280
	D	1111 DDDD DDDD DDDD:1100 0101 0000 0000	1452
0015DE	C500 F5AC	MOVFF SYSBYTETEMPX,SYSTEMP1
	S	1111 DDDD DDDD DDDD:1100 SSSS SSSS SSSS	1296
	D	1111 DDDD DDDD DDDD:1100 0101 0001 0000	1289
0015E2	C510 F509	MOVFF CHARCODE,SYSBYTETEMPB
	K	 0000 1110 KKKK KKKK	89
0015E6	0E59	MOVLW 89
	F	 0110 111A FFFF FFFF	1285
	A	 0110 111A 0000 0101	0
0015E8	6E05	MOVWF SYSBYTETEMPA,ACCESS
	K	1111 KKKK KKKK KKKK:1110 110S KKKK KKKK	14444
	S	1111 0000 0001 1100:1110 110S 0011 0110	0
0015EA	EC36 F01C	CALL SYSCOMPLESSTHAN
	F	 0001 11DA FFFF FFFF	1280
	D	 0001 11DA 0000 0000	1
	A	 0001 111A 0000 0000	0
0015EE	1E00	COMF SYSBYTETEMPX,F,ACCESS
	K	 0000 0001 00KK KKKK	5
000000	0105	BANKSEL SYSTEMP1
	F	 0101 00DA FFFF FFFF	1452
	D	 0101 00DA 1010 1100	0
	A	 0101 000A 1010 1100	1
0015F2	51AC	MOVF SYSTEMP1,W,BANKED
	F	 0001 01DA FFFF FFFF	1280
	D	 0001 01DA 0000 0000	0
	A	 0001 010A 0000 0000	0
0015F4	1400	ANDWF SYSBYTETEMPX,W,ACCESS
	F	 0110 111A FFFF FFFF	1456
	A	 0110 111A 1011 0000	1
0015F6	6FB0	MOVWF SYSTEMP2,BANKED
	F	 1010 BBBA FFFF FFFF	1456
	B	 1010 BBBA 1011 0000	0
	A	 1010 000A 1011 0000	1
0015F8	A1B0	BTFSS SYSTEMP2,0,BANKED
	N	 1101 0NNN NNNN NNNN	6
0015FA	D006	BRA ENDIF76
	S	1111 DDDD DDDD DDDD:1100 SSSS SSSS SSSS	1313
	D	1111 DDDD DDDD DDDD:1100 0101 0010 0001	1287
0015FC	C521 F507	MOVFF CURRCOL,SYSSTRINGA
	K	 0000 0001 00KK KKKK	0
000000	0100	BANKSEL 0
	K	1111 KKKK KKKK KKKK:1110 110S KKKK KKKK	1030
	S	1111 0000 0000 0010:1110 110S 0000 0011	0
001602	EC03 F002	CALL BIGFONT112_121
	F	 0110 111A FFFF FFFF	1312
	A	 0110 111A 0010 0000	0
001606	6E20	MOVWF CURRCHARVAL,ACCESS
		ENDIF76
	S	1111 DDDD DDDD DDDD:1100 SSSS SSSS SSSS	1296
	D	1111 DDDD DDDD DDDD:1100 0101 0001 0000	1285
001608	C510 F505	MOVFF CHARCODE,SYSBYTETEMPA
	K	 0000 1110 KKKK KKKK	90
00160C	0E5A	MOVLW 90
	F	 0110 111A FFFF FFFF	1289
	A	 0110 111A 0000 1001	0
00160E	6E09	MOVWF SYSBYTETEMPB,ACCESS
	K	 0000 0001 00KK KKKK	0
000000	0100	BANKSEL 0
	K	1111 KKKK KKKK KKKK:1110 110S KKKK KKKK	14444
	S	1111 0000 0001 1100:1110 110S 0011 0110	0
001612	EC36 F01C	CALL SYSCOMPLESSTHAN
	F	 0001 11DA FFFF FFFF	1280
	D	 0001 11DA 0000 0000	1
	A	 0001 111A 0000 0000	0
001616	1E00	COMF SYSBYTETEMPX,F,ACCESS
	S	1111 DDDD DDDD DDDD:1100 SSSS SSSS SSSS	1280
	D	1111 DDDD DDDD DDDD:1100 0101 0000 0000	1452
001618	C500 F5AC	MOVFF SYSBYTETEMPX,SYSTEMP1
	S	1111 DDDD DDDD DDDD:1100 SSSS SSSS SSSS	1296
	D	1111 DDDD DDDD DDDD:1100 0101 0001 0000	1289
00161C	C510 F509	MOVFF CHARCODE,SYSBYTETEMPB
	K	 0000 1110 KKKK KKKK	99
001620	0E63	MOVLW 99
	F	 0110 111A FFFF FFFF	1285
	A	 0110 111A 0000 0101	0
001622	6E05	MOVWF SYSBYTETEMPA,ACCESS
	K	1111 KKKK KKKK KKKK:1110 110S KKKK KKKK	14444
	S	1111 0000 0001 1100:1110 110S 0011 0110	0
001624	EC36 F01C	CALL SYSCOMPLESSTHAN
	F	 0001 11DA FFFF FFFF	1280
	D	 0001 11DA 0000 0000	1
	A	 0001 111A 0000 0000	0
001628	1E00	COMF SYSBYTETEMPX,F,ACCESS
	K	 0000 0001 00KK KKKK	5
000000	0105	BANKSEL SYSTEMP1
	F	 0101 00DA FFFF FFFF	1452
	D	 0101 00DA 1010 1100	0
	A	 0101 000A 1010 1100	1
00162C	51AC	MOVF SYSTEMP1,W,BANKED
	F	 0001 01DA FFFF FFFF	1280
	D	 0001 01DA 0000 0000	0
	A	 0001 010A 0000 0000	0
00162E	1400	ANDWF SYSBYTETEMPX,W,ACCESS
	F	 0110 111A FFFF FFFF	1456
	A	 0110 111A 1011 0000	1
001630	6FB0	MOVWF SYSTEMP2,BANKED
	F	 1010 BBBA FFFF FFFF	1456
	B	 1010 BBBA 1011 0000	0
	A	 1010 000A 1011 0000	1
001632	A1B0	BTFSS SYSTEMP2,0,BANKED
	N	 1101 0NNN NNNN NNNN	6
001634	D006	BRA ENDIF77
	S	1111 DDDD DDDD DDDD:1100 SSSS SSSS SSSS	1313
	D	1111 DDDD DDDD DDDD:1100 0101 0010 0001	1287
001636	C521 F507	MOVFF CURRCOL,SYSSTRINGA
	K	 0000 0001 00KK KKKK	0
000000	0100	BANKSEL 0
	K	1111 KKKK KKKK KKKK:1110 110S KKKK KKKK	1304
	S	1111 0000 0000 0010:1110 110S 1000 1100	0
00163C	EC8C F002	CALL BIGFONT122_126
	F	 0110 111A FFFF FFFF	1312
	A	 0110 111A 0010 0000	0
001640	6E20	MOVWF CURRCHARVAL,ACCESS
		ENDIF77
	S	1111 DDDD DDDD DDDD:1100 SSSS SSSS SSSS	1296
	D	1111 DDDD DDDD DDDD:1100 0101 0001 0000	1285
001642	C510 F505	MOVFF CHARCODE,SYSBYTETEMPA
	K	 0000 1110 KKKK KKKK	160
001646	0EA0	MOVLW 160
	F	 0110 111A FFFF FFFF	1289
	A	 0110 111A 0000 1001	0
001648	6E09	MOVWF SYSBYTETEMPB,ACCESS
	K	 0000 0001 00KK KKKK	0
000000	0100	BANKSEL 0
	K	1111 KKKK KKKK KKKK:1110 110S KKKK KKKK	14444
	S	1111 0000 0001 1100:1110 110S 0011 0110	0
00164C	EC36 F01C	CALL SYSCOMPLESSTHAN
	F	 0001 11DA FFFF FFFF	1280
	D	 0001 11DA 0000 0000	1
	A	 0001 111A 0000 0000	0
001650	1E00	COMF SYSBYTETEMPX,F,ACCESS
	S	1111 DDDD DDDD DDDD:1100 SSSS SSSS SSSS	1280
	D	1111 DDDD DDDD DDDD:1100 0101 0000 0000	1452
001652	C500 F5AC	MOVFF SYSBYTETEMPX,SYSTEMP1
	S	1111 DDDD DDDD DDDD:1100 SSSS SSSS SSSS	1296
	D	1111 DDDD DDDD DDDD:1100 0101 0001 0000	1289
001656	C510 F509	MOVFF CHARCODE,SYSBYTETEMPB
	K	 0000 1110 KKKK KKKK	169
00165A	0EA9	MOVLW 169
	F	 0110 111A FFFF FFFF	1285
	A	 0110 111A 0000 0101	0
00165C	6E05	MOVWF SYSBYTETEMPA,ACCESS
	K	1111 KKKK KKKK KKKK:1110 110S KKKK KKKK	14444
	S	1111 0000 0001 1100:1110 110S 0011 0110	0
00165E	EC36 F01C	CALL SYSCOMPLESSTHAN
	F	 0001 11DA FFFF FFFF	1280
	D	 0001 11DA 0000 0000	1
	A	 0001 111A 0000 0000	0
001662	1E00	COMF SYSBYTETEMPX,F,ACCESS
	K	 0000 0001 00KK KKKK	5
000000	0105	BANKSEL SYSTEMP1
	F	 0101 00DA FFFF FFFF	1452
	D	 0101 00DA 1010 1100	0
	A	 0101 000A 1010 1100	1
001666	51AC	MOVF SYSTEMP1,W,BANKED
	F	 0001 01DA FFFF FFFF	1280
	D	 0001 01DA 0000 0000	0
	A	 0001 010A 0000 0000	0
001668	1400	ANDWF SYSBYTETEMPX,W,ACCESS
	F	 0110 111A FFFF FFFF	1456
	A	 0110 111A 1011 0000	1
00166A	6FB0	MOVWF SYSTEMP2,BANKED
	F	 1010 BBBA FFFF FFFF	1456
	B	 1010 BBBA 1011 0000	0
	A	 1010 000A 1011 0000	1
00166C	A1B0	BTFSS SYSTEMP2,0,BANKED
	N	 1101 0NNN NNNN NNNN	6
00166E	D006	BRA ENDIF78
	S	1111 DDDD DDDD DDDD:1100 SSSS SSSS SSSS	1313
	D	1111 DDDD DDDD DDDD:1100 0101 0010 0001	1287
001670	C521 F507	MOVFF CURRCOL,SYSSTRINGA
	K	 0000 0001 00KK KKKK	0
000000	0100	BANKSEL 0
	K	1111 KKKK KKKK KKKK:1110 110S KKKK KKKK	1448
	S	1111 0000 0000 0010:1110 110S 1101 0100	0
001676	ECD4 F002	CALL BIGFONT193_202
	F	 0110 111A FFFF FFFF	1312
	A	 0110 111A 0010 0000	0
00167A	6E20	MOVWF CURRCHARVAL,ACCESS
		ENDIF78
	S	1111 DDDD DDDD DDDD:1100 SSSS SSSS SSSS	1296
	D	1111 DDDD DDDD DDDD:1100 0101 0001 0000	1285
00167C	C510 F505	MOVFF CHARCODE,SYSBYTETEMPA
	K	 0000 1110 KKKK KKKK	170
001680	0EAA	MOVLW 170
	F	 0110 111A FFFF FFFF	1289
	A	 0110 111A 0000 1001	0
001682	6E09	MOVWF SYSBYTETEMPB,ACCESS
	K	 0000 0001 00KK KKKK	0
000000	0100	BANKSEL 0
	K	1111 KKKK KKKK KKKK:1110 110S KKKK KKKK	14444
	S	1111 0000 0001 1100:1110 110S 0011 0110	0
001686	EC36 F01C	CALL SYSCOMPLESSTHAN
	F	 0001 11DA FFFF FFFF	1280
	D	 0001 11DA 0000 0000	1
	A	 0001 111A 0000 0000	0
00168A	1E00	COMF SYSBYTETEMPX,F,ACCESS
	S	1111 DDDD DDDD DDDD:1100 SSSS SSSS SSSS	1280
	D	1111 DDDD DDDD DDDD:1100 0101 0000 0000	1452
00168C	C500 F5AC	MOVFF SYSBYTETEMPX,SYSTEMP1
	S	1111 DDDD DDDD DDDD:1100 SSSS SSSS SSSS	1296
	D	1111 DDDD DDDD DDDD:1100 0101 0001 0000	1289
001690	C510 F509	MOVFF CHARCODE,SYSBYTETEMPB
	K	 0000 1110 KKKK KKKK	179
001694	0EB3	MOVLW 179
	F	 0110 111A FFFF FFFF	1285
	A	 0110 111A 0000 0101	0
001696	6E05	MOVWF SYSBYTETEMPA,ACCESS
	K	1111 KKKK KKKK KKKK:1110 110S KKKK KKKK	14444
	S	1111 0000 0001 1100:1110 110S 0011 0110	0
001698	EC36 F01C	CALL SYSCOMPLESSTHAN
	F	 0001 11DA FFFF FFFF	1280
	D	 0001 11DA 0000 0000	1
	A	 0001 111A 0000 0000	0
00169C	1E00	COMF SYSBYTETEMPX,F,ACCESS
	K	 0000 0001 00KK KKKK	5
000000	0105	BANKSEL SYSTEMP1
	F	 0101 00DA FFFF FFFF	1452
	D	 0101 00DA 1010 1100	0
	A	 0101 000A 1010 1100	1
0016A0	51AC	MOVF SYSTEMP1,W,BANKED
	F	 0001 01DA FFFF FFFF	1280
	D	 0001 01DA 0000 0000	0
	A	 0001 010A 0000 0000	0
0016A2	1400	ANDWF SYSBYTETEMPX,W,ACCESS
	F	 0110 111A FFFF FFFF	1456
	A	 0110 111A 1011 0000	1
0016A4	6FB0	MOVWF SYSTEMP2,BANKED
	F	 1010 BBBA FFFF FFFF	1456
	B	 1010 BBBA 1011 0000	0
	A	 1010 000A 1011 0000	1
0016A6	A1B0	BTFSS SYSTEMP2,0,BANKED
	N	 1101 0NNN NNNN NNNN	6
0016A8	D006	BRA ENDIF79
	S	1111 DDDD DDDD DDDD:1100 SSSS SSSS SSSS	1313
	D	1111 DDDD DDDD DDDD:1100 0101 0010 0001	1287
0016AA	C521 F507	MOVFF CURRCOL,SYSSTRINGA
	K	 0000 0001 00KK KKKK	0
000000	0100	BANKSEL 0
	K	1111 KKKK KKKK KKKK:1110 110S KKKK KKKK	1722
	S	1111 0000 0000 0011:1110 110S 0101 1101	0
0016B0	EC5D F003	CALL BIGFONT203_212
	F	 0110 111A FFFF FFFF	1312
	A	 0110 111A 0010 0000	0
0016B4	6E20	MOVWF CURRCHARVAL,ACCESS
		ENDIF79
	S	1111 DDDD DDDD DDDD:1100 SSSS SSSS SSSS	1296
	D	1111 DDDD DDDD DDDD:1100 0101 0001 0000	1285
0016B6	C510 F505	MOVFF CHARCODE,SYSBYTETEMPA
	K	 0000 1110 KKKK KKKK	180
0016BA	0EB4	MOVLW 180
	F	 0110 111A FFFF FFFF	1289
	A	 0110 111A 0000 1001	0
0016BC	6E09	MOVWF SYSBYTETEMPB,ACCESS
	K	 0000 0001 00KK KKKK	0
000000	0100	BANKSEL 0
	K	1111 KKKK KKKK KKKK:1110 110S KKKK KKKK	14444
	S	1111 0000 0001 1100:1110 110S 0011 0110	0
0016C0	EC36 F01C	CALL SYSCOMPLESSTHAN
	F	 0001 11DA FFFF FFFF	1280
	D	 0001 11DA 0000 0000	1
	A	 0001 111A 0000 0000	0
0016C4	1E00	COMF SYSBYTETEMPX,F,ACCESS
	S	1111 DDDD DDDD DDDD:1100 SSSS SSSS SSSS	1280
	D	1111 DDDD DDDD DDDD:1100 0101 0000 0000	1452
0016C6	C500 F5AC	MOVFF SYSBYTETEMPX,SYSTEMP1
	S	1111 DDDD DDDD DDDD:1100 SSSS SSSS SSSS	1296
	D	1111 DDDD DDDD DDDD:1100 0101 0001 0000	1289
0016CA	C510 F509	MOVFF CHARCODE,SYSBYTETEMPB
	K	 0000 1110 KKKK KKKK	183
0016CE	0EB7	MOVLW 183
	F	 0110 111A FFFF FFFF	1285
	A	 0110 111A 0000 0101	0
0016D0	6E05	MOVWF SYSBYTETEMPA,ACCESS
	K	1111 KKKK KKKK KKKK:1110 110S KKKK KKKK	14444
	S	1111 0000 0001 1100:1110 110S 0011 0110	0
0016D2	EC36 F01C	CALL SYSCOMPLESSTHAN
	F	 0001 11DA FFFF FFFF	1280
	D	 0001 11DA 0000 0000	1
	A	 0001 111A 0000 0000	0
0016D6	1E00	COMF SYSBYTETEMPX,F,ACCESS
	K	 0000 0001 00KK KKKK	5
000000	0105	BANKSEL SYSTEMP1
	F	 0101 00DA FFFF FFFF	1452
	D	 0101 00DA 1010 1100	0
	A	 0101 000A 1010 1100	1
0016DA	51AC	MOVF SYSTEMP1,W,BANKED
	F	 0001 01DA FFFF FFFF	1280
	D	 0001 01DA 0000 0000	0
	A	 0001 010A 0000 0000	0
0016DC	1400	ANDWF SYSBYTETEMPX,W,ACCESS
	F	 0110 111A FFFF FFFF	1456
	A	 0110 111A 1011 0000	1
0016DE	6FB0	MOVWF SYSTEMP2,BANKED
	F	 1010 BBBA FFFF FFFF	1456
	B	 1010 BBBA 1011 0000	0
	A	 1010 000A 1011 0000	1
0016E0	A1B0	BTFSS SYSTEMP2,0,BANKED
	N	 1101 0NNN NNNN NNNN	6
0016E2	D006	BRA ENDIF80
	S	1111 DDDD DDDD DDDD:1100 SSSS SSSS SSSS	1313
	D	1111 DDDD DDDD DDDD:1100 0101 0010 0001	1287
0016E4	C521 F507	MOVFF CURRCOL,SYSSTRINGA
	K	 0000 0001 00KK KKKK	0
000000	0100	BANKSEL 0
	K	1111 KKKK KKKK KKKK:1110 110S KKKK KKKK	1994
	S	1111 0000 0000 0011:1110 110S 1110 0101	0
0016EA	ECE5 F003	CALL BIGFONT213_216
	F	 0110 111A FFFF FFFF	1312
	A	 0110 111A 0010 0000	0
0016EE	6E20	MOVWF CURRCHARVAL,ACCESS
		ENDIF80
	K	 0000 1110 KKKK KKKK	36
0016F0	0E24	MOVLW 36
	F	 0101 11DA FFFF FFFF	1312
	D	 0101 11DA 0010 0000	0
	A	 0101 110A 0010 0000	0
0016F2	5C20	SUBWF CURRCHARVAL,W,ACCESS
	F	 1010 BBBA FFFF FFFF	1240
	B	 1010 BBBA 1101 1000	2
	A	 1010 010A 1101 1000	0
0016F4	A4D8	BTFSS STATUS, Z,ACCESS
	N	 1101 0NNN NNNN NNNN	2
0016F6	D002	BRA ENDIF81
	K	 0000 1110 KKKK KKKK	33
0016F8	0E21	MOVLW 33
	F	 0110 111A FFFF FFFF	1312
	A	 0110 111A 0010 0000	0
0016FA	6E20	MOVWF CURRCHARVAL,ACCESS
		ENDIF81
	F	 0110 101A FFFF FFFF	1311
	A	 0110 101A 0001 1111	0
0016FC	6A1F	CLRF CURRCHARROW,ACCESS
		SYSFORLOOP15
	F	 0010 10DA FFFF FFFF	1311
	D	 0010 10DA 0001 1111	1
	A	 0010 101A 0001 1111	0
0016FE	2A1F	INCF CURRCHARROW,F,ACCESS
	F	 0101 00DA FFFF FFFF	1310
	D	 0101 00DA 0001 1110	0
	A	 0101 000A 0001 1110	0
001700	501E	MOVF CURRCHARCOL,W,ACCESS
	F	 0010 01DA FFFF FFFF	1300
	D	 0010 01DA 0001 0100	0
	A	 0010 010A 0001 0100	0
001702	2414	ADDWF CHARLOCX,W,ACCESS
	K	 0000 0001 00KK KKKK	5
000000	0105	BANKSEL LOCX
	F	 0110 111A FFFF FFFF	1390
	A	 0110 111A 0110 1110	1
001706	6F6E	MOVWF LOCX,BANKED
	K	 0000 1110 KKKK KKKK	0
001708	0E00	MOVLW 0
	F	 0010 00DA FFFF FFFF	1301
	D	 0010 00DA 0001 0101	0
	A	 0010 000A 0001 0101	0
00170A	2015	ADDWFC CHARLOCX_H,W,ACCESS
	F	 0110 111A FFFF FFFF	1391
	A	 0110 111A 0110 1111	1
00170C	6F6F	MOVWF LOCX_H,BANKED
	F	 0101 00DA FFFF FFFF	1311
	D	 0101 00DA 0001 1111	0
	A	 0101 000A 0001 1111	0
00170E	501F	MOVF CURRCHARROW,W,ACCESS
	F	 0010 01DA FFFF FFFF	1302
	D	 0010 01DA 0001 0110	0
	A	 0010 010A 0001 0110	0
001710	2416	ADDWF CHARLOCY,W,ACCESS
	F	 0110 111A FFFF FFFF	1392
	A	 0110 111A 0111 0000	1
001712	6F70	MOVWF LOCY,BANKED
	K	 0000 1110 KKKK KKKK	0
001714	0E00	MOVLW 0
	F	 0010 00DA FFFF FFFF	1303
	D	 0010 00DA 0001 0111	0
	A	 0010 000A 0001 0111	0
001716	2017	ADDWFC CHARLOCY_H,W,ACCESS
	F	 0110 111A FFFF FFFF	1393
	A	 0110 111A 0111 0001	1
001718	6F71	MOVWF LOCY_H,BANKED
	F	 0101 00DA FFFF FFFF	1310
	D	 0101 00DA 0001 1110	0
	A	 0101 000A 0001 1110	0
00171A	501E	MOVF CURRCHARCOL,W,ACCESS
	K	 0000 1000 KKKK KKKK	12
00171C	080C	SUBLW 12
	F	 1011 BBBA FFFF FFFF	1240
	B	 1011 BBBA 1101 1000	0
	A	 1011 000A 1101 1000	0
00171E	B0D8	BTFSC STATUS, C,ACCESS
	N	 1101 0NNN NNNN NNNN	8
001720	D008	BRA ENDIF82
	K	 0000 1110 KKKK KKKK	12
001722	0E0C	MOVLW 12
	F	 0101 11DA FFFF FFFF	1390
	D	 0101 11DA 0110 1110	1
	A	 0101 111A 0110 1110	1
001724	5F6E	SUBWF LOCX,F,BANKED
	K	 0000 1110 KKKK KKKK	0
001726	0E00	MOVLW 0
	F	 0101 10DA FFFF FFFF	1391
	D	 0101 10DA 0110 1111	1
	A	 0101 101A 0110 1111	1
001728	5B6F	SUBWFB LOCX_H,F,BANKED
	K	 0000 1110 KKKK KKKK	8
00172A	0E08	MOVLW 8
	F	 0010 01DA FFFF FFFF	1392
	D	 0010 01DA 0111 0000	1
	A	 0010 011A 0111 0000	1
00172C	2770	ADDWF LOCY,F,BANKED
	K	 0000 1110 KKKK KKKK	0
00172E	0E00	MOVLW 0
	F	 0010 00DA FFFF FFFF	1393
	D	 0010 00DA 0111 0001	1
	A	 0010 001A 0111 0001	1
001730	2371	ADDWFC LOCY_H,F,BANKED
		ENDIF82
	F	 1010 BBBA FFFF FFFF	1312
	B	 1010 BBBA 0010 0000	0
	A	 1010 000A 0010 0000	0
001732	A020	BTFSS CURRCHARVAL,0,ACCESS
	N	 1101 0NNN NNNN NNNN	15
001734	D00F	BRA ENDIF83
	S	1111 DDDD DDDD DDDD:1100 SSSS SSSS SSSS	1390
	D	1111 DDDD DDDD DDDD:1100 0101 0110 1110	1350
001736	C56E F546	MOVFF LOCX,GLCDX
	S	1111 DDDD DDDD DDDD:1100 SSSS SSSS SSSS	1391
	D	1111 DDDD DDDD DDDD:1100 0101 0110 1111	1351
00173A	C56F F547	MOVFF LOCX_H,GLCDX_H
	S	1111 DDDD DDDD DDDD:1100 SSSS SSSS SSSS	1392
	D	1111 DDDD DDDD DDDD:1100 0101 0111 0000	1352
00173E	C570 F548	MOVFF LOCY,GLCDY
	S	1111 DDDD DDDD DDDD:1100 SSSS SSSS SSSS	1393
	D	1111 DDDD DDDD DDDD:1100 0101 0111 0001	1353
001742	C571 F549	MOVFF LOCY_H,GLCDY_H
	S	1111 DDDD DDDD DDDD:1100 SSSS SSSS SSSS	1308
	D	1111 DDDD DDDD DDDD:1100 0101 0001 1100	1327
001746	C51C F52F	MOVFF COLOR,GLCDCOLOUR
	S	1111 DDDD DDDD DDDD:1100 SSSS SSSS SSSS	1309
	D	1111 DDDD DDDD DDDD:1100 0101 0001 1101	1328
00174A	C51D F530	MOVFF COLOR_H,GLCDCOLOUR_H
	K	 0000 0001 00KK KKKK	0
000000	0100	BANKSEL 0
	K	1111 KKKK KKKK KKKK:1110 110S KKKK KKKK	10336
	S	1111 0000 0001 0100:1110 110S 0011 0000	0
001750	EC30 F014	CALL PSET_ILI9341
		ENDIF83
	F	 0011 00DA FFFF FFFF	1312
	D	 0011 00DA 0010 0000	1
	A	 0011 001A 0010 0000	0
001754	3220	RRCF CURRCHARVAL,F,ACCESS
	K	 0000 1110 KKKK KKKK	8
001756	0E08	MOVLW 8
	F	 0101 11DA FFFF FFFF	1311
	D	 0101 11DA 0001 1111	0
	A	 0101 110A 0001 1111	0
001758	5C1F	SUBWF CURRCHARROW,W,ACCESS
	F	 1010 BBBA FFFF FFFF	1240
	B	 1010 BBBA 1101 1000	0
	A	 1010 000A 1101 1000	0
00175A	A0D8	BTFSS STATUS, C,ACCESS
	N	 1101 0NNN NNNN NNNN	2000
00175C	D7D0	BRA SYSFORLOOP15
		SYSFORLOOPEND15
	K	 0000 1110 KKKK KKKK	24
00175E	0E18	MOVLW 24
	F	 0101 11DA FFFF FFFF	1310
	D	 0101 11DA 0001 1110	0
	A	 0101 110A 0001 1110	0
001760	5C1E	SUBWF CURRCHARCOL,W,ACCESS
	F	 1010 BBBA FFFF FFFF	1240
	B	 1010 BBBA 1101 1000	0
	A	 1010 000A 1101 1000	0
001762	A0D8	BTFSS STATUS, C,ACCESS
	N	 1101 0NNN NNNN NNNN	1586
001764	D632	BRA SYSFORLOOP14
		SYSFORLOOPEND14
	K	 0000 0001 00KK KKKK	0
000000	0100	BANKSEL 0
	S	 0000 0000 0001 001S	0
001768	0012	RETURN


		DELAY_MS
	F	 0010 10DA FFFF FFFF	1283
	D	 0010 10DA 0000 0011	1
	A	 0010 101A 0000 0011	0
00176A	2A03	INCF SYSWAITTEMPMS_H, F,ACCESS
		DMS_START
	K	 0000 1110 KKKK KKKK	129
00176C	0E81	MOVLW 129
	F	 0110 111A FFFF FFFF	1281
	A	 0110 111A 0000 0001	0
00176E	6E01	MOVWF DELAYTEMP2,ACCESS
		DMS_OUTER
	K	 0000 1110 KKKK KKKK	40
001770	0E28	MOVLW 40
	F	 0110 111A FFFF FFFF	1280
	A	 0110 111A 0000 0000	0
001772	6E00	MOVWF DELAYTEMP,ACCESS
		DMS_INNER
	F	 0010 11DA FFFF FFFF	1280
	D	 0010 11DA 0000 0000	1
	A	 0010 111A 0000 0000	0
001774	2E00	DECFSZ DELAYTEMP, F,ACCESS
	N	 1101 0NNN NNNN NNNN	2046
001776	D7FE	BRA DMS_INNER
	F	 0010 11DA FFFF FFFF	1281
	D	 0010 11DA 0000 0001	1
	A	 0010 111A 0000 0001	0
001778	2E01	DECFSZ DELAYTEMP2, F,ACCESS
	N	 1101 0NNN NNNN NNNN	2042
00177A	D7FA	BRA DMS_OUTER
	F	 0010 11DA FFFF FFFF	1282
	D	 0010 11DA 0000 0010	1
	A	 0010 111A 0000 0010	0
00177C	2E02	DECFSZ SYSWAITTEMPMS, F,ACCESS
	N	 1101 0NNN NNNN NNNN	2038
00177E	D7F6	BRA DMS_START
	F	 0010 11DA FFFF FFFF	1283
	D	 0010 11DA 0000 0011	1
	A	 0010 111A 0000 0011	0
001780	2E03	DECFSZ SYSWAITTEMPMS_H, F,ACCESS
	N	 1101 0NNN NNNN NNNN	2036
001782	D7F4	BRA DMS_START
	S	 0000 0000 0001 001S	0
001784	0012	RETURN


		DELAY_S
		DS_START
	K	 0000 1110 KKKK KKKK	232
001786	0EE8	MOVLW 232
	F	 0110 111A FFFF FFFF	1282
	A	 0110 111A 0000 0010	0
001788	6E02	MOVWF SYSWAITTEMPMS,ACCESS
	K	 0000 1110 KKKK KKKK	3
00178A	0E03	MOVLW 3
	F	 0110 111A FFFF FFFF	1283
	A	 0110 111A 0000 0011	0
00178C	6E03	MOVWF SYSWAITTEMPMS_H,ACCESS
	N	 1101 1NNN NNNN NNNN	2029
00178E	DFED	RCALL DELAY_MS
	F	 0010 11DA FFFF FFFF	1284
	D	 0010 11DA 0000 0100	1
	A	 0010 111A 0000 0100	0
001790	2E04	DECFSZ SYSWAITTEMPS, F,ACCESS
	N	 1101 0NNN NNNN NNNN	2041
001792	D7F9	BRA DS_START
	S	 0000 0000 0001 001S	0
001794	0012	RETURN


		FASTHWSPITRANSFER
	K	 0000 1110 KKKK KKKK	1
001796	0E01	MOVLW 1
	F	 0110 111A FFFF FFFF	130
	A	 0110 111A 1000 0010	1
001798	6F82	MOVWF SPI1TCNTL,BANKED
	S	1111 DDDD DDDD DDDD:1100 SSSS SSSS SSSS	1410
	D	1111 DDDD DDDD DDDD:1100 0101 1000 0010	129
00179A	C582 F081	MOVFF SPITXDATA,SPI1TXB
		SYSWAITLOOP2
	F	 1010 BBBA FFFF FFFF	1212
	B	 1010 BBBA 1011 1100	4
	A	 1010 100A 1011 1100	0
00179E	A8BC	BTFSS PIR6,SPI1RXIF,ACCESS
	N	 1101 0NNN NNNN NNNN	2046
0017A0	D7FE	BRA SYSWAITLOOP2
	S	1111 DDDD DDDD DDDD:1100 SSSS SSSS SSSS	128
	D	1111 DDDD DDDD DDDD:1100 0000 1000 0000	1409
0017A2	C080 F581	MOVFF SPI1RXB,SPIRXDATA
	S	 0000 0000 0001 001S	0
0017A6	0012	RETURN


		FILLEDBOX_ILI9341
	S	1111 DDDD DDDD DDDD:1100 SSSS SSSS SSSS	1382
	D	1111 DDDD DDDD DDDD:1100 0101 0110 0110	1289
0017A8	C566 F509	MOVFF LINEX1,SYSWORDTEMPB
	S	1111 DDDD DDDD DDDD:1100 SSSS SSSS SSSS	1383
	D	1111 DDDD DDDD DDDD:1100 0101 0110 0111	1290
0017AC	C567 F50A	MOVFF LINEX1_H,SYSWORDTEMPB_H
	S	1111 DDDD DDDD DDDD:1100 SSSS SSSS SSSS	1384
	D	1111 DDDD DDDD DDDD:1100 0101 0110 1000	1285
0017B0	C568 F505	MOVFF LINEX2,SYSWORDTEMPA
	S	1111 DDDD DDDD DDDD:1100 SSSS SSSS SSSS	1385
	D	1111 DDDD DDDD DDDD:1100 0101 0110 1001	1286
0017B4	C569 F506	MOVFF LINEX2_H,SYSWORDTEMPA_H
	K	1111 KKKK KKKK KKKK:1110 110S KKKK KKKK	14454
	S	1111 0000 0001 1100:1110 110S 0011 1011	0
0017B8	EC3B F01C	CALL SYSCOMPLESSTHAN16
	F	 1010 BBBA FFFF FFFF	1280
	B	 1010 BBBA 0000 0000	0
	A	 1010 000A 0000 0000	0
0017BC	A000	BTFSS SYSBYTETEMPX,0,ACCESS
	N	 1101 0NNN NNNN NNNN	12
0017BE	D00C	BRA ENDIF57
	S	1111 DDDD DDDD DDDD:1100 SSSS SSSS SSSS	1382
	D	1111 DDDD DDDD DDDD:1100 0101 0110 0110	1348
0017C0	C566 F544	MOVFF LINEX1,GLCDTEMP
	S	1111 DDDD DDDD DDDD:1100 SSSS SSSS SSSS	1383
	D	1111 DDDD DDDD DDDD:1100 0101 0110 0111	1349
0017C4	C567 F545	MOVFF LINEX1_H,GLCDTEMP_H
	S	1111 DDDD DDDD DDDD:1100 SSSS SSSS SSSS	1384
	D	1111 DDDD DDDD DDDD:1100 0101 0110 1000	1382
0017C8	C568 F566	MOVFF LINEX2,LINEX1
	S	1111 DDDD DDDD DDDD:1100 SSSS SSSS SSSS	1385
	D	1111 DDDD DDDD DDDD:1100 0101 0110 1001	1383
0017CC	C569 F567	MOVFF LINEX2_H,LINEX1_H
	S	1111 DDDD DDDD DDDD:1100 SSSS SSSS SSSS	1348
	D	1111 DDDD DDDD DDDD:1100 0101 0100 0100	1384
0017D0	C544 F568	MOVFF GLCDTEMP,LINEX2
	S	1111 DDDD DDDD DDDD:1100 SSSS SSSS SSSS	1349
	D	1111 DDDD DDDD DDDD:1100 0101 0100 0101	1385
0017D4	C545 F569	MOVFF GLCDTEMP_H,LINEX2_H
		ENDIF57
	S	1111 DDDD DDDD DDDD:1100 SSSS SSSS SSSS	1386
	D	1111 DDDD DDDD DDDD:1100 0101 0110 1010	1289
0017D8	C56A F509	MOVFF LINEY1,SYSWORDTEMPB
	S	1111 DDDD DDDD DDDD:1100 SSSS SSSS SSSS	1387
	D	1111 DDDD DDDD DDDD:1100 0101 0110 1011	1290
0017DC	C56B F50A	MOVFF LINEY1_H,SYSWORDTEMPB_H
	S	1111 DDDD DDDD DDDD:1100 SSSS SSSS SSSS	1388
	D	1111 DDDD DDDD DDDD:1100 0101 0110 1100	1285
0017E0	C56C F505	MOVFF LINEY2,SYSWORDTEMPA
	S	1111 DDDD DDDD DDDD:1100 SSSS SSSS SSSS	1389
	D	1111 DDDD DDDD DDDD:1100 0101 0110 1101	1286
0017E4	C56D F506	MOVFF LINEY2_H,SYSWORDTEMPA_H
	K	1111 KKKK KKKK KKKK:1110 110S KKKK KKKK	14454
	S	1111 0000 0001 1100:1110 110S 0011 1011	0
0017E8	EC3B F01C	CALL SYSCOMPLESSTHAN16
	F	 1010 BBBA FFFF FFFF	1280
	B	 1010 BBBA 0000 0000	0
	A	 1010 000A 0000 0000	0
0017EC	A000	BTFSS SYSBYTETEMPX,0,ACCESS
	N	 1101 0NNN NNNN NNNN	12
0017EE	D00C	BRA ENDIF58
	S	1111 DDDD DDDD DDDD:1100 SSSS SSSS SSSS	1386
	D	1111 DDDD DDDD DDDD:1100 0101 0110 1010	1348
0017F0	C56A F544	MOVFF LINEY1,GLCDTEMP
	S	1111 DDDD DDDD DDDD:1100 SSSS SSSS SSSS	1387
	D	1111 DDDD DDDD DDDD:1100 0101 0110 1011	1349
0017F4	C56B F545	MOVFF LINEY1_H,GLCDTEMP_H
	S	1111 DDDD DDDD DDDD:1100 SSSS SSSS SSSS	1388
	D	1111 DDDD DDDD DDDD:1100 0101 0110 1100	1386
0017F8	C56C F56A	MOVFF LINEY2,LINEY1
	S	1111 DDDD DDDD DDDD:1100 SSSS SSSS SSSS	1389
	D	1111 DDDD DDDD DDDD:1100 0101 0110 1101	1387
0017FC	C56D F56B	MOVFF LINEY2_H,LINEY1_H
	S	1111 DDDD DDDD DDDD:1100 SSSS SSSS SSSS	1348
	D	1111 DDDD DDDD DDDD:1100 0101 0100 0100	1388
001800	C544 F56C	MOVFF GLCDTEMP,LINEY2
	S	1111 DDDD DDDD DDDD:1100 SSSS SSSS SSSS	1349
	D	1111 DDDD DDDD DDDD:1100 0101 0100 0101	1389
001804	C545 F56D	MOVFF GLCDTEMP_H,LINEY2_H
		ENDIF58
	S	1111 DDDD DDDD DDDD:1100 SSSS SSSS SSSS	1382
	D	1111 DDDD DDDD DDDD:1100 0101 0110 0110	1476
001808	C566 F5C4	MOVFF LINEX1,_X1
	S	1111 DDDD DDDD DDDD:1100 SSSS SSSS SSSS	1383
	D	1111 DDDD DDDD DDDD:1100 0101 0110 0111	1477
00180C	C567 F5C5	MOVFF LINEX1_H,_X1_H
	S	1111 DDDD DDDD DDDD:1100 SSSS SSSS SSSS	1386
	D	1111 DDDD DDDD DDDD:1100 0101 0110 1010	1480
001810	C56A F5C8	MOVFF LINEY1,_Y1
	S	1111 DDDD DDDD DDDD:1100 SSSS SSSS SSSS	1387
	D	1111 DDDD DDDD DDDD:1100 0101 0110 1011	1481
001814	C56B F5C9	MOVFF LINEY1_H,_Y1_H
	S	1111 DDDD DDDD DDDD:1100 SSSS SSSS SSSS	1384
	D	1111 DDDD DDDD DDDD:1100 0101 0110 1000	1478
001818	C568 F5C6	MOVFF LINEX2,_X2
	S	1111 DDDD DDDD DDDD:1100 SSSS SSSS SSSS	1385
	D	1111 DDDD DDDD DDDD:1100 0101 0110 1001	1479
00181C	C569 F5C7	MOVFF LINEX2_H,_X2_H
	S	1111 DDDD DDDD DDDD:1100 SSSS SSSS SSSS	1388
	D	1111 DDDD DDDD DDDD:1100 0101 0110 1100	1482
001820	C56C F5CA	MOVFF LINEY2,_Y2
	S	1111 DDDD DDDD DDDD:1100 SSSS SSSS SSSS	1389
	D	1111 DDDD DDDD DDDD:1100 0101 0110 1101	1483
001824	C56D F5CB	MOVFF LINEY2_H,_Y2_H
	K	1111 KKKK KKKK KKKK:1110 110S KKKK KKKK	10474
	S	1111 0000 0001 0100:1110 110S 0111 0101	0
001828	EC75 F014	CALL SETADDRESSWINDOW_ILI9341
	K	 0000 0001 00KK KKKK	5
000000	0105	BANKSEL LINEX1
	F	 0101 00DA FFFF FFFF	1382
	D	 0101 00DA 0110 0110	0
	A	 0101 000A 0110 0110	1
00182E	5166	MOVF LINEX1,W,BANKED
	F	 0101 11DA FFFF FFFF	1384
	D	 0101 11DA 0110 1000	0
	A	 0101 110A 0110 1000	1
001830	5D68	SUBWF LINEX2,W,BANKED
	F	 0110 111A FFFF FFFF	1456
	A	 0110 111A 1011 0000	1
001832	6FB0	MOVWF SYSTEMP2,BANKED
	F	 0101 00DA FFFF FFFF	1383
	D	 0101 00DA 0110 0111	0
	A	 0101 000A 0110 0111	1
001834	5167	MOVF LINEX1_H,W,BANKED
	F	 0101 10DA FFFF FFFF	1385
	D	 0101 10DA 0110 1001	0
	A	 0101 100A 0110 1001	1
001836	5969	SUBWFB LINEX2_H,W,BANKED
	F	 0110 111A FFFF FFFF	1457
	A	 0110 111A 1011 0001	1
001838	6FB1	MOVWF SYSTEMP2_H,BANKED
	K	 0000 1110 KKKK KKKK	1
00183A	0E01	MOVLW 1
	F	 0010 01DA FFFF FFFF	1456
	D	 0010 01DA 1011 0000	0
	A	 0010 010A 1011 0000	1
00183C	25B0	ADDWF SYSTEMP2,W,BANKED
	F	 0110 111A FFFF FFFF	1452
	A	 0110 111A 1010 1100	1
00183E	6FAC	MOVWF SYSTEMP1,BANKED
	K	 0000 1110 KKKK KKKK	0
001840	0E00	MOVLW 0
	F	 0010 00DA FFFF FFFF	1457
	D	 0010 00DA 1011 0001	0
	A	 0010 000A 1011 0001	1
001842	21B1	ADDWFC SYSTEMP2_H,W,BANKED
	F	 0110 111A FFFF FFFF	1453
	A	 0110 111A 1010 1101	1
001844	6FAD	MOVWF SYSTEMP1_H,BANKED
	F	 0101 00DA FFFF FFFF	1386
	D	 0101 00DA 0110 1010	0
	A	 0101 000A 0110 1010	1
001846	516A	MOVF LINEY1,W,BANKED
	F	 0101 11DA FFFF FFFF	1388
	D	 0101 11DA 0110 1100	0
	A	 0101 110A 0110 1100	1
001848	5D6C	SUBWF LINEY2,W,BANKED
	F	 0110 111A FFFF FFFF	1456
	A	 0110 111A 1011 0000	1
00184A	6FB0	MOVWF SYSTEMP2,BANKED
	F	 0101 00DA FFFF FFFF	1387
	D	 0101 00DA 0110 1011	0
	A	 0101 000A 0110 1011	1
00184C	516B	MOVF LINEY1_H,W,BANKED
	F	 0101 10DA FFFF FFFF	1389
	D	 0101 10DA 0110 1101	0
	A	 0101 100A 0110 1101	1
00184E	596D	SUBWFB LINEY2_H,W,BANKED
	F	 0110 111A FFFF FFFF	1457
	A	 0110 111A 1011 0001	1
001850	6FB1	MOVWF SYSTEMP2_H,BANKED
	K	 0000 1110 KKKK KKKK	1
001852	0E01	MOVLW 1
	F	 0010 01DA FFFF FFFF	1456
	D	 0010 01DA 1011 0000	0
	A	 0010 010A 1011 0000	1
001854	25B0	ADDWF SYSTEMP2,W,BANKED
	F	 0110 111A FFFF FFFF	1458
	A	 0110 111A 1011 0010	1
001856	6FB2	MOVWF SYSTEMP3,BANKED
	K	 0000 1110 KKKK KKKK	0
001858	0E00	MOVLW 0
	F	 0010 00DA FFFF FFFF	1457
	D	 0010 00DA 1011 0001	0
	A	 0010 000A 1011 0001	1
00185A	21B1	ADDWFC SYSTEMP2_H,W,BANKED
	F	 0110 111A FFFF FFFF	1459
	A	 0110 111A 1011 0011	1
00185C	6FB3	MOVWF SYSTEMP3_H,BANKED
	S	1111 DDDD DDDD DDDD:1100 SSSS SSSS SSSS	1452
	D	1111 DDDD DDDD DDDD:1100 0101 1010 1100	1285
00185E	C5AC F505	MOVFF SYSTEMP1,SYSLONGTEMPA
	S	1111 DDDD DDDD DDDD:1100 SSSS SSSS SSSS	1453
	D	1111 DDDD DDDD DDDD:1100 0101 1010 1101	1286
001862	C5AD F506	MOVFF SYSTEMP1_H,SYSLONGTEMPA_H
	F	 0110 101A FFFF FFFF	1287
	A	 0110 101A 0000 0111	0
001866	6A07	CLRF SYSLONGTEMPA_U,ACCESS
	F	 0110 101A FFFF FFFF	1288
	A	 0110 101A 0000 1000	0
001868	6A08	CLRF SYSLONGTEMPA_E,ACCESS
	S	1111 DDDD DDDD DDDD:1100 SSSS SSSS SSSS	1458
	D	1111 DDDD DDDD DDDD:1100 0101 1011 0010	1289
00186A	C5B2 F509	MOVFF SYSTEMP3,SYSLONGTEMPB
	S	1111 DDDD DDDD DDDD:1100 SSSS SSSS SSSS	1459
	D	1111 DDDD DDDD DDDD:1100 0101 1011 0011	1290
00186E	C5B3 F50A	MOVFF SYSTEMP3_H,SYSLONGTEMPB_H
	F	 0110 101A FFFF FFFF	1291
	A	 0110 101A 0000 1011	0
001872	6A0B	CLRF SYSLONGTEMPB_U,ACCESS
	F	 0110 101A FFFF FFFF	1292
	A	 0110 101A 0000 1100	0
001874	6A0C	CLRF SYSLONGTEMPB_E,ACCESS
	K	 0000 0001 00KK KKKK	0
000000	0100	BANKSEL 0
	K	1111 KKKK KKKK KKKK:1110 110S KKKK KKKK	15036
	S	1111 0000 0001 1101:1110 110S 0101 1110	0
001878	EC5E F01D	CALL SYSMULTSUB32
	S	1111 DDDD DDDD DDDD:1100 SSSS SSSS SSSS	1280
	D	1111 DDDD DDDD DDDD:1100 0101 0000 0000	1339
00187C	C500 F53B	MOVFF SYSLONGTEMPX,GLCDPIXELCOUNT
	S	1111 DDDD DDDD DDDD:1100 SSSS SSSS SSSS	1281
	D	1111 DDDD DDDD DDDD:1100 0101 0000 0001	1340
001880	C501 F53C	MOVFF SYSLONGTEMPX_H,GLCDPIXELCOUNT_H
	S	1111 DDDD DDDD DDDD:1100 SSSS SSSS SSSS	1282
	D	1111 DDDD DDDD DDDD:1100 0101 0000 0010	1341
001884	C502 F53D	MOVFF SYSLONGTEMPX_U,GLCDPIXELCOUNT_U
	S	1111 DDDD DDDD DDDD:1100 SSSS SSSS SSSS	1283
	D	1111 DDDD DDDD DDDD:1100 0101 0000 0011	1342
001888	C503 F53E	MOVFF SYSLONGTEMPX_E,GLCDPIXELCOUNT_E
	S	1111 DDDD DDDD DDDD:1100 SSSS SSSS SSSS	1339
	D	1111 DDDD DDDD DDDD:1100 0101 0011 1011	1441
00188C	C53B F5A1	MOVFF GLCDPIXELCOUNT,SYSREPEATTEMP4
	S	1111 DDDD DDDD DDDD:1100 SSSS SSSS SSSS	1340
	D	1111 DDDD DDDD DDDD:1100 0101 0011 1100	1442
001890	C53C F5A2	MOVFF GLCDPIXELCOUNT_H,SYSREPEATTEMP4_H
	S	1111 DDDD DDDD DDDD:1100 SSSS SSSS SSSS	1341
	D	1111 DDDD DDDD DDDD:1100 0101 0011 1101	1443
001894	C53D F5A3	MOVFF GLCDPIXELCOUNT_U,SYSREPEATTEMP4_U
	S	1111 DDDD DDDD DDDD:1100 SSSS SSSS SSSS	1342
	D	1111 DDDD DDDD DDDD:1100 0101 0011 1110	1444
001898	C53E F5A4	MOVFF GLCDPIXELCOUNT_E,SYSREPEATTEMP4_E
	S	1111 DDDD DDDD DDDD:1100 SSSS SSSS SSSS	1441
	D	1111 DDDD DDDD DDDD:1100 0101 1010 0001	1285
00189C	C5A1 F505	MOVFF SYSREPEATTEMP4,SYSLONGTEMPA
	S	1111 DDDD DDDD DDDD:1100 SSSS SSSS SSSS	1442
	D	1111 DDDD DDDD DDDD:1100 0101 1010 0010	1286
0018A0	C5A2 F506	MOVFF SYSREPEATTEMP4_H,SYSLONGTEMPA_H
	S	1111 DDDD DDDD DDDD:1100 SSSS SSSS SSSS	1443
	D	1111 DDDD DDDD DDDD:1100 0101 1010 0011	1287
0018A4	C5A3 F507	MOVFF SYSREPEATTEMP4_U,SYSLONGTEMPA_U
	S	1111 DDDD DDDD DDDD:1100 SSSS SSSS SSSS	1444
	D	1111 DDDD DDDD DDDD:1100 0101 1010 0100	1288
0018A8	C5A4 F508	MOVFF SYSREPEATTEMP4_E,SYSLONGTEMPA_E
	K	 0000 1110 KKKK KKKK	1
0018AC	0E01	MOVLW 1
	F	 0110 111A FFFF FFFF	1289
	A	 0110 111A 0000 1001	0
0018AE	6E09	MOVWF SYSLONGTEMPB,ACCESS
	F	 0110 101A FFFF FFFF	1290
	A	 0110 101A 0000 1010	0
0018B0	6A0A	CLRF SYSLONGTEMPB_H,ACCESS
	F	 0110 101A FFFF FFFF	1291
	A	 0110 101A 0000 1011	0
0018B2	6A0B	CLRF SYSLONGTEMPB_U,ACCESS
	F	 0110 101A FFFF FFFF	1292
	A	 0110 101A 0000 1100	0
0018B4	6A0C	CLRF SYSLONGTEMPB_E,ACCESS
	K	1111 KKKK KKKK KKKK:1110 110S KKKK KKKK	14482
	S	1111 0000 0001 1100:1110 110S 0100 1001	0
0018B6	EC49 F01C	CALL SYSCOMPLESSTHAN32
	F	 1011 BBBA FFFF FFFF	1280
	B	 1011 BBBA 0000 0000	0
	A	 1011 000A 0000 0000	0
0018BA	B000	BTFSC SYSBYTETEMPX,0,ACCESS
	N	 1101 0NNN NNNN NNNN	26
0018BC	D01A	BRA SYSREPEATLOOPEND4
	K	 0000 0001 00KK KKKK	5
000000	0105	BANKSEL SYSREPEATTEMP4
	F	 0101 00DA FFFF FFFF	1441
	D	 0101 00DA 1010 0001	1
	A	 0101 001A 1010 0001	1
0018C0	53A1	MOVF SYSREPEATTEMP4,F,BANKED
	F	 1010 BBBA FFFF FFFF	1240
	B	 1010 BBBA 1101 1000	2
	A	 1010 010A 1101 1000	0
0018C2	A4D8	BTFSS STATUS, Z,ACCESS
	F	 0010 10DA FFFF FFFF	1442
	D	 0010 10DA 1010 0010	1
	A	 0010 101A 1010 0010	1
0018C4	2BA2	INCF SYSREPEATTEMP4_H,F,BANKED
	F	 0101 00DA FFFF FFFF	1442
	D	 0101 00DA 1010 0010	1
	A	 0101 001A 1010 0010	1
0018C6	53A2	MOVF SYSREPEATTEMP4_H,F,BANKED
	F	 1010 BBBA FFFF FFFF	1240
	B	 1010 BBBA 1101 1000	2
	A	 1010 010A 1101 1000	0
0018C8	A4D8	BTFSS STATUS, Z,ACCESS
	F	 0010 10DA FFFF FFFF	1443
	D	 0010 10DA 1010 0011	1
	A	 0010 101A 1010 0011	1
0018CA	2BA3	INCF SYSREPEATTEMP4_U,F,BANKED
	F	 0101 00DA FFFF FFFF	1443
	D	 0101 00DA 1010 0011	1
	A	 0101 001A 1010 0011	1
0018CC	53A3	MOVF SYSREPEATTEMP4_U,F,BANKED
	F	 1010 BBBA FFFF FFFF	1240
	B	 1010 BBBA 1101 1000	2
	A	 1010 010A 1101 1000	0
0018CE	A4D8	BTFSS STATUS, Z,ACCESS
	F	 0010 10DA FFFF FFFF	1444
	D	 0010 10DA 1010 0100	1
	A	 0010 101A 1010 0100	1
0018D0	2BA4	INCF SYSREPEATTEMP4_E,F,BANKED
		SYSREPEATLOOP4
	S	1111 DDDD DDDD DDDD:1100 SSSS SSSS SSSS	1366
	D	1111 DDDD DDDD DDDD:1100 0101 0101 0110	1357
0018D2	C556 F54D	MOVFF LINECOLOUR,ILI9341SENDWORD
	S	1111 DDDD DDDD DDDD:1100 SSSS SSSS SSSS	1367
	D	1111 DDDD DDDD DDDD:1100 0101 0101 0111	1358
0018D6	C557 F54E	MOVFF LINECOLOUR_H,ILI9341SENDWORD_H
	K	 0000 0001 00KK KKKK	0
000000	0100	BANKSEL 0
	K	1111 KKKK KKKK KKKK:1110 110S KKKK KKKK	10436
	S	1111 0000 0001 0100:1110 110S 0110 0010	0
0018DC	EC62 F014	CALL SENDWORD_ILI9341
	K	 0000 0001 00KK KKKK	5
000000	0105	BANKSEL SYSREPEATTEMP4
	F	 0010 11DA FFFF FFFF	1441
	D	 0010 11DA 1010 0001	1
	A	 0010 111A 1010 0001	1
0018E2	2FA1	DECFSZ SYSREPEATTEMP4,F,BANKED
	N	 1101 0NNN NNNN NNNN	2038
0018E4	D7F6	BRA SYSREPEATLOOP4
	F	 0010 11DA FFFF FFFF	1442
	D	 0010 11DA 1010 0010	1
	A	 0010 111A 1010 0010	1
0018E6	2FA2	DECFSZ SYSREPEATTEMP4_H,F,BANKED
	N	 1101 0NNN NNNN NNNN	2036
0018E8	D7F4	BRA SYSREPEATLOOP4
	F	 0010 11DA FFFF FFFF	1443
	D	 0010 11DA 1010 0011	1
	A	 0010 111A 1010 0011	1
0018EA	2FA3	DECFSZ SYSREPEATTEMP4_U,F,BANKED
	N	 1101 0NNN NNNN NNNN	2034
0018EC	D7F2	BRA SYSREPEATLOOP4
	F	 0010 11DA FFFF FFFF	1444
	D	 0010 11DA 1010 0100	1
	A	 0010 111A 1010 0100	1
0018EE	2FA4	DECFSZ SYSREPEATTEMP4_E,F,BANKED
	N	 1101 0NNN NNNN NNNN	2032
0018F0	D7F0	BRA SYSREPEATLOOP4
		SYSREPEATLOOPEND4
	K	 0000 0001 00KK KKKK	0
000000	0100	BANKSEL 0
	S	 0000 0000 0001 001S	0
0018F4	0012	RETURN


		FILLEDCIRCLE24
	K	 0000 0001 00KK KKKK	5
000000	0105	BANKSEL XRADIUS
	F	 0101 00DA FFFF FFFF	1467
	D	 0101 00DA 1011 1011	0
	A	 0101 000A 1011 1011	1
0018F8	51BB	MOVF XRADIUS,W,BANKED
	K	 0000 1000 KKKK KKKK	1
0018FA	0801	SUBLW 1
	F	 0110 111A FFFF FFFF	1321
	A	 0110 111A 0010 1001	0
0018FC	6E29	MOVWF FF,ACCESS
	F	 0110 101A FFFF FFFF	1452
	A	 0110 101A 1010 1100	1
0018FE	6BAC	CLRF SYSTEMP1,BANKED
	F	 0101 00DA FFFF FFFF	1468
	D	 0101 00DA 1011 1100	0
	A	 0101 000A 1011 1100	1
001900	51BC	MOVF XRADIUS_H,W,BANKED
	F	 0101 10DA FFFF FFFF	1452
	D	 0101 10DA 1010 1100	0
	A	 0101 100A 1010 1100	1
001902	59AC	SUBWFB SYSTEMP1,W,BANKED
	F	 0110 111A FFFF FFFF	1322
	A	 0110 111A 0010 1010	0
001904	6E2A	MOVWF FF_H,ACCESS
	K	 0000 1110 KKKK KKKK	1
001906	0E01	MOVLW 1
	F	 0110 111A FFFF FFFF	1315
	A	 0110 111A 0010 0011	0
001908	6E23	MOVWF DDF_X,ACCESS
	F	 0110 101A FFFF FFFF	1316
	A	 0110 101A 0010 0100	0
00190A	6A24	CLRF DDF_X_H,ACCESS
	S	1111 DDDD DDDD DDDD:1100 SSSS SSSS SSSS	1467
	D	1111 DDDD DDDD DDDD:1100 0101 1011 1011	1285
00190C	C5BB F505	MOVFF XRADIUS,SYSINTEGERTEMPA
	S	1111 DDDD DDDD DDDD:1100 SSSS SSSS SSSS	1468
	D	1111 DDDD DDDD DDDD:1100 0101 1011 1100	1286
001910	C5BC F506	MOVFF XRADIUS_H,SYSINTEGERTEMPA_H
	K	 0000 1110 KKKK KKKK	254
001914	0EFE	MOVLW 254
	F	 0110 111A FFFF FFFF	1289
	A	 0110 111A 0000 1001	0
001916	6E09	MOVWF SYSINTEGERTEMPB,ACCESS
	F	 0110 100A FFFF FFFF	1290
	A	 0110 100A 0000 1010	0
001918	680A	SETF SYSINTEGERTEMPB_H,ACCESS
	K	 0000 0001 00KK KKKK	0
000000	0100	BANKSEL 0
	K	1111 KKKK KKKK KKKK:1110 110S KKKK KKKK	15170
	S	1111 0000 0001 1101:1110 110S 1010 0001	0
00191C	ECA1 F01D	CALL SYSMULTSUBINT
	S	1111 DDDD DDDD DDDD:1100 SSSS SSSS SSSS	1280
	D	1111 DDDD DDDD DDDD:1100 0101 0000 0000	1317
001920	C500 F525	MOVFF SYSINTEGERTEMPX,DDF_Y
	S	1111 DDDD DDDD DDDD:1100 SSSS SSSS SSSS	1281
	D	1111 DDDD DDDD DDDD:1100 0101 0000 0001	1318
001924	C501 F526	MOVFF SYSINTEGERTEMPX_H,DDF_Y_H
	F	 0110 101A FFFF FFFF	1323
	A	 0110 101A 0010 1011	0
001928	6A2B	CLRF FILLCIRCLEXX,ACCESS
	S	1111 DDDD DDDD DDDD:1100 SSSS SSSS SSSS	1467
	D	1111 DDDD DDDD DDDD:1100 0101 1011 1011	1324
00192A	C5BB F52C	MOVFF XRADIUS,FILLCIRCLEYY
	K	 0000 0001 00KK KKKK	5
000000	0105	BANKSEL XRADIUS
	F	 0101 00DA FFFF FFFF	1467
	D	 0101 00DA 1011 1011	0
	A	 0101 000A 1011 1011	1
001930	51BB	MOVF XRADIUS,W,BANKED
	F	 0010 01DA FFFF FFFF	1473
	D	 0010 01DA 1100 0001	0
	A	 0010 010A 1100 0001	1
001932	25C1	ADDWF YOFFSET,W,BANKED
	F	 0110 111A FFFF FFFF	1471
	A	 0110 111A 1011 1111	1
001934	6FBF	MOVWF YCALC2,BANKED
	F	 0101 00DA FFFF FFFF	1468
	D	 0101 00DA 1011 1100	0
	A	 0101 000A 1011 1100	1
001936	51BC	MOVF XRADIUS_H,W,BANKED
	F	 0010 00DA FFFF FFFF	1474
	D	 0010 00DA 1100 0010	0
	A	 0010 000A 1100 0010	1
001938	21C2	ADDWFC YOFFSET_H,W,BANKED
	F	 0110 111A FFFF FFFF	1472
	A	 0110 111A 1100 0000	1
00193A	6FC0	MOVWF YCALC2_H,BANKED
	F	 0101 00DA FFFF FFFF	1467
	D	 0101 00DA 1011 1011	0
	A	 0101 000A 1011 1011	1
00193C	51BB	MOVF XRADIUS,W,BANKED
	F	 0101 11DA FFFF FFFF	1473
	D	 0101 11DA 1100 0001	0
	A	 0101 110A 1100 0001	1
00193E	5DC1	SUBWF YOFFSET,W,BANKED
	F	 0110 111A FFFF FFFF	1469
	A	 0110 111A 1011 1101	1
001940	6FBD	MOVWF YCALC1,BANKED
	F	 0101 00DA FFFF FFFF	1468
	D	 0101 00DA 1011 1100	0
	A	 0101 000A 1011 1100	1
001942	51BC	MOVF XRADIUS_H,W,BANKED
	F	 0101 10DA FFFF FFFF	1474
	D	 0101 10DA 1100 0010	0
	A	 0101 100A 1100 0010	1
001944	59C2	SUBWFB YOFFSET_H,W,BANKED
	F	 0110 111A FFFF FFFF	1470
	A	 0110 111A 1011 1110	1
001946	6FBE	MOVWF YCALC1_H,BANKED
	S	1111 DDDD DDDD DDDD:1100 SSSS SSSS SSSS	1465
	D	1111 DDDD DDDD DDDD:1100 0101 1011 1001	1382
001948	C5B9 F566	MOVFF XOFFSET,LINEX1
	S	1111 DDDD DDDD DDDD:1100 SSSS SSSS SSSS	1466
	D	1111 DDDD DDDD DDDD:1100 0101 1011 1010	1383
00194C	C5BA F567	MOVFF XOFFSET_H,LINEX1_H
	S	1111 DDDD DDDD DDDD:1100 SSSS SSSS SSSS	1469
	D	1111 DDDD DDDD DDDD:1100 0101 1011 1101	1386
001950	C5BD F56A	MOVFF YCALC1,LINEY1
	S	1111 DDDD DDDD DDDD:1100 SSSS SSSS SSSS	1470
	D	1111 DDDD DDDD DDDD:1100 0101 1011 1110	1387
001954	C5BE F56B	MOVFF YCALC1_H,LINEY1_H
	S	1111 DDDD DDDD DDDD:1100 SSSS SSSS SSSS	1465
	D	1111 DDDD DDDD DDDD:1100 0101 1011 1001	1384
001958	C5B9 F568	MOVFF XOFFSET,LINEX2
	S	1111 DDDD DDDD DDDD:1100 SSSS SSSS SSSS	1466
	D	1111 DDDD DDDD DDDD:1100 0101 1011 1010	1385
00195C	C5BA F569	MOVFF XOFFSET_H,LINEX2_H
	S	1111 DDDD DDDD DDDD:1100 SSSS SSSS SSSS	1471
	D	1111 DDDD DDDD DDDD:1100 0101 1011 1111	1388
001960	C5BF F56C	MOVFF YCALC2,LINEY2
	S	1111 DDDD DDDD DDDD:1100 SSSS SSSS SSSS	1472
	D	1111 DDDD DDDD DDDD:1100 0101 1100 0000	1389
001964	C5C0 F56D	MOVFF YCALC2_H,LINEY2_H
	K	 0000 0001 00KK KKKK	0
000000	0100	BANKSEL 0
	K	1111 KKKK KKKK KKKK:1110 110S KKKK KKKK	15426
	S	1111 0000 0001 1110:1110 110S 0010 0001	0
00196A	EC21 F01E	CALL _LINE73
		SYSDOLOOP_S5
	F	 0101 00DA FFFF FFFF	1324
	D	 0101 00DA 0010 1100	0
	A	 0101 000A 0010 1100	0
00196E	502C	MOVF FILLCIRCLEYY,W,ACCESS
	F	 0101 11DA FFFF FFFF	1323
	D	 0101 11DA 0010 1011	0
	A	 0101 110A 0010 1011	0
001970	5C2B	SUBWF FILLCIRCLEXX,W,ACCESS
	F	 1011 BBBA FFFF FFFF	1240
	B	 1011 BBBA 1101 1000	0
	A	 1011 000A 1101 1000	0
001972	B0D8	BTFSC STATUS, C,ACCESS
	N	 1101 0NNN NNNN NNNN	143
001974	D08F	BRA SYSDOLOOP_E5
	S	1111 DDDD DDDD DDDD:1100 SSSS SSSS SSSS	1321
	D	1111 DDDD DDDD DDDD:1100 0101 0010 1001	1285
001976	C529 F505	MOVFF FF,SYSINTEGERTEMPA
	S	1111 DDDD DDDD DDDD:1100 SSSS SSSS SSSS	1322
	D	1111 DDDD DDDD DDDD:1100 0101 0010 1010	1286
00197A	C52A F506	MOVFF FF_H,SYSINTEGERTEMPA_H
	F	 0110 101A FFFF FFFF	1289
	A	 0110 101A 0000 1001	0
00197E	6A09	CLRF SYSINTEGERTEMPB,ACCESS
	F	 0110 101A FFFF FFFF	1290
	A	 0110 101A 0000 1010	0
001980	6A0A	CLRF SYSINTEGERTEMPB_H,ACCESS
	K	1111 KKKK KKKK KKKK:1110 110S KKKK KKKK	14526
	S	1111 0000 0001 1100:1110 110S 0101 1111	0
001982	EC5F F01C	CALL SYSCOMPLESSTHANINT
	F	 0001 11DA FFFF FFFF	1280
	D	 0001 11DA 0000 0000	1
	A	 0001 111A 0000 0000	0
001986	1E00	COMF SYSBYTETEMPX,F,ACCESS
	F	 1010 BBBA FFFF FFFF	1280
	B	 1010 BBBA 0000 0000	0
	A	 1010 000A 0000 0000	0
001988	A000	BTFSS SYSBYTETEMPX,0,ACCESS
	N	 1101 0NNN NNNN NNNN	9
00198A	D009	BRA ENDIF17
	F	 0000 01DA FFFF FFFF	1324
	D	 0000 01DA 0010 1100	1
	A	 0000 011A 0010 1100	0
00198C	062C	DECF FILLCIRCLEYY,F,ACCESS
	K	 0000 1110 KKKK KKKK	2
00198E	0E02	MOVLW 2
	F	 0010 01DA FFFF FFFF	1317
	D	 0010 01DA 0010 0101	1
	A	 0010 011A 0010 0101	0
001990	2625	ADDWF DDF_Y,F,ACCESS
	K	 0000 1110 KKKK KKKK	0
001992	0E00	MOVLW 0
	F	 0010 00DA FFFF FFFF	1318
	D	 0010 00DA 0010 0110	1
	A	 0010 001A 0010 0110	0
001994	2226	ADDWFC DDF_Y_H,F,ACCESS
	F	 0101 00DA FFFF FFFF	1317
	D	 0101 00DA 0010 0101	0
	A	 0101 000A 0010 0101	0
001996	5025	MOVF DDF_Y,W,ACCESS
	F	 0010 01DA FFFF FFFF	1321
	D	 0010 01DA 0010 1001	1
	A	 0010 011A 0010 1001	0
001998	2629	ADDWF FF,F,ACCESS
	F	 0101 00DA FFFF FFFF	1318
	D	 0101 00DA 0010 0110	0
	A	 0101 000A 0010 0110	0
00199A	5026	MOVF DDF_Y_H,W,ACCESS
	F	 0010 00DA FFFF FFFF	1322
	D	 0010 00DA 0010 1010	1
	A	 0010 001A 0010 1010	0
00199C	222A	ADDWFC FF_H,F,ACCESS
		ENDIF17
	F	 0010 10DA FFFF FFFF	1323
	D	 0010 10DA 0010 1011	1
	A	 0010 101A 0010 1011	0
00199E	2A2B	INCF FILLCIRCLEXX,F,ACCESS
	K	 0000 1110 KKKK KKKK	2
0019A0	0E02	MOVLW 2
	F	 0010 01DA FFFF FFFF	1315
	D	 0010 01DA 0010 0011	1
	A	 0010 011A 0010 0011	0
0019A2	2623	ADDWF DDF_X,F,ACCESS
	K	 0000 1110 KKKK KKKK	0
0019A4	0E00	MOVLW 0
	F	 0010 00DA FFFF FFFF	1316
	D	 0010 00DA 0010 0100	1
	A	 0010 001A 0010 0100	0
0019A6	2224	ADDWFC DDF_X_H,F,ACCESS
	F	 0101 00DA FFFF FFFF	1315
	D	 0101 00DA 0010 0011	0
	A	 0101 000A 0010 0011	0
0019A8	5023	MOVF DDF_X,W,ACCESS
	F	 0010 01DA FFFF FFFF	1321
	D	 0010 01DA 0010 1001	1
	A	 0010 011A 0010 1001	0
0019AA	2629	ADDWF FF,F,ACCESS
	F	 0101 00DA FFFF FFFF	1316
	D	 0101 00DA 0010 0100	0
	A	 0101 000A 0010 0100	0
0019AC	5024	MOVF DDF_X_H,W,ACCESS
	F	 0010 00DA FFFF FFFF	1322
	D	 0010 00DA 0010 1010	1
	A	 0010 001A 0010 1010	0
0019AE	222A	ADDWFC FF_H,F,ACCESS
	F	 0101 00DA FFFF FFFF	1323
	D	 0101 00DA 0010 1011	0
	A	 0101 000A 0010 1011	0
0019B0	502B	MOVF FILLCIRCLEXX,W,ACCESS
	K	 0000 0001 00KK KKKK	5
000000	0105	BANKSEL XOFFSET
	F	 0010 01DA FFFF FFFF	1465
	D	 0010 01DA 1011 1001	0
	A	 0010 010A 1011 1001	1
0019B4	25B9	ADDWF XOFFSET,W,BANKED
	F	 0110 111A FFFF FFFF	1382
	A	 0110 111A 0110 0110	1
0019B6	6F66	MOVWF LINEX1,BANKED
	K	 0000 1110 KKKK KKKK	0
0019B8	0E00	MOVLW 0
	F	 0010 00DA FFFF FFFF	1466
	D	 0010 00DA 1011 1010	0
	A	 0010 000A 1011 1010	1
0019BA	21BA	ADDWFC XOFFSET_H,W,BANKED
	F	 0110 111A FFFF FFFF	1383
	A	 0110 111A 0110 0111	1
0019BC	6F67	MOVWF LINEX1_H,BANKED
	F	 0101 00DA FFFF FFFF	1324
	D	 0101 00DA 0010 1100	0
	A	 0101 000A 0010 1100	0
0019BE	502C	MOVF FILLCIRCLEYY,W,ACCESS
	F	 0010 01DA FFFF FFFF	1473
	D	 0010 01DA 1100 0001	0
	A	 0010 010A 1100 0001	1
0019C0	25C1	ADDWF YOFFSET,W,BANKED
	F	 0110 111A FFFF FFFF	1386
	A	 0110 111A 0110 1010	1
0019C2	6F6A	MOVWF LINEY1,BANKED
	K	 0000 1110 KKKK KKKK	0
0019C4	0E00	MOVLW 0
	F	 0010 00DA FFFF FFFF	1474
	D	 0010 00DA 1100 0010	0
	A	 0010 000A 1100 0010	1
0019C6	21C2	ADDWFC YOFFSET_H,W,BANKED
	F	 0110 111A FFFF FFFF	1387
	A	 0110 111A 0110 1011	1
0019C8	6F6B	MOVWF LINEY1_H,BANKED
	F	 0101 00DA FFFF FFFF	1323
	D	 0101 00DA 0010 1011	0
	A	 0101 000A 0010 1011	0
0019CA	502B	MOVF FILLCIRCLEXX,W,ACCESS
	F	 0010 01DA FFFF FFFF	1465
	D	 0010 01DA 1011 1001	0
	A	 0010 010A 1011 1001	1
0019CC	25B9	ADDWF XOFFSET,W,BANKED
	F	 0110 111A FFFF FFFF	1384
	A	 0110 111A 0110 1000	1
0019CE	6F68	MOVWF LINEX2,BANKED
	K	 0000 1110 KKKK KKKK	0
0019D0	0E00	MOVLW 0
	F	 0010 00DA FFFF FFFF	1466
	D	 0010 00DA 1011 1010	0
	A	 0010 000A 1011 1010	1
0019D2	21BA	ADDWFC XOFFSET_H,W,BANKED
	F	 0110 111A FFFF FFFF	1385
	A	 0110 111A 0110 1001	1
0019D4	6F69	MOVWF LINEX2_H,BANKED
	F	 0101 00DA FFFF FFFF	1324
	D	 0101 00DA 0010 1100	0
	A	 0101 000A 0010 1100	0
0019D6	502C	MOVF FILLCIRCLEYY,W,ACCESS
	F	 0101 11DA FFFF FFFF	1473
	D	 0101 11DA 1100 0001	0
	A	 0101 110A 1100 0001	1
0019D8	5DC1	SUBWF YOFFSET,W,BANKED
	F	 0110 111A FFFF FFFF	1388
	A	 0110 111A 0110 1100	1
0019DA	6F6C	MOVWF LINEY2,BANKED
	K	 0000 1110 KKKK KKKK	0
0019DC	0E00	MOVLW 0
	F	 0101 10DA FFFF FFFF	1474
	D	 0101 10DA 1100 0010	0
	A	 0101 100A 1100 0010	1
0019DE	59C2	SUBWFB YOFFSET_H,W,BANKED
	F	 0110 111A FFFF FFFF	1389
	A	 0110 111A 0110 1101	1
0019E0	6F6D	MOVWF LINEY2_H,BANKED
	K	 0000 0001 00KK KKKK	0
000000	0100	BANKSEL 0
	K	1111 KKKK KKKK KKKK:1110 110S KKKK KKKK	15426
	S	1111 0000 0001 1110:1110 110S 0010 0001	0
0019E4	EC21 F01E	CALL _LINE73
	F	 0101 00DA FFFF FFFF	1323
	D	 0101 00DA 0010 1011	0
	A	 0101 000A 0010 1011	0
0019E8	502B	MOVF FILLCIRCLEXX,W,ACCESS
	K	 0000 0001 00KK KKKK	5
000000	0105	BANKSEL XOFFSET
	F	 0101 11DA FFFF FFFF	1465
	D	 0101 11DA 1011 1001	0
	A	 0101 110A 1011 1001	1
0019EC	5DB9	SUBWF XOFFSET,W,BANKED
	F	 0110 111A FFFF FFFF	1382
	A	 0110 111A 0110 0110	1
0019EE	6F66	MOVWF LINEX1,BANKED
	K	 0000 1110 KKKK KKKK	0
0019F0	0E00	MOVLW 0
	F	 0101 10DA FFFF FFFF	1466
	D	 0101 10DA 1011 1010	0
	A	 0101 100A 1011 1010	1
0019F2	59BA	SUBWFB XOFFSET_H,W,BANKED
	F	 0110 111A FFFF FFFF	1383
	A	 0110 111A 0110 0111	1
0019F4	6F67	MOVWF LINEX1_H,BANKED
	F	 0101 00DA FFFF FFFF	1324
	D	 0101 00DA 0010 1100	0
	A	 0101 000A 0010 1100	0
0019F6	502C	MOVF FILLCIRCLEYY,W,ACCESS
	F	 0010 01DA FFFF FFFF	1473
	D	 0010 01DA 1100 0001	0
	A	 0010 010A 1100 0001	1
0019F8	25C1	ADDWF YOFFSET,W,BANKED
	F	 0110 111A FFFF FFFF	1386
	A	 0110 111A 0110 1010	1
0019FA	6F6A	MOVWF LINEY1,BANKED
	K	 0000 1110 KKKK KKKK	0
0019FC	0E00	MOVLW 0
	F	 0010 00DA FFFF FFFF	1474
	D	 0010 00DA 1100 0010	0
	A	 0010 000A 1100 0010	1
0019FE	21C2	ADDWFC YOFFSET_H,W,BANKED
	F	 0110 111A FFFF FFFF	1387
	A	 0110 111A 0110 1011	1
001A00	6F6B	MOVWF LINEY1_H,BANKED
	F	 0101 00DA FFFF FFFF	1323
	D	 0101 00DA 0010 1011	0
	A	 0101 000A 0010 1011	0
001A02	502B	MOVF FILLCIRCLEXX,W,ACCESS
	F	 0101 11DA FFFF FFFF	1465
	D	 0101 11DA 1011 1001	0
	A	 0101 110A 1011 1001	1
001A04	5DB9	SUBWF XOFFSET,W,BANKED
	F	 0110 111A FFFF FFFF	1384
	A	 0110 111A 0110 1000	1
001A06	6F68	MOVWF LINEX2,BANKED
	K	 0000 1110 KKKK KKKK	0
001A08	0E00	MOVLW 0
	F	 0101 10DA FFFF FFFF	1466
	D	 0101 10DA 1011 1010	0
	A	 0101 100A 1011 1010	1
001A0A	59BA	SUBWFB XOFFSET_H,W,BANKED
	F	 0110 111A FFFF FFFF	1385
	A	 0110 111A 0110 1001	1
001A0C	6F69	MOVWF LINEX2_H,BANKED
	F	 0101 00DA FFFF FFFF	1324
	D	 0101 00DA 0010 1100	0
	A	 0101 000A 0010 1100	0
001A0E	502C	MOVF FILLCIRCLEYY,W,ACCESS
	F	 0101 11DA FFFF FFFF	1473
	D	 0101 11DA 1100 0001	0
	A	 0101 110A 1100 0001	1
001A10	5DC1	SUBWF YOFFSET,W,BANKED
	F	 0110 111A FFFF FFFF	1388
	A	 0110 111A 0110 1100	1
001A12	6F6C	MOVWF LINEY2,BANKED
	K	 0000 1110 KKKK KKKK	0
001A14	0E00	MOVLW 0
	F	 0101 10DA FFFF FFFF	1474
	D	 0101 10DA 1100 0010	0
	A	 0101 100A 1100 0010	1
001A16	59C2	SUBWFB YOFFSET_H,W,BANKED
	F	 0110 111A FFFF FFFF	1389
	A	 0110 111A 0110 1101	1
001A18	6F6D	MOVWF LINEY2_H,BANKED
	K	 0000 0001 00KK KKKK	0
000000	0100	BANKSEL 0
	K	1111 KKKK KKKK KKKK:1110 110S KKKK KKKK	15426
	S	1111 0000 0001 1110:1110 110S 0010 0001	0
001A1C	EC21 F01E	CALL _LINE73
	F	 0101 00DA FFFF FFFF	1324
	D	 0101 00DA 0010 1100	0
	A	 0101 000A 0010 1100	0
001A20	502C	MOVF FILLCIRCLEYY,W,ACCESS
	K	 0000 0001 00KK KKKK	5
000000	0105	BANKSEL XOFFSET
	F	 0010 01DA FFFF FFFF	1465
	D	 0010 01DA 1011 1001	0
	A	 0010 010A 1011 1001	1
001A24	25B9	ADDWF XOFFSET,W,BANKED
	F	 0110 111A FFFF FFFF	1382
	A	 0110 111A 0110 0110	1
001A26	6F66	MOVWF LINEX1,BANKED
	K	 0000 1110 KKKK KKKK	0
001A28	0E00	MOVLW 0
	F	 0010 00DA FFFF FFFF	1466
	D	 0010 00DA 1011 1010	0
	A	 0010 000A 1011 1010	1
001A2A	21BA	ADDWFC XOFFSET_H,W,BANKED
	F	 0110 111A FFFF FFFF	1383
	A	 0110 111A 0110 0111	1
001A2C	6F67	MOVWF LINEX1_H,BANKED
	F	 0101 00DA FFFF FFFF	1323
	D	 0101 00DA 0010 1011	0
	A	 0101 000A 0010 1011	0
001A2E	502B	MOVF FILLCIRCLEXX,W,ACCESS
	F	 0010 01DA FFFF FFFF	1473
	D	 0010 01DA 1100 0001	0
	A	 0010 010A 1100 0001	1
001A30	25C1	ADDWF YOFFSET,W,BANKED
	F	 0110 111A FFFF FFFF	1386
	A	 0110 111A 0110 1010	1
001A32	6F6A	MOVWF LINEY1,BANKED
	K	 0000 1110 KKKK KKKK	0
001A34	0E00	MOVLW 0
	F	 0010 00DA FFFF FFFF	1474
	D	 0010 00DA 1100 0010	0
	A	 0010 000A 1100 0010	1
001A36	21C2	ADDWFC YOFFSET_H,W,BANKED
	F	 0110 111A FFFF FFFF	1387
	A	 0110 111A 0110 1011	1
001A38	6F6B	MOVWF LINEY1_H,BANKED
	F	 0101 00DA FFFF FFFF	1465
	D	 0101 00DA 1011 1001	0
	A	 0101 000A 1011 1001	1
001A3A	51B9	MOVF XOFFSET,W,BANKED
	F	 0010 01DA FFFF FFFF	1324
	D	 0010 01DA 0010 1100	0
	A	 0010 010A 0010 1100	0
001A3C	242C	ADDWF FILLCIRCLEYY,W,ACCESS
	F	 0110 111A FFFF FFFF	1384
	A	 0110 111A 0110 1000	1
001A3E	6F68	MOVWF LINEX2,BANKED
	F	 0110 101A FFFF FFFF	1452
	A	 0110 101A 1010 1100	1
001A40	6BAC	CLRF SYSTEMP1,BANKED
	F	 0101 00DA FFFF FFFF	1466
	D	 0101 00DA 1011 1010	0
	A	 0101 000A 1011 1010	1
001A42	51BA	MOVF XOFFSET_H,W,BANKED
	F	 0010 00DA FFFF FFFF	1452
	D	 0010 00DA 1010 1100	0
	A	 0010 000A 1010 1100	1
001A44	21AC	ADDWFC SYSTEMP1,W,BANKED
	F	 0110 111A FFFF FFFF	1385
	A	 0110 111A 0110 1001	1
001A46	6F69	MOVWF LINEX2_H,BANKED
	F	 0101 00DA FFFF FFFF	1323
	D	 0101 00DA 0010 1011	0
	A	 0101 000A 0010 1011	0
001A48	502B	MOVF FILLCIRCLEXX,W,ACCESS
	F	 0101 11DA FFFF FFFF	1473
	D	 0101 11DA 1100 0001	0
	A	 0101 110A 1100 0001	1
001A4A	5DC1	SUBWF YOFFSET,W,BANKED
	F	 0110 111A FFFF FFFF	1388
	A	 0110 111A 0110 1100	1
001A4C	6F6C	MOVWF LINEY2,BANKED
	K	 0000 1110 KKKK KKKK	0
001A4E	0E00	MOVLW 0
	F	 0101 10DA FFFF FFFF	1474
	D	 0101 10DA 1100 0010	0
	A	 0101 100A 1100 0010	1
001A50	59C2	SUBWFB YOFFSET_H,W,BANKED
	F	 0110 111A FFFF FFFF	1389
	A	 0110 111A 0110 1101	1
001A52	6F6D	MOVWF LINEY2_H,BANKED
	K	 0000 0001 00KK KKKK	0
000000	0100	BANKSEL 0
	K	1111 KKKK KKKK KKKK:1110 110S KKKK KKKK	15426
	S	1111 0000 0001 1110:1110 110S 0010 0001	0
001A56	EC21 F01E	CALL _LINE73
	F	 0101 00DA FFFF FFFF	1324
	D	 0101 00DA 0010 1100	0
	A	 0101 000A 0010 1100	0
001A5A	502C	MOVF FILLCIRCLEYY,W,ACCESS
	K	 0000 0001 00KK KKKK	5
000000	0105	BANKSEL XOFFSET
	F	 0101 11DA FFFF FFFF	1465
	D	 0101 11DA 1011 1001	0
	A	 0101 110A 1011 1001	1
001A5E	5DB9	SUBWF XOFFSET,W,BANKED
	F	 0110 111A FFFF FFFF	1382
	A	 0110 111A 0110 0110	1
001A60	6F66	MOVWF LINEX1,BANKED
	K	 0000 1110 KKKK KKKK	0
001A62	0E00	MOVLW 0
	F	 0101 10DA FFFF FFFF	1466
	D	 0101 10DA 1011 1010	0
	A	 0101 100A 1011 1010	1
001A64	59BA	SUBWFB XOFFSET_H,W,BANKED
	F	 0110 111A FFFF FFFF	1383
	A	 0110 111A 0110 0111	1
001A66	6F67	MOVWF LINEX1_H,BANKED
	F	 0101 00DA FFFF FFFF	1323
	D	 0101 00DA 0010 1011	0
	A	 0101 000A 0010 1011	0
001A68	502B	MOVF FILLCIRCLEXX,W,ACCESS
	F	 0010 01DA FFFF FFFF	1473
	D	 0010 01DA 1100 0001	0
	A	 0010 010A 1100 0001	1
001A6A	25C1	ADDWF YOFFSET,W,BANKED
	F	 0110 111A FFFF FFFF	1386
	A	 0110 111A 0110 1010	1
001A6C	6F6A	MOVWF LINEY1,BANKED
	K	 0000 1110 KKKK KKKK	0
001A6E	0E00	MOVLW 0
	F	 0010 00DA FFFF FFFF	1474
	D	 0010 00DA 1100 0010	0
	A	 0010 000A 1100 0010	1
001A70	21C2	ADDWFC YOFFSET_H,W,BANKED
	F	 0110 111A FFFF FFFF	1387
	A	 0110 111A 0110 1011	1
001A72	6F6B	MOVWF LINEY1_H,BANKED
	F	 0101 00DA FFFF FFFF	1324
	D	 0101 00DA 0010 1100	0
	A	 0101 000A 0010 1100	0
001A74	502C	MOVF FILLCIRCLEYY,W,ACCESS
	F	 0101 11DA FFFF FFFF	1465
	D	 0101 11DA 1011 1001	0
	A	 0101 110A 1011 1001	1
001A76	5DB9	SUBWF XOFFSET,W,BANKED
	F	 0110 111A FFFF FFFF	1384
	A	 0110 111A 0110 1000	1
001A78	6F68	MOVWF LINEX2,BANKED
	K	 0000 1110 KKKK KKKK	0
001A7A	0E00	MOVLW 0
	F	 0101 10DA FFFF FFFF	1466
	D	 0101 10DA 1011 1010	0
	A	 0101 100A 1011 1010	1
001A7C	59BA	SUBWFB XOFFSET_H,W,BANKED
	F	 0110 111A FFFF FFFF	1385
	A	 0110 111A 0110 1001	1
001A7E	6F69	MOVWF LINEX2_H,BANKED
	F	 0101 00DA FFFF FFFF	1323
	D	 0101 00DA 0010 1011	0
	A	 0101 000A 0010 1011	0
001A80	502B	MOVF FILLCIRCLEXX,W,ACCESS
	F	 0101 11DA FFFF FFFF	1473
	D	 0101 11DA 1100 0001	0
	A	 0101 110A 1100 0001	1
001A82	5DC1	SUBWF YOFFSET,W,BANKED
	F	 0110 111A FFFF FFFF	1388
	A	 0110 111A 0110 1100	1
001A84	6F6C	MOVWF LINEY2,BANKED
	K	 0000 1110 KKKK KKKK	0
001A86	0E00	MOVLW 0
	F	 0101 10DA FFFF FFFF	1474
	D	 0101 10DA 1100 0010	0
	A	 0101 100A 1100 0010	1
001A88	59C2	SUBWFB YOFFSET_H,W,BANKED
	F	 0110 111A FFFF FFFF	1389
	A	 0110 111A 0110 1101	1
001A8A	6F6D	MOVWF LINEY2_H,BANKED
	K	 0000 0001 00KK KKKK	0
000000	0100	BANKSEL 0
	K	1111 KKKK KKKK KKKK:1110 110S KKKK KKKK	15426
	S	1111 0000 0001 1110:1110 110S 0010 0001	0
001A8E	EC21 F01E	CALL _LINE73
	N	 1101 0NNN NNNN NNNN	1901
001A92	D76D	BRA SYSDOLOOP_S5
		SYSDOLOOP_E5
	S	 0000 0000 0001 001S	0
001A94	0012	RETURN


		GLCDCHARCOL3EXTENDED1
	K	 0000 1110 KKKK KKKK	240
001A96	0EF0	MOVLW 240
	F	 0110 000A FFFF FFFF	1287
	A	 0110 000A 0000 0111	0
001A98	6007	CPFSLT SYSSTRINGA,ACCESS
	K	 0000 1100 KKKK KKKK	0
001A9A	0C00	RETLW 0
	F	 0101 00DA FFFF FFFF	1287
	D	 0101 00DA 0000 0111	0
	A	 0101 000A 0000 0111	0
001A9C	5007	MOVF SYSSTRINGA, W,ACCESS
	K	 0000 1111 KKKK KKKK	184
001A9E	0FB8	ADDLW LOW TABLEGLCDCHARCOL3EXTENDED1
	F	 0110 111A FFFF FFFF	1270
	A	 0110 111A 1111 0110	0
001AA0	6EF6	MOVWF TBLPTRL,ACCESS
	K	 0000 1110 KKKK KKKK	26
001AA2	0E1A	MOVLW HIGH TABLEGLCDCHARCOL3EXTENDED1
	F	 1011 BBBA FFFF FFFF	1240
	B	 1011 BBBA 1101 1000	0
	A	 1011 000A 1101 1000	0
001AA4	B0D8	BTFSC STATUS, C,ACCESS
	K	 0000 1111 KKKK KKKK	1
001AA6	0F01	ADDLW 1
	F	 0110 111A FFFF FFFF	1271
	A	 0110 111A 1111 0111	0
001AA8	6EF7	MOVWF TBLPTRH,ACCESS
	K	 0000 1110 KKKK KKKK	0
001AAA	0E00	MOVLW UPPER TABLEGLCDCHARCOL3EXTENDED1
	F	 1011 BBBA FFFF FFFF	1240
	B	 1011 BBBA 1101 1000	0
	A	 1011 000A 1101 1000	0
001AAC	B0D8	BTFSC STATUS, C,ACCESS
	K	 0000 1111 KKKK KKKK	1
001AAE	0F01	ADDLW 1
	F	 0110 111A FFFF FFFF	1272
	A	 0110 111A 1111 1000	0
001AB0	6EF8	MOVWF TBLPTRU,ACCESS
001AB2	0008	TBLRD*
	F	 0101 00DA FFFF FFFF	1269
	D	 0101 00DA 1111 0101	0
	A	 0101 000A 1111 0101	0
001AB4	50F5	MOVF TABLAT, W,ACCESS
	S	 0000 0000 0001 001S	0
001AB6	0012	RETURN
		TABLEGLCDCHARCOL3EXTENDED1
001AB8	00EF 0C10 880A 3822 0820 1020 8010 4080 0004 0000 4828 6C46 0000 2800	RAW 00EF,0C10,880A,3822,0820,1020,8010,4080,0004,0000,4828,6C46,0000,2800
001AD4	0010 0010 7C40 8400 3082 784E 6C06 000C 1000 0028 6404 FEF8 FE7C	RAW 0010,0010,7C40,8400,3082,784E,6C06,000C,1000,0028,6404,FEF8,FE7C
001AEE	FEFE FE7C 4000 FEFE FEFE FE7C FE7C 024C 3E7E C67E C20E	RAW FEFE,FE7C,4000,FEFE,FEFE,FE7C,FE7C,024C,3E7E,C67E,C20E
001B04	0400 0800 0080 FE40 7070 1070 FE10 4000 00FE F8F8 F870 F810	RAW 0400,0800,0080,FE40,7070,1070,FE10,4000,00FE,F8F8,F870,F810
001B1C	1090 3878 8878 8818 0000 2000 0078 0000 0000 0000 0000 0000 0000 0000 0000 0000	RAW 1090,3878,8878,8818,0000,2000,0078,0000,0000,0000,0000,0000,0000,0000,0000,0000
001B3C	0000 0000 0000 0000 0000 0000 0000 0000 0000 0000 0000 0000 0000 0000 0000 0000 0000 0000 0000 0000	RAW 0000,0000,0000,0000,0000,0000,0000,0000,0000,0000,0000,0000,0000,0000,0000,0000,0000,0000,0000,0000
001B64	0000 0000 0000 FEF8 F8FE C2FE 7CFE FE00 FEF8 82FE FE7C 00FE	RAW 0000,0000,0000,FEF8,F8FE,C2FE,7CFE,FE00,FEF8,82FE,FE7C,00FE
001B7C	02C6 380E 0EC6 00BC 3800 7C28 0000 FE38 3004 0128 307C 7C00 FC40	RAW 02C6,380E,0EC6,00BC,3800,7C28,0000,FE38,3004,0128,307C,7C00,FC40
001B96	001C 0438 18F8 0438 383C 3C44 003C 383C 3C3C	RAW 001C,0438,18F8,0438,383C,3C44,003C,383C,3C3C


		GLCDCHARCOL4EXTENDED1
	K	 0000 1110 KKKK KKKK	240
001BA8	0EF0	MOVLW 240
	F	 0110 000A FFFF FFFF	1287
	A	 0110 000A 0000 0111	0
001BAA	6007	CPFSLT SYSSTRINGA,ACCESS
	K	 0000 1100 KKKK KKKK	0
001BAC	0C00	RETLW 0
	F	 0101 00DA FFFF FFFF	1287
	D	 0101 00DA 0000 0111	0
	A	 0101 000A 0000 0111	0
001BAE	5007	MOVF SYSSTRINGA, W,ACCESS
	K	 0000 1111 KKKK KKKK	202
001BB0	0FCA	ADDLW LOW TABLEGLCDCHARCOL4EXTENDED1
	F	 0110 111A FFFF FFFF	1270
	A	 0110 111A 1111 0110	0
001BB2	6EF6	MOVWF TBLPTRL,ACCESS
	K	 0000 1110 KKKK KKKK	27
001BB4	0E1B	MOVLW HIGH TABLEGLCDCHARCOL4EXTENDED1
	F	 1011 BBBA FFFF FFFF	1240
	B	 1011 BBBA 1101 1000	0
	A	 1011 000A 1101 1000	0
001BB6	B0D8	BTFSC STATUS, C,ACCESS
	K	 0000 1111 KKKK KKKK	1
001BB8	0F01	ADDLW 1
	F	 0110 111A FFFF FFFF	1271
	A	 0110 111A 1111 0111	0
001BBA	6EF7	MOVWF TBLPTRH,ACCESS
	K	 0000 1110 KKKK KKKK	0
001BBC	0E00	MOVLW UPPER TABLEGLCDCHARCOL4EXTENDED1
	F	 1011 BBBA FFFF FFFF	1240
	B	 1011 BBBA 1101 1000	0
	A	 1011 000A 1101 1000	0
001BBE	B0D8	BTFSC STATUS, C,ACCESS
	K	 0000 1111 KKKK KKKK	1
001BC0	0F01	ADDLW 1
	F	 0110 111A FFFF FFFF	1272
	A	 0110 111A 1111 1000	0
001BC2	6EF8	MOVWF TBLPTRU,ACCESS
001BC4	0008	TBLRD*
	F	 0101 00DA FFFF FFFF	1269
	D	 0101 00DA 1111 0101	0
	A	 0101 000A 1111 0101	0
001BC6	50F5	MOVF TABLAT, W,ACCESS
	S	 0000 0000 0001 001S	0
001BC8	0012	RETURN
		TABLEGLCDCHARCOL4EXTENDED1
001BCA	FEEF 0A38 CC06 7C66 0470 1040 8838 70A2 001C 0E00 54FE 9226	RAW FEEF,0A38,CC06,7C66,0470,1040,8838,70A2,001C,0E00,54FE,9226
001BE2	380A 1082 A010 C010 A220 C284 2882 948A 9202 6C92 28AC	RAW 380A,1082,A010,C010,A220,C284,2882,948A,9202,6C92,28AC
001BF8	8228 9202 9224 8282 1292 1082 8082 8010 0804 1282 1282 0292	RAW 8228,9202,9224,8282,1292,1082,8082,8010,0804,1282,1282,0292
001C10	4080 2880 A210 08FE 0482 0280 90A8 8888 FCA8 10A8 8090	RAW 4080,2880,A210,08FE,0482,0280,90A8,8888,FCA8,10A8,8090
001C26	8220 1008 2888 1028 7CA8 4080 5080 C8A0 0010 1082 0044 0000 0000	RAW 8220,1008,2888,1028,7CA8,4080,5080,C8A0,0010,1082,0044,0000,0000
001C40	0000 0000 0000 0000 0000 0000 0000 0000 0000 0000 0000 0000 0000 0000 0000 0000 0000 0000 0000 0000	RAW 0000,0000,0000,0000,0000,0000,0000,0000,0000,0000,0000,0000,0000,0000,0000,0000,0000,0000,0000,0000
001C68	0000 0000 0000 0000 0000 0000 0000 0000 0000 0000 9224 8402 A292 9210 1082 0404	RAW 0000,0000,0000,0000,0000,0000,0000,0000,0000,0000,9224,8402,A292,9210,1082,0404
001C88	9208 0282 0012 02AA 4410 1028 00C2 4400 0854 0000 4944 4968 1954 4A08	RAW 9208,0282,0012,02AA,4410,1028,00C2,4400,0854,0000,4944,4968,1954,4A08
001CA4	1000 4032 0120 7C44 2424 0444 4440 4028 0140 4441 4040	RAW 1000,4032,0120,7C44,2424,0444,4440,4028,0140,4441,4040


		GLCDCHARCOL5EXTENDED1
	K	 0000 1110 KKKK KKKK	240
001CBA	0EF0	MOVLW 240
	F	 0110 000A FFFF FFFF	1287
	A	 0110 000A 0000 0111	0
001CBC	6007	CPFSLT SYSSTRINGA,ACCESS
	K	 0000 1100 KKKK KKKK	0
001CBE	0C00	RETLW 0
	F	 0101 00DA FFFF FFFF	1287
	D	 0101 00DA 0000 0111	0
	A	 0101 000A 0000 0111	0
001CC0	5007	MOVF SYSSTRINGA, W,ACCESS
	K	 0000 1111 KKKK KKKK	220
001CC2	0FDC	ADDLW LOW TABLEGLCDCHARCOL5EXTENDED1
	F	 0110 111A FFFF FFFF	1270
	A	 0110 111A 1111 0110	0
001CC4	6EF6	MOVWF TBLPTRL,ACCESS
	K	 0000 1110 KKKK KKKK	28
001CC6	0E1C	MOVLW HIGH TABLEGLCDCHARCOL5EXTENDED1
	F	 1011 BBBA FFFF FFFF	1240
	B	 1011 BBBA 1101 1000	0
	A	 1011 000A 1101 1000	0
001CC8	B0D8	BTFSC STATUS, C,ACCESS
	K	 0000 1111 KKKK KKKK	1
001CCA	0F01	ADDLW 1
	F	 0110 111A FFFF FFFF	1271
	A	 0110 111A 1111 0111	0
001CCC	6EF7	MOVWF TBLPTRH,ACCESS
	K	 0000 1110 KKKK KKKK	0
001CCE	0E00	MOVLW UPPER TABLEGLCDCHARCOL5EXTENDED1
	F	 1011 BBBA FFFF FFFF	1240
	B	 1011 BBBA 1101 1000	0
	A	 1011 000A 1101 1000	0
001CD0	B0D8	BTFSC STATUS, C,ACCESS
	K	 0000 1111 KKKK KKKK	1
001CD2	0F01	ADDLW 1
	F	 0110 111A FFFF FFFF	1272
	A	 0110 111A 1111 1000	0
001CD4	6EF8	MOVWF TBLPTRU,ACCESS
001CD6	0008	TBLRD*
	F	 0101 00DA FFFF FFFF	1269
	D	 0101 00DA 1111 0101	0
	A	 0101 000A 1111 0101	0
001CD8	50F5	MOVF TABLAT, W,ACCESS
	S	 0000 0000 0001 001S	0
001CDA	0012	RETURN
		TABLEGLCDCHARCOL5EXTENDED1
001CDC	7CEF 007C EE00 7CEE FEA8 54FE 9454 7C94 007C 009E FE28 AA10	RAW 7CEF,007C,EE00,7CEE,FEA8,54FE,9454,7C94,007C,009E,FE28,AA10
001CF4	4406 7C44 607C C010 9210 A2FE 248A 928A 92E2 6C92 446C	RAW 4406,7C44,607C,C010,9210,A2FE,248A,928A,92E2,6C92,446C
001D0A	4428 F2A2 9222 8282 1292 1092 82FE 8028 1018 1282 32A2	RAW 4428,F2A2,9222,8282,1292,1092,82FE,8028,1018,1282,32A2
001D20	FE92 8080 1070 92E0 1082 0282 0480 88A8 8888 12A8 08A8	RAW FE92,8080,1070,92E0,1082,0282,0480,88A8,8888,12A8,08A8
001D36	88FA FE50 08F0 2888 0828 90A8 8080 2060 A8A0 FE6C 106C	RAW 88FA,FE50,08F0,2888,0828,90A8,8080,2060,A8A0,FE6C,106C
001D4C	0042 0000 0000 0000 0000 0000 0000 0000 0000 0000 0000 0000 0000 0000 0000 0000 0000 0000 0000 0000	RAW 0042,0000,0000,0000,0000,0000,0000,0000,0000,0000,0000,0000,0000,0000,0000,0000,0000,0000,0000,0000
001D74	0000 0000 0000 0000 0000 0000 0000 0000 0000 0000 0000 0000 0000 9222 8202 9292 9210	RAW 0000,0000,0000,0000,0000,0000,0000,0000,0000,0000,0000,0000,0000,9222,8202,9292,9210
001D96	28FE 1802 9210 0282 0012 FE92 FEE0 FE10 0002 4500 0554 003D 4944	RAW 28FE,1802,9210,0282,0012,FE92,FEE0,FE10,0002,4500,0554,003D,4944
001DB0	4B90 A554 4D04 283C 4009 9540 0444 A424 7C44 FE40 F810 3C38 4540	RAW 4B90,A554,4D04,283C,4009,9540,0444,A424,7C44,FE40,F810,3C38,4540
001DCA	3A42	RAW 3A42


		GLCDCHARCOL6EXTENDED1
	K	 0000 1110 KKKK KKKK	240
001DCC	0EF0	MOVLW 240
	F	 0110 000A FFFF FFFF	1287
	A	 0110 000A 0000 0111	0
001DCE	6007	CPFSLT SYSSTRINGA,ACCESS
	K	 0000 1100 KKKK KKKK	0
001DD0	0C00	RETLW 0
	F	 0101 00DA FFFF FFFF	1287
	D	 0101 00DA 0000 0111	0
	A	 0101 000A 0000 0111	0
001DD2	5007	MOVF SYSSTRINGA, W,ACCESS
	K	 0000 1111 KKKK KKKK	238
001DD4	0FEE	ADDLW LOW TABLEGLCDCHARCOL6EXTENDED1
	F	 0110 111A FFFF FFFF	1270
	A	 0110 111A 1111 0110	0
001DD6	6EF6	MOVWF TBLPTRL,ACCESS
	K	 0000 1110 KKKK KKKK	29
001DD8	0E1D	MOVLW HIGH TABLEGLCDCHARCOL6EXTENDED1
	F	 1011 BBBA FFFF FFFF	1240
	B	 1011 BBBA 1101 1000	0
	A	 1011 000A 1101 1000	0
001DDA	B0D8	BTFSC STATUS, C,ACCESS
	K	 0000 1111 KKKK KKKK	1
001DDC	0F01	ADDLW 1
	F	 0110 111A FFFF FFFF	1271
	A	 0110 111A 1111 0111	0
001DDE	6EF7	MOVWF TBLPTRH,ACCESS
	K	 0000 1110 KKKK KKKK	0
001DE0	0E00	MOVLW UPPER TABLEGLCDCHARCOL6EXTENDED1
	F	 1011 BBBA FFFF FFFF	1240
	B	 1011 BBBA 1101 1000	0
	A	 1011 000A 1101 1000	0
001DE2	B0D8	BTFSC STATUS, C,ACCESS
	K	 0000 1111 KKKK KKKK	1
001DE4	0F01	ADDLW 1
	F	 0110 111A FFFF FFFF	1272
	A	 0110 111A 1111 1000	0
001DE6	6EF8	MOVWF TBLPTRU,ACCESS
001DE8	0008	TBLRD*
	F	 0101 00DA FFFF FFFF	1269
	D	 0101 00DA 1111 0101	0
	A	 0101 000A 1111 0101	0
001DEA	50F5	MOVF TABLAT, W,ACCESS
	S	 0000 0000 0001 001S	0
001DEC	0012	RETURN
		TABLEGLCDCHARCOL6EXTENDED1
001DEE	38EF 0CFE CC0A 7C66 0420 3840 A210 7088 001C 0E00 54FE 44C8	RAW 38EF,0CFE,CC0A,7C66,0420,3840,A210,7088,001C,0E00,54FE,44C8
001E06	8200 1038 0010 0010 8A08 9280 FE96 928A 9212 0052 8200 2828 8212	RAW 8200,1038,0010,0010,8A08,9280,FE96,928A,9212,0052,8200,2828,8212
001E20	9224 4482 1292 1092 7E82 8044 2004 1282 5242 0292 4080 2880	RAW 9224,4482,1292,1092,7E82,8044,2004,1282,5242,0292,4080,2880
001E38	8A10 2082 04FE 0880 88A8 9088 02A8 08A8 7A80 8088 0808 2888	RAW 8A10,2082,04FE,0880,88A8,9088,02A8,08A8,7A80,8088,0808,2888
001E50	0830 80A8 4040 5080 98A0 0082 2010 0044 0000 0000 0000 0000 0000 0000 0000	RAW 0830,80A8,4040,5080,98A0,0082,2010,0044,0000,0000,0000,0000,0000,0000,0000
001E6E	0000 0000 0000 0000 0000 0000 0000 0000 0000 0000 0000 0000 0000 0000 0000 0000 0000 0000 0000 0000	RAW 0000,0000,0000,0000,0000,0000,0000,0000,0000,0000,0000,0000,0000,0000,0000,0000,0000,0000,0000,0000
001E96	0000 0000 0000 0000 0000 9224 8402 8A92 9210 4482 0404 9220 0282 0012	RAW 0000,0000,0000,0000,0000,9224,8402,8A92,9210,4482,0404,9220,0282,0012
001EB2	0282 4410 1028 00C2 3800 0455 0040 4E38 4D68 4354 4904 4440 2009 AB20	RAW 0282,4410,1028,00C2,3800,0455,0040,4E38,4D68,4354,4904,4440,2009,AB20
001ECE	7C44 A424 044C 4440 4028 4140 4441 4141	RAW 7C44,A424,044C,4440,4028,4140,4441,4141


		GLCDCHARCOL7EXTENDED1
	K	 0000 1110 KKKK KKKK	240
001EDE	0EF0	MOVLW 240
	F	 0110 000A FFFF FFFF	1287
	A	 0110 000A 0000 0111	0
001EE0	6007	CPFSLT SYSSTRINGA,ACCESS
	K	 0000 1100 KKKK KKKK	0
001EE2	0C00	RETLW 0
	F	 0101 00DA FFFF FFFF	1287
	D	 0101 00DA 0000 0111	0
	A	 0101 000A 0000 0111	0
001EE4	5007	MOVF SYSSTRINGA, W,ACCESS
	K	 0000 1111 KKKK KKKK	0
001EE6	0F00	ADDLW LOW TABLEGLCDCHARCOL7EXTENDED1
	F	 0110 111A FFFF FFFF	1270
	A	 0110 111A 1111 0110	0
001EE8	6EF6	MOVWF TBLPTRL,ACCESS
	K	 0000 1110 KKKK KKKK	31
001EEA	0E1F	MOVLW HIGH TABLEGLCDCHARCOL7EXTENDED1
	F	 1011 BBBA FFFF FFFF	1240
	B	 1011 BBBA 1101 1000	0
	A	 1011 000A 1101 1000	0
001EEC	B0D8	BTFSC STATUS, C,ACCESS
	K	 0000 1111 KKKK KKKK	1
001EEE	0F01	ADDLW 1
	F	 0110 111A FFFF FFFF	1271
	A	 0110 111A 1111 0111	0
001EF0	6EF7	MOVWF TBLPTRH,ACCESS
	K	 0000 1110 KKKK KKKK	0
001EF2	0E00	MOVLW UPPER TABLEGLCDCHARCOL7EXTENDED1
	F	 1011 BBBA FFFF FFFF	1240
	B	 1011 BBBA 1101 1000	0
	A	 1011 000A 1101 1000	0
001EF4	B0D8	BTFSC STATUS, C,ACCESS
	K	 0000 1111 KKKK KKKK	1
001EF6	0F01	ADDLW 1
	F	 0110 111A FFFF FFFF	1272
	A	 0110 111A 1111 1000	0
001EF8	6EF8	MOVWF TBLPTRU,ACCESS
001EFA	0008	TBLRD*
	F	 0101 00DA FFFF FFFF	1269
	D	 0101 00DA 1111 0101	0
	A	 0101 000A 1111 0101	0
001EFC	50F5	MOVF TABLAT, W,ACCESS
	S	 0000 0000 0001 001S	0
001EFE	0012	RETURN
		TABLEGLCDCHARCOL7EXTENDED1
001F00	10EF 0A00 8806 3822 083E 1020 8010 4080 0004 0000 2428 A0C4 0000 2800	RAW 10EF,0A00,8806,3822,083E,1020,8010,4080,0004,0000,2428,A0C4,0000,2800
001F1C	0010 0010 7C04 8C00 2062 6072 6C0E 003C 0000 1028 7C0C 6CF8 3844	RAW 0010,0010,7C04,8C00,2062,6072,6C0E,003C,0000,1028,7C0C,6CF8,3844
001F36	0282 FEF4 0200 8082 FEFE 0C7C 8CBC 0264 3E7E C67E 860E 4000	RAW 0282,FEF4,0200,8082,FEFE,0C7C,8CBC,0264,3E7E,C67E,860E,4000
001F4E	0800 0080 70F0 FE40 0430 F078 0000 0000 F0F0 1070 10F8 4040 38F8	RAW 0800,0080,70F0,FE40,0430,F078,0000,0000,F0F0,1070,10F8,4040,38F8
001F68	8878 8878 0000 1000 0078 0000 0000 0000 0000 0000 0000 0000 0000 0000 0000 0000 0000	RAW 8878,8878,0000,1000,0078,0000,0000,0000,0000,0000,0000,0000,0000,0000,0000,0000,0000
001F8A	0000 0000 0000 0000 0000 0000 0000 0000 0000 0000 0000 0000 0000 0000 0000 0000 0000 0000 0000 0000	RAW 0000,0000,0000,0000,0000,0000,0000,0000,0000,0000,0000,0000,0000,0000,0000,0000,0000,0000,0000,0000
001FB2	6CF8 F802 8682 7CFE 8200 FEF8 82FE FE7C 000C 0282 380E	RAW 6CF8,F802,8682,7CFE,8200,FEF8,82FE,FE7C,000C,0282,380E
001FC8	0EC6 00BC 4400 7844 0020 3044 3104 0144 3E78 0020 7C7E 411C 0438 4818	RAW 0EC6,00BC,4400,7844,0020,3044,3104,0144,3E78,0020,7C7E,411C,0438,4818
001FE4	0434 383C 3C44 203C 383C 3C3C	RAW 0434,383C,3C44,203C,383C,3C3C


		GLCDCLS_ILI9341
	F	 0110 101A FFFF FFFF	1354
	A	 0110 101A 0100 1010	0
001FF0	6A4A	CLRF GLCD_YORDINATE,ACCESS
	F	 0110 101A FFFF FFFF	1355
	A	 0110 101A 0100 1011	0
001FF2	6A4B	CLRF GLCD_YORDINATE_H,ACCESS
	K	 0000 0001 00KK KKKK	5
000000	0105	BANKSEL _X1
	F	 0110 101A FFFF FFFF	1476
	A	 0110 101A 1100 0100	1
001FF6	6BC4	CLRF _X1,BANKED
	F	 0110 101A FFFF FFFF	1477
	A	 0110 101A 1100 0101	1
001FF8	6BC5	CLRF _X1_H,BANKED
	F	 0110 101A FFFF FFFF	1480
	A	 0110 101A 1100 1000	1
001FFA	6BC8	CLRF _Y1,BANKED
	F	 0110 101A FFFF FFFF	1481
	A	 0110 101A 1100 1001	1
001FFC	6BC9	CLRF _Y1_H,BANKED
	K	 0000 1110 KKKK KKKK	1
001FFE	0E01	MOVLW 1
	F	 0101 11DA FFFF FFFF	1331
	D	 0101 11DA 0011 0011	0
	A	 0101 110A 0011 0011	0
002000	5C33	SUBWF GLCDDEVICEWIDTH,W,ACCESS
	F	 0110 111A FFFF FFFF	1478
	A	 0110 111A 1100 0110	1
002002	6FC6	MOVWF _X2,BANKED
	K	 0000 1110 KKKK KKKK	0
002004	0E00	MOVLW 0
	F	 0101 10DA FFFF FFFF	1332
	D	 0101 10DA 0011 0100	0
	A	 0101 100A 0011 0100	0
002006	5834	SUBWFB GLCDDEVICEWIDTH_H,W,ACCESS
	F	 0110 111A FFFF FFFF	1479
	A	 0110 111A 1100 0111	1
002008	6FC7	MOVWF _X2_H,BANKED
	K	 0000 1110 KKKK KKKK	1
00200A	0E01	MOVLW 1
	F	 0101 11DA FFFF FFFF	1329
	D	 0101 11DA 0011 0001	0
	A	 0101 110A 0011 0001	0
00200C	5C31	SUBWF GLCDDEVICEHEIGHT,W,ACCESS
	F	 0110 111A FFFF FFFF	1482
	A	 0110 111A 1100 1010	1
00200E	6FCA	MOVWF _Y2,BANKED
	K	 0000 1110 KKKK KKKK	0
002010	0E00	MOVLW 0
	F	 0101 10DA FFFF FFFF	1330
	D	 0101 10DA 0011 0010	0
	A	 0101 100A 0011 0010	0
002012	5832	SUBWFB GLCDDEVICEHEIGHT_H,W,ACCESS
	F	 0110 111A FFFF FFFF	1483
	A	 0110 111A 1100 1011	1
002014	6FCB	MOVWF _Y2_H,BANKED
	K	 0000 0001 00KK KKKK	0
000000	0100	BANKSEL 0
	K	1111 KKKK KKKK KKKK:1110 110S KKKK KKKK	10474
	S	1111 0000 0001 0100:1110 110S 0111 0101	0
002018	EC75 F014	CALL SETADDRESSWINDOW_ILI9341
	S	1111 DDDD DDDD DDDD:1100 SSSS SSSS SSSS	1325
	D	1111 DDDD DDDD DDDD:1100 0101 0010 1101	1357
00201C	C52D F54D	MOVFF GLCDBACKGROUND,ILI9341SENDWORD
	S	1111 DDDD DDDD DDDD:1100 SSSS SSSS SSSS	1326
	D	1111 DDDD DDDD DDDD:1100 0101 0010 1110	1358
002020	C52E F54E	MOVFF GLCDBACKGROUND_H,ILI9341SENDWORD_H
	K	 0000 0001 00KK KKKK	1
000000	0101	BANKSEL LATC
	F	 1001 BBBA FFFF FFFF	322
	B	 1001 BBBA 0100 0010	1
	A	 1001 001A 0100 0010	1
002026	9342	BCF LATC,1,BANKED
	F	 1000 BBBA FFFF FFFF	322
	B	 1000 BBBA 0100 0010	0
	A	 1000 000A 0100 0010	1
002028	8142	BSF LATC,0,BANKED
	K	 0000 1110 KKKK KKKK	2
00202A	0E02	MOVLW 2
	K	 0000 0001 00KK KKKK	5
000000	0105	BANKSEL SYSREPEATTEMP2
	F	 0110 111A FFFF FFFF	1438
	A	 0110 111A 1001 1110	1
00202E	6F9E	MOVWF SYSREPEATTEMP2,BANKED
		SYSREPEATLOOP2
	F	 0110 101A FFFF FFFF	1439
	A	 0110 101A 1001 1111	1
002030	6B9F	CLRF SYSREPEATTEMP3,BANKED
	K	 0000 1110 KKKK KKKK	150
002032	0E96	MOVLW 150
	F	 0110 111A FFFF FFFF	1440
	A	 0110 111A 1010 0000	1
002034	6FA0	MOVWF SYSREPEATTEMP3_H,BANKED
		SYSREPEATLOOP3
	S	1111 DDDD DDDD DDDD:1100 SSSS SSSS SSSS	1358
	D	1111 DDDD DDDD DDDD:1100 0101 0100 1110	1410
002036	C54E F582	MOVFF ILI9341SENDWORD_H,SPITXDATA
	K	 0000 0001 00KK KKKK	0
000000	0100	BANKSEL 0
	K	1111 KKKK KKKK KKKK:1110 110S KKKK KKKK	6038
	S	1111 0000 0000 1011:1110 110S 1100 1011	0
00203C	ECCB F00B	CALL FASTHWSPITRANSFER
	S	1111 DDDD DDDD DDDD:1100 SSSS SSSS SSSS	1357
	D	1111 DDDD DDDD DDDD:1100 0101 0100 1101	1410
002040	C54D F582	MOVFF ILI9341SENDWORD,SPITXDATA
	K	1111 KKKK KKKK KKKK:1110 110S KKKK KKKK	6038
	S	1111 0000 0000 1011:1110 110S 1100 1011	0
002044	ECCB F00B	CALL FASTHWSPITRANSFER
	K	 0000 0001 00KK KKKK	5
000000	0105	BANKSEL SYSREPEATTEMP3
	F	 0010 11DA FFFF FFFF	1439
	D	 0010 11DA 1001 1111	1
	A	 0010 111A 1001 1111	1
00204A	2F9F	DECFSZ SYSREPEATTEMP3,F,BANKED
	N	 1101 0NNN NNNN NNNN	2036
00204C	D7F4	BRA SYSREPEATLOOP3
	F	 0010 11DA FFFF FFFF	1440
	D	 0010 11DA 1010 0000	1
	A	 0010 111A 1010 0000	1
00204E	2FA0	DECFSZ SYSREPEATTEMP3_H,F,BANKED
	N	 1101 0NNN NNNN NNNN	2034
002050	D7F2	BRA SYSREPEATLOOP3
		SYSREPEATLOOPEND3
	F	 0010 11DA FFFF FFFF	1438
	D	 0010 11DA 1001 1110	1
	A	 0010 111A 1001 1110	1
002052	2F9E	DECFSZ SYSREPEATTEMP2,F,BANKED
	N	 1101 0NNN NNNN NNNN	2029
002054	D7ED	BRA SYSREPEATLOOP2
		SYSREPEATLOOPEND2
	K	 0000 0001 00KK KKKK	1
000000	0101	BANKSEL LATC
	F	 1000 BBBA FFFF FFFF	322
	B	 1000 BBBA 0100 0010	1
	A	 1000 001A 0100 0010	1
002058	8342	BSF LATC,1,BANKED
	K	 0000 0001 00KK KKKK	0
000000	0100	BANKSEL 0
	S	 0000 0000 0001 001S	0
00205C	0012	RETURN


		GLCDDRAWCHAR_ILI9341
	K	 0000 1110 KKKK KKKK	15
00205E	0E0F	MOVLW 15
	F	 0101 11DA FFFF FFFF	1296
	D	 0101 11DA 0001 0000	1
	A	 0101 111A 0001 0000	0
002060	5E10	SUBWF CHARCODE,F,ACCESS
	F	 0110 101A FFFF FFFF	1297
	A	 0110 101A 0001 0001	0
002062	6A11	CLRF CHARCOL,ACCESS
	F	 0110 101A FFFF FFFF	1298
	A	 0110 101A 0001 0010	0
002064	6A12	CLRF CHARCOL_H,ACCESS
	S	1111 DDDD DDDD DDDD:1100 SSSS SSSS SSSS	1296
	D	1111 DDDD DDDD DDDD:1100 0101 0001 0000	1285
002066	C510 F505	MOVFF CHARCODE,SYSBYTETEMPA
	K	 0000 1110 KKKK KKKK	178
00206A	0EB2	MOVLW 178
	F	 0110 111A FFFF FFFF	1289
	A	 0110 111A 0000 1001	0
00206C	6E09	MOVWF SYSBYTETEMPB,ACCESS
	K	1111 KKKK KKKK KKKK:1110 110S KKKK KKKK	14444
	S	1111 0000 0001 1100:1110 110S 0011 0110	0
00206E	EC36 F01C	CALL SYSCOMPLESSTHAN
	F	 0001 11DA FFFF FFFF	1280
	D	 0001 11DA 0000 0000	1
	A	 0001 111A 0000 0000	0
002072	1E00	COMF SYSBYTETEMPX,F,ACCESS
	S	1111 DDDD DDDD DDDD:1100 SSSS SSSS SSSS	1280
	D	1111 DDDD DDDD DDDD:1100 0101 0000 0000	1452
002074	C500 F5AC	MOVFF SYSBYTETEMPX,SYSTEMP1
	S	1111 DDDD DDDD DDDD:1100 SSSS SSSS SSSS	1296
	D	1111 DDDD DDDD DDDD:1100 0101 0001 0000	1289
002078	C510 F509	MOVFF CHARCODE,SYSBYTETEMPB
	K	 0000 1110 KKKK KKKK	202
00207C	0ECA	MOVLW 202
	F	 0110 111A FFFF FFFF	1285
	A	 0110 111A 0000 0101	0
00207E	6E05	MOVWF SYSBYTETEMPA,ACCESS
	K	1111 KKKK KKKK KKKK:1110 110S KKKK KKKK	14444
	S	1111 0000 0001 1100:1110 110S 0011 0110	0
002080	EC36 F01C	CALL SYSCOMPLESSTHAN
	F	 0001 11DA FFFF FFFF	1280
	D	 0001 11DA 0000 0000	1
	A	 0001 111A 0000 0000	0
002084	1E00	COMF SYSBYTETEMPX,F,ACCESS
	K	 0000 0001 00KK KKKK	5
000000	0105	BANKSEL SYSTEMP1
	F	 0101 00DA FFFF FFFF	1452
	D	 0101 00DA 1010 1100	0
	A	 0101 000A 1010 1100	1
002088	51AC	MOVF SYSTEMP1,W,BANKED
	F	 0001 01DA FFFF FFFF	1280
	D	 0001 01DA 0000 0000	0
	A	 0001 010A 0000 0000	0
00208A	1400	ANDWF SYSBYTETEMPX,W,ACCESS
	F	 0110 111A FFFF FFFF	1456
	A	 0110 111A 1011 0000	1
00208C	6FB0	MOVWF SYSTEMP2,BANKED
	F	 1010 BBBA FFFF FFFF	1456
	B	 1010 BBBA 1011 0000	0
	A	 1010 000A 1011 0000	1
00208E	A1B0	BTFSS SYSTEMP2,0,BANKED
	N	 1101 0NNN NNNN NNNN	4
002090	D004	BRA ENDIF49
	K	 0000 1110 KKKK KKKK	1
002092	0E01	MOVLW 1
	F	 0101 11DA FFFF FFFF	1302
	D	 0101 11DA 0001 0110	1
	A	 0101 111A 0001 0110	0
002094	5E16	SUBWF CHARLOCY,F,ACCESS
	K	 0000 1110 KKKK KKKK	0
002096	0E00	MOVLW 0
	F	 0101 10DA FFFF FFFF	1303
	D	 0101 10DA 0001 0111	1
	A	 0101 101A 0001 0111	0
002098	5A17	SUBWFB CHARLOCY_H,F,ACCESS
		ENDIF49
	F	 0110 101A FFFF FFFF	1310
	A	 0110 101A 0001 1110	0
00209A	6A1E	CLRF CURRCHARCOL,ACCESS
		SYSFORLOOP9
	F	 0010 10DA FFFF FFFF	1310
	D	 0010 10DA 0001 1110	1
	A	 0010 101A 0001 1110	0
00209C	2A1E	INCF CURRCHARCOL,F,ACCESS
		SYSSELECT2CASE1
	F	 0000 01DA FFFF FFFF	1310
	D	 0000 01DA 0001 1110	0
	A	 0000 010A 0001 1110	0
00209E	041E	DECF CURRCHARCOL,W,ACCESS
	F	 1010 BBBA FFFF FFFF	1240
	B	 1010 BBBA 1101 1000	2
	A	 1010 010A 1101 1000	0
0020A0	A4D8	BTFSS STATUS, Z,ACCESS
	N	 1101 0NNN NNNN NNNN	6
0020A2	D006	BRA SYSSELECT2CASE2
	S	1111 DDDD DDDD DDDD:1100 SSSS SSSS SSSS	1296
	D	1111 DDDD DDDD DDDD:1100 0101 0001 0000	1287
0020A4	C510 F507	MOVFF CHARCODE,SYSSTRINGA
	K	 0000 0001 00KK KKKK	0
000000	0100	BANKSEL 0
	N	 1101 1NNN NNNN NNNN	1269
0020AA	DCF5	RCALL GLCDCHARCOL3EXTENDED1
	F	 0110 111A FFFF FFFF	1312
	A	 0110 111A 0010 0000	0
0020AC	6E20	MOVWF CURRCHARVAL,ACCESS
	N	 1101 0NNN NNNN NNNN	39
0020AE	D027	BRA SYSSELECTEND2
		SYSSELECT2CASE2
	K	 0000 1110 KKKK KKKK	2
0020B0	0E02	MOVLW 2
	F	 0101 11DA FFFF FFFF	1310
	D	 0101 11DA 0001 1110	0
	A	 0101 110A 0001 1110	0
0020B2	5C1E	SUBWF CURRCHARCOL,W,ACCESS
	F	 1010 BBBA FFFF FFFF	1240
	B	 1010 BBBA 1101 1000	2
	A	 1010 010A 1101 1000	0
0020B4	A4D8	BTFSS STATUS, Z,ACCESS
	N	 1101 0NNN NNNN NNNN	6
0020B6	D006	BRA SYSSELECT2CASE3
	S	1111 DDDD DDDD DDDD:1100 SSSS SSSS SSSS	1296
	D	1111 DDDD DDDD DDDD:1100 0101 0001 0000	1287
0020B8	C510 F507	MOVFF CHARCODE,SYSSTRINGA
	K	 0000 0001 00KK KKKK	0
000000	0100	BANKSEL 0
	N	 1101 1NNN NNNN NNNN	1396
0020BE	DD74	RCALL GLCDCHARCOL4EXTENDED1
	F	 0110 111A FFFF FFFF	1312
	A	 0110 111A 0010 0000	0
0020C0	6E20	MOVWF CURRCHARVAL,ACCESS
	N	 1101 0NNN NNNN NNNN	29
0020C2	D01D	BRA SYSSELECTEND2
		SYSSELECT2CASE3
	K	 0000 1110 KKKK KKKK	3
0020C4	0E03	MOVLW 3
	F	 0101 11DA FFFF FFFF	1310
	D	 0101 11DA 0001 1110	0
	A	 0101 110A 0001 1110	0
0020C6	5C1E	SUBWF CURRCHARCOL,W,ACCESS
	F	 1010 BBBA FFFF FFFF	1240
	B	 1010 BBBA 1101 1000	2
	A	 1010 010A 1101 1000	0
0020C8	A4D8	BTFSS STATUS, Z,ACCESS
	N	 1101 0NNN NNNN NNNN	6
0020CA	D006	BRA SYSSELECT2CASE4
	S	1111 DDDD DDDD DDDD:1100 SSSS SSSS SSSS	1296
	D	1111 DDDD DDDD DDDD:1100 0101 0001 0000	1287
0020CC	C510 F507	MOVFF CHARCODE,SYSSTRINGA
	K	 0000 0001 00KK KKKK	0
000000	0100	BANKSEL 0
	N	 1101 1NNN NNNN NNNN	1523
0020D2	DDF3	RCALL GLCDCHARCOL5EXTENDED1
	F	 0110 111A FFFF FFFF	1312
	A	 0110 111A 0010 0000	0
0020D4	6E20	MOVWF CURRCHARVAL,ACCESS
	N	 1101 0NNN NNNN NNNN	19
0020D6	D013	BRA SYSSELECTEND2
		SYSSELECT2CASE4
	K	 0000 1110 KKKK KKKK	4
0020D8	0E04	MOVLW 4
	F	 0101 11DA FFFF FFFF	1310
	D	 0101 11DA 0001 1110	0
	A	 0101 110A 0001 1110	0
0020DA	5C1E	SUBWF CURRCHARCOL,W,ACCESS
	F	 1010 BBBA FFFF FFFF	1240
	B	 1010 BBBA 1101 1000	2
	A	 1010 010A 1101 1000	0
0020DC	A4D8	BTFSS STATUS, Z,ACCESS
	N	 1101 0NNN NNNN NNNN	6
0020DE	D006	BRA SYSSELECT2CASE5
	S	1111 DDDD DDDD DDDD:1100 SSSS SSSS SSSS	1296
	D	1111 DDDD DDDD DDDD:1100 0101 0001 0000	1287
0020E0	C510 F507	MOVFF CHARCODE,SYSSTRINGA
	K	 0000 0001 00KK KKKK	0
000000	0100	BANKSEL 0
	N	 1101 1NNN NNNN NNNN	1650
0020E6	DE72	RCALL GLCDCHARCOL6EXTENDED1
	F	 0110 111A FFFF FFFF	1312
	A	 0110 111A 0010 0000	0
0020E8	6E20	MOVWF CURRCHARVAL,ACCESS
	N	 1101 0NNN NNNN NNNN	9
0020EA	D009	BRA SYSSELECTEND2
		SYSSELECT2CASE5
	K	 0000 1110 KKKK KKKK	5
0020EC	0E05	MOVLW 5
	F	 0101 11DA FFFF FFFF	1310
	D	 0101 11DA 0001 1110	0
	A	 0101 110A 0001 1110	0
0020EE	5C1E	SUBWF CURRCHARCOL,W,ACCESS
	F	 1010 BBBA FFFF FFFF	1240
	B	 1010 BBBA 1101 1000	2
	A	 1010 010A 1101 1000	0
0020F0	A4D8	BTFSS STATUS, Z,ACCESS
	N	 1101 0NNN NNNN NNNN	5
0020F2	D005	BRA SYSSELECTEND2
	S	1111 DDDD DDDD DDDD:1100 SSSS SSSS SSSS	1296
	D	1111 DDDD DDDD DDDD:1100 0101 0001 0000	1287
0020F4	C510 F507	MOVFF CHARCODE,SYSSTRINGA
	K	 0000 0001 00KK KKKK	0
000000	0100	BANKSEL 0
	N	 1101 1NNN NNNN NNNN	1777
0020FA	DEF1	RCALL GLCDCHARCOL7EXTENDED1
	F	 0110 111A FFFF FFFF	1312
	A	 0110 111A 0010 0000	0
0020FC	6E20	MOVWF CURRCHARVAL,ACCESS
		SYSSELECTEND2
	F	 0110 101A FFFF FFFF	1304
	A	 0110 101A 0001 1000	0
0020FE	6A18	CLRF CHARROW,ACCESS
	F	 0110 101A FFFF FFFF	1305
	A	 0110 101A 0001 1001	0
002100	6A19	CLRF CHARROW_H,ACCESS
	F	 0110 101A FFFF FFFF	1311
	A	 0110 101A 0001 1111	0
002102	6A1F	CLRF CURRCHARROW,ACCESS
		SYSFORLOOP10
	F	 0010 10DA FFFF FFFF	1311
	D	 0010 10DA 0001 1111	1
	A	 0010 101A 0001 1111	0
002104	2A1F	INCF CURRCHARROW,F,ACCESS
	F	 0110 101A FFFF FFFF	1299
	A	 0110 101A 0001 0011	0
002106	6A13	CLRF CHARCOLS,ACCESS
	F	 0110 101A FFFF FFFF	1307
	A	 0110 101A 0001 1011	0
002108	6A1B	CLRF COL,ACCESS
	K	 0000 1110 KKKK KKKK	1
00210A	0E01	MOVLW 1
	F	 0101 11DA FFFF FFFF	1335
	D	 0101 11DA 0011 0111	0
	A	 0101 110A 0011 0111	0
00210C	5C37	SUBWF GLCDFNTDEFAULTSIZE,W,ACCESS
	F	 1010 BBBA FFFF FFFF	1240
	B	 1010 BBBA 1101 1000	0
	A	 1010 000A 1101 1000	0
00210E	A0D8	BTFSS STATUS, C,ACCESS
	N	 1101 0NNN NNNN NNNN	83
002110	D053	BRA SYSFORLOOPEND11
		SYSFORLOOP11
	F	 0010 10DA FFFF FFFF	1307
	D	 0010 10DA 0001 1011	1
	A	 0010 101A 0001 1011	0
002112	2A1B	INCF COL,F,ACCESS
	F	 0010 10DA FFFF FFFF	1299
	D	 0010 10DA 0001 0011	1
	A	 0010 101A 0001 0011	0
002114	2A13	INCF CHARCOLS,F,ACCESS
	F	 0110 101A FFFF FFFF	1306
	A	 0110 101A 0001 1010	0
002116	6A1A	CLRF CHARROWS,ACCESS
	K	 0000 0001 00KK KKKK	5
000000	0105	BANKSEL ROW
	F	 0110 101A FFFF FFFF	1406
	A	 0110 101A 0111 1110	1
00211A	6B7E	CLRF ROW,BANKED
	K	 0000 1110 KKKK KKKK	1
00211C	0E01	MOVLW 1
	F	 0101 11DA FFFF FFFF	1335
	D	 0101 11DA 0011 0111	0
	A	 0101 110A 0011 0111	0
00211E	5C37	SUBWF GLCDFNTDEFAULTSIZE,W,ACCESS
	F	 1010 BBBA FFFF FFFF	1240
	B	 1010 BBBA 1101 1000	0
	A	 1010 000A 1101 1000	0
002120	A0D8	BTFSS STATUS, C,ACCESS
	N	 1101 0NNN NNNN NNNN	70
002122	D046	BRA SYSFORLOOPEND12
		SYSFORLOOP12
	F	 0010 10DA FFFF FFFF	1406
	D	 0010 10DA 0111 1110	1
	A	 0010 101A 0111 1110	1
002124	2B7E	INCF ROW,F,BANKED
	F	 0010 10DA FFFF FFFF	1306
	D	 0010 10DA 0001 1010	1
	A	 0010 101A 0001 1010	0
002126	2A1A	INCF CHARROWS,F,ACCESS
	F	 1010 BBBA FFFF FFFF	1312
	B	 1010 BBBA 0010 0000	0
	A	 1010 000A 0010 0000	0
002128	A020	BTFSS CURRCHARVAL,0,ACCESS
	N	 1101 0NNN NNNN NNNN	31
00212A	D01F	BRA ELSE52_1
	F	 0101 00DA FFFF FFFF	1297
	D	 0101 00DA 0001 0001	0
	A	 0101 000A 0001 0001	0
00212C	5011	MOVF CHARCOL,W,ACCESS
	F	 0010 01DA FFFF FFFF	1300
	D	 0010 01DA 0001 0100	0
	A	 0010 010A 0001 0100	0
00212E	2414	ADDWF CHARLOCX,W,ACCESS
	F	 0110 111A FFFF FFFF	1456
	A	 0110 111A 1011 0000	1
002130	6FB0	MOVWF SYSTEMP2,BANKED
	F	 0101 00DA FFFF FFFF	1298
	D	 0101 00DA 0001 0010	0
	A	 0101 000A 0001 0010	0
002132	5012	MOVF CHARCOL_H,W,ACCESS
	F	 0010 00DA FFFF FFFF	1301
	D	 0010 00DA 0001 0101	0
	A	 0010 000A 0001 0101	0
002134	2015	ADDWFC CHARLOCX_H,W,ACCESS
	F	 0110 111A FFFF FFFF	1457
	A	 0110 111A 1011 0001	1
002136	6FB1	MOVWF SYSTEMP2_H,BANKED
	F	 0101 00DA FFFF FFFF	1299
	D	 0101 00DA 0001 0011	0
	A	 0101 000A 0001 0011	0
002138	5013	MOVF CHARCOLS,W,ACCESS
	F	 0010 01DA FFFF FFFF	1456
	D	 0010 01DA 1011 0000	0
	A	 0010 010A 1011 0000	1
00213A	25B0	ADDWF SYSTEMP2,W,BANKED
	F	 0110 111A FFFF FFFF	1350
	A	 0110 111A 0100 0110	0
00213C	6E46	MOVWF GLCDX,ACCESS
	K	 0000 1110 KKKK KKKK	0
00213E	0E00	MOVLW 0
	F	 0010 00DA FFFF FFFF	1457
	D	 0010 00DA 1011 0001	0
	A	 0010 000A 1011 0001	1
002140	21B1	ADDWFC SYSTEMP2_H,W,BANKED
	F	 0110 111A FFFF FFFF	1351
	A	 0110 111A 0100 0111	0
002142	6E47	MOVWF GLCDX_H,ACCESS
	F	 0101 00DA FFFF FFFF	1304
	D	 0101 00DA 0001 1000	0
	A	 0101 000A 0001 1000	0
002144	5018	MOVF CHARROW,W,ACCESS
	F	 0010 01DA FFFF FFFF	1302
	D	 0010 01DA 0001 0110	0
	A	 0010 010A 0001 0110	0
002146	2416	ADDWF CHARLOCY,W,ACCESS
	F	 0110 111A FFFF FFFF	1456
	A	 0110 111A 1011 0000	1
002148	6FB0	MOVWF SYSTEMP2,BANKED
	F	 0101 00DA FFFF FFFF	1305
	D	 0101 00DA 0001 1001	0
	A	 0101 000A 0001 1001	0
00214A	5019	MOVF CHARROW_H,W,ACCESS
	F	 0010 00DA FFFF FFFF	1303
	D	 0010 00DA 0001 0111	0
	A	 0010 000A 0001 0111	0
00214C	2017	ADDWFC CHARLOCY_H,W,ACCESS
	F	 0110 111A FFFF FFFF	1457
	A	 0110 111A 1011 0001	1
00214E	6FB1	MOVWF SYSTEMP2_H,BANKED
	F	 0101 00DA FFFF FFFF	1306
	D	 0101 00DA 0001 1010	0
	A	 0101 000A 0001 1010	0
002150	501A	MOVF CHARROWS,W,ACCESS
	F	 0010 01DA FFFF FFFF	1456
	D	 0010 01DA 1011 0000	0
	A	 0010 010A 1011 0000	1
002152	25B0	ADDWF SYSTEMP2,W,BANKED
	F	 0110 111A FFFF FFFF	1352
	A	 0110 111A 0100 1000	0
002154	6E48	MOVWF GLCDY,ACCESS
	K	 0000 1110 KKKK KKKK	0
002156	0E00	MOVLW 0
	F	 0010 00DA FFFF FFFF	1457
	D	 0010 00DA 1011 0001	0
	A	 0010 000A 1011 0001	1
002158	21B1	ADDWFC SYSTEMP2_H,W,BANKED
	F	 0110 111A FFFF FFFF	1353
	A	 0110 111A 0100 1001	0
00215A	6E49	MOVWF GLCDY_H,ACCESS
	S	1111 DDDD DDDD DDDD:1100 SSSS SSSS SSSS	1366
	D	1111 DDDD DDDD DDDD:1100 0101 0101 0110	1327
00215C	C556 F52F	MOVFF LINECOLOUR,GLCDCOLOUR
	S	1111 DDDD DDDD DDDD:1100 SSSS SSSS SSSS	1367
	D	1111 DDDD DDDD DDDD:1100 0101 0101 0111	1328
002160	C557 F530	MOVFF LINECOLOUR_H,GLCDCOLOUR_H
	K	 0000 0001 00KK KKKK	0
000000	0100	BANKSEL 0
	N	 1101 1NNN NNNN NNNN	892
002166	DB7C	RCALL PSET_ILI9341
	N	 1101 0NNN NNNN NNNN	30
002168	D01E	BRA ENDIF52
		ELSE52_1
	F	 0101 00DA FFFF FFFF	1297
	D	 0101 00DA 0001 0001	0
	A	 0101 000A 0001 0001	0
00216A	5011	MOVF CHARCOL,W,ACCESS
	F	 0010 01DA FFFF FFFF	1300
	D	 0010 01DA 0001 0100	0
	A	 0010 010A 0001 0100	0
00216C	2414	ADDWF CHARLOCX,W,ACCESS
	F	 0110 111A FFFF FFFF	1456
	A	 0110 111A 1011 0000	1
00216E	6FB0	MOVWF SYSTEMP2,BANKED
	F	 0101 00DA FFFF FFFF	1298
	D	 0101 00DA 0001 0010	0
	A	 0101 000A 0001 0010	0
002170	5012	MOVF CHARCOL_H,W,ACCESS
	F	 0010 00DA FFFF FFFF	1301
	D	 0010 00DA 0001 0101	0
	A	 0010 000A 0001 0101	0
002172	2015	ADDWFC CHARLOCX_H,W,ACCESS
	F	 0110 111A FFFF FFFF	1457
	A	 0110 111A 1011 0001	1
002174	6FB1	MOVWF SYSTEMP2_H,BANKED
	F	 0101 00DA FFFF FFFF	1299
	D	 0101 00DA 0001 0011	0
	A	 0101 000A 0001 0011	0
002176	5013	MOVF CHARCOLS,W,ACCESS
	F	 0010 01DA FFFF FFFF	1456
	D	 0010 01DA 1011 0000	0
	A	 0010 010A 1011 0000	1
002178	25B0	ADDWF SYSTEMP2,W,BANKED
	F	 0110 111A FFFF FFFF	1350
	A	 0110 111A 0100 0110	0
00217A	6E46	MOVWF GLCDX,ACCESS
	K	 0000 1110 KKKK KKKK	0
00217C	0E00	MOVLW 0
	F	 0010 00DA FFFF FFFF	1457
	D	 0010 00DA 1011 0001	0
	A	 0010 000A 1011 0001	1
00217E	21B1	ADDWFC SYSTEMP2_H,W,BANKED
	F	 0110 111A FFFF FFFF	1351
	A	 0110 111A 0100 0111	0
002180	6E47	MOVWF GLCDX_H,ACCESS
	F	 0101 00DA FFFF FFFF	1304
	D	 0101 00DA 0001 1000	0
	A	 0101 000A 0001 1000	0
002182	5018	MOVF CHARROW,W,ACCESS
	F	 0010 01DA FFFF FFFF	1302
	D	 0010 01DA 0001 0110	0
	A	 0010 010A 0001 0110	0
002184	2416	ADDWF CHARLOCY,W,ACCESS
	F	 0110 111A FFFF FFFF	1456
	A	 0110 111A 1011 0000	1
002186	6FB0	MOVWF SYSTEMP2,BANKED
	F	 0101 00DA FFFF FFFF	1305
	D	 0101 00DA 0001 1001	0
	A	 0101 000A 0001 1001	0
002188	5019	MOVF CHARROW_H,W,ACCESS
	F	 0010 00DA FFFF FFFF	1303
	D	 0010 00DA 0001 0111	0
	A	 0010 000A 0001 0111	0
00218A	2017	ADDWFC CHARLOCY_H,W,ACCESS
	F	 0110 111A FFFF FFFF	1457
	A	 0110 111A 1011 0001	1
00218C	6FB1	MOVWF SYSTEMP2_H,BANKED
	F	 0101 00DA FFFF FFFF	1306
	D	 0101 00DA 0001 1010	0
	A	 0101 000A 0001 1010	0
00218E	501A	MOVF CHARROWS,W,ACCESS
	F	 0010 01DA FFFF FFFF	1456
	D	 0010 01DA 1011 0000	0
	A	 0010 010A 1011 0000	1
002190	25B0	ADDWF SYSTEMP2,W,BANKED
	F	 0110 111A FFFF FFFF	1352
	A	 0110 111A 0100 1000	0
002192	6E48	MOVWF GLCDY,ACCESS
	K	 0000 1110 KKKK KKKK	0
002194	0E00	MOVLW 0
	F	 0010 00DA FFFF FFFF	1457
	D	 0010 00DA 1011 0001	0
	A	 0010 000A 1011 0001	1
002196	21B1	ADDWFC SYSTEMP2_H,W,BANKED
	F	 0110 111A FFFF FFFF	1353
	A	 0110 111A 0100 1001	0
002198	6E49	MOVWF GLCDY_H,ACCESS
	S	1111 DDDD DDDD DDDD:1100 SSSS SSSS SSSS	1325
	D	1111 DDDD DDDD DDDD:1100 0101 0010 1101	1327
00219A	C52D F52F	MOVFF GLCDBACKGROUND,GLCDCOLOUR
	S	1111 DDDD DDDD DDDD:1100 SSSS SSSS SSSS	1326
	D	1111 DDDD DDDD DDDD:1100 0101 0010 1110	1328
00219E	C52E F530	MOVFF GLCDBACKGROUND_H,GLCDCOLOUR_H
	K	 0000 0001 00KK KKKK	0
000000	0100	BANKSEL 0
	N	 1101 1NNN NNNN NNNN	861
0021A4	DB5D	RCALL PSET_ILI9341
		ENDIF52
	F	 0101 00DA FFFF FFFF	1335
	D	 0101 00DA 0011 0111	0
	A	 0101 000A 0011 0111	0
0021A6	5037	MOVF GLCDFNTDEFAULTSIZE,W,ACCESS
	K	 0000 0001 00KK KKKK	5
000000	0105	BANKSEL ROW
	F	 0101 11DA FFFF FFFF	1406
	D	 0101 11DA 0111 1110	0
	A	 0101 110A 0111 1110	1
0021AA	5D7E	SUBWF ROW,W,BANKED
	F	 1010 BBBA FFFF FFFF	1240
	B	 1010 BBBA 1101 1000	0
	A	 1010 000A 1101 1000	0
0021AC	A0D8	BTFSS STATUS, C,ACCESS
	N	 1101 0NNN NNNN NNNN	1978
0021AE	D7BA	BRA SYSFORLOOP12
		SYSFORLOOPEND12
	F	 0101 00DA FFFF FFFF	1335
	D	 0101 00DA 0011 0111	0
	A	 0101 000A 0011 0111	0
0021B0	5037	MOVF GLCDFNTDEFAULTSIZE,W,ACCESS
	F	 0101 11DA FFFF FFFF	1307
	D	 0101 11DA 0001 1011	0
	A	 0101 110A 0001 1011	0
0021B2	5C1B	SUBWF COL,W,ACCESS
	F	 1010 BBBA FFFF FFFF	1240
	B	 1010 BBBA 1101 1000	0
	A	 1010 000A 1101 1000	0
0021B4	A0D8	BTFSS STATUS, C,ACCESS
	N	 1101 0NNN NNNN NNNN	1965
0021B6	D7AD	BRA SYSFORLOOP11
		SYSFORLOOPEND11
	F	 0011 00DA FFFF FFFF	1312
	D	 0011 00DA 0010 0000	1
	A	 0011 001A 0010 0000	0
0021B8	3220	RRCF CURRCHARVAL,F,ACCESS
	F	 0101 00DA FFFF FFFF	1335
	D	 0101 00DA 0011 0111	0
	A	 0101 000A 0011 0111	0
0021BA	5037	MOVF GLCDFNTDEFAULTSIZE,W,ACCESS
	F	 0010 01DA FFFF FFFF	1304
	D	 0010 01DA 0001 1000	1
	A	 0010 011A 0001 1000	0
0021BC	2618	ADDWF CHARROW,F,ACCESS
	K	 0000 1110 KKKK KKKK	0
0021BE	0E00	MOVLW 0
	F	 0010 00DA FFFF FFFF	1305
	D	 0010 00DA 0001 1001	1
	A	 0010 001A 0001 1001	0
0021C0	2219	ADDWFC CHARROW_H,F,ACCESS
	K	 0000 1110 KKKK KKKK	8
0021C2	0E08	MOVLW 8
	F	 0101 11DA FFFF FFFF	1311
	D	 0101 11DA 0001 1111	0
	A	 0101 110A 0001 1111	0
0021C4	5C1F	SUBWF CURRCHARROW,W,ACCESS
	F	 1010 BBBA FFFF FFFF	1240
	B	 1010 BBBA 1101 1000	0
	A	 1010 000A 1101 1000	0
0021C6	A0D8	BTFSS STATUS, C,ACCESS
	N	 1101 0NNN NNNN NNNN	1949
0021C8	D79D	BRA SYSFORLOOP10
		SYSFORLOOPEND10
	F	 0101 00DA FFFF FFFF	1335
	D	 0101 00DA 0011 0111	0
	A	 0101 000A 0011 0111	0
0021CA	5037	MOVF GLCDFNTDEFAULTSIZE,W,ACCESS
	F	 0010 01DA FFFF FFFF	1297
	D	 0010 01DA 0001 0001	1
	A	 0010 011A 0001 0001	0
0021CC	2611	ADDWF CHARCOL,F,ACCESS
	K	 0000 1110 KKKK KKKK	0
0021CE	0E00	MOVLW 0
	F	 0010 00DA FFFF FFFF	1298
	D	 0010 00DA 0001 0010	1
	A	 0010 001A 0001 0010	0
0021D0	2212	ADDWFC CHARCOL_H,F,ACCESS
	K	 0000 1110 KKKK KKKK	5
0021D2	0E05	MOVLW 5
	F	 0101 11DA FFFF FFFF	1310
	D	 0101 11DA 0001 1110	0
	A	 0101 110A 0001 1110	0
0021D4	5C1E	SUBWF CURRCHARCOL,W,ACCESS
	F	 1010 BBBA FFFF FFFF	1240
	B	 1010 BBBA 1101 1000	0
	A	 1010 000A 1101 1000	0
0021D6	A0D8	BTFSS STATUS, C,ACCESS
	N	 1101 0NNN NNNN NNNN	1889
0021D8	D761	BRA SYSFORLOOP9
		SYSFORLOOPEND9
	K	 0000 0001 00KK KKKK	0
000000	0100	BANKSEL 0
	S	 0000 0000 0001 001S	0
0021DC	0012	RETURN


		GLCDDRAWSTRING_ILI9341
	S	1111 DDDD DDDD DDDD:1100 SSSS SSSS SSSS	1411
	D	1111 DDDD DDDD DDDD:1100 0101 1000 0011	1344
0021DE	C583 F540	MOVFF STRINGLOCX,GLCDPRINTLOC
	S	1111 DDDD DDDD DDDD:1100 SSSS SSSS SSSS	1412
	D	1111 DDDD DDDD DDDD:1100 0101 1000 0100	1345
0021E2	C584 F541	MOVFF STRINGLOCX_H,GLCDPRINTLOC_H
	K	 0000 0001 00KK KKKK	5
000000	0105	BANKSEL XCHAR
	F	 0110 101A FFFF FFFF	1464
	A	 0110 101A 1011 1000	1
0021E8	6BB8	CLRF XCHAR,BANKED
	S	1111 DDDD DDDD DDDD:1100 SSSS SSSS SSSS	1417
	D	1111 DDDD DDDD DDDD:1100 0101 1000 1001	1257
0021EA	C589 F4E9	MOVFF SYSCHARSHANDLER,AFSR0
	S	1111 DDDD DDDD DDDD:1100 SSSS SSSS SSSS	1418
	D	1111 DDDD DDDD DDDD:1100 0101 1000 1010	1258
0021EE	C58A F4EA	MOVFF SYSCHARSHANDLER_H,AFSR0_H
	K	 0000 1110 KKKK KKKK	1
0021F2	0E01	MOVLW 1
	F	 0101 11DA FFFF FFFF	1263
	D	 0101 11DA 1110 1111	0
	A	 0101 110A 1110 1111	0
0021F4	5CEF	SUBWF INDF0,W,ACCESS
	F	 1010 BBBA FFFF FFFF	1240
	B	 1010 BBBA 1101 1000	0
	A	 1010 000A 1101 1000	0
0021F6	A0D8	BTFSS STATUS, C,ACCESS
	N	 1101 0NNN NNNN NNNN	40
0021F8	D028	BRA SYSFORLOOPEND8
		SYSFORLOOP8
	F	 0010 10DA FFFF FFFF	1464
	D	 0010 10DA 1011 1000	1
	A	 0010 101A 1011 1000	1
0021FA	2BB8	INCF XCHAR,F,BANKED
	S	1111 DDDD DDDD DDDD:1100 SSSS SSSS SSSS	1344
	D	1111 DDDD DDDD DDDD:1100 0101 0100 0000	1300
0021FC	C540 F514	MOVFF GLCDPRINTLOC,CHARLOCX
	S	1111 DDDD DDDD DDDD:1100 SSSS SSSS SSSS	1345
	D	1111 DDDD DDDD DDDD:1100 0101 0100 0001	1301
002200	C541 F515	MOVFF GLCDPRINTLOC_H,CHARLOCX_H
	F	 0101 00DA FFFF FFFF	1464
	D	 0101 00DA 1011 1000	0
	A	 0101 000A 1011 1000	1
002204	51B8	MOVF XCHAR,W,BANKED
	F	 0010 01DA FFFF FFFF	1417
	D	 0010 01DA 1000 1001	0
	A	 0010 010A 1000 1001	1
002206	2589	ADDWF SYSCHARSHANDLER,W,BANKED
	F	 0110 111A FFFF FFFF	1257
	A	 0110 111A 1110 1001	0
002208	6EE9	MOVWF AFSR0,ACCESS
	K	 0000 1110 KKKK KKKK	0
00220A	0E00	MOVLW 0
	F	 0010 00DA FFFF FFFF	1418
	D	 0010 00DA 1000 1010	0
	A	 0010 000A 1000 1010	1
00220C	218A	ADDWFC SYSCHARSHANDLER_H,W,BANKED
	F	 0110 111A FFFF FFFF	1258
	A	 0110 111A 1110 1010	0
00220E	6EEA	MOVWF AFSR0_H,ACCESS
	S	1111 DDDD DDDD DDDD:1100 SSSS SSSS SSSS	1263
	D	1111 DDDD DDDD DDDD:1100 0100 1110 1111	1296
002210	C4EF F510	MOVFF INDF0,CHARCODE
	K	 0000 0001 00KK KKKK	0
000000	0100	BANKSEL 0
	N	 1101 1NNN NNNN NNNN	1827
002216	DF23	RCALL GLCDDRAWCHAR_ILI9341
	F	 0101 00DA FFFF FFFF	1336
	D	 0101 00DA 0011 1000	0
	A	 0101 000A 0011 1000	0
002218	5038	MOVF GLCDFONTWIDTH,W,ACCESS
	F	 0000 001A FFFF FFFF	1335
	A	 0000 001A 0011 0111	0
00221A	0237	MULWF GLCDFNTDEFAULTSIZE,ACCESS
	S	1111 DDDD DDDD DDDD:1100 SSSS SSSS SSSS	1267
	D	1111 DDDD DDDD DDDD:1100 0100 1111 0011	1452
00221C	C4F3 F5AC	MOVFF PRODL,SYSTEMP1
	K	 0000 0001 00KK KKKK	5
000000	0105	BANKSEL SYSTEMP1
	F	 0101 00DA FFFF FFFF	1452
	D	 0101 00DA 1010 1100	0
	A	 0101 000A 1010 1100	1
002222	51AC	MOVF SYSTEMP1,W,BANKED
	F	 0010 01DA FFFF FFFF	1344
	D	 0010 01DA 0100 0000	0
	A	 0010 010A 0100 0000	0
002224	2440	ADDWF GLCDPRINTLOC,W,ACCESS
	F	 0110 111A FFFF FFFF	1456
	A	 0110 111A 1011 0000	1
002226	6FB0	MOVWF SYSTEMP2,BANKED
	K	 0000 1110 KKKK KKKK	0
002228	0E00	MOVLW 0
	F	 0010 00DA FFFF FFFF	1345
	D	 0010 00DA 0100 0001	0
	A	 0010 000A 0100 0001	0
00222A	2041	ADDWFC GLCDPRINTLOC_H,W,ACCESS
	F	 0110 111A FFFF FFFF	1457
	A	 0110 111A 1011 0001	1
00222C	6FB1	MOVWF SYSTEMP2_H,BANKED
	K	 0000 1110 KKKK KKKK	1
00222E	0E01	MOVLW 1
	F	 0010 01DA FFFF FFFF	1456
	D	 0010 01DA 1011 0000	0
	A	 0010 010A 1011 0000	1
002230	25B0	ADDWF SYSTEMP2,W,BANKED
	F	 0110 111A FFFF FFFF	1344
	A	 0110 111A 0100 0000	0
002232	6E40	MOVWF GLCDPRINTLOC,ACCESS
	K	 0000 1110 KKKK KKKK	0
002234	0E00	MOVLW 0
	F	 0010 00DA FFFF FFFF	1457
	D	 0010 00DA 1011 0001	0
	A	 0010 000A 1011 0001	1
002236	21B1	ADDWFC SYSTEMP2_H,W,BANKED
	F	 0110 111A FFFF FFFF	1345
	A	 0110 111A 0100 0001	0
002238	6E41	MOVWF GLCDPRINTLOC_H,ACCESS
	S	1111 DDDD DDDD DDDD:1100 SSSS SSSS SSSS	1417
	D	1111 DDDD DDDD DDDD:1100 0101 1000 1001	1257
00223A	C589 F4E9	MOVFF SYSCHARSHANDLER,AFSR0
	S	1111 DDDD DDDD DDDD:1100 SSSS SSSS SSSS	1418
	D	1111 DDDD DDDD DDDD:1100 0101 1000 1010	1258
00223E	C58A F4EA	MOVFF SYSCHARSHANDLER_H,AFSR0_H
	F	 0101 00DA FFFF FFFF	1263
	D	 0101 00DA 1110 1111	0
	A	 0101 000A 1110 1111	0
002242	50EF	MOVF INDF0,W,ACCESS
	F	 0101 11DA FFFF FFFF	1464
	D	 0101 11DA 1011 1000	0
	A	 0101 110A 1011 1000	1
002244	5DB8	SUBWF XCHAR,W,BANKED
	F	 1010 BBBA FFFF FFFF	1240
	B	 1010 BBBA 1101 1000	0
	A	 1010 000A 1101 1000	0
002246	A0D8	BTFSS STATUS, C,ACCESS
	N	 1101 0NNN NNNN NNNN	2008
002248	D7D8	BRA SYSFORLOOP8
		SYSFORLOOPEND8
	K	 0000 0001 00KK KKKK	0
000000	0100	BANKSEL 0
	S	 0000 0000 0001 001S	0
00224C	0012	RETURN


		GLCDPRINT7
	S	1111 DDDD DDDD DDDD:1100 SSSS SSSS SSSS	1419
	D	1111 DDDD DDDD DDDD:1100 0101 1000 1011	1257
00224E	C58B F4E9	MOVFF SYSLCDPRINTDATAHANDLER,AFSR0
	S	1111 DDDD DDDD DDDD:1100 SSSS SSSS SSSS	1420
	D	1111 DDDD DDDD DDDD:1100 0101 1000 1100	1258
002252	C58C F4EA	MOVFF SYSLCDPRINTDATAHANDLER_H,AFSR0_H
	S	1111 DDDD DDDD DDDD:1100 SSSS SSSS SSSS	1263
	D	1111 DDDD DDDD DDDD:1100 0100 1110 1111	1343
002256	C4EF F53F	MOVFF INDF0,GLCDPRINTLEN
	F	 0101 00DA FFFF FFFF	1343
	D	 0101 00DA 0011 1111	1
	A	 0101 001A 0011 1111	0
00225A	523F	MOVF GLCDPRINTLEN,F,ACCESS
	F	 1011 BBBA FFFF FFFF	1240
	B	 1011 BBBA 1101 1000	2
	A	 1011 010A 1101 1000	0
00225C	B4D8	BTFSC STATUS, Z,ACCESS
	S	 0000 0000 0001 001S	0
00225E	0012	RETURN
	S	1111 DDDD DDDD DDDD:1100 SSSS SSSS SSSS	1400
	D	1111 DDDD DDDD DDDD:1100 0101 0111 1000	1344
002260	C578 F540	MOVFF PRINTLOCX,GLCDPRINTLOC
	S	1111 DDDD DDDD DDDD:1100 SSSS SSSS SSSS	1401
	D	1111 DDDD DDDD DDDD:1100 0101 0111 1001	1345
002264	C579 F541	MOVFF PRINTLOCX_H,GLCDPRINTLOC_H
	F	 0110 101A FFFF FFFF	1346
	A	 0110 101A 0100 0010	0
002268	6A42	CLRF GLCDPRINT_STRING_COUNTER,ACCESS
	K	 0000 1110 KKKK KKKK	1
00226A	0E01	MOVLW 1
	F	 0101 11DA FFFF FFFF	1343
	D	 0101 11DA 0011 1111	0
	A	 0101 110A 0011 1111	0
00226C	5C3F	SUBWF GLCDPRINTLEN,W,ACCESS
	F	 1010 BBBA FFFF FFFF	1240
	B	 1010 BBBA 1101 1000	0
	A	 1010 000A 1101 1000	0
00226E	A0D8	BTFSS STATUS, C,ACCESS
	N	 1101 0NNN NNNN NNNN	45
002270	D02D	BRA SYSFORLOOPEND1
		SYSFORLOOP1
	F	 0010 10DA FFFF FFFF	1346
	D	 0010 10DA 0100 0010	1
	A	 0010 101A 0100 0010	0
002272	2A42	INCF GLCDPRINT_STRING_COUNTER,F,ACCESS
	S	1111 DDDD DDDD DDDD:1100 SSSS SSSS SSSS	1344
	D	1111 DDDD DDDD DDDD:1100 0101 0100 0000	1300
002274	C540 F514	MOVFF GLCDPRINTLOC,CHARLOCX
	S	1111 DDDD DDDD DDDD:1100 SSSS SSSS SSSS	1345
	D	1111 DDDD DDDD DDDD:1100 0101 0100 0001	1301
002278	C541 F515	MOVFF GLCDPRINTLOC_H,CHARLOCX_H
	S	1111 DDDD DDDD DDDD:1100 SSSS SSSS SSSS	1402
	D	1111 DDDD DDDD DDDD:1100 0101 0111 1010	1302
00227C	C57A F516	MOVFF PRINTLOCY,CHARLOCY
	S	1111 DDDD DDDD DDDD:1100 SSSS SSSS SSSS	1403
	D	1111 DDDD DDDD DDDD:1100 0101 0111 1011	1303
002280	C57B F517	MOVFF PRINTLOCY_H,CHARLOCY_H
	F	 0101 00DA FFFF FFFF	1346
	D	 0101 00DA 0100 0010	0
	A	 0101 000A 0100 0010	0
002284	5042	MOVF GLCDPRINT_STRING_COUNTER,W,ACCESS
	K	 0000 0001 00KK KKKK	5
000000	0105	BANKSEL SYSLCDPRINTDATAHANDLER
	F	 0010 01DA FFFF FFFF	1419
	D	 0010 01DA 1000 1011	0
	A	 0010 010A 1000 1011	1
002288	258B	ADDWF SYSLCDPRINTDATAHANDLER,W,BANKED
	F	 0110 111A FFFF FFFF	1257
	A	 0110 111A 1110 1001	0
00228A	6EE9	MOVWF AFSR0,ACCESS
	K	 0000 1110 KKKK KKKK	0
00228C	0E00	MOVLW 0
	F	 0010 00DA FFFF FFFF	1420
	D	 0010 00DA 1000 1100	0
	A	 0010 000A 1000 1100	1
00228E	218C	ADDWFC SYSLCDPRINTDATAHANDLER_H,W,BANKED
	F	 0110 111A FFFF FFFF	1258
	A	 0110 111A 1110 1010	0
002290	6EEA	MOVWF AFSR0_H,ACCESS
	S	1111 DDDD DDDD DDDD:1100 SSSS SSSS SSSS	1263
	D	1111 DDDD DDDD DDDD:1100 0100 1110 1111	1296
002292	C4EF F510	MOVFF INDF0,CHARCODE
	S	1111 DDDD DDDD DDDD:1100 SSSS SSSS SSSS	1337
	D	1111 DDDD DDDD DDDD:1100 0101 0011 1001	1366
002296	C539 F556	MOVFF GLCDFOREGROUND,LINECOLOUR
	S	1111 DDDD DDDD DDDD:1100 SSSS SSSS SSSS	1338
	D	1111 DDDD DDDD DDDD:1100 0101 0011 1010	1367
00229A	C53A F557	MOVFF GLCDFOREGROUND_H,LINECOLOUR_H
	K	 0000 0001 00KK KKKK	0
000000	0100	BANKSEL 0
	N	 1101 1NNN NNNN NNNN	1758
0022A0	DEDE	RCALL GLCDDRAWCHAR_ILI9341
	F	 0101 00DA FFFF FFFF	1336
	D	 0101 00DA 0011 1000	0
	A	 0101 000A 0011 1000	0
0022A2	5038	MOVF GLCDFONTWIDTH,W,ACCESS
	F	 0000 001A FFFF FFFF	1335
	A	 0000 001A 0011 0111	0
0022A4	0237	MULWF GLCDFNTDEFAULTSIZE,ACCESS
	S	1111 DDDD DDDD DDDD:1100 SSSS SSSS SSSS	1267
	D	1111 DDDD DDDD DDDD:1100 0100 1111 0011	1452
0022A6	C4F3 F5AC	MOVFF PRODL,SYSTEMP1
	K	 0000 0001 00KK KKKK	5
000000	0105	BANKSEL SYSTEMP1
	F	 0101 00DA FFFF FFFF	1452
	D	 0101 00DA 1010 1100	0
	A	 0101 000A 1010 1100	1
0022AC	51AC	MOVF SYSTEMP1,W,BANKED
	F	 0010 01DA FFFF FFFF	1344
	D	 0010 01DA 0100 0000	0
	A	 0010 010A 0100 0000	0
0022AE	2440	ADDWF GLCDPRINTLOC,W,ACCESS
	F	 0110 111A FFFF FFFF	1456
	A	 0110 111A 1011 0000	1
0022B0	6FB0	MOVWF SYSTEMP2,BANKED
	K	 0000 1110 KKKK KKKK	0
0022B2	0E00	MOVLW 0
	F	 0010 00DA FFFF FFFF	1345
	D	 0010 00DA 0100 0001	0
	A	 0010 000A 0100 0001	0
0022B4	2041	ADDWFC GLCDPRINTLOC_H,W,ACCESS
	F	 0110 111A FFFF FFFF	1457
	A	 0110 111A 1011 0001	1
0022B6	6FB1	MOVWF SYSTEMP2_H,BANKED
	K	 0000 1110 KKKK KKKK	1
0022B8	0E01	MOVLW 1
	F	 0010 01DA FFFF FFFF	1456
	D	 0010 01DA 1011 0000	0
	A	 0010 010A 1011 0000	1
0022BA	25B0	ADDWF SYSTEMP2,W,BANKED
	F	 0110 111A FFFF FFFF	1344
	A	 0110 111A 0100 0000	0
0022BC	6E40	MOVWF GLCDPRINTLOC,ACCESS
	K	 0000 1110 KKKK KKKK	0
0022BE	0E00	MOVLW 0
	F	 0010 00DA FFFF FFFF	1457
	D	 0010 00DA 1011 0001	0
	A	 0010 000A 1011 0001	1
0022C0	21B1	ADDWFC SYSTEMP2_H,W,BANKED
	F	 0110 111A FFFF FFFF	1345
	A	 0110 111A 0100 0001	0
0022C2	6E41	MOVWF GLCDPRINTLOC_H,ACCESS
	F	 0101 00DA FFFF FFFF	1343
	D	 0101 00DA 0011 1111	0
	A	 0101 000A 0011 1111	0
0022C4	503F	MOVF GLCDPRINTLEN,W,ACCESS
	F	 0101 11DA FFFF FFFF	1346
	D	 0101 11DA 0100 0010	0
	A	 0101 110A 0100 0010	0
0022C6	5C42	SUBWF GLCDPRINT_STRING_COUNTER,W,ACCESS
	F	 1010 BBBA FFFF FFFF	1240
	B	 1010 BBBA 1101 1000	0
	A	 1010 000A 1101 1000	0
0022C8	A0D8	BTFSS STATUS, C,ACCESS
	N	 1101 0NNN NNNN NNNN	2003
0022CA	D7D3	BRA SYSFORLOOP1
		SYSFORLOOPEND1
	S	1111 DDDD DDDD DDDD:1100 SSSS SSSS SSSS	1344
	D	1111 DDDD DDDD DDDD:1100 0101 0100 0000	1400
0022CC	C540 F578	MOVFF GLCDPRINTLOC,PRINTLOCX
	S	1111 DDDD DDDD DDDD:1100 SSSS SSSS SSSS	1345
	D	1111 DDDD DDDD DDDD:1100 0101 0100 0001	1401
0022D0	C541 F579	MOVFF GLCDPRINTLOC_H,PRINTLOCX_H
	K	 0000 0001 00KK KKKK	0
000000	0100	BANKSEL 0
	S	 0000 0000 0001 001S	0
0022D6	0012	RETURN


		GLCDPRINT10
	K	 0000 0001 00KK KKKK	5
000000	0105	BANKSEL SYSPRINTBUFFLEN
	F	 0110 101A FFFF FFFF	1433
	A	 0110 101A 1001 1001	1
0022DA	6B99	CLRF SYSPRINTBUFFLEN,BANKED
		SYSDOLOOP_S3
	K	 0000 0001 00KK KKKK	5
000000	0105	BANKSEL SYSPRINTBUFFLEN
	F	 0010 10DA FFFF FFFF	1433
	D	 0010 10DA 1001 1001	1
	A	 0010 101A 1001 1001	1
0022DE	2B99	INCF SYSPRINTBUFFLEN,F,BANKED
	F	1110 1110 00FF KKKK:1111 00KK KKKK KKKK	0
	K	1110 1110 0000 KKKK:1111 00KK KKKK KKKK	5290
0022E0	EE05 F0AA	LFSR 0,SYSPRINTBUFFER
	F	 0101 00DA FFFF FFFF	1433
	D	 0101 00DA 1001 1001	0
	A	 0101 000A 1001 1001	1
0022E4	5199	MOVF SYSPRINTBUFFLEN,W,BANKED
	F	 0010 01DA FFFF FFFF	1257
	D	 0010 01DA 1110 1001	1
	A	 0010 011A 1110 1001	0
0022E6	26E9	ADDWF AFSR0,F,ACCESS
	K	 0000 1110 KKKK KKKK	0
0022E8	0E00	MOVLW 0
	F	 0010 00DA FFFF FFFF	1258
	D	 0010 00DA 1110 1010	1
	A	 0010 001A 1110 1010	0
0022EA	22EA	ADDWFC AFSR0_H,F,ACCESS
	S	1111 DDDD DDDD DDDD:1100 SSSS SSSS SSSS	1362
	D	1111 DDDD DDDD DDDD:1100 0101 0101 0010	1285
0022EC	C552 F505	MOVFF LCDVALUE,SYSLONGTEMPA
	S	1111 DDDD DDDD DDDD:1100 SSSS SSSS SSSS	1363
	D	1111 DDDD DDDD DDDD:1100 0101 0101 0011	1286
0022F0	C553 F506	MOVFF LCDVALUE_H,SYSLONGTEMPA_H
	S	1111 DDDD DDDD DDDD:1100 SSSS SSSS SSSS	1364
	D	1111 DDDD DDDD DDDD:1100 0101 0101 0100	1287
0022F4	C554 F507	MOVFF LCDVALUE_U,SYSLONGTEMPA_U
	S	1111 DDDD DDDD DDDD:1100 SSSS SSSS SSSS	1365
	D	1111 DDDD DDDD DDDD:1100 0101 0101 0101	1288
0022F8	C555 F508	MOVFF LCDVALUE_E,SYSLONGTEMPA_E
	K	 0000 1110 KKKK KKKK	10
0022FC	0E0A	MOVLW 10
	F	 0110 111A FFFF FFFF	1289
	A	 0110 111A 0000 1001	0
0022FE	6E09	MOVWF SYSLONGTEMPB,ACCESS
	F	 0110 101A FFFF FFFF	1290
	A	 0110 101A 0000 1010	0
002300	6A0A	CLRF SYSLONGTEMPB_H,ACCESS
	F	 0110 101A FFFF FFFF	1291
	A	 0110 101A 0000 1011	0
002302	6A0B	CLRF SYSLONGTEMPB_U,ACCESS
	F	 0110 101A FFFF FFFF	1292
	A	 0110 101A 0000 1100	0
002304	6A0C	CLRF SYSLONGTEMPB_E,ACCESS
	K	 0000 0001 00KK KKKK	0
000000	0100	BANKSEL 0
	K	1111 KKKK KKKK KKKK:1110 110S KKKK KKKK	14752
	S	1111 0000 0001 1100:1110 110S 1101 0000	0
002308	ECD0 F01C	CALL SYSDIVSUB32
	S	1111 DDDD DDDD DDDD:1100 SSSS SSSS SSSS	1280
	D	1111 DDDD DDDD DDDD:1100 0101 0000 0000	1263
00230C	C500 F4EF	MOVFF SYSLONGTEMPX,INDF0
	S	1111 DDDD DDDD DDDD:1100 SSSS SSSS SSSS	1285
	D	1111 DDDD DDDD DDDD:1100 0101 0000 0101	1362
002310	C505 F552	MOVFF SYSCALCTEMPA,LCDVALUE
	S	1111 DDDD DDDD DDDD:1100 SSSS SSSS SSSS	1286
	D	1111 DDDD DDDD DDDD:1100 0101 0000 0110	1363
002314	C506 F553	MOVFF SYSCALCTEMPA_H,LCDVALUE_H
	S	1111 DDDD DDDD DDDD:1100 SSSS SSSS SSSS	1287
	D	1111 DDDD DDDD DDDD:1100 0101 0000 0111	1364
002318	C507 F554	MOVFF SYSCALCTEMPA_U,LCDVALUE_U
	S	1111 DDDD DDDD DDDD:1100 SSSS SSSS SSSS	1288
	D	1111 DDDD DDDD DDDD:1100 0101 0000 1000	1365
00231C	C508 F555	MOVFF SYSCALCTEMPA_E,LCDVALUE_E
	S	1111 DDDD DDDD DDDD:1100 SSSS SSSS SSSS	1362
	D	1111 DDDD DDDD DDDD:1100 0101 0101 0010	1285
002320	C552 F505	MOVFF LCDVALUE,SYSLONGTEMPA
	S	1111 DDDD DDDD DDDD:1100 SSSS SSSS SSSS	1363
	D	1111 DDDD DDDD DDDD:1100 0101 0101 0011	1286
002324	C553 F506	MOVFF LCDVALUE_H,SYSLONGTEMPA_H
	S	1111 DDDD DDDD DDDD:1100 SSSS SSSS SSSS	1364
	D	1111 DDDD DDDD DDDD:1100 0101 0101 0100	1287
002328	C554 F507	MOVFF LCDVALUE_U,SYSLONGTEMPA_U
	S	1111 DDDD DDDD DDDD:1100 SSSS SSSS SSSS	1365
	D	1111 DDDD DDDD DDDD:1100 0101 0101 0101	1288
00232C	C555 F508	MOVFF LCDVALUE_E,SYSLONGTEMPA_E
	F	 0110 101A FFFF FFFF	1289
	A	 0110 101A 0000 1001	0
002330	6A09	CLRF SYSLONGTEMPB,ACCESS
	F	 0110 101A FFFF FFFF	1290
	A	 0110 101A 0000 1010	0
002332	6A0A	CLRF SYSLONGTEMPB_H,ACCESS
	F	 0110 101A FFFF FFFF	1291
	A	 0110 101A 0000 1011	0
002334	6A0B	CLRF SYSLONGTEMPB_U,ACCESS
	F	 0110 101A FFFF FFFF	1292
	A	 0110 101A 0000 1100	0
002336	6A0C	CLRF SYSLONGTEMPB_E,ACCESS
	K	1111 KKKK KKKK KKKK:1110 110S KKKK KKKK	14414
	S	1111 0000 0001 1100:1110 110S 0010 0111	0
002338	EC27 F01C	CALL SYSCOMPEQUAL32
	F	 0001 11DA FFFF FFFF	1280
	D	 0001 11DA 0000 0000	1
	A	 0001 111A 0000 0000	0
00233C	1E00	COMF SYSBYTETEMPX,F,ACCESS
	F	 1011 BBBA FFFF FFFF	1280
	B	 1011 BBBA 0000 0000	0
	A	 1011 000A 0000 0000	0
00233E	B000	BTFSC SYSBYTETEMPX,0,ACCESS
	N	 1101 0NNN NNNN NNNN	1997
002340	D7CD	BRA SYSDOLOOP_S3
		SYSDOLOOP_E3
	S	1111 DDDD DDDD DDDD:1100 SSSS SSSS SSSS	1400
	D	1111 DDDD DDDD DDDD:1100 0101 0111 1000	1344
002342	C578 F540	MOVFF PRINTLOCX,GLCDPRINTLOC
	S	1111 DDDD DDDD DDDD:1100 SSSS SSSS SSSS	1401
	D	1111 DDDD DDDD DDDD:1100 0101 0111 1001	1345
002346	C579 F541	MOVFF PRINTLOCX_H,GLCDPRINTLOC_H
	K	 0000 0001 00KK KKKK	5
000000	0105	BANKSEL SYSPRINTBUFFLEN
	F	 0010 10DA FFFF FFFF	1433
	D	 0010 10DA 1001 1001	0
	A	 0010 100A 1001 1001	1
00234C	2999	INCF SYSPRINTBUFFLEN,W,BANKED
	F	 0110 111A FFFF FFFF	1346
	A	 0110 111A 0100 0010	0
00234E	6E42	MOVWF GLCDPRINT_STRING_COUNTER,ACCESS
	K	 0000 1110 KKKK KKKK	1
002350	0E01	MOVLW 1
	F	 0101 11DA FFFF FFFF	1433
	D	 0101 11DA 1001 1001	0
	A	 0101 110A 1001 1001	1
002352	5D99	SUBWF SYSPRINTBUFFLEN,W,BANKED
	F	 1010 BBBA FFFF FFFF	1240
	B	 1010 BBBA 1101 1000	0
	A	 1010 000A 1101 1000	0
002354	A0D8	BTFSS STATUS, C,ACCESS
	N	 1101 0NNN NNNN NNNN	45
002356	D02D	BRA SYSFORLOOPEND2
		SYSFORLOOP2
	F	 0000 01DA FFFF FFFF	1346
	D	 0000 01DA 0100 0010	1
	A	 0000 011A 0100 0010	0
002358	0642	DECF GLCDPRINT_STRING_COUNTER,F,ACCESS
	S	1111 DDDD DDDD DDDD:1100 SSSS SSSS SSSS	1344
	D	1111 DDDD DDDD DDDD:1100 0101 0100 0000	1300
00235A	C540 F514	MOVFF GLCDPRINTLOC,CHARLOCX
	S	1111 DDDD DDDD DDDD:1100 SSSS SSSS SSSS	1345
	D	1111 DDDD DDDD DDDD:1100 0101 0100 0001	1301
00235E	C541 F515	MOVFF GLCDPRINTLOC_H,CHARLOCX_H
	S	1111 DDDD DDDD DDDD:1100 SSSS SSSS SSSS	1402
	D	1111 DDDD DDDD DDDD:1100 0101 0111 1010	1302
002362	C57A F516	MOVFF PRINTLOCY,CHARLOCY
	S	1111 DDDD DDDD DDDD:1100 SSSS SSSS SSSS	1403
	D	1111 DDDD DDDD DDDD:1100 0101 0111 1011	1303
002366	C57B F517	MOVFF PRINTLOCY_H,CHARLOCY_H
	F	1110 1110 00FF KKKK:1111 00KK KKKK KKKK	0
	K	1110 1110 0000 KKKK:1111 00KK KKKK KKKK	5290
00236A	EE05 F0AA	LFSR 0,SYSPRINTBUFFER
	F	 0101 00DA FFFF FFFF	1346
	D	 0101 00DA 0100 0010	0
	A	 0101 000A 0100 0010	0
00236E	5042	MOVF GLCDPRINT_STRING_COUNTER,W,ACCESS
	F	 0010 01DA FFFF FFFF	1257
	D	 0010 01DA 1110 1001	1
	A	 0010 011A 1110 1001	0
002370	26E9	ADDWF AFSR0,F,ACCESS
	K	 0000 1110 KKKK KKKK	0
002372	0E00	MOVLW 0
	F	 0010 00DA FFFF FFFF	1258
	D	 0010 00DA 1110 1010	1
	A	 0010 001A 1110 1010	0
002374	22EA	ADDWFC AFSR0_H,F,ACCESS
	K	 0000 1110 KKKK KKKK	48
002376	0E30	MOVLW 48
	F	 0010 01DA FFFF FFFF	1263
	D	 0010 01DA 1110 1111	0
	A	 0010 010A 1110 1111	0
002378	24EF	ADDWF INDF0,W,ACCESS
	F	 0110 111A FFFF FFFF	1296
	A	 0110 111A 0001 0000	0
00237A	6E10	MOVWF CHARCODE,ACCESS
	S	1111 DDDD DDDD DDDD:1100 SSSS SSSS SSSS	1337
	D	1111 DDDD DDDD DDDD:1100 0101 0011 1001	1366
00237C	C539 F556	MOVFF GLCDFOREGROUND,LINECOLOUR
	S	1111 DDDD DDDD DDDD:1100 SSSS SSSS SSSS	1338
	D	1111 DDDD DDDD DDDD:1100 0101 0011 1010	1367
002380	C53A F557	MOVFF GLCDFOREGROUND_H,LINECOLOUR_H
	K	 0000 0001 00KK KKKK	0
000000	0100	BANKSEL 0
	N	 1101 1NNN NNNN NNNN	1643
002386	DE6B	RCALL GLCDDRAWCHAR_ILI9341
	F	 0101 00DA FFFF FFFF	1336
	D	 0101 00DA 0011 1000	0
	A	 0101 000A 0011 1000	0
002388	5038	MOVF GLCDFONTWIDTH,W,ACCESS
	F	 0000 001A FFFF FFFF	1335
	A	 0000 001A 0011 0111	0
00238A	0237	MULWF GLCDFNTDEFAULTSIZE,ACCESS
	S	1111 DDDD DDDD DDDD:1100 SSSS SSSS SSSS	1267
	D	1111 DDDD DDDD DDDD:1100 0100 1111 0011	1452
00238C	C4F3 F5AC	MOVFF PRODL,SYSTEMP1
	K	 0000 0001 00KK KKKK	5
000000	0105	BANKSEL SYSTEMP1
	F	 0101 00DA FFFF FFFF	1452
	D	 0101 00DA 1010 1100	0
	A	 0101 000A 1010 1100	1
002392	51AC	MOVF SYSTEMP1,W,BANKED
	F	 0010 01DA FFFF FFFF	1344
	D	 0010 01DA 0100 0000	0
	A	 0010 010A 0100 0000	0
002394	2440	ADDWF GLCDPRINTLOC,W,ACCESS
	F	 0110 111A FFFF FFFF	1456
	A	 0110 111A 1011 0000	1
002396	6FB0	MOVWF SYSTEMP2,BANKED
	K	 0000 1110 KKKK KKKK	0
002398	0E00	MOVLW 0
	F	 0010 00DA FFFF FFFF	1345
	D	 0010 00DA 0100 0001	0
	A	 0010 000A 0100 0001	0
00239A	2041	ADDWFC GLCDPRINTLOC_H,W,ACCESS
	F	 0110 111A FFFF FFFF	1457
	A	 0110 111A 1011 0001	1
00239C	6FB1	MOVWF SYSTEMP2_H,BANKED
	K	 0000 1110 KKKK KKKK	1
00239E	0E01	MOVLW 1
	F	 0010 01DA FFFF FFFF	1456
	D	 0010 01DA 1011 0000	0
	A	 0010 010A 1011 0000	1
0023A0	25B0	ADDWF SYSTEMP2,W,BANKED
	F	 0110 111A FFFF FFFF	1344
	A	 0110 111A 0100 0000	0
0023A2	6E40	MOVWF GLCDPRINTLOC,ACCESS
	K	 0000 1110 KKKK KKKK	0
0023A4	0E00	MOVLW 0
	F	 0010 00DA FFFF FFFF	1457
	D	 0010 00DA 1011 0001	0
	A	 0010 000A 1011 0001	1
0023A6	21B1	ADDWFC SYSTEMP2_H,W,BANKED
	F	 0110 111A FFFF FFFF	1345
	A	 0110 111A 0100 0001	0
0023A8	6E41	MOVWF GLCDPRINTLOC_H,ACCESS
	F	 0101 00DA FFFF FFFF	1346
	D	 0101 00DA 0100 0010	0
	A	 0101 000A 0100 0010	0
0023AA	5042	MOVF GLCDPRINT_STRING_COUNTER,W,ACCESS
	K	 0000 1000 KKKK KKKK	1
0023AC	0801	SUBLW 1
	F	 1010 BBBA FFFF FFFF	1240
	B	 1010 BBBA 1101 1000	0
	A	 1010 000A 1101 1000	0
0023AE	A0D8	BTFSS STATUS, C,ACCESS
	N	 1101 0NNN NNNN NNNN	2003
0023B0	D7D3	BRA SYSFORLOOP2
		SYSFORLOOPEND2
	S	1111 DDDD DDDD DDDD:1100 SSSS SSSS SSSS	1344
	D	1111 DDDD DDDD DDDD:1100 0101 0100 0000	1400
0023B2	C540 F578	MOVFF GLCDPRINTLOC,PRINTLOCX
	S	1111 DDDD DDDD DDDD:1100 SSSS SSSS SSSS	1345
	D	1111 DDDD DDDD DDDD:1100 0101 0100 0001	1401
0023B6	C541 F579	MOVFF GLCDPRINTLOC_H,PRINTLOCX_H
	K	 0000 0001 00KK KKKK	0
000000	0100	BANKSEL 0
	S	 0000 0000 0001 001S	0
0023BC	0012	RETURN


		GLCDROTATE_ILI9341
	K	 0000 1110 KKKK KKKK	54
0023BE	0E36	MOVLW 54
	F	 0110 111A FFFF FFFF	1356
	A	 0110 111A 0100 1100	0
0023C0	6E4C	MOVWF ILI9341SENDBYTE,ACCESS
	N	 1101 1NNN NNNN NNNN	612
0023C2	DA64	RCALL SENDCOMMAND_ILI9341
		SYSSELECT3CASE1
	K	 0000 1110 KKKK KKKK	4
0023C4	0E04	MOVLW 4
	F	 0101 11DA FFFF FFFF	1347
	D	 0101 11DA 0100 0011	0
	A	 0101 110A 0100 0011	0
0023C6	5C43	SUBWF GLCDROTATESTATE,W,ACCESS
	F	 1010 BBBA FFFF FFFF	1240
	B	 1010 BBBA 1101 1000	2
	A	 1010 010A 1101 1000	0
0023C8	A4D8	BTFSS STATUS, Z,ACCESS
	N	 1101 0NNN NNNN NNNN	11
0023CA	D00B	BRA SYSSELECT3CASE2
	K	 0000 1110 KKKK KKKK	240
0023CC	0EF0	MOVLW 240
	F	 0110 111A FFFF FFFF	1331
	A	 0110 111A 0011 0011	0
0023CE	6E33	MOVWF GLCDDEVICEWIDTH,ACCESS
	F	 0110 101A FFFF FFFF	1332
	A	 0110 101A 0011 0100	0
0023D0	6A34	CLRF GLCDDEVICEWIDTH_H,ACCESS
	K	 0000 1110 KKKK KKKK	64
0023D2	0E40	MOVLW 64
	F	 0110 111A FFFF FFFF	1329
	A	 0110 111A 0011 0001	0
0023D4	6E31	MOVWF GLCDDEVICEHEIGHT,ACCESS
	K	 0000 1110 KKKK KKKK	1
0023D6	0E01	MOVLW 1
	F	 0110 111A FFFF FFFF	1330
	A	 0110 111A 0011 0010	0
0023D8	6E32	MOVWF GLCDDEVICEHEIGHT_H,ACCESS
	K	 0000 1110 KKKK KKKK	72
0023DA	0E48	MOVLW 72
	F	 0110 111A FFFF FFFF	1356
	A	 0110 111A 0100 1100	0
0023DC	6E4C	MOVWF ILI9341SENDBYTE,ACCESS
	N	 1101 1NNN NNNN NNNN	612
0023DE	DA64	RCALL SENDDATA_ILI9341
	N	 1101 0NNN NNNN NNNN	54
0023E0	D036	BRA SYSSELECTEND3
		SYSSELECT3CASE2
	F	 0000 01DA FFFF FFFF	1347
	D	 0000 01DA 0100 0011	0
	A	 0000 010A 0100 0011	0
0023E2	0443	DECF GLCDROTATESTATE,W,ACCESS
	F	 1010 BBBA FFFF FFFF	1240
	B	 1010 BBBA 1101 1000	2
	A	 1010 010A 1101 1000	0
0023E4	A4D8	BTFSS STATUS, Z,ACCESS
	N	 1101 0NNN NNNN NNNN	11
0023E6	D00B	BRA SYSSELECT3CASE3
	K	 0000 1110 KKKK KKKK	64
0023E8	0E40	MOVLW 64
	F	 0110 111A FFFF FFFF	1331
	A	 0110 111A 0011 0011	0
0023EA	6E33	MOVWF GLCDDEVICEWIDTH,ACCESS
	K	 0000 1110 KKKK KKKK	1
0023EC	0E01	MOVLW 1
	F	 0110 111A FFFF FFFF	1332
	A	 0110 111A 0011 0100	0
0023EE	6E34	MOVWF GLCDDEVICEWIDTH_H,ACCESS
	K	 0000 1110 KKKK KKKK	240
0023F0	0EF0	MOVLW 240
	F	 0110 111A FFFF FFFF	1329
	A	 0110 111A 0011 0001	0
0023F2	6E31	MOVWF GLCDDEVICEHEIGHT,ACCESS
	F	 0110 101A FFFF FFFF	1330
	A	 0110 101A 0011 0010	0
0023F4	6A32	CLRF GLCDDEVICEHEIGHT_H,ACCESS
	K	 0000 1110 KKKK KKKK	40
0023F6	0E28	MOVLW 40
	F	 0110 111A FFFF FFFF	1356
	A	 0110 111A 0100 1100	0
0023F8	6E4C	MOVWF ILI9341SENDBYTE,ACCESS
	N	 1101 1NNN NNNN NNNN	598
0023FA	DA56	RCALL SENDDATA_ILI9341
	N	 1101 0NNN NNNN NNNN	40
0023FC	D028	BRA SYSSELECTEND3
		SYSSELECT3CASE3
	K	 0000 1110 KKKK KKKK	2
0023FE	0E02	MOVLW 2
	F	 0101 11DA FFFF FFFF	1347
	D	 0101 11DA 0100 0011	0
	A	 0101 110A 0100 0011	0
002400	5C43	SUBWF GLCDROTATESTATE,W,ACCESS
	F	 1010 BBBA FFFF FFFF	1240
	B	 1010 BBBA 1101 1000	2
	A	 1010 010A 1101 1000	0
002402	A4D8	BTFSS STATUS, Z,ACCESS
	N	 1101 0NNN NNNN NNNN	11
002404	D00B	BRA SYSSELECT3CASE4
	K	 0000 1110 KKKK KKKK	240
002406	0EF0	MOVLW 240
	F	 0110 111A FFFF FFFF	1331
	A	 0110 111A 0011 0011	0
002408	6E33	MOVWF GLCDDEVICEWIDTH,ACCESS
	F	 0110 101A FFFF FFFF	1332
	A	 0110 101A 0011 0100	0
00240A	6A34	CLRF GLCDDEVICEWIDTH_H,ACCESS
	K	 0000 1110 KKKK KKKK	64
00240C	0E40	MOVLW 64
	F	 0110 111A FFFF FFFF	1329
	A	 0110 111A 0011 0001	0
00240E	6E31	MOVWF GLCDDEVICEHEIGHT,ACCESS
	K	 0000 1110 KKKK KKKK	1
002410	0E01	MOVLW 1
	F	 0110 111A FFFF FFFF	1330
	A	 0110 111A 0011 0010	0
002412	6E32	MOVWF GLCDDEVICEHEIGHT_H,ACCESS
	K	 0000 1110 KKKK KKKK	136
002414	0E88	MOVLW 136
	F	 0110 111A FFFF FFFF	1356
	A	 0110 111A 0100 1100	0
002416	6E4C	MOVWF ILI9341SENDBYTE,ACCESS
	N	 1101 1NNN NNNN NNNN	583
002418	DA47	RCALL SENDDATA_ILI9341
	N	 1101 0NNN NNNN NNNN	25
00241A	D019	BRA SYSSELECTEND3
		SYSSELECT3CASE4
	K	 0000 1110 KKKK KKKK	3
00241C	0E03	MOVLW 3
	F	 0101 11DA FFFF FFFF	1347
	D	 0101 11DA 0100 0011	0
	A	 0101 110A 0100 0011	0
00241E	5C43	SUBWF GLCDROTATESTATE,W,ACCESS
	F	 1010 BBBA FFFF FFFF	1240
	B	 1010 BBBA 1101 1000	2
	A	 1010 010A 1101 1000	0
002420	A4D8	BTFSS STATUS, Z,ACCESS
	N	 1101 0NNN NNNN NNNN	11
002422	D00B	BRA SYSSELECT3CASE5
	K	 0000 1110 KKKK KKKK	64
002424	0E40	MOVLW 64
	F	 0110 111A FFFF FFFF	1331
	A	 0110 111A 0011 0011	0
002426	6E33	MOVWF GLCDDEVICEWIDTH,ACCESS
	K	 0000 1110 KKKK KKKK	1
002428	0E01	MOVLW 1
	F	 0110 111A FFFF FFFF	1332
	A	 0110 111A 0011 0100	0
00242A	6E34	MOVWF GLCDDEVICEWIDTH_H,ACCESS
	K	 0000 1110 KKKK KKKK	240
00242C	0EF0	MOVLW 240
	F	 0110 111A FFFF FFFF	1329
	A	 0110 111A 0011 0001	0
00242E	6E31	MOVWF GLCDDEVICEHEIGHT,ACCESS
	F	 0110 101A FFFF FFFF	1330
	A	 0110 101A 0011 0010	0
002430	6A32	CLRF GLCDDEVICEHEIGHT_H,ACCESS
	K	 0000 1110 KKKK KKKK	232
002432	0EE8	MOVLW 232
	F	 0110 111A FFFF FFFF	1356
	A	 0110 111A 0100 1100	0
002434	6E4C	MOVWF ILI9341SENDBYTE,ACCESS
	N	 1101 1NNN NNNN NNNN	568
002436	DA38	RCALL SENDDATA_ILI9341
	N	 1101 0NNN NNNN NNNN	10
002438	D00A	BRA SYSSELECTEND3
		SYSSELECT3CASE5
	K	 0000 1110 KKKK KKKK	240
00243A	0EF0	MOVLW 240
	F	 0110 111A FFFF FFFF	1331
	A	 0110 111A 0011 0011	0
00243C	6E33	MOVWF GLCDDEVICEWIDTH,ACCESS
	F	 0110 101A FFFF FFFF	1332
	A	 0110 101A 0011 0100	0
00243E	6A34	CLRF GLCDDEVICEWIDTH_H,ACCESS
	K	 0000 1110 KKKK KKKK	64
002440	0E40	MOVLW 64
	F	 0110 111A FFFF FFFF	1329
	A	 0110 111A 0011 0001	0
002442	6E31	MOVWF GLCDDEVICEHEIGHT,ACCESS
	K	 0000 1110 KKKK KKKK	1
002444	0E01	MOVLW 1
	F	 0110 111A FFFF FFFF	1330
	A	 0110 111A 0011 0010	0
002446	6E32	MOVWF GLCDDEVICEHEIGHT_H,ACCESS
	K	 0000 1110 KKKK KKKK	72
002448	0E48	MOVLW 72
	F	 0110 111A FFFF FFFF	1356
	A	 0110 111A 0100 1100	0
00244A	6E4C	MOVWF ILI9341SENDBYTE,ACCESS
	N	 1101 1NNN NNNN NNNN	557
00244C	DA2D	RCALL SENDDATA_ILI9341
		SYSSELECTEND3
	S	 0000 0000 0001 001S	0
00244E	0012	RETURN


		HWSPITRANSFER
	K	 0000 1110 KKKK KKKK	1
002450	0E01	MOVLW 1
	F	 0110 111A FFFF FFFF	130
	A	 0110 111A 1000 0010	1
002452	6F82	MOVWF SPI1TCNTL,BANKED
	S	1111 DDDD DDDD DDDD:1100 SSSS SSSS SSSS	1410
	D	1111 DDDD DDDD DDDD:1100 0101 1000 0010	129
002454	C582 F081	MOVFF SPITXDATA,SPI1TXB
		SYSWAITLOOP1
	F	 1010 BBBA FFFF FFFF	1212
	B	 1010 BBBA 1011 1100	4
	A	 1010 100A 1011 1100	0
002458	A8BC	BTFSS PIR6,SPI1RXIF,ACCESS
	N	 1101 0NNN NNNN NNNN	2046
00245A	D7FE	BRA SYSWAITLOOP1
	S	1111 DDDD DDDD DDDD:1100 SSSS SSSS SSSS	128
	D	1111 DDDD DDDD DDDD:1100 0000 1000 0000	1409
00245C	C080 F581	MOVFF SPI1RXB,SPIRXDATA
	S	 0000 0000 0001 001S	0
002460	0012	RETURN


		INITGLCD_ILI9341
	K	 0000 0001 00KK KKKK	1
000000	0101	BANKSEL TRISC
	F	 1001 BBBA FFFF FFFF	330
	B	 1001 BBBA 0100 1010	1
	A	 1001 001A 0100 1010	1
002464	934A	BCF TRISC,1,BANKED
	F	 1001 BBBA FFFF FFFF	330
	B	 1001 BBBA 0100 1010	0
	A	 1001 000A 0100 1010	1
002466	914A	BCF TRISC,0,BANKED
	F	 1001 BBBA FFFF FFFF	330
	B	 1001 BBBA 0100 1010	2
	A	 1001 010A 0100 1010	1
002468	954A	BCF TRISC,2,BANKED
	F	 1001 BBBA FFFF FFFF	330
	B	 1001 BBBA 0100 1010	4
	A	 1001 100A 0100 1010	1
00246A	994A	BCF TRISC,4,BANKED
	F	 1001 BBBA FFFF FFFF	330
	B	 1001 BBBA 0100 1010	3
	A	 1001 011A 0100 1010	1
00246C	974A	BCF TRISC,3,BANKED
	K	 0000 1110 KKKK KKKK	12
00246E	0E0C	MOVLW 12
	K	 0000 0001 00KK KKKK	5
000000	0105	BANKSEL SPICURRENTMODE
	F	 0110 111A FFFF FFFF	1408
	A	 0110 111A 1000 0000	1
002472	6F80	MOVWF SPICURRENTMODE,BANKED
	F	 0110 101A FFFF FFFF	1407
	A	 0110 101A 0111 1111	1
002474	6B7F	CLRF SPICLOCKMODE,BANKED
	K	 0000 0001 00KK KKKK	0
000000	0100	BANKSEL 0
	K	1111 KKKK KKKK KKKK:1110 110S KKKK KKKK	13900
	S	1111 0000 0001 1011:1110 110S 0010 0110	0
002478	EC26 F01B	CALL SPIMODE358
	K	 0000 0001 00KK KKKK	1
000000	0101	BANKSEL LATC
	F	 1000 BBBA FFFF FFFF	322
	B	 1000 BBBA 0100 0010	1
	A	 1000 001A 0100 0010	1
00247E	8342	BSF LATC,1,BANKED
	F	 1000 BBBA FFFF FFFF	322
	B	 1000 BBBA 0100 0010	0
	A	 1000 000A 0100 0010	1
002480	8142	BSF LATC,0,BANKED
	K	 0000 1110 KKKK KKKK	50
002482	0E32	MOVLW 50
	F	 0110 111A FFFF FFFF	1282
	A	 0110 111A 0000 0010	0
002484	6E02	MOVWF SYSWAITTEMPMS,ACCESS
	F	 0110 101A FFFF FFFF	1283
	A	 0110 101A 0000 0011	0
002486	6A03	CLRF SYSWAITTEMPMS_H,ACCESS
	K	 0000 0001 00KK KKKK	0
000000	0100	BANKSEL 0
	K	1111 KKKK KKKK KKKK:1110 110S KKKK KKKK	5994
	S	1111 0000 0000 1011:1110 110S 1011 0101	0
00248A	ECB5 F00B	CALL DELAY_MS
	K	 0000 0001 00KK KKKK	1
000000	0101	BANKSEL LATC
	F	 1000 BBBA FFFF FFFF	322
	B	 1000 BBBA 0100 0010	2
	A	 1000 010A 0100 0010	1
002490	8542	BSF LATC,2,BANKED
	K	 0000 1110 KKKK KKKK	15
002492	0E0F	MOVLW 15
	F	 0110 111A FFFF FFFF	1282
	A	 0110 111A 0000 0010	0
002494	6E02	MOVWF SYSWAITTEMPMS,ACCESS
	F	 0110 101A FFFF FFFF	1283
	A	 0110 101A 0000 0011	0
002496	6A03	CLRF SYSWAITTEMPMS_H,ACCESS
	K	 0000 0001 00KK KKKK	0
000000	0100	BANKSEL 0
	K	1111 KKKK KKKK KKKK:1110 110S KKKK KKKK	5994
	S	1111 0000 0000 1011:1110 110S 1011 0101	0
00249A	ECB5 F00B	CALL DELAY_MS
	K	 0000 0001 00KK KKKK	1
000000	0101	BANKSEL LATC
	F	 1001 BBBA FFFF FFFF	322
	B	 1001 BBBA 0100 0010	2
	A	 1001 010A 0100 0010	1
0024A0	9542	BCF LATC,2,BANKED
	K	 0000 1110 KKKK KKKK	80
0024A2	0E50	MOVLW 80
	F	 0110 111A FFFF FFFF	1280
	A	 0110 111A 0000 0000	0
0024A4	6E00	MOVWF DELAYTEMP,ACCESS
		DELAYUS1
	F	 0010 11DA FFFF FFFF	1280
	D	 0010 11DA 0000 0000	1
	A	 0010 111A 0000 0000	0
0024A6	2E00	DECFSZ DELAYTEMP,F,ACCESS
	N	 1101 0NNN NNNN NNNN	2046
0024A8	D7FE	BRA DELAYUS1
	F	 1000 BBBA FFFF FFFF	322
	B	 1000 BBBA 0100 0010	2
	A	 1000 010A 0100 0010	1
0024AA	8542	BSF LATC,2,BANKED
	K	 0000 1110 KKKK KKKK	15
0024AC	0E0F	MOVLW 15
	F	 0110 111A FFFF FFFF	1282
	A	 0110 111A 0000 0010	0
0024AE	6E02	MOVWF SYSWAITTEMPMS,ACCESS
	F	 0110 101A FFFF FFFF	1283
	A	 0110 101A 0000 0011	0
0024B0	6A03	CLRF SYSWAITTEMPMS_H,ACCESS
	K	 0000 0001 00KK KKKK	0
000000	0100	BANKSEL 0
	K	1111 KKKK KKKK KKKK:1110 110S KKKK KKKK	5994
	S	1111 0000 0000 1011:1110 110S 1011 0101	0
0024B4	ECB5 F00B	CALL DELAY_MS
	K	 0000 1110 KKKK KKKK	239
0024B8	0EEF	MOVLW 239
	F	 0110 111A FFFF FFFF	1356
	A	 0110 111A 0100 1100	0
0024BA	6E4C	MOVWF ILI9341SENDBYTE,ACCESS
	N	 1101 1NNN NNNN NNNN	487
0024BC	D9E7	RCALL SENDCOMMAND_ILI9341
	K	 0000 1110 KKKK KKKK	3
0024BE	0E03	MOVLW 3
	F	 0110 111A FFFF FFFF	1356
	A	 0110 111A 0100 1100	0
0024C0	6E4C	MOVWF ILI9341SENDBYTE,ACCESS
	N	 1101 1NNN NNNN NNNN	498
0024C2	D9F2	RCALL SENDDATA_ILI9341
	K	 0000 1110 KKKK KKKK	128
0024C4	0E80	MOVLW 128
	F	 0110 111A FFFF FFFF	1356
	A	 0110 111A 0100 1100	0
0024C6	6E4C	MOVWF ILI9341SENDBYTE,ACCESS
	N	 1101 1NNN NNNN NNNN	495
0024C8	D9EF	RCALL SENDDATA_ILI9341
	K	 0000 1110 KKKK KKKK	2
0024CA	0E02	MOVLW 2
	F	 0110 111A FFFF FFFF	1356
	A	 0110 111A 0100 1100	0
0024CC	6E4C	MOVWF ILI9341SENDBYTE,ACCESS
	N	 1101 1NNN NNNN NNNN	492
0024CE	D9EC	RCALL SENDDATA_ILI9341
	K	 0000 1110 KKKK KKKK	207
0024D0	0ECF	MOVLW 207
	F	 0110 111A FFFF FFFF	1356
	A	 0110 111A 0100 1100	0
0024D2	6E4C	MOVWF ILI9341SENDBYTE,ACCESS
	N	 1101 1NNN NNNN NNNN	475
0024D4	D9DB	RCALL SENDCOMMAND_ILI9341
	F	 0110 101A FFFF FFFF	1356
	A	 0110 101A 0100 1100	0
0024D6	6A4C	CLRF ILI9341SENDBYTE,ACCESS
	N	 1101 1NNN NNNN NNNN	487
0024D8	D9E7	RCALL SENDDATA_ILI9341
	K	 0000 1110 KKKK KKKK	193
0024DA	0EC1	MOVLW 193
	F	 0110 111A FFFF FFFF	1356
	A	 0110 111A 0100 1100	0
0024DC	6E4C	MOVWF ILI9341SENDBYTE,ACCESS
	N	 1101 1NNN NNNN NNNN	484
0024DE	D9E4	RCALL SENDDATA_ILI9341
	K	 0000 1110 KKKK KKKK	48
0024E0	0E30	MOVLW 48
	F	 0110 111A FFFF FFFF	1356
	A	 0110 111A 0100 1100	0
0024E2	6E4C	MOVWF ILI9341SENDBYTE,ACCESS
	N	 1101 1NNN NNNN NNNN	481
0024E4	D9E1	RCALL SENDDATA_ILI9341
	K	 0000 1110 KKKK KKKK	237
0024E6	0EED	MOVLW 237
	F	 0110 111A FFFF FFFF	1356
	A	 0110 111A 0100 1100	0
0024E8	6E4C	MOVWF ILI9341SENDBYTE,ACCESS
	N	 1101 1NNN NNNN NNNN	464
0024EA	D9D0	RCALL SENDCOMMAND_ILI9341
	K	 0000 1110 KKKK KKKK	100
0024EC	0E64	MOVLW 100
	F	 0110 111A FFFF FFFF	1356
	A	 0110 111A 0100 1100	0
0024EE	6E4C	MOVWF ILI9341SENDBYTE,ACCESS
	N	 1101 1NNN NNNN NNNN	475
0024F0	D9DB	RCALL SENDDATA_ILI9341
	K	 0000 1110 KKKK KKKK	3
0024F2	0E03	MOVLW 3
	F	 0110 111A FFFF FFFF	1356
	A	 0110 111A 0100 1100	0
0024F4	6E4C	MOVWF ILI9341SENDBYTE,ACCESS
	N	 1101 1NNN NNNN NNNN	472
0024F6	D9D8	RCALL SENDDATA_ILI9341
	K	 0000 1110 KKKK KKKK	18
0024F8	0E12	MOVLW 18
	F	 0110 111A FFFF FFFF	1356
	A	 0110 111A 0100 1100	0
0024FA	6E4C	MOVWF ILI9341SENDBYTE,ACCESS
	N	 1101 1NNN NNNN NNNN	469
0024FC	D9D5	RCALL SENDDATA_ILI9341
	K	 0000 1110 KKKK KKKK	129
0024FE	0E81	MOVLW 129
	F	 0110 111A FFFF FFFF	1356
	A	 0110 111A 0100 1100	0
002500	6E4C	MOVWF ILI9341SENDBYTE,ACCESS
	N	 1101 1NNN NNNN NNNN	466
002502	D9D2	RCALL SENDDATA_ILI9341
	K	 0000 1110 KKKK KKKK	232
002504	0EE8	MOVLW 232
	F	 0110 111A FFFF FFFF	1356
	A	 0110 111A 0100 1100	0
002506	6E4C	MOVWF ILI9341SENDBYTE,ACCESS
	N	 1101 1NNN NNNN NNNN	449
002508	D9C1	RCALL SENDCOMMAND_ILI9341
	K	 0000 1110 KKKK KKKK	133
00250A	0E85	MOVLW 133
	F	 0110 111A FFFF FFFF	1356
	A	 0110 111A 0100 1100	0
00250C	6E4C	MOVWF ILI9341SENDBYTE,ACCESS
	N	 1101 1NNN NNNN NNNN	460
00250E	D9CC	RCALL SENDDATA_ILI9341
	F	 0110 101A FFFF FFFF	1356
	A	 0110 101A 0100 1100	0
002510	6A4C	CLRF ILI9341SENDBYTE,ACCESS
	N	 1101 1NNN NNNN NNNN	458
002512	D9CA	RCALL SENDDATA_ILI9341
	K	 0000 1110 KKKK KKKK	120
002514	0E78	MOVLW 120
	F	 0110 111A FFFF FFFF	1356
	A	 0110 111A 0100 1100	0
002516	6E4C	MOVWF ILI9341SENDBYTE,ACCESS
	N	 1101 1NNN NNNN NNNN	455
002518	D9C7	RCALL SENDDATA_ILI9341
	K	 0000 1110 KKKK KKKK	203
00251A	0ECB	MOVLW 203
	F	 0110 111A FFFF FFFF	1356
	A	 0110 111A 0100 1100	0
00251C	6E4C	MOVWF ILI9341SENDBYTE,ACCESS
	N	 1101 1NNN NNNN NNNN	438
00251E	D9B6	RCALL SENDCOMMAND_ILI9341
	K	 0000 1110 KKKK KKKK	57
002520	0E39	MOVLW 57
	F	 0110 111A FFFF FFFF	1356
	A	 0110 111A 0100 1100	0
002522	6E4C	MOVWF ILI9341SENDBYTE,ACCESS
	N	 1101 1NNN NNNN NNNN	449
002524	D9C1	RCALL SENDDATA_ILI9341
	K	 0000 1110 KKKK KKKK	44
002526	0E2C	MOVLW 44
	F	 0110 111A FFFF FFFF	1356
	A	 0110 111A 0100 1100	0
002528	6E4C	MOVWF ILI9341SENDBYTE,ACCESS
	N	 1101 1NNN NNNN NNNN	446
00252A	D9BE	RCALL SENDDATA_ILI9341
	F	 0110 101A FFFF FFFF	1356
	A	 0110 101A 0100 1100	0
00252C	6A4C	CLRF ILI9341SENDBYTE,ACCESS
	N	 1101 1NNN NNNN NNNN	444
00252E	D9BC	RCALL SENDDATA_ILI9341
	K	 0000 1110 KKKK KKKK	52
002530	0E34	MOVLW 52
	F	 0110 111A FFFF FFFF	1356
	A	 0110 111A 0100 1100	0
002532	6E4C	MOVWF ILI9341SENDBYTE,ACCESS
	N	 1101 1NNN NNNN NNNN	441
002534	D9B9	RCALL SENDDATA_ILI9341
	K	 0000 1110 KKKK KKKK	2
002536	0E02	MOVLW 2
	F	 0110 111A FFFF FFFF	1356
	A	 0110 111A 0100 1100	0
002538	6E4C	MOVWF ILI9341SENDBYTE,ACCESS
	N	 1101 1NNN NNNN NNNN	438
00253A	D9B6	RCALL SENDDATA_ILI9341
	K	 0000 1110 KKKK KKKK	247
00253C	0EF7	MOVLW 247
	F	 0110 111A FFFF FFFF	1356
	A	 0110 111A 0100 1100	0
00253E	6E4C	MOVWF ILI9341SENDBYTE,ACCESS
	N	 1101 1NNN NNNN NNNN	421
002540	D9A5	RCALL SENDCOMMAND_ILI9341
	K	 0000 1110 KKKK KKKK	32
002542	0E20	MOVLW 32
	F	 0110 111A FFFF FFFF	1356
	A	 0110 111A 0100 1100	0
002544	6E4C	MOVWF ILI9341SENDBYTE,ACCESS
	N	 1101 1NNN NNNN NNNN	432
002546	D9B0	RCALL SENDDATA_ILI9341
	K	 0000 1110 KKKK KKKK	234
002548	0EEA	MOVLW 234
	F	 0110 111A FFFF FFFF	1356
	A	 0110 111A 0100 1100	0
00254A	6E4C	MOVWF ILI9341SENDBYTE,ACCESS
	N	 1101 1NNN NNNN NNNN	415
00254C	D99F	RCALL SENDCOMMAND_ILI9341
	F	 0110 101A FFFF FFFF	1356
	A	 0110 101A 0100 1100	0
00254E	6A4C	CLRF ILI9341SENDBYTE,ACCESS
	N	 1101 1NNN NNNN NNNN	427
002550	D9AB	RCALL SENDDATA_ILI9341
	F	 0110 101A FFFF FFFF	1356
	A	 0110 101A 0100 1100	0
002552	6A4C	CLRF ILI9341SENDBYTE,ACCESS
	N	 1101 1NNN NNNN NNNN	425
002554	D9A9	RCALL SENDDATA_ILI9341
	K	 0000 1110 KKKK KKKK	192
002556	0EC0	MOVLW 192
	F	 0110 111A FFFF FFFF	1356
	A	 0110 111A 0100 1100	0
002558	6E4C	MOVWF ILI9341SENDBYTE,ACCESS
	N	 1101 1NNN NNNN NNNN	408
00255A	D998	RCALL SENDCOMMAND_ILI9341
	K	 0000 1110 KKKK KKKK	43
00255C	0E2B	MOVLW 43
	F	 0110 111A FFFF FFFF	1356
	A	 0110 111A 0100 1100	0
00255E	6E4C	MOVWF ILI9341SENDBYTE,ACCESS
	N	 1101 1NNN NNNN NNNN	419
002560	D9A3	RCALL SENDDATA_ILI9341
	K	 0000 1110 KKKK KKKK	193
002562	0EC1	MOVLW 193
	F	 0110 111A FFFF FFFF	1356
	A	 0110 111A 0100 1100	0
002564	6E4C	MOVWF ILI9341SENDBYTE,ACCESS
	N	 1101 1NNN NNNN NNNN	402
002566	D992	RCALL SENDCOMMAND_ILI9341
	K	 0000 1110 KKKK KKKK	16
002568	0E10	MOVLW 16
	F	 0110 111A FFFF FFFF	1356
	A	 0110 111A 0100 1100	0
00256A	6E4C	MOVWF ILI9341SENDBYTE,ACCESS
	N	 1101 1NNN NNNN NNNN	413
00256C	D99D	RCALL SENDDATA_ILI9341
	K	 0000 1110 KKKK KKKK	197
00256E	0EC5	MOVLW 197
	F	 0110 111A FFFF FFFF	1356
	A	 0110 111A 0100 1100	0
002570	6E4C	MOVWF ILI9341SENDBYTE,ACCESS
	N	 1101 1NNN NNNN NNNN	396
002572	D98C	RCALL SENDCOMMAND_ILI9341
	K	 0000 1110 KKKK KKKK	62
002574	0E3E	MOVLW 62
	F	 0110 111A FFFF FFFF	1356
	A	 0110 111A 0100 1100	0
002576	6E4C	MOVWF ILI9341SENDBYTE,ACCESS
	N	 1101 1NNN NNNN NNNN	407
002578	D997	RCALL SENDDATA_ILI9341
	K	 0000 1110 KKKK KKKK	40
00257A	0E28	MOVLW 40
	F	 0110 111A FFFF FFFF	1356
	A	 0110 111A 0100 1100	0
00257C	6E4C	MOVWF ILI9341SENDBYTE,ACCESS
	N	 1101 1NNN NNNN NNNN	404
00257E	D994	RCALL SENDDATA_ILI9341
	K	 0000 1110 KKKK KKKK	199
002580	0EC7	MOVLW 199
	F	 0110 111A FFFF FFFF	1356
	A	 0110 111A 0100 1100	0
002582	6E4C	MOVWF ILI9341SENDBYTE,ACCESS
	N	 1101 1NNN NNNN NNNN	387
002584	D983	RCALL SENDCOMMAND_ILI9341
	K	 0000 1110 KKKK KKKK	134
002586	0E86	MOVLW 134
	F	 0110 111A FFFF FFFF	1356
	A	 0110 111A 0100 1100	0
002588	6E4C	MOVWF ILI9341SENDBYTE,ACCESS
	N	 1101 1NNN NNNN NNNN	398
00258A	D98E	RCALL SENDDATA_ILI9341
	K	 0000 1110 KKKK KKKK	54
00258C	0E36	MOVLW 54
	F	 0110 111A FFFF FFFF	1356
	A	 0110 111A 0100 1100	0
00258E	6E4C	MOVWF ILI9341SENDBYTE,ACCESS
	N	 1101 1NNN NNNN NNNN	381
002590	D97D	RCALL SENDCOMMAND_ILI9341
	K	 0000 1110 KKKK KKKK	72
002592	0E48	MOVLW 72
	F	 0110 111A FFFF FFFF	1356
	A	 0110 111A 0100 1100	0
002594	6E4C	MOVWF ILI9341SENDBYTE,ACCESS
	N	 1101 1NNN NNNN NNNN	392
002596	D988	RCALL SENDDATA_ILI9341
	K	 0000 1110 KKKK KKKK	58
002598	0E3A	MOVLW 58
	F	 0110 111A FFFF FFFF	1356
	A	 0110 111A 0100 1100	0
00259A	6E4C	MOVWF ILI9341SENDBYTE,ACCESS
	N	 1101 1NNN NNNN NNNN	375
00259C	D977	RCALL SENDCOMMAND_ILI9341
	K	 0000 1110 KKKK KKKK	85
00259E	0E55	MOVLW 85
	F	 0110 111A FFFF FFFF	1356
	A	 0110 111A 0100 1100	0
0025A0	6E4C	MOVWF ILI9341SENDBYTE,ACCESS
	N	 1101 1NNN NNNN NNNN	386
0025A2	D982	RCALL SENDDATA_ILI9341
	K	 0000 1110 KKKK KKKK	177
0025A4	0EB1	MOVLW 177
	F	 0110 111A FFFF FFFF	1356
	A	 0110 111A 0100 1100	0
0025A6	6E4C	MOVWF ILI9341SENDBYTE,ACCESS
	N	 1101 1NNN NNNN NNNN	369
0025A8	D971	RCALL SENDCOMMAND_ILI9341
	F	 0110 101A FFFF FFFF	1356
	A	 0110 101A 0100 1100	0
0025AA	6A4C	CLRF ILI9341SENDBYTE,ACCESS
	N	 1101 1NNN NNNN NNNN	381
0025AC	D97D	RCALL SENDDATA_ILI9341
	K	 0000 1110 KKKK KKKK	24
0025AE	0E18	MOVLW 24
	F	 0110 111A FFFF FFFF	1356
	A	 0110 111A 0100 1100	0
0025B0	6E4C	MOVWF ILI9341SENDBYTE,ACCESS
	N	 1101 1NNN NNNN NNNN	378
0025B2	D97A	RCALL SENDDATA_ILI9341
	K	 0000 1110 KKKK KKKK	182
0025B4	0EB6	MOVLW 182
	F	 0110 111A FFFF FFFF	1356
	A	 0110 111A 0100 1100	0
0025B6	6E4C	MOVWF ILI9341SENDBYTE,ACCESS
	N	 1101 1NNN NNNN NNNN	361
0025B8	D969	RCALL SENDCOMMAND_ILI9341
	K	 0000 1110 KKKK KKKK	8
0025BA	0E08	MOVLW 8
	F	 0110 111A FFFF FFFF	1356
	A	 0110 111A 0100 1100	0
0025BC	6E4C	MOVWF ILI9341SENDBYTE,ACCESS
	N	 1101 1NNN NNNN NNNN	372
0025BE	D974	RCALL SENDDATA_ILI9341
	K	 0000 1110 KKKK KKKK	130
0025C0	0E82	MOVLW 130
	F	 0110 111A FFFF FFFF	1356
	A	 0110 111A 0100 1100	0
0025C2	6E4C	MOVWF ILI9341SENDBYTE,ACCESS
	N	 1101 1NNN NNNN NNNN	369
0025C4	D971	RCALL SENDDATA_ILI9341
	K	 0000 1110 KKKK KKKK	39
0025C6	0E27	MOVLW 39
	F	 0110 111A FFFF FFFF	1356
	A	 0110 111A 0100 1100	0
0025C8	6E4C	MOVWF ILI9341SENDBYTE,ACCESS
	N	 1101 1NNN NNNN NNNN	366
0025CA	D96E	RCALL SENDDATA_ILI9341
	K	 0000 1110 KKKK KKKK	242
0025CC	0EF2	MOVLW 242
	F	 0110 111A FFFF FFFF	1356
	A	 0110 111A 0100 1100	0
0025CE	6E4C	MOVWF ILI9341SENDBYTE,ACCESS
	N	 1101 1NNN NNNN NNNN	349
0025D0	D95D	RCALL SENDCOMMAND_ILI9341
	F	 0110 101A FFFF FFFF	1356
	A	 0110 101A 0100 1100	0
0025D2	6A4C	CLRF ILI9341SENDBYTE,ACCESS
	N	 1101 1NNN NNNN NNNN	361
0025D4	D969	RCALL SENDDATA_ILI9341
	K	 0000 1110 KKKK KKKK	38
0025D6	0E26	MOVLW 38
	F	 0110 111A FFFF FFFF	1356
	A	 0110 111A 0100 1100	0
0025D8	6E4C	MOVWF ILI9341SENDBYTE,ACCESS
	N	 1101 1NNN NNNN NNNN	344
0025DA	D958	RCALL SENDCOMMAND_ILI9341
	K	 0000 1110 KKKK KKKK	1
0025DC	0E01	MOVLW 1
	F	 0110 111A FFFF FFFF	1356
	A	 0110 111A 0100 1100	0
0025DE	6E4C	MOVWF ILI9341SENDBYTE,ACCESS
	N	 1101 1NNN NNNN NNNN	355
0025E0	D963	RCALL SENDDATA_ILI9341
	K	 0000 1110 KKKK KKKK	224
0025E2	0EE0	MOVLW 224
	F	 0110 111A FFFF FFFF	1356
	A	 0110 111A 0100 1100	0
0025E4	6E4C	MOVWF ILI9341SENDBYTE,ACCESS
	N	 1101 1NNN NNNN NNNN	338
0025E6	D952	RCALL SENDCOMMAND_ILI9341
	K	 0000 1110 KKKK KKKK	15
0025E8	0E0F	MOVLW 15
	F	 0110 111A FFFF FFFF	1356
	A	 0110 111A 0100 1100	0
0025EA	6E4C	MOVWF ILI9341SENDBYTE,ACCESS
	N	 1101 1NNN NNNN NNNN	349
0025EC	D95D	RCALL SENDDATA_ILI9341
	K	 0000 1110 KKKK KKKK	49
0025EE	0E31	MOVLW 49
	F	 0110 111A FFFF FFFF	1356
	A	 0110 111A 0100 1100	0
0025F0	6E4C	MOVWF ILI9341SENDBYTE,ACCESS
	N	 1101 1NNN NNNN NNNN	346
0025F2	D95A	RCALL SENDDATA_ILI9341
	K	 0000 1110 KKKK KKKK	43
0025F4	0E2B	MOVLW 43
	F	 0110 111A FFFF FFFF	1356
	A	 0110 111A 0100 1100	0
0025F6	6E4C	MOVWF ILI9341SENDBYTE,ACCESS
	N	 1101 1NNN NNNN NNNN	343
0025F8	D957	RCALL SENDDATA_ILI9341
	K	 0000 1110 KKKK KKKK	12
0025FA	0E0C	MOVLW 12
	F	 0110 111A FFFF FFFF	1356
	A	 0110 111A 0100 1100	0
0025FC	6E4C	MOVWF ILI9341SENDBYTE,ACCESS
	N	 1101 1NNN NNNN NNNN	340
0025FE	D954	RCALL SENDDATA_ILI9341
	K	 0000 1110 KKKK KKKK	14
002600	0E0E	MOVLW 14
	F	 0110 111A FFFF FFFF	1356
	A	 0110 111A 0100 1100	0
002602	6E4C	MOVWF ILI9341SENDBYTE,ACCESS
	N	 1101 1NNN NNNN NNNN	337
002604	D951	RCALL SENDDATA_ILI9341
	K	 0000 1110 KKKK KKKK	8
002606	0E08	MOVLW 8
	F	 0110 111A FFFF FFFF	1356
	A	 0110 111A 0100 1100	0
002608	6E4C	MOVWF ILI9341SENDBYTE,ACCESS
	N	 1101 1NNN NNNN NNNN	334
00260A	D94E	RCALL SENDDATA_ILI9341
	K	 0000 1110 KKKK KKKK	78
00260C	0E4E	MOVLW 78
	F	 0110 111A FFFF FFFF	1356
	A	 0110 111A 0100 1100	0
00260E	6E4C	MOVWF ILI9341SENDBYTE,ACCESS
	N	 1101 1NNN NNNN NNNN	331
002610	D94B	RCALL SENDDATA_ILI9341
	K	 0000 1110 KKKK KKKK	241
002612	0EF1	MOVLW 241
	F	 0110 111A FFFF FFFF	1356
	A	 0110 111A 0100 1100	0
002614	6E4C	MOVWF ILI9341SENDBYTE,ACCESS
	N	 1101 1NNN NNNN NNNN	328
002616	D948	RCALL SENDDATA_ILI9341
	K	 0000 1110 KKKK KKKK	55
002618	0E37	MOVLW 55
	F	 0110 111A FFFF FFFF	1356
	A	 0110 111A 0100 1100	0
00261A	6E4C	MOVWF ILI9341SENDBYTE,ACCESS
	N	 1101 1NNN NNNN NNNN	325
00261C	D945	RCALL SENDDATA_ILI9341
	K	 0000 1110 KKKK KKKK	7
00261E	0E07	MOVLW 7
	F	 0110 111A FFFF FFFF	1356
	A	 0110 111A 0100 1100	0
002620	6E4C	MOVWF ILI9341SENDBYTE,ACCESS
	N	 1101 1NNN NNNN NNNN	322
002622	D942	RCALL SENDDATA_ILI9341
	K	 0000 1110 KKKK KKKK	16
002624	0E10	MOVLW 16
	F	 0110 111A FFFF FFFF	1356
	A	 0110 111A 0100 1100	0
002626	6E4C	MOVWF ILI9341SENDBYTE,ACCESS
	N	 1101 1NNN NNNN NNNN	319
002628	D93F	RCALL SENDDATA_ILI9341
	K	 0000 1110 KKKK KKKK	3
00262A	0E03	MOVLW 3
	F	 0110 111A FFFF FFFF	1356
	A	 0110 111A 0100 1100	0
00262C	6E4C	MOVWF ILI9341SENDBYTE,ACCESS
	N	 1101 1NNN NNNN NNNN	316
00262E	D93C	RCALL SENDDATA_ILI9341
	K	 0000 1110 KKKK KKKK	14
002630	0E0E	MOVLW 14
	F	 0110 111A FFFF FFFF	1356
	A	 0110 111A 0100 1100	0
002632	6E4C	MOVWF ILI9341SENDBYTE,ACCESS
	N	 1101 1NNN NNNN NNNN	313
002634	D939	RCALL SENDDATA_ILI9341
	K	 0000 1110 KKKK KKKK	9
002636	0E09	MOVLW 9
	F	 0110 111A FFFF FFFF	1356
	A	 0110 111A 0100 1100	0
002638	6E4C	MOVWF ILI9341SENDBYTE,ACCESS
	N	 1101 1NNN NNNN NNNN	310
00263A	D936	RCALL SENDDATA_ILI9341
	F	 0110 101A FFFF FFFF	1356
	A	 0110 101A 0100 1100	0
00263C	6A4C	CLRF ILI9341SENDBYTE,ACCESS
	N	 1101 1NNN NNNN NNNN	308
00263E	D934	RCALL SENDDATA_ILI9341
	K	 0000 1110 KKKK KKKK	225
002640	0EE1	MOVLW 225
	F	 0110 111A FFFF FFFF	1356
	A	 0110 111A 0100 1100	0
002642	6E4C	MOVWF ILI9341SENDBYTE,ACCESS
	N	 1101 1NNN NNNN NNNN	291
002644	D923	RCALL SENDCOMMAND_ILI9341
	F	 0110 101A FFFF FFFF	1356
	A	 0110 101A 0100 1100	0
002646	6A4C	CLRF ILI9341SENDBYTE,ACCESS
	N	 1101 1NNN NNNN NNNN	303
002648	D92F	RCALL SENDDATA_ILI9341
	K	 0000 1110 KKKK KKKK	14
00264A	0E0E	MOVLW 14
	F	 0110 111A FFFF FFFF	1356
	A	 0110 111A 0100 1100	0
00264C	6E4C	MOVWF ILI9341SENDBYTE,ACCESS
	N	 1101 1NNN NNNN NNNN	300
00264E	D92C	RCALL SENDDATA_ILI9341
	K	 0000 1110 KKKK KKKK	20
002650	0E14	MOVLW 20
	F	 0110 111A FFFF FFFF	1356
	A	 0110 111A 0100 1100	0
002652	6E4C	MOVWF ILI9341SENDBYTE,ACCESS
	N	 1101 1NNN NNNN NNNN	297
002654	D929	RCALL SENDDATA_ILI9341
	K	 0000 1110 KKKK KKKK	3
002656	0E03	MOVLW 3
	F	 0110 111A FFFF FFFF	1356
	A	 0110 111A 0100 1100	0
002658	6E4C	MOVWF ILI9341SENDBYTE,ACCESS
	N	 1101 1NNN NNNN NNNN	294
00265A	D926	RCALL SENDDATA_ILI9341
	K	 0000 1110 KKKK KKKK	17
00265C	0E11	MOVLW 17
	F	 0110 111A FFFF FFFF	1356
	A	 0110 111A 0100 1100	0
00265E	6E4C	MOVWF ILI9341SENDBYTE,ACCESS
	N	 1101 1NNN NNNN NNNN	291
002660	D923	RCALL SENDDATA_ILI9341
	K	 0000 1110 KKKK KKKK	7
002662	0E07	MOVLW 7
	F	 0110 111A FFFF FFFF	1356
	A	 0110 111A 0100 1100	0
002664	6E4C	MOVWF ILI9341SENDBYTE,ACCESS
	N	 1101 1NNN NNNN NNNN	288
002666	D920	RCALL SENDDATA_ILI9341
	K	 0000 1110 KKKK KKKK	49
002668	0E31	MOVLW 49
	F	 0110 111A FFFF FFFF	1356
	A	 0110 111A 0100 1100	0
00266A	6E4C	MOVWF ILI9341SENDBYTE,ACCESS
	N	 1101 1NNN NNNN NNNN	285
00266C	D91D	RCALL SENDDATA_ILI9341
	K	 0000 1110 KKKK KKKK	193
00266E	0EC1	MOVLW 193
	F	 0110 111A FFFF FFFF	1356
	A	 0110 111A 0100 1100	0
002670	6E4C	MOVWF ILI9341SENDBYTE,ACCESS
	N	 1101 1NNN NNNN NNNN	282
002672	D91A	RCALL SENDDATA_ILI9341
	K	 0000 1110 KKKK KKKK	72
002674	0E48	MOVLW 72
	F	 0110 111A FFFF FFFF	1356
	A	 0110 111A 0100 1100	0
002676	6E4C	MOVWF ILI9341SENDBYTE,ACCESS
	N	 1101 1NNN NNNN NNNN	279
002678	D917	RCALL SENDDATA_ILI9341
	K	 0000 1110 KKKK KKKK	8
00267A	0E08	MOVLW 8
	F	 0110 111A FFFF FFFF	1356
	A	 0110 111A 0100 1100	0
00267C	6E4C	MOVWF ILI9341SENDBYTE,ACCESS
	N	 1101 1NNN NNNN NNNN	276
00267E	D914	RCALL SENDDATA_ILI9341
	K	 0000 1110 KKKK KKKK	15
002680	0E0F	MOVLW 15
	F	 0110 111A FFFF FFFF	1356
	A	 0110 111A 0100 1100	0
002682	6E4C	MOVWF ILI9341SENDBYTE,ACCESS
	N	 1101 1NNN NNNN NNNN	273
002684	D911	RCALL SENDDATA_ILI9341
	K	 0000 1110 KKKK KKKK	12
002686	0E0C	MOVLW 12
	F	 0110 111A FFFF FFFF	1356
	A	 0110 111A 0100 1100	0
002688	6E4C	MOVWF ILI9341SENDBYTE,ACCESS
	N	 1101 1NNN NNNN NNNN	270
00268A	D90E	RCALL SENDDATA_ILI9341
	K	 0000 1110 KKKK KKKK	49
00268C	0E31	MOVLW 49
	F	 0110 111A FFFF FFFF	1356
	A	 0110 111A 0100 1100	0
00268E	6E4C	MOVWF ILI9341SENDBYTE,ACCESS
	N	 1101 1NNN NNNN NNNN	267
002690	D90B	RCALL SENDDATA_ILI9341
	K	 0000 1110 KKKK KKKK	54
002692	0E36	MOVLW 54
	F	 0110 111A FFFF FFFF	1356
	A	 0110 111A 0100 1100	0
002694	6E4C	MOVWF ILI9341SENDBYTE,ACCESS
	N	 1101 1NNN NNNN NNNN	264
002696	D908	RCALL SENDDATA_ILI9341
	K	 0000 1110 KKKK KKKK	15
002698	0E0F	MOVLW 15
	F	 0110 111A FFFF FFFF	1356
	A	 0110 111A 0100 1100	0
00269A	6E4C	MOVWF ILI9341SENDBYTE,ACCESS
	N	 1101 1NNN NNNN NNNN	261
00269C	D905	RCALL SENDDATA_ILI9341
	K	 0000 1110 KKKK KKKK	17
00269E	0E11	MOVLW 17
	F	 0110 111A FFFF FFFF	1356
	A	 0110 111A 0100 1100	0
0026A0	6E4C	MOVWF ILI9341SENDBYTE,ACCESS
	N	 1101 1NNN NNNN NNNN	244
0026A2	D8F4	RCALL SENDCOMMAND_ILI9341
	K	 0000 1110 KKKK KKKK	150
0026A4	0E96	MOVLW 150
	F	 0110 111A FFFF FFFF	1282
	A	 0110 111A 0000 0010	0
0026A6	6E02	MOVWF SYSWAITTEMPMS,ACCESS
	F	 0110 101A FFFF FFFF	1283
	A	 0110 101A 0000 0011	0
0026A8	6A03	CLRF SYSWAITTEMPMS_H,ACCESS
	K	1111 KKKK KKKK KKKK:1110 110S KKKK KKKK	5994
	S	1111 0000 0000 1011:1110 110S 1011 0101	0
0026AA	ECB5 F00B	CALL DELAY_MS
	K	 0000 1110 KKKK KKKK	41
0026AE	0E29	MOVLW 41
	F	 0110 111A FFFF FFFF	1356
	A	 0110 111A 0100 1100	0
0026B0	6E4C	MOVWF ILI9341SENDBYTE,ACCESS
	N	 1101 1NNN NNNN NNNN	236
0026B2	D8EC	RCALL SENDCOMMAND_ILI9341
	F	 0110 101A FFFF FFFF	1325
	A	 0110 101A 0010 1101	0
0026B4	6A2D	CLRF GLCDBACKGROUND,ACCESS
	F	 0110 101A FFFF FFFF	1326
	A	 0110 101A 0010 1110	0
0026B6	6A2E	CLRF GLCDBACKGROUND_H,ACCESS
	F	 0110 100A FFFF FFFF	1337
	A	 0110 100A 0011 1001	0
0026B8	6839	SETF GLCDFOREGROUND,ACCESS
	F	 0110 100A FFFF FFFF	1338
	A	 0110 100A 0011 1010	0
0026BA	683A	SETF GLCDFOREGROUND_H,ACCESS
	K	 0000 1110 KKKK KKKK	240
0026BC	0EF0	MOVLW 240
	F	 0110 111A FFFF FFFF	1331
	A	 0110 111A 0011 0011	0
0026BE	6E33	MOVWF GLCDDEVICEWIDTH,ACCESS
	F	 0110 101A FFFF FFFF	1332
	A	 0110 101A 0011 0100	0
0026C0	6A34	CLRF GLCDDEVICEWIDTH_H,ACCESS
	K	 0000 1110 KKKK KKKK	64
0026C2	0E40	MOVLW 64
	F	 0110 111A FFFF FFFF	1329
	A	 0110 111A 0011 0001	0
0026C4	6E31	MOVWF GLCDDEVICEHEIGHT,ACCESS
	K	 0000 1110 KKKK KKKK	1
0026C6	0E01	MOVLW 1
	F	 0110 111A FFFF FFFF	1330
	A	 0110 111A 0011 0010	0
0026C8	6E32	MOVWF GLCDDEVICEHEIGHT_H,ACCESS
	K	 0000 1110 KKKK KKKK	6
0026CA	0E06	MOVLW 6
	F	 0110 111A FFFF FFFF	1336
	A	 0110 111A 0011 1000	0
0026CC	6E38	MOVWF GLCDFONTWIDTH,ACCESS
	F	 0110 101A FFFF FFFF	1333
	A	 0110 101A 0011 0101	0
0026CE	6A35	CLRF GLCDFNTDEFAULT,ACCESS
	K	 0000 1110 KKKK KKKK	1
0026D0	0E01	MOVLW 1
	F	 0110 111A FFFF FFFF	1335
	A	 0110 111A 0011 0111	0
0026D2	6E37	MOVWF GLCDFNTDEFAULTSIZE,ACCESS
	K	 0000 1110 KKKK KKKK	7
0026D4	0E07	MOVLW 7
	F	 0110 111A FFFF FFFF	1334
	A	 0110 111A 0011 0110	0
0026D6	6E36	MOVWF GLCDFNTDEFAULTHEIGHT,ACCESS
	K	 0000 1110 KKKK KKKK	4
0026D8	0E04	MOVLW 4
	F	 0110 111A FFFF FFFF	1347
	A	 0110 111A 0100 0011	0
0026DA	6E43	MOVWF GLCDROTATESTATE,ACCESS
	N	 1101 1NNN NNNN NNNN	1161
0026DC	DC89	RCALL GLCDCLS_ILI9341
	K	 0000 1110 KKKK KKKK	41
0026DE	0E29	MOVLW 41
	F	 0110 111A FFFF FFFF	1356
	A	 0110 111A 0100 1100	0
0026E0	6E4C	MOVWF ILI9341SENDBYTE,ACCESS
	N	 1101 0NNN NNNN NNNN	212
0026E2	D0D4	BRA SENDCOMMAND_ILI9341


		INITPPS
	K	 0000 0001 00KK KKKK	1
000000	0101	BANKSEL TRISC
	F	 1001 BBBA FFFF FFFF	330
	B	 1001 BBBA 0100 1010	6
	A	 1001 110A 0100 1010	1
0026E6	9D4A	BCF TRISC,6,BANKED
	K	 0000 1110 KKKK KKKK	21
0026E8	0E15	MOVLW 21
	K	 0000 0001 00KK KKKK	2
000000	0102	BANKSEL U1RXPPS
	F	 0110 111A FFFF FFFF	626
	A	 0110 111A 0111 0010	1
0026EC	6F72	MOVWF U1RXPPS,BANKED
	K	 0000 1110 KKKK KKKK	18
0026EE	0E12	MOVLW 18
	F	 0110 111A FFFF FFFF	535
	A	 0110 111A 0001 0111	1
0026F0	6F17	MOVWF RC6PPS,BANKED
	K	 0000 1110 KKKK KKKK	27
0026F2	0E1B	MOVLW 27
	F	 0110 111A FFFF FFFF	533
	A	 0110 111A 0001 0101	1
0026F4	6F15	MOVWF RC4PPS,BANKED
	K	 0000 1110 KKKK KKKK	19
0026F6	0E13	MOVLW 19
	F	 0110 111A FFFF FFFF	618
	A	 0110 111A 0110 1010	1
0026F8	6F6A	MOVWF SPI1SCKPPS,BANKED
	K	 0000 1110 KKKK KKKK	26
0026FA	0E1A	MOVLW 26
	F	 0110 111A FFFF FFFF	532
	A	 0110 111A 0001 0100	1
0026FC	6F14	MOVWF RC3PPS,BANKED
	K	 0000 0001 00KK KKKK	0
000000	0100	BANKSEL 0
	S	 0000 0000 0001 001S	0
002700	0012	RETURN


		INITSYS
	K	 0000 0001 00KK KKKK	0
002702	0100	MOVLB 0
	K	 0000 1110 KKKK KKKK	96
002704	0E60	MOVLW 96
	F	 0110 111A FFFF FFFF	173
	A	 0110 111A 1010 1101	1
002706	6FAD	MOVWF OSCCON1,BANKED
	F	 0110 101A FFFF FFFF	175
	A	 0110 101A 1010 1111	1
002708	6BAF	CLRF OSCCON3,BANKED
	F	 0110 101A FFFF FFFF	179
	A	 0110 101A 1011 0011	1
00270A	6BB3	CLRF OSCEN,BANKED
	F	 0110 101A FFFF FFFF	176
	A	 0110 101A 1011 0000	1
00270C	6BB0	CLRF OSCTUNE,BANKED
	K	 0000 1110 KKKK KKKK	96
00270E	0E60	MOVLW 96
	F	 0110 111A FFFF FFFF	173
	A	 0110 111A 1010 1101	1
002710	6FAD	MOVWF OSCCON1,BANKED
	K	 0000 1110 KKKK KKKK	8
002712	0E08	MOVLW 8
	F	 0110 111A FFFF FFFF	177
	A	 0110 111A 1011 0001	1
002714	6FB1	MOVWF OSCFRQ,BANKED
	F	 0110 101A FFFF FFFF	1272
	A	 0110 101A 1111 1000	0
002716	6AF8	CLRF TBLPTRU,ACCESS
	K	 0000 0001 00KK KKKK	3
000000	0103	BANKSEL ADCON0
	F	 1001 BBBA FFFF FFFF	1011
	B	 1001 BBBA 1111 0011	2
	A	 1001 010A 1111 0011	1
00271A	95F3	BCF ADCON0,ADFM0,BANKED
	F	 1001 BBBA FFFF FFFF	1011
	B	 1001 BBBA 1111 0011	7
	A	 1001 111A 1111 0011	1
00271C	9FF3	BCF ADCON0,ADON,BANKED
	K	 0000 0001 00KK KKKK	4
000000	0104	BANKSEL ANSELA
	F	 0110 101A FFFF FFFF	1024
	A	 0110 101A 0000 0000	1
002720	6B00	CLRF ANSELA,BANKED
	F	 0110 101A FFFF FFFF	1032
	A	 0110 101A 0000 1000	1
002722	6B08	CLRF ANSELB,BANKED
	F	 0110 101A FFFF FFFF	1040
	A	 0110 101A 0001 0000	1
002724	6B10	CLRF ANSELC,BANKED
	F	 0110 101A FFFF FFFF	1056
	A	 0110 101A 0010 0000	1
002726	6B20	CLRF ANSELE,BANKED
	K	 0000 0001 00KK KKKK	0
000000	0100	BANKSEL CM2CON0
	F	 1001 BBBA FFFF FFFF	116
	B	 1001 BBBA 0111 0100	7
	A	 1001 111A 0111 0100	1
00272A	9F74	BCF CM2CON0,C2EN,BANKED
	F	 1001 BBBA FFFF FFFF	112
	B	 1001 BBBA 0111 0000	7
	A	 1001 111A 0111 0000	1
00272C	9F70	BCF CM1CON0,C1EN,BANKED
	K	 0000 0001 00KK KKKK	1
000000	0101	BANKSEL PORTA
	F	 0110 101A FFFF FFFF	336
	A	 0110 101A 0101 0000	1
002730	6B50	CLRF PORTA,BANKED
	F	 0110 101A FFFF FFFF	337
	A	 0110 101A 0101 0001	1
002732	6B51	CLRF PORTB,BANKED
	F	 0110 101A FFFF FFFF	338
	A	 0110 101A 0101 0010	1
002734	6B52	CLRF PORTC,BANKED
	F	 0110 101A FFFF FFFF	339
	A	 0110 101A 0101 0011	1
002736	6B53	CLRF PORTD,BANKED
	F	 0110 101A FFFF FFFF	340
	A	 0110 101A 0101 0100	1
002738	6B54	CLRF PORTE,BANKED
	K	 0000 0001 00KK KKKK	0
000000	0100	BANKSEL 0
	S	 0000 0000 0001 001S	0
00273C	0012	RETURN


		FN_PAD
	S	1111 DDDD DDDD DDDD:1100 SSSS SSSS SSSS	1450
	D	1111 DDDD DDDD DDDD:1100 0101 1010 1010	1257
00273E	C5AA F4E9	MOVFF SYSSYSINSTRINGHANDLER,AFSR0
	S	1111 DDDD DDDD DDDD:1100 SSSS SSSS SSSS	1451
	D	1111 DDDD DDDD DDDD:1100 0101 1010 1011	1258
002742	C5AB F4EA	MOVFF SYSSYSINSTRINGHANDLER_H,AFSR0_H
	K	 0000 0001 00KK KKKK	5
000000	0105	BANKSEL SYSSTRLEN
	F	 0101 00DA FFFF FFFF	1447
	D	 0101 00DA 1010 0111	0
	A	 0101 000A 1010 0111	1
002748	51A7	MOVF SYSSTRLEN,W,BANKED
	F	 0101 11DA FFFF FFFF	1263
	D	 0101 11DA 1110 1111	0
	A	 0101 110A 1110 1111	0
00274A	5CEF	SUBWF INDF0,W,ACCESS
	F	 1011 BBBA FFFF FFFF	1240
	B	 1011 BBBA 1101 1000	0
	A	 1011 000A 1101 1000	0
00274C	B0D8	BTFSC STATUS, C,ACCESS
	N	 1101 0NNN NNNN NNNN	89
00274E	D059	BRA ELSE40_1
	S	1111 DDDD DDDD DDDD:1100 SSSS SSSS SSSS	1450
	D	1111 DDDD DDDD DDDD:1100 0101 1010 1010	1257
002750	C5AA F4E9	MOVFF SYSSYSINSTRINGHANDLER,AFSR0
	S	1111 DDDD DDDD DDDD:1100 SSSS SSSS SSSS	1451
	D	1111 DDDD DDDD DDDD:1100 0101 1010 1011	1258
002754	C5AB F4EA	MOVFF SYSSYSINSTRINGHANDLER_H,AFSR0_H
	S	1111 DDDD DDDD DDDD:1100 SSSS SSSS SSSS	1263
	D	1111 DDDD DDDD DDDD:1100 0100 1110 1111	1416
002758	C4EF F588	MOVFF INDF0,SYSCHARCOUNT
	F	1110 1110 00FF KKKK:1111 00KK KKKK KKKK	1
	K	1110 1110 0001 KKKK:1111 00KK KKKK KKKK	5335
00275C	EE15 F0D7	LFSR 1,PAD
	K	 0000 1110 KKKK KKKK	64
002760	0E40	MOVLW LOW STRINGTABLE107
	F	 0110 111A FFFF FFFF	1270
	A	 0110 111A 1111 0110	0
002762	6EF6	MOVWF TBLPTRL,ACCESS
	K	 0000 1110 KKKK KKKK	60
002764	0E3C	MOVLW HIGH STRINGTABLE107
	F	 0110 111A FFFF FFFF	1271
	A	 0110 111A 1111 0111	0
002766	6EF7	MOVWF TBLPTRH,ACCESS
	K	 0000 1110 KKKK KKKK	0
002768	0E00	MOVLW UPPER STRINGTABLE107
	F	 0110 111A FFFF FFFF	1272
	A	 0110 111A 1111 1000	0
00276A	6EF8	MOVWF TBLPTRU,ACCESS
	K	 0000 0001 00KK KKKK	0
000000	0100	BANKSEL 0
	K	1111 KKKK KKKK KKKK:1110 110S KKKK KKKK	15222
	S	1111 0000 0001 1101:1110 110S 1011 1011	0
00276E	ECBB F01D	CALL SYSREADSTRING
	K	 0000 0001 00KK KKKK	5
000000	0105	BANKSEL SYSSTRINGTEMP
	F	 0110 101A FFFF FFFF	1446
	A	 0110 101A 1010 0110	1
002774	6BA6	CLRF SYSSTRINGTEMP,BANKED
	K	 0000 1110 KKKK KKKK	1
002776	0E01	MOVLW 1
	F	 0101 11DA FFFF FFFF	1416
	D	 0101 11DA 1000 1000	0
	A	 0101 110A 1000 1000	1
002778	5D88	SUBWF SYSCHARCOUNT,W,BANKED
	F	 1010 BBBA FFFF FFFF	1240
	B	 1010 BBBA 1101 1000	0
	A	 1010 000A 1101 1000	0
00277A	A0D8	BTFSS STATUS, C,ACCESS
	N	 1101 0NNN NNNN NNNN	23
00277C	D017	BRA SYSFORLOOPEND5
		SYSFORLOOP5
	F	 0010 10DA FFFF FFFF	1446
	D	 0010 10DA 1010 0110	1
	A	 0010 101A 1010 0110	1
00277E	2BA6	INCF SYSSTRINGTEMP,F,BANKED
	F	 0101 00DA FFFF FFFF	1446
	D	 0101 00DA 1010 0110	0
	A	 0101 000A 1010 0110	1
002780	51A6	MOVF SYSSTRINGTEMP,W,BANKED
	F	 0010 01DA FFFF FFFF	1450
	D	 0010 01DA 1010 1010	0
	A	 0010 010A 1010 1010	1
002782	25AA	ADDWF SYSSYSINSTRINGHANDLER,W,BANKED
	F	 0110 111A FFFF FFFF	1257
	A	 0110 111A 1110 1001	0
002784	6EE9	MOVWF AFSR0,ACCESS
	K	 0000 1110 KKKK KKKK	0
002786	0E00	MOVLW 0
	F	 0010 00DA FFFF FFFF	1451
	D	 0010 00DA 1010 1011	0
	A	 0010 000A 1010 1011	1
002788	21AB	ADDWFC SYSSYSINSTRINGHANDLER_H,W,BANKED
	F	 0110 111A FFFF FFFF	1258
	A	 0110 111A 1110 1010	0
00278A	6EEA	MOVWF AFSR0_H,ACCESS
	S	1111 DDDD DDDD DDDD:1100 SSSS SSSS SSSS	1262
	D	1111 DDDD DDDD DDDD:1100 0100 1110 1110	1414
00278C	C4EE F586	MOVFF POSTINC0,SYSARRAYTEMP1
	S	1111 DDDD DDDD DDDD:1100 SSSS SSSS SSSS	1414
	D	1111 DDDD DDDD DDDD:1100 0101 1000 0110	1415
002790	C586 F587	MOVFF SYSARRAYTEMP1,SYSARRAYTEMP2
	F	1110 1110 00FF KKKK:1111 00KK KKKK KKKK	0
	K	1110 1110 0000 KKKK:1111 00KK KKKK KKKK	5335
002794	EE05 F0D7	LFSR 0,PAD
	F	 0101 00DA FFFF FFFF	1446
	D	 0101 00DA 1010 0110	0
	A	 0101 000A 1010 0110	1
002798	51A6	MOVF SYSSTRINGTEMP,W,BANKED
	F	 0010 01DA FFFF FFFF	1257
	D	 0010 01DA 1110 1001	1
	A	 0010 011A 1110 1001	0
00279A	26E9	ADDWF AFSR0,F,ACCESS
	K	 0000 1110 KKKK KKKK	0
00279C	0E00	MOVLW 0
	F	 0010 00DA FFFF FFFF	1258
	D	 0010 00DA 1110 1010	1
	A	 0010 001A 1110 1010	0
00279E	22EA	ADDWFC AFSR0_H,F,ACCESS
	S	1111 DDDD DDDD DDDD:1100 SSSS SSSS SSSS	1415
	D	1111 DDDD DDDD DDDD:1100 0101 1000 0111	1262
0027A0	C587 F4EE	MOVFF SYSARRAYTEMP2,POSTINC0
	F	 0101 00DA FFFF FFFF	1416
	D	 0101 00DA 1000 1000	0
	A	 0101 000A 1000 1000	1
0027A4	5188	MOVF SYSCHARCOUNT,W,BANKED
	F	 0101 11DA FFFF FFFF	1446
	D	 0101 11DA 1010 0110	0
	A	 0101 110A 1010 0110	1
0027A6	5DA6	SUBWF SYSSTRINGTEMP,W,BANKED
	F	 1010 BBBA FFFF FFFF	1240
	B	 1010 BBBA 1101 1000	0
	A	 1010 000A 1101 1000	0
0027A8	A0D8	BTFSS STATUS, C,ACCESS
	N	 1101 0NNN NNNN NNNN	2025
0027AA	D7E9	BRA SYSFORLOOP5
		SYSFORLOOPEND5
	F	 0010 10DA FFFF FFFF	1416
	D	 0010 10DA 1000 1000	0
	A	 0010 100A 1000 1000	1
0027AC	2988	INCF SYSCHARCOUNT,W,BANKED
	F	 0110 111A FFFF FFFF	1452
	A	 0110 111A 1010 1100	1
0027AE	6FAC	MOVWF SYSTEMP1,BANKED
	F	 0000 01DA FFFF FFFF	1452
	D	 0000 01DA 1010 1100	0
	A	 0000 010A 1010 1100	1
0027B0	05AC	DECF SYSTEMP1,W,BANKED
	F	 0110 111A FFFF FFFF	1446
	A	 0110 111A 1010 0110	1
0027B2	6FA6	MOVWF SYSSTRINGTEMP,BANKED
	F	 0010 10DA FFFF FFFF	1416
	D	 0010 10DA 1000 1000	0
	A	 0010 100A 1000 1000	1
0027B4	2988	INCF SYSCHARCOUNT,W,BANKED
	F	 0110 111A FFFF FFFF	1452
	A	 0110 111A 1010 1100	1
0027B6	6FAC	MOVWF SYSTEMP1,BANKED
	S	1111 DDDD DDDD DDDD:1100 SSSS SSSS SSSS	1452
	D	1111 DDDD DDDD DDDD:1100 0101 1010 1100	1289
0027B8	C5AC F509	MOVFF SYSTEMP1,SYSBYTETEMPB
	S	1111 DDDD DDDD DDDD:1100 SSSS SSSS SSSS	1447
	D	1111 DDDD DDDD DDDD:1100 0101 1010 0111	1285
0027BC	C5A7 F505	MOVFF SYSSTRLEN,SYSBYTETEMPA
	K	 0000 0001 00KK KKKK	0
000000	0100	BANKSEL 0
	K	1111 KKKK KKKK KKKK:1110 110S KKKK KKKK	14444
	S	1111 0000 0001 1100:1110 110S 0011 0110	0
0027C2	EC36 F01C	CALL SYSCOMPLESSTHAN
	F	 1011 BBBA FFFF FFFF	1280
	B	 1011 BBBA 0000 0000	0
	A	 1011 000A 0000 0000	0
0027C6	B000	BTFSC SYSBYTETEMPX,0,ACCESS
	N	 1101 0NNN NNNN NNNN	24
0027C8	D018	BRA SYSFORLOOPEND6
		SYSFORLOOP6
	K	 0000 0001 00KK KKKK	5
000000	0105	BANKSEL SYSSTRINGTEMP
	F	 0010 10DA FFFF FFFF	1446
	D	 0010 10DA 1010 0110	1
	A	 0010 101A 1010 0110	1
0027CC	2BA6	INCF SYSSTRINGTEMP,F,BANKED
	K	 0000 1110 KKKK KKKK	1
0027CE	0E01	MOVLW 1
	F	 0010 01DA FFFF FFFF	1448
	D	 0010 01DA 1010 1000	0
	A	 0010 010A 1010 1000	1
0027D0	25A8	ADDWF SYSSYSINSTRING3HANDLER,W,BANKED
	F	 0110 111A FFFF FFFF	1257
	A	 0110 111A 1110 1001	0
0027D2	6EE9	MOVWF AFSR0,ACCESS
	K	 0000 1110 KKKK KKKK	0
0027D4	0E00	MOVLW 0
	F	 0010 00DA FFFF FFFF	1449
	D	 0010 00DA 1010 1001	0
	A	 0010 000A 1010 1001	1
0027D6	21A9	ADDWFC SYSSYSINSTRING3HANDLER_H,W,BANKED
	F	 0110 111A FFFF FFFF	1258
	A	 0110 111A 1110 1010	0
0027D8	6EEA	MOVWF AFSR0_H,ACCESS
	S	1111 DDDD DDDD DDDD:1100 SSSS SSSS SSSS	1262
	D	1111 DDDD DDDD DDDD:1100 0100 1110 1110	1415
0027DA	C4EE F587	MOVFF POSTINC0,SYSARRAYTEMP2
	S	1111 DDDD DDDD DDDD:1100 SSSS SSSS SSSS	1415
	D	1111 DDDD DDDD DDDD:1100 0101 1000 0111	1414
0027DE	C587 F586	MOVFF SYSARRAYTEMP2,SYSARRAYTEMP1
	F	1110 1110 00FF KKKK:1111 00KK KKKK KKKK	0
	K	1110 1110 0000 KKKK:1111 00KK KKKK KKKK	5335
0027E2	EE05 F0D7	LFSR 0,PAD
	F	 0101 00DA FFFF FFFF	1446
	D	 0101 00DA 1010 0110	0
	A	 0101 000A 1010 0110	1
0027E6	51A6	MOVF SYSSTRINGTEMP,W,BANKED
	F	 0010 01DA FFFF FFFF	1257
	D	 0010 01DA 1110 1001	1
	A	 0010 011A 1110 1001	0
0027E8	26E9	ADDWF AFSR0,F,ACCESS
	K	 0000 1110 KKKK KKKK	0
0027EA	0E00	MOVLW 0
	F	 0010 00DA FFFF FFFF	1258
	D	 0010 00DA 1110 1010	1
	A	 0010 001A 1110 1010	0
0027EC	22EA	ADDWFC AFSR0_H,F,ACCESS
	S	1111 DDDD DDDD DDDD:1100 SSSS SSSS SSSS	1414
	D	1111 DDDD DDDD DDDD:1100 0101 1000 0110	1262
0027EE	C586 F4EE	MOVFF SYSARRAYTEMP1,POSTINC0
	F	 0101 00DA FFFF FFFF	1447
	D	 0101 00DA 1010 0111	0
	A	 0101 000A 1010 0111	1
0027F2	51A7	MOVF SYSSTRLEN,W,BANKED
	F	 0101 11DA FFFF FFFF	1446
	D	 0101 11DA 1010 0110	0
	A	 0101 110A 1010 0110	1
0027F4	5DA6	SUBWF SYSSTRINGTEMP,W,BANKED
	F	 1010 BBBA FFFF FFFF	1240
	B	 1010 BBBA 1101 1000	0
	A	 1010 000A 1101 1000	0
0027F6	A0D8	BTFSS STATUS, C,ACCESS
	N	 1101 0NNN NNNN NNNN	2024
0027F8	D7E8	BRA SYSFORLOOP6
		SYSFORLOOPEND6
	S	0000 0000 0110 SSSS:1111 SSSS SSSS SSDD:1111 DDDD DDDD DDDD	1447
	D	0000 0000 0110 0001:1111 0110 1001 11DD:1111 DDDD DDDD DDDD	5335
0027FA	0061 F69D F4D7	MOVFFL SYSSTRLEN,SYSPAD_0
	N	 1101 0NNN NNNN NNNN	45
002800	D02D	BRA ENDIF40
		ELSE40_1
	F	 0110 101A FFFF FFFF	1446
	A	 0110 101A 1010 0110	1
002802	6BA6	CLRF SYSSTRINGTEMP,BANKED
	S	1111 DDDD DDDD DDDD:1100 SSSS SSSS SSSS	1450
	D	1111 DDDD DDDD DDDD:1100 0101 1010 1010	1257
002804	C5AA F4E9	MOVFF SYSSYSINSTRINGHANDLER,AFSR0
	S	1111 DDDD DDDD DDDD:1100 SSSS SSSS SSSS	1451
	D	1111 DDDD DDDD DDDD:1100 0101 1010 1011	1258
002808	C5AB F4EA	MOVFF SYSSYSINSTRINGHANDLER_H,AFSR0_H
	K	 0000 1110 KKKK KKKK	1
00280C	0E01	MOVLW 1
	F	 0101 11DA FFFF FFFF	1263
	D	 0101 11DA 1110 1111	0
	A	 0101 110A 1110 1111	0
00280E	5CEF	SUBWF INDF0,W,ACCESS
	F	 1010 BBBA FFFF FFFF	1240
	B	 1010 BBBA 1101 1000	0
	A	 1010 000A 1101 1000	0
002810	A0D8	BTFSS STATUS, C,ACCESS
	N	 1101 0NNN NNNN NNNN	27
002812	D01B	BRA SYSFORLOOPEND7
		SYSFORLOOP7
	F	 0010 10DA FFFF FFFF	1446
	D	 0010 10DA 1010 0110	1
	A	 0010 101A 1010 0110	1
002814	2BA6	INCF SYSSTRINGTEMP,F,BANKED
	F	 0101 00DA FFFF FFFF	1446
	D	 0101 00DA 1010 0110	0
	A	 0101 000A 1010 0110	1
002816	51A6	MOVF SYSSTRINGTEMP,W,BANKED
	F	 0010 01DA FFFF FFFF	1450
	D	 0010 01DA 1010 1010	0
	A	 0010 010A 1010 1010	1
002818	25AA	ADDWF SYSSYSINSTRINGHANDLER,W,BANKED
	F	 0110 111A FFFF FFFF	1257
	A	 0110 111A 1110 1001	0
00281A	6EE9	MOVWF AFSR0,ACCESS
	K	 0000 1110 KKKK KKKK	0
00281C	0E00	MOVLW 0
	F	 0010 00DA FFFF FFFF	1451
	D	 0010 00DA 1010 1011	0
	A	 0010 000A 1010 1011	1
00281E	21AB	ADDWFC SYSSYSINSTRINGHANDLER_H,W,BANKED
	F	 0110 111A FFFF FFFF	1258
	A	 0110 111A 1110 1010	0
002820	6EEA	MOVWF AFSR0_H,ACCESS
	S	1111 DDDD DDDD DDDD:1100 SSSS SSSS SSSS	1262
	D	1111 DDDD DDDD DDDD:1100 0100 1110 1110	1414
002822	C4EE F586	MOVFF POSTINC0,SYSARRAYTEMP1
	S	1111 DDDD DDDD DDDD:1100 SSSS SSSS SSSS	1414
	D	1111 DDDD DDDD DDDD:1100 0101 1000 0110	1415
002826	C586 F587	MOVFF SYSARRAYTEMP1,SYSARRAYTEMP2
	F	1110 1110 00FF KKKK:1111 00KK KKKK KKKK	0
	K	1110 1110 0000 KKKK:1111 00KK KKKK KKKK	5335
00282A	EE05 F0D7	LFSR 0,PAD
	F	 0101 00DA FFFF FFFF	1446
	D	 0101 00DA 1010 0110	0
	A	 0101 000A 1010 0110	1
00282E	51A6	MOVF SYSSTRINGTEMP,W,BANKED
	F	 0010 01DA FFFF FFFF	1257
	D	 0010 01DA 1110 1001	1
	A	 0010 011A 1110 1001	0
002830	26E9	ADDWF AFSR0,F,ACCESS
	K	 0000 1110 KKKK KKKK	0
002832	0E00	MOVLW 0
	F	 0010 00DA FFFF FFFF	1258
	D	 0010 00DA 1110 1010	1
	A	 0010 001A 1110 1010	0
002834	22EA	ADDWFC AFSR0_H,F,ACCESS
	S	1111 DDDD DDDD DDDD:1100 SSSS SSSS SSSS	1415
	D	1111 DDDD DDDD DDDD:1100 0101 1000 0111	1262
002836	C587 F4EE	MOVFF SYSARRAYTEMP2,POSTINC0
	S	1111 DDDD DDDD DDDD:1100 SSSS SSSS SSSS	1450
	D	1111 DDDD DDDD DDDD:1100 0101 1010 1010	1257
00283A	C5AA F4E9	MOVFF SYSSYSINSTRINGHANDLER,AFSR0
	S	1111 DDDD DDDD DDDD:1100 SSSS SSSS SSSS	1451
	D	1111 DDDD DDDD DDDD:1100 0101 1010 1011	1258
00283E	C5AB F4EA	MOVFF SYSSYSINSTRINGHANDLER_H,AFSR0_H
	F	 0101 00DA FFFF FFFF	1263
	D	 0101 00DA 1110 1111	0
	A	 0101 000A 1110 1111	0
002842	50EF	MOVF INDF0,W,ACCESS
	F	 0101 11DA FFFF FFFF	1446
	D	 0101 11DA 1010 0110	0
	A	 0101 110A 1010 0110	1
002844	5DA6	SUBWF SYSSTRINGTEMP,W,BANKED
	F	 1010 BBBA FFFF FFFF	1240
	B	 1010 BBBA 1101 1000	0
	A	 1010 000A 1101 1000	0
002846	A0D8	BTFSS STATUS, C,ACCESS
	N	 1101 0NNN NNNN NNNN	2021
002848	D7E5	BRA SYSFORLOOP7
		SYSFORLOOPEND7
	S	1111 DDDD DDDD DDDD:1100 SSSS SSSS SSSS	1450
	D	1111 DDDD DDDD DDDD:1100 0101 1010 1010	1257
00284A	C5AA F4E9	MOVFF SYSSYSINSTRINGHANDLER,AFSR0
	S	1111 DDDD DDDD DDDD:1100 SSSS SSSS SSSS	1451
	D	1111 DDDD DDDD DDDD:1100 0101 1010 1011	1258
00284E	C5AB F4EA	MOVFF SYSSYSINSTRINGHANDLER_H,AFSR0_H
	S	1111 DDDD DDDD DDDD:1100 SSSS SSSS SSSS	1262
	D	1111 DDDD DDDD DDDD:1100 0100 1110 1110	1414
002852	C4EE F586	MOVFF POSTINC0,SYSARRAYTEMP1
	S	0000 0000 0110 SSSS:1111 SSSS SSSS SSDD:1111 DDDD DDDD DDDD	1414
	D	0000 0000 0110 0001:1111 0110 0001 10DD:1111 DDDD DDDD DDDD	5335
002856	0061 F619 F4D7	MOVFFL SYSARRAYTEMP1,SYSPAD_0
		ENDIF40
	K	 0000 0001 00KK KKKK	0
000000	0100	BANKSEL 0
	S	 0000 0000 0001 001S	0
00285E	0012	RETURN


		PSET_ILI9341
	S	1111 DDDD DDDD DDDD:1100 SSSS SSSS SSSS	1350
	D	1111 DDDD DDDD DDDD:1100 0101 0100 0110	1476
002860	C546 F5C4	MOVFF GLCDX,_X1
	S	1111 DDDD DDDD DDDD:1100 SSSS SSSS SSSS	1351
	D	1111 DDDD DDDD DDDD:1100 0101 0100 0111	1477
002864	C547 F5C5	MOVFF GLCDX_H,_X1_H
	S	1111 DDDD DDDD DDDD:1100 SSSS SSSS SSSS	1352
	D	1111 DDDD DDDD DDDD:1100 0101 0100 1000	1480
002868	C548 F5C8	MOVFF GLCDY,_Y1
	S	1111 DDDD DDDD DDDD:1100 SSSS SSSS SSSS	1353
	D	1111 DDDD DDDD DDDD:1100 0101 0100 1001	1481
00286C	C549 F5C9	MOVFF GLCDY_H,_Y1_H
	S	1111 DDDD DDDD DDDD:1100 SSSS SSSS SSSS	1350
	D	1111 DDDD DDDD DDDD:1100 0101 0100 0110	1478
002870	C546 F5C6	MOVFF GLCDX,_X2
	S	1111 DDDD DDDD DDDD:1100 SSSS SSSS SSSS	1351
	D	1111 DDDD DDDD DDDD:1100 0101 0100 0111	1479
002874	C547 F5C7	MOVFF GLCDX_H,_X2_H
	S	1111 DDDD DDDD DDDD:1100 SSSS SSSS SSSS	1352
	D	1111 DDDD DDDD DDDD:1100 0101 0100 1000	1482
002878	C548 F5CA	MOVFF GLCDY,_Y2
	S	1111 DDDD DDDD DDDD:1100 SSSS SSSS SSSS	1353
	D	1111 DDDD DDDD DDDD:1100 0101 0100 1001	1483
00287C	C549 F5CB	MOVFF GLCDY_H,_Y2_H
	N	 1101 1NNN NNNN NNNN	52
002880	D834	RCALL SETADDRESSWINDOW_ILI9341
	S	1111 DDDD DDDD DDDD:1100 SSSS SSSS SSSS	1327
	D	1111 DDDD DDDD DDDD:1100 0101 0010 1111	1357
002882	C52F F54D	MOVFF GLCDCOLOUR,ILI9341SENDWORD
	S	1111 DDDD DDDD DDDD:1100 SSSS SSSS SSSS	1328
	D	1111 DDDD DDDD DDDD:1100 0101 0011 0000	1358
002886	C530 F54E	MOVFF GLCDCOLOUR_H,ILI9341SENDWORD_H
	N	 1101 0NNN NNNN NNNN	28
00288A	D01C	BRA SENDWORD_ILI9341


		SENDCOMMAND_ILI9341
	K	 0000 0001 00KK KKKK	1
000000	0101	BANKSEL LATC
	F	 1001 BBBA FFFF FFFF	322
	B	 1001 BBBA 0100 0010	1
	A	 1001 001A 0100 0010	1
00288E	9342	BCF LATC,1,BANKED
	F	 1001 BBBA FFFF FFFF	322
	B	 1001 BBBA 0100 0010	0
	A	 1001 000A 0100 0010	1
002890	9142	BCF LATC,0,BANKED
	S	1111 DDDD DDDD DDDD:1100 SSSS SSSS SSSS	1356
	D	1111 DDDD DDDD DDDD:1100 0101 0100 1100	1410
002892	C54C F582	MOVFF ILI9341SENDBYTE,SPITXDATA
	K	 0000 0001 00KK KKKK	0
000000	0100	BANKSEL 0
	N	 1101 1NNN NNNN NNNN	1499
002898	DDDB	RCALL HWSPITRANSFER
	S	1111 DDDD DDDD DDDD:1100 SSSS SSSS SSSS	1409
	D	1111 DDDD DDDD DDDD:1100 0101 1000 0001	1359
00289A	C581 F54F	MOVFF SPIRXDATA,ILI9341TEMPOUT
	K	 0000 0001 00KK KKKK	1
000000	0101	BANKSEL LATC
	F	 1000 BBBA FFFF FFFF	322
	B	 1000 BBBA 0100 0010	1
	A	 1000 001A 0100 0010	1
0028A0	8342	BSF LATC,1,BANKED
	K	 0000 0001 00KK KKKK	0
000000	0100	BANKSEL 0
	S	 0000 0000 0001 001S	0
0028A4	0012	RETURN
	S	 0000 0000 0001 001S	0
0028A6	0012	RETURN


		SENDDATA_ILI9341
	K	 0000 0001 00KK KKKK	1
000000	0101	BANKSEL LATC
	F	 1001 BBBA FFFF FFFF	322
	B	 1001 BBBA 0100 0010	1
	A	 1001 001A 0100 0010	1
0028AA	9342	BCF LATC,1,BANKED
	F	 1000 BBBA FFFF FFFF	322
	B	 1000 BBBA 0100 0010	0
	A	 1000 000A 0100 0010	1
0028AC	8142	BSF LATC,0,BANKED
	S	1111 DDDD DDDD DDDD:1100 SSSS SSSS SSSS	1356
	D	1111 DDDD DDDD DDDD:1100 0101 0100 1100	1410
0028AE	C54C F582	MOVFF ILI9341SENDBYTE,SPITXDATA
	K	 0000 0001 00KK KKKK	0
000000	0100	BANKSEL 0
	N	 1101 1NNN NNNN NNNN	1485
0028B4	DDCD	RCALL HWSPITRANSFER
	S	1111 DDDD DDDD DDDD:1100 SSSS SSSS SSSS	1409
	D	1111 DDDD DDDD DDDD:1100 0101 1000 0001	1359
0028B6	C581 F54F	MOVFF SPIRXDATA,ILI9341TEMPOUT
	K	 0000 0001 00KK KKKK	1
000000	0101	BANKSEL LATC
	F	 1000 BBBA FFFF FFFF	322
	B	 1000 BBBA 0100 0010	1
	A	 1000 001A 0100 0010	1
0028BC	8342	BSF LATC,1,BANKED
	K	 0000 0001 00KK KKKK	0
000000	0100	BANKSEL 0
	S	 0000 0000 0001 001S	0
0028C0	0012	RETURN
	S	 0000 0000 0001 001S	0
0028C2	0012	RETURN


		SENDWORD_ILI9341
	K	 0000 0001 00KK KKKK	1
000000	0101	BANKSEL LATC
	F	 1001 BBBA FFFF FFFF	322
	B	 1001 BBBA 0100 0010	1
	A	 1001 001A 0100 0010	1
0028C6	9342	BCF LATC,1,BANKED
	F	 1000 BBBA FFFF FFFF	322
	B	 1000 BBBA 0100 0010	0
	A	 1000 000A 0100 0010	1
0028C8	8142	BSF LATC,0,BANKED
	S	1111 DDDD DDDD DDDD:1100 SSSS SSSS SSSS	1358
	D	1111 DDDD DDDD DDDD:1100 0101 0100 1110	1410
0028CA	C54E F582	MOVFF ILI9341SENDWORD_H,SPITXDATA
	K	 0000 0001 00KK KKKK	0
000000	0100	BANKSEL 0
	N	 1101 1NNN NNNN NNNN	1471
0028D0	DDBF	RCALL HWSPITRANSFER
	S	1111 DDDD DDDD DDDD:1100 SSSS SSSS SSSS	1409
	D	1111 DDDD DDDD DDDD:1100 0101 1000 0001	1359
0028D2	C581 F54F	MOVFF SPIRXDATA,ILI9341TEMPOUT
	S	1111 DDDD DDDD DDDD:1100 SSSS SSSS SSSS	1357
	D	1111 DDDD DDDD DDDD:1100 0101 0100 1101	1410
0028D6	C54D F582	MOVFF ILI9341SENDWORD,SPITXDATA
	N	 1101 1NNN NNNN NNNN	1466
0028DA	DDBA	RCALL HWSPITRANSFER
	S	1111 DDDD DDDD DDDD:1100 SSSS SSSS SSSS	1409
	D	1111 DDDD DDDD DDDD:1100 0101 1000 0001	1359
0028DC	C581 F54F	MOVFF SPIRXDATA,ILI9341TEMPOUT
	K	 0000 0001 00KK KKKK	1
000000	0101	BANKSEL LATC
	F	 1000 BBBA FFFF FFFF	322
	B	 1000 BBBA 0100 0010	1
	A	 1000 001A 0100 0010	1
0028E2	8342	BSF LATC,1,BANKED
	K	 0000 0001 00KK KKKK	0
000000	0100	BANKSEL 0
	S	 0000 0000 0001 001S	0
0028E6	0012	RETURN
	S	 0000 0000 0001 001S	0
0028E8	0012	RETURN


		SETADDRESSWINDOW_ILI9341
	K	 0000 1110 KKKK KKKK	42
0028EA	0E2A	MOVLW 42
	F	 0110 111A FFFF FFFF	1356
	A	 0110 111A 0100 1100	0
0028EC	6E4C	MOVWF ILI9341SENDBYTE,ACCESS
	N	 1101 1NNN NNNN NNNN	1998
0028EE	DFCE	RCALL SENDCOMMAND_ILI9341
	S	1111 DDDD DDDD DDDD:1100 SSSS SSSS SSSS	1477
	D	1111 DDDD DDDD DDDD:1100 0101 1100 0101	1356
0028F0	C5C5 F54C	MOVFF _X1_H,ILI9341SENDBYTE
	N	 1101 1NNN NNNN NNNN	2009
0028F4	DFD9	RCALL SENDDATA_ILI9341
	S	1111 DDDD DDDD DDDD:1100 SSSS SSSS SSSS	1476
	D	1111 DDDD DDDD DDDD:1100 0101 1100 0100	1356
0028F6	C5C4 F54C	MOVFF _X1,ILI9341SENDBYTE
	N	 1101 1NNN NNNN NNNN	2006
0028FA	DFD6	RCALL SENDDATA_ILI9341
	S	1111 DDDD DDDD DDDD:1100 SSSS SSSS SSSS	1479
	D	1111 DDDD DDDD DDDD:1100 0101 1100 0111	1356
0028FC	C5C7 F54C	MOVFF _X2_H,ILI9341SENDBYTE
	N	 1101 1NNN NNNN NNNN	2003
002900	DFD3	RCALL SENDDATA_ILI9341
	S	1111 DDDD DDDD DDDD:1100 SSSS SSSS SSSS	1478
	D	1111 DDDD DDDD DDDD:1100 0101 1100 0110	1356
002902	C5C6 F54C	MOVFF _X2,ILI9341SENDBYTE
	N	 1101 1NNN NNNN NNNN	2000
002906	DFD0	RCALL SENDDATA_ILI9341
	K	 0000 1110 KKKK KKKK	43
002908	0E2B	MOVLW 43
	F	 0110 111A FFFF FFFF	1356
	A	 0110 111A 0100 1100	0
00290A	6E4C	MOVWF ILI9341SENDBYTE,ACCESS
	N	 1101 1NNN NNNN NNNN	1983
00290C	DFBF	RCALL SENDCOMMAND_ILI9341
	S	1111 DDDD DDDD DDDD:1100 SSSS SSSS SSSS	1481
	D	1111 DDDD DDDD DDDD:1100 0101 1100 1001	1356
00290E	C5C9 F54C	MOVFF _Y1_H,ILI9341SENDBYTE
	N	 1101 1NNN NNNN NNNN	1994
002912	DFCA	RCALL SENDDATA_ILI9341
	S	1111 DDDD DDDD DDDD:1100 SSSS SSSS SSSS	1480
	D	1111 DDDD DDDD DDDD:1100 0101 1100 1000	1356
002914	C5C8 F54C	MOVFF _Y1,ILI9341SENDBYTE
	N	 1101 1NNN NNNN NNNN	1991
002918	DFC7	RCALL SENDDATA_ILI9341
	S	1111 DDDD DDDD DDDD:1100 SSSS SSSS SSSS	1483
	D	1111 DDDD DDDD DDDD:1100 0101 1100 1011	1356
00291A	C5CB F54C	MOVFF _Y2_H,ILI9341SENDBYTE
	N	 1101 1NNN NNNN NNNN	1988
00291E	DFC4	RCALL SENDDATA_ILI9341
	S	1111 DDDD DDDD DDDD:1100 SSSS SSSS SSSS	1482
	D	1111 DDDD DDDD DDDD:1100 0101 1100 1010	1356
002920	C5CA F54C	MOVFF _Y2,ILI9341SENDBYTE
	N	 1101 1NNN NNNN NNNN	1985
002924	DFC1	RCALL SENDDATA_ILI9341
	K	 0000 1110 KKKK KKKK	44
002926	0E2C	MOVLW 44
	F	 0110 111A FFFF FFFF	1356
	A	 0110 111A 0100 1100	0
002928	6E4C	MOVWF ILI9341SENDBYTE,ACCESS
	N	 1101 0NNN NNNN NNNN	1968
00292A	D7B0	BRA SENDCOMMAND_ILI9341


		SHOWCASE1
	K	 0000 1110 KKKK KKKK	4
00292C	0E04	MOVLW 4
	F	 0110 111A FFFF FFFF	1347
	A	 0110 111A 0100 0011	0
00292E	6E43	MOVWF GLCDROTATESTATE,ACCESS
	N	 1101 1NNN NNNN NNNN	1350
002930	DD46	RCALL GLCDROTATE_ILI9341
	K	 0000 1110 KKKK KKKK	2
002932	0E02	MOVLW 2
	K	 0000 0001 00KK KKKK	5
000000	0105	BANKSEL STRINGLOCX
	F	 0110 111A FFFF FFFF	1411
	A	 0110 111A 1000 0011	1
002936	6F83	MOVWF STRINGLOCX,BANKED
	F	 0110 101A FFFF FFFF	1412
	A	 0110 101A 1000 0100	1
002938	6B84	CLRF STRINGLOCX_H,BANKED
	K	 0000 1110 KKKK KKKK	1
00293A	0E01	MOVLW 1
	F	 0110 111A FFFF FFFF	1302
	A	 0110 111A 0001 0110	0
00293C	6E16	MOVWF CHARLOCY,ACCESS
	F	 0110 101A FFFF FFFF	1303
	A	 0110 101A 0001 0111	0
00293E	6A17	CLRF CHARLOCY_H,ACCESS
	F	1110 1110 00FF KKKK:1111 00KK KKKK KKKK	1
	K	1110 1110 0001 KKKK:1111 00KK KKKK KKKK	5301
002940	EE15 F0B5	LFSR 1,SYSSTRINGPARAM2
	K	 0000 1110 KKKK KKKK	194
002944	0EC2	MOVLW LOW STRINGTABLE4
	F	 0110 111A FFFF FFFF	1270
	A	 0110 111A 1111 0110	0
002946	6EF6	MOVWF TBLPTRL,ACCESS
	K	 0000 1110 KKKK KKKK	59
002948	0E3B	MOVLW HIGH STRINGTABLE4
	F	 0110 111A FFFF FFFF	1271
	A	 0110 111A 1111 0111	0
00294A	6EF7	MOVWF TBLPTRH,ACCESS
	K	 0000 1110 KKKK KKKK	0
00294C	0E00	MOVLW UPPER STRINGTABLE4
	F	 0110 111A FFFF FFFF	1272
	A	 0110 111A 1111 1000	0
00294E	6EF8	MOVWF TBLPTRU,ACCESS
	K	 0000 0001 00KK KKKK	0
000000	0100	BANKSEL 0
	K	1111 KKKK KKKK KKKK:1110 110S KKKK KKKK	15222
	S	1111 0000 0001 1101:1110 110S 1011 1011	0
002952	ECBB F01D	CALL SYSREADSTRING
	K	 0000 1110 KKKK KKKK	181
002956	0EB5	MOVLW LOW SYSSTRINGPARAM2
	K	 0000 0001 00KK KKKK	5
000000	0105	BANKSEL SYSCHARSHANDLER
	F	 0110 111A FFFF FFFF	1417
	A	 0110 111A 1000 1001	1
00295A	6F89	MOVWF SYSCHARSHANDLER,BANKED
	K	 0000 1110 KKKK KKKK	20
00295C	0E14	MOVLW HIGH SYSSTRINGPARAM2
	F	 0110 111A FFFF FFFF	1418
	A	 0110 111A 1000 1010	1
00295E	6F8A	MOVWF SYSCHARSHANDLER_H,BANKED
	F	 0110 100A FFFF FFFF	1366
	A	 0110 100A 0101 0110	0
002960	6856	SETF LINECOLOUR,ACCESS
	F	 0110 100A FFFF FFFF	1367
	A	 0110 100A 0101 0111	0
002962	6857	SETF LINECOLOUR_H,ACCESS
	K	 0000 0001 00KK KKKK	0
000000	0100	BANKSEL 0
	N	 1101 1NNN NNNN NNNN	1083
002966	DC3B	RCALL GLCDDRAWSTRING_ILI9341
	K	 0000 1110 KKKK KKKK	56
002968	0E38	MOVLW 56
	K	 0000 0001 00KK KKKK	5
000000	0105	BANKSEL STRINGLOCX
	F	 0110 111A FFFF FFFF	1411
	A	 0110 111A 1000 0011	1
00296C	6F83	MOVWF STRINGLOCX,BANKED
	F	 0110 101A FFFF FFFF	1412
	A	 0110 101A 1000 0100	1
00296E	6B84	CLRF STRINGLOCX_H,BANKED
	K	 0000 1110 KKKK KKKK	1
002970	0E01	MOVLW 1
	F	 0110 111A FFFF FFFF	1302
	A	 0110 111A 0001 0110	0
002972	6E16	MOVWF CHARLOCY,ACCESS
	F	 0110 101A FFFF FFFF	1303
	A	 0110 101A 0001 0111	0
002974	6A17	CLRF CHARLOCY_H,ACCESS
	F	1110 1110 00FF KKKK:1111 00KK KKKK KKKK	1
	K	1110 1110 0001 KKKK:1111 00KK KKKK KKKK	5301
002976	EE15 F0B5	LFSR 1,SYSSTRINGPARAM2
	K	 0000 1110 KKKK KKKK	198
00297A	0EC6	MOVLW LOW STRINGTABLE5
	F	 0110 111A FFFF FFFF	1270
	A	 0110 111A 1111 0110	0
00297C	6EF6	MOVWF TBLPTRL,ACCESS
	K	 0000 1110 KKKK KKKK	59
00297E	0E3B	MOVLW HIGH STRINGTABLE5
	F	 0110 111A FFFF FFFF	1271
	A	 0110 111A 1111 0111	0
002980	6EF7	MOVWF TBLPTRH,ACCESS
	K	 0000 1110 KKKK KKKK	0
002982	0E00	MOVLW UPPER STRINGTABLE5
	F	 0110 111A FFFF FFFF	1272
	A	 0110 111A 1111 1000	0
002984	6EF8	MOVWF TBLPTRU,ACCESS
	K	 0000 0001 00KK KKKK	0
000000	0100	BANKSEL 0
	K	1111 KKKK KKKK KKKK:1110 110S KKKK KKKK	15222
	S	1111 0000 0001 1101:1110 110S 1011 1011	0
002988	ECBB F01D	CALL SYSREADSTRING
	K	 0000 1110 KKKK KKKK	181
00298C	0EB5	MOVLW LOW SYSSTRINGPARAM2
	K	 0000 0001 00KK KKKK	5
000000	0105	BANKSEL SYSCHARSHANDLER
	F	 0110 111A FFFF FFFF	1417
	A	 0110 111A 1000 1001	1
002990	6F89	MOVWF SYSCHARSHANDLER,BANKED
	K	 0000 1110 KKKK KKKK	20
002992	0E14	MOVLW HIGH SYSSTRINGPARAM2
	F	 0110 111A FFFF FFFF	1418
	A	 0110 111A 1000 1010	1
002994	6F8A	MOVWF SYSCHARSHANDLER_H,BANKED
	K	 0000 1110 KKKK KKKK	224
002996	0EE0	MOVLW 224
	F	 0110 111A FFFF FFFF	1366
	A	 0110 111A 0101 0110	0
002998	6E56	MOVWF LINECOLOUR,ACCESS
	F	 0110 100A FFFF FFFF	1367
	A	 0110 100A 0101 0111	0
00299A	6857	SETF LINECOLOUR_H,ACCESS
	K	 0000 0001 00KK KKKK	0
000000	0100	BANKSEL 0
	N	 1101 1NNN NNNN NNNN	1055
00299E	DC1F	RCALL GLCDDRAWSTRING_ILI9341
	K	 0000 1110 KKKK KKKK	2
0029A0	0E02	MOVLW 2
	K	 0000 0001 00KK KKKK	5
000000	0105	BANKSEL STRINGLOCX
	F	 0110 111A FFFF FFFF	1411
	A	 0110 111A 1000 0011	1
0029A4	6F83	MOVWF STRINGLOCX,BANKED
	F	 0110 101A FFFF FFFF	1412
	A	 0110 101A 1000 0100	1
0029A6	6B84	CLRF STRINGLOCX_H,BANKED
	K	 0000 1110 KKKK KKKK	16
0029A8	0E10	MOVLW 16
	F	 0110 111A FFFF FFFF	1302
	A	 0110 111A 0001 0110	0
0029AA	6E16	MOVWF CHARLOCY,ACCESS
	F	 0110 101A FFFF FFFF	1303
	A	 0110 101A 0001 0111	0
0029AC	6A17	CLRF CHARLOCY_H,ACCESS
	F	1110 1110 00FF KKKK:1111 00KK KKKK KKKK	1
	K	1110 1110 0001 KKKK:1111 00KK KKKK KKKK	5301
0029AE	EE15 F0B5	LFSR 1,SYSSTRINGPARAM2
	K	 0000 1110 KKKK KKKK	204
0029B2	0ECC	MOVLW LOW STRINGTABLE6
	F	 0110 111A FFFF FFFF	1270
	A	 0110 111A 1111 0110	0
0029B4	6EF6	MOVWF TBLPTRL,ACCESS
	K	 0000 1110 KKKK KKKK	59
0029B6	0E3B	MOVLW HIGH STRINGTABLE6
	F	 0110 111A FFFF FFFF	1271
	A	 0110 111A 1111 0111	0
0029B8	6EF7	MOVWF TBLPTRH,ACCESS
	K	 0000 1110 KKKK KKKK	0
0029BA	0E00	MOVLW UPPER STRINGTABLE6
	F	 0110 111A FFFF FFFF	1272
	A	 0110 111A 1111 1000	0
0029BC	6EF8	MOVWF TBLPTRU,ACCESS
	K	 0000 0001 00KK KKKK	0
000000	0100	BANKSEL 0
	K	1111 KKKK KKKK KKKK:1110 110S KKKK KKKK	15222
	S	1111 0000 0001 1101:1110 110S 1011 1011	0
0029C0	ECBB F01D	CALL SYSREADSTRING
	K	 0000 1110 KKKK KKKK	181
0029C4	0EB5	MOVLW LOW SYSSTRINGPARAM2
	K	 0000 0001 00KK KKKK	5
000000	0105	BANKSEL SYSCHARSHANDLER
	F	 0110 111A FFFF FFFF	1417
	A	 0110 111A 1000 1001	1
0029C8	6F89	MOVWF SYSCHARSHANDLER,BANKED
	K	 0000 1110 KKKK KKKK	20
0029CA	0E14	MOVLW HIGH SYSSTRINGPARAM2
	F	 0110 111A FFFF FFFF	1418
	A	 0110 111A 1000 1010	1
0029CC	6F8A	MOVWF SYSCHARSHANDLER_H,BANKED
	F	 0110 100A FFFF FFFF	1366
	A	 0110 100A 0101 0110	0
0029CE	6856	SETF LINECOLOUR,ACCESS
	F	 0110 100A FFFF FFFF	1367
	A	 0110 100A 0101 0111	0
0029D0	6857	SETF LINECOLOUR_H,ACCESS
	K	 0000 0001 00KK KKKK	0
000000	0100	BANKSEL 0
	N	 1101 1NNN NNNN NNNN	1028
0029D4	DC04	RCALL GLCDDRAWSTRING_ILI9341
	K	 0000 1110 KKKK KKKK	60
0029D6	0E3C	MOVLW 60
	K	 0000 0001 00KK KKKK	5
000000	0105	BANKSEL STRINGLOCX
	F	 0110 111A FFFF FFFF	1411
	A	 0110 111A 1000 0011	1
0029DA	6F83	MOVWF STRINGLOCX,BANKED
	F	 0110 101A FFFF FFFF	1412
	A	 0110 101A 1000 0100	1
0029DC	6B84	CLRF STRINGLOCX_H,BANKED
	K	 0000 1110 KKKK KKKK	31
0029DE	0E1F	MOVLW 31
	F	 0110 111A FFFF FFFF	1302
	A	 0110 111A 0001 0110	0
0029E0	6E16	MOVWF CHARLOCY,ACCESS
	F	 0110 101A FFFF FFFF	1303
	A	 0110 101A 0001 0111	0
0029E2	6A17	CLRF CHARLOCY_H,ACCESS
	F	1110 1110 00FF KKKK:1111 00KK KKKK KKKK	1
	K	1110 1110 0001 KKKK:1111 00KK KKKK KKKK	5301
0029E4	EE15 F0B5	LFSR 1,SYSSTRINGPARAM2
	K	 0000 1110 KKKK KKKK	212
0029E8	0ED4	MOVLW LOW STRINGTABLE7
	F	 0110 111A FFFF FFFF	1270
	A	 0110 111A 1111 0110	0
0029EA	6EF6	MOVWF TBLPTRL,ACCESS
	K	 0000 1110 KKKK KKKK	59
0029EC	0E3B	MOVLW HIGH STRINGTABLE7
	F	 0110 111A FFFF FFFF	1271
	A	 0110 111A 1111 0111	0
0029EE	6EF7	MOVWF TBLPTRH,ACCESS
	K	 0000 1110 KKKK KKKK	0
0029F0	0E00	MOVLW UPPER STRINGTABLE7
	F	 0110 111A FFFF FFFF	1272
	A	 0110 111A 1111 1000	0
0029F2	6EF8	MOVWF TBLPTRU,ACCESS
	K	 0000 0001 00KK KKKK	0
000000	0100	BANKSEL 0
	K	1111 KKKK KKKK KKKK:1110 110S KKKK KKKK	15222
	S	1111 0000 0001 1101:1110 110S 1011 1011	0
0029F6	ECBB F01D	CALL SYSREADSTRING
	K	 0000 1110 KKKK KKKK	181
0029FA	0EB5	MOVLW LOW SYSSTRINGPARAM2
	K	 0000 0001 00KK KKKK	5
000000	0105	BANKSEL SYSCHARSHANDLER
	F	 0110 111A FFFF FFFF	1417
	A	 0110 111A 1000 1001	1
0029FE	6F89	MOVWF SYSCHARSHANDLER,BANKED
	K	 0000 1110 KKKK KKKK	20
002A00	0E14	MOVLW HIGH SYSSTRINGPARAM2
	F	 0110 111A FFFF FFFF	1418
	A	 0110 111A 1000 1010	1
002A02	6F8A	MOVWF SYSCHARSHANDLER_H,BANKED
	S	1111 DDDD DDDD DDDD:1100 SSSS SSSS SSSS	1337
	D	1111 DDDD DDDD DDDD:1100 0101 0011 1001	1366
002A04	C539 F556	MOVFF GLCDFOREGROUND,LINECOLOUR
	S	1111 DDDD DDDD DDDD:1100 SSSS SSSS SSSS	1338
	D	1111 DDDD DDDD DDDD:1100 0101 0011 1010	1367
002A08	C53A F557	MOVFF GLCDFOREGROUND_H,LINECOLOUR_H
	K	 0000 0001 00KK KKKK	0
000000	0100	BANKSEL 0
	K	1111 KKKK KKKK KKKK:1110 110S KKKK KKKK	8670
	S	1111 0000 0001 0000:1110 110S 1110 1111	0
002A0E	ECEF F010	CALL GLCDDRAWSTRING_ILI9341
	K	 0000 1110 KKKK KKKK	60
002A12	0E3C	MOVLW 60
	K	 0000 0001 00KK KKKK	5
000000	0105	BANKSEL STRINGLOCX
	F	 0110 111A FFFF FFFF	1411
	A	 0110 111A 1000 0011	1
002A16	6F83	MOVWF STRINGLOCX,BANKED
	F	 0110 101A FFFF FFFF	1412
	A	 0110 101A 1000 0100	1
002A18	6B84	CLRF STRINGLOCX_H,BANKED
	K	 0000 1110 KKKK KKKK	39
002A1A	0E27	MOVLW 39
	F	 0110 111A FFFF FFFF	1302
	A	 0110 111A 0001 0110	0
002A1C	6E16	MOVWF CHARLOCY,ACCESS
	F	 0110 101A FFFF FFFF	1303
	A	 0110 101A 0001 0111	0
002A1E	6A17	CLRF CHARLOCY_H,ACCESS
	F	1110 1110 00FF KKKK:1111 00KK KKKK KKKK	1
	K	1110 1110 0001 KKKK:1111 00KK KKKK KKKK	5301
002A20	EE15 F0B5	LFSR 1,SYSSTRINGPARAM2
	K	 0000 1110 KKKK KKKK	224
002A24	0EE0	MOVLW LOW STRINGTABLE8
	F	 0110 111A FFFF FFFF	1270
	A	 0110 111A 1111 0110	0
002A26	6EF6	MOVWF TBLPTRL,ACCESS
	K	 0000 1110 KKKK KKKK	59
002A28	0E3B	MOVLW HIGH STRINGTABLE8
	F	 0110 111A FFFF FFFF	1271
	A	 0110 111A 1111 0111	0
002A2A	6EF7	MOVWF TBLPTRH,ACCESS
	K	 0000 1110 KKKK KKKK	0
002A2C	0E00	MOVLW UPPER STRINGTABLE8
	F	 0110 111A FFFF FFFF	1272
	A	 0110 111A 1111 1000	0
002A2E	6EF8	MOVWF TBLPTRU,ACCESS
	K	 0000 0001 00KK KKKK	0
000000	0100	BANKSEL 0
	K	1111 KKKK KKKK KKKK:1110 110S KKKK KKKK	15222
	S	1111 0000 0001 1101:1110 110S 1011 1011	0
002A32	ECBB F01D	CALL SYSREADSTRING
	K	 0000 1110 KKKK KKKK	181
002A36	0EB5	MOVLW LOW SYSSTRINGPARAM2
	K	 0000 0001 00KK KKKK	5
000000	0105	BANKSEL SYSCHARSHANDLER
	F	 0110 111A FFFF FFFF	1417
	A	 0110 111A 1000 1001	1
002A3A	6F89	MOVWF SYSCHARSHANDLER,BANKED
	K	 0000 1110 KKKK KKKK	20
002A3C	0E14	MOVLW HIGH SYSSTRINGPARAM2
	F	 0110 111A FFFF FFFF	1418
	A	 0110 111A 1000 1010	1
002A3E	6F8A	MOVWF SYSCHARSHANDLER_H,BANKED
	S	1111 DDDD DDDD DDDD:1100 SSSS SSSS SSSS	1337
	D	1111 DDDD DDDD DDDD:1100 0101 0011 1001	1366
002A40	C539 F556	MOVFF GLCDFOREGROUND,LINECOLOUR
	S	1111 DDDD DDDD DDDD:1100 SSSS SSSS SSSS	1338
	D	1111 DDDD DDDD DDDD:1100 0101 0011 1010	1367
002A44	C53A F557	MOVFF GLCDFOREGROUND_H,LINECOLOUR_H
	K	 0000 0001 00KK KKKK	0
000000	0100	BANKSEL 0
	K	1111 KKKK KKKK KKKK:1110 110S KKKK KKKK	8670
	S	1111 0000 0001 0000:1110 110S 1110 1111	0
002A4A	ECEF F010	CALL GLCDDRAWSTRING_ILI9341
	K	 0000 1110 KKKK KKKK	60
002A4E	0E3C	MOVLW 60
	K	 0000 0001 00KK KKKK	5
000000	0105	BANKSEL STRINGLOCX
	F	 0110 111A FFFF FFFF	1411
	A	 0110 111A 1000 0011	1
002A52	6F83	MOVWF STRINGLOCX,BANKED
	F	 0110 101A FFFF FFFF	1412
	A	 0110 101A 1000 0100	1
002A54	6B84	CLRF STRINGLOCX_H,BANKED
	K	 0000 1110 KKKK KKKK	47
002A56	0E2F	MOVLW 47
	F	 0110 111A FFFF FFFF	1302
	A	 0110 111A 0001 0110	0
002A58	6E16	MOVWF CHARLOCY,ACCESS
	F	 0110 101A FFFF FFFF	1303
	A	 0110 101A 0001 0111	0
002A5A	6A17	CLRF CHARLOCY_H,ACCESS
	F	1110 1110 00FF KKKK:1111 00KK KKKK KKKK	1
	K	1110 1110 0001 KKKK:1111 00KK KKKK KKKK	5301
002A5C	EE15 F0B5	LFSR 1,SYSSTRINGPARAM2
	K	 0000 1110 KKKK KKKK	236
002A60	0EEC	MOVLW LOW STRINGTABLE9
	F	 0110 111A FFFF FFFF	1270
	A	 0110 111A 1111 0110	0
002A62	6EF6	MOVWF TBLPTRL,ACCESS
	K	 0000 1110 KKKK KKKK	59
002A64	0E3B	MOVLW HIGH STRINGTABLE9
	F	 0110 111A FFFF FFFF	1271
	A	 0110 111A 1111 0111	0
002A66	6EF7	MOVWF TBLPTRH,ACCESS
	K	 0000 1110 KKKK KKKK	0
002A68	0E00	MOVLW UPPER STRINGTABLE9
	F	 0110 111A FFFF FFFF	1272
	A	 0110 111A 1111 1000	0
002A6A	6EF8	MOVWF TBLPTRU,ACCESS
	K	 0000 0001 00KK KKKK	0
000000	0100	BANKSEL 0
	K	1111 KKKK KKKK KKKK:1110 110S KKKK KKKK	15222
	S	1111 0000 0001 1101:1110 110S 1011 1011	0
002A6E	ECBB F01D	CALL SYSREADSTRING
	K	 0000 1110 KKKK KKKK	181
002A72	0EB5	MOVLW LOW SYSSTRINGPARAM2
	K	 0000 0001 00KK KKKK	5
000000	0105	BANKSEL SYSCHARSHANDLER
	F	 0110 111A FFFF FFFF	1417
	A	 0110 111A 1000 1001	1
002A76	6F89	MOVWF SYSCHARSHANDLER,BANKED
	K	 0000 1110 KKKK KKKK	20
002A78	0E14	MOVLW HIGH SYSSTRINGPARAM2
	F	 0110 111A FFFF FFFF	1418
	A	 0110 111A 1000 1010	1
002A7A	6F8A	MOVWF SYSCHARSHANDLER_H,BANKED
	S	1111 DDDD DDDD DDDD:1100 SSSS SSSS SSSS	1337
	D	1111 DDDD DDDD DDDD:1100 0101 0011 1001	1366
002A7C	C539 F556	MOVFF GLCDFOREGROUND,LINECOLOUR
	S	1111 DDDD DDDD DDDD:1100 SSSS SSSS SSSS	1338
	D	1111 DDDD DDDD DDDD:1100 0101 0011 1010	1367
002A80	C53A F557	MOVFF GLCDFOREGROUND_H,LINECOLOUR_H
	K	 0000 0001 00KK KKKK	0
000000	0100	BANKSEL 0
	K	1111 KKKK KKKK KKKK:1110 110S KKKK KKKK	8670
	S	1111 0000 0001 0000:1110 110S 1110 1111	0
002A86	ECEF F010	CALL GLCDDRAWSTRING_ILI9341
	K	 0000 1110 KKKK KKKK	74
002A8A	0E4A	MOVLW 74
	K	 0000 0001 00KK KKKK	5
000000	0105	BANKSEL STRINGLOCX
	F	 0110 111A FFFF FFFF	1411
	A	 0110 111A 1000 0011	1
002A8E	6F83	MOVWF STRINGLOCX,BANKED
	F	 0110 101A FFFF FFFF	1412
	A	 0110 101A 1000 0100	1
002A90	6B84	CLRF STRINGLOCX_H,BANKED
	K	 0000 1110 KKKK KKKK	16
002A92	0E10	MOVLW 16
	F	 0110 111A FFFF FFFF	1302
	A	 0110 111A 0001 0110	0
002A94	6E16	MOVWF CHARLOCY,ACCESS
	F	 0110 101A FFFF FFFF	1303
	A	 0110 101A 0001 0111	0
002A96	6A17	CLRF CHARLOCY_H,ACCESS
	F	1110 1110 00FF KKKK:1111 00KK KKKK KKKK	1
	K	1110 1110 0001 KKKK:1111 00KK KKKK KKKK	5301
002A98	EE15 F0B5	LFSR 1,SYSSTRINGPARAM2
	K	 0000 1110 KKKK KKKK	248
002A9C	0EF8	MOVLW LOW STRINGTABLE10
	F	 0110 111A FFFF FFFF	1270
	A	 0110 111A 1111 0110	0
002A9E	6EF6	MOVWF TBLPTRL,ACCESS
	K	 0000 1110 KKKK KKKK	59
002AA0	0E3B	MOVLW HIGH STRINGTABLE10
	F	 0110 111A FFFF FFFF	1271
	A	 0110 111A 1111 0111	0
002AA2	6EF7	MOVWF TBLPTRH,ACCESS
	K	 0000 1110 KKKK KKKK	0
002AA4	0E00	MOVLW UPPER STRINGTABLE10
	F	 0110 111A FFFF FFFF	1272
	A	 0110 111A 1111 1000	0
002AA6	6EF8	MOVWF TBLPTRU,ACCESS
	K	 0000 0001 00KK KKKK	0
000000	0100	BANKSEL 0
	K	1111 KKKK KKKK KKKK:1110 110S KKKK KKKK	15222
	S	1111 0000 0001 1101:1110 110S 1011 1011	0
002AAA	ECBB F01D	CALL SYSREADSTRING
	K	 0000 1110 KKKK KKKK	181
002AAE	0EB5	MOVLW LOW SYSSTRINGPARAM2
	K	 0000 0001 00KK KKKK	5
000000	0105	BANKSEL SYSCHARSHANDLER
	F	 0110 111A FFFF FFFF	1417
	A	 0110 111A 1000 1001	1
002AB2	6F89	MOVWF SYSCHARSHANDLER,BANKED
	K	 0000 1110 KKKK KKKK	20
002AB4	0E14	MOVLW HIGH SYSSTRINGPARAM2
	F	 0110 111A FFFF FFFF	1418
	A	 0110 111A 1000 1010	1
002AB6	6F8A	MOVWF SYSCHARSHANDLER_H,BANKED
	S	1111 DDDD DDDD DDDD:1100 SSSS SSSS SSSS	1337
	D	1111 DDDD DDDD DDDD:1100 0101 0011 1001	1366
002AB8	C539 F556	MOVFF GLCDFOREGROUND,LINECOLOUR
	S	1111 DDDD DDDD DDDD:1100 SSSS SSSS SSSS	1338
	D	1111 DDDD DDDD DDDD:1100 0101 0011 1010	1367
002ABC	C53A F557	MOVFF GLCDFOREGROUND_H,LINECOLOUR_H
	K	 0000 0001 00KK KKKK	0
000000	0100	BANKSEL 0
	K	1111 KKKK KKKK KKKK:1110 110S KKKK KKKK	8670
	S	1111 0000 0001 0000:1110 110S 1110 1111	0
002AC2	ECEF F010	CALL GLCDDRAWSTRING_ILI9341
	K	 0000 0001 00KK KKKK	5
000000	0105	BANKSEL LINEX1
	F	 0110 101A FFFF FFFF	1382
	A	 0110 101A 0110 0110	1
002AC8	6B66	CLRF LINEX1,BANKED
	F	 0110 101A FFFF FFFF	1383
	A	 0110 101A 0110 0111	1
002ACA	6B67	CLRF LINEX1_H,BANKED
	F	 0110 101A FFFF FFFF	1386
	A	 0110 101A 0110 1010	1
002ACC	6B6A	CLRF LINEY1,BANKED
	F	 0110 101A FFFF FFFF	1387
	A	 0110 101A 0110 1011	1
002ACE	6B6B	CLRF LINEY1_H,BANKED
	K	 0000 1110 KKKK KKKK	1
002AD0	0E01	MOVLW 1
	F	 0101 11DA FFFF FFFF	1331
	D	 0101 11DA 0011 0011	0
	A	 0101 110A 0011 0011	0
002AD2	5C33	SUBWF GLCDDEVICEWIDTH,W,ACCESS
	F	 0110 111A FFFF FFFF	1384
	A	 0110 111A 0110 1000	1
002AD4	6F68	MOVWF LINEX2,BANKED
	K	 0000 1110 KKKK KKKK	0
002AD6	0E00	MOVLW 0
	F	 0101 10DA FFFF FFFF	1332
	D	 0101 10DA 0011 0100	0
	A	 0101 100A 0011 0100	0
002AD8	5834	SUBWFB GLCDDEVICEWIDTH_H,W,ACCESS
	F	 0110 111A FFFF FFFF	1385
	A	 0110 111A 0110 1001	1
002ADA	6F69	MOVWF LINEX2_H,BANKED
	K	 0000 1110 KKKK KKKK	1
002ADC	0E01	MOVLW 1
	F	 0101 11DA FFFF FFFF	1329
	D	 0101 11DA 0011 0001	0
	A	 0101 110A 0011 0001	0
002ADE	5C31	SUBWF GLCDDEVICEHEIGHT,W,ACCESS
	F	 0110 111A FFFF FFFF	1388
	A	 0110 111A 0110 1100	1
002AE0	6F6C	MOVWF LINEY2,BANKED
	K	 0000 1110 KKKK KKKK	0
002AE2	0E00	MOVLW 0
	F	 0101 10DA FFFF FFFF	1330
	D	 0101 10DA 0011 0010	0
	A	 0101 100A 0011 0010	0
002AE4	5832	SUBWFB GLCDDEVICEHEIGHT_H,W,ACCESS
	F	 0110 111A FFFF FFFF	1389
	A	 0110 111A 0110 1101	1
002AE6	6F6D	MOVWF LINEY2_H,BANKED
	K	 0000 1110 KKKK KKKK	224
002AE8	0EE0	MOVLW 224
	F	 0110 111A FFFF FFFF	1366
	A	 0110 111A 0101 0110	0
002AEA	6E56	MOVWF LINECOLOUR,ACCESS
	F	 0110 100A FFFF FFFF	1367
	A	 0110 100A 0101 0111	0
002AEC	6857	SETF LINECOLOUR_H,ACCESS
	K	 0000 0001 00KK KKKK	0
000000	0100	BANKSEL 0
	K	1111 KKKK KKKK KKKK:1110 110S KKKK KKKK	4148
	S	1111 0000 0000 1000:1110 110S 0001 1010	0
002AF0	EC1A F008	CALL BOX19
	K	 0000 1110 KKKK KKKK	5
002AF4	0E05	MOVLW 5
	F	 0101 11DA FFFF FFFF	1331
	D	 0101 11DA 0011 0011	0
	A	 0101 110A 0011 0011	0
002AF6	5C33	SUBWF GLCDDEVICEWIDTH,W,ACCESS
	K	 0000 0001 00KK KKKK	5
000000	0105	BANKSEL LINEX1
	F	 0110 111A FFFF FFFF	1382
	A	 0110 111A 0110 0110	1
002AFA	6F66	MOVWF LINEX1,BANKED
	K	 0000 1110 KKKK KKKK	0
002AFC	0E00	MOVLW 0
	F	 0101 10DA FFFF FFFF	1332
	D	 0101 10DA 0011 0100	0
	A	 0101 100A 0011 0100	0
002AFE	5834	SUBWFB GLCDDEVICEWIDTH_H,W,ACCESS
	F	 0110 111A FFFF FFFF	1383
	A	 0110 111A 0110 0111	1
002B00	6F67	MOVWF LINEX1_H,BANKED
	K	 0000 1110 KKKK KKKK	5
002B02	0E05	MOVLW 5
	F	 0101 11DA FFFF FFFF	1329
	D	 0101 11DA 0011 0001	0
	A	 0101 110A 0011 0001	0
002B04	5C31	SUBWF GLCDDEVICEHEIGHT,W,ACCESS
	F	 0110 111A FFFF FFFF	1386
	A	 0110 111A 0110 1010	1
002B06	6F6A	MOVWF LINEY1,BANKED
	K	 0000 1110 KKKK KKKK	0
002B08	0E00	MOVLW 0
	F	 0101 10DA FFFF FFFF	1330
	D	 0101 10DA 0011 0010	0
	A	 0101 100A 0011 0010	0
002B0A	5832	SUBWFB GLCDDEVICEHEIGHT_H,W,ACCESS
	F	 0110 111A FFFF FFFF	1387
	A	 0110 111A 0110 1011	1
002B0C	6F6B	MOVWF LINEY1_H,BANKED
	K	 0000 1110 KKKK KKKK	1
002B0E	0E01	MOVLW 1
	F	 0101 11DA FFFF FFFF	1331
	D	 0101 11DA 0011 0011	0
	A	 0101 110A 0011 0011	0
002B10	5C33	SUBWF GLCDDEVICEWIDTH,W,ACCESS
	F	 0110 111A FFFF FFFF	1384
	A	 0110 111A 0110 1000	1
002B12	6F68	MOVWF LINEX2,BANKED
	K	 0000 1110 KKKK KKKK	0
002B14	0E00	MOVLW 0
	F	 0101 10DA FFFF FFFF	1332
	D	 0101 10DA 0011 0100	0
	A	 0101 100A 0011 0100	0
002B16	5834	SUBWFB GLCDDEVICEWIDTH_H,W,ACCESS
	F	 0110 111A FFFF FFFF	1385
	A	 0110 111A 0110 1001	1
002B18	6F69	MOVWF LINEX2_H,BANKED
	K	 0000 1110 KKKK KKKK	1
002B1A	0E01	MOVLW 1
	F	 0101 11DA FFFF FFFF	1329
	D	 0101 11DA 0011 0001	0
	A	 0101 110A 0011 0001	0
002B1C	5C31	SUBWF GLCDDEVICEHEIGHT,W,ACCESS
	F	 0110 111A FFFF FFFF	1388
	A	 0110 111A 0110 1100	1
002B1E	6F6C	MOVWF LINEY2,BANKED
	K	 0000 1110 KKKK KKKK	0
002B20	0E00	MOVLW 0
	F	 0101 10DA FFFF FFFF	1330
	D	 0101 10DA 0011 0010	0
	A	 0101 100A 0011 0010	0
002B22	5832	SUBWFB GLCDDEVICEHEIGHT_H,W,ACCESS
	F	 0110 111A FFFF FFFF	1389
	A	 0110 111A 0110 1101	1
002B24	6F6D	MOVWF LINEY2_H,BANKED
	F	 0110 100A FFFF FFFF	1366
	A	 0110 100A 0101 0110	0
002B26	6856	SETF LINECOLOUR,ACCESS
	F	 0110 100A FFFF FFFF	1367
	A	 0110 100A 0101 0111	0
002B28	6857	SETF LINECOLOUR_H,ACCESS
	K	 0000 0001 00KK KKKK	0
000000	0100	BANKSEL 0
	K	1111 KKKK KKKK KKKK:1110 110S KKKK KKKK	4148
	S	1111 0000 0000 1000:1110 110S 0001 1010	0
002B2C	EC1A F008	CALL BOX19
	S	1111 DDDD DDDD DDDD:1100 SSSS SSSS SSSS	1331
	D	1111 DDDD DDDD DDDD:1100 0101 0011 0011	1285
002B30	C533 F505	MOVFF GLCDDEVICEWIDTH,SYSWORDTEMPA
	S	1111 DDDD DDDD DDDD:1100 SSSS SSSS SSSS	1332
	D	1111 DDDD DDDD DDDD:1100 0101 0011 0100	1286
002B34	C534 F506	MOVFF GLCDDEVICEWIDTH_H,SYSWORDTEMPA_H
	K	 0000 1110 KKKK KKKK	2
002B38	0E02	MOVLW 2
	F	 0110 111A FFFF FFFF	1289
	A	 0110 111A 0000 1001	0
002B3A	6E09	MOVWF SYSWORDTEMPB,ACCESS
	F	 0110 101A FFFF FFFF	1290
	A	 0110 101A 0000 1010	0
002B3C	6A0A	CLRF SYSWORDTEMPB_H,ACCESS
	K	1111 KKKK KKKK KKKK:1110 110S KKKK KKKK	14648
	S	1111 0000 0001 1100:1110 110S 1001 1100	0
002B3E	EC9C F01C	CALL SYSDIVSUB16
	S	1111 DDDD DDDD DDDD:1100 SSSS SSSS SSSS	1285
	D	1111 DDDD DDDD DDDD:1100 0101 0000 0101	1465
002B42	C505 F5B9	MOVFF SYSWORDTEMPA,XOFFSET
	S	1111 DDDD DDDD DDDD:1100 SSSS SSSS SSSS	1286
	D	1111 DDDD DDDD DDDD:1100 0101 0000 0110	1466
002B46	C506 F5BA	MOVFF SYSWORDTEMPA_H,XOFFSET_H
	S	1111 DDDD DDDD DDDD:1100 SSSS SSSS SSSS	1329
	D	1111 DDDD DDDD DDDD:1100 0101 0011 0001	1285
002B4A	C531 F505	MOVFF GLCDDEVICEHEIGHT,SYSWORDTEMPA
	S	1111 DDDD DDDD DDDD:1100 SSSS SSSS SSSS	1330
	D	1111 DDDD DDDD DDDD:1100 0101 0011 0010	1286
002B4E	C532 F506	MOVFF GLCDDEVICEHEIGHT_H,SYSWORDTEMPA_H
	K	 0000 1110 KKKK KKKK	2
002B52	0E02	MOVLW 2
	F	 0110 111A FFFF FFFF	1289
	A	 0110 111A 0000 1001	0
002B54	6E09	MOVWF SYSWORDTEMPB,ACCESS
	F	 0110 101A FFFF FFFF	1290
	A	 0110 101A 0000 1010	0
002B56	6A0A	CLRF SYSWORDTEMPB_H,ACCESS
	K	1111 KKKK KKKK KKKK:1110 110S KKKK KKKK	14648
	S	1111 0000 0001 1100:1110 110S 1001 1100	0
002B58	EC9C F01C	CALL SYSDIVSUB16
	S	1111 DDDD DDDD DDDD:1100 SSSS SSSS SSSS	1285
	D	1111 DDDD DDDD DDDD:1100 0101 0000 0101	1473
002B5C	C505 F5C1	MOVFF SYSWORDTEMPA,YOFFSET
	S	1111 DDDD DDDD DDDD:1100 SSSS SSSS SSSS	1286
	D	1111 DDDD DDDD DDDD:1100 0101 0000 0110	1474
002B60	C506 F5C2	MOVFF SYSWORDTEMPA_H,YOFFSET_H
	K	 0000 1110 KKKK KKKK	50
002B64	0E32	MOVLW 50
	F	 0110 111A FFFF FFFF	1360
	A	 0110 111A 0101 0000	0
002B66	6E50	MOVWF INXRADIUS,ACCESS
	F	 0110 101A FFFF FFFF	1361
	A	 0110 101A 0101 0001	0
002B68	6A51	CLRF INXRADIUS_H,ACCESS
	K	 0000 1110 KKKK KKKK	24
002B6A	0E18	MOVLW 24
	F	 0110 111A FFFF FFFF	1366
	A	 0110 111A 0101 0110	0
002B6C	6E56	MOVWF LINECOLOUR,ACCESS
	K	 0000 1110 KKKK KKKK	198
002B6E	0EC6	MOVLW 198
	F	 0110 111A FFFF FFFF	1367
	A	 0110 111A 0101 0111	0
002B70	6E57	MOVWF LINECOLOUR_H,ACCESS
	S	1111 DDDD DDDD DDDD:1100 SSSS SSSS SSSS	1354
	D	1111 DDDD DDDD DDDD:1100 0101 0100 1010	1475
002B72	C54A F5C3	MOVFF GLCD_YORDINATE,YORDINATE
	K	1111 KKKK KKKK KKKK:1110 110S KKKK KKKK	4498
	S	1111 0000 0000 1000:1110 110S 1100 1001	0
002B76	ECC9 F008	CALL CIRCLE22
	S	1111 DDDD DDDD DDDD:1100 SSSS SSSS SSSS	1331
	D	1111 DDDD DDDD DDDD:1100 0101 0011 0011	1285
002B7A	C533 F505	MOVFF GLCDDEVICEWIDTH,SYSWORDTEMPA
	S	1111 DDDD DDDD DDDD:1100 SSSS SSSS SSSS	1332
	D	1111 DDDD DDDD DDDD:1100 0101 0011 0100	1286
002B7E	C534 F506	MOVFF GLCDDEVICEWIDTH_H,SYSWORDTEMPA_H
	K	 0000 1110 KKKK KKKK	2
002B82	0E02	MOVLW 2
	F	 0110 111A FFFF FFFF	1289
	A	 0110 111A 0000 1001	0
002B84	6E09	MOVWF SYSWORDTEMPB,ACCESS
	F	 0110 101A FFFF FFFF	1290
	A	 0110 101A 0000 1010	0
002B86	6A0A	CLRF SYSWORDTEMPB_H,ACCESS
	K	1111 KKKK KKKK KKKK:1110 110S KKKK KKKK	14648
	S	1111 0000 0001 1100:1110 110S 1001 1100	0
002B88	EC9C F01C	CALL SYSDIVSUB16
	S	1111 DDDD DDDD DDDD:1100 SSSS SSSS SSSS	1285
	D	1111 DDDD DDDD DDDD:1100 0101 0000 0101	1465
002B8C	C505 F5B9	MOVFF SYSWORDTEMPA,XOFFSET
	S	1111 DDDD DDDD DDDD:1100 SSSS SSSS SSSS	1286
	D	1111 DDDD DDDD DDDD:1100 0101 0000 0110	1466
002B90	C506 F5BA	MOVFF SYSWORDTEMPA_H,XOFFSET_H
	S	1111 DDDD DDDD DDDD:1100 SSSS SSSS SSSS	1329
	D	1111 DDDD DDDD DDDD:1100 0101 0011 0001	1285
002B94	C531 F505	MOVFF GLCDDEVICEHEIGHT,SYSWORDTEMPA
	S	1111 DDDD DDDD DDDD:1100 SSSS SSSS SSSS	1330
	D	1111 DDDD DDDD DDDD:1100 0101 0011 0010	1286
002B98	C532 F506	MOVFF GLCDDEVICEHEIGHT_H,SYSWORDTEMPA_H
	K	 0000 1110 KKKK KKKK	2
002B9C	0E02	MOVLW 2
	F	 0110 111A FFFF FFFF	1289
	A	 0110 111A 0000 1001	0
002B9E	6E09	MOVWF SYSWORDTEMPB,ACCESS
	F	 0110 101A FFFF FFFF	1290
	A	 0110 101A 0000 1010	0
002BA0	6A0A	CLRF SYSWORDTEMPB_H,ACCESS
	K	1111 KKKK KKKK KKKK:1110 110S KKKK KKKK	14648
	S	1111 0000 0001 1100:1110 110S 1001 1100	0
002BA2	EC9C F01C	CALL SYSDIVSUB16
	S	1111 DDDD DDDD DDDD:1100 SSSS SSSS SSSS	1285
	D	1111 DDDD DDDD DDDD:1100 0101 0000 0101	1473
002BA6	C505 F5C1	MOVFF SYSWORDTEMPA,YOFFSET
	S	1111 DDDD DDDD DDDD:1100 SSSS SSSS SSSS	1286
	D	1111 DDDD DDDD DDDD:1100 0101 0000 0110	1474
002BAA	C506 F5C2	MOVFF SYSWORDTEMPA_H,YOFFSET_H
	K	 0000 1110 KKKK KKKK	25
002BAE	0E19	MOVLW 25
	K	 0000 0001 00KK KKKK	5
000000	0105	BANKSEL XRADIUS
	F	 0110 111A FFFF FFFF	1467
	A	 0110 111A 1011 1011	1
002BB2	6FBB	MOVWF XRADIUS,BANKED
	F	 0110 101A FFFF FFFF	1468
	A	 0110 101A 1011 1100	1
002BB4	6BBC	CLRF XRADIUS_H,BANKED
	K	 0000 1110 KKKK KKKK	138
002BB6	0E8A	MOVLW 138
	F	 0110 111A FFFF FFFF	1366
	A	 0110 111A 0101 0110	0
002BB8	6E56	MOVWF LINECOLOUR,ACCESS
	K	 0000 1110 KKKK KKKK	82
002BBA	0E52	MOVLW 82
	F	 0110 111A FFFF FFFF	1367
	A	 0110 111A 0101 0111	0
002BBC	6E57	MOVWF LINECOLOUR_H,ACCESS
	K	 0000 0001 00KK KKKK	0
000000	0100	BANKSEL 0
	K	1111 KKKK KKKK KKKK:1110 110S KKKK KKKK	6390
	S	1111 0000 0000 1100:1110 110S 0111 1011	0
002BC0	EC7B F00C	CALL FILLEDCIRCLE24
	K	 0000 0001 00KK KKKK	5
000000	0105	BANKSEL LINEX1
	F	 0110 101A FFFF FFFF	1382
	A	 0110 101A 0110 0110	1
002BC6	6B66	CLRF LINEX1,BANKED
	F	 0110 101A FFFF FFFF	1383
	A	 0110 101A 0110 0111	1
002BC8	6B67	CLRF LINEX1_H,BANKED
	K	 0000 1110 KKKK KKKK	1
002BCA	0E01	MOVLW 1
	F	 0101 11DA FFFF FFFF	1329
	D	 0101 11DA 0011 0001	0
	A	 0101 110A 0011 0001	0
002BCC	5C31	SUBWF GLCDDEVICEHEIGHT,W,ACCESS
	F	 0110 111A FFFF FFFF	1386
	A	 0110 111A 0110 1010	1
002BCE	6F6A	MOVWF LINEY1,BANKED
	K	 0000 1110 KKKK KKKK	0
002BD0	0E00	MOVLW 0
	F	 0101 10DA FFFF FFFF	1330
	D	 0101 10DA 0011 0010	0
	A	 0101 100A 0011 0010	0
002BD2	5832	SUBWFB GLCDDEVICEHEIGHT_H,W,ACCESS
	F	 0110 111A FFFF FFFF	1387
	A	 0110 111A 0110 1011	1
002BD4	6F6B	MOVWF LINEY1_H,BANKED
	S	1111 DDDD DDDD DDDD:1100 SSSS SSSS SSSS	1331
	D	1111 DDDD DDDD DDDD:1100 0101 0011 0011	1285
002BD6	C533 F505	MOVFF GLCDDEVICEWIDTH,SYSWORDTEMPA
	S	1111 DDDD DDDD DDDD:1100 SSSS SSSS SSSS	1332
	D	1111 DDDD DDDD DDDD:1100 0101 0011 0100	1286
002BDA	C534 F506	MOVFF GLCDDEVICEWIDTH_H,SYSWORDTEMPA_H
	K	 0000 1110 KKKK KKKK	2
002BDE	0E02	MOVLW 2
	F	 0110 111A FFFF FFFF	1289
	A	 0110 111A 0000 1001	0
002BE0	6E09	MOVWF SYSWORDTEMPB,ACCESS
	F	 0110 101A FFFF FFFF	1290
	A	 0110 101A 0000 1010	0
002BE2	6A0A	CLRF SYSWORDTEMPB_H,ACCESS
	K	 0000 0001 00KK KKKK	0
000000	0100	BANKSEL 0
	K	1111 KKKK KKKK KKKK:1110 110S KKKK KKKK	14648
	S	1111 0000 0001 1100:1110 110S 1001 1100	0
002BE6	EC9C F01C	CALL SYSDIVSUB16
	K	 0000 1110 KKKK KKKK	100
002BEA	0E64	MOVLW 100
	F	 0010 01DA FFFF FFFF	1285
	D	 0010 01DA 0000 0101	0
	A	 0010 010A 0000 0101	0
002BEC	2405	ADDWF SYSWORDTEMPA,W,ACCESS
	K	 0000 0001 00KK KKKK	5
000000	0105	BANKSEL LINEX2
	F	 0110 111A FFFF FFFF	1384
	A	 0110 111A 0110 1000	1
002BF0	6F68	MOVWF LINEX2,BANKED
	K	 0000 1110 KKKK KKKK	0
002BF2	0E00	MOVLW 0
	F	 0010 00DA FFFF FFFF	1286
	D	 0010 00DA 0000 0110	0
	A	 0010 000A 0000 0110	0
002BF4	2006	ADDWFC SYSWORDTEMPA_H,W,ACCESS
	F	 0110 111A FFFF FFFF	1385
	A	 0110 111A 0110 1001	1
002BF6	6F69	MOVWF LINEX2_H,BANKED
	S	1111 DDDD DDDD DDDD:1100 SSSS SSSS SSSS	1329
	D	1111 DDDD DDDD DDDD:1100 0101 0011 0001	1285
002BF8	C531 F505	MOVFF GLCDDEVICEHEIGHT,SYSWORDTEMPA
	S	1111 DDDD DDDD DDDD:1100 SSSS SSSS SSSS	1330
	D	1111 DDDD DDDD DDDD:1100 0101 0011 0010	1286
002BFC	C532 F506	MOVFF GLCDDEVICEHEIGHT_H,SYSWORDTEMPA_H
	K	 0000 1110 KKKK KKKK	2
002C00	0E02	MOVLW 2
	F	 0110 111A FFFF FFFF	1289
	A	 0110 111A 0000 1001	0
002C02	6E09	MOVWF SYSWORDTEMPB,ACCESS
	F	 0110 101A FFFF FFFF	1290
	A	 0110 101A 0000 1010	0
002C04	6A0A	CLRF SYSWORDTEMPB_H,ACCESS
	K	 0000 0001 00KK KKKK	0
000000	0100	BANKSEL 0
	K	1111 KKKK KKKK KKKK:1110 110S KKKK KKKK	14648
	S	1111 0000 0001 1100:1110 110S 1001 1100	0
002C08	EC9C F01C	CALL SYSDIVSUB16
	S	1111 DDDD DDDD DDDD:1100 SSSS SSSS SSSS	1285
	D	1111 DDDD DDDD DDDD:1100 0101 0000 0101	1452
002C0C	C505 F5AC	MOVFF SYSWORDTEMPA,SYSTEMP1
	S	1111 DDDD DDDD DDDD:1100 SSSS SSSS SSSS	1286
	D	1111 DDDD DDDD DDDD:1100 0101 0000 0110	1453
002C10	C506 F5AD	MOVFF SYSWORDTEMPA_H,SYSTEMP1_H
	K	 0000 1110 KKKK KKKK	50
002C14	0E32	MOVLW 50
	K	 0000 0001 00KK KKKK	5
000000	0105	BANKSEL SYSTEMP1
	F	 0101 11DA FFFF FFFF	1452
	D	 0101 11DA 1010 1100	0
	A	 0101 110A 1010 1100	1
002C18	5DAC	SUBWF SYSTEMP1,W,BANKED
	F	 0110 111A FFFF FFFF	1388
	A	 0110 111A 0110 1100	1
002C1A	6F6C	MOVWF LINEY2,BANKED
	K	 0000 1110 KKKK KKKK	0
002C1C	0E00	MOVLW 0
	F	 0101 10DA FFFF FFFF	1453
	D	 0101 10DA 1010 1101	0
	A	 0101 100A 1010 1101	1
002C1E	59AD	SUBWFB SYSTEMP1_H,W,BANKED
	F	 0110 111A FFFF FFFF	1389
	A	 0110 111A 0110 1101	1
002C20	6F6D	MOVWF LINEY2_H,BANKED
	F	 0110 100A FFFF FFFF	1366
	A	 0110 100A 0101 0110	0
002C22	6856	SETF LINECOLOUR,ACCESS
	K	 0000 1110 KKKK KKKK	7
002C24	0E07	MOVLW 7
	F	 0110 111A FFFF FFFF	1367
	A	 0110 111A 0101 0111	0
002C26	6E57	MOVWF LINECOLOUR_H,ACCESS
	K	 0000 0001 00KK KKKK	0
000000	0100	BANKSEL 0
	K	1111 KKKK KKKK KKKK:1110 110S KKKK KKKK	15426
	S	1111 0000 0001 1110:1110 110S 0010 0001	0
002C2A	EC21 F01E	CALL _LINE73
	K	 0000 0001 00KK KKKK	5
000000	0105	BANKSEL LINEX1
	F	 0110 101A FFFF FFFF	1382
	A	 0110 101A 0110 0110	1
002C30	6B66	CLRF LINEX1,BANKED
	F	 0110 101A FFFF FFFF	1383
	A	 0110 101A 0110 0111	1
002C32	6B67	CLRF LINEX1_H,BANKED
	S	1111 DDDD DDDD DDDD:1100 SSSS SSSS SSSS	1329
	D	1111 DDDD DDDD DDDD:1100 0101 0011 0001	1285
002C34	C531 F505	MOVFF GLCDDEVICEHEIGHT,SYSWORDTEMPA
	S	1111 DDDD DDDD DDDD:1100 SSSS SSSS SSSS	1330
	D	1111 DDDD DDDD DDDD:1100 0101 0011 0010	1286
002C38	C532 F506	MOVFF GLCDDEVICEHEIGHT_H,SYSWORDTEMPA_H
	K	 0000 1110 KKKK KKKK	2
002C3C	0E02	MOVLW 2
	F	 0110 111A FFFF FFFF	1289
	A	 0110 111A 0000 1001	0
002C3E	6E09	MOVWF SYSWORDTEMPB,ACCESS
	F	 0110 101A FFFF FFFF	1290
	A	 0110 101A 0000 1010	0
002C40	6A0A	CLRF SYSWORDTEMPB_H,ACCESS
	K	 0000 0001 00KK KKKK	0
000000	0100	BANKSEL 0
	K	1111 KKKK KKKK KKKK:1110 110S KKKK KKKK	14648
	S	1111 0000 0001 1100:1110 110S 1001 1100	0
002C44	EC9C F01C	CALL SYSDIVSUB16
	S	1111 DDDD DDDD DDDD:1100 SSSS SSSS SSSS	1285
	D	1111 DDDD DDDD DDDD:1100 0101 0000 0101	1452
002C48	C505 F5AC	MOVFF SYSWORDTEMPA,SYSTEMP1
	S	1111 DDDD DDDD DDDD:1100 SSSS SSSS SSSS	1286
	D	1111 DDDD DDDD DDDD:1100 0101 0000 0110	1453
002C4C	C506 F5AD	MOVFF SYSWORDTEMPA_H,SYSTEMP1_H
	K	 0000 1110 KKKK KKKK	50
002C50	0E32	MOVLW 50
	K	 0000 0001 00KK KKKK	5
000000	0105	BANKSEL SYSTEMP1
	F	 0101 11DA FFFF FFFF	1452
	D	 0101 11DA 1010 1100	0
	A	 0101 110A 1010 1100	1
002C54	5DAC	SUBWF SYSTEMP1,W,BANKED
	F	 0110 111A FFFF FFFF	1386
	A	 0110 111A 0110 1010	1
002C56	6F6A	MOVWF LINEY1,BANKED
	K	 0000 1110 KKKK KKKK	0
002C58	0E00	MOVLW 0
	F	 0101 10DA FFFF FFFF	1453
	D	 0101 10DA 1010 1101	0
	A	 0101 100A 1010 1101	1
002C5A	59AD	SUBWFB SYSTEMP1_H,W,BANKED
	F	 0110 111A FFFF FFFF	1387
	A	 0110 111A 0110 1011	1
002C5C	6F6B	MOVWF LINEY1_H,BANKED
	S	1111 DDDD DDDD DDDD:1100 SSSS SSSS SSSS	1331
	D	1111 DDDD DDDD DDDD:1100 0101 0011 0011	1285
002C5E	C533 F505	MOVFF GLCDDEVICEWIDTH,SYSWORDTEMPA
	S	1111 DDDD DDDD DDDD:1100 SSSS SSSS SSSS	1332
	D	1111 DDDD DDDD DDDD:1100 0101 0011 0100	1286
002C62	C534 F506	MOVFF GLCDDEVICEWIDTH_H,SYSWORDTEMPA_H
	K	 0000 1110 KKKK KKKK	2
002C66	0E02	MOVLW 2
	F	 0110 111A FFFF FFFF	1289
	A	 0110 111A 0000 1001	0
002C68	6E09	MOVWF SYSWORDTEMPB,ACCESS
	F	 0110 101A FFFF FFFF	1290
	A	 0110 101A 0000 1010	0
002C6A	6A0A	CLRF SYSWORDTEMPB_H,ACCESS
	K	 0000 0001 00KK KKKK	0
000000	0100	BANKSEL 0
	K	1111 KKKK KKKK KKKK:1110 110S KKKK KKKK	14648
	S	1111 0000 0001 1100:1110 110S 1001 1100	0
002C6E	EC9C F01C	CALL SYSDIVSUB16
	K	 0000 1110 KKKK KKKK	100
002C72	0E64	MOVLW 100
	F	 0010 01DA FFFF FFFF	1285
	D	 0010 01DA 0000 0101	0
	A	 0010 010A 0000 0101	0
002C74	2405	ADDWF SYSWORDTEMPA,W,ACCESS
	K	 0000 0001 00KK KKKK	5
000000	0105	BANKSEL LINEX2
	F	 0110 111A FFFF FFFF	1384
	A	 0110 111A 0110 1000	1
002C78	6F68	MOVWF LINEX2,BANKED
	K	 0000 1110 KKKK KKKK	0
002C7A	0E00	MOVLW 0
	F	 0010 00DA FFFF FFFF	1286
	D	 0010 00DA 0000 0110	0
	A	 0010 000A 0000 0110	0
002C7C	2006	ADDWFC SYSWORDTEMPA_H,W,ACCESS
	F	 0110 111A FFFF FFFF	1385
	A	 0110 111A 0110 1001	1
002C7E	6F69	MOVWF LINEX2_H,BANKED
	S	1111 DDDD DDDD DDDD:1100 SSSS SSSS SSSS	1329
	D	1111 DDDD DDDD DDDD:1100 0101 0011 0001	1285
002C80	C531 F505	MOVFF GLCDDEVICEHEIGHT,SYSWORDTEMPA
	S	1111 DDDD DDDD DDDD:1100 SSSS SSSS SSSS	1330
	D	1111 DDDD DDDD DDDD:1100 0101 0011 0010	1286
002C84	C532 F506	MOVFF GLCDDEVICEHEIGHT_H,SYSWORDTEMPA_H
	K	 0000 1110 KKKK KKKK	2
002C88	0E02	MOVLW 2
	F	 0110 111A FFFF FFFF	1289
	A	 0110 111A 0000 1001	0
002C8A	6E09	MOVWF SYSWORDTEMPB,ACCESS
	F	 0110 101A FFFF FFFF	1290
	A	 0110 101A 0000 1010	0
002C8C	6A0A	CLRF SYSWORDTEMPB_H,ACCESS
	K	 0000 0001 00KK KKKK	0
000000	0100	BANKSEL 0
	K	1111 KKKK KKKK KKKK:1110 110S KKKK KKKK	14648
	S	1111 0000 0001 1100:1110 110S 1001 1100	0
002C90	EC9C F01C	CALL SYSDIVSUB16
	S	1111 DDDD DDDD DDDD:1100 SSSS SSSS SSSS	1285
	D	1111 DDDD DDDD DDDD:1100 0101 0000 0101	1452
002C94	C505 F5AC	MOVFF SYSWORDTEMPA,SYSTEMP1
	S	1111 DDDD DDDD DDDD:1100 SSSS SSSS SSSS	1286
	D	1111 DDDD DDDD DDDD:1100 0101 0000 0110	1453
002C98	C506 F5AD	MOVFF SYSWORDTEMPA_H,SYSTEMP1_H
	K	 0000 1110 KKKK KKKK	50
002C9C	0E32	MOVLW 50
	K	 0000 0001 00KK KKKK	5
000000	0105	BANKSEL SYSTEMP1
	F	 0101 11DA FFFF FFFF	1452
	D	 0101 11DA 1010 1100	0
	A	 0101 110A 1010 1100	1
002CA0	5DAC	SUBWF SYSTEMP1,W,BANKED
	F	 0110 111A FFFF FFFF	1388
	A	 0110 111A 0110 1100	1
002CA2	6F6C	MOVWF LINEY2,BANKED
	K	 0000 1110 KKKK KKKK	0
002CA4	0E00	MOVLW 0
	F	 0101 10DA FFFF FFFF	1453
	D	 0101 10DA 1010 1101	0
	A	 0101 100A 1010 1101	1
002CA6	59AD	SUBWFB SYSTEMP1_H,W,BANKED
	F	 0110 111A FFFF FFFF	1389
	A	 0110 111A 0110 1101	1
002CA8	6F6D	MOVWF LINEY2_H,BANKED
	F	 0110 100A FFFF FFFF	1366
	A	 0110 100A 0101 0110	0
002CAA	6856	SETF LINECOLOUR,ACCESS
	K	 0000 1110 KKKK KKKK	7
002CAC	0E07	MOVLW 7
	F	 0110 111A FFFF FFFF	1367
	A	 0110 111A 0101 0111	0
002CAE	6E57	MOVWF LINECOLOUR_H,ACCESS
	K	 0000 0001 00KK KKKK	0
000000	0100	BANKSEL 0
	K	1111 KKKK KKKK KKKK:1110 110S KKKK KKKK	15426
	S	1111 0000 0001 1110:1110 110S 0010 0001	0
002CB2	EC21 F01E	CALL _LINE73
	K	 0000 1110 KKKK KKKK	2
002CB6	0E02	MOVLW 2
	K	 0000 0001 00KK KKKK	5
000000	0105	BANKSEL LINEX1
	F	 0110 111A FFFF FFFF	1382
	A	 0110 111A 0110 0110	1
002CBA	6F66	MOVWF LINEX1,BANKED
	F	 0110 101A FFFF FFFF	1383
	A	 0110 101A 0110 0111	1
002CBC	6B67	CLRF LINEX1_H,BANKED
	S	1111 DDDD DDDD DDDD:1100 SSSS SSSS SSSS	1329
	D	1111 DDDD DDDD DDDD:1100 0101 0011 0001	1285
002CBE	C531 F505	MOVFF GLCDDEVICEHEIGHT,SYSWORDTEMPA
	S	1111 DDDD DDDD DDDD:1100 SSSS SSSS SSSS	1330
	D	1111 DDDD DDDD DDDD:1100 0101 0011 0010	1286
002CC2	C532 F506	MOVFF GLCDDEVICEHEIGHT_H,SYSWORDTEMPA_H
	K	 0000 1110 KKKK KKKK	2
002CC6	0E02	MOVLW 2
	F	 0110 111A FFFF FFFF	1289
	A	 0110 111A 0000 1001	0
002CC8	6E09	MOVWF SYSWORDTEMPB,ACCESS
	F	 0110 101A FFFF FFFF	1290
	A	 0110 101A 0000 1010	0
002CCA	6A0A	CLRF SYSWORDTEMPB_H,ACCESS
	K	 0000 0001 00KK KKKK	0
000000	0100	BANKSEL 0
	K	1111 KKKK KKKK KKKK:1110 110S KKKK KKKK	14648
	S	1111 0000 0001 1100:1110 110S 1001 1100	0
002CCE	EC9C F01C	CALL SYSDIVSUB16
	K	 0000 1110 KKKK KKKK	10
002CD2	0E0A	MOVLW 10
	F	 0010 01DA FFFF FFFF	1285
	D	 0010 01DA 0000 0101	0
	A	 0010 010A 0000 0101	0
002CD4	2405	ADDWF SYSWORDTEMPA,W,ACCESS
	K	 0000 0001 00KK KKKK	5
000000	0105	BANKSEL LINEY1
	F	 0110 111A FFFF FFFF	1386
	A	 0110 111A 0110 1010	1
002CD8	6F6A	MOVWF LINEY1,BANKED
	K	 0000 1110 KKKK KKKK	0
002CDA	0E00	MOVLW 0
	F	 0010 00DA FFFF FFFF	1286
	D	 0010 00DA 0000 0110	0
	A	 0010 000A 0000 0110	0
002CDC	2006	ADDWFC SYSWORDTEMPA_H,W,ACCESS
	F	 0110 111A FFFF FFFF	1387
	A	 0110 111A 0110 1011	1
002CDE	6F6B	MOVWF LINEY1_H,BANKED
	K	 0000 1110 KKKK KKKK	42
002CE0	0E2A	MOVLW 42
	F	 0110 111A FFFF FFFF	1384
	A	 0110 111A 0110 1000	1
002CE2	6F68	MOVWF LINEX2,BANKED
	F	 0110 101A FFFF FFFF	1385
	A	 0110 101A 0110 1001	1
002CE4	6B69	CLRF LINEX2_H,BANKED
	S	1111 DDDD DDDD DDDD:1100 SSSS SSSS SSSS	1329
	D	1111 DDDD DDDD DDDD:1100 0101 0011 0001	1285
002CE6	C531 F505	MOVFF GLCDDEVICEHEIGHT,SYSWORDTEMPA
	S	1111 DDDD DDDD DDDD:1100 SSSS SSSS SSSS	1330
	D	1111 DDDD DDDD DDDD:1100 0101 0011 0010	1286
002CEA	C532 F506	MOVFF GLCDDEVICEHEIGHT_H,SYSWORDTEMPA_H
	K	 0000 1110 KKKK KKKK	2
002CEE	0E02	MOVLW 2
	F	 0110 111A FFFF FFFF	1289
	A	 0110 111A 0000 1001	0
002CF0	6E09	MOVWF SYSWORDTEMPB,ACCESS
	F	 0110 101A FFFF FFFF	1290
	A	 0110 101A 0000 1010	0
002CF2	6A0A	CLRF SYSWORDTEMPB_H,ACCESS
	K	 0000 0001 00KK KKKK	0
000000	0100	BANKSEL 0
	K	1111 KKKK KKKK KKKK:1110 110S KKKK KKKK	14648
	S	1111 0000 0001 1100:1110 110S 1001 1100	0
002CF6	EC9C F01C	CALL SYSDIVSUB16
	K	 0000 1110 KKKK KKKK	50
002CFA	0E32	MOVLW 50
	F	 0010 01DA FFFF FFFF	1285
	D	 0010 01DA 0000 0101	0
	A	 0010 010A 0000 0101	0
002CFC	2405	ADDWF SYSWORDTEMPA,W,ACCESS
	K	 0000 0001 00KK KKKK	5
000000	0105	BANKSEL LINEY2
	F	 0110 111A FFFF FFFF	1388
	A	 0110 111A 0110 1100	1
002D00	6F6C	MOVWF LINEY2,BANKED
	K	 0000 1110 KKKK KKKK	0
002D02	0E00	MOVLW 0
	F	 0010 00DA FFFF FFFF	1286
	D	 0010 00DA 0000 0110	0
	A	 0010 000A 0000 0110	0
002D04	2006	ADDWFC SYSWORDTEMPA_H,W,ACCESS
	F	 0110 111A FFFF FFFF	1389
	A	 0110 111A 0110 1101	1
002D06	6F6D	MOVWF LINEY2_H,BANKED
	F	 0110 101A FFFF FFFF	1366
	A	 0110 101A 0101 0110	0
002D08	6A56	CLRF LINECOLOUR,ACCESS
	K	 0000 1110 KKKK KKKK	248
002D0A	0EF8	MOVLW 248
	F	 0110 111A FFFF FFFF	1367
	A	 0110 111A 0101 0111	0
002D0C	6E57	MOVWF LINECOLOUR_H,ACCESS
	K	 0000 0001 00KK KKKK	0
000000	0100	BANKSEL 0
	K	1111 KKKK KKKK KKKK:1110 110S KKKK KKKK	6056
	S	1111 0000 0000 1011:1110 110S 1101 0100	0
002D10	ECD4 F00B	CALL FILLEDBOX_ILI9341
	S	1111 DDDD DDDD DDDD:1100 SSSS SSSS SSSS	1335
	D	1111 DDDD DDDD DDDD:1100 0101 0011 0111	1398
002D14	C537 F576	MOVFF GLCDFNTDEFAULTSIZE,OLDFONT
	K	 0000 1110 KKKK KKKK	3
002D18	0E03	MOVLW 3
	F	 0110 111A FFFF FFFF	1335
	A	 0110 111A 0011 0111	0
002D1A	6E37	MOVWF GLCDFNTDEFAULTSIZE,ACCESS
	K	 0000 1110 KKKK KKKK	42
002D1C	0E2A	MOVLW 42
	K	 0000 0001 00KK KKKK	5
000000	0105	BANKSEL STRINGLOCX
	F	 0110 111A FFFF FFFF	1411
	A	 0110 111A 1000 0011	1
002D20	6F83	MOVWF STRINGLOCX,BANKED
	F	 0110 101A FFFF FFFF	1412
	A	 0110 101A 1000 0100	1
002D22	6B84	CLRF STRINGLOCX_H,BANKED
	K	 0000 1110 KKKK KKKK	30
002D24	0E1E	MOVLW 30
	F	 0101 11DA FFFF FFFF	1329
	D	 0101 11DA 0011 0001	0
	A	 0101 110A 0011 0001	0
002D26	5C31	SUBWF GLCDDEVICEHEIGHT,W,ACCESS
	F	 0110 111A FFFF FFFF	1302
	A	 0110 111A 0001 0110	0
002D28	6E16	MOVWF CHARLOCY,ACCESS
	K	 0000 1110 KKKK KKKK	0
002D2A	0E00	MOVLW 0
	F	 0101 10DA FFFF FFFF	1330
	D	 0101 10DA 0011 0010	0
	A	 0101 100A 0011 0010	0
002D2C	5832	SUBWFB GLCDDEVICEHEIGHT_H,W,ACCESS
	F	 0110 111A FFFF FFFF	1303
	A	 0110 111A 0001 0111	0
002D2E	6E17	MOVWF CHARLOCY_H,ACCESS
	F	1110 1110 00FF KKKK:1111 00KK KKKK KKKK	1
	K	1110 1110 0001 KKKK:1111 00KK KKKK KKKK	5301
002D30	EE15 F0B5	LFSR 1,SYSSTRINGPARAM2
	K	 0000 1110 KKKK KKKK	254
002D34	0EFE	MOVLW LOW STRINGTABLE11
	F	 0110 111A FFFF FFFF	1270
	A	 0110 111A 1111 0110	0
002D36	6EF6	MOVWF TBLPTRL,ACCESS
	K	 0000 1110 KKKK KKKK	59
002D38	0E3B	MOVLW HIGH STRINGTABLE11
	F	 0110 111A FFFF FFFF	1271
	A	 0110 111A 1111 0111	0
002D3A	6EF7	MOVWF TBLPTRH,ACCESS
	K	 0000 1110 KKKK KKKK	0
002D3C	0E00	MOVLW UPPER STRINGTABLE11
	F	 0110 111A FFFF FFFF	1272
	A	 0110 111A 1111 1000	0
002D3E	6EF8	MOVWF TBLPTRU,ACCESS
	K	 0000 0001 00KK KKKK	0
000000	0100	BANKSEL 0
	K	1111 KKKK KKKK KKKK:1110 110S KKKK KKKK	15222
	S	1111 0000 0001 1101:1110 110S 1011 1011	0
002D42	ECBB F01D	CALL SYSREADSTRING
	K	 0000 1110 KKKK KKKK	181
002D46	0EB5	MOVLW LOW SYSSTRINGPARAM2
	K	 0000 0001 00KK KKKK	5
000000	0105	BANKSEL SYSCHARSHANDLER
	F	 0110 111A FFFF FFFF	1417
	A	 0110 111A 1000 1001	1
002D4A	6F89	MOVWF SYSCHARSHANDLER,BANKED
	K	 0000 1110 KKKK KKKK	20
002D4C	0E14	MOVLW HIGH SYSSTRINGPARAM2
	F	 0110 111A FFFF FFFF	1418
	A	 0110 111A 1000 1010	1
002D4E	6F8A	MOVWF SYSCHARSHANDLER_H,BANKED
	F	 0110 100A FFFF FFFF	1366
	A	 0110 100A 0101 0110	0
002D50	6856	SETF LINECOLOUR,ACCESS
	F	 0110 100A FFFF FFFF	1367
	A	 0110 100A 0101 0111	0
002D52	6857	SETF LINECOLOUR_H,ACCESS
	K	 0000 0001 00KK KKKK	0
000000	0100	BANKSEL 0
	K	1111 KKKK KKKK KKKK:1110 110S KKKK KKKK	8670
	S	1111 0000 0001 0000:1110 110S 1110 1111	0
002D56	ECEF F010	CALL GLCDDRAWSTRING_ILI9341
	K	 0000 1110 KKKK KKKK	1
002D5A	0E01	MOVLW 1
	F	 0110 111A FFFF FFFF	1335
	A	 0110 111A 0011 0111	0
002D5C	6E37	MOVWF GLCDFNTDEFAULTSIZE,ACCESS
	K	 0000 1110 KKKK KKKK	64
002D5E	0E40	MOVLW 64
	F	 0101 11DA FFFF FFFF	1331
	D	 0101 11DA 0011 0011	0
	A	 0101 110A 0011 0011	0
002D60	5C33	SUBWF GLCDDEVICEWIDTH,W,ACCESS
	K	 0000 0001 00KK KKKK	5
000000	0105	BANKSEL STRINGLOCX
	F	 0110 111A FFFF FFFF	1411
	A	 0110 111A 1000 0011	1
002D64	6F83	MOVWF STRINGLOCX,BANKED
	K	 0000 1110 KKKK KKKK	0
002D66	0E00	MOVLW 0
	F	 0101 10DA FFFF FFFF	1332
	D	 0101 10DA 0011 0100	0
	A	 0101 100A 0011 0100	0
002D68	5834	SUBWFB GLCDDEVICEWIDTH_H,W,ACCESS
	F	 0110 111A FFFF FFFF	1412
	A	 0110 111A 1000 0100	1
002D6A	6F84	MOVWF STRINGLOCX_H,BANKED
	K	 0000 1110 KKKK KKKK	2
002D6C	0E02	MOVLW 2
	F	 0110 111A FFFF FFFF	1302
	A	 0110 111A 0001 0110	0
002D6E	6E16	MOVWF CHARLOCY,ACCESS
	F	 0110 101A FFFF FFFF	1303
	A	 0110 101A 0001 0111	0
002D70	6A17	CLRF CHARLOCY_H,ACCESS
	F	1110 1110 00FF KKKK:1111 00KK KKKK KKKK	1
	K	1110 1110 0001 KKKK:1111 00KK KKKK KKKK	5301
002D72	EE15 F0B5	LFSR 1,SYSSTRINGPARAM2
	K	 0000 1110 KKKK KKKK	14
002D76	0E0E	MOVLW LOW STRINGTABLE12
	F	 0110 111A FFFF FFFF	1270
	A	 0110 111A 1111 0110	0
002D78	6EF6	MOVWF TBLPTRL,ACCESS
	K	 0000 1110 KKKK KKKK	60
002D7A	0E3C	MOVLW HIGH STRINGTABLE12
	F	 0110 111A FFFF FFFF	1271
	A	 0110 111A 1111 0111	0
002D7C	6EF7	MOVWF TBLPTRH,ACCESS
	K	 0000 1110 KKKK KKKK	0
002D7E	0E00	MOVLW UPPER STRINGTABLE12
	F	 0110 111A FFFF FFFF	1272
	A	 0110 111A 1111 1000	0
002D80	6EF8	MOVWF TBLPTRU,ACCESS
	K	 0000 0001 00KK KKKK	0
000000	0100	BANKSEL 0
	K	1111 KKKK KKKK KKKK:1110 110S KKKK KKKK	15222
	S	1111 0000 0001 1101:1110 110S 1011 1011	0
002D84	ECBB F01D	CALL SYSREADSTRING
	K	 0000 1110 KKKK KKKK	181
002D88	0EB5	MOVLW LOW SYSSTRINGPARAM2
	K	 0000 0001 00KK KKKK	5
000000	0105	BANKSEL SYSCHARSHANDLER
	F	 0110 111A FFFF FFFF	1417
	A	 0110 111A 1000 1001	1
002D8C	6F89	MOVWF SYSCHARSHANDLER,BANKED
	K	 0000 1110 KKKK KKKK	20
002D8E	0E14	MOVLW HIGH SYSSTRINGPARAM2
	F	 0110 111A FFFF FFFF	1418
	A	 0110 111A 1000 1010	1
002D90	6F8A	MOVWF SYSCHARSHANDLER_H,BANKED
	F	 0110 100A FFFF FFFF	1366
	A	 0110 100A 0101 0110	0
002D92	6856	SETF LINECOLOUR,ACCESS
	F	 0110 100A FFFF FFFF	1367
	A	 0110 100A 0101 0111	0
002D94	6857	SETF LINECOLOUR_H,ACCESS
	K	 0000 0001 00KK KKKK	0
000000	0100	BANKSEL 0
	K	1111 KKKK KKKK KKKK:1110 110S KKKK KKKK	8670
	S	1111 0000 0001 0000:1110 110S 1110 1111	0
002D98	ECEF F010	CALL GLCDDRAWSTRING_ILI9341
	K	 0000 1110 KKKK KKKK	44
002D9C	0E2C	MOVLW 44
	F	 0101 11DA FFFF FFFF	1331
	D	 0101 11DA 0011 0011	0
	A	 0101 110A 0011 0011	0
002D9E	5C33	SUBWF GLCDDEVICEWIDTH,W,ACCESS
	K	 0000 0001 00KK KKKK	5
000000	0105	BANKSEL STRINGLOCX
	F	 0110 111A FFFF FFFF	1411
	A	 0110 111A 1000 0011	1
002DA2	6F83	MOVWF STRINGLOCX,BANKED
	K	 0000 1110 KKKK KKKK	0
002DA4	0E00	MOVLW 0
	F	 0101 10DA FFFF FFFF	1332
	D	 0101 10DA 0011 0100	0
	A	 0101 100A 0011 0100	0
002DA6	5834	SUBWFB GLCDDEVICEWIDTH_H,W,ACCESS
	F	 0110 111A FFFF FFFF	1412
	A	 0110 111A 1000 0100	1
002DA8	6F84	MOVWF STRINGLOCX_H,BANKED
	K	 0000 1110 KKKK KKKK	10
002DAA	0E0A	MOVLW 10
	F	 0110 111A FFFF FFFF	1302
	A	 0110 111A 0001 0110	0
002DAC	6E16	MOVWF CHARLOCY,ACCESS
	F	 0110 101A FFFF FFFF	1303
	A	 0110 101A 0001 0111	0
002DAE	6A17	CLRF CHARLOCY_H,ACCESS
	F	1110 1110 00FF KKKK:1111 00KK KKKK KKKK	1
	K	1110 1110 0001 KKKK:1111 00KK KKKK KKKK	5301
002DB0	EE15 F0B5	LFSR 1,SYSSTRINGPARAM2
	K	 0000 1110 KKKK KKKK	24
002DB4	0E18	MOVLW LOW STRINGTABLE13
	F	 0110 111A FFFF FFFF	1270
	A	 0110 111A 1111 0110	0
002DB6	6EF6	MOVWF TBLPTRL,ACCESS
	K	 0000 1110 KKKK KKKK	60
002DB8	0E3C	MOVLW HIGH STRINGTABLE13
	F	 0110 111A FFFF FFFF	1271
	A	 0110 111A 1111 0111	0
002DBA	6EF7	MOVWF TBLPTRH,ACCESS
	K	 0000 1110 KKKK KKKK	0
002DBC	0E00	MOVLW UPPER STRINGTABLE13
	F	 0110 111A FFFF FFFF	1272
	A	 0110 111A 1111 1000	0
002DBE	6EF8	MOVWF TBLPTRU,ACCESS
	K	 0000 0001 00KK KKKK	0
000000	0100	BANKSEL 0
	K	1111 KKKK KKKK KKKK:1110 110S KKKK KKKK	15222
	S	1111 0000 0001 1101:1110 110S 1011 1011	0
002DC2	ECBB F01D	CALL SYSREADSTRING
	K	 0000 1110 KKKK KKKK	181
002DC6	0EB5	MOVLW LOW SYSSTRINGPARAM2
	K	 0000 0001 00KK KKKK	5
000000	0105	BANKSEL SYSCHARSHANDLER
	F	 0110 111A FFFF FFFF	1417
	A	 0110 111A 1000 1001	1
002DCA	6F89	MOVWF SYSCHARSHANDLER,BANKED
	K	 0000 1110 KKKK KKKK	20
002DCC	0E14	MOVLW HIGH SYSSTRINGPARAM2
	F	 0110 111A FFFF FFFF	1418
	A	 0110 111A 1000 1010	1
002DCE	6F8A	MOVWF SYSCHARSHANDLER_H,BANKED
	F	 0110 100A FFFF FFFF	1366
	A	 0110 100A 0101 0110	0
002DD0	6856	SETF LINECOLOUR,ACCESS
	F	 0110 100A FFFF FFFF	1367
	A	 0110 100A 0101 0111	0
002DD2	6857	SETF LINECOLOUR_H,ACCESS
	K	 0000 0001 00KK KKKK	0
000000	0100	BANKSEL 0
	K	1111 KKKK KKKK KKKK:1110 110S KKKK KKKK	8670
	S	1111 0000 0001 0000:1110 110S 1110 1111	0
002DD6	ECEF F010	CALL GLCDDRAWSTRING_ILI9341
	S	1111 DDDD DDDD DDDD:1100 SSSS SSSS SSSS	1398
	D	1111 DDDD DDDD DDDD:1100 0101 0111 0110	1335
002DDA	C576 F537	MOVFF OLDFONT,GLCDFNTDEFAULTSIZE
	F	 0110 100A FFFF FFFF	1337
	A	 0110 100A 0011 1001	0
002DDE	6839	SETF GLCDFOREGROUND,ACCESS
	F	 0110 100A FFFF FFFF	1338
	A	 0110 100A 0011 1010	0
002DE0	683A	SETF GLCDFOREGROUND_H,ACCESS
		SYSDOLOOP_S1
	K	 0000 1110 KKKK KKKK	144
002DE2	0E90	MOVLW 144
	K	 0000 0001 00KK KKKK	5
000000	0105	BANKSEL PRINTLOCX
	F	 0110 111A FFFF FFFF	1400
	A	 0110 111A 0111 1000	1
002DE6	6F78	MOVWF PRINTLOCX,BANKED
	F	 0110 101A FFFF FFFF	1401
	A	 0110 101A 0111 1001	1
002DE8	6B79	CLRF PRINTLOCX_H,BANKED
	K	 0000 1110 KKKK KKKK	31
002DEA	0E1F	MOVLW 31
	F	 0110 111A FFFF FFFF	1402
	A	 0110 111A 0111 1010	1
002DEC	6F7A	MOVWF PRINTLOCY,BANKED
	F	 0110 101A FFFF FFFF	1403
	A	 0110 101A 0111 1011	1
002DEE	6B7B	CLRF PRINTLOCY_H,BANKED
	S	1111 DDDD DDDD DDDD:1100 SSSS SSSS SSSS	1394
	D	1111 DDDD DDDD DDDD:1100 0101 0111 0010	1362
002DF0	C572 F552	MOVFF LONGNUMBER,LCDVALUE
	S	1111 DDDD DDDD DDDD:1100 SSSS SSSS SSSS	1395
	D	1111 DDDD DDDD DDDD:1100 0101 0111 0011	1363
002DF4	C573 F553	MOVFF LONGNUMBER_H,LCDVALUE_H
	S	1111 DDDD DDDD DDDD:1100 SSSS SSSS SSSS	1396
	D	1111 DDDD DDDD DDDD:1100 0101 0111 0100	1364
002DF8	C574 F554	MOVFF LONGNUMBER_U,LCDVALUE_U
	S	1111 DDDD DDDD DDDD:1100 SSSS SSSS SSSS	1397
	D	1111 DDDD DDDD DDDD:1100 0101 0111 0101	1365
002DFC	C575 F555	MOVFF LONGNUMBER_E,LCDVALUE_E
	K	 0000 0001 00KK KKKK	0
000000	0100	BANKSEL 0
	K	1111 KKKK KKKK KKKK:1110 110S KKKK KKKK	8920
	S	1111 0000 0001 0001:1110 110S 0110 1100	0
002E02	EC6C F011	CALL GLCDPRINT10
	K	 0000 1110 KKKK KKKK	144
002E06	0E90	MOVLW 144
	K	 0000 0001 00KK KKKK	5
000000	0105	BANKSEL PRINTLOCX
	F	 0110 111A FFFF FFFF	1400
	A	 0110 111A 0111 1000	1
002E0A	6F78	MOVWF PRINTLOCX,BANKED
	F	 0110 101A FFFF FFFF	1401
	A	 0110 101A 0111 1001	1
002E0C	6B79	CLRF PRINTLOCX_H,BANKED
	K	 0000 1110 KKKK KKKK	39
002E0E	0E27	MOVLW 39
	F	 0110 111A FFFF FFFF	1402
	A	 0110 111A 0111 1010	1
002E10	6F7A	MOVWF PRINTLOCY,BANKED
	F	 0110 101A FFFF FFFF	1403
	A	 0110 101A 0111 1011	1
002E12	6B7B	CLRF PRINTLOCY_H,BANKED
	S	1111 DDDD DDDD DDDD:1100 SSSS SSSS SSSS	1462
	D	1111 DDDD DDDD DDDD:1100 0101 1011 0110	1460
002E14	C5B6 F5B4	MOVFF WORDNUMBER,SYSVALTEMP
	S	1111 DDDD DDDD DDDD:1100 SSSS SSSS SSSS	1463
	D	1111 DDDD DDDD DDDD:1100 0101 1011 0111	1461
002E18	C5B7 F5B5	MOVFF WORDNUMBER_H,SYSVALTEMP_H
	K	 0000 0001 00KK KKKK	0
000000	0100	BANKSEL 0
	K	1111 KKKK KKKK KKKK:1110 110S KKKK KKKK	14042
	S	1111 0000 0001 1011:1110 110S 0110 1101	0
002E1E	EC6D F01B	CALL FN_STR
	K	 0000 1110 KKKK KKKK	164
002E22	0EA4	MOVLW LOW STR
	K	 0000 0001 00KK KKKK	5
000000	0105	BANKSEL SYSSYSINSTRINGHANDLER
	F	 0110 111A FFFF FFFF	1450
	A	 0110 111A 1010 1010	1
002E26	6FAA	MOVWF SYSSYSINSTRINGHANDLER,BANKED
	K	 0000 1110 KKKK KKKK	20
002E28	0E14	MOVLW HIGH STR
	F	 0110 111A FFFF FFFF	1451
	A	 0110 111A 1010 1011	1
002E2A	6FAB	MOVWF SYSSYSINSTRINGHANDLER_H,BANKED
	K	 0000 1110 KKKK KKKK	5
002E2C	0E05	MOVLW 5
	F	 0110 111A FFFF FFFF	1447
	A	 0110 111A 1010 0111	1
002E2E	6FA7	MOVWF SYSSTRLEN,BANKED
	F	1110 1110 00FF KKKK:1111 00KK KKKK KKKK	1
	K	1110 1110 0001 KKKK:1111 00KK KKKK KKKK	5301
002E30	EE15 F0B5	LFSR 1,SYSSTRINGPARAM2
	K	 0000 1110 KKKK KKKK	62
002E34	0E3E	MOVLW LOW STRINGTABLE65
	F	 0110 111A FFFF FFFF	1270
	A	 0110 111A 1111 0110	0
002E36	6EF6	MOVWF TBLPTRL,ACCESS
	K	 0000 1110 KKKK KKKK	60
002E38	0E3C	MOVLW HIGH STRINGTABLE65
	F	 0110 111A FFFF FFFF	1271
	A	 0110 111A 1111 0111	0
002E3A	6EF7	MOVWF TBLPTRH,ACCESS
	K	 0000 1110 KKKK KKKK	0
002E3C	0E00	MOVLW UPPER STRINGTABLE65
	F	 0110 111A FFFF FFFF	1272
	A	 0110 111A 1111 1000	0
002E3E	6EF8	MOVWF TBLPTRU,ACCESS
	K	 0000 0001 00KK KKKK	0
000000	0100	BANKSEL 0
	K	1111 KKKK KKKK KKKK:1110 110S KKKK KKKK	15222
	S	1111 0000 0001 1101:1110 110S 1011 1011	0
002E42	ECBB F01D	CALL SYSREADSTRING
	K	 0000 1110 KKKK KKKK	181
002E46	0EB5	MOVLW LOW SYSSTRINGPARAM2
	K	 0000 0001 00KK KKKK	5
000000	0105	BANKSEL SYSSYSINSTRING3HANDLER
	F	 0110 111A FFFF FFFF	1448
	A	 0110 111A 1010 1000	1
002E4A	6FA8	MOVWF SYSSYSINSTRING3HANDLER,BANKED
	K	 0000 1110 KKKK KKKK	20
002E4C	0E14	MOVLW HIGH SYSSTRINGPARAM2
	F	 0110 111A FFFF FFFF	1449
	A	 0110 111A 1010 1001	1
002E4E	6FA9	MOVWF SYSSYSINSTRING3HANDLER_H,BANKED
	K	 0000 0001 00KK KKKK	0
000000	0100	BANKSEL 0
	N	 1101 1NNN NNNN NNNN	1141
002E52	DC75	RCALL FN_PAD
	K	 0000 1110 KKKK KKKK	215
002E54	0ED7	MOVLW LOW PAD
	K	 0000 0001 00KK KKKK	5
000000	0105	BANKSEL SYSLCDPRINTDATAHANDLER
	F	 0110 111A FFFF FFFF	1419
	A	 0110 111A 1000 1011	1
002E58	6F8B	MOVWF SYSLCDPRINTDATAHANDLER,BANKED
	K	 0000 1110 KKKK KKKK	20
002E5A	0E14	MOVLW HIGH PAD
	F	 0110 111A FFFF FFFF	1420
	A	 0110 111A 1000 1100	1
002E5C	6F8C	MOVWF SYSLCDPRINTDATAHANDLER_H,BANKED
	K	 0000 0001 00KK KKKK	0
000000	0100	BANKSEL 0
	K	1111 KKKK KKKK KKKK:1110 110S KKKK KKKK	8782
	S	1111 0000 0001 0001:1110 110S 0010 0111	0
002E60	EC27 F011	CALL GLCDPRINT7
	K	 0000 1110 KKKK KKKK	144
002E64	0E90	MOVLW 144
	K	 0000 0001 00KK KKKK	5
000000	0105	BANKSEL PRINTLOCX
	F	 0110 111A FFFF FFFF	1400
	A	 0110 111A 0111 1000	1
002E68	6F78	MOVWF PRINTLOCX,BANKED
	F	 0110 101A FFFF FFFF	1401
	A	 0110 101A 0111 1001	1
002E6A	6B79	CLRF PRINTLOCX_H,BANKED
	K	 0000 1110 KKKK KKKK	47
002E6C	0E2F	MOVLW 47
	F	 0110 111A FFFF FFFF	1402
	A	 0110 111A 0111 1010	1
002E6E	6F7A	MOVWF PRINTLOCY,BANKED
	F	 0110 101A FFFF FFFF	1403
	A	 0110 101A 0111 1011	1
002E70	6B7B	CLRF PRINTLOCY_H,BANKED
	S	1111 DDDD DDDD DDDD:1100 SSSS SSSS SSSS	1294
	D	1111 DDDD DDDD DDDD:1100 0101 0000 1110	1460
002E72	C50E F5B4	MOVFF BYTENUMBER,SYSVALTEMP
	F	 0110 101A FFFF FFFF	1461
	A	 0110 101A 1011 0101	1
002E76	6BB5	CLRF SYSVALTEMP_H,BANKED
	K	 0000 0001 00KK KKKK	0
000000	0100	BANKSEL 0
	K	1111 KKKK KKKK KKKK:1110 110S KKKK KKKK	14042
	S	1111 0000 0001 1011:1110 110S 0110 1101	0
002E7A	EC6D F01B	CALL FN_STR
	K	 0000 1110 KKKK KKKK	164
002E7E	0EA4	MOVLW LOW STR
	K	 0000 0001 00KK KKKK	5
000000	0105	BANKSEL SYSSYSINSTRINGHANDLER
	F	 0110 111A FFFF FFFF	1450
	A	 0110 111A 1010 1010	1
002E82	6FAA	MOVWF SYSSYSINSTRINGHANDLER,BANKED
	K	 0000 1110 KKKK KKKK	20
002E84	0E14	MOVLW HIGH STR
	F	 0110 111A FFFF FFFF	1451
	A	 0110 111A 1010 1011	1
002E86	6FAB	MOVWF SYSSYSINSTRINGHANDLER_H,BANKED
	K	 0000 1110 KKKK KKKK	3
002E88	0E03	MOVLW 3
	F	 0110 111A FFFF FFFF	1447
	A	 0110 111A 1010 0111	1
002E8A	6FA7	MOVWF SYSSTRLEN,BANKED
	F	1110 1110 00FF KKKK:1111 00KK KKKK KKKK	1
	K	1110 1110 0001 KKKK:1111 00KK KKKK KKKK	5301
002E8C	EE15 F0B5	LFSR 1,SYSSTRINGPARAM2
	K	 0000 1110 KKKK KKKK	62
002E90	0E3E	MOVLW LOW STRINGTABLE65
	F	 0110 111A FFFF FFFF	1270
	A	 0110 111A 1111 0110	0
002E92	6EF6	MOVWF TBLPTRL,ACCESS
	K	 0000 1110 KKKK KKKK	60
002E94	0E3C	MOVLW HIGH STRINGTABLE65
	F	 0110 111A FFFF FFFF	1271
	A	 0110 111A 1111 0111	0
002E96	6EF7	MOVWF TBLPTRH,ACCESS
	K	 0000 1110 KKKK KKKK	0
002E98	0E00	MOVLW UPPER STRINGTABLE65
	F	 0110 111A FFFF FFFF	1272
	A	 0110 111A 1111 1000	0
002E9A	6EF8	MOVWF TBLPTRU,ACCESS
	K	 0000 0001 00KK KKKK	0
000000	0100	BANKSEL 0
	K	1111 KKKK KKKK KKKK:1110 110S KKKK KKKK	15222
	S	1111 0000 0001 1101:1110 110S 1011 1011	0
002E9E	ECBB F01D	CALL SYSREADSTRING
	K	 0000 1110 KKKK KKKK	181
002EA2	0EB5	MOVLW LOW SYSSTRINGPARAM2
	K	 0000 0001 00KK KKKK	5
000000	0105	BANKSEL SYSSYSINSTRING3HANDLER
	F	 0110 111A FFFF FFFF	1448
	A	 0110 111A 1010 1000	1
002EA6	6FA8	MOVWF SYSSYSINSTRING3HANDLER,BANKED
	K	 0000 1110 KKKK KKKK	20
002EA8	0E14	MOVLW HIGH SYSSTRINGPARAM2
	F	 0110 111A FFFF FFFF	1449
	A	 0110 111A 1010 1001	1
002EAA	6FA9	MOVWF SYSSYSINSTRING3HANDLER_H,BANKED
	K	 0000 0001 00KK KKKK	0
000000	0100	BANKSEL 0
	N	 1101 1NNN NNNN NNNN	1095
002EAE	DC47	RCALL FN_PAD
	K	 0000 1110 KKKK KKKK	215
002EB0	0ED7	MOVLW LOW PAD
	K	 0000 0001 00KK KKKK	5
000000	0105	BANKSEL SYSLCDPRINTDATAHANDLER
	F	 0110 111A FFFF FFFF	1419
	A	 0110 111A 1000 1011	1
002EB4	6F8B	MOVWF SYSLCDPRINTDATAHANDLER,BANKED
	K	 0000 1110 KKKK KKKK	20
002EB6	0E14	MOVLW HIGH PAD
	F	 0110 111A FFFF FFFF	1420
	A	 0110 111A 1000 1100	1
002EB8	6F8C	MOVWF SYSLCDPRINTDATAHANDLER_H,BANKED
	K	 0000 0001 00KK KKKK	0
000000	0100	BANKSEL 0
	K	1111 KKKK KKKK KKKK:1110 110S KKKK KKKK	8782
	S	1111 0000 0001 0001:1110 110S 0010 0111	0
002EBC	EC27 F011	CALL GLCDPRINT7
	K	 0000 1110 KKKK KKKK	54
002EC0	0E36	MOVLW 54
	F	 0110 111A FFFF FFFF	1300
	A	 0110 111A 0001 0100	0
002EC2	6E14	MOVWF CHARLOCX,ACCESS
	F	 0110 101A FFFF FFFF	1301
	A	 0110 101A 0001 0101	0
002EC4	6A15	CLRF CHARLOCX_H,ACCESS
	K	 0000 1110 KKKK KKKK	16
002EC6	0E10	MOVLW 16
	F	 0110 111A FFFF FFFF	1302
	A	 0110 111A 0001 0110	0
002EC8	6E16	MOVWF CHARLOCY,ACCESS
	F	 0110 101A FFFF FFFF	1303
	A	 0110 101A 0001 0111	0
002ECA	6A17	CLRF CHARLOCY_H,ACCESS
	S	1111 DDDD DDDD DDDD:1100 SSSS SSSS SSSS	1295
	D	1111 DDDD DDDD DDDD:1100 0101 0000 1111	1296
002ECC	C50F F510	MOVFF CCOUNT,CHARCODE
	S	1111 DDDD DDDD DDDD:1100 SSSS SSSS SSSS	1337
	D	1111 DDDD DDDD DDDD:1100 0101 0011 1001	1366
002ED0	C539 F556	MOVFF GLCDFOREGROUND,LINECOLOUR
	S	1111 DDDD DDDD DDDD:1100 SSSS SSSS SSSS	1338
	D	1111 DDDD DDDD DDDD:1100 0101 0011 1010	1367
002ED4	C53A F557	MOVFF GLCDFOREGROUND_H,LINECOLOUR_H
	K	1111 KKKK KKKK KKKK:1110 110S KKKK KKKK	8286
	S	1111 0000 0001 0000:1110 110S 0010 1111	0
002ED8	EC2F F010	CALL GLCDDRAWCHAR_ILI9341
	K	 0000 1110 KKKK KKKK	52
002EDC	0E34	MOVLW 52
	K	 0000 0001 00KK KKKK	5
000000	0105	BANKSEL LINEX1
	F	 0110 111A FFFF FFFF	1382
	A	 0110 111A 0110 0110	1
002EE0	6F66	MOVWF LINEX1,BANKED
	F	 0110 101A FFFF FFFF	1383
	A	 0110 101A 0110 0111	1
002EE2	6B67	CLRF LINEX1_H,BANKED
	K	 0000 1110 KKKK KKKK	15
002EE4	0E0F	MOVLW 15
	F	 0110 111A FFFF FFFF	1386
	A	 0110 111A 0110 1010	1
002EE6	6F6A	MOVWF LINEY1,BANKED
	F	 0110 101A FFFF FFFF	1387
	A	 0110 101A 0110 1011	1
002EE8	6B6B	CLRF LINEY1_H,BANKED
	K	 0000 1110 KKKK KKKK	62
002EEA	0E3E	MOVLW 62
	F	 0110 111A FFFF FFFF	1384
	A	 0110 111A 0110 1000	1
002EEC	6F68	MOVWF LINEX2,BANKED
	F	 0110 101A FFFF FFFF	1385
	A	 0110 101A 0110 1001	1
002EEE	6B69	CLRF LINEX2_H,BANKED
	K	 0000 1110 KKKK KKKK	26
002EF0	0E1A	MOVLW 26
	F	 0110 111A FFFF FFFF	1388
	A	 0110 111A 0110 1100	1
002EF2	6F6C	MOVWF LINEY2,BANKED
	F	 0110 101A FFFF FFFF	1389
	A	 0110 101A 0110 1101	1
002EF4	6B6D	CLRF LINEY2_H,BANKED
	F	 0110 100A FFFF FFFF	1366
	A	 0110 100A 0101 0110	0
002EF6	6856	SETF LINECOLOUR,ACCESS
	F	 0110 100A FFFF FFFF	1367
	A	 0110 100A 0101 0111	0
002EF8	6857	SETF LINECOLOUR_H,ACCESS
	K	 0000 0001 00KK KKKK	0
000000	0100	BANKSEL 0
	K	1111 KKKK KKKK KKKK:1110 110S KKKK KKKK	4148
	S	1111 0000 0000 1000:1110 110S 0001 1010	0
002EFC	EC1A F008	CALL BOX19
	K	 0000 1110 KKKK KKKK	104
002F00	0E68	MOVLW 104
	K	 0000 0001 00KK KKKK	5
000000	0105	BANKSEL STRINGLOCX
	F	 0110 111A FFFF FFFF	1411
	A	 0110 111A 1000 0011	1
002F04	6F83	MOVWF STRINGLOCX,BANKED
	F	 0110 101A FFFF FFFF	1412
	A	 0110 101A 1000 0100	1
002F06	6B84	CLRF STRINGLOCX_H,BANKED
	K	 0000 1110 KKKK KKKK	18
002F08	0E12	MOVLW 18
	F	 0110 111A FFFF FFFF	1302
	A	 0110 111A 0001 0110	0
002F0A	6E16	MOVWF CHARLOCY,ACCESS
	F	 0110 101A FFFF FFFF	1303
	A	 0110 101A 0001 0111	0
002F0C	6A17	CLRF CHARLOCY_H,ACCESS
	S	1111 DDDD DDDD DDDD:1100 SSSS SSSS SSSS	1295
	D	1111 DDDD DDDD DDDD:1100 0101 0000 1111	1460
002F0E	C50F F5B4	MOVFF CCOUNT,SYSVALTEMP
	F	 0110 101A FFFF FFFF	1461
	A	 0110 101A 1011 0101	1
002F12	6BB5	CLRF SYSVALTEMP_H,BANKED
	K	 0000 0001 00KK KKKK	0
000000	0100	BANKSEL 0
	N	 1101 1NNN NNNN NNNN	993
002F16	DBE1	RCALL FN_STR
	K	 0000 1110 KKKK KKKK	164
002F18	0EA4	MOVLW LOW STR
	K	 0000 0001 00KK KKKK	5
000000	0105	BANKSEL SYSSYSINSTRINGHANDLER
	F	 0110 111A FFFF FFFF	1450
	A	 0110 111A 1010 1010	1
002F1C	6FAA	MOVWF SYSSYSINSTRINGHANDLER,BANKED
	K	 0000 1110 KKKK KKKK	20
002F1E	0E14	MOVLW HIGH STR
	F	 0110 111A FFFF FFFF	1451
	A	 0110 111A 1010 1011	1
002F20	6FAB	MOVWF SYSSYSINSTRINGHANDLER_H,BANKED
	K	 0000 1110 KKKK KKKK	3
002F22	0E03	MOVLW 3
	F	 0110 111A FFFF FFFF	1447
	A	 0110 111A 1010 0111	1
002F24	6FA7	MOVWF SYSSTRLEN,BANKED
	F	1110 1110 00FF KKKK:1111 00KK KKKK KKKK	1
	K	1110 1110 0001 KKKK:1111 00KK KKKK KKKK	5301
002F26	EE15 F0B5	LFSR 1,SYSSTRINGPARAM2
	K	 0000 1110 KKKK KKKK	62
002F2A	0E3E	MOVLW LOW STRINGTABLE65
	F	 0110 111A FFFF FFFF	1270
	A	 0110 111A 1111 0110	0
002F2C	6EF6	MOVWF TBLPTRL,ACCESS
	K	 0000 1110 KKKK KKKK	60
002F2E	0E3C	MOVLW HIGH STRINGTABLE65
	F	 0110 111A FFFF FFFF	1271
	A	 0110 111A 1111 0111	0
002F30	6EF7	MOVWF TBLPTRH,ACCESS
	K	 0000 1110 KKKK KKKK	0
002F32	0E00	MOVLW UPPER STRINGTABLE65
	F	 0110 111A FFFF FFFF	1272
	A	 0110 111A 1111 1000	0
002F34	6EF8	MOVWF TBLPTRU,ACCESS
	K	 0000 0001 00KK KKKK	0
000000	0100	BANKSEL 0
	K	1111 KKKK KKKK KKKK:1110 110S KKKK KKKK	15222
	S	1111 0000 0001 1101:1110 110S 1011 1011	0
002F38	ECBB F01D	CALL SYSREADSTRING
	K	 0000 1110 KKKK KKKK	181
002F3C	0EB5	MOVLW LOW SYSSTRINGPARAM2
	K	 0000 0001 00KK KKKK	5
000000	0105	BANKSEL SYSSYSINSTRING3HANDLER
	F	 0110 111A FFFF FFFF	1448
	A	 0110 111A 1010 1000	1
002F40	6FA8	MOVWF SYSSYSINSTRING3HANDLER,BANKED
	K	 0000 1110 KKKK KKKK	20
002F42	0E14	MOVLW HIGH SYSSTRINGPARAM2
	F	 0110 111A FFFF FFFF	1449
	A	 0110 111A 1010 1001	1
002F44	6FA9	MOVWF SYSSYSINSTRING3HANDLER_H,BANKED
	K	 0000 0001 00KK KKKK	0
000000	0100	BANKSEL 0
	K	1111 KKKK KKKK KKKK:1110 110S KKKK KKKK	10046
	S	1111 0000 0001 0011:1110 110S 1001 1111	0
002F48	EC9F F013	CALL FN_PAD
	K	 0000 1110 KKKK KKKK	215
002F4C	0ED7	MOVLW LOW PAD
	K	 0000 0001 00KK KKKK	5
000000	0105	BANKSEL SYSCHARSHANDLER
	F	 0110 111A FFFF FFFF	1417
	A	 0110 111A 1000 1001	1
002F50	6F89	MOVWF SYSCHARSHANDLER,BANKED
	K	 0000 1110 KKKK KKKK	20
002F52	0E14	MOVLW HIGH PAD
	F	 0110 111A FFFF FFFF	1418
	A	 0110 111A 1000 1010	1
002F54	6F8A	MOVWF SYSCHARSHANDLER_H,BANKED
	S	1111 DDDD DDDD DDDD:1100 SSSS SSSS SSSS	1337
	D	1111 DDDD DDDD DDDD:1100 0101 0011 1001	1366
002F56	C539 F556	MOVFF GLCDFOREGROUND,LINECOLOUR
	S	1111 DDDD DDDD DDDD:1100 SSSS SSSS SSSS	1338
	D	1111 DDDD DDDD DDDD:1100 0101 0011 1010	1367
002F5A	C53A F557	MOVFF GLCDFOREGROUND_H,LINECOLOUR_H
	K	 0000 0001 00KK KKKK	0
000000	0100	BANKSEL 0
	K	1111 KKKK KKKK KKKK:1110 110S KKKK KKKK	8670
	S	1111 0000 0001 0000:1110 110S 1110 1111	0
002F60	ECEF F010	CALL GLCDDRAWSTRING_ILI9341
	F	 0010 10DA FFFF FFFF	1295
	D	 0010 10DA 0000 1111	1
	A	 0010 101A 0000 1111	0
002F64	2A0F	INCF CCOUNT,F,ACCESS
	F	 0101 00DA FFFF FFFF	1295
	D	 0101 00DA 0000 1111	1
	A	 0101 001A 0000 1111	0
002F66	520F	MOVF CCOUNT,F,ACCESS
	F	 1010 BBBA FFFF FFFF	1240
	B	 1010 BBBA 1101 1000	2
	A	 1010 010A 1101 1000	0
002F68	A4D8	BTFSS STATUS, Z,ACCESS
	N	 1101 0NNN NNNN NNNN	2
002F6A	D002	BRA ENDIF1
	K	 0000 1110 KKKK KKKK	31
002F6C	0E1F	MOVLW 31
	F	 0110 111A FFFF FFFF	1295
	A	 0110 111A 0000 1111	0
002F6E	6E0F	MOVWF CCOUNT,ACCESS
		ENDIF1
	K	 0000 1110 KKKK KKKK	128
002F70	0E80	MOVLW 128
	F	 0101 11DA FFFF FFFF	1295
	D	 0101 11DA 0000 1111	0
	A	 0101 110A 0000 1111	0
002F72	5C0F	SUBWF CCOUNT,W,ACCESS
	F	 1010 BBBA FFFF FFFF	1240
	B	 1010 BBBA 1101 1000	2
	A	 1010 010A 1101 1000	0
002F74	A4D8	BTFSS STATUS, Z,ACCESS
	N	 1101 0NNN NNNN NNNN	2
002F76	D002	BRA ENDIF2
	K	 0000 1110 KKKK KKKK	192
002F78	0EC0	MOVLW 192
	F	 0110 111A FFFF FFFF	1295
	A	 0110 111A 0000 1111	0
002F7A	6E0F	MOVWF CCOUNT,ACCESS
		ENDIF2
	K	 0000 1110 KKKK KKKK	7
002F7C	0E07	MOVLW 7
	K	 0000 0001 00KK KKKK	5
000000	0105	BANKSEL LONGNUMBER
	F	 0010 01DA FFFF FFFF	1394
	D	 0010 01DA 0111 0010	1
	A	 0010 011A 0111 0010	1
002F80	2772	ADDWF LONGNUMBER,F,BANKED
	K	 0000 1110 KKKK KKKK	0
002F82	0E00	MOVLW 0
	F	 0010 00DA FFFF FFFF	1395
	D	 0010 00DA 0111 0011	1
	A	 0010 001A 0111 0011	1
002F84	2373	ADDWFC LONGNUMBER_H,F,BANKED
	K	 0000 1110 KKKK KKKK	0
002F86	0E00	MOVLW 0
	F	 0010 00DA FFFF FFFF	1396
	D	 0010 00DA 0111 0100	1
	A	 0010 001A 0111 0100	1
002F88	2374	ADDWFC LONGNUMBER_U,F,BANKED
	K	 0000 1110 KKKK KKKK	0
002F8A	0E00	MOVLW 0
	F	 0010 00DA FFFF FFFF	1397
	D	 0010 00DA 0111 0101	1
	A	 0010 001A 0111 0101	1
002F8C	2375	ADDWFC LONGNUMBER_E,F,BANKED
	K	 0000 1110 KKKK KKKK	3
002F8E	0E03	MOVLW 3
	F	 0010 01DA FFFF FFFF	1462
	D	 0010 01DA 1011 0110	1
	A	 0010 011A 1011 0110	1
002F90	27B6	ADDWF WORDNUMBER,F,BANKED
	K	 0000 1110 KKKK KKKK	0
002F92	0E00	MOVLW 0
	F	 0010 00DA FFFF FFFF	1463
	D	 0010 00DA 1011 0111	1
	A	 0010 001A 1011 0111	1
002F94	23B7	ADDWFC WORDNUMBER_H,F,BANKED
	F	 0010 10DA FFFF FFFF	1294
	D	 0010 10DA 0000 1110	1
	A	 0010 101A 0000 1110	0
002F96	2A0E	INCF BYTENUMBER,F,ACCESS
	N	 1101 0NNN NNNN NNNN	1828
002F98	D724	BRA SYSDOLOOP_S1
		SYSDOLOOP_E1
	S	 0000 0000 0001 001S	0
002F9A	0012	RETURN


		SHOWCASE2
	K	 0000 1110 KKKK KKKK	3
002F9C	0E03	MOVLW 3
	F	 0110 111A FFFF FFFF	1347
	A	 0110 111A 0100 0011	0
002F9E	6E43	MOVWF GLCDROTATESTATE,ACCESS
	K	1111 KKKK KKKK KKKK:1110 110S KKKK KKKK	9150
	S	1111 0000 0001 0001:1110 110S 1101 1111	0
002FA0	ECDF F011	CALL GLCDROTATE_ILI9341
	K	 0000 1110 KKKK KKKK	2
002FA4	0E02	MOVLW 2
	K	 0000 0001 00KK KKKK	5
000000	0105	BANKSEL STRINGLOCX
	F	 0110 111A FFFF FFFF	1411
	A	 0110 111A 1000 0011	1
002FA8	6F83	MOVWF STRINGLOCX,BANKED
	F	 0110 101A FFFF FFFF	1412
	A	 0110 101A 1000 0100	1
002FAA	6B84	CLRF STRINGLOCX_H,BANKED
	K	 0000 1110 KKKK KKKK	1
002FAC	0E01	MOVLW 1
	F	 0110 111A FFFF FFFF	1302
	A	 0110 111A 0001 0110	0
002FAE	6E16	MOVWF CHARLOCY,ACCESS
	F	 0110 101A FFFF FFFF	1303
	A	 0110 101A 0001 0111	0
002FB0	6A17	CLRF CHARLOCY_H,ACCESS
	F	1110 1110 00FF KKKK:1111 00KK KKKK KKKK	1
	K	1110 1110 0001 KKKK:1111 00KK KKKK KKKK	5301
002FB2	EE15 F0B5	LFSR 1,SYSSTRINGPARAM2
	K	 0000 1110 KKKK KKKK	194
002FB6	0EC2	MOVLW LOW STRINGTABLE4
	F	 0110 111A FFFF FFFF	1270
	A	 0110 111A 1111 0110	0
002FB8	6EF6	MOVWF TBLPTRL,ACCESS
	K	 0000 1110 KKKK KKKK	59
002FBA	0E3B	MOVLW HIGH STRINGTABLE4
	F	 0110 111A FFFF FFFF	1271
	A	 0110 111A 1111 0111	0
002FBC	6EF7	MOVWF TBLPTRH,ACCESS
	K	 0000 1110 KKKK KKKK	0
002FBE	0E00	MOVLW UPPER STRINGTABLE4
	F	 0110 111A FFFF FFFF	1272
	A	 0110 111A 1111 1000	0
002FC0	6EF8	MOVWF TBLPTRU,ACCESS
	K	 0000 0001 00KK KKKK	0
000000	0100	BANKSEL 0
	K	1111 KKKK KKKK KKKK:1110 110S KKKK KKKK	15222
	S	1111 0000 0001 1101:1110 110S 1011 1011	0
002FC4	ECBB F01D	CALL SYSREADSTRING
	K	 0000 1110 KKKK KKKK	181
002FC8	0EB5	MOVLW LOW SYSSTRINGPARAM2
	K	 0000 0001 00KK KKKK	5
000000	0105	BANKSEL SYSCHARSHANDLER
	F	 0110 111A FFFF FFFF	1417
	A	 0110 111A 1000 1001	1
002FCC	6F89	MOVWF SYSCHARSHANDLER,BANKED
	K	 0000 1110 KKKK KKKK	20
002FCE	0E14	MOVLW HIGH SYSSTRINGPARAM2
	F	 0110 111A FFFF FFFF	1418
	A	 0110 111A 1000 1010	1
002FD0	6F8A	MOVWF SYSCHARSHANDLER_H,BANKED
	F	 0110 100A FFFF FFFF	1366
	A	 0110 100A 0101 0110	0
002FD2	6856	SETF LINECOLOUR,ACCESS
	F	 0110 100A FFFF FFFF	1367
	A	 0110 100A 0101 0111	0
002FD4	6857	SETF LINECOLOUR_H,ACCESS
	K	 0000 0001 00KK KKKK	0
000000	0100	BANKSEL 0
	K	1111 KKKK KKKK KKKK:1110 110S KKKK KKKK	8670
	S	1111 0000 0001 0000:1110 110S 1110 1111	0
002FD8	ECEF F010	CALL GLCDDRAWSTRING_ILI9341
	K	 0000 1110 KKKK KKKK	56
002FDC	0E38	MOVLW 56
	K	 0000 0001 00KK KKKK	5
000000	0105	BANKSEL STRINGLOCX
	F	 0110 111A FFFF FFFF	1411
	A	 0110 111A 1000 0011	1
002FE0	6F83	MOVWF STRINGLOCX,BANKED
	F	 0110 101A FFFF FFFF	1412
	A	 0110 101A 1000 0100	1
002FE2	6B84	CLRF STRINGLOCX_H,BANKED
	K	 0000 1110 KKKK KKKK	1
002FE4	0E01	MOVLW 1
	F	 0110 111A FFFF FFFF	1302
	A	 0110 111A 0001 0110	0
002FE6	6E16	MOVWF CHARLOCY,ACCESS
	F	 0110 101A FFFF FFFF	1303
	A	 0110 101A 0001 0111	0
002FE8	6A17	CLRF CHARLOCY_H,ACCESS
	F	1110 1110 00FF KKKK:1111 00KK KKKK KKKK	1
	K	1110 1110 0001 KKKK:1111 00KK KKKK KKKK	5301
002FEA	EE15 F0B5	LFSR 1,SYSSTRINGPARAM2
	K	 0000 1110 KKKK KKKK	198
002FEE	0EC6	MOVLW LOW STRINGTABLE5
	F	 0110 111A FFFF FFFF	1270
	A	 0110 111A 1111 0110	0
002FF0	6EF6	MOVWF TBLPTRL,ACCESS
	K	 0000 1110 KKKK KKKK	59
002FF2	0E3B	MOVLW HIGH STRINGTABLE5
	F	 0110 111A FFFF FFFF	1271
	A	 0110 111A 1111 0111	0
002FF4	6EF7	MOVWF TBLPTRH,ACCESS
	K	 0000 1110 KKKK KKKK	0
002FF6	0E00	MOVLW UPPER STRINGTABLE5
	F	 0110 111A FFFF FFFF	1272
	A	 0110 111A 1111 1000	0
002FF8	6EF8	MOVWF TBLPTRU,ACCESS
	K	 0000 0001 00KK KKKK	0
000000	0100	BANKSEL 0
	K	1111 KKKK KKKK KKKK:1110 110S KKKK KKKK	15222
	S	1111 0000 0001 1101:1110 110S 1011 1011	0
002FFC	ECBB F01D	CALL SYSREADSTRING
	K	 0000 1110 KKKK KKKK	181
003000	0EB5	MOVLW LOW SYSSTRINGPARAM2
	K	 0000 0001 00KK KKKK	5
000000	0105	BANKSEL SYSCHARSHANDLER
	F	 0110 111A FFFF FFFF	1417
	A	 0110 111A 1000 1001	1
003004	6F89	MOVWF SYSCHARSHANDLER,BANKED
	K	 0000 1110 KKKK KKKK	20
003006	0E14	MOVLW HIGH SYSSTRINGPARAM2
	F	 0110 111A FFFF FFFF	1418
	A	 0110 111A 1000 1010	1
003008	6F8A	MOVWF SYSCHARSHANDLER_H,BANKED
	K	 0000 1110 KKKK KKKK	224
00300A	0EE0	MOVLW 224
	F	 0110 111A FFFF FFFF	1366
	A	 0110 111A 0101 0110	0
00300C	6E56	MOVWF LINECOLOUR,ACCESS
	F	 0110 100A FFFF FFFF	1367
	A	 0110 100A 0101 0111	0
00300E	6857	SETF LINECOLOUR_H,ACCESS
	K	 0000 0001 00KK KKKK	0
000000	0100	BANKSEL 0
	K	1111 KKKK KKKK KKKK:1110 110S KKKK KKKK	8670
	S	1111 0000 0001 0000:1110 110S 1110 1111	0
003012	ECEF F010	CALL GLCDDRAWSTRING_ILI9341
	K	 0000 1110 KKKK KKKK	2
003016	0E02	MOVLW 2
	K	 0000 0001 00KK KKKK	5
000000	0105	BANKSEL STRINGLOCX
	F	 0110 111A FFFF FFFF	1411
	A	 0110 111A 1000 0011	1
00301A	6F83	MOVWF STRINGLOCX,BANKED
	F	 0110 101A FFFF FFFF	1412
	A	 0110 101A 1000 0100	1
00301C	6B84	CLRF STRINGLOCX_H,BANKED
	K	 0000 1110 KKKK KKKK	18
00301E	0E12	MOVLW 18
	F	 0110 111A FFFF FFFF	1302
	A	 0110 111A 0001 0110	0
003020	6E16	MOVWF CHARLOCY,ACCESS
	F	 0110 101A FFFF FFFF	1303
	A	 0110 101A 0001 0111	0
003022	6A17	CLRF CHARLOCY_H,ACCESS
	F	1110 1110 00FF KKKK:1111 00KK KKKK KKKK	1
	K	1110 1110 0001 KKKK:1111 00KK KKKK KKKK	5301
003024	EE15 F0B5	LFSR 1,SYSSTRINGPARAM2
	K	 0000 1110 KKKK KKKK	204
003028	0ECC	MOVLW LOW STRINGTABLE6
	F	 0110 111A FFFF FFFF	1270
	A	 0110 111A 1111 0110	0
00302A	6EF6	MOVWF TBLPTRL,ACCESS
	K	 0000 1110 KKKK KKKK	59
00302C	0E3B	MOVLW HIGH STRINGTABLE6
	F	 0110 111A FFFF FFFF	1271
	A	 0110 111A 1111 0111	0
00302E	6EF7	MOVWF TBLPTRH,ACCESS
	K	 0000 1110 KKKK KKKK	0
003030	0E00	MOVLW UPPER STRINGTABLE6
	F	 0110 111A FFFF FFFF	1272
	A	 0110 111A 1111 1000	0
003032	6EF8	MOVWF TBLPTRU,ACCESS
	K	 0000 0001 00KK KKKK	0
000000	0100	BANKSEL 0
	K	1111 KKKK KKKK KKKK:1110 110S KKKK KKKK	15222
	S	1111 0000 0001 1101:1110 110S 1011 1011	0
003036	ECBB F01D	CALL SYSREADSTRING
	K	 0000 1110 KKKK KKKK	181
00303A	0EB5	MOVLW LOW SYSSTRINGPARAM2
	K	 0000 0001 00KK KKKK	5
000000	0105	BANKSEL SYSCHARSHANDLER
	F	 0110 111A FFFF FFFF	1417
	A	 0110 111A 1000 1001	1
00303E	6F89	MOVWF SYSCHARSHANDLER,BANKED
	K	 0000 1110 KKKK KKKK	20
003040	0E14	MOVLW HIGH SYSSTRINGPARAM2
	F	 0110 111A FFFF FFFF	1418
	A	 0110 111A 1000 1010	1
003042	6F8A	MOVWF SYSCHARSHANDLER_H,BANKED
	F	 0110 100A FFFF FFFF	1366
	A	 0110 100A 0101 0110	0
003044	6856	SETF LINECOLOUR,ACCESS
	F	 0110 100A FFFF FFFF	1367
	A	 0110 100A 0101 0111	0
003046	6857	SETF LINECOLOUR_H,ACCESS
	K	 0000 0001 00KK KKKK	0
000000	0100	BANKSEL 0
	K	1111 KKKK KKKK KKKK:1110 110S KKKK KKKK	8670
	S	1111 0000 0001 0000:1110 110S 1110 1111	0
00304A	ECEF F010	CALL GLCDDRAWSTRING_ILI9341
	K	 0000 1110 KKKK KKKK	2
00304E	0E02	MOVLW 2
	K	 0000 0001 00KK KKKK	5
000000	0105	BANKSEL STRINGLOCX
	F	 0110 111A FFFF FFFF	1411
	A	 0110 111A 1000 0011	1
003052	6F83	MOVWF STRINGLOCX,BANKED
	F	 0110 101A FFFF FFFF	1412
	A	 0110 101A 1000 0100	1
003054	6B84	CLRF STRINGLOCX_H,BANKED
	K	 0000 1110 KKKK KKKK	52
003056	0E34	MOVLW 52
	F	 0110 111A FFFF FFFF	1302
	A	 0110 111A 0001 0110	0
003058	6E16	MOVWF CHARLOCY,ACCESS
	F	 0110 101A FFFF FFFF	1303
	A	 0110 101A 0001 0111	0
00305A	6A17	CLRF CHARLOCY_H,ACCESS
	F	1110 1110 00FF KKKK:1111 00KK KKKK KKKK	1
	K	1110 1110 0001 KKKK:1111 00KK KKKK KKKK	5301
00305C	EE15 F0B5	LFSR 1,SYSSTRINGPARAM2
	K	 0000 1110 KKKK KKKK	32
003060	0E20	MOVLW LOW STRINGTABLE15
	F	 0110 111A FFFF FFFF	1270
	A	 0110 111A 1111 0110	0
003062	6EF6	MOVWF TBLPTRL,ACCESS
	K	 0000 1110 KKKK KKKK	60
003064	0E3C	MOVLW HIGH STRINGTABLE15
	F	 0110 111A FFFF FFFF	1271
	A	 0110 111A 1111 0111	0
003066	6EF7	MOVWF TBLPTRH,ACCESS
	K	 0000 1110 KKKK KKKK	0
003068	0E00	MOVLW UPPER STRINGTABLE15
	F	 0110 111A FFFF FFFF	1272
	A	 0110 111A 1111 1000	0
00306A	6EF8	MOVWF TBLPTRU,ACCESS
	K	 0000 0001 00KK KKKK	0
000000	0100	BANKSEL 0
	K	1111 KKKK KKKK KKKK:1110 110S KKKK KKKK	15222
	S	1111 0000 0001 1101:1110 110S 1011 1011	0
00306E	ECBB F01D	CALL SYSREADSTRING
	K	 0000 1110 KKKK KKKK	181
003072	0EB5	MOVLW LOW SYSSTRINGPARAM2
	K	 0000 0001 00KK KKKK	5
000000	0105	BANKSEL SYSCHARSHANDLER
	F	 0110 111A FFFF FFFF	1417
	A	 0110 111A 1000 1001	1
003076	6F89	MOVWF SYSCHARSHANDLER,BANKED
	K	 0000 1110 KKKK KKKK	20
003078	0E14	MOVLW HIGH SYSSTRINGPARAM2
	F	 0110 111A FFFF FFFF	1418
	A	 0110 111A 1000 1010	1
00307A	6F8A	MOVWF SYSCHARSHANDLER_H,BANKED
	S	1111 DDDD DDDD DDDD:1100 SSSS SSSS SSSS	1337
	D	1111 DDDD DDDD DDDD:1100 0101 0011 1001	1366
00307C	C539 F556	MOVFF GLCDFOREGROUND,LINECOLOUR
	S	1111 DDDD DDDD DDDD:1100 SSSS SSSS SSSS	1338
	D	1111 DDDD DDDD DDDD:1100 0101 0011 1010	1367
003080	C53A F557	MOVFF GLCDFOREGROUND_H,LINECOLOUR_H
	K	 0000 0001 00KK KKKK	0
000000	0100	BANKSEL 0
	K	1111 KKKK KKKK KKKK:1110 110S KKKK KKKK	8670
	S	1111 0000 0001 0000:1110 110S 1110 1111	0
003086	ECEF F010	CALL GLCDDRAWSTRING_ILI9341
	K	 0000 1110 KKKK KKKK	2
00308A	0E02	MOVLW 2
	K	 0000 0001 00KK KKKK	5
000000	0105	BANKSEL STRINGLOCX
	F	 0110 111A FFFF FFFF	1411
	A	 0110 111A 1000 0011	1
00308E	6F83	MOVWF STRINGLOCX,BANKED
	F	 0110 101A FFFF FFFF	1412
	A	 0110 101A 1000 0100	1
003090	6B84	CLRF STRINGLOCX_H,BANKED
	K	 0000 1110 KKKK KKKK	70
003092	0E46	MOVLW 70
	F	 0110 111A FFFF FFFF	1302
	A	 0110 111A 0001 0110	0
003094	6E16	MOVWF CHARLOCY,ACCESS
	F	 0110 101A FFFF FFFF	1303
	A	 0110 101A 0001 0111	0
003096	6A17	CLRF CHARLOCY_H,ACCESS
	F	1110 1110 00FF KKKK:1111 00KK KKKK KKKK	1
	K	1110 1110 0001 KKKK:1111 00KK KKKK KKKK	5301
003098	EE15 F0B5	LFSR 1,SYSSTRINGPARAM2
	K	 0000 1110 KKKK KKKK	38
00309C	0E26	MOVLW LOW STRINGTABLE16
	F	 0110 111A FFFF FFFF	1270
	A	 0110 111A 1111 0110	0
00309E	6EF6	MOVWF TBLPTRL,ACCESS
	K	 0000 1110 KKKK KKKK	60
0030A0	0E3C	MOVLW HIGH STRINGTABLE16
	F	 0110 111A FFFF FFFF	1271
	A	 0110 111A 1111 0111	0
0030A2	6EF7	MOVWF TBLPTRH,ACCESS
	K	 0000 1110 KKKK KKKK	0
0030A4	0E00	MOVLW UPPER STRINGTABLE16
	F	 0110 111A FFFF FFFF	1272
	A	 0110 111A 1111 1000	0
0030A6	6EF8	MOVWF TBLPTRU,ACCESS
	K	 0000 0001 00KK KKKK	0
000000	0100	BANKSEL 0
	K	1111 KKKK KKKK KKKK:1110 110S KKKK KKKK	15222
	S	1111 0000 0001 1101:1110 110S 1011 1011	0
0030AA	ECBB F01D	CALL SYSREADSTRING
	K	 0000 1110 KKKK KKKK	181
0030AE	0EB5	MOVLW LOW SYSSTRINGPARAM2
	K	 0000 0001 00KK KKKK	5
000000	0105	BANKSEL SYSCHARSHANDLER
	F	 0110 111A FFFF FFFF	1417
	A	 0110 111A 1000 1001	1
0030B2	6F89	MOVWF SYSCHARSHANDLER,BANKED
	K	 0000 1110 KKKK KKKK	20
0030B4	0E14	MOVLW HIGH SYSSTRINGPARAM2
	F	 0110 111A FFFF FFFF	1418
	A	 0110 111A 1000 1010	1
0030B6	6F8A	MOVWF SYSCHARSHANDLER_H,BANKED
	S	1111 DDDD DDDD DDDD:1100 SSSS SSSS SSSS	1337
	D	1111 DDDD DDDD DDDD:1100 0101 0011 1001	1366
0030B8	C539 F556	MOVFF GLCDFOREGROUND,LINECOLOUR
	S	1111 DDDD DDDD DDDD:1100 SSSS SSSS SSSS	1338
	D	1111 DDDD DDDD DDDD:1100 0101 0011 1010	1367
0030BC	C53A F557	MOVFF GLCDFOREGROUND_H,LINECOLOUR_H
	K	 0000 0001 00KK KKKK	0
000000	0100	BANKSEL 0
	K	1111 KKKK KKKK KKKK:1110 110S KKKK KKKK	8670
	S	1111 0000 0001 0000:1110 110S 1110 1111	0
0030C2	ECEF F010	CALL GLCDDRAWSTRING_ILI9341
	K	 0000 1110 KKKK KKKK	2
0030C6	0E02	MOVLW 2
	K	 0000 0001 00KK KKKK	5
000000	0105	BANKSEL STRINGLOCX
	F	 0110 111A FFFF FFFF	1411
	A	 0110 111A 1000 0011	1
0030CA	6F83	MOVWF STRINGLOCX,BANKED
	F	 0110 101A FFFF FFFF	1412
	A	 0110 101A 1000 0100	1
0030CC	6B84	CLRF STRINGLOCX_H,BANKED
	K	 0000 1110 KKKK KKKK	88
0030CE	0E58	MOVLW 88
	F	 0110 111A FFFF FFFF	1302
	A	 0110 111A 0001 0110	0
0030D0	6E16	MOVWF CHARLOCY,ACCESS
	F	 0110 101A FFFF FFFF	1303
	A	 0110 101A 0001 0111	0
0030D2	6A17	CLRF CHARLOCY_H,ACCESS
	F	1110 1110 00FF KKKK:1111 00KK KKKK KKKK	1
	K	1110 1110 0001 KKKK:1111 00KK KKKK KKKK	5301
0030D4	EE15 F0B5	LFSR 1,SYSSTRINGPARAM2
	K	 0000 1110 KKKK KKKK	44
0030D8	0E2C	MOVLW LOW STRINGTABLE17
	F	 0110 111A FFFF FFFF	1270
	A	 0110 111A 1111 0110	0
0030DA	6EF6	MOVWF TBLPTRL,ACCESS
	K	 0000 1110 KKKK KKKK	60
0030DC	0E3C	MOVLW HIGH STRINGTABLE17
	F	 0110 111A FFFF FFFF	1271
	A	 0110 111A 1111 0111	0
0030DE	6EF7	MOVWF TBLPTRH,ACCESS
	K	 0000 1110 KKKK KKKK	0
0030E0	0E00	MOVLW UPPER STRINGTABLE17
	F	 0110 111A FFFF FFFF	1272
	A	 0110 111A 1111 1000	0
0030E2	6EF8	MOVWF TBLPTRU,ACCESS
	K	 0000 0001 00KK KKKK	0
000000	0100	BANKSEL 0
	K	1111 KKKK KKKK KKKK:1110 110S KKKK KKKK	15222
	S	1111 0000 0001 1101:1110 110S 1011 1011	0
0030E6	ECBB F01D	CALL SYSREADSTRING
	K	 0000 1110 KKKK KKKK	181
0030EA	0EB5	MOVLW LOW SYSSTRINGPARAM2
	K	 0000 0001 00KK KKKK	5
000000	0105	BANKSEL SYSCHARSHANDLER
	F	 0110 111A FFFF FFFF	1417
	A	 0110 111A 1000 1001	1
0030EE	6F89	MOVWF SYSCHARSHANDLER,BANKED
	K	 0000 1110 KKKK KKKK	20
0030F0	0E14	MOVLW HIGH SYSSTRINGPARAM2
	F	 0110 111A FFFF FFFF	1418
	A	 0110 111A 1000 1010	1
0030F2	6F8A	MOVWF SYSCHARSHANDLER_H,BANKED
	S	1111 DDDD DDDD DDDD:1100 SSSS SSSS SSSS	1337
	D	1111 DDDD DDDD DDDD:1100 0101 0011 1001	1366
0030F4	C539 F556	MOVFF GLCDFOREGROUND,LINECOLOUR
	S	1111 DDDD DDDD DDDD:1100 SSSS SSSS SSSS	1338
	D	1111 DDDD DDDD DDDD:1100 0101 0011 1010	1367
0030F8	C53A F557	MOVFF GLCDFOREGROUND_H,LINECOLOUR_H
	K	 0000 0001 00KK KKKK	0
000000	0100	BANKSEL 0
	K	1111 KKKK KKKK KKKK:1110 110S KKKK KKKK	8670
	S	1111 0000 0001 0000:1110 110S 1110 1111	0
0030FE	ECEF F010	CALL GLCDDRAWSTRING_ILI9341
	K	 0000 1110 KKKK KKKK	128
003102	0E80	MOVLW 128
	K	 0000 0001 00KK KKKK	5
000000	0105	BANKSEL STRINGLOCX
	F	 0110 111A FFFF FFFF	1411
	A	 0110 111A 1000 0011	1
003106	6F83	MOVWF STRINGLOCX,BANKED
	F	 0110 101A FFFF FFFF	1412
	A	 0110 101A 1000 0100	1
003108	6B84	CLRF STRINGLOCX_H,BANKED
	K	 0000 1110 KKKK KKKK	18
00310A	0E12	MOVLW 18
	F	 0110 111A FFFF FFFF	1302
	A	 0110 111A 0001 0110	0
00310C	6E16	MOVWF CHARLOCY,ACCESS
	F	 0110 101A FFFF FFFF	1303
	A	 0110 101A 0001 0111	0
00310E	6A17	CLRF CHARLOCY_H,ACCESS
	F	1110 1110 00FF KKKK:1111 00KK KKKK KKKK	1
	K	1110 1110 0001 KKKK:1111 00KK KKKK KKKK	5301
003110	EE15 F0B5	LFSR 1,SYSSTRINGPARAM2
	F	 0110 101A FFFF FFFF	1286
	A	 0110 101A 0000 0110	0
003114	6A06	CLRF SYSSTRINGLENGTH,ACCESS
	K	 0000 1110 KKKK KKKK	248
003116	0EF8	MOVLW LOW STRINGTABLE10
	F	 0110 111A FFFF FFFF	1270
	A	 0110 111A 1111 0110	0
003118	6EF6	MOVWF TBLPTRL,ACCESS
	K	 0000 1110 KKKK KKKK	59
00311A	0E3B	MOVLW HIGH STRINGTABLE10
	F	 0110 111A FFFF FFFF	1271
	A	 0110 111A 1111 0111	0
00311C	6EF7	MOVWF TBLPTRH,ACCESS
	K	 0000 1110 KKKK KKKK	0
00311E	0E00	MOVLW UPPER STRINGTABLE10
	F	 0110 111A FFFF FFFF	1272
	A	 0110 111A 1111 1000	0
003120	6EF8	MOVWF TBLPTRU,ACCESS
	K	 0000 0001 00KK KKKK	0
000000	0100	BANKSEL 0
	K	1111 KKKK KKKK KKKK:1110 110S KKKK KKKK	15234
	S	1111 0000 0001 1101:1110 110S 1100 0001	0
003124	ECC1 F01D	CALL SYSREADSTRINGPART
	K	 0000 1110 KKKK KKKK	50
003128	0E32	MOVLW LOW STRINGTABLE18
	F	 0110 111A FFFF FFFF	1270
	A	 0110 111A 1111 0110	0
00312A	6EF6	MOVWF TBLPTRL,ACCESS
	K	 0000 1110 KKKK KKKK	60
00312C	0E3C	MOVLW HIGH STRINGTABLE18
	F	 0110 111A FFFF FFFF	1271
	A	 0110 111A 1111 0111	0
00312E	6EF7	MOVWF TBLPTRH,ACCESS
	K	 0000 1110 KKKK KKKK	0
003130	0E00	MOVLW UPPER STRINGTABLE18
	F	 0110 111A FFFF FFFF	1272
	A	 0110 111A 1111 1000	0
003132	6EF8	MOVWF TBLPTRU,ACCESS
	K	1111 KKKK KKKK KKKK:1110 110S KKKK KKKK	15234
	S	1111 0000 0001 1101:1110 110S 1100 0001	0
003134	ECC1 F01D	CALL SYSREADSTRINGPART
	F	1110 1110 00FF KKKK:1111 00KK KKKK KKKK	0
	K	1110 1110 0000 KKKK:1111 00KK KKKK KKKK	5301
003138	EE05 F0B5	LFSR 0,SYSSTRINGPARAM2
	S	1111 DDDD DDDD DDDD:1100 SSSS SSSS SSSS	1286
	D	1111 DDDD DDDD DDDD:1100 0101 0000 0110	1263
00313C	C506 F4EF	MOVFF SYSSTRINGLENGTH, INDF0
	K	 0000 1110 KKKK KKKK	181
003140	0EB5	MOVLW LOW SYSSTRINGPARAM2
	K	 0000 0001 00KK KKKK	5
000000	0105	BANKSEL SYSCHARSHANDLER
	F	 0110 111A FFFF FFFF	1417
	A	 0110 111A 1000 1001	1
003144	6F89	MOVWF SYSCHARSHANDLER,BANKED
	K	 0000 1110 KKKK KKKK	20
003146	0E14	MOVLW HIGH SYSSTRINGPARAM2
	F	 0110 111A FFFF FFFF	1418
	A	 0110 111A 1000 1010	1
003148	6F8A	MOVWF SYSCHARSHANDLER_H,BANKED
	S	1111 DDDD DDDD DDDD:1100 SSSS SSSS SSSS	1337
	D	1111 DDDD DDDD DDDD:1100 0101 0011 1001	1366
00314A	C539 F556	MOVFF GLCDFOREGROUND,LINECOLOUR
	S	1111 DDDD DDDD DDDD:1100 SSSS SSSS SSSS	1338
	D	1111 DDDD DDDD DDDD:1100 0101 0011 1010	1367
00314E	C53A F557	MOVFF GLCDFOREGROUND_H,LINECOLOUR_H
	K	 0000 0001 00KK KKKK	0
000000	0100	BANKSEL 0
	K	1111 KKKK KKKK KKKK:1110 110S KKKK KKKK	8670
	S	1111 0000 0001 0000:1110 110S 1110 1111	0
003154	ECEF F010	CALL GLCDDRAWSTRING_ILI9341
	K	 0000 0001 00KK KKKK	5
000000	0105	BANKSEL LINEX1
	F	 0110 101A FFFF FFFF	1382
	A	 0110 101A 0110 0110	1
00315A	6B66	CLRF LINEX1,BANKED
	F	 0110 101A FFFF FFFF	1383
	A	 0110 101A 0110 0111	1
00315C	6B67	CLRF LINEX1_H,BANKED
	F	 0110 101A FFFF FFFF	1386
	A	 0110 101A 0110 1010	1
00315E	6B6A	CLRF LINEY1,BANKED
	F	 0110 101A FFFF FFFF	1387
	A	 0110 101A 0110 1011	1
003160	6B6B	CLRF LINEY1_H,BANKED
	K	 0000 1110 KKKK KKKK	1
003162	0E01	MOVLW 1
	F	 0101 11DA FFFF FFFF	1331
	D	 0101 11DA 0011 0011	0
	A	 0101 110A 0011 0011	0
003164	5C33	SUBWF GLCDDEVICEWIDTH,W,ACCESS
	F	 0110 111A FFFF FFFF	1384
	A	 0110 111A 0110 1000	1
003166	6F68	MOVWF LINEX2,BANKED
	K	 0000 1110 KKKK KKKK	0
003168	0E00	MOVLW 0
	F	 0101 10DA FFFF FFFF	1332
	D	 0101 10DA 0011 0100	0
	A	 0101 100A 0011 0100	0
00316A	5834	SUBWFB GLCDDEVICEWIDTH_H,W,ACCESS
	F	 0110 111A FFFF FFFF	1385
	A	 0110 111A 0110 1001	1
00316C	6F69	MOVWF LINEX2_H,BANKED
	K	 0000 1110 KKKK KKKK	1
00316E	0E01	MOVLW 1
	F	 0101 11DA FFFF FFFF	1329
	D	 0101 11DA 0011 0001	0
	A	 0101 110A 0011 0001	0
003170	5C31	SUBWF GLCDDEVICEHEIGHT,W,ACCESS
	F	 0110 111A FFFF FFFF	1388
	A	 0110 111A 0110 1100	1
003172	6F6C	MOVWF LINEY2,BANKED
	K	 0000 1110 KKKK KKKK	0
003174	0E00	MOVLW 0
	F	 0101 10DA FFFF FFFF	1330
	D	 0101 10DA 0011 0010	0
	A	 0101 100A 0011 0010	0
003176	5832	SUBWFB GLCDDEVICEHEIGHT_H,W,ACCESS
	F	 0110 111A FFFF FFFF	1389
	A	 0110 111A 0110 1101	1
003178	6F6D	MOVWF LINEY2_H,BANKED
	K	 0000 1110 KKKK KKKK	224
00317A	0EE0	MOVLW 224
	F	 0110 111A FFFF FFFF	1366
	A	 0110 111A 0101 0110	0
00317C	6E56	MOVWF LINECOLOUR,ACCESS
	F	 0110 100A FFFF FFFF	1367
	A	 0110 100A 0101 0111	0
00317E	6857	SETF LINECOLOUR_H,ACCESS
	K	 0000 0001 00KK KKKK	0
000000	0100	BANKSEL 0
	K	1111 KKKK KKKK KKKK:1110 110S KKKK KKKK	4148
	S	1111 0000 0000 1000:1110 110S 0001 1010	0
003182	EC1A F008	CALL BOX19
	K	 0000 1110 KKKK KKKK	5
003186	0E05	MOVLW 5
	F	 0101 11DA FFFF FFFF	1331
	D	 0101 11DA 0011 0011	0
	A	 0101 110A 0011 0011	0
003188	5C33	SUBWF GLCDDEVICEWIDTH,W,ACCESS
	K	 0000 0001 00KK KKKK	5
000000	0105	BANKSEL LINEX1
	F	 0110 111A FFFF FFFF	1382
	A	 0110 111A 0110 0110	1
00318C	6F66	MOVWF LINEX1,BANKED
	K	 0000 1110 KKKK KKKK	0
00318E	0E00	MOVLW 0
	F	 0101 10DA FFFF FFFF	1332
	D	 0101 10DA 0011 0100	0
	A	 0101 100A 0011 0100	0
003190	5834	SUBWFB GLCDDEVICEWIDTH_H,W,ACCESS
	F	 0110 111A FFFF FFFF	1383
	A	 0110 111A 0110 0111	1
003192	6F67	MOVWF LINEX1_H,BANKED
	K	 0000 1110 KKKK KKKK	5
003194	0E05	MOVLW 5
	F	 0101 11DA FFFF FFFF	1329
	D	 0101 11DA 0011 0001	0
	A	 0101 110A 0011 0001	0
003196	5C31	SUBWF GLCDDEVICEHEIGHT,W,ACCESS
	F	 0110 111A FFFF FFFF	1386
	A	 0110 111A 0110 1010	1
003198	6F6A	MOVWF LINEY1,BANKED
	K	 0000 1110 KKKK KKKK	0
00319A	0E00	MOVLW 0
	F	 0101 10DA FFFF FFFF	1330
	D	 0101 10DA 0011 0010	0
	A	 0101 100A 0011 0010	0
00319C	5832	SUBWFB GLCDDEVICEHEIGHT_H,W,ACCESS
	F	 0110 111A FFFF FFFF	1387
	A	 0110 111A 0110 1011	1
00319E	6F6B	MOVWF LINEY1_H,BANKED
	K	 0000 1110 KKKK KKKK	1
0031A0	0E01	MOVLW 1
	F	 0101 11DA FFFF FFFF	1331
	D	 0101 11DA 0011 0011	0
	A	 0101 110A 0011 0011	0
0031A2	5C33	SUBWF GLCDDEVICEWIDTH,W,ACCESS
	F	 0110 111A FFFF FFFF	1384
	A	 0110 111A 0110 1000	1
0031A4	6F68	MOVWF LINEX2,BANKED
	K	 0000 1110 KKKK KKKK	0
0031A6	0E00	MOVLW 0
	F	 0101 10DA FFFF FFFF	1332
	D	 0101 10DA 0011 0100	0
	A	 0101 100A 0011 0100	0
0031A8	5834	SUBWFB GLCDDEVICEWIDTH_H,W,ACCESS
	F	 0110 111A FFFF FFFF	1385
	A	 0110 111A 0110 1001	1
0031AA	6F69	MOVWF LINEX2_H,BANKED
	K	 0000 1110 KKKK KKKK	1
0031AC	0E01	MOVLW 1
	F	 0101 11DA FFFF FFFF	1329
	D	 0101 11DA 0011 0001	0
	A	 0101 110A 0011 0001	0
0031AE	5C31	SUBWF GLCDDEVICEHEIGHT,W,ACCESS
	F	 0110 111A FFFF FFFF	1388
	A	 0110 111A 0110 1100	1
0031B0	6F6C	MOVWF LINEY2,BANKED
	K	 0000 1110 KKKK KKKK	0
0031B2	0E00	MOVLW 0
	F	 0101 10DA FFFF FFFF	1330
	D	 0101 10DA 0011 0010	0
	A	 0101 100A 0011 0010	0
0031B4	5832	SUBWFB GLCDDEVICEHEIGHT_H,W,ACCESS
	F	 0110 111A FFFF FFFF	1389
	A	 0110 111A 0110 1101	1
0031B6	6F6D	MOVWF LINEY2_H,BANKED
	F	 0110 100A FFFF FFFF	1366
	A	 0110 100A 0101 0110	0
0031B8	6856	SETF LINECOLOUR,ACCESS
	F	 0110 100A FFFF FFFF	1367
	A	 0110 100A 0101 0111	0
0031BA	6857	SETF LINECOLOUR_H,ACCESS
	K	 0000 0001 00KK KKKK	0
000000	0100	BANKSEL 0
	K	1111 KKKK KKKK KKKK:1110 110S KKKK KKKK	4148
	S	1111 0000 0000 1000:1110 110S 0001 1010	0
0031BE	EC1A F008	CALL BOX19
	S	1111 DDDD DDDD DDDD:1100 SSSS SSSS SSSS	1331
	D	1111 DDDD DDDD DDDD:1100 0101 0011 0011	1285
0031C2	C533 F505	MOVFF GLCDDEVICEWIDTH,SYSWORDTEMPA
	S	1111 DDDD DDDD DDDD:1100 SSSS SSSS SSSS	1332
	D	1111 DDDD DDDD DDDD:1100 0101 0011 0100	1286
0031C6	C534 F506	MOVFF GLCDDEVICEWIDTH_H,SYSWORDTEMPA_H
	K	 0000 1110 KKKK KKKK	2
0031CA	0E02	MOVLW 2
	F	 0110 111A FFFF FFFF	1289
	A	 0110 111A 0000 1001	0
0031CC	6E09	MOVWF SYSWORDTEMPB,ACCESS
	F	 0110 101A FFFF FFFF	1290
	A	 0110 101A 0000 1010	0
0031CE	6A0A	CLRF SYSWORDTEMPB_H,ACCESS
	N	 1101 1NNN NNNN NNNN	947
0031D0	DBB3	RCALL SYSDIVSUB16
	S	1111 DDDD DDDD DDDD:1100 SSSS SSSS SSSS	1285
	D	1111 DDDD DDDD DDDD:1100 0101 0000 0101	1465
0031D2	C505 F5B9	MOVFF SYSWORDTEMPA,XOFFSET
	S	1111 DDDD DDDD DDDD:1100 SSSS SSSS SSSS	1286
	D	1111 DDDD DDDD DDDD:1100 0101 0000 0110	1466
0031D6	C506 F5BA	MOVFF SYSWORDTEMPA_H,XOFFSET_H
	S	1111 DDDD DDDD DDDD:1100 SSSS SSSS SSSS	1329
	D	1111 DDDD DDDD DDDD:1100 0101 0011 0001	1285
0031DA	C531 F505	MOVFF GLCDDEVICEHEIGHT,SYSWORDTEMPA
	S	1111 DDDD DDDD DDDD:1100 SSSS SSSS SSSS	1330
	D	1111 DDDD DDDD DDDD:1100 0101 0011 0010	1286
0031DE	C532 F506	MOVFF GLCDDEVICEHEIGHT_H,SYSWORDTEMPA_H
	K	 0000 1110 KKKK KKKK	2
0031E2	0E02	MOVLW 2
	F	 0110 111A FFFF FFFF	1289
	A	 0110 111A 0000 1001	0
0031E4	6E09	MOVWF SYSWORDTEMPB,ACCESS
	F	 0110 101A FFFF FFFF	1290
	A	 0110 101A 0000 1010	0
0031E6	6A0A	CLRF SYSWORDTEMPB_H,ACCESS
	N	 1101 1NNN NNNN NNNN	935
0031E8	DBA7	RCALL SYSDIVSUB16
	S	1111 DDDD DDDD DDDD:1100 SSSS SSSS SSSS	1285
	D	1111 DDDD DDDD DDDD:1100 0101 0000 0101	1473
0031EA	C505 F5C1	MOVFF SYSWORDTEMPA,YOFFSET
	S	1111 DDDD DDDD DDDD:1100 SSSS SSSS SSSS	1286
	D	1111 DDDD DDDD DDDD:1100 0101 0000 0110	1474
0031EE	C506 F5C2	MOVFF SYSWORDTEMPA_H,YOFFSET_H
	K	 0000 1110 KKKK KKKK	50
0031F2	0E32	MOVLW 50
	F	 0110 111A FFFF FFFF	1360
	A	 0110 111A 0101 0000	0
0031F4	6E50	MOVWF INXRADIUS,ACCESS
	F	 0110 101A FFFF FFFF	1361
	A	 0110 101A 0101 0001	0
0031F6	6A51	CLRF INXRADIUS_H,ACCESS
	K	 0000 1110 KKKK KKKK	24
0031F8	0E18	MOVLW 24
	F	 0110 111A FFFF FFFF	1366
	A	 0110 111A 0101 0110	0
0031FA	6E56	MOVWF LINECOLOUR,ACCESS
	K	 0000 1110 KKKK KKKK	198
0031FC	0EC6	MOVLW 198
	F	 0110 111A FFFF FFFF	1367
	A	 0110 111A 0101 0111	0
0031FE	6E57	MOVWF LINECOLOUR_H,ACCESS
	S	1111 DDDD DDDD DDDD:1100 SSSS SSSS SSSS	1354
	D	1111 DDDD DDDD DDDD:1100 0101 0100 1010	1475
003200	C54A F5C3	MOVFF GLCD_YORDINATE,YORDINATE
	K	1111 KKKK KKKK KKKK:1110 110S KKKK KKKK	4498
	S	1111 0000 0000 1000:1110 110S 1100 1001	0
003204	ECC9 F008	CALL CIRCLE22
	S	1111 DDDD DDDD DDDD:1100 SSSS SSSS SSSS	1331
	D	1111 DDDD DDDD DDDD:1100 0101 0011 0011	1285
003208	C533 F505	MOVFF GLCDDEVICEWIDTH,SYSWORDTEMPA
	S	1111 DDDD DDDD DDDD:1100 SSSS SSSS SSSS	1332
	D	1111 DDDD DDDD DDDD:1100 0101 0011 0100	1286
00320C	C534 F506	MOVFF GLCDDEVICEWIDTH_H,SYSWORDTEMPA_H
	K	 0000 1110 KKKK KKKK	2
003210	0E02	MOVLW 2
	F	 0110 111A FFFF FFFF	1289
	A	 0110 111A 0000 1001	0
003212	6E09	MOVWF SYSWORDTEMPB,ACCESS
	F	 0110 101A FFFF FFFF	1290
	A	 0110 101A 0000 1010	0
003214	6A0A	CLRF SYSWORDTEMPB_H,ACCESS
	N	 1101 1NNN NNNN NNNN	912
003216	DB90	RCALL SYSDIVSUB16
	S	1111 DDDD DDDD DDDD:1100 SSSS SSSS SSSS	1285
	D	1111 DDDD DDDD DDDD:1100 0101 0000 0101	1465
003218	C505 F5B9	MOVFF SYSWORDTEMPA,XOFFSET
	S	1111 DDDD DDDD DDDD:1100 SSSS SSSS SSSS	1286
	D	1111 DDDD DDDD DDDD:1100 0101 0000 0110	1466
00321C	C506 F5BA	MOVFF SYSWORDTEMPA_H,XOFFSET_H
	S	1111 DDDD DDDD DDDD:1100 SSSS SSSS SSSS	1329
	D	1111 DDDD DDDD DDDD:1100 0101 0011 0001	1285
003220	C531 F505	MOVFF GLCDDEVICEHEIGHT,SYSWORDTEMPA
	S	1111 DDDD DDDD DDDD:1100 SSSS SSSS SSSS	1330
	D	1111 DDDD DDDD DDDD:1100 0101 0011 0010	1286
003224	C532 F506	MOVFF GLCDDEVICEHEIGHT_H,SYSWORDTEMPA_H
	K	 0000 1110 KKKK KKKK	2
003228	0E02	MOVLW 2
	F	 0110 111A FFFF FFFF	1289
	A	 0110 111A 0000 1001	0
00322A	6E09	MOVWF SYSWORDTEMPB,ACCESS
	F	 0110 101A FFFF FFFF	1290
	A	 0110 101A 0000 1010	0
00322C	6A0A	CLRF SYSWORDTEMPB_H,ACCESS
	N	 1101 1NNN NNNN NNNN	900
00322E	DB84	RCALL SYSDIVSUB16
	S	1111 DDDD DDDD DDDD:1100 SSSS SSSS SSSS	1285
	D	1111 DDDD DDDD DDDD:1100 0101 0000 0101	1473
003230	C505 F5C1	MOVFF SYSWORDTEMPA,YOFFSET
	S	1111 DDDD DDDD DDDD:1100 SSSS SSSS SSSS	1286
	D	1111 DDDD DDDD DDDD:1100 0101 0000 0110	1474
003234	C506 F5C2	MOVFF SYSWORDTEMPA_H,YOFFSET_H
	K	 0000 1110 KKKK KKKK	25
003238	0E19	MOVLW 25
	K	 0000 0001 00KK KKKK	5
000000	0105	BANKSEL XRADIUS
	F	 0110 111A FFFF FFFF	1467
	A	 0110 111A 1011 1011	1
00323C	6FBB	MOVWF XRADIUS,BANKED
	F	 0110 101A FFFF FFFF	1468
	A	 0110 101A 1011 1100	1
00323E	6BBC	CLRF XRADIUS_H,BANKED
	K	 0000 1110 KKKK KKKK	138
003240	0E8A	MOVLW 138
	F	 0110 111A FFFF FFFF	1366
	A	 0110 111A 0101 0110	0
003242	6E56	MOVWF LINECOLOUR,ACCESS
	K	 0000 1110 KKKK KKKK	82
003244	0E52	MOVLW 82
	F	 0110 111A FFFF FFFF	1367
	A	 0110 111A 0101 0111	0
003246	6E57	MOVWF LINECOLOUR_H,ACCESS
	K	 0000 0001 00KK KKKK	0
000000	0100	BANKSEL 0
	K	1111 KKKK KKKK KKKK:1110 110S KKKK KKKK	6390
	S	1111 0000 0000 1100:1110 110S 0111 1011	0
00324A	EC7B F00C	CALL FILLEDCIRCLE24
	K	 0000 0001 00KK KKKK	5
000000	0105	BANKSEL LINEX1
	F	 0110 101A FFFF FFFF	1382
	A	 0110 101A 0110 0110	1
003250	6B66	CLRF LINEX1,BANKED
	F	 0110 101A FFFF FFFF	1383
	A	 0110 101A 0110 0111	1
003252	6B67	CLRF LINEX1_H,BANKED
	K	 0000 1110 KKKK KKKK	1
003254	0E01	MOVLW 1
	F	 0101 11DA FFFF FFFF	1329
	D	 0101 11DA 0011 0001	0
	A	 0101 110A 0011 0001	0
003256	5C31	SUBWF GLCDDEVICEHEIGHT,W,ACCESS
	F	 0110 111A FFFF FFFF	1386
	A	 0110 111A 0110 1010	1
003258	6F6A	MOVWF LINEY1,BANKED
	K	 0000 1110 KKKK KKKK	0
00325A	0E00	MOVLW 0
	F	 0101 10DA FFFF FFFF	1330
	D	 0101 10DA 0011 0010	0
	A	 0101 100A 0011 0010	0
00325C	5832	SUBWFB GLCDDEVICEHEIGHT_H,W,ACCESS
	F	 0110 111A FFFF FFFF	1387
	A	 0110 111A 0110 1011	1
00325E	6F6B	MOVWF LINEY1_H,BANKED
	S	1111 DDDD DDDD DDDD:1100 SSSS SSSS SSSS	1331
	D	1111 DDDD DDDD DDDD:1100 0101 0011 0011	1285
003260	C533 F505	MOVFF GLCDDEVICEWIDTH,SYSWORDTEMPA
	S	1111 DDDD DDDD DDDD:1100 SSSS SSSS SSSS	1332
	D	1111 DDDD DDDD DDDD:1100 0101 0011 0100	1286
003264	C534 F506	MOVFF GLCDDEVICEWIDTH_H,SYSWORDTEMPA_H
	K	 0000 1110 KKKK KKKK	2
003268	0E02	MOVLW 2
	F	 0110 111A FFFF FFFF	1289
	A	 0110 111A 0000 1001	0
00326A	6E09	MOVWF SYSWORDTEMPB,ACCESS
	F	 0110 101A FFFF FFFF	1290
	A	 0110 101A 0000 1010	0
00326C	6A0A	CLRF SYSWORDTEMPB_H,ACCESS
	K	 0000 0001 00KK KKKK	0
000000	0100	BANKSEL 0
	N	 1101 1NNN NNNN NNNN	867
003270	DB63	RCALL SYSDIVSUB16
	K	 0000 1110 KKKK KKKK	100
003272	0E64	MOVLW 100
	F	 0010 01DA FFFF FFFF	1285
	D	 0010 01DA 0000 0101	0
	A	 0010 010A 0000 0101	0
003274	2405	ADDWF SYSWORDTEMPA,W,ACCESS
	K	 0000 0001 00KK KKKK	5
000000	0105	BANKSEL LINEX2
	F	 0110 111A FFFF FFFF	1384
	A	 0110 111A 0110 1000	1
003278	6F68	MOVWF LINEX2,BANKED
	K	 0000 1110 KKKK KKKK	0
00327A	0E00	MOVLW 0
	F	 0010 00DA FFFF FFFF	1286
	D	 0010 00DA 0000 0110	0
	A	 0010 000A 0000 0110	0
00327C	2006	ADDWFC SYSWORDTEMPA_H,W,ACCESS
	F	 0110 111A FFFF FFFF	1385
	A	 0110 111A 0110 1001	1
00327E	6F69	MOVWF LINEX2_H,BANKED
	S	1111 DDDD DDDD DDDD:1100 SSSS SSSS SSSS	1329
	D	1111 DDDD DDDD DDDD:1100 0101 0011 0001	1285
003280	C531 F505	MOVFF GLCDDEVICEHEIGHT,SYSWORDTEMPA
	S	1111 DDDD DDDD DDDD:1100 SSSS SSSS SSSS	1330
	D	1111 DDDD DDDD DDDD:1100 0101 0011 0010	1286
003284	C532 F506	MOVFF GLCDDEVICEHEIGHT_H,SYSWORDTEMPA_H
	K	 0000 1110 KKKK KKKK	2
003288	0E02	MOVLW 2
	F	 0110 111A FFFF FFFF	1289
	A	 0110 111A 0000 1001	0
00328A	6E09	MOVWF SYSWORDTEMPB,ACCESS
	F	 0110 101A FFFF FFFF	1290
	A	 0110 101A 0000 1010	0
00328C	6A0A	CLRF SYSWORDTEMPB_H,ACCESS
	K	 0000 0001 00KK KKKK	0
000000	0100	BANKSEL 0
	N	 1101 1NNN NNNN NNNN	851
003290	DB53	RCALL SYSDIVSUB16
	S	1111 DDDD DDDD DDDD:1100 SSSS SSSS SSSS	1285
	D	1111 DDDD DDDD DDDD:1100 0101 0000 0101	1452
003292	C505 F5AC	MOVFF SYSWORDTEMPA,SYSTEMP1
	S	1111 DDDD DDDD DDDD:1100 SSSS SSSS SSSS	1286
	D	1111 DDDD DDDD DDDD:1100 0101 0000 0110	1453
003296	C506 F5AD	MOVFF SYSWORDTEMPA_H,SYSTEMP1_H
	K	 0000 1110 KKKK KKKK	50
00329A	0E32	MOVLW 50
	K	 0000 0001 00KK KKKK	5
000000	0105	BANKSEL SYSTEMP1
	F	 0101 11DA FFFF FFFF	1452
	D	 0101 11DA 1010 1100	0
	A	 0101 110A 1010 1100	1
00329E	5DAC	SUBWF SYSTEMP1,W,BANKED
	F	 0110 111A FFFF FFFF	1388
	A	 0110 111A 0110 1100	1
0032A0	6F6C	MOVWF LINEY2,BANKED
	K	 0000 1110 KKKK KKKK	0
0032A2	0E00	MOVLW 0
	F	 0101 10DA FFFF FFFF	1453
	D	 0101 10DA 1010 1101	0
	A	 0101 100A 1010 1101	1
0032A4	59AD	SUBWFB SYSTEMP1_H,W,BANKED
	F	 0110 111A FFFF FFFF	1389
	A	 0110 111A 0110 1101	1
0032A6	6F6D	MOVWF LINEY2_H,BANKED
	F	 0110 100A FFFF FFFF	1366
	A	 0110 100A 0101 0110	0
0032A8	6856	SETF LINECOLOUR,ACCESS
	K	 0000 1110 KKKK KKKK	7
0032AA	0E07	MOVLW 7
	F	 0110 111A FFFF FFFF	1367
	A	 0110 111A 0101 0111	0
0032AC	6E57	MOVWF LINECOLOUR_H,ACCESS
	K	 0000 0001 00KK KKKK	0
000000	0100	BANKSEL 0
	K	1111 KKKK KKKK KKKK:1110 110S KKKK KKKK	15426
	S	1111 0000 0001 1110:1110 110S 0010 0001	0
0032B0	EC21 F01E	CALL _LINE73
	K	 0000 0001 00KK KKKK	5
000000	0105	BANKSEL LINEX1
	F	 0110 101A FFFF FFFF	1382
	A	 0110 101A 0110 0110	1
0032B6	6B66	CLRF LINEX1,BANKED
	F	 0110 101A FFFF FFFF	1383
	A	 0110 101A 0110 0111	1
0032B8	6B67	CLRF LINEX1_H,BANKED
	S	1111 DDDD DDDD DDDD:1100 SSSS SSSS SSSS	1329
	D	1111 DDDD DDDD DDDD:1100 0101 0011 0001	1285
0032BA	C531 F505	MOVFF GLCDDEVICEHEIGHT,SYSWORDTEMPA
	S	1111 DDDD DDDD DDDD:1100 SSSS SSSS SSSS	1330
	D	1111 DDDD DDDD DDDD:1100 0101 0011 0010	1286
0032BE	C532 F506	MOVFF GLCDDEVICEHEIGHT_H,SYSWORDTEMPA_H
	K	 0000 1110 KKKK KKKK	2
0032C2	0E02	MOVLW 2
	F	 0110 111A FFFF FFFF	1289
	A	 0110 111A 0000 1001	0
0032C4	6E09	MOVWF SYSWORDTEMPB,ACCESS
	F	 0110 101A FFFF FFFF	1290
	A	 0110 101A 0000 1010	0
0032C6	6A0A	CLRF SYSWORDTEMPB_H,ACCESS
	K	 0000 0001 00KK KKKK	0
000000	0100	BANKSEL 0
	N	 1101 1NNN NNNN NNNN	822
0032CA	DB36	RCALL SYSDIVSUB16
	S	1111 DDDD DDDD DDDD:1100 SSSS SSSS SSSS	1285
	D	1111 DDDD DDDD DDDD:1100 0101 0000 0101	1452
0032CC	C505 F5AC	MOVFF SYSWORDTEMPA,SYSTEMP1
	S	1111 DDDD DDDD DDDD:1100 SSSS SSSS SSSS	1286
	D	1111 DDDD DDDD DDDD:1100 0101 0000 0110	1453
0032D0	C506 F5AD	MOVFF SYSWORDTEMPA_H,SYSTEMP1_H
	K	 0000 1110 KKKK KKKK	50
0032D4	0E32	MOVLW 50
	K	 0000 0001 00KK KKKK	5
000000	0105	BANKSEL SYSTEMP1
	F	 0101 11DA FFFF FFFF	1452
	D	 0101 11DA 1010 1100	0
	A	 0101 110A 1010 1100	1
0032D8	5DAC	SUBWF SYSTEMP1,W,BANKED
	F	 0110 111A FFFF FFFF	1386
	A	 0110 111A 0110 1010	1
0032DA	6F6A	MOVWF LINEY1,BANKED
	K	 0000 1110 KKKK KKKK	0
0032DC	0E00	MOVLW 0
	F	 0101 10DA FFFF FFFF	1453
	D	 0101 10DA 1010 1101	0
	A	 0101 100A 1010 1101	1
0032DE	59AD	SUBWFB SYSTEMP1_H,W,BANKED
	F	 0110 111A FFFF FFFF	1387
	A	 0110 111A 0110 1011	1
0032E0	6F6B	MOVWF LINEY1_H,BANKED
	S	1111 DDDD DDDD DDDD:1100 SSSS SSSS SSSS	1331
	D	1111 DDDD DDDD DDDD:1100 0101 0011 0011	1285
0032E2	C533 F505	MOVFF GLCDDEVICEWIDTH,SYSWORDTEMPA
	S	1111 DDDD DDDD DDDD:1100 SSSS SSSS SSSS	1332
	D	1111 DDDD DDDD DDDD:1100 0101 0011 0100	1286
0032E6	C534 F506	MOVFF GLCDDEVICEWIDTH_H,SYSWORDTEMPA_H
	K	 0000 1110 KKKK KKKK	2
0032EA	0E02	MOVLW 2
	F	 0110 111A FFFF FFFF	1289
	A	 0110 111A 0000 1001	0
0032EC	6E09	MOVWF SYSWORDTEMPB,ACCESS
	F	 0110 101A FFFF FFFF	1290
	A	 0110 101A 0000 1010	0
0032EE	6A0A	CLRF SYSWORDTEMPB_H,ACCESS
	K	 0000 0001 00KK KKKK	0
000000	0100	BANKSEL 0
	N	 1101 1NNN NNNN NNNN	802
0032F2	DB22	RCALL SYSDIVSUB16
	K	 0000 1110 KKKK KKKK	100
0032F4	0E64	MOVLW 100
	F	 0010 01DA FFFF FFFF	1285
	D	 0010 01DA 0000 0101	0
	A	 0010 010A 0000 0101	0
0032F6	2405	ADDWF SYSWORDTEMPA,W,ACCESS
	K	 0000 0001 00KK KKKK	5
000000	0105	BANKSEL LINEX2
	F	 0110 111A FFFF FFFF	1384
	A	 0110 111A 0110 1000	1
0032FA	6F68	MOVWF LINEX2,BANKED
	K	 0000 1110 KKKK KKKK	0
0032FC	0E00	MOVLW 0
	F	 0010 00DA FFFF FFFF	1286
	D	 0010 00DA 0000 0110	0
	A	 0010 000A 0000 0110	0
0032FE	2006	ADDWFC SYSWORDTEMPA_H,W,ACCESS
	F	 0110 111A FFFF FFFF	1385
	A	 0110 111A 0110 1001	1
003300	6F69	MOVWF LINEX2_H,BANKED
	S	1111 DDDD DDDD DDDD:1100 SSSS SSSS SSSS	1329
	D	1111 DDDD DDDD DDDD:1100 0101 0011 0001	1285
003302	C531 F505	MOVFF GLCDDEVICEHEIGHT,SYSWORDTEMPA
	S	1111 DDDD DDDD DDDD:1100 SSSS SSSS SSSS	1330
	D	1111 DDDD DDDD DDDD:1100 0101 0011 0010	1286
003306	C532 F506	MOVFF GLCDDEVICEHEIGHT_H,SYSWORDTEMPA_H
	K	 0000 1110 KKKK KKKK	2
00330A	0E02	MOVLW 2
	F	 0110 111A FFFF FFFF	1289
	A	 0110 111A 0000 1001	0
00330C	6E09	MOVWF SYSWORDTEMPB,ACCESS
	F	 0110 101A FFFF FFFF	1290
	A	 0110 101A 0000 1010	0
00330E	6A0A	CLRF SYSWORDTEMPB_H,ACCESS
	K	 0000 0001 00KK KKKK	0
000000	0100	BANKSEL 0
	N	 1101 1NNN NNNN NNNN	786
003312	DB12	RCALL SYSDIVSUB16
	S	1111 DDDD DDDD DDDD:1100 SSSS SSSS SSSS	1285
	D	1111 DDDD DDDD DDDD:1100 0101 0000 0101	1452
003314	C505 F5AC	MOVFF SYSWORDTEMPA,SYSTEMP1
	S	1111 DDDD DDDD DDDD:1100 SSSS SSSS SSSS	1286
	D	1111 DDDD DDDD DDDD:1100 0101 0000 0110	1453
003318	C506 F5AD	MOVFF SYSWORDTEMPA_H,SYSTEMP1_H
	K	 0000 1110 KKKK KKKK	50
00331C	0E32	MOVLW 50
	K	 0000 0001 00KK KKKK	5
000000	0105	BANKSEL SYSTEMP1
	F	 0101 11DA FFFF FFFF	1452
	D	 0101 11DA 1010 1100	0
	A	 0101 110A 1010 1100	1
003320	5DAC	SUBWF SYSTEMP1,W,BANKED
	F	 0110 111A FFFF FFFF	1388
	A	 0110 111A 0110 1100	1
003322	6F6C	MOVWF LINEY2,BANKED
	K	 0000 1110 KKKK KKKK	0
003324	0E00	MOVLW 0
	F	 0101 10DA FFFF FFFF	1453
	D	 0101 10DA 1010 1101	0
	A	 0101 100A 1010 1101	1
003326	59AD	SUBWFB SYSTEMP1_H,W,BANKED
	F	 0110 111A FFFF FFFF	1389
	A	 0110 111A 0110 1101	1
003328	6F6D	MOVWF LINEY2_H,BANKED
	F	 0110 100A FFFF FFFF	1366
	A	 0110 100A 0101 0110	0
00332A	6856	SETF LINECOLOUR,ACCESS
	K	 0000 1110 KKKK KKKK	7
00332C	0E07	MOVLW 7
	F	 0110 111A FFFF FFFF	1367
	A	 0110 111A 0101 0111	0
00332E	6E57	MOVWF LINECOLOUR_H,ACCESS
	K	 0000 0001 00KK KKKK	0
000000	0100	BANKSEL 0
	K	1111 KKKK KKKK KKKK:1110 110S KKKK KKKK	15426
	S	1111 0000 0001 1110:1110 110S 0010 0001	0
003332	EC21 F01E	CALL _LINE73
	K	 0000 1110 KKKK KKKK	2
003336	0E02	MOVLW 2
	K	 0000 0001 00KK KKKK	5
000000	0105	BANKSEL LINEX1
	F	 0110 111A FFFF FFFF	1382
	A	 0110 111A 0110 0110	1
00333A	6F66	MOVWF LINEX1,BANKED
	F	 0110 101A FFFF FFFF	1383
	A	 0110 101A 0110 0111	1
00333C	6B67	CLRF LINEX1_H,BANKED
	S	1111 DDDD DDDD DDDD:1100 SSSS SSSS SSSS	1329
	D	1111 DDDD DDDD DDDD:1100 0101 0011 0001	1285
00333E	C531 F505	MOVFF GLCDDEVICEHEIGHT,SYSWORDTEMPA
	S	1111 DDDD DDDD DDDD:1100 SSSS SSSS SSSS	1330
	D	1111 DDDD DDDD DDDD:1100 0101 0011 0010	1286
003342	C532 F506	MOVFF GLCDDEVICEHEIGHT_H,SYSWORDTEMPA_H
	K	 0000 1110 KKKK KKKK	2
003346	0E02	MOVLW 2
	F	 0110 111A FFFF FFFF	1289
	A	 0110 111A 0000 1001	0
003348	6E09	MOVWF SYSWORDTEMPB,ACCESS
	F	 0110 101A FFFF FFFF	1290
	A	 0110 101A 0000 1010	0
00334A	6A0A	CLRF SYSWORDTEMPB_H,ACCESS
	K	 0000 0001 00KK KKKK	0
000000	0100	BANKSEL 0
	N	 1101 1NNN NNNN NNNN	756
00334E	DAF4	RCALL SYSDIVSUB16
	K	 0000 1110 KKKK KKKK	10
003350	0E0A	MOVLW 10
	F	 0010 01DA FFFF FFFF	1285
	D	 0010 01DA 0000 0101	0
	A	 0010 010A 0000 0101	0
003352	2405	ADDWF SYSWORDTEMPA,W,ACCESS
	K	 0000 0001 00KK KKKK	5
000000	0105	BANKSEL LINEY1
	F	 0110 111A FFFF FFFF	1386
	A	 0110 111A 0110 1010	1
003356	6F6A	MOVWF LINEY1,BANKED
	K	 0000 1110 KKKK KKKK	0
003358	0E00	MOVLW 0
	F	 0010 00DA FFFF FFFF	1286
	D	 0010 00DA 0000 0110	0
	A	 0010 000A 0000 0110	0
00335A	2006	ADDWFC SYSWORDTEMPA_H,W,ACCESS
	F	 0110 111A FFFF FFFF	1387
	A	 0110 111A 0110 1011	1
00335C	6F6B	MOVWF LINEY1_H,BANKED
	K	 0000 1110 KKKK KKKK	42
00335E	0E2A	MOVLW 42
	F	 0110 111A FFFF FFFF	1384
	A	 0110 111A 0110 1000	1
003360	6F68	MOVWF LINEX2,BANKED
	F	 0110 101A FFFF FFFF	1385
	A	 0110 101A 0110 1001	1
003362	6B69	CLRF LINEX2_H,BANKED
	S	1111 DDDD DDDD DDDD:1100 SSSS SSSS SSSS	1329
	D	1111 DDDD DDDD DDDD:1100 0101 0011 0001	1285
003364	C531 F505	MOVFF GLCDDEVICEHEIGHT,SYSWORDTEMPA
	S	1111 DDDD DDDD DDDD:1100 SSSS SSSS SSSS	1330
	D	1111 DDDD DDDD DDDD:1100 0101 0011 0010	1286
003368	C532 F506	MOVFF GLCDDEVICEHEIGHT_H,SYSWORDTEMPA_H
	K	 0000 1110 KKKK KKKK	2
00336C	0E02	MOVLW 2
	F	 0110 111A FFFF FFFF	1289
	A	 0110 111A 0000 1001	0
00336E	6E09	MOVWF SYSWORDTEMPB,ACCESS
	F	 0110 101A FFFF FFFF	1290
	A	 0110 101A 0000 1010	0
003370	6A0A	CLRF SYSWORDTEMPB_H,ACCESS
	K	 0000 0001 00KK KKKK	0
000000	0100	BANKSEL 0
	N	 1101 1NNN NNNN NNNN	737
003374	DAE1	RCALL SYSDIVSUB16
	K	 0000 1110 KKKK KKKK	50
003376	0E32	MOVLW 50
	F	 0010 01DA FFFF FFFF	1285
	D	 0010 01DA 0000 0101	0
	A	 0010 010A 0000 0101	0
003378	2405	ADDWF SYSWORDTEMPA,W,ACCESS
	K	 0000 0001 00KK KKKK	5
000000	0105	BANKSEL LINEY2
	F	 0110 111A FFFF FFFF	1388
	A	 0110 111A 0110 1100	1
00337C	6F6C	MOVWF LINEY2,BANKED
	K	 0000 1110 KKKK KKKK	0
00337E	0E00	MOVLW 0
	F	 0010 00DA FFFF FFFF	1286
	D	 0010 00DA 0000 0110	0
	A	 0010 000A 0000 0110	0
003380	2006	ADDWFC SYSWORDTEMPA_H,W,ACCESS
	F	 0110 111A FFFF FFFF	1389
	A	 0110 111A 0110 1101	1
003382	6F6D	MOVWF LINEY2_H,BANKED
	F	 0110 101A FFFF FFFF	1366
	A	 0110 101A 0101 0110	0
003384	6A56	CLRF LINECOLOUR,ACCESS
	K	 0000 1110 KKKK KKKK	248
003386	0EF8	MOVLW 248
	F	 0110 111A FFFF FFFF	1367
	A	 0110 111A 0101 0111	0
003388	6E57	MOVWF LINECOLOUR_H,ACCESS
	K	 0000 0001 00KK KKKK	0
000000	0100	BANKSEL 0
	K	1111 KKKK KKKK KKKK:1110 110S KKKK KKKK	6056
	S	1111 0000 0000 1011:1110 110S 1101 0100	0
00338C	ECD4 F00B	CALL FILLEDBOX_ILI9341
	S	1111 DDDD DDDD DDDD:1100 SSSS SSSS SSSS	1335
	D	1111 DDDD DDDD DDDD:1100 0101 0011 0111	1398
003390	C537 F576	MOVFF GLCDFNTDEFAULTSIZE,OLDFONT
	K	 0000 1110 KKKK KKKK	3
003394	0E03	MOVLW 3
	F	 0110 111A FFFF FFFF	1335
	A	 0110 111A 0011 0111	0
003396	6E37	MOVWF GLCDFNTDEFAULTSIZE,ACCESS
	K	 0000 1110 KKKK KKKK	50
003398	0E32	MOVLW 50
	K	 0000 0001 00KK KKKK	5
000000	0105	BANKSEL STRINGLOCX
	F	 0110 111A FFFF FFFF	1411
	A	 0110 111A 1000 0011	1
00339C	6F83	MOVWF STRINGLOCX,BANKED
	F	 0110 101A FFFF FFFF	1412
	A	 0110 101A 1000 0100	1
00339E	6B84	CLRF STRINGLOCX_H,BANKED
	K	 0000 1110 KKKK KKKK	30
0033A0	0E1E	MOVLW 30
	F	 0101 11DA FFFF FFFF	1329
	D	 0101 11DA 0011 0001	0
	A	 0101 110A 0011 0001	0
0033A2	5C31	SUBWF GLCDDEVICEHEIGHT,W,ACCESS
	F	 0110 111A FFFF FFFF	1302
	A	 0110 111A 0001 0110	0
0033A4	6E16	MOVWF CHARLOCY,ACCESS
	K	 0000 1110 KKKK KKKK	0
0033A6	0E00	MOVLW 0
	F	 0101 10DA FFFF FFFF	1330
	D	 0101 10DA 0011 0010	0
	A	 0101 100A 0011 0010	0
0033A8	5832	SUBWFB GLCDDEVICEHEIGHT_H,W,ACCESS
	F	 0110 111A FFFF FFFF	1303
	A	 0110 111A 0001 0111	0
0033AA	6E17	MOVWF CHARLOCY_H,ACCESS
	F	1110 1110 00FF KKKK:1111 00KK KKKK KKKK	1
	K	1110 1110 0001 KKKK:1111 00KK KKKK KKKK	5301
0033AC	EE15 F0B5	LFSR 1,SYSSTRINGPARAM2
	K	 0000 1110 KKKK KKKK	254
0033B0	0EFE	MOVLW LOW STRINGTABLE11
	F	 0110 111A FFFF FFFF	1270
	A	 0110 111A 1111 0110	0
0033B2	6EF6	MOVWF TBLPTRL,ACCESS
	K	 0000 1110 KKKK KKKK	59
0033B4	0E3B	MOVLW HIGH STRINGTABLE11
	F	 0110 111A FFFF FFFF	1271
	A	 0110 111A 1111 0111	0
0033B6	6EF7	MOVWF TBLPTRH,ACCESS
	K	 0000 1110 KKKK KKKK	0
0033B8	0E00	MOVLW UPPER STRINGTABLE11
	F	 0110 111A FFFF FFFF	1272
	A	 0110 111A 1111 1000	0
0033BA	6EF8	MOVWF TBLPTRU,ACCESS
	K	 0000 0001 00KK KKKK	0
000000	0100	BANKSEL 0
	N	 1101 1NNN NNNN NNNN	987
0033BE	DBDB	RCALL SYSREADSTRING
	K	 0000 1110 KKKK KKKK	181
0033C0	0EB5	MOVLW LOW SYSSTRINGPARAM2
	K	 0000 0001 00KK KKKK	5
000000	0105	BANKSEL SYSCHARSHANDLER
	F	 0110 111A FFFF FFFF	1417
	A	 0110 111A 1000 1001	1
0033C4	6F89	MOVWF SYSCHARSHANDLER,BANKED
	K	 0000 1110 KKKK KKKK	20
0033C6	0E14	MOVLW HIGH SYSSTRINGPARAM2
	F	 0110 111A FFFF FFFF	1418
	A	 0110 111A 1000 1010	1
0033C8	6F8A	MOVWF SYSCHARSHANDLER_H,BANKED
	F	 0110 100A FFFF FFFF	1366
	A	 0110 100A 0101 0110	0
0033CA	6856	SETF LINECOLOUR,ACCESS
	F	 0110 100A FFFF FFFF	1367
	A	 0110 100A 0101 0111	0
0033CC	6857	SETF LINECOLOUR_H,ACCESS
	K	 0000 0001 00KK KKKK	0
000000	0100	BANKSEL 0
	K	1111 KKKK KKKK KKKK:1110 110S KKKK KKKK	8670
	S	1111 0000 0001 0000:1110 110S 1110 1111	0
0033D0	ECEF F010	CALL GLCDDRAWSTRING_ILI9341
	K	 0000 1110 KKKK KKKK	1
0033D4	0E01	MOVLW 1
	F	 0110 111A FFFF FFFF	1335
	A	 0110 111A 0011 0111	0
0033D6	6E37	MOVWF GLCDFNTDEFAULTSIZE,ACCESS
	K	 0000 1110 KKKK KKKK	64
0033D8	0E40	MOVLW 64
	F	 0101 11DA FFFF FFFF	1331
	D	 0101 11DA 0011 0011	0
	A	 0101 110A 0011 0011	0
0033DA	5C33	SUBWF GLCDDEVICEWIDTH,W,ACCESS
	K	 0000 0001 00KK KKKK	5
000000	0105	BANKSEL STRINGLOCX
	F	 0110 111A FFFF FFFF	1411
	A	 0110 111A 1000 0011	1
0033DE	6F83	MOVWF STRINGLOCX,BANKED
	K	 0000 1110 KKKK KKKK	0
0033E0	0E00	MOVLW 0
	F	 0101 10DA FFFF FFFF	1332
	D	 0101 10DA 0011 0100	0
	A	 0101 100A 0011 0100	0
0033E2	5834	SUBWFB GLCDDEVICEWIDTH_H,W,ACCESS
	F	 0110 111A FFFF FFFF	1412
	A	 0110 111A 1000 0100	1
0033E4	6F84	MOVWF STRINGLOCX_H,BANKED
	K	 0000 1110 KKKK KKKK	2
0033E6	0E02	MOVLW 2
	F	 0110 111A FFFF FFFF	1302
	A	 0110 111A 0001 0110	0
0033E8	6E16	MOVWF CHARLOCY,ACCESS
	F	 0110 101A FFFF FFFF	1303
	A	 0110 101A 0001 0111	0
0033EA	6A17	CLRF CHARLOCY_H,ACCESS
	F	1110 1110 00FF KKKK:1111 00KK KKKK KKKK	1
	K	1110 1110 0001 KKKK:1111 00KK KKKK KKKK	5301
0033EC	EE15 F0B5	LFSR 1,SYSSTRINGPARAM2
	K	 0000 1110 KKKK KKKK	14
0033F0	0E0E	MOVLW LOW STRINGTABLE12
	F	 0110 111A FFFF FFFF	1270
	A	 0110 111A 1111 0110	0
0033F2	6EF6	MOVWF TBLPTRL,ACCESS
	K	 0000 1110 KKKK KKKK	60
0033F4	0E3C	MOVLW HIGH STRINGTABLE12
	F	 0110 111A FFFF FFFF	1271
	A	 0110 111A 1111 0111	0
0033F6	6EF7	MOVWF TBLPTRH,ACCESS
	K	 0000 1110 KKKK KKKK	0
0033F8	0E00	MOVLW UPPER STRINGTABLE12
	F	 0110 111A FFFF FFFF	1272
	A	 0110 111A 1111 1000	0
0033FA	6EF8	MOVWF TBLPTRU,ACCESS
	K	 0000 0001 00KK KKKK	0
000000	0100	BANKSEL 0
	N	 1101 1NNN NNNN NNNN	955
0033FE	DBBB	RCALL SYSREADSTRING
	K	 0000 1110 KKKK KKKK	181
003400	0EB5	MOVLW LOW SYSSTRINGPARAM2
	K	 0000 0001 00KK KKKK	5
000000	0105	BANKSEL SYSCHARSHANDLER
	F	 0110 111A FFFF FFFF	1417
	A	 0110 111A 1000 1001	1
003404	6F89	MOVWF SYSCHARSHANDLER,BANKED
	K	 0000 1110 KKKK KKKK	20
003406	0E14	MOVLW HIGH SYSSTRINGPARAM2
	F	 0110 111A FFFF FFFF	1418
	A	 0110 111A 1000 1010	1
003408	6F8A	MOVWF SYSCHARSHANDLER_H,BANKED
	F	 0110 100A FFFF FFFF	1366
	A	 0110 100A 0101 0110	0
00340A	6856	SETF LINECOLOUR,ACCESS
	F	 0110 100A FFFF FFFF	1367
	A	 0110 100A 0101 0111	0
00340C	6857	SETF LINECOLOUR_H,ACCESS
	K	 0000 0001 00KK KKKK	0
000000	0100	BANKSEL 0
	K	1111 KKKK KKKK KKKK:1110 110S KKKK KKKK	8670
	S	1111 0000 0001 0000:1110 110S 1110 1111	0
003410	ECEF F010	CALL GLCDDRAWSTRING_ILI9341
	K	 0000 1110 KKKK KKKK	42
003414	0E2A	MOVLW 42
	F	 0101 11DA FFFF FFFF	1331
	D	 0101 11DA 0011 0011	0
	A	 0101 110A 0011 0011	0
003416	5C33	SUBWF GLCDDEVICEWIDTH,W,ACCESS
	K	 0000 0001 00KK KKKK	5
000000	0105	BANKSEL STRINGLOCX
	F	 0110 111A FFFF FFFF	1411
	A	 0110 111A 1000 0011	1
00341A	6F83	MOVWF STRINGLOCX,BANKED
	K	 0000 1110 KKKK KKKK	0
00341C	0E00	MOVLW 0
	F	 0101 10DA FFFF FFFF	1332
	D	 0101 10DA 0011 0100	0
	A	 0101 100A 0011 0100	0
00341E	5834	SUBWFB GLCDDEVICEWIDTH_H,W,ACCESS
	F	 0110 111A FFFF FFFF	1412
	A	 0110 111A 1000 0100	1
003420	6F84	MOVWF STRINGLOCX_H,BANKED
	K	 0000 1110 KKKK KKKK	10
003422	0E0A	MOVLW 10
	F	 0110 111A FFFF FFFF	1302
	A	 0110 111A 0001 0110	0
003424	6E16	MOVWF CHARLOCY,ACCESS
	F	 0110 101A FFFF FFFF	1303
	A	 0110 101A 0001 0111	0
003426	6A17	CLRF CHARLOCY_H,ACCESS
	F	1110 1110 00FF KKKK:1111 00KK KKKK KKKK	1
	K	1110 1110 0001 KKKK:1111 00KK KKKK KKKK	5301
003428	EE15 F0B5	LFSR 1,SYSSTRINGPARAM2
	K	 0000 1110 KKKK KKKK	24
00342C	0E18	MOVLW LOW STRINGTABLE13
	F	 0110 111A FFFF FFFF	1270
	A	 0110 111A 1111 0110	0
00342E	6EF6	MOVWF TBLPTRL,ACCESS
	K	 0000 1110 KKKK KKKK	60
003430	0E3C	MOVLW HIGH STRINGTABLE13
	F	 0110 111A FFFF FFFF	1271
	A	 0110 111A 1111 0111	0
003432	6EF7	MOVWF TBLPTRH,ACCESS
	K	 0000 1110 KKKK KKKK	0
003434	0E00	MOVLW UPPER STRINGTABLE13
	F	 0110 111A FFFF FFFF	1272
	A	 0110 111A 1111 1000	0
003436	6EF8	MOVWF TBLPTRU,ACCESS
	K	 0000 0001 00KK KKKK	0
000000	0100	BANKSEL 0
	N	 1101 1NNN NNNN NNNN	925
00343A	DB9D	RCALL SYSREADSTRING
	K	 0000 1110 KKKK KKKK	181
00343C	0EB5	MOVLW LOW SYSSTRINGPARAM2
	K	 0000 0001 00KK KKKK	5
000000	0105	BANKSEL SYSCHARSHANDLER
	F	 0110 111A FFFF FFFF	1417
	A	 0110 111A 1000 1001	1
003440	6F89	MOVWF SYSCHARSHANDLER,BANKED
	K	 0000 1110 KKKK KKKK	20
003442	0E14	MOVLW HIGH SYSSTRINGPARAM2
	F	 0110 111A FFFF FFFF	1418
	A	 0110 111A 1000 1010	1
003444	6F8A	MOVWF SYSCHARSHANDLER_H,BANKED
	F	 0110 100A FFFF FFFF	1366
	A	 0110 100A 0101 0110	0
003446	6856	SETF LINECOLOUR,ACCESS
	F	 0110 100A FFFF FFFF	1367
	A	 0110 100A 0101 0111	0
003448	6857	SETF LINECOLOUR_H,ACCESS
	K	 0000 0001 00KK KKKK	0
000000	0100	BANKSEL 0
	K	1111 KKKK KKKK KKKK:1110 110S KKKK KKKK	8670
	S	1111 0000 0001 0000:1110 110S 1110 1111	0
00344C	ECEF F010	CALL GLCDDRAWSTRING_ILI9341
	S	1111 DDDD DDDD DDDD:1100 SSSS SSSS SSSS	1398
	D	1111 DDDD DDDD DDDD:1100 0101 0111 0110	1335
003450	C576 F537	MOVFF OLDFONT,GLCDFNTDEFAULTSIZE
	F	 0110 100A FFFF FFFF	1337
	A	 0110 100A 0011 1001	0
003454	6839	SETF GLCDFOREGROUND,ACCESS
	F	 0110 100A FFFF FFFF	1338
	A	 0110 100A 0011 1010	0
003456	683A	SETF GLCDFOREGROUND_H,ACCESS
	K	 0000 1110 KKKK KKKK	100
003458	0E64	MOVLW 100
	K	 0000 0001 00KK KKKK	5
000000	0105	BANKSEL PRINTLOCX
	F	 0110 111A FFFF FFFF	1400
	A	 0110 111A 0111 1000	1
00345C	6F78	MOVWF PRINTLOCX,BANKED
	F	 0110 101A FFFF FFFF	1401
	A	 0110 101A 0111 1001	1
00345E	6B79	CLRF PRINTLOCX_H,BANKED
	K	 0000 1110 KKKK KKKK	60
003460	0E3C	MOVLW 60
	F	 0101 11DA FFFF FFFF	1329
	D	 0101 11DA 0011 0001	0
	A	 0101 110A 0011 0001	0
003462	5C31	SUBWF GLCDDEVICEHEIGHT,W,ACCESS
	F	 0110 111A FFFF FFFF	1402
	A	 0110 111A 0111 1010	1
003464	6F7A	MOVWF PRINTLOCY,BANKED
	K	 0000 1110 KKKK KKKK	0
003466	0E00	MOVLW 0
	F	 0101 10DA FFFF FFFF	1330
	D	 0101 10DA 0011 0010	0
	A	 0101 100A 0011 0010	0
003468	5832	SUBWFB GLCDDEVICEHEIGHT_H,W,ACCESS
	F	 0110 111A FFFF FFFF	1403
	A	 0110 111A 0111 1011	1
00346A	6F7B	MOVWF PRINTLOCY_H,BANKED
	F	1110 1110 00FF KKKK:1111 00KK KKKK KKKK	1
	K	1110 1110 0001 KKKK:1111 00KK KKKK KKKK	5301
00346C	EE15 F0B5	LFSR 1,SYSSTRINGPARAM2
	K	 0000 1110 KKKK KKKK	54
003470	0E36	MOVLW LOW STRINGTABLE19
	F	 0110 111A FFFF FFFF	1270
	A	 0110 111A 1111 0110	0
003472	6EF6	MOVWF TBLPTRL,ACCESS
	K	 0000 1110 KKKK KKKK	60
003474	0E3C	MOVLW HIGH STRINGTABLE19
	F	 0110 111A FFFF FFFF	1271
	A	 0110 111A 1111 0111	0
003476	6EF7	MOVWF TBLPTRH,ACCESS
	K	 0000 1110 KKKK KKKK	0
003478	0E00	MOVLW UPPER STRINGTABLE19
	F	 0110 111A FFFF FFFF	1272
	A	 0110 111A 1111 1000	0
00347A	6EF8	MOVWF TBLPTRU,ACCESS
	K	 0000 0001 00KK KKKK	0
000000	0100	BANKSEL 0
	N	 1101 1NNN NNNN NNNN	891
00347E	DB7B	RCALL SYSREADSTRING
	K	 0000 1110 KKKK KKKK	181
003480	0EB5	MOVLW LOW SYSSTRINGPARAM2
	K	 0000 0001 00KK KKKK	5
000000	0105	BANKSEL SYSPRINTDATAHANDLER
	F	 0110 111A FFFF FFFF	1434
	A	 0110 111A 1001 1010	1
003484	6F9A	MOVWF SYSPRINTDATAHANDLER,BANKED
	K	 0000 1110 KKKK KKKK	20
003486	0E14	MOVLW HIGH SYSSTRINGPARAM2
	F	 0110 111A FFFF FFFF	1435
	A	 0110 111A 1001 1011	1
003488	6F9B	MOVWF SYSPRINTDATAHANDLER_H,BANKED
	S	1111 DDDD DDDD DDDD:1100 SSSS SSSS SSSS	1337
	D	1111 DDDD DDDD DDDD:1100 0101 0011 1001	1308
00348A	C539 F51C	MOVFF GLCDFOREGROUND,COLOR
	S	1111 DDDD DDDD DDDD:1100 SSSS SSSS SSSS	1338
	D	1111 DDDD DDDD DDDD:1100 0101 0011 1010	1309
00348E	C53A F51D	MOVFF GLCDFOREGROUND_H,COLOR_H
	K	 0000 0001 00KK KKKK	0
000000	0100	BANKSEL 0
	K	1111 KKKK KKKK KKKK:1110 110S KKKK KKKK	4046
	S	1111 0000 0000 0111:1110 110S 1110 0111	0
003494	ECE7 F007	CALL BIGPRINT_ILI9341
		SYSDOLOOP_S2
	K	 0000 1110 KKKK KKKK	64
003498	0E40	MOVLW 64
	K	 0000 0001 00KK KKKK	5
000000	0105	BANKSEL PRINTLOCX
	F	 0110 111A FFFF FFFF	1400
	A	 0110 111A 0111 1000	1
00349C	6F78	MOVWF PRINTLOCX,BANKED
	F	 0110 101A FFFF FFFF	1401
	A	 0110 101A 0111 1001	1
00349E	6B79	CLRF PRINTLOCX_H,BANKED
	K	 0000 1110 KKKK KKKK	52
0034A0	0E34	MOVLW 52
	F	 0110 111A FFFF FFFF	1402
	A	 0110 111A 0111 1010	1
0034A2	6F7A	MOVWF PRINTLOCY,BANKED
	F	 0110 101A FFFF FFFF	1403
	A	 0110 101A 0111 1011	1
0034A4	6B7B	CLRF PRINTLOCY_H,BANKED
	S	1111 DDDD DDDD DDDD:1100 SSSS SSSS SSSS	1394
	D	1111 DDDD DDDD DDDD:1100 0101 0111 0010	1362
0034A6	C572 F552	MOVFF LONGNUMBER,LCDVALUE
	S	1111 DDDD DDDD DDDD:1100 SSSS SSSS SSSS	1395
	D	1111 DDDD DDDD DDDD:1100 0101 0111 0011	1363
0034AA	C573 F553	MOVFF LONGNUMBER_H,LCDVALUE_H
	S	1111 DDDD DDDD DDDD:1100 SSSS SSSS SSSS	1396
	D	1111 DDDD DDDD DDDD:1100 0101 0111 0100	1364
0034AE	C574 F554	MOVFF LONGNUMBER_U,LCDVALUE_U
	S	1111 DDDD DDDD DDDD:1100 SSSS SSSS SSSS	1397
	D	1111 DDDD DDDD DDDD:1100 0101 0111 0101	1365
0034B2	C575 F555	MOVFF LONGNUMBER_E,LCDVALUE_E
	K	 0000 0001 00KK KKKK	0
000000	0100	BANKSEL 0
	K	1111 KKKK KKKK KKKK:1110 110S KKKK KKKK	8920
	S	1111 0000 0001 0001:1110 110S 0110 1100	0
0034B8	EC6C F011	CALL GLCDPRINT10
	K	 0000 1110 KKKK KKKK	64
0034BC	0E40	MOVLW 64
	K	 0000 0001 00KK KKKK	5
000000	0105	BANKSEL PRINTLOCX
	F	 0110 111A FFFF FFFF	1400
	A	 0110 111A 0111 1000	1
0034C0	6F78	MOVWF PRINTLOCX,BANKED
	F	 0110 101A FFFF FFFF	1401
	A	 0110 101A 0111 1001	1
0034C2	6B79	CLRF PRINTLOCX_H,BANKED
	K	 0000 1110 KKKK KKKK	70
0034C4	0E46	MOVLW 70
	F	 0110 111A FFFF FFFF	1402
	A	 0110 111A 0111 1010	1
0034C6	6F7A	MOVWF PRINTLOCY,BANKED
	F	 0110 101A FFFF FFFF	1403
	A	 0110 101A 0111 1011	1
0034C8	6B7B	CLRF PRINTLOCY_H,BANKED
	S	1111 DDDD DDDD DDDD:1100 SSSS SSSS SSSS	1462
	D	1111 DDDD DDDD DDDD:1100 0101 1011 0110	1460
0034CA	C5B6 F5B4	MOVFF WORDNUMBER,SYSVALTEMP
	S	1111 DDDD DDDD DDDD:1100 SSSS SSSS SSSS	1463
	D	1111 DDDD DDDD DDDD:1100 0101 1011 0111	1461
0034CE	C5B7 F5B5	MOVFF WORDNUMBER_H,SYSVALTEMP_H
	K	 0000 0001 00KK KKKK	0
000000	0100	BANKSEL 0
	N	 1101 1NNN NNNN NNNN	258
0034D4	D902	RCALL FN_STR
	K	 0000 1110 KKKK KKKK	164
0034D6	0EA4	MOVLW LOW STR
	K	 0000 0001 00KK KKKK	5
000000	0105	BANKSEL SYSSYSINSTRINGHANDLER
	F	 0110 111A FFFF FFFF	1450
	A	 0110 111A 1010 1010	1
0034DA	6FAA	MOVWF SYSSYSINSTRINGHANDLER,BANKED
	K	 0000 1110 KKKK KKKK	20
0034DC	0E14	MOVLW HIGH STR
	F	 0110 111A FFFF FFFF	1451
	A	 0110 111A 1010 1011	1
0034DE	6FAB	MOVWF SYSSYSINSTRINGHANDLER_H,BANKED
	K	 0000 1110 KKKK KKKK	5
0034E0	0E05	MOVLW 5
	F	 0110 111A FFFF FFFF	1447
	A	 0110 111A 1010 0111	1
0034E2	6FA7	MOVWF SYSSTRLEN,BANKED
	F	1110 1110 00FF KKKK:1111 00KK KKKK KKKK	1
	K	1110 1110 0001 KKKK:1111 00KK KKKK KKKK	5301
0034E4	EE15 F0B5	LFSR 1,SYSSTRINGPARAM2
	K	 0000 1110 KKKK KKKK	62
0034E8	0E3E	MOVLW LOW STRINGTABLE65
	F	 0110 111A FFFF FFFF	1270
	A	 0110 111A 1111 0110	0
0034EA	6EF6	MOVWF TBLPTRL,ACCESS
	K	 0000 1110 KKKK KKKK	60
0034EC	0E3C	MOVLW HIGH STRINGTABLE65
	F	 0110 111A FFFF FFFF	1271
	A	 0110 111A 1111 0111	0
0034EE	6EF7	MOVWF TBLPTRH,ACCESS
	K	 0000 1110 KKKK KKKK	0
0034F0	0E00	MOVLW UPPER STRINGTABLE65
	F	 0110 111A FFFF FFFF	1272
	A	 0110 111A 1111 1000	0
0034F2	6EF8	MOVWF TBLPTRU,ACCESS
	K	 0000 0001 00KK KKKK	0
000000	0100	BANKSEL 0
	N	 1101 1NNN NNNN NNNN	831
0034F6	DB3F	RCALL SYSREADSTRING
	K	 0000 1110 KKKK KKKK	181
0034F8	0EB5	MOVLW LOW SYSSTRINGPARAM2
	K	 0000 0001 00KK KKKK	5
000000	0105	BANKSEL SYSSYSINSTRING3HANDLER
	F	 0110 111A FFFF FFFF	1448
	A	 0110 111A 1010 1000	1
0034FC	6FA8	MOVWF SYSSYSINSTRING3HANDLER,BANKED
	K	 0000 1110 KKKK KKKK	20
0034FE	0E14	MOVLW HIGH SYSSTRINGPARAM2
	F	 0110 111A FFFF FFFF	1449
	A	 0110 111A 1010 1001	1
003500	6FA9	MOVWF SYSSYSINSTRING3HANDLER_H,BANKED
	K	 0000 0001 00KK KKKK	0
000000	0100	BANKSEL 0
	K	1111 KKKK KKKK KKKK:1110 110S KKKK KKKK	10046
	S	1111 0000 0001 0011:1110 110S 1001 1111	0
003504	EC9F F013	CALL FN_PAD
	K	 0000 1110 KKKK KKKK	215
003508	0ED7	MOVLW LOW PAD
	K	 0000 0001 00KK KKKK	5
000000	0105	BANKSEL SYSLCDPRINTDATAHANDLER
	F	 0110 111A FFFF FFFF	1419
	A	 0110 111A 1000 1011	1
00350C	6F8B	MOVWF SYSLCDPRINTDATAHANDLER,BANKED
	K	 0000 1110 KKKK KKKK	20
00350E	0E14	MOVLW HIGH PAD
	F	 0110 111A FFFF FFFF	1420
	A	 0110 111A 1000 1100	1
003510	6F8C	MOVWF SYSLCDPRINTDATAHANDLER_H,BANKED
	K	 0000 0001 00KK KKKK	0
000000	0100	BANKSEL 0
	K	1111 KKKK KKKK KKKK:1110 110S KKKK KKKK	8782
	S	1111 0000 0001 0001:1110 110S 0010 0111	0
003514	EC27 F011	CALL GLCDPRINT7
	K	 0000 1110 KKKK KKKK	64
003518	0E40	MOVLW 64
	K	 0000 0001 00KK KKKK	5
000000	0105	BANKSEL PRINTLOCX
	F	 0110 111A FFFF FFFF	1400
	A	 0110 111A 0111 1000	1
00351C	6F78	MOVWF PRINTLOCX,BANKED
	F	 0110 101A FFFF FFFF	1401
	A	 0110 101A 0111 1001	1
00351E	6B79	CLRF PRINTLOCX_H,BANKED
	K	 0000 1110 KKKK KKKK	88
003520	0E58	MOVLW 88
	F	 0110 111A FFFF FFFF	1402
	A	 0110 111A 0111 1010	1
003522	6F7A	MOVWF PRINTLOCY,BANKED
	F	 0110 101A FFFF FFFF	1403
	A	 0110 101A 0111 1011	1
003524	6B7B	CLRF PRINTLOCY_H,BANKED
	S	1111 DDDD DDDD DDDD:1100 SSSS SSSS SSSS	1294
	D	1111 DDDD DDDD DDDD:1100 0101 0000 1110	1460
003526	C50E F5B4	MOVFF BYTENUMBER,SYSVALTEMP
	F	 0110 101A FFFF FFFF	1461
	A	 0110 101A 1011 0101	1
00352A	6BB5	CLRF SYSVALTEMP_H,BANKED
	K	 0000 0001 00KK KKKK	0
000000	0100	BANKSEL 0
	N	 1101 1NNN NNNN NNNN	213
00352E	D8D5	RCALL FN_STR
	K	 0000 1110 KKKK KKKK	164
003530	0EA4	MOVLW LOW STR
	K	 0000 0001 00KK KKKK	5
000000	0105	BANKSEL SYSSYSINSTRINGHANDLER
	F	 0110 111A FFFF FFFF	1450
	A	 0110 111A 1010 1010	1
003534	6FAA	MOVWF SYSSYSINSTRINGHANDLER,BANKED
	K	 0000 1110 KKKK KKKK	20
003536	0E14	MOVLW HIGH STR
	F	 0110 111A FFFF FFFF	1451
	A	 0110 111A 1010 1011	1
003538	6FAB	MOVWF SYSSYSINSTRINGHANDLER_H,BANKED
	K	 0000 1110 KKKK KKKK	3
00353A	0E03	MOVLW 3
	F	 0110 111A FFFF FFFF	1447
	A	 0110 111A 1010 0111	1
00353C	6FA7	MOVWF SYSSTRLEN,BANKED
	F	1110 1110 00FF KKKK:1111 00KK KKKK KKKK	1
	K	1110 1110 0001 KKKK:1111 00KK KKKK KKKK	5301
00353E	EE15 F0B5	LFSR 1,SYSSTRINGPARAM2
	K	 0000 1110 KKKK KKKK	62
003542	0E3E	MOVLW LOW STRINGTABLE65
	F	 0110 111A FFFF FFFF	1270
	A	 0110 111A 1111 0110	0
003544	6EF6	MOVWF TBLPTRL,ACCESS
	K	 0000 1110 KKKK KKKK	60
003546	0E3C	MOVLW HIGH STRINGTABLE65
	F	 0110 111A FFFF FFFF	1271
	A	 0110 111A 1111 0111	0
003548	6EF7	MOVWF TBLPTRH,ACCESS
	K	 0000 1110 KKKK KKKK	0
00354A	0E00	MOVLW UPPER STRINGTABLE65
	F	 0110 111A FFFF FFFF	1272
	A	 0110 111A 1111 1000	0
00354C	6EF8	MOVWF TBLPTRU,ACCESS
	K	 0000 0001 00KK KKKK	0
000000	0100	BANKSEL 0
	N	 1101 1NNN NNNN NNNN	786
003550	DB12	RCALL SYSREADSTRING
	K	 0000 1110 KKKK KKKK	181
003552	0EB5	MOVLW LOW SYSSTRINGPARAM2
	K	 0000 0001 00KK KKKK	5
000000	0105	BANKSEL SYSSYSINSTRING3HANDLER
	F	 0110 111A FFFF FFFF	1448
	A	 0110 111A 1010 1000	1
003556	6FA8	MOVWF SYSSYSINSTRING3HANDLER,BANKED
	K	 0000 1110 KKKK KKKK	20
003558	0E14	MOVLW HIGH SYSSTRINGPARAM2
	F	 0110 111A FFFF FFFF	1449
	A	 0110 111A 1010 1001	1
00355A	6FA9	MOVWF SYSSYSINSTRING3HANDLER_H,BANKED
	K	 0000 0001 00KK KKKK	0
000000	0100	BANKSEL 0
	K	1111 KKKK KKKK KKKK:1110 110S KKKK KKKK	10046
	S	1111 0000 0001 0011:1110 110S 1001 1111	0
00355E	EC9F F013	CALL FN_PAD
	K	 0000 1110 KKKK KKKK	215
003562	0ED7	MOVLW LOW PAD
	K	 0000 0001 00KK KKKK	5
000000	0105	BANKSEL SYSLCDPRINTDATAHANDLER
	F	 0110 111A FFFF FFFF	1419
	A	 0110 111A 1000 1011	1
003566	6F8B	MOVWF SYSLCDPRINTDATAHANDLER,BANKED
	K	 0000 1110 KKKK KKKK	20
003568	0E14	MOVLW HIGH PAD
	F	 0110 111A FFFF FFFF	1420
	A	 0110 111A 1000 1100	1
00356A	6F8C	MOVWF SYSLCDPRINTDATAHANDLER_H,BANKED
	K	 0000 0001 00KK KKKK	0
000000	0100	BANKSEL 0
	K	1111 KKKK KKKK KKKK:1110 110S KKKK KKKK	8782
	S	1111 0000 0001 0001:1110 110S 0010 0111	0
00356E	EC27 F011	CALL GLCDPRINT7
	K	 0000 1110 KKKK KKKK	104
003572	0E68	MOVLW 104
	F	 0110 111A FFFF FFFF	1300
	A	 0110 111A 0001 0100	0
003574	6E14	MOVWF CHARLOCX,ACCESS
	F	 0110 101A FFFF FFFF	1301
	A	 0110 101A 0001 0101	0
003576	6A15	CLRF CHARLOCX_H,ACCESS
	K	 0000 1110 KKKK KKKK	20
003578	0E14	MOVLW 20
	F	 0110 111A FFFF FFFF	1302
	A	 0110 111A 0001 0110	0
00357A	6E16	MOVWF CHARLOCY,ACCESS
	F	 0110 101A FFFF FFFF	1303
	A	 0110 101A 0001 0111	0
00357C	6A17	CLRF CHARLOCY_H,ACCESS
	S	1111 DDDD DDDD DDDD:1100 SSSS SSSS SSSS	1295
	D	1111 DDDD DDDD DDDD:1100 0101 0000 1111	1296
00357E	C50F F510	MOVFF CCOUNT,CHARCODE
	S	1111 DDDD DDDD DDDD:1100 SSSS SSSS SSSS	1337
	D	1111 DDDD DDDD DDDD:1100 0101 0011 1001	1366
003582	C539 F556	MOVFF GLCDFOREGROUND,LINECOLOUR
	S	1111 DDDD DDDD DDDD:1100 SSSS SSSS SSSS	1338
	D	1111 DDDD DDDD DDDD:1100 0101 0011 1010	1367
003586	C53A F557	MOVFF GLCDFOREGROUND_H,LINECOLOUR_H
	K	1111 KKKK KKKK KKKK:1110 110S KKKK KKKK	8286
	S	1111 0000 0001 0000:1110 110S 0010 1111	0
00358A	EC2F F010	CALL GLCDDRAWCHAR_ILI9341
	K	 0000 1110 KKKK KKKK	98
00358E	0E62	MOVLW 98
	K	 0000 0001 00KK KKKK	5
000000	0105	BANKSEL LINEX1
	F	 0110 111A FFFF FFFF	1382
	A	 0110 111A 0110 0110	1
003592	6F66	MOVWF LINEX1,BANKED
	F	 0110 101A FFFF FFFF	1383
	A	 0110 101A 0110 0111	1
003594	6B67	CLRF LINEX1_H,BANKED
	K	 0000 1110 KKKK KKKK	18
003596	0E12	MOVLW 18
	F	 0110 111A FFFF FFFF	1386
	A	 0110 111A 0110 1010	1
003598	6F6A	MOVWF LINEY1,BANKED
	F	 0110 101A FFFF FFFF	1387
	A	 0110 101A 0110 1011	1
00359A	6B6B	CLRF LINEY1_H,BANKED
	K	 0000 1110 KKKK KKKK	117
00359C	0E75	MOVLW 117
	F	 0110 111A FFFF FFFF	1384
	A	 0110 111A 0110 1000	1
00359E	6F68	MOVWF LINEX2,BANKED
	F	 0110 101A FFFF FFFF	1385
	A	 0110 101A 0110 1001	1
0035A0	6B69	CLRF LINEX2_H,BANKED
	K	 0000 1110 KKKK KKKK	42
0035A2	0E2A	MOVLW 42
	F	 0110 111A FFFF FFFF	1388
	A	 0110 111A 0110 1100	1
0035A4	6F6C	MOVWF LINEY2,BANKED
	F	 0110 101A FFFF FFFF	1389
	A	 0110 101A 0110 1101	1
0035A6	6B6D	CLRF LINEY2_H,BANKED
	F	 0110 100A FFFF FFFF	1366
	A	 0110 100A 0101 0110	0
0035A8	6856	SETF LINECOLOUR,ACCESS
	F	 0110 100A FFFF FFFF	1367
	A	 0110 100A 0101 0111	0
0035AA	6857	SETF LINECOLOUR_H,ACCESS
	K	 0000 0001 00KK KKKK	0
000000	0100	BANKSEL 0
	K	1111 KKKK KKKK KKKK:1110 110S KKKK KKKK	4148
	S	1111 0000 0000 1000:1110 110S 0001 1010	0
0035AE	EC1A F008	CALL BOX19
	K	 0000 1110 KKKK KKKK	180
0035B2	0EB4	MOVLW 180
	K	 0000 0001 00KK KKKK	5
000000	0105	BANKSEL STRINGLOCX
	F	 0110 111A FFFF FFFF	1411
	A	 0110 111A 1000 0011	1
0035B6	6F83	MOVWF STRINGLOCX,BANKED
	F	 0110 101A FFFF FFFF	1412
	A	 0110 101A 1000 0100	1
0035B8	6B84	CLRF STRINGLOCX_H,BANKED
	K	 0000 1110 KKKK KKKK	18
0035BA	0E12	MOVLW 18
	F	 0110 111A FFFF FFFF	1302
	A	 0110 111A 0001 0110	0
0035BC	6E16	MOVWF CHARLOCY,ACCESS
	F	 0110 101A FFFF FFFF	1303
	A	 0110 101A 0001 0111	0
0035BE	6A17	CLRF CHARLOCY_H,ACCESS
	S	1111 DDDD DDDD DDDD:1100 SSSS SSSS SSSS	1295
	D	1111 DDDD DDDD DDDD:1100 0101 0000 1111	1460
0035C0	C50F F5B4	MOVFF CCOUNT,SYSVALTEMP
	F	 0110 101A FFFF FFFF	1461
	A	 0110 101A 1011 0101	1
0035C4	6BB5	CLRF SYSVALTEMP_H,BANKED
	K	 0000 0001 00KK KKKK	0
000000	0100	BANKSEL 0
	N	 1101 1NNN NNNN NNNN	136
0035C8	D888	RCALL FN_STR
	K	 0000 1110 KKKK KKKK	164
0035CA	0EA4	MOVLW LOW STR
	K	 0000 0001 00KK KKKK	5
000000	0105	BANKSEL SYSSYSINSTRINGHANDLER
	F	 0110 111A FFFF FFFF	1450
	A	 0110 111A 1010 1010	1
0035CE	6FAA	MOVWF SYSSYSINSTRINGHANDLER,BANKED
	K	 0000 1110 KKKK KKKK	20
0035D0	0E14	MOVLW HIGH STR
	F	 0110 111A FFFF FFFF	1451
	A	 0110 111A 1010 1011	1
0035D2	6FAB	MOVWF SYSSYSINSTRINGHANDLER_H,BANKED
	K	 0000 1110 KKKK KKKK	3
0035D4	0E03	MOVLW 3
	F	 0110 111A FFFF FFFF	1447
	A	 0110 111A 1010 0111	1
0035D6	6FA7	MOVWF SYSSTRLEN,BANKED
	F	1110 1110 00FF KKKK:1111 00KK KKKK KKKK	1
	K	1110 1110 0001 KKKK:1111 00KK KKKK KKKK	5301
0035D8	EE15 F0B5	LFSR 1,SYSSTRINGPARAM2
	K	 0000 1110 KKKK KKKK	62
0035DC	0E3E	MOVLW LOW STRINGTABLE65
	F	 0110 111A FFFF FFFF	1270
	A	 0110 111A 1111 0110	0
0035DE	6EF6	MOVWF TBLPTRL,ACCESS
	K	 0000 1110 KKKK KKKK	60
0035E0	0E3C	MOVLW HIGH STRINGTABLE65
	F	 0110 111A FFFF FFFF	1271
	A	 0110 111A 1111 0111	0
0035E2	6EF7	MOVWF TBLPTRH,ACCESS
	K	 0000 1110 KKKK KKKK	0
0035E4	0E00	MOVLW UPPER STRINGTABLE65
	F	 0110 111A FFFF FFFF	1272
	A	 0110 111A 1111 1000	0
0035E6	6EF8	MOVWF TBLPTRU,ACCESS
	K	 0000 0001 00KK KKKK	0
000000	0100	BANKSEL 0
	N	 1101 1NNN NNNN NNNN	709
0035EA	DAC5	RCALL SYSREADSTRING
	K	 0000 1110 KKKK KKKK	181
0035EC	0EB5	MOVLW LOW SYSSTRINGPARAM2
	K	 0000 0001 00KK KKKK	5
000000	0105	BANKSEL SYSSYSINSTRING3HANDLER
	F	 0110 111A FFFF FFFF	1448
	A	 0110 111A 1010 1000	1
0035F0	6FA8	MOVWF SYSSYSINSTRING3HANDLER,BANKED
	K	 0000 1110 KKKK KKKK	20
0035F2	0E14	MOVLW HIGH SYSSTRINGPARAM2
	F	 0110 111A FFFF FFFF	1449
	A	 0110 111A 1010 1001	1
0035F4	6FA9	MOVWF SYSSYSINSTRING3HANDLER_H,BANKED
	K	 0000 0001 00KK KKKK	0
000000	0100	BANKSEL 0
	K	1111 KKKK KKKK KKKK:1110 110S KKKK KKKK	10046
	S	1111 0000 0001 0011:1110 110S 1001 1111	0
0035F8	EC9F F013	CALL FN_PAD
	K	 0000 1110 KKKK KKKK	215
0035FC	0ED7	MOVLW LOW PAD
	K	 0000 0001 00KK KKKK	5
000000	0105	BANKSEL SYSCHARSHANDLER
	F	 0110 111A FFFF FFFF	1417
	A	 0110 111A 1000 1001	1
003600	6F89	MOVWF SYSCHARSHANDLER,BANKED
	K	 0000 1110 KKKK KKKK	20
003602	0E14	MOVLW HIGH PAD
	F	 0110 111A FFFF FFFF	1418
	A	 0110 111A 1000 1010	1
003604	6F8A	MOVWF SYSCHARSHANDLER_H,BANKED
	S	1111 DDDD DDDD DDDD:1100 SSSS SSSS SSSS	1337
	D	1111 DDDD DDDD DDDD:1100 0101 0011 1001	1366
003606	C539 F556	MOVFF GLCDFOREGROUND,LINECOLOUR
	S	1111 DDDD DDDD DDDD:1100 SSSS SSSS SSSS	1338
	D	1111 DDDD DDDD DDDD:1100 0101 0011 1010	1367
00360A	C53A F557	MOVFF GLCDFOREGROUND_H,LINECOLOUR_H
	K	 0000 0001 00KK KKKK	0
000000	0100	BANKSEL 0
	K	1111 KKKK KKKK KKKK:1110 110S KKKK KKKK	8670
	S	1111 0000 0001 0000:1110 110S 1110 1111	0
003610	ECEF F010	CALL GLCDDRAWSTRING_ILI9341
	F	 0010 10DA FFFF FFFF	1295
	D	 0010 10DA 0000 1111	1
	A	 0010 101A 0000 1111	0
003614	2A0F	INCF CCOUNT,F,ACCESS
	F	 0101 00DA FFFF FFFF	1295
	D	 0101 00DA 0000 1111	1
	A	 0101 001A 0000 1111	0
003616	520F	MOVF CCOUNT,F,ACCESS
	F	 1010 BBBA FFFF FFFF	1240
	B	 1010 BBBA 1101 1000	2
	A	 1010 010A 1101 1000	0
003618	A4D8	BTFSS STATUS, Z,ACCESS
	N	 1101 0NNN NNNN NNNN	2
00361A	D002	BRA ENDIF3
	K	 0000 1110 KKKK KKKK	31
00361C	0E1F	MOVLW 31
	F	 0110 111A FFFF FFFF	1295
	A	 0110 111A 0000 1111	0
00361E	6E0F	MOVWF CCOUNT,ACCESS
		ENDIF3
	K	 0000 1110 KKKK KKKK	128
003620	0E80	MOVLW 128
	F	 0101 11DA FFFF FFFF	1295
	D	 0101 11DA 0000 1111	0
	A	 0101 110A 0000 1111	0
003622	5C0F	SUBWF CCOUNT,W,ACCESS
	F	 1010 BBBA FFFF FFFF	1240
	B	 1010 BBBA 1101 1000	2
	A	 1010 010A 1101 1000	0
003624	A4D8	BTFSS STATUS, Z,ACCESS
	N	 1101 0NNN NNNN NNNN	2
003626	D002	BRA ENDIF4
	K	 0000 1110 KKKK KKKK	192
003628	0EC0	MOVLW 192
	F	 0110 111A FFFF FFFF	1295
	A	 0110 111A 0000 1111	0
00362A	6E0F	MOVWF CCOUNT,ACCESS
		ENDIF4
	K	 0000 1110 KKKK KKKK	7
00362C	0E07	MOVLW 7
	K	 0000 0001 00KK KKKK	5
000000	0105	BANKSEL LONGNUMBER
	F	 0010 01DA FFFF FFFF	1394
	D	 0010 01DA 0111 0010	1
	A	 0010 011A 0111 0010	1
003630	2772	ADDWF LONGNUMBER,F,BANKED
	K	 0000 1110 KKKK KKKK	0
003632	0E00	MOVLW 0
	F	 0010 00DA FFFF FFFF	1395
	D	 0010 00DA 0111 0011	1
	A	 0010 001A 0111 0011	1
003634	2373	ADDWFC LONGNUMBER_H,F,BANKED
	K	 0000 1110 KKKK KKKK	0
003636	0E00	MOVLW 0
	F	 0010 00DA FFFF FFFF	1396
	D	 0010 00DA 0111 0100	1
	A	 0010 001A 0111 0100	1
003638	2374	ADDWFC LONGNUMBER_U,F,BANKED
	K	 0000 1110 KKKK KKKK	0
00363A	0E00	MOVLW 0
	F	 0010 00DA FFFF FFFF	1397
	D	 0010 00DA 0111 0101	1
	A	 0010 001A 0111 0101	1
00363C	2375	ADDWFC LONGNUMBER_E,F,BANKED
	K	 0000 1110 KKKK KKKK	3
00363E	0E03	MOVLW 3
	F	 0010 01DA FFFF FFFF	1462
	D	 0010 01DA 1011 0110	1
	A	 0010 011A 1011 0110	1
003640	27B6	ADDWF WORDNUMBER,F,BANKED
	K	 0000 1110 KKKK KKKK	0
003642	0E00	MOVLW 0
	F	 0010 00DA FFFF FFFF	1463
	D	 0010 00DA 1011 0111	1
	A	 0010 001A 1011 0111	1
003644	23B7	ADDWFC WORDNUMBER_H,F,BANKED
	F	 0010 10DA FFFF FFFF	1294
	D	 0010 10DA 0000 1110	1
	A	 0010 101A 0000 1110	0
003646	2A0E	INCF BYTENUMBER,F,ACCESS
	N	 1101 0NNN NNNN NNNN	1831
003648	D727	BRA SYSDOLOOP_S2
		SYSDOLOOP_E2
	S	 0000 0000 0001 001S	0
00364A	0012	RETURN


		SPIMODE358
	F	 1001 BBBA FFFF FFFF	132
	B	 1001 BBBA 1000 0100	7
	A	 1001 111A 1000 0100	1
00364C	9F84	BCF SPI1CON0,SPI1CON0_EN,BANKED
	F	 0110 101A FFFF FFFF	133
	A	 0110 101A 1000 0101	1
00364E	6B85	CLRF SPI1CON1,BANKED
	K	 0000 0001 00KK KKKK	5
000000	0105	BANKSEL SPICLOCKMODE
	F	 1011 BBBA FFFF FFFF	1407
	B	 1011 BBBA 0111 1111	0
	A	 1011 000A 0111 1111	1
003652	B17F	BTFSC SPICLOCKMODE,0,BANKED
	N	 1101 0NNN NNNN NNNN	2
003654	D002	BRA ENDIF88
	K	 0000 0001 00KK KKKK	0
000000	0100	BANKSEL SPI1CON1
	F	 1000 BBBA FFFF FFFF	133
	B	 1000 BBBA 1000 0101	6
	A	 1000 110A 1000 0101	1
003658	8D85	BSF SPI1CON1,CKE,BANKED
		ENDIF88
	K	 0000 0001 00KK KKKK	5
000000	0105	BANKSEL SPICLOCKMODE
	F	 1010 BBBA FFFF FFFF	1407
	B	 1010 BBBA 0111 1111	1
	A	 1010 001A 0111 1111	1
00365C	A37F	BTFSS SPICLOCKMODE,1,BANKED
	N	 1101 0NNN NNNN NNNN	2
00365E	D002	BRA ENDIF89
	K	 0000 0001 00KK KKKK	0
000000	0100	BANKSEL SPI1CON1
	F	 1000 BBBA FFFF FFFF	133
	B	 1000 BBBA 1000 0101	5
	A	 1000 101A 1000 0101	1
003662	8B85	BSF SPI1CON1,CKP,BANKED
		ENDIF89
	K	 0000 0001 00KK KKKK	5
000000	0105	BANKSEL SPICLOCKMODE
	F	 1010 BBBA FFFF FFFF	1407
	B	 1010 BBBA 0111 1111	2
	A	 1010 010A 0111 1111	1
003666	A57F	BTFSS SPICLOCKMODE,2,BANKED
	N	 1101 0NNN NNNN NNNN	2
003668	D002	BRA ENDIF90
	K	 0000 0001 00KK KKKK	0
000000	0100	BANKSEL SPI1CON1
	F	 1000 BBBA FFFF FFFF	133
	B	 1000 BBBA 1000 0101	2
	A	 1000 010A 1000 0101	1
00366C	8585	BSF SPI1CON1,SSP,BANKED
		ENDIF90
	K	 0000 1110 KKKK KKKK	3
00366E	0E03	MOVLW 3
	K	 0000 0001 00KK KKKK	0
000000	0100	BANKSEL SPI1CON2
	F	 0001 00DA FFFF FFFF	134
	D	 0001 00DA 1000 0110	1
	A	 0001 001A 1000 0110	1
003672	1386	IORWF SPI1CON2,F,BANKED
	F	 0110 101A FFFF FFFF	140
	A	 0110 101A 1000 1100	1
003674	6B8C	CLRF SPI1CLK,BANKED
		SYSSELECT4CASE1
	K	 0000 1110 KKKK KKKK	14
003676	0E0E	MOVLW 14
	K	 0000 0001 00KK KKKK	5
000000	0105	BANKSEL SPICURRENTMODE
	F	 0101 11DA FFFF FFFF	1408
	D	 0101 11DA 1000 0000	0
	A	 0101 110A 1000 0000	1
00367A	5D80	SUBWF SPICURRENTMODE,W,BANKED
	F	 1010 BBBA FFFF FFFF	1240
	B	 1010 BBBA 1101 1000	2
	A	 1010 010A 1101 1000	0
00367C	A4D8	BTFSS STATUS, Z,ACCESS
	N	 1101 0NNN NNNN NNNN	4
00367E	D004	BRA SYSSELECT4CASE2
	K	 0000 0001 00KK KKKK	0
000000	0100	BANKSEL SPI1BAUD
	F	 0110 101A FFFF FFFF	137
	A	 0110 101A 1000 1001	1
003682	6B89	CLRF SPI1BAUD,BANKED
	F	 1000 BBBA FFFF FFFF	132
	B	 1000 BBBA 1000 0100	1
	A	 1000 001A 1000 0100	1
003684	8384	BSF SPI1CON0,MST,BANKED
	N	 1101 0NNN NNNN NNNN	38
003686	D026	BRA SYSSELECTEND4
		SYSSELECT4CASE2
	K	 0000 1110 KKKK KKKK	13
003688	0E0D	MOVLW 13
	F	 0101 11DA FFFF FFFF	1408
	D	 0101 11DA 1000 0000	0
	A	 0101 110A 1000 0000	1
00368A	5D80	SUBWF SPICURRENTMODE,W,BANKED
	F	 1010 BBBA FFFF FFFF	1240
	B	 1010 BBBA 1101 1000	2
	A	 1010 010A 1101 1000	0
00368C	A4D8	BTFSS STATUS, Z,ACCESS
	N	 1101 0NNN NNNN NNNN	5
00368E	D005	BRA SYSSELECT4CASE3
	K	 0000 1110 KKKK KKKK	3
003690	0E03	MOVLW 3
	K	 0000 0001 00KK KKKK	0
000000	0100	BANKSEL SPI1BAUD
	F	 0110 111A FFFF FFFF	137
	A	 0110 111A 1000 1001	1
003694	6F89	MOVWF SPI1BAUD,BANKED
	F	 1000 BBBA FFFF FFFF	132
	B	 1000 BBBA 1000 0100	1
	A	 1000 001A 1000 0100	1
003696	8384	BSF SPI1CON0,MST,BANKED
	N	 1101 0NNN NNNN NNNN	29
003698	D01D	BRA SYSSELECTEND4
		SYSSELECT4CASE3
	K	 0000 1110 KKKK KKKK	12
00369A	0E0C	MOVLW 12
	F	 0101 11DA FFFF FFFF	1408
	D	 0101 11DA 1000 0000	0
	A	 0101 110A 1000 0000	1
00369C	5D80	SUBWF SPICURRENTMODE,W,BANKED
	F	 1010 BBBA FFFF FFFF	1240
	B	 1010 BBBA 1101 1000	2
	A	 1010 010A 1101 1000	0
00369E	A4D8	BTFSS STATUS, Z,ACCESS
	N	 1101 0NNN NNNN NNNN	5
0036A0	D005	BRA SYSSELECT4CASE4
	K	 0000 1110 KKKK KKKK	9
0036A2	0E09	MOVLW 9
	K	 0000 0001 00KK KKKK	0
000000	0100	BANKSEL SPI1BAUD
	F	 0110 111A FFFF FFFF	137
	A	 0110 111A 1000 1001	1
0036A6	6F89	MOVWF SPI1BAUD,BANKED
	F	 1000 BBBA FFFF FFFF	132
	B	 1000 BBBA 1000 0100	1
	A	 1000 001A 1000 0100	1
0036A8	8384	BSF SPI1CON0,MST,BANKED
	N	 1101 0NNN NNNN NNNN	20
0036AA	D014	BRA SYSSELECTEND4
		SYSSELECT4CASE4
	K	 0000 1110 KKKK KKKK	11
0036AC	0E0B	MOVLW 11
	F	 0101 11DA FFFF FFFF	1408
	D	 0101 11DA 1000 0000	0
	A	 0101 110A 1000 0000	1
0036AE	5D80	SUBWF SPICURRENTMODE,W,BANKED
	F	 1010 BBBA FFFF FFFF	1240
	B	 1010 BBBA 1101 1000	2
	A	 1010 010A 1101 1000	0
0036B0	A4D8	BTFSS STATUS, Z,ACCESS
	N	 1101 0NNN NNNN NNNN	5
0036B2	D005	BRA SYSSELECT4CASE5
	K	 0000 1110 KKKK KKKK	33
0036B4	0E21	MOVLW 33
	K	 0000 0001 00KK KKKK	0
000000	0100	BANKSEL SPI1BAUD
	F	 0110 111A FFFF FFFF	137
	A	 0110 111A 1000 1001	1
0036B8	6F89	MOVWF SPI1BAUD,BANKED
	F	 1000 BBBA FFFF FFFF	132
	B	 1000 BBBA 1000 0100	1
	A	 1000 001A 1000 0100	1
0036BA	8384	BSF SPI1CON0,MST,BANKED
	N	 1101 0NNN NNNN NNNN	11
0036BC	D00B	BRA SYSSELECTEND4
		SYSSELECT4CASE5
	F	 0101 00DA FFFF FFFF	1408
	D	 0101 00DA 1000 0000	1
	A	 0101 001A 1000 0000	1
0036BE	5380	MOVF SPICURRENTMODE,F,BANKED
	F	 1010 BBBA FFFF FFFF	1240
	B	 1010 BBBA 1101 1000	2
	A	 1010 010A 1101 1000	0
0036C0	A4D8	BTFSS STATUS, Z,ACCESS
	N	 1101 0NNN NNNN NNNN	3
0036C2	D003	BRA SYSSELECT4CASE6
	K	 0000 0001 00KK KKKK	0
000000	0100	BANKSEL SPI1CON0
	F	 1001 BBBA FFFF FFFF	132
	B	 1001 BBBA 1000 0100	1
	A	 1001 001A 1000 0100	1
0036C6	9384	BCF SPI1CON0,MST,BANKED
	N	 1101 0NNN NNNN NNNN	5
0036C8	D005	BRA SYSSELECTEND4
		SYSSELECT4CASE6
	F	 0000 01DA FFFF FFFF	1408
	D	 0000 01DA 1000 0000	0
	A	 0000 010A 1000 0000	1
0036CA	0580	DECF SPICURRENTMODE,W,BANKED
	F	 1010 BBBA FFFF FFFF	1240
	B	 1010 BBBA 1101 1000	2
	A	 1010 010A 1101 1000	0
0036CC	A4D8	BTFSS STATUS, Z,ACCESS
	N	 1101 0NNN NNNN NNNN	2
0036CE	D002	BRA SYSSELECTEND4
	K	 0000 0001 00KK KKKK	0
000000	0100	BANKSEL SPI1CON0
	F	 1001 BBBA FFFF FFFF	132
	B	 1001 BBBA 1000 0100	1
	A	 1001 001A 1000 0100	1
0036D2	9384	BCF SPI1CON0,MST,BANKED
		SYSSELECTEND4
	K	 0000 0001 00KK KKKK	0
000000	0100	BANKSEL SPI1CON0
	F	 1000 BBBA FFFF FFFF	132
	B	 1000 BBBA 1000 0100	7
	A	 1000 111A 1000 0100	1
0036D6	8F84	BSF SPI1CON0,SPI1CON0_EN,BANKED
	S	 0000 0000 0001 001S	0
0036D8	0012	RETURN


		FN_STR
	K	 0000 0001 00KK KKKK	5
000000	0105	BANKSEL SYSCHARCOUNT
	F	 0110 101A FFFF FFFF	1416
	A	 0110 101A 1000 1000	1
0036DC	6B88	CLRF SYSCHARCOUNT,BANKED
	S	1111 DDDD DDDD DDDD:1100 SSSS SSSS SSSS	1460
	D	1111 DDDD DDDD DDDD:1100 0101 1011 0100	1285
0036DE	C5B4 F505	MOVFF SYSVALTEMP,SYSWORDTEMPA
	S	1111 DDDD DDDD DDDD:1100 SSSS SSSS SSSS	1461
	D	1111 DDDD DDDD DDDD:1100 0101 1011 0101	1286
0036E2	C5B5 F506	MOVFF SYSVALTEMP_H,SYSWORDTEMPA_H
	K	 0000 1110 KKKK KKKK	16
0036E6	0E10	MOVLW 16
	F	 0110 111A FFFF FFFF	1289
	A	 0110 111A 0000 1001	0
0036E8	6E09	MOVWF SYSWORDTEMPB,ACCESS
	K	 0000 1110 KKKK KKKK	39
0036EA	0E27	MOVLW 39
	F	 0110 111A FFFF FFFF	1290
	A	 0110 111A 0000 1010	0
0036EC	6E0A	MOVWF SYSWORDTEMPB_H,ACCESS
	K	 0000 0001 00KK KKKK	0
000000	0100	BANKSEL 0
	N	 1101 1NNN NNNN NNNN	194
0036F0	D8C2	RCALL SYSCOMPLESSTHAN16
	F	 0001 11DA FFFF FFFF	1280
	D	 0001 11DA 0000 0000	1
	A	 0001 111A 0000 0000	0
0036F2	1E00	COMF SYSBYTETEMPX,F,ACCESS
	F	 1010 BBBA FFFF FFFF	1280
	B	 1010 BBBA 0000 0000	0
	A	 1010 000A 0000 0000	0
0036F4	A000	BTFSS SYSBYTETEMPX,0,ACCESS
	N	 1101 0NNN NNNN NNNN	27
0036F6	D01B	BRA ENDIF36
	S	1111 DDDD DDDD DDDD:1100 SSSS SSSS SSSS	1460
	D	1111 DDDD DDDD DDDD:1100 0101 1011 0100	1285
0036F8	C5B4 F505	MOVFF SYSVALTEMP,SYSWORDTEMPA
	S	1111 DDDD DDDD DDDD:1100 SSSS SSSS SSSS	1461
	D	1111 DDDD DDDD DDDD:1100 0101 1011 0101	1286
0036FC	C5B5 F506	MOVFF SYSVALTEMP_H,SYSWORDTEMPA_H
	K	 0000 1110 KKKK KKKK	16
003700	0E10	MOVLW 16
	F	 0110 111A FFFF FFFF	1289
	A	 0110 111A 0000 1001	0
003702	6E09	MOVWF SYSWORDTEMPB,ACCESS
	K	 0000 1110 KKKK KKKK	39
003704	0E27	MOVLW 39
	F	 0110 111A FFFF FFFF	1290
	A	 0110 111A 0000 1010	0
003706	6E0A	MOVWF SYSWORDTEMPB_H,ACCESS
	N	 1101 1NNN NNNN NNNN	279
003708	D917	RCALL SYSDIVSUB16
	S	1111 DDDD DDDD DDDD:1100 SSSS SSSS SSSS	1285
	D	1111 DDDD DDDD DDDD:1100 0101 0000 0101	1445
00370A	C505 F5A5	MOVFF SYSWORDTEMPA,SYSSTRDATA
	S	1111 DDDD DDDD DDDD:1100 SSSS SSSS SSSS	1280
	D	1111 DDDD DDDD DDDD:1100 0101 0000 0000	1460
00370E	C500 F5B4	MOVFF SYSCALCTEMPX,SYSVALTEMP
	S	1111 DDDD DDDD DDDD:1100 SSSS SSSS SSSS	1281
	D	1111 DDDD DDDD DDDD:1100 0101 0000 0001	1461
003712	C501 F5B5	MOVFF SYSCALCTEMPX_H,SYSVALTEMP_H
	K	 0000 0001 00KK KKKK	5
000000	0105	BANKSEL SYSCHARCOUNT
	F	 0010 10DA FFFF FFFF	1416
	D	 0010 10DA 1000 1000	1
	A	 0010 101A 1000 1000	1
003718	2B88	INCF SYSCHARCOUNT,F,BANKED
	F	1110 1110 00FF KKKK:1111 00KK KKKK KKKK	0
	K	1110 1110 0000 KKKK:1111 00KK KKKK KKKK	5284
00371A	EE05 F0A4	LFSR 0,STR
	F	 0101 00DA FFFF FFFF	1416
	D	 0101 00DA 1000 1000	0
	A	 0101 000A 1000 1000	1
00371E	5188	MOVF SYSCHARCOUNT,W,BANKED
	F	 0010 01DA FFFF FFFF	1257
	D	 0010 01DA 1110 1001	1
	A	 0010 011A 1110 1001	0
003720	26E9	ADDWF AFSR0,F,ACCESS
	K	 0000 1110 KKKK KKKK	0
003722	0E00	MOVLW 0
	F	 0010 00DA FFFF FFFF	1258
	D	 0010 00DA 1110 1010	1
	A	 0010 001A 1110 1010	0
003724	22EA	ADDWFC AFSR0_H,F,ACCESS
	K	 0000 1110 KKKK KKKK	48
003726	0E30	MOVLW 48
	F	 0010 01DA FFFF FFFF	1445
	D	 0010 01DA 1010 0101	0
	A	 0010 010A 1010 0101	1
003728	25A5	ADDWF SYSSTRDATA,W,BANKED
	F	 0110 111A FFFF FFFF	1263
	A	 0110 111A 1110 1111	0
00372A	6EEF	MOVWF INDF0,ACCESS
	N	 1101 0NNN NNNN NNNN	12
00372C	D00C	BRA SYSVALTHOUSANDS
		ENDIF36
	S	1111 DDDD DDDD DDDD:1100 SSSS SSSS SSSS	1460
	D	1111 DDDD DDDD DDDD:1100 0101 1011 0100	1285
00372E	C5B4 F505	MOVFF SYSVALTEMP,SYSWORDTEMPA
	S	1111 DDDD DDDD DDDD:1100 SSSS SSSS SSSS	1461
	D	1111 DDDD DDDD DDDD:1100 0101 1011 0101	1286
003732	C5B5 F506	MOVFF SYSVALTEMP_H,SYSWORDTEMPA_H
	K	 0000 1110 KKKK KKKK	232
003736	0EE8	MOVLW 232
	F	 0110 111A FFFF FFFF	1289
	A	 0110 111A 0000 1001	0
003738	6E09	MOVWF SYSWORDTEMPB,ACCESS
	K	 0000 1110 KKKK KKKK	3
00373A	0E03	MOVLW 3
	F	 0110 111A FFFF FFFF	1290
	A	 0110 111A 0000 1010	0
00373C	6E0A	MOVWF SYSWORDTEMPB_H,ACCESS
	N	 1101 1NNN NNNN NNNN	155
00373E	D89B	RCALL SYSCOMPLESSTHAN16
	F	 0001 11DA FFFF FFFF	1280
	D	 0001 11DA 0000 0000	1
	A	 0001 111A 0000 0000	0
003740	1E00	COMF SYSBYTETEMPX,F,ACCESS
	F	 1010 BBBA FFFF FFFF	1280
	B	 1010 BBBA 0000 0000	0
	A	 1010 000A 0000 0000	0
003742	A000	BTFSS SYSBYTETEMPX,0,ACCESS
	N	 1101 0NNN NNNN NNNN	28
003744	D01C	BRA ENDIF37
		SYSVALTHOUSANDS
	S	1111 DDDD DDDD DDDD:1100 SSSS SSSS SSSS	1460
	D	1111 DDDD DDDD DDDD:1100 0101 1011 0100	1285
003746	C5B4 F505	MOVFF SYSVALTEMP,SYSWORDTEMPA
	S	1111 DDDD DDDD DDDD:1100 SSSS SSSS SSSS	1461
	D	1111 DDDD DDDD DDDD:1100 0101 1011 0101	1286
00374A	C5B5 F506	MOVFF SYSVALTEMP_H,SYSWORDTEMPA_H
	K	 0000 1110 KKKK KKKK	232
00374E	0EE8	MOVLW 232
	F	 0110 111A FFFF FFFF	1289
	A	 0110 111A 0000 1001	0
003750	6E09	MOVWF SYSWORDTEMPB,ACCESS
	K	 0000 1110 KKKK KKKK	3
003752	0E03	MOVLW 3
	F	 0110 111A FFFF FFFF	1290
	A	 0110 111A 0000 1010	0
003754	6E0A	MOVWF SYSWORDTEMPB_H,ACCESS
	K	 0000 0001 00KK KKKK	0
000000	0100	BANKSEL 0
	N	 1101 1NNN NNNN NNNN	239
003758	D8EF	RCALL SYSDIVSUB16
	S	1111 DDDD DDDD DDDD:1100 SSSS SSSS SSSS	1285
	D	1111 DDDD DDDD DDDD:1100 0101 0000 0101	1445
00375A	C505 F5A5	MOVFF SYSWORDTEMPA,SYSSTRDATA
	S	1111 DDDD DDDD DDDD:1100 SSSS SSSS SSSS	1280
	D	1111 DDDD DDDD DDDD:1100 0101 0000 0000	1460
00375E	C500 F5B4	MOVFF SYSCALCTEMPX,SYSVALTEMP
	S	1111 DDDD DDDD DDDD:1100 SSSS SSSS SSSS	1281
	D	1111 DDDD DDDD DDDD:1100 0101 0000 0001	1461
003762	C501 F5B5	MOVFF SYSCALCTEMPX_H,SYSVALTEMP_H
	K	 0000 0001 00KK KKKK	5
000000	0105	BANKSEL SYSCHARCOUNT
	F	 0010 10DA FFFF FFFF	1416
	D	 0010 10DA 1000 1000	1
	A	 0010 101A 1000 1000	1
003768	2B88	INCF SYSCHARCOUNT,F,BANKED
	F	1110 1110 00FF KKKK:1111 00KK KKKK KKKK	0
	K	1110 1110 0000 KKKK:1111 00KK KKKK KKKK	5284
00376A	EE05 F0A4	LFSR 0,STR
	F	 0101 00DA FFFF FFFF	1416
	D	 0101 00DA 1000 1000	0
	A	 0101 000A 1000 1000	1
00376E	5188	MOVF SYSCHARCOUNT,W,BANKED
	F	 0010 01DA FFFF FFFF	1257
	D	 0010 01DA 1110 1001	1
	A	 0010 011A 1110 1001	0
003770	26E9	ADDWF AFSR0,F,ACCESS
	K	 0000 1110 KKKK KKKK	0
003772	0E00	MOVLW 0
	F	 0010 00DA FFFF FFFF	1258
	D	 0010 00DA 1110 1010	1
	A	 0010 001A 1110 1010	0
003774	22EA	ADDWFC AFSR0_H,F,ACCESS
	K	 0000 1110 KKKK KKKK	48
003776	0E30	MOVLW 48
	F	 0010 01DA FFFF FFFF	1445
	D	 0010 01DA 1010 0101	0
	A	 0010 010A 1010 0101	1
003778	25A5	ADDWF SYSSTRDATA,W,BANKED
	F	 0110 111A FFFF FFFF	1263
	A	 0110 111A 1110 1111	0
00377A	6EEF	MOVWF INDF0,ACCESS
	N	 1101 0NNN NNNN NNNN	11
00377C	D00B	BRA SYSVALHUNDREDS
		ENDIF37
	S	1111 DDDD DDDD DDDD:1100 SSSS SSSS SSSS	1460
	D	1111 DDDD DDDD DDDD:1100 0101 1011 0100	1285
00377E	C5B4 F505	MOVFF SYSVALTEMP,SYSWORDTEMPA
	S	1111 DDDD DDDD DDDD:1100 SSSS SSSS SSSS	1461
	D	1111 DDDD DDDD DDDD:1100 0101 1011 0101	1286
003782	C5B5 F506	MOVFF SYSVALTEMP_H,SYSWORDTEMPA_H
	K	 0000 1110 KKKK KKKK	100
003786	0E64	MOVLW 100
	F	 0110 111A FFFF FFFF	1289
	A	 0110 111A 0000 1001	0
003788	6E09	MOVWF SYSWORDTEMPB,ACCESS
	F	 0110 101A FFFF FFFF	1290
	A	 0110 101A 0000 1010	0
00378A	6A0A	CLRF SYSWORDTEMPB_H,ACCESS
	N	 1101 1NNN NNNN NNNN	116
00378C	D874	RCALL SYSCOMPLESSTHAN16
	F	 0001 11DA FFFF FFFF	1280
	D	 0001 11DA 0000 0000	1
	A	 0001 111A 0000 0000	0
00378E	1E00	COMF SYSBYTETEMPX,F,ACCESS
	F	 1010 BBBA FFFF FFFF	1280
	B	 1010 BBBA 0000 0000	0
	A	 1010 000A 0000 0000	0
003790	A000	BTFSS SYSBYTETEMPX,0,ACCESS
	N	 1101 0NNN NNNN NNNN	27
003792	D01B	BRA ENDIF38
		SYSVALHUNDREDS
	S	1111 DDDD DDDD DDDD:1100 SSSS SSSS SSSS	1460
	D	1111 DDDD DDDD DDDD:1100 0101 1011 0100	1285
003794	C5B4 F505	MOVFF SYSVALTEMP,SYSWORDTEMPA
	S	1111 DDDD DDDD DDDD:1100 SSSS SSSS SSSS	1461
	D	1111 DDDD DDDD DDDD:1100 0101 1011 0101	1286
003798	C5B5 F506	MOVFF SYSVALTEMP_H,SYSWORDTEMPA_H
	K	 0000 1110 KKKK KKKK	100
00379C	0E64	MOVLW 100
	F	 0110 111A FFFF FFFF	1289
	A	 0110 111A 0000 1001	0
00379E	6E09	MOVWF SYSWORDTEMPB,ACCESS
	F	 0110 101A FFFF FFFF	1290
	A	 0110 101A 0000 1010	0
0037A0	6A0A	CLRF SYSWORDTEMPB_H,ACCESS
	K	 0000 0001 00KK KKKK	0
000000	0100	BANKSEL 0
	N	 1101 1NNN NNNN NNNN	201
0037A4	D8C9	RCALL SYSDIVSUB16
	S	1111 DDDD DDDD DDDD:1100 SSSS SSSS SSSS	1285
	D	1111 DDDD DDDD DDDD:1100 0101 0000 0101	1445
0037A6	C505 F5A5	MOVFF SYSWORDTEMPA,SYSSTRDATA
	S	1111 DDDD DDDD DDDD:1100 SSSS SSSS SSSS	1280
	D	1111 DDDD DDDD DDDD:1100 0101 0000 0000	1460
0037AA	C500 F5B4	MOVFF SYSCALCTEMPX,SYSVALTEMP
	S	1111 DDDD DDDD DDDD:1100 SSSS SSSS SSSS	1281
	D	1111 DDDD DDDD DDDD:1100 0101 0000 0001	1461
0037AE	C501 F5B5	MOVFF SYSCALCTEMPX_H,SYSVALTEMP_H
	K	 0000 0001 00KK KKKK	5
000000	0105	BANKSEL SYSCHARCOUNT
	F	 0010 10DA FFFF FFFF	1416
	D	 0010 10DA 1000 1000	1
	A	 0010 101A 1000 1000	1
0037B4	2B88	INCF SYSCHARCOUNT,F,BANKED
	F	1110 1110 00FF KKKK:1111 00KK KKKK KKKK	0
	K	1110 1110 0000 KKKK:1111 00KK KKKK KKKK	5284
0037B6	EE05 F0A4	LFSR 0,STR
	F	 0101 00DA FFFF FFFF	1416
	D	 0101 00DA 1000 1000	0
	A	 0101 000A 1000 1000	1
0037BA	5188	MOVF SYSCHARCOUNT,W,BANKED
	F	 0010 01DA FFFF FFFF	1257
	D	 0010 01DA 1110 1001	1
	A	 0010 011A 1110 1001	0
0037BC	26E9	ADDWF AFSR0,F,ACCESS
	K	 0000 1110 KKKK KKKK	0
0037BE	0E00	MOVLW 0
	F	 0010 00DA FFFF FFFF	1258
	D	 0010 00DA 1110 1010	1
	A	 0010 001A 1110 1010	0
0037C0	22EA	ADDWFC AFSR0_H,F,ACCESS
	K	 0000 1110 KKKK KKKK	48
0037C2	0E30	MOVLW 48
	F	 0010 01DA FFFF FFFF	1445
	D	 0010 01DA 1010 0101	0
	A	 0010 010A 1010 0101	1
0037C4	25A5	ADDWF SYSSTRDATA,W,BANKED
	F	 0110 111A FFFF FFFF	1263
	A	 0110 111A 1110 1111	0
0037C6	6EEF	MOVWF INDF0,ACCESS
	N	 1101 0NNN NNNN NNNN	11
0037C8	D00B	BRA SYSVALTENS
		ENDIF38
	S	1111 DDDD DDDD DDDD:1100 SSSS SSSS SSSS	1460
	D	1111 DDDD DDDD DDDD:1100 0101 1011 0100	1285
0037CA	C5B4 F505	MOVFF SYSVALTEMP,SYSWORDTEMPA
	S	1111 DDDD DDDD DDDD:1100 SSSS SSSS SSSS	1461
	D	1111 DDDD DDDD DDDD:1100 0101 1011 0101	1286
0037CE	C5B5 F506	MOVFF SYSVALTEMP_H,SYSWORDTEMPA_H
	K	 0000 1110 KKKK KKKK	10
0037D2	0E0A	MOVLW 10
	F	 0110 111A FFFF FFFF	1289
	A	 0110 111A 0000 1001	0
0037D4	6E09	MOVWF SYSWORDTEMPB,ACCESS
	F	 0110 101A FFFF FFFF	1290
	A	 0110 101A 0000 1010	0
0037D6	6A0A	CLRF SYSWORDTEMPB_H,ACCESS
	N	 1101 1NNN NNNN NNNN	78
0037D8	D84E	RCALL SYSCOMPLESSTHAN16
	F	 0001 11DA FFFF FFFF	1280
	D	 0001 11DA 0000 0000	1
	A	 0001 111A 0000 0000	0
0037DA	1E00	COMF SYSBYTETEMPX,F,ACCESS
	F	 1010 BBBA FFFF FFFF	1280
	B	 1010 BBBA 0000 0000	0
	A	 1010 000A 0000 0000	0
0037DC	A000	BTFSS SYSBYTETEMPX,0,ACCESS
	N	 1101 0NNN NNNN NNNN	26
0037DE	D01A	BRA ENDIF39
		SYSVALTENS
	S	1111 DDDD DDDD DDDD:1100 SSSS SSSS SSSS	1460
	D	1111 DDDD DDDD DDDD:1100 0101 1011 0100	1285
0037E0	C5B4 F505	MOVFF SYSVALTEMP,SYSWORDTEMPA
	S	1111 DDDD DDDD DDDD:1100 SSSS SSSS SSSS	1461
	D	1111 DDDD DDDD DDDD:1100 0101 1011 0101	1286
0037E4	C5B5 F506	MOVFF SYSVALTEMP_H,SYSWORDTEMPA_H
	K	 0000 1110 KKKK KKKK	10
0037E8	0E0A	MOVLW 10
	F	 0110 111A FFFF FFFF	1289
	A	 0110 111A 0000 1001	0
0037EA	6E09	MOVWF SYSWORDTEMPB,ACCESS
	F	 0110 101A FFFF FFFF	1290
	A	 0110 101A 0000 1010	0
0037EC	6A0A	CLRF SYSWORDTEMPB_H,ACCESS
	K	 0000 0001 00KK KKKK	0
000000	0100	BANKSEL 0
	N	 1101 1NNN NNNN NNNN	163
0037F0	D8A3	RCALL SYSDIVSUB16
	S	1111 DDDD DDDD DDDD:1100 SSSS SSSS SSSS	1285
	D	1111 DDDD DDDD DDDD:1100 0101 0000 0101	1445
0037F2	C505 F5A5	MOVFF SYSWORDTEMPA,SYSSTRDATA
	S	1111 DDDD DDDD DDDD:1100 SSSS SSSS SSSS	1280
	D	1111 DDDD DDDD DDDD:1100 0101 0000 0000	1460
0037F6	C500 F5B4	MOVFF SYSCALCTEMPX,SYSVALTEMP
	S	1111 DDDD DDDD DDDD:1100 SSSS SSSS SSSS	1281
	D	1111 DDDD DDDD DDDD:1100 0101 0000 0001	1461
0037FA	C501 F5B5	MOVFF SYSCALCTEMPX_H,SYSVALTEMP_H
	K	 0000 0001 00KK KKKK	5
000000	0105	BANKSEL SYSCHARCOUNT
	F	 0010 10DA FFFF FFFF	1416
	D	 0010 10DA 1000 1000	1
	A	 0010 101A 1000 1000	1
003800	2B88	INCF SYSCHARCOUNT,F,BANKED
	F	1110 1110 00FF KKKK:1111 00KK KKKK KKKK	0
	K	1110 1110 0000 KKKK:1111 00KK KKKK KKKK	5284
003802	EE05 F0A4	LFSR 0,STR
	F	 0101 00DA FFFF FFFF	1416
	D	 0101 00DA 1000 1000	0
	A	 0101 000A 1000 1000	1
003806	5188	MOVF SYSCHARCOUNT,W,BANKED
	F	 0010 01DA FFFF FFFF	1257
	D	 0010 01DA 1110 1001	1
	A	 0010 011A 1110 1001	0
003808	26E9	ADDWF AFSR0,F,ACCESS
	K	 0000 1110 KKKK KKKK	0
00380A	0E00	MOVLW 0
	F	 0010 00DA FFFF FFFF	1258
	D	 0010 00DA 1110 1010	1
	A	 0010 001A 1110 1010	0
00380C	22EA	ADDWFC AFSR0_H,F,ACCESS
	K	 0000 1110 KKKK KKKK	48
00380E	0E30	MOVLW 48
	F	 0010 01DA FFFF FFFF	1445
	D	 0010 01DA 1010 0101	0
	A	 0010 010A 1010 0101	1
003810	25A5	ADDWF SYSSTRDATA,W,BANKED
	F	 0110 111A FFFF FFFF	1263
	A	 0110 111A 1110 1111	0
003812	6EEF	MOVWF INDF0,ACCESS
		ENDIF39
	K	 0000 0001 00KK KKKK	5
000000	0105	BANKSEL SYSCHARCOUNT
	F	 0010 10DA FFFF FFFF	1416
	D	 0010 10DA 1000 1000	1
	A	 0010 101A 1000 1000	1
003816	2B88	INCF SYSCHARCOUNT,F,BANKED
	F	1110 1110 00FF KKKK:1111 00KK KKKK KKKK	0
	K	1110 1110 0000 KKKK:1111 00KK KKKK KKKK	5284
003818	EE05 F0A4	LFSR 0,STR
	F	 0101 00DA FFFF FFFF	1416
	D	 0101 00DA 1000 1000	0
	A	 0101 000A 1000 1000	1
00381C	5188	MOVF SYSCHARCOUNT,W,BANKED
	F	 0010 01DA FFFF FFFF	1257
	D	 0010 01DA 1110 1001	1
	A	 0010 011A 1110 1001	0
00381E	26E9	ADDWF AFSR0,F,ACCESS
	K	 0000 1110 KKKK KKKK	0
003820	0E00	MOVLW 0
	F	 0010 00DA FFFF FFFF	1258
	D	 0010 00DA 1110 1010	1
	A	 0010 001A 1110 1010	0
003822	22EA	ADDWFC AFSR0_H,F,ACCESS
	K	 0000 1110 KKKK KKKK	48
003824	0E30	MOVLW 48
	F	 0010 01DA FFFF FFFF	1460
	D	 0010 01DA 1011 0100	0
	A	 0010 010A 1011 0100	1
003826	25B4	ADDWF SYSVALTEMP,W,BANKED
	F	 0110 111A FFFF FFFF	1263
	A	 0110 111A 1110 1111	0
003828	6EEF	MOVWF INDF0,ACCESS
	S	1111 DDDD DDDD DDDD:1100 SSSS SSSS SSSS	1280
	D	1111 DDDD DDDD DDDD:1100 0101 0000 0000	1460
00382A	C500 F5B4	MOVFF SYSCALCTEMPX,SYSVALTEMP
	S	1111 DDDD DDDD DDDD:1100 SSSS SSSS SSSS	1281
	D	1111 DDDD DDDD DDDD:1100 0101 0000 0001	1461
00382E	C501 F5B5	MOVFF SYSCALCTEMPX_H,SYSVALTEMP_H
	S	0000 0000 0110 SSSS:1111 SSSS SSSS SSDD:1111 DDDD DDDD DDDD	1416
	D	0000 0000 0110 0001:1111 0110 0010 00DD:1111 DDDD DDDD DDDD	5284
003832	0061 F621 F4A4	MOVFFL SYSCHARCOUNT,SYSSTR_0
	K	 0000 0001 00KK KKKK	0
000000	0100	BANKSEL 0
	S	 0000 0000 0001 001S	0
00383A	0012	RETURN


		SYSCOMPEQUAL16
	F	 0110 101A FFFF FFFF	1280
	A	 0110 101A 0000 0000	0
00383C	6A00	CLRF SYSBYTETEMPX,ACCESS
	F	 0101 00DA FFFF FFFF	1289
	D	 0101 00DA 0000 1001	0
	A	 0101 000A 0000 1001	0
00383E	5009	MOVF SYSWORDTEMPB, W,ACCESS
	F	 0110 001A FFFF FFFF	1285
	A	 0110 001A 0000 0101	0
003840	6205	CPFSEQ SYSWORDTEMPA,ACCESS
	S	 0000 0000 0001 001S	0
003842	0012	RETURN
	F	 0101 00DA FFFF FFFF	1290
	D	 0101 00DA 0000 1010	0
	A	 0101 000A 0000 1010	0
003844	500A	MOVF SYSWORDTEMPB_H, W,ACCESS
	F	 0110 001A FFFF FFFF	1286
	A	 0110 001A 0000 0110	0
003846	6206	CPFSEQ SYSWORDTEMPA_H,ACCESS
	S	 0000 0000 0001 001S	0
003848	0012	RETURN
	F	 0110 100A FFFF FFFF	1280
	A	 0110 100A 0000 0000	0
00384A	6800	SETF SYSBYTETEMPX,ACCESS
	S	 0000 0000 0001 001S	0
00384C	0012	RETURN


		SYSCOMPEQUAL32
	F	 0110 101A FFFF FFFF	1280
	A	 0110 101A 0000 0000	0
00384E	6A00	CLRF SYSBYTETEMPX,ACCESS
	F	 0101 00DA FFFF FFFF	1289
	D	 0101 00DA 0000 1001	0
	A	 0101 000A 0000 1001	0
003850	5009	MOVF SYSLONGTEMPB, W,ACCESS
	F	 0110 001A FFFF FFFF	1285
	A	 0110 001A 0000 0101	0
003852	6205	CPFSEQ SYSLONGTEMPA,ACCESS
	S	 0000 0000 0001 001S	0
003854	0012	RETURN
	F	 0101 00DA FFFF FFFF	1290
	D	 0101 00DA 0000 1010	0
	A	 0101 000A 0000 1010	0
003856	500A	MOVF SYSLONGTEMPB_H, W,ACCESS
	F	 0110 001A FFFF FFFF	1286
	A	 0110 001A 0000 0110	0
003858	6206	CPFSEQ SYSLONGTEMPA_H,ACCESS
	S	 0000 0000 0001 001S	0
00385A	0012	RETURN
	F	 0101 00DA FFFF FFFF	1291
	D	 0101 00DA 0000 1011	0
	A	 0101 000A 0000 1011	0
00385C	500B	MOVF SYSLONGTEMPB_U, W,ACCESS
	F	 0110 001A FFFF FFFF	1287
	A	 0110 001A 0000 0111	0
00385E	6207	CPFSEQ SYSLONGTEMPA_U,ACCESS
	S	 0000 0000 0001 001S	0
003860	0012	RETURN
	F	 0101 00DA FFFF FFFF	1292
	D	 0101 00DA 0000 1100	0
	A	 0101 000A 0000 1100	0
003862	500C	MOVF SYSLONGTEMPB_E, W,ACCESS
	F	 0110 001A FFFF FFFF	1288
	A	 0110 001A 0000 1000	0
003864	6208	CPFSEQ SYSLONGTEMPA_E,ACCESS
	S	 0000 0000 0001 001S	0
003866	0012	RETURN
	F	 0110 100A FFFF FFFF	1280
	A	 0110 100A 0000 0000	0
003868	6800	SETF SYSBYTETEMPX,ACCESS
	S	 0000 0000 0001 001S	0
00386A	0012	RETURN


		SYSCOMPLESSTHAN
	F	 0110 100A FFFF FFFF	1280
	A	 0110 100A 0000 0000	0
00386C	6800	SETF SYSBYTETEMPX,ACCESS
	F	 0101 00DA FFFF FFFF	1289
	D	 0101 00DA 0000 1001	0
	A	 0101 000A 0000 1001	0
00386E	5009	MOVF SYSBYTETEMPB, W,ACCESS
	F	 0110 000A FFFF FFFF	1285
	A	 0110 000A 0000 0101	0
003870	6005	CPFSLT SYSBYTETEMPA,ACCESS
	F	 0110 101A FFFF FFFF	1280
	A	 0110 101A 0000 0000	0
003872	6A00	CLRF SYSBYTETEMPX,ACCESS
	S	 0000 0000 0001 001S	0
003874	0012	RETURN


		SYSCOMPLESSTHAN16
	F	 0110 101A FFFF FFFF	1280
	A	 0110 101A 0000 0000	0
003876	6A00	CLRF SYSBYTETEMPX,ACCESS
	F	 0101 00DA FFFF FFFF	1286
	D	 0101 00DA 0000 0110	0
	A	 0101 000A 0000 0110	0
003878	5006	MOVF SYSWORDTEMPA_H,W,ACCESS
	F	 0101 11DA FFFF FFFF	1290
	D	 0101 11DA 0000 1010	0
	A	 0101 110A 0000 1010	0
00387A	5C0A	SUBWF SYSWORDTEMPB_H,W,ACCESS
	F	 1010 BBBA FFFF FFFF	1240
	B	 1010 BBBA 1101 1000	0
	A	 1010 000A 1101 1000	0
00387C	A0D8	BTFSS STATUS,C,ACCESS
	S	 0000 0000 0001 001S	0
00387E	0012	RETURN
	F	 0101 00DA FFFF FFFF	1290
	D	 0101 00DA 0000 1010	0
	A	 0101 000A 0000 1010	0
003880	500A	MOVF SYSWORDTEMPB_H,W,ACCESS
	F	 0101 11DA FFFF FFFF	1286
	D	 0101 11DA 0000 0110	0
	A	 0101 110A 0000 0110	0
003882	5C06	SUBWF SYSWORDTEMPA_H,W,ACCESS
	N	 1110 0011 NNNN NNNN	4
003884	E304	BNC SCLT16TRUE
	F	 0101 00DA FFFF FFFF	1289
	D	 0101 00DA 0000 1001	0
	A	 0101 000A 0000 1001	0
003886	5009	MOVF SYSWORDTEMPB,W,ACCESS
	F	 0101 11DA FFFF FFFF	1285
	D	 0101 11DA 0000 0101	0
	A	 0101 110A 0000 0101	0
003888	5C05	SUBWF SYSWORDTEMPA,W,ACCESS
	F	 1011 BBBA FFFF FFFF	1240
	B	 1011 BBBA 1101 1000	0
	A	 1011 000A 1101 1000	0
00388A	B0D8	BTFSC STATUS,C,ACCESS
	S	 0000 0000 0001 001S	0
00388C	0012	RETURN
		SCLT16TRUE
	F	 0001 11DA FFFF FFFF	1280
	D	 0001 11DA 0000 0000	1
	A	 0001 111A 0000 0000	0
00388E	1E00	COMF SYSBYTETEMPX,F,ACCESS
	S	 0000 0000 0001 001S	0
003890	0012	RETURN


		SYSCOMPLESSTHAN32
	F	 0110 101A FFFF FFFF	1280
	A	 0110 101A 0000 0000	0
003892	6A00	CLRF SYSBYTETEMPX,ACCESS
	F	 0101 00DA FFFF FFFF	1288
	D	 0101 00DA 0000 1000	0
	A	 0101 000A 0000 1000	0
003894	5008	MOVF SYSLONGTEMPA_E,W,ACCESS
	F	 0101 11DA FFFF FFFF	1292
	D	 0101 11DA 0000 1100	0
	A	 0101 110A 0000 1100	0
003896	5C0C	SUBWF SYSLONGTEMPB_E,W,ACCESS
	F	 1010 BBBA FFFF FFFF	1240
	B	 1010 BBBA 1101 1000	0
	A	 1010 000A 1101 1000	0
003898	A0D8	BTFSS STATUS,C,ACCESS
	S	 0000 0000 0001 001S	0
00389A	0012	RETURN
	N	 1110 0001 NNNN NNNN	14
00389C	E10E	BNZ SCLT32TRUE
	F	 0101 00DA FFFF FFFF	1287
	D	 0101 00DA 0000 0111	0
	A	 0101 000A 0000 0111	0
00389E	5007	MOVF SYSLONGTEMPA_U,W,ACCESS
	F	 0101 11DA FFFF FFFF	1291
	D	 0101 11DA 0000 1011	0
	A	 0101 110A 0000 1011	0
0038A0	5C0B	SUBWF SYSLONGTEMPB_U,W,ACCESS
	F	 1010 BBBA FFFF FFFF	1240
	B	 1010 BBBA 1101 1000	0
	A	 1010 000A 1101 1000	0
0038A2	A0D8	BTFSS STATUS,C,ACCESS
	S	 0000 0000 0001 001S	0
0038A4	0012	RETURN
	N	 1110 0001 NNNN NNNN	9
0038A6	E109	BNZ SCLT32TRUE
	F	 0101 00DA FFFF FFFF	1286
	D	 0101 00DA 0000 0110	0
	A	 0101 000A 0000 0110	0
0038A8	5006	MOVF SYSLONGTEMPA_H,W,ACCESS
	F	 0101 11DA FFFF FFFF	1290
	D	 0101 11DA 0000 1010	0
	A	 0101 110A 0000 1010	0
0038AA	5C0A	SUBWF SYSLONGTEMPB_H,W,ACCESS
	F	 1010 BBBA FFFF FFFF	1240
	B	 1010 BBBA 1101 1000	0
	A	 1010 000A 1101 1000	0
0038AC	A0D8	BTFSS STATUS,C,ACCESS
	S	 0000 0000 0001 001S	0
0038AE	0012	RETURN
	N	 1110 0001 NNNN NNNN	4
0038B0	E104	BNZ SCLT32TRUE
	F	 0101 00DA FFFF FFFF	1289
	D	 0101 00DA 0000 1001	0
	A	 0101 000A 0000 1001	0
0038B2	5009	MOVF SYSLONGTEMPB,W,ACCESS
	F	 0101 11DA FFFF FFFF	1285
	D	 0101 11DA 0000 0101	0
	A	 0101 110A 0000 0101	0
0038B4	5C05	SUBWF SYSLONGTEMPA,W,ACCESS
	F	 1011 BBBA FFFF FFFF	1240
	B	 1011 BBBA 1101 1000	0
	A	 1011 000A 1101 1000	0
0038B6	B0D8	BTFSC STATUS,C,ACCESS
	S	 0000 0000 0001 001S	0
0038B8	0012	RETURN
		SCLT32TRUE
	F	 0001 11DA FFFF FFFF	1280
	D	 0001 11DA 0000 0000	1
	A	 0001 111A 0000 0000	0
0038BA	1E00	COMF SYSBYTETEMPX,F,ACCESS
	S	 0000 0000 0001 001S	0
0038BC	0012	RETURN


		SYSCOMPLESSTHANINT
	F	 0110 101A FFFF FFFF	1280
	A	 0110 101A 0000 0000	0
0038BE	6A00	CLRF SYSBYTETEMPX,ACCESS
	F	 1010 BBBA FFFF FFFF	1286
	B	 1010 BBBA 0000 0110	7
	A	 1010 111A 0000 0110	0
0038C0	AE06	BTFSS SYSINTEGERTEMPA_H,7,ACCESS
	N	 1101 0NNN NNNN NNNN	23
0038C2	D017	BRA ELSE33_1
	F	 1011 BBBA FFFF FFFF	1290
	B	 1011 BBBA 0000 1010	7
	A	 1011 111A 0000 1010	0
0038C4	BE0A	BTFSC SYSINTEGERTEMPB_H,7,ACCESS
	N	 1101 0NNN NNNN NNNN	2
0038C6	D002	BRA ENDIF34
	F	 0001 11DA FFFF FFFF	1280
	D	 0001 11DA 0000 0000	1
	A	 0001 111A 0000 0000	0
0038C8	1E00	COMF SYSBYTETEMPX,F,ACCESS
	S	 0000 0000 0001 001S	0
0038CA	0012	RETURN
		ENDIF34
	F	 0001 11DA FFFF FFFF	1285
	D	 0001 11DA 0000 0101	0
	A	 0001 110A 0000 0101	0
0038CC	1C05	COMF SYSINTEGERTEMPA,W,ACCESS
	F	 0110 111A FFFF FFFF	1287
	A	 0110 111A 0000 0111	0
0038CE	6E07	MOVWF SYSDIVMULTA,ACCESS
	F	 0001 11DA FFFF FFFF	1286
	D	 0001 11DA 0000 0110	0
	A	 0001 110A 0000 0110	0
0038D0	1C06	COMF SYSINTEGERTEMPA_H,W,ACCESS
	F	 0110 111A FFFF FFFF	1288
	A	 0110 111A 0000 1000	0
0038D2	6E08	MOVWF SYSDIVMULTA_H,ACCESS
	F	 0010 10DA FFFF FFFF	1287
	D	 0010 10DA 0000 0111	1
	A	 0010 101A 0000 0111	0
0038D4	2A07	INCF SYSDIVMULTA,F,ACCESS
	F	 1011 BBBA FFFF FFFF	1240
	B	 1011 BBBA 1101 1000	2
	A	 1011 010A 1101 1000	0
0038D6	B4D8	BTFSC STATUS,Z,ACCESS
	F	 0010 10DA FFFF FFFF	1288
	D	 0010 10DA 0000 1000	1
	A	 0010 101A 0000 1000	0
0038D8	2A08	INCF SYSDIVMULTA_H,F,ACCESS
	F	 0001 11DA FFFF FFFF	1289
	D	 0001 11DA 0000 1001	0
	A	 0001 110A 0000 1001	0
0038DA	1C09	COMF SYSINTEGERTEMPB,W,ACCESS
	F	 0110 111A FFFF FFFF	1285
	A	 0110 111A 0000 0101	0
0038DC	6E05	MOVWF SYSINTEGERTEMPA,ACCESS
	F	 0001 11DA FFFF FFFF	1290
	D	 0001 11DA 0000 1010	0
	A	 0001 110A 0000 1010	0
0038DE	1C0A	COMF SYSINTEGERTEMPB_H,W,ACCESS
	F	 0110 111A FFFF FFFF	1286
	A	 0110 111A 0000 0110	0
0038E0	6E06	MOVWF SYSINTEGERTEMPA_H,ACCESS
	F	 0010 10DA FFFF FFFF	1285
	D	 0010 10DA 0000 0101	1
	A	 0010 101A 0000 0101	0
0038E2	2A05	INCF SYSINTEGERTEMPA,F,ACCESS
	F	 1011 BBBA FFFF FFFF	1240
	B	 1011 BBBA 1101 1000	2
	A	 1011 010A 1101 1000	0
0038E4	B4D8	BTFSC STATUS,Z,ACCESS
	F	 0010 10DA FFFF FFFF	1286
	D	 0010 10DA 0000 0110	1
	A	 0010 101A 0000 0110	0
0038E6	2A06	INCF SYSINTEGERTEMPA_H,F,ACCESS
	S	1111 DDDD DDDD DDDD:1100 SSSS SSSS SSSS	1287
	D	1111 DDDD DDDD DDDD:1100 0101 0000 0111	1289
0038E8	C507 F509	MOVFF SYSDIVMULTA,SYSINTEGERTEMPB
	S	1111 DDDD DDDD DDDD:1100 SSSS SSSS SSSS	1288
	D	1111 DDDD DDDD DDDD:1100 0101 0000 1000	1290
0038EC	C508 F50A	MOVFF SYSDIVMULTA_H,SYSINTEGERTEMPB_H
	N	 1101 0NNN NNNN NNNN	2
0038F0	D002	BRA ENDIF33
		ELSE33_1
	F	 1011 BBBA FFFF FFFF	1290
	B	 1011 BBBA 0000 1010	7
	A	 1011 111A 0000 1010	0
0038F2	BE0A	BTFSC SYSINTEGERTEMPB_H,7,ACCESS
	S	 0000 0000 0001 001S	0
0038F4	0012	RETURN
		ENDIF33
	F	 0101 00DA FFFF FFFF	1286
	D	 0101 00DA 0000 0110	0
	A	 0101 000A 0000 0110	0
0038F6	5006	MOVF SYSINTEGERTEMPA_H,W,ACCESS
	F	 0101 11DA FFFF FFFF	1290
	D	 0101 11DA 0000 1010	0
	A	 0101 110A 0000 1010	0
0038F8	5C0A	SUBWF SYSINTEGERTEMPB_H,W,ACCESS
	F	 1010 BBBA FFFF FFFF	1240
	B	 1010 BBBA 1101 1000	0
	A	 1010 000A 1101 1000	0
0038FA	A0D8	BTFSS STATUS,C,ACCESS
	S	 0000 0000 0001 001S	0
0038FC	0012	RETURN
	F	 0101 00DA FFFF FFFF	1290
	D	 0101 00DA 0000 1010	0
	A	 0101 000A 0000 1010	0
0038FE	500A	MOVF SYSINTEGERTEMPB_H,W,ACCESS
	F	 0101 11DA FFFF FFFF	1286
	D	 0101 11DA 0000 0110	0
	A	 0101 110A 0000 0110	0
003900	5C06	SUBWF SYSINTEGERTEMPA_H,W,ACCESS
	N	 1110 0011 NNNN NNNN	4
003902	E304	BNC SCLTINTTRUE
	F	 0101 00DA FFFF FFFF	1289
	D	 0101 00DA 0000 1001	0
	A	 0101 000A 0000 1001	0
003904	5009	MOVF SYSINTEGERTEMPB,W,ACCESS
	F	 0101 11DA FFFF FFFF	1285
	D	 0101 11DA 0000 0101	0
	A	 0101 110A 0000 0101	0
003906	5C05	SUBWF SYSINTEGERTEMPA,W,ACCESS
	F	 1011 BBBA FFFF FFFF	1240
	B	 1011 BBBA 1101 1000	0
	A	 1011 000A 1101 1000	0
003908	B0D8	BTFSC STATUS,C,ACCESS
	S	 0000 0000 0001 001S	0
00390A	0012	RETURN
		SCLTINTTRUE
	F	 0001 11DA FFFF FFFF	1280
	D	 0001 11DA 0000 0000	1
	A	 0001 111A 0000 0000	0
00390C	1E00	COMF SYSBYTETEMPX,F,ACCESS
	S	 0000 0000 0001 001S	0
00390E	0012	RETURN


		SYSDIVSUB
	F	 0101 00DA FFFF FFFF	1289
	D	 0101 00DA 0000 1001	1
	A	 0101 001A 0000 1001	0
003910	5209	MOVF SYSBYTETEMPB, F,ACCESS
	F	 1011 BBBA FFFF FFFF	1240
	B	 1011 BBBA 1101 1000	2
	A	 1011 010A 1101 1000	0
003912	B4D8	BTFSC STATUS, Z,ACCESS
	S	 0000 0000 0001 001S	0
003914	0012	RETURN
	F	 0110 101A FFFF FFFF	1280
	A	 0110 101A 0000 0000	0
003916	6A00	CLRF SYSBYTETEMPX,ACCESS
	K	 0000 1110 KKKK KKKK	8
003918	0E08	MOVLW 8
	F	 0110 111A FFFF FFFF	1284
	A	 0110 111A 0000 0100	0
00391A	6E04	MOVWF SYSDIVLOOP,ACCESS
		SYSDIV8START
	F	 1001 BBBA FFFF FFFF	1240
	B	 1001 BBBA 1101 1000	0
	A	 1001 000A 1101 1000	0
00391C	90D8	BCF STATUS, C,ACCESS
	F	 0011 01DA FFFF FFFF	1285
	D	 0011 01DA 0000 0101	1
	A	 0011 011A 0000 0101	0
00391E	3605	RLCF SYSBYTETEMPA, F,ACCESS
	F	 0011 01DA FFFF FFFF	1280
	D	 0011 01DA 0000 0000	1
	A	 0011 011A 0000 0000	0
003920	3600	RLCF SYSBYTETEMPX, F,ACCESS
	F	 0101 00DA FFFF FFFF	1289
	D	 0101 00DA 0000 1001	0
	A	 0101 000A 0000 1001	0
003922	5009	MOVF SYSBYTETEMPB, W,ACCESS
	F	 0101 11DA FFFF FFFF	1280
	D	 0101 11DA 0000 0000	1
	A	 0101 111A 0000 0000	0
003924	5E00	SUBWF SYSBYTETEMPX, F,ACCESS
	F	 1000 BBBA FFFF FFFF	1285
	B	 1000 BBBA 0000 0101	0
	A	 1000 000A 0000 0101	0
003926	8005	BSF SYSBYTETEMPA, 0,ACCESS
	F	 1011 BBBA FFFF FFFF	1240
	B	 1011 BBBA 1101 1000	0
	A	 1011 000A 1101 1000	0
003928	B0D8	BTFSC STATUS, C,ACCESS
	N	 1101 0NNN NNNN NNNN	3
00392A	D003	BRA DIV8NOTNEG
	F	 1001 BBBA FFFF FFFF	1285
	B	 1001 BBBA 0000 0101	0
	A	 1001 000A 0000 0101	0
00392C	9005	BCF SYSBYTETEMPA, 0,ACCESS
	F	 0101 00DA FFFF FFFF	1289
	D	 0101 00DA 0000 1001	0
	A	 0101 000A 0000 1001	0
00392E	5009	MOVF SYSBYTETEMPB, W,ACCESS
	F	 0010 01DA FFFF FFFF	1280
	D	 0010 01DA 0000 0000	1
	A	 0010 011A 0000 0000	0
003930	2600	ADDWF SYSBYTETEMPX, F,ACCESS
		DIV8NOTNEG
	F	 0010 11DA FFFF FFFF	1284
	D	 0010 11DA 0000 0100	1
	A	 0010 111A 0000 0100	0
003932	2E04	DECFSZ SYSDIVLOOP, F,ACCESS
	N	 1101 0NNN NNNN NNNN	2035
003934	D7F3	BRA SYSDIV8START
	S	 0000 0000 0001 001S	0
003936	0012	RETURN


		SYSDIVSUB16
	S	1111 DDDD DDDD DDDD:1100 SSSS SSSS SSSS	1285
	D	1111 DDDD DDDD DDDD:1100 0101 0000 0101	1287
003938	C505 F507	MOVFF SYSWORDTEMPA,SYSDIVMULTA
	S	1111 DDDD DDDD DDDD:1100 SSSS SSSS SSSS	1286
	D	1111 DDDD DDDD DDDD:1100 0101 0000 0110	1288
00393C	C506 F508	MOVFF SYSWORDTEMPA_H,SYSDIVMULTA_H
	S	1111 DDDD DDDD DDDD:1100 SSSS SSSS SSSS	1289
	D	1111 DDDD DDDD DDDD:1100 0101 0000 1001	1291
003940	C509 F50B	MOVFF SYSWORDTEMPB,SYSDIVMULTB
	S	1111 DDDD DDDD DDDD:1100 SSSS SSSS SSSS	1290
	D	1111 DDDD DDDD DDDD:1100 0101 0000 1010	1292
003944	C50A F50C	MOVFF SYSWORDTEMPB_H,SYSDIVMULTB_H
	F	 0110 101A FFFF FFFF	1282
	A	 0110 101A 0000 0010	0
003948	6A02	CLRF SYSDIVMULTX,ACCESS
	F	 0110 101A FFFF FFFF	1283
	A	 0110 101A 0000 0011	0
00394A	6A03	CLRF SYSDIVMULTX_H,ACCESS
	S	1111 DDDD DDDD DDDD:1100 SSSS SSSS SSSS	1291
	D	1111 DDDD DDDD DDDD:1100 0101 0000 1011	1285
00394C	C50B F505	MOVFF SYSDIVMULTB,SYSWORDTEMPA
	S	1111 DDDD DDDD DDDD:1100 SSSS SSSS SSSS	1292
	D	1111 DDDD DDDD DDDD:1100 0101 0000 1100	1286
003950	C50C F506	MOVFF SYSDIVMULTB_H,SYSWORDTEMPA_H
	F	 0110 101A FFFF FFFF	1289
	A	 0110 101A 0000 1001	0
003954	6A09	CLRF SYSWORDTEMPB,ACCESS
	F	 0110 101A FFFF FFFF	1290
	A	 0110 101A 0000 1010	0
003956	6A0A	CLRF SYSWORDTEMPB_H,ACCESS
	N	 1101 1NNN NNNN NNNN	1905
003958	DF71	RCALL SYSCOMPEQUAL16
	F	 1010 BBBA FFFF FFFF	1280
	B	 1010 BBBA 0000 0000	0
	A	 1010 000A 0000 0000	0
00395A	A000	BTFSS SYSBYTETEMPX,0,ACCESS
	N	 1101 0NNN NNNN NNNN	3
00395C	D003	BRA ENDIF26
	F	 0110 101A FFFF FFFF	1285
	A	 0110 101A 0000 0101	0
00395E	6A05	CLRF SYSWORDTEMPA,ACCESS
	F	 0110 101A FFFF FFFF	1286
	A	 0110 101A 0000 0110	0
003960	6A06	CLRF SYSWORDTEMPA_H,ACCESS
	S	 0000 0000 0001 001S	0
003962	0012	RETURN
		ENDIF26
	K	 0000 1110 KKKK KKKK	16
003964	0E10	MOVLW 16
	F	 0110 111A FFFF FFFF	1284
	A	 0110 111A 0000 0100	0
003966	6E04	MOVWF SYSDIVLOOP,ACCESS
		SYSDIV16START
	F	 1001 BBBA FFFF FFFF	1240
	B	 1001 BBBA 1101 1000	0
	A	 1001 000A 1101 1000	0
003968	90D8	BCF STATUS,C,ACCESS
	F	 0011 01DA FFFF FFFF	1287
	D	 0011 01DA 0000 0111	1
	A	 0011 011A 0000 0111	0
00396A	3607	RLCF SYSDIVMULTA,F,ACCESS
	F	 0011 01DA FFFF FFFF	1288
	D	 0011 01DA 0000 1000	1
	A	 0011 011A 0000 1000	0
00396C	3608	RLCF SYSDIVMULTA_H,F,ACCESS
	F	 0011 01DA FFFF FFFF	1282
	D	 0011 01DA 0000 0010	1
	A	 0011 011A 0000 0010	0
00396E	3602	RLCF SYSDIVMULTX,F,ACCESS
	F	 0011 01DA FFFF FFFF	1283
	D	 0011 01DA 0000 0011	1
	A	 0011 011A 0000 0011	0
003970	3603	RLCF SYSDIVMULTX_H,F,ACCESS
	F	 0101 00DA FFFF FFFF	1291
	D	 0101 00DA 0000 1011	0
	A	 0101 000A 0000 1011	0
003972	500B	MOVF SYSDIVMULTB,W,ACCESS
	F	 0101 11DA FFFF FFFF	1282
	D	 0101 11DA 0000 0010	1
	A	 0101 111A 0000 0010	0
003974	5E02	SUBWF SYSDIVMULTX,F,ACCESS
	F	 0101 00DA FFFF FFFF	1292
	D	 0101 00DA 0000 1100	0
	A	 0101 000A 0000 1100	0
003976	500C	MOVF SYSDIVMULTB_H,W,ACCESS
	F	 0101 10DA FFFF FFFF	1283
	D	 0101 10DA 0000 0011	1
	A	 0101 101A 0000 0011	0
003978	5A03	SUBWFB SYSDIVMULTX_H,F,ACCESS
	F	 1000 BBBA FFFF FFFF	1287
	B	 1000 BBBA 0000 0111	0
	A	 1000 000A 0000 0111	0
00397A	8007	BSF SYSDIVMULTA,0,ACCESS
	F	 1011 BBBA FFFF FFFF	1240
	B	 1011 BBBA 1101 1000	0
	A	 1011 000A 1101 1000	0
00397C	B0D8	BTFSC STATUS,C,ACCESS
	N	 1101 0NNN NNNN NNNN	5
00397E	D005	BRA ENDIF27
	F	 1001 BBBA FFFF FFFF	1287
	B	 1001 BBBA 0000 0111	0
	A	 1001 000A 0000 0111	0
003980	9007	BCF SYSDIVMULTA,0,ACCESS
	F	 0101 00DA FFFF FFFF	1291
	D	 0101 00DA 0000 1011	0
	A	 0101 000A 0000 1011	0
003982	500B	MOVF SYSDIVMULTB,W,ACCESS
	F	 0010 01DA FFFF FFFF	1282
	D	 0010 01DA 0000 0010	1
	A	 0010 011A 0000 0010	0
003984	2602	ADDWF SYSDIVMULTX,F,ACCESS
	F	 0101 00DA FFFF FFFF	1292
	D	 0101 00DA 0000 1100	0
	A	 0101 000A 0000 1100	0
003986	500C	MOVF SYSDIVMULTB_H,W,ACCESS
	F	 0010 00DA FFFF FFFF	1283
	D	 0010 00DA 0000 0011	1
	A	 0010 001A 0000 0011	0
003988	2203	ADDWFC SYSDIVMULTX_H,F,ACCESS
		ENDIF27
	F	 0010 11DA FFFF FFFF	1284
	D	 0010 11DA 0000 0100	1
	A	 0010 111A 0000 0100	0
00398A	2E04	DECFSZ SYSDIVLOOP, F,ACCESS
	N	 1101 0NNN NNNN NNNN	2029
00398C	D7ED	BRA SYSDIV16START
	S	1111 DDDD DDDD DDDD:1100 SSSS SSSS SSSS	1287
	D	1111 DDDD DDDD DDDD:1100 0101 0000 0111	1285
00398E	C507 F505	MOVFF SYSDIVMULTA,SYSWORDTEMPA
	S	1111 DDDD DDDD DDDD:1100 SSSS SSSS SSSS	1288
	D	1111 DDDD DDDD DDDD:1100 0101 0000 1000	1286
003992	C508 F506	MOVFF SYSDIVMULTA_H,SYSWORDTEMPA_H
	S	1111 DDDD DDDD DDDD:1100 SSSS SSSS SSSS	1282
	D	1111 DDDD DDDD DDDD:1100 0101 0000 0010	1280
003996	C502 F500	MOVFF SYSDIVMULTX,SYSWORDTEMPX
	S	1111 DDDD DDDD DDDD:1100 SSSS SSSS SSSS	1283
	D	1111 DDDD DDDD DDDD:1100 0101 0000 0011	1281
00399A	C503 F501	MOVFF SYSDIVMULTX_H,SYSWORDTEMPX_H
	S	 0000 0000 0001 001S	0
00399E	0012	RETURN


		SYSDIVSUB32
	S	1111 DDDD DDDD DDDD:1100 SSSS SSSS SSSS	1285
	D	1111 DDDD DDDD DDDD:1100 0101 0000 0101	1421
0039A0	C505 F58D	MOVFF SYSLONGTEMPA,SYSLONGDIVMULTA
	S	1111 DDDD DDDD DDDD:1100 SSSS SSSS SSSS	1286
	D	1111 DDDD DDDD DDDD:1100 0101 0000 0110	1422
0039A4	C506 F58E	MOVFF SYSLONGTEMPA_H,SYSLONGDIVMULTA_H
	S	1111 DDDD DDDD DDDD:1100 SSSS SSSS SSSS	1287
	D	1111 DDDD DDDD DDDD:1100 0101 0000 0111	1423
0039A8	C507 F58F	MOVFF SYSLONGTEMPA_U,SYSLONGDIVMULTA_U
	S	1111 DDDD DDDD DDDD:1100 SSSS SSSS SSSS	1288
	D	1111 DDDD DDDD DDDD:1100 0101 0000 1000	1424
0039AC	C508 F590	MOVFF SYSLONGTEMPA_E,SYSLONGDIVMULTA_E
	S	1111 DDDD DDDD DDDD:1100 SSSS SSSS SSSS	1289
	D	1111 DDDD DDDD DDDD:1100 0101 0000 1001	1425
0039B0	C509 F591	MOVFF SYSLONGTEMPB,SYSLONGDIVMULTB
	S	1111 DDDD DDDD DDDD:1100 SSSS SSSS SSSS	1290
	D	1111 DDDD DDDD DDDD:1100 0101 0000 1010	1426
0039B4	C50A F592	MOVFF SYSLONGTEMPB_H,SYSLONGDIVMULTB_H
	S	1111 DDDD DDDD DDDD:1100 SSSS SSSS SSSS	1291
	D	1111 DDDD DDDD DDDD:1100 0101 0000 1011	1427
0039B8	C50B F593	MOVFF SYSLONGTEMPB_U,SYSLONGDIVMULTB_U
	S	1111 DDDD DDDD DDDD:1100 SSSS SSSS SSSS	1292
	D	1111 DDDD DDDD DDDD:1100 0101 0000 1100	1428
0039BC	C50C F594	MOVFF SYSLONGTEMPB_E,SYSLONGDIVMULTB_E
	K	 0000 0001 00KK KKKK	5
000000	0105	BANKSEL SYSLONGDIVMULTX
	F	 0110 101A FFFF FFFF	1429
	A	 0110 101A 1001 0101	1
0039C2	6B95	CLRF SYSLONGDIVMULTX,BANKED
	F	 0110 101A FFFF FFFF	1430
	A	 0110 101A 1001 0110	1
0039C4	6B96	CLRF SYSLONGDIVMULTX_H,BANKED
	F	 0110 101A FFFF FFFF	1431
	A	 0110 101A 1001 0111	1
0039C6	6B97	CLRF SYSLONGDIVMULTX_U,BANKED
	F	 0110 101A FFFF FFFF	1432
	A	 0110 101A 1001 1000	1
0039C8	6B98	CLRF SYSLONGDIVMULTX_E,BANKED
	S	1111 DDDD DDDD DDDD:1100 SSSS SSSS SSSS	1425
	D	1111 DDDD DDDD DDDD:1100 0101 1001 0001	1285
0039CA	C591 F505	MOVFF SYSLONGDIVMULTB,SYSLONGTEMPA
	S	1111 DDDD DDDD DDDD:1100 SSSS SSSS SSSS	1426
	D	1111 DDDD DDDD DDDD:1100 0101 1001 0010	1286
0039CE	C592 F506	MOVFF SYSLONGDIVMULTB_H,SYSLONGTEMPA_H
	S	1111 DDDD DDDD DDDD:1100 SSSS SSSS SSSS	1427
	D	1111 DDDD DDDD DDDD:1100 0101 1001 0011	1287
0039D2	C593 F507	MOVFF SYSLONGDIVMULTB_U,SYSLONGTEMPA_U
	S	1111 DDDD DDDD DDDD:1100 SSSS SSSS SSSS	1428
	D	1111 DDDD DDDD DDDD:1100 0101 1001 0100	1288
0039D6	C594 F508	MOVFF SYSLONGDIVMULTB_E,SYSLONGTEMPA_E
	F	 0110 101A FFFF FFFF	1289
	A	 0110 101A 0000 1001	0
0039DA	6A09	CLRF SYSLONGTEMPB,ACCESS
	F	 0110 101A FFFF FFFF	1290
	A	 0110 101A 0000 1010	0
0039DC	6A0A	CLRF SYSLONGTEMPB_H,ACCESS
	F	 0110 101A FFFF FFFF	1291
	A	 0110 101A 0000 1011	0
0039DE	6A0B	CLRF SYSLONGTEMPB_U,ACCESS
	F	 0110 101A FFFF FFFF	1292
	A	 0110 101A 0000 1100	0
0039E0	6A0C	CLRF SYSLONGTEMPB_E,ACCESS
	K	 0000 0001 00KK KKKK	0
000000	0100	BANKSEL 0
	N	 1101 1NNN NNNN NNNN	1844
0039E4	DF34	RCALL SYSCOMPEQUAL32
	F	 1010 BBBA FFFF FFFF	1280
	B	 1010 BBBA 0000 0000	0
	A	 1010 000A 0000 0000	0
0039E6	A000	BTFSS SYSBYTETEMPX,0,ACCESS
	N	 1101 0NNN NNNN NNNN	5
0039E8	D005	BRA ENDIF31
	F	 0110 101A FFFF FFFF	1285
	A	 0110 101A 0000 0101	0
0039EA	6A05	CLRF SYSLONGTEMPA,ACCESS
	F	 0110 101A FFFF FFFF	1286
	A	 0110 101A 0000 0110	0
0039EC	6A06	CLRF SYSLONGTEMPA_H,ACCESS
	F	 0110 101A FFFF FFFF	1287
	A	 0110 101A 0000 0111	0
0039EE	6A07	CLRF SYSLONGTEMPA_U,ACCESS
	F	 0110 101A FFFF FFFF	1288
	A	 0110 101A 0000 1000	0
0039F0	6A08	CLRF SYSLONGTEMPA_E,ACCESS
	S	 0000 0000 0001 001S	0
0039F2	0012	RETURN
		ENDIF31
	K	 0000 1110 KKKK KKKK	32
0039F4	0E20	MOVLW 32
	F	 0110 111A FFFF FFFF	1284
	A	 0110 111A 0000 0100	0
0039F6	6E04	MOVWF SYSDIVLOOP,ACCESS
		SYSDIV32START
	F	 1001 BBBA FFFF FFFF	1240
	B	 1001 BBBA 1101 1000	0
	A	 1001 000A 1101 1000	0
0039F8	90D8	BCF STATUS,C,ACCESS
	K	 0000 0001 00KK KKKK	5
000000	0105	BANKSEL SYSLONGDIVMULTA
	F	 0011 01DA FFFF FFFF	1421
	D	 0011 01DA 1000 1101	1
	A	 0011 011A 1000 1101	1
0039FC	378D	RLCF SYSLONGDIVMULTA,F,BANKED
	F	 0011 01DA FFFF FFFF	1422
	D	 0011 01DA 1000 1110	1
	A	 0011 011A 1000 1110	1
0039FE	378E	RLCF SYSLONGDIVMULTA_H,F,BANKED
	F	 0011 01DA FFFF FFFF	1423
	D	 0011 01DA 1000 1111	1
	A	 0011 011A 1000 1111	1
003A00	378F	RLCF SYSLONGDIVMULTA_U,F,BANKED
	F	 0011 01DA FFFF FFFF	1424
	D	 0011 01DA 1001 0000	1
	A	 0011 011A 1001 0000	1
003A02	3790	RLCF SYSLONGDIVMULTA_E,F,BANKED
	F	 0011 01DA FFFF FFFF	1429
	D	 0011 01DA 1001 0101	1
	A	 0011 011A 1001 0101	1
003A04	3795	RLCF SYSLONGDIVMULTX,F,BANKED
	F	 0011 01DA FFFF FFFF	1430
	D	 0011 01DA 1001 0110	1
	A	 0011 011A 1001 0110	1
003A06	3796	RLCF SYSLONGDIVMULTX_H,F,BANKED
	F	 0011 01DA FFFF FFFF	1431
	D	 0011 01DA 1001 0111	1
	A	 0011 011A 1001 0111	1
003A08	3797	RLCF SYSLONGDIVMULTX_U,F,BANKED
	F	 0011 01DA FFFF FFFF	1432
	D	 0011 01DA 1001 1000	1
	A	 0011 011A 1001 1000	1
003A0A	3798	RLCF SYSLONGDIVMULTX_E,F,BANKED
	F	 0101 00DA FFFF FFFF	1425
	D	 0101 00DA 1001 0001	0
	A	 0101 000A 1001 0001	1
003A0C	5191	MOVF SYSLONGDIVMULTB,W,BANKED
	F	 0101 11DA FFFF FFFF	1429
	D	 0101 11DA 1001 0101	1
	A	 0101 111A 1001 0101	1
003A0E	5F95	SUBWF SYSLONGDIVMULTX,F,BANKED
	F	 0101 00DA FFFF FFFF	1426
	D	 0101 00DA 1001 0010	0
	A	 0101 000A 1001 0010	1
003A10	5192	MOVF SYSLONGDIVMULTB_H,W,BANKED
	F	 0101 10DA FFFF FFFF	1430
	D	 0101 10DA 1001 0110	1
	A	 0101 101A 1001 0110	1
003A12	5B96	SUBWFB SYSLONGDIVMULTX_H,F,BANKED
	F	 0101 00DA FFFF FFFF	1427
	D	 0101 00DA 1001 0011	0
	A	 0101 000A 1001 0011	1
003A14	5193	MOVF SYSLONGDIVMULTB_U,W,BANKED
	F	 0101 10DA FFFF FFFF	1431
	D	 0101 10DA 1001 0111	1
	A	 0101 101A 1001 0111	1
003A16	5B97	SUBWFB SYSLONGDIVMULTX_U,F,BANKED
	F	 0101 00DA FFFF FFFF	1428
	D	 0101 00DA 1001 0100	0
	A	 0101 000A 1001 0100	1
003A18	5194	MOVF SYSLONGDIVMULTB_E,W,BANKED
	F	 0101 10DA FFFF FFFF	1432
	D	 0101 10DA 1001 1000	1
	A	 0101 101A 1001 1000	1
003A1A	5B98	SUBWFB SYSLONGDIVMULTX_E,F,BANKED
	F	 1000 BBBA FFFF FFFF	1421
	B	 1000 BBBA 1000 1101	0
	A	 1000 000A 1000 1101	1
003A1C	818D	BSF SYSLONGDIVMULTA,0,BANKED
	F	 1011 BBBA FFFF FFFF	1240
	B	 1011 BBBA 1101 1000	0
	A	 1011 000A 1101 1000	0
003A1E	B0D8	BTFSC STATUS,C,ACCESS
	N	 1101 0NNN NNNN NNNN	9
003A20	D009	BRA ENDIF32
	F	 1001 BBBA FFFF FFFF	1421
	B	 1001 BBBA 1000 1101	0
	A	 1001 000A 1000 1101	1
003A22	918D	BCF SYSLONGDIVMULTA,0,BANKED
	F	 0101 00DA FFFF FFFF	1425
	D	 0101 00DA 1001 0001	0
	A	 0101 000A 1001 0001	1
003A24	5191	MOVF SYSLONGDIVMULTB,W,BANKED
	F	 0010 01DA FFFF FFFF	1429
	D	 0010 01DA 1001 0101	1
	A	 0010 011A 1001 0101	1
003A26	2795	ADDWF SYSLONGDIVMULTX,F,BANKED
	F	 0101 00DA FFFF FFFF	1426
	D	 0101 00DA 1001 0010	0
	A	 0101 000A 1001 0010	1
003A28	5192	MOVF SYSLONGDIVMULTB_H,W,BANKED
	F	 0010 00DA FFFF FFFF	1430
	D	 0010 00DA 1001 0110	1
	A	 0010 001A 1001 0110	1
003A2A	2396	ADDWFC SYSLONGDIVMULTX_H,F,BANKED
	F	 0101 00DA FFFF FFFF	1427
	D	 0101 00DA 1001 0011	0
	A	 0101 000A 1001 0011	1
003A2C	5193	MOVF SYSLONGDIVMULTB_U,W,BANKED
	F	 0010 00DA FFFF FFFF	1431
	D	 0010 00DA 1001 0111	1
	A	 0010 001A 1001 0111	1
003A2E	2397	ADDWFC SYSLONGDIVMULTX_U,F,BANKED
	F	 0101 00DA FFFF FFFF	1428
	D	 0101 00DA 1001 0100	0
	A	 0101 000A 1001 0100	1
003A30	5194	MOVF SYSLONGDIVMULTB_E,W,BANKED
	F	 0010 00DA FFFF FFFF	1432
	D	 0010 00DA 1001 1000	1
	A	 0010 001A 1001 1000	1
003A32	2398	ADDWFC SYSLONGDIVMULTX_E,F,BANKED
		ENDIF32
	F	 0010 11DA FFFF FFFF	1284
	D	 0010 11DA 0000 0100	1
	A	 0010 111A 0000 0100	0
003A34	2E04	DECFSZ SYSDIVLOOP, F,ACCESS
	N	 1101 0NNN NNNN NNNN	2016
003A36	D7E0	BRA SYSDIV32START
	S	1111 DDDD DDDD DDDD:1100 SSSS SSSS SSSS	1421
	D	1111 DDDD DDDD DDDD:1100 0101 1000 1101	1285
003A38	C58D F505	MOVFF SYSLONGDIVMULTA,SYSLONGTEMPA
	S	1111 DDDD DDDD DDDD:1100 SSSS SSSS SSSS	1422
	D	1111 DDDD DDDD DDDD:1100 0101 1000 1110	1286
003A3C	C58E F506	MOVFF SYSLONGDIVMULTA_H,SYSLONGTEMPA_H
	S	1111 DDDD DDDD DDDD:1100 SSSS SSSS SSSS	1423
	D	1111 DDDD DDDD DDDD:1100 0101 1000 1111	1287
003A40	C58F F507	MOVFF SYSLONGDIVMULTA_U,SYSLONGTEMPA_U
	S	1111 DDDD DDDD DDDD:1100 SSSS SSSS SSSS	1424
	D	1111 DDDD DDDD DDDD:1100 0101 1001 0000	1288
003A44	C590 F508	MOVFF SYSLONGDIVMULTA_E,SYSLONGTEMPA_E
	S	1111 DDDD DDDD DDDD:1100 SSSS SSSS SSSS	1429
	D	1111 DDDD DDDD DDDD:1100 0101 1001 0101	1280
003A48	C595 F500	MOVFF SYSLONGDIVMULTX,SYSLONGTEMPX
	S	1111 DDDD DDDD DDDD:1100 SSSS SSSS SSSS	1430
	D	1111 DDDD DDDD DDDD:1100 0101 1001 0110	1281
003A4C	C596 F501	MOVFF SYSLONGDIVMULTX_H,SYSLONGTEMPX_H
	S	1111 DDDD DDDD DDDD:1100 SSSS SSSS SSSS	1431
	D	1111 DDDD DDDD DDDD:1100 0101 1001 0111	1282
003A50	C597 F502	MOVFF SYSLONGDIVMULTX_U,SYSLONGTEMPX_U
	S	1111 DDDD DDDD DDDD:1100 SSSS SSSS SSSS	1432
	D	1111 DDDD DDDD DDDD:1100 0101 1001 1000	1283
003A54	C598 F503	MOVFF SYSLONGDIVMULTX_E,SYSLONGTEMPX_E
	K	 0000 0001 00KK KKKK	0
000000	0100	BANKSEL 0
	S	 0000 0000 0001 001S	0
003A5A	0012	RETURN


		SYSDIVSUBINT
	F	 0101 00DA FFFF FFFF	1286
	D	 0101 00DA 0000 0110	0
	A	 0101 000A 0000 0110	0
003A5C	5006	MOVF SYSINTEGERTEMPA_H,W,ACCESS
	F	 0001 10DA FFFF FFFF	1290
	D	 0001 10DA 0000 1010	0
	A	 0001 100A 0000 1010	0
003A5E	180A	XORWF SYSINTEGERTEMPB_H,W,ACCESS
	F	 0110 111A FFFF FFFF	1293
	A	 0110 111A 0000 1101	0
003A60	6E0D	MOVWF SYSSIGNBYTE,ACCESS
	F	 1010 BBBA FFFF FFFF	1286
	B	 1010 BBBA 0000 0110	7
	A	 1010 111A 0000 0110	0
003A62	AE06	BTFSS SYSINTEGERTEMPA_H,7,ACCESS
	N	 1101 0NNN NNNN NNNN	5
003A64	D005	BRA ENDIF28
	F	 0001 11DA FFFF FFFF	1285
	D	 0001 11DA 0000 0101	1
	A	 0001 111A 0000 0101	0
003A66	1E05	COMF SYSINTEGERTEMPA,F,ACCESS
	F	 0001 11DA FFFF FFFF	1286
	D	 0001 11DA 0000 0110	1
	A	 0001 111A 0000 0110	0
003A68	1E06	COMF SYSINTEGERTEMPA_H,F,ACCESS
	F	 0010 10DA FFFF FFFF	1285
	D	 0010 10DA 0000 0101	1
	A	 0010 101A 0000 0101	0
003A6A	2A05	INCF SYSINTEGERTEMPA,F,ACCESS
	F	 1011 BBBA FFFF FFFF	1240
	B	 1011 BBBA 1101 1000	2
	A	 1011 010A 1101 1000	0
003A6C	B4D8	BTFSC STATUS,Z,ACCESS
	F	 0010 10DA FFFF FFFF	1286
	D	 0010 10DA 0000 0110	1
	A	 0010 101A 0000 0110	0
003A6E	2A06	INCF SYSINTEGERTEMPA_H,F,ACCESS
		ENDIF28
	F	 1010 BBBA FFFF FFFF	1290
	B	 1010 BBBA 0000 1010	7
	A	 1010 111A 0000 1010	0
003A70	AE0A	BTFSS SYSINTEGERTEMPB_H,7,ACCESS
	N	 1101 0NNN NNNN NNNN	5
003A72	D005	BRA ENDIF29
	F	 0001 11DA FFFF FFFF	1289
	D	 0001 11DA 0000 1001	1
	A	 0001 111A 0000 1001	0
003A74	1E09	COMF SYSINTEGERTEMPB,F,ACCESS
	F	 0001 11DA FFFF FFFF	1290
	D	 0001 11DA 0000 1010	1
	A	 0001 111A 0000 1010	0
003A76	1E0A	COMF SYSINTEGERTEMPB_H,F,ACCESS
	F	 0010 10DA FFFF FFFF	1289
	D	 0010 10DA 0000 1001	1
	A	 0010 101A 0000 1001	0
003A78	2A09	INCF SYSINTEGERTEMPB,F,ACCESS
	F	 1011 BBBA FFFF FFFF	1240
	B	 1011 BBBA 1101 1000	2
	A	 1011 010A 1101 1000	0
003A7A	B4D8	BTFSC STATUS,Z,ACCESS
	F	 0010 10DA FFFF FFFF	1290
	D	 0010 10DA 0000 1010	1
	A	 0010 101A 0000 1010	0
003A7C	2A0A	INCF SYSINTEGERTEMPB_H,F,ACCESS
		ENDIF29
	N	 1101 1NNN NNNN NNNN	1884
003A7E	DF5C	RCALL SYSDIVSUB16
	F	 1010 BBBA FFFF FFFF	1293
	B	 1010 BBBA 0000 1101	7
	A	 1010 111A 0000 1101	0
003A80	AE0D	BTFSS SYSSIGNBYTE,7,ACCESS
	N	 1101 0NNN NNNN NNNN	10
003A82	D00A	BRA ENDIF30
	F	 0001 11DA FFFF FFFF	1285
	D	 0001 11DA 0000 0101	1
	A	 0001 111A 0000 0101	0
003A84	1E05	COMF SYSINTEGERTEMPA,F,ACCESS
	F	 0001 11DA FFFF FFFF	1286
	D	 0001 11DA 0000 0110	1
	A	 0001 111A 0000 0110	0
003A86	1E06	COMF SYSINTEGERTEMPA_H,F,ACCESS
	F	 0010 10DA FFFF FFFF	1285
	D	 0010 10DA 0000 0101	1
	A	 0010 101A 0000 0101	0
003A88	2A05	INCF SYSINTEGERTEMPA,F,ACCESS
	F	 1011 BBBA FFFF FFFF	1240
	B	 1011 BBBA 1101 1000	2
	A	 1011 010A 1101 1000	0
003A8A	B4D8	BTFSC STATUS,Z,ACCESS
	F	 0010 10DA FFFF FFFF	1286
	D	 0010 10DA 0000 0110	1
	A	 0010 101A 0000 0110	0
003A8C	2A06	INCF SYSINTEGERTEMPA_H,F,ACCESS
	F	 0001 11DA FFFF FFFF	1280
	D	 0001 11DA 0000 0000	1
	A	 0001 111A 0000 0000	0
003A8E	1E00	COMF SYSINTEGERTEMPX,F,ACCESS
	F	 0001 11DA FFFF FFFF	1281
	D	 0001 11DA 0000 0001	1
	A	 0001 111A 0000 0001	0
003A90	1E01	COMF SYSINTEGERTEMPX_H,F,ACCESS
	F	 0010 10DA FFFF FFFF	1280
	D	 0010 10DA 0000 0000	1
	A	 0010 101A 0000 0000	0
003A92	2A00	INCF SYSINTEGERTEMPX,F,ACCESS
	F	 1011 BBBA FFFF FFFF	1240
	B	 1011 BBBA 1101 1000	2
	A	 1011 010A 1101 1000	0
003A94	B4D8	BTFSC STATUS,Z,ACCESS
	F	 0010 10DA FFFF FFFF	1281
	D	 0010 10DA 0000 0001	1
	A	 0010 101A 0000 0001	0
003A96	2A01	INCF SYSINTEGERTEMPX_H,F,ACCESS
		ENDIF30
	S	 0000 0000 0001 001S	0
003A98	0012	RETURN


		SYSMULTSUB16
	F	 0101 00DA FFFF FFFF	1285
	D	 0101 00DA 0000 0101	0
	A	 0101 000A 0000 0101	0
003A9A	5005	MOVF SYSWORDTEMPA, W,ACCESS
	F	 0000 001A FFFF FFFF	1289
	A	 0000 001A 0000 1001	0
003A9C	0209	MULWF SYSWORDTEMPB,ACCESS
	S	1111 DDDD DDDD DDDD:1100 SSSS SSSS SSSS	1267
	D	1111 DDDD DDDD DDDD:1100 0100 1111 0011	1280
003A9E	C4F3 F500	MOVFF PRODL, SYSWORDTEMPX
	S	1111 DDDD DDDD DDDD:1100 SSSS SSSS SSSS	1268
	D	1111 DDDD DDDD DDDD:1100 0100 1111 0100	1281
003AA2	C4F4 F501	MOVFF PRODH, SYSWORDTEMPX_H
	F	 0101 00DA FFFF FFFF	1285
	D	 0101 00DA 0000 0101	0
	A	 0101 000A 0000 0101	0
003AA6	5005	MOVF SYSWORDTEMPA, W,ACCESS
	F	 0000 001A FFFF FFFF	1290
	A	 0000 001A 0000 1010	0
003AA8	020A	MULWF SYSWORDTEMPB_H,ACCESS
	F	 0101 00DA FFFF FFFF	1267
	D	 0101 00DA 1111 0011	0
	A	 0101 000A 1111 0011	0
003AAA	50F3	MOVF PRODL, W,ACCESS
	F	 0010 01DA FFFF FFFF	1281
	D	 0010 01DA 0000 0001	1
	A	 0010 011A 0000 0001	0
003AAC	2601	ADDWF SYSWORDTEMPX_H, F,ACCESS
	F	 0101 00DA FFFF FFFF	1286
	D	 0101 00DA 0000 0110	0
	A	 0101 000A 0000 0110	0
003AAE	5006	MOVF SYSWORDTEMPA_H, W,ACCESS
	F	 0000 001A FFFF FFFF	1289
	A	 0000 001A 0000 1001	0
003AB0	0209	MULWF SYSWORDTEMPB,ACCESS
	F	 0101 00DA FFFF FFFF	1267
	D	 0101 00DA 1111 0011	0
	A	 0101 000A 1111 0011	0
003AB2	50F3	MOVF PRODL, W,ACCESS
	F	 0010 01DA FFFF FFFF	1281
	D	 0010 01DA 0000 0001	1
	A	 0010 011A 0000 0001	0
003AB4	2601	ADDWF SYSWORDTEMPX_H, F,ACCESS
	F	 0101 00DA FFFF FFFF	1286
	D	 0101 00DA 0000 0110	1
	A	 0101 001A 0000 0110	0
003AB6	5206	MOVF SYSWORDTEMPA_H, F,ACCESS
	F	 0000 001A FFFF FFFF	1290
	A	 0000 001A 0000 1010	0
003AB8	020A	MULWF SYSWORDTEMPB_H,ACCESS
	S	 0000 0000 0001 001S	0
003ABA	0012	RETURN


		SYSMULTSUB32
	S	1111 DDDD DDDD DDDD:1100 SSSS SSSS SSSS	1285
	D	1111 DDDD DDDD DDDD:1100 0101 0000 0101	1421
003ABC	C505 F58D	MOVFF SYSLONGTEMPA,SYSLONGDIVMULTA
	S	1111 DDDD DDDD DDDD:1100 SSSS SSSS SSSS	1286
	D	1111 DDDD DDDD DDDD:1100 0101 0000 0110	1422
003AC0	C506 F58E	MOVFF SYSLONGTEMPA_H,SYSLONGDIVMULTA_H
	S	1111 DDDD DDDD DDDD:1100 SSSS SSSS SSSS	1287
	D	1111 DDDD DDDD DDDD:1100 0101 0000 0111	1423
003AC4	C507 F58F	MOVFF SYSLONGTEMPA_U,SYSLONGDIVMULTA_U
	S	1111 DDDD DDDD DDDD:1100 SSSS SSSS SSSS	1288
	D	1111 DDDD DDDD DDDD:1100 0101 0000 1000	1424
003AC8	C508 F590	MOVFF SYSLONGTEMPA_E,SYSLONGDIVMULTA_E
	S	1111 DDDD DDDD DDDD:1100 SSSS SSSS SSSS	1289
	D	1111 DDDD DDDD DDDD:1100 0101 0000 1001	1425
003ACC	C509 F591	MOVFF SYSLONGTEMPB,SYSLONGDIVMULTB
	S	1111 DDDD DDDD DDDD:1100 SSSS SSSS SSSS	1290
	D	1111 DDDD DDDD DDDD:1100 0101 0000 1010	1426
003AD0	C50A F592	MOVFF SYSLONGTEMPB_H,SYSLONGDIVMULTB_H
	S	1111 DDDD DDDD DDDD:1100 SSSS SSSS SSSS	1291
	D	1111 DDDD DDDD DDDD:1100 0101 0000 1011	1427
003AD4	C50B F593	MOVFF SYSLONGTEMPB_U,SYSLONGDIVMULTB_U
	S	1111 DDDD DDDD DDDD:1100 SSSS SSSS SSSS	1292
	D	1111 DDDD DDDD DDDD:1100 0101 0000 1100	1428
003AD8	C50C F594	MOVFF SYSLONGTEMPB_E,SYSLONGDIVMULTB_E
	K	 0000 0001 00KK KKKK	5
000000	0105	BANKSEL SYSLONGDIVMULTX
	F	 0110 101A FFFF FFFF	1429
	A	 0110 101A 1001 0101	1
003ADE	6B95	CLRF SYSLONGDIVMULTX,BANKED
	F	 0110 101A FFFF FFFF	1430
	A	 0110 101A 1001 0110	1
003AE0	6B96	CLRF SYSLONGDIVMULTX_H,BANKED
	F	 0110 101A FFFF FFFF	1431
	A	 0110 101A 1001 0111	1
003AE2	6B97	CLRF SYSLONGDIVMULTX_U,BANKED
	F	 0110 101A FFFF FFFF	1432
	A	 0110 101A 1001 1000	1
003AE4	6B98	CLRF SYSLONGDIVMULTX_E,BANKED
		MUL32LOOP
	K	 0000 0001 00KK KKKK	5
000000	0105	BANKSEL SYSLONGDIVMULTB
	F	 1010 BBBA FFFF FFFF	1425
	B	 1010 BBBA 1001 0001	0
	A	 1010 000A 1001 0001	1
003AE8	A191	BTFSS SYSLONGDIVMULTB,0,BANKED
	N	 1101 0NNN NNNN NNNN	8
003AEA	D008	BRA ENDIF86
	F	 0101 00DA FFFF FFFF	1421
	D	 0101 00DA 1000 1101	0
	A	 0101 000A 1000 1101	1
003AEC	518D	MOVF SYSLONGDIVMULTA,W,BANKED
	F	 0010 01DA FFFF FFFF	1429
	D	 0010 01DA 1001 0101	1
	A	 0010 011A 1001 0101	1
003AEE	2795	ADDWF SYSLONGDIVMULTX,F,BANKED
	F	 0101 00DA FFFF FFFF	1422
	D	 0101 00DA 1000 1110	0
	A	 0101 000A 1000 1110	1
003AF0	518E	MOVF SYSLONGDIVMULTA_H,W,BANKED
	F	 0010 00DA FFFF FFFF	1430
	D	 0010 00DA 1001 0110	1
	A	 0010 001A 1001 0110	1
003AF2	2396	ADDWFC SYSLONGDIVMULTX_H,F,BANKED
	F	 0101 00DA FFFF FFFF	1423
	D	 0101 00DA 1000 1111	0
	A	 0101 000A 1000 1111	1
003AF4	518F	MOVF SYSLONGDIVMULTA_U,W,BANKED
	F	 0010 00DA FFFF FFFF	1431
	D	 0010 00DA 1001 0111	1
	A	 0010 001A 1001 0111	1
003AF6	2397	ADDWFC SYSLONGDIVMULTX_U,F,BANKED
	F	 0101 00DA FFFF FFFF	1424
	D	 0101 00DA 1001 0000	0
	A	 0101 000A 1001 0000	1
003AF8	5190	MOVF SYSLONGDIVMULTA_E,W,BANKED
	F	 0010 00DA FFFF FFFF	1432
	D	 0010 00DA 1001 1000	1
	A	 0010 001A 1001 1000	1
003AFA	2398	ADDWFC SYSLONGDIVMULTX_E,F,BANKED
		ENDIF86
	F	 1001 BBBA FFFF FFFF	1240
	B	 1001 BBBA 1101 1000	0
	A	 1001 000A 1101 1000	0
003AFC	90D8	BCF STATUS,C,ACCESS
	F	 0011 00DA FFFF FFFF	1428
	D	 0011 00DA 1001 0100	1
	A	 0011 001A 1001 0100	1
003AFE	3394	RRCF SYSLONGDIVMULTB_E,F,BANKED
	F	 0011 00DA FFFF FFFF	1427
	D	 0011 00DA 1001 0011	1
	A	 0011 001A 1001 0011	1
003B00	3393	RRCF SYSLONGDIVMULTB_U,F,BANKED
	F	 0011 00DA FFFF FFFF	1426
	D	 0011 00DA 1001 0010	1
	A	 0011 001A 1001 0010	1
003B02	3392	RRCF SYSLONGDIVMULTB_H,F,BANKED
	F	 0011 00DA FFFF FFFF	1425
	D	 0011 00DA 1001 0001	1
	A	 0011 001A 1001 0001	1
003B04	3391	RRCF SYSLONGDIVMULTB,F,BANKED
	F	 1001 BBBA FFFF FFFF	1240
	B	 1001 BBBA 1101 1000	0
	A	 1001 000A 1101 1000	0
003B06	90D8	BCF STATUS,C,ACCESS
	F	 0011 01DA FFFF FFFF	1421
	D	 0011 01DA 1000 1101	1
	A	 0011 011A 1000 1101	1
003B08	378D	RLCF SYSLONGDIVMULTA,F,BANKED
	F	 0011 01DA FFFF FFFF	1422
	D	 0011 01DA 1000 1110	1
	A	 0011 011A 1000 1110	1
003B0A	378E	RLCF SYSLONGDIVMULTA_H,F,BANKED
	F	 0011 01DA FFFF FFFF	1423
	D	 0011 01DA 1000 1111	1
	A	 0011 011A 1000 1111	1
003B0C	378F	RLCF SYSLONGDIVMULTA_U,F,BANKED
	F	 0011 01DA FFFF FFFF	1424
	D	 0011 01DA 1001 0000	1
	A	 0011 011A 1001 0000	1
003B0E	3790	RLCF SYSLONGDIVMULTA_E,F,BANKED
	S	1111 DDDD DDDD DDDD:1100 SSSS SSSS SSSS	1425
	D	1111 DDDD DDDD DDDD:1100 0101 1001 0001	1289
003B10	C591 F509	MOVFF SYSLONGDIVMULTB,SYSLONGTEMPB
	S	1111 DDDD DDDD DDDD:1100 SSSS SSSS SSSS	1426
	D	1111 DDDD DDDD DDDD:1100 0101 1001 0010	1290
003B14	C592 F50A	MOVFF SYSLONGDIVMULTB_H,SYSLONGTEMPB_H
	S	1111 DDDD DDDD DDDD:1100 SSSS SSSS SSSS	1427
	D	1111 DDDD DDDD DDDD:1100 0101 1001 0011	1291
003B18	C593 F50B	MOVFF SYSLONGDIVMULTB_U,SYSLONGTEMPB_U
	S	1111 DDDD DDDD DDDD:1100 SSSS SSSS SSSS	1428
	D	1111 DDDD DDDD DDDD:1100 0101 1001 0100	1292
003B1C	C594 F50C	MOVFF SYSLONGDIVMULTB_E,SYSLONGTEMPB_E
	F	 0110 101A FFFF FFFF	1285
	A	 0110 101A 0000 0101	0
003B20	6A05	CLRF SYSLONGTEMPA,ACCESS
	F	 0110 101A FFFF FFFF	1286
	A	 0110 101A 0000 0110	0
003B22	6A06	CLRF SYSLONGTEMPA_H,ACCESS
	F	 0110 101A FFFF FFFF	1287
	A	 0110 101A 0000 0111	0
003B24	6A07	CLRF SYSLONGTEMPA_U,ACCESS
	F	 0110 101A FFFF FFFF	1288
	A	 0110 101A 0000 1000	0
003B26	6A08	CLRF SYSLONGTEMPA_E,ACCESS
	K	 0000 0001 00KK KKKK	0
000000	0100	BANKSEL 0
	N	 1101 1NNN NNNN NNNN	1715
003B2A	DEB3	RCALL SYSCOMPLESSTHAN32
	F	 1011 BBBA FFFF FFFF	1280
	B	 1011 BBBA 0000 0000	0
	A	 1011 000A 0000 0000	0
003B2C	B000	BTFSC SYSBYTETEMPX,0,ACCESS
	N	 1101 0NNN NNNN NNNN	2011
003B2E	D7DB	BRA MUL32LOOP
	S	1111 DDDD DDDD DDDD:1100 SSSS SSSS SSSS	1429
	D	1111 DDDD DDDD DDDD:1100 0101 1001 0101	1280
003B30	C595 F500	MOVFF SYSLONGDIVMULTX,SYSLONGTEMPX
	S	1111 DDDD DDDD DDDD:1100 SSSS SSSS SSSS	1430
	D	1111 DDDD DDDD DDDD:1100 0101 1001 0110	1281
003B34	C596 F501	MOVFF SYSLONGDIVMULTX_H,SYSLONGTEMPX_H
	S	1111 DDDD DDDD DDDD:1100 SSSS SSSS SSSS	1431
	D	1111 DDDD DDDD DDDD:1100 0101 1001 0111	1282
003B38	C597 F502	MOVFF SYSLONGDIVMULTX_U,SYSLONGTEMPX_U
	S	1111 DDDD DDDD DDDD:1100 SSSS SSSS SSSS	1432
	D	1111 DDDD DDDD DDDD:1100 0101 1001 1000	1283
003B3C	C598 F503	MOVFF SYSLONGDIVMULTX_E,SYSLONGTEMPX_E
	S	 0000 0000 0001 001S	0
003B40	0012	RETURN


		SYSMULTSUBINT
	F	 0101 00DA FFFF FFFF	1286
	D	 0101 00DA 0000 0110	0
	A	 0101 000A 0000 0110	0
003B42	5006	MOVF SYSINTEGERTEMPA_H,W,ACCESS
	F	 0001 10DA FFFF FFFF	1290
	D	 0001 10DA 0000 1010	0
	A	 0001 100A 0000 1010	0
003B44	180A	XORWF SYSINTEGERTEMPB_H,W,ACCESS
	F	 0110 111A FFFF FFFF	1293
	A	 0110 111A 0000 1101	0
003B46	6E0D	MOVWF SYSSIGNBYTE,ACCESS
	F	 1010 BBBA FFFF FFFF	1286
	B	 1010 BBBA 0000 0110	7
	A	 1010 111A 0000 0110	0
003B48	AE06	BTFSS SYSINTEGERTEMPA_H,7,ACCESS
	N	 1101 0NNN NNNN NNNN	5
003B4A	D005	BRA ENDIF23
	F	 0001 11DA FFFF FFFF	1285
	D	 0001 11DA 0000 0101	1
	A	 0001 111A 0000 0101	0
003B4C	1E05	COMF SYSINTEGERTEMPA,F,ACCESS
	F	 0001 11DA FFFF FFFF	1286
	D	 0001 11DA 0000 0110	1
	A	 0001 111A 0000 0110	0
003B4E	1E06	COMF SYSINTEGERTEMPA_H,F,ACCESS
	F	 0010 10DA FFFF FFFF	1285
	D	 0010 10DA 0000 0101	1
	A	 0010 101A 0000 0101	0
003B50	2A05	INCF SYSINTEGERTEMPA,F,ACCESS
	F	 1011 BBBA FFFF FFFF	1240
	B	 1011 BBBA 1101 1000	2
	A	 1011 010A 1101 1000	0
003B52	B4D8	BTFSC STATUS,Z,ACCESS
	F	 0010 10DA FFFF FFFF	1286
	D	 0010 10DA 0000 0110	1
	A	 0010 101A 0000 0110	0
003B54	2A06	INCF SYSINTEGERTEMPA_H,F,ACCESS
		ENDIF23
	F	 1010 BBBA FFFF FFFF	1290
	B	 1010 BBBA 0000 1010	7
	A	 1010 111A 0000 1010	0
003B56	AE0A	BTFSS SYSINTEGERTEMPB_H,7,ACCESS
	N	 1101 0NNN NNNN NNNN	5
003B58	D005	BRA ENDIF24
	F	 0001 11DA FFFF FFFF	1289
	D	 0001 11DA 0000 1001	1
	A	 0001 111A 0000 1001	0
003B5A	1E09	COMF SYSINTEGERTEMPB,F,ACCESS
	F	 0001 11DA FFFF FFFF	1290
	D	 0001 11DA 0000 1010	1
	A	 0001 111A 0000 1010	0
003B5C	1E0A	COMF SYSINTEGERTEMPB_H,F,ACCESS
	F	 0010 10DA FFFF FFFF	1289
	D	 0010 10DA 0000 1001	1
	A	 0010 101A 0000 1001	0
003B5E	2A09	INCF SYSINTEGERTEMPB,F,ACCESS
	F	 1011 BBBA FFFF FFFF	1240
	B	 1011 BBBA 1101 1000	2
	A	 1011 010A 1101 1000	0
003B60	B4D8	BTFSC STATUS,Z,ACCESS
	F	 0010 10DA FFFF FFFF	1290
	D	 0010 10DA 0000 1010	1
	A	 0010 101A 0000 1010	0
003B62	2A0A	INCF SYSINTEGERTEMPB_H,F,ACCESS
		ENDIF24
	N	 1101 1NNN NNNN NNNN	1946
003B64	DF9A	RCALL SYSMULTSUB16
	F	 1010 BBBA FFFF FFFF	1293
	B	 1010 BBBA 0000 1101	7
	A	 1010 111A 0000 1101	0
003B66	AE0D	BTFSS SYSSIGNBYTE,7,ACCESS
	N	 1101 0NNN NNNN NNNN	5
003B68	D005	BRA ENDIF25
	F	 0001 11DA FFFF FFFF	1280
	D	 0001 11DA 0000 0000	1
	A	 0001 111A 0000 0000	0
003B6A	1E00	COMF SYSINTEGERTEMPX,F,ACCESS
	F	 0001 11DA FFFF FFFF	1281
	D	 0001 11DA 0000 0001	1
	A	 0001 111A 0000 0001	0
003B6C	1E01	COMF SYSINTEGERTEMPX_H,F,ACCESS
	F	 0010 10DA FFFF FFFF	1280
	D	 0010 10DA 0000 0000	1
	A	 0010 101A 0000 0000	0
003B6E	2A00	INCF SYSINTEGERTEMPX,F,ACCESS
	F	 1011 BBBA FFFF FFFF	1240
	B	 1011 BBBA 1101 1000	2
	A	 1011 010A 1101 1000	0
003B70	B4D8	BTFSC STATUS,Z,ACCESS
	F	 0010 10DA FFFF FFFF	1281
	D	 0010 10DA 0000 0001	1
	A	 0010 101A 0000 0001	0
003B72	2A01	INCF SYSINTEGERTEMPX_H,F,ACCESS
		ENDIF25
	S	 0000 0000 0001 001S	0
003B74	0012	RETURN


		SYSREADSTRING
003B76	0009	TBLRD*+
	S	1111 DDDD DDDD DDDD:1100 SSSS SSSS SSSS	1269
	D	1111 DDDD DDDD DDDD:1100 0100 1111 0101	1285
003B78	C4F5 F505	MOVFF TABLAT,SYSCALCTEMPA
	S	1111 DDDD DDDD DDDD:1100 SSSS SSSS SSSS	1269
	D	1111 DDDD DDDD DDDD:1100 0100 1111 0101	1255
003B7C	C4F5 F4E7	MOVFF TABLAT,INDF1
	N	 1101 0NNN NNNN NNNN	4
003B80	D004	BRA SYSSTRINGREADCHECK
		SYSREADSTRINGPART
003B82	0009	TBLRD*+
	F	 0101 00DA FFFF FFFF	1269
	D	 0101 00DA 1111 0101	0
	A	 0101 000A 1111 0101	0
003B84	50F5	MOVF TABLAT, W,ACCESS
	F	 0110 111A FFFF FFFF	1285
	A	 0110 111A 0000 0101	0
003B86	6E05	MOVWF SYSCALCTEMPA,ACCESS
	F	 0010 01DA FFFF FFFF	1286
	D	 0010 01DA 0000 0110	1
	A	 0010 011A 0000 0110	0
003B88	2606	ADDWF SYSSTRINGLENGTH,F,ACCESS
		SYSSTRINGREADCHECK
	F	 0101 00DA FFFF FFFF	1285
	D	 0101 00DA 0000 0101	1
	A	 0101 001A 0000 0101	0
003B8A	5205	MOVF SYSCALCTEMPA,F,ACCESS
	F	 1011 BBBA FFFF FFFF	1240
	B	 1011 BBBA 1101 1000	2
	A	 1011 010A 1101 1000	0
003B8C	B4D8	BTFSC STATUS,Z,ACCESS
	S	 0000 0000 0001 001S	0
003B8E	0012	RETURN
		SYSSTRINGREAD
003B90	0009	TBLRD*+
	S	1111 DDDD DDDD DDDD:1100 SSSS SSSS SSSS	1269
	D	1111 DDDD DDDD DDDD:1100 0100 1111 0101	1252
003B92	C4F5 F4E4	MOVFF TABLAT,PREINC1
	F	 0010 11DA FFFF FFFF	1285
	D	 0010 11DA 0000 0101	1
	A	 0010 111A 0000 0101	0
003B96	2E05	DECFSZ SYSCALCTEMPA, F,ACCESS
	N	 1101 0NNN NNNN NNNN	2043
003B98	D7FB	BRA SYSSTRINGREAD
	S	 0000 0000 0001 001S	0
003B9A	0012	RETURN


		SYSSTRINGTABLES

		STRINGTABLE1
003B9C	4710 434C 5044 6972 746E 5320 7274 6E69 0067	RAW 4710,434C,5044,6972,746E,5320,7274,6E69,0067


		STRINGTABLE2
003BAE	4709 434C 2044 6F66 746E	RAW 4709,434C,2044,6F66,746E


		STRINGTABLE3
003BB8	7308 7A69 2065 203D 0033	RAW 7308,7A69,2065,203D,0033


		STRINGTABLE4
003BC2	4703 4243	RAW 4703,4243


		STRINGTABLE5
003BC6	7605 2E31 7878	RAW 7605,2E31,7878


		STRINGTABLE6
003BCC	4407 6172 5377 7274	RAW 4407,6172,5377,7274


		STRINGTABLE7
003BD4	4C0B 6E6F 2067 754E 626D 7265	RAW 4C0B,6E6F,2067,754E,626D,7265


		STRINGTABLE8
003BE0	570B 726F 2064 754E 626D 7265	RAW 570B,726F,2064,754E,626D,7265


		STRINGTABLE9
003BEC	420B 7479 2065 754E 626D 7265	RAW 420B,7479,2065,754E,626D,7265


		STRINGTABLE10
003BF8	4104 6373 003A	RAW 4104,6373,003A


		STRINGTABLE11
003BFE	490E 494C 3339 3134 4420 6972 6576 0072	RAW 490E,494C,3339,3134,4420,6972,6576,0072


		STRINGTABLE12
003C0E	2009 7541 2067 3032 3632	RAW 2009,7541,2067,3032,3632


		STRINGTABLE13
003C18	4806 2057 5053 0049	RAW 4806,2057,5053,0049


		STRINGTABLE15
003C20	4C05 6E6F 3A67	RAW 4C05,6E6F,3A67


		STRINGTABLE16
003C26	5705 726F 3A64	RAW 5705,726F,3A64


		STRINGTABLE17
003C2C	4205 7479 3A65	RAW 4205,7479,3A65


		STRINGTABLE18
003C32	2002 0020	RAW 2002,0020


		STRINGTABLE19
003C36	4707 4243 5341 4349	RAW 4707,4243,5341,4349


		STRINGTABLE65
003C3E	2001	RAW 2001


		STRINGTABLE107
003C40	0000	RAW 0000



		_LINE73
	F	 0110 101A FFFF FFFF	1368
	A	 0110 101A 0101 1000	0
003C42	6A58	CLRF LINEDIFFX,ACCESS
	F	 0110 101A FFFF FFFF	1369
	A	 0110 101A 0101 1001	0
003C44	6A59	CLRF LINEDIFFX_H,ACCESS
	F	 0110 101A FFFF FFFF	1372
	A	 0110 101A 0101 1100	0
003C46	6A5C	CLRF LINEDIFFY,ACCESS
	F	 0110 101A FFFF FFFF	1373
	A	 0110 101A 0101 1101	0
003C48	6A5D	CLRF LINEDIFFY_H,ACCESS
	K	 0000 0001 00KK KKKK	5
000000	0105	BANKSEL LINESTEPX
	F	 0110 101A FFFF FFFF	1378
	A	 0110 101A 0110 0010	1
003C4C	6B62	CLRF LINESTEPX,BANKED
	F	 0110 101A FFFF FFFF	1379
	A	 0110 101A 0110 0011	1
003C4E	6B63	CLRF LINESTEPX_H,BANKED
	F	 0110 101A FFFF FFFF	1380
	A	 0110 101A 0110 0100	1
003C50	6B64	CLRF LINESTEPY,BANKED
	F	 0110 101A FFFF FFFF	1381
	A	 0110 101A 0110 0101	1
003C52	6B65	CLRF LINESTEPY_H,BANKED
	F	 0110 101A FFFF FFFF	1370
	A	 0110 101A 0101 1010	0
003C54	6A5A	CLRF LINEDIFFX_X2,ACCESS
	F	 0110 101A FFFF FFFF	1371
	A	 0110 101A 0101 1011	0
003C56	6A5B	CLRF LINEDIFFX_X2_H,ACCESS
	F	 0110 101A FFFF FFFF	1374
	A	 0110 101A 0101 1110	0
003C58	6A5E	CLRF LINEDIFFY_X2,ACCESS
	F	 0110 101A FFFF FFFF	1375
	A	 0110 101A 0101 1111	0
003C5A	6A5F	CLRF LINEDIFFY_X2_H,ACCESS
	F	 0110 101A FFFF FFFF	1376
	A	 0110 101A 0110 0000	1
003C5C	6B60	CLRF LINEERR,BANKED
	F	 0110 101A FFFF FFFF	1377
	A	 0110 101A 0110 0001	1
003C5E	6B61	CLRF LINEERR_H,BANKED
	F	 0101 00DA FFFF FFFF	1382
	D	 0101 00DA 0110 0110	0
	A	 0101 000A 0110 0110	1
003C60	5166	MOVF LINEX1,W,BANKED
	F	 0101 11DA FFFF FFFF	1384
	D	 0101 11DA 0110 1000	0
	A	 0101 110A 0110 1000	1
003C62	5D68	SUBWF LINEX2,W,BANKED
	F	 0110 111A FFFF FFFF	1368
	A	 0110 111A 0101 1000	0
003C64	6E58	MOVWF LINEDIFFX,ACCESS
	F	 0101 00DA FFFF FFFF	1383
	D	 0101 00DA 0110 0111	0
	A	 0101 000A 0110 0111	1
003C66	5167	MOVF LINEX1_H,W,BANKED
	F	 0101 10DA FFFF FFFF	1385
	D	 0101 10DA 0110 1001	0
	A	 0101 100A 0110 1001	1
003C68	5969	SUBWFB LINEX2_H,W,BANKED
	F	 0110 111A FFFF FFFF	1369
	A	 0110 111A 0101 1001	0
003C6A	6E59	MOVWF LINEDIFFX_H,ACCESS
	F	 0101 00DA FFFF FFFF	1386
	D	 0101 00DA 0110 1010	0
	A	 0101 000A 0110 1010	1
003C6C	516A	MOVF LINEY1,W,BANKED
	F	 0101 11DA FFFF FFFF	1388
	D	 0101 11DA 0110 1100	0
	A	 0101 110A 0110 1100	1
003C6E	5D6C	SUBWF LINEY2,W,BANKED
	F	 0110 111A FFFF FFFF	1372
	A	 0110 111A 0101 1100	0
003C70	6E5C	MOVWF LINEDIFFY,ACCESS
	F	 0101 00DA FFFF FFFF	1387
	D	 0101 00DA 0110 1011	0
	A	 0101 000A 0110 1011	1
003C72	516B	MOVF LINEY1_H,W,BANKED
	F	 0101 10DA FFFF FFFF	1389
	D	 0101 10DA 0110 1101	0
	A	 0101 100A 0110 1101	1
003C74	596D	SUBWFB LINEY2_H,W,BANKED
	F	 0110 111A FFFF FFFF	1373
	A	 0110 111A 0101 1101	0
003C76	6E5D	MOVWF LINEDIFFY_H,ACCESS
	S	1111 DDDD DDDD DDDD:1100 SSSS SSSS SSSS	1368
	D	1111 DDDD DDDD DDDD:1100 0101 0101 1000	1289
003C78	C558 F509	MOVFF LINEDIFFX,SYSINTEGERTEMPB
	S	1111 DDDD DDDD DDDD:1100 SSSS SSSS SSSS	1369
	D	1111 DDDD DDDD DDDD:1100 0101 0101 1001	1290
003C7C	C559 F50A	MOVFF LINEDIFFX_H,SYSINTEGERTEMPB_H
	F	 0110 101A FFFF FFFF	1285
	A	 0110 101A 0000 0101	0
003C80	6A05	CLRF SYSINTEGERTEMPA,ACCESS
	F	 0110 101A FFFF FFFF	1286
	A	 0110 101A 0000 0110	0
003C82	6A06	CLRF SYSINTEGERTEMPA_H,ACCESS
	K	 0000 0001 00KK KKKK	0
000000	0100	BANKSEL 0
	N	 1101 1NNN NNNN NNNN	1563
003C86	DE1B	RCALL SYSCOMPLESSTHANINT
	F	 1010 BBBA FFFF FFFF	1280
	B	 1010 BBBA 0000 0000	0
	A	 1010 000A 0000 0000	0
003C88	A000	BTFSS SYSBYTETEMPX,0,ACCESS
	N	 1101 0NNN NNNN NNNN	5
003C8A	D005	BRA ELSE18_1
	K	 0000 1110 KKKK KKKK	1
003C8C	0E01	MOVLW 1
	K	 0000 0001 00KK KKKK	5
000000	0105	BANKSEL LINESTEPX
	F	 0110 111A FFFF FFFF	1378
	A	 0110 111A 0110 0010	1
003C90	6F62	MOVWF LINESTEPX,BANKED
	F	 0110 101A FFFF FFFF	1379
	A	 0110 101A 0110 0011	1
003C92	6B63	CLRF LINESTEPX_H,BANKED
	N	 1101 0NNN NNNN NNNN	3
003C94	D003	BRA ENDIF18
		ELSE18_1
	K	 0000 0001 00KK KKKK	5
000000	0105	BANKSEL LINESTEPX
	F	 0110 100A FFFF FFFF	1378
	A	 0110 100A 0110 0010	1
003C98	6962	SETF LINESTEPX,BANKED
	F	 0110 100A FFFF FFFF	1379
	A	 0110 100A 0110 0011	1
003C9A	6963	SETF LINESTEPX_H,BANKED
		ENDIF18
	S	1111 DDDD DDDD DDDD:1100 SSSS SSSS SSSS	1372
	D	1111 DDDD DDDD DDDD:1100 0101 0101 1100	1289
003C9C	C55C F509	MOVFF LINEDIFFY,SYSINTEGERTEMPB
	S	1111 DDDD DDDD DDDD:1100 SSSS SSSS SSSS	1373
	D	1111 DDDD DDDD DDDD:1100 0101 0101 1101	1290
003CA0	C55D F50A	MOVFF LINEDIFFY_H,SYSINTEGERTEMPB_H
	F	 0110 101A FFFF FFFF	1285
	A	 0110 101A 0000 0101	0
003CA4	6A05	CLRF SYSINTEGERTEMPA,ACCESS
	F	 0110 101A FFFF FFFF	1286
	A	 0110 101A 0000 0110	0
003CA6	6A06	CLRF SYSINTEGERTEMPA_H,ACCESS
	K	 0000 0001 00KK KKKK	0
000000	0100	BANKSEL 0
	N	 1101 1NNN NNNN NNNN	1545
003CAA	DE09	RCALL SYSCOMPLESSTHANINT
	F	 1010 BBBA FFFF FFFF	1280
	B	 1010 BBBA 0000 0000	0
	A	 1010 000A 0000 0000	0
003CAC	A000	BTFSS SYSBYTETEMPX,0,ACCESS
	N	 1101 0NNN NNNN NNNN	5
003CAE	D005	BRA ELSE19_1
	K	 0000 1110 KKKK KKKK	1
003CB0	0E01	MOVLW 1
	K	 0000 0001 00KK KKKK	5
000000	0105	BANKSEL LINESTEPY
	F	 0110 111A FFFF FFFF	1380
	A	 0110 111A 0110 0100	1
003CB4	6F64	MOVWF LINESTEPY,BANKED
	F	 0110 101A FFFF FFFF	1381
	A	 0110 101A 0110 0101	1
003CB6	6B65	CLRF LINESTEPY_H,BANKED
	N	 1101 0NNN NNNN NNNN	3
003CB8	D003	BRA ENDIF19
		ELSE19_1
	K	 0000 0001 00KK KKKK	5
000000	0105	BANKSEL LINESTEPY
	F	 0110 100A FFFF FFFF	1380
	A	 0110 100A 0110 0100	1
003CBC	6964	SETF LINESTEPY,BANKED
	F	 0110 100A FFFF FFFF	1381
	A	 0110 100A 0110 0101	1
003CBE	6965	SETF LINESTEPY_H,BANKED
		ENDIF19
	S	1111 DDDD DDDD DDDD:1100 SSSS SSSS SSSS	1378
	D	1111 DDDD DDDD DDDD:1100 0101 0110 0010	1285
003CC0	C562 F505	MOVFF LINESTEPX,SYSINTEGERTEMPA
	S	1111 DDDD DDDD DDDD:1100 SSSS SSSS SSSS	1379
	D	1111 DDDD DDDD DDDD:1100 0101 0110 0011	1286
003CC4	C563 F506	MOVFF LINESTEPX_H,SYSINTEGERTEMPA_H
	S	1111 DDDD DDDD DDDD:1100 SSSS SSSS SSSS	1368
	D	1111 DDDD DDDD DDDD:1100 0101 0101 1000	1289
003CC8	C558 F509	MOVFF LINEDIFFX,SYSINTEGERTEMPB
	S	1111 DDDD DDDD DDDD:1100 SSSS SSSS SSSS	1369
	D	1111 DDDD DDDD DDDD:1100 0101 0101 1001	1290
003CCC	C559 F50A	MOVFF LINEDIFFX_H,SYSINTEGERTEMPB_H
	K	 0000 0001 00KK KKKK	0
000000	0100	BANKSEL 0
	N	 1101 1NNN NNNN NNNN	1847
003CD2	DF37	RCALL SYSMULTSUBINT
	S	1111 DDDD DDDD DDDD:1100 SSSS SSSS SSSS	1280
	D	1111 DDDD DDDD DDDD:1100 0101 0000 0000	1368
003CD4	C500 F558	MOVFF SYSINTEGERTEMPX,LINEDIFFX
	S	1111 DDDD DDDD DDDD:1100 SSSS SSSS SSSS	1281
	D	1111 DDDD DDDD DDDD:1100 0101 0000 0001	1369
003CD8	C501 F559	MOVFF SYSINTEGERTEMPX_H,LINEDIFFX_H
	S	1111 DDDD DDDD DDDD:1100 SSSS SSSS SSSS	1380
	D	1111 DDDD DDDD DDDD:1100 0101 0110 0100	1285
003CDC	C564 F505	MOVFF LINESTEPY,SYSINTEGERTEMPA
	S	1111 DDDD DDDD DDDD:1100 SSSS SSSS SSSS	1381
	D	1111 DDDD DDDD DDDD:1100 0101 0110 0101	1286
003CE0	C565 F506	MOVFF LINESTEPY_H,SYSINTEGERTEMPA_H
	S	1111 DDDD DDDD DDDD:1100 SSSS SSSS SSSS	1372
	D	1111 DDDD DDDD DDDD:1100 0101 0101 1100	1289
003CE4	C55C F509	MOVFF LINEDIFFY,SYSINTEGERTEMPB
	S	1111 DDDD DDDD DDDD:1100 SSSS SSSS SSSS	1373
	D	1111 DDDD DDDD DDDD:1100 0101 0101 1101	1290
003CE8	C55D F50A	MOVFF LINEDIFFY_H,SYSINTEGERTEMPB_H
	N	 1101 1NNN NNNN NNNN	1834
003CEC	DF2A	RCALL SYSMULTSUBINT
	S	1111 DDDD DDDD DDDD:1100 SSSS SSSS SSSS	1280
	D	1111 DDDD DDDD DDDD:1100 0101 0000 0000	1372
003CEE	C500 F55C	MOVFF SYSINTEGERTEMPX,LINEDIFFY
	S	1111 DDDD DDDD DDDD:1100 SSSS SSSS SSSS	1281
	D	1111 DDDD DDDD DDDD:1100 0101 0000 0001	1373
003CF2	C501 F55D	MOVFF SYSINTEGERTEMPX_H,LINEDIFFY_H
	S	1111 DDDD DDDD DDDD:1100 SSSS SSSS SSSS	1368
	D	1111 DDDD DDDD DDDD:1100 0101 0101 1000	1285
003CF6	C558 F505	MOVFF LINEDIFFX,SYSINTEGERTEMPA
	S	1111 DDDD DDDD DDDD:1100 SSSS SSSS SSSS	1369
	D	1111 DDDD DDDD DDDD:1100 0101 0101 1001	1286
003CFA	C559 F506	MOVFF LINEDIFFX_H,SYSINTEGERTEMPA_H
	K	 0000 1110 KKKK KKKK	2
003CFE	0E02	MOVLW 2
	F	 0110 111A FFFF FFFF	1289
	A	 0110 111A 0000 1001	0
003D00	6E09	MOVWF SYSINTEGERTEMPB,ACCESS
	F	 0110 101A FFFF FFFF	1290
	A	 0110 101A 0000 1010	0
003D02	6A0A	CLRF SYSINTEGERTEMPB_H,ACCESS
	N	 1101 1NNN NNNN NNNN	1822
003D04	DF1E	RCALL SYSMULTSUBINT
	S	1111 DDDD DDDD DDDD:1100 SSSS SSSS SSSS	1280
	D	1111 DDDD DDDD DDDD:1100 0101 0000 0000	1370
003D06	C500 F55A	MOVFF SYSINTEGERTEMPX,LINEDIFFX_X2
	S	1111 DDDD DDDD DDDD:1100 SSSS SSSS SSSS	1281
	D	1111 DDDD DDDD DDDD:1100 0101 0000 0001	1371
003D0A	C501 F55B	MOVFF SYSINTEGERTEMPX_H,LINEDIFFX_X2_H
	S	1111 DDDD DDDD DDDD:1100 SSSS SSSS SSSS	1372
	D	1111 DDDD DDDD DDDD:1100 0101 0101 1100	1285
003D0E	C55C F505	MOVFF LINEDIFFY,SYSINTEGERTEMPA
	S	1111 DDDD DDDD DDDD:1100 SSSS SSSS SSSS	1373
	D	1111 DDDD DDDD DDDD:1100 0101 0101 1101	1286
003D12	C55D F506	MOVFF LINEDIFFY_H,SYSINTEGERTEMPA_H
	K	 0000 1110 KKKK KKKK	2
003D16	0E02	MOVLW 2
	F	 0110 111A FFFF FFFF	1289
	A	 0110 111A 0000 1001	0
003D18	6E09	MOVWF SYSINTEGERTEMPB,ACCESS
	F	 0110 101A FFFF FFFF	1290
	A	 0110 101A 0000 1010	0
003D1A	6A0A	CLRF SYSINTEGERTEMPB_H,ACCESS
	N	 1101 1NNN NNNN NNNN	1810
003D1C	DF12	RCALL SYSMULTSUBINT
	S	1111 DDDD DDDD DDDD:1100 SSSS SSSS SSSS	1280
	D	1111 DDDD DDDD DDDD:1100 0101 0000 0000	1374
003D1E	C500 F55E	MOVFF SYSINTEGERTEMPX,LINEDIFFY_X2
	S	1111 DDDD DDDD DDDD:1100 SSSS SSSS SSSS	1281
	D	1111 DDDD DDDD DDDD:1100 0101 0000 0001	1375
003D22	C501 F55F	MOVFF SYSINTEGERTEMPX_H,LINEDIFFY_X2_H
	S	1111 DDDD DDDD DDDD:1100 SSSS SSSS SSSS	1368
	D	1111 DDDD DDDD DDDD:1100 0101 0101 1000	1285
003D26	C558 F505	MOVFF LINEDIFFX,SYSINTEGERTEMPA
	S	1111 DDDD DDDD DDDD:1100 SSSS SSSS SSSS	1369
	D	1111 DDDD DDDD DDDD:1100 0101 0101 1001	1286
003D2A	C559 F506	MOVFF LINEDIFFX_H,SYSINTEGERTEMPA_H
	S	1111 DDDD DDDD DDDD:1100 SSSS SSSS SSSS	1372
	D	1111 DDDD DDDD DDDD:1100 0101 0101 1100	1289
003D2E	C55C F509	MOVFF LINEDIFFY,SYSINTEGERTEMPB
	S	1111 DDDD DDDD DDDD:1100 SSSS SSSS SSSS	1373
	D	1111 DDDD DDDD DDDD:1100 0101 0101 1101	1290
003D32	C55D F50A	MOVFF LINEDIFFY_H,SYSINTEGERTEMPB_H
	N	 1101 1NNN NNNN NNNN	1475
003D36	DDC3	RCALL SYSCOMPLESSTHANINT
	F	 0001 11DA FFFF FFFF	1280
	D	 0001 11DA 0000 0000	1
	A	 0001 111A 0000 0000	0
003D38	1E00	COMF SYSBYTETEMPX,F,ACCESS
	F	 1010 BBBA FFFF FFFF	1280
	B	 1010 BBBA 0000 0000	0
	A	 1010 000A 0000 0000	0
003D3A	A000	BTFSS SYSBYTETEMPX,0,ACCESS
	N	 1101 0NNN NNNN NNNN	86
003D3C	D056	BRA ELSE20_1
	F	 0101 00DA FFFF FFFF	1368
	D	 0101 00DA 0101 1000	0
	A	 0101 000A 0101 1000	0
003D3E	5058	MOVF LINEDIFFX,W,ACCESS
	F	 0101 11DA FFFF FFFF	1374
	D	 0101 11DA 0101 1110	0
	A	 0101 110A 0101 1110	0
003D40	5C5E	SUBWF LINEDIFFY_X2,W,ACCESS
	K	 0000 0001 00KK KKKK	5
000000	0105	BANKSEL LINEERR
	F	 0110 111A FFFF FFFF	1376
	A	 0110 111A 0110 0000	1
003D44	6F60	MOVWF LINEERR,BANKED
	F	 0101 00DA FFFF FFFF	1369
	D	 0101 00DA 0101 1001	0
	A	 0101 000A 0101 1001	0
003D46	5059	MOVF LINEDIFFX_H,W,ACCESS
	F	 0101 10DA FFFF FFFF	1375
	D	 0101 10DA 0101 1111	0
	A	 0101 100A 0101 1111	0
003D48	585F	SUBWFB LINEDIFFY_X2_H,W,ACCESS
	F	 0110 111A FFFF FFFF	1377
	A	 0110 111A 0110 0001	1
003D4A	6F61	MOVWF LINEERR_H,BANKED
		SYSDOLOOP_S6
	S	1111 DDDD DDDD DDDD:1100 SSSS SSSS SSSS	1382
	D	1111 DDDD DDDD DDDD:1100 0101 0110 0110	1285
003D4C	C566 F505	MOVFF LINEX1,SYSWORDTEMPA
	S	1111 DDDD DDDD DDDD:1100 SSSS SSSS SSSS	1383
	D	1111 DDDD DDDD DDDD:1100 0101 0110 0111	1286
003D50	C567 F506	MOVFF LINEX1_H,SYSWORDTEMPA_H
	S	1111 DDDD DDDD DDDD:1100 SSSS SSSS SSSS	1384
	D	1111 DDDD DDDD DDDD:1100 0101 0110 1000	1289
003D54	C568 F509	MOVFF LINEX2,SYSWORDTEMPB
	S	1111 DDDD DDDD DDDD:1100 SSSS SSSS SSSS	1385
	D	1111 DDDD DDDD DDDD:1100 0101 0110 1001	1290
003D58	C569 F50A	MOVFF LINEX2_H,SYSWORDTEMPB_H
	K	 0000 0001 00KK KKKK	0
000000	0100	BANKSEL 0
	N	 1101 1NNN NNNN NNNN	1390
003D5E	DD6E	RCALL SYSCOMPEQUAL16
	F	 0001 11DA FFFF FFFF	1280
	D	 0001 11DA 0000 0000	1
	A	 0001 111A 0000 0000	0
003D60	1E00	COMF SYSBYTETEMPX,F,ACCESS
	F	 1010 BBBA FFFF FFFF	1280
	B	 1010 BBBA 0000 0000	0
	A	 1010 000A 0000 0000	0
003D62	A000	BTFSS SYSBYTETEMPX,0,ACCESS
	N	 1101 0NNN NNNN NNNN	51
003D64	D033	BRA SYSDOLOOP_E6
	S	1111 DDDD DDDD DDDD:1100 SSSS SSSS SSSS	1382
	D	1111 DDDD DDDD DDDD:1100 0101 0110 0110	1350
003D66	C566 F546	MOVFF LINEX1,GLCDX
	S	1111 DDDD DDDD DDDD:1100 SSSS SSSS SSSS	1383
	D	1111 DDDD DDDD DDDD:1100 0101 0110 0111	1351
003D6A	C567 F547	MOVFF LINEX1_H,GLCDX_H
	S	1111 DDDD DDDD DDDD:1100 SSSS SSSS SSSS	1386
	D	1111 DDDD DDDD DDDD:1100 0101 0110 1010	1352
003D6E	C56A F548	MOVFF LINEY1,GLCDY
	S	1111 DDDD DDDD DDDD:1100 SSSS SSSS SSSS	1387
	D	1111 DDDD DDDD DDDD:1100 0101 0110 1011	1353
003D72	C56B F549	MOVFF LINEY1_H,GLCDY_H
	S	1111 DDDD DDDD DDDD:1100 SSSS SSSS SSSS	1366
	D	1111 DDDD DDDD DDDD:1100 0101 0101 0110	1327
003D76	C556 F52F	MOVFF LINECOLOUR,GLCDCOLOUR
	S	1111 DDDD DDDD DDDD:1100 SSSS SSSS SSSS	1367
	D	1111 DDDD DDDD DDDD:1100 0101 0101 0111	1328
003D7A	C557 F530	MOVFF LINECOLOUR_H,GLCDCOLOUR_H
	K	1111 KKKK KKKK KKKK:1110 110S KKKK KKKK	10336
	S	1111 0000 0001 0100:1110 110S 0011 0000	0
003D7E	EC30 F014	CALL PSET_ILI9341
	K	 0000 0001 00KK KKKK	5
000000	0105	BANKSEL LINESTEPX
	F	 0101 00DA FFFF FFFF	1378
	D	 0101 00DA 0110 0010	0
	A	 0101 000A 0110 0010	1
003D84	5162	MOVF LINESTEPX,W,BANKED
	F	 0010 01DA FFFF FFFF	1382
	D	 0010 01DA 0110 0110	1
	A	 0010 011A 0110 0110	1
003D86	2766	ADDWF LINEX1,F,BANKED
	F	 0101 00DA FFFF FFFF	1379
	D	 0101 00DA 0110 0011	0
	A	 0101 000A 0110 0011	1
003D88	5163	MOVF LINESTEPX_H,W,BANKED
	F	 0010 00DA FFFF FFFF	1383
	D	 0010 00DA 0110 0111	1
	A	 0010 001A 0110 0111	1
003D8A	2367	ADDWFC LINEX1_H,F,BANKED
	S	1111 DDDD DDDD DDDD:1100 SSSS SSSS SSSS	1376
	D	1111 DDDD DDDD DDDD:1100 0101 0110 0000	1285
003D8C	C560 F505	MOVFF LINEERR,SYSINTEGERTEMPA
	S	1111 DDDD DDDD DDDD:1100 SSSS SSSS SSSS	1377
	D	1111 DDDD DDDD DDDD:1100 0101 0110 0001	1286
003D90	C561 F506	MOVFF LINEERR_H,SYSINTEGERTEMPA_H
	F	 0110 101A FFFF FFFF	1289
	A	 0110 101A 0000 1001	0
003D94	6A09	CLRF SYSINTEGERTEMPB,ACCESS
	F	 0110 101A FFFF FFFF	1290
	A	 0110 101A 0000 1010	0
003D96	6A0A	CLRF SYSINTEGERTEMPB_H,ACCESS
	K	 0000 0001 00KK KKKK	0
000000	0100	BANKSEL 0
	N	 1101 1NNN NNNN NNNN	1425
003D9A	DD91	RCALL SYSCOMPLESSTHANINT
	F	 1010 BBBA FFFF FFFF	1280
	B	 1010 BBBA 0000 0000	0
	A	 1010 000A 0000 0000	0
003D9C	A000	BTFSS SYSBYTETEMPX,0,ACCESS
	N	 1101 0NNN NNNN NNNN	6
003D9E	D006	BRA ELSE21_1
	F	 0101 00DA FFFF FFFF	1374
	D	 0101 00DA 0101 1110	0
	A	 0101 000A 0101 1110	0
003DA0	505E	MOVF LINEDIFFY_X2,W,ACCESS
	K	 0000 0001 00KK KKKK	5
000000	0105	BANKSEL LINEERR
	F	 0010 01DA FFFF FFFF	1376
	D	 0010 01DA 0110 0000	1
	A	 0010 011A 0110 0000	1
003DA4	2760	ADDWF LINEERR,F,BANKED
	F	 0101 00DA FFFF FFFF	1375
	D	 0101 00DA 0101 1111	0
	A	 0101 000A 0101 1111	0
003DA6	505F	MOVF LINEDIFFY_X2_H,W,ACCESS
	F	 0010 00DA FFFF FFFF	1377
	D	 0010 00DA 0110 0001	1
	A	 0010 001A 0110 0001	1
003DA8	2361	ADDWFC LINEERR_H,F,BANKED
	N	 1101 0NNN NNNN NNNN	15
003DAA	D00F	BRA ENDIF21
		ELSE21_1
	F	 0101 00DA FFFF FFFF	1370
	D	 0101 00DA 0101 1010	0
	A	 0101 000A 0101 1010	0
003DAC	505A	MOVF LINEDIFFX_X2,W,ACCESS
	F	 0101 11DA FFFF FFFF	1374
	D	 0101 11DA 0101 1110	0
	A	 0101 110A 0101 1110	0
003DAE	5C5E	SUBWF LINEDIFFY_X2,W,ACCESS
	K	 0000 0001 00KK KKKK	5
000000	0105	BANKSEL SYSTEMP3
	F	 0110 111A FFFF FFFF	1458
	A	 0110 111A 1011 0010	1
003DB2	6FB2	MOVWF SYSTEMP3,BANKED
	F	 0101 00DA FFFF FFFF	1371
	D	 0101 00DA 0101 1011	0
	A	 0101 000A 0101 1011	0
003DB4	505B	MOVF LINEDIFFX_X2_H,W,ACCESS
	F	 0101 10DA FFFF FFFF	1375
	D	 0101 10DA 0101 1111	0
	A	 0101 100A 0101 1111	0
003DB6	585F	SUBWFB LINEDIFFY_X2_H,W,ACCESS
	F	 0110 111A FFFF FFFF	1459
	A	 0110 111A 1011 0011	1
003DB8	6FB3	MOVWF SYSTEMP3_H,BANKED
	F	 0101 00DA FFFF FFFF	1458
	D	 0101 00DA 1011 0010	0
	A	 0101 000A 1011 0010	1
003DBA	51B2	MOVF SYSTEMP3,W,BANKED
	F	 0010 01DA FFFF FFFF	1376
	D	 0010 01DA 0110 0000	1
	A	 0010 011A 0110 0000	1
003DBC	2760	ADDWF LINEERR,F,BANKED
	F	 0101 00DA FFFF FFFF	1459
	D	 0101 00DA 1011 0011	0
	A	 0101 000A 1011 0011	1
003DBE	51B3	MOVF SYSTEMP3_H,W,BANKED
	F	 0010 00DA FFFF FFFF	1377
	D	 0010 00DA 0110 0001	1
	A	 0010 001A 0110 0001	1
003DC0	2361	ADDWFC LINEERR_H,F,BANKED
	F	 0101 00DA FFFF FFFF	1380
	D	 0101 00DA 0110 0100	0
	A	 0101 000A 0110 0100	1
003DC2	5164	MOVF LINESTEPY,W,BANKED
	F	 0010 01DA FFFF FFFF	1386
	D	 0010 01DA 0110 1010	1
	A	 0010 011A 0110 1010	1
003DC4	276A	ADDWF LINEY1,F,BANKED
	F	 0101 00DA FFFF FFFF	1381
	D	 0101 00DA 0110 0101	0
	A	 0101 000A 0110 0101	1
003DC6	5165	MOVF LINESTEPY_H,W,BANKED
	F	 0010 00DA FFFF FFFF	1387
	D	 0010 00DA 0110 1011	1
	A	 0010 001A 0110 1011	1
003DC8	236B	ADDWFC LINEY1_H,F,BANKED
		ENDIF21
	N	 1101 0NNN NNNN NNNN	1984
003DCA	D7C0	BRA SYSDOLOOP_S6
		SYSDOLOOP_E6
	S	1111 DDDD DDDD DDDD:1100 SSSS SSSS SSSS	1382
	D	1111 DDDD DDDD DDDD:1100 0101 0110 0110	1350
003DCC	C566 F546	MOVFF LINEX1,GLCDX
	S	1111 DDDD DDDD DDDD:1100 SSSS SSSS SSSS	1383
	D	1111 DDDD DDDD DDDD:1100 0101 0110 0111	1351
003DD0	C567 F547	MOVFF LINEX1_H,GLCDX_H
	S	1111 DDDD DDDD DDDD:1100 SSSS SSSS SSSS	1386
	D	1111 DDDD DDDD DDDD:1100 0101 0110 1010	1352
003DD4	C56A F548	MOVFF LINEY1,GLCDY
	S	1111 DDDD DDDD DDDD:1100 SSSS SSSS SSSS	1387
	D	1111 DDDD DDDD DDDD:1100 0101 0110 1011	1353
003DD8	C56B F549	MOVFF LINEY1_H,GLCDY_H
	S	1111 DDDD DDDD DDDD:1100 SSSS SSSS SSSS	1366
	D	1111 DDDD DDDD DDDD:1100 0101 0101 0110	1327
003DDC	C556 F52F	MOVFF LINECOLOUR,GLCDCOLOUR
	S	1111 DDDD DDDD DDDD:1100 SSSS SSSS SSSS	1367
	D	1111 DDDD DDDD DDDD:1100 0101 0101 0111	1328
003DE0	C557 F530	MOVFF LINECOLOUR_H,GLCDCOLOUR_H
	K	1111 KKKK KKKK KKKK:1110 110S KKKK KKKK	10336
	S	1111 0000 0001 0100:1110 110S 0011 0000	0
003DE4	EC30 F014	CALL PSET_ILI9341
	N	 1101 0NNN NNNN NNNN	85
003DE8	D055	BRA ENDIF20
		ELSE20_1
	F	 0101 00DA FFFF FFFF	1372
	D	 0101 00DA 0101 1100	0
	A	 0101 000A 0101 1100	0
003DEA	505C	MOVF LINEDIFFY,W,ACCESS
	F	 0101 11DA FFFF FFFF	1370
	D	 0101 11DA 0101 1010	0
	A	 0101 110A 0101 1010	0
003DEC	5C5A	SUBWF LINEDIFFX_X2,W,ACCESS
	K	 0000 0001 00KK KKKK	5
000000	0105	BANKSEL LINEERR
	F	 0110 111A FFFF FFFF	1376
	A	 0110 111A 0110 0000	1
003DF0	6F60	MOVWF LINEERR,BANKED
	F	 0101 00DA FFFF FFFF	1373
	D	 0101 00DA 0101 1101	0
	A	 0101 000A 0101 1101	0
003DF2	505D	MOVF LINEDIFFY_H,W,ACCESS
	F	 0101 10DA FFFF FFFF	1371
	D	 0101 10DA 0101 1011	0
	A	 0101 100A 0101 1011	0
003DF4	585B	SUBWFB LINEDIFFX_X2_H,W,ACCESS
	F	 0110 111A FFFF FFFF	1377
	A	 0110 111A 0110 0001	1
003DF6	6F61	MOVWF LINEERR_H,BANKED
		SYSDOLOOP_S7
	S	1111 DDDD DDDD DDDD:1100 SSSS SSSS SSSS	1386
	D	1111 DDDD DDDD DDDD:1100 0101 0110 1010	1285
003DF8	C56A F505	MOVFF LINEY1,SYSWORDTEMPA
	S	1111 DDDD DDDD DDDD:1100 SSSS SSSS SSSS	1387
	D	1111 DDDD DDDD DDDD:1100 0101 0110 1011	1286
003DFC	C56B F506	MOVFF LINEY1_H,SYSWORDTEMPA_H
	S	1111 DDDD DDDD DDDD:1100 SSSS SSSS SSSS	1388
	D	1111 DDDD DDDD DDDD:1100 0101 0110 1100	1289
003E00	C56C F509	MOVFF LINEY2,SYSWORDTEMPB
	S	1111 DDDD DDDD DDDD:1100 SSSS SSSS SSSS	1389
	D	1111 DDDD DDDD DDDD:1100 0101 0110 1101	1290
003E04	C56D F50A	MOVFF LINEY2_H,SYSWORDTEMPB_H
	K	 0000 0001 00KK KKKK	0
000000	0100	BANKSEL 0
	N	 1101 1NNN NNNN NNNN	1304
003E0A	DD18	RCALL SYSCOMPEQUAL16
	F	 0001 11DA FFFF FFFF	1280
	D	 0001 11DA 0000 0000	1
	A	 0001 111A 0000 0000	0
003E0C	1E00	COMF SYSBYTETEMPX,F,ACCESS
	F	 1010 BBBA FFFF FFFF	1280
	B	 1010 BBBA 0000 0000	0
	A	 1010 000A 0000 0000	0
003E0E	A000	BTFSS SYSBYTETEMPX,0,ACCESS
	N	 1101 0NNN NNNN NNNN	51
003E10	D033	BRA SYSDOLOOP_E7
	S	1111 DDDD DDDD DDDD:1100 SSSS SSSS SSSS	1382
	D	1111 DDDD DDDD DDDD:1100 0101 0110 0110	1350
003E12	C566 F546	MOVFF LINEX1,GLCDX
	S	1111 DDDD DDDD DDDD:1100 SSSS SSSS SSSS	1383
	D	1111 DDDD DDDD DDDD:1100 0101 0110 0111	1351
003E16	C567 F547	MOVFF LINEX1_H,GLCDX_H
	S	1111 DDDD DDDD DDDD:1100 SSSS SSSS SSSS	1386
	D	1111 DDDD DDDD DDDD:1100 0101 0110 1010	1352
003E1A	C56A F548	MOVFF LINEY1,GLCDY
	S	1111 DDDD DDDD DDDD:1100 SSSS SSSS SSSS	1387
	D	1111 DDDD DDDD DDDD:1100 0101 0110 1011	1353
003E1E	C56B F549	MOVFF LINEY1_H,GLCDY_H
	S	1111 DDDD DDDD DDDD:1100 SSSS SSSS SSSS	1366
	D	1111 DDDD DDDD DDDD:1100 0101 0101 0110	1327
003E22	C556 F52F	MOVFF LINECOLOUR,GLCDCOLOUR
	S	1111 DDDD DDDD DDDD:1100 SSSS SSSS SSSS	1367
	D	1111 DDDD DDDD DDDD:1100 0101 0101 0111	1328
003E26	C557 F530	MOVFF LINECOLOUR_H,GLCDCOLOUR_H
	K	1111 KKKK KKKK KKKK:1110 110S KKKK KKKK	10336
	S	1111 0000 0001 0100:1110 110S 0011 0000	0
003E2A	EC30 F014	CALL PSET_ILI9341
	K	 0000 0001 00KK KKKK	5
000000	0105	BANKSEL LINESTEPY
	F	 0101 00DA FFFF FFFF	1380
	D	 0101 00DA 0110 0100	0
	A	 0101 000A 0110 0100	1
003E30	5164	MOVF LINESTEPY,W,BANKED
	F	 0010 01DA FFFF FFFF	1386
	D	 0010 01DA 0110 1010	1
	A	 0010 011A 0110 1010	1
003E32	276A	ADDWF LINEY1,F,BANKED
	F	 0101 00DA FFFF FFFF	1381
	D	 0101 00DA 0110 0101	0
	A	 0101 000A 0110 0101	1
003E34	5165	MOVF LINESTEPY_H,W,BANKED
	F	 0010 00DA FFFF FFFF	1387
	D	 0010 00DA 0110 1011	1
	A	 0010 001A 0110 1011	1
003E36	236B	ADDWFC LINEY1_H,F,BANKED
	S	1111 DDDD DDDD DDDD:1100 SSSS SSSS SSSS	1376
	D	1111 DDDD DDDD DDDD:1100 0101 0110 0000	1285
003E38	C560 F505	MOVFF LINEERR,SYSINTEGERTEMPA
	S	1111 DDDD DDDD DDDD:1100 SSSS SSSS SSSS	1377
	D	1111 DDDD DDDD DDDD:1100 0101 0110 0001	1286
003E3C	C561 F506	MOVFF LINEERR_H,SYSINTEGERTEMPA_H
	F	 0110 101A FFFF FFFF	1289
	A	 0110 101A 0000 1001	0
003E40	6A09	CLRF SYSINTEGERTEMPB,ACCESS
	F	 0110 101A FFFF FFFF	1290
	A	 0110 101A 0000 1010	0
003E42	6A0A	CLRF SYSINTEGERTEMPB_H,ACCESS
	K	 0000 0001 00KK KKKK	0
000000	0100	BANKSEL 0
	N	 1101 1NNN NNNN NNNN	1339
003E46	DD3B	RCALL SYSCOMPLESSTHANINT
	F	 1010 BBBA FFFF FFFF	1280
	B	 1010 BBBA 0000 0000	0
	A	 1010 000A 0000 0000	0
003E48	A000	BTFSS SYSBYTETEMPX,0,ACCESS
	N	 1101 0NNN NNNN NNNN	6
003E4A	D006	BRA ELSE22_1
	F	 0101 00DA FFFF FFFF	1370
	D	 0101 00DA 0101 1010	0
	A	 0101 000A 0101 1010	0
003E4C	505A	MOVF LINEDIFFX_X2,W,ACCESS
	K	 0000 0001 00KK KKKK	5
000000	0105	BANKSEL LINEERR
	F	 0010 01DA FFFF FFFF	1376
	D	 0010 01DA 0110 0000	1
	A	 0010 011A 0110 0000	1
003E50	2760	ADDWF LINEERR,F,BANKED
	F	 0101 00DA FFFF FFFF	1371
	D	 0101 00DA 0101 1011	0
	A	 0101 000A 0101 1011	0
003E52	505B	MOVF LINEDIFFX_X2_H,W,ACCESS
	F	 0010 00DA FFFF FFFF	1377
	D	 0010 00DA 0110 0001	1
	A	 0010 001A 0110 0001	1
003E54	2361	ADDWFC LINEERR_H,F,BANKED
	N	 1101 0NNN NNNN NNNN	15
003E56	D00F	BRA ENDIF22
		ELSE22_1
	F	 0101 00DA FFFF FFFF	1374
	D	 0101 00DA 0101 1110	0
	A	 0101 000A 0101 1110	0
003E58	505E	MOVF LINEDIFFY_X2,W,ACCESS
	F	 0101 11DA FFFF FFFF	1370
	D	 0101 11DA 0101 1010	0
	A	 0101 110A 0101 1010	0
003E5A	5C5A	SUBWF LINEDIFFX_X2,W,ACCESS
	K	 0000 0001 00KK KKKK	5
000000	0105	BANKSEL SYSTEMP3
	F	 0110 111A FFFF FFFF	1458
	A	 0110 111A 1011 0010	1
003E5E	6FB2	MOVWF SYSTEMP3,BANKED
	F	 0101 00DA FFFF FFFF	1375
	D	 0101 00DA 0101 1111	0
	A	 0101 000A 0101 1111	0
003E60	505F	MOVF LINEDIFFY_X2_H,W,ACCESS
	F	 0101 10DA FFFF FFFF	1371
	D	 0101 10DA 0101 1011	0
	A	 0101 100A 0101 1011	0
003E62	585B	SUBWFB LINEDIFFX_X2_H,W,ACCESS
	F	 0110 111A FFFF FFFF	1459
	A	 0110 111A 1011 0011	1
003E64	6FB3	MOVWF SYSTEMP3_H,BANKED
	F	 0101 00DA FFFF FFFF	1458
	D	 0101 00DA 1011 0010	0
	A	 0101 000A 1011 0010	1
003E66	51B2	MOVF SYSTEMP3,W,BANKED
	F	 0010 01DA FFFF FFFF	1376
	D	 0010 01DA 0110 0000	1
	A	 0010 011A 0110 0000	1
003E68	2760	ADDWF LINEERR,F,BANKED
	F	 0101 00DA FFFF FFFF	1459
	D	 0101 00DA 1011 0011	0
	A	 0101 000A 1011 0011	1
003E6A	51B3	MOVF SYSTEMP3_H,W,BANKED
	F	 0010 00DA FFFF FFFF	1377
	D	 0010 00DA 0110 0001	1
	A	 0010 001A 0110 0001	1
003E6C	2361	ADDWFC LINEERR_H,F,BANKED
	F	 0101 00DA FFFF FFFF	1378
	D	 0101 00DA 0110 0010	0
	A	 0101 000A 0110 0010	1
003E6E	5162	MOVF LINESTEPX,W,BANKED
	F	 0010 01DA FFFF FFFF	1382
	D	 0010 01DA 0110 0110	1
	A	 0010 011A 0110 0110	1
003E70	2766	ADDWF LINEX1,F,BANKED
	F	 0101 00DA FFFF FFFF	1379
	D	 0101 00DA 0110 0011	0
	A	 0101 000A 0110 0011	1
003E72	5163	MOVF LINESTEPX_H,W,BANKED
	F	 0010 00DA FFFF FFFF	1383
	D	 0010 00DA 0110 0111	1
	A	 0010 001A 0110 0111	1
003E74	2367	ADDWFC LINEX1_H,F,BANKED
		ENDIF22
	N	 1101 0NNN NNNN NNNN	1984
003E76	D7C0	BRA SYSDOLOOP_S7
		SYSDOLOOP_E7
	S	1111 DDDD DDDD DDDD:1100 SSSS SSSS SSSS	1382
	D	1111 DDDD DDDD DDDD:1100 0101 0110 0110	1350
003E78	C566 F546	MOVFF LINEX1,GLCDX
	S	1111 DDDD DDDD DDDD:1100 SSSS SSSS SSSS	1383
	D	1111 DDDD DDDD DDDD:1100 0101 0110 0111	1351
003E7C	C567 F547	MOVFF LINEX1_H,GLCDX_H
	S	1111 DDDD DDDD DDDD:1100 SSSS SSSS SSSS	1386
	D	1111 DDDD DDDD DDDD:1100 0101 0110 1010	1352
003E80	C56A F548	MOVFF LINEY1,GLCDY
	S	1111 DDDD DDDD DDDD:1100 SSSS SSSS SSSS	1387
	D	1111 DDDD DDDD DDDD:1100 0101 0110 1011	1353
003E84	C56B F549	MOVFF LINEY1_H,GLCDY_H
	S	1111 DDDD DDDD DDDD:1100 SSSS SSSS SSSS	1366
	D	1111 DDDD DDDD DDDD:1100 0101 0101 0110	1327
003E88	C556 F52F	MOVFF LINECOLOUR,GLCDCOLOUR
	S	1111 DDDD DDDD DDDD:1100 SSSS SSSS SSSS	1367
	D	1111 DDDD DDDD DDDD:1100 0101 0101 0111	1328
003E8C	C557 F530	MOVFF LINECOLOUR_H,GLCDCOLOUR_H
	K	1111 KKKK KKKK KKKK:1110 110S KKKK KKKK	10336
	S	1111 0000 0001 0100:1110 110S 0011 0000	0
003E90	EC30 F014	CALL PSET_ILI9341
		ENDIF20
	S	 0000 0000 0001 001S	0
003E94	0012	RETURN


