GCASM List File (GCBASIC 2026.07.24 (Windows 64 bit) : Build 1610)

Symbols:
-X 	EQU 	30
-Y 	EQU 	26
-Z 	EQU 	18
ACBG 	EQU 	6
ACD 	EQU 	7
ACI 	EQU 	4
ACIC 	EQU 	2
ACIE 	EQU 	3
ACIS0 	EQU 	0
ACIS1 	EQU 	1
ACME 	EQU 	6
ACO 	EQU 	5
ACSR 	EQU 	48
ADATE 	EQU 	5
ADC0D 	EQU 	0
ADC1D 	EQU 	1
ADC2D 	EQU 	2
ADC3D 	EQU 	3
ADC4D 	EQU 	4
ADC5D 	EQU 	5
ADCH 	EQU 	121
ADCH0 	EQU 	0
ADCH1 	EQU 	1
ADCH2 	EQU 	2
ADCH3 	EQU 	3
ADCH4 	EQU 	4
ADCH5 	EQU 	5
ADCH6 	EQU 	6
ADCH7 	EQU 	7
ADCL 	EQU 	120
ADCL0 	EQU 	0
ADCL1 	EQU 	1
ADCL2 	EQU 	2
ADCL3 	EQU 	3
ADCL4 	EQU 	4
ADCL5 	EQU 	5
ADCL6 	EQU 	6
ADCL7 	EQU 	7
ADCSRA 	EQU 	122
ADCSRB 	EQU 	123
ADEN 	EQU 	7
ADIE 	EQU 	3
ADIF 	EQU 	4
ADLAR 	EQU 	5
ADMUX 	EQU 	124
ADPS0 	EQU 	0
ADPS1 	EQU 	1
ADPS2 	EQU 	2
ADSC 	EQU 	6
ADTS0 	EQU 	0
ADTS1 	EQU 	1
ADTS2 	EQU 	2
AIN0D 	EQU 	0
AIN1D 	EQU 	1
ANOBIUMFULL 	EQU 	1161
ANOBIUMFULL_H 	EQU 	1651
AS2 	EQU 	5
ASSR 	EQU 	182
BASPROGRAMEND 	EQU 	1159
BASPROGRAMSTART 	EQU 	52
BLBSET 	EQU 	3
BODS 	EQU 	6
BODSE 	EQU 	5
BORF 	EQU 	2
BOX16 	EQU 	1666
BYTENUMBER 	EQU 	1393
C 	EQU 	0
CAL0 	EQU 	0
CAL1 	EQU 	1
CAL2 	EQU 	2
CAL3 	EQU 	3
CAL4 	EQU 	4
CAL5 	EQU 	5
CAL6 	EQU 	6
CAL7 	EQU 	7
CCOUNT 	EQU 	1394
CHARCODE 	EQU 	1395
CHARCOL 	EQU 	1396
CHARCOLS 	EQU 	1398
CHARCOL_H 	EQU 	1397
CHARLOCX 	EQU 	1399
CHARLOCX_H 	EQU 	1400
CHARLOCY 	EQU 	1401
CHARLOCY_H 	EQU 	1402
CHARROW 	EQU 	1403
CHARROWS 	EQU 	1405
CHARROW_H 	EQU 	1404
CIRCLE19 	EQU 	1905
CLKPCE 	EQU 	7
CLKPR 	EQU 	97
CLKPS0 	EQU 	0
CLKPS1 	EQU 	1
CLKPS2 	EQU 	2
CLKPS3 	EQU 	3
COL 	EQU 	1406
COM0A0 	EQU 	6
COM0A1 	EQU 	7
COM0B0 	EQU 	4
COM0B1 	EQU 	5
COM1A0 	EQU 	6
COM1A1 	EQU 	7
COM1B0 	EQU 	4
COM1B1 	EQU 	5
COM2A0 	EQU 	6
COM2A1 	EQU 	7
COM2B0 	EQU 	4
COM2B1 	EQU 	5
CPHA 	EQU 	2
CPOL 	EQU 	3
CS00 	EQU 	0
CS01 	EQU 	1
CS02 	EQU 	2
CS10 	EQU 	0
CS11 	EQU 	1
CS12 	EQU 	2
CS20 	EQU 	0
CS21 	EQU 	1
CS22 	EQU 	2
CURRCHARCOL 	EQU 	1407
CURRCHARROW 	EQU 	1408
CURRCHARVAL 	EQU 	1409
CURSOR_POSITION_SSD1309 	EQU 	2219
DDB0 	EQU 	0
DDB1 	EQU 	1
DDB2 	EQU 	2
DDB3 	EQU 	3
DDB4 	EQU 	4
DDB5 	EQU 	5
DDB6 	EQU 	6
DDB7 	EQU 	7
DDC0 	EQU 	0
DDC1 	EQU 	1
DDC2 	EQU 	2
DDC3 	EQU 	3
DDC4 	EQU 	4
DDC5 	EQU 	5
DDC6 	EQU 	6
DDD0 	EQU 	0
DDD1 	EQU 	1
DDD2 	EQU 	2
DDD3 	EQU 	3
DDD4 	EQU 	4
DDD5 	EQU 	5
DDD6 	EQU 	6
DDD7 	EQU 	7
DDF_X 	EQU 	1410
DDF_X_H 	EQU 	1411
DDF_Y 	EQU 	1412
DDF_Y_H 	EQU 	1413
DDRB 	EQU 	4
DDRC 	EQU 	7
DDRD 	EQU 	10
DELAYTEMP 	EQU 	r25
DELAYTEMP2 	EQU 	r26
DELAY_MS 	EQU 	2309
DELAY_S 	EQU 	2321
DIDR0 	EQU 	126
DIDR1 	EQU 	127
DIM_STATE 	EQU 	1414
DMS_INNER 	EQU 	2312
DMS_OUTER 	EQU 	2311
DMS_START 	EQU 	2310
DOR0 	EQU 	3
DORD 	EQU 	5
DRAWLINE 	EQU 	1415
DRAWLINE_H 	EQU 	1416
DS_START 	EQU 	2321
EEAR0 	EQU 	0
EEAR1 	EQU 	1
EEAR2 	EQU 	2
EEAR3 	EQU 	3
EEAR4 	EQU 	4
EEAR5 	EQU 	5
EEAR6 	EQU 	6
EEAR7 	EQU 	7
EEAR8 	EQU 	0
EEAR9 	EQU 	1
EEARH 	EQU 	34
EEARL 	EQU 	33
EECR 	EQU 	31
EEDR 	EQU 	32
EEDR0 	EQU 	0
EEDR1 	EQU 	1
EEDR2 	EQU 	2
EEDR3 	EQU 	3
EEDR4 	EQU 	4
EEDR5 	EQU 	5
EEDR6 	EQU 	6
EEDR7 	EQU 	7
EEMPE 	EQU 	2
EEPE 	EQU 	1
EEPM0 	EQU 	4
EEPM1 	EQU 	5
EERE 	EQU 	0
EERIE 	EQU 	3
EICRA 	EQU 	105
EIFR 	EQU 	28
EIMSK 	EQU 	29
ELSE21_1 	EQU 	2172
ELSE26_1 	EQU 	5644
ELSE27_1 	EQU 	5665
ELSE28_1 	EQU 	5866
ELSE29_1 	EQU 	5811
ELSE30_1 	EQU 	5947
ELSE31_1 	EQU 	6081
ELSE32_1 	EQU 	6102
ELSE33_1 	EQU 	6303
ELSE34_1 	EQU 	6248
ELSE35_1 	EQU 	6384
ELSE48_1 	EQU 	5066
ELSE55_1 	EQU 	4392
ELSE65_1 	EQU 	3309
ELSE72_1 	EQU 	3567
ELSE7_1 	EQU 	281
ELSE83_1 	EQU 	4548
ELSE84_1 	EQU 	4584
ELSE86_1 	EQU 	4066
ELSE87_1 	EQU 	4097
ENDIF10 	EQU 	3887
ENDIF11 	EQU 	3970
ENDIF12 	EQU 	4046
ENDIF13 	EQU 	3724
ENDIF15 	EQU 	1702
ENDIF16 	EQU 	1738
ENDIF2 	EQU 	226
ENDIF21 	EQU 	2217
ENDIF22 	EQU 	2573
ENDIF23 	EQU 	5518
ENDIF25 	EQU 	5558
ENDIF26 	EQU 	5649
ENDIF27 	EQU 	5670
ENDIF28 	EQU 	6001
ENDIF29 	EQU 	5847
ENDIF3 	EQU 	302
ENDIF30 	EQU 	5983
ENDIF31 	EQU 	6086
ENDIF32 	EQU 	6107
ENDIF33 	EQU 	6438
ENDIF34 	EQU 	6284
ENDIF35 	EQU 	6420
ENDIF36 	EQU 	5375
ENDIF38 	EQU 	5405
ENDIF39 	EQU 	5416
ENDIF4 	EQU 	312
ENDIF40 	EQU 	5428
ENDIF41 	EQU 	5108
ENDIF42 	EQU 	5130
ENDIF43 	EQU 	5326
ENDIF44 	EQU 	5337
ENDIF45 	EQU 	5358
ENDIF46 	EQU 	5182
ENDIF47 	EQU 	5292
ENDIF48 	EQU 	5068
ENDIF49 	EQU 	5045
ENDIF51 	EQU 	4848
ENDIF52 	EQU 	4889
ENDIF53 	EQU 	4930
ENDIF54 	EQU 	4970
ENDIF55 	EQU 	4453
ENDIF6 	EQU 	1157
ENDIF65 	EQU 	3344
ENDIF66 	EQU 	3308
ENDIF67 	EQU 	3344
ENDIF68 	EQU 	3381
ENDIF69 	EQU 	3429
ENDIF7 	EQU 	302
ENDIF70 	EQU 	3510
ENDIF71 	EQU 	3526
ENDIF72 	EQU 	3598
ENDIF73 	EQU 	3641
ENDIF74 	EQU 	3653
ENDIF75 	EQU 	3676
ENDIF76 	EQU 	3694
ENDIF77 	EQU 	2345
ENDIF78 	EQU 	2363
ENDIF8 	EQU 	3797
ENDIF83 	EQU 	4552
ENDIF84 	EQU 	4591
ENDIF85 	EQU 	4634
ENDIF86 	EQU 	4068
ENDIF87 	EQU 	4103
ENDIF9 	EQU 	3813
EXCLK 	EQU 	6
EXTREF 	EQU 	1
EXTRF 	EQU 	1
FE0 	EQU 	4
FF 	EQU 	1417
FF_H 	EQU 	1418
FILLCIRCLEXX 	EQU 	1419
FILLCIRCLEYY 	EQU 	1420
FILLEDBOX_SSD1309 	EQU 	2327
FILLEDCIRCLE22 	EQU 	2425
FIRSTPASS 	EQU 	1421
FN_PAD 	EQU 	4266
FN_STR 	EQU 	4804
FN__HEXPICAS 	EQU 	5498
FOC0A 	EQU 	7
FOC0B 	EQU 	6
FOC1A 	EQU 	7
FOC1B 	EQU 	6
FOC2A 	EQU 	7
FOC2B 	EQU 	6
GLCDBACKGROUND 	EQU 	1422
GLCDBACKGROUND_H 	EQU 	1423
GLCDBITNO 	EQU 	1424
GLCDCHANGE 	EQU 	1425
GLCDCHARCOL3 	EQU 	2822
GLCDCHARCOL4 	EQU 	2890
GLCDCHARCOL5 	EQU 	2958
GLCDCHARCOL6 	EQU 	3026
GLCDCHARCOL7 	EQU 	3094
GLCDCLS_SSD1309 	EQU 	3162
GLCDCOLOUR 	EQU 	1426
GLCDCOLOUR_H 	EQU 	1427
GLCDDATATEMP 	EQU 	1428
GLCDDRAWCHAR_SSD1309 	EQU 	3358
GLCDDRAWSTRING 	EQU 	3706
GLCDFNTDEFAULT 	EQU 	1429
GLCDFNTDEFAULTHEIGHT 	EQU 	1430
GLCDFNTDEFAULTSIZE 	EQU 	1431
GLCDFONTWIDTH 	EQU 	1432
GLCDFOREGROUND 	EQU 	1433
GLCDFOREGROUND_H 	EQU 	1434
GLCDPRINT4 	EQU 	3785
GLCDPRINT7 	EQU 	3896
GLCDPRINTLEN 	EQU 	1435
GLCDPRINTLOC 	EQU 	1436
GLCDPRINTLOC_H 	EQU 	1437
GLCDPRINT_STRING_COUNTER 	EQU 	1438
GLCDTEMP 	EQU 	1439
GLCDTEMP_H 	EQU 	1440
GLCDX 	EQU 	1441
GLCDY 	EQU 	1442
GLCD_YORDINATE 	EQU 	1443
GLCD_YORDINATE_H 	EQU 	1444
GPIOR0 	EQU 	30
GPIOR00 	EQU 	0
GPIOR01 	EQU 	1
GPIOR02 	EQU 	2
GPIOR03 	EQU 	3
GPIOR04 	EQU 	4
GPIOR05 	EQU 	5
GPIOR06 	EQU 	6
GPIOR07 	EQU 	7
GPIOR1 	EQU 	42
GPIOR10 	EQU 	0
GPIOR11 	EQU 	1
GPIOR12 	EQU 	2
GPIOR13 	EQU 	3
GPIOR14 	EQU 	4
GPIOR15 	EQU 	5
GPIOR16 	EQU 	6
GPIOR17 	EQU 	7
GPIOR2 	EQU 	43
GPIOR20 	EQU 	0
GPIOR21 	EQU 	1
GPIOR22 	EQU 	2
GPIOR23 	EQU 	3
GPIOR24 	EQU 	4
GPIOR25 	EQU 	5
GPIOR26 	EQU 	6
GPIOR27 	EQU 	7
GTCCR 	EQU 	35
H 	EQU 	5
HEIGHTOFPICTURE 	EQU 	1445
I 	EQU 	7
I2CACK 	EQU 	1446
I2CACKPOLLSTATE 	EQU 	1447
I2CBYTE 	EQU 	1448
I2CMATCH 	EQU 	1449
I2CSEND 	EQU 	4055
I2CSTART 	EQU 	4108
I2CSTATE 	EQU 	1450
I2CSTOP 	EQU 	4115
ICES1 	EQU 	6
ICF1 	EQU 	5
ICIE1 	EQU 	5
ICNC1 	EQU 	7
ICR1H 	EQU 	135
ICR1L 	EQU 	134
INITGLCD_SSD1309 	EQU 	4122
INITI2C 	EQU 	4253
INITSYS 	EQU 	4259
INT0 	EQU 	0
INT1 	EQU 	1
INTF0 	EQU 	0
INTF1 	EQU 	1
INXRADIUS 	EQU 	1451
INXRADIUS_H 	EQU 	1452
ISC00 	EQU 	0
ISC01 	EQU 	1
ISC10 	EQU 	2
ISC11 	EQU 	3
IVCE 	EQU 	0
IVSEL 	EQU 	1
LCDVALUE 	EQU 	1453
LCDVALUE_E 	EQU 	1456
LCDVALUE_H 	EQU 	1454
LCDVALUE_U 	EQU 	1455
LENGTHOFPICTURE 	EQU 	1457
LENGTHOFPICTURE_H 	EQU 	1458
LINECOLOUR 	EQU 	1459
LINECOLOUR_E 	EQU 	1462
LINECOLOUR_H 	EQU 	1460
LINECOLOUR_U 	EQU 	1461
LINEDIFFX 	EQU 	1463
LINEDIFFX_H 	EQU 	1464
LINEDIFFX_X2 	EQU 	1465
LINEDIFFX_X2_H 	EQU 	1466
LINEDIFFY 	EQU 	1467
LINEDIFFY_H 	EQU 	1468
LINEDIFFY_X2 	EQU 	1469
LINEDIFFY_X2_H 	EQU 	1470
LINEERR 	EQU 	1471
LINEERR_H 	EQU 	1472
LINESTEPX 	EQU 	1473
LINESTEPX_H 	EQU 	1474
LINESTEPY 	EQU 	1475
LINESTEPY_H 	EQU 	1476
LINEX1 	EQU 	1477
LINEX1_H 	EQU 	1478
LINEX2 	EQU 	1479
LINEX2_H 	EQU 	1480
LINEY1 	EQU 	1481
LINEY1_H 	EQU 	1482
LINEY2 	EQU 	1483
LINEY2_H 	EQU 	1484
LOCX 	EQU 	1485
LOCY 	EQU 	1486
LONGNUMBER 	EQU 	1487
LONGNUMBER_E 	EQU 	1490
LONGNUMBER_H 	EQU 	1488
LONGNUMBER_U 	EQU 	1489
MCUCR 	EQU 	53
MCUSR 	EQU 	52
MPCM0 	EQU 	0
MSTR 	EQU 	4
MUL16LOOP 	EQU 	5367
MUX0 	EQU 	0
MUX1 	EQU 	1
MUX2 	EQU 	2
MUX3 	EQU 	3
N 	EQU 	2
OCF0A 	EQU 	1
OCF0B 	EQU 	2
OCF1A 	EQU 	1
OCF1B 	EQU 	2
OCF2A 	EQU 	1
OCF2B 	EQU 	2
OCIE0A 	EQU 	1
OCIE0B 	EQU 	2
OCIE1A 	EQU 	1
OCIE1B 	EQU 	2
OCIE2A 	EQU 	1
OCIE2B 	EQU 	2
OCR0A 	EQU 	39
OCR0A_0 	EQU 	0
OCR0A_1 	EQU 	1
OCR0A_2 	EQU 	2
OCR0A_3 	EQU 	3
OCR0A_4 	EQU 	4
OCR0A_5 	EQU 	5
OCR0A_6 	EQU 	6
OCR0A_7 	EQU 	7
OCR0B 	EQU 	40
OCR0B_0 	EQU 	0
OCR0B_1 	EQU 	1
OCR0B_2 	EQU 	2
OCR0B_3 	EQU 	3
OCR0B_4 	EQU 	4
OCR0B_5 	EQU 	5
OCR0B_6 	EQU 	6
OCR0B_7 	EQU 	7
OCR1AH 	EQU 	137
OCR1AL 	EQU 	136
OCR1BH 	EQU 	139
OCR1BL 	EQU 	138
OCR2A 	EQU 	179
OCR2AUB 	EQU 	3
OCR2A_0 	EQU 	0
OCR2A_1 	EQU 	1
OCR2A_2 	EQU 	2
OCR2A_3 	EQU 	3
OCR2A_4 	EQU 	4
OCR2A_5 	EQU 	5
OCR2A_6 	EQU 	6
OCR2A_7 	EQU 	7
OCR2B 	EQU 	180
OCR2BUB 	EQU 	2
OCR2B_0 	EQU 	0
OCR2B_1 	EQU 	1
OCR2B_2 	EQU 	2
OCR2B_3 	EQU 	3
OCR2B_4 	EQU 	4
OCR2B_5 	EQU 	5
OCR2B_6 	EQU 	6
OCR2B_7 	EQU 	7
ORGCHARLOCX 	EQU 	1491
OSCCAL 	EQU 	102
OSCCAL0 	EQU 	0
OSCCAL1 	EQU 	1
OSCCAL2 	EQU 	2
OSCCAL3 	EQU 	3
OSCCAL4 	EQU 	4
OSCCAL5 	EQU 	5
OSCCAL6 	EQU 	6
OSCCAL7 	EQU 	7
OUTSTRING 	EQU 	1281
PAD 	EQU 	1322
PB0 	EQU 	0
PB1 	EQU 	1
PB2 	EQU 	2
PB3 	EQU 	3
PB4 	EQU 	4
PB5 	EQU 	5
PB6 	EQU 	6
PB7 	EQU 	7
PC0 	EQU 	0
PC1 	EQU 	1
PC2 	EQU 	2
PC3 	EQU 	3
PC4 	EQU 	4
PC5 	EQU 	5
PC6 	EQU 	6
PCICR 	EQU 	104
PCIE0 	EQU 	0
PCIE1 	EQU 	1
PCIE2 	EQU 	2
PCIF0 	EQU 	0
PCIF1 	EQU 	1
PCIF2 	EQU 	2
PCIFR 	EQU 	27
PCINT0 	EQU 	0
PCINT1 	EQU 	1
PCINT10 	EQU 	2
PCINT11 	EQU 	3
PCINT12 	EQU 	4
PCINT13 	EQU 	5
PCINT14 	EQU 	6
PCINT16 	EQU 	0
PCINT17 	EQU 	1
PCINT18 	EQU 	2
PCINT19 	EQU 	3
PCINT2 	EQU 	2
PCINT20 	EQU 	4
PCINT21 	EQU 	5
PCINT22 	EQU 	6
PCINT23 	EQU 	7
PCINT3 	EQU 	3
PCINT4 	EQU 	4
PCINT5 	EQU 	5
PCINT6 	EQU 	6
PCINT7 	EQU 	7
PCINT8 	EQU 	0
PCINT9 	EQU 	1
PCMSK0 	EQU 	107
PCMSK1 	EQU 	108
PCMSK2 	EQU 	109
PD0 	EQU 	0
PD1 	EQU 	1
PD2 	EQU 	2
PD3 	EQU 	3
PD4 	EQU 	4
PD5 	EQU 	5
PD6 	EQU 	6
PD7 	EQU 	7
PGERS 	EQU 	1
PGWRT 	EQU 	2
PINB 	EQU 	3
PINB0 	EQU 	0
PINB1 	EQU 	1
PINB2 	EQU 	2
PINB3 	EQU 	3
PINB4 	EQU 	4
PINB5 	EQU 	5
PINB6 	EQU 	6
PINB7 	EQU 	7
PINC 	EQU 	6
PINC0 	EQU 	0
PINC1 	EQU 	1
PINC2 	EQU 	2
PINC3 	EQU 	3
PINC4 	EQU 	4
PINC5 	EQU 	5
PINC6 	EQU 	6
PIND 	EQU 	9
PIND0 	EQU 	0
PIND1 	EQU 	1
PIND2 	EQU 	2
PIND3 	EQU 	3
PIND4 	EQU 	4
PIND5 	EQU 	5
PIND6 	EQU 	6
PIND7 	EQU 	7
PORF 	EQU 	0
PORTB 	EQU 	5
PORTB0 	EQU 	0
PORTB1 	EQU 	1
PORTB2 	EQU 	2
PORTB3 	EQU 	3
PORTB4 	EQU 	4
PORTB5 	EQU 	5
PORTB6 	EQU 	6
PORTB7 	EQU 	7
PORTC 	EQU 	8
PORTC0 	EQU 	0
PORTC1 	EQU 	1
PORTC2 	EQU 	2
PORTC3 	EQU 	3
PORTC4 	EQU 	4
PORTC5 	EQU 	5
PORTC6 	EQU 	6
PORTD 	EQU 	11
PORTD0 	EQU 	0
PORTD1 	EQU 	1
PORTD2 	EQU 	2
PORTD3 	EQU 	3
PORTD4 	EQU 	4
PORTD5 	EQU 	5
PORTD6 	EQU 	6
PORTD7 	EQU 	7
POSCHARX 	EQU 	1492
POSCHARX_H 	EQU 	1493
POSCHARY 	EQU 	1494
PRADC 	EQU 	0
PRINTLOCX 	EQU 	1495
PRINTLOCX_H 	EQU 	1496
PRINTLOCY 	EQU 	1497
PRINTLOCY_H 	EQU 	1498
PRR 	EQU 	100
PRSPI 	EQU 	2
PRTIM0 	EQU 	5
PRTIM1 	EQU 	3
PRTIM2 	EQU 	6
PRTWI 	EQU 	7
PRUSART0 	EQU 	1
PSET_SSD1309 	EQU 	4454
PSR2 	EQU 	1
PSRASY 	EQU 	1
PSRSYNC 	EQU 	0
PUD 	EQU 	4
RADIUSERR 	EQU 	1499
RADIUSERR_H 	EQU 	1500
RAMEND 	EQU 	2303
RAM_INDEX 	EQU 	1501
RAM_INDEX_H 	EQU 	1502
REFS0 	EQU 	6
REFS1 	EQU 	7
ROW 	EQU 	1503
RWWSB 	EQU 	6
RWWSRE 	EQU 	4
RXB80 	EQU 	1
RXC0 	EQU 	7
RXCIE0 	EQU 	7
RXEN0 	EQU 	4
S 	EQU 	4
SCE16FALSE 	EQU 	5007
SCE32FALSE 	EQU 	5018
SCLT16FALSE 	EQU 	5034
SCLT16TRUE 	EQU 	5033
SCLTINTFALSE 	EQU 	5076
SCLTINTTRUE 	EQU 	5075
SCLTTRUE 	EQU 	5023
SE 	EQU 	0
SELFPRGEN 	EQU 	0
SETCONTRAST_SSD1309 	EQU 	4635
SM0 	EQU 	1
SM1 	EQU 	2
SM2 	EQU 	3
SMCR 	EQU 	51
SPCR 	EQU 	44
SPDR 	EQU 	46
SPDR0 	EQU 	0
SPDR1 	EQU 	1
SPDR2 	EQU 	2
SPDR3 	EQU 	3
SPDR4 	EQU 	4
SPDR5 	EQU 	5
SPDR6 	EQU 	6
SPDR7 	EQU 	7
SPE 	EQU 	6
SPH 	EQU 	62
SPI2X 	EQU 	0
SPIE 	EQU 	7
SPIF 	EQU 	7
SPL 	EQU 	61
SPMCSR 	EQU 	55
SPMIE 	EQU 	7
SPR0 	EQU 	0
SPR1 	EQU 	1
SPSR 	EQU 	45
SREG 	EQU 	63
SREG_C 	EQU 	0
SREG_H 	EQU 	5
SREG_I 	EQU 	7
SREG_N 	EQU 	2
SREG_S 	EQU 	4
SREG_T 	EQU 	6
SREG_V 	EQU 	3
SREG_Z 	EQU 	1
SSD1309SENDBYTE 	EQU 	1504
SSD1309_BUFFERALIAS 	EQU 	256
SSD1309_BUFFERLOCATIONCALC 	EQU 	1505
SSD1309_BUFFERLOCATIONCALC_H 	EQU 	1506
SSD1309_SCROLLSPEED 	EQU 	1507
SSD1309_START 	EQU 	1508
SSD1309_STOP 	EQU 	1509
STARTSCROLLDIAGLEFT_SSD1309 	EQU 	4644
STARTSCROLLDIAGRIGHT_SSD1309 	EQU 	4687
STARTSCROLLLEFT_SSD1309 	EQU 	4730
STARTSCROLLRIGHT_SSD1309 	EQU 	4765
STOPSCROLL_SSD1309 	EQU 	4800
STR 	EQU 	1383
STRINGLOCX 	EQU 	1510
STRINGPOINTER 	EQU 	1511
STRINGTABLE1 	EQU 	5453
STRINGTABLE2 	EQU 	5458
STRINGTABLE3 	EQU 	5459
STRINGTABLE4 	EQU 	5461
STRINGTABLE5 	EQU 	5465
STRINGTABLE52 	EQU 	5466
STRINGTABLE93 	EQU 	5467
SYSARRAYTEMP1 	EQU 	1512
SYSARRAYTEMP2 	EQU 	1513
SYSBITTEST 	EQU 	r5
SYSBYTETEMPA 	EQU 	r22
SYSBYTETEMPB 	EQU 	r28
SYSBYTETEMPX 	EQU 	r0
SYSCALCTEMPA 	EQU 	r22
SYSCALCTEMPA_E 	EQU 	r25
SYSCALCTEMPA_H 	EQU 	r23
SYSCALCTEMPA_U 	EQU 	r24
SYSCALCTEMPB 	EQU 	r28
SYSCALCTEMPX 	EQU 	r0
SYSCALCTEMPX_H 	EQU 	r1
SYSCHARCOUNT 	EQU 	1514
SYSCHARSHANDLER 	EQU 	1515
SYSCHARSHANDLER_H 	EQU 	1516
SYSCOMPEQUAL 	EQU 	4996
SYSCOMPEQUAL16 	EQU 	5001
SYSCOMPEQUAL32 	EQU 	5008
SYSCOMPLESSTHAN 	EQU 	5019
SYSCOMPLESSTHAN16 	EQU 	5025
SYSCOMPLESSTHANINT 	EQU 	5035
SYSCOPYSTRING 	EQU 	5077
SYSCOPYSTRINGCHECK 	EQU 	5082
SYSCOPYSTRINGPART 	EQU 	5080
SYSDIV16START 	EQU 	5110
SYSDIV32END 	EQU 	5295
SYSDIV32START 	EQU 	5184
SYSDIVLOOP 	EQU 	r5
SYSDIVMULTA 	EQU 	r24
SYSDIVMULTA_H 	EQU 	r25
SYSDIVMULTB 	EQU 	r30
SYSDIVMULTB_H 	EQU 	r31
SYSDIVMULTX 	EQU 	r2
SYSDIVMULTX_H 	EQU 	r3
SYSDIVSUB16 	EQU 	5090
SYSDIVSUB32 	EQU 	5137
SYSDIVSUBINT 	EQU 	5312
SYSDOLOOP_E1 	EQU 	1158
SYSDOLOOP_E2 	EQU 	3949
SYSDOLOOP_E3 	EQU 	2218
SYSDOLOOP_E4 	EQU 	2821
SYSDOLOOP_E5 	EQU 	5848
SYSDOLOOP_E6 	EQU 	5984
SYSDOLOOP_E7 	EQU 	6285
SYSDOLOOP_E8 	EQU 	6421
SYSDOLOOP_S1 	EQU 	658
SYSDOLOOP_S2 	EQU 	3899
SYSDOLOOP_S3 	EQU 	1932
SYSDOLOOP_S4 	EQU 	2524
SYSDOLOOP_S5 	EQU 	5744
SYSDOLOOP_S6 	EQU 	5880
SYSDOLOOP_S7 	EQU 	6181
SYSDOLOOP_S8 	EQU 	6317
SYSFORLOOP1 	EQU 	162
SYSFORLOOP10 	EQU 	4295
SYSFORLOOP11 	EQU 	4349
SYSFORLOOP12 	EQU 	4402
SYSFORLOOP13 	EQU 	3172
SYSFORLOOP14 	EQU 	3209
SYSFORLOOP15 	EQU 	3235
SYSFORLOOP16 	EQU 	3432
SYSFORLOOP17 	EQU 	3494
SYSFORLOOP18 	EQU 	3510
SYSFORLOOP19 	EQU 	3526
SYSFORLOOP2 	EQU 	229
SYSFORLOOP20 	EQU 	2374
SYSFORLOOP21 	EQU 	2390
SYSFORLOOP3 	EQU 	661
SYSFORLOOP4 	EQU 	3813
SYSFORLOOP5 	EQU 	3970
SYSFORLOOP6 	EQU 	3724
SYSFORLOOP7 	EQU 	1762
SYSFORLOOP8 	EQU 	1845
SYSFORLOOP9 	EQU 	5527
SYSFORLOOPABSVALUE14 	EQU 	1517
SYSFORLOOPABSVALUE14_H 	EQU 	1518
SYSFORLOOPEND1 	EQU 	340
SYSFORLOOPEND10 	EQU 	4334
SYSFORLOOPEND11 	EQU 	4387
SYSFORLOOPEND12 	EQU 	4444
SYSFORLOOPEND13 	EQU 	3204
SYSFORLOOPEND14 	EQU 	3344
SYSFORLOOPEND15 	EQU 	3249
SYSFORLOOPEND16 	EQU 	3694
SYSFORLOOPEND17 	EQU 	3676
SYSFORLOOPEND18 	EQU 	3653
SYSFORLOOPEND19 	EQU 	3641
SYSFORLOOPEND2 	EQU 	312
SYSFORLOOPEND20 	EQU 	2424
SYSFORLOOPEND21 	EQU 	2418
SYSFORLOOPEND3 	EQU 	1157
SYSFORLOOPEND4 	EQU 	3887
SYSFORLOOPEND5 	EQU 	4046
SYSFORLOOPEND6 	EQU 	3784
SYSFORLOOPEND7 	EQU 	1821
SYSFORLOOPEND8 	EQU 	1904
SYSFORLOOPEND9 	EQU 	5541
SYSFORLOOPSTEP13 	EQU 	1519
SYSFORLOOPSTEP13_H 	EQU 	1520
SYSINTEGERTEMPA 	EQU 	r22
SYSINTEGERTEMPA_H 	EQU 	r23
SYSINTEGERTEMPB 	EQU 	r28
SYSINTEGERTEMPB_H 	EQU 	r29
SYSINTEGERTEMPX 	EQU 	r0
SYSINTEGERTEMPX_H 	EQU 	r1
SYSLCDPRINTDATAHANDLER 	EQU 	1521
SYSLCDPRINTDATAHANDLER_H 	EQU 	1522
SYSLONGDIVMULTA 	EQU 	1523
SYSLONGDIVMULTA_E 	EQU 	1526
SYSLONGDIVMULTA_H 	EQU 	1524
SYSLONGDIVMULTA_U 	EQU 	1525
SYSLONGDIVMULTB 	EQU 	1527
SYSLONGDIVMULTB_E 	EQU 	1530
SYSLONGDIVMULTB_H 	EQU 	1528
SYSLONGDIVMULTB_U 	EQU 	1529
SYSLONGDIVMULTX 	EQU 	1531
SYSLONGDIVMULTX_E 	EQU 	1534
SYSLONGDIVMULTX_H 	EQU 	1532
SYSLONGDIVMULTX_U 	EQU 	1533
SYSLONGTEMPA 	EQU 	r22
SYSLONGTEMPA_E 	EQU 	r25
SYSLONGTEMPA_H 	EQU 	r23
SYSLONGTEMPA_U 	EQU 	r24
SYSLONGTEMPB 	EQU 	r28
SYSLONGTEMPB_E 	EQU 	r31
SYSLONGTEMPB_H 	EQU 	r29
SYSLONGTEMPB_U 	EQU 	r30
SYSLONGTEMPX 	EQU 	r0
SYSLONGTEMPX_E 	EQU 	r3
SYSLONGTEMPX_H 	EQU 	r1
SYSLONGTEMPX_U 	EQU 	r2
SYSMULTSUB16 	EQU 	5359
SYSMULTSUBINT 	EQU 	5391
SYSPAD_0 	EQU 	1322
SYSPRINTBUFFER 	EQU 	1363
SYSPRINTBUFFLEN 	EQU 	1535
SYSREADA 	EQU 	r30
SYSREADA_H 	EQU 	r31
SYSREADSTRING 	EQU 	5429
SYSREADSTRINGPART 	EQU 	5436
SYSREPEATLOOP1 	EQU 	4464
SYSREPEATLOOP2 	EQU 	4485
SYSREPEATLOOP3 	EQU 	4561
SYSREPEATLOOP4 	EQU 	2226
SYSREPEATLOOP5 	EQU 	2271
SYSREPEATLOOP6 	EQU 	4060
SYSREPEATLOOPEND1 	EQU 	4481
SYSREPEATLOOPEND2 	EQU 	4501
SYSREPEATLOOPEND3 	EQU 	4572
SYSREPEATLOOPEND4 	EQU 	2238
SYSREPEATLOOPEND5 	EQU 	2288
SYSREPEATLOOPEND6 	EQU 	4084
SYSREPEATTEMP1 	EQU 	1536
SYSREPEATTEMP4 	EQU 	1537
SYSREPEATTEMP6 	EQU 	1538
SYSSELECT1CASE1 	EQU 	3437
SYSSELECT1CASE2 	EQU 	3447
SYSSELECT1CASE3 	EQU 	3457
SYSSELECT1CASE4 	EQU 	3467
SYSSELECT1CASE5 	EQU 	3477
SYSSELECTEND1 	EQU 	3486
SYSSIGNBYTE 	EQU 	r4
SYSSTRDATA 	EQU 	1539
SYSSTRINGA 	EQU 	r26
SYSSTRINGA_H 	EQU 	r27
SYSSTRINGB 	EQU 	r28
SYSSTRINGB_H 	EQU 	r29
SYSSTRINGCOPY 	EQU 	5085
SYSSTRINGLENGTH 	EQU 	r25
SYSSTRINGPARAM1 	EQU 	1374
SYSSTRINGREAD 	EQU 	5445
SYSSTRINGREADCHECK 	EQU 	5442
SYSSTRINGTABLES 	EQU 	5453
SYSSTRINGTEMP 	EQU 	1540
SYSSTRLEN 	EQU 	1541
SYSSTR_0 	EQU 	1383
SYSSYSINSTRING3HANDLER 	EQU 	1542
SYSSYSINSTRING3HANDLER_H 	EQU 	1543
SYSSYSINSTRINGHANDLER 	EQU 	1544
SYSSYSINSTRINGHANDLER_H 	EQU 	1545
SYSTEMP1 	EQU 	r6
SYSTEMP1_E 	EQU 	r9
SYSTEMP1_H 	EQU 	r7
SYSTEMP1_U 	EQU 	r8
SYSTEMP2 	EQU 	r10
SYSTEMP2_H 	EQU 	r11
SYSTEMP3 	EQU 	r16
SYSTEMP4 	EQU 	r17
SYSVALHUNDREDS 	EQU 	4899
SYSVALTEMP 	EQU 	1546
SYSVALTEMP_H 	EQU 	1547
SYSVALTENS 	EQU 	4940
SYSVALTHOUSANDS 	EQU 	4858
SYSVALUECOPY 	EQU 	r21
SYSWAITLOOP1 	EQU 	4074
SYSWAITLOOP2 	EQU 	4086
SYSWAITTEMPMS 	EQU 	r29
SYSWAITTEMPMS_H 	EQU 	r30
SYSWAITTEMPS 	EQU 	r31
SYSWAITTEMPUS 	EQU 	r27
SYSWAITTEMPUS_H 	EQU 	r28
SYSWORDTEMPA 	EQU 	r22
SYSWORDTEMPA_H 	EQU 	r23
SYSWORDTEMPB 	EQU 	r28
SYSWORDTEMPB_H 	EQU 	r29
SYSWORDTEMPX 	EQU 	r0
SYSWORDTEMPX_H 	EQU 	r1
SYS_HEXPICAS_0 	EQU 	1389
SYS_HEXPICAS_1 	EQU 	1390
SYS_HEXPICAS_2 	EQU 	1391
T 	EQU 	6
TABLEANOBIUMFULL 	EQU 	1175
TABLEANOBIUMFULL_H 	EQU 	1665
TABLEGLCDCHARCOL3 	EQU 	2833
TABLEGLCDCHARCOL4 	EQU 	2901
TABLEGLCDCHARCOL5 	EQU 	2969
TABLEGLCDCHARCOL6 	EQU 	3037
TABLEGLCDCHARCOL7 	EQU 	3105
TCCR0A 	EQU 	36
TCCR0B 	EQU 	37
TCCR1A 	EQU 	128
TCCR1B 	EQU 	129
TCCR1C 	EQU 	130
TCCR2A 	EQU 	176
TCCR2B 	EQU 	177
TCN2UB 	EQU 	4
TCNT0 	EQU 	38
TCNT0_0 	EQU 	0
TCNT0_1 	EQU 	1
TCNT0_2 	EQU 	2
TCNT0_3 	EQU 	3
TCNT0_4 	EQU 	4
TCNT0_5 	EQU 	5
TCNT0_6 	EQU 	6
TCNT0_7 	EQU 	7
TCNT1H 	EQU 	133
TCNT1L 	EQU 	132
TCNT2 	EQU 	178
TCNT2_0 	EQU 	0
TCNT2_1 	EQU 	1
TCNT2_2 	EQU 	2
TCNT2_3 	EQU 	3
TCNT2_4 	EQU 	4
TCNT2_5 	EQU 	5
TCNT2_6 	EQU 	6
TCNT2_7 	EQU 	7
TCR2AUB 	EQU 	1
TCR2BUB 	EQU 	0
TIFR0 	EQU 	21
TIFR1 	EQU 	22
TIFR2 	EQU 	23
TIMSK0 	EQU 	110
TIMSK1 	EQU 	111
TIMSK2 	EQU 	112
TOIE0 	EQU 	0
TOIE1 	EQU 	0
TOIE2 	EQU 	0
TOIE2A 	EQU 	0
TOV0 	EQU 	0
TOV1 	EQU 	0
TOV2 	EQU 	0
TSM 	EQU 	7
TWA0 	EQU 	1
TWA1 	EQU 	2
TWA2 	EQU 	3
TWA3 	EQU 	4
TWA4 	EQU 	5
TWA5 	EQU 	6
TWA6 	EQU 	7
TWAM0 	EQU 	1
TWAM1 	EQU 	2
TWAM2 	EQU 	3
TWAM3 	EQU 	4
TWAM4 	EQU 	5
TWAM5 	EQU 	6
TWAM6 	EQU 	7
TWAMR 	EQU 	189
TWAMR0 	EQU 	1
TWAMR1 	EQU 	2
TWAMR2 	EQU 	3
TWAMR3 	EQU 	4
TWAMR4 	EQU 	5
TWAMR5 	EQU 	6
TWAMR6 	EQU 	7
TWAR 	EQU 	186
TWBR 	EQU 	184
TWBR0 	EQU 	0
TWBR1 	EQU 	1
TWBR2 	EQU 	2
TWBR3 	EQU 	3
TWBR4 	EQU 	4
TWBR5 	EQU 	5
TWBR6 	EQU 	6
TWBR7 	EQU 	7
TWCR 	EQU 	188
TWD0 	EQU 	0
TWD1 	EQU 	1
TWD2 	EQU 	2
TWD3 	EQU 	3
TWD4 	EQU 	4
TWD5 	EQU 	5
TWD6 	EQU 	6
TWD7 	EQU 	7
TWDR 	EQU 	187
TWEA 	EQU 	6
TWEN 	EQU 	2
TWGCE 	EQU 	0
TWIE 	EQU 	0
TWINT 	EQU 	7
TWPS0 	EQU 	0
TWPS1 	EQU 	1
TWS3 	EQU 	3
TWS4 	EQU 	4
TWS5 	EQU 	5
TWS6 	EQU 	6
TWS7 	EQU 	7
TWSR 	EQU 	185
TWSTA 	EQU 	5
TWSTO 	EQU 	4
TWWC 	EQU 	3
TXB80 	EQU 	0
TXC0 	EQU 	6
TXCIE0 	EQU 	6
TXEN0 	EQU 	3
U2X0 	EQU 	1
UBRR0H 	EQU 	197
UBRR0L 	EQU 	196
UBRR10 	EQU 	2
UBRR11 	EQU 	3
UBRR2 	EQU 	2
UBRR3 	EQU 	3
UBRR4 	EQU 	4
UBRR5 	EQU 	5
UBRR6 	EQU 	6
UBRR7 	EQU 	7
UBRR8 	EQU 	0
UBRR9 	EQU 	1
UCPHA0 	EQU 	1
UCPOL0 	EQU 	0
UCSR0A 	EQU 	192
UCSR0B 	EQU 	193
UCSR0C 	EQU 	194
UCSZ00 	EQU 	1
UCSZ01 	EQU 	2
UCSZ02 	EQU 	2
UDORD0 	EQU 	2
UDR0 	EQU 	198
UDR0_0 	EQU 	0
UDR0_1 	EQU 	1
UDR0_2 	EQU 	2
UDR0_3 	EQU 	3
UDR0_4 	EQU 	4
UDR0_5 	EQU 	5
UDR0_6 	EQU 	6
UDR0_7 	EQU 	7
UDRE0 	EQU 	5
UDRIE0 	EQU 	5
UMSEL0 	EQU 	6
UMSEL00 	EQU 	6
UMSEL01 	EQU 	7
UMSEL1 	EQU 	7
UPE0 	EQU 	2
UPM00 	EQU 	4
UPM01 	EQU 	5
USBS0 	EQU 	3
V 	EQU 	3
WCOL 	EQU 	6
WDCE 	EQU 	4
WDE 	EQU 	3
WDIE 	EQU 	6
WDIF 	EQU 	7
WDP0 	EQU 	0
WDP1 	EQU 	1
WDP2 	EQU 	2
WDP3 	EQU 	5
WDRF 	EQU 	3
WDTCSR 	EQU 	96
WGM00 	EQU 	0
WGM01 	EQU 	1
WGM02 	EQU 	3
WGM10 	EQU 	0
WGM11 	EQU 	1
WGM12 	EQU 	3
WGM13 	EQU 	4
WGM20 	EQU 	0
WGM21 	EQU 	1
WGM22 	EQU 	3
WIDTHOFPICTURE 	EQU 	1548
WORDNUMBER 	EQU 	1549
WORDNUMBER_H 	EQU 	1550
WRITE_COMMAND_SSD1309 	EQU 	5468
WRITE_DATA_SSD1309 	EQU 	5483
X 	EQU 	28
X+ 	EQU 	29
XCHAR 	EQU 	1551
XOFFSET 	EQU 	1552
XOFFSET_H 	EQU 	1553
XRADIUS 	EQU 	1554
XRADIUS_H 	EQU 	1555
Y 	EQU 	8
Y+ 	EQU 	25
YCALC1 	EQU 	1556
YCALC1_H 	EQU 	1557
YCALC2 	EQU 	1558
YCALC2_H 	EQU 	1559
YOFFSET 	EQU 	1560
YOFFSET_H 	EQU 	1561
YORDINATE 	EQU 	1562
Z 	EQU 	1
Z+ 	EQU 	17
_HEXPICAS 	EQU 	1389
_LINE70 	EQU 	5565
_LINE71 	EQU 	6002
_UBRR0 	EQU 	0
_UBRR1 	EQU 	1
rZ 	EQU 	0

Code:
Loc	Obj Code	Original Assembly

	K	 1100 KKKK KKKK KKKK	51
000000	C033	RJMP BASPROGRAMSTART

000002	9518	RETI

000004	9518	RETI

000006	9518	RETI

000008	9518	RETI

00000A	9518	RETI

00000C	9518	RETI

00000E	9518	RETI

000010	9518	RETI

000012	9518	RETI

000014	9518	RETI

000016	9518	RETI

000018	9518	RETI

00001A	9518	RETI

00001C	9518	RETI

00001E	9518	RETI

000020	9518	RETI

000022	9518	RETI

000024	9518	RETI

000026	9518	RETI

000028	9518	RETI

00002A	9518	RETI

00002C	9518	RETI

00002E	9518	RETI

000030	9518	RETI

000032	9518	RETI



		BASPROGRAMSTART
	D	 1110 KKKK DDDD KKKK	21
	K	 1110 KKKK 0101 KKKK	8
000034	E058	LDI SYSVALUECOPY,HIGH(RAMEND)
	A	 1011 1AAR RRRR AAAA	62
	R	 1011 111R RRRR 1110	21
000035	BF5E	OUT SPH, SYSVALUECOPY
	D	 1110 KKKK DDDD KKKK	21
	K	 1110 KKKK 0101 KKKK	255
000036	EF5F	LDI SYSVALUECOPY,LOW(RAMEND)
	A	 1011 1AAR RRRR AAAA	61
	R	 1011 111R RRRR 1101	21
000037	BF5D	OUT SPL, SYSVALUECOPY
	K	1001 010K KKKK 111K:KKKK KKKK KKKK KKKK	4259
000038	940E 10A3	CALL INITSYS
	K	1001 010K KKKK 111K:KKKK KKKK KKKK KKKK	4253
00003A	940E 109D	CALL INITI2C
	K	1001 010K KKKK 111K:KKKK KKKK KKKK KKKK	4122
00003C	940E 101A	CALL INITGLCD_SSD1309

	K	1001 010K KKKK 111K:KKKK KKKK KKKK KKKK	3162
00003E	940E 0C5A	CALL GLCDCLS_SSD1309
	D	 1110 KKKK DDDD KKKK	21
	K	 1110 KKKK 0101 KKKK	0
000040	E050	LDI SYSVALUECOPY,0
	K	1001 001D DDDD 0000:KKKK KKKK KKKK KKKK	1394
	D	1001 001D DDDD 0000:0000 0101 0111 0010	21
000041	9350 0572	STS CCOUNT,SYSVALUECOPY
	D	 1110 KKKK DDDD KKKK	21
	K	 1110 KKKK 0101 KKKK	64
000043	E450	LDI SYSVALUECOPY,64
	K	1001 001D DDDD 0000:KKKK KKKK KKKK KKKK	1487
	D	1001 001D DDDD 0000:0000 0101 1100 1111	21
000044	9350 05CF	STS LONGNUMBER,SYSVALUECOPY
	D	 1110 KKKK DDDD KKKK	21
	K	 1110 KKKK 0101 KKKK	226
000046	EE52	LDI SYSVALUECOPY,226
	K	1001 001D DDDD 0000:KKKK KKKK KKKK KKKK	1488
	D	1001 001D DDDD 0000:0000 0101 1101 0000	21
000047	9350 05D0	STS LONGNUMBER_H,SYSVALUECOPY
	D	 1110 KKKK DDDD KKKK	21
	K	 1110 KKKK 0101 KKKK	1
000049	E051	LDI SYSVALUECOPY,1
	K	1001 001D DDDD 0000:KKKK KKKK KKKK KKKK	1489
	D	1001 001D DDDD 0000:0000 0101 1101 0001	21
00004A	9350 05D1	STS LONGNUMBER_U,SYSVALUECOPY
	D	 1110 KKKK DDDD KKKK	21
	K	 1110 KKKK 0101 KKKK	0
00004C	E050	LDI SYSVALUECOPY,0
	K	1001 001D DDDD 0000:KKKK KKKK KKKK KKKK	1490
	D	1001 001D DDDD 0000:0000 0101 1101 0010	21
00004D	9350 05D2	STS LONGNUMBER_E,SYSVALUECOPY
	D	 1110 KKKK DDDD KKKK	21
	K	 1110 KKKK 0101 KKKK	0
00004F	E050	LDI SYSVALUECOPY,0
	K	1001 001D DDDD 0000:KKKK KKKK KKKK KKKK	1549
	D	1001 001D DDDD 0000:0000 0110 0000 1101	21
000050	9350 060D	STS WORDNUMBER,SYSVALUECOPY
	K	1001 001D DDDD 0000:KKKK KKKK KKKK KKKK	1550
	D	1001 001D DDDD 0000:0000 0110 0000 1110	21
000052	9350 060E	STS WORDNUMBER_H,SYSVALUECOPY
	D	 1110 KKKK DDDD KKKK	21
	K	 1110 KKKK 0101 KKKK	0
000054	E050	LDI SYSVALUECOPY,0
	K	1001 001D DDDD 0000:KKKK KKKK KKKK KKKK	1393
	D	1001 001D DDDD 0000:0000 0101 0111 0001	21
000055	9350 0571	STS BYTENUMBER,SYSVALUECOPY
	K	1001 010K KKKK 111K:KKKK KKKK KKKK KKKK	3162
000057	940E 0C5A	CALL GLCDCLS_SSD1309
	D	 1110 KKKK DDDD KKKK	21
	K	 1110 KKKK 0101 KKKK	250
000059	EF5A	LDI SYSVALUECOPY,250
	K	1001 001D DDDD 0000:KKKK KKKK KKKK KKKK	1457
	D	1001 001D DDDD 0000:0000 0101 1011 0001	21
00005A	9350 05B1	STS LENGTHOFPICTURE,SYSVALUECOPY
	D	 1110 KKKK DDDD KKKK	21
	K	 1110 KKKK 0101 KKKK	3
00005C	E053	LDI SYSVALUECOPY,3
	K	1001 001D DDDD 0000:KKKK KKKK KKKK KKKK	1458
	D	1001 001D DDDD 0000:0000 0101 1011 0010	21
00005D	9350 05B2	STS LENGTHOFPICTURE_H,SYSVALUECOPY
	D	 1110 KKKK DDDD KKKK	21
	K	 1110 KKKK 0101 KKKK	127
00005F	E75F	LDI SYSVALUECOPY,127
	K	1001 001D DDDD 0000:KKKK KKKK KKKK KKKK	1548
	D	1001 001D DDDD 0000:0000 0110 0000 1100	21
000060	9350 060C	STS WIDTHOFPICTURE,SYSVALUECOPY
	D	 1110 KKKK DDDD KKKK	21
	K	 1110 KKKK 0101 KKKK	64
000062	E450	LDI SYSVALUECOPY,64
	K	1001 001D DDDD 0000:KKKK KKKK KKKK KKKK	1445
	D	1001 001D DDDD 0000:0000 0101 1010 0101	21
000063	9350 05A5	STS HEIGHTOFPICTURE,SYSVALUECOPY
	D	1001 000D DDDD 0000:KKKK KKKK KKKK KKKK	22
	K	1001 0001 0110 0000:KKKK KKKK KKKK KKKK	1445
000065	9160 05A5	LDS SYSWORDTEMPA,HEIGHTOFPICTURE
	D	 1110 KKKK DDDD KKKK	23
	K	 1110 KKKK 0111 KKKK	0
000067	E070	LDI SYSWORDTEMPA_H,0
	D	 1110 KKKK DDDD KKKK	28
	K	 1110 KKKK 1100 KKKK	8
000068	E0C8	LDI SYSWORDTEMPB,8
	D	 1110 KKKK DDDD KKKK	29
	K	 1110 KKKK 1101 KKKK	0
000069	E0D0	LDI SYSWORDTEMPB_H,0
	K	1001 010K KKKK 111K:KKKK KKKK KKKK KKKK	5090
00006A	940E 13E2	CALL SYSDIVSUB16
	K	1001 001D DDDD 0000:KKKK KKKK KKKK KKKK	1457
	D	1001 001D DDDD 0000:0000 0101 1011 0001	22
00006C	9360 05B1	STS LENGTHOFPICTURE,SYSWORDTEMPA
	K	1001 001D DDDD 0000:KKKK KKKK KKKK KKKK	1458
	D	1001 001D DDDD 0000:0000 0101 1011 0010	23
00006E	9370 05B2	STS LENGTHOFPICTURE_H,SYSWORDTEMPA_H
	D	1001 000D DDDD 0000:KKKK KKKK KKKK KKKK	22
	K	1001 0001 0110 0000:KKKK KKKK KKKK KKKK	1457
000070	9160 05B1	LDS SYSWORDTEMPA,LENGTHOFPICTURE
	D	1001 000D DDDD 0000:KKKK KKKK KKKK KKKK	23
	K	1001 0001 0111 0000:KKKK KKKK KKKK KKKK	1458
000072	9170 05B2	LDS SYSWORDTEMPA_H,LENGTHOFPICTURE_H
	D	1001 000D DDDD 0000:KKKK KKKK KKKK KKKK	28
	K	1001 0001 1100 0000:KKKK KKKK KKKK KKKK	1548
000074	91C0 060C	LDS SYSWORDTEMPB,WIDTHOFPICTURE
	D	 1110 KKKK DDDD KKKK	29
	K	 1110 KKKK 1101 KKKK	0
000076	E0D0	LDI SYSWORDTEMPB_H,0
	K	1001 010K KKKK 111K:KKKK KKKK KKKK KKKK	5359
000077	940E 14EF	CALL SYSMULTSUB16
	K	1001 001D DDDD 0000:KKKK KKKK KKKK KKKK	1457
	D	1001 001D DDDD 0000:0000 0101 1011 0001	0
000079	9200 05B1	STS LENGTHOFPICTURE,SYSWORDTEMPX
	K	1001 001D DDDD 0000:KKKK KKKK KKKK KKKK	1458
	D	1001 001D DDDD 0000:0000 0101 1011 0010	1
00007B	9210 05B2	STS LENGTHOFPICTURE_H,SYSWORDTEMPX_H
	D	 1110 KKKK DDDD KKKK	21
	K	 1110 KKKK 0101 KKKK	0
00007D	E050	LDI SYSVALUECOPY,0
	K	1001 001D DDDD 0000:KKKK KKKK KKKK KKKK	1399
	D	1001 001D DDDD 0000:0000 0101 0111 0111	21
00007E	9350 0577	STS CHARLOCX,SYSVALUECOPY
	D	 1110 KKKK DDDD KKKK	21
	K	 1110 KKKK 0101 KKKK	0
000080	E050	LDI SYSVALUECOPY,0
	K	1001 001D DDDD 0000:KKKK KKKK KKKK KKKK	1401
	D	1001 001D DDDD 0000:0000 0101 0111 1001	21
000081	9350 0579	STS CHARLOCY,SYSVALUECOPY
	D	1001 000D DDDD 0000:KKKK KKKK KKKK KKKK	21
	K	1001 0001 0101 0000:KKKK KKKK KKKK KKKK	1399
000083	9150 0577	LDS SYSVALUECOPY,CHARLOCX
	K	1001 001D DDDD 0000:KKKK KKKK KKKK KKKK	1491
	D	1001 001D DDDD 0000:0000 0101 1101 0011	21
000085	9350 05D3	STS ORGCHARLOCX,SYSVALUECOPY
	D	 1110 KKKK DDDD KKKK	21
	K	 1110 KKKK 0101 KKKK	255
000087	EF5F	LDI SYSVALUECOPY,255
	K	1001 001D DDDD 0000:KKKK KKKK KKKK KKKK	1421
	D	1001 001D DDDD 0000:0000 0101 1000 1101	21
000088	9350 058D	STS FIRSTPASS,SYSVALUECOPY
	D	 1110 KKKK DDDD KKKK	21
	K	 1110 KKKK 0101 KKKK	2
00008A	E052	LDI SYSVALUECOPY,2
	K	1001 001D DDDD 0000:KKKK KKKK KKKK KKKK	1501
	D	1001 001D DDDD 0000:0000 0101 1101 1101	21
00008B	9350 05DD	STS RAM_INDEX,SYSVALUECOPY
	D	 1110 KKKK DDDD KKKK	21
	K	 1110 KKKK 0101 KKKK	0
00008D	E050	LDI SYSVALUECOPY,0
	K	1001 001D DDDD 0000:KKKK KKKK KKKK KKKK	1502
	D	1001 001D DDDD 0000:0000 0101 1101 1110	21
00008E	9350 05DE	STS RAM_INDEX_H,SYSVALUECOPY
	D	1001 000D DDDD 0000:KKKK KKKK KKKK KKKK	10
	K	1001 0000 1010 0000:KKKK KKKK KKKK KKKK	1457
000090	90A0 05B1	LDS SYSTEMP2,LENGTHOFPICTURE
	D	 1110 KKKK DDDD KKKK	16
	K	 1110 KKKK 0000 KKKK	3
000092	E003	LDI SYSTEMP3,3
	D	 0000 11RD DDDD RRRR	10
	R	 0000 11R0 1010 RRRR	16
000093	0EA0	ADD SYSTEMP2,SYSTEMP3
	D	 0010 11RD DDDD RRRR	6
	R	 0010 11R0 0110 RRRR	10
000094	2C6A	MOV SYSTEMP1,SYSTEMP2
	D	1001 000D DDDD 0000:KKKK KKKK KKKK KKKK	10
	K	1001 0000 1010 0000:KKKK KKKK KKKK KKKK	1458
000095	90A0 05B2	LDS SYSTEMP2,LENGTHOFPICTURE_H
	D	 1110 KKKK DDDD KKKK	16
	K	 1110 KKKK 0000 KKKK	0
000097	E000	LDI SYSTEMP3,0
	D	 0001 11RD DDDD RRRR	10
	R	 0001 11R0 1010 RRRR	16
000098	1EA0	ADC SYSTEMP2,SYSTEMP3
	D	 0010 11RD DDDD RRRR	7
	R	 0010 11R0 0111 RRRR	10
000099	2C7A	MOV SYSTEMP1_H,SYSTEMP2
	D	 1110 KKKK DDDD KKKK	28
	K	 1110 KKKK 1100 KKKK	3
00009A	E0C3	LDI SYSWORDTEMPB,3
	D	 1110 KKKK DDDD KKKK	29
	K	 1110 KKKK 1101 KKKK	0
00009B	E0D0	LDI SYSWORDTEMPB_H,0
	D	 0010 11RD DDDD RRRR	22
	R	 0010 11R1 0110 RRRR	6
00009C	2D66	MOV SYSWORDTEMPA,SYSTEMP1
	D	 0010 11RD DDDD RRRR	23
	R	 0010 11R1 0111 RRRR	7
00009D	2D77	MOV SYSWORDTEMPA_H,SYSTEMP1_H
	K	1001 010K KKKK 111K:KKKK KKKK KKKK KKKK	5025
00009E	940E 13A1	CALL SYSCOMPLESSTHAN16
	R	 1111 110R RRRR 0BBB	0
	B	 1111 1100 0000 0BBB	0
0000A0	FC00	SBRC SYSBYTETEMPX,0
	K	 1100 KKKK KKKK KKKK	178
0000A1	C0B2	RJMP SYSFORLOOPEND1
		SYSFORLOOP1
	D	1001 000D DDDD 0000:KKKK KKKK KKKK KKKK	6
	K	1001 0000 0110 0000:KKKK KKKK KKKK KKKK	1501
0000A2	9060 05DD	LDS SYSTEMP1,RAM_INDEX
	D	 1001 010D DDDD 0011	6
0000A4	9463	INC SYSTEMP1
	K	1001 001D DDDD 0000:KKKK KKKK KKKK KKKK	1501
	D	1001 001D DDDD 0000:0000 0101 1101 1101	6
0000A5	9260 05DD	STS RAM_INDEX,SYSTEMP1
	D	1001 000D DDDD 0000:KKKK KKKK KKKK KKKK	6
	K	1001 0000 0110 0000:KKKK KKKK KKKK KKKK	1502
0000A7	9060 05DE	LDS SYSTEMP1,RAM_INDEX_H
	K	 1111 01KK KKKK K001	1
0000A9	F409	BRNE PC + 2
	D	 1001 010D DDDD 0011	6
0000AA	9463	INC SYSTEMP1
	K	1001 001D DDDD 0000:KKKK KKKK KKKK KKKK	1502
	D	1001 001D DDDD 0000:0000 0101 1101 1110	6
0000AB	9260 05DE	STS RAM_INDEX_H,SYSTEMP1
	D	1001 000D DDDD 0000:KKKK KKKK KKKK KKKK	26
	K	1001 0001 1010 0000:KKKK KKKK KKKK KKKK	1501
0000AD	91A0 05DD	LDS SYSSTRINGA,RAM_INDEX
	D	1001 000D DDDD 0000:KKKK KKKK KKKK KKKK	27
	K	1001 0001 1011 0000:KKKK KKKK KKKK KKKK	1502
0000AF	91B0 05DE	LDS SYSSTRINGA_H,RAM_INDEX_H
	K	 1101 KKKK KKKK KKKK	983
0000B1	D3D7	RCALL ANOBIUMFULL
	K	1001 001D DDDD 0000:KKKK KKKK KKKK KKKK	1409
	D	1001 001D DDDD 0000:0000 0101 1000 0001	0
0000B2	9200 0581	STS CURRCHARVAL,SYSBYTETEMPX
	D	1001 000D DDDD 0000:KKKK KKKK KKKK KKKK	10
	K	1001 0000 1010 0000:KKKK KKKK KKKK KKKK	1501
0000B4	90A0 05DD	LDS SYSTEMP2,RAM_INDEX
	D	 1110 KKKK DDDD KKKK	16
	K	 1110 KKKK 0000 KKKK	3
0000B6	E003	LDI SYSTEMP3,3
	D	 0001 10RD DDDD RRRR	10
	R	 0001 10R0 1010 RRRR	16
0000B7	1AA0	SUB SYSTEMP2,SYSTEMP3
	D	 0010 11RD DDDD RRRR	6
	R	 0010 11R0 0110 RRRR	10
0000B8	2C6A	MOV SYSTEMP1,SYSTEMP2
	D	1001 000D DDDD 0000:KKKK KKKK KKKK KKKK	10
	K	1001 0000 1010 0000:KKKK KKKK KKKK KKKK	1502
0000B9	90A0 05DE	LDS SYSTEMP2,RAM_INDEX_H
	D	 1110 KKKK DDDD KKKK	16
	K	 1110 KKKK 0000 KKKK	0
0000BB	E000	LDI SYSTEMP3,0
	D	 0000 10RD DDDD RRRR	10
	R	 0000 10R0 1010 RRRR	16
0000BC	0AA0	SBC SYSTEMP2,SYSTEMP3
	D	 0010 11RD DDDD RRRR	7
	R	 0010 11R0 0111 RRRR	10
0000BD	2C7A	MOV SYSTEMP1_H,SYSTEMP2
	D	 0010 11RD DDDD RRRR	22
	R	 0010 11R1 0110 RRRR	6
0000BE	2D66	MOV SYSWORDTEMPA,SYSTEMP1
	D	 0010 11RD DDDD RRRR	23
	R	 0010 11R1 0111 RRRR	7
0000BF	2D77	MOV SYSWORDTEMPA_H,SYSTEMP1_H
	D	1001 000D DDDD 0000:KKKK KKKK KKKK KKKK	28
	K	1001 0001 1100 0000:KKKK KKKK KKKK KKKK	1548
0000C0	91C0 060C	LDS SYSWORDTEMPB,WIDTHOFPICTURE
	D	 1110 KKKK DDDD KKKK	29
	K	 1110 KKKK 1101 KKKK	0
0000C2	E0D0	LDI SYSWORDTEMPB_H,0
	K	1001 010K KKKK 111K:KKKK KKKK KKKK KKKK	5090
0000C3	940E 13E2	CALL SYSDIVSUB16
	D	 0010 11RD DDDD RRRR	10
	R	 0010 11R0 1010 RRRR	0
0000C5	2CA0	MOV SYSTEMP2,SYSWORDTEMPX
	D	 0010 11RD DDDD RRRR	11
	R	 0010 11R0 1011 RRRR	1
0000C6	2CB1	MOV SYSTEMP2_H,SYSWORDTEMPX_H
	D	 0010 11RD DDDD RRRR	22
	R	 0010 11R1 0110 RRRR	10
0000C7	2D6A	MOV SYSWORDTEMPA,SYSTEMP2
	D	 0010 11RD DDDD RRRR	23
	R	 0010 11R1 0111 RRRR	11
0000C8	2D7B	MOV SYSWORDTEMPA_H,SYSTEMP2_H
	D	 1110 KKKK DDDD KKKK	28
	K	 1110 KKKK 1100 KKKK	0
0000C9	E0C0	LDI SYSWORDTEMPB,0
	D	 1110 KKKK DDDD KKKK	29
	K	 1110 KKKK 1101 KKKK	0
0000CA	E0D0	LDI SYSWORDTEMPB_H,0
	K	1001 010K KKKK 111K:KKKK KKKK KKKK KKKK	5001
0000CB	940E 1389	CALL SYSCOMPEQUAL16
	D	 0010 11RD DDDD RRRR	6
	R	 0010 11R0 0110 RRRR	0
0000CD	2C60	MOV SYSTEMP1,SYSBYTETEMPX
	D	1001 000D DDDD 0000:KKKK KKKK KKKK KKKK	22
	K	1001 0001 0110 0000:KKKK KKKK KKKK KKKK	1421
0000CE	9160 058D	LDS SYSBYTETEMPA,FIRSTPASS
	D	 1110 KKKK DDDD KKKK	28
	K	 1110 KKKK 1100 KKKK	0
0000D0	E0C0	LDI SYSBYTETEMPB,0
	K	1001 010K KKKK 111K:KKKK KKKK KKKK KKKK	4996
0000D1	940E 1384	CALL SYSCOMPEQUAL
	D	 0010 11RD DDDD RRRR	16
	R	 0010 11R1 0000 RRRR	0
0000D3	2D00	MOV SYSTEMP3,SYSBYTETEMPX
	D	 0010 00RD DDDD RRRR	16
	R	 0010 00R1 0000 RRRR	6
0000D4	2106	AND SYSTEMP3,SYSTEMP1
	D	 0010 11RD DDDD RRRR	10
	R	 0010 11R0 1010 RRRR	16
0000D5	2EA0	MOV SYSTEMP2,SYSTEMP3
	R	 1111 111R RRRR 0BBB	10
	B	 1111 1110 1010 0BBB	0
0000D6	FEA0	SBRS SYSTEMP2,0
	K	 1100 KKKK KKKK KKKK	10
0000D7	C00A	RJMP ENDIF2
	D	1001 000D DDDD 0000:KKKK KKKK KKKK KKKK	6
	K	1001 0000 0110 0000:KKKK KKKK KKKK KKKK	1401
0000D8	9060 0579	LDS SYSTEMP1,CHARLOCY
	D	 1110 KKKK DDDD KKKK	16
	K	 1110 KKKK 0000 KKKK	8
0000DA	E008	LDI SYSTEMP3,8
	D	 0000 11RD DDDD RRRR	6
	R	 0000 11R0 0110 RRRR	16
0000DB	0E60	ADD SYSTEMP1,SYSTEMP3
	K	1001 001D DDDD 0000:KKKK KKKK KKKK KKKK	1401
	D	1001 001D DDDD 0000:0000 0101 0111 1001	6
0000DC	9260 0579	STS CHARLOCY,SYSTEMP1
	D	1001 000D DDDD 0000:KKKK KKKK KKKK KKKK	21
	K	1001 0001 0101 0000:KKKK KKKK KKKK KKKK	1491
0000DE	9150 05D3	LDS SYSVALUECOPY,ORGCHARLOCX
	K	1001 001D DDDD 0000:KKKK KKKK KKKK KKKK	1399
	D	1001 001D DDDD 0000:0000 0101 0111 0111	21
0000E0	9350 0577	STS CHARLOCX,SYSVALUECOPY
		ENDIF2
	D	 1110 KKKK DDDD KKKK	21
	K	 1110 KKKK 0101 KKKK	255
0000E2	EF5F	LDI SYSVALUECOPY,255
	K	1001 001D DDDD 0000:KKKK KKKK KKKK KKKK	1408
	D	1001 001D DDDD 0000:0000 0101 1000 0000	21
0000E3	9350 0580	STS CURRCHARROW,SYSVALUECOPY
		SYSFORLOOP2
	D	1001 000D DDDD 0000:KKKK KKKK KKKK KKKK	6
	K	1001 0000 0110 0000:KKKK KKKK KKKK KKKK	1408
0000E5	9060 0580	LDS SYSTEMP1,CURRCHARROW
	D	 1001 010D DDDD 0011	6
0000E7	9463	INC SYSTEMP1
	K	1001 001D DDDD 0000:KKKK KKKK KKKK KKKK	1408
	D	1001 001D DDDD 0000:0000 0101 1000 0000	6
0000E8	9260 0580	STS CURRCHARROW,SYSTEMP1
	D	1001 000D DDDD 0000:KKKK KKKK KKKK KKKK	10
	K	1001 0000 1010 0000:KKKK KKKK KKKK KKKK	1401
0000EA	90A0 0579	LDS SYSTEMP2,CHARLOCY
	D	1001 000D DDDD 0000:KKKK KKKK KKKK KKKK	16
	K	1001 0001 0000 0000:KKKK KKKK KKKK KKKK	1408
0000EC	9100 0580	LDS SYSTEMP3,CURRCHARROW
	D	 0000 11RD DDDD RRRR	10
	R	 0000 11R0 1010 RRRR	16
0000EE	0EA0	ADD SYSTEMP2,SYSTEMP3
	D	 0010 11RD DDDD RRRR	6
	R	 0010 11R0 0110 RRRR	10
0000EF	2C6A	MOV SYSTEMP1,SYSTEMP2
	D	 0010 11RD DDDD RRRR	22
	R	 0010 11R1 0110 RRRR	6
0000F0	2D66	MOV SYSBYTETEMPA,SYSTEMP1
	D	 1110 KKKK DDDD KKKK	28
	K	 1110 KKKK 1100 KKKK	64
0000F1	E4C0	LDI SYSBYTETEMPB,64
	K	1001 010K KKKK 111K:KKKK KKKK KKKK KKKK	5019
0000F2	940E 139B	CALL SYSCOMPLESSTHAN
	D	 0010 11RD DDDD RRRR	10
	R	 0010 11R0 1010 RRRR	0
0000F4	2CA0	MOV SYSTEMP2,SYSBYTETEMPX
	D	1001 000D DDDD 0000:KKKK KKKK KKKK KKKK	22
	K	1001 0001 0110 0000:KKKK KKKK KKKK KKKK	1399
0000F5	9160 0577	LDS SYSBYTETEMPA,CHARLOCX
	D	 1110 KKKK DDDD KKKK	28
	K	 1110 KKKK 1100 KKKK	128
0000F7	E8C0	LDI SYSBYTETEMPB,128
	K	1001 010K KKKK 111K:KKKK KKKK KKKK KKKK	5019
0000F8	940E 139B	CALL SYSCOMPLESSTHAN
	D	 0010 11RD DDDD RRRR	6
	R	 0010 11R0 0110 RRRR	0
0000FA	2C60	MOV SYSTEMP1,SYSBYTETEMPX
	D	 0010 00RD DDDD RRRR	6
	R	 0010 00R0 0110 RRRR	10
0000FB	206A	AND SYSTEMP1,SYSTEMP2
	D	 0010 11RD DDDD RRRR	16
	R	 0010 11R1 0000 RRRR	6
0000FC	2D06	MOV SYSTEMP3,SYSTEMP1
	R	 1111 111R RRRR 0BBB	16
	B	 1111 1111 0000 0BBB	0
0000FD	FF00	SBRS SYSTEMP3,0
	K	 1100 KKKK KKKK KKKK	47
0000FE	C02F	RJMP ENDIF3
	D	1001 000D DDDD 0000:KKKK KKKK KKKK KKKK	5
	K	1001 0000 0101 0000:KKKK KKKK KKKK KKKK	1409
0000FF	9050 0581	LDS SYSBITTEST,CURRCHARVAL
	R	 1111 110R RRRR 0BBB	5
	B	 1111 1100 0101 0BBB	0
000101	FC50	SBRC SYSBITTEST,0
	K	 1100 KKKK KKKK KKKK	22
000102	C016	RJMP ELSE7_1
	D	1001 000D DDDD 0000:KKKK KKKK KKKK KKKK	21
	K	1001 0001 0101 0000:KKKK KKKK KKKK KKKK	1399
000103	9150 0577	LDS SYSVALUECOPY,CHARLOCX
	K	1001 001D DDDD 0000:KKKK KKKK KKKK KKKK	1441
	D	1001 001D DDDD 0000:0000 0101 1010 0001	21
000105	9350 05A1	STS GLCDX,SYSVALUECOPY
	D	1001 000D DDDD 0000:KKKK KKKK KKKK KKKK	6
	K	1001 0000 0110 0000:KKKK KKKK KKKK KKKK	1401
000107	9060 0579	LDS SYSTEMP1,CHARLOCY
	D	1001 000D DDDD 0000:KKKK KKKK KKKK KKKK	10
	K	1001 0000 1010 0000:KKKK KKKK KKKK KKKK	1408
000109	90A0 0580	LDS SYSTEMP2,CURRCHARROW
	D	 0000 11RD DDDD RRRR	6
	R	 0000 11R0 0110 RRRR	10
00010B	0C6A	ADD SYSTEMP1,SYSTEMP2
	K	1001 001D DDDD 0000:KKKK KKKK KKKK KKKK	1442
	D	1001 001D DDDD 0000:0000 0101 1010 0010	6
00010C	9260 05A2	STS GLCDY,SYSTEMP1
	D	1001 000D DDDD 0000:KKKK KKKK KKKK KKKK	21
	K	1001 0001 0101 0000:KKKK KKKK KKKK KKKK	1422
00010E	9150 058E	LDS SYSVALUECOPY,GLCDBACKGROUND
	K	1001 001D DDDD 0000:KKKK KKKK KKKK KKKK	1426
	D	1001 001D DDDD 0000:0000 0101 1001 0010	21
000110	9350 0592	STS GLCDCOLOUR,SYSVALUECOPY
	D	1001 000D DDDD 0000:KKKK KKKK KKKK KKKK	21
	K	1001 0001 0101 0000:KKKK KKKK KKKK KKKK	1423
000112	9150 058F	LDS SYSVALUECOPY,GLCDBACKGROUND_H
	K	1001 001D DDDD 0000:KKKK KKKK KKKK KKKK	1427
	D	1001 001D DDDD 0000:0000 0101 1001 0011	21
000114	9350 0593	STS GLCDCOLOUR_H,SYSVALUECOPY
	K	1001 010K KKKK 111K:KKKK KKKK KKKK KKKK	4454
000116	940E 1166	CALL PSET_SSD1309
	K	 1100 KKKK KKKK KKKK	21
000118	C015	RJMP ENDIF7
		ELSE7_1
	D	1001 000D DDDD 0000:KKKK KKKK KKKK KKKK	21
	K	1001 0001 0101 0000:KKKK KKKK KKKK KKKK	1399
000119	9150 0577	LDS SYSVALUECOPY,CHARLOCX
	K	1001 001D DDDD 0000:KKKK KKKK KKKK KKKK	1441
	D	1001 001D DDDD 0000:0000 0101 1010 0001	21
00011B	9350 05A1	STS GLCDX,SYSVALUECOPY
	D	1001 000D DDDD 0000:KKKK KKKK KKKK KKKK	6
	K	1001 0000 0110 0000:KKKK KKKK KKKK KKKK	1401
00011D	9060 0579	LDS SYSTEMP1,CHARLOCY
	D	1001 000D DDDD 0000:KKKK KKKK KKKK KKKK	10
	K	1001 0000 1010 0000:KKKK KKKK KKKK KKKK	1408
00011F	90A0 0580	LDS SYSTEMP2,CURRCHARROW
	D	 0000 11RD DDDD RRRR	6
	R	 0000 11R0 0110 RRRR	10
000121	0C6A	ADD SYSTEMP1,SYSTEMP2
	K	1001 001D DDDD 0000:KKKK KKKK KKKK KKKK	1442
	D	1001 001D DDDD 0000:0000 0101 1010 0010	6
000122	9260 05A2	STS GLCDY,SYSTEMP1
	D	1001 000D DDDD 0000:KKKK KKKK KKKK KKKK	21
	K	1001 0001 0101 0000:KKKK KKKK KKKK KKKK	1433
000124	9150 0599	LDS SYSVALUECOPY,GLCDFOREGROUND
	K	1001 001D DDDD 0000:KKKK KKKK KKKK KKKK	1426
	D	1001 001D DDDD 0000:0000 0101 1001 0010	21
000126	9350 0592	STS GLCDCOLOUR,SYSVALUECOPY
	D	1001 000D DDDD 0000:KKKK KKKK KKKK KKKK	21
	K	1001 0001 0101 0000:KKKK KKKK KKKK KKKK	1434
000128	9150 059A	LDS SYSVALUECOPY,GLCDFOREGROUND_H
	K	1001 001D DDDD 0000:KKKK KKKK KKKK KKKK	1427
	D	1001 001D DDDD 0000:0000 0101 1001 0011	21
00012A	9350 0593	STS GLCDCOLOUR_H,SYSVALUECOPY
	K	1001 010K KKKK 111K:KKKK KKKK KKKK KKKK	4454
00012C	940E 1166	CALL PSET_SSD1309
		ENDIF7
		ENDIF3
	D	1001 000D DDDD 0000:KKKK KKKK KKKK KKKK	21
	K	1001 0001 0101 0000:KKKK KKKK KKKK KKKK	1409
00012E	9150 0581	LDS SYSVALUECOPY,CURRCHARVAL
	D	 1001 010D DDDD 0111	21
000130	9557	ROR SYSVALUECOPY
	K	1001 001D DDDD 0000:KKKK KKKK KKKK KKKK	1409
	D	1001 001D DDDD 0000:0000 0101 1000 0001	21
000131	9350 0581	STS CURRCHARVAL,SYSVALUECOPY
	D	1001 000D DDDD 0000:KKKK KKKK KKKK KKKK	22
	K	1001 0001 0110 0000:KKKK KKKK KKKK KKKK	1408
000133	9160 0580	LDS SYSCALCTEMPA,CURRCHARROW
	D	 0011 KKKK DDDD KKKK	22
	K	 0011 KKKK 0110 KKKK	7
000135	3067	CPI SYSCALCTEMPA,7
	K	 1111 01KK KKKK K000	1
000136	F408	BRSH ENDIF4
	K	 1100 KKKK KKKK KKKK	4013
000137	CFAD	RJMP SYSFORLOOP2
		ENDIF4
		SYSFORLOOPEND2
	D	 1110 KKKK DDDD KKKK	21
	K	 1110 KKKK 0101 KKKK	0
000138	E050	LDI SYSVALUECOPY,0
	K	1001 001D DDDD 0000:KKKK KKKK KKKK KKKK	1421
	D	1001 001D DDDD 0000:0000 0101 1000 1101	21
000139	9350 058D	STS FIRSTPASS,SYSVALUECOPY
	D	1001 000D DDDD 0000:KKKK KKKK KKKK KKKK	6
	K	1001 0000 0110 0000:KKKK KKKK KKKK KKKK	1399
00013B	9060 0577	LDS SYSTEMP1,CHARLOCX
	D	 1001 010D DDDD 0011	6
00013D	9463	INC SYSTEMP1
	K	1001 001D DDDD 0000:KKKK KKKK KKKK KKKK	1399
	D	1001 001D DDDD 0000:0000 0101 0111 0111	6
00013E	9260 0577	STS CHARLOCX,SYSTEMP1
	D	1001 000D DDDD 0000:KKKK KKKK KKKK KKKK	10
	K	1001 0000 1010 0000:KKKK KKKK KKKK KKKK	1457
000140	90A0 05B1	LDS SYSTEMP2,LENGTHOFPICTURE
	D	 1110 KKKK DDDD KKKK	16
	K	 1110 KKKK 0000 KKKK	3
000142	E003	LDI SYSTEMP3,3
	D	 0000 11RD DDDD RRRR	10
	R	 0000 11R0 1010 RRRR	16
000143	0EA0	ADD SYSTEMP2,SYSTEMP3
	D	 0010 11RD DDDD RRRR	6
	R	 0010 11R0 0110 RRRR	10
000144	2C6A	MOV SYSTEMP1,SYSTEMP2
	D	1001 000D DDDD 0000:KKKK KKKK KKKK KKKK	10
	K	1001 0000 1010 0000:KKKK KKKK KKKK KKKK	1458
000145	90A0 05B2	LDS SYSTEMP2,LENGTHOFPICTURE_H
	D	 1110 KKKK DDDD KKKK	16
	K	 1110 KKKK 0000 KKKK	0
000147	E000	LDI SYSTEMP3,0
	D	 0001 11RD DDDD RRRR	10
	R	 0001 11R0 1010 RRRR	16
000148	1EA0	ADC SYSTEMP2,SYSTEMP3
	D	 0010 11RD DDDD RRRR	7
	R	 0010 11R0 0111 RRRR	10
000149	2C7A	MOV SYSTEMP1_H,SYSTEMP2
	D	1001 000D DDDD 0000:KKKK KKKK KKKK KKKK	22
	K	1001 0001 0110 0000:KKKK KKKK KKKK KKKK	1501
00014A	9160 05DD	LDS SYSWORDTEMPA,RAM_INDEX
	D	1001 000D DDDD 0000:KKKK KKKK KKKK KKKK	23
	K	1001 0001 0111 0000:KKKK KKKK KKKK KKKK	1502
00014C	9170 05DE	LDS SYSWORDTEMPA_H,RAM_INDEX_H
	D	 0010 11RD DDDD RRRR	28
	R	 0010 11R1 1100 RRRR	6
00014E	2DC6	MOV SYSWORDTEMPB,SYSTEMP1
	D	 0010 11RD DDDD RRRR	29
	R	 0010 11R1 1101 RRRR	7
00014F	2DD7	MOV SYSWORDTEMPB_H,SYSTEMP1_H
	K	1001 010K KKKK 111K:KKKK KKKK KKKK KKKK	5025
000150	940E 13A1	CALL SYSCOMPLESSTHAN16
	R	 1111 110R RRRR 0BBB	0
	B	 1111 1100 0000 0BBB	0
000152	FC00	SBRC SYSBYTETEMPX,0
	K	 1100 KKKK KKKK KKKK	3918
000153	CF4E	RJMP SYSFORLOOP1
		SYSFORLOOPEND1
	D	 1110 KKKK DDDD KKKK	31
	K	 1110 KKKK 1111 KKKK	2
000154	E0F2	LDI SYSWAITTEMPS,2
	K	 1101 KKKK KKKK KKKK	1979
000155	D7BB	RCALL DELAY_S
	D	 1110 KKKK DDDD KKKK	21
	K	 1110 KKKK 0101 KKKK	10
000156	E05A	LDI SYSVALUECOPY,10
	K	1001 001D DDDD 0000:KKKK KKKK KKKK KKKK	1414
	D	1001 001D DDDD 0000:0000 0101 1000 0110	21
000157	9350 0586	STS DIM_STATE,SYSVALUECOPY
	K	1001 010K KKKK 111K:KKKK KKKK KKKK KKKK	4635
000159	940E 121B	CALL SETCONTRAST_SSD1309
	D	 1110 KKKK DDDD KKKK	31
	K	 1110 KKKK 1111 KKKK	2
00015B	E0F2	LDI SYSWAITTEMPS,2
	K	 1101 KKKK KKKK KKKK	1972
00015C	D7B4	RCALL DELAY_S
	D	 1110 KKKK DDDD KKKK	21
	K	 1110 KKKK 0101 KKKK	0
00015D	E050	LDI SYSVALUECOPY,0
	K	1001 001D DDDD 0000:KKKK KKKK KKKK KKKK	1508
	D	1001 001D DDDD 0000:0000 0101 1110 0100	21
00015E	9350 05E4	STS SSD1309_START,SYSVALUECOPY
	D	 1110 KKKK DDDD KKKK	21
	K	 1110 KKKK 0101 KKKK	15
000160	E05F	LDI SYSVALUECOPY,15
	K	1001 001D DDDD 0000:KKKK KKKK KKKK KKKK	1509
	D	1001 001D DDDD 0000:0000 0101 1110 0101	21
000161	9350 05E5	STS SSD1309_STOP,SYSVALUECOPY
	D	 1110 KKKK DDDD KKKK	21
	K	 1110 KKKK 0101 KKKK	0
000163	E050	LDI SYSVALUECOPY,0
	K	1001 001D DDDD 0000:KKKK KKKK KKKK KKKK	1507
	D	1001 001D DDDD 0000:0000 0101 1110 0011	21
000164	9350 05E3	STS SSD1309_SCROLLSPEED,SYSVALUECOPY
	K	1001 010K KKKK 111K:KKKK KKKK KKKK KKKK	4765
000166	940E 129D	CALL STARTSCROLLRIGHT_SSD1309
	D	 1110 KKKK DDDD KKKK	31
	K	 1110 KKKK 1111 KKKK	3
000168	E0F3	LDI SYSWAITTEMPS,3
	K	 1101 KKKK KKKK KKKK	1959
000169	D7A7	RCALL DELAY_S
	D	 1110 KKKK DDDD KKKK	21
	K	 1110 KKKK 0101 KKKK	0
00016A	E050	LDI SYSVALUECOPY,0
	K	1001 001D DDDD 0000:KKKK KKKK KKKK KKKK	1508
	D	1001 001D DDDD 0000:0000 0101 1110 0100	21
00016B	9350 05E4	STS SSD1309_START,SYSVALUECOPY
	D	 1110 KKKK DDDD KKKK	21
	K	 1110 KKKK 0101 KKKK	15
00016D	E05F	LDI SYSVALUECOPY,15
	K	1001 001D DDDD 0000:KKKK KKKK KKKK KKKK	1509
	D	1001 001D DDDD 0000:0000 0101 1110 0101	21
00016E	9350 05E5	STS SSD1309_STOP,SYSVALUECOPY
	D	 1110 KKKK DDDD KKKK	21
	K	 1110 KKKK 0101 KKKK	0
000170	E050	LDI SYSVALUECOPY,0
	K	1001 001D DDDD 0000:KKKK KKKK KKKK KKKK	1507
	D	1001 001D DDDD 0000:0000 0101 1110 0011	21
000171	9350 05E3	STS SSD1309_SCROLLSPEED,SYSVALUECOPY
	K	1001 010K KKKK 111K:KKKK KKKK KKKK KKKK	4730
000173	940E 127A	CALL STARTSCROLLLEFT_SSD1309
	D	 1110 KKKK DDDD KKKK	31
	K	 1110 KKKK 1111 KKKK	3
000175	E0F3	LDI SYSWAITTEMPS,3
	K	 1101 KKKK KKKK KKKK	1946
000176	D79A	RCALL DELAY_S
	D	 1110 KKKK DDDD KKKK	21
	K	 1110 KKKK 0101 KKKK	0
000177	E050	LDI SYSVALUECOPY,0
	K	1001 001D DDDD 0000:KKKK KKKK KKKK KKKK	1508
	D	1001 001D DDDD 0000:0000 0101 1110 0100	21
000178	9350 05E4	STS SSD1309_START,SYSVALUECOPY
	D	 1110 KKKK DDDD KKKK	21
	K	 1110 KKKK 0101 KKKK	15
00017A	E05F	LDI SYSVALUECOPY,15
	K	1001 001D DDDD 0000:KKKK KKKK KKKK KKKK	1509
	D	1001 001D DDDD 0000:0000 0101 1110 0101	21
00017B	9350 05E5	STS SSD1309_STOP,SYSVALUECOPY
	D	 1110 KKKK DDDD KKKK	21
	K	 1110 KKKK 0101 KKKK	0
00017D	E050	LDI SYSVALUECOPY,0
	K	1001 001D DDDD 0000:KKKK KKKK KKKK KKKK	1507
	D	1001 001D DDDD 0000:0000 0101 1110 0011	21
00017E	9350 05E3	STS SSD1309_SCROLLSPEED,SYSVALUECOPY
	K	1001 010K KKKK 111K:KKKK KKKK KKKK KKKK	4687
000180	940E 124F	CALL STARTSCROLLDIAGRIGHT_SSD1309
	D	 1110 KKKK DDDD KKKK	31
	K	 1110 KKKK 1111 KKKK	3
000182	E0F3	LDI SYSWAITTEMPS,3
	K	 1101 KKKK KKKK KKKK	1933
000183	D78D	RCALL DELAY_S
	D	 1110 KKKK DDDD KKKK	21
	K	 1110 KKKK 0101 KKKK	0
000184	E050	LDI SYSVALUECOPY,0
	K	1001 001D DDDD 0000:KKKK KKKK KKKK KKKK	1508
	D	1001 001D DDDD 0000:0000 0101 1110 0100	21
000185	9350 05E4	STS SSD1309_START,SYSVALUECOPY
	D	 1110 KKKK DDDD KKKK	21
	K	 1110 KKKK 0101 KKKK	15
000187	E05F	LDI SYSVALUECOPY,15
	K	1001 001D DDDD 0000:KKKK KKKK KKKK KKKK	1509
	D	1001 001D DDDD 0000:0000 0101 1110 0101	21
000188	9350 05E5	STS SSD1309_STOP,SYSVALUECOPY
	D	 1110 KKKK DDDD KKKK	21
	K	 1110 KKKK 0101 KKKK	0
00018A	E050	LDI SYSVALUECOPY,0
	K	1001 001D DDDD 0000:KKKK KKKK KKKK KKKK	1507
	D	1001 001D DDDD 0000:0000 0101 1110 0011	21
00018B	9350 05E3	STS SSD1309_SCROLLSPEED,SYSVALUECOPY
	K	1001 010K KKKK 111K:KKKK KKKK KKKK KKKK	4644
00018D	940E 1224	CALL STARTSCROLLDIAGLEFT_SSD1309
	D	 1110 KKKK DDDD KKKK	31
	K	 1110 KKKK 1111 KKKK	3
00018F	E0F3	LDI SYSWAITTEMPS,3
	K	 1101 KKKK KKKK KKKK	1920
000190	D780	RCALL DELAY_S
	K	1001 010K KKKK 111K:KKKK KKKK KKKK KKKK	4800
000191	940E 12C0	CALL STOPSCROLL_SSD1309
	K	1001 010K KKKK 111K:KKKK KKKK KKKK KKKK	3162
000193	940E 0C5A	CALL GLCDCLS_SSD1309
	D	 1110 KKKK DDDD KKKK	21
	K	 1110 KKKK 0101 KKKK	0
000195	E050	LDI SYSVALUECOPY,0
	K	1001 001D DDDD 0000:KKKK KKKK KKKK KKKK	1495
	D	1001 001D DDDD 0000:0000 0101 1101 0111	21
000196	9350 05D7	STS PRINTLOCX,SYSVALUECOPY
	K	1001 001D DDDD 0000:KKKK KKKK KKKK KKKK	1496
	D	1001 001D DDDD 0000:0000 0101 1101 1000	21
000198	9350 05D8	STS PRINTLOCX_H,SYSVALUECOPY
	D	 1110 KKKK DDDD KKKK	21
	K	 1110 KKKK 0101 KKKK	0
00019A	E050	LDI SYSVALUECOPY,0
	K	1001 001D DDDD 0000:KKKK KKKK KKKK KKKK	1497
	D	1001 001D DDDD 0000:0000 0101 1101 1001	21
00019B	9350 05D9	STS PRINTLOCY,SYSVALUECOPY
	K	1001 001D DDDD 0000:KKKK KKKK KKKK KKKK	1498
	D	1001 001D DDDD 0000:0000 0101 1101 1010	21
00019D	9350 05DA	STS PRINTLOCY_H,SYSVALUECOPY
	D	 1110 KKKK DDDD KKKK	28
	K	 1110 KKKK 1100 KKKK	94
00019F	E5CE	LDI SYSSTRINGB,LOW(SYSSTRINGPARAM1)
	D	 1110 KKKK DDDD KKKK	29
	K	 1110 KKKK 1101 KKKK	5
0001A0	E0D5	LDI SYSSTRINGB_H,HIGH(SYSSTRINGPARAM1)
	D	 1110 KKKK DDDD KKKK	30
	K	 1110 KKKK 1110 KKKK	154
0001A1	E9EA	LDI SYSREADA,LOW(STRINGTABLE1<<1)
	D	 1110 KKKK DDDD KKKK	31
	K	 1110 KKKK 1111 KKKK	42
0001A2	E2FA	LDI SYSREADA_H,HIGH(STRINGTABLE1<<1)
	K	1001 010K KKKK 111K:KKKK KKKK KKKK KKKK	5429
0001A3	940E 1535	CALL SYSREADSTRING
	D	 1110 KKKK DDDD KKKK	21
	K	 1110 KKKK 0101 KKKK	94
0001A5	E55E	LDI SYSVALUECOPY,LOW(SYSSTRINGPARAM1)
	K	1001 001D DDDD 0000:KKKK KKKK KKKK KKKK	1521
	D	1001 001D DDDD 0000:0000 0101 1111 0001	21
0001A6	9350 05F1	STS SYSLCDPRINTDATAHANDLER,SYSVALUECOPY
	D	 1110 KKKK DDDD KKKK	21
	K	 1110 KKKK 0101 KKKK	5
0001A8	E055	LDI SYSVALUECOPY,HIGH(SYSSTRINGPARAM1)
	K	1001 001D DDDD 0000:KKKK KKKK KKKK KKKK	1522
	D	1001 001D DDDD 0000:0000 0101 1111 0010	21
0001A9	9350 05F2	STS SYSLCDPRINTDATAHANDLER_H,SYSVALUECOPY
	K	1001 010K KKKK 111K:KKKK KKKK KKKK KKKK	3785
0001AB	940E 0EC9	CALL GLCDPRINT4
	D	 1110 KKKK DDDD KKKK	21
	K	 1110 KKKK 0101 KKKK	64
0001AD	E450	LDI SYSVALUECOPY,64
	K	1001 001D DDDD 0000:KKKK KKKK KKKK KKKK	1495
	D	1001 001D DDDD 0000:0000 0101 1101 0111	21
0001AE	9350 05D7	STS PRINTLOCX,SYSVALUECOPY
	D	 1110 KKKK DDDD KKKK	21
	K	 1110 KKKK 0101 KKKK	0
0001B0	E050	LDI SYSVALUECOPY,0
	K	1001 001D DDDD 0000:KKKK KKKK KKKK KKKK	1496
	D	1001 001D DDDD 0000:0000 0101 1101 1000	21
0001B1	9350 05D8	STS PRINTLOCX_H,SYSVALUECOPY
	D	 1110 KKKK DDDD KKKK	21
	K	 1110 KKKK 0101 KKKK	0
0001B3	E050	LDI SYSVALUECOPY,0
	K	1001 001D DDDD 0000:KKKK KKKK KKKK KKKK	1497
	D	1001 001D DDDD 0000:0000 0101 1101 1001	21
0001B4	9350 05D9	STS PRINTLOCY,SYSVALUECOPY
	K	1001 001D DDDD 0000:KKKK KKKK KKKK KKKK	1498
	D	1001 001D DDDD 0000:0000 0101 1101 1010	21
0001B6	9350 05DA	STS PRINTLOCY_H,SYSVALUECOPY
	D	 1110 KKKK DDDD KKKK	28
	K	 1110 KKKK 1100 KKKK	94
0001B8	E5CE	LDI SYSSTRINGB,LOW(SYSSTRINGPARAM1)
	D	 1110 KKKK DDDD KKKK	29
	K	 1110 KKKK 1101 KKKK	5
0001B9	E0D5	LDI SYSSTRINGB_H,HIGH(SYSSTRINGPARAM1)
	D	 1110 KKKK DDDD KKKK	30
	K	 1110 KKKK 1110 KKKK	164
0001BA	EAE4	LDI SYSREADA,LOW(STRINGTABLE2<<1)
	D	 1110 KKKK DDDD KKKK	31
	K	 1110 KKKK 1111 KKKK	42
0001BB	E2FA	LDI SYSREADA_H,HIGH(STRINGTABLE2<<1)
	K	1001 010K KKKK 111K:KKKK KKKK KKKK KKKK	5429
0001BC	940E 1535	CALL SYSREADSTRING
	D	 1110 KKKK DDDD KKKK	21
	K	 1110 KKKK 0101 KKKK	94
0001BE	E55E	LDI SYSVALUECOPY,LOW(SYSSTRINGPARAM1)
	K	1001 001D DDDD 0000:KKKK KKKK KKKK KKKK	1521
	D	1001 001D DDDD 0000:0000 0101 1111 0001	21
0001BF	9350 05F1	STS SYSLCDPRINTDATAHANDLER,SYSVALUECOPY
	D	 1110 KKKK DDDD KKKK	21
	K	 1110 KKKK 0101 KKKK	5
0001C1	E055	LDI SYSVALUECOPY,HIGH(SYSSTRINGPARAM1)
	K	1001 001D DDDD 0000:KKKK KKKK KKKK KKKK	1522
	D	1001 001D DDDD 0000:0000 0101 1111 0010	21
0001C2	9350 05F2	STS SYSLCDPRINTDATAHANDLER_H,SYSVALUECOPY
	K	1001 010K KKKK 111K:KKKK KKKK KKKK KKKK	3785
0001C4	940E 0EC9	CALL GLCDPRINT4
	D	 1110 KKKK DDDD KKKK	21
	K	 1110 KKKK 0101 KKKK	72
0001C6	E458	LDI SYSVALUECOPY,72
	K	1001 001D DDDD 0000:KKKK KKKK KKKK KKKK	1495
	D	1001 001D DDDD 0000:0000 0101 1101 0111	21
0001C7	9350 05D7	STS PRINTLOCX,SYSVALUECOPY
	D	 1110 KKKK DDDD KKKK	21
	K	 1110 KKKK 0101 KKKK	0
0001C9	E050	LDI SYSVALUECOPY,0
	K	1001 001D DDDD 0000:KKKK KKKK KKKK KKKK	1496
	D	1001 001D DDDD 0000:0000 0101 1101 1000	21
0001CA	9350 05D8	STS PRINTLOCX_H,SYSVALUECOPY
	D	 1110 KKKK DDDD KKKK	21
	K	 1110 KKKK 0101 KKKK	0
0001CC	E050	LDI SYSVALUECOPY,0
	K	1001 001D DDDD 0000:KKKK KKKK KKKK KKKK	1497
	D	1001 001D DDDD 0000:0000 0101 1101 1001	21
0001CD	9350 05D9	STS PRINTLOCY,SYSVALUECOPY
	K	1001 001D DDDD 0000:KKKK KKKK KKKK KKKK	1498
	D	1001 001D DDDD 0000:0000 0101 1101 1010	21
0001CF	9350 05DA	STS PRINTLOCY_H,SYSVALUECOPY
	D	 1110 KKKK DDDD KKKK	21
	K	 1110 KKKK 0101 KKKK	16
0001D1	E150	LDI SYSVALUECOPY,16
	K	1001 001D DDDD 0000:KKKK KKKK KKKK KKKK	1453
	D	1001 001D DDDD 0000:0000 0101 1010 1101	21
0001D2	9350 05AD	STS LCDVALUE,SYSVALUECOPY
	D	 1110 KKKK DDDD KKKK	21
	K	 1110 KKKK 0101 KKKK	0
0001D4	E050	LDI SYSVALUECOPY,0
	K	1001 001D DDDD 0000:KKKK KKKK KKKK KKKK	1454
	D	1001 001D DDDD 0000:0000 0101 1010 1110	21
0001D5	9350 05AE	STS LCDVALUE_H,SYSVALUECOPY
	K	1001 001D DDDD 0000:KKKK KKKK KKKK KKKK	1455
	D	1001 001D DDDD 0000:0000 0101 1010 1111	21
0001D7	9350 05AF	STS LCDVALUE_U,SYSVALUECOPY
	K	1001 001D DDDD 0000:KKKK KKKK KKKK KKKK	1456
	D	1001 001D DDDD 0000:0000 0101 1011 0000	21
0001D9	9350 05B0	STS LCDVALUE_E,SYSVALUECOPY
	K	1001 010K KKKK 111K:KKKK KKKK KKKK KKKK	3896
0001DB	940E 0F38	CALL GLCDPRINT7
	D	 1110 KKKK DDDD KKKK	21
	K	 1110 KKKK 0101 KKKK	86
0001DD	E556	LDI SYSVALUECOPY,86
	K	1001 001D DDDD 0000:KKKK KKKK KKKK KKKK	1495
	D	1001 001D DDDD 0000:0000 0101 1101 0111	21
0001DE	9350 05D7	STS PRINTLOCX,SYSVALUECOPY
	D	 1110 KKKK DDDD KKKK	21
	K	 1110 KKKK 0101 KKKK	0
0001E0	E050	LDI SYSVALUECOPY,0
	K	1001 001D DDDD 0000:KKKK KKKK KKKK KKKK	1496
	D	1001 001D DDDD 0000:0000 0101 1101 1000	21
0001E1	9350 05D8	STS PRINTLOCX_H,SYSVALUECOPY
	D	 1110 KKKK DDDD KKKK	21
	K	 1110 KKKK 0101 KKKK	0
0001E3	E050	LDI SYSVALUECOPY,0
	K	1001 001D DDDD 0000:KKKK KKKK KKKK KKKK	1497
	D	1001 001D DDDD 0000:0000 0101 1101 1001	21
0001E4	9350 05D9	STS PRINTLOCY,SYSVALUECOPY
	K	1001 001D DDDD 0000:KKKK KKKK KKKK KKKK	1498
	D	1001 001D DDDD 0000:0000 0101 1101 1010	21
0001E6	9350 05DA	STS PRINTLOCY_H,SYSVALUECOPY
	D	 1110 KKKK DDDD KKKK	28
	K	 1110 KKKK 1100 KKKK	94
0001E8	E5CE	LDI SYSSTRINGB,LOW(SYSSTRINGPARAM1)
	D	 1110 KKKK DDDD KKKK	29
	K	 1110 KKKK 1101 KKKK	5
0001E9	E0D5	LDI SYSSTRINGB_H,HIGH(SYSSTRINGPARAM1)
	D	 1110 KKKK DDDD KKKK	30
	K	 1110 KKKK 1110 KKKK	166
0001EA	EAE6	LDI SYSREADA,LOW(STRINGTABLE3<<1)
	D	 1110 KKKK DDDD KKKK	31
	K	 1110 KKKK 1111 KKKK	42
0001EB	E2FA	LDI SYSREADA_H,HIGH(STRINGTABLE3<<1)
	K	1001 010K KKKK 111K:KKKK KKKK KKKK KKKK	5429
0001EC	940E 1535	CALL SYSREADSTRING
	D	 1110 KKKK DDDD KKKK	21
	K	 1110 KKKK 0101 KKKK	94
0001EE	E55E	LDI SYSVALUECOPY,LOW(SYSSTRINGPARAM1)
	K	1001 001D DDDD 0000:KKKK KKKK KKKK KKKK	1521
	D	1001 001D DDDD 0000:0000 0101 1111 0001	21
0001EF	9350 05F1	STS SYSLCDPRINTDATAHANDLER,SYSVALUECOPY
	D	 1110 KKKK DDDD KKKK	21
	K	 1110 KKKK 0101 KKKK	5
0001F1	E055	LDI SYSVALUECOPY,HIGH(SYSSTRINGPARAM1)
	K	1001 001D DDDD 0000:KKKK KKKK KKKK KKKK	1522
	D	1001 001D DDDD 0000:0000 0101 1111 0010	21
0001F2	9350 05F2	STS SYSLCDPRINTDATAHANDLER_H,SYSVALUECOPY
	K	1001 010K KKKK 111K:KKKK KKKK KKKK KKKK	3785
0001F4	940E 0EC9	CALL GLCDPRINT4
	D	 1110 KKKK DDDD KKKK	21
	K	 1110 KKKK 0101 KKKK	0
0001F6	E050	LDI SYSVALUECOPY,0
	K	1001 001D DDDD 0000:KKKK KKKK KKKK KKKK	1510
	D	1001 001D DDDD 0000:0000 0101 1110 0110	21
0001F7	9350 05E6	STS STRINGLOCX,SYSVALUECOPY
	D	 1110 KKKK DDDD KKKK	21
	K	 1110 KKKK 0101 KKKK	8
0001F9	E058	LDI SYSVALUECOPY,8
	K	1001 001D DDDD 0000:KKKK KKKK KKKK KKKK	1401
	D	1001 001D DDDD 0000:0000 0101 0111 1001	21
0001FA	9350 0579	STS CHARLOCY,SYSVALUECOPY
	D	 1110 KKKK DDDD KKKK	28
	K	 1110 KKKK 1100 KKKK	94
0001FC	E5CE	LDI SYSSTRINGB,LOW(SYSSTRINGPARAM1)
	D	 1110 KKKK DDDD KKKK	29
	K	 1110 KKKK 1101 KKKK	5
0001FD	E0D5	LDI SYSSTRINGB_H,HIGH(SYSSTRINGPARAM1)
	D	 1110 KKKK DDDD KKKK	30
	K	 1110 KKKK 1110 KKKK	170
0001FE	EAEA	LDI SYSREADA,LOW(STRINGTABLE4<<1)
	D	 1110 KKKK DDDD KKKK	31
	K	 1110 KKKK 1111 KKKK	42
0001FF	E2FA	LDI SYSREADA_H,HIGH(STRINGTABLE4<<1)
	K	1001 010K KKKK 111K:KKKK KKKK KKKK KKKK	5429
000200	940E 1535	CALL SYSREADSTRING
	D	 1110 KKKK DDDD KKKK	21
	K	 1110 KKKK 0101 KKKK	94
000202	E55E	LDI SYSVALUECOPY,LOW(SYSSTRINGPARAM1)
	K	1001 001D DDDD 0000:KKKK KKKK KKKK KKKK	1515
	D	1001 001D DDDD 0000:0000 0101 1110 1011	21
000203	9350 05EB	STS SYSCHARSHANDLER,SYSVALUECOPY
	D	 1110 KKKK DDDD KKKK	21
	K	 1110 KKKK 0101 KKKK	5
000205	E055	LDI SYSVALUECOPY,HIGH(SYSSTRINGPARAM1)
	K	1001 001D DDDD 0000:KKKK KKKK KKKK KKKK	1516
	D	1001 001D DDDD 0000:0000 0101 1110 1100	21
000206	9350 05EC	STS SYSCHARSHANDLER_H,SYSVALUECOPY
	D	1001 000D DDDD 0000:KKKK KKKK KKKK KKKK	21
	K	1001 0001 0101 0000:KKKK KKKK KKKK KKKK	1433
000208	9150 0599	LDS SYSVALUECOPY,GLCDFOREGROUND
	K	1001 001D DDDD 0000:KKKK KKKK KKKK KKKK	1459
	D	1001 001D DDDD 0000:0000 0101 1011 0011	21
00020A	9350 05B3	STS LINECOLOUR,SYSVALUECOPY
	D	1001 000D DDDD 0000:KKKK KKKK KKKK KKKK	21
	K	1001 0001 0101 0000:KKKK KKKK KKKK KKKK	1434
00020C	9150 059A	LDS SYSVALUECOPY,GLCDFOREGROUND_H
	K	1001 001D DDDD 0000:KKKK KKKK KKKK KKKK	1460
	D	1001 001D DDDD 0000:0000 0101 1011 0100	21
00020E	9350 05B4	STS LINECOLOUR_H,SYSVALUECOPY
	K	1001 010K KKKK 111K:KKKK KKKK KKKK KKKK	3706
000210	940E 0E7A	CALL GLCDDRAWSTRING
	D	 1110 KKKK DDDD KKKK	21
	K	 1110 KKKK 0101 KKKK	0
000212	E050	LDI SYSVALUECOPY,0
	K	1001 001D DDDD 0000:KKKK KKKK KKKK KKKK	1477
	D	1001 001D DDDD 0000:0000 0101 1100 0101	21
000213	9350 05C5	STS LINEX1,SYSVALUECOPY
	K	1001 001D DDDD 0000:KKKK KKKK KKKK KKKK	1478
	D	1001 001D DDDD 0000:0000 0101 1100 0110	21
000215	9350 05C6	STS LINEX1_H,SYSVALUECOPY
	D	 1110 KKKK DDDD KKKK	21
	K	 1110 KKKK 0101 KKKK	0
000217	E050	LDI SYSVALUECOPY,0
	K	1001 001D DDDD 0000:KKKK KKKK KKKK KKKK	1481
	D	1001 001D DDDD 0000:0000 0101 1100 1001	21
000218	9350 05C9	STS LINEY1,SYSVALUECOPY
	K	1001 001D DDDD 0000:KKKK KKKK KKKK KKKK	1482
	D	1001 001D DDDD 0000:0000 0101 1100 1010	21
00021A	9350 05CA	STS LINEY1_H,SYSVALUECOPY
	D	 1110 KKKK DDDD KKKK	21
	K	 1110 KKKK 0101 KKKK	127
00021C	E75F	LDI SYSVALUECOPY,127
	K	1001 001D DDDD 0000:KKKK KKKK KKKK KKKK	1479
	D	1001 001D DDDD 0000:0000 0101 1100 0111	21
00021D	9350 05C7	STS LINEX2,SYSVALUECOPY
	D	 1110 KKKK DDDD KKKK	21
	K	 1110 KKKK 0101 KKKK	0
00021F	E050	LDI SYSVALUECOPY,0
	K	1001 001D DDDD 0000:KKKK KKKK KKKK KKKK	1480
	D	1001 001D DDDD 0000:0000 0101 1100 1000	21
000220	9350 05C8	STS LINEX2_H,SYSVALUECOPY
	D	 1110 KKKK DDDD KKKK	21
	K	 1110 KKKK 0101 KKKK	63
000222	E35F	LDI SYSVALUECOPY,63
	K	1001 001D DDDD 0000:KKKK KKKK KKKK KKKK	1483
	D	1001 001D DDDD 0000:0000 0101 1100 1011	21
000223	9350 05CB	STS LINEY2,SYSVALUECOPY
	D	 1110 KKKK DDDD KKKK	21
	K	 1110 KKKK 0101 KKKK	0
000225	E050	LDI SYSVALUECOPY,0
	K	1001 001D DDDD 0000:KKKK KKKK KKKK KKKK	1484
	D	1001 001D DDDD 0000:0000 0101 1100 1100	21
000226	9350 05CC	STS LINEY2_H,SYSVALUECOPY
	D	1001 000D DDDD 0000:KKKK KKKK KKKK KKKK	21
	K	1001 0001 0101 0000:KKKK KKKK KKKK KKKK	1433
000228	9150 0599	LDS SYSVALUECOPY,GLCDFOREGROUND
	K	1001 001D DDDD 0000:KKKK KKKK KKKK KKKK	1459
	D	1001 001D DDDD 0000:0000 0101 1011 0011	21
00022A	9350 05B3	STS LINECOLOUR,SYSVALUECOPY
	D	1001 000D DDDD 0000:KKKK KKKK KKKK KKKK	21
	K	1001 0001 0101 0000:KKKK KKKK KKKK KKKK	1434
00022C	9150 059A	LDS SYSVALUECOPY,GLCDFOREGROUND_H
	K	1001 001D DDDD 0000:KKKK KKKK KKKK KKKK	1460
	D	1001 001D DDDD 0000:0000 0101 1011 0100	21
00022E	9350 05B4	STS LINECOLOUR_H,SYSVALUECOPY
	K	 1101 KKKK KKKK KKKK	1105
000230	D451	RCALL BOX16
	D	 1110 KKKK DDDD KKKK	21
	K	 1110 KKKK 0101 KKKK	123
000231	E75B	LDI SYSVALUECOPY,123
	K	1001 001D DDDD 0000:KKKK KKKK KKKK KKKK	1477
	D	1001 001D DDDD 0000:0000 0101 1100 0101	21
000232	9350 05C5	STS LINEX1,SYSVALUECOPY
	D	 1110 KKKK DDDD KKKK	21
	K	 1110 KKKK 0101 KKKK	0
000234	E050	LDI SYSVALUECOPY,0
	K	1001 001D DDDD 0000:KKKK KKKK KKKK KKKK	1478
	D	1001 001D DDDD 0000:0000 0101 1100 0110	21
000235	9350 05C6	STS LINEX1_H,SYSVALUECOPY
	D	 1110 KKKK DDDD KKKK	21
	K	 1110 KKKK 0101 KKKK	59
000237	E35B	LDI SYSVALUECOPY,59
	K	1001 001D DDDD 0000:KKKK KKKK KKKK KKKK	1481
	D	1001 001D DDDD 0000:0000 0101 1100 1001	21
000238	9350 05C9	STS LINEY1,SYSVALUECOPY
	D	 1110 KKKK DDDD KKKK	21
	K	 1110 KKKK 0101 KKKK	0
00023A	E050	LDI SYSVALUECOPY,0
	K	1001 001D DDDD 0000:KKKK KKKK KKKK KKKK	1482
	D	1001 001D DDDD 0000:0000 0101 1100 1010	21
00023B	9350 05CA	STS LINEY1_H,SYSVALUECOPY
	D	 1110 KKKK DDDD KKKK	21
	K	 1110 KKKK 0101 KKKK	127
00023D	E75F	LDI SYSVALUECOPY,127
	K	1001 001D DDDD 0000:KKKK KKKK KKKK KKKK	1479
	D	1001 001D DDDD 0000:0000 0101 1100 0111	21
00023E	9350 05C7	STS LINEX2,SYSVALUECOPY
	D	 1110 KKKK DDDD KKKK	21
	K	 1110 KKKK 0101 KKKK	0
000240	E050	LDI SYSVALUECOPY,0
	K	1001 001D DDDD 0000:KKKK KKKK KKKK KKKK	1480
	D	1001 001D DDDD 0000:0000 0101 1100 1000	21
000241	9350 05C8	STS LINEX2_H,SYSVALUECOPY
	D	 1110 KKKK DDDD KKKK	21
	K	 1110 KKKK 0101 KKKK	63
000243	E35F	LDI SYSVALUECOPY,63
	K	1001 001D DDDD 0000:KKKK KKKK KKKK KKKK	1483
	D	1001 001D DDDD 0000:0000 0101 1100 1011	21
000244	9350 05CB	STS LINEY2,SYSVALUECOPY
	D	 1110 KKKK DDDD KKKK	21
	K	 1110 KKKK 0101 KKKK	0
000246	E050	LDI SYSVALUECOPY,0
	K	1001 001D DDDD 0000:KKKK KKKK KKKK KKKK	1484
	D	1001 001D DDDD 0000:0000 0101 1100 1100	21
000247	9350 05CC	STS LINEY2_H,SYSVALUECOPY
	D	1001 000D DDDD 0000:KKKK KKKK KKKK KKKK	21
	K	1001 0001 0101 0000:KKKK KKKK KKKK KKKK	1433
000249	9150 0599	LDS SYSVALUECOPY,GLCDFOREGROUND
	K	1001 001D DDDD 0000:KKKK KKKK KKKK KKKK	1459
	D	1001 001D DDDD 0000:0000 0101 1011 0011	21
00024B	9350 05B3	STS LINECOLOUR,SYSVALUECOPY
	D	1001 000D DDDD 0000:KKKK KKKK KKKK KKKK	21
	K	1001 0001 0101 0000:KKKK KKKK KKKK KKKK	1434
00024D	9150 059A	LDS SYSVALUECOPY,GLCDFOREGROUND_H
	K	1001 001D DDDD 0000:KKKK KKKK KKKK KKKK	1460
	D	1001 001D DDDD 0000:0000 0101 1011 0100	21
00024F	9350 05B4	STS LINECOLOUR_H,SYSVALUECOPY
	K	 1101 KKKK KKKK KKKK	1072
000251	D430	RCALL BOX16
	D	 1110 KKKK DDDD KKKK	21
	K	 1110 KKKK 0101 KKKK	44
000252	E25C	LDI SYSVALUECOPY,44
	K	1001 001D DDDD 0000:KKKK KKKK KKKK KKKK	1552
	D	1001 001D DDDD 0000:0000 0110 0001 0000	21
000253	9350 0610	STS XOFFSET,SYSVALUECOPY
	D	 1110 KKKK DDDD KKKK	21
	K	 1110 KKKK 0101 KKKK	0
000255	E050	LDI SYSVALUECOPY,0
	K	1001 001D DDDD 0000:KKKK KKKK KKKK KKKK	1553
	D	1001 001D DDDD 0000:0000 0110 0001 0001	21
000256	9350 0611	STS XOFFSET_H,SYSVALUECOPY
	D	 1110 KKKK DDDD KKKK	21
	K	 1110 KKKK 0101 KKKK	41
000258	E259	LDI SYSVALUECOPY,41
	K	1001 001D DDDD 0000:KKKK KKKK KKKK KKKK	1560
	D	1001 001D DDDD 0000:0000 0110 0001 1000	21
000259	9350 0618	STS YOFFSET,SYSVALUECOPY
	D	 1110 KKKK DDDD KKKK	21
	K	 1110 KKKK 0101 KKKK	0
00025B	E050	LDI SYSVALUECOPY,0
	K	1001 001D DDDD 0000:KKKK KKKK KKKK KKKK	1561
	D	1001 001D DDDD 0000:0000 0110 0001 1001	21
00025C	9350 0619	STS YOFFSET_H,SYSVALUECOPY
	D	 1110 KKKK DDDD KKKK	21
	K	 1110 KKKK 0101 KKKK	15
00025E	E05F	LDI SYSVALUECOPY,15
	K	1001 001D DDDD 0000:KKKK KKKK KKKK KKKK	1451
	D	1001 001D DDDD 0000:0000 0101 1010 1011	21
00025F	9350 05AB	STS INXRADIUS,SYSVALUECOPY
	D	 1110 KKKK DDDD KKKK	21
	K	 1110 KKKK 0101 KKKK	0
000261	E050	LDI SYSVALUECOPY,0
	K	1001 001D DDDD 0000:KKKK KKKK KKKK KKKK	1452
	D	1001 001D DDDD 0000:0000 0101 1010 1100	21
000262	9350 05AC	STS INXRADIUS_H,SYSVALUECOPY
	D	1001 000D DDDD 0000:KKKK KKKK KKKK KKKK	21
	K	1001 0001 0101 0000:KKKK KKKK KKKK KKKK	1433
000264	9150 0599	LDS SYSVALUECOPY,GLCDFOREGROUND
	K	1001 001D DDDD 0000:KKKK KKKK KKKK KKKK	1459
	D	1001 001D DDDD 0000:0000 0101 1011 0011	21
000266	9350 05B3	STS LINECOLOUR,SYSVALUECOPY
	D	1001 000D DDDD 0000:KKKK KKKK KKKK KKKK	21
	K	1001 0001 0101 0000:KKKK KKKK KKKK KKKK	1434
000268	9150 059A	LDS SYSVALUECOPY,GLCDFOREGROUND_H
	K	1001 001D DDDD 0000:KKKK KKKK KKKK KKKK	1460
	D	1001 001D DDDD 0000:0000 0101 1011 0100	21
00026A	9350 05B4	STS LINECOLOUR_H,SYSVALUECOPY
	D	1001 000D DDDD 0000:KKKK KKKK KKKK KKKK	21
	K	1001 0001 0101 0000:KKKK KKKK KKKK KKKK	1443
00026C	9150 05A3	LDS SYSVALUECOPY,GLCD_YORDINATE
	K	1001 001D DDDD 0000:KKKK KKKK KKKK KKKK	1562
	D	1001 001D DDDD 0000:0000 0110 0001 1010	21
00026E	9350 061A	STS YORDINATE,SYSVALUECOPY
	K	 1101 KKKK KKKK KKKK	1280
000270	D500	RCALL CIRCLE19
	D	 1110 KKKK DDDD KKKK	21
	K	 1110 KKKK 0101 KKKK	64
000271	E450	LDI SYSVALUECOPY,64
	K	1001 001D DDDD 0000:KKKK KKKK KKKK KKKK	1477
	D	1001 001D DDDD 0000:0000 0101 1100 0101	21
000272	9350 05C5	STS LINEX1,SYSVALUECOPY
	D	 1110 KKKK DDDD KKKK	21
	K	 1110 KKKK 0101 KKKK	0
000274	E050	LDI SYSVALUECOPY,0
	K	1001 001D DDDD 0000:KKKK KKKK KKKK KKKK	1478
	D	1001 001D DDDD 0000:0000 0101 1100 0110	21
000275	9350 05C6	STS LINEX1_H,SYSVALUECOPY
	D	 1110 KKKK DDDD KKKK	21
	K	 1110 KKKK 0101 KKKK	31
000277	E15F	LDI SYSVALUECOPY,31
	K	1001 001D DDDD 0000:KKKK KKKK KKKK KKKK	1481
	D	1001 001D DDDD 0000:0000 0101 1100 1001	21
000278	9350 05C9	STS LINEY1,SYSVALUECOPY
	D	 1110 KKKK DDDD KKKK	21
	K	 1110 KKKK 0101 KKKK	0
00027A	E050	LDI SYSVALUECOPY,0
	K	1001 001D DDDD 0000:KKKK KKKK KKKK KKKK	1482
	D	1001 001D DDDD 0000:0000 0101 1100 1010	21
00027B	9350 05CA	STS LINEY1_H,SYSVALUECOPY
	D	 1110 KKKK DDDD KKKK	21
	K	 1110 KKKK 0101 KKKK	0
00027D	E050	LDI SYSVALUECOPY,0
	K	1001 001D DDDD 0000:KKKK KKKK KKKK KKKK	1479
	D	1001 001D DDDD 0000:0000 0101 1100 0111	21
00027E	9350 05C7	STS LINEX2,SYSVALUECOPY
	K	1001 001D DDDD 0000:KKKK KKKK KKKK KKKK	1480
	D	1001 001D DDDD 0000:0000 0101 1100 1000	21
000280	9350 05C8	STS LINEX2_H,SYSVALUECOPY
	D	 1110 KKKK DDDD KKKK	21
	K	 1110 KKKK 0101 KKKK	31
000282	E15F	LDI SYSVALUECOPY,31
	K	1001 001D DDDD 0000:KKKK KKKK KKKK KKKK	1483
	D	1001 001D DDDD 0000:0000 0101 1100 1011	21
000283	9350 05CB	STS LINEY2,SYSVALUECOPY
	D	 1110 KKKK DDDD KKKK	21
	K	 1110 KKKK 0101 KKKK	0
000285	E050	LDI SYSVALUECOPY,0
	K	1001 001D DDDD 0000:KKKK KKKK KKKK KKKK	1484
	D	1001 001D DDDD 0000:0000 0101 1100 1100	21
000286	9350 05CC	STS LINEY2_H,SYSVALUECOPY
	D	1001 000D DDDD 0000:KKKK KKKK KKKK KKKK	21
	K	1001 0001 0101 0000:KKKK KKKK KKKK KKKK	1433
000288	9150 0599	LDS SYSVALUECOPY,GLCDFOREGROUND
	K	1001 001D DDDD 0000:KKKK KKKK KKKK KKKK	1459
	D	1001 001D DDDD 0000:0000 0101 1011 0011	21
00028A	9350 05B3	STS LINECOLOUR,SYSVALUECOPY
	D	1001 000D DDDD 0000:KKKK KKKK KKKK KKKK	21
	K	1001 0001 0101 0000:KKKK KKKK KKKK KKKK	1434
00028C	9150 059A	LDS SYSVALUECOPY,GLCDFOREGROUND_H
	K	1001 001D DDDD 0000:KKKK KKKK KKKK KKKK	1460
	D	1001 001D DDDD 0000:0000 0101 1011 0100	21
00028E	9350 05B4	STS LINECOLOUR_H,SYSVALUECOPY
	K	1001 010K KKKK 111K:KKKK KKKK KKKK KKKK	5565
000290	940E 15BD	CALL _LINE70
		SYSDOLOOP_S1
	D	 1110 KKKK DDDD KKKK	21
	K	 1110 KKKK 0101 KKKK	31
000292	E15F	LDI SYSVALUECOPY,31
	K	1001 001D DDDD 0000:KKKK KKKK KKKK KKKK	1394
	D	1001 001D DDDD 0000:0000 0101 0111 0010	21
000293	9350 0572	STS CCOUNT,SYSVALUECOPY
		SYSFORLOOP3
	D	1001 000D DDDD 0000:KKKK KKKK KKKK KKKK	6
	K	1001 0000 0110 0000:KKKK KKKK KKKK KKKK	1394
000295	9060 0572	LDS SYSTEMP1,CCOUNT
	D	 1001 010D DDDD 0011	6
000297	9463	INC SYSTEMP1
	K	1001 001D DDDD 0000:KKKK KKKK KKKK KKKK	1394
	D	1001 001D DDDD 0000:0000 0101 0111 0010	6
000298	9260 0572	STS CCOUNT,SYSTEMP1
	D	 1110 KKKK DDDD KKKK	21
	K	 1110 KKKK 0101 KKKK	64
00029A	E450	LDI SYSVALUECOPY,64
	K	1001 001D DDDD 0000:KKKK KKKK KKKK KKKK	1495
	D	1001 001D DDDD 0000:0000 0101 1101 0111	21
00029B	9350 05D7	STS PRINTLOCX,SYSVALUECOPY
	D	 1110 KKKK DDDD KKKK	21
	K	 1110 KKKK 0101 KKKK	0
00029D	E050	LDI SYSVALUECOPY,0
	K	1001 001D DDDD 0000:KKKK KKKK KKKK KKKK	1496
	D	1001 001D DDDD 0000:0000 0101 1101 1000	21
00029E	9350 05D8	STS PRINTLOCX_H,SYSVALUECOPY
	D	 1110 KKKK DDDD KKKK	21
	K	 1110 KKKK 0101 KKKK	36
0002A0	E254	LDI SYSVALUECOPY,36
	K	1001 001D DDDD 0000:KKKK KKKK KKKK KKKK	1497
	D	1001 001D DDDD 0000:0000 0101 1101 1001	21
0002A1	9350 05D9	STS PRINTLOCY,SYSVALUECOPY
	D	 1110 KKKK DDDD KKKK	21
	K	 1110 KKKK 0101 KKKK	0
0002A3	E050	LDI SYSVALUECOPY,0
	K	1001 001D DDDD 0000:KKKK KKKK KKKK KKKK	1498
	D	1001 001D DDDD 0000:0000 0101 1101 1010	21
0002A4	9350 05DA	STS PRINTLOCY_H,SYSVALUECOPY
	D	1001 000D DDDD 0000:KKKK KKKK KKKK KKKK	21
	K	1001 0001 0101 0000:KKKK KKKK KKKK KKKK	1490
0002A6	9150 05D2	LDS SYSVALUECOPY,LONGNUMBER_E
	K	1001 001D DDDD 0000:KKKK KKKK KKKK KKKK	1546
	D	1001 001D DDDD 0000:0000 0110 0000 1010	21
0002A8	9350 060A	STS SYSVALTEMP,SYSVALUECOPY
	K	1001 010K KKKK 111K:KKKK KKKK KKKK KKKK	5498
0002AA	940E 157A	CALL FN__HEXPICAS
	D	 1110 KKKK DDDD KKKK	21
	K	 1110 KKKK 0101 KKKK	109
0002AC	E65D	LDI SYSVALUECOPY,LOW(_HEXPICAS)
	K	1001 001D DDDD 0000:KKKK KKKK KKKK KKKK	1521
	D	1001 001D DDDD 0000:0000 0101 1111 0001	21
0002AD	9350 05F1	STS SYSLCDPRINTDATAHANDLER,SYSVALUECOPY
	D	 1110 KKKK DDDD KKKK	21
	K	 1110 KKKK 0101 KKKK	5
0002AF	E055	LDI SYSVALUECOPY,HIGH(_HEXPICAS)
	K	1001 001D DDDD 0000:KKKK KKKK KKKK KKKK	1522
	D	1001 001D DDDD 0000:0000 0101 1111 0010	21
0002B0	9350 05F2	STS SYSLCDPRINTDATAHANDLER_H,SYSVALUECOPY
	K	1001 010K KKKK 111K:KKKK KKKK KKKK KKKK	3785
0002B2	940E 0EC9	CALL GLCDPRINT4
	D	 1110 KKKK DDDD KKKK	21
	K	 1110 KKKK 0101 KKKK	76
0002B4	E45C	LDI SYSVALUECOPY,76
	K	1001 001D DDDD 0000:KKKK KKKK KKKK KKKK	1495
	D	1001 001D DDDD 0000:0000 0101 1101 0111	21
0002B5	9350 05D7	STS PRINTLOCX,SYSVALUECOPY
	D	 1110 KKKK DDDD KKKK	21
	K	 1110 KKKK 0101 KKKK	0
0002B7	E050	LDI SYSVALUECOPY,0
	K	1001 001D DDDD 0000:KKKK KKKK KKKK KKKK	1496
	D	1001 001D DDDD 0000:0000 0101 1101 1000	21
0002B8	9350 05D8	STS PRINTLOCX_H,SYSVALUECOPY
	D	 1110 KKKK DDDD KKKK	21
	K	 1110 KKKK 0101 KKKK	36
0002BA	E254	LDI SYSVALUECOPY,36
	K	1001 001D DDDD 0000:KKKK KKKK KKKK KKKK	1497
	D	1001 001D DDDD 0000:0000 0101 1101 1001	21
0002BB	9350 05D9	STS PRINTLOCY,SYSVALUECOPY
	D	 1110 KKKK DDDD KKKK	21
	K	 1110 KKKK 0101 KKKK	0
0002BD	E050	LDI SYSVALUECOPY,0
	K	1001 001D DDDD 0000:KKKK KKKK KKKK KKKK	1498
	D	1001 001D DDDD 0000:0000 0101 1101 1010	21
0002BE	9350 05DA	STS PRINTLOCY_H,SYSVALUECOPY
	D	1001 000D DDDD 0000:KKKK KKKK KKKK KKKK	21
	K	1001 0001 0101 0000:KKKK KKKK KKKK KKKK	1489
0002C0	9150 05D1	LDS SYSVALUECOPY,LONGNUMBER_U
	K	1001 001D DDDD 0000:KKKK KKKK KKKK KKKK	1546
	D	1001 001D DDDD 0000:0000 0110 0000 1010	21
0002C2	9350 060A	STS SYSVALTEMP,SYSVALUECOPY
	K	1001 010K KKKK 111K:KKKK KKKK KKKK KKKK	5498
0002C4	940E 157A	CALL FN__HEXPICAS
	D	 1110 KKKK DDDD KKKK	21
	K	 1110 KKKK 0101 KKKK	109
0002C6	E65D	LDI SYSVALUECOPY,LOW(_HEXPICAS)
	K	1001 001D DDDD 0000:KKKK KKKK KKKK KKKK	1521
	D	1001 001D DDDD 0000:0000 0101 1111 0001	21
0002C7	9350 05F1	STS SYSLCDPRINTDATAHANDLER,SYSVALUECOPY
	D	 1110 KKKK DDDD KKKK	21
	K	 1110 KKKK 0101 KKKK	5
0002C9	E055	LDI SYSVALUECOPY,HIGH(_HEXPICAS)
	K	1001 001D DDDD 0000:KKKK KKKK KKKK KKKK	1522
	D	1001 001D DDDD 0000:0000 0101 1111 0010	21
0002CA	9350 05F2	STS SYSLCDPRINTDATAHANDLER_H,SYSVALUECOPY
	K	1001 010K KKKK 111K:KKKK KKKK KKKK KKKK	3785
0002CC	940E 0EC9	CALL GLCDPRINT4
	D	 1110 KKKK DDDD KKKK	21
	K	 1110 KKKK 0101 KKKK	88
0002CE	E558	LDI SYSVALUECOPY,88
	K	1001 001D DDDD 0000:KKKK KKKK KKKK KKKK	1495
	D	1001 001D DDDD 0000:0000 0101 1101 0111	21
0002CF	9350 05D7	STS PRINTLOCX,SYSVALUECOPY
	D	 1110 KKKK DDDD KKKK	21
	K	 1110 KKKK 0101 KKKK	0
0002D1	E050	LDI SYSVALUECOPY,0
	K	1001 001D DDDD 0000:KKKK KKKK KKKK KKKK	1496
	D	1001 001D DDDD 0000:0000 0101 1101 1000	21
0002D2	9350 05D8	STS PRINTLOCX_H,SYSVALUECOPY
	D	 1110 KKKK DDDD KKKK	21
	K	 1110 KKKK 0101 KKKK	36
0002D4	E254	LDI SYSVALUECOPY,36
	K	1001 001D DDDD 0000:KKKK KKKK KKKK KKKK	1497
	D	1001 001D DDDD 0000:0000 0101 1101 1001	21
0002D5	9350 05D9	STS PRINTLOCY,SYSVALUECOPY
	D	 1110 KKKK DDDD KKKK	21
	K	 1110 KKKK 0101 KKKK	0
0002D7	E050	LDI SYSVALUECOPY,0
	K	1001 001D DDDD 0000:KKKK KKKK KKKK KKKK	1498
	D	1001 001D DDDD 0000:0000 0101 1101 1010	21
0002D8	9350 05DA	STS PRINTLOCY_H,SYSVALUECOPY
	D	1001 000D DDDD 0000:KKKK KKKK KKKK KKKK	21
	K	1001 0001 0101 0000:KKKK KKKK KKKK KKKK	1488
0002DA	9150 05D0	LDS SYSVALUECOPY,LONGNUMBER_H
	K	1001 001D DDDD 0000:KKKK KKKK KKKK KKKK	1546
	D	1001 001D DDDD 0000:0000 0110 0000 1010	21
0002DC	9350 060A	STS SYSVALTEMP,SYSVALUECOPY
	K	1001 010K KKKK 111K:KKKK KKKK KKKK KKKK	5498
0002DE	940E 157A	CALL FN__HEXPICAS
	D	 1110 KKKK DDDD KKKK	21
	K	 1110 KKKK 0101 KKKK	109
0002E0	E65D	LDI SYSVALUECOPY,LOW(_HEXPICAS)
	K	1001 001D DDDD 0000:KKKK KKKK KKKK KKKK	1521
	D	1001 001D DDDD 0000:0000 0101 1111 0001	21
0002E1	9350 05F1	STS SYSLCDPRINTDATAHANDLER,SYSVALUECOPY
	D	 1110 KKKK DDDD KKKK	21
	K	 1110 KKKK 0101 KKKK	5
0002E3	E055	LDI SYSVALUECOPY,HIGH(_HEXPICAS)
	K	1001 001D DDDD 0000:KKKK KKKK KKKK KKKK	1522
	D	1001 001D DDDD 0000:0000 0101 1111 0010	21
0002E4	9350 05F2	STS SYSLCDPRINTDATAHANDLER_H,SYSVALUECOPY
	K	1001 010K KKKK 111K:KKKK KKKK KKKK KKKK	3785
0002E6	940E 0EC9	CALL GLCDPRINT4
	D	 1110 KKKK DDDD KKKK	21
	K	 1110 KKKK 0101 KKKK	100
0002E8	E654	LDI SYSVALUECOPY,100
	K	1001 001D DDDD 0000:KKKK KKKK KKKK KKKK	1495
	D	1001 001D DDDD 0000:0000 0101 1101 0111	21
0002E9	9350 05D7	STS PRINTLOCX,SYSVALUECOPY
	D	 1110 KKKK DDDD KKKK	21
	K	 1110 KKKK 0101 KKKK	0
0002EB	E050	LDI SYSVALUECOPY,0
	K	1001 001D DDDD 0000:KKKK KKKK KKKK KKKK	1496
	D	1001 001D DDDD 0000:0000 0101 1101 1000	21
0002EC	9350 05D8	STS PRINTLOCX_H,SYSVALUECOPY
	D	 1110 KKKK DDDD KKKK	21
	K	 1110 KKKK 0101 KKKK	36
0002EE	E254	LDI SYSVALUECOPY,36
	K	1001 001D DDDD 0000:KKKK KKKK KKKK KKKK	1497
	D	1001 001D DDDD 0000:0000 0101 1101 1001	21
0002EF	9350 05D9	STS PRINTLOCY,SYSVALUECOPY
	D	 1110 KKKK DDDD KKKK	21
	K	 1110 KKKK 0101 KKKK	0
0002F1	E050	LDI SYSVALUECOPY,0
	K	1001 001D DDDD 0000:KKKK KKKK KKKK KKKK	1498
	D	1001 001D DDDD 0000:0000 0101 1101 1010	21
0002F2	9350 05DA	STS PRINTLOCY_H,SYSVALUECOPY
	D	1001 000D DDDD 0000:KKKK KKKK KKKK KKKK	21
	K	1001 0001 0101 0000:KKKK KKKK KKKK KKKK	1487
0002F4	9150 05CF	LDS SYSVALUECOPY,LONGNUMBER
	K	1001 001D DDDD 0000:KKKK KKKK KKKK KKKK	1546
	D	1001 001D DDDD 0000:0000 0110 0000 1010	21
0002F6	9350 060A	STS SYSVALTEMP,SYSVALUECOPY
	K	1001 010K KKKK 111K:KKKK KKKK KKKK KKKK	5498
0002F8	940E 157A	CALL FN__HEXPICAS
	D	 1110 KKKK DDDD KKKK	21
	K	 1110 KKKK 0101 KKKK	109
0002FA	E65D	LDI SYSVALUECOPY,LOW(_HEXPICAS)
	K	1001 001D DDDD 0000:KKKK KKKK KKKK KKKK	1521
	D	1001 001D DDDD 0000:0000 0101 1111 0001	21
0002FB	9350 05F1	STS SYSLCDPRINTDATAHANDLER,SYSVALUECOPY
	D	 1110 KKKK DDDD KKKK	21
	K	 1110 KKKK 0101 KKKK	5
0002FD	E055	LDI SYSVALUECOPY,HIGH(_HEXPICAS)
	K	1001 001D DDDD 0000:KKKK KKKK KKKK KKKK	1522
	D	1001 001D DDDD 0000:0000 0101 1111 0010	21
0002FE	9350 05F2	STS SYSLCDPRINTDATAHANDLER_H,SYSVALUECOPY
	K	1001 010K KKKK 111K:KKKK KKKK KKKK KKKK	3785
000300	940E 0EC9	CALL GLCDPRINT4
	D	 1110 KKKK DDDD KKKK	21
	K	 1110 KKKK 0101 KKKK	112
000302	E750	LDI SYSVALUECOPY,112
	K	1001 001D DDDD 0000:KKKK KKKK KKKK KKKK	1495
	D	1001 001D DDDD 0000:0000 0101 1101 0111	21
000303	9350 05D7	STS PRINTLOCX,SYSVALUECOPY
	D	 1110 KKKK DDDD KKKK	21
	K	 1110 KKKK 0101 KKKK	0
000305	E050	LDI SYSVALUECOPY,0
	K	1001 001D DDDD 0000:KKKK KKKK KKKK KKKK	1496
	D	1001 001D DDDD 0000:0000 0101 1101 1000	21
000306	9350 05D8	STS PRINTLOCX_H,SYSVALUECOPY
	D	 1110 KKKK DDDD KKKK	21
	K	 1110 KKKK 0101 KKKK	36
000308	E254	LDI SYSVALUECOPY,36
	K	1001 001D DDDD 0000:KKKK KKKK KKKK KKKK	1497
	D	1001 001D DDDD 0000:0000 0101 1101 1001	21
000309	9350 05D9	STS PRINTLOCY,SYSVALUECOPY
	D	 1110 KKKK DDDD KKKK	21
	K	 1110 KKKK 0101 KKKK	0
00030B	E050	LDI SYSVALUECOPY,0
	K	1001 001D DDDD 0000:KKKK KKKK KKKK KKKK	1498
	D	1001 001D DDDD 0000:0000 0101 1101 1010	21
00030C	9350 05DA	STS PRINTLOCY_H,SYSVALUECOPY
	D	 1110 KKKK DDDD KKKK	28
	K	 1110 KKKK 1100 KKKK	94
00030E	E5CE	LDI SYSSTRINGB,LOW(SYSSTRINGPARAM1)
	D	 1110 KKKK DDDD KKKK	29
	K	 1110 KKKK 1101 KKKK	5
00030F	E0D5	LDI SYSSTRINGB_H,HIGH(SYSSTRINGPARAM1)
	D	 1110 KKKK DDDD KKKK	30
	K	 1110 KKKK 1110 KKKK	178
000310	EBE2	LDI SYSREADA,LOW(STRINGTABLE5<<1)
	D	 1110 KKKK DDDD KKKK	31
	K	 1110 KKKK 1111 KKKK	42
000311	E2FA	LDI SYSREADA_H,HIGH(STRINGTABLE5<<1)
	K	1001 010K KKKK 111K:KKKK KKKK KKKK KKKK	5429
000312	940E 1535	CALL SYSREADSTRING
	D	 1110 KKKK DDDD KKKK	21
	K	 1110 KKKK 0101 KKKK	94
000314	E55E	LDI SYSVALUECOPY,LOW(SYSSTRINGPARAM1)
	K	1001 001D DDDD 0000:KKKK KKKK KKKK KKKK	1521
	D	1001 001D DDDD 0000:0000 0101 1111 0001	21
000315	9350 05F1	STS SYSLCDPRINTDATAHANDLER,SYSVALUECOPY
	D	 1110 KKKK DDDD KKKK	21
	K	 1110 KKKK 0101 KKKK	5
000317	E055	LDI SYSVALUECOPY,HIGH(SYSSTRINGPARAM1)
	K	1001 001D DDDD 0000:KKKK KKKK KKKK KKKK	1522
	D	1001 001D DDDD 0000:0000 0101 1111 0010	21
000318	9350 05F2	STS SYSLCDPRINTDATAHANDLER_H,SYSVALUECOPY
	K	1001 010K KKKK 111K:KKKK KKKK KKKK KKKK	3785
00031A	940E 0EC9	CALL GLCDPRINT4
	D	 1110 KKKK DDDD KKKK	21
	K	 1110 KKKK 0101 KKKK	64
00031C	E450	LDI SYSVALUECOPY,64
	K	1001 001D DDDD 0000:KKKK KKKK KKKK KKKK	1495
	D	1001 001D DDDD 0000:0000 0101 1101 0111	21
00031D	9350 05D7	STS PRINTLOCX,SYSVALUECOPY
	D	 1110 KKKK DDDD KKKK	21
	K	 1110 KKKK 0101 KKKK	0
00031F	E050	LDI SYSVALUECOPY,0
	K	1001 001D DDDD 0000:KKKK KKKK KKKK KKKK	1496
	D	1001 001D DDDD 0000:0000 0101 1101 1000	21
000320	9350 05D8	STS PRINTLOCX_H,SYSVALUECOPY
	D	 1110 KKKK DDDD KKKK	21
	K	 1110 KKKK 0101 KKKK	44
000322	E25C	LDI SYSVALUECOPY,44
	K	1001 001D DDDD 0000:KKKK KKKK KKKK KKKK	1497
	D	1001 001D DDDD 0000:0000 0101 1101 1001	21
000323	9350 05D9	STS PRINTLOCY,SYSVALUECOPY
	D	 1110 KKKK DDDD KKKK	21
	K	 1110 KKKK 0101 KKKK	0
000325	E050	LDI SYSVALUECOPY,0
	K	1001 001D DDDD 0000:KKKK KKKK KKKK KKKK	1498
	D	1001 001D DDDD 0000:0000 0101 1101 1010	21
000326	9350 05DA	STS PRINTLOCY_H,SYSVALUECOPY
	D	1001 000D DDDD 0000:KKKK KKKK KKKK KKKK	21
	K	1001 0001 0101 0000:KKKK KKKK KKKK KKKK	1549
000328	9150 060D	LDS SYSVALUECOPY,WORDNUMBER
	K	1001 001D DDDD 0000:KKKK KKKK KKKK KKKK	1546
	D	1001 001D DDDD 0000:0000 0110 0000 1010	21
00032A	9350 060A	STS SYSVALTEMP,SYSVALUECOPY
	D	1001 000D DDDD 0000:KKKK KKKK KKKK KKKK	21
	K	1001 0001 0101 0000:KKKK KKKK KKKK KKKK	1550
00032C	9150 060E	LDS SYSVALUECOPY,WORDNUMBER_H
	K	1001 001D DDDD 0000:KKKK KKKK KKKK KKKK	1547
	D	1001 001D DDDD 0000:0000 0110 0000 1011	21
00032E	9350 060B	STS SYSVALTEMP_H,SYSVALUECOPY
	K	1001 010K KKKK 111K:KKKK KKKK KKKK KKKK	4804
000330	940E 12C4	CALL FN_STR
	D	 1110 KKKK DDDD KKKK	21
	K	 1110 KKKK 0101 KKKK	103
000332	E657	LDI SYSVALUECOPY,LOW(STR)
	K	1001 001D DDDD 0000:KKKK KKKK KKKK KKKK	1544
	D	1001 001D DDDD 0000:0000 0110 0000 1000	21
000333	9350 0608	STS SYSSYSINSTRINGHANDLER,SYSVALUECOPY
	D	 1110 KKKK DDDD KKKK	21
	K	 1110 KKKK 0101 KKKK	5
000335	E055	LDI SYSVALUECOPY,HIGH(STR)
	K	1001 001D DDDD 0000:KKKK KKKK KKKK KKKK	1545
	D	1001 001D DDDD 0000:0000 0110 0000 1001	21
000336	9350 0609	STS SYSSYSINSTRINGHANDLER_H,SYSVALUECOPY
	D	 1110 KKKK DDDD KKKK	21
	K	 1110 KKKK 0101 KKKK	5
000338	E055	LDI SYSVALUECOPY,5
	K	1001 001D DDDD 0000:KKKK KKKK KKKK KKKK	1541
	D	1001 001D DDDD 0000:0000 0110 0000 0101	21
000339	9350 0605	STS SYSSTRLEN,SYSVALUECOPY
	D	 1110 KKKK DDDD KKKK	28
	K	 1110 KKKK 1100 KKKK	94
00033B	E5CE	LDI SYSSTRINGB,LOW(SYSSTRINGPARAM1)
	D	 1110 KKKK DDDD KKKK	29
	K	 1110 KKKK 1101 KKKK	5
00033C	E0D5	LDI SYSSTRINGB_H,HIGH(SYSSTRINGPARAM1)
	D	 1110 KKKK DDDD KKKK	30
	K	 1110 KKKK 1110 KKKK	180
00033D	EBE4	LDI SYSREADA,LOW(STRINGTABLE52<<1)
	D	 1110 KKKK DDDD KKKK	31
	K	 1110 KKKK 1111 KKKK	42
00033E	E2FA	LDI SYSREADA_H,HIGH(STRINGTABLE52<<1)
	K	1001 010K KKKK 111K:KKKK KKKK KKKK KKKK	5429
00033F	940E 1535	CALL SYSREADSTRING
	D	 1110 KKKK DDDD KKKK	21
	K	 1110 KKKK 0101 KKKK	94
000341	E55E	LDI SYSVALUECOPY,LOW(SYSSTRINGPARAM1)
	K	1001 001D DDDD 0000:KKKK KKKK KKKK KKKK	1542
	D	1001 001D DDDD 0000:0000 0110 0000 0110	21
000342	9350 0606	STS SYSSYSINSTRING3HANDLER,SYSVALUECOPY
	D	 1110 KKKK DDDD KKKK	21
	K	 1110 KKKK 0101 KKKK	5
000344	E055	LDI SYSVALUECOPY,HIGH(SYSSTRINGPARAM1)
	K	1001 001D DDDD 0000:KKKK KKKK KKKK KKKK	1543
	D	1001 001D DDDD 0000:0000 0110 0000 0111	21
000345	9350 0607	STS SYSSYSINSTRING3HANDLER_H,SYSVALUECOPY
	K	1001 010K KKKK 111K:KKKK KKKK KKKK KKKK	4266
000347	940E 10AA	CALL FN_PAD
	D	 1110 KKKK DDDD KKKK	21
	K	 1110 KKKK 0101 KKKK	42
000349	E25A	LDI SYSVALUECOPY,LOW(PAD)
	K	1001 001D DDDD 0000:KKKK KKKK KKKK KKKK	1521
	D	1001 001D DDDD 0000:0000 0101 1111 0001	21
00034A	9350 05F1	STS SYSLCDPRINTDATAHANDLER,SYSVALUECOPY
	D	 1110 KKKK DDDD KKKK	21
	K	 1110 KKKK 0101 KKKK	5
00034C	E055	LDI SYSVALUECOPY,HIGH(PAD)
	K	1001 001D DDDD 0000:KKKK KKKK KKKK KKKK	1522
	D	1001 001D DDDD 0000:0000 0101 1111 0010	21
00034D	9350 05F2	STS SYSLCDPRINTDATAHANDLER_H,SYSVALUECOPY
	K	1001 010K KKKK 111K:KKKK KKKK KKKK KKKK	3785
00034F	940E 0EC9	CALL GLCDPRINT4
	D	 1110 KKKK DDDD KKKK	21
	K	 1110 KKKK 0101 KKKK	64
000351	E450	LDI SYSVALUECOPY,64
	K	1001 001D DDDD 0000:KKKK KKKK KKKK KKKK	1495
	D	1001 001D DDDD 0000:0000 0101 1101 0111	21
000352	9350 05D7	STS PRINTLOCX,SYSVALUECOPY
	D	 1110 KKKK DDDD KKKK	21
	K	 1110 KKKK 0101 KKKK	0
000354	E050	LDI SYSVALUECOPY,0
	K	1001 001D DDDD 0000:KKKK KKKK KKKK KKKK	1496
	D	1001 001D DDDD 0000:0000 0101 1101 1000	21
000355	9350 05D8	STS PRINTLOCX_H,SYSVALUECOPY
	D	 1110 KKKK DDDD KKKK	21
	K	 1110 KKKK 0101 KKKK	52
000357	E354	LDI SYSVALUECOPY,52
	K	1001 001D DDDD 0000:KKKK KKKK KKKK KKKK	1497
	D	1001 001D DDDD 0000:0000 0101 1101 1001	21
000358	9350 05D9	STS PRINTLOCY,SYSVALUECOPY
	D	 1110 KKKK DDDD KKKK	21
	K	 1110 KKKK 0101 KKKK	0
00035A	E050	LDI SYSVALUECOPY,0
	K	1001 001D DDDD 0000:KKKK KKKK KKKK KKKK	1498
	D	1001 001D DDDD 0000:0000 0101 1101 1010	21
00035B	9350 05DA	STS PRINTLOCY_H,SYSVALUECOPY
	D	1001 000D DDDD 0000:KKKK KKKK KKKK KKKK	21
	K	1001 0001 0101 0000:KKKK KKKK KKKK KKKK	1393
00035D	9150 0571	LDS SYSVALUECOPY,BYTENUMBER
	K	1001 001D DDDD 0000:KKKK KKKK KKKK KKKK	1546
	D	1001 001D DDDD 0000:0000 0110 0000 1010	21
00035F	9350 060A	STS SYSVALTEMP,SYSVALUECOPY
	D	 1110 KKKK DDDD KKKK	21
	K	 1110 KKKK 0101 KKKK	0
000361	E050	LDI SYSVALUECOPY,0
	K	1001 001D DDDD 0000:KKKK KKKK KKKK KKKK	1547
	D	1001 001D DDDD 0000:0000 0110 0000 1011	21
000362	9350 060B	STS SYSVALTEMP_H,SYSVALUECOPY
	K	1001 010K KKKK 111K:KKKK KKKK KKKK KKKK	4804
000364	940E 12C4	CALL FN_STR
	D	 1110 KKKK DDDD KKKK	21
	K	 1110 KKKK 0101 KKKK	103
000366	E657	LDI SYSVALUECOPY,LOW(STR)
	K	1001 001D DDDD 0000:KKKK KKKK KKKK KKKK	1544
	D	1001 001D DDDD 0000:0000 0110 0000 1000	21
000367	9350 0608	STS SYSSYSINSTRINGHANDLER,SYSVALUECOPY
	D	 1110 KKKK DDDD KKKK	21
	K	 1110 KKKK 0101 KKKK	5
000369	E055	LDI SYSVALUECOPY,HIGH(STR)
	K	1001 001D DDDD 0000:KKKK KKKK KKKK KKKK	1545
	D	1001 001D DDDD 0000:0000 0110 0000 1001	21
00036A	9350 0609	STS SYSSYSINSTRINGHANDLER_H,SYSVALUECOPY
	D	 1110 KKKK DDDD KKKK	21
	K	 1110 KKKK 0101 KKKK	3
00036C	E053	LDI SYSVALUECOPY,3
	K	1001 001D DDDD 0000:KKKK KKKK KKKK KKKK	1541
	D	1001 001D DDDD 0000:0000 0110 0000 0101	21
00036D	9350 0605	STS SYSSTRLEN,SYSVALUECOPY
	D	 1110 KKKK DDDD KKKK	28
	K	 1110 KKKK 1100 KKKK	94
00036F	E5CE	LDI SYSSTRINGB,LOW(SYSSTRINGPARAM1)
	D	 1110 KKKK DDDD KKKK	29
	K	 1110 KKKK 1101 KKKK	5
000370	E0D5	LDI SYSSTRINGB_H,HIGH(SYSSTRINGPARAM1)
	D	 1110 KKKK DDDD KKKK	30
	K	 1110 KKKK 1110 KKKK	180
000371	EBE4	LDI SYSREADA,LOW(STRINGTABLE52<<1)
	D	 1110 KKKK DDDD KKKK	31
	K	 1110 KKKK 1111 KKKK	42
000372	E2FA	LDI SYSREADA_H,HIGH(STRINGTABLE52<<1)
	K	1001 010K KKKK 111K:KKKK KKKK KKKK KKKK	5429
000373	940E 1535	CALL SYSREADSTRING
	D	 1110 KKKK DDDD KKKK	21
	K	 1110 KKKK 0101 KKKK	94
000375	E55E	LDI SYSVALUECOPY,LOW(SYSSTRINGPARAM1)
	K	1001 001D DDDD 0000:KKKK KKKK KKKK KKKK	1542
	D	1001 001D DDDD 0000:0000 0110 0000 0110	21
000376	9350 0606	STS SYSSYSINSTRING3HANDLER,SYSVALUECOPY
	D	 1110 KKKK DDDD KKKK	21
	K	 1110 KKKK 0101 KKKK	5
000378	E055	LDI SYSVALUECOPY,HIGH(SYSSTRINGPARAM1)
	K	1001 001D DDDD 0000:KKKK KKKK KKKK KKKK	1543
	D	1001 001D DDDD 0000:0000 0110 0000 0111	21
000379	9350 0607	STS SYSSYSINSTRING3HANDLER_H,SYSVALUECOPY
	K	1001 010K KKKK 111K:KKKK KKKK KKKK KKKK	4266
00037B	940E 10AA	CALL FN_PAD
	D	 1110 KKKK DDDD KKKK	21
	K	 1110 KKKK 0101 KKKK	42
00037D	E25A	LDI SYSVALUECOPY,LOW(PAD)
	K	1001 001D DDDD 0000:KKKK KKKK KKKK KKKK	1521
	D	1001 001D DDDD 0000:0000 0101 1111 0001	21
00037E	9350 05F1	STS SYSLCDPRINTDATAHANDLER,SYSVALUECOPY
	D	 1110 KKKK DDDD KKKK	21
	K	 1110 KKKK 0101 KKKK	5
000380	E055	LDI SYSVALUECOPY,HIGH(PAD)
	K	1001 001D DDDD 0000:KKKK KKKK KKKK KKKK	1522
	D	1001 001D DDDD 0000:0000 0101 1111 0010	21
000381	9350 05F2	STS SYSLCDPRINTDATAHANDLER_H,SYSVALUECOPY
	K	1001 010K KKKK 111K:KKKK KKKK KKKK KKKK	3785
000383	940E 0EC9	CALL GLCDPRINT4
	D	 1110 KKKK DDDD KKKK	21
	K	 1110 KKKK 0101 KKKK	46
000385	E25E	LDI SYSVALUECOPY,46
	K	1001 001D DDDD 0000:KKKK KKKK KKKK KKKK	1477
	D	1001 001D DDDD 0000:0000 0101 1100 0101	21
000386	9350 05C5	STS LINEX1,SYSVALUECOPY
	D	 1110 KKKK DDDD KKKK	21
	K	 1110 KKKK 0101 KKKK	0
000388	E050	LDI SYSVALUECOPY,0
	K	1001 001D DDDD 0000:KKKK KKKK KKKK KKKK	1478
	D	1001 001D DDDD 0000:0000 0101 1100 0110	21
000389	9350 05C6	STS LINEX1_H,SYSVALUECOPY
	D	 1110 KKKK DDDD KKKK	21
	K	 1110 KKKK 0101 KKKK	9
00038B	E059	LDI SYSVALUECOPY,9
	K	1001 001D DDDD 0000:KKKK KKKK KKKK KKKK	1481
	D	1001 001D DDDD 0000:0000 0101 1100 1001	21
00038C	9350 05C9	STS LINEY1,SYSVALUECOPY
	D	 1110 KKKK DDDD KKKK	21
	K	 1110 KKKK 0101 KKKK	0
00038E	E050	LDI SYSVALUECOPY,0
	K	1001 001D DDDD 0000:KKKK KKKK KKKK KKKK	1482
	D	1001 001D DDDD 0000:0000 0101 1100 1010	21
00038F	9350 05CA	STS LINEY1_H,SYSVALUECOPY
	D	 1110 KKKK DDDD KKKK	21
	K	 1110 KKKK 0101 KKKK	56
000391	E358	LDI SYSVALUECOPY,56
	K	1001 001D DDDD 0000:KKKK KKKK KKKK KKKK	1479
	D	1001 001D DDDD 0000:0000 0101 1100 0111	21
000392	9350 05C7	STS LINEX2,SYSVALUECOPY
	D	 1110 KKKK DDDD KKKK	21
	K	 1110 KKKK 0101 KKKK	0
000394	E050	LDI SYSVALUECOPY,0
	K	1001 001D DDDD 0000:KKKK KKKK KKKK KKKK	1480
	D	1001 001D DDDD 0000:0000 0101 1100 1000	21
000395	9350 05C8	STS LINEX2_H,SYSVALUECOPY
	D	 1110 KKKK DDDD KKKK	21
	K	 1110 KKKK 0101 KKKK	19
000397	E153	LDI SYSVALUECOPY,19
	K	1001 001D DDDD 0000:KKKK KKKK KKKK KKKK	1483
	D	1001 001D DDDD 0000:0000 0101 1100 1011	21
000398	9350 05CB	STS LINEY2,SYSVALUECOPY
	D	 1110 KKKK DDDD KKKK	21
	K	 1110 KKKK 0101 KKKK	0
00039A	E050	LDI SYSVALUECOPY,0
	K	1001 001D DDDD 0000:KKKK KKKK KKKK KKKK	1484
	D	1001 001D DDDD 0000:0000 0101 1100 1100	21
00039B	9350 05CC	STS LINEY2_H,SYSVALUECOPY
	D	1001 000D DDDD 0000:KKKK KKKK KKKK KKKK	21
	K	1001 0001 0101 0000:KKKK KKKK KKKK KKKK	1433
00039D	9150 0599	LDS SYSVALUECOPY,GLCDFOREGROUND
	K	1001 001D DDDD 0000:KKKK KKKK KKKK KKKK	1459
	D	1001 001D DDDD 0000:0000 0101 1011 0011	21
00039F	9350 05B3	STS LINECOLOUR,SYSVALUECOPY
	D	1001 000D DDDD 0000:KKKK KKKK KKKK KKKK	21
	K	1001 0001 0101 0000:KKKK KKKK KKKK KKKK	1434
0003A1	9150 059A	LDS SYSVALUECOPY,GLCDFOREGROUND_H
	K	1001 001D DDDD 0000:KKKK KKKK KKKK KKKK	1460
	D	1001 001D DDDD 0000:0000 0101 1011 0100	21
0003A3	9350 05B4	STS LINECOLOUR_H,SYSVALUECOPY
	K	 1101 KKKK KKKK KKKK	732
0003A5	D2DC	RCALL BOX16
	D	 1110 KKKK DDDD KKKK	21
	K	 1110 KKKK 0101 KKKK	48
0003A6	E350	LDI SYSVALUECOPY,48
	K	1001 001D DDDD 0000:KKKK KKKK KKKK KKKK	1399
	D	1001 001D DDDD 0000:0000 0101 0111 0111	21
0003A7	9350 0577	STS CHARLOCX,SYSVALUECOPY
	D	 1110 KKKK DDDD KKKK	21
	K	 1110 KKKK 0101 KKKK	0
0003A9	E050	LDI SYSVALUECOPY,0
	K	1001 001D DDDD 0000:KKKK KKKK KKKK KKKK	1400
	D	1001 001D DDDD 0000:0000 0101 0111 1000	21
0003AA	9350 0578	STS CHARLOCX_H,SYSVALUECOPY
	D	 1110 KKKK DDDD KKKK	21
	K	 1110 KKKK 0101 KKKK	9
0003AC	E059	LDI SYSVALUECOPY,9
	K	1001 001D DDDD 0000:KKKK KKKK KKKK KKKK	1401
	D	1001 001D DDDD 0000:0000 0101 0111 1001	21
0003AD	9350 0579	STS CHARLOCY,SYSVALUECOPY
	D	 1110 KKKK DDDD KKKK	21
	K	 1110 KKKK 0101 KKKK	0
0003AF	E050	LDI SYSVALUECOPY,0
	K	1001 001D DDDD 0000:KKKK KKKK KKKK KKKK	1402
	D	1001 001D DDDD 0000:0000 0101 0111 1010	21
0003B0	9350 057A	STS CHARLOCY_H,SYSVALUECOPY
	D	1001 000D DDDD 0000:KKKK KKKK KKKK KKKK	21
	K	1001 0001 0101 0000:KKKK KKKK KKKK KKKK	1394
0003B2	9150 0572	LDS SYSVALUECOPY,CCOUNT
	K	1001 001D DDDD 0000:KKKK KKKK KKKK KKKK	1395
	D	1001 001D DDDD 0000:0000 0101 0111 0011	21
0003B4	9350 0573	STS CHARCODE,SYSVALUECOPY
	D	1001 000D DDDD 0000:KKKK KKKK KKKK KKKK	21
	K	1001 0001 0101 0000:KKKK KKKK KKKK KKKK	1433
0003B6	9150 0599	LDS SYSVALUECOPY,GLCDFOREGROUND
	K	1001 001D DDDD 0000:KKKK KKKK KKKK KKKK	1459
	D	1001 001D DDDD 0000:0000 0101 1011 0011	21
0003B8	9350 05B3	STS LINECOLOUR,SYSVALUECOPY
	D	1001 000D DDDD 0000:KKKK KKKK KKKK KKKK	21
	K	1001 0001 0101 0000:KKKK KKKK KKKK KKKK	1434
0003BA	9150 059A	LDS SYSVALUECOPY,GLCDFOREGROUND_H
	K	1001 001D DDDD 0000:KKKK KKKK KKKK KKKK	1460
	D	1001 001D DDDD 0000:0000 0101 1011 0100	21
0003BC	9350 05B4	STS LINECOLOUR_H,SYSVALUECOPY
	K	1001 010K KKKK 111K:KKKK KKKK KKKK KKKK	3358
0003BE	940E 0D1E	CALL GLCDDRAWCHAR_SSD1309
	D	1001 000D DDDD 0000:KKKK KKKK KKKK KKKK	21
	K	1001 0001 0101 0000:KKKK KKKK KKKK KKKK	1394
0003C0	9150 0572	LDS SYSVALUECOPY,CCOUNT
	K	1001 001D DDDD 0000:KKKK KKKK KKKK KKKK	1546
	D	1001 001D DDDD 0000:0000 0110 0000 1010	21
0003C2	9350 060A	STS SYSVALTEMP,SYSVALUECOPY
	D	 1110 KKKK DDDD KKKK	21
	K	 1110 KKKK 0101 KKKK	0
0003C4	E050	LDI SYSVALUECOPY,0
	K	1001 001D DDDD 0000:KKKK KKKK KKKK KKKK	1547
	D	1001 001D DDDD 0000:0000 0110 0000 1011	21
0003C5	9350 060B	STS SYSVALTEMP_H,SYSVALUECOPY
	K	1001 010K KKKK 111K:KKKK KKKK KKKK KKKK	4804
0003C7	940E 12C4	CALL FN_STR
	D	 1110 KKKK DDDD KKKK	28
	K	 1110 KKKK 1100 KKKK	1
0003C9	E0C1	LDI SYSSTRINGB,LOW(OUTSTRING)
	D	 1110 KKKK DDDD KKKK	29
	K	 1110 KKKK 1101 KKKK	5
0003CA	E0D5	LDI SYSSTRINGB_H,HIGH(OUTSTRING)
	D	 1110 KKKK DDDD KKKK	26
	K	 1110 KKKK 1010 KKKK	103
0003CB	E6A7	LDI SYSSTRINGA,LOW(STR)
	D	 1110 KKKK DDDD KKKK	27
	K	 1110 KKKK 1011 KKKK	5
0003CC	E0B5	LDI SYSSTRINGA_H,HIGH(STR)
	K	1001 010K KKKK 111K:KKKK KKKK KKKK KKKK	5077
0003CD	940E 13D5	CALL SYSCOPYSTRING
	D	 1110 KKKK DDDD KKKK	21
	K	 1110 KKKK 0101 KKKK	64
0003CF	E450	LDI SYSVALUECOPY,64
	K	1001 001D DDDD 0000:KKKK KKKK KKKK KKKK	1510
	D	1001 001D DDDD 0000:0000 0101 1110 0110	21
0003D0	9350 05E6	STS STRINGLOCX,SYSVALUECOPY
	D	 1110 KKKK DDDD KKKK	21
	K	 1110 KKKK 0101 KKKK	9
0003D2	E059	LDI SYSVALUECOPY,9
	K	1001 001D DDDD 0000:KKKK KKKK KKKK KKKK	1401
	D	1001 001D DDDD 0000:0000 0101 0111 1001	21
0003D3	9350 0579	STS CHARLOCY,SYSVALUECOPY
	D	 1110 KKKK DDDD KKKK	21
	K	 1110 KKKK 0101 KKKK	1
0003D5	E051	LDI SYSVALUECOPY,LOW(OUTSTRING)
	K	1001 001D DDDD 0000:KKKK KKKK KKKK KKKK	1544
	D	1001 001D DDDD 0000:0000 0110 0000 1000	21
0003D6	9350 0608	STS SYSSYSINSTRINGHANDLER,SYSVALUECOPY
	D	 1110 KKKK DDDD KKKK	21
	K	 1110 KKKK 0101 KKKK	5
0003D8	E055	LDI SYSVALUECOPY,HIGH(OUTSTRING)
	K	1001 001D DDDD 0000:KKKK KKKK KKKK KKKK	1545
	D	1001 001D DDDD 0000:0000 0110 0000 1001	21
0003D9	9350 0609	STS SYSSYSINSTRINGHANDLER_H,SYSVALUECOPY
	D	 1110 KKKK DDDD KKKK	21
	K	 1110 KKKK 0101 KKKK	3
0003DB	E053	LDI SYSVALUECOPY,3
	K	1001 001D DDDD 0000:KKKK KKKK KKKK KKKK	1541
	D	1001 001D DDDD 0000:0000 0110 0000 0101	21
0003DC	9350 0605	STS SYSSTRLEN,SYSVALUECOPY
	D	 1110 KKKK DDDD KKKK	28
	K	 1110 KKKK 1100 KKKK	94
0003DE	E5CE	LDI SYSSTRINGB,LOW(SYSSTRINGPARAM1)
	D	 1110 KKKK DDDD KKKK	29
	K	 1110 KKKK 1101 KKKK	5
0003DF	E0D5	LDI SYSSTRINGB_H,HIGH(SYSSTRINGPARAM1)
	D	 1110 KKKK DDDD KKKK	30
	K	 1110 KKKK 1110 KKKK	180
0003E0	EBE4	LDI SYSREADA,LOW(STRINGTABLE52<<1)
	D	 1110 KKKK DDDD KKKK	31
	K	 1110 KKKK 1111 KKKK	42
0003E1	E2FA	LDI SYSREADA_H,HIGH(STRINGTABLE52<<1)
	K	1001 010K KKKK 111K:KKKK KKKK KKKK KKKK	5429
0003E2	940E 1535	CALL SYSREADSTRING
	D	 1110 KKKK DDDD KKKK	21
	K	 1110 KKKK 0101 KKKK	94
0003E4	E55E	LDI SYSVALUECOPY,LOW(SYSSTRINGPARAM1)
	K	1001 001D DDDD 0000:KKKK KKKK KKKK KKKK	1542
	D	1001 001D DDDD 0000:0000 0110 0000 0110	21
0003E5	9350 0606	STS SYSSYSINSTRING3HANDLER,SYSVALUECOPY
	D	 1110 KKKK DDDD KKKK	21
	K	 1110 KKKK 0101 KKKK	5
0003E7	E055	LDI SYSVALUECOPY,HIGH(SYSSTRINGPARAM1)
	K	1001 001D DDDD 0000:KKKK KKKK KKKK KKKK	1543
	D	1001 001D DDDD 0000:0000 0110 0000 0111	21
0003E8	9350 0607	STS SYSSYSINSTRING3HANDLER_H,SYSVALUECOPY
	K	1001 010K KKKK 111K:KKKK KKKK KKKK KKKK	4266
0003EA	940E 10AA	CALL FN_PAD
	D	 1110 KKKK DDDD KKKK	21
	K	 1110 KKKK 0101 KKKK	42
0003EC	E25A	LDI SYSVALUECOPY,LOW(PAD)
	K	1001 001D DDDD 0000:KKKK KKKK KKKK KKKK	1515
	D	1001 001D DDDD 0000:0000 0101 1110 1011	21
0003ED	9350 05EB	STS SYSCHARSHANDLER,SYSVALUECOPY
	D	 1110 KKKK DDDD KKKK	21
	K	 1110 KKKK 0101 KKKK	5
0003EF	E055	LDI SYSVALUECOPY,HIGH(PAD)
	K	1001 001D DDDD 0000:KKKK KKKK KKKK KKKK	1516
	D	1001 001D DDDD 0000:0000 0101 1110 1100	21
0003F0	9350 05EC	STS SYSCHARSHANDLER_H,SYSVALUECOPY
	D	1001 000D DDDD 0000:KKKK KKKK KKKK KKKK	21
	K	1001 0001 0101 0000:KKKK KKKK KKKK KKKK	1433
0003F2	9150 0599	LDS SYSVALUECOPY,GLCDFOREGROUND
	K	1001 001D DDDD 0000:KKKK KKKK KKKK KKKK	1459
	D	1001 001D DDDD 0000:0000 0101 1011 0011	21
0003F4	9350 05B3	STS LINECOLOUR,SYSVALUECOPY
	D	1001 000D DDDD 0000:KKKK KKKK KKKK KKKK	21
	K	1001 0001 0101 0000:KKKK KKKK KKKK KKKK	1434
0003F6	9150 059A	LDS SYSVALUECOPY,GLCDFOREGROUND_H
	K	1001 001D DDDD 0000:KKKK KKKK KKKK KKKK	1460
	D	1001 001D DDDD 0000:0000 0101 1011 0100	21
0003F8	9350 05B4	STS LINECOLOUR_H,SYSVALUECOPY
	K	1001 010K KKKK 111K:KKKK KKKK KKKK KKKK	3706
0003FA	940E 0E7A	CALL GLCDDRAWSTRING
	D	 1110 KKKK DDDD KKKK	21
	K	 1110 KKKK 0101 KKKK	3
0003FC	E053	LDI SYSVALUECOPY,3
	K	1001 001D DDDD 0000:KKKK KKKK KKKK KKKK	1477
	D	1001 001D DDDD 0000:0000 0101 1100 0101	21
0003FD	9350 05C5	STS LINEX1,SYSVALUECOPY
	D	 1110 KKKK DDDD KKKK	21
	K	 1110 KKKK 0101 KKKK	43
0003FF	E25B	LDI SYSVALUECOPY,43
	K	1001 001D DDDD 0000:KKKK KKKK KKKK KKKK	1481
	D	1001 001D DDDD 0000:0000 0101 1100 1001	21
000400	9350 05C9	STS LINEY1,SYSVALUECOPY
	D	 1110 KKKK DDDD KKKK	21
	K	 1110 KKKK 0101 KKKK	11
000402	E05B	LDI SYSVALUECOPY,11
	K	1001 001D DDDD 0000:KKKK KKKK KKKK KKKK	1479
	D	1001 001D DDDD 0000:0000 0101 1100 0111	21
000403	9350 05C7	STS LINEX2,SYSVALUECOPY
	D	 1110 KKKK DDDD KKKK	21
	K	 1110 KKKK 0101 KKKK	51
000405	E353	LDI SYSVALUECOPY,51
	K	1001 001D DDDD 0000:KKKK KKKK KKKK KKKK	1483
	D	1001 001D DDDD 0000:0000 0101 1100 1011	21
000406	9350 05CB	STS LINEY2,SYSVALUECOPY
	D	1001 000D DDDD 0000:KKKK KKKK KKKK KKKK	21
	K	1001 0001 0101 0000:KKKK KKKK KKKK KKKK	1549
000408	9150 060D	LDS SYSVALUECOPY,WORDNUMBER
	K	1001 001D DDDD 0000:KKKK KKKK KKKK KKKK	1459
	D	1001 001D DDDD 0000:0000 0101 1011 0011	21
00040A	9350 05B3	STS LINECOLOUR,SYSVALUECOPY
	D	1001 000D DDDD 0000:KKKK KKKK KKKK KKKK	21
	K	1001 0001 0101 0000:KKKK KKKK KKKK KKKK	1550
00040C	9150 060E	LDS SYSVALUECOPY,WORDNUMBER_H
	K	1001 001D DDDD 0000:KKKK KKKK KKKK KKKK	1460
	D	1001 001D DDDD 0000:0000 0101 1011 0100	21
00040E	9350 05B4	STS LINECOLOUR_H,SYSVALUECOPY
	K	 1101 KKKK KKKK KKKK	1286
000410	D506	RCALL FILLEDBOX_SSD1309
	D	 1110 KKKK DDDD KKKK	21
	K	 1110 KKKK 0101 KKKK	44
000411	E25C	LDI SYSVALUECOPY,44
	K	1001 001D DDDD 0000:KKKK KKKK KKKK KKKK	1552
	D	1001 001D DDDD 0000:0000 0110 0001 0000	21
000412	9350 0610	STS XOFFSET,SYSVALUECOPY
	D	 1110 KKKK DDDD KKKK	21
	K	 1110 KKKK 0101 KKKK	0
000414	E050	LDI SYSVALUECOPY,0
	K	1001 001D DDDD 0000:KKKK KKKK KKKK KKKK	1553
	D	1001 001D DDDD 0000:0000 0110 0001 0001	21
000415	9350 0611	STS XOFFSET_H,SYSVALUECOPY
	D	 1110 KKKK DDDD KKKK	21
	K	 1110 KKKK 0101 KKKK	41
000417	E259	LDI SYSVALUECOPY,41
	K	1001 001D DDDD 0000:KKKK KKKK KKKK KKKK	1560
	D	1001 001D DDDD 0000:0000 0110 0001 1000	21
000418	9350 0618	STS YOFFSET,SYSVALUECOPY
	D	 1110 KKKK DDDD KKKK	21
	K	 1110 KKKK 0101 KKKK	0
00041A	E050	LDI SYSVALUECOPY,0
	K	1001 001D DDDD 0000:KKKK KKKK KKKK KKKK	1561
	D	1001 001D DDDD 0000:0000 0110 0001 1001	21
00041B	9350 0619	STS YOFFSET_H,SYSVALUECOPY
	D	 1110 KKKK DDDD KKKK	21
	K	 1110 KKKK 0101 KKKK	9
00041D	E059	LDI SYSVALUECOPY,9
	K	1001 001D DDDD 0000:KKKK KKKK KKKK KKKK	1554
	D	1001 001D DDDD 0000:0000 0110 0001 0010	21
00041E	9350 0612	STS XRADIUS,SYSVALUECOPY
	D	 1110 KKKK DDDD KKKK	21
	K	 1110 KKKK 0101 KKKK	0
000420	E050	LDI SYSVALUECOPY,0
	K	1001 001D DDDD 0000:KKKK KKKK KKKK KKKK	1555
	D	1001 001D DDDD 0000:0000 0110 0001 0011	21
000421	9350 0613	STS XRADIUS_H,SYSVALUECOPY
	D	 1110 KKKK DDDD KKKK	16
	K	 1110 KKKK 0000 KKKK	1
000423	E001	LDI SYSTEMP3,1
	D	1001 000D DDDD 0000:KKKK KKKK KKKK KKKK	6
	K	1001 0000 0110 0000:KKKK KKKK KKKK KKKK	1487
000424	9060 05CF	LDS SYSTEMP1,LONGNUMBER
	D	 0010 01RD DDDD RRRR	6
	R	 0010 01R0 0110 RRRR	16
000426	2660	EOR SYSTEMP1,SYSTEMP3
	K	1001 001D DDDD 0000:KKKK KKKK KKKK KKKK	1459
	D	1001 001D DDDD 0000:0000 0101 1011 0011	6
000427	9260 05B3	STS LINECOLOUR,SYSTEMP1
	D	1001 000D DDDD 0000:KKKK KKKK KKKK KKKK	21
	K	1001 0001 0101 0000:KKKK KKKK KKKK KKKK	1488
000429	9150 05D0	LDS SYSVALUECOPY,LONGNUMBER_H
	K	1001 001D DDDD 0000:KKKK KKKK KKKK KKKK	1460
	D	1001 001D DDDD 0000:0000 0101 1011 0100	21
00042B	9350 05B4	STS LINECOLOUR_H,SYSVALUECOPY
	D	1001 000D DDDD 0000:KKKK KKKK KKKK KKKK	21
	K	1001 0001 0101 0000:KKKK KKKK KKKK KKKK	1489
00042D	9150 05D1	LDS SYSVALUECOPY,LONGNUMBER_U
	K	1001 001D DDDD 0000:KKKK KKKK KKKK KKKK	1461
	D	1001 001D DDDD 0000:0000 0101 1011 0101	21
00042F	9350 05B5	STS LINECOLOUR_U,SYSVALUECOPY
	D	1001 000D DDDD 0000:KKKK KKKK KKKK KKKK	21
	K	1001 0001 0101 0000:KKKK KKKK KKKK KKKK	1490
000431	9150 05D2	LDS SYSVALUECOPY,LONGNUMBER_E
	K	1001 001D DDDD 0000:KKKK KKKK KKKK KKKK	1462
	D	1001 001D DDDD 0000:0000 0101 1011 0110	21
000433	9350 05B6	STS LINECOLOUR_E,SYSVALUECOPY
	K	 1101 KKKK KKKK KKKK	1347
000435	D543	RCALL FILLEDCIRCLE22
	D	 1110 KKKK DDDD KKKK	21
	K	 1110 KKKK 0101 KKKK	0
000436	E050	LDI SYSVALUECOPY,0
	K	1001 001D DDDD 0000:KKKK KKKK KKKK KKKK	1477
	D	1001 001D DDDD 0000:0000 0101 1100 0101	21
000437	9350 05C5	STS LINEX1,SYSVALUECOPY
	K	1001 001D DDDD 0000:KKKK KKKK KKKK KKKK	1478
	D	1001 001D DDDD 0000:0000 0101 1100 0110	21
000439	9350 05C6	STS LINEX1_H,SYSVALUECOPY
	D	 1110 KKKK DDDD KKKK	21
	K	 1110 KKKK 0101 KKKK	63
00043B	E35F	LDI SYSVALUECOPY,63
	K	1001 001D DDDD 0000:KKKK KKKK KKKK KKKK	1481
	D	1001 001D DDDD 0000:0000 0101 1100 1001	21
00043C	9350 05C9	STS LINEY1,SYSVALUECOPY
	D	 1110 KKKK DDDD KKKK	21
	K	 1110 KKKK 0101 KKKK	0
00043E	E050	LDI SYSVALUECOPY,0
	K	1001 001D DDDD 0000:KKKK KKKK KKKK KKKK	1482
	D	1001 001D DDDD 0000:0000 0101 1100 1010	21
00043F	9350 05CA	STS LINEY1_H,SYSVALUECOPY
	D	 1110 KKKK DDDD KKKK	21
	K	 1110 KKKK 0101 KKKK	64
000441	E450	LDI SYSVALUECOPY,64
	K	1001 001D DDDD 0000:KKKK KKKK KKKK KKKK	1479
	D	1001 001D DDDD 0000:0000 0101 1100 0111	21
000442	9350 05C7	STS LINEX2,SYSVALUECOPY
	D	 1110 KKKK DDDD KKKK	21
	K	 1110 KKKK 0101 KKKK	0
000444	E050	LDI SYSVALUECOPY,0
	K	1001 001D DDDD 0000:KKKK KKKK KKKK KKKK	1480
	D	1001 001D DDDD 0000:0000 0101 1100 1000	21
000445	9350 05C8	STS LINEX2_H,SYSVALUECOPY
	D	 1110 KKKK DDDD KKKK	21
	K	 1110 KKKK 0101 KKKK	31
000447	E15F	LDI SYSVALUECOPY,31
	K	1001 001D DDDD 0000:KKKK KKKK KKKK KKKK	1483
	D	1001 001D DDDD 0000:0000 0101 1100 1011	21
000448	9350 05CB	STS LINEY2,SYSVALUECOPY
	D	 1110 KKKK DDDD KKKK	21
	K	 1110 KKKK 0101 KKKK	0
00044A	E050	LDI SYSVALUECOPY,0
	K	1001 001D DDDD 0000:KKKK KKKK KKKK KKKK	1484
	D	1001 001D DDDD 0000:0000 0101 1100 1100	21
00044B	9350 05CC	STS LINEY2_H,SYSVALUECOPY
	D	1001 000D DDDD 0000:KKKK KKKK KKKK KKKK	21
	K	1001 0001 0101 0000:KKKK KKKK KKKK KKKK	1433
00044D	9150 0599	LDS SYSVALUECOPY,GLCDFOREGROUND
	K	1001 001D DDDD 0000:KKKK KKKK KKKK KKKK	1459
	D	1001 001D DDDD 0000:0000 0101 1011 0011	21
00044F	9350 05B3	STS LINECOLOUR,SYSVALUECOPY
	D	1001 000D DDDD 0000:KKKK KKKK KKKK KKKK	21
	K	1001 0001 0101 0000:KKKK KKKK KKKK KKKK	1434
000451	9150 059A	LDS SYSVALUECOPY,GLCDFOREGROUND_H
	K	1001 001D DDDD 0000:KKKK KKKK KKKK KKKK	1460
	D	1001 001D DDDD 0000:0000 0101 1011 0100	21
000453	9350 05B4	STS LINECOLOUR_H,SYSVALUECOPY
	K	1001 010K KKKK 111K:KKKK KKKK KKKK KKKK	5565
000455	940E 15BD	CALL _LINE70
	D	1001 000D DDDD 0000:KKKK KKKK KKKK KKKK	6
	K	1001 0000 0110 0000:KKKK KKKK KKKK KKKK	1487
000457	9060 05CF	LDS SYSTEMP1,LONGNUMBER
	D	 1110 KKKK DDDD KKKK	16
	K	 1110 KKKK 0000 KKKK	7
000459	E007	LDI SYSTEMP3,7
	D	 0000 11RD DDDD RRRR	6
	R	 0000 11R0 0110 RRRR	16
00045A	0E60	ADD SYSTEMP1,SYSTEMP3
	K	1001 001D DDDD 0000:KKKK KKKK KKKK KKKK	1487
	D	1001 001D DDDD 0000:0000 0101 1100 1111	6
00045B	9260 05CF	STS LONGNUMBER,SYSTEMP1
	D	1001 000D DDDD 0000:KKKK KKKK KKKK KKKK	6
	K	1001 0000 0110 0000:KKKK KKKK KKKK KKKK	1488
00045D	9060 05D0	LDS SYSTEMP1,LONGNUMBER_H
	D	 1110 KKKK DDDD KKKK	16
	K	 1110 KKKK 0000 KKKK	0
00045F	E000	LDI SYSTEMP3,0
	D	 0001 11RD DDDD RRRR	6
	R	 0001 11R0 0110 RRRR	16
000460	1E60	ADC SYSTEMP1,SYSTEMP3
	K	1001 001D DDDD 0000:KKKK KKKK KKKK KKKK	1488
	D	1001 001D DDDD 0000:0000 0101 1101 0000	6
000461	9260 05D0	STS LONGNUMBER_H,SYSTEMP1
	D	1001 000D DDDD 0000:KKKK KKKK KKKK KKKK	6
	K	1001 0000 0110 0000:KKKK KKKK KKKK KKKK	1489
000463	9060 05D1	LDS SYSTEMP1,LONGNUMBER_U
	D	 1110 KKKK DDDD KKKK	16
	K	 1110 KKKK 0000 KKKK	0
000465	E000	LDI SYSTEMP3,0
	D	 0001 11RD DDDD RRRR	6
	R	 0001 11R0 0110 RRRR	16
000466	1E60	ADC SYSTEMP1,SYSTEMP3
	K	1001 001D DDDD 0000:KKKK KKKK KKKK KKKK	1489
	D	1001 001D DDDD 0000:0000 0101 1101 0001	6
000467	9260 05D1	STS LONGNUMBER_U,SYSTEMP1
	D	1001 000D DDDD 0000:KKKK KKKK KKKK KKKK	6
	K	1001 0000 0110 0000:KKKK KKKK KKKK KKKK	1490
000469	9060 05D2	LDS SYSTEMP1,LONGNUMBER_E
	D	 1110 KKKK DDDD KKKK	16
	K	 1110 KKKK 0000 KKKK	0
00046B	E000	LDI SYSTEMP3,0
	D	 0001 11RD DDDD RRRR	6
	R	 0001 11R0 0110 RRRR	16
00046C	1E60	ADC SYSTEMP1,SYSTEMP3
	K	1001 001D DDDD 0000:KKKK KKKK KKKK KKKK	1490
	D	1001 001D DDDD 0000:0000 0101 1101 0010	6
00046D	9260 05D2	STS LONGNUMBER_E,SYSTEMP1
	D	1001 000D DDDD 0000:KKKK KKKK KKKK KKKK	6
	K	1001 0000 0110 0000:KKKK KKKK KKKK KKKK	1549
00046F	9060 060D	LDS SYSTEMP1,WORDNUMBER
	D	 1110 KKKK DDDD KKKK	16
	K	 1110 KKKK 0000 KKKK	3
000471	E003	LDI SYSTEMP3,3
	D	 0000 11RD DDDD RRRR	6
	R	 0000 11R0 0110 RRRR	16
000472	0E60	ADD SYSTEMP1,SYSTEMP3
	K	1001 001D DDDD 0000:KKKK KKKK KKKK KKKK	1549
	D	1001 001D DDDD 0000:0000 0110 0000 1101	6
000473	9260 060D	STS WORDNUMBER,SYSTEMP1
	D	1001 000D DDDD 0000:KKKK KKKK KKKK KKKK	6
	K	1001 0000 0110 0000:KKKK KKKK KKKK KKKK	1550
000475	9060 060E	LDS SYSTEMP1,WORDNUMBER_H
	D	 1110 KKKK DDDD KKKK	16
	K	 1110 KKKK 0000 KKKK	0
000477	E000	LDI SYSTEMP3,0
	D	 0001 11RD DDDD RRRR	6
	R	 0001 11R0 0110 RRRR	16
000478	1E60	ADC SYSTEMP1,SYSTEMP3
	K	1001 001D DDDD 0000:KKKK KKKK KKKK KKKK	1550
	D	1001 001D DDDD 0000:0000 0110 0000 1110	6
000479	9260 060E	STS WORDNUMBER_H,SYSTEMP1
	D	1001 000D DDDD 0000:KKKK KKKK KKKK KKKK	6
	K	1001 0000 0110 0000:KKKK KKKK KKKK KKKK	1393
00047B	9060 0571	LDS SYSTEMP1,BYTENUMBER
	D	 1001 010D DDDD 0011	6
00047D	9463	INC SYSTEMP1
	K	1001 001D DDDD 0000:KKKK KKKK KKKK KKKK	1393
	D	1001 001D DDDD 0000:0000 0101 0111 0001	6
00047E	9260 0571	STS BYTENUMBER,SYSTEMP1
	D	1001 000D DDDD 0000:KKKK KKKK KKKK KKKK	22
	K	1001 0001 0110 0000:KKKK KKKK KKKK KKKK	1394
000480	9160 0572	LDS SYSCALCTEMPA,CCOUNT
	D	 0011 KKKK DDDD KKKK	22
	K	 0011 KKKK 0110 KKKK	127
000482	376F	CPI SYSCALCTEMPA,127
	K	 1111 01KK KKKK K000	1
000483	F408	BRSH ENDIF6
	K	 1100 KKKK KKKK KKKK	3600
000484	CE10	RJMP SYSFORLOOP3
		ENDIF6
		SYSFORLOOPEND3
	K	 1100 KKKK KKKK KKKK	3596
000485	CE0C	RJMP SYSDOLOOP_S1
		SYSDOLOOP_E1
	K	 1100 KKKK KKKK KKKK	0
000486	C000	RJMP BASPROGRAMEND
		BASPROGRAMEND
000487	9588	SLEEP
	K	 1100 KKKK KKKK KKKK	4094
000488	CFFE	RJMP BASPROGRAMEND


		ANOBIUMFULL
	D	 0010 11RD DDDD RRRR	22
	R	 0010 11R1 0110 RRRR	26
000489	2F6A	MOV SYSWORDTEMPA,SYSSTRINGA
	D	 0010 11RD DDDD RRRR	23
	R	 0010 11R1 0111 RRRR	27
00048A	2F7B	MOV SYSWORDTEMPA_H,SYSSTRINGA_H
	D	 1110 KKKK DDDD KKKK	28
	K	 1110 KKKK 1100 KKKK	184
00048B	EBC8	LDI SYSWORDTEMPB,184
	D	 1110 KKKK DDDD KKKK	29
	K	 1110 KKKK 1101 KKKK	3
00048C	E0D3	LDI SYSWORDTEMPB_H,3
	K	1001 010K KKKK 111K:KKKK KKKK KKKK KKKK	5025
00048D	940E 13A1	CALL SYSCOMPLESSTHAN16
	R	 1111 111R RRRR 0BBB	0
	B	 1111 1110 0000 0BBB	0
00048F	FE00	SBRS SYSBYTETEMPX,0
000490	9508	RET
	D	 1110 KKKK DDDD KKKK	30
	K	 1110 KKKK 1110 KKKK	46
000491	E2EE	LDI SYSREADA, LOW(TABLEANOBIUMFULL<<1)
	D	 1110 KKKK DDDD KKKK	31
	K	 1110 KKKK 1111 KKKK	9
000492	E0F9	LDI SYSREADA_H, HIGH(TABLEANOBIUMFULL<<1)
	D	 0000 11RD DDDD RRRR	30
	R	 0000 11R1 1110 RRRR	26
000493	0FEA	ADD SYSREADA, SYSSTRINGA
	D	 0001 11RD DDDD RRRR	31
	R	 0001 11R1 1111 RRRR	27
000494	1FFB	ADC SYSREADA_H, SYSSTRINGA_H
000495	95C8	LPM
000496	9508	RET
		TABLEANOBIUMFULL
000497	7FFA 0040 8000 0000 0000 0000 0000 0000 0000 0000 0000 0000 0000 0000 0000 0000 0000 0000	RAW 7FFA,0040,8000,0000,0000,0000,0000,0000,0000,0000,0000,0000,0000,0000,0000,0000,0000,0000
0004A9	F080 E79C 0E38 0000 0000 0000 0000 0000 0000 0000 0000 0000 0000 0000 0000 0000 0000 0000	RAW F080,E79C,0E38,0000,0000,0000,0000,0000,0000,0000,0000,0000,0000,0000,0000,0000,0000,0000
0004BB	0000 0000 0000 0000 0000 0000 0000 0000 0000 0000 0000 0000 0000 0000 0000 0000 0000 0000 0000 0000	RAW 0000,0000,0000,0000,0000,0000,0000,0000,0000,0000,0000,0000,0000,0000,0000,0000,0000,0000,0000,0000
0004CF	0000 0000 0000 0000 0000 0000 0000 0000 0000 0602 0B0D 341E D868 60F0 80C0 8080	RAW 0000,0000,0000,0000,0000,0000,0000,0000,0000,0602,0B0D,341E,D868,60F0,80C0,8080
0004DF	C0C0 4040 6060 2060 2020 3030 1010 1810 0818 1B0E E37E 0080 0000	RAW C0C0,4040,6060,2060,2020,3030,1010,1810,0818,1B0E,E37E,0080,0000
0004EC	0000 0000 0000 0000 0000 0000 0000 0000 0000 0000 0000 0000 0000 0000 0000 0000 0000 0000 0000 0000	RAW 0000,0000,0000,0000,0000,0000,0000,0000,0000,0000,0000,0000,0000,0000,0000,0000,0000,0000,0000,0000
000500	0000 0000 0000 0000 0000 0000 0000 0000 0000 0000 0000 0000 0000 0000 0000 0000 0000 0000 0000 0000	RAW 0000,0000,0000,0000,0000,0000,0000,0000,0000,0000,0000,0000,0000,0000,0000,0000,0000,0000,0000,0000
000514	0000 0000 0000 0000 0000 0000 0000 0100 00FF 0000 0000 0000 0000 0000 0000 0000 0000 0000 0000 0000	RAW 0000,0000,0000,0000,0000,0000,0000,0100,00FF,0000,0000,0000,0000,0000,0000,0000,0000,0000,0000,0000
000528	0000 0300 0C07 7038 80C0 0000 0000 0000 0000 0000 0000 0000 0000 0000 0000 0000 0000 0000	RAW 0000,0300,0C07,7038,80C0,0000,0000,0000,0000,0000,0000,0000,0000,0000,0000,0000,0000,0000
00053A	0000 0000 0000 0000 0000 0000 0000 0000 0000 0000 0000 0000 0000 0000 0000 0000 0000 0000 0000 0000	RAW 0000,0000,0000,0000,0000,0000,0000,0000,0000,0000,0000,0000,0000,0000,0000,0000,0000,0000,0000,0000
00054E	0000 0000 0000 0000 0000 0000 0000 0000 0000 0000 0000 0000 0000 FF00 0000 0000 0000 0000 0000 0000	RAW 0000,0000,0000,0000,0000,0000,0000,0000,0000,0000,0000,0000,0000,FF00,0000,0000,0000,0000,0000,0000
000562	0000 0000 0000 0000 0000 0000 0000 0000 0000 0100 0603 B01C 00E0 0000 0000 0000 0000 0000 0000	RAW 0000,0000,0000,0000,0000,0000,0000,0000,0000,0100,0603,B01C,00E0,0000,0000,0000,0000,0000,0000
000575	0000 0000 0000 0000 0000 0000 0000 0000 0000 0000 0000 0000 0000 0000 0000 0000 0000 0000 0000 0000	RAW 0000,0000,0000,0000,0000,0000,0000,0000,0000,0000,0000,0000,0000,0000,0000,0000,0000,0000,0000,0000
000589	0000 0000 0000 0000 0000 0000 0000 0000 0000 0000 0000 0000 0000 0000 0000 0000 0000 0000 603F	RAW 0000,0000,0000,0000,0000,0000,0000,0000,0000,0000,0000,0000,0000,0000,0000,0000,0000,0000,603F
00059C	C040 8080 0080 0000 0000 0000 0000 0000 0000 0000 0000 0000 0000 C080 70E0 0C18	RAW C040,8080,0080,0000,0000,0000,0000,0000,0000,0000,0000,0000,0000,C080,70E0,0C18
0005AC	0306 0001 0000 0000 0000 0000 0000 0000 0000 0000 0000 0000 0000 0000 0000 0000 0000 0000 0000 0000	RAW 0306,0001,0000,0000,0000,0000,0000,0000,0000,0000,0000,0000,0000,0000,0000,0000,0000,0000,0000,0000
0005C0	0000 0000 0000 0000 0000 0000 0000 0000 0000 0000 0000 0000 0000 0000 0000 0000 0000 0000 0000 0000	RAW 0000,0000,0000,0000,0000,0000,0000,0000,0000,0000,0000,0000,0000,0000,0000,0000,0000,0000,0000,0000
0005D4	0000 0000 0000 0000 0000 0000 0000 0000 0000 0101 0301 0602 0406 080C 1818 3010 6020 4060	RAW 0000,0000,0000,0000,0000,0000,0000,0000,0000,0101,0301,0602,0406,080C,1818,3010,6020,4060
0005E6	3060 0C18 0306 0001 0000 0000 0000 0000 0000 0000 0000 0000 0000 0000 0000 0000 0000 0000 0000	RAW 3060,0C18,0306,0001,0000,0000,0000,0000,0000,0000,0000,0000,0000,0000,0000,0000,0000,0000,0000
0005F9	0000 0000 0000 0000 0000 0000 0000 0000 0000 0000 0000 0000 0000 0000 0000 0000 0000 0000 0000 0000	RAW 0000,0000,0000,0000,0000,0000,0000,0000,0000,0000,0000,0000,0000,0000,0000,0000,0000,0000,0000,0000
00060D	0000 0000 0000 0000 0000 0000 0000 0000 0000 0000 0000 B0C0 818E B08E 00C0 F800	RAW 0000,0000,0000,0000,0000,0000,0000,0000,0000,0000,0000,B0C0,818E,B08E,00C0,F800
00061D	0810 0808 00F0 F000 0808 0808 00F0 FF00 0810 0808 00F0 F900 0000 00F8 0000 F800	RAW 0810,0808,00F0,F000,0808,0808,00F0,FF00,0810,0808,00F0,F900,0000,00F8,0000,F800
00062D	0000 10F8 0808 F008 0810 0808 00F0 0000 0000 0000 0000 0000 0000 0000 0000 0000 0000 0000	RAW 0000,10F8,0808,F008,0810,0808,00F0,0000,0000,0000,0000,0000,0000,0000,0000,0000,0000,0000
00063F	0000 0000 0000 0000 0000 0000 0000 0000 0000 0000 0000 0000 0000 0000 0000 0000 0000 0000 0000 0000	RAW 0000,0000,0000,0000,0000,0000,0000,0000,0000,0000,0000,0000,0000,0000,0000,0000,0000,0000,0000,0000
000653	0000 0000 0000 0000 0106 0000 0000 0100 0006 0007 0000 0700 0000 0403 0404 0304 0000 0207 0404 0304	RAW 0000,0000,0000,0000,0106,0000,0000,0100,0006,0007,0000,0700,0000,0403,0404,0304,0000,0207,0404,0304
000667	0000 0007 0300 0404 0204 0007 0700 0000 0000 0007 0000 0700	RAW 0000,0007,0300,0404,0204,0007,0700,0000,0000,0007,0000,0700


		ANOBIUMFULL_H
	D	 0010 11RD DDDD RRRR	22
	R	 0010 11R1 0110 RRRR	26
000673	2F6A	MOV SYSWORDTEMPA,SYSSTRINGA
	D	 0010 11RD DDDD RRRR	23
	R	 0010 11R1 0111 RRRR	27
000674	2F7B	MOV SYSWORDTEMPA_H,SYSSTRINGA_H
	D	 1110 KKKK DDDD KKKK	28
	K	 1110 KKKK 1100 KKKK	1
000675	E0C1	LDI SYSWORDTEMPB,1
	D	 1110 KKKK DDDD KKKK	29
	K	 1110 KKKK 1101 KKKK	0
000676	E0D0	LDI SYSWORDTEMPB_H,0
	K	1001 010K KKKK 111K:KKKK KKKK KKKK KKKK	5025
000677	940E 13A1	CALL SYSCOMPLESSTHAN16
	R	 1111 111R RRRR 0BBB	0
	B	 1111 1110 0000 0BBB	0
000679	FE00	SBRS SYSBYTETEMPX,0
00067A	9508	RET
	D	 1110 KKKK DDDD KKKK	30
	K	 1110 KKKK 1110 KKKK	2
00067B	E0E2	LDI SYSREADA, LOW(TABLEANOBIUMFULL_H<<1)
	D	 1110 KKKK DDDD KKKK	31
	K	 1110 KKKK 1111 KKKK	13
00067C	E0FD	LDI SYSREADA_H, HIGH(TABLEANOBIUMFULL_H<<1)
	D	 0000 11RD DDDD RRRR	30
	R	 0000 11R1 1110 RRRR	26
00067D	0FEA	ADD SYSREADA, SYSSTRINGA
	D	 0001 11RD DDDD RRRR	31
	R	 0001 11R1 1111 RRRR	27
00067E	1FFB	ADC SYSREADA_H, SYSSTRINGA_H
00067F	95C8	LPM
000680	9508	RET
		TABLEANOBIUMFULL_H
000681	0003	RAW 0003


		BOX16
	D	1001 000D DDDD 0000:KKKK KKKK KKKK KKKK	28
	K	1001 0001 1100 0000:KKKK KKKK KKKK KKKK	1477
000682	91C0 05C5	LDS SYSWORDTEMPB,LINEX1
	D	1001 000D DDDD 0000:KKKK KKKK KKKK KKKK	29
	K	1001 0001 1101 0000:KKKK KKKK KKKK KKKK	1478
000684	91D0 05C6	LDS SYSWORDTEMPB_H,LINEX1_H
	D	1001 000D DDDD 0000:KKKK KKKK KKKK KKKK	22
	K	1001 0001 0110 0000:KKKK KKKK KKKK KKKK	1479
000686	9160 05C7	LDS SYSWORDTEMPA,LINEX2
	D	1001 000D DDDD 0000:KKKK KKKK KKKK KKKK	23
	K	1001 0001 0111 0000:KKKK KKKK KKKK KKKK	1480
000688	9170 05C8	LDS SYSWORDTEMPA_H,LINEX2_H
	K	1001 010K KKKK 111K:KKKK KKKK KKKK KKKK	5025
00068A	940E 13A1	CALL SYSCOMPLESSTHAN16
	R	 1111 111R RRRR 0BBB	0
	B	 1111 1110 0000 0BBB	0
00068C	FE00	SBRS SYSBYTETEMPX,0
	K	 1100 KKKK KKKK KKKK	24
00068D	C018	RJMP ENDIF15
	D	1001 000D DDDD 0000:KKKK KKKK KKKK KKKK	21
	K	1001 0001 0101 0000:KKKK KKKK KKKK KKKK	1477
00068E	9150 05C5	LDS SYSVALUECOPY,LINEX1
	K	1001 001D DDDD 0000:KKKK KKKK KKKK KKKK	1439
	D	1001 001D DDDD 0000:0000 0101 1001 1111	21
000690	9350 059F	STS GLCDTEMP,SYSVALUECOPY
	D	1001 000D DDDD 0000:KKKK KKKK KKKK KKKK	21
	K	1001 0001 0101 0000:KKKK KKKK KKKK KKKK	1478
000692	9150 05C6	LDS SYSVALUECOPY,LINEX1_H
	K	1001 001D DDDD 0000:KKKK KKKK KKKK KKKK	1440
	D	1001 001D DDDD 0000:0000 0101 1010 0000	21
000694	9350 05A0	STS GLCDTEMP_H,SYSVALUECOPY
	D	1001 000D DDDD 0000:KKKK KKKK KKKK KKKK	21
	K	1001 0001 0101 0000:KKKK KKKK KKKK KKKK	1479
000696	9150 05C7	LDS SYSVALUECOPY,LINEX2
	K	1001 001D DDDD 0000:KKKK KKKK KKKK KKKK	1477
	D	1001 001D DDDD 0000:0000 0101 1100 0101	21
000698	9350 05C5	STS LINEX1,SYSVALUECOPY
	D	1001 000D DDDD 0000:KKKK KKKK KKKK KKKK	21
	K	1001 0001 0101 0000:KKKK KKKK KKKK KKKK	1480
00069A	9150 05C8	LDS SYSVALUECOPY,LINEX2_H
	K	1001 001D DDDD 0000:KKKK KKKK KKKK KKKK	1478
	D	1001 001D DDDD 0000:0000 0101 1100 0110	21
00069C	9350 05C6	STS LINEX1_H,SYSVALUECOPY
	D	1001 000D DDDD 0000:KKKK KKKK KKKK KKKK	21
	K	1001 0001 0101 0000:KKKK KKKK KKKK KKKK	1439
00069E	9150 059F	LDS SYSVALUECOPY,GLCDTEMP
	K	1001 001D DDDD 0000:KKKK KKKK KKKK KKKK	1479
	D	1001 001D DDDD 0000:0000 0101 1100 0111	21
0006A0	9350 05C7	STS LINEX2,SYSVALUECOPY
	D	1001 000D DDDD 0000:KKKK KKKK KKKK KKKK	21
	K	1001 0001 0101 0000:KKKK KKKK KKKK KKKK	1440
0006A2	9150 05A0	LDS SYSVALUECOPY,GLCDTEMP_H
	K	1001 001D DDDD 0000:KKKK KKKK KKKK KKKK	1480
	D	1001 001D DDDD 0000:0000 0101 1100 1000	21
0006A4	9350 05C8	STS LINEX2_H,SYSVALUECOPY
		ENDIF15
	D	1001 000D DDDD 0000:KKKK KKKK KKKK KKKK	28
	K	1001 0001 1100 0000:KKKK KKKK KKKK KKKK	1481
0006A6	91C0 05C9	LDS SYSWORDTEMPB,LINEY1
	D	1001 000D DDDD 0000:KKKK KKKK KKKK KKKK	29
	K	1001 0001 1101 0000:KKKK KKKK KKKK KKKK	1482
0006A8	91D0 05CA	LDS SYSWORDTEMPB_H,LINEY1_H
	D	1001 000D DDDD 0000:KKKK KKKK KKKK KKKK	22
	K	1001 0001 0110 0000:KKKK KKKK KKKK KKKK	1483
0006AA	9160 05CB	LDS SYSWORDTEMPA,LINEY2
	D	1001 000D DDDD 0000:KKKK KKKK KKKK KKKK	23
	K	1001 0001 0111 0000:KKKK KKKK KKKK KKKK	1484
0006AC	9170 05CC	LDS SYSWORDTEMPA_H,LINEY2_H
	K	1001 010K KKKK 111K:KKKK KKKK KKKK KKKK	5025
0006AE	940E 13A1	CALL SYSCOMPLESSTHAN16
	R	 1111 111R RRRR 0BBB	0
	B	 1111 1110 0000 0BBB	0
0006B0	FE00	SBRS SYSBYTETEMPX,0
	K	 1100 KKKK KKKK KKKK	24
0006B1	C018	RJMP ENDIF16
	D	1001 000D DDDD 0000:KKKK KKKK KKKK KKKK	21
	K	1001 0001 0101 0000:KKKK KKKK KKKK KKKK	1481
0006B2	9150 05C9	LDS SYSVALUECOPY,LINEY1
	K	1001 001D DDDD 0000:KKKK KKKK KKKK KKKK	1439
	D	1001 001D DDDD 0000:0000 0101 1001 1111	21
0006B4	9350 059F	STS GLCDTEMP,SYSVALUECOPY
	D	1001 000D DDDD 0000:KKKK KKKK KKKK KKKK	21
	K	1001 0001 0101 0000:KKKK KKKK KKKK KKKK	1482
0006B6	9150 05CA	LDS SYSVALUECOPY,LINEY1_H
	K	1001 001D DDDD 0000:KKKK KKKK KKKK KKKK	1440
	D	1001 001D DDDD 0000:0000 0101 1010 0000	21
0006B8	9350 05A0	STS GLCDTEMP_H,SYSVALUECOPY
	D	1001 000D DDDD 0000:KKKK KKKK KKKK KKKK	21
	K	1001 0001 0101 0000:KKKK KKKK KKKK KKKK	1483
0006BA	9150 05CB	LDS SYSVALUECOPY,LINEY2
	K	1001 001D DDDD 0000:KKKK KKKK KKKK KKKK	1481
	D	1001 001D DDDD 0000:0000 0101 1100 1001	21
0006BC	9350 05C9	STS LINEY1,SYSVALUECOPY
	D	1001 000D DDDD 0000:KKKK KKKK KKKK KKKK	21
	K	1001 0001 0101 0000:KKKK KKKK KKKK KKKK	1484
0006BE	9150 05CC	LDS SYSVALUECOPY,LINEY2_H
	K	1001 001D DDDD 0000:KKKK KKKK KKKK KKKK	1482
	D	1001 001D DDDD 0000:0000 0101 1100 1010	21
0006C0	9350 05CA	STS LINEY1_H,SYSVALUECOPY
	D	1001 000D DDDD 0000:KKKK KKKK KKKK KKKK	21
	K	1001 0001 0101 0000:KKKK KKKK KKKK KKKK	1439
0006C2	9150 059F	LDS SYSVALUECOPY,GLCDTEMP
	K	1001 001D DDDD 0000:KKKK KKKK KKKK KKKK	1483
	D	1001 001D DDDD 0000:0000 0101 1100 1011	21
0006C4	9350 05CB	STS LINEY2,SYSVALUECOPY
	D	1001 000D DDDD 0000:KKKK KKKK KKKK KKKK	21
	K	1001 0001 0101 0000:KKKK KKKK KKKK KKKK	1440
0006C6	9150 05A0	LDS SYSVALUECOPY,GLCDTEMP_H
	K	1001 001D DDDD 0000:KKKK KKKK KKKK KKKK	1484
	D	1001 001D DDDD 0000:0000 0101 1100 1100	21
0006C8	9350 05CC	STS LINEY2_H,SYSVALUECOPY
		ENDIF16
	D	1001 000D DDDD 0000:KKKK KKKK KKKK KKKK	6
	K	1001 0000 0110 0000:KKKK KKKK KKKK KKKK	1477
0006CA	9060 05C5	LDS SYSTEMP1,LINEX1
	D	 1110 KKKK DDDD KKKK	16
	K	 1110 KKKK 0000 KKKK	1
0006CC	E001	LDI SYSTEMP3,1
	D	 0001 10RD DDDD RRRR	6
	R	 0001 10R0 0110 RRRR	16
0006CD	1A60	SUB SYSTEMP1,SYSTEMP3
	K	1001 001D DDDD 0000:KKKK KKKK KKKK KKKK	1415
	D	1001 001D DDDD 0000:0000 0101 1000 0111	6
0006CE	9260 0587	STS DRAWLINE,SYSTEMP1
	D	1001 000D DDDD 0000:KKKK KKKK KKKK KKKK	6
	K	1001 0000 0110 0000:KKKK KKKK KKKK KKKK	1478
0006D0	9060 05C6	LDS SYSTEMP1,LINEX1_H
	D	 1110 KKKK DDDD KKKK	16
	K	 1110 KKKK 0000 KKKK	0
0006D2	E000	LDI SYSTEMP3,0
	D	 0000 10RD DDDD RRRR	6
	R	 0000 10R0 0110 RRRR	16
0006D3	0A60	SBC SYSTEMP1,SYSTEMP3
	K	1001 001D DDDD 0000:KKKK KKKK KKKK KKKK	1416
	D	1001 001D DDDD 0000:0000 0101 1000 1000	6
0006D4	9260 0588	STS DRAWLINE_H,SYSTEMP1
	D	1001 000D DDDD 0000:KKKK KKKK KKKK KKKK	28
	K	1001 0001 1100 0000:KKKK KKKK KKKK KKKK	1477
0006D6	91C0 05C5	LDS SYSWORDTEMPB,LINEX1
	D	1001 000D DDDD 0000:KKKK KKKK KKKK KKKK	29
	K	1001 0001 1101 0000:KKKK KKKK KKKK KKKK	1478
0006D8	91D0 05C6	LDS SYSWORDTEMPB_H,LINEX1_H
	D	1001 000D DDDD 0000:KKKK KKKK KKKK KKKK	22
	K	1001 0001 0110 0000:KKKK KKKK KKKK KKKK	1479
0006DA	9160 05C7	LDS SYSWORDTEMPA,LINEX2
	D	1001 000D DDDD 0000:KKKK KKKK KKKK KKKK	23
	K	1001 0001 0111 0000:KKKK KKKK KKKK KKKK	1480
0006DC	9170 05C8	LDS SYSWORDTEMPA_H,LINEX2_H
	K	1001 010K KKKK 111K:KKKK KKKK KKKK KKKK	5025
0006DE	940E 13A1	CALL SYSCOMPLESSTHAN16
	R	 1111 110R RRRR 0BBB	0
	B	 1111 1100 0000 0BBB	0
0006E0	FC00	SBRC SYSBYTETEMPX,0
	K	 1100 KKKK KKKK KKKK	59
0006E1	C03B	RJMP SYSFORLOOPEND7
		SYSFORLOOP7
	D	1001 000D DDDD 0000:KKKK KKKK KKKK KKKK	6
	K	1001 0000 0110 0000:KKKK KKKK KKKK KKKK	1415
0006E2	9060 0587	LDS SYSTEMP1,DRAWLINE
	D	 1001 010D DDDD 0011	6
0006E4	9463	INC SYSTEMP1
	K	1001 001D DDDD 0000:KKKK KKKK KKKK KKKK	1415
	D	1001 001D DDDD 0000:0000 0101 1000 0111	6
0006E5	9260 0587	STS DRAWLINE,SYSTEMP1
	D	1001 000D DDDD 0000:KKKK KKKK KKKK KKKK	6
	K	1001 0000 0110 0000:KKKK KKKK KKKK KKKK	1416
0006E7	9060 0588	LDS SYSTEMP1,DRAWLINE_H
	K	 1111 01KK KKKK K001	1
0006E9	F409	BRNE PC + 2
	D	 1001 010D DDDD 0011	6
0006EA	9463	INC SYSTEMP1
	K	1001 001D DDDD 0000:KKKK KKKK KKKK KKKK	1416
	D	1001 001D DDDD 0000:0000 0101 1000 1000	6
0006EB	9260 0588	STS DRAWLINE_H,SYSTEMP1
	D	1001 000D DDDD 0000:KKKK KKKK KKKK KKKK	21
	K	1001 0001 0101 0000:KKKK KKKK KKKK KKKK	1415
0006ED	9150 0587	LDS SYSVALUECOPY,DRAWLINE
	K	1001 001D DDDD 0000:KKKK KKKK KKKK KKKK	1441
	D	1001 001D DDDD 0000:0000 0101 1010 0001	21
0006EF	9350 05A1	STS GLCDX,SYSVALUECOPY
	D	1001 000D DDDD 0000:KKKK KKKK KKKK KKKK	21
	K	1001 0001 0101 0000:KKKK KKKK KKKK KKKK	1481
0006F1	9150 05C9	LDS SYSVALUECOPY,LINEY1
	K	1001 001D DDDD 0000:KKKK KKKK KKKK KKKK	1442
	D	1001 001D DDDD 0000:0000 0101 1010 0010	21
0006F3	9350 05A2	STS GLCDY,SYSVALUECOPY
	D	1001 000D DDDD 0000:KKKK KKKK KKKK KKKK	21
	K	1001 0001 0101 0000:KKKK KKKK KKKK KKKK	1459
0006F5	9150 05B3	LDS SYSVALUECOPY,LINECOLOUR
	K	1001 001D DDDD 0000:KKKK KKKK KKKK KKKK	1426
	D	1001 001D DDDD 0000:0000 0101 1001 0010	21
0006F7	9350 0592	STS GLCDCOLOUR,SYSVALUECOPY
	D	1001 000D DDDD 0000:KKKK KKKK KKKK KKKK	21
	K	1001 0001 0101 0000:KKKK KKKK KKKK KKKK	1460
0006F9	9150 05B4	LDS SYSVALUECOPY,LINECOLOUR_H
	K	1001 001D DDDD 0000:KKKK KKKK KKKK KKKK	1427
	D	1001 001D DDDD 0000:0000 0101 1001 0011	21
0006FB	9350 0593	STS GLCDCOLOUR_H,SYSVALUECOPY
	K	1001 010K KKKK 111K:KKKK KKKK KKKK KKKK	4454
0006FD	940E 1166	CALL PSET_SSD1309
	D	1001 000D DDDD 0000:KKKK KKKK KKKK KKKK	21
	K	1001 0001 0101 0000:KKKK KKKK KKKK KKKK	1415
0006FF	9150 0587	LDS SYSVALUECOPY,DRAWLINE
	K	1001 001D DDDD 0000:KKKK KKKK KKKK KKKK	1441
	D	1001 001D DDDD 0000:0000 0101 1010 0001	21
000701	9350 05A1	STS GLCDX,SYSVALUECOPY
	D	1001 000D DDDD 0000:KKKK KKKK KKKK KKKK	21
	K	1001 0001 0101 0000:KKKK KKKK KKKK KKKK	1483
000703	9150 05CB	LDS SYSVALUECOPY,LINEY2
	K	1001 001D DDDD 0000:KKKK KKKK KKKK KKKK	1442
	D	1001 001D DDDD 0000:0000 0101 1010 0010	21
000705	9350 05A2	STS GLCDY,SYSVALUECOPY
	D	1001 000D DDDD 0000:KKKK KKKK KKKK KKKK	21
	K	1001 0001 0101 0000:KKKK KKKK KKKK KKKK	1459
000707	9150 05B3	LDS SYSVALUECOPY,LINECOLOUR
	K	1001 001D DDDD 0000:KKKK KKKK KKKK KKKK	1426
	D	1001 001D DDDD 0000:0000 0101 1001 0010	21
000709	9350 0592	STS GLCDCOLOUR,SYSVALUECOPY
	D	1001 000D DDDD 0000:KKKK KKKK KKKK KKKK	21
	K	1001 0001 0101 0000:KKKK KKKK KKKK KKKK	1460
00070B	9150 05B4	LDS SYSVALUECOPY,LINECOLOUR_H
	K	1001 001D DDDD 0000:KKKK KKKK KKKK KKKK	1427
	D	1001 001D DDDD 0000:0000 0101 1001 0011	21
00070D	9350 0593	STS GLCDCOLOUR_H,SYSVALUECOPY
	K	1001 010K KKKK 111K:KKKK KKKK KKKK KKKK	4454
00070F	940E 1166	CALL PSET_SSD1309
	D	1001 000D DDDD 0000:KKKK KKKK KKKK KKKK	22
	K	1001 0001 0110 0000:KKKK KKKK KKKK KKKK	1415
000711	9160 0587	LDS SYSWORDTEMPA,DRAWLINE
	D	1001 000D DDDD 0000:KKKK KKKK KKKK KKKK	23
	K	1001 0001 0111 0000:KKKK KKKK KKKK KKKK	1416
000713	9170 0588	LDS SYSWORDTEMPA_H,DRAWLINE_H
	D	1001 000D DDDD 0000:KKKK KKKK KKKK KKKK	28
	K	1001 0001 1100 0000:KKKK KKKK KKKK KKKK	1479
000715	91C0 05C7	LDS SYSWORDTEMPB,LINEX2
	D	1001 000D DDDD 0000:KKKK KKKK KKKK KKKK	29
	K	1001 0001 1101 0000:KKKK KKKK KKKK KKKK	1480
000717	91D0 05C8	LDS SYSWORDTEMPB_H,LINEX2_H
	K	1001 010K KKKK 111K:KKKK KKKK KKKK KKKK	5025
000719	940E 13A1	CALL SYSCOMPLESSTHAN16
	R	 1111 110R RRRR 0BBB	0
	B	 1111 1100 0000 0BBB	0
00071B	FC00	SBRC SYSBYTETEMPX,0
	K	 1100 KKKK KKKK KKKK	4037
00071C	CFC5	RJMP SYSFORLOOP7
		SYSFORLOOPEND7
	D	1001 000D DDDD 0000:KKKK KKKK KKKK KKKK	6
	K	1001 0000 0110 0000:KKKK KKKK KKKK KKKK	1481
00071D	9060 05C9	LDS SYSTEMP1,LINEY1
	D	 1110 KKKK DDDD KKKK	16
	K	 1110 KKKK 0000 KKKK	1
00071F	E001	LDI SYSTEMP3,1
	D	 0001 10RD DDDD RRRR	6
	R	 0001 10R0 0110 RRRR	16
000720	1A60	SUB SYSTEMP1,SYSTEMP3
	K	1001 001D DDDD 0000:KKKK KKKK KKKK KKKK	1415
	D	1001 001D DDDD 0000:0000 0101 1000 0111	6
000721	9260 0587	STS DRAWLINE,SYSTEMP1
	D	1001 000D DDDD 0000:KKKK KKKK KKKK KKKK	6
	K	1001 0000 0110 0000:KKKK KKKK KKKK KKKK	1482
000723	9060 05CA	LDS SYSTEMP1,LINEY1_H
	D	 1110 KKKK DDDD KKKK	16
	K	 1110 KKKK 0000 KKKK	0
000725	E000	LDI SYSTEMP3,0
	D	 0000 10RD DDDD RRRR	6
	R	 0000 10R0 0110 RRRR	16
000726	0A60	SBC SYSTEMP1,SYSTEMP3
	K	1001 001D DDDD 0000:KKKK KKKK KKKK KKKK	1416
	D	1001 001D DDDD 0000:0000 0101 1000 1000	6
000727	9260 0588	STS DRAWLINE_H,SYSTEMP1
	D	1001 000D DDDD 0000:KKKK KKKK KKKK KKKK	28
	K	1001 0001 1100 0000:KKKK KKKK KKKK KKKK	1481
000729	91C0 05C9	LDS SYSWORDTEMPB,LINEY1
	D	1001 000D DDDD 0000:KKKK KKKK KKKK KKKK	29
	K	1001 0001 1101 0000:KKKK KKKK KKKK KKKK	1482
00072B	91D0 05CA	LDS SYSWORDTEMPB_H,LINEY1_H
	D	1001 000D DDDD 0000:KKKK KKKK KKKK KKKK	22
	K	1001 0001 0110 0000:KKKK KKKK KKKK KKKK	1483
00072D	9160 05CB	LDS SYSWORDTEMPA,LINEY2
	D	1001 000D DDDD 0000:KKKK KKKK KKKK KKKK	23
	K	1001 0001 0111 0000:KKKK KKKK KKKK KKKK	1484
00072F	9170 05CC	LDS SYSWORDTEMPA_H,LINEY2_H
	K	1001 010K KKKK 111K:KKKK KKKK KKKK KKKK	5025
000731	940E 13A1	CALL SYSCOMPLESSTHAN16
	R	 1111 110R RRRR 0BBB	0
	B	 1111 1100 0000 0BBB	0
000733	FC00	SBRC SYSBYTETEMPX,0
	K	 1100 KKKK KKKK KKKK	59
000734	C03B	RJMP SYSFORLOOPEND8
		SYSFORLOOP8
	D	1001 000D DDDD 0000:KKKK KKKK KKKK KKKK	6
	K	1001 0000 0110 0000:KKKK KKKK KKKK KKKK	1415
000735	9060 0587	LDS SYSTEMP1,DRAWLINE
	D	 1001 010D DDDD 0011	6
000737	9463	INC SYSTEMP1
	K	1001 001D DDDD 0000:KKKK KKKK KKKK KKKK	1415
	D	1001 001D DDDD 0000:0000 0101 1000 0111	6
000738	9260 0587	STS DRAWLINE,SYSTEMP1
	D	1001 000D DDDD 0000:KKKK KKKK KKKK KKKK	6
	K	1001 0000 0110 0000:KKKK KKKK KKKK KKKK	1416
00073A	9060 0588	LDS SYSTEMP1,DRAWLINE_H
	K	 1111 01KK KKKK K001	1
00073C	F409	BRNE PC + 2
	D	 1001 010D DDDD 0011	6
00073D	9463	INC SYSTEMP1
	K	1001 001D DDDD 0000:KKKK KKKK KKKK KKKK	1416
	D	1001 001D DDDD 0000:0000 0101 1000 1000	6
00073E	9260 0588	STS DRAWLINE_H,SYSTEMP1
	D	1001 000D DDDD 0000:KKKK KKKK KKKK KKKK	21
	K	1001 0001 0101 0000:KKKK KKKK KKKK KKKK	1477
000740	9150 05C5	LDS SYSVALUECOPY,LINEX1
	K	1001 001D DDDD 0000:KKKK KKKK KKKK KKKK	1441
	D	1001 001D DDDD 0000:0000 0101 1010 0001	21
000742	9350 05A1	STS GLCDX,SYSVALUECOPY
	D	1001 000D DDDD 0000:KKKK KKKK KKKK KKKK	21
	K	1001 0001 0101 0000:KKKK KKKK KKKK KKKK	1415
000744	9150 0587	LDS SYSVALUECOPY,DRAWLINE
	K	1001 001D DDDD 0000:KKKK KKKK KKKK KKKK	1442
	D	1001 001D DDDD 0000:0000 0101 1010 0010	21
000746	9350 05A2	STS GLCDY,SYSVALUECOPY
	D	1001 000D DDDD 0000:KKKK KKKK KKKK KKKK	21
	K	1001 0001 0101 0000:KKKK KKKK KKKK KKKK	1459
000748	9150 05B3	LDS SYSVALUECOPY,LINECOLOUR
	K	1001 001D DDDD 0000:KKKK KKKK KKKK KKKK	1426
	D	1001 001D DDDD 0000:0000 0101 1001 0010	21
00074A	9350 0592	STS GLCDCOLOUR,SYSVALUECOPY
	D	1001 000D DDDD 0000:KKKK KKKK KKKK KKKK	21
	K	1001 0001 0101 0000:KKKK KKKK KKKK KKKK	1460
00074C	9150 05B4	LDS SYSVALUECOPY,LINECOLOUR_H
	K	1001 001D DDDD 0000:KKKK KKKK KKKK KKKK	1427
	D	1001 001D DDDD 0000:0000 0101 1001 0011	21
00074E	9350 0593	STS GLCDCOLOUR_H,SYSVALUECOPY
	K	1001 010K KKKK 111K:KKKK KKKK KKKK KKKK	4454
000750	940E 1166	CALL PSET_SSD1309
	D	1001 000D DDDD 0000:KKKK KKKK KKKK KKKK	21
	K	1001 0001 0101 0000:KKKK KKKK KKKK KKKK	1479
000752	9150 05C7	LDS SYSVALUECOPY,LINEX2
	K	1001 001D DDDD 0000:KKKK KKKK KKKK KKKK	1441
	D	1001 001D DDDD 0000:0000 0101 1010 0001	21
000754	9350 05A1	STS GLCDX,SYSVALUECOPY
	D	1001 000D DDDD 0000:KKKK KKKK KKKK KKKK	21
	K	1001 0001 0101 0000:KKKK KKKK KKKK KKKK	1415
000756	9150 0587	LDS SYSVALUECOPY,DRAWLINE
	K	1001 001D DDDD 0000:KKKK KKKK KKKK KKKK	1442
	D	1001 001D DDDD 0000:0000 0101 1010 0010	21
000758	9350 05A2	STS GLCDY,SYSVALUECOPY
	D	1001 000D DDDD 0000:KKKK KKKK KKKK KKKK	21
	K	1001 0001 0101 0000:KKKK KKKK KKKK KKKK	1459
00075A	9150 05B3	LDS SYSVALUECOPY,LINECOLOUR
	K	1001 001D DDDD 0000:KKKK KKKK KKKK KKKK	1426
	D	1001 001D DDDD 0000:0000 0101 1001 0010	21
00075C	9350 0592	STS GLCDCOLOUR,SYSVALUECOPY
	D	1001 000D DDDD 0000:KKKK KKKK KKKK KKKK	21
	K	1001 0001 0101 0000:KKKK KKKK KKKK KKKK	1460
00075E	9150 05B4	LDS SYSVALUECOPY,LINECOLOUR_H
	K	1001 001D DDDD 0000:KKKK KKKK KKKK KKKK	1427
	D	1001 001D DDDD 0000:0000 0101 1001 0011	21
000760	9350 0593	STS GLCDCOLOUR_H,SYSVALUECOPY
	K	1001 010K KKKK 111K:KKKK KKKK KKKK KKKK	4454
000762	940E 1166	CALL PSET_SSD1309
	D	1001 000D DDDD 0000:KKKK KKKK KKKK KKKK	22
	K	1001 0001 0110 0000:KKKK KKKK KKKK KKKK	1415
000764	9160 0587	LDS SYSWORDTEMPA,DRAWLINE
	D	1001 000D DDDD 0000:KKKK KKKK KKKK KKKK	23
	K	1001 0001 0111 0000:KKKK KKKK KKKK KKKK	1416
000766	9170 0588	LDS SYSWORDTEMPA_H,DRAWLINE_H
	D	1001 000D DDDD 0000:KKKK KKKK KKKK KKKK	28
	K	1001 0001 1100 0000:KKKK KKKK KKKK KKKK	1483
000768	91C0 05CB	LDS SYSWORDTEMPB,LINEY2
	D	1001 000D DDDD 0000:KKKK KKKK KKKK KKKK	29
	K	1001 0001 1101 0000:KKKK KKKK KKKK KKKK	1484
00076A	91D0 05CC	LDS SYSWORDTEMPB_H,LINEY2_H
	K	1001 010K KKKK 111K:KKKK KKKK KKKK KKKK	5025
00076C	940E 13A1	CALL SYSCOMPLESSTHAN16
	R	 1111 110R RRRR 0BBB	0
	B	 1111 1100 0000 0BBB	0
00076E	FC00	SBRC SYSBYTETEMPX,0
	K	 1100 KKKK KKKK KKKK	4037
00076F	CFC5	RJMP SYSFORLOOP8
		SYSFORLOOPEND8
000770	9508	RET


		CIRCLE19
	D	1001 000D DDDD 0000:KKKK KKKK KKKK KKKK	21
	K	1001 0001 0101 0000:KKKK KKKK KKKK KKKK	1451
000771	9150 05AB	LDS SYSVALUECOPY,INXRADIUS
	K	1001 001D DDDD 0000:KKKK KKKK KKKK KKKK	1554
	D	1001 001D DDDD 0000:0000 0110 0001 0010	21
000773	9350 0612	STS XRADIUS,SYSVALUECOPY
	D	1001 000D DDDD 0000:KKKK KKKK KKKK KKKK	21
	K	1001 0001 0101 0000:KKKK KKKK KKKK KKKK	1452
000775	9150 05AC	LDS SYSVALUECOPY,INXRADIUS_H
	K	1001 001D DDDD 0000:KKKK KKKK KKKK KKKK	1555
	D	1001 001D DDDD 0000:0000 0110 0001 0011	21
000777	9350 0613	STS XRADIUS_H,SYSVALUECOPY
	D	1001 000D DDDD 0000:KKKK KKKK KKKK KKKK	22
	K	1001 0001 0110 0000:KKKK KKKK KKKK KKKK	1554
000779	9160 0612	LDS SYSINTEGERTEMPA,XRADIUS
	D	1001 000D DDDD 0000:KKKK KKKK KKKK KKKK	23
	K	1001 0001 0111 0000:KKKK KKKK KKKK KKKK	1555
00077B	9170 0613	LDS SYSINTEGERTEMPA_H,XRADIUS_H
	D	 1110 KKKK DDDD KKKK	28
	K	 1110 KKKK 1100 KKKK	2
00077D	E0C2	LDI SYSINTEGERTEMPB,2
	D	 1110 KKKK DDDD KKKK	29
	K	 1110 KKKK 1101 KKKK	0
00077E	E0D0	LDI SYSINTEGERTEMPB_H,0
	K	1001 010K KKKK 111K:KKKK KKKK KKKK KKKK	5312
00077F	940E 14C0	CALL SYSDIVSUBINT
	D	 0010 11RD DDDD RRRR	6
	R	 0010 11R0 0110 RRRR	22
000781	2E66	MOV SYSTEMP1,SYSINTEGERTEMPA
	D	 0010 11RD DDDD RRRR	7
	R	 0010 11R0 0111 RRRR	23
000782	2E77	MOV SYSTEMP1_H,SYSINTEGERTEMPA_H
	D	 1001 010D DDDD 0000	6
000783	9460	COM SYSTEMP1
	D	 1001 010D DDDD 0000	7
000784	9470	COM SYSTEMP1_H
	D	 1001 010D DDDD 0011	6
000785	9463	INC SYSTEMP1
	K	 1111 01KK KKKK K001	1
000786	F409	BRNE PC + 2
	D	 1001 010D DDDD 0011	7
000787	9473	INC SYSTEMP1_H
	K	1001 001D DDDD 0000:KKKK KKKK KKKK KKKK	1499
	D	1001 001D DDDD 0000:0000 0101 1101 1011	6
000788	9260 05DB	STS RADIUSERR,SYSTEMP1
	K	1001 001D DDDD 0000:KKKK KKKK KKKK KKKK	1500
	D	1001 001D DDDD 0000:0000 0101 1101 1100	7
00078A	9270 05DC	STS RADIUSERR_H,SYSTEMP1_H
		SYSDOLOOP_S3
	D	1001 000D DDDD 0000:KKKK KKKK KKKK KKKK	22
	K	1001 0001 0110 0000:KKKK KKKK KKKK KKKK	1554
00078C	9160 0612	LDS SYSINTEGERTEMPA,XRADIUS
	D	1001 000D DDDD 0000:KKKK KKKK KKKK KKKK	23
	K	1001 0001 0111 0000:KKKK KKKK KKKK KKKK	1555
00078E	9170 0613	LDS SYSINTEGERTEMPA_H,XRADIUS_H
	D	1001 000D DDDD 0000:KKKK KKKK KKKK KKKK	28
	K	1001 0001 1100 0000:KKKK KKKK KKKK KKKK	1562
000790	91C0 061A	LDS SYSINTEGERTEMPB,YORDINATE
	D	 1110 KKKK DDDD KKKK	29
	K	 1110 KKKK 1101 KKKK	0
000792	E0D0	LDI SYSINTEGERTEMPB_H,0
	K	1001 010K KKKK 111K:KKKK KKKK KKKK KKKK	5035
000793	940E 13AB	CALL SYSCOMPLESSTHANINT
	D	 1001 010D DDDD 0000	0
000795	9400	COM SYSBYTETEMPX
	R	 1111 111R RRRR 0BBB	0
	B	 1111 1110 0000 0BBB	0
000796	FE00	SBRS SYSBYTETEMPX,0
	K	 1100 KKKK KKKK KKKK	274
000797	C112	RJMP SYSDOLOOP_E3
	D	1001 000D DDDD 0000:KKKK KKKK KKKK KKKK	6
	K	1001 0000 0110 0000:KKKK KKKK KKKK KKKK	1552
000798	9060 0610	LDS SYSTEMP1,XOFFSET
	D	1001 000D DDDD 0000:KKKK KKKK KKKK KKKK	10
	K	1001 0000 1010 0000:KKKK KKKK KKKK KKKK	1554
00079A	90A0 0612	LDS SYSTEMP2,XRADIUS
	D	 0000 11RD DDDD RRRR	6
	R	 0000 11R0 0110 RRRR	10
00079C	0C6A	ADD SYSTEMP1,SYSTEMP2
	K	1001 001D DDDD 0000:KKKK KKKK KKKK KKKK	1441
	D	1001 001D DDDD 0000:0000 0101 1010 0001	6
00079D	9260 05A1	STS GLCDX,SYSTEMP1
	D	1001 000D DDDD 0000:KKKK KKKK KKKK KKKK	6
	K	1001 0000 0110 0000:KKKK KKKK KKKK KKKK	1560
00079F	9060 0618	LDS SYSTEMP1,YOFFSET
	D	1001 000D DDDD 0000:KKKK KKKK KKKK KKKK	10
	K	1001 0000 1010 0000:KKKK KKKK KKKK KKKK	1562
0007A1	90A0 061A	LDS SYSTEMP2,YORDINATE
	D	 0000 11RD DDDD RRRR	6
	R	 0000 11R0 0110 RRRR	10
0007A3	0C6A	ADD SYSTEMP1,SYSTEMP2
	K	1001 001D DDDD 0000:KKKK KKKK KKKK KKKK	1442
	D	1001 001D DDDD 0000:0000 0101 1010 0010	6
0007A4	9260 05A2	STS GLCDY,SYSTEMP1
	D	1001 000D DDDD 0000:KKKK KKKK KKKK KKKK	21
	K	1001 0001 0101 0000:KKKK KKKK KKKK KKKK	1459
0007A6	9150 05B3	LDS SYSVALUECOPY,LINECOLOUR
	K	1001 001D DDDD 0000:KKKK KKKK KKKK KKKK	1426
	D	1001 001D DDDD 0000:0000 0101 1001 0010	21
0007A8	9350 0592	STS GLCDCOLOUR,SYSVALUECOPY
	D	1001 000D DDDD 0000:KKKK KKKK KKKK KKKK	21
	K	1001 0001 0101 0000:KKKK KKKK KKKK KKKK	1460
0007AA	9150 05B4	LDS SYSVALUECOPY,LINECOLOUR_H
	K	1001 001D DDDD 0000:KKKK KKKK KKKK KKKK	1427
	D	1001 001D DDDD 0000:0000 0101 1001 0011	21
0007AC	9350 0593	STS GLCDCOLOUR_H,SYSVALUECOPY
	K	1001 010K KKKK 111K:KKKK KKKK KKKK KKKK	4454
0007AE	940E 1166	CALL PSET_SSD1309
	D	1001 000D DDDD 0000:KKKK KKKK KKKK KKKK	6
	K	1001 0000 0110 0000:KKKK KKKK KKKK KKKK	1552
0007B0	9060 0610	LDS SYSTEMP1,XOFFSET
	D	1001 000D DDDD 0000:KKKK KKKK KKKK KKKK	10
	K	1001 0000 1010 0000:KKKK KKKK KKKK KKKK	1562
0007B2	90A0 061A	LDS SYSTEMP2,YORDINATE
	D	 0000 11RD DDDD RRRR	6
	R	 0000 11R0 0110 RRRR	10
0007B4	0C6A	ADD SYSTEMP1,SYSTEMP2
	K	1001 001D DDDD 0000:KKKK KKKK KKKK KKKK	1441
	D	1001 001D DDDD 0000:0000 0101 1010 0001	6
0007B5	9260 05A1	STS GLCDX,SYSTEMP1
	D	1001 000D DDDD 0000:KKKK KKKK KKKK KKKK	6
	K	1001 0000 0110 0000:KKKK KKKK KKKK KKKK	1560
0007B7	9060 0618	LDS SYSTEMP1,YOFFSET
	D	1001 000D DDDD 0000:KKKK KKKK KKKK KKKK	10
	K	1001 0000 1010 0000:KKKK KKKK KKKK KKKK	1554
0007B9	90A0 0612	LDS SYSTEMP2,XRADIUS
	D	 0000 11RD DDDD RRRR	6
	R	 0000 11R0 0110 RRRR	10
0007BB	0C6A	ADD SYSTEMP1,SYSTEMP2
	K	1001 001D DDDD 0000:KKKK KKKK KKKK KKKK	1442
	D	1001 001D DDDD 0000:0000 0101 1010 0010	6
0007BC	9260 05A2	STS GLCDY,SYSTEMP1
	D	1001 000D DDDD 0000:KKKK KKKK KKKK KKKK	21
	K	1001 0001 0101 0000:KKKK KKKK KKKK KKKK	1459
0007BE	9150 05B3	LDS SYSVALUECOPY,LINECOLOUR
	K	1001 001D DDDD 0000:KKKK KKKK KKKK KKKK	1426
	D	1001 001D DDDD 0000:0000 0101 1001 0010	21
0007C0	9350 0592	STS GLCDCOLOUR,SYSVALUECOPY
	D	1001 000D DDDD 0000:KKKK KKKK KKKK KKKK	21
	K	1001 0001 0101 0000:KKKK KKKK KKKK KKKK	1460
0007C2	9150 05B4	LDS SYSVALUECOPY,LINECOLOUR_H
	K	1001 001D DDDD 0000:KKKK KKKK KKKK KKKK	1427
	D	1001 001D DDDD 0000:0000 0101 1001 0011	21
0007C4	9350 0593	STS GLCDCOLOUR_H,SYSVALUECOPY
	K	1001 010K KKKK 111K:KKKK KKKK KKKK KKKK	4454
0007C6	940E 1166	CALL PSET_SSD1309
	D	1001 000D DDDD 0000:KKKK KKKK KKKK KKKK	6
	K	1001 0000 0110 0000:KKKK KKKK KKKK KKKK	1552
0007C8	9060 0610	LDS SYSTEMP1,XOFFSET
	D	1001 000D DDDD 0000:KKKK KKKK KKKK KKKK	10
	K	1001 0000 1010 0000:KKKK KKKK KKKK KKKK	1554
0007CA	90A0 0612	LDS SYSTEMP2,XRADIUS
	D	 0001 10RD DDDD RRRR	6
	R	 0001 10R0 0110 RRRR	10
0007CC	186A	SUB SYSTEMP1,SYSTEMP2
	K	1001 001D DDDD 0000:KKKK KKKK KKKK KKKK	1441
	D	1001 001D DDDD 0000:0000 0101 1010 0001	6
0007CD	9260 05A1	STS GLCDX,SYSTEMP1
	D	1001 000D DDDD 0000:KKKK KKKK KKKK KKKK	6
	K	1001 0000 0110 0000:KKKK KKKK KKKK KKKK	1560
0007CF	9060 0618	LDS SYSTEMP1,YOFFSET
	D	1001 000D DDDD 0000:KKKK KKKK KKKK KKKK	10
	K	1001 0000 1010 0000:KKKK KKKK KKKK KKKK	1562
0007D1	90A0 061A	LDS SYSTEMP2,YORDINATE
	D	 0000 11RD DDDD RRRR	6
	R	 0000 11R0 0110 RRRR	10
0007D3	0C6A	ADD SYSTEMP1,SYSTEMP2
	K	1001 001D DDDD 0000:KKKK KKKK KKKK KKKK	1442
	D	1001 001D DDDD 0000:0000 0101 1010 0010	6
0007D4	9260 05A2	STS GLCDY,SYSTEMP1
	D	1001 000D DDDD 0000:KKKK KKKK KKKK KKKK	21
	K	1001 0001 0101 0000:KKKK KKKK KKKK KKKK	1459
0007D6	9150 05B3	LDS SYSVALUECOPY,LINECOLOUR
	K	1001 001D DDDD 0000:KKKK KKKK KKKK KKKK	1426
	D	1001 001D DDDD 0000:0000 0101 1001 0010	21
0007D8	9350 0592	STS GLCDCOLOUR,SYSVALUECOPY
	D	1001 000D DDDD 0000:KKKK KKKK KKKK KKKK	21
	K	1001 0001 0101 0000:KKKK KKKK KKKK KKKK	1460
0007DA	9150 05B4	LDS SYSVALUECOPY,LINECOLOUR_H
	K	1001 001D DDDD 0000:KKKK KKKK KKKK KKKK	1427
	D	1001 001D DDDD 0000:0000 0101 1001 0011	21
0007DC	9350 0593	STS GLCDCOLOUR_H,SYSVALUECOPY
	K	1001 010K KKKK 111K:KKKK KKKK KKKK KKKK	4454
0007DE	940E 1166	CALL PSET_SSD1309
	D	1001 000D DDDD 0000:KKKK KKKK KKKK KKKK	6
	K	1001 0000 0110 0000:KKKK KKKK KKKK KKKK	1552
0007E0	9060 0610	LDS SYSTEMP1,XOFFSET
	D	1001 000D DDDD 0000:KKKK KKKK KKKK KKKK	10
	K	1001 0000 1010 0000:KKKK KKKK KKKK KKKK	1562
0007E2	90A0 061A	LDS SYSTEMP2,YORDINATE
	D	 0001 10RD DDDD RRRR	6
	R	 0001 10R0 0110 RRRR	10
0007E4	186A	SUB SYSTEMP1,SYSTEMP2
	K	1001 001D DDDD 0000:KKKK KKKK KKKK KKKK	1441
	D	1001 001D DDDD 0000:0000 0101 1010 0001	6
0007E5	9260 05A1	STS GLCDX,SYSTEMP1
	D	1001 000D DDDD 0000:KKKK KKKK KKKK KKKK	6
	K	1001 0000 0110 0000:KKKK KKKK KKKK KKKK	1560
0007E7	9060 0618	LDS SYSTEMP1,YOFFSET
	D	1001 000D DDDD 0000:KKKK KKKK KKKK KKKK	10
	K	1001 0000 1010 0000:KKKK KKKK KKKK KKKK	1554
0007E9	90A0 0612	LDS SYSTEMP2,XRADIUS
	D	 0000 11RD DDDD RRRR	6
	R	 0000 11R0 0110 RRRR	10
0007EB	0C6A	ADD SYSTEMP1,SYSTEMP2
	K	1001 001D DDDD 0000:KKKK KKKK KKKK KKKK	1442
	D	1001 001D DDDD 0000:0000 0101 1010 0010	6
0007EC	9260 05A2	STS GLCDY,SYSTEMP1
	D	1001 000D DDDD 0000:KKKK KKKK KKKK KKKK	21
	K	1001 0001 0101 0000:KKKK KKKK KKKK KKKK	1459
0007EE	9150 05B3	LDS SYSVALUECOPY,LINECOLOUR
	K	1001 001D DDDD 0000:KKKK KKKK KKKK KKKK	1426
	D	1001 001D DDDD 0000:0000 0101 1001 0010	21
0007F0	9350 0592	STS GLCDCOLOUR,SYSVALUECOPY
	D	1001 000D DDDD 0000:KKKK KKKK KKKK KKKK	21
	K	1001 0001 0101 0000:KKKK KKKK KKKK KKKK	1460
0007F2	9150 05B4	LDS SYSVALUECOPY,LINECOLOUR_H
	K	1001 001D DDDD 0000:KKKK KKKK KKKK KKKK	1427
	D	1001 001D DDDD 0000:0000 0101 1001 0011	21
0007F4	9350 0593	STS GLCDCOLOUR_H,SYSVALUECOPY
	K	1001 010K KKKK 111K:KKKK KKKK KKKK KKKK	4454
0007F6	940E 1166	CALL PSET_SSD1309
	D	1001 000D DDDD 0000:KKKK KKKK KKKK KKKK	6
	K	1001 0000 0110 0000:KKKK KKKK KKKK KKKK	1552
0007F8	9060 0610	LDS SYSTEMP1,XOFFSET
	D	1001 000D DDDD 0000:KKKK KKKK KKKK KKKK	10
	K	1001 0000 1010 0000:KKKK KKKK KKKK KKKK	1554
0007FA	90A0 0612	LDS SYSTEMP2,XRADIUS
	D	 0001 10RD DDDD RRRR	6
	R	 0001 10R0 0110 RRRR	10
0007FC	186A	SUB SYSTEMP1,SYSTEMP2
	K	1001 001D DDDD 0000:KKKK KKKK KKKK KKKK	1441
	D	1001 001D DDDD 0000:0000 0101 1010 0001	6
0007FD	9260 05A1	STS GLCDX,SYSTEMP1
	D	1001 000D DDDD 0000:KKKK KKKK KKKK KKKK	6
	K	1001 0000 0110 0000:KKKK KKKK KKKK KKKK	1560
0007FF	9060 0618	LDS SYSTEMP1,YOFFSET
	D	1001 000D DDDD 0000:KKKK KKKK KKKK KKKK	10
	K	1001 0000 1010 0000:KKKK KKKK KKKK KKKK	1562
000801	90A0 061A	LDS SYSTEMP2,YORDINATE
	D	 0001 10RD DDDD RRRR	6
	R	 0001 10R0 0110 RRRR	10
000803	186A	SUB SYSTEMP1,SYSTEMP2
	K	1001 001D DDDD 0000:KKKK KKKK KKKK KKKK	1442
	D	1001 001D DDDD 0000:0000 0101 1010 0010	6
000804	9260 05A2	STS GLCDY,SYSTEMP1
	D	1001 000D DDDD 0000:KKKK KKKK KKKK KKKK	21
	K	1001 0001 0101 0000:KKKK KKKK KKKK KKKK	1459
000806	9150 05B3	LDS SYSVALUECOPY,LINECOLOUR
	K	1001 001D DDDD 0000:KKKK KKKK KKKK KKKK	1426
	D	1001 001D DDDD 0000:0000 0101 1001 0010	21
000808	9350 0592	STS GLCDCOLOUR,SYSVALUECOPY
	D	1001 000D DDDD 0000:KKKK KKKK KKKK KKKK	21
	K	1001 0001 0101 0000:KKKK KKKK KKKK KKKK	1460
00080A	9150 05B4	LDS SYSVALUECOPY,LINECOLOUR_H
	K	1001 001D DDDD 0000:KKKK KKKK KKKK KKKK	1427
	D	1001 001D DDDD 0000:0000 0101 1001 0011	21
00080C	9350 0593	STS GLCDCOLOUR_H,SYSVALUECOPY
	K	1001 010K KKKK 111K:KKKK KKKK KKKK KKKK	4454
00080E	940E 1166	CALL PSET_SSD1309
	D	1001 000D DDDD 0000:KKKK KKKK KKKK KKKK	6
	K	1001 0000 0110 0000:KKKK KKKK KKKK KKKK	1552
000810	9060 0610	LDS SYSTEMP1,XOFFSET
	D	1001 000D DDDD 0000:KKKK KKKK KKKK KKKK	10
	K	1001 0000 1010 0000:KKKK KKKK KKKK KKKK	1562
000812	90A0 061A	LDS SYSTEMP2,YORDINATE
	D	 0001 10RD DDDD RRRR	6
	R	 0001 10R0 0110 RRRR	10
000814	186A	SUB SYSTEMP1,SYSTEMP2
	K	1001 001D DDDD 0000:KKKK KKKK KKKK KKKK	1441
	D	1001 001D DDDD 0000:0000 0101 1010 0001	6
000815	9260 05A1	STS GLCDX,SYSTEMP1
	D	1001 000D DDDD 0000:KKKK KKKK KKKK KKKK	6
	K	1001 0000 0110 0000:KKKK KKKK KKKK KKKK	1560
000817	9060 0618	LDS SYSTEMP1,YOFFSET
	D	1001 000D DDDD 0000:KKKK KKKK KKKK KKKK	10
	K	1001 0000 1010 0000:KKKK KKKK KKKK KKKK	1554
000819	90A0 0612	LDS SYSTEMP2,XRADIUS
	D	 0001 10RD DDDD RRRR	6
	R	 0001 10R0 0110 RRRR	10
00081B	186A	SUB SYSTEMP1,SYSTEMP2
	K	1001 001D DDDD 0000:KKKK KKKK KKKK KKKK	1442
	D	1001 001D DDDD 0000:0000 0101 1010 0010	6
00081C	9260 05A2	STS GLCDY,SYSTEMP1
	D	1001 000D DDDD 0000:KKKK KKKK KKKK KKKK	21
	K	1001 0001 0101 0000:KKKK KKKK KKKK KKKK	1459
00081E	9150 05B3	LDS SYSVALUECOPY,LINECOLOUR
	K	1001 001D DDDD 0000:KKKK KKKK KKKK KKKK	1426
	D	1001 001D DDDD 0000:0000 0101 1001 0010	21
000820	9350 0592	STS GLCDCOLOUR,SYSVALUECOPY
	D	1001 000D DDDD 0000:KKKK KKKK KKKK KKKK	21
	K	1001 0001 0101 0000:KKKK KKKK KKKK KKKK	1460
000822	9150 05B4	LDS SYSVALUECOPY,LINECOLOUR_H
	K	1001 001D DDDD 0000:KKKK KKKK KKKK KKKK	1427
	D	1001 001D DDDD 0000:0000 0101 1001 0011	21
000824	9350 0593	STS GLCDCOLOUR_H,SYSVALUECOPY
	K	1001 010K KKKK 111K:KKKK KKKK KKKK KKKK	4454
000826	940E 1166	CALL PSET_SSD1309
	D	1001 000D DDDD 0000:KKKK KKKK KKKK KKKK	6
	K	1001 0000 0110 0000:KKKK KKKK KKKK KKKK	1552
000828	9060 0610	LDS SYSTEMP1,XOFFSET
	D	1001 000D DDDD 0000:KKKK KKKK KKKK KKKK	10
	K	1001 0000 1010 0000:KKKK KKKK KKKK KKKK	1554
00082A	90A0 0612	LDS SYSTEMP2,XRADIUS
	D	 0000 11RD DDDD RRRR	6
	R	 0000 11R0 0110 RRRR	10
00082C	0C6A	ADD SYSTEMP1,SYSTEMP2
	K	1001 001D DDDD 0000:KKKK KKKK KKKK KKKK	1441
	D	1001 001D DDDD 0000:0000 0101 1010 0001	6
00082D	9260 05A1	STS GLCDX,SYSTEMP1
	D	1001 000D DDDD 0000:KKKK KKKK KKKK KKKK	6
	K	1001 0000 0110 0000:KKKK KKKK KKKK KKKK	1560
00082F	9060 0618	LDS SYSTEMP1,YOFFSET
	D	1001 000D DDDD 0000:KKKK KKKK KKKK KKKK	10
	K	1001 0000 1010 0000:KKKK KKKK KKKK KKKK	1562
000831	90A0 061A	LDS SYSTEMP2,YORDINATE
	D	 0001 10RD DDDD RRRR	6
	R	 0001 10R0 0110 RRRR	10
000833	186A	SUB SYSTEMP1,SYSTEMP2
	K	1001 001D DDDD 0000:KKKK KKKK KKKK KKKK	1442
	D	1001 001D DDDD 0000:0000 0101 1010 0010	6
000834	9260 05A2	STS GLCDY,SYSTEMP1
	D	1001 000D DDDD 0000:KKKK KKKK KKKK KKKK	21
	K	1001 0001 0101 0000:KKKK KKKK KKKK KKKK	1459
000836	9150 05B3	LDS SYSVALUECOPY,LINECOLOUR
	K	1001 001D DDDD 0000:KKKK KKKK KKKK KKKK	1426
	D	1001 001D DDDD 0000:0000 0101 1001 0010	21
000838	9350 0592	STS GLCDCOLOUR,SYSVALUECOPY
	D	1001 000D DDDD 0000:KKKK KKKK KKKK KKKK	21
	K	1001 0001 0101 0000:KKKK KKKK KKKK KKKK	1460
00083A	9150 05B4	LDS SYSVALUECOPY,LINECOLOUR_H
	K	1001 001D DDDD 0000:KKKK KKKK KKKK KKKK	1427
	D	1001 001D DDDD 0000:0000 0101 1001 0011	21
00083C	9350 0593	STS GLCDCOLOUR_H,SYSVALUECOPY
	K	1001 010K KKKK 111K:KKKK KKKK KKKK KKKK	4454
00083E	940E 1166	CALL PSET_SSD1309
	D	1001 000D DDDD 0000:KKKK KKKK KKKK KKKK	6
	K	1001 0000 0110 0000:KKKK KKKK KKKK KKKK	1552
000840	9060 0610	LDS SYSTEMP1,XOFFSET
	D	1001 000D DDDD 0000:KKKK KKKK KKKK KKKK	10
	K	1001 0000 1010 0000:KKKK KKKK KKKK KKKK	1562
000842	90A0 061A	LDS SYSTEMP2,YORDINATE
	D	 0000 11RD DDDD RRRR	6
	R	 0000 11R0 0110 RRRR	10
000844	0C6A	ADD SYSTEMP1,SYSTEMP2
	K	1001 001D DDDD 0000:KKKK KKKK KKKK KKKK	1441
	D	1001 001D DDDD 0000:0000 0101 1010 0001	6
000845	9260 05A1	STS GLCDX,SYSTEMP1
	D	1001 000D DDDD 0000:KKKK KKKK KKKK KKKK	6
	K	1001 0000 0110 0000:KKKK KKKK KKKK KKKK	1560
000847	9060 0618	LDS SYSTEMP1,YOFFSET
	D	1001 000D DDDD 0000:KKKK KKKK KKKK KKKK	10
	K	1001 0000 1010 0000:KKKK KKKK KKKK KKKK	1554
000849	90A0 0612	LDS SYSTEMP2,XRADIUS
	D	 0001 10RD DDDD RRRR	6
	R	 0001 10R0 0110 RRRR	10
00084B	186A	SUB SYSTEMP1,SYSTEMP2
	K	1001 001D DDDD 0000:KKKK KKKK KKKK KKKK	1442
	D	1001 001D DDDD 0000:0000 0101 1010 0010	6
00084C	9260 05A2	STS GLCDY,SYSTEMP1
	D	1001 000D DDDD 0000:KKKK KKKK KKKK KKKK	21
	K	1001 0001 0101 0000:KKKK KKKK KKKK KKKK	1459
00084E	9150 05B3	LDS SYSVALUECOPY,LINECOLOUR
	K	1001 001D DDDD 0000:KKKK KKKK KKKK KKKK	1426
	D	1001 001D DDDD 0000:0000 0101 1001 0010	21
000850	9350 0592	STS GLCDCOLOUR,SYSVALUECOPY
	D	1001 000D DDDD 0000:KKKK KKKK KKKK KKKK	21
	K	1001 0001 0101 0000:KKKK KKKK KKKK KKKK	1460
000852	9150 05B4	LDS SYSVALUECOPY,LINECOLOUR_H
	K	1001 001D DDDD 0000:KKKK KKKK KKKK KKKK	1427
	D	1001 001D DDDD 0000:0000 0101 1001 0011	21
000854	9350 0593	STS GLCDCOLOUR_H,SYSVALUECOPY
	K	1001 010K KKKK 111K:KKKK KKKK KKKK KKKK	4454
000856	940E 1166	CALL PSET_SSD1309
	D	1001 000D DDDD 0000:KKKK KKKK KKKK KKKK	6
	K	1001 0000 0110 0000:KKKK KKKK KKKK KKKK	1562
000858	9060 061A	LDS SYSTEMP1,YORDINATE
	D	 1001 010D DDDD 0011	6
00085A	9463	INC SYSTEMP1
	K	1001 001D DDDD 0000:KKKK KKKK KKKK KKKK	1562
	D	1001 001D DDDD 0000:0000 0110 0001 1010	6
00085B	9260 061A	STS YORDINATE,SYSTEMP1
	D	1001 000D DDDD 0000:KKKK KKKK KKKK KKKK	22
	K	1001 0001 0110 0000:KKKK KKKK KKKK KKKK	1499
00085D	9160 05DB	LDS SYSINTEGERTEMPA,RADIUSERR
	D	1001 000D DDDD 0000:KKKK KKKK KKKK KKKK	23
	K	1001 0001 0111 0000:KKKK KKKK KKKK KKKK	1500
00085F	9170 05DC	LDS SYSINTEGERTEMPA_H,RADIUSERR_H
	D	 1110 KKKK DDDD KKKK	28
	K	 1110 KKKK 1100 KKKK	0
000861	E0C0	LDI SYSINTEGERTEMPB,0
	D	 1110 KKKK DDDD KKKK	29
	K	 1110 KKKK 1101 KKKK	0
000862	E0D0	LDI SYSINTEGERTEMPB_H,0
	K	1001 010K KKKK 111K:KKKK KKKK KKKK KKKK	5035
000863	940E 13AB	CALL SYSCOMPLESSTHANINT
	R	 1111 111R RRRR 0BBB	0
	B	 1111 1110 0000 0BBB	0
000865	FE00	SBRS SYSBYTETEMPX,0
	K	 1100 KKKK KKKK KKKK	21
000866	C015	RJMP ELSE21_1
	D	1001 000D DDDD 0000:KKKK KKKK KKKK KKKK	10
	K	1001 0000 1010 0000:KKKK KKKK KKKK KKKK	1562
000867	90A0 061A	LDS SYSTEMP2,YORDINATE
	D	 0000 11RD DDDD RRRR	10
	R	 0000 11R0 1010 RRRR	10
000869	0CAA	LSL SYSTEMP2
	D	1001 000D DDDD 0000:KKKK KKKK KKKK KKKK	16
	K	1001 0001 0000 0000:KKKK KKKK KKKK KKKK	1499
00086A	9100 05DB	LDS SYSTEMP3,RADIUSERR
	D	 0000 11RD DDDD RRRR	16
	R	 0000 11R1 0000 RRRR	10
00086C	0D0A	ADD SYSTEMP3,SYSTEMP2
	D	 0010 11RD DDDD RRRR	6
	R	 0010 11R0 0110 RRRR	16
00086D	2E60	MOV SYSTEMP1,SYSTEMP3
	D	1001 000D DDDD 0000:KKKK KKKK KKKK KKKK	10
	K	1001 0000 1010 0000:KKKK KKKK KKKK KKKK	1500
00086E	90A0 05DC	LDS SYSTEMP2,RADIUSERR_H
	D	 1110 KKKK DDDD KKKK	16
	K	 1110 KKKK 0000 KKKK	0
000870	E000	LDI SYSTEMP3,0
	D	 0001 11RD DDDD RRRR	10
	R	 0001 11R0 1010 RRRR	16
000871	1EA0	ADC SYSTEMP2,SYSTEMP3
	D	 0010 11RD DDDD RRRR	7
	R	 0010 11R0 0111 RRRR	10
000872	2C7A	MOV SYSTEMP1_H,SYSTEMP2
	D	 1110 KKKK DDDD KKKK	16
	K	 1110 KKKK 0000 KKKK	1
000873	E001	LDI SYSTEMP3,1
	D	 0000 11RD DDDD RRRR	6
	R	 0000 11R0 0110 RRRR	16
000874	0E60	ADD SYSTEMP1,SYSTEMP3
	K	1001 001D DDDD 0000:KKKK KKKK KKKK KKKK	1499
	D	1001 001D DDDD 0000:0000 0101 1101 1011	6
000875	9260 05DB	STS RADIUSERR,SYSTEMP1
	D	 1110 KKKK DDDD KKKK	16
	K	 1110 KKKK 0000 KKKK	0
000877	E000	LDI SYSTEMP3,0
	D	 0001 11RD DDDD RRRR	7
	R	 0001 11R0 0111 RRRR	16
000878	1E70	ADC SYSTEMP1_H,SYSTEMP3
	K	1001 001D DDDD 0000:KKKK KKKK KKKK KKKK	1500
	D	1001 001D DDDD 0000:0000 0101 1101 1100	7
000879	9270 05DC	STS RADIUSERR_H,SYSTEMP1_H
	K	 1100 KKKK KKKK KKKK	45
00087B	C02D	RJMP ENDIF21
		ELSE21_1
	D	1001 000D DDDD 0000:KKKK KKKK KKKK KKKK	6
	K	1001 0000 0110 0000:KKKK KKKK KKKK KKKK	1554
00087C	9060 0612	LDS SYSTEMP1,XRADIUS
	D	 1110 KKKK DDDD KKKK	16
	K	 1110 KKKK 0000 KKKK	1
00087E	E001	LDI SYSTEMP3,1
	D	 0001 10RD DDDD RRRR	6
	R	 0001 10R0 0110 RRRR	16
00087F	1A60	SUB SYSTEMP1,SYSTEMP3
	K	1001 001D DDDD 0000:KKKK KKKK KKKK KKKK	1554
	D	1001 001D DDDD 0000:0000 0110 0001 0010	6
000880	9260 0612	STS XRADIUS,SYSTEMP1
	D	1001 000D DDDD 0000:KKKK KKKK KKKK KKKK	6
	K	1001 0000 0110 0000:KKKK KKKK KKKK KKKK	1555
000882	9060 0613	LDS SYSTEMP1,XRADIUS_H
	D	 1110 KKKK DDDD KKKK	16
	K	 1110 KKKK 0000 KKKK	0
000884	E000	LDI SYSTEMP3,0
	D	 0000 10RD DDDD RRRR	6
	R	 0000 10R0 0110 RRRR	16
000885	0A60	SBC SYSTEMP1,SYSTEMP3
	K	1001 001D DDDD 0000:KKKK KKKK KKKK KKKK	1555
	D	1001 001D DDDD 0000:0000 0110 0001 0011	6
000886	9260 0613	STS XRADIUS_H,SYSTEMP1
	D	1001 000D DDDD 0000:KKKK KKKK KKKK KKKK	10
	K	1001 0000 1010 0000:KKKK KKKK KKKK KKKK	1562
000888	90A0 061A	LDS SYSTEMP2,YORDINATE
	D	1001 000D DDDD 0000:KKKK KKKK KKKK KKKK	16
	K	1001 0001 0000 0000:KKKK KKKK KKKK KKKK	1554
00088A	9100 0612	LDS SYSTEMP3,XRADIUS
	D	 0001 10RD DDDD RRRR	10
	R	 0001 10R0 1010 RRRR	16
00088C	1AA0	SUB SYSTEMP2,SYSTEMP3
	D	 0010 11RD DDDD RRRR	6
	R	 0010 11R0 0110 RRRR	10
00088D	2C6A	MOV SYSTEMP1,SYSTEMP2
	D	 1110 KKKK DDDD KKKK	16
	K	 1110 KKKK 0000 KKKK	0
00088E	E000	LDI SYSTEMP3,0
	D	1001 000D DDDD 0000:KKKK KKKK KKKK KKKK	10
	K	1001 0000 1010 0000:KKKK KKKK KKKK KKKK	1555
00088F	90A0 0613	LDS SYSTEMP2,XRADIUS_H
	D	 0000 10RD DDDD RRRR	16
	R	 0000 10R1 0000 RRRR	10
000891	090A	SBC SYSTEMP3,SYSTEMP2
	D	 0010 11RD DDDD RRRR	7
	R	 0010 11R0 0111 RRRR	16
000892	2E70	MOV SYSTEMP1_H,SYSTEMP3
	D	 1110 KKKK DDDD KKKK	16
	K	 1110 KKKK 0000 KKKK	1
000893	E001	LDI SYSTEMP3,1
	D	 0000 11RD DDDD RRRR	6
	R	 0000 11R0 0110 RRRR	16
000894	0E60	ADD SYSTEMP1,SYSTEMP3
	D	 0010 11RD DDDD RRRR	10
	R	 0010 11R0 1010 RRRR	6
000895	2CA6	MOV SYSTEMP2,SYSTEMP1
	D	 1110 KKKK DDDD KKKK	16
	K	 1110 KKKK 0000 KKKK	0
000896	E000	LDI SYSTEMP3,0
	D	 0001 11RD DDDD RRRR	7
	R	 0001 11R0 0111 RRRR	16
000897	1E70	ADC SYSTEMP1_H,SYSTEMP3
	D	 0010 11RD DDDD RRRR	11
	R	 0010 11R0 1011 RRRR	7
000898	2CB7	MOV SYSTEMP2_H,SYSTEMP1_H
	D	 0010 11RD DDDD RRRR	22
	R	 0010 11R1 0110 RRRR	10
000899	2D6A	MOV SYSINTEGERTEMPA,SYSTEMP2
	D	 0010 11RD DDDD RRRR	23
	R	 0010 11R1 0111 RRRR	11
00089A	2D7B	MOV SYSINTEGERTEMPA_H,SYSTEMP2_H
	D	 1110 KKKK DDDD KKKK	28
	K	 1110 KKKK 1100 KKKK	2
00089B	E0C2	LDI SYSINTEGERTEMPB,2
	D	 1110 KKKK DDDD KKKK	29
	K	 1110 KKKK 1101 KKKK	0
00089C	E0D0	LDI SYSINTEGERTEMPB_H,0
	K	1001 010K KKKK 111K:KKKK KKKK KKKK KKKK	5391
00089D	940E 150F	CALL SYSMULTSUBINT
	D	1001 000D DDDD 0000:KKKK KKKK KKKK KKKK	6
	K	1001 0000 0110 0000:KKKK KKKK KKKK KKKK	1499
00089F	9060 05DB	LDS SYSTEMP1,RADIUSERR
	D	 0000 11RD DDDD RRRR	6
	R	 0000 11R0 0110 RRRR	0
0008A1	0C60	ADD SYSTEMP1,SYSINTEGERTEMPX
	K	1001 001D DDDD 0000:KKKK KKKK KKKK KKKK	1499
	D	1001 001D DDDD 0000:0000 0101 1101 1011	6
0008A2	9260 05DB	STS RADIUSERR,SYSTEMP1
	D	1001 000D DDDD 0000:KKKK KKKK KKKK KKKK	6
	K	1001 0000 0110 0000:KKKK KKKK KKKK KKKK	1500
0008A4	9060 05DC	LDS SYSTEMP1,RADIUSERR_H
	D	 0001 11RD DDDD RRRR	6
	R	 0001 11R0 0110 RRRR	1
0008A6	1C61	ADC SYSTEMP1,SYSINTEGERTEMPX_H
	K	1001 001D DDDD 0000:KKKK KKKK KKKK KKKK	1500
	D	1001 001D DDDD 0000:0000 0101 1101 1100	6
0008A7	9260 05DC	STS RADIUSERR_H,SYSTEMP1
		ENDIF21
	K	 1100 KKKK KKKK KKKK	3810
0008A9	CEE2	RJMP SYSDOLOOP_S3
		SYSDOLOOP_E3
0008AA	9508	RET


		CURSOR_POSITION_SSD1309
	D	1001 000D DDDD 0000:KKKK KKKK KKKK KKKK	21
	K	1001 0001 0101 0000:KKKK KKKK KKKK KKKK	1486
0008AB	9150 05CE	LDS SYSVALUECOPY,LOCY
	K	1001 001D DDDD 0000:KKKK KKKK KKKK KKKK	1494
	D	1001 001D DDDD 0000:0000 0101 1101 0110	21
0008AD	9350 05D6	STS POSCHARY,SYSVALUECOPY
	D	 1110 KKKK DDDD KKKK	21
	K	 1110 KKKK 0101 KKKK	3
0008AF	E053	LDI SYSVALUECOPY,3
	K	1001 001D DDDD 0000:KKKK KKKK KKKK KKKK	1537
	D	1001 001D DDDD 0000:0000 0110 0000 0001	21
0008B0	9350 0601	STS SYSREPEATTEMP4,SYSVALUECOPY
		SYSREPEATLOOP4
0008B2	9488	CLC
	D	1001 000D DDDD 0000:KKKK KKKK KKKK KKKK	21
	K	1001 0001 0101 0000:KKKK KKKK KKKK KKKK	1494
0008B3	9150 05D6	LDS SYSVALUECOPY,POSCHARY
	D	 1001 010D DDDD 0111	21
0008B5	9557	ROR SYSVALUECOPY
	K	1001 001D DDDD 0000:KKKK KKKK KKKK KKKK	1494
	D	1001 001D DDDD 0000:0000 0101 1101 0110	21
0008B6	9350 05D6	STS POSCHARY,SYSVALUECOPY
	D	1001 000D DDDD 0000:KKKK KKKK KKKK KKKK	6
	K	1001 0000 0110 0000:KKKK KKKK KKKK KKKK	1537
0008B8	9060 0601	LDS SYSTEMP1,SYSREPEATTEMP4
	D	 1001 010D DDDD 1010	6
0008BA	946A	DEC SYSTEMP1
	K	1001 001D DDDD 0000:KKKK KKKK KKKK KKKK	1537
	D	1001 001D DDDD 0000:0000 0110 0000 0001	6
0008BB	9260 0601	STS SYSREPEATTEMP4,SYSTEMP1
	K	 1111 01KK KKKK K001	116
0008BD	F7A1	BRNE SYSREPEATLOOP4
		SYSREPEATLOOPEND4
	D	1001 000D DDDD 0000:KKKK KKKK KKKK KKKK	6
	K	1001 0000 0110 0000:KKKK KKKK KKKK KKKK	1494
0008BE	9060 05D6	LDS SYSTEMP1,POSCHARY
	D	 1110 KKKK DDDD KKKK	16
	K	 1110 KKKK 0000 KKKK	176
0008C0	EB00	LDI SYSTEMP3,176
	D	 0000 11RD DDDD RRRR	6
	R	 0000 11R0 0110 RRRR	16
0008C1	0E60	ADD SYSTEMP1,SYSTEMP3
	K	1001 001D DDDD 0000:KKKK KKKK KKKK KKKK	1504
	D	1001 001D DDDD 0000:0000 0101 1110 0000	6
0008C2	9260 05E0	STS SSD1309SENDBYTE,SYSTEMP1
	K	1001 010K KKKK 111K:KKKK KKKK KKKK KKKK	5468
0008C4	940E 155C	CALL WRITE_COMMAND_SSD1309
	D	 1110 KKKK DDDD KKKK	16
	K	 1110 KKKK 0000 KKKK	15
0008C6	E00F	LDI SYSTEMP3,15
	D	1001 000D DDDD 0000:KKKK KKKK KKKK KKKK	6
	K	1001 0000 0110 0000:KKKK KKKK KKKK KKKK	1485
0008C7	9060 05CD	LDS SYSTEMP1,LOCX
	D	 0010 00RD DDDD RRRR	6
	R	 0010 00R0 0110 RRRR	16
0008C9	2260	AND SYSTEMP1,SYSTEMP3
	K	1001 001D DDDD 0000:KKKK KKKK KKKK KKKK	1492
	D	1001 001D DDDD 0000:0000 0101 1101 0100	6
0008CA	9260 05D4	STS POSCHARX,SYSTEMP1
	D	 1110 KKKK DDDD KKKK	21
	K	 1110 KKKK 0101 KKKK	0
0008CC	E050	LDI SYSVALUECOPY,0
	K	1001 001D DDDD 0000:KKKK KKKK KKKK KKKK	1493
	D	1001 001D DDDD 0000:0000 0101 1101 0101	21
0008CD	9350 05D5	STS POSCHARX_H,SYSVALUECOPY
	D	1001 000D DDDD 0000:KKKK KKKK KKKK KKKK	21
	K	1001 0001 0101 0000:KKKK KKKK KKKK KKKK	1492
0008CF	9150 05D4	LDS SYSVALUECOPY,POSCHARX
	K	1001 001D DDDD 0000:KKKK KKKK KKKK KKKK	1504
	D	1001 001D DDDD 0000:0000 0101 1110 0000	21
0008D1	9350 05E0	STS SSD1309SENDBYTE,SYSVALUECOPY
	K	1001 010K KKKK 111K:KKKK KKKK KKKK KKKK	5468
0008D3	940E 155C	CALL WRITE_COMMAND_SSD1309
	D	1001 000D DDDD 0000:KKKK KKKK KKKK KKKK	21
	K	1001 0001 0101 0000:KKKK KKKK KKKK KKKK	1485
0008D5	9150 05CD	LDS SYSVALUECOPY,LOCX
	K	1001 001D DDDD 0000:KKKK KKKK KKKK KKKK	1492
	D	1001 001D DDDD 0000:0000 0101 1101 0100	21
0008D7	9350 05D4	STS POSCHARX,SYSVALUECOPY
	D	 1110 KKKK DDDD KKKK	21
	K	 1110 KKKK 0101 KKKK	0
0008D9	E050	LDI SYSVALUECOPY,0
	K	1001 001D DDDD 0000:KKKK KKKK KKKK KKKK	1493
	D	1001 001D DDDD 0000:0000 0101 1101 0101	21
0008DA	9350 05D5	STS POSCHARX_H,SYSVALUECOPY
	D	 1110 KKKK DDDD KKKK	21
	K	 1110 KKKK 0101 KKKK	4
0008DC	E054	LDI SYSVALUECOPY,4
	K	1001 001D DDDD 0000:KKKK KKKK KKKK KKKK	1537
	D	1001 001D DDDD 0000:0000 0110 0000 0001	21
0008DD	9350 0601	STS SYSREPEATTEMP4,SYSVALUECOPY
		SYSREPEATLOOP5
0008DF	9488	CLC
	D	1001 000D DDDD 0000:KKKK KKKK KKKK KKKK	21
	K	1001 0001 0101 0000:KKKK KKKK KKKK KKKK	1493
0008E0	9150 05D5	LDS SYSVALUECOPY,POSCHARX_H
	D	 1001 010D DDDD 0111	21
0008E2	9557	ROR SYSVALUECOPY
	K	1001 001D DDDD 0000:KKKK KKKK KKKK KKKK	1493
	D	1001 001D DDDD 0000:0000 0101 1101 0101	21
0008E3	9350 05D5	STS POSCHARX_H,SYSVALUECOPY
	D	1001 000D DDDD 0000:KKKK KKKK KKKK KKKK	21
	K	1001 0001 0101 0000:KKKK KKKK KKKK KKKK	1492
0008E5	9150 05D4	LDS SYSVALUECOPY,POSCHARX
	D	 1001 010D DDDD 0111	21
0008E7	9557	ROR SYSVALUECOPY
	K	1001 001D DDDD 0000:KKKK KKKK KKKK KKKK	1492
	D	1001 001D DDDD 0000:0000 0101 1101 0100	21
0008E8	9350 05D4	STS POSCHARX,SYSVALUECOPY
	D	1001 000D DDDD 0000:KKKK KKKK KKKK KKKK	6
	K	1001 0000 0110 0000:KKKK KKKK KKKK KKKK	1537
0008EA	9060 0601	LDS SYSTEMP1,SYSREPEATTEMP4
	D	 1001 010D DDDD 1010	6
0008EC	946A	DEC SYSTEMP1
	K	1001 001D DDDD 0000:KKKK KKKK KKKK KKKK	1537
	D	1001 001D DDDD 0000:0000 0110 0000 0001	6
0008ED	9260 0601	STS SYSREPEATTEMP4,SYSTEMP1
	K	 1111 01KK KKKK K001	111
0008EF	F779	BRNE SYSREPEATLOOP5
		SYSREPEATLOOPEND5
	D	 1110 KKKK DDDD KKKK	16
	K	 1110 KKKK 0000 KKKK	15
0008F0	E00F	LDI SYSTEMP3,15
	D	1001 000D DDDD 0000:KKKK KKKK KKKK KKKK	10
	K	1001 0000 1010 0000:KKKK KKKK KKKK KKKK	1492
0008F1	90A0 05D4	LDS SYSTEMP2,POSCHARX
	D	 0010 00RD DDDD RRRR	10
	R	 0010 00R0 1010 RRRR	16
0008F3	22A0	AND SYSTEMP2,SYSTEMP3
	D	 0010 11RD DDDD RRRR	6
	R	 0010 11R0 0110 RRRR	10
0008F4	2C6A	MOV SYSTEMP1,SYSTEMP2
	D	 1110 KKKK DDDD KKKK	21
	K	 1110 KKKK 0101 KKKK	0
0008F5	E050	LDI SYSVALUECOPY,0
	D	 0010 11RD DDDD RRRR	7
	R	 0010 11R0 0111 RRRR	21
0008F6	2E75	MOV SYSTEMP1_H,SYSVALUECOPY
	D	 1110 KKKK DDDD KKKK	16
	K	 1110 KKKK 0000 KKKK	16
0008F7	E100	LDI SYSTEMP3,16
	D	 0000 11RD DDDD RRRR	6
	R	 0000 11R0 0110 RRRR	16
0008F8	0E60	ADD SYSTEMP1,SYSTEMP3
	K	1001 001D DDDD 0000:KKKK KKKK KKKK KKKK	1492
	D	1001 001D DDDD 0000:0000 0101 1101 0100	6
0008F9	9260 05D4	STS POSCHARX,SYSTEMP1
	D	 1110 KKKK DDDD KKKK	16
	K	 1110 KKKK 0000 KKKK	0
0008FB	E000	LDI SYSTEMP3,0
	D	 0001 11RD DDDD RRRR	7
	R	 0001 11R0 0111 RRRR	16
0008FC	1E70	ADC SYSTEMP1_H,SYSTEMP3
	K	1001 001D DDDD 0000:KKKK KKKK KKKK KKKK	1493
	D	1001 001D DDDD 0000:0000 0101 1101 0101	7
0008FD	9270 05D5	STS POSCHARX_H,SYSTEMP1_H
	D	1001 000D DDDD 0000:KKKK KKKK KKKK KKKK	21
	K	1001 0001 0101 0000:KKKK KKKK KKKK KKKK	1492
0008FF	9150 05D4	LDS SYSVALUECOPY,POSCHARX
	K	1001 001D DDDD 0000:KKKK KKKK KKKK KKKK	1504
	D	1001 001D DDDD 0000:0000 0101 1110 0000	21
000901	9350 05E0	STS SSD1309SENDBYTE,SYSVALUECOPY
	K	1001 010K KKKK 110K:KKKK KKKK KKKK KKKK	5468
000903	940C 155C	JMP WRITE_COMMAND_SSD1309


		DELAY_MS
	D	 1001 010D DDDD 0011	30
000905	95E3	INC SYSWAITTEMPMS_H
		DMS_START
	D	 1110 KKKK DDDD KKKK	26
	K	 1110 KKKK 1010 KKKK	254
000906	EFAE	LDI DELAYTEMP2,254
		DMS_OUTER
	D	 1110 KKKK DDDD KKKK	25
	K	 1110 KKKK 1001 KKKK	20
000907	E194	LDI DELAYTEMP,20
		DMS_INNER
	D	 1001 010D DDDD 1010	25
000908	959A	DEC DELAYTEMP
	K	 1111 01KK KKKK K001	126
000909	F7F1	BRNE DMS_INNER
	D	 1001 010D DDDD 1010	26
00090A	95AA	DEC DELAYTEMP2
	K	 1111 01KK KKKK K001	123
00090B	F7D9	BRNE DMS_OUTER
	D	 1001 010D DDDD 1010	29
00090C	95DA	DEC SYSWAITTEMPMS
	K	 1111 01KK KKKK K001	120
00090D	F7C1	BRNE DMS_START
	D	 1001 010D DDDD 1010	30
00090E	95EA	DEC SYSWAITTEMPMS_H
	K	 1111 01KK KKKK K001	118
00090F	F7B1	BRNE DMS_START
000910	9508	RET


		DELAY_S
		DS_START
	D	 1110 KKKK DDDD KKKK	29
	K	 1110 KKKK 1101 KKKK	232
000911	EED8	LDI SYSWAITTEMPMS,232
	D	 1110 KKKK DDDD KKKK	30
	K	 1110 KKKK 1110 KKKK	3
000912	E0E3	LDI SYSWAITTEMPMS_H,3
	K	 1101 KKKK KKKK KKKK	4081
000913	DFF1	RCALL DELAY_MS
	D	 1001 010D DDDD 1010	31
000914	95FA	DEC SYSWAITTEMPS
	K	 1111 01KK KKKK K001	123
000915	F7D9	BRNE DS_START
000916	9508	RET


		FILLEDBOX_SSD1309
	D	1001 000D DDDD 0000:KKKK KKKK KKKK KKKK	22
	K	1001 0001 0110 0000:KKKK KKKK KKKK KKKK	1479
000917	9160 05C7	LDS SYSCALCTEMPA,LINEX2
	D	1001 000D DDDD 0000:KKKK KKKK KKKK KKKK	28
	K	1001 0001 1100 0000:KKKK KKKK KKKK KKKK	1477
000919	91C0 05C5	LDS SYSCALCTEMPB,LINEX1
	D	 0001 01RD DDDD RRRR	22
	R	 0001 01R1 0110 RRRR	28
00091B	176C	CP SYSCALCTEMPA,SYSCALCTEMPB
	K	 1111 01KK KKKK K000	12
00091C	F460	BRSH ENDIF77
	D	1001 000D DDDD 0000:KKKK KKKK KKKK KKKK	21
	K	1001 0001 0101 0000:KKKK KKKK KKKK KKKK	1477
00091D	9150 05C5	LDS SYSVALUECOPY,LINEX1
	K	1001 001D DDDD 0000:KKKK KKKK KKKK KKKK	1439
	D	1001 001D DDDD 0000:0000 0101 1001 1111	21
00091F	9350 059F	STS GLCDTEMP,SYSVALUECOPY
	D	1001 000D DDDD 0000:KKKK KKKK KKKK KKKK	21
	K	1001 0001 0101 0000:KKKK KKKK KKKK KKKK	1479
000921	9150 05C7	LDS SYSVALUECOPY,LINEX2
	K	1001 001D DDDD 0000:KKKK KKKK KKKK KKKK	1477
	D	1001 001D DDDD 0000:0000 0101 1100 0101	21
000923	9350 05C5	STS LINEX1,SYSVALUECOPY
	D	1001 000D DDDD 0000:KKKK KKKK KKKK KKKK	21
	K	1001 0001 0101 0000:KKKK KKKK KKKK KKKK	1439
000925	9150 059F	LDS SYSVALUECOPY,GLCDTEMP
	K	1001 001D DDDD 0000:KKKK KKKK KKKK KKKK	1479
	D	1001 001D DDDD 0000:0000 0101 1100 0111	21
000927	9350 05C7	STS LINEX2,SYSVALUECOPY
		ENDIF77
	D	1001 000D DDDD 0000:KKKK KKKK KKKK KKKK	22
	K	1001 0001 0110 0000:KKKK KKKK KKKK KKKK	1483
000929	9160 05CB	LDS SYSCALCTEMPA,LINEY2
	D	1001 000D DDDD 0000:KKKK KKKK KKKK KKKK	28
	K	1001 0001 1100 0000:KKKK KKKK KKKK KKKK	1481
00092B	91C0 05C9	LDS SYSCALCTEMPB,LINEY1
	D	 0001 01RD DDDD RRRR	22
	R	 0001 01R1 0110 RRRR	28
00092D	176C	CP SYSCALCTEMPA,SYSCALCTEMPB
	K	 1111 01KK KKKK K000	12
00092E	F460	BRSH ENDIF78
	D	1001 000D DDDD 0000:KKKK KKKK KKKK KKKK	21
	K	1001 0001 0101 0000:KKKK KKKK KKKK KKKK	1481
00092F	9150 05C9	LDS SYSVALUECOPY,LINEY1
	K	1001 001D DDDD 0000:KKKK KKKK KKKK KKKK	1439
	D	1001 001D DDDD 0000:0000 0101 1001 1111	21
000931	9350 059F	STS GLCDTEMP,SYSVALUECOPY
	D	1001 000D DDDD 0000:KKKK KKKK KKKK KKKK	21
	K	1001 0001 0101 0000:KKKK KKKK KKKK KKKK	1483
000933	9150 05CB	LDS SYSVALUECOPY,LINEY2
	K	1001 001D DDDD 0000:KKKK KKKK KKKK KKKK	1481
	D	1001 001D DDDD 0000:0000 0101 1100 1001	21
000935	9350 05C9	STS LINEY1,SYSVALUECOPY
	D	1001 000D DDDD 0000:KKKK KKKK KKKK KKKK	21
	K	1001 0001 0101 0000:KKKK KKKK KKKK KKKK	1439
000937	9150 059F	LDS SYSVALUECOPY,GLCDTEMP
	K	1001 001D DDDD 0000:KKKK KKKK KKKK KKKK	1483
	D	1001 001D DDDD 0000:0000 0101 1100 1011	21
000939	9350 05CB	STS LINEY2,SYSVALUECOPY
		ENDIF78
	D	1001 000D DDDD 0000:KKKK KKKK KKKK KKKK	6
	K	1001 0000 0110 0000:KKKK KKKK KKKK KKKK	1477
00093B	9060 05C5	LDS SYSTEMP1,LINEX1
	D	 1001 010D DDDD 1010	6
00093D	946A	DEC SYSTEMP1
	K	1001 001D DDDD 0000:KKKK KKKK KKKK KKKK	1415
	D	1001 001D DDDD 0000:0000 0101 1000 0111	6
00093E	9260 0587	STS DRAWLINE,SYSTEMP1
	D	1001 000D DDDD 0000:KKKK KKKK KKKK KKKK	22
	K	1001 0001 0110 0000:KKKK KKKK KKKK KKKK	1479
000940	9160 05C7	LDS SYSCALCTEMPA,LINEX2
	D	1001 000D DDDD 0000:KKKK KKKK KKKK KKKK	28
	K	1001 0001 1100 0000:KKKK KKKK KKKK KKKK	1477
000942	91C0 05C5	LDS SYSCALCTEMPB,LINEX1
	D	 0001 01RD DDDD RRRR	22
	R	 0001 01R1 0110 RRRR	28
000944	176C	CP SYSCALCTEMPA,SYSCALCTEMPB
	K	 1111 00KK KKKK K000	50
000945	F190	BRLO SYSFORLOOPEND20
		SYSFORLOOP20
	D	1001 000D DDDD 0000:KKKK KKKK KKKK KKKK	6
	K	1001 0000 0110 0000:KKKK KKKK KKKK KKKK	1415
000946	9060 0587	LDS SYSTEMP1,DRAWLINE
	D	 1001 010D DDDD 0011	6
000948	9463	INC SYSTEMP1
	K	1001 001D DDDD 0000:KKKK KKKK KKKK KKKK	1415
	D	1001 001D DDDD 0000:0000 0101 1000 0111	6
000949	9260 0587	STS DRAWLINE,SYSTEMP1
	D	1001 000D DDDD 0000:KKKK KKKK KKKK KKKK	6
	K	1001 0000 0110 0000:KKKK KKKK KKKK KKKK	1481
00094B	9060 05C9	LDS SYSTEMP1,LINEY1
	D	 1001 010D DDDD 1010	6
00094D	946A	DEC SYSTEMP1
	K	1001 001D DDDD 0000:KKKK KKKK KKKK KKKK	1439
	D	1001 001D DDDD 0000:0000 0101 1001 1111	6
00094E	9260 059F	STS GLCDTEMP,SYSTEMP1
	D	1001 000D DDDD 0000:KKKK KKKK KKKK KKKK	22
	K	1001 0001 0110 0000:KKKK KKKK KKKK KKKK	1483
000950	9160 05CB	LDS SYSCALCTEMPA,LINEY2
	D	1001 000D DDDD 0000:KKKK KKKK KKKK KKKK	28
	K	1001 0001 1100 0000:KKKK KKKK KKKK KKKK	1481
000952	91C0 05C9	LDS SYSCALCTEMPB,LINEY1
	D	 0001 01RD DDDD RRRR	22
	R	 0001 01R1 0110 RRRR	28
000954	176C	CP SYSCALCTEMPA,SYSCALCTEMPB
	K	 1111 00KK KKKK K000	28
000955	F0E0	BRLO SYSFORLOOPEND21
		SYSFORLOOP21
	D	1001 000D DDDD 0000:KKKK KKKK KKKK KKKK	6
	K	1001 0000 0110 0000:KKKK KKKK KKKK KKKK	1439
000956	9060 059F	LDS SYSTEMP1,GLCDTEMP
	D	 1001 010D DDDD 0011	6
000958	9463	INC SYSTEMP1
	K	1001 001D DDDD 0000:KKKK KKKK KKKK KKKK	1439
	D	1001 001D DDDD 0000:0000 0101 1001 1111	6
000959	9260 059F	STS GLCDTEMP,SYSTEMP1
	D	1001 000D DDDD 0000:KKKK KKKK KKKK KKKK	21
	K	1001 0001 0101 0000:KKKK KKKK KKKK KKKK	1415
00095B	9150 0587	LDS SYSVALUECOPY,DRAWLINE
	K	1001 001D DDDD 0000:KKKK KKKK KKKK KKKK	1441
	D	1001 001D DDDD 0000:0000 0101 1010 0001	21
00095D	9350 05A1	STS GLCDX,SYSVALUECOPY
	D	1001 000D DDDD 0000:KKKK KKKK KKKK KKKK	21
	K	1001 0001 0101 0000:KKKK KKKK KKKK KKKK	1439
00095F	9150 059F	LDS SYSVALUECOPY,GLCDTEMP
	K	1001 001D DDDD 0000:KKKK KKKK KKKK KKKK	1442
	D	1001 001D DDDD 0000:0000 0101 1010 0010	21
000961	9350 05A2	STS GLCDY,SYSVALUECOPY
	D	1001 000D DDDD 0000:KKKK KKKK KKKK KKKK	21
	K	1001 0001 0101 0000:KKKK KKKK KKKK KKKK	1459
000963	9150 05B3	LDS SYSVALUECOPY,LINECOLOUR
	K	1001 001D DDDD 0000:KKKK KKKK KKKK KKKK	1426
	D	1001 001D DDDD 0000:0000 0101 1001 0010	21
000965	9350 0592	STS GLCDCOLOUR,SYSVALUECOPY
	D	1001 000D DDDD 0000:KKKK KKKK KKKK KKKK	21
	K	1001 0001 0101 0000:KKKK KKKK KKKK KKKK	1460
000967	9150 05B4	LDS SYSVALUECOPY,LINECOLOUR_H
	K	1001 001D DDDD 0000:KKKK KKKK KKKK KKKK	1427
	D	1001 001D DDDD 0000:0000 0101 1001 0011	21
000969	9350 0593	STS GLCDCOLOUR_H,SYSVALUECOPY
	K	 1101 KKKK KKKK KKKK	2042
00096B	D7FA	RCALL PSET_SSD1309
	D	1001 000D DDDD 0000:KKKK KKKK KKKK KKKK	22
	K	1001 0001 0110 0000:KKKK KKKK KKKK KKKK	1439
00096C	9160 059F	LDS SYSCALCTEMPA,GLCDTEMP
	D	1001 000D DDDD 0000:KKKK KKKK KKKK KKKK	28
	K	1001 0001 1100 0000:KKKK KKKK KKKK KKKK	1483
00096E	91C0 05CB	LDS SYSCALCTEMPB,LINEY2
	D	 0001 01RD DDDD RRRR	22
	R	 0001 01R1 0110 RRRR	28
000970	176C	CP SYSCALCTEMPA,SYSCALCTEMPB
	K	 1111 00KK KKKK K000	100
000971	F320	BRLO SYSFORLOOP21
		SYSFORLOOPEND21
	D	1001 000D DDDD 0000:KKKK KKKK KKKK KKKK	22
	K	1001 0001 0110 0000:KKKK KKKK KKKK KKKK	1415
000972	9160 0587	LDS SYSCALCTEMPA,DRAWLINE
	D	1001 000D DDDD 0000:KKKK KKKK KKKK KKKK	28
	K	1001 0001 1100 0000:KKKK KKKK KKKK KKKK	1479
000974	91C0 05C7	LDS SYSCALCTEMPB,LINEX2
	D	 0001 01RD DDDD RRRR	22
	R	 0001 01R1 0110 RRRR	28
000976	176C	CP SYSCALCTEMPA,SYSCALCTEMPB
	K	 1111 00KK KKKK K000	78
000977	F270	BRLO SYSFORLOOP20
		SYSFORLOOPEND20
000978	9508	RET


		FILLEDCIRCLE22
	D	 1110 KKKK DDDD KKKK	16
	K	 1110 KKKK 0000 KKKK	1
000979	E001	LDI SYSTEMP3,1
	D	1001 000D DDDD 0000:KKKK KKKK KKKK KKKK	6
	K	1001 0000 0110 0000:KKKK KKKK KKKK KKKK	1554
00097A	9060 0612	LDS SYSTEMP1,XRADIUS
	D	 0001 10RD DDDD RRRR	16
	R	 0001 10R1 0000 RRRR	6
00097C	1906	SUB SYSTEMP3,SYSTEMP1
	K	1001 001D DDDD 0000:KKKK KKKK KKKK KKKK	1417
	D	1001 001D DDDD 0000:0000 0101 1000 1001	16
00097D	9300 0589	STS FF,SYSTEMP3
	D	 1110 KKKK DDDD KKKK	16
	K	 1110 KKKK 0000 KKKK	0
00097F	E000	LDI SYSTEMP3,0
	D	1001 000D DDDD 0000:KKKK KKKK KKKK KKKK	6
	K	1001 0000 0110 0000:KKKK KKKK KKKK KKKK	1555
000980	9060 0613	LDS SYSTEMP1,XRADIUS_H
	D	 0000 10RD DDDD RRRR	16
	R	 0000 10R1 0000 RRRR	6
000982	0906	SBC SYSTEMP3,SYSTEMP1
	K	1001 001D DDDD 0000:KKKK KKKK KKKK KKKK	1418
	D	1001 001D DDDD 0000:0000 0101 1000 1010	16
000983	9300 058A	STS FF_H,SYSTEMP3
	D	 1110 KKKK DDDD KKKK	21
	K	 1110 KKKK 0101 KKKK	1
000985	E051	LDI SYSVALUECOPY,1
	K	1001 001D DDDD 0000:KKKK KKKK KKKK KKKK	1410
	D	1001 001D DDDD 0000:0000 0101 1000 0010	21
000986	9350 0582	STS DDF_X,SYSVALUECOPY
	D	 1110 KKKK DDDD KKKK	21
	K	 1110 KKKK 0101 KKKK	0
000988	E050	LDI SYSVALUECOPY,0
	K	1001 001D DDDD 0000:KKKK KKKK KKKK KKKK	1411
	D	1001 001D DDDD 0000:0000 0101 1000 0011	21
000989	9350 0583	STS DDF_X_H,SYSVALUECOPY
	D	1001 000D DDDD 0000:KKKK KKKK KKKK KKKK	22
	K	1001 0001 0110 0000:KKKK KKKK KKKK KKKK	1554
00098B	9160 0612	LDS SYSINTEGERTEMPA,XRADIUS
	D	1001 000D DDDD 0000:KKKK KKKK KKKK KKKK	23
	K	1001 0001 0111 0000:KKKK KKKK KKKK KKKK	1555
00098D	9170 0613	LDS SYSINTEGERTEMPA_H,XRADIUS_H
	D	 1110 KKKK DDDD KKKK	28
	K	 1110 KKKK 1100 KKKK	254
00098F	EFCE	LDI SYSINTEGERTEMPB,254
	D	 1110 KKKK DDDD KKKK	29
	K	 1110 KKKK 1101 KKKK	255
000990	EFDF	LDI SYSINTEGERTEMPB_H,255
	K	1001 010K KKKK 111K:KKKK KKKK KKKK KKKK	5391
000991	940E 150F	CALL SYSMULTSUBINT
	K	1001 001D DDDD 0000:KKKK KKKK KKKK KKKK	1412
	D	1001 001D DDDD 0000:0000 0101 1000 0100	0
000993	9200 0584	STS DDF_Y,SYSINTEGERTEMPX
	K	1001 001D DDDD 0000:KKKK KKKK KKKK KKKK	1413
	D	1001 001D DDDD 0000:0000 0101 1000 0101	1
000995	9210 0585	STS DDF_Y_H,SYSINTEGERTEMPX_H
	D	 1110 KKKK DDDD KKKK	21
	K	 1110 KKKK 0101 KKKK	0
000997	E050	LDI SYSVALUECOPY,0
	K	1001 001D DDDD 0000:KKKK KKKK KKKK KKKK	1419
	D	1001 001D DDDD 0000:0000 0101 1000 1011	21
000998	9350 058B	STS FILLCIRCLEXX,SYSVALUECOPY
	D	1001 000D DDDD 0000:KKKK KKKK KKKK KKKK	21
	K	1001 0001 0101 0000:KKKK KKKK KKKK KKKK	1554
00099A	9150 0612	LDS SYSVALUECOPY,XRADIUS
	K	1001 001D DDDD 0000:KKKK KKKK KKKK KKKK	1420
	D	1001 001D DDDD 0000:0000 0101 1000 1100	21
00099C	9350 058C	STS FILLCIRCLEYY,SYSVALUECOPY
	D	1001 000D DDDD 0000:KKKK KKKK KKKK KKKK	6
	K	1001 0000 0110 0000:KKKK KKKK KKKK KKKK	1560
00099E	9060 0618	LDS SYSTEMP1,YOFFSET
	D	1001 000D DDDD 0000:KKKK KKKK KKKK KKKK	10
	K	1001 0000 1010 0000:KKKK KKKK KKKK KKKK	1554
0009A0	90A0 0612	LDS SYSTEMP2,XRADIUS
	D	 0000 11RD DDDD RRRR	6
	R	 0000 11R0 0110 RRRR	10
0009A2	0C6A	ADD SYSTEMP1,SYSTEMP2
	K	1001 001D DDDD 0000:KKKK KKKK KKKK KKKK	1558
	D	1001 001D DDDD 0000:0000 0110 0001 0110	6
0009A3	9260 0616	STS YCALC2,SYSTEMP1
	D	1001 000D DDDD 0000:KKKK KKKK KKKK KKKK	6
	K	1001 0000 0110 0000:KKKK KKKK KKKK KKKK	1561
0009A5	9060 0619	LDS SYSTEMP1,YOFFSET_H
	D	1001 000D DDDD 0000:KKKK KKKK KKKK KKKK	10
	K	1001 0000 1010 0000:KKKK KKKK KKKK KKKK	1555
0009A7	90A0 0613	LDS SYSTEMP2,XRADIUS_H
	D	 0001 11RD DDDD RRRR	6
	R	 0001 11R0 0110 RRRR	10
0009A9	1C6A	ADC SYSTEMP1,SYSTEMP2
	K	1001 001D DDDD 0000:KKKK KKKK KKKK KKKK	1559
	D	1001 001D DDDD 0000:0000 0110 0001 0111	6
0009AA	9260 0617	STS YCALC2_H,SYSTEMP1
	D	1001 000D DDDD 0000:KKKK KKKK KKKK KKKK	6
	K	1001 0000 0110 0000:KKKK KKKK KKKK KKKK	1560
0009AC	9060 0618	LDS SYSTEMP1,YOFFSET
	D	1001 000D DDDD 0000:KKKK KKKK KKKK KKKK	10
	K	1001 0000 1010 0000:KKKK KKKK KKKK KKKK	1554
0009AE	90A0 0612	LDS SYSTEMP2,XRADIUS
	D	 0001 10RD DDDD RRRR	6
	R	 0001 10R0 0110 RRRR	10
0009B0	186A	SUB SYSTEMP1,SYSTEMP2
	K	1001 001D DDDD 0000:KKKK KKKK KKKK KKKK	1556
	D	1001 001D DDDD 0000:0000 0110 0001 0100	6
0009B1	9260 0614	STS YCALC1,SYSTEMP1
	D	1001 000D DDDD 0000:KKKK KKKK KKKK KKKK	6
	K	1001 0000 0110 0000:KKKK KKKK KKKK KKKK	1561
0009B3	9060 0619	LDS SYSTEMP1,YOFFSET_H
	D	1001 000D DDDD 0000:KKKK KKKK KKKK KKKK	10
	K	1001 0000 1010 0000:KKKK KKKK KKKK KKKK	1555
0009B5	90A0 0613	LDS SYSTEMP2,XRADIUS_H
	D	 0000 10RD DDDD RRRR	6
	R	 0000 10R0 0110 RRRR	10
0009B7	086A	SBC SYSTEMP1,SYSTEMP2
	K	1001 001D DDDD 0000:KKKK KKKK KKKK KKKK	1557
	D	1001 001D DDDD 0000:0000 0110 0001 0101	6
0009B8	9260 0615	STS YCALC1_H,SYSTEMP1
	D	1001 000D DDDD 0000:KKKK KKKK KKKK KKKK	21
	K	1001 0001 0101 0000:KKKK KKKK KKKK KKKK	1552
0009BA	9150 0610	LDS SYSVALUECOPY,XOFFSET
	K	1001 001D DDDD 0000:KKKK KKKK KKKK KKKK	1477
	D	1001 001D DDDD 0000:0000 0101 1100 0101	21
0009BC	9350 05C5	STS LINEX1,SYSVALUECOPY
	D	1001 000D DDDD 0000:KKKK KKKK KKKK KKKK	21
	K	1001 0001 0101 0000:KKKK KKKK KKKK KKKK	1553
0009BE	9150 0611	LDS SYSVALUECOPY,XOFFSET_H
	K	1001 001D DDDD 0000:KKKK KKKK KKKK KKKK	1478
	D	1001 001D DDDD 0000:0000 0101 1100 0110	21
0009C0	9350 05C6	STS LINEX1_H,SYSVALUECOPY
	D	1001 000D DDDD 0000:KKKK KKKK KKKK KKKK	21
	K	1001 0001 0101 0000:KKKK KKKK KKKK KKKK	1556
0009C2	9150 0614	LDS SYSVALUECOPY,YCALC1
	K	1001 001D DDDD 0000:KKKK KKKK KKKK KKKK	1481
	D	1001 001D DDDD 0000:0000 0101 1100 1001	21
0009C4	9350 05C9	STS LINEY1,SYSVALUECOPY
	D	1001 000D DDDD 0000:KKKK KKKK KKKK KKKK	21
	K	1001 0001 0101 0000:KKKK KKKK KKKK KKKK	1557
0009C6	9150 0615	LDS SYSVALUECOPY,YCALC1_H
	K	1001 001D DDDD 0000:KKKK KKKK KKKK KKKK	1482
	D	1001 001D DDDD 0000:0000 0101 1100 1010	21
0009C8	9350 05CA	STS LINEY1_H,SYSVALUECOPY
	D	1001 000D DDDD 0000:KKKK KKKK KKKK KKKK	21
	K	1001 0001 0101 0000:KKKK KKKK KKKK KKKK	1552
0009CA	9150 0610	LDS SYSVALUECOPY,XOFFSET
	K	1001 001D DDDD 0000:KKKK KKKK KKKK KKKK	1479
	D	1001 001D DDDD 0000:0000 0101 1100 0111	21
0009CC	9350 05C7	STS LINEX2,SYSVALUECOPY
	D	1001 000D DDDD 0000:KKKK KKKK KKKK KKKK	21
	K	1001 0001 0101 0000:KKKK KKKK KKKK KKKK	1553
0009CE	9150 0611	LDS SYSVALUECOPY,XOFFSET_H
	K	1001 001D DDDD 0000:KKKK KKKK KKKK KKKK	1480
	D	1001 001D DDDD 0000:0000 0101 1100 1000	21
0009D0	9350 05C8	STS LINEX2_H,SYSVALUECOPY
	D	1001 000D DDDD 0000:KKKK KKKK KKKK KKKK	21
	K	1001 0001 0101 0000:KKKK KKKK KKKK KKKK	1558
0009D2	9150 0616	LDS SYSVALUECOPY,YCALC2
	K	1001 001D DDDD 0000:KKKK KKKK KKKK KKKK	1483
	D	1001 001D DDDD 0000:0000 0101 1100 1011	21
0009D4	9350 05CB	STS LINEY2,SYSVALUECOPY
	D	1001 000D DDDD 0000:KKKK KKKK KKKK KKKK	21
	K	1001 0001 0101 0000:KKKK KKKK KKKK KKKK	1559
0009D6	9150 0617	LDS SYSVALUECOPY,YCALC2_H
	K	1001 001D DDDD 0000:KKKK KKKK KKKK KKKK	1484
	D	1001 001D DDDD 0000:0000 0101 1100 1100	21
0009D8	9350 05CC	STS LINEY2_H,SYSVALUECOPY
	K	1001 010K KKKK 111K:KKKK KKKK KKKK KKKK	6002
0009DA	940E 1772	CALL _LINE71
		SYSDOLOOP_S4
	D	1001 000D DDDD 0000:KKKK KKKK KKKK KKKK	22
	K	1001 0001 0110 0000:KKKK KKKK KKKK KKKK	1419
0009DC	9160 058B	LDS SYSCALCTEMPA,FILLCIRCLEXX
	D	1001 000D DDDD 0000:KKKK KKKK KKKK KKKK	28
	K	1001 0001 1100 0000:KKKK KKKK KKKK KKKK	1420
0009DE	91C0 058C	LDS SYSCALCTEMPB,FILLCIRCLEYY
	D	 0001 01RD DDDD RRRR	22
	R	 0001 01R1 0110 RRRR	28
0009E0	176C	CP SYSCALCTEMPA,SYSCALCTEMPB
	K	 1111 00KK KKKK K000	1
0009E1	F008	BRLO PC + 2
	K	 1100 KKKK KKKK KKKK	290
0009E2	C122	RJMP SYSDOLOOP_E4
	D	1001 000D DDDD 0000:KKKK KKKK KKKK KKKK	22
	K	1001 0001 0110 0000:KKKK KKKK KKKK KKKK	1417
0009E3	9160 0589	LDS SYSINTEGERTEMPA,FF
	D	1001 000D DDDD 0000:KKKK KKKK KKKK KKKK	23
	K	1001 0001 0111 0000:KKKK KKKK KKKK KKKK	1418
0009E5	9170 058A	LDS SYSINTEGERTEMPA_H,FF_H
	D	 1110 KKKK DDDD KKKK	28
	K	 1110 KKKK 1100 KKKK	0
0009E7	E0C0	LDI SYSINTEGERTEMPB,0
	D	 1110 KKKK DDDD KKKK	29
	K	 1110 KKKK 1101 KKKK	0
0009E8	E0D0	LDI SYSINTEGERTEMPB_H,0
	K	1001 010K KKKK 111K:KKKK KKKK KKKK KKKK	5035
0009E9	940E 13AB	CALL SYSCOMPLESSTHANINT
	D	 1001 010D DDDD 0000	0
0009EB	9400	COM SYSBYTETEMPX
	R	 1111 111R RRRR 0BBB	0
	B	 1111 1110 0000 0BBB	0
0009EC	FE00	SBRS SYSBYTETEMPX,0
	K	 1100 KKKK KKKK KKKK	31
0009ED	C01F	RJMP ENDIF22
	D	1001 000D DDDD 0000:KKKK KKKK KKKK KKKK	6
	K	1001 0000 0110 0000:KKKK KKKK KKKK KKKK	1420
0009EE	9060 058C	LDS SYSTEMP1,FILLCIRCLEYY
	D	 1001 010D DDDD 1010	6
0009F0	946A	DEC SYSTEMP1
	K	1001 001D DDDD 0000:KKKK KKKK KKKK KKKK	1420
	D	1001 001D DDDD 0000:0000 0101 1000 1100	6
0009F1	9260 058C	STS FILLCIRCLEYY,SYSTEMP1
	D	1001 000D DDDD 0000:KKKK KKKK KKKK KKKK	6
	K	1001 0000 0110 0000:KKKK KKKK KKKK KKKK	1412
0009F3	9060 0584	LDS SYSTEMP1,DDF_Y
	D	 1110 KKKK DDDD KKKK	16
	K	 1110 KKKK 0000 KKKK	2
0009F5	E002	LDI SYSTEMP3,2
	D	 0000 11RD DDDD RRRR	6
	R	 0000 11R0 0110 RRRR	16
0009F6	0E60	ADD SYSTEMP1,SYSTEMP3
	K	1001 001D DDDD 0000:KKKK KKKK KKKK KKKK	1412
	D	1001 001D DDDD 0000:0000 0101 1000 0100	6
0009F7	9260 0584	STS DDF_Y,SYSTEMP1
	D	1001 000D DDDD 0000:KKKK KKKK KKKK KKKK	6
	K	1001 0000 0110 0000:KKKK KKKK KKKK KKKK	1413
0009F9	9060 0585	LDS SYSTEMP1,DDF_Y_H
	D	 1110 KKKK DDDD KKKK	16
	K	 1110 KKKK 0000 KKKK	0
0009FB	E000	LDI SYSTEMP3,0
	D	 0001 11RD DDDD RRRR	6
	R	 0001 11R0 0110 RRRR	16
0009FC	1E60	ADC SYSTEMP1,SYSTEMP3
	K	1001 001D DDDD 0000:KKKK KKKK KKKK KKKK	1413
	D	1001 001D DDDD 0000:0000 0101 1000 0101	6
0009FD	9260 0585	STS DDF_Y_H,SYSTEMP1
	D	1001 000D DDDD 0000:KKKK KKKK KKKK KKKK	6
	K	1001 0000 0110 0000:KKKK KKKK KKKK KKKK	1417
0009FF	9060 0589	LDS SYSTEMP1,FF
	D	1001 000D DDDD 0000:KKKK KKKK KKKK KKKK	10
	K	1001 0000 1010 0000:KKKK KKKK KKKK KKKK	1412
000A01	90A0 0584	LDS SYSTEMP2,DDF_Y
	D	 0000 11RD DDDD RRRR	6
	R	 0000 11R0 0110 RRRR	10
000A03	0C6A	ADD SYSTEMP1,SYSTEMP2
	K	1001 001D DDDD 0000:KKKK KKKK KKKK KKKK	1417
	D	1001 001D DDDD 0000:0000 0101 1000 1001	6
000A04	9260 0589	STS FF,SYSTEMP1
	D	1001 000D DDDD 0000:KKKK KKKK KKKK KKKK	6
	K	1001 0000 0110 0000:KKKK KKKK KKKK KKKK	1418
000A06	9060 058A	LDS SYSTEMP1,FF_H
	D	1001 000D DDDD 0000:KKKK KKKK KKKK KKKK	10
	K	1001 0000 1010 0000:KKKK KKKK KKKK KKKK	1413
000A08	90A0 0585	LDS SYSTEMP2,DDF_Y_H
	D	 0001 11RD DDDD RRRR	6
	R	 0001 11R0 0110 RRRR	10
000A0A	1C6A	ADC SYSTEMP1,SYSTEMP2
	K	1001 001D DDDD 0000:KKKK KKKK KKKK KKKK	1418
	D	1001 001D DDDD 0000:0000 0101 1000 1010	6
000A0B	9260 058A	STS FF_H,SYSTEMP1
		ENDIF22
	D	1001 000D DDDD 0000:KKKK KKKK KKKK KKKK	6
	K	1001 0000 0110 0000:KKKK KKKK KKKK KKKK	1419
000A0D	9060 058B	LDS SYSTEMP1,FILLCIRCLEXX
	D	 1001 010D DDDD 0011	6
000A0F	9463	INC SYSTEMP1
	K	1001 001D DDDD 0000:KKKK KKKK KKKK KKKK	1419
	D	1001 001D DDDD 0000:0000 0101 1000 1011	6
000A10	9260 058B	STS FILLCIRCLEXX,SYSTEMP1
	D	1001 000D DDDD 0000:KKKK KKKK KKKK KKKK	6
	K	1001 0000 0110 0000:KKKK KKKK KKKK KKKK	1410
000A12	9060 0582	LDS SYSTEMP1,DDF_X
	D	 1110 KKKK DDDD KKKK	16
	K	 1110 KKKK 0000 KKKK	2
000A14	E002	LDI SYSTEMP3,2
	D	 0000 11RD DDDD RRRR	6
	R	 0000 11R0 0110 RRRR	16
000A15	0E60	ADD SYSTEMP1,SYSTEMP3
	K	1001 001D DDDD 0000:KKKK KKKK KKKK KKKK	1410
	D	1001 001D DDDD 0000:0000 0101 1000 0010	6
000A16	9260 0582	STS DDF_X,SYSTEMP1
	D	1001 000D DDDD 0000:KKKK KKKK KKKK KKKK	6
	K	1001 0000 0110 0000:KKKK KKKK KKKK KKKK	1411
000A18	9060 0583	LDS SYSTEMP1,DDF_X_H
	D	 1110 KKKK DDDD KKKK	16
	K	 1110 KKKK 0000 KKKK	0
000A1A	E000	LDI SYSTEMP3,0
	D	 0001 11RD DDDD RRRR	6
	R	 0001 11R0 0110 RRRR	16
000A1B	1E60	ADC SYSTEMP1,SYSTEMP3
	K	1001 001D DDDD 0000:KKKK KKKK KKKK KKKK	1411
	D	1001 001D DDDD 0000:0000 0101 1000 0011	6
000A1C	9260 0583	STS DDF_X_H,SYSTEMP1
	D	1001 000D DDDD 0000:KKKK KKKK KKKK KKKK	6
	K	1001 0000 0110 0000:KKKK KKKK KKKK KKKK	1417
000A1E	9060 0589	LDS SYSTEMP1,FF
	D	1001 000D DDDD 0000:KKKK KKKK KKKK KKKK	10
	K	1001 0000 1010 0000:KKKK KKKK KKKK KKKK	1410
000A20	90A0 0582	LDS SYSTEMP2,DDF_X
	D	 0000 11RD DDDD RRRR	6
	R	 0000 11R0 0110 RRRR	10
000A22	0C6A	ADD SYSTEMP1,SYSTEMP2
	K	1001 001D DDDD 0000:KKKK KKKK KKKK KKKK	1417
	D	1001 001D DDDD 0000:0000 0101 1000 1001	6
000A23	9260 0589	STS FF,SYSTEMP1
	D	1001 000D DDDD 0000:KKKK KKKK KKKK KKKK	6
	K	1001 0000 0110 0000:KKKK KKKK KKKK KKKK	1418
000A25	9060 058A	LDS SYSTEMP1,FF_H
	D	1001 000D DDDD 0000:KKKK KKKK KKKK KKKK	10
	K	1001 0000 1010 0000:KKKK KKKK KKKK KKKK	1411
000A27	90A0 0583	LDS SYSTEMP2,DDF_X_H
	D	 0001 11RD DDDD RRRR	6
	R	 0001 11R0 0110 RRRR	10
000A29	1C6A	ADC SYSTEMP1,SYSTEMP2
	K	1001 001D DDDD 0000:KKKK KKKK KKKK KKKK	1418
	D	1001 001D DDDD 0000:0000 0101 1000 1010	6
000A2A	9260 058A	STS FF_H,SYSTEMP1
	D	1001 000D DDDD 0000:KKKK KKKK KKKK KKKK	6
	K	1001 0000 0110 0000:KKKK KKKK KKKK KKKK	1552
000A2C	9060 0610	LDS SYSTEMP1,XOFFSET
	D	1001 000D DDDD 0000:KKKK KKKK KKKK KKKK	10
	K	1001 0000 1010 0000:KKKK KKKK KKKK KKKK	1419
000A2E	90A0 058B	LDS SYSTEMP2,FILLCIRCLEXX
	D	 0000 11RD DDDD RRRR	6
	R	 0000 11R0 0110 RRRR	10
000A30	0C6A	ADD SYSTEMP1,SYSTEMP2
	K	1001 001D DDDD 0000:KKKK KKKK KKKK KKKK	1477
	D	1001 001D DDDD 0000:0000 0101 1100 0101	6
000A31	9260 05C5	STS LINEX1,SYSTEMP1
	D	1001 000D DDDD 0000:KKKK KKKK KKKK KKKK	6
	K	1001 0000 0110 0000:KKKK KKKK KKKK KKKK	1553
000A33	9060 0611	LDS SYSTEMP1,XOFFSET_H
	D	 1110 KKKK DDDD KKKK	16
	K	 1110 KKKK 0000 KKKK	0
000A35	E000	LDI SYSTEMP3,0
	D	 0001 11RD DDDD RRRR	6
	R	 0001 11R0 0110 RRRR	16
000A36	1E60	ADC SYSTEMP1,SYSTEMP3
	K	1001 001D DDDD 0000:KKKK KKKK KKKK KKKK	1478
	D	1001 001D DDDD 0000:0000 0101 1100 0110	6
000A37	9260 05C6	STS LINEX1_H,SYSTEMP1
	D	1001 000D DDDD 0000:KKKK KKKK KKKK KKKK	6
	K	1001 0000 0110 0000:KKKK KKKK KKKK KKKK	1560
000A39	9060 0618	LDS SYSTEMP1,YOFFSET
	D	1001 000D DDDD 0000:KKKK KKKK KKKK KKKK	10
	K	1001 0000 1010 0000:KKKK KKKK KKKK KKKK	1420
000A3B	90A0 058C	LDS SYSTEMP2,FILLCIRCLEYY
	D	 0000 11RD DDDD RRRR	6
	R	 0000 11R0 0110 RRRR	10
000A3D	0C6A	ADD SYSTEMP1,SYSTEMP2
	K	1001 001D DDDD 0000:KKKK KKKK KKKK KKKK	1481
	D	1001 001D DDDD 0000:0000 0101 1100 1001	6
000A3E	9260 05C9	STS LINEY1,SYSTEMP1
	D	1001 000D DDDD 0000:KKKK KKKK KKKK KKKK	6
	K	1001 0000 0110 0000:KKKK KKKK KKKK KKKK	1561
000A40	9060 0619	LDS SYSTEMP1,YOFFSET_H
	D	 1110 KKKK DDDD KKKK	16
	K	 1110 KKKK 0000 KKKK	0
000A42	E000	LDI SYSTEMP3,0
	D	 0001 11RD DDDD RRRR	6
	R	 0001 11R0 0110 RRRR	16
000A43	1E60	ADC SYSTEMP1,SYSTEMP3
	K	1001 001D DDDD 0000:KKKK KKKK KKKK KKKK	1482
	D	1001 001D DDDD 0000:0000 0101 1100 1010	6
000A44	9260 05CA	STS LINEY1_H,SYSTEMP1
	D	1001 000D DDDD 0000:KKKK KKKK KKKK KKKK	6
	K	1001 0000 0110 0000:KKKK KKKK KKKK KKKK	1552
000A46	9060 0610	LDS SYSTEMP1,XOFFSET
	D	1001 000D DDDD 0000:KKKK KKKK KKKK KKKK	10
	K	1001 0000 1010 0000:KKKK KKKK KKKK KKKK	1419
000A48	90A0 058B	LDS SYSTEMP2,FILLCIRCLEXX
	D	 0000 11RD DDDD RRRR	6
	R	 0000 11R0 0110 RRRR	10
000A4A	0C6A	ADD SYSTEMP1,SYSTEMP2
	K	1001 001D DDDD 0000:KKKK KKKK KKKK KKKK	1479
	D	1001 001D DDDD 0000:0000 0101 1100 0111	6
000A4B	9260 05C7	STS LINEX2,SYSTEMP1
	D	1001 000D DDDD 0000:KKKK KKKK KKKK KKKK	6
	K	1001 0000 0110 0000:KKKK KKKK KKKK KKKK	1553
000A4D	9060 0611	LDS SYSTEMP1,XOFFSET_H
	D	 1110 KKKK DDDD KKKK	16
	K	 1110 KKKK 0000 KKKK	0
000A4F	E000	LDI SYSTEMP3,0
	D	 0001 11RD DDDD RRRR	6
	R	 0001 11R0 0110 RRRR	16
000A50	1E60	ADC SYSTEMP1,SYSTEMP3
	K	1001 001D DDDD 0000:KKKK KKKK KKKK KKKK	1480
	D	1001 001D DDDD 0000:0000 0101 1100 1000	6
000A51	9260 05C8	STS LINEX2_H,SYSTEMP1
	D	1001 000D DDDD 0000:KKKK KKKK KKKK KKKK	6
	K	1001 0000 0110 0000:KKKK KKKK KKKK KKKK	1560
000A53	9060 0618	LDS SYSTEMP1,YOFFSET
	D	1001 000D DDDD 0000:KKKK KKKK KKKK KKKK	10
	K	1001 0000 1010 0000:KKKK KKKK KKKK KKKK	1420
000A55	90A0 058C	LDS SYSTEMP2,FILLCIRCLEYY
	D	 0001 10RD DDDD RRRR	6
	R	 0001 10R0 0110 RRRR	10
000A57	186A	SUB SYSTEMP1,SYSTEMP2
	K	1001 001D DDDD 0000:KKKK KKKK KKKK KKKK	1483
	D	1001 001D DDDD 0000:0000 0101 1100 1011	6
000A58	9260 05CB	STS LINEY2,SYSTEMP1
	D	1001 000D DDDD 0000:KKKK KKKK KKKK KKKK	6
	K	1001 0000 0110 0000:KKKK KKKK KKKK KKKK	1561
000A5A	9060 0619	LDS SYSTEMP1,YOFFSET_H
	D	 1110 KKKK DDDD KKKK	16
	K	 1110 KKKK 0000 KKKK	0
000A5C	E000	LDI SYSTEMP3,0
	D	 0000 10RD DDDD RRRR	6
	R	 0000 10R0 0110 RRRR	16
000A5D	0A60	SBC SYSTEMP1,SYSTEMP3
	K	1001 001D DDDD 0000:KKKK KKKK KKKK KKKK	1484
	D	1001 001D DDDD 0000:0000 0101 1100 1100	6
000A5E	9260 05CC	STS LINEY2_H,SYSTEMP1
	K	1001 010K KKKK 111K:KKKK KKKK KKKK KKKK	6002
000A60	940E 1772	CALL _LINE71
	D	1001 000D DDDD 0000:KKKK KKKK KKKK KKKK	6
	K	1001 0000 0110 0000:KKKK KKKK KKKK KKKK	1552
000A62	9060 0610	LDS SYSTEMP1,XOFFSET
	D	1001 000D DDDD 0000:KKKK KKKK KKKK KKKK	10
	K	1001 0000 1010 0000:KKKK KKKK KKKK KKKK	1419
000A64	90A0 058B	LDS SYSTEMP2,FILLCIRCLEXX
	D	 0001 10RD DDDD RRRR	6
	R	 0001 10R0 0110 RRRR	10
000A66	186A	SUB SYSTEMP1,SYSTEMP2
	K	1001 001D DDDD 0000:KKKK KKKK KKKK KKKK	1477
	D	1001 001D DDDD 0000:0000 0101 1100 0101	6
000A67	9260 05C5	STS LINEX1,SYSTEMP1
	D	1001 000D DDDD 0000:KKKK KKKK KKKK KKKK	6
	K	1001 0000 0110 0000:KKKK KKKK KKKK KKKK	1553
000A69	9060 0611	LDS SYSTEMP1,XOFFSET_H
	D	 1110 KKKK DDDD KKKK	16
	K	 1110 KKKK 0000 KKKK	0
000A6B	E000	LDI SYSTEMP3,0
	D	 0000 10RD DDDD RRRR	6
	R	 0000 10R0 0110 RRRR	16
000A6C	0A60	SBC SYSTEMP1,SYSTEMP3
	K	1001 001D DDDD 0000:KKKK KKKK KKKK KKKK	1478
	D	1001 001D DDDD 0000:0000 0101 1100 0110	6
000A6D	9260 05C6	STS LINEX1_H,SYSTEMP1
	D	1001 000D DDDD 0000:KKKK KKKK KKKK KKKK	6
	K	1001 0000 0110 0000:KKKK KKKK KKKK KKKK	1560
000A6F	9060 0618	LDS SYSTEMP1,YOFFSET
	D	1001 000D DDDD 0000:KKKK KKKK KKKK KKKK	10
	K	1001 0000 1010 0000:KKKK KKKK KKKK KKKK	1420
000A71	90A0 058C	LDS SYSTEMP2,FILLCIRCLEYY
	D	 0000 11RD DDDD RRRR	6
	R	 0000 11R0 0110 RRRR	10
000A73	0C6A	ADD SYSTEMP1,SYSTEMP2
	K	1001 001D DDDD 0000:KKKK KKKK KKKK KKKK	1481
	D	1001 001D DDDD 0000:0000 0101 1100 1001	6
000A74	9260 05C9	STS LINEY1,SYSTEMP1
	D	1001 000D DDDD 0000:KKKK KKKK KKKK KKKK	6
	K	1001 0000 0110 0000:KKKK KKKK KKKK KKKK	1561
000A76	9060 0619	LDS SYSTEMP1,YOFFSET_H
	D	 1110 KKKK DDDD KKKK	16
	K	 1110 KKKK 0000 KKKK	0
000A78	E000	LDI SYSTEMP3,0
	D	 0001 11RD DDDD RRRR	6
	R	 0001 11R0 0110 RRRR	16
000A79	1E60	ADC SYSTEMP1,SYSTEMP3
	K	1001 001D DDDD 0000:KKKK KKKK KKKK KKKK	1482
	D	1001 001D DDDD 0000:0000 0101 1100 1010	6
000A7A	9260 05CA	STS LINEY1_H,SYSTEMP1
	D	1001 000D DDDD 0000:KKKK KKKK KKKK KKKK	6
	K	1001 0000 0110 0000:KKKK KKKK KKKK KKKK	1552
000A7C	9060 0610	LDS SYSTEMP1,XOFFSET
	D	1001 000D DDDD 0000:KKKK KKKK KKKK KKKK	10
	K	1001 0000 1010 0000:KKKK KKKK KKKK KKKK	1419
000A7E	90A0 058B	LDS SYSTEMP2,FILLCIRCLEXX
	D	 0001 10RD DDDD RRRR	6
	R	 0001 10R0 0110 RRRR	10
000A80	186A	SUB SYSTEMP1,SYSTEMP2
	K	1001 001D DDDD 0000:KKKK KKKK KKKK KKKK	1479
	D	1001 001D DDDD 0000:0000 0101 1100 0111	6
000A81	9260 05C7	STS LINEX2,SYSTEMP1
	D	1001 000D DDDD 0000:KKKK KKKK KKKK KKKK	6
	K	1001 0000 0110 0000:KKKK KKKK KKKK KKKK	1553
000A83	9060 0611	LDS SYSTEMP1,XOFFSET_H
	D	 1110 KKKK DDDD KKKK	16
	K	 1110 KKKK 0000 KKKK	0
000A85	E000	LDI SYSTEMP3,0
	D	 0000 10RD DDDD RRRR	6
	R	 0000 10R0 0110 RRRR	16
000A86	0A60	SBC SYSTEMP1,SYSTEMP3
	K	1001 001D DDDD 0000:KKKK KKKK KKKK KKKK	1480
	D	1001 001D DDDD 0000:0000 0101 1100 1000	6
000A87	9260 05C8	STS LINEX2_H,SYSTEMP1
	D	1001 000D DDDD 0000:KKKK KKKK KKKK KKKK	6
	K	1001 0000 0110 0000:KKKK KKKK KKKK KKKK	1560
000A89	9060 0618	LDS SYSTEMP1,YOFFSET
	D	1001 000D DDDD 0000:KKKK KKKK KKKK KKKK	10
	K	1001 0000 1010 0000:KKKK KKKK KKKK KKKK	1420
000A8B	90A0 058C	LDS SYSTEMP2,FILLCIRCLEYY
	D	 0001 10RD DDDD RRRR	6
	R	 0001 10R0 0110 RRRR	10
000A8D	186A	SUB SYSTEMP1,SYSTEMP2
	K	1001 001D DDDD 0000:KKKK KKKK KKKK KKKK	1483
	D	1001 001D DDDD 0000:0000 0101 1100 1011	6
000A8E	9260 05CB	STS LINEY2,SYSTEMP1
	D	1001 000D DDDD 0000:KKKK KKKK KKKK KKKK	6
	K	1001 0000 0110 0000:KKKK KKKK KKKK KKKK	1561
000A90	9060 0619	LDS SYSTEMP1,YOFFSET_H
	D	 1110 KKKK DDDD KKKK	16
	K	 1110 KKKK 0000 KKKK	0
000A92	E000	LDI SYSTEMP3,0
	D	 0000 10RD DDDD RRRR	6
	R	 0000 10R0 0110 RRRR	16
000A93	0A60	SBC SYSTEMP1,SYSTEMP3
	K	1001 001D DDDD 0000:KKKK KKKK KKKK KKKK	1484
	D	1001 001D DDDD 0000:0000 0101 1100 1100	6
000A94	9260 05CC	STS LINEY2_H,SYSTEMP1
	K	1001 010K KKKK 111K:KKKK KKKK KKKK KKKK	6002
000A96	940E 1772	CALL _LINE71
	D	1001 000D DDDD 0000:KKKK KKKK KKKK KKKK	6
	K	1001 0000 0110 0000:KKKK KKKK KKKK KKKK	1552
000A98	9060 0610	LDS SYSTEMP1,XOFFSET
	D	1001 000D DDDD 0000:KKKK KKKK KKKK KKKK	10
	K	1001 0000 1010 0000:KKKK KKKK KKKK KKKK	1420
000A9A	90A0 058C	LDS SYSTEMP2,FILLCIRCLEYY
	D	 0000 11RD DDDD RRRR	6
	R	 0000 11R0 0110 RRRR	10
000A9C	0C6A	ADD SYSTEMP1,SYSTEMP2
	K	1001 001D DDDD 0000:KKKK KKKK KKKK KKKK	1477
	D	1001 001D DDDD 0000:0000 0101 1100 0101	6
000A9D	9260 05C5	STS LINEX1,SYSTEMP1
	D	1001 000D DDDD 0000:KKKK KKKK KKKK KKKK	6
	K	1001 0000 0110 0000:KKKK KKKK KKKK KKKK	1553
000A9F	9060 0611	LDS SYSTEMP1,XOFFSET_H
	D	 1110 KKKK DDDD KKKK	16
	K	 1110 KKKK 0000 KKKK	0
000AA1	E000	LDI SYSTEMP3,0
	D	 0001 11RD DDDD RRRR	6
	R	 0001 11R0 0110 RRRR	16
000AA2	1E60	ADC SYSTEMP1,SYSTEMP3
	K	1001 001D DDDD 0000:KKKK KKKK KKKK KKKK	1478
	D	1001 001D DDDD 0000:0000 0101 1100 0110	6
000AA3	9260 05C6	STS LINEX1_H,SYSTEMP1
	D	1001 000D DDDD 0000:KKKK KKKK KKKK KKKK	6
	K	1001 0000 0110 0000:KKKK KKKK KKKK KKKK	1560
000AA5	9060 0618	LDS SYSTEMP1,YOFFSET
	D	1001 000D DDDD 0000:KKKK KKKK KKKK KKKK	10
	K	1001 0000 1010 0000:KKKK KKKK KKKK KKKK	1419
000AA7	90A0 058B	LDS SYSTEMP2,FILLCIRCLEXX
	D	 0000 11RD DDDD RRRR	6
	R	 0000 11R0 0110 RRRR	10
000AA9	0C6A	ADD SYSTEMP1,SYSTEMP2
	K	1001 001D DDDD 0000:KKKK KKKK KKKK KKKK	1481
	D	1001 001D DDDD 0000:0000 0101 1100 1001	6
000AAA	9260 05C9	STS LINEY1,SYSTEMP1
	D	1001 000D DDDD 0000:KKKK KKKK KKKK KKKK	6
	K	1001 0000 0110 0000:KKKK KKKK KKKK KKKK	1561
000AAC	9060 0619	LDS SYSTEMP1,YOFFSET_H
	D	 1110 KKKK DDDD KKKK	16
	K	 1110 KKKK 0000 KKKK	0
000AAE	E000	LDI SYSTEMP3,0
	D	 0001 11RD DDDD RRRR	6
	R	 0001 11R0 0110 RRRR	16
000AAF	1E60	ADC SYSTEMP1,SYSTEMP3
	K	1001 001D DDDD 0000:KKKK KKKK KKKK KKKK	1482
	D	1001 001D DDDD 0000:0000 0101 1100 1010	6
000AB0	9260 05CA	STS LINEY1_H,SYSTEMP1
	D	1001 000D DDDD 0000:KKKK KKKK KKKK KKKK	6
	K	1001 0000 0110 0000:KKKK KKKK KKKK KKKK	1420
000AB2	9060 058C	LDS SYSTEMP1,FILLCIRCLEYY
	D	1001 000D DDDD 0000:KKKK KKKK KKKK KKKK	10
	K	1001 0000 1010 0000:KKKK KKKK KKKK KKKK	1552
000AB4	90A0 0610	LDS SYSTEMP2,XOFFSET
	D	 0000 11RD DDDD RRRR	6
	R	 0000 11R0 0110 RRRR	10
000AB6	0C6A	ADD SYSTEMP1,SYSTEMP2
	K	1001 001D DDDD 0000:KKKK KKKK KKKK KKKK	1479
	D	1001 001D DDDD 0000:0000 0101 1100 0111	6
000AB7	9260 05C7	STS LINEX2,SYSTEMP1
	D	 1110 KKKK DDDD KKKK	16
	K	 1110 KKKK 0000 KKKK	0
000AB9	E000	LDI SYSTEMP3,0
	D	1001 000D DDDD 0000:KKKK KKKK KKKK KKKK	6
	K	1001 0000 0110 0000:KKKK KKKK KKKK KKKK	1553
000ABA	9060 0611	LDS SYSTEMP1,XOFFSET_H
	D	 0001 11RD DDDD RRRR	16
	R	 0001 11R1 0000 RRRR	6
000ABC	1D06	ADC SYSTEMP3,SYSTEMP1
	K	1001 001D DDDD 0000:KKKK KKKK KKKK KKKK	1480
	D	1001 001D DDDD 0000:0000 0101 1100 1000	16
000ABD	9300 05C8	STS LINEX2_H,SYSTEMP3
	D	1001 000D DDDD 0000:KKKK KKKK KKKK KKKK	6
	K	1001 0000 0110 0000:KKKK KKKK KKKK KKKK	1560
000ABF	9060 0618	LDS SYSTEMP1,YOFFSET
	D	1001 000D DDDD 0000:KKKK KKKK KKKK KKKK	10
	K	1001 0000 1010 0000:KKKK KKKK KKKK KKKK	1419
000AC1	90A0 058B	LDS SYSTEMP2,FILLCIRCLEXX
	D	 0001 10RD DDDD RRRR	6
	R	 0001 10R0 0110 RRRR	10
000AC3	186A	SUB SYSTEMP1,SYSTEMP2
	K	1001 001D DDDD 0000:KKKK KKKK KKKK KKKK	1483
	D	1001 001D DDDD 0000:0000 0101 1100 1011	6
000AC4	9260 05CB	STS LINEY2,SYSTEMP1
	D	1001 000D DDDD 0000:KKKK KKKK KKKK KKKK	6
	K	1001 0000 0110 0000:KKKK KKKK KKKK KKKK	1561
000AC6	9060 0619	LDS SYSTEMP1,YOFFSET_H
	D	 1110 KKKK DDDD KKKK	16
	K	 1110 KKKK 0000 KKKK	0
000AC8	E000	LDI SYSTEMP3,0
	D	 0000 10RD DDDD RRRR	6
	R	 0000 10R0 0110 RRRR	16
000AC9	0A60	SBC SYSTEMP1,SYSTEMP3
	K	1001 001D DDDD 0000:KKKK KKKK KKKK KKKK	1484
	D	1001 001D DDDD 0000:0000 0101 1100 1100	6
000ACA	9260 05CC	STS LINEY2_H,SYSTEMP1
	K	1001 010K KKKK 111K:KKKK KKKK KKKK KKKK	6002
000ACC	940E 1772	CALL _LINE71
	D	1001 000D DDDD 0000:KKKK KKKK KKKK KKKK	6
	K	1001 0000 0110 0000:KKKK KKKK KKKK KKKK	1552
000ACE	9060 0610	LDS SYSTEMP1,XOFFSET
	D	1001 000D DDDD 0000:KKKK KKKK KKKK KKKK	10
	K	1001 0000 1010 0000:KKKK KKKK KKKK KKKK	1420
000AD0	90A0 058C	LDS SYSTEMP2,FILLCIRCLEYY
	D	 0001 10RD DDDD RRRR	6
	R	 0001 10R0 0110 RRRR	10
000AD2	186A	SUB SYSTEMP1,SYSTEMP2
	K	1001 001D DDDD 0000:KKKK KKKK KKKK KKKK	1477
	D	1001 001D DDDD 0000:0000 0101 1100 0101	6
000AD3	9260 05C5	STS LINEX1,SYSTEMP1
	D	1001 000D DDDD 0000:KKKK KKKK KKKK KKKK	6
	K	1001 0000 0110 0000:KKKK KKKK KKKK KKKK	1553
000AD5	9060 0611	LDS SYSTEMP1,XOFFSET_H
	D	 1110 KKKK DDDD KKKK	16
	K	 1110 KKKK 0000 KKKK	0
000AD7	E000	LDI SYSTEMP3,0
	D	 0000 10RD DDDD RRRR	6
	R	 0000 10R0 0110 RRRR	16
000AD8	0A60	SBC SYSTEMP1,SYSTEMP3
	K	1001 001D DDDD 0000:KKKK KKKK KKKK KKKK	1478
	D	1001 001D DDDD 0000:0000 0101 1100 0110	6
000AD9	9260 05C6	STS LINEX1_H,SYSTEMP1
	D	1001 000D DDDD 0000:KKKK KKKK KKKK KKKK	6
	K	1001 0000 0110 0000:KKKK KKKK KKKK KKKK	1560
000ADB	9060 0618	LDS SYSTEMP1,YOFFSET
	D	1001 000D DDDD 0000:KKKK KKKK KKKK KKKK	10
	K	1001 0000 1010 0000:KKKK KKKK KKKK KKKK	1419
000ADD	90A0 058B	LDS SYSTEMP2,FILLCIRCLEXX
	D	 0000 11RD DDDD RRRR	6
	R	 0000 11R0 0110 RRRR	10
000ADF	0C6A	ADD SYSTEMP1,SYSTEMP2
	K	1001 001D DDDD 0000:KKKK KKKK KKKK KKKK	1481
	D	1001 001D DDDD 0000:0000 0101 1100 1001	6
000AE0	9260 05C9	STS LINEY1,SYSTEMP1
	D	1001 000D DDDD 0000:KKKK KKKK KKKK KKKK	6
	K	1001 0000 0110 0000:KKKK KKKK KKKK KKKK	1561
000AE2	9060 0619	LDS SYSTEMP1,YOFFSET_H
	D	 1110 KKKK DDDD KKKK	16
	K	 1110 KKKK 0000 KKKK	0
000AE4	E000	LDI SYSTEMP3,0
	D	 0001 11RD DDDD RRRR	6
	R	 0001 11R0 0110 RRRR	16
000AE5	1E60	ADC SYSTEMP1,SYSTEMP3
	K	1001 001D DDDD 0000:KKKK KKKK KKKK KKKK	1482
	D	1001 001D DDDD 0000:0000 0101 1100 1010	6
000AE6	9260 05CA	STS LINEY1_H,SYSTEMP1
	D	1001 000D DDDD 0000:KKKK KKKK KKKK KKKK	6
	K	1001 0000 0110 0000:KKKK KKKK KKKK KKKK	1552
000AE8	9060 0610	LDS SYSTEMP1,XOFFSET
	D	1001 000D DDDD 0000:KKKK KKKK KKKK KKKK	10
	K	1001 0000 1010 0000:KKKK KKKK KKKK KKKK	1420
000AEA	90A0 058C	LDS SYSTEMP2,FILLCIRCLEYY
	D	 0001 10RD DDDD RRRR	6
	R	 0001 10R0 0110 RRRR	10
000AEC	186A	SUB SYSTEMP1,SYSTEMP2
	K	1001 001D DDDD 0000:KKKK KKKK KKKK KKKK	1479
	D	1001 001D DDDD 0000:0000 0101 1100 0111	6
000AED	9260 05C7	STS LINEX2,SYSTEMP1
	D	1001 000D DDDD 0000:KKKK KKKK KKKK KKKK	6
	K	1001 0000 0110 0000:KKKK KKKK KKKK KKKK	1553
000AEF	9060 0611	LDS SYSTEMP1,XOFFSET_H
	D	 1110 KKKK DDDD KKKK	16
	K	 1110 KKKK 0000 KKKK	0
000AF1	E000	LDI SYSTEMP3,0
	D	 0000 10RD DDDD RRRR	6
	R	 0000 10R0 0110 RRRR	16
000AF2	0A60	SBC SYSTEMP1,SYSTEMP3
	K	1001 001D DDDD 0000:KKKK KKKK KKKK KKKK	1480
	D	1001 001D DDDD 0000:0000 0101 1100 1000	6
000AF3	9260 05C8	STS LINEX2_H,SYSTEMP1
	D	1001 000D DDDD 0000:KKKK KKKK KKKK KKKK	6
	K	1001 0000 0110 0000:KKKK KKKK KKKK KKKK	1560
000AF5	9060 0618	LDS SYSTEMP1,YOFFSET
	D	1001 000D DDDD 0000:KKKK KKKK KKKK KKKK	10
	K	1001 0000 1010 0000:KKKK KKKK KKKK KKKK	1419
000AF7	90A0 058B	LDS SYSTEMP2,FILLCIRCLEXX
	D	 0001 10RD DDDD RRRR	6
	R	 0001 10R0 0110 RRRR	10
000AF9	186A	SUB SYSTEMP1,SYSTEMP2
	K	1001 001D DDDD 0000:KKKK KKKK KKKK KKKK	1483
	D	1001 001D DDDD 0000:0000 0101 1100 1011	6
000AFA	9260 05CB	STS LINEY2,SYSTEMP1
	D	1001 000D DDDD 0000:KKKK KKKK KKKK KKKK	6
	K	1001 0000 0110 0000:KKKK KKKK KKKK KKKK	1561
000AFC	9060 0619	LDS SYSTEMP1,YOFFSET_H
	D	 1110 KKKK DDDD KKKK	16
	K	 1110 KKKK 0000 KKKK	0
000AFE	E000	LDI SYSTEMP3,0
	D	 0000 10RD DDDD RRRR	6
	R	 0000 10R0 0110 RRRR	16
000AFF	0A60	SBC SYSTEMP1,SYSTEMP3
	K	1001 001D DDDD 0000:KKKK KKKK KKKK KKKK	1484
	D	1001 001D DDDD 0000:0000 0101 1100 1100	6
000B00	9260 05CC	STS LINEY2_H,SYSTEMP1
	K	1001 010K KKKK 111K:KKKK KKKK KKKK KKKK	6002
000B02	940E 1772	CALL _LINE71
	K	 1100 KKKK KKKK KKKK	3799
000B04	CED7	RJMP SYSDOLOOP_S4
		SYSDOLOOP_E4
000B05	9508	RET


		GLCDCHARCOL3
	D	 0011 KKKK DDDD KKKK	26
	K	 0011 KKKK 1010 KKKK	113
000B06	37A1	CPI SYSSTRINGA, 113
	K	 1111 00KK KKKK K000	2
000B07	F010	BRLO PC + 3
	D	 0010 01RD DDDD RRRR	0
	R	 0010 01R0 0000 RRRR	0
000B08	2400	CLR SYSBYTETEMPX
000B09	9508	RET
	D	 1110 KKKK DDDD KKKK	30
	K	 1110 KKKK 1110 KKKK	34
000B0A	E2E2	LDI SYSREADA, LOW(TABLEGLCDCHARCOL3<<1)
	D	 1110 KKKK DDDD KKKK	31
	K	 1110 KKKK 1111 KKKK	22
000B0B	E1F6	LDI SYSREADA_H, HIGH(TABLEGLCDCHARCOL3<<1)
	D	 0000 11RD DDDD RRRR	30
	R	 0000 11R1 1110 RRRR	26
000B0C	0FEA	ADD SYSREADA, SYSSTRINGA
	K	 1111 01KK KKKK K000	1
000B0D	F408	BRCC PC + 2
	D	 1001 010D DDDD 0011	31
000B0E	95F3	INC SYSREADA_H
000B0F	95C8	LPM
000B10	9508	RET
		TABLEGLCDCHARCOL3
000B11	0070 0C10 880A 3822 0820 1020 8010 4080 0004 0000 4828 6C46 0000 2800	RAW 0070,0C10,880A,3822,0820,1020,8010,4080,0004,0000,4828,6C46,0000,2800
000B1F	0010 0010 7C40 8400 3082 784E 6C06 000C 1000 0028 6404 FEF8 FE7C	RAW 0010,0010,7C40,8400,3082,784E,6C06,000C,1000,0028,6404,FEF8,FE7C
000B2C	FEFE FE7C 4000 FEFE FEFE FE7C FE7C 024C 3E7E C67E C20E	RAW FEFE,FE7C,4000,FEFE,FEFE,FE7C,FE7C,024C,3E7E,C67E,C20E
000B37	0400 0800 0080 FE40 7070 1070 FE10 4000 00FE F8F8 F870 F810	RAW 0400,0800,0080,FE40,7070,1070,FE10,4000,00FE,F8F8,F870,F810
000B43	1090 3878 8878 8818 0000 2000 0078	RAW 1090,3878,8878,8818,0000,2000,0078


		GLCDCHARCOL4
	D	 0011 KKKK DDDD KKKK	26
	K	 0011 KKKK 1010 KKKK	113
000B4A	37A1	CPI SYSSTRINGA, 113
	K	 1111 00KK KKKK K000	2
000B4B	F010	BRLO PC + 3
	D	 0010 01RD DDDD RRRR	0
	R	 0010 01R0 0000 RRRR	0
000B4C	2400	CLR SYSBYTETEMPX
000B4D	9508	RET
	D	 1110 KKKK DDDD KKKK	30
	K	 1110 KKKK 1110 KKKK	170
000B4E	EAEA	LDI SYSREADA, LOW(TABLEGLCDCHARCOL4<<1)
	D	 1110 KKKK DDDD KKKK	31
	K	 1110 KKKK 1111 KKKK	22
000B4F	E1F6	LDI SYSREADA_H, HIGH(TABLEGLCDCHARCOL4<<1)
	D	 0000 11RD DDDD RRRR	30
	R	 0000 11R1 1110 RRRR	26
000B50	0FEA	ADD SYSREADA, SYSSTRINGA
	K	 1111 01KK KKKK K000	1
000B51	F408	BRCC PC + 2
	D	 1001 010D DDDD 0011	31
000B52	95F3	INC SYSREADA_H
000B53	95C8	LPM
000B54	9508	RET
		TABLEGLCDCHARCOL4
000B55	FE70 0A38 CC06 7C66 0470 1040 8838 70A2 001C 0E00 54FE 9226	RAW FE70,0A38,CC06,7C66,0470,1040,8838,70A2,001C,0E00,54FE,9226
000B61	380A 1082 A010 C010 A220 C284 2882 948A 9202 6C92 28AC	RAW 380A,1082,A010,C010,A220,C284,2882,948A,9202,6C92,28AC
000B6C	8228 9202 9224 8282 1292 1082 8082 8010 0804 1282 1282 0292	RAW 8228,9202,9224,8282,1292,1082,8082,8010,0804,1282,1282,0292
000B78	4080 2880 A210 08FE 0482 0280 90A8 8888 FCA8 10A8 8090	RAW 4080,2880,A210,08FE,0482,0280,90A8,8888,FCA8,10A8,8090
000B83	8220 1008 2888 1028 7CA8 4080 5080 C8A0 0010 1082 0044	RAW 8220,1008,2888,1028,7CA8,4080,5080,C8A0,0010,1082,0044


		GLCDCHARCOL5
	D	 0011 KKKK DDDD KKKK	26
	K	 0011 KKKK 1010 KKKK	113
000B8E	37A1	CPI SYSSTRINGA, 113
	K	 1111 00KK KKKK K000	2
000B8F	F010	BRLO PC + 3
	D	 0010 01RD DDDD RRRR	0
	R	 0010 01R0 0000 RRRR	0
000B90	2400	CLR SYSBYTETEMPX
000B91	9508	RET
	D	 1110 KKKK DDDD KKKK	30
	K	 1110 KKKK 1110 KKKK	50
000B92	E3E2	LDI SYSREADA, LOW(TABLEGLCDCHARCOL5<<1)
	D	 1110 KKKK DDDD KKKK	31
	K	 1110 KKKK 1111 KKKK	23
000B93	E1F7	LDI SYSREADA_H, HIGH(TABLEGLCDCHARCOL5<<1)
	D	 0000 11RD DDDD RRRR	30
	R	 0000 11R1 1110 RRRR	26
000B94	0FEA	ADD SYSREADA, SYSSTRINGA
	K	 1111 01KK KKKK K000	1
000B95	F408	BRCC PC + 2
	D	 1001 010D DDDD 0011	31
000B96	95F3	INC SYSREADA_H
000B97	95C8	LPM
000B98	9508	RET
		TABLEGLCDCHARCOL5
000B99	7C70 007C EE00 7CEE FEA8 54FE 9454 7C94 007C 009E FE28 AA10	RAW 7C70,007C,EE00,7CEE,FEA8,54FE,9454,7C94,007C,009E,FE28,AA10
000BA5	4406 7C44 607C C010 9210 A2FE 248A 928A 92E2 6C92 446C	RAW 4406,7C44,607C,C010,9210,A2FE,248A,928A,92E2,6C92,446C
000BB0	4428 F2A2 9222 8282 1292 1092 82FE 8028 1018 1282 32A2	RAW 4428,F2A2,9222,8282,1292,1092,82FE,8028,1018,1282,32A2
000BBB	FE92 8080 1070 92E0 1082 0282 0480 88A8 8888 12A8 08A8	RAW FE92,8080,1070,92E0,1082,0282,0480,88A8,8888,12A8,08A8
000BC6	88FA FE50 08F0 2888 0828 90A8 8080 2060 A8A0 FE6C 106C	RAW 88FA,FE50,08F0,2888,0828,90A8,8080,2060,A8A0,FE6C,106C
000BD1	0042	RAW 0042


		GLCDCHARCOL6
	D	 0011 KKKK DDDD KKKK	26
	K	 0011 KKKK 1010 KKKK	113
000BD2	37A1	CPI SYSSTRINGA, 113
	K	 1111 00KK KKKK K000	2
000BD3	F010	BRLO PC + 3
	D	 0010 01RD DDDD RRRR	0
	R	 0010 01R0 0000 RRRR	0
000BD4	2400	CLR SYSBYTETEMPX
000BD5	9508	RET
	D	 1110 KKKK DDDD KKKK	30
	K	 1110 KKKK 1110 KKKK	186
000BD6	EBEA	LDI SYSREADA, LOW(TABLEGLCDCHARCOL6<<1)
	D	 1110 KKKK DDDD KKKK	31
	K	 1110 KKKK 1111 KKKK	23
000BD7	E1F7	LDI SYSREADA_H, HIGH(TABLEGLCDCHARCOL6<<1)
	D	 0000 11RD DDDD RRRR	30
	R	 0000 11R1 1110 RRRR	26
000BD8	0FEA	ADD SYSREADA, SYSSTRINGA
	K	 1111 01KK KKKK K000	1
000BD9	F408	BRCC PC + 2
	D	 1001 010D DDDD 0011	31
000BDA	95F3	INC SYSREADA_H
000BDB	95C8	LPM
000BDC	9508	RET
		TABLEGLCDCHARCOL6
000BDD	3870 0CFE CC0A 7C66 0420 3840 A210 7088 001C 0E00 54FE 44C8	RAW 3870,0CFE,CC0A,7C66,0420,3840,A210,7088,001C,0E00,54FE,44C8
000BE9	8200 1038 0010 0010 8A08 9280 FE96 928A 9212 0052 8200 2828 8212	RAW 8200,1038,0010,0010,8A08,9280,FE96,928A,9212,0052,8200,2828,8212
000BF6	9224 4482 1292 1092 7E82 8044 2004 1282 5242 0292 4080 2880	RAW 9224,4482,1292,1092,7E82,8044,2004,1282,5242,0292,4080,2880
000C02	8A10 2082 04FE 0880 88A8 9088 02A8 08A8 7A80 8088 0808 2888	RAW 8A10,2082,04FE,0880,88A8,9088,02A8,08A8,7A80,8088,0808,2888
000C0E	0830 80A8 4040 5080 98A0 0082 2010 0044	RAW 0830,80A8,4040,5080,98A0,0082,2010,0044


		GLCDCHARCOL7
	D	 0011 KKKK DDDD KKKK	26
	K	 0011 KKKK 1010 KKKK	113
000C16	37A1	CPI SYSSTRINGA, 113
	K	 1111 00KK KKKK K000	2
000C17	F010	BRLO PC + 3
	D	 0010 01RD DDDD RRRR	0
	R	 0010 01R0 0000 RRRR	0
000C18	2400	CLR SYSBYTETEMPX
000C19	9508	RET
	D	 1110 KKKK DDDD KKKK	30
	K	 1110 KKKK 1110 KKKK	66
000C1A	E4E2	LDI SYSREADA, LOW(TABLEGLCDCHARCOL7<<1)
	D	 1110 KKKK DDDD KKKK	31
	K	 1110 KKKK 1111 KKKK	24
000C1B	E1F8	LDI SYSREADA_H, HIGH(TABLEGLCDCHARCOL7<<1)
	D	 0000 11RD DDDD RRRR	30
	R	 0000 11R1 1110 RRRR	26
000C1C	0FEA	ADD SYSREADA, SYSSTRINGA
	K	 1111 01KK KKKK K000	1
000C1D	F408	BRCC PC + 2
	D	 1001 010D DDDD 0011	31
000C1E	95F3	INC SYSREADA_H
000C1F	95C8	LPM
000C20	9508	RET
		TABLEGLCDCHARCOL7
000C21	1070 0A00 8806 3822 083E 1020 8010 4080 0004 0000 2428 A0C4 0000 2800	RAW 1070,0A00,8806,3822,083E,1020,8010,4080,0004,0000,2428,A0C4,0000,2800
000C2F	0010 0010 7C04 8C00 2062 6072 6C0E 003C 0000 1028 7C0C 6CF8 3844	RAW 0010,0010,7C04,8C00,2062,6072,6C0E,003C,0000,1028,7C0C,6CF8,3844
000C3C	0282 FEF4 0200 8082 FEFE 0C7C 8CBC 0264 3E7E C67E 860E 4000	RAW 0282,FEF4,0200,8082,FEFE,0C7C,8CBC,0264,3E7E,C67E,860E,4000
000C48	0800 0080 70F0 FE40 0430 F078 0000 0000 F0F0 1070 10F8 4040 38F8	RAW 0800,0080,70F0,FE40,0430,F078,0000,0000,F0F0,1070,10F8,4040,38F8
000C55	8878 8878 0000 1000 0078	RAW 8878,8878,0000,1000,0078


		GLCDCLS_SSD1309
	D	 1110 KKKK DDDD KKKK	21
	K	 1110 KKKK 0101 KKKK	0
000C5A	E050	LDI SYSVALUECOPY,0
	K	1001 001D DDDD 0000:KKKK KKKK KKKK KKKK	1443
	D	1001 001D DDDD 0000:0000 0101 1010 0011	21
000C5B	9350 05A3	STS GLCD_YORDINATE,SYSVALUECOPY
	K	1001 001D DDDD 0000:KKKK KKKK KKKK KKKK	1444
	D	1001 001D DDDD 0000:0000 0101 1010 0100	21
000C5D	9350 05A4	STS GLCD_YORDINATE_H,SYSVALUECOPY
	D	 1110 KKKK DDDD KKKK	21
	K	 1110 KKKK 0101 KKKK	0
000C5F	E050	LDI SYSVALUECOPY,0
	K	1001 001D DDDD 0000:KKKK KKKK KKKK KKKK	1505
	D	1001 001D DDDD 0000:0000 0101 1110 0001	21
000C60	9350 05E1	STS SSD1309_BUFFERLOCATIONCALC,SYSVALUECOPY
	K	1001 001D DDDD 0000:KKKK KKKK KKKK KKKK	1506
	D	1001 001D DDDD 0000:0000 0101 1110 0010	21
000C62	9350 05E2	STS SSD1309_BUFFERLOCATIONCALC_H,SYSVALUECOPY
		SYSFORLOOP13
	D	1001 000D DDDD 0000:KKKK KKKK KKKK KKKK	6
	K	1001 0000 0110 0000:KKKK KKKK KKKK KKKK	1505
000C64	9060 05E1	LDS SYSTEMP1,SSD1309_BUFFERLOCATIONCALC
	D	 1001 010D DDDD 0011	6
000C66	9463	INC SYSTEMP1
	K	1001 001D DDDD 0000:KKKK KKKK KKKK KKKK	1505
	D	1001 001D DDDD 0000:0000 0101 1110 0001	6
000C67	9260 05E1	STS SSD1309_BUFFERLOCATIONCALC,SYSTEMP1
	D	1001 000D DDDD 0000:KKKK KKKK KKKK KKKK	6
	K	1001 0000 0110 0000:KKKK KKKK KKKK KKKK	1506
000C69	9060 05E2	LDS SYSTEMP1,SSD1309_BUFFERLOCATIONCALC_H
	K	 1111 01KK KKKK K001	1
000C6B	F409	BRNE PC + 2
	D	 1001 010D DDDD 0011	6
000C6C	9463	INC SYSTEMP1
	K	1001 001D DDDD 0000:KKKK KKKK KKKK KKKK	1506
	D	1001 001D DDDD 0000:0000 0101 1110 0010	6
000C6D	9260 05E2	STS SSD1309_BUFFERLOCATIONCALC_H,SYSTEMP1
	D	1001 000D DDDD 0000:KKKK KKKK KKKK KKKK	6
	K	1001 0000 0110 0000:KKKK KKKK KKKK KKKK	1505
000C6F	9060 05E1	LDS SYSTEMP1,SSD1309_BUFFERLOCATIONCALC
	D	 1110 KKKK DDDD KKKK	16
	K	 1110 KKKK 0000 KKKK	0
000C71	E000	LDI SYSTEMP3,LOW(SSD1309_BUFFERALIAS)
	D	 0000 11RD DDDD RRRR	6
	R	 0000 11R0 0110 RRRR	16
000C72	0E60	ADD SYSTEMP1,SYSTEMP3
	D	 0010 11RD DDDD RRRR	26
	R	 0010 11R1 1010 RRRR	6
000C73	2DA6	MOV SYSSTRINGA,SYSTEMP1
	D	1001 000D DDDD 0000:KKKK KKKK KKKK KKKK	6
	K	1001 0000 0110 0000:KKKK KKKK KKKK KKKK	1506
000C74	9060 05E2	LDS SYSTEMP1,SSD1309_BUFFERLOCATIONCALC_H
	D	 1110 KKKK DDDD KKKK	16
	K	 1110 KKKK 0000 KKKK	1
000C76	E001	LDI SYSTEMP3,HIGH(SSD1309_BUFFERALIAS)
	D	 0001 11RD DDDD RRRR	6
	R	 0001 11R0 0110 RRRR	16
000C77	1E60	ADC SYSTEMP1,SYSTEMP3
	D	 0010 11RD DDDD RRRR	27
	R	 0010 11R1 1011 RRRR	6
000C78	2DB6	MOV SYSSTRINGA_H,SYSTEMP1
	D	 1110 KKKK DDDD KKKK	21
	K	 1110 KKKK 0101 KKKK	0
000C79	E050	LDI SYSVALUECOPY,0
	D	 100D 001R RRRR DDDD	28
	R	 1001 001R RRRR 1100	21
000C7A	935C	ST X,SYSVALUECOPY
	D	1001 000D DDDD 0000:KKKK KKKK KKKK KKKK	22
	K	1001 0001 0110 0000:KKKK KKKK KKKK KKKK	1505
000C7B	9160 05E1	LDS SYSWORDTEMPA,SSD1309_BUFFERLOCATIONCALC
	D	1001 000D DDDD 0000:KKKK KKKK KKKK KKKK	23
	K	1001 0001 0111 0000:KKKK KKKK KKKK KKKK	1506
000C7D	9170 05E2	LDS SYSWORDTEMPA_H,SSD1309_BUFFERLOCATIONCALC_H
	D	 1110 KKKK DDDD KKKK	28
	K	 1110 KKKK 1100 KKKK	0
000C7F	E0C0	LDI SYSWORDTEMPB,0
	D	 1110 KKKK DDDD KKKK	29
	K	 1110 KKKK 1101 KKKK	4
000C80	E0D4	LDI SYSWORDTEMPB_H,4
	K	 1101 KKKK KKKK KKKK	1823
000C81	D71F	RCALL SYSCOMPLESSTHAN16
	R	 1111 110R RRRR 0BBB	0
	B	 1111 1100 0000 0BBB	0
000C82	FC00	SBRC SYSBYTETEMPX,0
	K	 1100 KKKK KKKK KKKK	4064
000C83	CFE0	RJMP SYSFORLOOP13
		SYSFORLOOPEND13
	D	 1110 KKKK DDDD KKKK	21
	K	 1110 KKKK 0101 KKKK	0
000C84	E050	LDI SYSVALUECOPY,0
	K	1001 001D DDDD 0000:KKKK KKKK KKKK KKKK	1505
	D	1001 001D DDDD 0000:0000 0101 1110 0001	21
000C85	9350 05E1	STS SSD1309_BUFFERLOCATIONCALC,SYSVALUECOPY
	K	1001 001D DDDD 0000:KKKK KKKK KKKK KKKK	1506
	D	1001 001D DDDD 0000:0000 0101 1110 0010	21
000C87	9350 05E2	STS SSD1309_BUFFERLOCATIONCALC_H,SYSVALUECOPY
		SYSFORLOOP14
	D	 1110 KKKK DDDD KKKK	21
	K	 1110 KKKK 0101 KKKK	8
000C89	E058	LDI SYSVALUECOPY,8
	K	1001 001D DDDD 0000:KKKK KKKK KKKK KKKK	1519
	D	1001 001D DDDD 0000:0000 0101 1110 1111	21
000C8A	9350 05EF	STS SYSFORLOOPSTEP13,SYSVALUECOPY
	D	 1110 KKKK DDDD KKKK	21
	K	 1110 KKKK 0101 KKKK	0
000C8C	E050	LDI SYSVALUECOPY,0
	K	1001 001D DDDD 0000:KKKK KKKK KKKK KKKK	1520
	D	1001 001D DDDD 0000:0000 0101 1111 0000	21
000C8D	9350 05F0	STS SYSFORLOOPSTEP13_H,SYSVALUECOPY
	D	 1110 KKKK DDDD KKKK	21
	K	 1110 KKKK 0101 KKKK	0
000C8F	E050	LDI SYSVALUECOPY,0
	K	1001 001D DDDD 0000:KKKK KKKK KKKK KKKK	1485
	D	1001 001D DDDD 0000:0000 0101 1100 1101	21
000C90	9350 05CD	STS LOCX,SYSVALUECOPY
	D	1001 000D DDDD 0000:KKKK KKKK KKKK KKKK	21
	K	1001 0001 0101 0000:KKKK KKKK KKKK KKKK	1505
000C92	9150 05E1	LDS SYSVALUECOPY,SSD1309_BUFFERLOCATIONCALC
	K	1001 001D DDDD 0000:KKKK KKKK KKKK KKKK	1486
	D	1001 001D DDDD 0000:0000 0101 1100 1110	21
000C94	9350 05CE	STS LOCY,SYSVALUECOPY
	K	 1101 KKKK KKKK KKKK	3092
000C96	DC14	RCALL CURSOR_POSITION_SSD1309
	K	 1101 KKKK KKKK KKKK	884
000C97	D374	RCALL I2CSTART
	D	 1110 KKKK DDDD KKKK	21
	K	 1110 KKKK 0101 KKKK	120
000C98	E758	LDI SYSVALUECOPY,120
	K	1001 001D DDDD 0000:KKKK KKKK KKKK KKKK	1448
	D	1001 001D DDDD 0000:0000 0101 1010 1000	21
000C99	9350 05A8	STS I2CBYTE,SYSVALUECOPY
	K	 1101 KKKK KKKK KKKK	827
000C9B	D33B	RCALL I2CSEND
	D	 1110 KKKK DDDD KKKK	21
	K	 1110 KKKK 0101 KKKK	64
000C9C	E450	LDI SYSVALUECOPY,64
	K	1001 001D DDDD 0000:KKKK KKKK KKKK KKKK	1448
	D	1001 001D DDDD 0000:0000 0101 1010 1000	21
000C9D	9350 05A8	STS I2CBYTE,SYSVALUECOPY
	K	 1101 KKKK KKKK KKKK	823
000C9F	D337	RCALL I2CSEND
	D	 1110 KKKK DDDD KKKK	21
	K	 1110 KKKK 0101 KKKK	255
000CA0	EF5F	LDI SYSVALUECOPY,255
	K	1001 001D DDDD 0000:KKKK KKKK KKKK KKKK	1439
	D	1001 001D DDDD 0000:0000 0101 1001 1111	21
000CA1	9350 059F	STS GLCDTEMP,SYSVALUECOPY
		SYSFORLOOP15
	D	1001 000D DDDD 0000:KKKK KKKK KKKK KKKK	6
	K	1001 0000 0110 0000:KKKK KKKK KKKK KKKK	1439
000CA3	9060 059F	LDS SYSTEMP1,GLCDTEMP
	D	 1001 010D DDDD 0011	6
000CA5	9463	INC SYSTEMP1
	K	1001 001D DDDD 0000:KKKK KKKK KKKK KKKK	1439
	D	1001 001D DDDD 0000:0000 0101 1001 1111	6
000CA6	9260 059F	STS GLCDTEMP,SYSTEMP1
	D	1001 000D DDDD 0000:KKKK KKKK KKKK KKKK	21
	K	1001 0001 0101 0000:KKKK KKKK KKKK KKKK	1422
000CA8	9150 058E	LDS SYSVALUECOPY,GLCDBACKGROUND
	K	1001 001D DDDD 0000:KKKK KKKK KKKK KKKK	1448
	D	1001 001D DDDD 0000:0000 0101 1010 1000	21
000CAA	9350 05A8	STS I2CBYTE,SYSVALUECOPY
	K	 1101 KKKK KKKK KKKK	810
000CAC	D32A	RCALL I2CSEND
	D	1001 000D DDDD 0000:KKKK KKKK KKKK KKKK	22
	K	1001 0001 0110 0000:KKKK KKKK KKKK KKKK	1439
000CAD	9160 059F	LDS SYSCALCTEMPA,GLCDTEMP
	D	 0011 KKKK DDDD KKKK	22
	K	 0011 KKKK 0110 KKKK	127
000CAF	376F	CPI SYSCALCTEMPA,127
	K	 1111 00KK KKKK K000	114
000CB0	F390	BRLO SYSFORLOOP15
		SYSFORLOOPEND15
	K	 1101 KKKK KKKK KKKK	865
000CB1	D361	RCALL I2CSTOP
	D	1001 000D DDDD 0000:KKKK KKKK KKKK KKKK	5
	K	1001 0000 0101 0000:KKKK KKKK KKKK KKKK	1520
000CB2	9050 05F0	LDS SYSBITTEST,SYSFORLOOPSTEP13_H
	R	 1111 111R RRRR 0BBB	5
	B	 1111 1110 0101 0BBB	7
000CB4	FE57	SBRS SYSBITTEST,7
	K	 1100 KKKK KKKK KKKK	55
000CB5	C037	RJMP ELSE65_1
	D	1001 000D DDDD 0000:KKKK KKKK KKKK KKKK	10
	K	1001 0000 1010 0000:KKKK KKKK KKKK KKKK	1519
000CB6	90A0 05EF	LDS SYSTEMP2,SYSFORLOOPSTEP13
	D	1001 000D DDDD 0000:KKKK KKKK KKKK KKKK	11
	K	1001 0000 1011 0000:KKKK KKKK KKKK KKKK	1520
000CB8	90B0 05F0	LDS SYSTEMP2_H,SYSFORLOOPSTEP13_H
	D	 1001 010D DDDD 0000	10
000CBA	94A0	COM SYSTEMP2
	D	 1001 010D DDDD 0000	11
000CBB	94B0	COM SYSTEMP2_H
	D	 1001 010D DDDD 0011	10
000CBC	94A3	INC SYSTEMP2
	K	 1111 01KK KKKK K001	1
000CBD	F409	BRNE PC + 2
	D	 1001 010D DDDD 0011	11
000CBE	94B3	INC SYSTEMP2_H
	K	1001 001D DDDD 0000:KKKK KKKK KKKK KKKK	1517
	D	1001 001D DDDD 0000:0000 0101 1110 1101	10
000CBF	92A0 05ED	STS SYSFORLOOPABSVALUE14,SYSTEMP2
	K	1001 001D DDDD 0000:KKKK KKKK KKKK KKKK	1518
	D	1001 001D DDDD 0000:0000 0101 1110 1110	11
000CC1	92B0 05EE	STS SYSFORLOOPABSVALUE14_H,SYSTEMP2_H
	D	1001 000D DDDD 0000:KKKK KKKK KKKK KKKK	10
	K	1001 0000 1010 0000:KKKK KKKK KKKK KKKK	1505
000CC3	90A0 05E1	LDS SYSTEMP2,SSD1309_BUFFERLOCATIONCALC
	D	 1110 KKKK DDDD KKKK	16
	K	 1110 KKKK 0000 KKKK	64
000CC5	E400	LDI SYSTEMP3,64
	D	 0001 10RD DDDD RRRR	10
	R	 0001 10R0 1010 RRRR	16
000CC6	1AA0	SUB SYSTEMP2,SYSTEMP3
	D	 0010 11RD DDDD RRRR	6
	R	 0010 11R0 0110 RRRR	10
000CC7	2C6A	MOV SYSTEMP1,SYSTEMP2
	D	1001 000D DDDD 0000:KKKK KKKK KKKK KKKK	10
	K	1001 0000 1010 0000:KKKK KKKK KKKK KKKK	1506
000CC8	90A0 05E2	LDS SYSTEMP2,SSD1309_BUFFERLOCATIONCALC_H
	D	 1110 KKKK DDDD KKKK	16
	K	 1110 KKKK 0000 KKKK	0
000CCA	E000	LDI SYSTEMP3,0
	D	 0000 10RD DDDD RRRR	10
	R	 0000 10R0 1010 RRRR	16
000CCB	0AA0	SBC SYSTEMP2,SYSTEMP3
	D	 0010 11RD DDDD RRRR	7
	R	 0010 11R0 0111 RRRR	10
000CCC	2C7A	MOV SYSTEMP1_H,SYSTEMP2
	D	 1110 KKKK DDDD KKKK	16
	K	 1110 KKKK 0000 KKKK	1
000CCD	E001	LDI SYSTEMP3,1
	D	 0001 10RD DDDD RRRR	6
	R	 0001 10R0 0110 RRRR	16
000CCE	1A60	SUB SYSTEMP1,SYSTEMP3
	D	 0010 11RD DDDD RRRR	10
	R	 0010 11R0 1010 RRRR	6
000CCF	2CA6	MOV SYSTEMP2,SYSTEMP1
	D	 1110 KKKK DDDD KKKK	16
	K	 1110 KKKK 0000 KKKK	0
000CD0	E000	LDI SYSTEMP3,0
	D	 0000 10RD DDDD RRRR	7
	R	 0000 10R0 0111 RRRR	16
000CD1	0A70	SBC SYSTEMP1_H,SYSTEMP3
	D	 0010 11RD DDDD RRRR	11
	R	 0010 11R0 1011 RRRR	7
000CD2	2CB7	MOV SYSTEMP2_H,SYSTEMP1_H
	D	 0010 11RD DDDD RRRR	22
	R	 0010 11R1 0110 RRRR	10
000CD3	2D6A	MOV SYSWORDTEMPA,SYSTEMP2
	D	 0010 11RD DDDD RRRR	23
	R	 0010 11R1 0111 RRRR	11
000CD4	2D7B	MOV SYSWORDTEMPA_H,SYSTEMP2_H
	D	1001 000D DDDD 0000:KKKK KKKK KKKK KKKK	28
	K	1001 0001 1100 0000:KKKK KKKK KKKK KKKK	1517
000CD5	91C0 05ED	LDS SYSWORDTEMPB,SYSFORLOOPABSVALUE14
	D	1001 000D DDDD 0000:KKKK KKKK KKKK KKKK	29
	K	1001 0001 1101 0000:KKKK KKKK KKKK KKKK	1518
000CD7	91D0 05EE	LDS SYSWORDTEMPB_H,SYSFORLOOPABSVALUE14_H
	K	 1101 KKKK KKKK KKKK	1735
000CD9	D6C7	RCALL SYSCOMPLESSTHAN16
	D	 1001 010D DDDD 0000	0
000CDA	9400	COM SYSBYTETEMPX
	R	 1111 111R RRRR 0BBB	0
	B	 1111 1110 0000 0BBB	0
000CDB	FE00	SBRS SYSBYTETEMPX,0
	K	 1100 KKKK KKKK KKKK	15
000CDC	C00F	RJMP ENDIF66
	D	1001 000D DDDD 0000:KKKK KKKK KKKK KKKK	6
	K	1001 0000 0110 0000:KKKK KKKK KKKK KKKK	1505
000CDD	9060 05E1	LDS SYSTEMP1,SSD1309_BUFFERLOCATIONCALC
	D	1001 000D DDDD 0000:KKKK KKKK KKKK KKKK	10
	K	1001 0000 1010 0000:KKKK KKKK KKKK KKKK	1519
000CDF	90A0 05EF	LDS SYSTEMP2,SYSFORLOOPSTEP13
	D	 0000 11RD DDDD RRRR	6
	R	 0000 11R0 0110 RRRR	10
000CE1	0C6A	ADD SYSTEMP1,SYSTEMP2
	K	1001 001D DDDD 0000:KKKK KKKK KKKK KKKK	1505
	D	1001 001D DDDD 0000:0000 0101 1110 0001	6
000CE2	9260 05E1	STS SSD1309_BUFFERLOCATIONCALC,SYSTEMP1
	D	1001 000D DDDD 0000:KKKK KKKK KKKK KKKK	6
	K	1001 0000 0110 0000:KKKK KKKK KKKK KKKK	1506
000CE4	9060 05E2	LDS SYSTEMP1,SSD1309_BUFFERLOCATIONCALC_H
	D	1001 000D DDDD 0000:KKKK KKKK KKKK KKKK	10
	K	1001 0000 1010 0000:KKKK KKKK KKKK KKKK	1520
000CE6	90A0 05F0	LDS SYSTEMP2,SYSFORLOOPSTEP13_H
	D	 0001 11RD DDDD RRRR	6
	R	 0001 11R0 0110 RRRR	10
000CE8	1C6A	ADC SYSTEMP1,SYSTEMP2
	K	1001 001D DDDD 0000:KKKK KKKK KKKK KKKK	1506
	D	1001 001D DDDD 0000:0000 0101 1110 0010	6
000CE9	9260 05E2	STS SSD1309_BUFFERLOCATIONCALC_H,SYSTEMP1
	K	 1100 KKKK KKKK KKKK	3997
000CEB	CF9D	RJMP SYSFORLOOP14
		ENDIF66
	K	 1100 KKKK KKKK KKKK	35
000CEC	C023	RJMP ENDIF65
		ELSE65_1
	D	 1110 KKKK DDDD KKKK	16
	K	 1110 KKKK 0000 KKKK	63
000CED	E30F	LDI SYSTEMP3,63
	D	1001 000D DDDD 0000:KKKK KKKK KKKK KKKK	10
	K	1001 0000 1010 0000:KKKK KKKK KKKK KKKK	1505
000CEE	90A0 05E1	LDS SYSTEMP2,SSD1309_BUFFERLOCATIONCALC
	D	 0001 10RD DDDD RRRR	16
	R	 0001 10R1 0000 RRRR	10
000CF0	190A	SUB SYSTEMP3,SYSTEMP2
	D	 0010 11RD DDDD RRRR	6
	R	 0010 11R0 0110 RRRR	16
000CF1	2E60	MOV SYSTEMP1,SYSTEMP3
	D	 1110 KKKK DDDD KKKK	16
	K	 1110 KKKK 0000 KKKK	0
000CF2	E000	LDI SYSTEMP3,0
	D	1001 000D DDDD 0000:KKKK KKKK KKKK KKKK	10
	K	1001 0000 1010 0000:KKKK KKKK KKKK KKKK	1506
000CF3	90A0 05E2	LDS SYSTEMP2,SSD1309_BUFFERLOCATIONCALC_H
	D	 0000 10RD DDDD RRRR	16
	R	 0000 10R1 0000 RRRR	10
000CF5	090A	SBC SYSTEMP3,SYSTEMP2
	D	 0010 11RD DDDD RRRR	7
	R	 0010 11R0 0111 RRRR	16
000CF6	2E70	MOV SYSTEMP1_H,SYSTEMP3
	D	 0010 11RD DDDD RRRR	22
	R	 0010 11R1 0110 RRRR	6
000CF7	2D66	MOV SYSWORDTEMPA,SYSTEMP1
	D	 0010 11RD DDDD RRRR	23
	R	 0010 11R1 0111 RRRR	7
000CF8	2D77	MOV SYSWORDTEMPA_H,SYSTEMP1_H
	D	1001 000D DDDD 0000:KKKK KKKK KKKK KKKK	28
	K	1001 0001 1100 0000:KKKK KKKK KKKK KKKK	1519
000CF9	91C0 05EF	LDS SYSWORDTEMPB,SYSFORLOOPSTEP13
	D	1001 000D DDDD 0000:KKKK KKKK KKKK KKKK	29
	K	1001 0001 1101 0000:KKKK KKKK KKKK KKKK	1520
000CFB	91D0 05F0	LDS SYSWORDTEMPB_H,SYSFORLOOPSTEP13_H
	K	 1101 KKKK KKKK KKKK	1699
000CFD	D6A3	RCALL SYSCOMPLESSTHAN16
	D	 1001 010D DDDD 0000	0
000CFE	9400	COM SYSBYTETEMPX
	R	 1111 111R RRRR 0BBB	0
	B	 1111 1110 0000 0BBB	0
000CFF	FE00	SBRS SYSBYTETEMPX,0
	K	 1100 KKKK KKKK KKKK	15
000D00	C00F	RJMP ENDIF67
	D	1001 000D DDDD 0000:KKKK KKKK KKKK KKKK	6
	K	1001 0000 0110 0000:KKKK KKKK KKKK KKKK	1505
000D01	9060 05E1	LDS SYSTEMP1,SSD1309_BUFFERLOCATIONCALC
	D	1001 000D DDDD 0000:KKKK KKKK KKKK KKKK	10
	K	1001 0000 1010 0000:KKKK KKKK KKKK KKKK	1519
000D03	90A0 05EF	LDS SYSTEMP2,SYSFORLOOPSTEP13
	D	 0000 11RD DDDD RRRR	6
	R	 0000 11R0 0110 RRRR	10
000D05	0C6A	ADD SYSTEMP1,SYSTEMP2
	K	1001 001D DDDD 0000:KKKK KKKK KKKK KKKK	1505
	D	1001 001D DDDD 0000:0000 0101 1110 0001	6
000D06	9260 05E1	STS SSD1309_BUFFERLOCATIONCALC,SYSTEMP1
	D	1001 000D DDDD 0000:KKKK KKKK KKKK KKKK	6
	K	1001 0000 0110 0000:KKKK KKKK KKKK KKKK	1506
000D08	9060 05E2	LDS SYSTEMP1,SSD1309_BUFFERLOCATIONCALC_H
	D	1001 000D DDDD 0000:KKKK KKKK KKKK KKKK	10
	K	1001 0000 1010 0000:KKKK KKKK KKKK KKKK	1520
000D0A	90A0 05F0	LDS SYSTEMP2,SYSFORLOOPSTEP13_H
	D	 0001 11RD DDDD RRRR	6
	R	 0001 11R0 0110 RRRR	10
000D0C	1C6A	ADC SYSTEMP1,SYSTEMP2
	K	1001 001D DDDD 0000:KKKK KKKK KKKK KKKK	1506
	D	1001 001D DDDD 0000:0000 0101 1110 0010	6
000D0D	9260 05E2	STS SSD1309_BUFFERLOCATIONCALC_H,SYSTEMP1
	K	 1100 KKKK KKKK KKKK	3961
000D0F	CF79	RJMP SYSFORLOOP14
		ENDIF67
		ENDIF65
		SYSFORLOOPEND14
	D	 1110 KKKK DDDD KKKK	21
	K	 1110 KKKK 0101 KKKK	0
000D10	E050	LDI SYSVALUECOPY,0
	K	1001 001D DDDD 0000:KKKK KKKK KKKK KKKK	1485
	D	1001 001D DDDD 0000:0000 0101 1100 1101	21
000D11	9350 05CD	STS LOCX,SYSVALUECOPY
	D	 1110 KKKK DDDD KKKK	21
	K	 1110 KKKK 0101 KKKK	0
000D13	E050	LDI SYSVALUECOPY,0
	K	1001 001D DDDD 0000:KKKK KKKK KKKK KKKK	1486
	D	1001 001D DDDD 0000:0000 0101 1100 1110	21
000D14	9350 05CE	STS LOCY,SYSVALUECOPY
	K	 1101 KKKK KKKK KKKK	2964
000D16	DB94	RCALL CURSOR_POSITION_SSD1309
	D	 1110 KKKK DDDD KKKK	21
	K	 1110 KKKK 0101 KKKK	0
000D17	E050	LDI SYSVALUECOPY,0
	K	1001 001D DDDD 0000:KKKK KKKK KKKK KKKK	1495
	D	1001 001D DDDD 0000:0000 0101 1101 0111	21
000D18	9350 05D7	STS PRINTLOCX,SYSVALUECOPY
	D	 1110 KKKK DDDD KKKK	21
	K	 1110 KKKK 0101 KKKK	0
000D1A	E050	LDI SYSVALUECOPY,0
	K	1001 001D DDDD 0000:KKKK KKKK KKKK KKKK	1497
	D	1001 001D DDDD 0000:0000 0101 1101 1001	21
000D1B	9350 05D9	STS PRINTLOCY,SYSVALUECOPY
000D1D	9508	RET


		GLCDDRAWCHAR_SSD1309
	D	1001 000D DDDD 0000:KKKK KKKK KKKK KKKK	22
	K	1001 0001 0110 0000:KKKK KKKK KKKK KKKK	1459
000D1E	9160 05B3	LDS SYSWORDTEMPA,LINECOLOUR
	D	1001 000D DDDD 0000:KKKK KKKK KKKK KKKK	23
	K	1001 0001 0111 0000:KKKK KKKK KKKK KKKK	1460
000D20	9170 05B4	LDS SYSWORDTEMPA_H,LINECOLOUR_H
	D	1001 000D DDDD 0000:KKKK KKKK KKKK KKKK	28
	K	1001 0001 1100 0000:KKKK KKKK KKKK KKKK	1433
000D22	91C0 0599	LDS SYSWORDTEMPB,GLCDFOREGROUND
	D	1001 000D DDDD 0000:KKKK KKKK KKKK KKKK	29
	K	1001 0001 1101 0000:KKKK KKKK KKKK KKKK	1434
000D24	91D0 059A	LDS SYSWORDTEMPB_H,GLCDFOREGROUND_H
	K	 1101 KKKK KKKK KKKK	1634
000D26	D662	RCALL SYSCOMPEQUAL16
	D	 1001 010D DDDD 0000	0
000D27	9400	COM SYSBYTETEMPX
	R	 1111 111R RRRR 0BBB	0
	B	 1111 1110 0000 0BBB	0
000D28	FE00	SBRS SYSBYTETEMPX,0
	K	 1100 KKKK KKKK KKKK	11
000D29	C00B	RJMP ENDIF68
	D	 1110 KKKK DDDD KKKK	21
	K	 1110 KKKK 0101 KKKK	1
000D2A	E051	LDI SYSVALUECOPY,1
	K	1001 001D DDDD 0000:KKKK KKKK KKKK KKKK	1422
	D	1001 001D DDDD 0000:0000 0101 1000 1110	21
000D2B	9350 058E	STS GLCDBACKGROUND,SYSVALUECOPY
	D	 1110 KKKK DDDD KKKK	21
	K	 1110 KKKK 0101 KKKK	0
000D2D	E050	LDI SYSVALUECOPY,0
	K	1001 001D DDDD 0000:KKKK KKKK KKKK KKKK	1423
	D	1001 001D DDDD 0000:0000 0101 1000 1111	21
000D2E	9350 058F	STS GLCDBACKGROUND_H,SYSVALUECOPY
	D	 1110 KKKK DDDD KKKK	21
	K	 1110 KKKK 0101 KKKK	0
000D30	E050	LDI SYSVALUECOPY,0
	K	1001 001D DDDD 0000:KKKK KKKK KKKK KKKK	1433
	D	1001 001D DDDD 0000:0000 0101 1001 1001	21
000D31	9350 0599	STS GLCDFOREGROUND,SYSVALUECOPY
	K	1001 001D DDDD 0000:KKKK KKKK KKKK KKKK	1434
	D	1001 001D DDDD 0000:0000 0101 1001 1010	21
000D33	9350 059A	STS GLCDFOREGROUND_H,SYSVALUECOPY
		ENDIF68
	D	1001 000D DDDD 0000:KKKK KKKK KKKK KKKK	6
	K	1001 0000 0110 0000:KKKK KKKK KKKK KKKK	1395
000D35	9060 0573	LDS SYSTEMP1,CHARCODE
	D	 1110 KKKK DDDD KKKK	16
	K	 1110 KKKK 0000 KKKK	15
000D37	E00F	LDI SYSTEMP3,15
	D	 0001 10RD DDDD RRRR	6
	R	 0001 10R0 0110 RRRR	16
000D38	1A60	SUB SYSTEMP1,SYSTEMP3
	K	1001 001D DDDD 0000:KKKK KKKK KKKK KKKK	1395
	D	1001 001D DDDD 0000:0000 0101 0111 0011	6
000D39	9260 0573	STS CHARCODE,SYSTEMP1
	D	 1110 KKKK DDDD KKKK	21
	K	 1110 KKKK 0101 KKKK	0
000D3B	E050	LDI SYSVALUECOPY,0
	K	1001 001D DDDD 0000:KKKK KKKK KKKK KKKK	1396
	D	1001 001D DDDD 0000:0000 0101 0111 0100	21
000D3C	9350 0574	STS CHARCOL,SYSVALUECOPY
	K	1001 001D DDDD 0000:KKKK KKKK KKKK KKKK	1397
	D	1001 001D DDDD 0000:0000 0101 0111 0101	21
000D3E	9350 0575	STS CHARCOL_H,SYSVALUECOPY
	D	1001 000D DDDD 0000:KKKK KKKK KKKK KKKK	21
	K	1001 0001 0101 0000:KKKK KKKK KKKK KKKK	1399
000D40	9150 0577	LDS SYSVALUECOPY,CHARLOCX
	K	1001 001D DDDD 0000:KKKK KKKK KKKK KKKK	1485
	D	1001 001D DDDD 0000:0000 0101 1100 1101	21
000D42	9350 05CD	STS LOCX,SYSVALUECOPY
	D	1001 000D DDDD 0000:KKKK KKKK KKKK KKKK	21
	K	1001 0001 0101 0000:KKKK KKKK KKKK KKKK	1401
000D44	9150 0579	LDS SYSVALUECOPY,CHARLOCY
	K	1001 001D DDDD 0000:KKKK KKKK KKKK KKKK	1486
	D	1001 001D DDDD 0000:0000 0101 1100 1110	21
000D46	9350 05CE	STS LOCY,SYSVALUECOPY
	K	 1101 KKKK KKKK KKKK	2914
000D48	DB62	RCALL CURSOR_POSITION_SSD1309
	D	1001 000D DDDD 0000:KKKK KKKK KKKK KKKK	22
	K	1001 0001 0110 0000:KKKK KKKK KKKK KKKK	1395
000D49	9160 0573	LDS SYSBYTETEMPA,CHARCODE
	D	 1110 KKKK DDDD KKKK	28
	K	 1110 KKKK 1100 KKKK	178
000D4B	EBC2	LDI SYSBYTETEMPB,178
	K	 1101 KKKK KKKK KKKK	1614
000D4C	D64E	RCALL SYSCOMPLESSTHAN
	D	 1001 010D DDDD 0000	0
000D4D	9400	COM SYSBYTETEMPX
	D	 0010 11RD DDDD RRRR	6
	R	 0010 11R0 0110 RRRR	0
000D4E	2C60	MOV SYSTEMP1,SYSBYTETEMPX
	D	1001 000D DDDD 0000:KKKK KKKK KKKK KKKK	28
	K	1001 0001 1100 0000:KKKK KKKK KKKK KKKK	1395
000D4F	91C0 0573	LDS SYSBYTETEMPB,CHARCODE
	D	 1110 KKKK DDDD KKKK	22
	K	 1110 KKKK 0110 KKKK	202
000D51	EC6A	LDI SYSBYTETEMPA,202
	K	 1101 KKKK KKKK KKKK	1608
000D52	D648	RCALL SYSCOMPLESSTHAN
	D	 1001 010D DDDD 0000	0
000D53	9400	COM SYSBYTETEMPX
	D	 0010 11RD DDDD RRRR	16
	R	 0010 11R1 0000 RRRR	0
000D54	2D00	MOV SYSTEMP3,SYSBYTETEMPX
	D	 0010 00RD DDDD RRRR	16
	R	 0010 00R1 0000 RRRR	6
000D55	2106	AND SYSTEMP3,SYSTEMP1
	D	 0010 11RD DDDD RRRR	10
	R	 0010 11R0 1010 RRRR	16
000D56	2EA0	MOV SYSTEMP2,SYSTEMP3
	R	 1111 111R RRRR 0BBB	10
	B	 1111 1110 1010 0BBB	0
000D57	FEA0	SBRS SYSTEMP2,0
	K	 1100 KKKK KKKK KKKK	12
000D58	C00C	RJMP ENDIF69
	D	1001 000D DDDD 0000:KKKK KKKK KKKK KKKK	6
	K	1001 0000 0110 0000:KKKK KKKK KKKK KKKK	1401
000D59	9060 0579	LDS SYSTEMP1,CHARLOCY
	D	 1110 KKKK DDDD KKKK	16
	K	 1110 KKKK 0000 KKKK	1
000D5B	E001	LDI SYSTEMP3,1
	D	 0001 10RD DDDD RRRR	6
	R	 0001 10R0 0110 RRRR	16
000D5C	1A60	SUB SYSTEMP1,SYSTEMP3
	K	1001 001D DDDD 0000:KKKK KKKK KKKK KKKK	1401
	D	1001 001D DDDD 0000:0000 0101 0111 1001	6
000D5D	9260 0579	STS CHARLOCY,SYSTEMP1
	D	1001 000D DDDD 0000:KKKK KKKK KKKK KKKK	6
	K	1001 0000 0110 0000:KKKK KKKK KKKK KKKK	1402
000D5F	9060 057A	LDS SYSTEMP1,CHARLOCY_H
	D	 1110 KKKK DDDD KKKK	16
	K	 1110 KKKK 0000 KKKK	0
000D61	E000	LDI SYSTEMP3,0
	D	 0000 10RD DDDD RRRR	6
	R	 0000 10R0 0110 RRRR	16
000D62	0A60	SBC SYSTEMP1,SYSTEMP3
	K	1001 001D DDDD 0000:KKKK KKKK KKKK KKKK	1402
	D	1001 001D DDDD 0000:0000 0101 0111 1010	6
000D63	9260 057A	STS CHARLOCY_H,SYSTEMP1
		ENDIF69
	D	 1110 KKKK DDDD KKKK	21
	K	 1110 KKKK 0101 KKKK	0
000D65	E050	LDI SYSVALUECOPY,0
	K	1001 001D DDDD 0000:KKKK KKKK KKKK KKKK	1407
	D	1001 001D DDDD 0000:0000 0101 0111 1111	21
000D66	9350 057F	STS CURRCHARCOL,SYSVALUECOPY
		SYSFORLOOP16
	D	1001 000D DDDD 0000:KKKK KKKK KKKK KKKK	6
	K	1001 0000 0110 0000:KKKK KKKK KKKK KKKK	1407
000D68	9060 057F	LDS SYSTEMP1,CURRCHARCOL
	D	 1001 010D DDDD 0011	6
000D6A	9463	INC SYSTEMP1
	K	1001 001D DDDD 0000:KKKK KKKK KKKK KKKK	1407
	D	1001 001D DDDD 0000:0000 0101 0111 1111	6
000D6B	9260 057F	STS CURRCHARCOL,SYSTEMP1
		SYSSELECT1CASE1
	D	1001 000D DDDD 0000:KKKK KKKK KKKK KKKK	22
	K	1001 0001 0110 0000:KKKK KKKK KKKK KKKK	1407
000D6D	9160 057F	LDS SYSCALCTEMPA,CURRCHARCOL
	D	 0011 KKKK DDDD KKKK	22
	K	 0011 KKKK 0110 KKKK	1
000D6F	3061	CPI SYSCALCTEMPA,1
	K	 1111 01KK KKKK K001	6
000D70	F431	BRNE SYSSELECT1CASE2
	D	1001 000D DDDD 0000:KKKK KKKK KKKK KKKK	26
	K	1001 0001 1010 0000:KKKK KKKK KKKK KKKK	1395
000D71	91A0 0573	LDS SYSSTRINGA,CHARCODE
	K	 1101 KKKK KKKK KKKK	3474
000D73	DD92	RCALL GLCDCHARCOL3
	K	1001 001D DDDD 0000:KKKK KKKK KKKK KKKK	1409
	D	1001 001D DDDD 0000:0000 0101 1000 0001	0
000D74	9200 0581	STS CURRCHARVAL,SYSBYTETEMPX
	K	 1100 KKKK KKKK KKKK	39
000D76	C027	RJMP SYSSELECTEND1
		SYSSELECT1CASE2
	D	1001 000D DDDD 0000:KKKK KKKK KKKK KKKK	22
	K	1001 0001 0110 0000:KKKK KKKK KKKK KKKK	1407
000D77	9160 057F	LDS SYSCALCTEMPA,CURRCHARCOL
	D	 0011 KKKK DDDD KKKK	22
	K	 0011 KKKK 0110 KKKK	2
000D79	3062	CPI SYSCALCTEMPA,2
	K	 1111 01KK KKKK K001	6
000D7A	F431	BRNE SYSSELECT1CASE3
	D	1001 000D DDDD 0000:KKKK KKKK KKKK KKKK	26
	K	1001 0001 1010 0000:KKKK KKKK KKKK KKKK	1395
000D7B	91A0 0573	LDS SYSSTRINGA,CHARCODE
	K	 1101 KKKK KKKK KKKK	3532
000D7D	DDCC	RCALL GLCDCHARCOL4
	K	1001 001D DDDD 0000:KKKK KKKK KKKK KKKK	1409
	D	1001 001D DDDD 0000:0000 0101 1000 0001	0
000D7E	9200 0581	STS CURRCHARVAL,SYSBYTETEMPX
	K	 1100 KKKK KKKK KKKK	29
000D80	C01D	RJMP SYSSELECTEND1
		SYSSELECT1CASE3
	D	1001 000D DDDD 0000:KKKK KKKK KKKK KKKK	22
	K	1001 0001 0110 0000:KKKK KKKK KKKK KKKK	1407
000D81	9160 057F	LDS SYSCALCTEMPA,CURRCHARCOL
	D	 0011 KKKK DDDD KKKK	22
	K	 0011 KKKK 0110 KKKK	3
000D83	3063	CPI SYSCALCTEMPA,3
	K	 1111 01KK KKKK K001	6
000D84	F431	BRNE SYSSELECT1CASE4
	D	1001 000D DDDD 0000:KKKK KKKK KKKK KKKK	26
	K	1001 0001 1010 0000:KKKK KKKK KKKK KKKK	1395
000D85	91A0 0573	LDS SYSSTRINGA,CHARCODE
	K	 1101 KKKK KKKK KKKK	3590
000D87	DE06	RCALL GLCDCHARCOL5
	K	1001 001D DDDD 0000:KKKK KKKK KKKK KKKK	1409
	D	1001 001D DDDD 0000:0000 0101 1000 0001	0
000D88	9200 0581	STS CURRCHARVAL,SYSBYTETEMPX
	K	 1100 KKKK KKKK KKKK	19
000D8A	C013	RJMP SYSSELECTEND1
		SYSSELECT1CASE4
	D	1001 000D DDDD 0000:KKKK KKKK KKKK KKKK	22
	K	1001 0001 0110 0000:KKKK KKKK KKKK KKKK	1407
000D8B	9160 057F	LDS SYSCALCTEMPA,CURRCHARCOL
	D	 0011 KKKK DDDD KKKK	22
	K	 0011 KKKK 0110 KKKK	4
000D8D	3064	CPI SYSCALCTEMPA,4
	K	 1111 01KK KKKK K001	6
000D8E	F431	BRNE SYSSELECT1CASE5
	D	1001 000D DDDD 0000:KKKK KKKK KKKK KKKK	26
	K	1001 0001 1010 0000:KKKK KKKK KKKK KKKK	1395
000D8F	91A0 0573	LDS SYSSTRINGA,CHARCODE
	K	 1101 KKKK KKKK KKKK	3648
000D91	DE40	RCALL GLCDCHARCOL6
	K	1001 001D DDDD 0000:KKKK KKKK KKKK KKKK	1409
	D	1001 001D DDDD 0000:0000 0101 1000 0001	0
000D92	9200 0581	STS CURRCHARVAL,SYSBYTETEMPX
	K	 1100 KKKK KKKK KKKK	9
000D94	C009	RJMP SYSSELECTEND1
		SYSSELECT1CASE5
	D	1001 000D DDDD 0000:KKKK KKKK KKKK KKKK	22
	K	1001 0001 0110 0000:KKKK KKKK KKKK KKKK	1407
000D95	9160 057F	LDS SYSCALCTEMPA,CURRCHARCOL
	D	 0011 KKKK DDDD KKKK	22
	K	 0011 KKKK 0110 KKKK	5
000D97	3065	CPI SYSCALCTEMPA,5
	K	 1111 01KK KKKK K001	5
000D98	F429	BRNE SYSSELECTEND1
	D	1001 000D DDDD 0000:KKKK KKKK KKKK KKKK	26
	K	1001 0001 1010 0000:KKKK KKKK KKKK KKKK	1395
000D99	91A0 0573	LDS SYSSTRINGA,CHARCODE
	K	 1101 KKKK KKKK KKKK	3706
000D9B	DE7A	RCALL GLCDCHARCOL7
	K	1001 001D DDDD 0000:KKKK KKKK KKKK KKKK	1409
	D	1001 001D DDDD 0000:0000 0101 1000 0001	0
000D9C	9200 0581	STS CURRCHARVAL,SYSBYTETEMPX
		SYSSELECTEND1
	D	 1110 KKKK DDDD KKKK	21
	K	 1110 KKKK 0101 KKKK	0
000D9E	E050	LDI SYSVALUECOPY,0
	K	1001 001D DDDD 0000:KKKK KKKK KKKK KKKK	1403
	D	1001 001D DDDD 0000:0000 0101 0111 1011	21
000D9F	9350 057B	STS CHARROW,SYSVALUECOPY
	K	1001 001D DDDD 0000:KKKK KKKK KKKK KKKK	1404
	D	1001 001D DDDD 0000:0000 0101 0111 1100	21
000DA1	9350 057C	STS CHARROW_H,SYSVALUECOPY
	D	 1110 KKKK DDDD KKKK	21
	K	 1110 KKKK 0101 KKKK	0
000DA3	E050	LDI SYSVALUECOPY,0
	K	1001 001D DDDD 0000:KKKK KKKK KKKK KKKK	1408
	D	1001 001D DDDD 0000:0000 0101 1000 0000	21
000DA4	9350 0580	STS CURRCHARROW,SYSVALUECOPY
		SYSFORLOOP17
	D	1001 000D DDDD 0000:KKKK KKKK KKKK KKKK	6
	K	1001 0000 0110 0000:KKKK KKKK KKKK KKKK	1408
000DA6	9060 0580	LDS SYSTEMP1,CURRCHARROW
	D	 1001 010D DDDD 0011	6
000DA8	9463	INC SYSTEMP1
	K	1001 001D DDDD 0000:KKKK KKKK KKKK KKKK	1408
	D	1001 001D DDDD 0000:0000 0101 1000 0000	6
000DA9	9260 0580	STS CURRCHARROW,SYSTEMP1
	D	 1110 KKKK DDDD KKKK	21
	K	 1110 KKKK 0101 KKKK	0
000DAB	E050	LDI SYSVALUECOPY,0
	K	1001 001D DDDD 0000:KKKK KKKK KKKK KKKK	1398
	D	1001 001D DDDD 0000:0000 0101 0111 0110	21
000DAC	9350 0576	STS CHARCOLS,SYSVALUECOPY
	D	 1110 KKKK DDDD KKKK	21
	K	 1110 KKKK 0101 KKKK	0
000DAE	E050	LDI SYSVALUECOPY,0
	K	1001 001D DDDD 0000:KKKK KKKK KKKK KKKK	1406
	D	1001 001D DDDD 0000:0000 0101 0111 1110	21
000DAF	9350 057E	STS COL,SYSVALUECOPY
	D	1001 000D DDDD 0000:KKKK KKKK KKKK KKKK	22
	K	1001 0001 0110 0000:KKKK KKKK KKKK KKKK	1431
000DB1	9160 0597	LDS SYSCALCTEMPA,GLCDFNTDEFAULTSIZE
	D	 0011 KKKK DDDD KKKK	22
	K	 0011 KKKK 0110 KKKK	1
000DB3	3061	CPI SYSCALCTEMPA,1
	K	 1111 01KK KKKK K000	1
000DB4	F408	BRSH ENDIF70
	K	 1100 KKKK KKKK KKKK	143
000DB5	C08F	RJMP SYSFORLOOPEND18
		ENDIF70
		SYSFORLOOP18
	D	1001 000D DDDD 0000:KKKK KKKK KKKK KKKK	6
	K	1001 0000 0110 0000:KKKK KKKK KKKK KKKK	1406
000DB6	9060 057E	LDS SYSTEMP1,COL
	D	 1001 010D DDDD 0011	6
000DB8	9463	INC SYSTEMP1
	K	1001 001D DDDD 0000:KKKK KKKK KKKK KKKK	1406
	D	1001 001D DDDD 0000:0000 0101 0111 1110	6
000DB9	9260 057E	STS COL,SYSTEMP1
	D	 1110 KKKK DDDD KKKK	21
	K	 1110 KKKK 0101 KKKK	0
000DBB	E050	LDI SYSVALUECOPY,0
	K	1001 001D DDDD 0000:KKKK KKKK KKKK KKKK	1405
	D	1001 001D DDDD 0000:0000 0101 0111 1101	21
000DBC	9350 057D	STS CHARROWS,SYSVALUECOPY
	D	 1110 KKKK DDDD KKKK	21
	K	 1110 KKKK 0101 KKKK	0
000DBE	E050	LDI SYSVALUECOPY,0
	K	1001 001D DDDD 0000:KKKK KKKK KKKK KKKK	1503
	D	1001 001D DDDD 0000:0000 0101 1101 1111	21
000DBF	9350 05DF	STS ROW,SYSVALUECOPY
	D	1001 000D DDDD 0000:KKKK KKKK KKKK KKKK	22
	K	1001 0001 0110 0000:KKKK KKKK KKKK KKKK	1431
000DC1	9160 0597	LDS SYSCALCTEMPA,GLCDFNTDEFAULTSIZE
	D	 0011 KKKK DDDD KKKK	22
	K	 0011 KKKK 0110 KKKK	1
000DC3	3061	CPI SYSCALCTEMPA,1
	K	 1111 01KK KKKK K000	1
000DC4	F408	BRSH ENDIF71
	K	 1100 KKKK KKKK KKKK	115
000DC5	C073	RJMP SYSFORLOOPEND19
		ENDIF71
		SYSFORLOOP19
	D	1001 000D DDDD 0000:KKKK KKKK KKKK KKKK	6
	K	1001 0000 0110 0000:KKKK KKKK KKKK KKKK	1503
000DC6	9060 05DF	LDS SYSTEMP1,ROW
	D	 1001 010D DDDD 0011	6
000DC8	9463	INC SYSTEMP1
	K	1001 001D DDDD 0000:KKKK KKKK KKKK KKKK	1503
	D	1001 001D DDDD 0000:0000 0101 1101 1111	6
000DC9	9260 05DF	STS ROW,SYSTEMP1
	D	1001 000D DDDD 0000:KKKK KKKK KKKK KKKK	5
	K	1001 0000 0101 0000:KKKK KKKK KKKK KKKK	1409
000DCB	9050 0581	LDS SYSBITTEST,CURRCHARVAL
	R	 1111 111R RRRR 0BBB	5
	B	 1111 1110 0101 0BBB	0
000DCD	FE50	SBRS SYSBITTEST,0
	K	 1100 KKKK KKKK KKKK	32
000DCE	C020	RJMP ELSE72_1
	D	1001 000D DDDD 0000:KKKK KKKK KKKK KKKK	10
	K	1001 0000 1010 0000:KKKK KKKK KKKK KKKK	1399
000DCF	90A0 0577	LDS SYSTEMP2,CHARLOCX
	D	1001 000D DDDD 0000:KKKK KKKK KKKK KKKK	16
	K	1001 0001 0000 0000:KKKK KKKK KKKK KKKK	1396
000DD1	9100 0574	LDS SYSTEMP3,CHARCOL
	D	 0000 11RD DDDD RRRR	10
	R	 0000 11R0 1010 RRRR	16
000DD3	0EA0	ADD SYSTEMP2,SYSTEMP3
	D	 0010 11RD DDDD RRRR	6
	R	 0010 11R0 0110 RRRR	10
000DD4	2C6A	MOV SYSTEMP1,SYSTEMP2
	D	1001 000D DDDD 0000:KKKK KKKK KKKK KKKK	10
	K	1001 0000 1010 0000:KKKK KKKK KKKK KKKK	1398
000DD5	90A0 0576	LDS SYSTEMP2,CHARCOLS
	D	 0000 11RD DDDD RRRR	6
	R	 0000 11R0 0110 RRRR	10
000DD7	0C6A	ADD SYSTEMP1,SYSTEMP2
	K	1001 001D DDDD 0000:KKKK KKKK KKKK KKKK	1441
	D	1001 001D DDDD 0000:0000 0101 1010 0001	6
000DD8	9260 05A1	STS GLCDX,SYSTEMP1
	D	1001 000D DDDD 0000:KKKK KKKK KKKK KKKK	10
	K	1001 0000 1010 0000:KKKK KKKK KKKK KKKK	1401
000DDA	90A0 0579	LDS SYSTEMP2,CHARLOCY
	D	1001 000D DDDD 0000:KKKK KKKK KKKK KKKK	16
	K	1001 0001 0000 0000:KKKK KKKK KKKK KKKK	1403
000DDC	9100 057B	LDS SYSTEMP3,CHARROW
	D	 0000 11RD DDDD RRRR	10
	R	 0000 11R0 1010 RRRR	16
000DDE	0EA0	ADD SYSTEMP2,SYSTEMP3
	D	 0010 11RD DDDD RRRR	6
	R	 0010 11R0 0110 RRRR	10
000DDF	2C6A	MOV SYSTEMP1,SYSTEMP2
	D	1001 000D DDDD 0000:KKKK KKKK KKKK KKKK	10
	K	1001 0000 1010 0000:KKKK KKKK KKKK KKKK	1405
000DE0	90A0 057D	LDS SYSTEMP2,CHARROWS
	D	 0000 11RD DDDD RRRR	6
	R	 0000 11R0 0110 RRRR	10
000DE2	0C6A	ADD SYSTEMP1,SYSTEMP2
	K	1001 001D DDDD 0000:KKKK KKKK KKKK KKKK	1442
	D	1001 001D DDDD 0000:0000 0101 1010 0010	6
000DE3	9260 05A2	STS GLCDY,SYSTEMP1
	D	1001 000D DDDD 0000:KKKK KKKK KKKK KKKK	21
	K	1001 0001 0101 0000:KKKK KKKK KKKK KKKK	1459
000DE5	9150 05B3	LDS SYSVALUECOPY,LINECOLOUR
	K	1001 001D DDDD 0000:KKKK KKKK KKKK KKKK	1426
	D	1001 001D DDDD 0000:0000 0101 1001 0010	21
000DE7	9350 0592	STS GLCDCOLOUR,SYSVALUECOPY
	D	1001 000D DDDD 0000:KKKK KKKK KKKK KKKK	21
	K	1001 0001 0101 0000:KKKK KKKK KKKK KKKK	1460
000DE9	9150 05B4	LDS SYSVALUECOPY,LINECOLOUR_H
	K	1001 001D DDDD 0000:KKKK KKKK KKKK KKKK	1427
	D	1001 001D DDDD 0000:0000 0101 1001 0011	21
000DEB	9350 0593	STS GLCDCOLOUR_H,SYSVALUECOPY
	K	 1101 KKKK KKKK KKKK	888
000DED	D378	RCALL PSET_SSD1309
	K	 1100 KKKK KKKK KKKK	31
000DEE	C01F	RJMP ENDIF72
		ELSE72_1
	D	1001 000D DDDD 0000:KKKK KKKK KKKK KKKK	10
	K	1001 0000 1010 0000:KKKK KKKK KKKK KKKK	1399
000DEF	90A0 0577	LDS SYSTEMP2,CHARLOCX
	D	1001 000D DDDD 0000:KKKK KKKK KKKK KKKK	16
	K	1001 0001 0000 0000:KKKK KKKK KKKK KKKK	1396
000DF1	9100 0574	LDS SYSTEMP3,CHARCOL
	D	 0000 11RD DDDD RRRR	10
	R	 0000 11R0 1010 RRRR	16
000DF3	0EA0	ADD SYSTEMP2,SYSTEMP3
	D	 0010 11RD DDDD RRRR	6
	R	 0010 11R0 0110 RRRR	10
000DF4	2C6A	MOV SYSTEMP1,SYSTEMP2
	D	1001 000D DDDD 0000:KKKK KKKK KKKK KKKK	10
	K	1001 0000 1010 0000:KKKK KKKK KKKK KKKK	1398
000DF5	90A0 0576	LDS SYSTEMP2,CHARCOLS
	D	 0000 11RD DDDD RRRR	6
	R	 0000 11R0 0110 RRRR	10
000DF7	0C6A	ADD SYSTEMP1,SYSTEMP2
	K	1001 001D DDDD 0000:KKKK KKKK KKKK KKKK	1441
	D	1001 001D DDDD 0000:0000 0101 1010 0001	6
000DF8	9260 05A1	STS GLCDX,SYSTEMP1
	D	1001 000D DDDD 0000:KKKK KKKK KKKK KKKK	10
	K	1001 0000 1010 0000:KKKK KKKK KKKK KKKK	1401
000DFA	90A0 0579	LDS SYSTEMP2,CHARLOCY
	D	1001 000D DDDD 0000:KKKK KKKK KKKK KKKK	16
	K	1001 0001 0000 0000:KKKK KKKK KKKK KKKK	1403
000DFC	9100 057B	LDS SYSTEMP3,CHARROW
	D	 0000 11RD DDDD RRRR	10
	R	 0000 11R0 1010 RRRR	16
000DFE	0EA0	ADD SYSTEMP2,SYSTEMP3
	D	 0010 11RD DDDD RRRR	6
	R	 0010 11R0 0110 RRRR	10
000DFF	2C6A	MOV SYSTEMP1,SYSTEMP2
	D	1001 000D DDDD 0000:KKKK KKKK KKKK KKKK	10
	K	1001 0000 1010 0000:KKKK KKKK KKKK KKKK	1405
000E00	90A0 057D	LDS SYSTEMP2,CHARROWS
	D	 0000 11RD DDDD RRRR	6
	R	 0000 11R0 0110 RRRR	10
000E02	0C6A	ADD SYSTEMP1,SYSTEMP2
	K	1001 001D DDDD 0000:KKKK KKKK KKKK KKKK	1442
	D	1001 001D DDDD 0000:0000 0101 1010 0010	6
000E03	9260 05A2	STS GLCDY,SYSTEMP1
	D	1001 000D DDDD 0000:KKKK KKKK KKKK KKKK	21
	K	1001 0001 0101 0000:KKKK KKKK KKKK KKKK	1422
000E05	9150 058E	LDS SYSVALUECOPY,GLCDBACKGROUND
	K	1001 001D DDDD 0000:KKKK KKKK KKKK KKKK	1426
	D	1001 001D DDDD 0000:0000 0101 1001 0010	21
000E07	9350 0592	STS GLCDCOLOUR,SYSVALUECOPY
	D	1001 000D DDDD 0000:KKKK KKKK KKKK KKKK	21
	K	1001 0001 0101 0000:KKKK KKKK KKKK KKKK	1423
000E09	9150 058F	LDS SYSVALUECOPY,GLCDBACKGROUND_H
	K	1001 001D DDDD 0000:KKKK KKKK KKKK KKKK	1427
	D	1001 001D DDDD 0000:0000 0101 1001 0011	21
000E0B	9350 0593	STS GLCDCOLOUR_H,SYSVALUECOPY
	K	 1101 KKKK KKKK KKKK	856
000E0D	D358	RCALL PSET_SSD1309
		ENDIF72
	D	1001 000D DDDD 0000:KKKK KKKK KKKK KKKK	22
	K	1001 0001 0110 0000:KKKK KKKK KKKK KKKK	1432
000E0E	9160 0598	LDS SYSBYTETEMPA,GLCDFONTWIDTH
	D	1001 000D DDDD 0000:KKKK KKKK KKKK KKKK	28
	K	1001 0001 1100 0000:KKKK KKKK KKKK KKKK	1431
000E10	91C0 0597	LDS SYSBYTETEMPB,GLCDFNTDEFAULTSIZE
	D	 1001 11RD DDDD RRRR	22
	R	 1001 11R1 0110 RRRR	28
000E12	9F6C	MUL SYSBYTETEMPA,SYSBYTETEMPB
	D	 0010 11RD DDDD RRRR	6
	R	 0010 11R0 0110 RRRR	0
000E13	2C60	MOV SYSTEMP1,SYSBYTETEMPX
	D	1001 000D DDDD 0000:KKKK KKKK KKKK KKKK	10
	K	1001 0000 1010 0000:KKKK KKKK KKKK KKKK	1399
000E14	90A0 0577	LDS SYSTEMP2,CHARLOCX
	D	 0000 11RD DDDD RRRR	10
	R	 0000 11R0 1010 RRRR	6
000E16	0CA6	ADD SYSTEMP2,SYSTEMP1
	K	1001 001D DDDD 0000:KKKK KKKK KKKK KKKK	1441
	D	1001 001D DDDD 0000:0000 0101 1010 0001	10
000E17	92A0 05A1	STS GLCDX,SYSTEMP2
	D	1001 000D DDDD 0000:KKKK KKKK KKKK KKKK	10
	K	1001 0000 1010 0000:KKKK KKKK KKKK KKKK	1401
000E19	90A0 0579	LDS SYSTEMP2,CHARLOCY
	D	1001 000D DDDD 0000:KKKK KKKK KKKK KKKK	16
	K	1001 0001 0000 0000:KKKK KKKK KKKK KKKK	1403
000E1B	9100 057B	LDS SYSTEMP3,CHARROW
	D	 0000 11RD DDDD RRRR	10
	R	 0000 11R0 1010 RRRR	16
000E1D	0EA0	ADD SYSTEMP2,SYSTEMP3
	D	 0010 11RD DDDD RRRR	6
	R	 0010 11R0 0110 RRRR	10
000E1E	2C6A	MOV SYSTEMP1,SYSTEMP2
	D	1001 000D DDDD 0000:KKKK KKKK KKKK KKKK	10
	K	1001 0000 1010 0000:KKKK KKKK KKKK KKKK	1405
000E1F	90A0 057D	LDS SYSTEMP2,CHARROWS
	D	 0000 11RD DDDD RRRR	6
	R	 0000 11R0 0110 RRRR	10
000E21	0C6A	ADD SYSTEMP1,SYSTEMP2
	K	1001 001D DDDD 0000:KKKK KKKK KKKK KKKK	1442
	D	1001 001D DDDD 0000:0000 0101 1010 0010	6
000E22	9260 05A2	STS GLCDY,SYSTEMP1
	D	1001 000D DDDD 0000:KKKK KKKK KKKK KKKK	21
	K	1001 0001 0101 0000:KKKK KKKK KKKK KKKK	1422
000E24	9150 058E	LDS SYSVALUECOPY,GLCDBACKGROUND
	K	1001 001D DDDD 0000:KKKK KKKK KKKK KKKK	1426
	D	1001 001D DDDD 0000:0000 0101 1001 0010	21
000E26	9350 0592	STS GLCDCOLOUR,SYSVALUECOPY
	D	1001 000D DDDD 0000:KKKK KKKK KKKK KKKK	21
	K	1001 0001 0101 0000:KKKK KKKK KKKK KKKK	1423
000E28	9150 058F	LDS SYSVALUECOPY,GLCDBACKGROUND_H
	K	1001 001D DDDD 0000:KKKK KKKK KKKK KKKK	1427
	D	1001 001D DDDD 0000:0000 0101 1001 0011	21
000E2A	9350 0593	STS GLCDCOLOUR_H,SYSVALUECOPY
	K	 1101 KKKK KKKK KKKK	825
000E2C	D339	RCALL PSET_SSD1309
	D	1001 000D DDDD 0000:KKKK KKKK KKKK KKKK	6
	K	1001 0000 0110 0000:KKKK KKKK KKKK KKKK	1405
000E2D	9060 057D	LDS SYSTEMP1,CHARROWS
	D	 1001 010D DDDD 0011	6
000E2F	9463	INC SYSTEMP1
	K	1001 001D DDDD 0000:KKKK KKKK KKKK KKKK	1405
	D	1001 001D DDDD 0000:0000 0101 0111 1101	6
000E30	9260 057D	STS CHARROWS,SYSTEMP1
	D	1001 000D DDDD 0000:KKKK KKKK KKKK KKKK	22
	K	1001 0001 0110 0000:KKKK KKKK KKKK KKKK	1503
000E32	9160 05DF	LDS SYSCALCTEMPA,ROW
	D	1001 000D DDDD 0000:KKKK KKKK KKKK KKKK	28
	K	1001 0001 1100 0000:KKKK KKKK KKKK KKKK	1431
000E34	91C0 0597	LDS SYSCALCTEMPB,GLCDFNTDEFAULTSIZE
	D	 0001 01RD DDDD RRRR	22
	R	 0001 01R1 0110 RRRR	28
000E36	176C	CP SYSCALCTEMPA,SYSCALCTEMPB
	K	 1111 01KK KKKK K000	1
000E37	F408	BRSH ENDIF73
	K	 1100 KKKK KKKK KKKK	3981
000E38	CF8D	RJMP SYSFORLOOP19
		ENDIF73
		SYSFORLOOPEND19
	D	1001 000D DDDD 0000:KKKK KKKK KKKK KKKK	6
	K	1001 0000 0110 0000:KKKK KKKK KKKK KKKK	1398
000E39	9060 0576	LDS SYSTEMP1,CHARCOLS
	D	 1001 010D DDDD 0011	6
000E3B	9463	INC SYSTEMP1
	K	1001 001D DDDD 0000:KKKK KKKK KKKK KKKK	1398
	D	1001 001D DDDD 0000:0000 0101 0111 0110	6
000E3C	9260 0576	STS CHARCOLS,SYSTEMP1
	D	1001 000D DDDD 0000:KKKK KKKK KKKK KKKK	22
	K	1001 0001 0110 0000:KKKK KKKK KKKK KKKK	1406
000E3E	9160 057E	LDS SYSCALCTEMPA,COL
	D	1001 000D DDDD 0000:KKKK KKKK KKKK KKKK	28
	K	1001 0001 1100 0000:KKKK KKKK KKKK KKKK	1431
000E40	91C0 0597	LDS SYSCALCTEMPB,GLCDFNTDEFAULTSIZE
	D	 0001 01RD DDDD RRRR	22
	R	 0001 01R1 0110 RRRR	28
000E42	176C	CP SYSCALCTEMPA,SYSCALCTEMPB
	K	 1111 01KK KKKK K000	1
000E43	F408	BRSH ENDIF74
	K	 1100 KKKK KKKK KKKK	3953
000E44	CF71	RJMP SYSFORLOOP18
		ENDIF74
		SYSFORLOOPEND18
	D	1001 000D DDDD 0000:KKKK KKKK KKKK KKKK	21
	K	1001 0001 0101 0000:KKKK KKKK KKKK KKKK	1409
000E45	9150 0581	LDS SYSVALUECOPY,CURRCHARVAL
	D	 1001 010D DDDD 0111	21
000E47	9557	ROR SYSVALUECOPY
	K	1001 001D DDDD 0000:KKKK KKKK KKKK KKKK	1409
	D	1001 001D DDDD 0000:0000 0101 1000 0001	21
000E48	9350 0581	STS CURRCHARVAL,SYSVALUECOPY
	D	1001 000D DDDD 0000:KKKK KKKK KKKK KKKK	6
	K	1001 0000 0110 0000:KKKK KKKK KKKK KKKK	1403
000E4A	9060 057B	LDS SYSTEMP1,CHARROW
	D	1001 000D DDDD 0000:KKKK KKKK KKKK KKKK	10
	K	1001 0000 1010 0000:KKKK KKKK KKKK KKKK	1431
000E4C	90A0 0597	LDS SYSTEMP2,GLCDFNTDEFAULTSIZE
	D	 0000 11RD DDDD RRRR	6
	R	 0000 11R0 0110 RRRR	10
000E4E	0C6A	ADD SYSTEMP1,SYSTEMP2
	K	1001 001D DDDD 0000:KKKK KKKK KKKK KKKK	1403
	D	1001 001D DDDD 0000:0000 0101 0111 1011	6
000E4F	9260 057B	STS CHARROW,SYSTEMP1
	D	1001 000D DDDD 0000:KKKK KKKK KKKK KKKK	6
	K	1001 0000 0110 0000:KKKK KKKK KKKK KKKK	1404
000E51	9060 057C	LDS SYSTEMP1,CHARROW_H
	D	 1110 KKKK DDDD KKKK	16
	K	 1110 KKKK 0000 KKKK	0
000E53	E000	LDI SYSTEMP3,0
	D	 0001 11RD DDDD RRRR	6
	R	 0001 11R0 0110 RRRR	16
000E54	1E60	ADC SYSTEMP1,SYSTEMP3
	K	1001 001D DDDD 0000:KKKK KKKK KKKK KKKK	1404
	D	1001 001D DDDD 0000:0000 0101 0111 1100	6
000E55	9260 057C	STS CHARROW_H,SYSTEMP1
	D	1001 000D DDDD 0000:KKKK KKKK KKKK KKKK	22
	K	1001 0001 0110 0000:KKKK KKKK KKKK KKKK	1408
000E57	9160 0580	LDS SYSCALCTEMPA,CURRCHARROW
	D	 0011 KKKK DDDD KKKK	22
	K	 0011 KKKK 0110 KKKK	8
000E59	3068	CPI SYSCALCTEMPA,8
	K	 1111 01KK KKKK K000	1
000E5A	F408	BRSH ENDIF75
	K	 1100 KKKK KKKK KKKK	3914
000E5B	CF4A	RJMP SYSFORLOOP17
		ENDIF75
		SYSFORLOOPEND17
	D	1001 000D DDDD 0000:KKKK KKKK KKKK KKKK	6
	K	1001 0000 0110 0000:KKKK KKKK KKKK KKKK	1396
000E5C	9060 0574	LDS SYSTEMP1,CHARCOL
	D	1001 000D DDDD 0000:KKKK KKKK KKKK KKKK	10
	K	1001 0000 1010 0000:KKKK KKKK KKKK KKKK	1431
000E5E	90A0 0597	LDS SYSTEMP2,GLCDFNTDEFAULTSIZE
	D	 0000 11RD DDDD RRRR	6
	R	 0000 11R0 0110 RRRR	10
000E60	0C6A	ADD SYSTEMP1,SYSTEMP2
	K	1001 001D DDDD 0000:KKKK KKKK KKKK KKKK	1396
	D	1001 001D DDDD 0000:0000 0101 0111 0100	6
000E61	9260 0574	STS CHARCOL,SYSTEMP1
	D	1001 000D DDDD 0000:KKKK KKKK KKKK KKKK	6
	K	1001 0000 0110 0000:KKKK KKKK KKKK KKKK	1397
000E63	9060 0575	LDS SYSTEMP1,CHARCOL_H
	D	 1110 KKKK DDDD KKKK	16
	K	 1110 KKKK 0000 KKKK	0
000E65	E000	LDI SYSTEMP3,0
	D	 0001 11RD DDDD RRRR	6
	R	 0001 11R0 0110 RRRR	16
000E66	1E60	ADC SYSTEMP1,SYSTEMP3
	K	1001 001D DDDD 0000:KKKK KKKK KKKK KKKK	1397
	D	1001 001D DDDD 0000:0000 0101 0111 0101	6
000E67	9260 0575	STS CHARCOL_H,SYSTEMP1
	D	1001 000D DDDD 0000:KKKK KKKK KKKK KKKK	22
	K	1001 0001 0110 0000:KKKK KKKK KKKK KKKK	1407
000E69	9160 057F	LDS SYSCALCTEMPA,CURRCHARCOL
	D	 0011 KKKK DDDD KKKK	22
	K	 0011 KKKK 0110 KKKK	5
000E6B	3065	CPI SYSCALCTEMPA,5
	K	 1111 01KK KKKK K000	1
000E6C	F408	BRSH ENDIF76
	K	 1100 KKKK KKKK KKKK	3834
000E6D	CEFA	RJMP SYSFORLOOP16
		ENDIF76
		SYSFORLOOPEND16
	D	 1110 KKKK DDDD KKKK	21
	K	 1110 KKKK 0101 KKKK	0
000E6E	E050	LDI SYSVALUECOPY,0
	K	1001 001D DDDD 0000:KKKK KKKK KKKK KKKK	1422
	D	1001 001D DDDD 0000:0000 0101 1000 1110	21
000E6F	9350 058E	STS GLCDBACKGROUND,SYSVALUECOPY
	K	1001 001D DDDD 0000:KKKK KKKK KKKK KKKK	1423
	D	1001 001D DDDD 0000:0000 0101 1000 1111	21
000E71	9350 058F	STS GLCDBACKGROUND_H,SYSVALUECOPY
	D	 1110 KKKK DDDD KKKK	21
	K	 1110 KKKK 0101 KKKK	1
000E73	E051	LDI SYSVALUECOPY,1
	K	1001 001D DDDD 0000:KKKK KKKK KKKK KKKK	1433
	D	1001 001D DDDD 0000:0000 0101 1001 1001	21
000E74	9350 0599	STS GLCDFOREGROUND,SYSVALUECOPY
	D	 1110 KKKK DDDD KKKK	21
	K	 1110 KKKK 0101 KKKK	0
000E76	E050	LDI SYSVALUECOPY,0
	K	1001 001D DDDD 0000:KKKK KKKK KKKK KKKK	1434
	D	1001 001D DDDD 0000:0000 0101 1001 1010	21
000E77	9350 059A	STS GLCDFOREGROUND_H,SYSVALUECOPY
000E79	9508	RET


		GLCDDRAWSTRING
	D	1001 000D DDDD 0000:KKKK KKKK KKKK KKKK	21
	K	1001 0001 0101 0000:KKKK KKKK KKKK KKKK	1510
000E7A	9150 05E6	LDS SYSVALUECOPY,STRINGLOCX
	K	1001 001D DDDD 0000:KKKK KKKK KKKK KKKK	1436
	D	1001 001D DDDD 0000:0000 0101 1001 1100	21
000E7C	9350 059C	STS GLCDPRINTLOC,SYSVALUECOPY
	D	 1110 KKKK DDDD KKKK	21
	K	 1110 KKKK 0101 KKKK	0
000E7E	E050	LDI SYSVALUECOPY,0
	K	1001 001D DDDD 0000:KKKK KKKK KKKK KKKK	1437
	D	1001 001D DDDD 0000:0000 0101 1001 1101	21
000E7F	9350 059D	STS GLCDPRINTLOC_H,SYSVALUECOPY
	D	 1110 KKKK DDDD KKKK	21
	K	 1110 KKKK 0101 KKKK	0
000E81	E050	LDI SYSVALUECOPY,0
	K	1001 001D DDDD 0000:KKKK KKKK KKKK KKKK	1551
	D	1001 001D DDDD 0000:0000 0110 0000 1111	21
000E82	9350 060F	STS XCHAR,SYSVALUECOPY
	D	1001 000D DDDD 0000:KKKK KKKK KKKK KKKK	26
	K	1001 0001 1010 0000:KKKK KKKK KKKK KKKK	1515
000E84	91A0 05EB	LDS SYSSTRINGA,SYSCHARSHANDLER
	D	1001 000D DDDD 0000:KKKK KKKK KKKK KKKK	27
	K	1001 0001 1011 0000:KKKK KKKK KKKK KKKK	1516
000E86	91B0 05EC	LDS SYSSTRINGA_H,SYSCHARSHANDLER_H
	D	 100S 000D DDDD SSSS	22
	S	 100S 0001 0110 SSSS	28
000E88	916C	LD SYSCALCTEMPA,X
	D	 0011 KKKK DDDD KKKK	22
	K	 0011 KKKK 0110 KKKK	1
000E89	3061	CPI SYSCALCTEMPA,1
	K	 1111 01KK KKKK K000	1
000E8A	F408	BRSH ENDIF13
	K	 1100 KKKK KKKK KKKK	60
000E8B	C03C	RJMP SYSFORLOOPEND6
		ENDIF13
		SYSFORLOOP6
	D	1001 000D DDDD 0000:KKKK KKKK KKKK KKKK	6
	K	1001 0000 0110 0000:KKKK KKKK KKKK KKKK	1551
000E8C	9060 060F	LDS SYSTEMP1,XCHAR
	D	 1001 010D DDDD 0011	6
000E8E	9463	INC SYSTEMP1
	K	1001 001D DDDD 0000:KKKK KKKK KKKK KKKK	1551
	D	1001 001D DDDD 0000:0000 0110 0000 1111	6
000E8F	9260 060F	STS XCHAR,SYSTEMP1
	D	1001 000D DDDD 0000:KKKK KKKK KKKK KKKK	21
	K	1001 0001 0101 0000:KKKK KKKK KKKK KKKK	1436
000E91	9150 059C	LDS SYSVALUECOPY,GLCDPRINTLOC
	K	1001 001D DDDD 0000:KKKK KKKK KKKK KKKK	1399
	D	1001 001D DDDD 0000:0000 0101 0111 0111	21
000E93	9350 0577	STS CHARLOCX,SYSVALUECOPY
	D	1001 000D DDDD 0000:KKKK KKKK KKKK KKKK	21
	K	1001 0001 0101 0000:KKKK KKKK KKKK KKKK	1437
000E95	9150 059D	LDS SYSVALUECOPY,GLCDPRINTLOC_H
	K	1001 001D DDDD 0000:KKKK KKKK KKKK KKKK	1400
	D	1001 001D DDDD 0000:0000 0101 0111 1000	21
000E97	9350 0578	STS CHARLOCX_H,SYSVALUECOPY
	D	1001 000D DDDD 0000:KKKK KKKK KKKK KKKK	6
	K	1001 0000 0110 0000:KKKK KKKK KKKK KKKK	1515
000E99	9060 05EB	LDS SYSTEMP1,SYSCHARSHANDLER
	D	1001 000D DDDD 0000:KKKK KKKK KKKK KKKK	10
	K	1001 0000 1010 0000:KKKK KKKK KKKK KKKK	1551
000E9B	90A0 060F	LDS SYSTEMP2,XCHAR
	D	 0000 11RD DDDD RRRR	6
	R	 0000 11R0 0110 RRRR	10
000E9D	0C6A	ADD SYSTEMP1,SYSTEMP2
	D	 0010 11RD DDDD RRRR	26
	R	 0010 11R1 1010 RRRR	6
000E9E	2DA6	MOV SYSSTRINGA,SYSTEMP1
	D	1001 000D DDDD 0000:KKKK KKKK KKKK KKKK	6
	K	1001 0000 0110 0000:KKKK KKKK KKKK KKKK	1516
000E9F	9060 05EC	LDS SYSTEMP1,SYSCHARSHANDLER_H
	D	 1110 KKKK DDDD KKKK	16
	K	 1110 KKKK 0000 KKKK	0
000EA1	E000	LDI SYSTEMP3,0
	D	 0001 11RD DDDD RRRR	6
	R	 0001 11R0 0110 RRRR	16
000EA2	1E60	ADC SYSTEMP1,SYSTEMP3
	D	 0010 11RD DDDD RRRR	27
	R	 0010 11R1 1011 RRRR	6
000EA3	2DB6	MOV SYSSTRINGA_H,SYSTEMP1
	D	 100S 000D DDDD SSSS	21
	S	 100S 0001 0101 SSSS	28
000EA4	915C	LD SYSVALUECOPY,X
	K	1001 001D DDDD 0000:KKKK KKKK KKKK KKKK	1395
	D	1001 001D DDDD 0000:0000 0101 0111 0011	21
000EA5	9350 0573	STS CHARCODE,SYSVALUECOPY
	K	 1101 KKKK KKKK KKKK	3702
000EA7	DE76	RCALL GLCDDRAWCHAR_SSD1309
	D	1001 000D DDDD 0000:KKKK KKKK KKKK KKKK	22
	K	1001 0001 0110 0000:KKKK KKKK KKKK KKKK	1432
000EA8	9160 0598	LDS SYSBYTETEMPA,GLCDFONTWIDTH
	D	1001 000D DDDD 0000:KKKK KKKK KKKK KKKK	28
	K	1001 0001 1100 0000:KKKK KKKK KKKK KKKK	1431
000EAA	91C0 0597	LDS SYSBYTETEMPB,GLCDFNTDEFAULTSIZE
	D	 1001 11RD DDDD RRRR	22
	R	 1001 11R1 0110 RRRR	28
000EAC	9F6C	MUL SYSBYTETEMPA,SYSBYTETEMPB
	D	 0010 11RD DDDD RRRR	6
	R	 0010 11R0 0110 RRRR	0
000EAD	2C60	MOV SYSTEMP1,SYSBYTETEMPX
	D	1001 000D DDDD 0000:KKKK KKKK KKKK KKKK	16
	K	1001 0001 0000 0000:KKKK KKKK KKKK KKKK	1436
000EAE	9100 059C	LDS SYSTEMP3,GLCDPRINTLOC
	D	 0000 11RD DDDD RRRR	16
	R	 0000 11R1 0000 RRRR	6
000EB0	0D06	ADD SYSTEMP3,SYSTEMP1
	D	 0010 11RD DDDD RRRR	10
	R	 0010 11R0 1010 RRRR	16
000EB1	2EA0	MOV SYSTEMP2,SYSTEMP3
	D	1001 000D DDDD 0000:KKKK KKKK KKKK KKKK	6
	K	1001 0000 0110 0000:KKKK KKKK KKKK KKKK	1437
000EB2	9060 059D	LDS SYSTEMP1,GLCDPRINTLOC_H
	D	 1110 KKKK DDDD KKKK	16
	K	 1110 KKKK 0000 KKKK	0
000EB4	E000	LDI SYSTEMP3,0
	D	 0001 11RD DDDD RRRR	6
	R	 0001 11R0 0110 RRRR	16
000EB5	1E60	ADC SYSTEMP1,SYSTEMP3
	D	 0010 11RD DDDD RRRR	11
	R	 0010 11R0 1011 RRRR	6
000EB6	2CB6	MOV SYSTEMP2_H,SYSTEMP1
	D	 1110 KKKK DDDD KKKK	16
	K	 1110 KKKK 0000 KKKK	1
000EB7	E001	LDI SYSTEMP3,1
	D	 0000 11RD DDDD RRRR	10
	R	 0000 11R0 1010 RRRR	16
000EB8	0EA0	ADD SYSTEMP2,SYSTEMP3
	K	1001 001D DDDD 0000:KKKK KKKK KKKK KKKK	1436
	D	1001 001D DDDD 0000:0000 0101 1001 1100	10
000EB9	92A0 059C	STS GLCDPRINTLOC,SYSTEMP2
	D	 1110 KKKK DDDD KKKK	16
	K	 1110 KKKK 0000 KKKK	0
000EBB	E000	LDI SYSTEMP3,0
	D	 0001 11RD DDDD RRRR	11
	R	 0001 11R0 1011 RRRR	16
000EBC	1EB0	ADC SYSTEMP2_H,SYSTEMP3
	K	1001 001D DDDD 0000:KKKK KKKK KKKK KKKK	1437
	D	1001 001D DDDD 0000:0000 0101 1001 1101	11
000EBD	92B0 059D	STS GLCDPRINTLOC_H,SYSTEMP2_H
	D	1001 000D DDDD 0000:KKKK KKKK KKKK KKKK	26
	K	1001 0001 1010 0000:KKKK KKKK KKKK KKKK	1515
000EBF	91A0 05EB	LDS SYSSTRINGA,SYSCHARSHANDLER
	D	1001 000D DDDD 0000:KKKK KKKK KKKK KKKK	27
	K	1001 0001 1011 0000:KKKK KKKK KKKK KKKK	1516
000EC1	91B0 05EC	LDS SYSSTRINGA_H,SYSCHARSHANDLER_H
	D	1001 000D DDDD 0000:KKKK KKKK KKKK KKKK	22
	K	1001 0001 0110 0000:KKKK KKKK KKKK KKKK	1551
000EC3	9160 060F	LDS SYSCALCTEMPA,XCHAR
	D	 100S 000D DDDD SSSS	28
	S	 100S 0001 1100 SSSS	28
000EC5	91CC	LD SYSCALCTEMPB,X
	D	 0001 01RD DDDD RRRR	22
	R	 0001 01R1 0110 RRRR	28
000EC6	176C	CP SYSCALCTEMPA,SYSCALCTEMPB
	K	 1111 00KK KKKK K000	68
000EC7	F220	BRLO SYSFORLOOP6
		SYSFORLOOPEND6
000EC8	9508	RET


		GLCDPRINT4
	D	1001 000D DDDD 0000:KKKK KKKK KKKK KKKK	26
	K	1001 0001 1010 0000:KKKK KKKK KKKK KKKK	1521
000EC9	91A0 05F1	LDS SYSSTRINGA,SYSLCDPRINTDATAHANDLER
	D	1001 000D DDDD 0000:KKKK KKKK KKKK KKKK	27
	K	1001 0001 1011 0000:KKKK KKKK KKKK KKKK	1522
000ECB	91B0 05F2	LDS SYSSTRINGA_H,SYSLCDPRINTDATAHANDLER_H
	D	 100S 000D DDDD SSSS	21
	S	 100S 0001 0101 SSSS	28
000ECD	915C	LD SYSVALUECOPY,X
	K	1001 001D DDDD 0000:KKKK KKKK KKKK KKKK	1435
	D	1001 001D DDDD 0000:0000 0101 1001 1011	21
000ECE	9350 059B	STS GLCDPRINTLEN,SYSVALUECOPY
	D	1001 000D DDDD 0000:KKKK KKKK KKKK KKKK	22
	K	1001 0001 0110 0000:KKKK KKKK KKKK KKKK	1435
000ED0	9160 059B	LDS SYSCALCTEMPA,GLCDPRINTLEN
	D	 0010 00RD DDDD RRRR	22
	R	 0010 00R1 0110 RRRR	22
000ED2	2366	TST SYSCALCTEMPA
	K	 1111 01KK KKKK K001	1
000ED3	F409	BRNE ENDIF8
000ED4	9508	RET
		ENDIF8
	D	1001 000D DDDD 0000:KKKK KKKK KKKK KKKK	21
	K	1001 0001 0101 0000:KKKK KKKK KKKK KKKK	1495
000ED5	9150 05D7	LDS SYSVALUECOPY,PRINTLOCX
	K	1001 001D DDDD 0000:KKKK KKKK KKKK KKKK	1436
	D	1001 001D DDDD 0000:0000 0101 1001 1100	21
000ED7	9350 059C	STS GLCDPRINTLOC,SYSVALUECOPY
	D	1001 000D DDDD 0000:KKKK KKKK KKKK KKKK	21
	K	1001 0001 0101 0000:KKKK KKKK KKKK KKKK	1496
000ED9	9150 05D8	LDS SYSVALUECOPY,PRINTLOCX_H
	K	1001 001D DDDD 0000:KKKK KKKK KKKK KKKK	1437
	D	1001 001D DDDD 0000:0000 0101 1001 1101	21
000EDB	9350 059D	STS GLCDPRINTLOC_H,SYSVALUECOPY
	D	 1110 KKKK DDDD KKKK	21
	K	 1110 KKKK 0101 KKKK	0
000EDD	E050	LDI SYSVALUECOPY,0
	K	1001 001D DDDD 0000:KKKK KKKK KKKK KKKK	1438
	D	1001 001D DDDD 0000:0000 0101 1001 1110	21
000EDE	9350 059E	STS GLCDPRINT_STRING_COUNTER,SYSVALUECOPY
	D	1001 000D DDDD 0000:KKKK KKKK KKKK KKKK	22
	K	1001 0001 0110 0000:KKKK KKKK KKKK KKKK	1435
000EE0	9160 059B	LDS SYSCALCTEMPA,GLCDPRINTLEN
	D	 0011 KKKK DDDD KKKK	22
	K	 0011 KKKK 0110 KKKK	1
000EE2	3061	CPI SYSCALCTEMPA,1
	K	 1111 01KK KKKK K000	1
000EE3	F408	BRSH ENDIF9
	K	 1100 KKKK KKKK KKKK	74
000EE4	C04A	RJMP SYSFORLOOPEND4
		ENDIF9
		SYSFORLOOP4
	D	1001 000D DDDD 0000:KKKK KKKK KKKK KKKK	6
	K	1001 0000 0110 0000:KKKK KKKK KKKK KKKK	1438
000EE5	9060 059E	LDS SYSTEMP1,GLCDPRINT_STRING_COUNTER
	D	 1001 010D DDDD 0011	6
000EE7	9463	INC SYSTEMP1
	K	1001 001D DDDD 0000:KKKK KKKK KKKK KKKK	1438
	D	1001 001D DDDD 0000:0000 0101 1001 1110	6
000EE8	9260 059E	STS GLCDPRINT_STRING_COUNTER,SYSTEMP1
	D	1001 000D DDDD 0000:KKKK KKKK KKKK KKKK	21
	K	1001 0001 0101 0000:KKKK KKKK KKKK KKKK	1436
000EEA	9150 059C	LDS SYSVALUECOPY,GLCDPRINTLOC
	K	1001 001D DDDD 0000:KKKK KKKK KKKK KKKK	1399
	D	1001 001D DDDD 0000:0000 0101 0111 0111	21
000EEC	9350 0577	STS CHARLOCX,SYSVALUECOPY
	D	1001 000D DDDD 0000:KKKK KKKK KKKK KKKK	21
	K	1001 0001 0101 0000:KKKK KKKK KKKK KKKK	1437
000EEE	9150 059D	LDS SYSVALUECOPY,GLCDPRINTLOC_H
	K	1001 001D DDDD 0000:KKKK KKKK KKKK KKKK	1400
	D	1001 001D DDDD 0000:0000 0101 0111 1000	21
000EF0	9350 0578	STS CHARLOCX_H,SYSVALUECOPY
	D	1001 000D DDDD 0000:KKKK KKKK KKKK KKKK	21
	K	1001 0001 0101 0000:KKKK KKKK KKKK KKKK	1497
000EF2	9150 05D9	LDS SYSVALUECOPY,PRINTLOCY
	K	1001 001D DDDD 0000:KKKK KKKK KKKK KKKK	1401
	D	1001 001D DDDD 0000:0000 0101 0111 1001	21
000EF4	9350 0579	STS CHARLOCY,SYSVALUECOPY
	D	1001 000D DDDD 0000:KKKK KKKK KKKK KKKK	21
	K	1001 0001 0101 0000:KKKK KKKK KKKK KKKK	1498
000EF6	9150 05DA	LDS SYSVALUECOPY,PRINTLOCY_H
	K	1001 001D DDDD 0000:KKKK KKKK KKKK KKKK	1402
	D	1001 001D DDDD 0000:0000 0101 0111 1010	21
000EF8	9350 057A	STS CHARLOCY_H,SYSVALUECOPY
	D	1001 000D DDDD 0000:KKKK KKKK KKKK KKKK	6
	K	1001 0000 0110 0000:KKKK KKKK KKKK KKKK	1521
000EFA	9060 05F1	LDS SYSTEMP1,SYSLCDPRINTDATAHANDLER
	D	1001 000D DDDD 0000:KKKK KKKK KKKK KKKK	10
	K	1001 0000 1010 0000:KKKK KKKK KKKK KKKK	1438
000EFC	90A0 059E	LDS SYSTEMP2,GLCDPRINT_STRING_COUNTER
	D	 0000 11RD DDDD RRRR	6
	R	 0000 11R0 0110 RRRR	10
000EFE	0C6A	ADD SYSTEMP1,SYSTEMP2
	D	 0010 11RD DDDD RRRR	26
	R	 0010 11R1 1010 RRRR	6
000EFF	2DA6	MOV SYSSTRINGA,SYSTEMP1
	D	1001 000D DDDD 0000:KKKK KKKK KKKK KKKK	6
	K	1001 0000 0110 0000:KKKK KKKK KKKK KKKK	1522
000F00	9060 05F2	LDS SYSTEMP1,SYSLCDPRINTDATAHANDLER_H
	D	 1110 KKKK DDDD KKKK	16
	K	 1110 KKKK 0000 KKKK	0
000F02	E000	LDI SYSTEMP3,0
	D	 0001 11RD DDDD RRRR	6
	R	 0001 11R0 0110 RRRR	16
000F03	1E60	ADC SYSTEMP1,SYSTEMP3
	D	 0010 11RD DDDD RRRR	27
	R	 0010 11R1 1011 RRRR	6
000F04	2DB6	MOV SYSSTRINGA_H,SYSTEMP1
	D	 100S 000D DDDD SSSS	21
	S	 100S 0001 0101 SSSS	28
000F05	915C	LD SYSVALUECOPY,X
	K	1001 001D DDDD 0000:KKKK KKKK KKKK KKKK	1395
	D	1001 001D DDDD 0000:0000 0101 0111 0011	21
000F06	9350 0573	STS CHARCODE,SYSVALUECOPY
	D	1001 000D DDDD 0000:KKKK KKKK KKKK KKKK	21
	K	1001 0001 0101 0000:KKKK KKKK KKKK KKKK	1433
000F08	9150 0599	LDS SYSVALUECOPY,GLCDFOREGROUND
	K	1001 001D DDDD 0000:KKKK KKKK KKKK KKKK	1459
	D	1001 001D DDDD 0000:0000 0101 1011 0011	21
000F0A	9350 05B3	STS LINECOLOUR,SYSVALUECOPY
	D	1001 000D DDDD 0000:KKKK KKKK KKKK KKKK	21
	K	1001 0001 0101 0000:KKKK KKKK KKKK KKKK	1434
000F0C	9150 059A	LDS SYSVALUECOPY,GLCDFOREGROUND_H
	K	1001 001D DDDD 0000:KKKK KKKK KKKK KKKK	1460
	D	1001 001D DDDD 0000:0000 0101 1011 0100	21
000F0E	9350 05B4	STS LINECOLOUR_H,SYSVALUECOPY
	K	 1101 KKKK KKKK KKKK	3597
000F10	DE0D	RCALL GLCDDRAWCHAR_SSD1309
	D	1001 000D DDDD 0000:KKKK KKKK KKKK KKKK	22
	K	1001 0001 0110 0000:KKKK KKKK KKKK KKKK	1432
000F11	9160 0598	LDS SYSBYTETEMPA,GLCDFONTWIDTH
	D	1001 000D DDDD 0000:KKKK KKKK KKKK KKKK	28
	K	1001 0001 1100 0000:KKKK KKKK KKKK KKKK	1431
000F13	91C0 0597	LDS SYSBYTETEMPB,GLCDFNTDEFAULTSIZE
	D	 1001 11RD DDDD RRRR	22
	R	 1001 11R1 0110 RRRR	28
000F15	9F6C	MUL SYSBYTETEMPA,SYSBYTETEMPB
	D	 0010 11RD DDDD RRRR	6
	R	 0010 11R0 0110 RRRR	0
000F16	2C60	MOV SYSTEMP1,SYSBYTETEMPX
	D	1001 000D DDDD 0000:KKKK KKKK KKKK KKKK	16
	K	1001 0001 0000 0000:KKKK KKKK KKKK KKKK	1436
000F17	9100 059C	LDS SYSTEMP3,GLCDPRINTLOC
	D	 0000 11RD DDDD RRRR	16
	R	 0000 11R1 0000 RRRR	6
000F19	0D06	ADD SYSTEMP3,SYSTEMP1
	D	 0010 11RD DDDD RRRR	10
	R	 0010 11R0 1010 RRRR	16
000F1A	2EA0	MOV SYSTEMP2,SYSTEMP3
	D	1001 000D DDDD 0000:KKKK KKKK KKKK KKKK	6
	K	1001 0000 0110 0000:KKKK KKKK KKKK KKKK	1437
000F1B	9060 059D	LDS SYSTEMP1,GLCDPRINTLOC_H
	D	 1110 KKKK DDDD KKKK	16
	K	 1110 KKKK 0000 KKKK	0
000F1D	E000	LDI SYSTEMP3,0
	D	 0001 11RD DDDD RRRR	6
	R	 0001 11R0 0110 RRRR	16
000F1E	1E60	ADC SYSTEMP1,SYSTEMP3
	D	 0010 11RD DDDD RRRR	11
	R	 0010 11R0 1011 RRRR	6
000F1F	2CB6	MOV SYSTEMP2_H,SYSTEMP1
	D	 1110 KKKK DDDD KKKK	16
	K	 1110 KKKK 0000 KKKK	1
000F20	E001	LDI SYSTEMP3,1
	D	 0000 11RD DDDD RRRR	10
	R	 0000 11R0 1010 RRRR	16
000F21	0EA0	ADD SYSTEMP2,SYSTEMP3
	K	1001 001D DDDD 0000:KKKK KKKK KKKK KKKK	1436
	D	1001 001D DDDD 0000:0000 0101 1001 1100	10
000F22	92A0 059C	STS GLCDPRINTLOC,SYSTEMP2
	D	 1110 KKKK DDDD KKKK	16
	K	 1110 KKKK 0000 KKKK	0
000F24	E000	LDI SYSTEMP3,0
	D	 0001 11RD DDDD RRRR	11
	R	 0001 11R0 1011 RRRR	16
000F25	1EB0	ADC SYSTEMP2_H,SYSTEMP3
	K	1001 001D DDDD 0000:KKKK KKKK KKKK KKKK	1437
	D	1001 001D DDDD 0000:0000 0101 1001 1101	11
000F26	92B0 059D	STS GLCDPRINTLOC_H,SYSTEMP2_H
	D	1001 000D DDDD 0000:KKKK KKKK KKKK KKKK	22
	K	1001 0001 0110 0000:KKKK KKKK KKKK KKKK	1438
000F28	9160 059E	LDS SYSCALCTEMPA,GLCDPRINT_STRING_COUNTER
	D	1001 000D DDDD 0000:KKKK KKKK KKKK KKKK	28
	K	1001 0001 1100 0000:KKKK KKKK KKKK KKKK	1435
000F2A	91C0 059B	LDS SYSCALCTEMPB,GLCDPRINTLEN
	D	 0001 01RD DDDD RRRR	22
	R	 0001 01R1 0110 RRRR	28
000F2C	176C	CP SYSCALCTEMPA,SYSCALCTEMPB
	K	 1111 01KK KKKK K000	1
000F2D	F408	BRSH ENDIF10
	K	 1100 KKKK KKKK KKKK	4022
000F2E	CFB6	RJMP SYSFORLOOP4
		ENDIF10
		SYSFORLOOPEND4
	D	1001 000D DDDD 0000:KKKK KKKK KKKK KKKK	21
	K	1001 0001 0101 0000:KKKK KKKK KKKK KKKK	1436
000F2F	9150 059C	LDS SYSVALUECOPY,GLCDPRINTLOC
	K	1001 001D DDDD 0000:KKKK KKKK KKKK KKKK	1495
	D	1001 001D DDDD 0000:0000 0101 1101 0111	21
000F31	9350 05D7	STS PRINTLOCX,SYSVALUECOPY
	D	1001 000D DDDD 0000:KKKK KKKK KKKK KKKK	21
	K	1001 0001 0101 0000:KKKK KKKK KKKK KKKK	1437
000F33	9150 059D	LDS SYSVALUECOPY,GLCDPRINTLOC_H
	K	1001 001D DDDD 0000:KKKK KKKK KKKK KKKK	1496
	D	1001 001D DDDD 0000:0000 0101 1101 1000	21
000F35	9350 05D8	STS PRINTLOCX_H,SYSVALUECOPY
000F37	9508	RET


		GLCDPRINT7
	D	 1110 KKKK DDDD KKKK	21
	K	 1110 KKKK 0101 KKKK	0
000F38	E050	LDI SYSVALUECOPY,0
	K	1001 001D DDDD 0000:KKKK KKKK KKKK KKKK	1535
	D	1001 001D DDDD 0000:0000 0101 1111 1111	21
000F39	9350 05FF	STS SYSPRINTBUFFLEN,SYSVALUECOPY
		SYSDOLOOP_S2
	D	1001 000D DDDD 0000:KKKK KKKK KKKK KKKK	6
	K	1001 0000 0110 0000:KKKK KKKK KKKK KKKK	1535
000F3B	9060 05FF	LDS SYSTEMP1,SYSPRINTBUFFLEN
	D	 1001 010D DDDD 0011	6
000F3D	9463	INC SYSTEMP1
	K	1001 001D DDDD 0000:KKKK KKKK KKKK KKKK	1535
	D	1001 001D DDDD 0000:0000 0101 1111 1111	6
000F3E	9260 05FF	STS SYSPRINTBUFFLEN,SYSTEMP1
	D	 1110 KKKK DDDD KKKK	16
	K	 1110 KKKK 0000 KKKK	83
000F40	E503	LDI SYSTEMP3,LOW(SYSPRINTBUFFER)
	D	 0000 11RD DDDD RRRR	6
	R	 0000 11R0 0110 RRRR	16
000F41	0E60	ADD SYSTEMP1,SYSTEMP3
	D	 0010 11RD DDDD RRRR	26
	R	 0010 11R1 1010 RRRR	6
000F42	2DA6	MOV SYSSTRINGA,SYSTEMP1
	D	 1110 KKKK DDDD KKKK	16
	K	 1110 KKKK 0000 KKKK	0
000F43	E000	LDI SYSTEMP3,0
	D	 1110 KKKK DDDD KKKK	17
	K	 1110 KKKK 0001 KKKK	5
000F44	E015	LDI SYSTEMP4,HIGH(SYSPRINTBUFFER)
	D	 0001 11RD DDDD RRRR	16
	R	 0001 11R1 0000 RRRR	17
000F45	1F01	ADC SYSTEMP3,SYSTEMP4
	D	 0010 11RD DDDD RRRR	27
	R	 0010 11R1 1011 RRRR	16
000F46	2FB0	MOV SYSSTRINGA_H,SYSTEMP3
	D	1001 000D DDDD 0000:KKKK KKKK KKKK KKKK	22
	K	1001 0001 0110 0000:KKKK KKKK KKKK KKKK	1453
000F47	9160 05AD	LDS SYSLONGTEMPA,LCDVALUE
	D	1001 000D DDDD 0000:KKKK KKKK KKKK KKKK	23
	K	1001 0001 0111 0000:KKKK KKKK KKKK KKKK	1454
000F49	9170 05AE	LDS SYSLONGTEMPA_H,LCDVALUE_H
	D	1001 000D DDDD 0000:KKKK KKKK KKKK KKKK	24
	K	1001 0001 1000 0000:KKKK KKKK KKKK KKKK	1455
000F4B	9180 05AF	LDS SYSLONGTEMPA_U,LCDVALUE_U
	D	1001 000D DDDD 0000:KKKK KKKK KKKK KKKK	25
	K	1001 0001 1001 0000:KKKK KKKK KKKK KKKK	1456
000F4D	9190 05B0	LDS SYSLONGTEMPA_E,LCDVALUE_E
	D	 1110 KKKK DDDD KKKK	28
	K	 1110 KKKK 1100 KKKK	10
000F4F	E0CA	LDI SYSLONGTEMPB,10
	D	 1110 KKKK DDDD KKKK	29
	K	 1110 KKKK 1101 KKKK	0
000F50	E0D0	LDI SYSLONGTEMPB_H,0
	D	 1110 KKKK DDDD KKKK	30
	K	 1110 KKKK 1110 KKKK	0
000F51	E0E0	LDI SYSLONGTEMPB_U,0
	D	 1110 KKKK DDDD KKKK	31
	K	 1110 KKKK 1111 KKKK	0
000F52	E0F0	LDI SYSLONGTEMPB_E,0
	K	 1101 KKKK KKKK KKKK	1213
000F53	D4BD	RCALL SYSDIVSUB32
	D	 100D 001R RRRR DDDD	28
	R	 1001 001R RRRR 1100	0
000F54	920C	ST X,SYSLONGTEMPX
	K	1001 001D DDDD 0000:KKKK KKKK KKKK KKKK	1453
	D	1001 001D DDDD 0000:0000 0101 1010 1101	22
000F55	9360 05AD	STS LCDVALUE,SYSCALCTEMPA
	K	1001 001D DDDD 0000:KKKK KKKK KKKK KKKK	1454
	D	1001 001D DDDD 0000:0000 0101 1010 1110	23
000F57	9370 05AE	STS LCDVALUE_H,SYSCALCTEMPA_H
	K	1001 001D DDDD 0000:KKKK KKKK KKKK KKKK	1455
	D	1001 001D DDDD 0000:0000 0101 1010 1111	24
000F59	9380 05AF	STS LCDVALUE_U,SYSCALCTEMPA_U
	K	1001 001D DDDD 0000:KKKK KKKK KKKK KKKK	1456
	D	1001 001D DDDD 0000:0000 0101 1011 0000	25
000F5B	9390 05B0	STS LCDVALUE_E,SYSCALCTEMPA_E
	D	1001 000D DDDD 0000:KKKK KKKK KKKK KKKK	22
	K	1001 0001 0110 0000:KKKK KKKK KKKK KKKK	1453
000F5D	9160 05AD	LDS SYSLONGTEMPA,LCDVALUE
	D	1001 000D DDDD 0000:KKKK KKKK KKKK KKKK	23
	K	1001 0001 0111 0000:KKKK KKKK KKKK KKKK	1454
000F5F	9170 05AE	LDS SYSLONGTEMPA_H,LCDVALUE_H
	D	1001 000D DDDD 0000:KKKK KKKK KKKK KKKK	24
	K	1001 0001 1000 0000:KKKK KKKK KKKK KKKK	1455
000F61	9180 05AF	LDS SYSLONGTEMPA_U,LCDVALUE_U
	D	1001 000D DDDD 0000:KKKK KKKK KKKK KKKK	25
	K	1001 0001 1001 0000:KKKK KKKK KKKK KKKK	1456
000F63	9190 05B0	LDS SYSLONGTEMPA_E,LCDVALUE_E
	D	 1110 KKKK DDDD KKKK	28
	K	 1110 KKKK 1100 KKKK	0
000F65	E0C0	LDI SYSLONGTEMPB,0
	D	 1110 KKKK DDDD KKKK	29
	K	 1110 KKKK 1101 KKKK	0
000F66	E0D0	LDI SYSLONGTEMPB_H,0
	D	 1110 KKKK DDDD KKKK	30
	K	 1110 KKKK 1110 KKKK	0
000F67	E0E0	LDI SYSLONGTEMPB_U,0
	D	 1110 KKKK DDDD KKKK	31
	K	 1110 KKKK 1111 KKKK	0
000F68	E0F0	LDI SYSLONGTEMPB_E,0
	K	 1101 KKKK KKKK KKKK	1062
000F69	D426	RCALL SYSCOMPEQUAL32
	D	 1001 010D DDDD 0000	0
000F6A	9400	COM SYSBYTETEMPX
	R	 1111 110R RRRR 0BBB	0
	B	 1111 1100 0000 0BBB	0
000F6B	FC00	SBRC SYSBYTETEMPX,0
	K	 1100 KKKK KKKK KKKK	4046
000F6C	CFCE	RJMP SYSDOLOOP_S2
		SYSDOLOOP_E2
	D	1001 000D DDDD 0000:KKKK KKKK KKKK KKKK	21
	K	1001 0001 0101 0000:KKKK KKKK KKKK KKKK	1495
000F6D	9150 05D7	LDS SYSVALUECOPY,PRINTLOCX
	K	1001 001D DDDD 0000:KKKK KKKK KKKK KKKK	1436
	D	1001 001D DDDD 0000:0000 0101 1001 1100	21
000F6F	9350 059C	STS GLCDPRINTLOC,SYSVALUECOPY
	D	1001 000D DDDD 0000:KKKK KKKK KKKK KKKK	21
	K	1001 0001 0101 0000:KKKK KKKK KKKK KKKK	1496
000F71	9150 05D8	LDS SYSVALUECOPY,PRINTLOCX_H
	K	1001 001D DDDD 0000:KKKK KKKK KKKK KKKK	1437
	D	1001 001D DDDD 0000:0000 0101 1001 1101	21
000F73	9350 059D	STS GLCDPRINTLOC_H,SYSVALUECOPY
	D	1001 000D DDDD 0000:KKKK KKKK KKKK KKKK	6
	K	1001 0000 0110 0000:KKKK KKKK KKKK KKKK	1535
000F75	9060 05FF	LDS SYSTEMP1,SYSPRINTBUFFLEN
	D	 1001 010D DDDD 0011	6
000F77	9463	INC SYSTEMP1
	K	1001 001D DDDD 0000:KKKK KKKK KKKK KKKK	1438
	D	1001 001D DDDD 0000:0000 0101 1001 1110	6
000F78	9260 059E	STS GLCDPRINT_STRING_COUNTER,SYSTEMP1
	D	1001 000D DDDD 0000:KKKK KKKK KKKK KKKK	22
	K	1001 0001 0110 0000:KKKK KKKK KKKK KKKK	1535
000F7A	9160 05FF	LDS SYSCALCTEMPA,SYSPRINTBUFFLEN
	D	 1110 KKKK DDDD KKKK	23
	K	 1110 KKKK 0111 KKKK	0
000F7C	E070	LDI SYSCALCTEMPA_H,0
	D	 1110 KKKK DDDD KKKK	24
	K	 1110 KKKK 1000 KKKK	0
000F7D	E080	LDI SYSCALCTEMPA_U,0
	D	 1110 KKKK DDDD KKKK	25
	K	 1110 KKKK 1001 KKKK	0
000F7E	E090	LDI SYSCALCTEMPA_E,0
	D	 0011 KKKK DDDD KKKK	22
	K	 0011 KKKK 0110 KKKK	1
000F7F	3061	CPI SYSCALCTEMPA,1
	K	 1111 01KK KKKK K000	1
000F80	F408	BRSH ENDIF11
	K	 1100 KKKK KKKK KKKK	76
000F81	C04C	RJMP SYSFORLOOPEND5
		ENDIF11
		SYSFORLOOP5
	D	1001 000D DDDD 0000:KKKK KKKK KKKK KKKK	6
	K	1001 0000 0110 0000:KKKK KKKK KKKK KKKK	1438
000F82	9060 059E	LDS SYSTEMP1,GLCDPRINT_STRING_COUNTER
	D	 1001 010D DDDD 1010	6
000F84	946A	DEC SYSTEMP1
	K	1001 001D DDDD 0000:KKKK KKKK KKKK KKKK	1438
	D	1001 001D DDDD 0000:0000 0101 1001 1110	6
000F85	9260 059E	STS GLCDPRINT_STRING_COUNTER,SYSTEMP1
	D	1001 000D DDDD 0000:KKKK KKKK KKKK KKKK	21
	K	1001 0001 0101 0000:KKKK KKKK KKKK KKKK	1436
000F87	9150 059C	LDS SYSVALUECOPY,GLCDPRINTLOC
	K	1001 001D DDDD 0000:KKKK KKKK KKKK KKKK	1399
	D	1001 001D DDDD 0000:0000 0101 0111 0111	21
000F89	9350 0577	STS CHARLOCX,SYSVALUECOPY
	D	1001 000D DDDD 0000:KKKK KKKK KKKK KKKK	21
	K	1001 0001 0101 0000:KKKK KKKK KKKK KKKK	1437
000F8B	9150 059D	LDS SYSVALUECOPY,GLCDPRINTLOC_H
	K	1001 001D DDDD 0000:KKKK KKKK KKKK KKKK	1400
	D	1001 001D DDDD 0000:0000 0101 0111 1000	21
000F8D	9350 0578	STS CHARLOCX_H,SYSVALUECOPY
	D	1001 000D DDDD 0000:KKKK KKKK KKKK KKKK	21
	K	1001 0001 0101 0000:KKKK KKKK KKKK KKKK	1497
000F8F	9150 05D9	LDS SYSVALUECOPY,PRINTLOCY
	K	1001 001D DDDD 0000:KKKK KKKK KKKK KKKK	1401
	D	1001 001D DDDD 0000:0000 0101 0111 1001	21
000F91	9350 0579	STS CHARLOCY,SYSVALUECOPY
	D	1001 000D DDDD 0000:KKKK KKKK KKKK KKKK	21
	K	1001 0001 0101 0000:KKKK KKKK KKKK KKKK	1498
000F93	9150 05DA	LDS SYSVALUECOPY,PRINTLOCY_H
	K	1001 001D DDDD 0000:KKKK KKKK KKKK KKKK	1402
	D	1001 001D DDDD 0000:0000 0101 0111 1010	21
000F95	9350 057A	STS CHARLOCY_H,SYSVALUECOPY
	D	1001 000D DDDD 0000:KKKK KKKK KKKK KKKK	6
	K	1001 0000 0110 0000:KKKK KKKK KKKK KKKK	1438
000F97	9060 059E	LDS SYSTEMP1,GLCDPRINT_STRING_COUNTER
	D	 1110 KKKK DDDD KKKK	16
	K	 1110 KKKK 0000 KKKK	83
000F99	E503	LDI SYSTEMP3,LOW(SYSPRINTBUFFER)
	D	 0000 11RD DDDD RRRR	6
	R	 0000 11R0 0110 RRRR	16
000F9A	0E60	ADD SYSTEMP1,SYSTEMP3
	D	 0010 11RD DDDD RRRR	26
	R	 0010 11R1 1010 RRRR	6
000F9B	2DA6	MOV SYSSTRINGA,SYSTEMP1
	D	 1110 KKKK DDDD KKKK	16
	K	 1110 KKKK 0000 KKKK	0
000F9C	E000	LDI SYSTEMP3,0
	D	 1110 KKKK DDDD KKKK	17
	K	 1110 KKKK 0001 KKKK	5
000F9D	E015	LDI SYSTEMP4,HIGH(SYSPRINTBUFFER)
	D	 0001 11RD DDDD RRRR	16
	R	 0001 11R1 0000 RRRR	17
000F9E	1F01	ADC SYSTEMP3,SYSTEMP4
	D	 0010 11RD DDDD RRRR	27
	R	 0010 11R1 1011 RRRR	16
000F9F	2FB0	MOV SYSSTRINGA_H,SYSTEMP3
	D	 100S 000D DDDD SSSS	6
	S	 100S 0000 0110 SSSS	28
000FA0	906C	LD SYSTEMP1,X
	D	 1110 KKKK DDDD KKKK	16
	K	 1110 KKKK 0000 KKKK	48
000FA1	E300	LDI SYSTEMP3,48
	D	 0000 11RD DDDD RRRR	6
	R	 0000 11R0 0110 RRRR	16
000FA2	0E60	ADD SYSTEMP1,SYSTEMP3
	K	1001 001D DDDD 0000:KKKK KKKK KKKK KKKK	1395
	D	1001 001D DDDD 0000:0000 0101 0111 0011	6
000FA3	9260 0573	STS CHARCODE,SYSTEMP1
	D	1001 000D DDDD 0000:KKKK KKKK KKKK KKKK	21
	K	1001 0001 0101 0000:KKKK KKKK KKKK KKKK	1433
000FA5	9150 0599	LDS SYSVALUECOPY,GLCDFOREGROUND
	K	1001 001D DDDD 0000:KKKK KKKK KKKK KKKK	1459
	D	1001 001D DDDD 0000:0000 0101 1011 0011	21
000FA7	9350 05B3	STS LINECOLOUR,SYSVALUECOPY
	D	1001 000D DDDD 0000:KKKK KKKK KKKK KKKK	21
	K	1001 0001 0101 0000:KKKK KKKK KKKK KKKK	1434
000FA9	9150 059A	LDS SYSVALUECOPY,GLCDFOREGROUND_H
	K	1001 001D DDDD 0000:KKKK KKKK KKKK KKKK	1460
	D	1001 001D DDDD 0000:0000 0101 1011 0100	21
000FAB	9350 05B4	STS LINECOLOUR_H,SYSVALUECOPY
	K	 1101 KKKK KKKK KKKK	3440
000FAD	DD70	RCALL GLCDDRAWCHAR_SSD1309
	D	1001 000D DDDD 0000:KKKK KKKK KKKK KKKK	22
	K	1001 0001 0110 0000:KKKK KKKK KKKK KKKK	1432
000FAE	9160 0598	LDS SYSBYTETEMPA,GLCDFONTWIDTH
	D	1001 000D DDDD 0000:KKKK KKKK KKKK KKKK	28
	K	1001 0001 1100 0000:KKKK KKKK KKKK KKKK	1431
000FB0	91C0 0597	LDS SYSBYTETEMPB,GLCDFNTDEFAULTSIZE
	D	 1001 11RD DDDD RRRR	22
	R	 1001 11R1 0110 RRRR	28
000FB2	9F6C	MUL SYSBYTETEMPA,SYSBYTETEMPB
	D	 0010 11RD DDDD RRRR	6
	R	 0010 11R0 0110 RRRR	0
000FB3	2C60	MOV SYSTEMP1,SYSBYTETEMPX
	D	1001 000D DDDD 0000:KKKK KKKK KKKK KKKK	16
	K	1001 0001 0000 0000:KKKK KKKK KKKK KKKK	1436
000FB4	9100 059C	LDS SYSTEMP3,GLCDPRINTLOC
	D	 0000 11RD DDDD RRRR	16
	R	 0000 11R1 0000 RRRR	6
000FB6	0D06	ADD SYSTEMP3,SYSTEMP1
	D	 0010 11RD DDDD RRRR	10
	R	 0010 11R0 1010 RRRR	16
000FB7	2EA0	MOV SYSTEMP2,SYSTEMP3
	D	1001 000D DDDD 0000:KKKK KKKK KKKK KKKK	6
	K	1001 0000 0110 0000:KKKK KKKK KKKK KKKK	1437
000FB8	9060 059D	LDS SYSTEMP1,GLCDPRINTLOC_H
	D	 1110 KKKK DDDD KKKK	16
	K	 1110 KKKK 0000 KKKK	0
000FBA	E000	LDI SYSTEMP3,0
	D	 0001 11RD DDDD RRRR	6
	R	 0001 11R0 0110 RRRR	16
000FBB	1E60	ADC SYSTEMP1,SYSTEMP3
	D	 0010 11RD DDDD RRRR	11
	R	 0010 11R0 1011 RRRR	6
000FBC	2CB6	MOV SYSTEMP2_H,SYSTEMP1
	D	 1110 KKKK DDDD KKKK	16
	K	 1110 KKKK 0000 KKKK	1
000FBD	E001	LDI SYSTEMP3,1
	D	 0000 11RD DDDD RRRR	10
	R	 0000 11R0 1010 RRRR	16
000FBE	0EA0	ADD SYSTEMP2,SYSTEMP3
	K	1001 001D DDDD 0000:KKKK KKKK KKKK KKKK	1436
	D	1001 001D DDDD 0000:0000 0101 1001 1100	10
000FBF	92A0 059C	STS GLCDPRINTLOC,SYSTEMP2
	D	 1110 KKKK DDDD KKKK	16
	K	 1110 KKKK 0000 KKKK	0
000FC1	E000	LDI SYSTEMP3,0
	D	 0001 11RD DDDD RRRR	11
	R	 0001 11R0 1011 RRRR	16
000FC2	1EB0	ADC SYSTEMP2_H,SYSTEMP3
	K	1001 001D DDDD 0000:KKKK KKKK KKKK KKKK	1437
	D	1001 001D DDDD 0000:0000 0101 1001 1101	11
000FC3	92B0 059D	STS GLCDPRINTLOC_H,SYSTEMP2_H
	D	 1110 KKKK DDDD KKKK	22
	K	 1110 KKKK 0110 KKKK	1
000FC5	E061	LDI SYSCALCTEMPA,1
	D	 1110 KKKK DDDD KKKK	23
	K	 1110 KKKK 0111 KKKK	0
000FC6	E070	LDI SYSCALCTEMPA_H,0
	D	 1110 KKKK DDDD KKKK	24
	K	 1110 KKKK 1000 KKKK	0
000FC7	E080	LDI SYSCALCTEMPA_U,0
	D	 1110 KKKK DDDD KKKK	25
	K	 1110 KKKK 1001 KKKK	0
000FC8	E090	LDI SYSCALCTEMPA_E,0
	D	1001 000D DDDD 0000:KKKK KKKK KKKK KKKK	28
	K	1001 0001 1100 0000:KKKK KKKK KKKK KKKK	1438
000FC9	91C0 059E	LDS SYSCALCTEMPB,GLCDPRINT_STRING_COUNTER
	D	 0001 01RD DDDD RRRR	22
	R	 0001 01R1 0110 RRRR	28
000FCB	176C	CP SYSCALCTEMPA,SYSCALCTEMPB
	K	 1111 01KK KKKK K000	1
000FCC	F408	BRSH ENDIF12
	K	 1100 KKKK KKKK KKKK	4020
000FCD	CFB4	RJMP SYSFORLOOP5
		ENDIF12
		SYSFORLOOPEND5
	D	1001 000D DDDD 0000:KKKK KKKK KKKK KKKK	21
	K	1001 0001 0101 0000:KKKK KKKK KKKK KKKK	1436
000FCE	9150 059C	LDS SYSVALUECOPY,GLCDPRINTLOC
	K	1001 001D DDDD 0000:KKKK KKKK KKKK KKKK	1495
	D	1001 001D DDDD 0000:0000 0101 1101 0111	21
000FD0	9350 05D7	STS PRINTLOCX,SYSVALUECOPY
	D	1001 000D DDDD 0000:KKKK KKKK KKKK KKKK	21
	K	1001 0001 0101 0000:KKKK KKKK KKKK KKKK	1437
000FD2	9150 059D	LDS SYSVALUECOPY,GLCDPRINTLOC_H
	K	1001 001D DDDD 0000:KKKK KKKK KKKK KKKK	1496
	D	1001 001D DDDD 0000:0000 0101 1101 1000	21
000FD4	9350 05D8	STS PRINTLOCX_H,SYSVALUECOPY
000FD6	9508	RET


		I2CSEND
	A	 1001 1010 AAAA ABBB	7
	B	 1001 1010 0011 1BBB	5
000FD7	9A3D	SBI DDRC,5
	A	 1001 1000 AAAA ABBB	8
	B	 1001 1000 0100 0BBB	5
000FD8	9845	CBI PORTC,5
	D	 1110 KKKK DDDD KKKK	21
	K	 1110 KKKK 0101 KKKK	8
000FD9	E058	LDI SYSVALUECOPY,8
	K	1001 001D DDDD 0000:KKKK KKKK KKKK KKKK	1538
	D	1001 001D DDDD 0000:0000 0110 0000 0010	21
000FDA	9350 0602	STS SYSREPEATTEMP6,SYSVALUECOPY
		SYSREPEATLOOP6
	D	1001 000D DDDD 0000:KKKK KKKK KKKK KKKK	5
	K	1001 0000 0101 0000:KKKK KKKK KKKK KKKK	1448
000FDC	9050 05A8	LDS SYSBITTEST,I2CBYTE
	R	 1111 111R RRRR 0BBB	5
	B	 1111 1110 0101 0BBB	7
000FDE	FE57	SBRS SYSBITTEST,7
	K	 1100 KKKK KKKK KKKK	2
000FDF	C002	RJMP ELSE86_1
	A	 1001 1000 AAAA ABBB	7
	B	 1001 1000 0011 1BBB	4
000FE0	983C	CBI DDRC,4
	K	 1100 KKKK KKKK KKKK	2
000FE1	C002	RJMP ENDIF86
		ELSE86_1
	A	 1001 1010 AAAA ABBB	7
	B	 1001 1010 0011 1BBB	4
000FE2	9A3C	SBI DDRC,4
	A	 1001 1000 AAAA ABBB	8
	B	 1001 1000 0100 0BBB	4
000FE3	9844	CBI PORTC,4
		ENDIF86
	D	1001 000D DDDD 0000:KKKK KKKK KKKK KKKK	21
	K	1001 0001 0101 0000:KKKK KKKK KKKK KKKK	1448
000FE4	9150 05A8	LDS SYSVALUECOPY,I2CBYTE
	D	 0001 11RD DDDD RRRR	21
	R	 0001 11R1 0101 RRRR	21
000FE6	1F55	ROL SYSVALUECOPY
	K	1001 001D DDDD 0000:KKKK KKKK KKKK KKKK	1448
	D	1001 001D DDDD 0000:0000 0101 1010 1000	21
000FE7	9350 05A8	STS I2CBYTE,SYSVALUECOPY
	A	 1001 1000 AAAA ABBB	7
	B	 1001 1000 0011 1BBB	5
000FE9	983D	CBI DDRC,5
		SYSWAITLOOP1
	A	 1001 1011 AAAA ABBB	6
	B	 1001 1011 0011 0BBB	5
000FEA	9B35	SBIS PINC,5
	K	 1100 KKKK KKKK KKKK	4094
000FEB	CFFE	RJMP SYSWAITLOOP1
	A	 1001 1010 AAAA ABBB	7
	B	 1001 1010 0011 1BBB	5
000FEC	9A3D	SBI DDRC,5
	A	 1001 1000 AAAA ABBB	8
	B	 1001 1000 0100 0BBB	5
000FED	9845	CBI PORTC,5
	D	1001 000D DDDD 0000:KKKK KKKK KKKK KKKK	6
	K	1001 0000 0110 0000:KKKK KKKK KKKK KKKK	1538
000FEE	9060 0602	LDS SYSTEMP1,SYSREPEATTEMP6
	D	 1001 010D DDDD 1010	6
000FF0	946A	DEC SYSTEMP1
	K	1001 001D DDDD 0000:KKKK KKKK KKKK KKKK	1538
	D	1001 001D DDDD 0000:0000 0110 0000 0010	6
000FF1	9260 0602	STS SYSREPEATTEMP6,SYSTEMP1
	K	 1111 01KK KKKK K001	104
000FF3	F741	BRNE SYSREPEATLOOP6
		SYSREPEATLOOPEND6
	A	 1001 1000 AAAA ABBB	7
	B	 1001 1000 0011 1BBB	4
000FF4	983C	CBI DDRC,4
	A	 1001 1000 AAAA ABBB	7
	B	 1001 1000 0011 1BBB	5
000FF5	983D	CBI DDRC,5
		SYSWAITLOOP2
	A	 1001 1011 AAAA ABBB	6
	B	 1001 1011 0011 0BBB	5
000FF6	9B35	SBIS PINC,5
	K	 1100 KKKK KKKK KKKK	4094
000FF7	CFFE	RJMP SYSWAITLOOP2
	A	 1001 1011 AAAA ABBB	6
	B	 1001 1011 0011 0BBB	4
000FF8	9B34	SBIS PINC,4
	K	 1100 KKKK KKKK KKKK	7
000FF9	C007	RJMP ELSE87_1
	D	 1110 KKKK DDDD KKKK	21
	K	 1110 KKKK 0101 KKKK	0
000FFA	E050	LDI SYSVALUECOPY,0
	K	1001 001D DDDD 0000:KKKK KKKK KKKK KKKK	1446
	D	1001 001D DDDD 0000:0000 0101 1010 0110	21
000FFB	9350 05A6	STS I2CACK,SYSVALUECOPY
	D	 1110 KKKK DDDD KKKK	21
	K	 1110 KKKK 0101 KKKK	0
000FFD	E050	LDI SYSVALUECOPY,0
	K	1001 001D DDDD 0000:KKKK KKKK KKKK KKKK	1447
	D	1001 001D DDDD 0000:0000 0101 1010 0111	21
000FFE	9350 05A7	STS I2CACKPOLLSTATE,SYSVALUECOPY
	K	 1100 KKKK KKKK KKKK	6
001000	C006	RJMP ENDIF87
		ELSE87_1
	D	 1110 KKKK DDDD KKKK	21
	K	 1110 KKKK 0101 KKKK	255
001001	EF5F	LDI SYSVALUECOPY,255
	K	1001 001D DDDD 0000:KKKK KKKK KKKK KKKK	1446
	D	1001 001D DDDD 0000:0000 0101 1010 0110	21
001002	9350 05A6	STS I2CACK,SYSVALUECOPY
	D	 1110 KKKK DDDD KKKK	21
	K	 1110 KKKK 0101 KKKK	255
001004	EF5F	LDI SYSVALUECOPY,255
	K	1001 001D DDDD 0000:KKKK KKKK KKKK KKKK	1447
	D	1001 001D DDDD 0000:0000 0101 1010 0111	21
001005	9350 05A7	STS I2CACKPOLLSTATE,SYSVALUECOPY
		ENDIF87
	A	 1001 1010 AAAA ABBB	7
	B	 1001 1010 0011 1BBB	5
001007	9A3D	SBI DDRC,5
	A	 1001 1000 AAAA ABBB	8
	B	 1001 1000 0100 0BBB	5
001008	9845	CBI PORTC,5
	A	 1001 1010 AAAA ABBB	7
	B	 1001 1010 0011 1BBB	4
001009	9A3C	SBI DDRC,4
	A	 1001 1000 AAAA ABBB	8
	B	 1001 1000 0100 0BBB	4
00100A	9844	CBI PORTC,4
00100B	9508	RET


		I2CSTART
	A	 1001 1000 AAAA ABBB	7
	B	 1001 1000 0011 1BBB	4
00100C	983C	CBI DDRC,4
	A	 1001 1000 AAAA ABBB	7
	B	 1001 1000 0011 1BBB	5
00100D	983D	CBI DDRC,5
	A	 1001 1010 AAAA ABBB	7
	B	 1001 1010 0011 1BBB	4
00100E	9A3C	SBI DDRC,4
	A	 1001 1000 AAAA ABBB	8
	B	 1001 1000 0100 0BBB	4
00100F	9844	CBI PORTC,4
	A	 1001 1010 AAAA ABBB	7
	B	 1001 1010 0011 1BBB	5
001010	9A3D	SBI DDRC,5
	A	 1001 1000 AAAA ABBB	8
	B	 1001 1000 0100 0BBB	5
001011	9845	CBI PORTC,5
001012	9508	RET


		I2CSTOP
	A	 1001 1010 AAAA ABBB	7
	B	 1001 1010 0011 1BBB	5
001013	9A3D	SBI DDRC,5
	A	 1001 1000 AAAA ABBB	8
	B	 1001 1000 0100 0BBB	5
001014	9845	CBI PORTC,5
	A	 1001 1010 AAAA ABBB	7
	B	 1001 1010 0011 1BBB	4
001015	9A3C	SBI DDRC,4
	A	 1001 1000 AAAA ABBB	8
	B	 1001 1000 0100 0BBB	4
001016	9844	CBI PORTC,4
	A	 1001 1000 AAAA ABBB	7
	B	 1001 1000 0011 1BBB	5
001017	983D	CBI DDRC,5
	A	 1001 1000 AAAA ABBB	7
	B	 1001 1000 0011 1BBB	4
001018	983C	CBI DDRC,4
001019	9508	RET


		INITGLCD_SSD1309
	D	 1110 KKKK DDDD KKKK	21
	K	 1110 KKKK 0101 KKKK	0
00101A	E050	LDI SYSVALUECOPY,0
	K	1001 001D DDDD 0000:KKKK KKKK KKKK KKKK	1422
	D	1001 001D DDDD 0000:0000 0101 1000 1110	21
00101B	9350 058E	STS GLCDBACKGROUND,SYSVALUECOPY
	K	1001 001D DDDD 0000:KKKK KKKK KKKK KKKK	1423
	D	1001 001D DDDD 0000:0000 0101 1000 1111	21
00101D	9350 058F	STS GLCDBACKGROUND_H,SYSVALUECOPY
	D	 1110 KKKK DDDD KKKK	21
	K	 1110 KKKK 0101 KKKK	1
00101F	E051	LDI SYSVALUECOPY,1
	K	1001 001D DDDD 0000:KKKK KKKK KKKK KKKK	1433
	D	1001 001D DDDD 0000:0000 0101 1001 1001	21
001020	9350 0599	STS GLCDFOREGROUND,SYSVALUECOPY
	D	 1110 KKKK DDDD KKKK	21
	K	 1110 KKKK 0101 KKKK	0
001022	E050	LDI SYSVALUECOPY,0
	K	1001 001D DDDD 0000:KKKK KKKK KKKK KKKK	1434
	D	1001 001D DDDD 0000:0000 0101 1001 1010	21
001023	9350 059A	STS GLCDFOREGROUND_H,SYSVALUECOPY
	D	 1110 KKKK DDDD KKKK	21
	K	 1110 KKKK 0101 KKKK	5
001025	E055	LDI SYSVALUECOPY,5
	K	1001 001D DDDD 0000:KKKK KKKK KKKK KKKK	1432
	D	1001 001D DDDD 0000:0000 0101 1001 1000	21
001026	9350 0598	STS GLCDFONTWIDTH,SYSVALUECOPY
	D	 1110 KKKK DDDD KKKK	21
	K	 1110 KKKK 0101 KKKK	7
001028	E057	LDI SYSVALUECOPY,7
	K	1001 001D DDDD 0000:KKKK KKKK KKKK KKKK	1430
	D	1001 001D DDDD 0000:0000 0101 1001 0110	21
001029	9350 0596	STS GLCDFNTDEFAULTHEIGHT,SYSVALUECOPY
	D	 1110 KKKK DDDD KKKK	21
	K	 1110 KKKK 0101 KKKK	0
00102B	E050	LDI SYSVALUECOPY,0
	K	1001 001D DDDD 0000:KKKK KKKK KKKK KKKK	1429
	D	1001 001D DDDD 0000:0000 0101 1001 0101	21
00102C	9350 0595	STS GLCDFNTDEFAULT,SYSVALUECOPY
	D	 1110 KKKK DDDD KKKK	21
	K	 1110 KKKK 0101 KKKK	1
00102E	E051	LDI SYSVALUECOPY,1
	K	1001 001D DDDD 0000:KKKK KKKK KKKK KKKK	1431
	D	1001 001D DDDD 0000:0000 0101 1001 0111	21
00102F	9350 0597	STS GLCDFNTDEFAULTSIZE,SYSVALUECOPY
	D	 1110 KKKK DDDD KKKK	29
	K	 1110 KKKK 1101 KKKK	255
001031	EFDF	LDI SYSWAITTEMPMS,255
	D	 1110 KKKK DDDD KKKK	30
	K	 1110 KKKK 1110 KKKK	0
001032	E0E0	LDI SYSWAITTEMPMS_H,0
	K	 1101 KKKK KKKK KKKK	2257
001033	D8D1	RCALL DELAY_MS
	D	 1110 KKKK DDDD KKKK	21
	K	 1110 KKKK 0101 KKKK	174
001034	EA5E	LDI SYSVALUECOPY,174
	K	1001 001D DDDD 0000:KKKK KKKK KKKK KKKK	1504
	D	1001 001D DDDD 0000:0000 0101 1110 0000	21
001035	9350 05E0	STS SSD1309SENDBYTE,SYSVALUECOPY
	K	 1101 KKKK KKKK KKKK	1316
001037	D524	RCALL WRITE_COMMAND_SSD1309
	D	 1110 KKKK DDDD KKKK	21
	K	 1110 KKKK 0101 KKKK	46
001038	E25E	LDI SYSVALUECOPY,46
	K	1001 001D DDDD 0000:KKKK KKKK KKKK KKKK	1504
	D	1001 001D DDDD 0000:0000 0101 1110 0000	21
001039	9350 05E0	STS SSD1309SENDBYTE,SYSVALUECOPY
	K	 1101 KKKK KKKK KKKK	1312
00103B	D520	RCALL WRITE_COMMAND_SSD1309
	D	 1110 KKKK DDDD KKKK	21
	K	 1110 KKKK 0101 KKKK	213
00103C	ED55	LDI SYSVALUECOPY,213
	K	1001 001D DDDD 0000:KKKK KKKK KKKK KKKK	1504
	D	1001 001D DDDD 0000:0000 0101 1110 0000	21
00103D	9350 05E0	STS SSD1309SENDBYTE,SYSVALUECOPY
	K	 1101 KKKK KKKK KKKK	1308
00103F	D51C	RCALL WRITE_COMMAND_SSD1309
	D	 1110 KKKK DDDD KKKK	21
	K	 1110 KKKK 0101 KKKK	128
001040	E850	LDI SYSVALUECOPY,128
	K	1001 001D DDDD 0000:KKKK KKKK KKKK KKKK	1504
	D	1001 001D DDDD 0000:0000 0101 1110 0000	21
001041	9350 05E0	STS SSD1309SENDBYTE,SYSVALUECOPY
	K	 1101 KKKK KKKK KKKK	1304
001043	D518	RCALL WRITE_COMMAND_SSD1309
	D	 1110 KKKK DDDD KKKK	21
	K	 1110 KKKK 0101 KKKK	168
001044	EA58	LDI SYSVALUECOPY,168
	K	1001 001D DDDD 0000:KKKK KKKK KKKK KKKK	1504
	D	1001 001D DDDD 0000:0000 0101 1110 0000	21
001045	9350 05E0	STS SSD1309SENDBYTE,SYSVALUECOPY
	K	 1101 KKKK KKKK KKKK	1300
001047	D514	RCALL WRITE_COMMAND_SSD1309
	D	 1110 KKKK DDDD KKKK	21
	K	 1110 KKKK 0101 KKKK	63
001048	E35F	LDI SYSVALUECOPY,63
	K	1001 001D DDDD 0000:KKKK KKKK KKKK KKKK	1504
	D	1001 001D DDDD 0000:0000 0101 1110 0000	21
001049	9350 05E0	STS SSD1309SENDBYTE,SYSVALUECOPY
	K	 1101 KKKK KKKK KKKK	1296
00104B	D510	RCALL WRITE_COMMAND_SSD1309
	D	 1110 KKKK DDDD KKKK	21
	K	 1110 KKKK 0101 KKKK	211
00104C	ED53	LDI SYSVALUECOPY,211
	K	1001 001D DDDD 0000:KKKK KKKK KKKK KKKK	1504
	D	1001 001D DDDD 0000:0000 0101 1110 0000	21
00104D	9350 05E0	STS SSD1309SENDBYTE,SYSVALUECOPY
	K	 1101 KKKK KKKK KKKK	1292
00104F	D50C	RCALL WRITE_COMMAND_SSD1309
	D	 1110 KKKK DDDD KKKK	21
	K	 1110 KKKK 0101 KKKK	0
001050	E050	LDI SYSVALUECOPY,0
	K	1001 001D DDDD 0000:KKKK KKKK KKKK KKKK	1504
	D	1001 001D DDDD 0000:0000 0101 1110 0000	21
001051	9350 05E0	STS SSD1309SENDBYTE,SYSVALUECOPY
	K	 1101 KKKK KKKK KKKK	1288
001053	D508	RCALL WRITE_COMMAND_SSD1309
	D	 1110 KKKK DDDD KKKK	21
	K	 1110 KKKK 0101 KKKK	64
001054	E450	LDI SYSVALUECOPY,64
	K	1001 001D DDDD 0000:KKKK KKKK KKKK KKKK	1504
	D	1001 001D DDDD 0000:0000 0101 1110 0000	21
001055	9350 05E0	STS SSD1309SENDBYTE,SYSVALUECOPY
	K	 1101 KKKK KKKK KKKK	1284
001057	D504	RCALL WRITE_COMMAND_SSD1309
	D	 1110 KKKK DDDD KKKK	21
	K	 1110 KKKK 0101 KKKK	141
001058	E85D	LDI SYSVALUECOPY,141
	K	1001 001D DDDD 0000:KKKK KKKK KKKK KKKK	1504
	D	1001 001D DDDD 0000:0000 0101 1110 0000	21
001059	9350 05E0	STS SSD1309SENDBYTE,SYSVALUECOPY
	K	 1101 KKKK KKKK KKKK	1280
00105B	D500	RCALL WRITE_COMMAND_SSD1309
	D	 1110 KKKK DDDD KKKK	21
	K	 1110 KKKK 0101 KKKK	16
00105C	E150	LDI SYSVALUECOPY,16
	K	1001 001D DDDD 0000:KKKK KKKK KKKK KKKK	1504
	D	1001 001D DDDD 0000:0000 0101 1110 0000	21
00105D	9350 05E0	STS SSD1309SENDBYTE,SYSVALUECOPY
	K	 1101 KKKK KKKK KKKK	1276
00105F	D4FC	RCALL WRITE_COMMAND_SSD1309
	D	 1110 KKKK DDDD KKKK	21
	K	 1110 KKKK 0101 KKKK	32
001060	E250	LDI SYSVALUECOPY,32
	K	1001 001D DDDD 0000:KKKK KKKK KKKK KKKK	1504
	D	1001 001D DDDD 0000:0000 0101 1110 0000	21
001061	9350 05E0	STS SSD1309SENDBYTE,SYSVALUECOPY
	K	 1101 KKKK KKKK KKKK	1272
001063	D4F8	RCALL WRITE_COMMAND_SSD1309
	D	 1110 KKKK DDDD KKKK	21
	K	 1110 KKKK 0101 KKKK	16
001064	E150	LDI SYSVALUECOPY,16
	K	1001 001D DDDD 0000:KKKK KKKK KKKK KKKK	1504
	D	1001 001D DDDD 0000:0000 0101 1110 0000	21
001065	9350 05E0	STS SSD1309SENDBYTE,SYSVALUECOPY
	K	 1101 KKKK KKKK KKKK	1268
001067	D4F4	RCALL WRITE_COMMAND_SSD1309
	D	 1110 KKKK DDDD KKKK	21
	K	 1110 KKKK 0101 KKKK	161
001068	EA51	LDI SYSVALUECOPY,161
	K	1001 001D DDDD 0000:KKKK KKKK KKKK KKKK	1504
	D	1001 001D DDDD 0000:0000 0101 1110 0000	21
001069	9350 05E0	STS SSD1309SENDBYTE,SYSVALUECOPY
	K	 1101 KKKK KKKK KKKK	1264
00106B	D4F0	RCALL WRITE_COMMAND_SSD1309
	D	 1110 KKKK DDDD KKKK	21
	K	 1110 KKKK 0101 KKKK	200
00106C	EC58	LDI SYSVALUECOPY,200
	K	1001 001D DDDD 0000:KKKK KKKK KKKK KKKK	1504
	D	1001 001D DDDD 0000:0000 0101 1110 0000	21
00106D	9350 05E0	STS SSD1309SENDBYTE,SYSVALUECOPY
	K	 1101 KKKK KKKK KKKK	1260
00106F	D4EC	RCALL WRITE_COMMAND_SSD1309
	D	 1110 KKKK DDDD KKKK	21
	K	 1110 KKKK 0101 KKKK	218
001070	ED5A	LDI SYSVALUECOPY,218
	K	1001 001D DDDD 0000:KKKK KKKK KKKK KKKK	1504
	D	1001 001D DDDD 0000:0000 0101 1110 0000	21
001071	9350 05E0	STS SSD1309SENDBYTE,SYSVALUECOPY
	K	 1101 KKKK KKKK KKKK	1256
001073	D4E8	RCALL WRITE_COMMAND_SSD1309
	D	 1110 KKKK DDDD KKKK	21
	K	 1110 KKKK 0101 KKKK	18
001074	E152	LDI SYSVALUECOPY,18
	K	1001 001D DDDD 0000:KKKK KKKK KKKK KKKK	1504
	D	1001 001D DDDD 0000:0000 0101 1110 0000	21
001075	9350 05E0	STS SSD1309SENDBYTE,SYSVALUECOPY
	K	 1101 KKKK KKKK KKKK	1252
001077	D4E4	RCALL WRITE_COMMAND_SSD1309
	D	 1110 KKKK DDDD KKKK	21
	K	 1110 KKKK 0101 KKKK	129
001078	E851	LDI SYSVALUECOPY,129
	K	1001 001D DDDD 0000:KKKK KKKK KKKK KKKK	1504
	D	1001 001D DDDD 0000:0000 0101 1110 0000	21
001079	9350 05E0	STS SSD1309SENDBYTE,SYSVALUECOPY
	K	 1101 KKKK KKKK KKKK	1248
00107B	D4E0	RCALL WRITE_COMMAND_SSD1309
	D	 1110 KKKK DDDD KKKK	21
	K	 1110 KKKK 0101 KKKK	159
00107C	E95F	LDI SYSVALUECOPY,159
	K	1001 001D DDDD 0000:KKKK KKKK KKKK KKKK	1504
	D	1001 001D DDDD 0000:0000 0101 1110 0000	21
00107D	9350 05E0	STS SSD1309SENDBYTE,SYSVALUECOPY
	K	 1101 KKKK KKKK KKKK	1244
00107F	D4DC	RCALL WRITE_COMMAND_SSD1309
	D	 1110 KKKK DDDD KKKK	21
	K	 1110 KKKK 0101 KKKK	217
001080	ED59	LDI SYSVALUECOPY,217
	K	1001 001D DDDD 0000:KKKK KKKK KKKK KKKK	1504
	D	1001 001D DDDD 0000:0000 0101 1110 0000	21
001081	9350 05E0	STS SSD1309SENDBYTE,SYSVALUECOPY
	K	 1101 KKKK KKKK KKKK	1240
001083	D4D8	RCALL WRITE_COMMAND_SSD1309
	D	 1110 KKKK DDDD KKKK	21
	K	 1110 KKKK 0101 KKKK	34
001084	E252	LDI SYSVALUECOPY,34
	K	1001 001D DDDD 0000:KKKK KKKK KKKK KKKK	1504
	D	1001 001D DDDD 0000:0000 0101 1110 0000	21
001085	9350 05E0	STS SSD1309SENDBYTE,SYSVALUECOPY
	K	 1101 KKKK KKKK KKKK	1236
001087	D4D4	RCALL WRITE_COMMAND_SSD1309
	D	 1110 KKKK DDDD KKKK	21
	K	 1110 KKKK 0101 KKKK	219
001088	ED5B	LDI SYSVALUECOPY,219
	K	1001 001D DDDD 0000:KKKK KKKK KKKK KKKK	1504
	D	1001 001D DDDD 0000:0000 0101 1110 0000	21
001089	9350 05E0	STS SSD1309SENDBYTE,SYSVALUECOPY
	K	 1101 KKKK KKKK KKKK	1232
00108B	D4D0	RCALL WRITE_COMMAND_SSD1309
	D	 1110 KKKK DDDD KKKK	21
	K	 1110 KKKK 0101 KKKK	64
00108C	E450	LDI SYSVALUECOPY,64
	K	1001 001D DDDD 0000:KKKK KKKK KKKK KKKK	1504
	D	1001 001D DDDD 0000:0000 0101 1110 0000	21
00108D	9350 05E0	STS SSD1309SENDBYTE,SYSVALUECOPY
	K	 1101 KKKK KKKK KKKK	1228
00108F	D4CC	RCALL WRITE_COMMAND_SSD1309
	D	 1110 KKKK DDDD KKKK	21
	K	 1110 KKKK 0101 KKKK	164
001090	EA54	LDI SYSVALUECOPY,164
	K	1001 001D DDDD 0000:KKKK KKKK KKKK KKKK	1504
	D	1001 001D DDDD 0000:0000 0101 1110 0000	21
001091	9350 05E0	STS SSD1309SENDBYTE,SYSVALUECOPY
	K	 1101 KKKK KKKK KKKK	1224
001093	D4C8	RCALL WRITE_COMMAND_SSD1309
	D	 1110 KKKK DDDD KKKK	21
	K	 1110 KKKK 0101 KKKK	166
001094	EA56	LDI SYSVALUECOPY,166
	K	1001 001D DDDD 0000:KKKK KKKK KKKK KKKK	1504
	D	1001 001D DDDD 0000:0000 0101 1110 0000	21
001095	9350 05E0	STS SSD1309SENDBYTE,SYSVALUECOPY
	K	 1101 KKKK KKKK KKKK	1220
001097	D4C4	RCALL WRITE_COMMAND_SSD1309
	K	 1101 KKKK KKKK KKKK	3009
001098	DBC1	RCALL GLCDCLS_SSD1309
	D	 1110 KKKK DDDD KKKK	21
	K	 1110 KKKK 0101 KKKK	175
001099	EA5F	LDI SYSVALUECOPY,175
	K	1001 001D DDDD 0000:KKKK KKKK KKKK KKKK	1504
	D	1001 001D DDDD 0000:0000 0101 1110 0000	21
00109A	9350 05E0	STS SSD1309SENDBYTE,SYSVALUECOPY
	K	 1100 KKKK KKKK KKKK	1215
00109C	C4BF	RJMP WRITE_COMMAND_SSD1309


		INITI2C
	A	 1001 1000 AAAA ABBB	7
	B	 1001 1000 0011 1BBB	4
00109D	983C	CBI DDRC,4
	A	 1001 1000 AAAA ABBB	7
	B	 1001 1000 0011 1BBB	5
00109E	983D	CBI DDRC,5
	D	 1110 KKKK DDDD KKKK	21
	K	 1110 KKKK 0101 KKKK	0
00109F	E050	LDI SYSVALUECOPY,0
	K	1001 001D DDDD 0000:KKKK KKKK KKKK KKKK	1449
	D	1001 001D DDDD 0000:0000 0101 1010 1001	21
0010A0	9350 05A9	STS I2CMATCH,SYSVALUECOPY
0010A2	9508	RET


		INITSYS
	D	 1110 KKKK DDDD KKKK	21
	K	 1110 KKKK 0101 KKKK	0
0010A3	E050	LDI SYSVALUECOPY,0
	A	 1011 1AAR RRRR AAAA	5
	R	 1011 100R RRRR 0101	21
0010A4	B955	OUT PORTB,SYSVALUECOPY
	D	 1110 KKKK DDDD KKKK	21
	K	 1110 KKKK 0101 KKKK	0
0010A5	E050	LDI SYSVALUECOPY,0
	A	 1011 1AAR RRRR AAAA	8
	R	 1011 100R RRRR 1000	21
0010A6	B958	OUT PORTC,SYSVALUECOPY
	D	 1110 KKKK DDDD KKKK	21
	K	 1110 KKKK 0101 KKKK	0
0010A7	E050	LDI SYSVALUECOPY,0
	A	 1011 1AAR RRRR AAAA	11
	R	 1011 100R RRRR 1011	21
0010A8	B95B	OUT PORTD,SYSVALUECOPY
0010A9	9508	RET


		FN_PAD
	D	1001 000D DDDD 0000:KKKK KKKK KKKK KKKK	26
	K	1001 0001 1010 0000:KKKK KKKK KKKK KKKK	1544
0010AA	91A0 0608	LDS SYSSTRINGA,SYSSYSINSTRINGHANDLER
	D	1001 000D DDDD 0000:KKKK KKKK KKKK KKKK	27
	K	1001 0001 1011 0000:KKKK KKKK KKKK KKKK	1545
0010AC	91B0 0609	LDS SYSSTRINGA_H,SYSSYSINSTRINGHANDLER_H
	D	 100S 000D DDDD SSSS	22
	S	 100S 0001 0110 SSSS	28
0010AE	916C	LD SYSCALCTEMPA,X
	D	1001 000D DDDD 0000:KKKK KKKK KKKK KKKK	28
	K	1001 0001 1100 0000:KKKK KKKK KKKK KKKK	1541
0010AF	91C0 0605	LDS SYSCALCTEMPB,SYSSTRLEN
	D	 0001 01RD DDDD RRRR	22
	R	 0001 01R1 0110 RRRR	28
0010B1	176C	CP SYSCALCTEMPA,SYSCALCTEMPB
	K	 1111 00KK KKKK K000	1
0010B2	F008	BRLO PC + 2
	K	 1100 KKKK KKKK KKKK	116
0010B3	C074	RJMP ELSE55_1
	D	1001 000D DDDD 0000:KKKK KKKK KKKK KKKK	26
	K	1001 0001 1010 0000:KKKK KKKK KKKK KKKK	1544
0010B4	91A0 0608	LDS SYSSTRINGA,SYSSYSINSTRINGHANDLER
	D	1001 000D DDDD 0000:KKKK KKKK KKKK KKKK	27
	K	1001 0001 1011 0000:KKKK KKKK KKKK KKKK	1545
0010B6	91B0 0609	LDS SYSSTRINGA_H,SYSSYSINSTRINGHANDLER_H
	D	 100S 000D DDDD SSSS	21
	S	 100S 0001 0101 SSSS	28
0010B8	915C	LD SYSVALUECOPY,X
	K	1001 001D DDDD 0000:KKKK KKKK KKKK KKKK	1514
	D	1001 001D DDDD 0000:0000 0101 1110 1010	21
0010B9	9350 05EA	STS SYSCHARCOUNT,SYSVALUECOPY
	D	 1110 KKKK DDDD KKKK	28
	K	 1110 KKKK 1100 KKKK	42
0010BB	E2CA	LDI SYSSTRINGB,LOW(PAD)
	D	 1110 KKKK DDDD KKKK	29
	K	 1110 KKKK 1101 KKKK	5
0010BC	E0D5	LDI SYSSTRINGB_H,HIGH(PAD)
	D	 1110 KKKK DDDD KKKK	30
	K	 1110 KKKK 1110 KKKK	182
0010BD	EBE6	LDI SYSREADA,LOW(STRINGTABLE93<<1)
	D	 1110 KKKK DDDD KKKK	31
	K	 1110 KKKK 1111 KKKK	42
0010BE	E2FA	LDI SYSREADA_H,HIGH(STRINGTABLE93<<1)
	K	 1101 KKKK KKKK KKKK	1141
0010BF	D475	RCALL SYSREADSTRING
	D	 1110 KKKK DDDD KKKK	21
	K	 1110 KKKK 0101 KKKK	0
0010C0	E050	LDI SYSVALUECOPY,0
	K	1001 001D DDDD 0000:KKKK KKKK KKKK KKKK	1540
	D	1001 001D DDDD 0000:0000 0110 0000 0100	21
0010C1	9350 0604	STS SYSSTRINGTEMP,SYSVALUECOPY
	D	1001 000D DDDD 0000:KKKK KKKK KKKK KKKK	22
	K	1001 0001 0110 0000:KKKK KKKK KKKK KKKK	1514
0010C3	9160 05EA	LDS SYSCALCTEMPA,SYSCHARCOUNT
	D	 0011 KKKK DDDD KKKK	22
	K	 0011 KKKK 0110 KKKK	1
0010C5	3061	CPI SYSCALCTEMPA,1
	K	 1111 00KK KKKK K000	39
0010C6	F138	BRLO SYSFORLOOPEND10
		SYSFORLOOP10
	D	1001 000D DDDD 0000:KKKK KKKK KKKK KKKK	6
	K	1001 0000 0110 0000:KKKK KKKK KKKK KKKK	1540
0010C7	9060 0604	LDS SYSTEMP1,SYSSTRINGTEMP
	D	 1001 010D DDDD 0011	6
0010C9	9463	INC SYSTEMP1
	K	1001 001D DDDD 0000:KKKK KKKK KKKK KKKK	1540
	D	1001 001D DDDD 0000:0000 0110 0000 0100	6
0010CA	9260 0604	STS SYSSTRINGTEMP,SYSTEMP1
	D	1001 000D DDDD 0000:KKKK KKKK KKKK KKKK	6
	K	1001 0000 0110 0000:KKKK KKKK KKKK KKKK	1544
0010CC	9060 0608	LDS SYSTEMP1,SYSSYSINSTRINGHANDLER
	D	1001 000D DDDD 0000:KKKK KKKK KKKK KKKK	10
	K	1001 0000 1010 0000:KKKK KKKK KKKK KKKK	1540
0010CE	90A0 0604	LDS SYSTEMP2,SYSSTRINGTEMP
	D	 0000 11RD DDDD RRRR	6
	R	 0000 11R0 0110 RRRR	10
0010D0	0C6A	ADD SYSTEMP1,SYSTEMP2
	D	 0010 11RD DDDD RRRR	26
	R	 0010 11R1 1010 RRRR	6
0010D1	2DA6	MOV SYSSTRINGA,SYSTEMP1
	D	1001 000D DDDD 0000:KKKK KKKK KKKK KKKK	6
	K	1001 0000 0110 0000:KKKK KKKK KKKK KKKK	1545
0010D2	9060 0609	LDS SYSTEMP1,SYSSYSINSTRINGHANDLER_H
	D	 1110 KKKK DDDD KKKK	16
	K	 1110 KKKK 0000 KKKK	0
0010D4	E000	LDI SYSTEMP3,0
	D	 0001 11RD DDDD RRRR	6
	R	 0001 11R0 0110 RRRR	16
0010D5	1E60	ADC SYSTEMP1,SYSTEMP3
	D	 0010 11RD DDDD RRRR	27
	R	 0010 11R1 1011 RRRR	6
0010D6	2DB6	MOV SYSSTRINGA_H,SYSTEMP1
	D	 100S 000D DDDD SSSS	21
	S	 100S 0001 0101 SSSS	29
0010D7	915D	LD SYSVALUECOPY,X+
	K	1001 001D DDDD 0000:KKKK KKKK KKKK KKKK	1512
	D	1001 001D DDDD 0000:0000 0101 1110 1000	21
0010D8	9350 05E8	STS SYSARRAYTEMP1,SYSVALUECOPY
	K	1001 001D DDDD 0000:KKKK KKKK KKKK KKKK	1513
	D	1001 001D DDDD 0000:0000 0101 1110 1001	21
0010DA	9350 05E9	STS SYSARRAYTEMP2,SYSVALUECOPY
	D	1001 000D DDDD 0000:KKKK KKKK KKKK KKKK	6
	K	1001 0000 0110 0000:KKKK KKKK KKKK KKKK	1540
0010DC	9060 0604	LDS SYSTEMP1,SYSSTRINGTEMP
	D	 1110 KKKK DDDD KKKK	16
	K	 1110 KKKK 0000 KKKK	42
0010DE	E20A	LDI SYSTEMP3,LOW(PAD)
	D	 0000 11RD DDDD RRRR	6
	R	 0000 11R0 0110 RRRR	16
0010DF	0E60	ADD SYSTEMP1,SYSTEMP3
	D	 0010 11RD DDDD RRRR	26
	R	 0010 11R1 1010 RRRR	6
0010E0	2DA6	MOV SYSSTRINGA,SYSTEMP1
	D	 1110 KKKK DDDD KKKK	16
	K	 1110 KKKK 0000 KKKK	0
0010E1	E000	LDI SYSTEMP3,0
	D	 1110 KKKK DDDD KKKK	17
	K	 1110 KKKK 0001 KKKK	5
0010E2	E015	LDI SYSTEMP4,HIGH(PAD)
	D	 0001 11RD DDDD RRRR	16
	R	 0001 11R1 0000 RRRR	17
0010E3	1F01	ADC SYSTEMP3,SYSTEMP4
	D	 0010 11RD DDDD RRRR	27
	R	 0010 11R1 1011 RRRR	16
0010E4	2FB0	MOV SYSSTRINGA_H,SYSTEMP3
	D	1001 000D DDDD 0000:KKKK KKKK KKKK KKKK	21
	K	1001 0001 0101 0000:KKKK KKKK KKKK KKKK	1513
0010E5	9150 05E9	LDS SYSVALUECOPY,SYSARRAYTEMP2
	D	 100D 001R RRRR DDDD	29
	R	 1001 001R RRRR 1101	21
0010E7	935D	ST X+,SYSVALUECOPY
	D	1001 000D DDDD 0000:KKKK KKKK KKKK KKKK	22
	K	1001 0001 0110 0000:KKKK KKKK KKKK KKKK	1540
0010E8	9160 0604	LDS SYSCALCTEMPA,SYSSTRINGTEMP
	D	1001 000D DDDD 0000:KKKK KKKK KKKK KKKK	28
	K	1001 0001 1100 0000:KKKK KKKK KKKK KKKK	1514
0010EA	91C0 05EA	LDS SYSCALCTEMPB,SYSCHARCOUNT
	D	 0001 01RD DDDD RRRR	22
	R	 0001 01R1 0110 RRRR	28
0010EC	176C	CP SYSCALCTEMPA,SYSCALCTEMPB
	K	 1111 00KK KKKK K000	89
0010ED	F2C8	BRLO SYSFORLOOP10
		SYSFORLOOPEND10
	D	1001 000D DDDD 0000:KKKK KKKK KKKK KKKK	10
	K	1001 0000 1010 0000:KKKK KKKK KKKK KKKK	1514
0010EE	90A0 05EA	LDS SYSTEMP2,SYSCHARCOUNT
	D	 1001 010D DDDD 0011	10
0010F0	94A3	INC SYSTEMP2
	D	 1001 010D DDDD 1010	10
0010F1	94AA	DEC SYSTEMP2
	K	1001 001D DDDD 0000:KKKK KKKK KKKK KKKK	1540
	D	1001 001D DDDD 0000:0000 0110 0000 0100	10
0010F2	92A0 0604	STS SYSSTRINGTEMP,SYSTEMP2
	D	1001 000D DDDD 0000:KKKK KKKK KKKK KKKK	10
	K	1001 0000 1010 0000:KKKK KKKK KKKK KKKK	1514
0010F4	90A0 05EA	LDS SYSTEMP2,SYSCHARCOUNT
	D	 1001 010D DDDD 0011	10
0010F6	94A3	INC SYSTEMP2
	D	 0010 11RD DDDD RRRR	28
	R	 0010 11R1 1100 RRRR	10
0010F7	2DCA	MOV SYSBYTETEMPB,SYSTEMP2
	D	1001 000D DDDD 0000:KKKK KKKK KKKK KKKK	22
	K	1001 0001 0110 0000:KKKK KKKK KKKK KKKK	1541
0010F8	9160 0605	LDS SYSBYTETEMPA,SYSSTRLEN
	K	 1101 KKKK KKKK KKKK	672
0010FA	D2A0	RCALL SYSCOMPLESSTHAN
	R	 1111 110R RRRR 0BBB	0
	B	 1111 1100 0000 0BBB	0
0010FB	FC00	SBRC SYSBYTETEMPX,0
	K	 1100 KKKK KKKK KKKK	38
0010FC	C026	RJMP SYSFORLOOPEND11
		SYSFORLOOP11
	D	1001 000D DDDD 0000:KKKK KKKK KKKK KKKK	6
	K	1001 0000 0110 0000:KKKK KKKK KKKK KKKK	1540
0010FD	9060 0604	LDS SYSTEMP1,SYSSTRINGTEMP
	D	 1001 010D DDDD 0011	6
0010FF	9463	INC SYSTEMP1
	K	1001 001D DDDD 0000:KKKK KKKK KKKK KKKK	1540
	D	1001 001D DDDD 0000:0000 0110 0000 0100	6
001100	9260 0604	STS SYSSTRINGTEMP,SYSTEMP1
	D	1001 000D DDDD 0000:KKKK KKKK KKKK KKKK	6
	K	1001 0000 0110 0000:KKKK KKKK KKKK KKKK	1542
001102	9060 0606	LDS SYSTEMP1,SYSSYSINSTRING3HANDLER
	D	 1110 KKKK DDDD KKKK	16
	K	 1110 KKKK 0000 KKKK	1
001104	E001	LDI SYSTEMP3,1
	D	 0000 11RD DDDD RRRR	6
	R	 0000 11R0 0110 RRRR	16
001105	0E60	ADD SYSTEMP1,SYSTEMP3
	D	 0010 11RD DDDD RRRR	26
	R	 0010 11R1 1010 RRRR	6
001106	2DA6	MOV SYSSTRINGA,SYSTEMP1
	D	1001 000D DDDD 0000:KKKK KKKK KKKK KKKK	6
	K	1001 0000 0110 0000:KKKK KKKK KKKK KKKK	1543
001107	9060 0607	LDS SYSTEMP1,SYSSYSINSTRING3HANDLER_H
	D	 1110 KKKK DDDD KKKK	16
	K	 1110 KKKK 0000 KKKK	0
001109	E000	LDI SYSTEMP3,0
	D	 0001 11RD DDDD RRRR	6
	R	 0001 11R0 0110 RRRR	16
00110A	1E60	ADC SYSTEMP1,SYSTEMP3
	D	 0010 11RD DDDD RRRR	27
	R	 0010 11R1 1011 RRRR	6
00110B	2DB6	MOV SYSSTRINGA_H,SYSTEMP1
	D	 100S 000D DDDD SSSS	21
	S	 100S 0001 0101 SSSS	29
00110C	915D	LD SYSVALUECOPY,X+
	K	1001 001D DDDD 0000:KKKK KKKK KKKK KKKK	1513
	D	1001 001D DDDD 0000:0000 0101 1110 1001	21
00110D	9350 05E9	STS SYSARRAYTEMP2,SYSVALUECOPY
	K	1001 001D DDDD 0000:KKKK KKKK KKKK KKKK	1512
	D	1001 001D DDDD 0000:0000 0101 1110 1000	21
00110F	9350 05E8	STS SYSARRAYTEMP1,SYSVALUECOPY
	D	1001 000D DDDD 0000:KKKK KKKK KKKK KKKK	6
	K	1001 0000 0110 0000:KKKK KKKK KKKK KKKK	1540
001111	9060 0604	LDS SYSTEMP1,SYSSTRINGTEMP
	D	 1110 KKKK DDDD KKKK	16
	K	 1110 KKKK 0000 KKKK	42
001113	E20A	LDI SYSTEMP3,LOW(PAD)
	D	 0000 11RD DDDD RRRR	6
	R	 0000 11R0 0110 RRRR	16
001114	0E60	ADD SYSTEMP1,SYSTEMP3
	D	 0010 11RD DDDD RRRR	26
	R	 0010 11R1 1010 RRRR	6
001115	2DA6	MOV SYSSTRINGA,SYSTEMP1
	D	 1110 KKKK DDDD KKKK	16
	K	 1110 KKKK 0000 KKKK	0
001116	E000	LDI SYSTEMP3,0
	D	 1110 KKKK DDDD KKKK	17
	K	 1110 KKKK 0001 KKKK	5
001117	E015	LDI SYSTEMP4,HIGH(PAD)
	D	 0001 11RD DDDD RRRR	16
	R	 0001 11R1 0000 RRRR	17
001118	1F01	ADC SYSTEMP3,SYSTEMP4
	D	 0010 11RD DDDD RRRR	27
	R	 0010 11R1 1011 RRRR	16
001119	2FB0	MOV SYSSTRINGA_H,SYSTEMP3
	D	1001 000D DDDD 0000:KKKK KKKK KKKK KKKK	21
	K	1001 0001 0101 0000:KKKK KKKK KKKK KKKK	1512
00111A	9150 05E8	LDS SYSVALUECOPY,SYSARRAYTEMP1
	D	 100D 001R RRRR DDDD	29
	R	 1001 001R RRRR 1101	21
00111C	935D	ST X+,SYSVALUECOPY
	D	1001 000D DDDD 0000:KKKK KKKK KKKK KKKK	22
	K	1001 0001 0110 0000:KKKK KKKK KKKK KKKK	1540
00111D	9160 0604	LDS SYSCALCTEMPA,SYSSTRINGTEMP
	D	1001 000D DDDD 0000:KKKK KKKK KKKK KKKK	28
	K	1001 0001 1100 0000:KKKK KKKK KKKK KKKK	1541
00111F	91C0 0605	LDS SYSCALCTEMPB,SYSSTRLEN
	D	 0001 01RD DDDD RRRR	22
	R	 0001 01R1 0110 RRRR	28
001121	176C	CP SYSCALCTEMPA,SYSCALCTEMPB
	K	 1111 00KK KKKK K000	90
001122	F2D0	BRLO SYSFORLOOP11
		SYSFORLOOPEND11
	D	1001 000D DDDD 0000:KKKK KKKK KKKK KKKK	21
	K	1001 0001 0101 0000:KKKK KKKK KKKK KKKK	1541
001123	9150 0605	LDS SYSVALUECOPY,SYSSTRLEN
	K	1001 001D DDDD 0000:KKKK KKKK KKKK KKKK	1322
	D	1001 001D DDDD 0000:0000 0101 0010 1010	21
001125	9350 052A	STS SYSPAD_0,SYSVALUECOPY
	K	 1100 KKKK KKKK KKKK	61
001127	C03D	RJMP ENDIF55
		ELSE55_1
	D	 1110 KKKK DDDD KKKK	21
	K	 1110 KKKK 0101 KKKK	0
001128	E050	LDI SYSVALUECOPY,0
	K	1001 001D DDDD 0000:KKKK KKKK KKKK KKKK	1540
	D	1001 001D DDDD 0000:0000 0110 0000 0100	21
001129	9350 0604	STS SYSSTRINGTEMP,SYSVALUECOPY
	D	1001 000D DDDD 0000:KKKK KKKK KKKK KKKK	26
	K	1001 0001 1010 0000:KKKK KKKK KKKK KKKK	1544
00112B	91A0 0608	LDS SYSSTRINGA,SYSSYSINSTRINGHANDLER
	D	1001 000D DDDD 0000:KKKK KKKK KKKK KKKK	27
	K	1001 0001 1011 0000:KKKK KKKK KKKK KKKK	1545
00112D	91B0 0609	LDS SYSSTRINGA_H,SYSSYSINSTRINGHANDLER_H
	D	 100S 000D DDDD SSSS	22
	S	 100S 0001 0110 SSSS	28
00112F	916C	LD SYSCALCTEMPA,X
	D	 0011 KKKK DDDD KKKK	22
	K	 0011 KKKK 0110 KKKK	1
001130	3061	CPI SYSCALCTEMPA,1
	K	 1111 00KK KKKK K000	42
001131	F150	BRLO SYSFORLOOPEND12
		SYSFORLOOP12
	D	1001 000D DDDD 0000:KKKK KKKK KKKK KKKK	6
	K	1001 0000 0110 0000:KKKK KKKK KKKK KKKK	1540
001132	9060 0604	LDS SYSTEMP1,SYSSTRINGTEMP
	D	 1001 010D DDDD 0011	6
001134	9463	INC SYSTEMP1
	K	1001 001D DDDD 0000:KKKK KKKK KKKK KKKK	1540
	D	1001 001D DDDD 0000:0000 0110 0000 0100	6
001135	9260 0604	STS SYSSTRINGTEMP,SYSTEMP1
	D	1001 000D DDDD 0000:KKKK KKKK KKKK KKKK	6
	K	1001 0000 0110 0000:KKKK KKKK KKKK KKKK	1544
001137	9060 0608	LDS SYSTEMP1,SYSSYSINSTRINGHANDLER
	D	1001 000D DDDD 0000:KKKK KKKK KKKK KKKK	10
	K	1001 0000 1010 0000:KKKK KKKK KKKK KKKK	1540
001139	90A0 0604	LDS SYSTEMP2,SYSSTRINGTEMP
	D	 0000 11RD DDDD RRRR	6
	R	 0000 11R0 0110 RRRR	10
00113B	0C6A	ADD SYSTEMP1,SYSTEMP2
	D	 0010 11RD DDDD RRRR	26
	R	 0010 11R1 1010 RRRR	6
00113C	2DA6	MOV SYSSTRINGA,SYSTEMP1
	D	1001 000D DDDD 0000:KKKK KKKK KKKK KKKK	6
	K	1001 0000 0110 0000:KKKK KKKK KKKK KKKK	1545
00113D	9060 0609	LDS SYSTEMP1,SYSSYSINSTRINGHANDLER_H
	D	 1110 KKKK DDDD KKKK	16
	K	 1110 KKKK 0000 KKKK	0
00113F	E000	LDI SYSTEMP3,0
	D	 0001 11RD DDDD RRRR	6
	R	 0001 11R0 0110 RRRR	16
001140	1E60	ADC SYSTEMP1,SYSTEMP3
	D	 0010 11RD DDDD RRRR	27
	R	 0010 11R1 1011 RRRR	6
001141	2DB6	MOV SYSSTRINGA_H,SYSTEMP1
	D	 100S 000D DDDD SSSS	21
	S	 100S 0001 0101 SSSS	29
001142	915D	LD SYSVALUECOPY,X+
	K	1001 001D DDDD 0000:KKKK KKKK KKKK KKKK	1512
	D	1001 001D DDDD 0000:0000 0101 1110 1000	21
001143	9350 05E8	STS SYSARRAYTEMP1,SYSVALUECOPY
	K	1001 001D DDDD 0000:KKKK KKKK KKKK KKKK	1513
	D	1001 001D DDDD 0000:0000 0101 1110 1001	21
001145	9350 05E9	STS SYSARRAYTEMP2,SYSVALUECOPY
	D	1001 000D DDDD 0000:KKKK KKKK KKKK KKKK	6
	K	1001 0000 0110 0000:KKKK KKKK KKKK KKKK	1540
001147	9060 0604	LDS SYSTEMP1,SYSSTRINGTEMP
	D	 1110 KKKK DDDD KKKK	16
	K	 1110 KKKK 0000 KKKK	42
001149	E20A	LDI SYSTEMP3,LOW(PAD)
	D	 0000 11RD DDDD RRRR	6
	R	 0000 11R0 0110 RRRR	16
00114A	0E60	ADD SYSTEMP1,SYSTEMP3
	D	 0010 11RD DDDD RRRR	26
	R	 0010 11R1 1010 RRRR	6
00114B	2DA6	MOV SYSSTRINGA,SYSTEMP1
	D	 1110 KKKK DDDD KKKK	16
	K	 1110 KKKK 0000 KKKK	0
00114C	E000	LDI SYSTEMP3,0
	D	 1110 KKKK DDDD KKKK	17
	K	 1110 KKKK 0001 KKKK	5
00114D	E015	LDI SYSTEMP4,HIGH(PAD)
	D	 0001 11RD DDDD RRRR	16
	R	 0001 11R1 0000 RRRR	17
00114E	1F01	ADC SYSTEMP3,SYSTEMP4
	D	 0010 11RD DDDD RRRR	27
	R	 0010 11R1 1011 RRRR	16
00114F	2FB0	MOV SYSSTRINGA_H,SYSTEMP3
	D	1001 000D DDDD 0000:KKKK KKKK KKKK KKKK	21
	K	1001 0001 0101 0000:KKKK KKKK KKKK KKKK	1513
001150	9150 05E9	LDS SYSVALUECOPY,SYSARRAYTEMP2
	D	 100D 001R RRRR DDDD	29
	R	 1001 001R RRRR 1101	21
001152	935D	ST X+,SYSVALUECOPY
	D	1001 000D DDDD 0000:KKKK KKKK KKKK KKKK	26
	K	1001 0001 1010 0000:KKKK KKKK KKKK KKKK	1544
001153	91A0 0608	LDS SYSSTRINGA,SYSSYSINSTRINGHANDLER
	D	1001 000D DDDD 0000:KKKK KKKK KKKK KKKK	27
	K	1001 0001 1011 0000:KKKK KKKK KKKK KKKK	1545
001155	91B0 0609	LDS SYSSTRINGA_H,SYSSYSINSTRINGHANDLER_H
	D	1001 000D DDDD 0000:KKKK KKKK KKKK KKKK	22
	K	1001 0001 0110 0000:KKKK KKKK KKKK KKKK	1540
001157	9160 0604	LDS SYSCALCTEMPA,SYSSTRINGTEMP
	D	 100S 000D DDDD SSSS	28
	S	 100S 0001 1100 SSSS	28
001159	91CC	LD SYSCALCTEMPB,X
	D	 0001 01RD DDDD RRRR	22
	R	 0001 01R1 0110 RRRR	28
00115A	176C	CP SYSCALCTEMPA,SYSCALCTEMPB
	K	 1111 00KK KKKK K000	86
00115B	F2B0	BRLO SYSFORLOOP12
		SYSFORLOOPEND12
	D	1001 000D DDDD 0000:KKKK KKKK KKKK KKKK	26
	K	1001 0001 1010 0000:KKKK KKKK KKKK KKKK	1544
00115C	91A0 0608	LDS SYSSTRINGA,SYSSYSINSTRINGHANDLER
	D	1001 000D DDDD 0000:KKKK KKKK KKKK KKKK	27
	K	1001 0001 1011 0000:KKKK KKKK KKKK KKKK	1545
00115E	91B0 0609	LDS SYSSTRINGA_H,SYSSYSINSTRINGHANDLER_H
	D	 100S 000D DDDD SSSS	21
	S	 100S 0001 0101 SSSS	29
001160	915D	LD SYSVALUECOPY,X+
	K	1001 001D DDDD 0000:KKKK KKKK KKKK KKKK	1512
	D	1001 001D DDDD 0000:0000 0101 1110 1000	21
001161	9350 05E8	STS SYSARRAYTEMP1,SYSVALUECOPY
	K	1001 001D DDDD 0000:KKKK KKKK KKKK KKKK	1322
	D	1001 001D DDDD 0000:0000 0101 0010 1010	21
001163	9350 052A	STS SYSPAD_0,SYSVALUECOPY
		ENDIF55
001165	9508	RET


		PSET_SSD1309
	D	1001 000D DDDD 0000:KKKK KKKK KKKK KKKK	21
	K	1001 0001 0101 0000:KKKK KKKK KKKK KKKK	1442
001166	9150 05A2	LDS SYSVALUECOPY,GLCDY
	K	1001 001D DDDD 0000:KKKK KKKK KKKK KKKK	1505
	D	1001 001D DDDD 0000:0000 0101 1110 0001	21
001168	9350 05E1	STS SSD1309_BUFFERLOCATIONCALC,SYSVALUECOPY
	D	 1110 KKKK DDDD KKKK	21
	K	 1110 KKKK 0101 KKKK	0
00116A	E050	LDI SYSVALUECOPY,0
	K	1001 001D DDDD 0000:KKKK KKKK KKKK KKKK	1506
	D	1001 001D DDDD 0000:0000 0101 1110 0010	21
00116B	9350 05E2	STS SSD1309_BUFFERLOCATIONCALC_H,SYSVALUECOPY
	D	 1110 KKKK DDDD KKKK	21
	K	 1110 KKKK 0101 KKKK	3
00116D	E053	LDI SYSVALUECOPY,3
	K	1001 001D DDDD 0000:KKKK KKKK KKKK KKKK	1536
	D	1001 001D DDDD 0000:0000 0110 0000 0000	21
00116E	9350 0600	STS SYSREPEATTEMP1,SYSVALUECOPY
		SYSREPEATLOOP1
001170	9488	CLC
	D	1001 000D DDDD 0000:KKKK KKKK KKKK KKKK	21
	K	1001 0001 0101 0000:KKKK KKKK KKKK KKKK	1506
001171	9150 05E2	LDS SYSVALUECOPY,SSD1309_BUFFERLOCATIONCALC_H
	D	 1001 010D DDDD 0111	21
001173	9557	ROR SYSVALUECOPY
	K	1001 001D DDDD 0000:KKKK KKKK KKKK KKKK	1506
	D	1001 001D DDDD 0000:0000 0101 1110 0010	21
001174	9350 05E2	STS SSD1309_BUFFERLOCATIONCALC_H,SYSVALUECOPY
	D	1001 000D DDDD 0000:KKKK KKKK KKKK KKKK	21
	K	1001 0001 0101 0000:KKKK KKKK KKKK KKKK	1505
001176	9150 05E1	LDS SYSVALUECOPY,SSD1309_BUFFERLOCATIONCALC
	D	 1001 010D DDDD 0111	21
001178	9557	ROR SYSVALUECOPY
	K	1001 001D DDDD 0000:KKKK KKKK KKKK KKKK	1505
	D	1001 001D DDDD 0000:0000 0101 1110 0001	21
001179	9350 05E1	STS SSD1309_BUFFERLOCATIONCALC,SYSVALUECOPY
	D	1001 000D DDDD 0000:KKKK KKKK KKKK KKKK	6
	K	1001 0000 0110 0000:KKKK KKKK KKKK KKKK	1536
00117B	9060 0600	LDS SYSTEMP1,SYSREPEATTEMP1
	D	 1001 010D DDDD 1010	6
00117D	946A	DEC SYSTEMP1
	K	1001 001D DDDD 0000:KKKK KKKK KKKK KKKK	1536
	D	1001 001D DDDD 0000:0000 0110 0000 0000	6
00117E	9260 0600	STS SYSREPEATTEMP1,SYSTEMP1
	K	 1111 01KK KKKK K001	111
001180	F779	BRNE SYSREPEATLOOP1
		SYSREPEATLOOPEND1
001181	9488	CLC
	D	 1110 KKKK DDDD KKKK	21
	K	 1110 KKKK 0101 KKKK	7
001182	E057	LDI SYSVALUECOPY,7
	K	1001 001D DDDD 0000:KKKK KKKK KKKK KKKK	1536
	D	1001 001D DDDD 0000:0000 0110 0000 0000	21
001183	9350 0600	STS SYSREPEATTEMP1,SYSVALUECOPY
		SYSREPEATLOOP2
	D	1001 000D DDDD 0000:KKKK KKKK KKKK KKKK	21
	K	1001 0001 0101 0000:KKKK KKKK KKKK KKKK	1505
001185	9150 05E1	LDS SYSVALUECOPY,SSD1309_BUFFERLOCATIONCALC
	D	 0001 11RD DDDD RRRR	21
	R	 0001 11R1 0101 RRRR	21
001187	1F55	ROL SYSVALUECOPY
	K	1001 001D DDDD 0000:KKKK KKKK KKKK KKKK	1505
	D	1001 001D DDDD 0000:0000 0101 1110 0001	21
001188	9350 05E1	STS SSD1309_BUFFERLOCATIONCALC,SYSVALUECOPY
	D	1001 000D DDDD 0000:KKKK KKKK KKKK KKKK	21
	K	1001 0001 0101 0000:KKKK KKKK KKKK KKKK	1506
00118A	9150 05E2	LDS SYSVALUECOPY,SSD1309_BUFFERLOCATIONCALC_H
	D	 0001 11RD DDDD RRRR	21
	R	 0001 11R1 0101 RRRR	21
00118C	1F55	ROL SYSVALUECOPY
	K	1001 001D DDDD 0000:KKKK KKKK KKKK KKKK	1506
	D	1001 001D DDDD 0000:0000 0101 1110 0010	21
00118D	9350 05E2	STS SSD1309_BUFFERLOCATIONCALC_H,SYSVALUECOPY
	D	1001 000D DDDD 0000:KKKK KKKK KKKK KKKK	6
	K	1001 0000 0110 0000:KKKK KKKK KKKK KKKK	1536
00118F	9060 0600	LDS SYSTEMP1,SYSREPEATTEMP1
	D	 1001 010D DDDD 1010	6
001191	946A	DEC SYSTEMP1
	K	1001 001D DDDD 0000:KKKK KKKK KKKK KKKK	1536
	D	1001 001D DDDD 0000:0000 0110 0000 0000	6
001192	9260 0600	STS SYSREPEATTEMP1,SYSTEMP1
	K	 1111 01KK KKKK K001	112
001194	F781	BRNE SYSREPEATLOOP2
		SYSREPEATLOOPEND2
	D	1001 000D DDDD 0000:KKKK KKKK KKKK KKKK	10
	K	1001 0000 1010 0000:KKKK KKKK KKKK KKKK	1441
001195	90A0 05A1	LDS SYSTEMP2,GLCDX
	D	1001 000D DDDD 0000:KKKK KKKK KKKK KKKK	16
	K	1001 0001 0000 0000:KKKK KKKK KKKK KKKK	1505
001197	9100 05E1	LDS SYSTEMP3,SSD1309_BUFFERLOCATIONCALC
	D	 0000 11RD DDDD RRRR	10
	R	 0000 11R0 1010 RRRR	16
001199	0EA0	ADD SYSTEMP2,SYSTEMP3
	D	 0010 11RD DDDD RRRR	6
	R	 0010 11R0 0110 RRRR	10
00119A	2C6A	MOV SYSTEMP1,SYSTEMP2
	D	 1110 KKKK DDDD KKKK	16
	K	 1110 KKKK 0000 KKKK	0
00119B	E000	LDI SYSTEMP3,0
	D	1001 000D DDDD 0000:KKKK KKKK KKKK KKKK	10
	K	1001 0000 1010 0000:KKKK KKKK KKKK KKKK	1506
00119C	90A0 05E2	LDS SYSTEMP2,SSD1309_BUFFERLOCATIONCALC_H
	D	 0001 11RD DDDD RRRR	16
	R	 0001 11R1 0000 RRRR	10
00119E	1D0A	ADC SYSTEMP3,SYSTEMP2
	D	 0010 11RD DDDD RRRR	7
	R	 0010 11R0 0111 RRRR	16
00119F	2E70	MOV SYSTEMP1_H,SYSTEMP3
	D	 1110 KKKK DDDD KKKK	16
	K	 1110 KKKK 0000 KKKK	1
0011A0	E001	LDI SYSTEMP3,1
	D	 0000 11RD DDDD RRRR	6
	R	 0000 11R0 0110 RRRR	16
0011A1	0E60	ADD SYSTEMP1,SYSTEMP3
	K	1001 001D DDDD 0000:KKKK KKKK KKKK KKKK	1505
	D	1001 001D DDDD 0000:0000 0101 1110 0001	6
0011A2	9260 05E1	STS SSD1309_BUFFERLOCATIONCALC,SYSTEMP1
	D	 1110 KKKK DDDD KKKK	16
	K	 1110 KKKK 0000 KKKK	0
0011A4	E000	LDI SYSTEMP3,0
	D	 0001 11RD DDDD RRRR	7
	R	 0001 11R0 0111 RRRR	16
0011A5	1E70	ADC SYSTEMP1_H,SYSTEMP3
	K	1001 001D DDDD 0000:KKKK KKKK KKKK KKKK	1506
	D	1001 001D DDDD 0000:0000 0101 1110 0010	7
0011A6	9270 05E2	STS SSD1309_BUFFERLOCATIONCALC_H,SYSTEMP1_H
	D	1001 000D DDDD 0000:KKKK KKKK KKKK KKKK	6
	K	1001 0000 0110 0000:KKKK KKKK KKKK KKKK	1505
0011A8	9060 05E1	LDS SYSTEMP1,SSD1309_BUFFERLOCATIONCALC
	D	 1110 KKKK DDDD KKKK	16
	K	 1110 KKKK 0000 KKKK	0
0011AA	E000	LDI SYSTEMP3,LOW(SSD1309_BUFFERALIAS)
	D	 0000 11RD DDDD RRRR	6
	R	 0000 11R0 0110 RRRR	16
0011AB	0E60	ADD SYSTEMP1,SYSTEMP3
	D	 0010 11RD DDDD RRRR	26
	R	 0010 11R1 1010 RRRR	6
0011AC	2DA6	MOV SYSSTRINGA,SYSTEMP1
	D	1001 000D DDDD 0000:KKKK KKKK KKKK KKKK	6
	K	1001 0000 0110 0000:KKKK KKKK KKKK KKKK	1506
0011AD	9060 05E2	LDS SYSTEMP1,SSD1309_BUFFERLOCATIONCALC_H
	D	 1110 KKKK DDDD KKKK	16
	K	 1110 KKKK 0000 KKKK	1
0011AF	E001	LDI SYSTEMP3,HIGH(SSD1309_BUFFERALIAS)
	D	 0001 11RD DDDD RRRR	6
	R	 0001 11R0 0110 RRRR	16
0011B0	1E60	ADC SYSTEMP1,SYSTEMP3
	D	 0010 11RD DDDD RRRR	27
	R	 0010 11R1 1011 RRRR	6
0011B1	2DB6	MOV SYSSTRINGA_H,SYSTEMP1
	D	 100S 000D DDDD SSSS	21
	S	 100S 0001 0101 SSSS	28
0011B2	915C	LD SYSVALUECOPY,X
	K	1001 001D DDDD 0000:KKKK KKKK KKKK KKKK	1428
	D	1001 001D DDDD 0000:0000 0101 1001 0100	21
0011B3	9350 0594	STS GLCDDATATEMP,SYSVALUECOPY
	D	 1110 KKKK DDDD KKKK	16
	K	 1110 KKKK 0000 KKKK	7
0011B5	E007	LDI SYSTEMP3,7
	D	1001 000D DDDD 0000:KKKK KKKK KKKK KKKK	6
	K	1001 0000 0110 0000:KKKK KKKK KKKK KKKK	1442
0011B6	9060 05A2	LDS SYSTEMP1,GLCDY
	D	 0010 00RD DDDD RRRR	6
	R	 0010 00R0 0110 RRRR	16
0011B8	2260	AND SYSTEMP1,SYSTEMP3
	K	1001 001D DDDD 0000:KKKK KKKK KKKK KKKK	1424
	D	1001 001D DDDD 0000:0000 0101 1001 0000	6
0011B9	9260 0590	STS GLCDBITNO,SYSTEMP1
	D	1001 000D DDDD 0000:KKKK KKKK KKKK KKKK	5
	K	1001 0000 0101 0000:KKKK KKKK KKKK KKKK	1426
0011BB	9050 0592	LDS SYSBITTEST,GLCDCOLOUR
	R	 1111 110R RRRR 0BBB	5
	B	 1111 1100 0101 0BBB	0
0011BD	FC50	SBRC SYSBITTEST,0
	K	 1100 KKKK KKKK KKKK	5
0011BE	C005	RJMP ELSE83_1
	D	 1110 KKKK DDDD KKKK	21
	K	 1110 KKKK 0101 KKKK	254
0011BF	EF5E	LDI SYSVALUECOPY,254
	K	1001 001D DDDD 0000:KKKK KKKK KKKK KKKK	1425
	D	1001 001D DDDD 0000:0000 0101 1001 0001	21
0011C0	9350 0591	STS GLCDCHANGE,SYSVALUECOPY
0011C2	9408	SEC
	K	 1100 KKKK KKKK KKKK	4
0011C3	C004	RJMP ENDIF83
		ELSE83_1
	D	 1110 KKKK DDDD KKKK	21
	K	 1110 KKKK 0101 KKKK	1
0011C4	E051	LDI SYSVALUECOPY,1
	K	1001 001D DDDD 0000:KKKK KKKK KKKK KKKK	1425
	D	1001 001D DDDD 0000:0000 0101 1001 0001	21
0011C5	9350 0591	STS GLCDCHANGE,SYSVALUECOPY
0011C7	9488	CLC
		ENDIF83
	D	1001 000D DDDD 0000:KKKK KKKK KKKK KKKK	21
	K	1001 0001 0101 0000:KKKK KKKK KKKK KKKK	1424
0011C8	9150 0590	LDS SYSVALUECOPY,GLCDBITNO
	K	1001 001D DDDD 0000:KKKK KKKK KKKK KKKK	1536
	D	1001 001D DDDD 0000:0000 0110 0000 0000	21
0011CA	9350 0600	STS SYSREPEATTEMP1,SYSVALUECOPY
	D	1001 000D DDDD 0000:KKKK KKKK KKKK KKKK	22
	K	1001 0001 0110 0000:KKKK KKKK KKKK KKKK	1536
0011CC	9160 0600	LDS SYSCALCTEMPA,SYSREPEATTEMP1
	D	 0010 00RD DDDD RRRR	22
	R	 0010 00R1 0110 RRRR	22
0011CE	2366	TST SYSCALCTEMPA
	K	 1111 01KK KKKK K001	1
0011CF	F409	BRNE PC + 2
	K	 1100 KKKK KKKK KKKK	11
0011D0	C00B	RJMP SYSREPEATLOOPEND3
		SYSREPEATLOOP3
	D	1001 000D DDDD 0000:KKKK KKKK KKKK KKKK	21
	K	1001 0001 0101 0000:KKKK KKKK KKKK KKKK	1425
0011D1	9150 0591	LDS SYSVALUECOPY,GLCDCHANGE
	D	 0001 11RD DDDD RRRR	21
	R	 0001 11R1 0101 RRRR	21
0011D3	1F55	ROL SYSVALUECOPY
	K	1001 001D DDDD 0000:KKKK KKKK KKKK KKKK	1425
	D	1001 001D DDDD 0000:0000 0101 1001 0001	21
0011D4	9350 0591	STS GLCDCHANGE,SYSVALUECOPY
	D	1001 000D DDDD 0000:KKKK KKKK KKKK KKKK	6
	K	1001 0000 0110 0000:KKKK KKKK KKKK KKKK	1536
0011D6	9060 0600	LDS SYSTEMP1,SYSREPEATTEMP1
	D	 1001 010D DDDD 1010	6
0011D8	946A	DEC SYSTEMP1
	K	1001 001D DDDD 0000:KKKK KKKK KKKK KKKK	1536
	D	1001 001D DDDD 0000:0000 0110 0000 0000	6
0011D9	9260 0600	STS SYSREPEATTEMP1,SYSTEMP1
	K	 1111 01KK KKKK K001	117
0011DB	F7A9	BRNE SYSREPEATLOOP3
		SYSREPEATLOOPEND3
	D	1001 000D DDDD 0000:KKKK KKKK KKKK KKKK	5
	K	1001 0000 0101 0000:KKKK KKKK KKKK KKKK	1426
0011DC	9050 0592	LDS SYSBITTEST,GLCDCOLOUR
	R	 1111 110R RRRR 0BBB	5
	B	 1111 1100 0101 0BBB	0
0011DE	FC50	SBRC SYSBITTEST,0
	K	 1100 KKKK KKKK KKKK	8
0011DF	C008	RJMP ELSE84_1
	D	1001 000D DDDD 0000:KKKK KKKK KKKK KKKK	6
	K	1001 0000 0110 0000:KKKK KKKK KKKK KKKK	1428
0011E0	9060 0594	LDS SYSTEMP1,GLCDDATATEMP
	D	1001 000D DDDD 0000:KKKK KKKK KKKK KKKK	10
	K	1001 0000 1010 0000:KKKK KKKK KKKK KKKK	1425
0011E2	90A0 0591	LDS SYSTEMP2,GLCDCHANGE
	D	 0010 00RD DDDD RRRR	10
	R	 0010 00R0 1010 RRRR	6
0011E4	20A6	AND SYSTEMP2,SYSTEMP1
	K	1001 001D DDDD 0000:KKKK KKKK KKKK KKKK	1428
	D	1001 001D DDDD 0000:0000 0101 1001 0100	10
0011E5	92A0 0594	STS GLCDDATATEMP,SYSTEMP2
	K	 1100 KKKK KKKK KKKK	7
0011E7	C007	RJMP ENDIF84
		ELSE84_1
	D	1001 000D DDDD 0000:KKKK KKKK KKKK KKKK	6
	K	1001 0000 0110 0000:KKKK KKKK KKKK KKKK	1428
0011E8	9060 0594	LDS SYSTEMP1,GLCDDATATEMP
	D	1001 000D DDDD 0000:KKKK KKKK KKKK KKKK	10
	K	1001 0000 1010 0000:KKKK KKKK KKKK KKKK	1425
0011EA	90A0 0591	LDS SYSTEMP2,GLCDCHANGE
	D	 0010 10RD DDDD RRRR	10
	R	 0010 10R0 1010 RRRR	6
0011EC	28A6	OR SYSTEMP2,SYSTEMP1
	K	1001 001D DDDD 0000:KKKK KKKK KKKK KKKK	1428
	D	1001 001D DDDD 0000:0000 0101 1001 0100	10
0011ED	92A0 0594	STS GLCDDATATEMP,SYSTEMP2
		ENDIF84
	D	1001 000D DDDD 0000:KKKK KKKK KKKK KKKK	6
	K	1001 0000 0110 0000:KKKK KKKK KKKK KKKK	1505
0011EF	9060 05E1	LDS SYSTEMP1,SSD1309_BUFFERLOCATIONCALC
	D	 1110 KKKK DDDD KKKK	16
	K	 1110 KKKK 0000 KKKK	0
0011F1	E000	LDI SYSTEMP3,LOW(SSD1309_BUFFERALIAS)
	D	 0000 11RD DDDD RRRR	6
	R	 0000 11R0 0110 RRRR	16
0011F2	0E60	ADD SYSTEMP1,SYSTEMP3
	D	 0010 11RD DDDD RRRR	26
	R	 0010 11R1 1010 RRRR	6
0011F3	2DA6	MOV SYSSTRINGA,SYSTEMP1
	D	1001 000D DDDD 0000:KKKK KKKK KKKK KKKK	6
	K	1001 0000 0110 0000:KKKK KKKK KKKK KKKK	1506
0011F4	9060 05E2	LDS SYSTEMP1,SSD1309_BUFFERLOCATIONCALC_H
	D	 1110 KKKK DDDD KKKK	16
	K	 1110 KKKK 0000 KKKK	1
0011F6	E001	LDI SYSTEMP3,HIGH(SSD1309_BUFFERALIAS)
	D	 0001 11RD DDDD RRRR	6
	R	 0001 11R0 0110 RRRR	16
0011F7	1E60	ADC SYSTEMP1,SYSTEMP3
	D	 0010 11RD DDDD RRRR	27
	R	 0010 11R1 1011 RRRR	6
0011F8	2DB6	MOV SYSSTRINGA_H,SYSTEMP1
	D	 100S 000D DDDD SSSS	22
	S	 100S 0001 0110 SSSS	28
0011F9	916C	LD SYSCALCTEMPA,X
	D	1001 000D DDDD 0000:KKKK KKKK KKKK KKKK	28
	K	1001 0001 1100 0000:KKKK KKKK KKKK KKKK	1428
0011FA	91C0 0594	LDS SYSCALCTEMPB,GLCDDATATEMP
	D	 0001 01RD DDDD RRRR	22
	R	 0001 01R1 0110 RRRR	28
0011FC	176C	CP SYSCALCTEMPA,SYSCALCTEMPB
	K	 1111 00KK KKKK K001	28
0011FD	F0E1	BREQ ENDIF85
	D	1001 000D DDDD 0000:KKKK KKKK KKKK KKKK	6
	K	1001 0000 0110 0000:KKKK KKKK KKKK KKKK	1505
0011FE	9060 05E1	LDS SYSTEMP1,SSD1309_BUFFERLOCATIONCALC
	D	 1110 KKKK DDDD KKKK	16
	K	 1110 KKKK 0000 KKKK	0
001200	E000	LDI SYSTEMP3,LOW(SSD1309_BUFFERALIAS)
	D	 0000 11RD DDDD RRRR	6
	R	 0000 11R0 0110 RRRR	16
001201	0E60	ADD SYSTEMP1,SYSTEMP3
	D	 0010 11RD DDDD RRRR	26
	R	 0010 11R1 1010 RRRR	6
001202	2DA6	MOV SYSSTRINGA,SYSTEMP1
	D	1001 000D DDDD 0000:KKKK KKKK KKKK KKKK	6
	K	1001 0000 0110 0000:KKKK KKKK KKKK KKKK	1506
001203	9060 05E2	LDS SYSTEMP1,SSD1309_BUFFERLOCATIONCALC_H
	D	 1110 KKKK DDDD KKKK	16
	K	 1110 KKKK 0000 KKKK	1
001205	E001	LDI SYSTEMP3,HIGH(SSD1309_BUFFERALIAS)
	D	 0001 11RD DDDD RRRR	6
	R	 0001 11R0 0110 RRRR	16
001206	1E60	ADC SYSTEMP1,SYSTEMP3
	D	 0010 11RD DDDD RRRR	27
	R	 0010 11R1 1011 RRRR	6
001207	2DB6	MOV SYSSTRINGA_H,SYSTEMP1
	D	1001 000D DDDD 0000:KKKK KKKK KKKK KKKK	21
	K	1001 0001 0101 0000:KKKK KKKK KKKK KKKK	1428
001208	9150 0594	LDS SYSVALUECOPY,GLCDDATATEMP
	D	 100D 001R RRRR DDDD	28
	R	 1001 001R RRRR 1100	21
00120A	935C	ST X,SYSVALUECOPY
	D	1001 000D DDDD 0000:KKKK KKKK KKKK KKKK	21
	K	1001 0001 0101 0000:KKKK KKKK KKKK KKKK	1441
00120B	9150 05A1	LDS SYSVALUECOPY,GLCDX
	K	1001 001D DDDD 0000:KKKK KKKK KKKK KKKK	1485
	D	1001 001D DDDD 0000:0000 0101 1100 1101	21
00120D	9350 05CD	STS LOCX,SYSVALUECOPY
	D	1001 000D DDDD 0000:KKKK KKKK KKKK KKKK	21
	K	1001 0001 0101 0000:KKKK KKKK KKKK KKKK	1442
00120F	9150 05A2	LDS SYSVALUECOPY,GLCDY
	K	1001 001D DDDD 0000:KKKK KKKK KKKK KKKK	1486
	D	1001 001D DDDD 0000:0000 0101 1100 1110	21
001211	9350 05CE	STS LOCY,SYSVALUECOPY
	K	1001 010K KKKK 111K:KKKK KKKK KKKK KKKK	2219
001213	940E 08AB	CALL CURSOR_POSITION_SSD1309
	D	1001 000D DDDD 0000:KKKK KKKK KKKK KKKK	21
	K	1001 0001 0101 0000:KKKK KKKK KKKK KKKK	1428
001215	9150 0594	LDS SYSVALUECOPY,GLCDDATATEMP
	K	1001 001D DDDD 0000:KKKK KKKK KKKK KKKK	1504
	D	1001 001D DDDD 0000:0000 0101 1110 0000	21
001217	9350 05E0	STS SSD1309SENDBYTE,SYSVALUECOPY
	K	 1101 KKKK KKKK KKKK	849
001219	D351	RCALL WRITE_DATA_SSD1309
		ENDIF85
00121A	9508	RET


		SETCONTRAST_SSD1309
	D	 1110 KKKK DDDD KKKK	21
	K	 1110 KKKK 0101 KKKK	129
00121B	E851	LDI SYSVALUECOPY,129
	K	1001 001D DDDD 0000:KKKK KKKK KKKK KKKK	1504
	D	1001 001D DDDD 0000:0000 0101 1110 0000	21
00121C	9350 05E0	STS SSD1309SENDBYTE,SYSVALUECOPY
	K	 1101 KKKK KKKK KKKK	829
00121E	D33D	RCALL WRITE_COMMAND_SSD1309
	D	1001 000D DDDD 0000:KKKK KKKK KKKK KKKK	21
	K	1001 0001 0101 0000:KKKK KKKK KKKK KKKK	1414
00121F	9150 0586	LDS SYSVALUECOPY,DIM_STATE
	K	1001 001D DDDD 0000:KKKK KKKK KKKK KKKK	1504
	D	1001 001D DDDD 0000:0000 0101 1110 0000	21
001221	9350 05E0	STS SSD1309SENDBYTE,SYSVALUECOPY
	K	 1100 KKKK KKKK KKKK	824
001223	C338	RJMP WRITE_COMMAND_SSD1309


		STARTSCROLLDIAGLEFT_SSD1309
	D	 1110 KKKK DDDD KKKK	21
	K	 1110 KKKK 0101 KKKK	163
001224	EA53	LDI SYSVALUECOPY,163
	K	1001 001D DDDD 0000:KKKK KKKK KKKK KKKK	1504
	D	1001 001D DDDD 0000:0000 0101 1110 0000	21
001225	9350 05E0	STS SSD1309SENDBYTE,SYSVALUECOPY
	K	 1101 KKKK KKKK KKKK	820
001227	D334	RCALL WRITE_COMMAND_SSD1309
	D	 1110 KKKK DDDD KKKK	21
	K	 1110 KKKK 0101 KKKK	0
001228	E050	LDI SYSVALUECOPY,0
	K	1001 001D DDDD 0000:KKKK KKKK KKKK KKKK	1504
	D	1001 001D DDDD 0000:0000 0101 1110 0000	21
001229	9350 05E0	STS SSD1309SENDBYTE,SYSVALUECOPY
	K	 1101 KKKK KKKK KKKK	816
00122B	D330	RCALL WRITE_COMMAND_SSD1309
	D	 1110 KKKK DDDD KKKK	21
	K	 1110 KKKK 0101 KKKK	64
00122C	E450	LDI SYSVALUECOPY,64
	K	1001 001D DDDD 0000:KKKK KKKK KKKK KKKK	1504
	D	1001 001D DDDD 0000:0000 0101 1110 0000	21
00122D	9350 05E0	STS SSD1309SENDBYTE,SYSVALUECOPY
	K	 1101 KKKK KKKK KKKK	812
00122F	D32C	RCALL WRITE_COMMAND_SSD1309
	D	 1110 KKKK DDDD KKKK	21
	K	 1110 KKKK 0101 KKKK	42
001230	E25A	LDI SYSVALUECOPY,42
	K	1001 001D DDDD 0000:KKKK KKKK KKKK KKKK	1504
	D	1001 001D DDDD 0000:0000 0101 1110 0000	21
001231	9350 05E0	STS SSD1309SENDBYTE,SYSVALUECOPY
	K	 1101 KKKK KKKK KKKK	808
001233	D328	RCALL WRITE_COMMAND_SSD1309
	D	1001 000D DDDD 0000:KKKK KKKK KKKK KKKK	21
	K	1001 0001 0101 0000:KKKK KKKK KKKK KKKK	1507
001234	9150 05E3	LDS SYSVALUECOPY,SSD1309_SCROLLSPEED
	K	1001 001D DDDD 0000:KKKK KKKK KKKK KKKK	1504
	D	1001 001D DDDD 0000:0000 0101 1110 0000	21
001236	9350 05E0	STS SSD1309SENDBYTE,SYSVALUECOPY
	K	 1101 KKKK KKKK KKKK	803
001238	D323	RCALL WRITE_COMMAND_SSD1309
	D	1001 000D DDDD 0000:KKKK KKKK KKKK KKKK	21
	K	1001 0001 0101 0000:KKKK KKKK KKKK KKKK	1508
001239	9150 05E4	LDS SYSVALUECOPY,SSD1309_START
	K	1001 001D DDDD 0000:KKKK KKKK KKKK KKKK	1504
	D	1001 001D DDDD 0000:0000 0101 1110 0000	21
00123B	9350 05E0	STS SSD1309SENDBYTE,SYSVALUECOPY
	K	 1101 KKKK KKKK KKKK	798
00123D	D31E	RCALL WRITE_COMMAND_SSD1309
	D	 1110 KKKK DDDD KKKK	21
	K	 1110 KKKK 0101 KKKK	0
00123E	E050	LDI SYSVALUECOPY,0
	K	1001 001D DDDD 0000:KKKK KKKK KKKK KKKK	1504
	D	1001 001D DDDD 0000:0000 0101 1110 0000	21
00123F	9350 05E0	STS SSD1309SENDBYTE,SYSVALUECOPY
	K	 1101 KKKK KKKK KKKK	794
001241	D31A	RCALL WRITE_COMMAND_SSD1309
	D	1001 000D DDDD 0000:KKKK KKKK KKKK KKKK	21
	K	1001 0001 0101 0000:KKKK KKKK KKKK KKKK	1509
001242	9150 05E5	LDS SYSVALUECOPY,SSD1309_STOP
	K	1001 001D DDDD 0000:KKKK KKKK KKKK KKKK	1504
	D	1001 001D DDDD 0000:0000 0101 1110 0000	21
001244	9350 05E0	STS SSD1309SENDBYTE,SYSVALUECOPY
	K	 1101 KKKK KKKK KKKK	789
001246	D315	RCALL WRITE_COMMAND_SSD1309
	D	 1110 KKKK DDDD KKKK	21
	K	 1110 KKKK 0101 KKKK	1
001247	E051	LDI SYSVALUECOPY,1
	K	1001 001D DDDD 0000:KKKK KKKK KKKK KKKK	1504
	D	1001 001D DDDD 0000:0000 0101 1110 0000	21
001248	9350 05E0	STS SSD1309SENDBYTE,SYSVALUECOPY
	K	 1101 KKKK KKKK KKKK	785
00124A	D311	RCALL WRITE_COMMAND_SSD1309
	D	 1110 KKKK DDDD KKKK	21
	K	 1110 KKKK 0101 KKKK	47
00124B	E25F	LDI SYSVALUECOPY,47
	K	1001 001D DDDD 0000:KKKK KKKK KKKK KKKK	1504
	D	1001 001D DDDD 0000:0000 0101 1110 0000	21
00124C	9350 05E0	STS SSD1309SENDBYTE,SYSVALUECOPY
	K	 1100 KKKK KKKK KKKK	781
00124E	C30D	RJMP WRITE_COMMAND_SSD1309


		STARTSCROLLDIAGRIGHT_SSD1309
	D	 1110 KKKK DDDD KKKK	21
	K	 1110 KKKK 0101 KKKK	163
00124F	EA53	LDI SYSVALUECOPY,163
	K	1001 001D DDDD 0000:KKKK KKKK KKKK KKKK	1504
	D	1001 001D DDDD 0000:0000 0101 1110 0000	21
001250	9350 05E0	STS SSD1309SENDBYTE,SYSVALUECOPY
	K	 1101 KKKK KKKK KKKK	777
001252	D309	RCALL WRITE_COMMAND_SSD1309
	D	 1110 KKKK DDDD KKKK	21
	K	 1110 KKKK 0101 KKKK	0
001253	E050	LDI SYSVALUECOPY,0
	K	1001 001D DDDD 0000:KKKK KKKK KKKK KKKK	1504
	D	1001 001D DDDD 0000:0000 0101 1110 0000	21
001254	9350 05E0	STS SSD1309SENDBYTE,SYSVALUECOPY
	K	 1101 KKKK KKKK KKKK	773
001256	D305	RCALL WRITE_COMMAND_SSD1309
	D	 1110 KKKK DDDD KKKK	21
	K	 1110 KKKK 0101 KKKK	64
001257	E450	LDI SYSVALUECOPY,64
	K	1001 001D DDDD 0000:KKKK KKKK KKKK KKKK	1504
	D	1001 001D DDDD 0000:0000 0101 1110 0000	21
001258	9350 05E0	STS SSD1309SENDBYTE,SYSVALUECOPY
	K	 1101 KKKK KKKK KKKK	769
00125A	D301	RCALL WRITE_COMMAND_SSD1309
	D	 1110 KKKK DDDD KKKK	21
	K	 1110 KKKK 0101 KKKK	41
00125B	E259	LDI SYSVALUECOPY,41
	K	1001 001D DDDD 0000:KKKK KKKK KKKK KKKK	1504
	D	1001 001D DDDD 0000:0000 0101 1110 0000	21
00125C	9350 05E0	STS SSD1309SENDBYTE,SYSVALUECOPY
	K	 1101 KKKK KKKK KKKK	765
00125E	D2FD	RCALL WRITE_COMMAND_SSD1309
	D	1001 000D DDDD 0000:KKKK KKKK KKKK KKKK	21
	K	1001 0001 0101 0000:KKKK KKKK KKKK KKKK	1507
00125F	9150 05E3	LDS SYSVALUECOPY,SSD1309_SCROLLSPEED
	K	1001 001D DDDD 0000:KKKK KKKK KKKK KKKK	1504
	D	1001 001D DDDD 0000:0000 0101 1110 0000	21
001261	9350 05E0	STS SSD1309SENDBYTE,SYSVALUECOPY
	K	 1101 KKKK KKKK KKKK	760
001263	D2F8	RCALL WRITE_COMMAND_SSD1309
	D	1001 000D DDDD 0000:KKKK KKKK KKKK KKKK	21
	K	1001 0001 0101 0000:KKKK KKKK KKKK KKKK	1508
001264	9150 05E4	LDS SYSVALUECOPY,SSD1309_START
	K	1001 001D DDDD 0000:KKKK KKKK KKKK KKKK	1504
	D	1001 001D DDDD 0000:0000 0101 1110 0000	21
001266	9350 05E0	STS SSD1309SENDBYTE,SYSVALUECOPY
	K	 1101 KKKK KKKK KKKK	755
001268	D2F3	RCALL WRITE_COMMAND_SSD1309
	D	 1110 KKKK DDDD KKKK	21
	K	 1110 KKKK 0101 KKKK	0
001269	E050	LDI SYSVALUECOPY,0
	K	1001 001D DDDD 0000:KKKK KKKK KKKK KKKK	1504
	D	1001 001D DDDD 0000:0000 0101 1110 0000	21
00126A	9350 05E0	STS SSD1309SENDBYTE,SYSVALUECOPY
	K	 1101 KKKK KKKK KKKK	751
00126C	D2EF	RCALL WRITE_COMMAND_SSD1309
	D	1001 000D DDDD 0000:KKKK KKKK KKKK KKKK	21
	K	1001 0001 0101 0000:KKKK KKKK KKKK KKKK	1509
00126D	9150 05E5	LDS SYSVALUECOPY,SSD1309_STOP
	K	1001 001D DDDD 0000:KKKK KKKK KKKK KKKK	1504
	D	1001 001D DDDD 0000:0000 0101 1110 0000	21
00126F	9350 05E0	STS SSD1309SENDBYTE,SYSVALUECOPY
	K	 1101 KKKK KKKK KKKK	746
001271	D2EA	RCALL WRITE_COMMAND_SSD1309
	D	 1110 KKKK DDDD KKKK	21
	K	 1110 KKKK 0101 KKKK	1
001272	E051	LDI SYSVALUECOPY,1
	K	1001 001D DDDD 0000:KKKK KKKK KKKK KKKK	1504
	D	1001 001D DDDD 0000:0000 0101 1110 0000	21
001273	9350 05E0	STS SSD1309SENDBYTE,SYSVALUECOPY
	K	 1101 KKKK KKKK KKKK	742
001275	D2E6	RCALL WRITE_COMMAND_SSD1309
	D	 1110 KKKK DDDD KKKK	21
	K	 1110 KKKK 0101 KKKK	47
001276	E25F	LDI SYSVALUECOPY,47
	K	1001 001D DDDD 0000:KKKK KKKK KKKK KKKK	1504
	D	1001 001D DDDD 0000:0000 0101 1110 0000	21
001277	9350 05E0	STS SSD1309SENDBYTE,SYSVALUECOPY
	K	 1100 KKKK KKKK KKKK	738
001279	C2E2	RJMP WRITE_COMMAND_SSD1309


		STARTSCROLLLEFT_SSD1309
	D	 1110 KKKK DDDD KKKK	21
	K	 1110 KKKK 0101 KKKK	39
00127A	E257	LDI SYSVALUECOPY,39
	K	1001 001D DDDD 0000:KKKK KKKK KKKK KKKK	1504
	D	1001 001D DDDD 0000:0000 0101 1110 0000	21
00127B	9350 05E0	STS SSD1309SENDBYTE,SYSVALUECOPY
	K	 1101 KKKK KKKK KKKK	734
00127D	D2DE	RCALL WRITE_COMMAND_SSD1309
	D	 1110 KKKK DDDD KKKK	21
	K	 1110 KKKK 0101 KKKK	0
00127E	E050	LDI SYSVALUECOPY,0
	K	1001 001D DDDD 0000:KKKK KKKK KKKK KKKK	1504
	D	1001 001D DDDD 0000:0000 0101 1110 0000	21
00127F	9350 05E0	STS SSD1309SENDBYTE,SYSVALUECOPY
	K	 1101 KKKK KKKK KKKK	730
001281	D2DA	RCALL WRITE_COMMAND_SSD1309
	D	1001 000D DDDD 0000:KKKK KKKK KKKK KKKK	21
	K	1001 0001 0101 0000:KKKK KKKK KKKK KKKK	1508
001282	9150 05E4	LDS SYSVALUECOPY,SSD1309_START
	K	1001 001D DDDD 0000:KKKK KKKK KKKK KKKK	1504
	D	1001 001D DDDD 0000:0000 0101 1110 0000	21
001284	9350 05E0	STS SSD1309SENDBYTE,SYSVALUECOPY
	K	 1101 KKKK KKKK KKKK	725
001286	D2D5	RCALL WRITE_COMMAND_SSD1309
	D	1001 000D DDDD 0000:KKKK KKKK KKKK KKKK	21
	K	1001 0001 0101 0000:KKKK KKKK KKKK KKKK	1507
001287	9150 05E3	LDS SYSVALUECOPY,SSD1309_SCROLLSPEED
	K	1001 001D DDDD 0000:KKKK KKKK KKKK KKKK	1504
	D	1001 001D DDDD 0000:0000 0101 1110 0000	21
001289	9350 05E0	STS SSD1309SENDBYTE,SYSVALUECOPY
	K	 1101 KKKK KKKK KKKK	720
00128B	D2D0	RCALL WRITE_COMMAND_SSD1309
	D	1001 000D DDDD 0000:KKKK KKKK KKKK KKKK	21
	K	1001 0001 0101 0000:KKKK KKKK KKKK KKKK	1509
00128C	9150 05E5	LDS SYSVALUECOPY,SSD1309_STOP
	K	1001 001D DDDD 0000:KKKK KKKK KKKK KKKK	1504
	D	1001 001D DDDD 0000:0000 0101 1110 0000	21
00128E	9350 05E0	STS SSD1309SENDBYTE,SYSVALUECOPY
	K	 1101 KKKK KKKK KKKK	715
001290	D2CB	RCALL WRITE_COMMAND_SSD1309
	D	 1110 KKKK DDDD KKKK	21
	K	 1110 KKKK 0101 KKKK	0
001291	E050	LDI SYSVALUECOPY,0
	K	1001 001D DDDD 0000:KKKK KKKK KKKK KKKK	1504
	D	1001 001D DDDD 0000:0000 0101 1110 0000	21
001292	9350 05E0	STS SSD1309SENDBYTE,SYSVALUECOPY
	K	 1101 KKKK KKKK KKKK	711
001294	D2C7	RCALL WRITE_COMMAND_SSD1309
	D	 1110 KKKK DDDD KKKK	21
	K	 1110 KKKK 0101 KKKK	255
001295	EF5F	LDI SYSVALUECOPY,255
	K	1001 001D DDDD 0000:KKKK KKKK KKKK KKKK	1504
	D	1001 001D DDDD 0000:0000 0101 1110 0000	21
001296	9350 05E0	STS SSD1309SENDBYTE,SYSVALUECOPY
	K	 1101 KKKK KKKK KKKK	707
001298	D2C3	RCALL WRITE_COMMAND_SSD1309
	D	 1110 KKKK DDDD KKKK	21
	K	 1110 KKKK 0101 KKKK	47
001299	E25F	LDI SYSVALUECOPY,47
	K	1001 001D DDDD 0000:KKKK KKKK KKKK KKKK	1504
	D	1001 001D DDDD 0000:0000 0101 1110 0000	21
00129A	9350 05E0	STS SSD1309SENDBYTE,SYSVALUECOPY
	K	 1100 KKKK KKKK KKKK	703
00129C	C2BF	RJMP WRITE_COMMAND_SSD1309


		STARTSCROLLRIGHT_SSD1309
	D	 1110 KKKK DDDD KKKK	21
	K	 1110 KKKK 0101 KKKK	38
00129D	E256	LDI SYSVALUECOPY,38
	K	1001 001D DDDD 0000:KKKK KKKK KKKK KKKK	1504
	D	1001 001D DDDD 0000:0000 0101 1110 0000	21
00129E	9350 05E0	STS SSD1309SENDBYTE,SYSVALUECOPY
	K	 1101 KKKK KKKK KKKK	699
0012A0	D2BB	RCALL WRITE_COMMAND_SSD1309
	D	 1110 KKKK DDDD KKKK	21
	K	 1110 KKKK 0101 KKKK	0
0012A1	E050	LDI SYSVALUECOPY,0
	K	1001 001D DDDD 0000:KKKK KKKK KKKK KKKK	1504
	D	1001 001D DDDD 0000:0000 0101 1110 0000	21
0012A2	9350 05E0	STS SSD1309SENDBYTE,SYSVALUECOPY
	K	 1101 KKKK KKKK KKKK	695
0012A4	D2B7	RCALL WRITE_COMMAND_SSD1309
	D	1001 000D DDDD 0000:KKKK KKKK KKKK KKKK	21
	K	1001 0001 0101 0000:KKKK KKKK KKKK KKKK	1508
0012A5	9150 05E4	LDS SYSVALUECOPY,SSD1309_START
	K	1001 001D DDDD 0000:KKKK KKKK KKKK KKKK	1504
	D	1001 001D DDDD 0000:0000 0101 1110 0000	21
0012A7	9350 05E0	STS SSD1309SENDBYTE,SYSVALUECOPY
	K	 1101 KKKK KKKK KKKK	690
0012A9	D2B2	RCALL WRITE_COMMAND_SSD1309
	D	1001 000D DDDD 0000:KKKK KKKK KKKK KKKK	21
	K	1001 0001 0101 0000:KKKK KKKK KKKK KKKK	1507
0012AA	9150 05E3	LDS SYSVALUECOPY,SSD1309_SCROLLSPEED
	K	1001 001D DDDD 0000:KKKK KKKK KKKK KKKK	1504
	D	1001 001D DDDD 0000:0000 0101 1110 0000	21
0012AC	9350 05E0	STS SSD1309SENDBYTE,SYSVALUECOPY
	K	 1101 KKKK KKKK KKKK	685
0012AE	D2AD	RCALL WRITE_COMMAND_SSD1309
	D	1001 000D DDDD 0000:KKKK KKKK KKKK KKKK	21
	K	1001 0001 0101 0000:KKKK KKKK KKKK KKKK	1509
0012AF	9150 05E5	LDS SYSVALUECOPY,SSD1309_STOP
	K	1001 001D DDDD 0000:KKKK KKKK KKKK KKKK	1504
	D	1001 001D DDDD 0000:0000 0101 1110 0000	21
0012B1	9350 05E0	STS SSD1309SENDBYTE,SYSVALUECOPY
	K	 1101 KKKK KKKK KKKK	680
0012B3	D2A8	RCALL WRITE_COMMAND_SSD1309
	D	 1110 KKKK DDDD KKKK	21
	K	 1110 KKKK 0101 KKKK	0
0012B4	E050	LDI SYSVALUECOPY,0
	K	1001 001D DDDD 0000:KKKK KKKK KKKK KKKK	1504
	D	1001 001D DDDD 0000:0000 0101 1110 0000	21
0012B5	9350 05E0	STS SSD1309SENDBYTE,SYSVALUECOPY
	K	 1101 KKKK KKKK KKKK	676
0012B7	D2A4	RCALL WRITE_COMMAND_SSD1309
	D	 1110 KKKK DDDD KKKK	21
	K	 1110 KKKK 0101 KKKK	255
0012B8	EF5F	LDI SYSVALUECOPY,255
	K	1001 001D DDDD 0000:KKKK KKKK KKKK KKKK	1504
	D	1001 001D DDDD 0000:0000 0101 1110 0000	21
0012B9	9350 05E0	STS SSD1309SENDBYTE,SYSVALUECOPY
	K	 1101 KKKK KKKK KKKK	672
0012BB	D2A0	RCALL WRITE_COMMAND_SSD1309
	D	 1110 KKKK DDDD KKKK	21
	K	 1110 KKKK 0101 KKKK	47
0012BC	E25F	LDI SYSVALUECOPY,47
	K	1001 001D DDDD 0000:KKKK KKKK KKKK KKKK	1504
	D	1001 001D DDDD 0000:0000 0101 1110 0000	21
0012BD	9350 05E0	STS SSD1309SENDBYTE,SYSVALUECOPY
	K	 1100 KKKK KKKK KKKK	668
0012BF	C29C	RJMP WRITE_COMMAND_SSD1309


		STOPSCROLL_SSD1309
	D	 1110 KKKK DDDD KKKK	21
	K	 1110 KKKK 0101 KKKK	46
0012C0	E25E	LDI SYSVALUECOPY,46
	K	1001 001D DDDD 0000:KKKK KKKK KKKK KKKK	1504
	D	1001 001D DDDD 0000:0000 0101 1110 0000	21
0012C1	9350 05E0	STS SSD1309SENDBYTE,SYSVALUECOPY
	K	 1100 KKKK KKKK KKKK	664
0012C3	C298	RJMP WRITE_COMMAND_SSD1309


		FN_STR
	D	 1110 KKKK DDDD KKKK	21
	K	 1110 KKKK 0101 KKKK	0
0012C4	E050	LDI SYSVALUECOPY,0
	K	1001 001D DDDD 0000:KKKK KKKK KKKK KKKK	1514
	D	1001 001D DDDD 0000:0000 0101 1110 1010	21
0012C5	9350 05EA	STS SYSCHARCOUNT,SYSVALUECOPY
	D	1001 000D DDDD 0000:KKKK KKKK KKKK KKKK	22
	K	1001 0001 0110 0000:KKKK KKKK KKKK KKKK	1546
0012C7	9160 060A	LDS SYSWORDTEMPA,SYSVALTEMP
	D	1001 000D DDDD 0000:KKKK KKKK KKKK KKKK	23
	K	1001 0001 0111 0000:KKKK KKKK KKKK KKKK	1547
0012C9	9170 060B	LDS SYSWORDTEMPA_H,SYSVALTEMP_H
	D	 1110 KKKK DDDD KKKK	28
	K	 1110 KKKK 1100 KKKK	16
0012CB	E1C0	LDI SYSWORDTEMPB,16
	D	 1110 KKKK DDDD KKKK	29
	K	 1110 KKKK 1101 KKKK	39
0012CC	E2D7	LDI SYSWORDTEMPB_H,39
	K	 1101 KKKK KKKK KKKK	211
0012CD	D0D3	RCALL SYSCOMPLESSTHAN16
	D	 1001 010D DDDD 0000	0
0012CE	9400	COM SYSBYTETEMPX
	R	 1111 111R RRRR 0BBB	0
	B	 1111 1110 0000 0BBB	0
0012CF	FE00	SBRS SYSBYTETEMPX,0
	K	 1100 KKKK KKKK KKKK	31
0012D0	C01F	RJMP ENDIF51
	D	1001 000D DDDD 0000:KKKK KKKK KKKK KKKK	22
	K	1001 0001 0110 0000:KKKK KKKK KKKK KKKK	1546
0012D1	9160 060A	LDS SYSWORDTEMPA,SYSVALTEMP
	D	1001 000D DDDD 0000:KKKK KKKK KKKK KKKK	23
	K	1001 0001 0111 0000:KKKK KKKK KKKK KKKK	1547
0012D3	9170 060B	LDS SYSWORDTEMPA_H,SYSVALTEMP_H
	D	 1110 KKKK DDDD KKKK	28
	K	 1110 KKKK 1100 KKKK	16
0012D5	E1C0	LDI SYSWORDTEMPB,16
	D	 1110 KKKK DDDD KKKK	29
	K	 1110 KKKK 1101 KKKK	39
0012D6	E2D7	LDI SYSWORDTEMPB_H,39
	K	 1101 KKKK KKKK KKKK	266
0012D7	D10A	RCALL SYSDIVSUB16
	K	1001 001D DDDD 0000:KKKK KKKK KKKK KKKK	1539
	D	1001 001D DDDD 0000:0000 0110 0000 0011	22
0012D8	9360 0603	STS SYSSTRDATA,SYSWORDTEMPA
	K	1001 001D DDDD 0000:KKKK KKKK KKKK KKKK	1546
	D	1001 001D DDDD 0000:0000 0110 0000 1010	0
0012DA	9200 060A	STS SYSVALTEMP,SYSCALCTEMPX
	K	1001 001D DDDD 0000:KKKK KKKK KKKK KKKK	1547
	D	1001 001D DDDD 0000:0000 0110 0000 1011	1
0012DC	9210 060B	STS SYSVALTEMP_H,SYSCALCTEMPX_H
	D	1001 000D DDDD 0000:KKKK KKKK KKKK KKKK	6
	K	1001 0000 0110 0000:KKKK KKKK KKKK KKKK	1514
0012DE	9060 05EA	LDS SYSTEMP1,SYSCHARCOUNT
	D	 1001 010D DDDD 0011	6
0012E0	9463	INC SYSTEMP1
	K	1001 001D DDDD 0000:KKKK KKKK KKKK KKKK	1514
	D	1001 001D DDDD 0000:0000 0101 1110 1010	6
0012E1	9260 05EA	STS SYSCHARCOUNT,SYSTEMP1
	D	 1110 KKKK DDDD KKKK	16
	K	 1110 KKKK 0000 KKKK	103
0012E3	E607	LDI SYSTEMP3,LOW(STR)
	D	 0000 11RD DDDD RRRR	6
	R	 0000 11R0 0110 RRRR	16
0012E4	0E60	ADD SYSTEMP1,SYSTEMP3
	D	 0010 11RD DDDD RRRR	26
	R	 0010 11R1 1010 RRRR	6
0012E5	2DA6	MOV SYSSTRINGA,SYSTEMP1
	D	 1110 KKKK DDDD KKKK	16
	K	 1110 KKKK 0000 KKKK	0
0012E6	E000	LDI SYSTEMP3,0
	D	 1110 KKKK DDDD KKKK	17
	K	 1110 KKKK 0001 KKKK	5
0012E7	E015	LDI SYSTEMP4,HIGH(STR)
	D	 0001 11RD DDDD RRRR	16
	R	 0001 11R1 0000 RRRR	17
0012E8	1F01	ADC SYSTEMP3,SYSTEMP4
	D	 0010 11RD DDDD RRRR	27
	R	 0010 11R1 1011 RRRR	16
0012E9	2FB0	MOV SYSSTRINGA_H,SYSTEMP3
	D	1001 000D DDDD 0000:KKKK KKKK KKKK KKKK	6
	K	1001 0000 0110 0000:KKKK KKKK KKKK KKKK	1539
0012EA	9060 0603	LDS SYSTEMP1,SYSSTRDATA
	D	 1110 KKKK DDDD KKKK	16
	K	 1110 KKKK 0000 KKKK	48
0012EC	E300	LDI SYSTEMP3,48
	D	 0000 11RD DDDD RRRR	6
	R	 0000 11R0 0110 RRRR	16
0012ED	0E60	ADD SYSTEMP1,SYSTEMP3
	D	 100D 001R RRRR DDDD	28
	R	 1001 001R RRRR 1100	6
0012EE	926C	ST X,SYSTEMP1
	K	 1100 KKKK KKKK KKKK	10
0012EF	C00A	RJMP SYSVALTHOUSANDS
		ENDIF51
	D	1001 000D DDDD 0000:KKKK KKKK KKKK KKKK	22
	K	1001 0001 0110 0000:KKKK KKKK KKKK KKKK	1546
0012F0	9160 060A	LDS SYSWORDTEMPA,SYSVALTEMP
	D	1001 000D DDDD 0000:KKKK KKKK KKKK KKKK	23
	K	1001 0001 0111 0000:KKKK KKKK KKKK KKKK	1547
0012F2	9170 060B	LDS SYSWORDTEMPA_H,SYSVALTEMP_H
	D	 1110 KKKK DDDD KKKK	28
	K	 1110 KKKK 1100 KKKK	232
0012F4	EEC8	LDI SYSWORDTEMPB,232
	D	 1110 KKKK DDDD KKKK	29
	K	 1110 KKKK 1101 KKKK	3
0012F5	E0D3	LDI SYSWORDTEMPB_H,3
	K	 1101 KKKK KKKK KKKK	170
0012F6	D0AA	RCALL SYSCOMPLESSTHAN16
	D	 1001 010D DDDD 0000	0
0012F7	9400	COM SYSBYTETEMPX
	R	 1111 111R RRRR 0BBB	0
	B	 1111 1110 0000 0BBB	0
0012F8	FE00	SBRS SYSBYTETEMPX,0
	K	 1100 KKKK KKKK KKKK	31
0012F9	C01F	RJMP ENDIF52
		SYSVALTHOUSANDS
	D	1001 000D DDDD 0000:KKKK KKKK KKKK KKKK	22
	K	1001 0001 0110 0000:KKKK KKKK KKKK KKKK	1546
0012FA	9160 060A	LDS SYSWORDTEMPA,SYSVALTEMP
	D	1001 000D DDDD 0000:KKKK KKKK KKKK KKKK	23
	K	1001 0001 0111 0000:KKKK KKKK KKKK KKKK	1547
0012FC	9170 060B	LDS SYSWORDTEMPA_H,SYSVALTEMP_H
	D	 1110 KKKK DDDD KKKK	28
	K	 1110 KKKK 1100 KKKK	232
0012FE	EEC8	LDI SYSWORDTEMPB,232
	D	 1110 KKKK DDDD KKKK	29
	K	 1110 KKKK 1101 KKKK	3
0012FF	E0D3	LDI SYSWORDTEMPB_H,3
	K	 1101 KKKK KKKK KKKK	225
001300	D0E1	RCALL SYSDIVSUB16
	K	1001 001D DDDD 0000:KKKK KKKK KKKK KKKK	1539
	D	1001 001D DDDD 0000:0000 0110 0000 0011	22
001301	9360 0603	STS SYSSTRDATA,SYSWORDTEMPA
	K	1001 001D DDDD 0000:KKKK KKKK KKKK KKKK	1546
	D	1001 001D DDDD 0000:0000 0110 0000 1010	0
001303	9200 060A	STS SYSVALTEMP,SYSCALCTEMPX
	K	1001 001D DDDD 0000:KKKK KKKK KKKK KKKK	1547
	D	1001 001D DDDD 0000:0000 0110 0000 1011	1
001305	9210 060B	STS SYSVALTEMP_H,SYSCALCTEMPX_H
	D	1001 000D DDDD 0000:KKKK KKKK KKKK KKKK	6
	K	1001 0000 0110 0000:KKKK KKKK KKKK KKKK	1514
001307	9060 05EA	LDS SYSTEMP1,SYSCHARCOUNT
	D	 1001 010D DDDD 0011	6
001309	9463	INC SYSTEMP1
	K	1001 001D DDDD 0000:KKKK KKKK KKKK KKKK	1514
	D	1001 001D DDDD 0000:0000 0101 1110 1010	6
00130A	9260 05EA	STS SYSCHARCOUNT,SYSTEMP1
	D	 1110 KKKK DDDD KKKK	16
	K	 1110 KKKK 0000 KKKK	103
00130C	E607	LDI SYSTEMP3,LOW(STR)
	D	 0000 11RD DDDD RRRR	6
	R	 0000 11R0 0110 RRRR	16
00130D	0E60	ADD SYSTEMP1,SYSTEMP3
	D	 0010 11RD DDDD RRRR	26
	R	 0010 11R1 1010 RRRR	6
00130E	2DA6	MOV SYSSTRINGA,SYSTEMP1
	D	 1110 KKKK DDDD KKKK	16
	K	 1110 KKKK 0000 KKKK	0
00130F	E000	LDI SYSTEMP3,0
	D	 1110 KKKK DDDD KKKK	17
	K	 1110 KKKK 0001 KKKK	5
001310	E015	LDI SYSTEMP4,HIGH(STR)
	D	 0001 11RD DDDD RRRR	16
	R	 0001 11R1 0000 RRRR	17
001311	1F01	ADC SYSTEMP3,SYSTEMP4
	D	 0010 11RD DDDD RRRR	27
	R	 0010 11R1 1011 RRRR	16
001312	2FB0	MOV SYSSTRINGA_H,SYSTEMP3
	D	1001 000D DDDD 0000:KKKK KKKK KKKK KKKK	6
	K	1001 0000 0110 0000:KKKK KKKK KKKK KKKK	1539
001313	9060 0603	LDS SYSTEMP1,SYSSTRDATA
	D	 1110 KKKK DDDD KKKK	16
	K	 1110 KKKK 0000 KKKK	48
001315	E300	LDI SYSTEMP3,48
	D	 0000 11RD DDDD RRRR	6
	R	 0000 11R0 0110 RRRR	16
001316	0E60	ADD SYSTEMP1,SYSTEMP3
	D	 100D 001R RRRR DDDD	28
	R	 1001 001R RRRR 1100	6
001317	926C	ST X,SYSTEMP1
	K	 1100 KKKK KKKK KKKK	10
001318	C00A	RJMP SYSVALHUNDREDS
		ENDIF52
	D	1001 000D DDDD 0000:KKKK KKKK KKKK KKKK	22
	K	1001 0001 0110 0000:KKKK KKKK KKKK KKKK	1546
001319	9160 060A	LDS SYSWORDTEMPA,SYSVALTEMP
	D	1001 000D DDDD 0000:KKKK KKKK KKKK KKKK	23
	K	1001 0001 0111 0000:KKKK KKKK KKKK KKKK	1547
00131B	9170 060B	LDS SYSWORDTEMPA_H,SYSVALTEMP_H
	D	 1110 KKKK DDDD KKKK	28
	K	 1110 KKKK 1100 KKKK	100
00131D	E6C4	LDI SYSWORDTEMPB,100
	D	 1110 KKKK DDDD KKKK	29
	K	 1110 KKKK 1101 KKKK	0
00131E	E0D0	LDI SYSWORDTEMPB_H,0
	K	 1101 KKKK KKKK KKKK	129
00131F	D081	RCALL SYSCOMPLESSTHAN16
	D	 1001 010D DDDD 0000	0
001320	9400	COM SYSBYTETEMPX
	R	 1111 111R RRRR 0BBB	0
	B	 1111 1110 0000 0BBB	0
001321	FE00	SBRS SYSBYTETEMPX,0
	K	 1100 KKKK KKKK KKKK	31
001322	C01F	RJMP ENDIF53
		SYSVALHUNDREDS
	D	1001 000D DDDD 0000:KKKK KKKK KKKK KKKK	22
	K	1001 0001 0110 0000:KKKK KKKK KKKK KKKK	1546
001323	9160 060A	LDS SYSWORDTEMPA,SYSVALTEMP
	D	1001 000D DDDD 0000:KKKK KKKK KKKK KKKK	23
	K	1001 0001 0111 0000:KKKK KKKK KKKK KKKK	1547
001325	9170 060B	LDS SYSWORDTEMPA_H,SYSVALTEMP_H
	D	 1110 KKKK DDDD KKKK	28
	K	 1110 KKKK 1100 KKKK	100
001327	E6C4	LDI SYSWORDTEMPB,100
	D	 1110 KKKK DDDD KKKK	29
	K	 1110 KKKK 1101 KKKK	0
001328	E0D0	LDI SYSWORDTEMPB_H,0
	K	 1101 KKKK KKKK KKKK	184
001329	D0B8	RCALL SYSDIVSUB16
	K	1001 001D DDDD 0000:KKKK KKKK KKKK KKKK	1539
	D	1001 001D DDDD 0000:0000 0110 0000 0011	22
00132A	9360 0603	STS SYSSTRDATA,SYSWORDTEMPA
	K	1001 001D DDDD 0000:KKKK KKKK KKKK KKKK	1546
	D	1001 001D DDDD 0000:0000 0110 0000 1010	0
00132C	9200 060A	STS SYSVALTEMP,SYSCALCTEMPX
	K	1001 001D DDDD 0000:KKKK KKKK KKKK KKKK	1547
	D	1001 001D DDDD 0000:0000 0110 0000 1011	1
00132E	9210 060B	STS SYSVALTEMP_H,SYSCALCTEMPX_H
	D	1001 000D DDDD 0000:KKKK KKKK KKKK KKKK	6
	K	1001 0000 0110 0000:KKKK KKKK KKKK KKKK	1514
001330	9060 05EA	LDS SYSTEMP1,SYSCHARCOUNT
	D	 1001 010D DDDD 0011	6
001332	9463	INC SYSTEMP1
	K	1001 001D DDDD 0000:KKKK KKKK KKKK KKKK	1514
	D	1001 001D DDDD 0000:0000 0101 1110 1010	6
001333	9260 05EA	STS SYSCHARCOUNT,SYSTEMP1
	D	 1110 KKKK DDDD KKKK	16
	K	 1110 KKKK 0000 KKKK	103
001335	E607	LDI SYSTEMP3,LOW(STR)
	D	 0000 11RD DDDD RRRR	6
	R	 0000 11R0 0110 RRRR	16
001336	0E60	ADD SYSTEMP1,SYSTEMP3
	D	 0010 11RD DDDD RRRR	26
	R	 0010 11R1 1010 RRRR	6
001337	2DA6	MOV SYSSTRINGA,SYSTEMP1
	D	 1110 KKKK DDDD KKKK	16
	K	 1110 KKKK 0000 KKKK	0
001338	E000	LDI SYSTEMP3,0
	D	 1110 KKKK DDDD KKKK	17
	K	 1110 KKKK 0001 KKKK	5
001339	E015	LDI SYSTEMP4,HIGH(STR)
	D	 0001 11RD DDDD RRRR	16
	R	 0001 11R1 0000 RRRR	17
00133A	1F01	ADC SYSTEMP3,SYSTEMP4
	D	 0010 11RD DDDD RRRR	27
	R	 0010 11R1 1011 RRRR	16
00133B	2FB0	MOV SYSSTRINGA_H,SYSTEMP3
	D	1001 000D DDDD 0000:KKKK KKKK KKKK KKKK	6
	K	1001 0000 0110 0000:KKKK KKKK KKKK KKKK	1539
00133C	9060 0603	LDS SYSTEMP1,SYSSTRDATA
	D	 1110 KKKK DDDD KKKK	16
	K	 1110 KKKK 0000 KKKK	48
00133E	E300	LDI SYSTEMP3,48
	D	 0000 11RD DDDD RRRR	6
	R	 0000 11R0 0110 RRRR	16
00133F	0E60	ADD SYSTEMP1,SYSTEMP3
	D	 100D 001R RRRR DDDD	28
	R	 1001 001R RRRR 1100	6
001340	926C	ST X,SYSTEMP1
	K	 1100 KKKK KKKK KKKK	10
001341	C00A	RJMP SYSVALTENS
		ENDIF53
	D	1001 000D DDDD 0000:KKKK KKKK KKKK KKKK	22
	K	1001 0001 0110 0000:KKKK KKKK KKKK KKKK	1546
001342	9160 060A	LDS SYSWORDTEMPA,SYSVALTEMP
	D	1001 000D DDDD 0000:KKKK KKKK KKKK KKKK	23
	K	1001 0001 0111 0000:KKKK KKKK KKKK KKKK	1547
001344	9170 060B	LDS SYSWORDTEMPA_H,SYSVALTEMP_H
	D	 1110 KKKK DDDD KKKK	28
	K	 1110 KKKK 1100 KKKK	10
001346	E0CA	LDI SYSWORDTEMPB,10
	D	 1110 KKKK DDDD KKKK	29
	K	 1110 KKKK 1101 KKKK	0
001347	E0D0	LDI SYSWORDTEMPB_H,0
	K	 1101 KKKK KKKK KKKK	88
001348	D058	RCALL SYSCOMPLESSTHAN16
	D	 1001 010D DDDD 0000	0
001349	9400	COM SYSBYTETEMPX
	R	 1111 111R RRRR 0BBB	0
	B	 1111 1110 0000 0BBB	0
00134A	FE00	SBRS SYSBYTETEMPX,0
	K	 1100 KKKK KKKK KKKK	30
00134B	C01E	RJMP ENDIF54
		SYSVALTENS
	D	1001 000D DDDD 0000:KKKK KKKK KKKK KKKK	22
	K	1001 0001 0110 0000:KKKK KKKK KKKK KKKK	1546
00134C	9160 060A	LDS SYSWORDTEMPA,SYSVALTEMP
	D	1001 000D DDDD 0000:KKKK KKKK KKKK KKKK	23
	K	1001 0001 0111 0000:KKKK KKKK KKKK KKKK	1547
00134E	9170 060B	LDS SYSWORDTEMPA_H,SYSVALTEMP_H
	D	 1110 KKKK DDDD KKKK	28
	K	 1110 KKKK 1100 KKKK	10
001350	E0CA	LDI SYSWORDTEMPB,10
	D	 1110 KKKK DDDD KKKK	29
	K	 1110 KKKK 1101 KKKK	0
001351	E0D0	LDI SYSWORDTEMPB_H,0
	K	 1101 KKKK KKKK KKKK	143
001352	D08F	RCALL SYSDIVSUB16
	K	1001 001D DDDD 0000:KKKK KKKK KKKK KKKK	1539
	D	1001 001D DDDD 0000:0000 0110 0000 0011	22
001353	9360 0603	STS SYSSTRDATA,SYSWORDTEMPA
	K	1001 001D DDDD 0000:KKKK KKKK KKKK KKKK	1546
	D	1001 001D DDDD 0000:0000 0110 0000 1010	0
001355	9200 060A	STS SYSVALTEMP,SYSCALCTEMPX
	K	1001 001D DDDD 0000:KKKK KKKK KKKK KKKK	1547
	D	1001 001D DDDD 0000:0000 0110 0000 1011	1
001357	9210 060B	STS SYSVALTEMP_H,SYSCALCTEMPX_H
	D	1001 000D DDDD 0000:KKKK KKKK KKKK KKKK	6
	K	1001 0000 0110 0000:KKKK KKKK KKKK KKKK	1514
001359	9060 05EA	LDS SYSTEMP1,SYSCHARCOUNT
	D	 1001 010D DDDD 0011	6
00135B	9463	INC SYSTEMP1
	K	1001 001D DDDD 0000:KKKK KKKK KKKK KKKK	1514
	D	1001 001D DDDD 0000:0000 0101 1110 1010	6
00135C	9260 05EA	STS SYSCHARCOUNT,SYSTEMP1
	D	 1110 KKKK DDDD KKKK	16
	K	 1110 KKKK 0000 KKKK	103
00135E	E607	LDI SYSTEMP3,LOW(STR)
	D	 0000 11RD DDDD RRRR	6
	R	 0000 11R0 0110 RRRR	16
00135F	0E60	ADD SYSTEMP1,SYSTEMP3
	D	 0010 11RD DDDD RRRR	26
	R	 0010 11R1 1010 RRRR	6
001360	2DA6	MOV SYSSTRINGA,SYSTEMP1
	D	 1110 KKKK DDDD KKKK	16
	K	 1110 KKKK 0000 KKKK	0
001361	E000	LDI SYSTEMP3,0
	D	 1110 KKKK DDDD KKKK	17
	K	 1110 KKKK 0001 KKKK	5
001362	E015	LDI SYSTEMP4,HIGH(STR)
	D	 0001 11RD DDDD RRRR	16
	R	 0001 11R1 0000 RRRR	17
001363	1F01	ADC SYSTEMP3,SYSTEMP4
	D	 0010 11RD DDDD RRRR	27
	R	 0010 11R1 1011 RRRR	16
001364	2FB0	MOV SYSSTRINGA_H,SYSTEMP3
	D	1001 000D DDDD 0000:KKKK KKKK KKKK KKKK	6
	K	1001 0000 0110 0000:KKKK KKKK KKKK KKKK	1539
001365	9060 0603	LDS SYSTEMP1,SYSSTRDATA
	D	 1110 KKKK DDDD KKKK	16
	K	 1110 KKKK 0000 KKKK	48
001367	E300	LDI SYSTEMP3,48
	D	 0000 11RD DDDD RRRR	6
	R	 0000 11R0 0110 RRRR	16
001368	0E60	ADD SYSTEMP1,SYSTEMP3
	D	 100D 001R RRRR DDDD	28
	R	 1001 001R RRRR 1100	6
001369	926C	ST X,SYSTEMP1
		ENDIF54
	D	1001 000D DDDD 0000:KKKK KKKK KKKK KKKK	6
	K	1001 0000 0110 0000:KKKK KKKK KKKK KKKK	1514
00136A	9060 05EA	LDS SYSTEMP1,SYSCHARCOUNT
	D	 1001 010D DDDD 0011	6
00136C	9463	INC SYSTEMP1
	K	1001 001D DDDD 0000:KKKK KKKK KKKK KKKK	1514
	D	1001 001D DDDD 0000:0000 0101 1110 1010	6
00136D	9260 05EA	STS SYSCHARCOUNT,SYSTEMP1
	D	 1110 KKKK DDDD KKKK	16
	K	 1110 KKKK 0000 KKKK	103
00136F	E607	LDI SYSTEMP3,LOW(STR)
	D	 0000 11RD DDDD RRRR	6
	R	 0000 11R0 0110 RRRR	16
001370	0E60	ADD SYSTEMP1,SYSTEMP3
	D	 0010 11RD DDDD RRRR	26
	R	 0010 11R1 1010 RRRR	6
001371	2DA6	MOV SYSSTRINGA,SYSTEMP1
	D	 1110 KKKK DDDD KKKK	16
	K	 1110 KKKK 0000 KKKK	0
001372	E000	LDI SYSTEMP3,0
	D	 1110 KKKK DDDD KKKK	17
	K	 1110 KKKK 0001 KKKK	5
001373	E015	LDI SYSTEMP4,HIGH(STR)
	D	 0001 11RD DDDD RRRR	16
	R	 0001 11R1 0000 RRRR	17
001374	1F01	ADC SYSTEMP3,SYSTEMP4
	D	 0010 11RD DDDD RRRR	27
	R	 0010 11R1 1011 RRRR	16
001375	2FB0	MOV SYSSTRINGA_H,SYSTEMP3
	D	1001 000D DDDD 0000:KKKK KKKK KKKK KKKK	6
	K	1001 0000 0110 0000:KKKK KKKK KKKK KKKK	1546
001376	9060 060A	LDS SYSTEMP1,SYSVALTEMP
	D	 1110 KKKK DDDD KKKK	16
	K	 1110 KKKK 0000 KKKK	48
001378	E300	LDI SYSTEMP3,48
	D	 0000 11RD DDDD RRRR	6
	R	 0000 11R0 0110 RRRR	16
001379	0E60	ADD SYSTEMP1,SYSTEMP3
	D	 100D 001R RRRR DDDD	28
	R	 1001 001R RRRR 1100	6
00137A	926C	ST X,SYSTEMP1
	K	1001 001D DDDD 0000:KKKK KKKK KKKK KKKK	1546
	D	1001 001D DDDD 0000:0000 0110 0000 1010	0
00137B	9200 060A	STS SYSVALTEMP,SYSCALCTEMPX
	K	1001 001D DDDD 0000:KKKK KKKK KKKK KKKK	1547
	D	1001 001D DDDD 0000:0000 0110 0000 1011	1
00137D	9210 060B	STS SYSVALTEMP_H,SYSCALCTEMPX_H
	D	1001 000D DDDD 0000:KKKK KKKK KKKK KKKK	21
	K	1001 0001 0101 0000:KKKK KKKK KKKK KKKK	1514
00137F	9150 05EA	LDS SYSVALUECOPY,SYSCHARCOUNT
	K	1001 001D DDDD 0000:KKKK KKKK KKKK KKKK	1383
	D	1001 001D DDDD 0000:0000 0101 0110 0111	21
001381	9350 0567	STS SYSSTR_0,SYSVALUECOPY
001383	9508	RET


		SYSCOMPEQUAL
	D	 0010 01RD DDDD RRRR	0
	R	 0010 01R0 0000 RRRR	0
001384	2400	CLR SYSBYTETEMPX
	D	 0001 00RD DDDD RRRR	22
	R	 0001 00R1 0110 RRRR	28
001385	136C	CPSE SYSBYTETEMPA, SYSBYTETEMPB
001386	9508	RET
	D	 1001 010D DDDD 0000	0
001387	9400	COM SYSBYTETEMPX
001388	9508	RET


		SYSCOMPEQUAL16
	D	 0010 01RD DDDD RRRR	0
	R	 0010 01R0 0000 RRRR	0
001389	2400	CLR SYSBYTETEMPX
	D	 0001 01RD DDDD RRRR	22
	R	 0001 01R1 0110 RRRR	28
00138A	176C	CP SYSWORDTEMPA, SYSWORDTEMPB
	K	 1111 01KK KKKK K001	3
00138B	F419	BRNE SCE16FALSE
	D	 0001 01RD DDDD RRRR	23
	R	 0001 01R1 0111 RRRR	29
00138C	177D	CP SYSWORDTEMPA_H, SYSWORDTEMPB_H
	K	 1111 01KK KKKK K001	1
00138D	F409	BRNE SCE16FALSE
	D	 1001 010D DDDD 0000	0
00138E	9400	COM SYSBYTETEMPX
		SCE16FALSE
00138F	9508	RET


		SYSCOMPEQUAL32
	D	 0010 01RD DDDD RRRR	0
	R	 0010 01R0 0000 RRRR	0
001390	2400	CLR SYSBYTETEMPX
	D	 0001 01RD DDDD RRRR	22
	R	 0001 01R1 0110 RRRR	28
001391	176C	CP SYSLONGTEMPA, SYSLONGTEMPB
	K	 1111 01KK KKKK K001	7
001392	F439	BRNE SCE32FALSE
	D	 0001 01RD DDDD RRRR	23
	R	 0001 01R1 0111 RRRR	29
001393	177D	CP SYSLONGTEMPA_H, SYSLONGTEMPB_H
	K	 1111 01KK KKKK K001	5
001394	F429	BRNE SCE32FALSE
	D	 0001 01RD DDDD RRRR	24
	R	 0001 01R1 1000 RRRR	30
001395	178E	CP SYSLONGTEMPA_U, SYSLONGTEMPB_U
	K	 1111 01KK KKKK K001	3
001396	F419	BRNE SCE32FALSE
	D	 0001 01RD DDDD RRRR	25
	R	 0001 01R1 1001 RRRR	31
001397	179F	CP SYSLONGTEMPA_E, SYSLONGTEMPB_E
	K	 1111 01KK KKKK K001	1
001398	F409	BRNE SCE32FALSE
	D	 1001 010D DDDD 0000	0
001399	9400	COM SYSBYTETEMPX
		SCE32FALSE
00139A	9508	RET


		SYSCOMPLESSTHAN
	D	 0010 01RD DDDD RRRR	0
	R	 0010 01R0 0000 RRRR	0
00139B	2400	CLR SYSBYTETEMPX
	D	 0001 01RD DDDD RRRR	22
	R	 0001 01R1 0110 RRRR	28
00139C	176C	CP SYSBYTETEMPA,SYSBYTETEMPB
	K	 1111 00KK KKKK K000	1
00139D	F008	BRLO SCLTTRUE
00139E	9508	RET
		SCLTTRUE
	D	 1001 010D DDDD 0000	0
00139F	9400	COM SYSBYTETEMPX
0013A0	9508	RET


		SYSCOMPLESSTHAN16
	D	 0010 01RD DDDD RRRR	0
	R	 0010 01R0 0000 RRRR	0
0013A1	2400	CLR SYSBYTETEMPX
	D	 0001 01RD DDDD RRRR	29
	R	 0001 01R1 1101 RRRR	23
0013A2	17D7	CP SYSWORDTEMPB_H,SYSWORDTEMPA_H
	K	 1111 00KK KKKK K000	6
0013A3	F030	BRLO SCLT16FALSE
	D	 0001 01RD DDDD RRRR	23
	R	 0001 01R1 0111 RRRR	29
0013A4	177D	CP SYSWORDTEMPA_H,SYSWORDTEMPB_H
	K	 1111 00KK KKKK K000	3
0013A5	F018	BRLO SCLT16TRUE
	D	 0001 01RD DDDD RRRR	22
	R	 0001 01R1 0110 RRRR	28
0013A6	176C	CP SYSWORDTEMPA,SYSWORDTEMPB
	K	 1111 00KK KKKK K000	1
0013A7	F008	BRLO SCLT16TRUE
0013A8	9508	RET
		SCLT16TRUE
	D	 1001 010D DDDD 0000	0
0013A9	9400	COM SYSBYTETEMPX
		SCLT16FALSE
0013AA	9508	RET


		SYSCOMPLESSTHANINT
	D	 1110 KKKK DDDD KKKK	21
	K	 1110 KKKK 0101 KKKK	0
0013AB	E050	LDI SYSVALUECOPY,0
	D	 0010 11RD DDDD RRRR	0
	R	 0010 11R0 0000 RRRR	21
0013AC	2E05	MOV SYSBYTETEMPX,SYSVALUECOPY
	R	 1111 111R RRRR 0BBB	23
	B	 1111 1111 0111 0BBB	7
0013AD	FF77	SBRS SYSINTEGERTEMPA_H,7
	K	 1100 KKKK KKKK KKKK	27
0013AE	C01B	RJMP ELSE48_1
	R	 1111 110R RRRR 0BBB	29
	B	 1111 1101 1101 0BBB	7
0013AF	FDD7	SBRC SYSINTEGERTEMPB_H,7
	K	 1100 KKKK KKKK KKKK	4
0013B0	C004	RJMP ENDIF49
	D	 0010 11RD DDDD RRRR	6
	R	 0010 11R0 0110 RRRR	0
0013B1	2C60	MOV SYSTEMP1,SYSBYTETEMPX
	D	 1001 010D DDDD 0000	6
0013B2	9460	COM SYSTEMP1
	D	 0010 11RD DDDD RRRR	0
	R	 0010 11R0 0000 RRRR	6
0013B3	2C06	MOV SYSBYTETEMPX,SYSTEMP1
0013B4	9508	RET
		ENDIF49
	D	 0010 11RD DDDD RRRR	10
	R	 0010 11R0 1010 RRRR	22
0013B5	2EA6	MOV SYSTEMP2,SYSINTEGERTEMPA
	D	 0010 11RD DDDD RRRR	11
	R	 0010 11R0 1011 RRRR	23
0013B6	2EB7	MOV SYSTEMP2_H,SYSINTEGERTEMPA_H
	D	 1001 010D DDDD 0000	10
0013B7	94A0	COM SYSTEMP2
	D	 1001 010D DDDD 0000	11
0013B8	94B0	COM SYSTEMP2_H
	D	 1001 010D DDDD 0011	10
0013B9	94A3	INC SYSTEMP2
	K	 1111 01KK KKKK K001	1
0013BA	F409	BRNE PC + 2
	D	 1001 010D DDDD 0011	11
0013BB	94B3	INC SYSTEMP2_H
	D	 0010 11RD DDDD RRRR	24
	R	 0010 11R1 1000 RRRR	10
0013BC	2D8A	MOV SYSDIVMULTA,SYSTEMP2
	D	 0010 11RD DDDD RRRR	25
	R	 0010 11R1 1001 RRRR	11
0013BD	2D9B	MOV SYSDIVMULTA_H,SYSTEMP2_H
	D	 0010 11RD DDDD RRRR	10
	R	 0010 11R0 1010 RRRR	28
0013BE	2EAC	MOV SYSTEMP2,SYSINTEGERTEMPB
	D	 0010 11RD DDDD RRRR	11
	R	 0010 11R0 1011 RRRR	29
0013BF	2EBD	MOV SYSTEMP2_H,SYSINTEGERTEMPB_H
	D	 1001 010D DDDD 0000	10
0013C0	94A0	COM SYSTEMP2
	D	 1001 010D DDDD 0000	11
0013C1	94B0	COM SYSTEMP2_H
	D	 1001 010D DDDD 0011	10
0013C2	94A3	INC SYSTEMP2
	K	 1111 01KK KKKK K001	1
0013C3	F409	BRNE PC + 2
	D	 1001 010D DDDD 0011	11
0013C4	94B3	INC SYSTEMP2_H
	D	 0010 11RD DDDD RRRR	22
	R	 0010 11R1 0110 RRRR	10
0013C5	2D6A	MOV SYSINTEGERTEMPA,SYSTEMP2
	D	 0010 11RD DDDD RRRR	23
	R	 0010 11R1 0111 RRRR	11
0013C6	2D7B	MOV SYSINTEGERTEMPA_H,SYSTEMP2_H
	D	 0010 11RD DDDD RRRR	28
	R	 0010 11R1 1100 RRRR	24
0013C7	2FC8	MOV SYSINTEGERTEMPB,SYSDIVMULTA
	D	 0010 11RD DDDD RRRR	29
	R	 0010 11R1 1101 RRRR	25
0013C8	2FD9	MOV SYSINTEGERTEMPB_H,SYSDIVMULTA_H
	K	 1100 KKKK KKKK KKKK	2
0013C9	C002	RJMP ENDIF48
		ELSE48_1
	R	 1111 110R RRRR 0BBB	29
	B	 1111 1101 1101 0BBB	7
0013CA	FDD7	SBRC SYSINTEGERTEMPB_H,7
0013CB	9508	RET
		ENDIF48
	D	 0001 01RD DDDD RRRR	29
	R	 0001 01R1 1101 RRRR	23
0013CC	17D7	CP SYSINTEGERTEMPB_H,SYSINTEGERTEMPA_H
	K	 1111 00KK KKKK K000	6
0013CD	F030	BRLO SCLTINTFALSE
	D	 0001 01RD DDDD RRRR	23
	R	 0001 01R1 0111 RRRR	29
0013CE	177D	CP SYSINTEGERTEMPA_H,SYSINTEGERTEMPB_H
	K	 1111 00KK KKKK K000	3
0013CF	F018	BRLO SCLTINTTRUE
	D	 0001 01RD DDDD RRRR	22
	R	 0001 01R1 0110 RRRR	28
0013D0	176C	CP SYSINTEGERTEMPA,SYSINTEGERTEMPB
	K	 1111 00KK KKKK K000	1
0013D1	F008	BRLO SCLTINTTRUE
0013D2	9508	RET
		SCLTINTTRUE
	D	 1001 010D DDDD 0000	0
0013D3	9400	COM SYSBYTETEMPX
		SCLTINTFALSE
0013D4	9508	RET


		SYSCOPYSTRING
	D	 100S 000D DDDD SSSS	22
	S	 100S 0001 0110 SSSS	29
0013D5	916D	LD SYSCALCTEMPA, X+
	D	 100D 001R RRRR DDDD	25
	R	 1001 001R RRRR 1001	22
0013D6	9369	ST Y+, SYSCALCTEMPA
	K	 1100 KKKK KKKK KKKK	2
0013D7	C002	RJMP SYSCOPYSTRINGCHECK
		SYSCOPYSTRINGPART
	D	 100S 000D DDDD SSSS	22
	S	 100S 0001 0110 SSSS	29
0013D8	916D	LD SYSCALCTEMPA, X+
	D	 0000 11RD DDDD RRRR	25
	R	 0000 11R1 1001 RRRR	22
0013D9	0F96	ADD SYSSTRINGLENGTH, SYSCALCTEMPA
		SYSCOPYSTRINGCHECK
	D	 0011 KKKK DDDD KKKK	22
	K	 0011 KKKK 0110 KKKK	0
0013DA	3060	CPI SYSCALCTEMPA,0
	K	 1111 01KK KKKK K001	1
0013DB	F409	BRNE SYSSTRINGCOPY
0013DC	9508	RET
		SYSSTRINGCOPY
	D	 100S 000D DDDD SSSS	30
	S	 100S 0001 1110 SSSS	29
0013DD	91ED	LD SYSREADA, X+
	D	 100D 001R RRRR DDDD	25
	R	 1001 001R RRRR 1001	30
0013DE	93E9	ST Y+, SYSREADA
	D	 1001 010D DDDD 1010	22
0013DF	956A	DEC SYSCALCTEMPA
	K	 1111 01KK KKKK K001	124
0013E0	F7E1	BRNE SYSSTRINGCOPY
0013E1	9508	RET


		SYSDIVSUB16
	D	 0010 11RD DDDD RRRR	24
	R	 0010 11R1 1000 RRRR	22
0013E2	2F86	MOV SYSDIVMULTA,SYSWORDTEMPA
	D	 0010 11RD DDDD RRRR	25
	R	 0010 11R1 1001 RRRR	23
0013E3	2F97	MOV SYSDIVMULTA_H,SYSWORDTEMPA_H
	D	 0010 11RD DDDD RRRR	30
	R	 0010 11R1 1110 RRRR	28
0013E4	2FEC	MOV SYSDIVMULTB,SYSWORDTEMPB
	D	 0010 11RD DDDD RRRR	31
	R	 0010 11R1 1111 RRRR	29
0013E5	2FFD	MOV SYSDIVMULTB_H,SYSWORDTEMPB_H
	D	 1110 KKKK DDDD KKKK	21
	K	 1110 KKKK 0101 KKKK	0
0013E6	E050	LDI SYSVALUECOPY,0
	D	 0010 11RD DDDD RRRR	2
	R	 0010 11R0 0010 RRRR	21
0013E7	2E25	MOV SYSDIVMULTX,SYSVALUECOPY
	D	 1110 KKKK DDDD KKKK	21
	K	 1110 KKKK 0101 KKKK	0
0013E8	E050	LDI SYSVALUECOPY,0
	D	 0010 11RD DDDD RRRR	3
	R	 0010 11R0 0011 RRRR	21
0013E9	2E35	MOV SYSDIVMULTX_H,SYSVALUECOPY
	D	 0010 11RD DDDD RRRR	22
	R	 0010 11R1 0110 RRRR	30
0013EA	2F6E	MOV SYSWORDTEMPA,SYSDIVMULTB
	D	 0010 11RD DDDD RRRR	23
	R	 0010 11R1 0111 RRRR	31
0013EB	2F7F	MOV SYSWORDTEMPA_H,SYSDIVMULTB_H
	D	 1110 KKKK DDDD KKKK	28
	K	 1110 KKKK 1100 KKKK	0
0013EC	E0C0	LDI SYSWORDTEMPB,0
	D	 1110 KKKK DDDD KKKK	29
	K	 1110 KKKK 1101 KKKK	0
0013ED	E0D0	LDI SYSWORDTEMPB_H,0
	K	 1101 KKKK KKKK KKKK	3994
0013EE	DF9A	RCALL SYSCOMPEQUAL16
	R	 1111 111R RRRR 0BBB	0
	B	 1111 1110 0000 0BBB	0
0013EF	FE00	SBRS SYSBYTETEMPX,0
	K	 1100 KKKK KKKK KKKK	3
0013F0	C003	RJMP ENDIF41
	D	 1110 KKKK DDDD KKKK	22
	K	 1110 KKKK 0110 KKKK	0
0013F1	E060	LDI SYSWORDTEMPA,0
	D	 1110 KKKK DDDD KKKK	23
	K	 1110 KKKK 0111 KKKK	0
0013F2	E070	LDI SYSWORDTEMPA_H,0
0013F3	9508	RET
		ENDIF41
	D	 1110 KKKK DDDD KKKK	21
	K	 1110 KKKK 0101 KKKK	16
0013F4	E150	LDI SYSVALUECOPY,16
	D	 0010 11RD DDDD RRRR	5
	R	 0010 11R0 0101 RRRR	21
0013F5	2E55	MOV SYSDIVLOOP,SYSVALUECOPY
		SYSDIV16START
0013F6	9488	CLC
	D	 0001 11RD DDDD RRRR	24
	R	 0001 11R1 1000 RRRR	24
0013F7	1F88	ROL SYSDIVMULTA
	D	 0001 11RD DDDD RRRR	25
	R	 0001 11R1 1001 RRRR	25
0013F8	1F99	ROL SYSDIVMULTA_H
	D	 0001 11RD DDDD RRRR	2
	R	 0001 11R0 0010 RRRR	2
0013F9	1C22	ROL SYSDIVMULTX
	D	 0001 11RD DDDD RRRR	3
	R	 0001 11R0 0011 RRRR	3
0013FA	1C33	ROL SYSDIVMULTX_H
	D	 0010 11RD DDDD RRRR	6
	R	 0010 11R0 0110 RRRR	2
0013FB	2C62	MOV SYSTEMP1,SYSDIVMULTX
	D	 0001 10RD DDDD RRRR	6
	R	 0001 10R0 0110 RRRR	30
0013FC	1A6E	SUB SYSTEMP1,SYSDIVMULTB
	D	 0010 11RD DDDD RRRR	2
	R	 0010 11R0 0010 RRRR	6
0013FD	2C26	MOV SYSDIVMULTX,SYSTEMP1
	D	 0010 11RD DDDD RRRR	6
	R	 0010 11R0 0110 RRRR	3
0013FE	2C63	MOV SYSTEMP1,SYSDIVMULTX_H
	D	 0000 10RD DDDD RRRR	6
	R	 0000 10R0 0110 RRRR	31
0013FF	0A6F	SBC SYSTEMP1,SYSDIVMULTB_H
	D	 0010 11RD DDDD RRRR	3
	R	 0010 11R0 0011 RRRR	6
001400	2C36	MOV SYSDIVMULTX_H,SYSTEMP1
	D	 0110 KKKK DDDD KKKK	24
	K	 0110 KKKK 1000 KKKK	1
001401	6081	SBR  SYSDIVMULTA,1<<0
	S	 1111 01KK KKKK KSSS	0
	K	 1111 01KK KKKK K000	7
001402	F438	BRBC C,ENDIF42
	D	 0111 _K_K_K_K DDDD _K_K_K_K	24
	K	 0111 _K_K_K_K 1000 _K_K_K_K	1
001403	7F8E	CBR  SYSDIVMULTA,1<<0
	D	 0010 11RD DDDD RRRR	6
	R	 0010 11R0 0110 RRRR	2
001404	2C62	MOV SYSTEMP1,SYSDIVMULTX
	D	 0000 11RD DDDD RRRR	6
	R	 0000 11R0 0110 RRRR	30
001405	0E6E	ADD SYSTEMP1,SYSDIVMULTB
	D	 0010 11RD DDDD RRRR	2
	R	 0010 11R0 0010 RRRR	6
001406	2C26	MOV SYSDIVMULTX,SYSTEMP1
	D	 0010 11RD DDDD RRRR	6
	R	 0010 11R0 0110 RRRR	3
001407	2C63	MOV SYSTEMP1,SYSDIVMULTX_H
	D	 0001 11RD DDDD RRRR	6
	R	 0001 11R0 0110 RRRR	31
001408	1E6F	ADC SYSTEMP1,SYSDIVMULTB_H
	D	 0010 11RD DDDD RRRR	3
	R	 0010 11R0 0011 RRRR	6
001409	2C36	MOV SYSDIVMULTX_H,SYSTEMP1
		ENDIF42
	D	 1001 010D DDDD 1010	5
00140A	945A	DEC SYSDIVLOOP
	K	 1111 01KK KKKK K001	106
00140B	F751	BRNE SYSDIV16START
	D	 0010 11RD DDDD RRRR	22
	R	 0010 11R1 0110 RRRR	24
00140C	2F68	MOV SYSWORDTEMPA,SYSDIVMULTA
	D	 0010 11RD DDDD RRRR	23
	R	 0010 11R1 0111 RRRR	25
00140D	2F79	MOV SYSWORDTEMPA_H,SYSDIVMULTA_H
	D	 0010 11RD DDDD RRRR	0
	R	 0010 11R0 0000 RRRR	2
00140E	2C02	MOV SYSWORDTEMPX,SYSDIVMULTX
	D	 0010 11RD DDDD RRRR	1
	R	 0010 11R0 0001 RRRR	3
00140F	2C13	MOV SYSWORDTEMPX_H,SYSDIVMULTX_H
001410	9508	RET


		SYSDIVSUB32
	K	1001 001D DDDD 0000:KKKK KKKK KKKK KKKK	1523
	D	1001 001D DDDD 0000:0000 0101 1111 0011	22
001411	9360 05F3	STS SYSLONGDIVMULTA,SYSLONGTEMPA
	K	1001 001D DDDD 0000:KKKK KKKK KKKK KKKK	1524
	D	1001 001D DDDD 0000:0000 0101 1111 0100	23
001413	9370 05F4	STS SYSLONGDIVMULTA_H,SYSLONGTEMPA_H
	K	1001 001D DDDD 0000:KKKK KKKK KKKK KKKK	1525
	D	1001 001D DDDD 0000:0000 0101 1111 0101	24
001415	9380 05F5	STS SYSLONGDIVMULTA_U,SYSLONGTEMPA_U
	K	1001 001D DDDD 0000:KKKK KKKK KKKK KKKK	1526
	D	1001 001D DDDD 0000:0000 0101 1111 0110	25
001417	9390 05F6	STS SYSLONGDIVMULTA_E,SYSLONGTEMPA_E
	K	1001 001D DDDD 0000:KKKK KKKK KKKK KKKK	1527
	D	1001 001D DDDD 0000:0000 0101 1111 0111	28
001419	93C0 05F7	STS SYSLONGDIVMULTB,SYSLONGTEMPB
	K	1001 001D DDDD 0000:KKKK KKKK KKKK KKKK	1528
	D	1001 001D DDDD 0000:0000 0101 1111 1000	29
00141B	93D0 05F8	STS SYSLONGDIVMULTB_H,SYSLONGTEMPB_H
	K	1001 001D DDDD 0000:KKKK KKKK KKKK KKKK	1529
	D	1001 001D DDDD 0000:0000 0101 1111 1001	30
00141D	93E0 05F9	STS SYSLONGDIVMULTB_U,SYSLONGTEMPB_U
	K	1001 001D DDDD 0000:KKKK KKKK KKKK KKKK	1530
	D	1001 001D DDDD 0000:0000 0101 1111 1010	31
00141F	93F0 05FA	STS SYSLONGDIVMULTB_E,SYSLONGTEMPB_E
	D	 1110 KKKK DDDD KKKK	21
	K	 1110 KKKK 0101 KKKK	0
001421	E050	LDI SYSVALUECOPY,0
	K	1001 001D DDDD 0000:KKKK KKKK KKKK KKKK	1531
	D	1001 001D DDDD 0000:0000 0101 1111 1011	21
001422	9350 05FB	STS SYSLONGDIVMULTX,SYSVALUECOPY
	K	1001 001D DDDD 0000:KKKK KKKK KKKK KKKK	1532
	D	1001 001D DDDD 0000:0000 0101 1111 1100	21
001424	9350 05FC	STS SYSLONGDIVMULTX_H,SYSVALUECOPY
	K	1001 001D DDDD 0000:KKKK KKKK KKKK KKKK	1533
	D	1001 001D DDDD 0000:0000 0101 1111 1101	21
001426	9350 05FD	STS SYSLONGDIVMULTX_U,SYSVALUECOPY
	K	1001 001D DDDD 0000:KKKK KKKK KKKK KKKK	1534
	D	1001 001D DDDD 0000:0000 0101 1111 1110	21
001428	9350 05FE	STS SYSLONGDIVMULTX_E,SYSVALUECOPY
	D	1001 000D DDDD 0000:KKKK KKKK KKKK KKKK	22
	K	1001 0001 0110 0000:KKKK KKKK KKKK KKKK	1527
00142A	9160 05F7	LDS SYSLONGTEMPA,SYSLONGDIVMULTB
	D	1001 000D DDDD 0000:KKKK KKKK KKKK KKKK	23
	K	1001 0001 0111 0000:KKKK KKKK KKKK KKKK	1528
00142C	9170 05F8	LDS SYSLONGTEMPA_H,SYSLONGDIVMULTB_H
	D	1001 000D DDDD 0000:KKKK KKKK KKKK KKKK	24
	K	1001 0001 1000 0000:KKKK KKKK KKKK KKKK	1529
00142E	9180 05F9	LDS SYSLONGTEMPA_U,SYSLONGDIVMULTB_U
	D	1001 000D DDDD 0000:KKKK KKKK KKKK KKKK	25
	K	1001 0001 1001 0000:KKKK KKKK KKKK KKKK	1530
001430	9190 05FA	LDS SYSLONGTEMPA_E,SYSLONGDIVMULTB_E
	D	 1110 KKKK DDDD KKKK	28
	K	 1110 KKKK 1100 KKKK	0
001432	E0C0	LDI SYSLONGTEMPB,0
	D	 1110 KKKK DDDD KKKK	29
	K	 1110 KKKK 1101 KKKK	0
001433	E0D0	LDI SYSLONGTEMPB_H,0
	D	 1110 KKKK DDDD KKKK	30
	K	 1110 KKKK 1110 KKKK	0
001434	E0E0	LDI SYSLONGTEMPB_U,0
	D	 1110 KKKK DDDD KKKK	31
	K	 1110 KKKK 1111 KKKK	0
001435	E0F0	LDI SYSLONGTEMPB_E,0
	K	 1101 KKKK KKKK KKKK	3929
001436	DF59	RCALL SYSCOMPEQUAL32
	R	 1111 111R RRRR 0BBB	0
	B	 1111 1110 0000 0BBB	0
001437	FE00	SBRS SYSBYTETEMPX,0
	K	 1100 KKKK KKKK KKKK	5
001438	C005	RJMP ENDIF46
	D	 1110 KKKK DDDD KKKK	22
	K	 1110 KKKK 0110 KKKK	0
001439	E060	LDI SYSLONGTEMPA,0
	D	 1110 KKKK DDDD KKKK	23
	K	 1110 KKKK 0111 KKKK	0
00143A	E070	LDI SYSLONGTEMPA_H,0
	D	 1110 KKKK DDDD KKKK	24
	K	 1110 KKKK 1000 KKKK	0
00143B	E080	LDI SYSLONGTEMPA_U,0
	D	 1110 KKKK DDDD KKKK	25
	K	 1110 KKKK 1001 KKKK	0
00143C	E090	LDI SYSLONGTEMPA_E,0
00143D	9508	RET
		ENDIF46
	D	 1110 KKKK DDDD KKKK	21
	K	 1110 KKKK 0101 KKKK	32
00143E	E250	LDI SYSVALUECOPY,32
	D	 0010 11RD DDDD RRRR	5
	R	 0010 11R0 0101 RRRR	21
00143F	2E55	MOV SYSDIVLOOP,SYSVALUECOPY
		SYSDIV32START
001440	9488	CLC
	D	1001 000D DDDD 0000:KKKK KKKK KKKK KKKK	21
	K	1001 0001 0101 0000:KKKK KKKK KKKK KKKK	1523
001441	9150 05F3	LDS SYSVALUECOPY,SYSLONGDIVMULTA
	D	 0001 11RD DDDD RRRR	21
	R	 0001 11R1 0101 RRRR	21
001443	1F55	ROL SYSVALUECOPY
	K	1001 001D DDDD 0000:KKKK KKKK KKKK KKKK	1523
	D	1001 001D DDDD 0000:0000 0101 1111 0011	21
001444	9350 05F3	STS SYSLONGDIVMULTA,SYSVALUECOPY
	D	1001 000D DDDD 0000:KKKK KKKK KKKK KKKK	21
	K	1001 0001 0101 0000:KKKK KKKK KKKK KKKK	1524
001446	9150 05F4	LDS SYSVALUECOPY,SYSLONGDIVMULTA_H
	D	 0001 11RD DDDD RRRR	21
	R	 0001 11R1 0101 RRRR	21
001448	1F55	ROL SYSVALUECOPY
	K	1001 001D DDDD 0000:KKKK KKKK KKKK KKKK	1524
	D	1001 001D DDDD 0000:0000 0101 1111 0100	21
001449	9350 05F4	STS SYSLONGDIVMULTA_H,SYSVALUECOPY
	D	1001 000D DDDD 0000:KKKK KKKK KKKK KKKK	21
	K	1001 0001 0101 0000:KKKK KKKK KKKK KKKK	1525
00144B	9150 05F5	LDS SYSVALUECOPY,SYSLONGDIVMULTA_U
	D	 0001 11RD DDDD RRRR	21
	R	 0001 11R1 0101 RRRR	21
00144D	1F55	ROL SYSVALUECOPY
	K	1001 001D DDDD 0000:KKKK KKKK KKKK KKKK	1525
	D	1001 001D DDDD 0000:0000 0101 1111 0101	21
00144E	9350 05F5	STS SYSLONGDIVMULTA_U,SYSVALUECOPY
	D	1001 000D DDDD 0000:KKKK KKKK KKKK KKKK	21
	K	1001 0001 0101 0000:KKKK KKKK KKKK KKKK	1526
001450	9150 05F6	LDS SYSVALUECOPY,SYSLONGDIVMULTA_E
	D	 0001 11RD DDDD RRRR	21
	R	 0001 11R1 0101 RRRR	21
001452	1F55	ROL SYSVALUECOPY
	K	1001 001D DDDD 0000:KKKK KKKK KKKK KKKK	1526
	D	1001 001D DDDD 0000:0000 0101 1111 0110	21
001453	9350 05F6	STS SYSLONGDIVMULTA_E,SYSVALUECOPY
	D	1001 000D DDDD 0000:KKKK KKKK KKKK KKKK	21
	K	1001 0001 0101 0000:KKKK KKKK KKKK KKKK	1531
001455	9150 05FB	LDS SYSVALUECOPY,SYSLONGDIVMULTX
	D	 0001 11RD DDDD RRRR	21
	R	 0001 11R1 0101 RRRR	21
001457	1F55	ROL SYSVALUECOPY
	K	1001 001D DDDD 0000:KKKK KKKK KKKK KKKK	1531
	D	1001 001D DDDD 0000:0000 0101 1111 1011	21
001458	9350 05FB	STS SYSLONGDIVMULTX,SYSVALUECOPY
	D	1001 000D DDDD 0000:KKKK KKKK KKKK KKKK	21
	K	1001 0001 0101 0000:KKKK KKKK KKKK KKKK	1532
00145A	9150 05FC	LDS SYSVALUECOPY,SYSLONGDIVMULTX_H
	D	 0001 11RD DDDD RRRR	21
	R	 0001 11R1 0101 RRRR	21
00145C	1F55	ROL SYSVALUECOPY
	K	1001 001D DDDD 0000:KKKK KKKK KKKK KKKK	1532
	D	1001 001D DDDD 0000:0000 0101 1111 1100	21
00145D	9350 05FC	STS SYSLONGDIVMULTX_H,SYSVALUECOPY
	D	1001 000D DDDD 0000:KKKK KKKK KKKK KKKK	21
	K	1001 0001 0101 0000:KKKK KKKK KKKK KKKK	1533
00145F	9150 05FD	LDS SYSVALUECOPY,SYSLONGDIVMULTX_U
	D	 0001 11RD DDDD RRRR	21
	R	 0001 11R1 0101 RRRR	21
001461	1F55	ROL SYSVALUECOPY
	K	1001 001D DDDD 0000:KKKK KKKK KKKK KKKK	1533
	D	1001 001D DDDD 0000:0000 0101 1111 1101	21
001462	9350 05FD	STS SYSLONGDIVMULTX_U,SYSVALUECOPY
	D	1001 000D DDDD 0000:KKKK KKKK KKKK KKKK	21
	K	1001 0001 0101 0000:KKKK KKKK KKKK KKKK	1534
001464	9150 05FE	LDS SYSVALUECOPY,SYSLONGDIVMULTX_E
	D	 0001 11RD DDDD RRRR	21
	R	 0001 11R1 0101 RRRR	21
001466	1F55	ROL SYSVALUECOPY
	K	1001 001D DDDD 0000:KKKK KKKK KKKK KKKK	1534
	D	1001 001D DDDD 0000:0000 0101 1111 1110	21
001467	9350 05FE	STS SYSLONGDIVMULTX_E,SYSVALUECOPY
	D	1001 000D DDDD 0000:KKKK KKKK KKKK KKKK	6
	K	1001 0000 0110 0000:KKKK KKKK KKKK KKKK	1531
001469	9060 05FB	LDS SYSTEMP1,SYSLONGDIVMULTX
	D	1001 000D DDDD 0000:KKKK KKKK KKKK KKKK	10
	K	1001 0000 1010 0000:KKKK KKKK KKKK KKKK	1527
00146B	90A0 05F7	LDS SYSTEMP2,SYSLONGDIVMULTB
	D	 0001 10RD DDDD RRRR	6
	R	 0001 10R0 0110 RRRR	10
00146D	186A	SUB SYSTEMP1,SYSTEMP2
	K	1001 001D DDDD 0000:KKKK KKKK KKKK KKKK	1531
	D	1001 001D DDDD 0000:0000 0101 1111 1011	6
00146E	9260 05FB	STS SYSLONGDIVMULTX,SYSTEMP1
	D	1001 000D DDDD 0000:KKKK KKKK KKKK KKKK	6
	K	1001 0000 0110 0000:KKKK KKKK KKKK KKKK	1532
001470	9060 05FC	LDS SYSTEMP1,SYSLONGDIVMULTX_H
	D	1001 000D DDDD 0000:KKKK KKKK KKKK KKKK	10
	K	1001 0000 1010 0000:KKKK KKKK KKKK KKKK	1528
001472	90A0 05F8	LDS SYSTEMP2,SYSLONGDIVMULTB_H
	D	 0000 10RD DDDD RRRR	6
	R	 0000 10R0 0110 RRRR	10
001474	086A	SBC SYSTEMP1,SYSTEMP2
	K	1001 001D DDDD 0000:KKKK KKKK KKKK KKKK	1532
	D	1001 001D DDDD 0000:0000 0101 1111 1100	6
001475	9260 05FC	STS SYSLONGDIVMULTX_H,SYSTEMP1
	D	1001 000D DDDD 0000:KKKK KKKK KKKK KKKK	6
	K	1001 0000 0110 0000:KKKK KKKK KKKK KKKK	1533
001477	9060 05FD	LDS SYSTEMP1,SYSLONGDIVMULTX_U
	D	1001 000D DDDD 0000:KKKK KKKK KKKK KKKK	10
	K	1001 0000 1010 0000:KKKK KKKK KKKK KKKK	1529
001479	90A0 05F9	LDS SYSTEMP2,SYSLONGDIVMULTB_U
	D	 0000 10RD DDDD RRRR	6
	R	 0000 10R0 0110 RRRR	10
00147B	086A	SBC SYSTEMP1,SYSTEMP2
	K	1001 001D DDDD 0000:KKKK KKKK KKKK KKKK	1533
	D	1001 001D DDDD 0000:0000 0101 1111 1101	6
00147C	9260 05FD	STS SYSLONGDIVMULTX_U,SYSTEMP1
	D	1001 000D DDDD 0000:KKKK KKKK KKKK KKKK	6
	K	1001 0000 0110 0000:KKKK KKKK KKKK KKKK	1534
00147E	9060 05FE	LDS SYSTEMP1,SYSLONGDIVMULTX_E
	D	1001 000D DDDD 0000:KKKK KKKK KKKK KKKK	10
	K	1001 0000 1010 0000:KKKK KKKK KKKK KKKK	1530
001480	90A0 05FA	LDS SYSTEMP2,SYSLONGDIVMULTB_E
	D	 0000 10RD DDDD RRRR	6
	R	 0000 10R0 0110 RRRR	10
001482	086A	SBC SYSTEMP1,SYSTEMP2
	K	1001 001D DDDD 0000:KKKK KKKK KKKK KKKK	1534
	D	1001 001D DDDD 0000:0000 0101 1111 1110	6
001483	9260 05FE	STS SYSLONGDIVMULTX_E,SYSTEMP1
	D	1001 000D DDDD 0000:KKKK KKKK KKKK KKKK	21
	K	1001 0001 0101 0000:KKKK KKKK KKKK KKKK	1523
001485	9150 05F3	LDS SYSVALUECOPY,SYSLONGDIVMULTA
	D	 0110 KKKK DDDD KKKK	21
	K	 0110 KKKK 0101 KKKK	1
001487	6051	SBR SYSVALUECOPY,1<<0
	K	1001 001D DDDD 0000:KKKK KKKK KKKK KKKK	1523
	D	1001 001D DDDD 0000:0000 0101 1111 0011	21
001488	9350 05F3	STS SYSLONGDIVMULTA,SYSVALUECOPY
	S	 1111 01KK KKKK KSSS	0
	K	 1111 01KK KKKK K000	33
00148A	F508	BRBC C,ENDIF47
	D	1001 000D DDDD 0000:KKKK KKKK KKKK KKKK	21
	K	1001 0001 0101 0000:KKKK KKKK KKKK KKKK	1523
00148B	9150 05F3	LDS SYSVALUECOPY,SYSLONGDIVMULTA
	D	 0111 _K_K_K_K DDDD _K_K_K_K	21
	K	 0111 _K_K_K_K 0101 _K_K_K_K	1
00148D	7F5E	CBR SYSVALUECOPY,1<<0
	K	1001 001D DDDD 0000:KKKK KKKK KKKK KKKK	1523
	D	1001 001D DDDD 0000:0000 0101 1111 0011	21
00148E	9350 05F3	STS SYSLONGDIVMULTA,SYSVALUECOPY
	D	1001 000D DDDD 0000:KKKK KKKK KKKK KKKK	6
	K	1001 0000 0110 0000:KKKK KKKK KKKK KKKK	1531
001490	9060 05FB	LDS SYSTEMP1,SYSLONGDIVMULTX
	D	1001 000D DDDD 0000:KKKK KKKK KKKK KKKK	10
	K	1001 0000 1010 0000:KKKK KKKK KKKK KKKK	1527
001492	90A0 05F7	LDS SYSTEMP2,SYSLONGDIVMULTB
	D	 0000 11RD DDDD RRRR	6
	R	 0000 11R0 0110 RRRR	10
001494	0C6A	ADD SYSTEMP1,SYSTEMP2
	K	1001 001D DDDD 0000:KKKK KKKK KKKK KKKK	1531
	D	1001 001D DDDD 0000:0000 0101 1111 1011	6
001495	9260 05FB	STS SYSLONGDIVMULTX,SYSTEMP1
	D	1001 000D DDDD 0000:KKKK KKKK KKKK KKKK	6
	K	1001 0000 0110 0000:KKKK KKKK KKKK KKKK	1532
001497	9060 05FC	LDS SYSTEMP1,SYSLONGDIVMULTX_H
	D	1001 000D DDDD 0000:KKKK KKKK KKKK KKKK	10
	K	1001 0000 1010 0000:KKKK KKKK KKKK KKKK	1528
001499	90A0 05F8	LDS SYSTEMP2,SYSLONGDIVMULTB_H
	D	 0001 11RD DDDD RRRR	6
	R	 0001 11R0 0110 RRRR	10
00149B	1C6A	ADC SYSTEMP1,SYSTEMP2
	K	1001 001D DDDD 0000:KKKK KKKK KKKK KKKK	1532
	D	1001 001D DDDD 0000:0000 0101 1111 1100	6
00149C	9260 05FC	STS SYSLONGDIVMULTX_H,SYSTEMP1
	D	1001 000D DDDD 0000:KKKK KKKK KKKK KKKK	6
	K	1001 0000 0110 0000:KKKK KKKK KKKK KKKK	1533
00149E	9060 05FD	LDS SYSTEMP1,SYSLONGDIVMULTX_U
	D	1001 000D DDDD 0000:KKKK KKKK KKKK KKKK	10
	K	1001 0000 1010 0000:KKKK KKKK KKKK KKKK	1529
0014A0	90A0 05F9	LDS SYSTEMP2,SYSLONGDIVMULTB_U
	D	 0001 11RD DDDD RRRR	6
	R	 0001 11R0 0110 RRRR	10
0014A2	1C6A	ADC SYSTEMP1,SYSTEMP2
	K	1001 001D DDDD 0000:KKKK KKKK KKKK KKKK	1533
	D	1001 001D DDDD 0000:0000 0101 1111 1101	6
0014A3	9260 05FD	STS SYSLONGDIVMULTX_U,SYSTEMP1
	D	1001 000D DDDD 0000:KKKK KKKK KKKK KKKK	6
	K	1001 0000 0110 0000:KKKK KKKK KKKK KKKK	1534
0014A5	9060 05FE	LDS SYSTEMP1,SYSLONGDIVMULTX_E
	D	1001 000D DDDD 0000:KKKK KKKK KKKK KKKK	10
	K	1001 0000 1010 0000:KKKK KKKK KKKK KKKK	1530
0014A7	90A0 05FA	LDS SYSTEMP2,SYSLONGDIVMULTB_E
	D	 0001 11RD DDDD RRRR	6
	R	 0001 11R0 0110 RRRR	10
0014A9	1C6A	ADC SYSTEMP1,SYSTEMP2
	K	1001 001D DDDD 0000:KKKK KKKK KKKK KKKK	1534
	D	1001 001D DDDD 0000:0000 0101 1111 1110	6
0014AA	9260 05FE	STS SYSLONGDIVMULTX_E,SYSTEMP1
		ENDIF47
	D	 1001 010D DDDD 1010	5
0014AC	945A	DEC SYSDIVLOOP
	K	 1111 00KK KKKK K001	1
0014AD	F009	BREQ SYSDIV32END
	K	 1100 KKKK KKKK KKKK	3985
0014AE	CF91	RJMP SYSDIV32START
		SYSDIV32END
	D	1001 000D DDDD 0000:KKKK KKKK KKKK KKKK	22
	K	1001 0001 0110 0000:KKKK KKKK KKKK KKKK	1523
0014AF	9160 05F3	LDS SYSLONGTEMPA,SYSLONGDIVMULTA
	D	1001 000D DDDD 0000:KKKK KKKK KKKK KKKK	23
	K	1001 0001 0111 0000:KKKK KKKK KKKK KKKK	1524
0014B1	9170 05F4	LDS SYSLONGTEMPA_H,SYSLONGDIVMULTA_H
	D	1001 000D DDDD 0000:KKKK KKKK KKKK KKKK	24
	K	1001 0001 1000 0000:KKKK KKKK KKKK KKKK	1525
0014B3	9180 05F5	LDS SYSLONGTEMPA_U,SYSLONGDIVMULTA_U
	D	1001 000D DDDD 0000:KKKK KKKK KKKK KKKK	25
	K	1001 0001 1001 0000:KKKK KKKK KKKK KKKK	1526
0014B5	9190 05F6	LDS SYSLONGTEMPA_E,SYSLONGDIVMULTA_E
	D	1001 000D DDDD 0000:KKKK KKKK KKKK KKKK	0
	K	1001 0000 0000 0000:KKKK KKKK KKKK KKKK	1531
0014B7	9000 05FB	LDS SYSLONGTEMPX,SYSLONGDIVMULTX
	D	1001 000D DDDD 0000:KKKK KKKK KKKK KKKK	1
	K	1001 0000 0001 0000:KKKK KKKK KKKK KKKK	1532
0014B9	9010 05FC	LDS SYSLONGTEMPX_H,SYSLONGDIVMULTX_H
	D	1001 000D DDDD 0000:KKKK KKKK KKKK KKKK	2
	K	1001 0000 0010 0000:KKKK KKKK KKKK KKKK	1533
0014BB	9020 05FD	LDS SYSLONGTEMPX_U,SYSLONGDIVMULTX_U
	D	1001 000D DDDD 0000:KKKK KKKK KKKK KKKK	3
	K	1001 0000 0011 0000:KKKK KKKK KKKK KKKK	1534
0014BD	9030 05FE	LDS SYSLONGTEMPX_E,SYSLONGDIVMULTX_E
0014BF	9508	RET


		SYSDIVSUBINT
	D	 0010 11RD DDDD RRRR	6
	R	 0010 11R0 0110 RRRR	29
0014C0	2E6D	MOV SYSTEMP1,SYSINTEGERTEMPB_H
	D	 0010 01RD DDDD RRRR	6
	R	 0010 01R0 0110 RRRR	23
0014C1	2667	EOR SYSTEMP1,SYSINTEGERTEMPA_H
	D	 0010 11RD DDDD RRRR	4
	R	 0010 11R0 0100 RRRR	6
0014C2	2C46	MOV SYSSIGNBYTE,SYSTEMP1
	R	 1111 111R RRRR 0BBB	23
	B	 1111 1111 0111 0BBB	7
0014C3	FF77	SBRS SYSINTEGERTEMPA_H,7
	K	 1100 KKKK KKKK KKKK	9
0014C4	C009	RJMP ENDIF43
	D	 0010 11RD DDDD RRRR	10
	R	 0010 11R0 1010 RRRR	22
0014C5	2EA6	MOV SYSTEMP2,SYSINTEGERTEMPA
	D	 0010 11RD DDDD RRRR	11
	R	 0010 11R0 1011 RRRR	23
0014C6	2EB7	MOV SYSTEMP2_H,SYSINTEGERTEMPA_H
	D	 1001 010D DDDD 0000	10
0014C7	94A0	COM SYSTEMP2
	D	 1001 010D DDDD 0000	11
0014C8	94B0	COM SYSTEMP2_H
	D	 1001 010D DDDD 0011	10
0014C9	94A3	INC SYSTEMP2
	K	 1111 01KK KKKK K001	1
0014CA	F409	BRNE PC + 2
	D	 1001 010D DDDD 0011	11
0014CB	94B3	INC SYSTEMP2_H
	D	 0010 11RD DDDD RRRR	22
	R	 0010 11R1 0110 RRRR	10
0014CC	2D6A	MOV SYSINTEGERTEMPA,SYSTEMP2
	D	 0010 11RD DDDD RRRR	23
	R	 0010 11R1 0111 RRRR	11
0014CD	2D7B	MOV SYSINTEGERTEMPA_H,SYSTEMP2_H
		ENDIF43
	R	 1111 111R RRRR 0BBB	29
	B	 1111 1111 1101 0BBB	7
0014CE	FFD7	SBRS SYSINTEGERTEMPB_H,7
	K	 1100 KKKK KKKK KKKK	9
0014CF	C009	RJMP ENDIF44
	D	 0010 11RD DDDD RRRR	10
	R	 0010 11R0 1010 RRRR	28
0014D0	2EAC	MOV SYSTEMP2,SYSINTEGERTEMPB
	D	 0010 11RD DDDD RRRR	11
	R	 0010 11R0 1011 RRRR	29
0014D1	2EBD	MOV SYSTEMP2_H,SYSINTEGERTEMPB_H
	D	 1001 010D DDDD 0000	10
0014D2	94A0	COM SYSTEMP2
	D	 1001 010D DDDD 0000	11
0014D3	94B0	COM SYSTEMP2_H
	D	 1001 010D DDDD 0011	10
0014D4	94A3	INC SYSTEMP2
	K	 1111 01KK KKKK K001	1
0014D5	F409	BRNE PC + 2
	D	 1001 010D DDDD 0011	11
0014D6	94B3	INC SYSTEMP2_H
	D	 0010 11RD DDDD RRRR	28
	R	 0010 11R1 1100 RRRR	10
0014D7	2DCA	MOV SYSINTEGERTEMPB,SYSTEMP2
	D	 0010 11RD DDDD RRRR	29
	R	 0010 11R1 1101 RRRR	11
0014D8	2DDB	MOV SYSINTEGERTEMPB_H,SYSTEMP2_H
		ENDIF44
	K	 1101 KKKK KKKK KKKK	3848
0014D9	DF08	RCALL SYSDIVSUB16
	R	 1111 111R RRRR 0BBB	4
	B	 1111 1110 0100 0BBB	7
0014DA	FE47	SBRS SYSSIGNBYTE,7
	K	 1100 KKKK KKKK KKKK	18
0014DB	C012	RJMP ENDIF45
	D	 0010 11RD DDDD RRRR	10
	R	 0010 11R0 1010 RRRR	22
0014DC	2EA6	MOV SYSTEMP2,SYSINTEGERTEMPA
	D	 0010 11RD DDDD RRRR	11
	R	 0010 11R0 1011 RRRR	23
0014DD	2EB7	MOV SYSTEMP2_H,SYSINTEGERTEMPA_H
	D	 1001 010D DDDD 0000	10
0014DE	94A0	COM SYSTEMP2
	D	 1001 010D DDDD 0000	11
0014DF	94B0	COM SYSTEMP2_H
	D	 1001 010D DDDD 0011	10
0014E0	94A3	INC SYSTEMP2
	K	 1111 01KK KKKK K001	1
0014E1	F409	BRNE PC + 2
	D	 1001 010D DDDD 0011	11
0014E2	94B3	INC SYSTEMP2_H
	D	 0010 11RD DDDD RRRR	22
	R	 0010 11R1 0110 RRRR	10
0014E3	2D6A	MOV SYSINTEGERTEMPA,SYSTEMP2
	D	 0010 11RD DDDD RRRR	23
	R	 0010 11R1 0111 RRRR	11
0014E4	2D7B	MOV SYSINTEGERTEMPA_H,SYSTEMP2_H
	D	 0010 11RD DDDD RRRR	10
	R	 0010 11R0 1010 RRRR	0
0014E5	2CA0	MOV SYSTEMP2,SYSINTEGERTEMPX
	D	 0010 11RD DDDD RRRR	11
	R	 0010 11R0 1011 RRRR	1
0014E6	2CB1	MOV SYSTEMP2_H,SYSINTEGERTEMPX_H
	D	 1001 010D DDDD 0000	10
0014E7	94A0	COM SYSTEMP2
	D	 1001 010D DDDD 0000	11
0014E8	94B0	COM SYSTEMP2_H
	D	 1001 010D DDDD 0011	10
0014E9	94A3	INC SYSTEMP2
	K	 1111 01KK KKKK K001	1
0014EA	F409	BRNE PC + 2
	D	 1001 010D DDDD 0011	11
0014EB	94B3	INC SYSTEMP2_H
	D	 0010 11RD DDDD RRRR	0
	R	 0010 11R0 0000 RRRR	10
0014EC	2C0A	MOV SYSINTEGERTEMPX,SYSTEMP2
	D	 0010 11RD DDDD RRRR	1
	R	 0010 11R0 0001 RRRR	11
0014ED	2C1B	MOV SYSINTEGERTEMPX_H,SYSTEMP2_H
		ENDIF45
0014EE	9508	RET


		SYSMULTSUB16
	D	 0010 11RD DDDD RRRR	24
	R	 0010 11R1 1000 RRRR	22
0014EF	2F86	MOV SYSDIVMULTA,SYSWORDTEMPA
	D	 0010 11RD DDDD RRRR	25
	R	 0010 11R1 1001 RRRR	23
0014F0	2F97	MOV SYSDIVMULTA_H,SYSWORDTEMPA_H
	D	 0010 11RD DDDD RRRR	30
	R	 0010 11R1 1110 RRRR	28
0014F1	2FEC	MOV SYSDIVMULTB,SYSWORDTEMPB
	D	 0010 11RD DDDD RRRR	31
	R	 0010 11R1 1111 RRRR	29
0014F2	2FFD	MOV SYSDIVMULTB_H,SYSWORDTEMPB_H
	D	 1110 KKKK DDDD KKKK	21
	K	 1110 KKKK 0101 KKKK	0
0014F3	E050	LDI SYSVALUECOPY,0
	D	 0010 11RD DDDD RRRR	2
	R	 0010 11R0 0010 RRRR	21
0014F4	2E25	MOV SYSDIVMULTX,SYSVALUECOPY
	D	 1110 KKKK DDDD KKKK	21
	K	 1110 KKKK 0101 KKKK	0
0014F5	E050	LDI SYSVALUECOPY,0
	D	 0010 11RD DDDD RRRR	3
	R	 0010 11R0 0011 RRRR	21
0014F6	2E35	MOV SYSDIVMULTX_H,SYSVALUECOPY
		MUL16LOOP
	R	 1111 111R RRRR 0BBB	30
	B	 1111 1111 1110 0BBB	0
0014F7	FFE0	SBRS SYSDIVMULTB,0
	K	 1100 KKKK KKKK KKKK	6
0014F8	C006	RJMP ENDIF36
	D	 0010 11RD DDDD RRRR	6
	R	 0010 11R0 0110 RRRR	2
0014F9	2C62	MOV SYSTEMP1,SYSDIVMULTX
	D	 0000 11RD DDDD RRRR	6
	R	 0000 11R0 0110 RRRR	24
0014FA	0E68	ADD SYSTEMP1,SYSDIVMULTA
	D	 0010 11RD DDDD RRRR	2
	R	 0010 11R0 0010 RRRR	6
0014FB	2C26	MOV SYSDIVMULTX,SYSTEMP1
	D	 0010 11RD DDDD RRRR	6
	R	 0010 11R0 0110 RRRR	3
0014FC	2C63	MOV SYSTEMP1,SYSDIVMULTX_H
	D	 0001 11RD DDDD RRRR	6
	R	 0001 11R0 0110 RRRR	25
0014FD	1E69	ADC SYSTEMP1,SYSDIVMULTA_H
	D	 0010 11RD DDDD RRRR	3
	R	 0010 11R0 0011 RRRR	6
0014FE	2C36	MOV SYSDIVMULTX_H,SYSTEMP1
		ENDIF36
0014FF	9488	CLC
	D	 1001 010D DDDD 0111	31
001500	95F7	ROR SYSDIVMULTB_H
	D	 1001 010D DDDD 0111	30
001501	95E7	ROR SYSDIVMULTB
001502	9488	CLC
	D	 0001 11RD DDDD RRRR	24
	R	 0001 11R1 1000 RRRR	24
001503	1F88	ROL SYSDIVMULTA
	D	 0001 11RD DDDD RRRR	25
	R	 0001 11R1 1001 RRRR	25
001504	1F99	ROL SYSDIVMULTA_H
	D	 0010 11RD DDDD RRRR	28
	R	 0010 11R1 1100 RRRR	30
001505	2FCE	MOV SYSWORDTEMPB,SYSDIVMULTB
	D	 0010 11RD DDDD RRRR	29
	R	 0010 11R1 1101 RRRR	31
001506	2FDF	MOV SYSWORDTEMPB_H,SYSDIVMULTB_H
	D	 1110 KKKK DDDD KKKK	22
	K	 1110 KKKK 0110 KKKK	0
001507	E060	LDI SYSWORDTEMPA,0
	D	 1110 KKKK DDDD KKKK	23
	K	 1110 KKKK 0111 KKKK	0
001508	E070	LDI SYSWORDTEMPA_H,0
	K	 1101 KKKK KKKK KKKK	3735
001509	DE97	RCALL SYSCOMPLESSTHAN16
	R	 1111 110R RRRR 0BBB	0
	B	 1111 1100 0000 0BBB	0
00150A	FC00	SBRC SYSBYTETEMPX,0
	K	 1100 KKKK KKKK KKKK	4075
00150B	CFEB	RJMP MUL16LOOP
	D	 0010 11RD DDDD RRRR	0
	R	 0010 11R0 0000 RRRR	2
00150C	2C02	MOV SYSWORDTEMPX,SYSDIVMULTX
	D	 0010 11RD DDDD RRRR	1
	R	 0010 11R0 0001 RRRR	3
00150D	2C13	MOV SYSWORDTEMPX_H,SYSDIVMULTX_H
00150E	9508	RET


		SYSMULTSUBINT
	D	 0010 11RD DDDD RRRR	6
	R	 0010 11R0 0110 RRRR	29
00150F	2E6D	MOV SYSTEMP1,SYSINTEGERTEMPB_H
	D	 0010 01RD DDDD RRRR	6
	R	 0010 01R0 0110 RRRR	23
001510	2667	EOR SYSTEMP1,SYSINTEGERTEMPA_H
	D	 0010 11RD DDDD RRRR	4
	R	 0010 11R0 0100 RRRR	6
001511	2C46	MOV SYSSIGNBYTE,SYSTEMP1
	R	 1111 111R RRRR 0BBB	23
	B	 1111 1111 0111 0BBB	7
001512	FF77	SBRS SYSINTEGERTEMPA_H,7
	K	 1100 KKKK KKKK KKKK	9
001513	C009	RJMP ENDIF38
	D	 0010 11RD DDDD RRRR	10
	R	 0010 11R0 1010 RRRR	22
001514	2EA6	MOV SYSTEMP2,SYSINTEGERTEMPA
	D	 0010 11RD DDDD RRRR	11
	R	 0010 11R0 1011 RRRR	23
001515	2EB7	MOV SYSTEMP2_H,SYSINTEGERTEMPA_H
	D	 1001 010D DDDD 0000	10
001516	94A0	COM SYSTEMP2
	D	 1001 010D DDDD 0000	11
001517	94B0	COM SYSTEMP2_H
	D	 1001 010D DDDD 0011	10
001518	94A3	INC SYSTEMP2
	K	 1111 01KK KKKK K001	1
001519	F409	BRNE PC + 2
	D	 1001 010D DDDD 0011	11
00151A	94B3	INC SYSTEMP2_H
	D	 0010 11RD DDDD RRRR	22
	R	 0010 11R1 0110 RRRR	10
00151B	2D6A	MOV SYSINTEGERTEMPA,SYSTEMP2
	D	 0010 11RD DDDD RRRR	23
	R	 0010 11R1 0111 RRRR	11
00151C	2D7B	MOV SYSINTEGERTEMPA_H,SYSTEMP2_H
		ENDIF38
	R	 1111 111R RRRR 0BBB	29
	B	 1111 1111 1101 0BBB	7
00151D	FFD7	SBRS SYSINTEGERTEMPB_H,7
	K	 1100 KKKK KKKK KKKK	9
00151E	C009	RJMP ENDIF39
	D	 0010 11RD DDDD RRRR	10
	R	 0010 11R0 1010 RRRR	28
00151F	2EAC	MOV SYSTEMP2,SYSINTEGERTEMPB
	D	 0010 11RD DDDD RRRR	11
	R	 0010 11R0 1011 RRRR	29
001520	2EBD	MOV SYSTEMP2_H,SYSINTEGERTEMPB_H
	D	 1001 010D DDDD 0000	10
001521	94A0	COM SYSTEMP2
	D	 1001 010D DDDD 0000	11
001522	94B0	COM SYSTEMP2_H
	D	 1001 010D DDDD 0011	10
001523	94A3	INC SYSTEMP2
	K	 1111 01KK KKKK K001	1
001524	F409	BRNE PC + 2
	D	 1001 010D DDDD 0011	11
001525	94B3	INC SYSTEMP2_H
	D	 0010 11RD DDDD RRRR	28
	R	 0010 11R1 1100 RRRR	10
001526	2DCA	MOV SYSINTEGERTEMPB,SYSTEMP2
	D	 0010 11RD DDDD RRRR	29
	R	 0010 11R1 1101 RRRR	11
001527	2DDB	MOV SYSINTEGERTEMPB_H,SYSTEMP2_H
		ENDIF39
	K	 1101 KKKK KKKK KKKK	4038
001528	DFC6	RCALL SYSMULTSUB16
	R	 1111 111R RRRR 0BBB	4
	B	 1111 1110 0100 0BBB	7
001529	FE47	SBRS SYSSIGNBYTE,7
	K	 1100 KKKK KKKK KKKK	9
00152A	C009	RJMP ENDIF40
	D	 0010 11RD DDDD RRRR	10
	R	 0010 11R0 1010 RRRR	0
00152B	2CA0	MOV SYSTEMP2,SYSINTEGERTEMPX
	D	 0010 11RD DDDD RRRR	11
	R	 0010 11R0 1011 RRRR	1
00152C	2CB1	MOV SYSTEMP2_H,SYSINTEGERTEMPX_H
	D	 1001 010D DDDD 0000	10
00152D	94A0	COM SYSTEMP2
	D	 1001 010D DDDD 0000	11
00152E	94B0	COM SYSTEMP2_H
	D	 1001 010D DDDD 0011	10
00152F	94A3	INC SYSTEMP2
	K	 1111 01KK KKKK K001	1
001530	F409	BRNE PC + 2
	D	 1001 010D DDDD 0011	11
001531	94B3	INC SYSTEMP2_H
	D	 0010 11RD DDDD RRRR	0
	R	 0010 11R0 0000 RRRR	10
001532	2C0A	MOV SYSINTEGERTEMPX,SYSTEMP2
	D	 0010 11RD DDDD RRRR	1
	R	 0010 11R0 0001 RRRR	11
001533	2C1B	MOV SYSINTEGERTEMPX_H,SYSTEMP2_H
		ENDIF40
001534	9508	RET


		SYSREADSTRING
001535	95C8	LPM
	D	 0010 11RD DDDD RRRR	22
	R	 0010 11R1 0110 RRRR	0
001536	2D60	MOV SYSCALCTEMPA, SYSCALCTEMPX
	D	 1001 010D DDDD 0011	30
001537	95E3	INC SYSREADA
	K	 1111 01KK KKKK K001	1
001538	F409	BRNE PC + 2
	D	 1001 010D DDDD 0011	31
001539	95F3	INC SYSREADA_H
	D	 100D 001R RRRR DDDD	25
	R	 1001 001R RRRR 1001	22
00153A	9369	ST Y+, SYSCALCTEMPA
	K	 1100 KKKK KKKK KKKK	6
00153B	C006	RJMP SYSSTRINGREADCHECK
		SYSREADSTRINGPART
00153C	95C8	LPM
	D	 0010 11RD DDDD RRRR	22
	R	 0010 11R1 0110 RRRR	0
00153D	2D60	MOV SYSCALCTEMPA, SYSCALCTEMPX
	D	 1001 010D DDDD 0011	30
00153E	95E3	INC SYSREADA
	K	 1111 01KK KKKK K001	1
00153F	F409	BRNE PC + 2
	D	 1001 010D DDDD 0011	31
001540	95F3	INC SYSREADA_H
	D	 0000 11RD DDDD RRRR	25
	R	 0000 11R1 1001 RRRR	22
001541	0F96	ADD SYSSTRINGLENGTH, SYSCALCTEMPA
		SYSSTRINGREADCHECK
	D	 0011 KKKK DDDD KKKK	22
	K	 0011 KKKK 0110 KKKK	0
001542	3060	CPI SYSCALCTEMPA, 0
	K	 1111 01KK KKKK K001	1
001543	F409	BRNE SYSSTRINGREAD
001544	9508	RET
		SYSSTRINGREAD
001545	95C8	LPM
	D	 1001 010D DDDD 0011	30
001546	95E3	INC SYSREADA
	K	 1111 01KK KKKK K001	1
001547	F409	BRNE PC + 2
	D	 1001 010D DDDD 0011	31
001548	95F3	INC SYSREADA_H
	D	 100D 001R RRRR DDDD	25
	R	 1001 001R RRRR 1001	0
001549	9209	ST Y+, SYSCALCTEMPX
	D	 1001 010D DDDD 1010	22
00154A	956A	DEC SYSCALCTEMPA
	K	 1111 01KK KKKK K001	121
00154B	F7C9	BRNE SYSSTRINGREAD
00154C	9508	RET


		SYSSTRINGTABLES

		STRINGTABLE1
00154D	5008 6972 746E 7453 0072	RAW 5008,6972,746E,7453,0072


		STRINGTABLE2
001552	4001	RAW 4001


		STRINGTABLE3
001553	4D03 7A68	RAW 4D03,7A68


		STRINGTABLE4
001555	4407 6172 5377 7274	RAW 4407,6172,5377,7274


		STRINGTABLE5
001559	6801	RAW 6801


		STRINGTABLE52
00155A	2001	RAW 2001


		STRINGTABLE93
00155B	0000	RAW 0000



		WRITE_COMMAND_SSD1309
	K	 1101 KKKK KKKK KKKK	2735
00155C	DAAF	RCALL I2CSTART
	D	 1110 KKKK DDDD KKKK	21
	K	 1110 KKKK 0101 KKKK	120
00155D	E758	LDI SYSVALUECOPY,120
	K	1001 001D DDDD 0000:KKKK KKKK KKKK KKKK	1448
	D	1001 001D DDDD 0000:0000 0101 1010 1000	21
00155E	9350 05A8	STS I2CBYTE,SYSVALUECOPY
	K	 1101 KKKK KKKK KKKK	2678
001560	DA76	RCALL I2CSEND
	D	 1110 KKKK DDDD KKKK	21
	K	 1110 KKKK 0101 KKKK	0
001561	E050	LDI SYSVALUECOPY,0
	K	1001 001D DDDD 0000:KKKK KKKK KKKK KKKK	1448
	D	1001 001D DDDD 0000:0000 0101 1010 1000	21
001562	9350 05A8	STS I2CBYTE,SYSVALUECOPY
	K	 1101 KKKK KKKK KKKK	2674
001564	DA72	RCALL I2CSEND
	D	1001 000D DDDD 0000:KKKK KKKK KKKK KKKK	21
	K	1001 0001 0101 0000:KKKK KKKK KKKK KKKK	1504
001565	9150 05E0	LDS SYSVALUECOPY,SSD1309SENDBYTE
	K	1001 001D DDDD 0000:KKKK KKKK KKKK KKKK	1448
	D	1001 001D DDDD 0000:0000 0101 1010 1000	21
001567	9350 05A8	STS I2CBYTE,SYSVALUECOPY
	K	 1101 KKKK KKKK KKKK	2669
001569	DA6D	RCALL I2CSEND
	K	 1100 KKKK KKKK KKKK	2728
00156A	CAA8	RJMP I2CSTOP


		WRITE_DATA_SSD1309
	K	 1101 KKKK KKKK KKKK	2720
00156B	DAA0	RCALL I2CSTART
	D	 1110 KKKK DDDD KKKK	21
	K	 1110 KKKK 0101 KKKK	120
00156C	E758	LDI SYSVALUECOPY,120
	K	1001 001D DDDD 0000:KKKK KKKK KKKK KKKK	1448
	D	1001 001D DDDD 0000:0000 0101 1010 1000	21
00156D	9350 05A8	STS I2CBYTE,SYSVALUECOPY
	K	 1101 KKKK KKKK KKKK	2663
00156F	DA67	RCALL I2CSEND
	D	 1110 KKKK DDDD KKKK	21
	K	 1110 KKKK 0101 KKKK	64
001570	E450	LDI SYSVALUECOPY,64
	K	1001 001D DDDD 0000:KKKK KKKK KKKK KKKK	1448
	D	1001 001D DDDD 0000:0000 0101 1010 1000	21
001571	9350 05A8	STS I2CBYTE,SYSVALUECOPY
	K	 1101 KKKK KKKK KKKK	2659
001573	DA63	RCALL I2CSEND
	D	1001 000D DDDD 0000:KKKK KKKK KKKK KKKK	21
	K	1001 0001 0101 0000:KKKK KKKK KKKK KKKK	1504
001574	9150 05E0	LDS SYSVALUECOPY,SSD1309SENDBYTE
	K	1001 001D DDDD 0000:KKKK KKKK KKKK KKKK	1448
	D	1001 001D DDDD 0000:0000 0101 1010 1000	21
001576	9350 05A8	STS I2CBYTE,SYSVALUECOPY
	K	 1101 KKKK KKKK KKKK	2654
001578	DA5E	RCALL I2CSEND
	K	 1100 KKKK KKKK KKKK	2713
001579	CA99	RJMP I2CSTOP


		FN__HEXPICAS
	D	 1110 KKKK DDDD KKKK	21
	K	 1110 KKKK 0101 KKKK	2
00157A	E052	LDI SYSVALUECOPY,2
	K	1001 001D DDDD 0000:KKKK KKKK KKKK KKKK	1389
	D	1001 001D DDDD 0000:0000 0101 0110 1101	21
00157B	9350 056D	STS SYS_HEXPICAS_0,SYSVALUECOPY
	D	 1110 KKKK DDDD KKKK	16
	K	 1110 KKKK 0000 KKKK	15
00157D	E00F	LDI SYSTEMP3,15
	D	1001 000D DDDD 0000:KKKK KKKK KKKK KKKK	6
	K	1001 0000 0110 0000:KKKK KKKK KKKK KKKK	1546
00157E	9060 060A	LDS SYSTEMP1,SYSVALTEMP
	D	 0010 00RD DDDD RRRR	6
	R	 0010 00R0 0110 RRRR	16
001580	2260	AND SYSTEMP1,SYSTEMP3
	K	1001 001D DDDD 0000:KKKK KKKK KKKK KKKK	1540
	D	1001 001D DDDD 0000:0000 0110 0000 0100	6
001581	9260 0604	STS SYSSTRINGTEMP,SYSTEMP1
	D	 1110 KKKK DDDD KKKK	22
	K	 1110 KKKK 0110 KKKK	9
001583	E069	LDI SYSCALCTEMPA,9
	D	1001 000D DDDD 0000:KKKK KKKK KKKK KKKK	28
	K	1001 0001 1100 0000:KKKK KKKK KKKK KKKK	1540
001584	91C0 0604	LDS SYSCALCTEMPB,SYSSTRINGTEMP
	D	 0001 01RD DDDD RRRR	22
	R	 0001 01R1 0110 RRRR	28
001586	176C	CP SYSCALCTEMPA,SYSCALCTEMPB
	K	 1111 01KK KKKK K000	6
001587	F430	BRSH ENDIF23
	D	1001 000D DDDD 0000:KKKK KKKK KKKK KKKK	6
	K	1001 0000 0110 0000:KKKK KKKK KKKK KKKK	1540
001588	9060 0604	LDS SYSTEMP1,SYSSTRINGTEMP
	D	 1110 KKKK DDDD KKKK	16
	K	 1110 KKKK 0000 KKKK	7
00158A	E007	LDI SYSTEMP3,7
	D	 0000 11RD DDDD RRRR	6
	R	 0000 11R0 0110 RRRR	16
00158B	0E60	ADD SYSTEMP1,SYSTEMP3
	K	1001 001D DDDD 0000:KKKK KKKK KKKK KKKK	1540
	D	1001 001D DDDD 0000:0000 0110 0000 0100	6
00158C	9260 0604	STS SYSSTRINGTEMP,SYSTEMP1
		ENDIF23
	D	1001 000D DDDD 0000:KKKK KKKK KKKK KKKK	6
	K	1001 0000 0110 0000:KKKK KKKK KKKK KKKK	1540
00158E	9060 0604	LDS SYSTEMP1,SYSSTRINGTEMP
	D	 1110 KKKK DDDD KKKK	16
	K	 1110 KKKK 0000 KKKK	48
001590	E300	LDI SYSTEMP3,48
	D	 0000 11RD DDDD RRRR	6
	R	 0000 11R0 0110 RRRR	16
001591	0E60	ADD SYSTEMP1,SYSTEMP3
	K	1001 001D DDDD 0000:KKKK KKKK KKKK KKKK	1391
	D	1001 001D DDDD 0000:0000 0101 0110 1111	6
001592	9260 056F	STS SYS_HEXPICAS_2,SYSTEMP1
	D	 1110 KKKK DDDD KKKK	21
	K	 1110 KKKK 0101 KKKK	0
001594	E050	LDI SYSVALUECOPY,0
	K	1001 001D DDDD 0000:KKKK KKKK KKKK KKKK	1540
	D	1001 001D DDDD 0000:0000 0110 0000 0100	21
001595	9350 0604	STS SYSSTRINGTEMP,SYSVALUECOPY
		SYSFORLOOP9
	D	1001 000D DDDD 0000:KKKK KKKK KKKK KKKK	6
	K	1001 0000 0110 0000:KKKK KKKK KKKK KKKK	1540
001597	9060 0604	LDS SYSTEMP1,SYSSTRINGTEMP
	D	 1001 010D DDDD 0011	6
001599	9463	INC SYSTEMP1
	K	1001 001D DDDD 0000:KKKK KKKK KKKK KKKK	1540
	D	1001 001D DDDD 0000:0000 0110 0000 0100	6
00159A	9260 0604	STS SYSSTRINGTEMP,SYSTEMP1
	D	1001 000D DDDD 0000:KKKK KKKK KKKK KKKK	21
	K	1001 0001 0101 0000:KKKK KKKK KKKK KKKK	1546
00159C	9150 060A	LDS SYSVALUECOPY,SYSVALTEMP
	D	 1001 010D DDDD 0111	21
00159E	9557	ROR SYSVALUECOPY
	K	1001 001D DDDD 0000:KKKK KKKK KKKK KKKK	1546
	D	1001 001D DDDD 0000:0000 0110 0000 1010	21
00159F	9350 060A	STS SYSVALTEMP,SYSVALUECOPY
	D	1001 000D DDDD 0000:KKKK KKKK KKKK KKKK	22
	K	1001 0001 0110 0000:KKKK KKKK KKKK KKKK	1540
0015A1	9160 0604	LDS SYSCALCTEMPA,SYSSTRINGTEMP
	D	 0011 KKKK DDDD KKKK	22
	K	 0011 KKKK 0110 KKKK	4
0015A3	3064	CPI SYSCALCTEMPA,4
	K	 1111 00KK KKKK K000	114
0015A4	F390	BRLO SYSFORLOOP9
		SYSFORLOOPEND9
	D	 1110 KKKK DDDD KKKK	16
	K	 1110 KKKK 0000 KKKK	15
0015A5	E00F	LDI SYSTEMP3,15
	D	1001 000D DDDD 0000:KKKK KKKK KKKK KKKK	6
	K	1001 0000 0110 0000:KKKK KKKK KKKK KKKK	1546
0015A6	9060 060A	LDS SYSTEMP1,SYSVALTEMP
	D	 0010 00RD DDDD RRRR	6
	R	 0010 00R0 0110 RRRR	16
0015A8	2260	AND SYSTEMP1,SYSTEMP3
	K	1001 001D DDDD 0000:KKKK KKKK KKKK KKKK	1540
	D	1001 001D DDDD 0000:0000 0110 0000 0100	6
0015A9	9260 0604	STS SYSSTRINGTEMP,SYSTEMP1
	D	 1110 KKKK DDDD KKKK	22
	K	 1110 KKKK 0110 KKKK	9
0015AB	E069	LDI SYSCALCTEMPA,9
	D	1001 000D DDDD 0000:KKKK KKKK KKKK KKKK	28
	K	1001 0001 1100 0000:KKKK KKKK KKKK KKKK	1540
0015AC	91C0 0604	LDS SYSCALCTEMPB,SYSSTRINGTEMP
	D	 0001 01RD DDDD RRRR	22
	R	 0001 01R1 0110 RRRR	28
0015AE	176C	CP SYSCALCTEMPA,SYSCALCTEMPB
	K	 1111 01KK KKKK K000	6
0015AF	F430	BRSH ENDIF25
	D	1001 000D DDDD 0000:KKKK KKKK KKKK KKKK	6
	K	1001 0000 0110 0000:KKKK KKKK KKKK KKKK	1540
0015B0	9060 0604	LDS SYSTEMP1,SYSSTRINGTEMP
	D	 1110 KKKK DDDD KKKK	16
	K	 1110 KKKK 0000 KKKK	7
0015B2	E007	LDI SYSTEMP3,7
	D	 0000 11RD DDDD RRRR	6
	R	 0000 11R0 0110 RRRR	16
0015B3	0E60	ADD SYSTEMP1,SYSTEMP3
	K	1001 001D DDDD 0000:KKKK KKKK KKKK KKKK	1540
	D	1001 001D DDDD 0000:0000 0110 0000 0100	6
0015B4	9260 0604	STS SYSSTRINGTEMP,SYSTEMP1
		ENDIF25
	D	1001 000D DDDD 0000:KKKK KKKK KKKK KKKK	6
	K	1001 0000 0110 0000:KKKK KKKK KKKK KKKK	1540
0015B6	9060 0604	LDS SYSTEMP1,SYSSTRINGTEMP
	D	 1110 KKKK DDDD KKKK	16
	K	 1110 KKKK 0000 KKKK	48
0015B8	E300	LDI SYSTEMP3,48
	D	 0000 11RD DDDD RRRR	6
	R	 0000 11R0 0110 RRRR	16
0015B9	0E60	ADD SYSTEMP1,SYSTEMP3
	K	1001 001D DDDD 0000:KKKK KKKK KKKK KKKK	1390
	D	1001 001D DDDD 0000:0000 0101 0110 1110	6
0015BA	9260 056E	STS SYS_HEXPICAS_1,SYSTEMP1
0015BC	9508	RET


		_LINE70
	D	 1110 KKKK DDDD KKKK	21
	K	 1110 KKKK 0101 KKKK	0
0015BD	E050	LDI SYSVALUECOPY,0
	K	1001 001D DDDD 0000:KKKK KKKK KKKK KKKK	1463
	D	1001 001D DDDD 0000:0000 0101 1011 0111	21
0015BE	9350 05B7	STS LINEDIFFX,SYSVALUECOPY
	K	1001 001D DDDD 0000:KKKK KKKK KKKK KKKK	1464
	D	1001 001D DDDD 0000:0000 0101 1011 1000	21
0015C0	9350 05B8	STS LINEDIFFX_H,SYSVALUECOPY
	D	 1110 KKKK DDDD KKKK	21
	K	 1110 KKKK 0101 KKKK	0
0015C2	E050	LDI SYSVALUECOPY,0
	K	1001 001D DDDD 0000:KKKK KKKK KKKK KKKK	1467
	D	1001 001D DDDD 0000:0000 0101 1011 1011	21
0015C3	9350 05BB	STS LINEDIFFY,SYSVALUECOPY
	K	1001 001D DDDD 0000:KKKK KKKK KKKK KKKK	1468
	D	1001 001D DDDD 0000:0000 0101 1011 1100	21
0015C5	9350 05BC	STS LINEDIFFY_H,SYSVALUECOPY
	D	 1110 KKKK DDDD KKKK	21
	K	 1110 KKKK 0101 KKKK	0
0015C7	E050	LDI SYSVALUECOPY,0
	K	1001 001D DDDD 0000:KKKK KKKK KKKK KKKK	1473
	D	1001 001D DDDD 0000:0000 0101 1100 0001	21
0015C8	9350 05C1	STS LINESTEPX,SYSVALUECOPY
	K	1001 001D DDDD 0000:KKKK KKKK KKKK KKKK	1474
	D	1001 001D DDDD 0000:0000 0101 1100 0010	21
0015CA	9350 05C2	STS LINESTEPX_H,SYSVALUECOPY
	D	 1110 KKKK DDDD KKKK	21
	K	 1110 KKKK 0101 KKKK	0
0015CC	E050	LDI SYSVALUECOPY,0
	K	1001 001D DDDD 0000:KKKK KKKK KKKK KKKK	1475
	D	1001 001D DDDD 0000:0000 0101 1100 0011	21
0015CD	9350 05C3	STS LINESTEPY,SYSVALUECOPY
	K	1001 001D DDDD 0000:KKKK KKKK KKKK KKKK	1476
	D	1001 001D DDDD 0000:0000 0101 1100 0100	21
0015CF	9350 05C4	STS LINESTEPY_H,SYSVALUECOPY
	D	 1110 KKKK DDDD KKKK	21
	K	 1110 KKKK 0101 KKKK	0
0015D1	E050	LDI SYSVALUECOPY,0
	K	1001 001D DDDD 0000:KKKK KKKK KKKK KKKK	1465
	D	1001 001D DDDD 0000:0000 0101 1011 1001	21
0015D2	9350 05B9	STS LINEDIFFX_X2,SYSVALUECOPY
	K	1001 001D DDDD 0000:KKKK KKKK KKKK KKKK	1466
	D	1001 001D DDDD 0000:0000 0101 1011 1010	21
0015D4	9350 05BA	STS LINEDIFFX_X2_H,SYSVALUECOPY
	D	 1110 KKKK DDDD KKKK	21
	K	 1110 KKKK 0101 KKKK	0
0015D6	E050	LDI SYSVALUECOPY,0
	K	1001 001D DDDD 0000:KKKK KKKK KKKK KKKK	1469
	D	1001 001D DDDD 0000:0000 0101 1011 1101	21
0015D7	9350 05BD	STS LINEDIFFY_X2,SYSVALUECOPY
	K	1001 001D DDDD 0000:KKKK KKKK KKKK KKKK	1470
	D	1001 001D DDDD 0000:0000 0101 1011 1110	21
0015D9	9350 05BE	STS LINEDIFFY_X2_H,SYSVALUECOPY
	D	 1110 KKKK DDDD KKKK	21
	K	 1110 KKKK 0101 KKKK	0
0015DB	E050	LDI SYSVALUECOPY,0
	K	1001 001D DDDD 0000:KKKK KKKK KKKK KKKK	1471
	D	1001 001D DDDD 0000:0000 0101 1011 1111	21
0015DC	9350 05BF	STS LINEERR,SYSVALUECOPY
	K	1001 001D DDDD 0000:KKKK KKKK KKKK KKKK	1472
	D	1001 001D DDDD 0000:0000 0101 1100 0000	21
0015DE	9350 05C0	STS LINEERR_H,SYSVALUECOPY
	D	1001 000D DDDD 0000:KKKK KKKK KKKK KKKK	6
	K	1001 0000 0110 0000:KKKK KKKK KKKK KKKK	1479
0015E0	9060 05C7	LDS SYSTEMP1,LINEX2
	D	1001 000D DDDD 0000:KKKK KKKK KKKK KKKK	10
	K	1001 0000 1010 0000:KKKK KKKK KKKK KKKK	1477
0015E2	90A0 05C5	LDS SYSTEMP2,LINEX1
	D	 0001 10RD DDDD RRRR	6
	R	 0001 10R0 0110 RRRR	10
0015E4	186A	SUB SYSTEMP1,SYSTEMP2
	K	1001 001D DDDD 0000:KKKK KKKK KKKK KKKK	1463
	D	1001 001D DDDD 0000:0000 0101 1011 0111	6
0015E5	9260 05B7	STS LINEDIFFX,SYSTEMP1
	D	1001 000D DDDD 0000:KKKK KKKK KKKK KKKK	6
	K	1001 0000 0110 0000:KKKK KKKK KKKK KKKK	1480
0015E7	9060 05C8	LDS SYSTEMP1,LINEX2_H
	D	1001 000D DDDD 0000:KKKK KKKK KKKK KKKK	10
	K	1001 0000 1010 0000:KKKK KKKK KKKK KKKK	1478
0015E9	90A0 05C6	LDS SYSTEMP2,LINEX1_H
	D	 0000 10RD DDDD RRRR	6
	R	 0000 10R0 0110 RRRR	10
0015EB	086A	SBC SYSTEMP1,SYSTEMP2
	K	1001 001D DDDD 0000:KKKK KKKK KKKK KKKK	1464
	D	1001 001D DDDD 0000:0000 0101 1011 1000	6
0015EC	9260 05B8	STS LINEDIFFX_H,SYSTEMP1
	D	1001 000D DDDD 0000:KKKK KKKK KKKK KKKK	6
	K	1001 0000 0110 0000:KKKK KKKK KKKK KKKK	1483
0015EE	9060 05CB	LDS SYSTEMP1,LINEY2
	D	1001 000D DDDD 0000:KKKK KKKK KKKK KKKK	10
	K	1001 0000 1010 0000:KKKK KKKK KKKK KKKK	1481
0015F0	90A0 05C9	LDS SYSTEMP2,LINEY1
	D	 0001 10RD DDDD RRRR	6
	R	 0001 10R0 0110 RRRR	10
0015F2	186A	SUB SYSTEMP1,SYSTEMP2
	K	1001 001D DDDD 0000:KKKK KKKK KKKK KKKK	1467
	D	1001 001D DDDD 0000:0000 0101 1011 1011	6
0015F3	9260 05BB	STS LINEDIFFY,SYSTEMP1
	D	1001 000D DDDD 0000:KKKK KKKK KKKK KKKK	6
	K	1001 0000 0110 0000:KKKK KKKK KKKK KKKK	1484
0015F5	9060 05CC	LDS SYSTEMP1,LINEY2_H
	D	1001 000D DDDD 0000:KKKK KKKK KKKK KKKK	10
	K	1001 0000 1010 0000:KKKK KKKK KKKK KKKK	1482
0015F7	90A0 05CA	LDS SYSTEMP2,LINEY1_H
	D	 0000 10RD DDDD RRRR	6
	R	 0000 10R0 0110 RRRR	10
0015F9	086A	SBC SYSTEMP1,SYSTEMP2
	K	1001 001D DDDD 0000:KKKK KKKK KKKK KKKK	1468
	D	1001 001D DDDD 0000:0000 0101 1011 1100	6
0015FA	9260 05BC	STS LINEDIFFY_H,SYSTEMP1
	D	1001 000D DDDD 0000:KKKK KKKK KKKK KKKK	28
	K	1001 0001 1100 0000:KKKK KKKK KKKK KKKK	1463
0015FC	91C0 05B7	LDS SYSINTEGERTEMPB,LINEDIFFX
	D	1001 000D DDDD 0000:KKKK KKKK KKKK KKKK	29
	K	1001 0001 1101 0000:KKKK KKKK KKKK KKKK	1464
0015FE	91D0 05B8	LDS SYSINTEGERTEMPB_H,LINEDIFFX_H
	D	 1110 KKKK DDDD KKKK	22
	K	 1110 KKKK 0110 KKKK	0
001600	E060	LDI SYSINTEGERTEMPA,0
	D	 1110 KKKK DDDD KKKK	23
	K	 1110 KKKK 0111 KKKK	0
001601	E070	LDI SYSINTEGERTEMPA_H,0
	K	 1101 KKKK KKKK KKKK	3496
001602	DDA8	RCALL SYSCOMPLESSTHANINT
	R	 1111 111R RRRR 0BBB	0
	B	 1111 1110 0000 0BBB	0
001603	FE00	SBRS SYSBYTETEMPX,0
	K	 1100 KKKK KKKK KKKK	7
001604	C007	RJMP ELSE26_1
	D	 1110 KKKK DDDD KKKK	21
	K	 1110 KKKK 0101 KKKK	1
001605	E051	LDI SYSVALUECOPY,1
	K	1001 001D DDDD 0000:KKKK KKKK KKKK KKKK	1473
	D	1001 001D DDDD 0000:0000 0101 1100 0001	21
001606	9350 05C1	STS LINESTEPX,SYSVALUECOPY
	D	 1110 KKKK DDDD KKKK	21
	K	 1110 KKKK 0101 KKKK	0
001608	E050	LDI SYSVALUECOPY,0
	K	1001 001D DDDD 0000:KKKK KKKK KKKK KKKK	1474
	D	1001 001D DDDD 0000:0000 0101 1100 0010	21
001609	9350 05C2	STS LINESTEPX_H,SYSVALUECOPY
	K	 1100 KKKK KKKK KKKK	5
00160B	C005	RJMP ENDIF26
		ELSE26_1
	D	 1110 KKKK DDDD KKKK	21
	K	 1110 KKKK 0101 KKKK	255
00160C	EF5F	LDI SYSVALUECOPY,255
	K	1001 001D DDDD 0000:KKKK KKKK KKKK KKKK	1473
	D	1001 001D DDDD 0000:0000 0101 1100 0001	21
00160D	9350 05C1	STS LINESTEPX,SYSVALUECOPY
	K	1001 001D DDDD 0000:KKKK KKKK KKKK KKKK	1474
	D	1001 001D DDDD 0000:0000 0101 1100 0010	21
00160F	9350 05C2	STS LINESTEPX_H,SYSVALUECOPY
		ENDIF26
	D	1001 000D DDDD 0000:KKKK KKKK KKKK KKKK	28
	K	1001 0001 1100 0000:KKKK KKKK KKKK KKKK	1467
001611	91C0 05BB	LDS SYSINTEGERTEMPB,LINEDIFFY
	D	1001 000D DDDD 0000:KKKK KKKK KKKK KKKK	29
	K	1001 0001 1101 0000:KKKK KKKK KKKK KKKK	1468
001613	91D0 05BC	LDS SYSINTEGERTEMPB_H,LINEDIFFY_H
	D	 1110 KKKK DDDD KKKK	22
	K	 1110 KKKK 0110 KKKK	0
001615	E060	LDI SYSINTEGERTEMPA,0
	D	 1110 KKKK DDDD KKKK	23
	K	 1110 KKKK 0111 KKKK	0
001616	E070	LDI SYSINTEGERTEMPA_H,0
	K	 1101 KKKK KKKK KKKK	3475
001617	DD93	RCALL SYSCOMPLESSTHANINT
	R	 1111 111R RRRR 0BBB	0
	B	 1111 1110 0000 0BBB	0
001618	FE00	SBRS SYSBYTETEMPX,0
	K	 1100 KKKK KKKK KKKK	7
001619	C007	RJMP ELSE27_1
	D	 1110 KKKK DDDD KKKK	21
	K	 1110 KKKK 0101 KKKK	1
00161A	E051	LDI SYSVALUECOPY,1
	K	1001 001D DDDD 0000:KKKK KKKK KKKK KKKK	1475
	D	1001 001D DDDD 0000:0000 0101 1100 0011	21
00161B	9350 05C3	STS LINESTEPY,SYSVALUECOPY
	D	 1110 KKKK DDDD KKKK	21
	K	 1110 KKKK 0101 KKKK	0
00161D	E050	LDI SYSVALUECOPY,0
	K	1001 001D DDDD 0000:KKKK KKKK KKKK KKKK	1476
	D	1001 001D DDDD 0000:0000 0101 1100 0100	21
00161E	9350 05C4	STS LINESTEPY_H,SYSVALUECOPY
	K	 1100 KKKK KKKK KKKK	5
001620	C005	RJMP ENDIF27
		ELSE27_1
	D	 1110 KKKK DDDD KKKK	21
	K	 1110 KKKK 0101 KKKK	255
001621	EF5F	LDI SYSVALUECOPY,255
	K	1001 001D DDDD 0000:KKKK KKKK KKKK KKKK	1475
	D	1001 001D DDDD 0000:0000 0101 1100 0011	21
001622	9350 05C3	STS LINESTEPY,SYSVALUECOPY
	K	1001 001D DDDD 0000:KKKK KKKK KKKK KKKK	1476
	D	1001 001D DDDD 0000:0000 0101 1100 0100	21
001624	9350 05C4	STS LINESTEPY_H,SYSVALUECOPY
		ENDIF27
	D	1001 000D DDDD 0000:KKKK KKKK KKKK KKKK	22
	K	1001 0001 0110 0000:KKKK KKKK KKKK KKKK	1473
001626	9160 05C1	LDS SYSINTEGERTEMPA,LINESTEPX
	D	1001 000D DDDD 0000:KKKK KKKK KKKK KKKK	23
	K	1001 0001 0111 0000:KKKK KKKK KKKK KKKK	1474
001628	9170 05C2	LDS SYSINTEGERTEMPA_H,LINESTEPX_H
	D	1001 000D DDDD 0000:KKKK KKKK KKKK KKKK	28
	K	1001 0001 1100 0000:KKKK KKKK KKKK KKKK	1463
00162A	91C0 05B7	LDS SYSINTEGERTEMPB,LINEDIFFX
	D	1001 000D DDDD 0000:KKKK KKKK KKKK KKKK	29
	K	1001 0001 1101 0000:KKKK KKKK KKKK KKKK	1464
00162C	91D0 05B8	LDS SYSINTEGERTEMPB_H,LINEDIFFX_H
	K	 1101 KKKK KKKK KKKK	3808
00162E	DEE0	RCALL SYSMULTSUBINT
	K	1001 001D DDDD 0000:KKKK KKKK KKKK KKKK	1463
	D	1001 001D DDDD 0000:0000 0101 1011 0111	0
00162F	9200 05B7	STS LINEDIFFX,SYSINTEGERTEMPX
	K	1001 001D DDDD 0000:KKKK KKKK KKKK KKKK	1464
	D	1001 001D DDDD 0000:0000 0101 1011 1000	1
001631	9210 05B8	STS LINEDIFFX_H,SYSINTEGERTEMPX_H
	D	1001 000D DDDD 0000:KKKK KKKK KKKK KKKK	22
	K	1001 0001 0110 0000:KKKK KKKK KKKK KKKK	1475
001633	9160 05C3	LDS SYSINTEGERTEMPA,LINESTEPY
	D	1001 000D DDDD 0000:KKKK KKKK KKKK KKKK	23
	K	1001 0001 0111 0000:KKKK KKKK KKKK KKKK	1476
001635	9170 05C4	LDS SYSINTEGERTEMPA_H,LINESTEPY_H
	D	1001 000D DDDD 0000:KKKK KKKK KKKK KKKK	28
	K	1001 0001 1100 0000:KKKK KKKK KKKK KKKK	1467
001637	91C0 05BB	LDS SYSINTEGERTEMPB,LINEDIFFY
	D	1001 000D DDDD 0000:KKKK KKKK KKKK KKKK	29
	K	1001 0001 1101 0000:KKKK KKKK KKKK KKKK	1468
001639	91D0 05BC	LDS SYSINTEGERTEMPB_H,LINEDIFFY_H
	K	 1101 KKKK KKKK KKKK	3795
00163B	DED3	RCALL SYSMULTSUBINT
	K	1001 001D DDDD 0000:KKKK KKKK KKKK KKKK	1467
	D	1001 001D DDDD 0000:0000 0101 1011 1011	0
00163C	9200 05BB	STS LINEDIFFY,SYSINTEGERTEMPX
	K	1001 001D DDDD 0000:KKKK KKKK KKKK KKKK	1468
	D	1001 001D DDDD 0000:0000 0101 1011 1100	1
00163E	9210 05BC	STS LINEDIFFY_H,SYSINTEGERTEMPX_H
	D	1001 000D DDDD 0000:KKKK KKKK KKKK KKKK	22
	K	1001 0001 0110 0000:KKKK KKKK KKKK KKKK	1463
001640	9160 05B7	LDS SYSINTEGERTEMPA,LINEDIFFX
	D	1001 000D DDDD 0000:KKKK KKKK KKKK KKKK	23
	K	1001 0001 0111 0000:KKKK KKKK KKKK KKKK	1464
001642	9170 05B8	LDS SYSINTEGERTEMPA_H,LINEDIFFX_H
	D	 1110 KKKK DDDD KKKK	28
	K	 1110 KKKK 1100 KKKK	2
001644	E0C2	LDI SYSINTEGERTEMPB,2
	D	 1110 KKKK DDDD KKKK	29
	K	 1110 KKKK 1101 KKKK	0
001645	E0D0	LDI SYSINTEGERTEMPB_H,0
	K	 1101 KKKK KKKK KKKK	3784
001646	DEC8	RCALL SYSMULTSUBINT
	K	1001 001D DDDD 0000:KKKK KKKK KKKK KKKK	1465
	D	1001 001D DDDD 0000:0000 0101 1011 1001	0
001647	9200 05B9	STS LINEDIFFX_X2,SYSINTEGERTEMPX
	K	1001 001D DDDD 0000:KKKK KKKK KKKK KKKK	1466
	D	1001 001D DDDD 0000:0000 0101 1011 1010	1
001649	9210 05BA	STS LINEDIFFX_X2_H,SYSINTEGERTEMPX_H
	D	1001 000D DDDD 0000:KKKK KKKK KKKK KKKK	22
	K	1001 0001 0110 0000:KKKK KKKK KKKK KKKK	1467
00164B	9160 05BB	LDS SYSINTEGERTEMPA,LINEDIFFY
	D	1001 000D DDDD 0000:KKKK KKKK KKKK KKKK	23
	K	1001 0001 0111 0000:KKKK KKKK KKKK KKKK	1468
00164D	9170 05BC	LDS SYSINTEGERTEMPA_H,LINEDIFFY_H
	D	 1110 KKKK DDDD KKKK	28
	K	 1110 KKKK 1100 KKKK	2
00164F	E0C2	LDI SYSINTEGERTEMPB,2
	D	 1110 KKKK DDDD KKKK	29
	K	 1110 KKKK 1101 KKKK	0
001650	E0D0	LDI SYSINTEGERTEMPB_H,0
	K	 1101 KKKK KKKK KKKK	3773
001651	DEBD	RCALL SYSMULTSUBINT
	K	1001 001D DDDD 0000:KKKK KKKK KKKK KKKK	1469
	D	1001 001D DDDD 0000:0000 0101 1011 1101	0
001652	9200 05BD	STS LINEDIFFY_X2,SYSINTEGERTEMPX
	K	1001 001D DDDD 0000:KKKK KKKK KKKK KKKK	1470
	D	1001 001D DDDD 0000:0000 0101 1011 1110	1
001654	9210 05BE	STS LINEDIFFY_X2_H,SYSINTEGERTEMPX_H
	D	1001 000D DDDD 0000:KKKK KKKK KKKK KKKK	22
	K	1001 0001 0110 0000:KKKK KKKK KKKK KKKK	1463
001656	9160 05B7	LDS SYSINTEGERTEMPA,LINEDIFFX
	D	1001 000D DDDD 0000:KKKK KKKK KKKK KKKK	23
	K	1001 0001 0111 0000:KKKK KKKK KKKK KKKK	1464
001658	9170 05B8	LDS SYSINTEGERTEMPA_H,LINEDIFFX_H
	D	1001 000D DDDD 0000:KKKK KKKK KKKK KKKK	28
	K	1001 0001 1100 0000:KKKK KKKK KKKK KKKK	1467
00165A	91C0 05BB	LDS SYSINTEGERTEMPB,LINEDIFFY
	D	1001 000D DDDD 0000:KKKK KKKK KKKK KKKK	29
	K	1001 0001 1101 0000:KKKK KKKK KKKK KKKK	1468
00165C	91D0 05BC	LDS SYSINTEGERTEMPB_H,LINEDIFFY_H
	K	 1101 KKKK KKKK KKKK	3404
00165E	DD4C	RCALL SYSCOMPLESSTHANINT
	D	 1001 010D DDDD 0000	0
00165F	9400	COM SYSBYTETEMPX
	R	 1111 111R RRRR 0BBB	0
	B	 1111 1110 0000 0BBB	0
001660	FE00	SBRS SYSBYTETEMPX,0
	K	 1100 KKKK KKKK KKKK	136
001661	C088	RJMP ELSE28_1
	D	1001 000D DDDD 0000:KKKK KKKK KKKK KKKK	6
	K	1001 0000 0110 0000:KKKK KKKK KKKK KKKK	1469
001662	9060 05BD	LDS SYSTEMP1,LINEDIFFY_X2
	D	1001 000D DDDD 0000:KKKK KKKK KKKK KKKK	10
	K	1001 0000 1010 0000:KKKK KKKK KKKK KKKK	1463
001664	90A0 05B7	LDS SYSTEMP2,LINEDIFFX
	D	 0001 10RD DDDD RRRR	6
	R	 0001 10R0 0110 RRRR	10
001666	186A	SUB SYSTEMP1,SYSTEMP2
	K	1001 001D DDDD 0000:KKKK KKKK KKKK KKKK	1471
	D	1001 001D DDDD 0000:0000 0101 1011 1111	6
001667	9260 05BF	STS LINEERR,SYSTEMP1
	D	1001 000D DDDD 0000:KKKK KKKK KKKK KKKK	6
	K	1001 0000 0110 0000:KKKK KKKK KKKK KKKK	1470
001669	9060 05BE	LDS SYSTEMP1,LINEDIFFY_X2_H
	D	1001 000D DDDD 0000:KKKK KKKK KKKK KKKK	10
	K	1001 0000 1010 0000:KKKK KKKK KKKK KKKK	1464
00166B	90A0 05B8	LDS SYSTEMP2,LINEDIFFX_H
	D	 0000 10RD DDDD RRRR	6
	R	 0000 10R0 0110 RRRR	10
00166D	086A	SBC SYSTEMP1,SYSTEMP2
	K	1001 001D DDDD 0000:KKKK KKKK KKKK KKKK	1472
	D	1001 001D DDDD 0000:0000 0101 1100 0000	6
00166E	9260 05C0	STS LINEERR_H,SYSTEMP1
		SYSDOLOOP_S5
	D	1001 000D DDDD 0000:KKKK KKKK KKKK KKKK	22
	K	1001 0001 0110 0000:KKKK KKKK KKKK KKKK	1477
001670	9160 05C5	LDS SYSWORDTEMPA,LINEX1
	D	1001 000D DDDD 0000:KKKK KKKK KKKK KKKK	23
	K	1001 0001 0111 0000:KKKK KKKK KKKK KKKK	1478
001672	9170 05C6	LDS SYSWORDTEMPA_H,LINEX1_H
	D	1001 000D DDDD 0000:KKKK KKKK KKKK KKKK	28
	K	1001 0001 1100 0000:KKKK KKKK KKKK KKKK	1479
001674	91C0 05C7	LDS SYSWORDTEMPB,LINEX2
	D	1001 000D DDDD 0000:KKKK KKKK KKKK KKKK	29
	K	1001 0001 1101 0000:KKKK KKKK KKKK KKKK	1480
001676	91D0 05C8	LDS SYSWORDTEMPB_H,LINEX2_H
	K	 1101 KKKK KKKK KKKK	3344
001678	DD10	RCALL SYSCOMPEQUAL16
	D	 1001 010D DDDD 0000	0
001679	9400	COM SYSBYTETEMPX
	R	 1111 111R RRRR 0BBB	0
	B	 1111 1110 0000 0BBB	0
00167A	FE00	SBRS SYSBYTETEMPX,0
	K	 1100 KKKK KKKK KKKK	92
00167B	C05C	RJMP SYSDOLOOP_E5
	D	1001 000D DDDD 0000:KKKK KKKK KKKK KKKK	21
	K	1001 0001 0101 0000:KKKK KKKK KKKK KKKK	1477
00167C	9150 05C5	LDS SYSVALUECOPY,LINEX1
	K	1001 001D DDDD 0000:KKKK KKKK KKKK KKKK	1441
	D	1001 001D DDDD 0000:0000 0101 1010 0001	21
00167E	9350 05A1	STS GLCDX,SYSVALUECOPY
	D	1001 000D DDDD 0000:KKKK KKKK KKKK KKKK	21
	K	1001 0001 0101 0000:KKKK KKKK KKKK KKKK	1481
001680	9150 05C9	LDS SYSVALUECOPY,LINEY1
	K	1001 001D DDDD 0000:KKKK KKKK KKKK KKKK	1442
	D	1001 001D DDDD 0000:0000 0101 1010 0010	21
001682	9350 05A2	STS GLCDY,SYSVALUECOPY
	D	1001 000D DDDD 0000:KKKK KKKK KKKK KKKK	21
	K	1001 0001 0101 0000:KKKK KKKK KKKK KKKK	1459
001684	9150 05B3	LDS SYSVALUECOPY,LINECOLOUR
	K	1001 001D DDDD 0000:KKKK KKKK KKKK KKKK	1426
	D	1001 001D DDDD 0000:0000 0101 1001 0010	21
001686	9350 0592	STS GLCDCOLOUR,SYSVALUECOPY
	D	1001 000D DDDD 0000:KKKK KKKK KKKK KKKK	21
	K	1001 0001 0101 0000:KKKK KKKK KKKK KKKK	1460
001688	9150 05B4	LDS SYSVALUECOPY,LINECOLOUR_H
	K	1001 001D DDDD 0000:KKKK KKKK KKKK KKKK	1427
	D	1001 001D DDDD 0000:0000 0101 1001 0011	21
00168A	9350 0593	STS GLCDCOLOUR_H,SYSVALUECOPY
	K	 1101 KKKK KKKK KKKK	2777
00168C	DAD9	RCALL PSET_SSD1309
	D	1001 000D DDDD 0000:KKKK KKKK KKKK KKKK	6
	K	1001 0000 0110 0000:KKKK KKKK KKKK KKKK	1477
00168D	9060 05C5	LDS SYSTEMP1,LINEX1
	D	1001 000D DDDD 0000:KKKK KKKK KKKK KKKK	10
	K	1001 0000 1010 0000:KKKK KKKK KKKK KKKK	1473
00168F	90A0 05C1	LDS SYSTEMP2,LINESTEPX
	D	 0000 11RD DDDD RRRR	6
	R	 0000 11R0 0110 RRRR	10
001691	0C6A	ADD SYSTEMP1,SYSTEMP2
	K	1001 001D DDDD 0000:KKKK KKKK KKKK KKKK	1477
	D	1001 001D DDDD 0000:0000 0101 1100 0101	6
001692	9260 05C5	STS LINEX1,SYSTEMP1
	D	1001 000D DDDD 0000:KKKK KKKK KKKK KKKK	6
	K	1001 0000 0110 0000:KKKK KKKK KKKK KKKK	1478
001694	9060 05C6	LDS SYSTEMP1,LINEX1_H
	D	1001 000D DDDD 0000:KKKK KKKK KKKK KKKK	10
	K	1001 0000 1010 0000:KKKK KKKK KKKK KKKK	1474
001696	90A0 05C2	LDS SYSTEMP2,LINESTEPX_H
	D	 0001 11RD DDDD RRRR	6
	R	 0001 11R0 0110 RRRR	10
001698	1C6A	ADC SYSTEMP1,SYSTEMP2
	K	1001 001D DDDD 0000:KKKK KKKK KKKK KKKK	1478
	D	1001 001D DDDD 0000:0000 0101 1100 0110	6
001699	9260 05C6	STS LINEX1_H,SYSTEMP1
	D	1001 000D DDDD 0000:KKKK KKKK KKKK KKKK	22
	K	1001 0001 0110 0000:KKKK KKKK KKKK KKKK	1471
00169B	9160 05BF	LDS SYSINTEGERTEMPA,LINEERR
	D	1001 000D DDDD 0000:KKKK KKKK KKKK KKKK	23
	K	1001 0001 0111 0000:KKKK KKKK KKKK KKKK	1472
00169D	9170 05C0	LDS SYSINTEGERTEMPA_H,LINEERR_H
	D	 1110 KKKK DDDD KKKK	28
	K	 1110 KKKK 1100 KKKK	0
00169F	E0C0	LDI SYSINTEGERTEMPB,0
	D	 1110 KKKK DDDD KKKK	29
	K	 1110 KKKK 1101 KKKK	0
0016A0	E0D0	LDI SYSINTEGERTEMPB_H,0
	K	 1101 KKKK KKKK KKKK	3337
0016A1	DD09	RCALL SYSCOMPLESSTHANINT
	R	 1111 111R RRRR 0BBB	0
	B	 1111 1110 0000 0BBB	0
0016A2	FE00	SBRS SYSBYTETEMPX,0
	K	 1100 KKKK KKKK KKKK	15
0016A3	C00F	RJMP ELSE29_1
	D	1001 000D DDDD 0000:KKKK KKKK KKKK KKKK	6
	K	1001 0000 0110 0000:KKKK KKKK KKKK KKKK	1471
0016A4	9060 05BF	LDS SYSTEMP1,LINEERR
	D	1001 000D DDDD 0000:KKKK KKKK KKKK KKKK	10
	K	1001 0000 1010 0000:KKKK KKKK KKKK KKKK	1469
0016A6	90A0 05BD	LDS SYSTEMP2,LINEDIFFY_X2
	D	 0000 11RD DDDD RRRR	6
	R	 0000 11R0 0110 RRRR	10
0016A8	0C6A	ADD SYSTEMP1,SYSTEMP2
	K	1001 001D DDDD 0000:KKKK KKKK KKKK KKKK	1471
	D	1001 001D DDDD 0000:0000 0101 1011 1111	6
0016A9	9260 05BF	STS LINEERR,SYSTEMP1
	D	1001 000D DDDD 0000:KKKK KKKK KKKK KKKK	6
	K	1001 0000 0110 0000:KKKK KKKK KKKK KKKK	1472
0016AB	9060 05C0	LDS SYSTEMP1,LINEERR_H
	D	1001 000D DDDD 0000:KKKK KKKK KKKK KKKK	10
	K	1001 0000 1010 0000:KKKK KKKK KKKK KKKK	1470
0016AD	90A0 05BE	LDS SYSTEMP2,LINEDIFFY_X2_H
	D	 0001 11RD DDDD RRRR	6
	R	 0001 11R0 0110 RRRR	10
0016AF	1C6A	ADC SYSTEMP1,SYSTEMP2
	K	1001 001D DDDD 0000:KKKK KKKK KKKK KKKK	1472
	D	1001 001D DDDD 0000:0000 0101 1100 0000	6
0016B0	9260 05C0	STS LINEERR_H,SYSTEMP1
	K	 1100 KKKK KKKK KKKK	36
0016B2	C024	RJMP ENDIF29
		ELSE29_1
	D	1001 000D DDDD 0000:KKKK KKKK KKKK KKKK	6
	K	1001 0000 0110 0000:KKKK KKKK KKKK KKKK	1469
0016B3	9060 05BD	LDS SYSTEMP1,LINEDIFFY_X2
	D	1001 000D DDDD 0000:KKKK KKKK KKKK KKKK	16
	K	1001 0001 0000 0000:KKKK KKKK KKKK KKKK	1465
0016B5	9100 05B9	LDS SYSTEMP3,LINEDIFFX_X2
	D	 0001 10RD DDDD RRRR	6
	R	 0001 10R0 0110 RRRR	16
0016B7	1A60	SUB SYSTEMP1,SYSTEMP3
	D	 0010 11RD DDDD RRRR	10
	R	 0010 11R0 1010 RRRR	6
0016B8	2CA6	MOV SYSTEMP2,SYSTEMP1
	D	1001 000D DDDD 0000:KKKK KKKK KKKK KKKK	6
	K	1001 0000 0110 0000:KKKK KKKK KKKK KKKK	1470
0016B9	9060 05BE	LDS SYSTEMP1,LINEDIFFY_X2_H
	D	1001 000D DDDD 0000:KKKK KKKK KKKK KKKK	16
	K	1001 0001 0000 0000:KKKK KKKK KKKK KKKK	1466
0016BB	9100 05BA	LDS SYSTEMP3,LINEDIFFX_X2_H
	D	 0000 10RD DDDD RRRR	6
	R	 0000 10R0 0110 RRRR	16
0016BD	0A60	SBC SYSTEMP1,SYSTEMP3
	D	 0010 11RD DDDD RRRR	11
	R	 0010 11R0 1011 RRRR	6
0016BE	2CB6	MOV SYSTEMP2_H,SYSTEMP1
	D	1001 000D DDDD 0000:KKKK KKKK KKKK KKKK	6
	K	1001 0000 0110 0000:KKKK KKKK KKKK KKKK	1471
0016BF	9060 05BF	LDS SYSTEMP1,LINEERR
	D	 0000 11RD DDDD RRRR	6
	R	 0000 11R0 0110 RRRR	10
0016C1	0C6A	ADD SYSTEMP1,SYSTEMP2
	K	1001 001D DDDD 0000:KKKK KKKK KKKK KKKK	1471
	D	1001 001D DDDD 0000:0000 0101 1011 1111	6
0016C2	9260 05BF	STS LINEERR,SYSTEMP1
	D	1001 000D DDDD 0000:KKKK KKKK KKKK KKKK	6
	K	1001 0000 0110 0000:KKKK KKKK KKKK KKKK	1472
0016C4	9060 05C0	LDS SYSTEMP1,LINEERR_H
	D	 0001 11RD DDDD RRRR	6
	R	 0001 11R0 0110 RRRR	11
0016C6	1C6B	ADC SYSTEMP1,SYSTEMP2_H
	K	1001 001D DDDD 0000:KKKK KKKK KKKK KKKK	1472
	D	1001 001D DDDD 0000:0000 0101 1100 0000	6
0016C7	9260 05C0	STS LINEERR_H,SYSTEMP1
	D	1001 000D DDDD 0000:KKKK KKKK KKKK KKKK	6
	K	1001 0000 0110 0000:KKKK KKKK KKKK KKKK	1481
0016C9	9060 05C9	LDS SYSTEMP1,LINEY1
	D	1001 000D DDDD 0000:KKKK KKKK KKKK KKKK	10
	K	1001 0000 1010 0000:KKKK KKKK KKKK KKKK	1475
0016CB	90A0 05C3	LDS SYSTEMP2,LINESTEPY
	D	 0000 11RD DDDD RRRR	6
	R	 0000 11R0 0110 RRRR	10
0016CD	0C6A	ADD SYSTEMP1,SYSTEMP2
	K	1001 001D DDDD 0000:KKKK KKKK KKKK KKKK	1481
	D	1001 001D DDDD 0000:0000 0101 1100 1001	6
0016CE	9260 05C9	STS LINEY1,SYSTEMP1
	D	1001 000D DDDD 0000:KKKK KKKK KKKK KKKK	6
	K	1001 0000 0110 0000:KKKK KKKK KKKK KKKK	1482
0016D0	9060 05CA	LDS SYSTEMP1,LINEY1_H
	D	1001 000D DDDD 0000:KKKK KKKK KKKK KKKK	10
	K	1001 0000 1010 0000:KKKK KKKK KKKK KKKK	1476
0016D2	90A0 05C4	LDS SYSTEMP2,LINESTEPY_H
	D	 0001 11RD DDDD RRRR	6
	R	 0001 11R0 0110 RRRR	10
0016D4	1C6A	ADC SYSTEMP1,SYSTEMP2
	K	1001 001D DDDD 0000:KKKK KKKK KKKK KKKK	1482
	D	1001 001D DDDD 0000:0000 0101 1100 1010	6
0016D5	9260 05CA	STS LINEY1_H,SYSTEMP1
		ENDIF29
	K	 1100 KKKK KKKK KKKK	3992
0016D7	CF98	RJMP SYSDOLOOP_S5
		SYSDOLOOP_E5
	D	1001 000D DDDD 0000:KKKK KKKK KKKK KKKK	21
	K	1001 0001 0101 0000:KKKK KKKK KKKK KKKK	1477
0016D8	9150 05C5	LDS SYSVALUECOPY,LINEX1
	K	1001 001D DDDD 0000:KKKK KKKK KKKK KKKK	1441
	D	1001 001D DDDD 0000:0000 0101 1010 0001	21
0016DA	9350 05A1	STS GLCDX,SYSVALUECOPY
	D	1001 000D DDDD 0000:KKKK KKKK KKKK KKKK	21
	K	1001 0001 0101 0000:KKKK KKKK KKKK KKKK	1481
0016DC	9150 05C9	LDS SYSVALUECOPY,LINEY1
	K	1001 001D DDDD 0000:KKKK KKKK KKKK KKKK	1442
	D	1001 001D DDDD 0000:0000 0101 1010 0010	21
0016DE	9350 05A2	STS GLCDY,SYSVALUECOPY
	D	1001 000D DDDD 0000:KKKK KKKK KKKK KKKK	21
	K	1001 0001 0101 0000:KKKK KKKK KKKK KKKK	1459
0016E0	9150 05B3	LDS SYSVALUECOPY,LINECOLOUR
	K	1001 001D DDDD 0000:KKKK KKKK KKKK KKKK	1426
	D	1001 001D DDDD 0000:0000 0101 1001 0010	21
0016E2	9350 0592	STS GLCDCOLOUR,SYSVALUECOPY
	D	1001 000D DDDD 0000:KKKK KKKK KKKK KKKK	21
	K	1001 0001 0101 0000:KKKK KKKK KKKK KKKK	1460
0016E4	9150 05B4	LDS SYSVALUECOPY,LINECOLOUR_H
	K	1001 001D DDDD 0000:KKKK KKKK KKKK KKKK	1427
	D	1001 001D DDDD 0000:0000 0101 1001 0011	21
0016E6	9350 0593	STS GLCDCOLOUR_H,SYSVALUECOPY
	K	 1101 KKKK KKKK KKKK	2685
0016E8	DA7D	RCALL PSET_SSD1309
	K	 1100 KKKK KKKK KKKK	135
0016E9	C087	RJMP ENDIF28
		ELSE28_1
	D	1001 000D DDDD 0000:KKKK KKKK KKKK KKKK	6
	K	1001 0000 0110 0000:KKKK KKKK KKKK KKKK	1465
0016EA	9060 05B9	LDS SYSTEMP1,LINEDIFFX_X2
	D	1001 000D DDDD 0000:KKKK KKKK KKKK KKKK	10
	K	1001 0000 1010 0000:KKKK KKKK KKKK KKKK	1467
0016EC	90A0 05BB	LDS SYSTEMP2,LINEDIFFY
	D	 0001 10RD DDDD RRRR	6
	R	 0001 10R0 0110 RRRR	10
0016EE	186A	SUB SYSTEMP1,SYSTEMP2
	K	1001 001D DDDD 0000:KKKK KKKK KKKK KKKK	1471
	D	1001 001D DDDD 0000:0000 0101 1011 1111	6
0016EF	9260 05BF	STS LINEERR,SYSTEMP1
	D	1001 000D DDDD 0000:KKKK KKKK KKKK KKKK	6
	K	1001 0000 0110 0000:KKKK KKKK KKKK KKKK	1466
0016F1	9060 05BA	LDS SYSTEMP1,LINEDIFFX_X2_H
	D	1001 000D DDDD 0000:KKKK KKKK KKKK KKKK	10
	K	1001 0000 1010 0000:KKKK KKKK KKKK KKKK	1468
0016F3	90A0 05BC	LDS SYSTEMP2,LINEDIFFY_H
	D	 0000 10RD DDDD RRRR	6
	R	 0000 10R0 0110 RRRR	10
0016F5	086A	SBC SYSTEMP1,SYSTEMP2
	K	1001 001D DDDD 0000:KKKK KKKK KKKK KKKK	1472
	D	1001 001D DDDD 0000:0000 0101 1100 0000	6
0016F6	9260 05C0	STS LINEERR_H,SYSTEMP1
		SYSDOLOOP_S6
	D	1001 000D DDDD 0000:KKKK KKKK KKKK KKKK	22
	K	1001 0001 0110 0000:KKKK KKKK KKKK KKKK	1481
0016F8	9160 05C9	LDS SYSWORDTEMPA,LINEY1
	D	1001 000D DDDD 0000:KKKK KKKK KKKK KKKK	23
	K	1001 0001 0111 0000:KKKK KKKK KKKK KKKK	1482
0016FA	9170 05CA	LDS SYSWORDTEMPA_H,LINEY1_H
	D	1001 000D DDDD 0000:KKKK KKKK KKKK KKKK	28
	K	1001 0001 1100 0000:KKKK KKKK KKKK KKKK	1483
0016FC	91C0 05CB	LDS SYSWORDTEMPB,LINEY2
	D	1001 000D DDDD 0000:KKKK KKKK KKKK KKKK	29
	K	1001 0001 1101 0000:KKKK KKKK KKKK KKKK	1484
0016FE	91D0 05CC	LDS SYSWORDTEMPB_H,LINEY2_H
	K	 1101 KKKK KKKK KKKK	3208
001700	DC88	RCALL SYSCOMPEQUAL16
	D	 1001 010D DDDD 0000	0
001701	9400	COM SYSBYTETEMPX
	R	 1111 111R RRRR 0BBB	0
	B	 1111 1110 0000 0BBB	0
001702	FE00	SBRS SYSBYTETEMPX,0
	K	 1100 KKKK KKKK KKKK	92
001703	C05C	RJMP SYSDOLOOP_E6
	D	1001 000D DDDD 0000:KKKK KKKK KKKK KKKK	21
	K	1001 0001 0101 0000:KKKK KKKK KKKK KKKK	1477
001704	9150 05C5	LDS SYSVALUECOPY,LINEX1
	K	1001 001D DDDD 0000:KKKK KKKK KKKK KKKK	1441
	D	1001 001D DDDD 0000:0000 0101 1010 0001	21
001706	9350 05A1	STS GLCDX,SYSVALUECOPY
	D	1001 000D DDDD 0000:KKKK KKKK KKKK KKKK	21
	K	1001 0001 0101 0000:KKKK KKKK KKKK KKKK	1481
001708	9150 05C9	LDS SYSVALUECOPY,LINEY1
	K	1001 001D DDDD 0000:KKKK KKKK KKKK KKKK	1442
	D	1001 001D DDDD 0000:0000 0101 1010 0010	21
00170A	9350 05A2	STS GLCDY,SYSVALUECOPY
	D	1001 000D DDDD 0000:KKKK KKKK KKKK KKKK	21
	K	1001 0001 0101 0000:KKKK KKKK KKKK KKKK	1459
00170C	9150 05B3	LDS SYSVALUECOPY,LINECOLOUR
	K	1001 001D DDDD 0000:KKKK KKKK KKKK KKKK	1426
	D	1001 001D DDDD 0000:0000 0101 1001 0010	21
00170E	9350 0592	STS GLCDCOLOUR,SYSVALUECOPY
	D	1001 000D DDDD 0000:KKKK KKKK KKKK KKKK	21
	K	1001 0001 0101 0000:KKKK KKKK KKKK KKKK	1460
001710	9150 05B4	LDS SYSVALUECOPY,LINECOLOUR_H
	K	1001 001D DDDD 0000:KKKK KKKK KKKK KKKK	1427
	D	1001 001D DDDD 0000:0000 0101 1001 0011	21
001712	9350 0593	STS GLCDCOLOUR_H,SYSVALUECOPY
	K	 1101 KKKK KKKK KKKK	2641
001714	DA51	RCALL PSET_SSD1309
	D	1001 000D DDDD 0000:KKKK KKKK KKKK KKKK	6
	K	1001 0000 0110 0000:KKKK KKKK KKKK KKKK	1481
001715	9060 05C9	LDS SYSTEMP1,LINEY1
	D	1001 000D DDDD 0000:KKKK KKKK KKKK KKKK	10
	K	1001 0000 1010 0000:KKKK KKKK KKKK KKKK	1475
001717	90A0 05C3	LDS SYSTEMP2,LINESTEPY
	D	 0000 11RD DDDD RRRR	6
	R	 0000 11R0 0110 RRRR	10
001719	0C6A	ADD SYSTEMP1,SYSTEMP2
	K	1001 001D DDDD 0000:KKKK KKKK KKKK KKKK	1481
	D	1001 001D DDDD 0000:0000 0101 1100 1001	6
00171A	9260 05C9	STS LINEY1,SYSTEMP1
	D	1001 000D DDDD 0000:KKKK KKKK KKKK KKKK	6
	K	1001 0000 0110 0000:KKKK KKKK KKKK KKKK	1482
00171C	9060 05CA	LDS SYSTEMP1,LINEY1_H
	D	1001 000D DDDD 0000:KKKK KKKK KKKK KKKK	10
	K	1001 0000 1010 0000:KKKK KKKK KKKK KKKK	1476
00171E	90A0 05C4	LDS SYSTEMP2,LINESTEPY_H
	D	 0001 11RD DDDD RRRR	6
	R	 0001 11R0 0110 RRRR	10
001720	1C6A	ADC SYSTEMP1,SYSTEMP2
	K	1001 001D DDDD 0000:KKKK KKKK KKKK KKKK	1482
	D	1001 001D DDDD 0000:0000 0101 1100 1010	6
001721	9260 05CA	STS LINEY1_H,SYSTEMP1
	D	1001 000D DDDD 0000:KKKK KKKK KKKK KKKK	22
	K	1001 0001 0110 0000:KKKK KKKK KKKK KKKK	1471
001723	9160 05BF	LDS SYSINTEGERTEMPA,LINEERR
	D	1001 000D DDDD 0000:KKKK KKKK KKKK KKKK	23
	K	1001 0001 0111 0000:KKKK KKKK KKKK KKKK	1472
001725	9170 05C0	LDS SYSINTEGERTEMPA_H,LINEERR_H
	D	 1110 KKKK DDDD KKKK	28
	K	 1110 KKKK 1100 KKKK	0
001727	E0C0	LDI SYSINTEGERTEMPB,0
	D	 1110 KKKK DDDD KKKK	29
	K	 1110 KKKK 1101 KKKK	0
001728	E0D0	LDI SYSINTEGERTEMPB_H,0
	K	 1101 KKKK KKKK KKKK	3201
001729	DC81	RCALL SYSCOMPLESSTHANINT
	R	 1111 111R RRRR 0BBB	0
	B	 1111 1110 0000 0BBB	0
00172A	FE00	SBRS SYSBYTETEMPX,0
	K	 1100 KKKK KKKK KKKK	15
00172B	C00F	RJMP ELSE30_1
	D	1001 000D DDDD 0000:KKKK KKKK KKKK KKKK	6
	K	1001 0000 0110 0000:KKKK KKKK KKKK KKKK	1471
00172C	9060 05BF	LDS SYSTEMP1,LINEERR
	D	1001 000D DDDD 0000:KKKK KKKK KKKK KKKK	10
	K	1001 0000 1010 0000:KKKK KKKK KKKK KKKK	1465
00172E	90A0 05B9	LDS SYSTEMP2,LINEDIFFX_X2
	D	 0000 11RD DDDD RRRR	6
	R	 0000 11R0 0110 RRRR	10
001730	0C6A	ADD SYSTEMP1,SYSTEMP2
	K	1001 001D DDDD 0000:KKKK KKKK KKKK KKKK	1471
	D	1001 001D DDDD 0000:0000 0101 1011 1111	6
001731	9260 05BF	STS LINEERR,SYSTEMP1
	D	1001 000D DDDD 0000:KKKK KKKK KKKK KKKK	6
	K	1001 0000 0110 0000:KKKK KKKK KKKK KKKK	1472
001733	9060 05C0	LDS SYSTEMP1,LINEERR_H
	D	1001 000D DDDD 0000:KKKK KKKK KKKK KKKK	10
	K	1001 0000 1010 0000:KKKK KKKK KKKK KKKK	1466
001735	90A0 05BA	LDS SYSTEMP2,LINEDIFFX_X2_H
	D	 0001 11RD DDDD RRRR	6
	R	 0001 11R0 0110 RRRR	10
001737	1C6A	ADC SYSTEMP1,SYSTEMP2
	K	1001 001D DDDD 0000:KKKK KKKK KKKK KKKK	1472
	D	1001 001D DDDD 0000:0000 0101 1100 0000	6
001738	9260 05C0	STS LINEERR_H,SYSTEMP1
	K	 1100 KKKK KKKK KKKK	36
00173A	C024	RJMP ENDIF30
		ELSE30_1
	D	1001 000D DDDD 0000:KKKK KKKK KKKK KKKK	6
	K	1001 0000 0110 0000:KKKK KKKK KKKK KKKK	1465
00173B	9060 05B9	LDS SYSTEMP1,LINEDIFFX_X2
	D	1001 000D DDDD 0000:KKKK KKKK KKKK KKKK	16
	K	1001 0001 0000 0000:KKKK KKKK KKKK KKKK	1469
00173D	9100 05BD	LDS SYSTEMP3,LINEDIFFY_X2
	D	 0001 10RD DDDD RRRR	6
	R	 0001 10R0 0110 RRRR	16
00173F	1A60	SUB SYSTEMP1,SYSTEMP3
	D	 0010 11RD DDDD RRRR	10
	R	 0010 11R0 1010 RRRR	6
001740	2CA6	MOV SYSTEMP2,SYSTEMP1
	D	1001 000D DDDD 0000:KKKK KKKK KKKK KKKK	6
	K	1001 0000 0110 0000:KKKK KKKK KKKK KKKK	1466
001741	9060 05BA	LDS SYSTEMP1,LINEDIFFX_X2_H
	D	1001 000D DDDD 0000:KKKK KKKK KKKK KKKK	16
	K	1001 0001 0000 0000:KKKK KKKK KKKK KKKK	1470
001743	9100 05BE	LDS SYSTEMP3,LINEDIFFY_X2_H
	D	 0000 10RD DDDD RRRR	6
	R	 0000 10R0 0110 RRRR	16
001745	0A60	SBC SYSTEMP1,SYSTEMP3
	D	 0010 11RD DDDD RRRR	11
	R	 0010 11R0 1011 RRRR	6
001746	2CB6	MOV SYSTEMP2_H,SYSTEMP1
	D	1001 000D DDDD 0000:KKKK KKKK KKKK KKKK	6
	K	1001 0000 0110 0000:KKKK KKKK KKKK KKKK	1471
001747	9060 05BF	LDS SYSTEMP1,LINEERR
	D	 0000 11RD DDDD RRRR	6
	R	 0000 11R0 0110 RRRR	10
001749	0C6A	ADD SYSTEMP1,SYSTEMP2
	K	1001 001D DDDD 0000:KKKK KKKK KKKK KKKK	1471
	D	1001 001D DDDD 0000:0000 0101 1011 1111	6
00174A	9260 05BF	STS LINEERR,SYSTEMP1
	D	1001 000D DDDD 0000:KKKK KKKK KKKK KKKK	6
	K	1001 0000 0110 0000:KKKK KKKK KKKK KKKK	1472
00174C	9060 05C0	LDS SYSTEMP1,LINEERR_H
	D	 0001 11RD DDDD RRRR	6
	R	 0001 11R0 0110 RRRR	11
00174E	1C6B	ADC SYSTEMP1,SYSTEMP2_H
	K	1001 001D DDDD 0000:KKKK KKKK KKKK KKKK	1472
	D	1001 001D DDDD 0000:0000 0101 1100 0000	6
00174F	9260 05C0	STS LINEERR_H,SYSTEMP1
	D	1001 000D DDDD 0000:KKKK KKKK KKKK KKKK	6
	K	1001 0000 0110 0000:KKKK KKKK KKKK KKKK	1477
001751	9060 05C5	LDS SYSTEMP1,LINEX1
	D	1001 000D DDDD 0000:KKKK KKKK KKKK KKKK	10
	K	1001 0000 1010 0000:KKKK KKKK KKKK KKKK	1473
001753	90A0 05C1	LDS SYSTEMP2,LINESTEPX
	D	 0000 11RD DDDD RRRR	6
	R	 0000 11R0 0110 RRRR	10
001755	0C6A	ADD SYSTEMP1,SYSTEMP2
	K	1001 001D DDDD 0000:KKKK KKKK KKKK KKKK	1477
	D	1001 001D DDDD 0000:0000 0101 1100 0101	6
001756	9260 05C5	STS LINEX1,SYSTEMP1
	D	1001 000D DDDD 0000:KKKK KKKK KKKK KKKK	6
	K	1001 0000 0110 0000:KKKK KKKK KKKK KKKK	1478
001758	9060 05C6	LDS SYSTEMP1,LINEX1_H
	D	1001 000D DDDD 0000:KKKK KKKK KKKK KKKK	10
	K	1001 0000 1010 0000:KKKK KKKK KKKK KKKK	1474
00175A	90A0 05C2	LDS SYSTEMP2,LINESTEPX_H
	D	 0001 11RD DDDD RRRR	6
	R	 0001 11R0 0110 RRRR	10
00175C	1C6A	ADC SYSTEMP1,SYSTEMP2
	K	1001 001D DDDD 0000:KKKK KKKK KKKK KKKK	1478
	D	1001 001D DDDD 0000:0000 0101 1100 0110	6
00175D	9260 05C6	STS LINEX1_H,SYSTEMP1
		ENDIF30
	K	 1100 KKKK KKKK KKKK	3992
00175F	CF98	RJMP SYSDOLOOP_S6
		SYSDOLOOP_E6
	D	1001 000D DDDD 0000:KKKK KKKK KKKK KKKK	21
	K	1001 0001 0101 0000:KKKK KKKK KKKK KKKK	1477
001760	9150 05C5	LDS SYSVALUECOPY,LINEX1
	K	1001 001D DDDD 0000:KKKK KKKK KKKK KKKK	1441
	D	1001 001D DDDD 0000:0000 0101 1010 0001	21
001762	9350 05A1	STS GLCDX,SYSVALUECOPY
	D	1001 000D DDDD 0000:KKKK KKKK KKKK KKKK	21
	K	1001 0001 0101 0000:KKKK KKKK KKKK KKKK	1481
001764	9150 05C9	LDS SYSVALUECOPY,LINEY1
	K	1001 001D DDDD 0000:KKKK KKKK KKKK KKKK	1442
	D	1001 001D DDDD 0000:0000 0101 1010 0010	21
001766	9350 05A2	STS GLCDY,SYSVALUECOPY
	D	1001 000D DDDD 0000:KKKK KKKK KKKK KKKK	21
	K	1001 0001 0101 0000:KKKK KKKK KKKK KKKK	1459
001768	9150 05B3	LDS SYSVALUECOPY,LINECOLOUR
	K	1001 001D DDDD 0000:KKKK KKKK KKKK KKKK	1426
	D	1001 001D DDDD 0000:0000 0101 1001 0010	21
00176A	9350 0592	STS GLCDCOLOUR,SYSVALUECOPY
	D	1001 000D DDDD 0000:KKKK KKKK KKKK KKKK	21
	K	1001 0001 0101 0000:KKKK KKKK KKKK KKKK	1460
00176C	9150 05B4	LDS SYSVALUECOPY,LINECOLOUR_H
	K	1001 001D DDDD 0000:KKKK KKKK KKKK KKKK	1427
	D	1001 001D DDDD 0000:0000 0101 1001 0011	21
00176E	9350 0593	STS GLCDCOLOUR_H,SYSVALUECOPY
	K	 1101 KKKK KKKK KKKK	2549
001770	D9F5	RCALL PSET_SSD1309
		ENDIF28
001771	9508	RET


		_LINE71
	D	 1110 KKKK DDDD KKKK	21
	K	 1110 KKKK 0101 KKKK	0
001772	E050	LDI SYSVALUECOPY,0
	K	1001 001D DDDD 0000:KKKK KKKK KKKK KKKK	1463
	D	1001 001D DDDD 0000:0000 0101 1011 0111	21
001773	9350 05B7	STS LINEDIFFX,SYSVALUECOPY
	K	1001 001D DDDD 0000:KKKK KKKK KKKK KKKK	1464
	D	1001 001D DDDD 0000:0000 0101 1011 1000	21
001775	9350 05B8	STS LINEDIFFX_H,SYSVALUECOPY
	D	 1110 KKKK DDDD KKKK	21
	K	 1110 KKKK 0101 KKKK	0
001777	E050	LDI SYSVALUECOPY,0
	K	1001 001D DDDD 0000:KKKK KKKK KKKK KKKK	1467
	D	1001 001D DDDD 0000:0000 0101 1011 1011	21
001778	9350 05BB	STS LINEDIFFY,SYSVALUECOPY
	K	1001 001D DDDD 0000:KKKK KKKK KKKK KKKK	1468
	D	1001 001D DDDD 0000:0000 0101 1011 1100	21
00177A	9350 05BC	STS LINEDIFFY_H,SYSVALUECOPY
	D	 1110 KKKK DDDD KKKK	21
	K	 1110 KKKK 0101 KKKK	0
00177C	E050	LDI SYSVALUECOPY,0
	K	1001 001D DDDD 0000:KKKK KKKK KKKK KKKK	1473
	D	1001 001D DDDD 0000:0000 0101 1100 0001	21
00177D	9350 05C1	STS LINESTEPX,SYSVALUECOPY
	K	1001 001D DDDD 0000:KKKK KKKK KKKK KKKK	1474
	D	1001 001D DDDD 0000:0000 0101 1100 0010	21
00177F	9350 05C2	STS LINESTEPX_H,SYSVALUECOPY
	D	 1110 KKKK DDDD KKKK	21
	K	 1110 KKKK 0101 KKKK	0
001781	E050	LDI SYSVALUECOPY,0
	K	1001 001D DDDD 0000:KKKK KKKK KKKK KKKK	1475
	D	1001 001D DDDD 0000:0000 0101 1100 0011	21
001782	9350 05C3	STS LINESTEPY,SYSVALUECOPY
	K	1001 001D DDDD 0000:KKKK KKKK KKKK KKKK	1476
	D	1001 001D DDDD 0000:0000 0101 1100 0100	21
001784	9350 05C4	STS LINESTEPY_H,SYSVALUECOPY
	D	 1110 KKKK DDDD KKKK	21
	K	 1110 KKKK 0101 KKKK	0
001786	E050	LDI SYSVALUECOPY,0
	K	1001 001D DDDD 0000:KKKK KKKK KKKK KKKK	1465
	D	1001 001D DDDD 0000:0000 0101 1011 1001	21
001787	9350 05B9	STS LINEDIFFX_X2,SYSVALUECOPY
	K	1001 001D DDDD 0000:KKKK KKKK KKKK KKKK	1466
	D	1001 001D DDDD 0000:0000 0101 1011 1010	21
001789	9350 05BA	STS LINEDIFFX_X2_H,SYSVALUECOPY
	D	 1110 KKKK DDDD KKKK	21
	K	 1110 KKKK 0101 KKKK	0
00178B	E050	LDI SYSVALUECOPY,0
	K	1001 001D DDDD 0000:KKKK KKKK KKKK KKKK	1469
	D	1001 001D DDDD 0000:0000 0101 1011 1101	21
00178C	9350 05BD	STS LINEDIFFY_X2,SYSVALUECOPY
	K	1001 001D DDDD 0000:KKKK KKKK KKKK KKKK	1470
	D	1001 001D DDDD 0000:0000 0101 1011 1110	21
00178E	9350 05BE	STS LINEDIFFY_X2_H,SYSVALUECOPY
	D	 1110 KKKK DDDD KKKK	21
	K	 1110 KKKK 0101 KKKK	0
001790	E050	LDI SYSVALUECOPY,0
	K	1001 001D DDDD 0000:KKKK KKKK KKKK KKKK	1471
	D	1001 001D DDDD 0000:0000 0101 1011 1111	21
001791	9350 05BF	STS LINEERR,SYSVALUECOPY
	K	1001 001D DDDD 0000:KKKK KKKK KKKK KKKK	1472
	D	1001 001D DDDD 0000:0000 0101 1100 0000	21
001793	9350 05C0	STS LINEERR_H,SYSVALUECOPY
	D	1001 000D DDDD 0000:KKKK KKKK KKKK KKKK	6
	K	1001 0000 0110 0000:KKKK KKKK KKKK KKKK	1479
001795	9060 05C7	LDS SYSTEMP1,LINEX2
	D	1001 000D DDDD 0000:KKKK KKKK KKKK KKKK	10
	K	1001 0000 1010 0000:KKKK KKKK KKKK KKKK	1477
001797	90A0 05C5	LDS SYSTEMP2,LINEX1
	D	 0001 10RD DDDD RRRR	6
	R	 0001 10R0 0110 RRRR	10
001799	186A	SUB SYSTEMP1,SYSTEMP2
	K	1001 001D DDDD 0000:KKKK KKKK KKKK KKKK	1463
	D	1001 001D DDDD 0000:0000 0101 1011 0111	6
00179A	9260 05B7	STS LINEDIFFX,SYSTEMP1
	D	1001 000D DDDD 0000:KKKK KKKK KKKK KKKK	6
	K	1001 0000 0110 0000:KKKK KKKK KKKK KKKK	1480
00179C	9060 05C8	LDS SYSTEMP1,LINEX2_H
	D	1001 000D DDDD 0000:KKKK KKKK KKKK KKKK	10
	K	1001 0000 1010 0000:KKKK KKKK KKKK KKKK	1478
00179E	90A0 05C6	LDS SYSTEMP2,LINEX1_H
	D	 0000 10RD DDDD RRRR	6
	R	 0000 10R0 0110 RRRR	10
0017A0	086A	SBC SYSTEMP1,SYSTEMP2
	K	1001 001D DDDD 0000:KKKK KKKK KKKK KKKK	1464
	D	1001 001D DDDD 0000:0000 0101 1011 1000	6
0017A1	9260 05B8	STS LINEDIFFX_H,SYSTEMP1
	D	1001 000D DDDD 0000:KKKK KKKK KKKK KKKK	6
	K	1001 0000 0110 0000:KKKK KKKK KKKK KKKK	1483
0017A3	9060 05CB	LDS SYSTEMP1,LINEY2
	D	1001 000D DDDD 0000:KKKK KKKK KKKK KKKK	10
	K	1001 0000 1010 0000:KKKK KKKK KKKK KKKK	1481
0017A5	90A0 05C9	LDS SYSTEMP2,LINEY1
	D	 0001 10RD DDDD RRRR	6
	R	 0001 10R0 0110 RRRR	10
0017A7	186A	SUB SYSTEMP1,SYSTEMP2
	K	1001 001D DDDD 0000:KKKK KKKK KKKK KKKK	1467
	D	1001 001D DDDD 0000:0000 0101 1011 1011	6
0017A8	9260 05BB	STS LINEDIFFY,SYSTEMP1
	D	1001 000D DDDD 0000:KKKK KKKK KKKK KKKK	6
	K	1001 0000 0110 0000:KKKK KKKK KKKK KKKK	1484
0017AA	9060 05CC	LDS SYSTEMP1,LINEY2_H
	D	1001 000D DDDD 0000:KKKK KKKK KKKK KKKK	10
	K	1001 0000 1010 0000:KKKK KKKK KKKK KKKK	1482
0017AC	90A0 05CA	LDS SYSTEMP2,LINEY1_H
	D	 0000 10RD DDDD RRRR	6
	R	 0000 10R0 0110 RRRR	10
0017AE	086A	SBC SYSTEMP1,SYSTEMP2
	K	1001 001D DDDD 0000:KKKK KKKK KKKK KKKK	1468
	D	1001 001D DDDD 0000:0000 0101 1011 1100	6
0017AF	9260 05BC	STS LINEDIFFY_H,SYSTEMP1
	D	1001 000D DDDD 0000:KKKK KKKK KKKK KKKK	28
	K	1001 0001 1100 0000:KKKK KKKK KKKK KKKK	1463
0017B1	91C0 05B7	LDS SYSINTEGERTEMPB,LINEDIFFX
	D	1001 000D DDDD 0000:KKKK KKKK KKKK KKKK	29
	K	1001 0001 1101 0000:KKKK KKKK KKKK KKKK	1464
0017B3	91D0 05B8	LDS SYSINTEGERTEMPB_H,LINEDIFFX_H
	D	 1110 KKKK DDDD KKKK	22
	K	 1110 KKKK 0110 KKKK	0
0017B5	E060	LDI SYSINTEGERTEMPA,0
	D	 1110 KKKK DDDD KKKK	23
	K	 1110 KKKK 0111 KKKK	0
0017B6	E070	LDI SYSINTEGERTEMPA_H,0
	K	 1101 KKKK KKKK KKKK	3059
0017B7	DBF3	RCALL SYSCOMPLESSTHANINT
	R	 1111 111R RRRR 0BBB	0
	B	 1111 1110 0000 0BBB	0
0017B8	FE00	SBRS SYSBYTETEMPX,0
	K	 1100 KKKK KKKK KKKK	7
0017B9	C007	RJMP ELSE31_1
	D	 1110 KKKK DDDD KKKK	21
	K	 1110 KKKK 0101 KKKK	1
0017BA	E051	LDI SYSVALUECOPY,1
	K	1001 001D DDDD 0000:KKKK KKKK KKKK KKKK	1473
	D	1001 001D DDDD 0000:0000 0101 1100 0001	21
0017BB	9350 05C1	STS LINESTEPX,SYSVALUECOPY
	D	 1110 KKKK DDDD KKKK	21
	K	 1110 KKKK 0101 KKKK	0
0017BD	E050	LDI SYSVALUECOPY,0
	K	1001 001D DDDD 0000:KKKK KKKK KKKK KKKK	1474
	D	1001 001D DDDD 0000:0000 0101 1100 0010	21
0017BE	9350 05C2	STS LINESTEPX_H,SYSVALUECOPY
	K	 1100 KKKK KKKK KKKK	5
0017C0	C005	RJMP ENDIF31
		ELSE31_1
	D	 1110 KKKK DDDD KKKK	21
	K	 1110 KKKK 0101 KKKK	255
0017C1	EF5F	LDI SYSVALUECOPY,255
	K	1001 001D DDDD 0000:KKKK KKKK KKKK KKKK	1473
	D	1001 001D DDDD 0000:0000 0101 1100 0001	21
0017C2	9350 05C1	STS LINESTEPX,SYSVALUECOPY
	K	1001 001D DDDD 0000:KKKK KKKK KKKK KKKK	1474
	D	1001 001D DDDD 0000:0000 0101 1100 0010	21
0017C4	9350 05C2	STS LINESTEPX_H,SYSVALUECOPY
		ENDIF31
	D	1001 000D DDDD 0000:KKKK KKKK KKKK KKKK	28
	K	1001 0001 1100 0000:KKKK KKKK KKKK KKKK	1467
0017C6	91C0 05BB	LDS SYSINTEGERTEMPB,LINEDIFFY
	D	1001 000D DDDD 0000:KKKK KKKK KKKK KKKK	29
	K	1001 0001 1101 0000:KKKK KKKK KKKK KKKK	1468
0017C8	91D0 05BC	LDS SYSINTEGERTEMPB_H,LINEDIFFY_H
	D	 1110 KKKK DDDD KKKK	22
	K	 1110 KKKK 0110 KKKK	0
0017CA	E060	LDI SYSINTEGERTEMPA,0
	D	 1110 KKKK DDDD KKKK	23
	K	 1110 KKKK 0111 KKKK	0
0017CB	E070	LDI SYSINTEGERTEMPA_H,0
	K	 1101 KKKK KKKK KKKK	3038
0017CC	DBDE	RCALL SYSCOMPLESSTHANINT
	R	 1111 111R RRRR 0BBB	0
	B	 1111 1110 0000 0BBB	0
0017CD	FE00	SBRS SYSBYTETEMPX,0
	K	 1100 KKKK KKKK KKKK	7
0017CE	C007	RJMP ELSE32_1
	D	 1110 KKKK DDDD KKKK	21
	K	 1110 KKKK 0101 KKKK	1
0017CF	E051	LDI SYSVALUECOPY,1
	K	1001 001D DDDD 0000:KKKK KKKK KKKK KKKK	1475
	D	1001 001D DDDD 0000:0000 0101 1100 0011	21
0017D0	9350 05C3	STS LINESTEPY,SYSVALUECOPY
	D	 1110 KKKK DDDD KKKK	21
	K	 1110 KKKK 0101 KKKK	0
0017D2	E050	LDI SYSVALUECOPY,0
	K	1001 001D DDDD 0000:KKKK KKKK KKKK KKKK	1476
	D	1001 001D DDDD 0000:0000 0101 1100 0100	21
0017D3	9350 05C4	STS LINESTEPY_H,SYSVALUECOPY
	K	 1100 KKKK KKKK KKKK	5
0017D5	C005	RJMP ENDIF32
		ELSE32_1
	D	 1110 KKKK DDDD KKKK	21
	K	 1110 KKKK 0101 KKKK	255
0017D6	EF5F	LDI SYSVALUECOPY,255
	K	1001 001D DDDD 0000:KKKK KKKK KKKK KKKK	1475
	D	1001 001D DDDD 0000:0000 0101 1100 0011	21
0017D7	9350 05C3	STS LINESTEPY,SYSVALUECOPY
	K	1001 001D DDDD 0000:KKKK KKKK KKKK KKKK	1476
	D	1001 001D DDDD 0000:0000 0101 1100 0100	21
0017D9	9350 05C4	STS LINESTEPY_H,SYSVALUECOPY
		ENDIF32
	D	1001 000D DDDD 0000:KKKK KKKK KKKK KKKK	22
	K	1001 0001 0110 0000:KKKK KKKK KKKK KKKK	1473
0017DB	9160 05C1	LDS SYSINTEGERTEMPA,LINESTEPX
	D	1001 000D DDDD 0000:KKKK KKKK KKKK KKKK	23
	K	1001 0001 0111 0000:KKKK KKKK KKKK KKKK	1474
0017DD	9170 05C2	LDS SYSINTEGERTEMPA_H,LINESTEPX_H
	D	1001 000D DDDD 0000:KKKK KKKK KKKK KKKK	28
	K	1001 0001 1100 0000:KKKK KKKK KKKK KKKK	1463
0017DF	91C0 05B7	LDS SYSINTEGERTEMPB,LINEDIFFX
	D	1001 000D DDDD 0000:KKKK KKKK KKKK KKKK	29
	K	1001 0001 1101 0000:KKKK KKKK KKKK KKKK	1464
0017E1	91D0 05B8	LDS SYSINTEGERTEMPB_H,LINEDIFFX_H
	K	 1101 KKKK KKKK KKKK	3371
0017E3	DD2B	RCALL SYSMULTSUBINT
	K	1001 001D DDDD 0000:KKKK KKKK KKKK KKKK	1463
	D	1001 001D DDDD 0000:0000 0101 1011 0111	0
0017E4	9200 05B7	STS LINEDIFFX,SYSINTEGERTEMPX
	K	1001 001D DDDD 0000:KKKK KKKK KKKK KKKK	1464
	D	1001 001D DDDD 0000:0000 0101 1011 1000	1
0017E6	9210 05B8	STS LINEDIFFX_H,SYSINTEGERTEMPX_H
	D	1001 000D DDDD 0000:KKKK KKKK KKKK KKKK	22
	K	1001 0001 0110 0000:KKKK KKKK KKKK KKKK	1475
0017E8	9160 05C3	LDS SYSINTEGERTEMPA,LINESTEPY
	D	1001 000D DDDD 0000:KKKK KKKK KKKK KKKK	23
	K	1001 0001 0111 0000:KKKK KKKK KKKK KKKK	1476
0017EA	9170 05C4	LDS SYSINTEGERTEMPA_H,LINESTEPY_H
	D	1001 000D DDDD 0000:KKKK KKKK KKKK KKKK	28
	K	1001 0001 1100 0000:KKKK KKKK KKKK KKKK	1467
0017EC	91C0 05BB	LDS SYSINTEGERTEMPB,LINEDIFFY
	D	1001 000D DDDD 0000:KKKK KKKK KKKK KKKK	29
	K	1001 0001 1101 0000:KKKK KKKK KKKK KKKK	1468
0017EE	91D0 05BC	LDS SYSINTEGERTEMPB_H,LINEDIFFY_H
	K	 1101 KKKK KKKK KKKK	3358
0017F0	DD1E	RCALL SYSMULTSUBINT
	K	1001 001D DDDD 0000:KKKK KKKK KKKK KKKK	1467
	D	1001 001D DDDD 0000:0000 0101 1011 1011	0
0017F1	9200 05BB	STS LINEDIFFY,SYSINTEGERTEMPX
	K	1001 001D DDDD 0000:KKKK KKKK KKKK KKKK	1468
	D	1001 001D DDDD 0000:0000 0101 1011 1100	1
0017F3	9210 05BC	STS LINEDIFFY_H,SYSINTEGERTEMPX_H
	D	1001 000D DDDD 0000:KKKK KKKK KKKK KKKK	22
	K	1001 0001 0110 0000:KKKK KKKK KKKK KKKK	1463
0017F5	9160 05B7	LDS SYSINTEGERTEMPA,LINEDIFFX
	D	1001 000D DDDD 0000:KKKK KKKK KKKK KKKK	23
	K	1001 0001 0111 0000:KKKK KKKK KKKK KKKK	1464
0017F7	9170 05B8	LDS SYSINTEGERTEMPA_H,LINEDIFFX_H
	D	 1110 KKKK DDDD KKKK	28
	K	 1110 KKKK 1100 KKKK	2
0017F9	E0C2	LDI SYSINTEGERTEMPB,2
	D	 1110 KKKK DDDD KKKK	29
	K	 1110 KKKK 1101 KKKK	0
0017FA	E0D0	LDI SYSINTEGERTEMPB_H,0
	K	 1101 KKKK KKKK KKKK	3347
0017FB	DD13	RCALL SYSMULTSUBINT
	K	1001 001D DDDD 0000:KKKK KKKK KKKK KKKK	1465
	D	1001 001D DDDD 0000:0000 0101 1011 1001	0
0017FC	9200 05B9	STS LINEDIFFX_X2,SYSINTEGERTEMPX
	K	1001 001D DDDD 0000:KKKK KKKK KKKK KKKK	1466
	D	1001 001D DDDD 0000:0000 0101 1011 1010	1
0017FE	9210 05BA	STS LINEDIFFX_X2_H,SYSINTEGERTEMPX_H
	D	1001 000D DDDD 0000:KKKK KKKK KKKK KKKK	22
	K	1001 0001 0110 0000:KKKK KKKK KKKK KKKK	1467
001800	9160 05BB	LDS SYSINTEGERTEMPA,LINEDIFFY
	D	1001 000D DDDD 0000:KKKK KKKK KKKK KKKK	23
	K	1001 0001 0111 0000:KKKK KKKK KKKK KKKK	1468
001802	9170 05BC	LDS SYSINTEGERTEMPA_H,LINEDIFFY_H
	D	 1110 KKKK DDDD KKKK	28
	K	 1110 KKKK 1100 KKKK	2
001804	E0C2	LDI SYSINTEGERTEMPB,2
	D	 1110 KKKK DDDD KKKK	29
	K	 1110 KKKK 1101 KKKK	0
001805	E0D0	LDI SYSINTEGERTEMPB_H,0
	K	 1101 KKKK KKKK KKKK	3336
001806	DD08	RCALL SYSMULTSUBINT
	K	1001 001D DDDD 0000:KKKK KKKK KKKK KKKK	1469
	D	1001 001D DDDD 0000:0000 0101 1011 1101	0
001807	9200 05BD	STS LINEDIFFY_X2,SYSINTEGERTEMPX
	K	1001 001D DDDD 0000:KKKK KKKK KKKK KKKK	1470
	D	1001 001D DDDD 0000:0000 0101 1011 1110	1
001809	9210 05BE	STS LINEDIFFY_X2_H,SYSINTEGERTEMPX_H
	D	1001 000D DDDD 0000:KKKK KKKK KKKK KKKK	22
	K	1001 0001 0110 0000:KKKK KKKK KKKK KKKK	1463
00180B	9160 05B7	LDS SYSINTEGERTEMPA,LINEDIFFX
	D	1001 000D DDDD 0000:KKKK KKKK KKKK KKKK	23
	K	1001 0001 0111 0000:KKKK KKKK KKKK KKKK	1464
00180D	9170 05B8	LDS SYSINTEGERTEMPA_H,LINEDIFFX_H
	D	1001 000D DDDD 0000:KKKK KKKK KKKK KKKK	28
	K	1001 0001 1100 0000:KKKK KKKK KKKK KKKK	1467
00180F	91C0 05BB	LDS SYSINTEGERTEMPB,LINEDIFFY
	D	1001 000D DDDD 0000:KKKK KKKK KKKK KKKK	29
	K	1001 0001 1101 0000:KKKK KKKK KKKK KKKK	1468
001811	91D0 05BC	LDS SYSINTEGERTEMPB_H,LINEDIFFY_H
	K	 1101 KKKK KKKK KKKK	2967
001813	DB97	RCALL SYSCOMPLESSTHANINT
	D	 1001 010D DDDD 0000	0
001814	9400	COM SYSBYTETEMPX
	R	 1111 111R RRRR 0BBB	0
	B	 1111 1110 0000 0BBB	0
001815	FE00	SBRS SYSBYTETEMPX,0
	K	 1100 KKKK KKKK KKKK	136
001816	C088	RJMP ELSE33_1
	D	1001 000D DDDD 0000:KKKK KKKK KKKK KKKK	6
	K	1001 0000 0110 0000:KKKK KKKK KKKK KKKK	1469
001817	9060 05BD	LDS SYSTEMP1,LINEDIFFY_X2
	D	1001 000D DDDD 0000:KKKK KKKK KKKK KKKK	10
	K	1001 0000 1010 0000:KKKK KKKK KKKK KKKK	1463
001819	90A0 05B7	LDS SYSTEMP2,LINEDIFFX
	D	 0001 10RD DDDD RRRR	6
	R	 0001 10R0 0110 RRRR	10
00181B	186A	SUB SYSTEMP1,SYSTEMP2
	K	1001 001D DDDD 0000:KKKK KKKK KKKK KKKK	1471
	D	1001 001D DDDD 0000:0000 0101 1011 1111	6
00181C	9260 05BF	STS LINEERR,SYSTEMP1
	D	1001 000D DDDD 0000:KKKK KKKK KKKK KKKK	6
	K	1001 0000 0110 0000:KKKK KKKK KKKK KKKK	1470
00181E	9060 05BE	LDS SYSTEMP1,LINEDIFFY_X2_H
	D	1001 000D DDDD 0000:KKKK KKKK KKKK KKKK	10
	K	1001 0000 1010 0000:KKKK KKKK KKKK KKKK	1464
001820	90A0 05B8	LDS SYSTEMP2,LINEDIFFX_H
	D	 0000 10RD DDDD RRRR	6
	R	 0000 10R0 0110 RRRR	10
001822	086A	SBC SYSTEMP1,SYSTEMP2
	K	1001 001D DDDD 0000:KKKK KKKK KKKK KKKK	1472
	D	1001 001D DDDD 0000:0000 0101 1100 0000	6
001823	9260 05C0	STS LINEERR_H,SYSTEMP1
		SYSDOLOOP_S7
	D	1001 000D DDDD 0000:KKKK KKKK KKKK KKKK	22
	K	1001 0001 0110 0000:KKKK KKKK KKKK KKKK	1477
001825	9160 05C5	LDS SYSWORDTEMPA,LINEX1
	D	1001 000D DDDD 0000:KKKK KKKK KKKK KKKK	23
	K	1001 0001 0111 0000:KKKK KKKK KKKK KKKK	1478
001827	9170 05C6	LDS SYSWORDTEMPA_H,LINEX1_H
	D	1001 000D DDDD 0000:KKKK KKKK KKKK KKKK	28
	K	1001 0001 1100 0000:KKKK KKKK KKKK KKKK	1479
001829	91C0 05C7	LDS SYSWORDTEMPB,LINEX2
	D	1001 000D DDDD 0000:KKKK KKKK KKKK KKKK	29
	K	1001 0001 1101 0000:KKKK KKKK KKKK KKKK	1480
00182B	91D0 05C8	LDS SYSWORDTEMPB_H,LINEX2_H
	K	 1101 KKKK KKKK KKKK	2907
00182D	DB5B	RCALL SYSCOMPEQUAL16
	D	 1001 010D DDDD 0000	0
00182E	9400	COM SYSBYTETEMPX
	R	 1111 111R RRRR 0BBB	0
	B	 1111 1110 0000 0BBB	0
00182F	FE00	SBRS SYSBYTETEMPX,0
	K	 1100 KKKK KKKK KKKK	92
001830	C05C	RJMP SYSDOLOOP_E7
	D	1001 000D DDDD 0000:KKKK KKKK KKKK KKKK	21
	K	1001 0001 0101 0000:KKKK KKKK KKKK KKKK	1477
001831	9150 05C5	LDS SYSVALUECOPY,LINEX1
	K	1001 001D DDDD 0000:KKKK KKKK KKKK KKKK	1441
	D	1001 001D DDDD 0000:0000 0101 1010 0001	21
001833	9350 05A1	STS GLCDX,SYSVALUECOPY
	D	1001 000D DDDD 0000:KKKK KKKK KKKK KKKK	21
	K	1001 0001 0101 0000:KKKK KKKK KKKK KKKK	1481
001835	9150 05C9	LDS SYSVALUECOPY,LINEY1
	K	1001 001D DDDD 0000:KKKK KKKK KKKK KKKK	1442
	D	1001 001D DDDD 0000:0000 0101 1010 0010	21
001837	9350 05A2	STS GLCDY,SYSVALUECOPY
	D	1001 000D DDDD 0000:KKKK KKKK KKKK KKKK	21
	K	1001 0001 0101 0000:KKKK KKKK KKKK KKKK	1459
001839	9150 05B3	LDS SYSVALUECOPY,LINECOLOUR
	K	1001 001D DDDD 0000:KKKK KKKK KKKK KKKK	1426
	D	1001 001D DDDD 0000:0000 0101 1001 0010	21
00183B	9350 0592	STS GLCDCOLOUR,SYSVALUECOPY
	D	1001 000D DDDD 0000:KKKK KKKK KKKK KKKK	21
	K	1001 0001 0101 0000:KKKK KKKK KKKK KKKK	1460
00183D	9150 05B4	LDS SYSVALUECOPY,LINECOLOUR_H
	K	1001 001D DDDD 0000:KKKK KKKK KKKK KKKK	1427
	D	1001 001D DDDD 0000:0000 0101 1001 0011	21
00183F	9350 0593	STS GLCDCOLOUR_H,SYSVALUECOPY
	K	 1101 KKKK KKKK KKKK	2340
001841	D924	RCALL PSET_SSD1309
	D	1001 000D DDDD 0000:KKKK KKKK KKKK KKKK	6
	K	1001 0000 0110 0000:KKKK KKKK KKKK KKKK	1477
001842	9060 05C5	LDS SYSTEMP1,LINEX1
	D	1001 000D DDDD 0000:KKKK KKKK KKKK KKKK	10
	K	1001 0000 1010 0000:KKKK KKKK KKKK KKKK	1473
001844	90A0 05C1	LDS SYSTEMP2,LINESTEPX
	D	 0000 11RD DDDD RRRR	6
	R	 0000 11R0 0110 RRRR	10
001846	0C6A	ADD SYSTEMP1,SYSTEMP2
	K	1001 001D DDDD 0000:KKKK KKKK KKKK KKKK	1477
	D	1001 001D DDDD 0000:0000 0101 1100 0101	6
001847	9260 05C5	STS LINEX1,SYSTEMP1
	D	1001 000D DDDD 0000:KKKK KKKK KKKK KKKK	6
	K	1001 0000 0110 0000:KKKK KKKK KKKK KKKK	1478
001849	9060 05C6	LDS SYSTEMP1,LINEX1_H
	D	1001 000D DDDD 0000:KKKK KKKK KKKK KKKK	10
	K	1001 0000 1010 0000:KKKK KKKK KKKK KKKK	1474
00184B	90A0 05C2	LDS SYSTEMP2,LINESTEPX_H
	D	 0001 11RD DDDD RRRR	6
	R	 0001 11R0 0110 RRRR	10
00184D	1C6A	ADC SYSTEMP1,SYSTEMP2
	K	1001 001D DDDD 0000:KKKK KKKK KKKK KKKK	1478
	D	1001 001D DDDD 0000:0000 0101 1100 0110	6
00184E	9260 05C6	STS LINEX1_H,SYSTEMP1
	D	1001 000D DDDD 0000:KKKK KKKK KKKK KKKK	22
	K	1001 0001 0110 0000:KKKK KKKK KKKK KKKK	1471
001850	9160 05BF	LDS SYSINTEGERTEMPA,LINEERR
	D	1001 000D DDDD 0000:KKKK KKKK KKKK KKKK	23
	K	1001 0001 0111 0000:KKKK KKKK KKKK KKKK	1472
001852	9170 05C0	LDS SYSINTEGERTEMPA_H,LINEERR_H
	D	 1110 KKKK DDDD KKKK	28
	K	 1110 KKKK 1100 KKKK	0
001854	E0C0	LDI SYSINTEGERTEMPB,0
	D	 1110 KKKK DDDD KKKK	29
	K	 1110 KKKK 1101 KKKK	0
001855	E0D0	LDI SYSINTEGERTEMPB_H,0
	K	 1101 KKKK KKKK KKKK	2900
001856	DB54	RCALL SYSCOMPLESSTHANINT
	R	 1111 111R RRRR 0BBB	0
	B	 1111 1110 0000 0BBB	0
001857	FE00	SBRS SYSBYTETEMPX,0
	K	 1100 KKKK KKKK KKKK	15
001858	C00F	RJMP ELSE34_1
	D	1001 000D DDDD 0000:KKKK KKKK KKKK KKKK	6
	K	1001 0000 0110 0000:KKKK KKKK KKKK KKKK	1471
001859	9060 05BF	LDS SYSTEMP1,LINEERR
	D	1001 000D DDDD 0000:KKKK KKKK KKKK KKKK	10
	K	1001 0000 1010 0000:KKKK KKKK KKKK KKKK	1469
00185B	90A0 05BD	LDS SYSTEMP2,LINEDIFFY_X2
	D	 0000 11RD DDDD RRRR	6
	R	 0000 11R0 0110 RRRR	10
00185D	0C6A	ADD SYSTEMP1,SYSTEMP2
	K	1001 001D DDDD 0000:KKKK KKKK KKKK KKKK	1471
	D	1001 001D DDDD 0000:0000 0101 1011 1111	6
00185E	9260 05BF	STS LINEERR,SYSTEMP1
	D	1001 000D DDDD 0000:KKKK KKKK KKKK KKKK	6
	K	1001 0000 0110 0000:KKKK KKKK KKKK KKKK	1472
001860	9060 05C0	LDS SYSTEMP1,LINEERR_H
	D	1001 000D DDDD 0000:KKKK KKKK KKKK KKKK	10
	K	1001 0000 1010 0000:KKKK KKKK KKKK KKKK	1470
001862	90A0 05BE	LDS SYSTEMP2,LINEDIFFY_X2_H
	D	 0001 11RD DDDD RRRR	6
	R	 0001 11R0 0110 RRRR	10
001864	1C6A	ADC SYSTEMP1,SYSTEMP2
	K	1001 001D DDDD 0000:KKKK KKKK KKKK KKKK	1472
	D	1001 001D DDDD 0000:0000 0101 1100 0000	6
001865	9260 05C0	STS LINEERR_H,SYSTEMP1
	K	 1100 KKKK KKKK KKKK	36
001867	C024	RJMP ENDIF34
		ELSE34_1
	D	1001 000D DDDD 0000:KKKK KKKK KKKK KKKK	6
	K	1001 0000 0110 0000:KKKK KKKK KKKK KKKK	1469
001868	9060 05BD	LDS SYSTEMP1,LINEDIFFY_X2
	D	1001 000D DDDD 0000:KKKK KKKK KKKK KKKK	16
	K	1001 0001 0000 0000:KKKK KKKK KKKK KKKK	1465
00186A	9100 05B9	LDS SYSTEMP3,LINEDIFFX_X2
	D	 0001 10RD DDDD RRRR	6
	R	 0001 10R0 0110 RRRR	16
00186C	1A60	SUB SYSTEMP1,SYSTEMP3
	D	 0010 11RD DDDD RRRR	10
	R	 0010 11R0 1010 RRRR	6
00186D	2CA6	MOV SYSTEMP2,SYSTEMP1
	D	1001 000D DDDD 0000:KKKK KKKK KKKK KKKK	6
	K	1001 0000 0110 0000:KKKK KKKK KKKK KKKK	1470
00186E	9060 05BE	LDS SYSTEMP1,LINEDIFFY_X2_H
	D	1001 000D DDDD 0000:KKKK KKKK KKKK KKKK	16
	K	1001 0001 0000 0000:KKKK KKKK KKKK KKKK	1466
001870	9100 05BA	LDS SYSTEMP3,LINEDIFFX_X2_H
	D	 0000 10RD DDDD RRRR	6
	R	 0000 10R0 0110 RRRR	16
001872	0A60	SBC SYSTEMP1,SYSTEMP3
	D	 0010 11RD DDDD RRRR	11
	R	 0010 11R0 1011 RRRR	6
001873	2CB6	MOV SYSTEMP2_H,SYSTEMP1
	D	1001 000D DDDD 0000:KKKK KKKK KKKK KKKK	6
	K	1001 0000 0110 0000:KKKK KKKK KKKK KKKK	1471
001874	9060 05BF	LDS SYSTEMP1,LINEERR
	D	 0000 11RD DDDD RRRR	6
	R	 0000 11R0 0110 RRRR	10
001876	0C6A	ADD SYSTEMP1,SYSTEMP2
	K	1001 001D DDDD 0000:KKKK KKKK KKKK KKKK	1471
	D	1001 001D DDDD 0000:0000 0101 1011 1111	6
001877	9260 05BF	STS LINEERR,SYSTEMP1
	D	1001 000D DDDD 0000:KKKK KKKK KKKK KKKK	6
	K	1001 0000 0110 0000:KKKK KKKK KKKK KKKK	1472
001879	9060 05C0	LDS SYSTEMP1,LINEERR_H
	D	 0001 11RD DDDD RRRR	6
	R	 0001 11R0 0110 RRRR	11
00187B	1C6B	ADC SYSTEMP1,SYSTEMP2_H
	K	1001 001D DDDD 0000:KKKK KKKK KKKK KKKK	1472
	D	1001 001D DDDD 0000:0000 0101 1100 0000	6
00187C	9260 05C0	STS LINEERR_H,SYSTEMP1
	D	1001 000D DDDD 0000:KKKK KKKK KKKK KKKK	6
	K	1001 0000 0110 0000:KKKK KKKK KKKK KKKK	1481
00187E	9060 05C9	LDS SYSTEMP1,LINEY1
	D	1001 000D DDDD 0000:KKKK KKKK KKKK KKKK	10
	K	1001 0000 1010 0000:KKKK KKKK KKKK KKKK	1475
001880	90A0 05C3	LDS SYSTEMP2,LINESTEPY
	D	 0000 11RD DDDD RRRR	6
	R	 0000 11R0 0110 RRRR	10
001882	0C6A	ADD SYSTEMP1,SYSTEMP2
	K	1001 001D DDDD 0000:KKKK KKKK KKKK KKKK	1481
	D	1001 001D DDDD 0000:0000 0101 1100 1001	6
001883	9260 05C9	STS LINEY1,SYSTEMP1
	D	1001 000D DDDD 0000:KKKK KKKK KKKK KKKK	6
	K	1001 0000 0110 0000:KKKK KKKK KKKK KKKK	1482
001885	9060 05CA	LDS SYSTEMP1,LINEY1_H
	D	1001 000D DDDD 0000:KKKK KKKK KKKK KKKK	10
	K	1001 0000 1010 0000:KKKK KKKK KKKK KKKK	1476
001887	90A0 05C4	LDS SYSTEMP2,LINESTEPY_H
	D	 0001 11RD DDDD RRRR	6
	R	 0001 11R0 0110 RRRR	10
001889	1C6A	ADC SYSTEMP1,SYSTEMP2
	K	1001 001D DDDD 0000:KKKK KKKK KKKK KKKK	1482
	D	1001 001D DDDD 0000:0000 0101 1100 1010	6
00188A	9260 05CA	STS LINEY1_H,SYSTEMP1
		ENDIF34
	K	 1100 KKKK KKKK KKKK	3992
00188C	CF98	RJMP SYSDOLOOP_S7
		SYSDOLOOP_E7
	D	1001 000D DDDD 0000:KKKK KKKK KKKK KKKK	21
	K	1001 0001 0101 0000:KKKK KKKK KKKK KKKK	1477
00188D	9150 05C5	LDS SYSVALUECOPY,LINEX1
	K	1001 001D DDDD 0000:KKKK KKKK KKKK KKKK	1441
	D	1001 001D DDDD 0000:0000 0101 1010 0001	21
00188F	9350 05A1	STS GLCDX,SYSVALUECOPY
	D	1001 000D DDDD 0000:KKKK KKKK KKKK KKKK	21
	K	1001 0001 0101 0000:KKKK KKKK KKKK KKKK	1481
001891	9150 05C9	LDS SYSVALUECOPY,LINEY1
	K	1001 001D DDDD 0000:KKKK KKKK KKKK KKKK	1442
	D	1001 001D DDDD 0000:0000 0101 1010 0010	21
001893	9350 05A2	STS GLCDY,SYSVALUECOPY
	D	1001 000D DDDD 0000:KKKK KKKK KKKK KKKK	21
	K	1001 0001 0101 0000:KKKK KKKK KKKK KKKK	1459
001895	9150 05B3	LDS SYSVALUECOPY,LINECOLOUR
	K	1001 001D DDDD 0000:KKKK KKKK KKKK KKKK	1426
	D	1001 001D DDDD 0000:0000 0101 1001 0010	21
001897	9350 0592	STS GLCDCOLOUR,SYSVALUECOPY
	D	1001 000D DDDD 0000:KKKK KKKK KKKK KKKK	21
	K	1001 0001 0101 0000:KKKK KKKK KKKK KKKK	1460
001899	9150 05B4	LDS SYSVALUECOPY,LINECOLOUR_H
	K	1001 001D DDDD 0000:KKKK KKKK KKKK KKKK	1427
	D	1001 001D DDDD 0000:0000 0101 1001 0011	21
00189B	9350 0593	STS GLCDCOLOUR_H,SYSVALUECOPY
	K	 1101 KKKK KKKK KKKK	2248
00189D	D8C8	RCALL PSET_SSD1309
	K	 1100 KKKK KKKK KKKK	135
00189E	C087	RJMP ENDIF33
		ELSE33_1
	D	1001 000D DDDD 0000:KKKK KKKK KKKK KKKK	6
	K	1001 0000 0110 0000:KKKK KKKK KKKK KKKK	1465
00189F	9060 05B9	LDS SYSTEMP1,LINEDIFFX_X2
	D	1001 000D DDDD 0000:KKKK KKKK KKKK KKKK	10
	K	1001 0000 1010 0000:KKKK KKKK KKKK KKKK	1467
0018A1	90A0 05BB	LDS SYSTEMP2,LINEDIFFY
	D	 0001 10RD DDDD RRRR	6
	R	 0001 10R0 0110 RRRR	10
0018A3	186A	SUB SYSTEMP1,SYSTEMP2
	K	1001 001D DDDD 0000:KKKK KKKK KKKK KKKK	1471
	D	1001 001D DDDD 0000:0000 0101 1011 1111	6
0018A4	9260 05BF	STS LINEERR,SYSTEMP1
	D	1001 000D DDDD 0000:KKKK KKKK KKKK KKKK	6
	K	1001 0000 0110 0000:KKKK KKKK KKKK KKKK	1466
0018A6	9060 05BA	LDS SYSTEMP1,LINEDIFFX_X2_H
	D	1001 000D DDDD 0000:KKKK KKKK KKKK KKKK	10
	K	1001 0000 1010 0000:KKKK KKKK KKKK KKKK	1468
0018A8	90A0 05BC	LDS SYSTEMP2,LINEDIFFY_H
	D	 0000 10RD DDDD RRRR	6
	R	 0000 10R0 0110 RRRR	10
0018AA	086A	SBC SYSTEMP1,SYSTEMP2
	K	1001 001D DDDD 0000:KKKK KKKK KKKK KKKK	1472
	D	1001 001D DDDD 0000:0000 0101 1100 0000	6
0018AB	9260 05C0	STS LINEERR_H,SYSTEMP1
		SYSDOLOOP_S8
	D	1001 000D DDDD 0000:KKKK KKKK KKKK KKKK	22
	K	1001 0001 0110 0000:KKKK KKKK KKKK KKKK	1481
0018AD	9160 05C9	LDS SYSWORDTEMPA,LINEY1
	D	1001 000D DDDD 0000:KKKK KKKK KKKK KKKK	23
	K	1001 0001 0111 0000:KKKK KKKK KKKK KKKK	1482
0018AF	9170 05CA	LDS SYSWORDTEMPA_H,LINEY1_H
	D	1001 000D DDDD 0000:KKKK KKKK KKKK KKKK	28
	K	1001 0001 1100 0000:KKKK KKKK KKKK KKKK	1483
0018B1	91C0 05CB	LDS SYSWORDTEMPB,LINEY2
	D	1001 000D DDDD 0000:KKKK KKKK KKKK KKKK	29
	K	1001 0001 1101 0000:KKKK KKKK KKKK KKKK	1484
0018B3	91D0 05CC	LDS SYSWORDTEMPB_H,LINEY2_H
	K	 1101 KKKK KKKK KKKK	2771
0018B5	DAD3	RCALL SYSCOMPEQUAL16
	D	 1001 010D DDDD 0000	0
0018B6	9400	COM SYSBYTETEMPX
	R	 1111 111R RRRR 0BBB	0
	B	 1111 1110 0000 0BBB	0
0018B7	FE00	SBRS SYSBYTETEMPX,0
	K	 1100 KKKK KKKK KKKK	92
0018B8	C05C	RJMP SYSDOLOOP_E8
	D	1001 000D DDDD 0000:KKKK KKKK KKKK KKKK	21
	K	1001 0001 0101 0000:KKKK KKKK KKKK KKKK	1477
0018B9	9150 05C5	LDS SYSVALUECOPY,LINEX1
	K	1001 001D DDDD 0000:KKKK KKKK KKKK KKKK	1441
	D	1001 001D DDDD 0000:0000 0101 1010 0001	21
0018BB	9350 05A1	STS GLCDX,SYSVALUECOPY
	D	1001 000D DDDD 0000:KKKK KKKK KKKK KKKK	21
	K	1001 0001 0101 0000:KKKK KKKK KKKK KKKK	1481
0018BD	9150 05C9	LDS SYSVALUECOPY,LINEY1
	K	1001 001D DDDD 0000:KKKK KKKK KKKK KKKK	1442
	D	1001 001D DDDD 0000:0000 0101 1010 0010	21
0018BF	9350 05A2	STS GLCDY,SYSVALUECOPY
	D	1001 000D DDDD 0000:KKKK KKKK KKKK KKKK	21
	K	1001 0001 0101 0000:KKKK KKKK KKKK KKKK	1459
0018C1	9150 05B3	LDS SYSVALUECOPY,LINECOLOUR
	K	1001 001D DDDD 0000:KKKK KKKK KKKK KKKK	1426
	D	1001 001D DDDD 0000:0000 0101 1001 0010	21
0018C3	9350 0592	STS GLCDCOLOUR,SYSVALUECOPY
	D	1001 000D DDDD 0000:KKKK KKKK KKKK KKKK	21
	K	1001 0001 0101 0000:KKKK KKKK KKKK KKKK	1460
0018C5	9150 05B4	LDS SYSVALUECOPY,LINECOLOUR_H
	K	1001 001D DDDD 0000:KKKK KKKK KKKK KKKK	1427
	D	1001 001D DDDD 0000:0000 0101 1001 0011	21
0018C7	9350 0593	STS GLCDCOLOUR_H,SYSVALUECOPY
	K	 1101 KKKK KKKK KKKK	2204
0018C9	D89C	RCALL PSET_SSD1309
	D	1001 000D DDDD 0000:KKKK KKKK KKKK KKKK	6
	K	1001 0000 0110 0000:KKKK KKKK KKKK KKKK	1481
0018CA	9060 05C9	LDS SYSTEMP1,LINEY1
	D	1001 000D DDDD 0000:KKKK KKKK KKKK KKKK	10
	K	1001 0000 1010 0000:KKKK KKKK KKKK KKKK	1475
0018CC	90A0 05C3	LDS SYSTEMP2,LINESTEPY
	D	 0000 11RD DDDD RRRR	6
	R	 0000 11R0 0110 RRRR	10
0018CE	0C6A	ADD SYSTEMP1,SYSTEMP2
	K	1001 001D DDDD 0000:KKKK KKKK KKKK KKKK	1481
	D	1001 001D DDDD 0000:0000 0101 1100 1001	6
0018CF	9260 05C9	STS LINEY1,SYSTEMP1
	D	1001 000D DDDD 0000:KKKK KKKK KKKK KKKK	6
	K	1001 0000 0110 0000:KKKK KKKK KKKK KKKK	1482
0018D1	9060 05CA	LDS SYSTEMP1,LINEY1_H
	D	1001 000D DDDD 0000:KKKK KKKK KKKK KKKK	10
	K	1001 0000 1010 0000:KKKK KKKK KKKK KKKK	1476
0018D3	90A0 05C4	LDS SYSTEMP2,LINESTEPY_H
	D	 0001 11RD DDDD RRRR	6
	R	 0001 11R0 0110 RRRR	10
0018D5	1C6A	ADC SYSTEMP1,SYSTEMP2
	K	1001 001D DDDD 0000:KKKK KKKK KKKK KKKK	1482
	D	1001 001D DDDD 0000:0000 0101 1100 1010	6
0018D6	9260 05CA	STS LINEY1_H,SYSTEMP1
	D	1001 000D DDDD 0000:KKKK KKKK KKKK KKKK	22
	K	1001 0001 0110 0000:KKKK KKKK KKKK KKKK	1471
0018D8	9160 05BF	LDS SYSINTEGERTEMPA,LINEERR
	D	1001 000D DDDD 0000:KKKK KKKK KKKK KKKK	23
	K	1001 0001 0111 0000:KKKK KKKK KKKK KKKK	1472
0018DA	9170 05C0	LDS SYSINTEGERTEMPA_H,LINEERR_H
	D	 1110 KKKK DDDD KKKK	28
	K	 1110 KKKK 1100 KKKK	0
0018DC	E0C0	LDI SYSINTEGERTEMPB,0
	D	 1110 KKKK DDDD KKKK	29
	K	 1110 KKKK 1101 KKKK	0
0018DD	E0D0	LDI SYSINTEGERTEMPB_H,0
	K	 1101 KKKK KKKK KKKK	2764
0018DE	DACC	RCALL SYSCOMPLESSTHANINT
	R	 1111 111R RRRR 0BBB	0
	B	 1111 1110 0000 0BBB	0
0018DF	FE00	SBRS SYSBYTETEMPX,0
	K	 1100 KKKK KKKK KKKK	15
0018E0	C00F	RJMP ELSE35_1
	D	1001 000D DDDD 0000:KKKK KKKK KKKK KKKK	6
	K	1001 0000 0110 0000:KKKK KKKK KKKK KKKK	1471
0018E1	9060 05BF	LDS SYSTEMP1,LINEERR
	D	1001 000D DDDD 0000:KKKK KKKK KKKK KKKK	10
	K	1001 0000 1010 0000:KKKK KKKK KKKK KKKK	1465
0018E3	90A0 05B9	LDS SYSTEMP2,LINEDIFFX_X2
	D	 0000 11RD DDDD RRRR	6
	R	 0000 11R0 0110 RRRR	10
0018E5	0C6A	ADD SYSTEMP1,SYSTEMP2
	K	1001 001D DDDD 0000:KKKK KKKK KKKK KKKK	1471
	D	1001 001D DDDD 0000:0000 0101 1011 1111	6
0018E6	9260 05BF	STS LINEERR,SYSTEMP1
	D	1001 000D DDDD 0000:KKKK KKKK KKKK KKKK	6
	K	1001 0000 0110 0000:KKKK KKKK KKKK KKKK	1472
0018E8	9060 05C0	LDS SYSTEMP1,LINEERR_H
	D	1001 000D DDDD 0000:KKKK KKKK KKKK KKKK	10
	K	1001 0000 1010 0000:KKKK KKKK KKKK KKKK	1466
0018EA	90A0 05BA	LDS SYSTEMP2,LINEDIFFX_X2_H
	D	 0001 11RD DDDD RRRR	6
	R	 0001 11R0 0110 RRRR	10
0018EC	1C6A	ADC SYSTEMP1,SYSTEMP2
	K	1001 001D DDDD 0000:KKKK KKKK KKKK KKKK	1472
	D	1001 001D DDDD 0000:0000 0101 1100 0000	6
0018ED	9260 05C0	STS LINEERR_H,SYSTEMP1
	K	 1100 KKKK KKKK KKKK	36
0018EF	C024	RJMP ENDIF35
		ELSE35_1
	D	1001 000D DDDD 0000:KKKK KKKK KKKK KKKK	6
	K	1001 0000 0110 0000:KKKK KKKK KKKK KKKK	1465
0018F0	9060 05B9	LDS SYSTEMP1,LINEDIFFX_X2
	D	1001 000D DDDD 0000:KKKK KKKK KKKK KKKK	16
	K	1001 0001 0000 0000:KKKK KKKK KKKK KKKK	1469
0018F2	9100 05BD	LDS SYSTEMP3,LINEDIFFY_X2
	D	 0001 10RD DDDD RRRR	6
	R	 0001 10R0 0110 RRRR	16
0018F4	1A60	SUB SYSTEMP1,SYSTEMP3
	D	 0010 11RD DDDD RRRR	10
	R	 0010 11R0 1010 RRRR	6
0018F5	2CA6	MOV SYSTEMP2,SYSTEMP1
	D	1001 000D DDDD 0000:KKKK KKKK KKKK KKKK	6
	K	1001 0000 0110 0000:KKKK KKKK KKKK KKKK	1466
0018F6	9060 05BA	LDS SYSTEMP1,LINEDIFFX_X2_H
	D	1001 000D DDDD 0000:KKKK KKKK KKKK KKKK	16
	K	1001 0001 0000 0000:KKKK KKKK KKKK KKKK	1470
0018F8	9100 05BE	LDS SYSTEMP3,LINEDIFFY_X2_H
	D	 0000 10RD DDDD RRRR	6
	R	 0000 10R0 0110 RRRR	16
0018FA	0A60	SBC SYSTEMP1,SYSTEMP3
	D	 0010 11RD DDDD RRRR	11
	R	 0010 11R0 1011 RRRR	6
0018FB	2CB6	MOV SYSTEMP2_H,SYSTEMP1
	D	1001 000D DDDD 0000:KKKK KKKK KKKK KKKK	6
	K	1001 0000 0110 0000:KKKK KKKK KKKK KKKK	1471
0018FC	9060 05BF	LDS SYSTEMP1,LINEERR
	D	 0000 11RD DDDD RRRR	6
	R	 0000 11R0 0110 RRRR	10
0018FE	0C6A	ADD SYSTEMP1,SYSTEMP2
	K	1001 001D DDDD 0000:KKKK KKKK KKKK KKKK	1471
	D	1001 001D DDDD 0000:0000 0101 1011 1111	6
0018FF	9260 05BF	STS LINEERR,SYSTEMP1
	D	1001 000D DDDD 0000:KKKK KKKK KKKK KKKK	6
	K	1001 0000 0110 0000:KKKK KKKK KKKK KKKK	1472
001901	9060 05C0	LDS SYSTEMP1,LINEERR_H
	D	 0001 11RD DDDD RRRR	6
	R	 0001 11R0 0110 RRRR	11
001903	1C6B	ADC SYSTEMP1,SYSTEMP2_H
	K	1001 001D DDDD 0000:KKKK KKKK KKKK KKKK	1472
	D	1001 001D DDDD 0000:0000 0101 1100 0000	6
001904	9260 05C0	STS LINEERR_H,SYSTEMP1
	D	1001 000D DDDD 0000:KKKK KKKK KKKK KKKK	6
	K	1001 0000 0110 0000:KKKK KKKK KKKK KKKK	1477
001906	9060 05C5	LDS SYSTEMP1,LINEX1
	D	1001 000D DDDD 0000:KKKK KKKK KKKK KKKK	10
	K	1001 0000 1010 0000:KKKK KKKK KKKK KKKK	1473
001908	90A0 05C1	LDS SYSTEMP2,LINESTEPX
	D	 0000 11RD DDDD RRRR	6
	R	 0000 11R0 0110 RRRR	10
00190A	0C6A	ADD SYSTEMP1,SYSTEMP2
	K	1001 001D DDDD 0000:KKKK KKKK KKKK KKKK	1477
	D	1001 001D DDDD 0000:0000 0101 1100 0101	6
00190B	9260 05C5	STS LINEX1,SYSTEMP1
	D	1001 000D DDDD 0000:KKKK KKKK KKKK KKKK	6
	K	1001 0000 0110 0000:KKKK KKKK KKKK KKKK	1478
00190D	9060 05C6	LDS SYSTEMP1,LINEX1_H
	D	1001 000D DDDD 0000:KKKK KKKK KKKK KKKK	10
	K	1001 0000 1010 0000:KKKK KKKK KKKK KKKK	1474
00190F	90A0 05C2	LDS SYSTEMP2,LINESTEPX_H
	D	 0001 11RD DDDD RRRR	6
	R	 0001 11R0 0110 RRRR	10
001911	1C6A	ADC SYSTEMP1,SYSTEMP2
	K	1001 001D DDDD 0000:KKKK KKKK KKKK KKKK	1478
	D	1001 001D DDDD 0000:0000 0101 1100 0110	6
001912	9260 05C6	STS LINEX1_H,SYSTEMP1
		ENDIF35
	K	 1100 KKKK KKKK KKKK	3992
001914	CF98	RJMP SYSDOLOOP_S8
		SYSDOLOOP_E8
	D	1001 000D DDDD 0000:KKKK KKKK KKKK KKKK	21
	K	1001 0001 0101 0000:KKKK KKKK KKKK KKKK	1477
001915	9150 05C5	LDS SYSVALUECOPY,LINEX1
	K	1001 001D DDDD 0000:KKKK KKKK KKKK KKKK	1441
	D	1001 001D DDDD 0000:0000 0101 1010 0001	21
001917	9350 05A1	STS GLCDX,SYSVALUECOPY
	D	1001 000D DDDD 0000:KKKK KKKK KKKK KKKK	21
	K	1001 0001 0101 0000:KKKK KKKK KKKK KKKK	1481
001919	9150 05C9	LDS SYSVALUECOPY,LINEY1
	K	1001 001D DDDD 0000:KKKK KKKK KKKK KKKK	1442
	D	1001 001D DDDD 0000:0000 0101 1010 0010	21
00191B	9350 05A2	STS GLCDY,SYSVALUECOPY
	D	1001 000D DDDD 0000:KKKK KKKK KKKK KKKK	21
	K	1001 0001 0101 0000:KKKK KKKK KKKK KKKK	1459
00191D	9150 05B3	LDS SYSVALUECOPY,LINECOLOUR
	K	1001 001D DDDD 0000:KKKK KKKK KKKK KKKK	1426
	D	1001 001D DDDD 0000:0000 0101 1001 0010	21
00191F	9350 0592	STS GLCDCOLOUR,SYSVALUECOPY
	D	1001 000D DDDD 0000:KKKK KKKK KKKK KKKK	21
	K	1001 0001 0101 0000:KKKK KKKK KKKK KKKK	1460
001921	9150 05B4	LDS SYSVALUECOPY,LINECOLOUR_H
	K	1001 001D DDDD 0000:KKKK KKKK KKKK KKKK	1427
	D	1001 001D DDDD 0000:0000 0101 1001 0011	21
001923	9350 0593	STS GLCDCOLOUR_H,SYSVALUECOPY
	K	 1101 KKKK KKKK KKKK	2112
001925	D840	RCALL PSET_SSD1309
		ENDIF33
001926	9508	RET


