GCASM List File (GCBASIC 2026.08.07 (Windows 64 bit) : Build 1617)

Symbols:
A 	EQU 	0
ABD 	EQU 	4
ABDEN 	EQU 	6
ABDIE 	EQU 	2
ABDIF 	EQU 	6
ABDOVE 	EQU 	5
ABDOVF 	EQU 	5
ACC0 	EQU 	0
ACC1 	EQU 	1
ACC10 	EQU 	2
ACC11 	EQU 	3
ACC12 	EQU 	4
ACC13 	EQU 	5
ACC14 	EQU 	6
ACC15 	EQU 	7
ACC16 	EQU 	0
ACC17 	EQU 	1
ACC18 	EQU 	2
ACC19 	EQU 	3
ACC2 	EQU 	2
ACC3 	EQU 	3
ACC4 	EQU 	4
ACC5 	EQU 	5
ACC6 	EQU 	6
ACC7 	EQU 	7
ACC8 	EQU 	0
ACC9 	EQU 	1
ACCESS 	EQU 	0
ACCM 	EQU 	4
ACCMOD 	EQU 	4
ACKCNT 	EQU 	7
ACKDT 	EQU 	6
ACKSTAT 	EQU 	5
ACKT 	EQU 	4
ACKT1IE 	EQU 	6
ACKT1IF 	EQU 	6
ACKT2IE 	EQU 	6
ACKT2IF 	EQU 	6
ACKTIE 	EQU 	6
ACKTIF 	EQU 	6
ACLR 	EQU 	3
ACNT 	EQU 	7
ACNTMD0 	EQU 	0
ACNTMD1 	EQU 	1
ACQ0 	EQU 	0
ACQ1 	EQU 	1
ACQ10 	EQU 	2
ACQ11 	EQU 	3
ACQ12 	EQU 	4
ACQ2 	EQU 	2
ACQ3 	EQU 	3
ACQ4 	EQU 	4
ACQ5 	EQU 	5
ACQ6 	EQU 	6
ACQ7 	EQU 	7
ACQ8 	EQU 	0
ACQ9 	EQU 	1
ACSS 	EQU 	33
ACT0 	EQU 	0
ACT1 	EQU 	1
ACT2 	EQU 	2
ACT3 	EQU 	3
ACT4 	EQU 	4
ACT5 	EQU 	5
ACTCON 	EQU 	172
ACTCON_EN 	EQU 	7
ACTEN 	EQU 	7
ACTIE 	EQU 	3
ACTIF 	EQU 	3
ACTIP 	EQU 	3
ACTLOCK 	EQU 	3
ACTMD 	EQU 	3
ACTORS 	EQU 	1
ACTUD 	EQU 	6
AD0 	EQU 	0
AD1 	EQU 	1
AD10 	EQU 	2
AD11 	EQU 	3
AD12 	EQU 	4
AD13 	EQU 	5
AD14 	EQU 	6
AD15 	EQU 	7
AD16 	EQU 	0
AD17 	EQU 	1
AD18 	EQU 	2
AD19 	EQU 	3
AD2 	EQU 	2
AD20 	EQU 	4
AD3 	EQU 	3
AD4 	EQU 	4
AD5 	EQU 	5
AD6 	EQU 	6
AD7 	EQU 	7
AD8 	EQU 	0
AD9 	EQU 	1
ADACC 	EQU 	995
ADACC0 	EQU 	0
ADACC1 	EQU 	1
ADACC10 	EQU 	2
ADACC11 	EQU 	3
ADACC12 	EQU 	4
ADACC13 	EQU 	5
ADACC14 	EQU 	6
ADACC15 	EQU 	7
ADACC2 	EQU 	2
ADACC3 	EQU 	3
ADACC4 	EQU 	4
ADACC5 	EQU 	5
ADACC6 	EQU 	6
ADACC7 	EQU 	7
ADACC8 	EQU 	0
ADACC9 	EQU 	1
ADACCH 	EQU 	996
ADACCL 	EQU 	995
ADACLR 	EQU 	3
ADACQ 	EQU 	1006
ADACQ0 	EQU 	0
ADACQ1 	EQU 	1
ADACQ10 	EQU 	2
ADACQ11 	EQU 	3
ADACQ12 	EQU 	4
ADACQ2 	EQU 	2
ADACQ3 	EQU 	3
ADACQ4 	EQU 	4
ADACQ5 	EQU 	5
ADACQ6 	EQU 	6
ADACQ7 	EQU 	7
ADACQ8 	EQU 	0
ADACQ9 	EQU 	1
ADACQH 	EQU 	1007
ADACQH_ACQ0 	EQU 	0
ADACQH_ACQ1 	EQU 	1
ADACQH_ACQ2 	EQU 	2
ADACQH_ACQ3 	EQU 	3
ADACQH_ACQ4 	EQU 	4
ADACQH_ADACQ0 	EQU 	0
ADACQH_ADACQ1 	EQU 	1
ADACQH_ADACQ2 	EQU 	2
ADACQH_ADACQ3 	EQU 	3
ADACQH_ADACQ4 	EQU 	4
ADACQL 	EQU 	1006
ADACT 	EQU 	1017
ADACT0 	EQU 	0
ADACT1 	EQU 	1
ADACT2 	EQU 	2
ADACT3 	EQU 	3
ADACT4 	EQU 	4
ADACT5 	EQU 	5
ADACTPPS 	EQU 	617
ADACTPPS0 	EQU 	0
ADACTPPS1 	EQU 	1
ADACTPPS2 	EQU 	2
ADACTPPS3 	EQU 	3
ADACTPPS4 	EQU 	4
ADACTPPS5 	EQU 	5
ADACTPPS6 	EQU 	6
ADACTPPS7 	EQU 	7
ADACTPPS_PIN0 	EQU 	0
ADACTPPS_PIN1 	EQU 	1
ADACTPPS_PIN2 	EQU 	2
ADACTPPS_PORT0 	EQU 	3
ADACTPPS_PORT1 	EQU 	4
ADACTPPS_PORT2 	EQU 	5
ADACTPPS_PORT3 	EQU 	6
ADACTPPS_PORT4 	EQU 	7
ADAOV 	EQU 	7
ADCALC0 	EQU 	4
ADCALC1 	EQU 	5
ADCALC2 	EQU 	6
ADCAP 	EQU 	1008
ADCAP0 	EQU 	0
ADCAP1 	EQU 	1
ADCAP2 	EQU 	2
ADCAP3 	EQU 	3
ADCAP4 	EQU 	4
ADCG1A 	EQU 	272
ADCG1B 	EQU 	273
ADCG1C 	EQU 	274
ADCG1E 	EQU 	276
ADCLK 	EQU 	1018
ADCLK_CS3 	EQU 	3
ADCLK_CS4 	EQU 	4
ADCMD 	EQU 	1
ADCNT 	EQU 	998
ADCNT0 	EQU 	0
ADCNT1 	EQU 	1
ADCNT2 	EQU 	2
ADCNT3 	EQU 	3
ADCNT4 	EQU 	4
ADCNT5 	EQU 	5
ADCNT6 	EQU 	6
ADCNT7 	EQU 	7
ADCNT_CNT0 	EQU 	0
ADCNT_CNT1 	EQU 	1
ADCNT_CNT2 	EQU 	2
ADCNT_CNT3 	EQU 	3
ADCNT_CNT4 	EQU 	4
ADCNT_CNT5 	EQU 	5
ADCNT_CNT6 	EQU 	6
ADCNT_CNT7 	EQU 	7
ADCON0 	EQU 	1011
ADCON0_ADFM0 	EQU 	2
ADCON0_FM0 	EQU 	2
ADCON1 	EQU 	1012
ADCON2 	EQU 	1013
ADCON2_ADCRS0 	EQU 	4
ADCON2_ADCRS1 	EQU 	5
ADCON2_ADCRS2 	EQU 	6
ADCON2_ADMD0 	EQU 	0
ADCON2_ADMD1 	EQU 	1
ADCON2_ADMD2 	EQU 	2
ADCON2_CRS0 	EQU 	4
ADCON2_CRS1 	EQU 	5
ADCON2_CRS2 	EQU 	6
ADCON2_MD0 	EQU 	0
ADCON2_MD1 	EQU 	1
ADCON2_MD2 	EQU 	2
ADCON3 	EQU 	1014
ADCON3_ADCALC0 	EQU 	4
ADCON3_ADCALC1 	EQU 	5
ADCON3_ADCALC2 	EQU 	6
ADCON3_ADTMD0 	EQU 	0
ADCON3_ADTMD1 	EQU 	1
ADCON3_ADTMD2 	EQU 	2
ADCON3_CALC0 	EQU 	4
ADCON3_CALC1 	EQU 	5
ADCON3_CALC2 	EQU 	6
ADCON3_TMD0 	EQU 	0
ADCON3_TMD1 	EQU 	1
ADCON3_TMD2 	EQU 	2
ADCONT 	EQU 	6
ADCRS0 	EQU 	4
ADCRS1 	EQU 	5
ADCRS2 	EQU 	6
ADCS 	EQU 	4
ADCS0 	EQU 	0
ADCS1 	EQU 	1
ADCS2 	EQU 	2
ADCS3 	EQU 	3
ADCS4 	EQU 	4
ADCS5 	EQU 	5
ADCVAL 	EQU 	1294
ADCVAL_H 	EQU 	1295
ADDSEN 	EQU 	0
ADERR 	EQU 	989
ADERR0 	EQU 	0
ADERR1 	EQU 	1
ADERR10 	EQU 	2
ADERR11 	EQU 	3
ADERR12 	EQU 	4
ADERR13 	EQU 	5
ADERR14 	EQU 	6
ADERR15 	EQU 	7
ADERR2 	EQU 	2
ADERR3 	EQU 	3
ADERR4 	EQU 	4
ADERR5 	EQU 	5
ADERR6 	EQU 	6
ADERR7 	EQU 	7
ADERR8 	EQU 	0
ADERR9 	EQU 	1
ADERRH 	EQU 	990
ADERRL 	EQU 	989
ADFLTR 	EQU 	993
ADFLTR0 	EQU 	0
ADFLTR1 	EQU 	1
ADFLTR10 	EQU 	2
ADFLTR11 	EQU 	3
ADFLTR12 	EQU 	4
ADFLTR13 	EQU 	5
ADFLTR14 	EQU 	6
ADFLTR15 	EQU 	7
ADFLTR2 	EQU 	2
ADFLTR3 	EQU 	3
ADFLTR4 	EQU 	4
ADFLTR5 	EQU 	5
ADFLTR6 	EQU 	6
ADFLTR7 	EQU 	7
ADFLTR8 	EQU 	0
ADFLTR9 	EQU 	1
ADFLTRH 	EQU 	994
ADFLTRL 	EQU 	993
ADFM0 	EQU 	2
ADFM1 	EQU 	3
ADFVR0 	EQU 	0
ADFVR1 	EQU 	1
ADGO 	EQU 	0
ADGPOL 	EQU 	5
ADIE 	EQU 	2
ADIF 	EQU 	2
ADIP 	EQU 	2
ADIPEN 	EQU 	6
ADLTH 	EQU 	985
ADLTH0 	EQU 	0
ADLTH1 	EQU 	1
ADLTH10 	EQU 	2
ADLTH11 	EQU 	3
ADLTH12 	EQU 	4
ADLTH13 	EQU 	5
ADLTH14 	EQU 	6
ADLTH15 	EQU 	7
ADLTH2 	EQU 	2
ADLTH3 	EQU 	3
ADLTH4 	EQU 	4
ADLTH5 	EQU 	5
ADLTH6 	EQU 	6
ADLTH7 	EQU 	7
ADLTH8 	EQU 	0
ADLTH9 	EQU 	1
ADLTHH 	EQU 	986
ADLTHL 	EQU 	985
ADLTHR 	EQU 	5
ADMATH 	EQU 	4
ADMD0 	EQU 	0
ADMD1 	EQU 	1
ADMD2 	EQU 	2
ADNREF0 	EQU 	4
ADNREF1 	EQU 	5
ADNREF2 	EQU 	6
ADNREF3 	EQU 	7
ADOEN 	EQU 	2
ADON 	EQU 	7
ADOR 	EQU 	2
ADOV 	EQU 	7
ADPCH 	EQU 	1004
ADPCH0 	EQU 	0
ADPCH1 	EQU 	1
ADPCH2 	EQU 	2
ADPCH3 	EQU 	3
ADPCH4 	EQU 	4
ADPCH5 	EQU 	5
ADPCH6 	EQU 	6
ADPCH7 	EQU 	7
ADPCSC 	EQU 	1
ADPPOL 	EQU 	7
ADPRE 	EQU 	1009
ADPRE0 	EQU 	0
ADPRE1 	EQU 	1
ADPRE10 	EQU 	2
ADPRE11 	EQU 	3
ADPRE12 	EQU 	4
ADPRE2 	EQU 	2
ADPRE3 	EQU 	3
ADPRE4 	EQU 	4
ADPRE5 	EQU 	5
ADPRE6 	EQU 	6
ADPRE7 	EQU 	7
ADPRE8 	EQU 	0
ADPRE9 	EQU 	1
ADPREF0 	EQU 	0
ADPREF1 	EQU 	1
ADPREF2 	EQU 	2
ADPREF3 	EQU 	3
ADPREH 	EQU 	1010
ADPREH_ADPRE0 	EQU 	0
ADPREH_ADPRE1 	EQU 	1
ADPREH_ADPRE2 	EQU 	2
ADPREH_ADPRE3 	EQU 	3
ADPREH_ADPRE4 	EQU 	4
ADPREH_PRE0 	EQU 	0
ADPREH_PRE1 	EQU 	1
ADPREH_PRE2 	EQU 	2
ADPREH_PRE3 	EQU 	3
ADPREH_PRE4 	EQU 	4
ADPREL 	EQU 	1009
ADPREV 	EQU 	1000
ADPREV0 	EQU 	0
ADPREV1 	EQU 	1
ADPREV10 	EQU 	2
ADPREV11 	EQU 	3
ADPREV12 	EQU 	4
ADPREV13 	EQU 	5
ADPREV14 	EQU 	6
ADPREV15 	EQU 	7
ADPREV2 	EQU 	2
ADPREV3 	EQU 	3
ADPREV4 	EQU 	4
ADPREV5 	EQU 	5
ADPREV6 	EQU 	6
ADPREV7 	EQU 	7
ADPREV8 	EQU 	0
ADPREV9 	EQU 	1
ADPREVH 	EQU 	1001
ADPREVL 	EQU 	1000
ADPSIS 	EQU 	7
ADR0 	EQU 	1
ADR1 	EQU 	2
ADR1IE 	EQU 	3
ADR1IF 	EQU 	3
ADR2 	EQU 	3
ADR2IE 	EQU 	3
ADR2IF 	EQU 	3
ADR3 	EQU 	4
ADR4 	EQU 	5
ADR5 	EQU 	6
ADR6 	EQU 	7
ADREADPORT 	EQU 	1296
ADREF 	EQU 	1016
ADREF_ADNREF0 	EQU 	4
ADREF_ADPREF0 	EQU 	0
ADREF_ADPREF1 	EQU 	1
ADREF_NREF0 	EQU 	4
ADREF_PREF0 	EQU 	0
ADREF_PREF1 	EQU 	1
ADRES 	EQU 	1002
ADRES0 	EQU 	0
ADRES1 	EQU 	1
ADRES10 	EQU 	2
ADRES11 	EQU 	3
ADRES12 	EQU 	4
ADRES13 	EQU 	5
ADRES14 	EQU 	6
ADRES15 	EQU 	7
ADRES2 	EQU 	2
ADRES3 	EQU 	3
ADRES4 	EQU 	4
ADRES5 	EQU 	5
ADRES6 	EQU 	6
ADRES7 	EQU 	7
ADRES8 	EQU 	0
ADRES9 	EQU 	1
ADRESH 	EQU 	1003
ADRESL 	EQU 	1002
ADRIE 	EQU 	3
ADRIF 	EQU 	3
ADRPT 	EQU 	999
ADRPT0 	EQU 	0
ADRPT1 	EQU 	1
ADRPT2 	EQU 	2
ADRPT3 	EQU 	3
ADRPT4 	EQU 	4
ADRPT5 	EQU 	5
ADRPT6 	EQU 	6
ADRPT7 	EQU 	7
ADSOI 	EQU 	3
ADSTAT 	EQU 	1015
ADSTAT0 	EQU 	0
ADSTAT1 	EQU 	1
ADSTAT2 	EQU 	2
ADSTAT_ADSTAT0 	EQU 	0
ADSTAT_ADSTAT1 	EQU 	1
ADSTAT_ADSTAT2 	EQU 	2
ADSTAT_STAT0_ADSTAT 	EQU 	0
ADSTAT_STAT1_ADSTAT 	EQU 	1
ADSTAT_STAT2 	EQU 	2
ADSTPT 	EQU 	991
ADSTPT0 	EQU 	0
ADSTPT1 	EQU 	1
ADSTPT10 	EQU 	2
ADSTPT11 	EQU 	3
ADSTPT12 	EQU 	4
ADSTPT13 	EQU 	5
ADSTPT14 	EQU 	6
ADSTPT15 	EQU 	7
ADSTPT2 	EQU 	2
ADSTPT3 	EQU 	3
ADSTPT4 	EQU 	4
ADSTPT5 	EQU 	5
ADSTPT6 	EQU 	6
ADSTPT7 	EQU 	7
ADSTPT8 	EQU 	0
ADSTPT9 	EQU 	1
ADSTPTH 	EQU 	992
ADSTPTL 	EQU 	991
ADTIE 	EQU 	1
ADTIF 	EQU 	1
ADTIP 	EQU 	1
ADTMD0 	EQU 	0
ADTMD1 	EQU 	1
ADTMD2 	EQU 	2
ADUTH 	EQU 	987
ADUTH0 	EQU 	0
ADUTH1 	EQU 	1
ADUTH10 	EQU 	2
ADUTH11 	EQU 	3
ADUTH12 	EQU 	4
ADUTH13 	EQU 	5
ADUTH14 	EQU 	6
ADUTH15 	EQU 	7
ADUTH2 	EQU 	2
ADUTH3 	EQU 	3
ADUTH4 	EQU 	4
ADUTH5 	EQU 	5
ADUTH6 	EQU 	6
ADUTH7 	EQU 	7
ADUTH8 	EQU 	0
ADUTH9 	EQU 	1
ADUTHH 	EQU 	988
ADUTHL 	EQU 	987
ADUTHR 	EQU 	6
AFSR0 	EQU 	1257
AFSR0_H 	EQU 	1258
AIRQ0 	EQU 	0
AIRQ1 	EQU 	1
AIRQ2 	EQU 	2
AIRQ3 	EQU 	3
AIRQ4 	EQU 	4
AIRQ5 	EQU 	5
AIRQ6 	EQU 	6
AIRQ7 	EQU 	7
AIRQEN 	EQU 	2
ANGLE 	EQU 	1297
ANGLECHECK 	EQU 	1132
ANGLE_H 	EQU 	1298
ANSELA 	EQU 	1024
ANSELA0 	EQU 	0
ANSELA1 	EQU 	1
ANSELA2 	EQU 	2
ANSELA3 	EQU 	3
ANSELA4 	EQU 	4
ANSELA5 	EQU 	5
ANSELA6 	EQU 	6
ANSELA7 	EQU 	7
ANSELB 	EQU 	1032
ANSELB0 	EQU 	0
ANSELB1 	EQU 	1
ANSELB2 	EQU 	2
ANSELB3 	EQU 	3
ANSELB4 	EQU 	4
ANSELB5 	EQU 	5
ANSELB6 	EQU 	6
ANSELB7 	EQU 	7
ANSELC 	EQU 	1040
ANSELC0 	EQU 	0
ANSELC1 	EQU 	1
ANSELC2 	EQU 	2
ANSELE 	EQU 	1056
ANSELE0 	EQU 	0
ANSELE1 	EQU 	1
ANSELE2 	EQU 	2
AOV 	EQU 	7
AS0E 	EQU 	0
AS1E 	EQU 	1
AS2E 	EQU 	2
AS3E 	EQU 	3
AS4E 	EQU 	4
AS5E 	EQU 	5
AS6E 	EQU 	6
AS7E 	EQU 	7
ASC 	EQU 	1299
ASYNC 	EQU 	4
B 	EQU 	1
BANKED 	EQU 	1
BASE0 	EQU 	0
BASE1 	EQU 	1
BASE10 	EQU 	2
BASE11 	EQU 	3
BASE12 	EQU 	4
BASE13 	EQU 	5
BASE14 	EQU 	6
BASE15 	EQU 	7
BASE16 	EQU 	0
BASE17 	EQU 	1
BASE18 	EQU 	2
BASE19 	EQU 	3
BASE2 	EQU 	2
BASE20 	EQU 	4
BASE3 	EQU 	3
BASE4 	EQU 	4
BASE5 	EQU 	5
BASE6 	EQU 	6
BASE7 	EQU 	7
BASE8 	EQU 	0
BASE9 	EQU 	1
BASPROGRAMEND 	EQU 	1128
BASPROGRAMSTART 	EQU 	12
BAUD0 	EQU 	0
BAUD1 	EQU 	1
BAUD2 	EQU 	2
BAUD3 	EQU 	3
BAUD4 	EQU 	4
BAUD5 	EQU 	5
BAUD6 	EQU 	6
BAUD7 	EQU 	7
BCL1IE 	EQU 	1
BCL1IF 	EQU 	5
BCL2IE 	EQU 	1
BCL2IF 	EQU 	5
BCLIE 	EQU 	1
BCLIF 	EQU 	5
BFRE 	EQU 	7
BFRET0 	EQU 	0
BFRET1 	EQU 	1
BMODE 	EQU 	0
BOR 	EQU 	0
BORCON 	EQU 	73
BORRDY 	EQU 	0
BOX20 	EQU 	1232
BRGS 	EQU 	7
BRKOVR 	EQU 	1
BSR 	EQU 	1248
BSR_CSHAD 	EQU 	885
BSR_SHAD 	EQU 	889
BTO1IE 	EQU 	2
BTO1IF 	EQU 	6
BTO2IE 	EQU 	2
BTO2IF 	EQU 	6
BTOC0 	EQU 	0
BTOC1 	EQU 	1
BTOC2 	EQU 	2
BTOC3 	EQU 	3
BTOIE 	EQU 	2
BTOIF 	EQU 	6
BUF0 	EQU 	0
BUF1 	EQU 	1
BUF2 	EQU 	2
BUF3 	EQU 	3
BUF4 	EQU 	4
BUF5 	EQU 	5
BUF6 	EQU 	6
BUF7 	EQU 	7
BURSTMD 	EQU 	1
BUSY_CRCCON0 	EQU 	5
BUSY_SCANCON0 	EQU 	0
BUSY_SPI1CON2 	EQU 	7
C 	EQU 	0
C0EN 	EQU 	3
C1EN 	EQU 	7
C1HYS 	EQU 	1
C1HYS1 	EQU 	2
C1IE 	EQU 	0
C1IF 	EQU 	0
C1INTN 	EQU 	0
C1INTP 	EQU 	1
C1IP 	EQU 	0
C1NCH0 	EQU 	0
C1NCH1 	EQU 	1
C1NCH2 	EQU 	2
C1OUT_CM1CON0 	EQU 	6
C1PCH0 	EQU 	0
C1PCH1 	EQU 	1
C1PCH2 	EQU 	2
C1POL 	EQU 	4
C1RDY 	EQU 	7
C1SP0 	EQU 	2
C1SP1 	EQU 	3
C1SYNC 	EQU 	0
C1TSEL0 	EQU 	0
C1TSEL1 	EQU 	1
C2EN 	EQU 	7
C2HYS 	EQU 	1
C2HYS1 	EQU 	2
C2IE 	EQU 	1
C2IF 	EQU 	1
C2INTN 	EQU 	0
C2INTP 	EQU 	1
C2IP 	EQU 	1
C2NCH0 	EQU 	0
C2NCH1 	EQU 	1
C2NCH2 	EQU 	2
C2OUT_CM2CON0 	EQU 	6
C2PCH0 	EQU 	0
C2PCH1 	EQU 	1
C2PCH2 	EQU 	2
C2POL 	EQU 	4
C2RDY 	EQU 	7
C2SP0 	EQU 	2
C2SP1 	EQU 	3
C2SYNC 	EQU 	0
CALC0 	EQU 	4
CALC1 	EQU 	5
CALC2 	EQU 	6
CAPT 	EQU 	3
CARH0 	EQU 	0
CARH1 	EQU 	1
CARH2 	EQU 	2
CARH3 	EQU 	3
CARH4 	EQU 	4
CARL0 	EQU 	0
CARL1 	EQU 	1
CARL2 	EQU 	2
CARL3 	EQU 	3
CARL4 	EQU 	4
CCP1CAP 	EQU 	835
CCP1CON 	EQU 	834
CCP1CON_CCP1CON_MODE0 	EQU 	0
CCP1CON_CCP1CON_MODE1 	EQU 	1
CCP1CON_CCP1CON_MODE2 	EQU 	2
CCP1CON_CCP1CON_MODE3 	EQU 	3
CCP1CON_CCP1MODE0 	EQU 	0
CCP1CON_CCP1MODE1 	EQU 	1
CCP1CON_CCP1MODE2 	EQU 	2
CCP1CON_CCP1MODE3 	EQU 	3
CCP1CON_EN 	EQU 	7
CCP1CON_MODE0 	EQU 	0
CCP1CON_MODE1 	EQU 	1
CCP1CON_MODE2 	EQU 	2
CCP1CON_MODE3 	EQU 	3
CCP1CTS0 	EQU 	0
CCP1CTS1 	EQU 	1
CCP1CTS2 	EQU 	2
CCP1CTS3 	EQU 	3
CCP1EN 	EQU 	7
CCP1FMT 	EQU 	4
CCP1IE 	EQU 	2
CCP1IF 	EQU 	2
CCP1IP 	EQU 	2
CCP1MD 	EQU 	6
CCP1MODE0 	EQU 	0
CCP1MODE1 	EQU 	1
CCP1MODE2 	EQU 	2
CCP1MODE3 	EQU 	3
CCP1OUT 	EQU 	5
CCP1PPS 	EQU 	591
CCP1PPS0 	EQU 	0
CCP1PPS1 	EQU 	1
CCP1PPS2 	EQU 	2
CCP1PPS3 	EQU 	3
CCP1PPS4 	EQU 	4
CCP1PPS5 	EQU 	5
CCP1PPS6 	EQU 	6
CCP1PPS7 	EQU 	7
CCP1PPS_PIN0 	EQU 	0
CCP1PPS_PIN1 	EQU 	1
CCP1PPS_PIN2 	EQU 	2
CCP1PPS_PORT0 	EQU 	3
CCP1PPS_PORT1 	EQU 	4
CCP1PPS_PORT2 	EQU 	5
CCP1PPS_PORT3 	EQU 	6
CCP1PPS_PORT4 	EQU 	7
CCPR1 	EQU 	832
CCPR1H 	EQU 	833
CCPR1L 	EQU 	832
CCPTMRS0 	EQU 	844
CCPTMRS0_C1TSEL0 	EQU 	0
CCPTMRS0_C1TSEL1 	EQU 	1
CDAFVR0 	EQU 	2
CDAFVR1 	EQU 	3
CDIV0 	EQU 	0
CDIV1 	EQU 	1
CDIV2 	EQU 	2
CDIV3 	EQU 	3
CERIE 	EQU 	4
CERIF 	EQU 	4
CGA0 	EQU 	0
CGA1 	EQU 	1
CGA2 	EQU 	2
CGA3 	EQU 	3
CGA4 	EQU 	4
CGA5 	EQU 	5
CGA6 	EQU 	6
CGA7 	EQU 	7
CGB0 	EQU 	0
CGB1 	EQU 	1
CGB2 	EQU 	2
CGB3 	EQU 	3
CGB4 	EQU 	4
CGB5 	EQU 	5
CGB6 	EQU 	6
CGB7 	EQU 	7
CGC0 	EQU 	0
CGC1 	EQU 	1
CGC2 	EQU 	2
CGE0 	EQU 	0
CGE1 	EQU 	1
CGE2 	EQU 	2
CH16AB 	EQU 	0
CHARCODE 	EQU 	1300
CHARCOL 	EQU 	1301
CHARCOLS 	EQU 	1303
CHARCOL_H 	EQU 	1302
CHARLOCX 	EQU 	1304
CHARLOCX_H 	EQU 	1305
CHARLOCY 	EQU 	1306
CHARLOCY_H 	EQU 	1307
CHARROW 	EQU 	1308
CHARROWS 	EQU 	1310
CHARROW_H 	EQU 	1309
CHPOL 	EQU 	5
CHS0 	EQU 	2
CHS1 	EQU 	3
CHS2 	EQU 	4
CHS3 	EQU 	5
CHS4 	EQU 	6
CHSYNC 	EQU 	4
CIE 	EQU 	0
CIF 	EQU 	0
CKE 	EQU 	6
CKP 	EQU 	5
CKPOL 	EQU 	6
CKPS0_T0CON1 	EQU 	0
CKPS0_T1CON 	EQU 	4
CKPS0_T2CON 	EQU 	4
CKPS0_T3CON 	EQU 	4
CKPS0_T4CON 	EQU 	4
CKPS1_T0CON1 	EQU 	1
CKPS1_T1CON 	EQU 	5
CKPS1_T2CON 	EQU 	5
CKPS1_T3CON 	EQU 	5
CKPS1_T4CON 	EQU 	5
CKPS2_T0CON1 	EQU 	2
CKPS2_T2CON 	EQU 	6
CKPS2_T4CON 	EQU 	6
CKPS3 	EQU 	3
CKS0 	EQU 	0
CKS1 	EQU 	1
CKS2 	EQU 	2
CKS3 	EQU 	3
CKS4 	EQU 	4
CKSYNC 	EQU 	5
CLB0IE 	EQU 	4
CLB0IF 	EQU 	4
CLB0IP 	EQU 	4
CLB1IE 	EQU 	5
CLB1IF 	EQU 	5
CLB1IP 	EQU 	5
CLB2IE 	EQU 	6
CLB2IF 	EQU 	6
CLB2IP 	EQU 	6
CLB3IE 	EQU 	7
CLB3IF 	EQU 	7
CLB3IP 	EQU 	7
CLBCLK 	EQU 	195
CLBCLKPPS 	EQU 	573
CLBCLKPPS0 	EQU 	0
CLBCLKPPS1 	EQU 	1
CLBCLKPPS2 	EQU 	2
CLBCLKPPS3 	EQU 	3
CLBCLKPPS4 	EQU 	4
CLBCLKPPS5 	EQU 	5
CLBCLKPPS6 	EQU 	6
CLBCLKPPS7 	EQU 	7
CLBCLKPPS_PIN0 	EQU 	0
CLBCLKPPS_PIN1 	EQU 	1
CLBCLKPPS_PIN2 	EQU 	2
CLBCLKPPS_PORT0 	EQU 	3
CLBCLKPPS_PORT1 	EQU 	4
CLBCLKPPS_PORT2 	EQU 	5
CLBCLKPPS_PORT3 	EQU 	6
CLBCLKPPS_PORT4 	EQU 	7
CLBCLK_CLKPRE0 	EQU 	0
CLBCLK_CLKPRE1 	EQU 	1
CLBCLK_CLKPRE2 	EQU 	2
CLBCLK_CLKPRE3 	EQU 	3
CLBCLK_CLKSEL0 	EQU 	4
CLBCLK_CLKSEL1 	EQU 	5
CLBCLK_CLKSEL2 	EQU 	6
CLBCLK_CLKSEL3 	EQU 	7
CLBCON 	EQU 	192
CLBCON_EN 	EQU 	7
CLBDB0 	EQU 	0
CLBDB1 	EQU 	1
CLBDEBUG0 	EQU 	200
CLBDEBUG1 	EQU 	201
CLBDEBUG1_DBG0 	EQU 	0
CLBDEBUG1_DBG1 	EQU 	1
CLBDEBUG1_DBG2 	EQU 	2
CLBDEBUG1_DBG3 	EQU 	3
CLBDEBUG1_DBG4 	EQU 	4
CLBDEBUG1_DBG5 	EQU 	5
CLBDEBUG1_DBG6 	EQU 	6
CLBEN 	EQU 	7
CLBIN0PPS 	EQU 	565
CLBIN0PPS0 	EQU 	0
CLBIN0PPS1 	EQU 	1
CLBIN0PPS2 	EQU 	2
CLBIN0PPS3 	EQU 	3
CLBIN0PPS4 	EQU 	4
CLBIN0PPS5 	EQU 	5
CLBIN0PPS6 	EQU 	6
CLBIN0PPS7 	EQU 	7
CLBIN0PPS_PIN0 	EQU 	0
CLBIN0PPS_PIN1 	EQU 	1
CLBIN0PPS_PIN2 	EQU 	2
CLBIN0PPS_PORT0 	EQU 	3
CLBIN0PPS_PORT1 	EQU 	4
CLBIN0PPS_PORT2 	EQU 	5
CLBIN0PPS_PORT3 	EQU 	6
CLBIN0PPS_PORT4 	EQU 	7
CLBIN1PPS 	EQU 	566
CLBIN1PPS0 	EQU 	0
CLBIN1PPS1 	EQU 	1
CLBIN1PPS2 	EQU 	2
CLBIN1PPS3 	EQU 	3
CLBIN1PPS4 	EQU 	4
CLBIN1PPS5 	EQU 	5
CLBIN1PPS6 	EQU 	6
CLBIN1PPS7 	EQU 	7
CLBIN2PPS 	EQU 	567
CLBIN2PPS0 	EQU 	0
CLBIN2PPS1 	EQU 	1
CLBIN2PPS2 	EQU 	2
CLBIN2PPS3 	EQU 	3
CLBIN2PPS4 	EQU 	4
CLBIN2PPS5 	EQU 	5
CLBIN2PPS6 	EQU 	6
CLBIN2PPS7 	EQU 	7
CLBIN2PPS_PIN0 	EQU 	0
CLBIN2PPS_PIN1 	EQU 	1
CLBIN2PPS_PIN2 	EQU 	2
CLBIN2PPS_PORT0 	EQU 	3
CLBIN2PPS_PORT1 	EQU 	4
CLBIN2PPS_PORT2 	EQU 	5
CLBIN2PPS_PORT3 	EQU 	6
CLBIN2PPS_PORT4 	EQU 	7
CLBIN3PPS 	EQU 	568
CLBIN3PPS0 	EQU 	0
CLBIN3PPS1 	EQU 	1
CLBIN3PPS2 	EQU 	2
CLBIN3PPS3 	EQU 	3
CLBIN3PPS4 	EQU 	4
CLBIN3PPS5 	EQU 	5
CLBIN3PPS6 	EQU 	6
CLBIN3PPS7 	EQU 	7
CLBIN3PPS_PIN0 	EQU 	0
CLBIN3PPS_PIN1 	EQU 	1
CLBIN3PPS_PIN2 	EQU 	2
CLBIN3PPS_PORT0 	EQU 	3
CLBIN3PPS_PORT1 	EQU 	4
CLBIN3PPS_PORT2 	EQU 	5
CLBIN3PPS_PORT3 	EQU 	6
CLBIN3PPS_PORT4 	EQU 	7
CLBIN4PPS 	EQU 	569
CLBIN4PPS0 	EQU 	0
CLBIN4PPS1 	EQU 	1
CLBIN4PPS2 	EQU 	2
CLBIN4PPS3 	EQU 	3
CLBIN4PPS4 	EQU 	4
CLBIN4PPS5 	EQU 	5
CLBIN4PPS6 	EQU 	6
CLBIN4PPS7 	EQU 	7
CLBIN4PPS_PIN0 	EQU 	0
CLBIN4PPS_PIN1 	EQU 	1
CLBIN4PPS_PIN2 	EQU 	2
CLBIN4PPS_PORT0 	EQU 	3
CLBIN4PPS_PORT1 	EQU 	4
CLBIN4PPS_PORT2 	EQU 	5
CLBIN4PPS_PORT3 	EQU 	6
CLBIN4PPS_PORT4 	EQU 	7
CLBIN5PPS 	EQU 	570
CLBIN5PPS0 	EQU 	0
CLBIN5PPS1 	EQU 	1
CLBIN5PPS2 	EQU 	2
CLBIN5PPS3 	EQU 	3
CLBIN5PPS4 	EQU 	4
CLBIN5PPS5 	EQU 	5
CLBIN5PPS6 	EQU 	6
CLBIN5PPS7 	EQU 	7
CLBIN5PPS_PIN0 	EQU 	0
CLBIN5PPS_PIN1 	EQU 	1
CLBIN5PPS_PIN2 	EQU 	2
CLBIN5PPS_PORT0 	EQU 	3
CLBIN5PPS_PORT1 	EQU 	4
CLBIN5PPS_PORT2 	EQU 	5
CLBIN5PPS_PORT3 	EQU 	6
CLBIN5PPS_PORT4 	EQU 	7
CLBIN6PPS 	EQU 	571
CLBIN6PPS0 	EQU 	0
CLBIN6PPS1 	EQU 	1
CLBIN6PPS2 	EQU 	2
CLBIN6PPS3 	EQU 	3
CLBIN6PPS4 	EQU 	4
CLBIN6PPS5 	EQU 	5
CLBIN6PPS6 	EQU 	6
CLBIN6PPS7 	EQU 	7
CLBIN6PPS_PIN0 	EQU 	0
CLBIN6PPS_PIN1 	EQU 	1
CLBIN6PPS_PIN2 	EQU 	2
CLBIN6PPS_PORT0 	EQU 	3
CLBIN6PPS_PORT1 	EQU 	4
CLBIN6PPS_PORT2 	EQU 	5
CLBIN6PPS_PORT3 	EQU 	6
CLBIN6PPS_PORT4 	EQU 	7
CLBIN7PPS 	EQU 	572
CLBIN7PPS0 	EQU 	0
CLBIN7PPS1 	EQU 	1
CLBIN7PPS2 	EQU 	2
CLBIN7PPS3 	EQU 	3
CLBIN7PPS4 	EQU 	4
CLBIN7PPS5 	EQU 	5
CLBIN7PPS6 	EQU 	6
CLBIN7PPS7 	EQU 	7
CLBIN7PPS_PIN0 	EQU 	0
CLBIN7PPS_PIN1 	EQU 	1
CLBIN7PPS_PIN2 	EQU 	2
CLBIN7PPS_PORT0 	EQU 	3
CLBIN7PPS_PORT1 	EQU 	4
CLBIN7PPS_PORT2 	EQU 	5
CLBIN7PPS_PORT3 	EQU 	6
CLBIN7PPS_PORT4 	EQU 	7
CLBLOAD 	EQU 	6
CLBMD 	EQU 	1
CLBOUTH 	EQU 	196
CLBOUTH0 	EQU 	0
CLBOUTH1 	EQU 	1
CLBOUTH2 	EQU 	2
CLBOUTH3 	EQU 	3
CLBOUTH4 	EQU 	4
CLBOUTH5 	EQU 	5
CLBOUTH6 	EQU 	6
CLBOUTH7 	EQU 	7
CLBOUTL 	EQU 	197
CLBOUTL0 	EQU 	0
CLBOUTL1 	EQU 	1
CLBOUTL2 	EQU 	2
CLBOUTL3 	EQU 	3
CLBOUTL4 	EQU 	4
CLBOUTL5 	EQU 	5
CLBOUTL6 	EQU 	6
CLBOUTL7 	EQU 	7
CLBSWINH 	EQU 	193
CLBSWINH0 	EQU 	0
CLBSWINH1 	EQU 	1
CLBSWINH2 	EQU 	2
CLBSWINH3 	EQU 	3
CLBSWINH4 	EQU 	4
CLBSWINH5 	EQU 	5
CLBSWINH6 	EQU 	6
CLBSWINH7 	EQU 	7
CLBSWINL 	EQU 	194
CLBSWINL0 	EQU 	0
CLBSWINL1 	EQU 	1
CLBSWINL2 	EQU 	2
CLBSWINL3 	EQU 	3
CLBSWINL4 	EQU 	4
CLBSWINL5 	EQU 	5
CLBSWINL6 	EQU 	6
CLBSWINL7 	EQU 	7
CLBSWOUTH 	EQU 	198
CLBSWOUTH0 	EQU 	0
CLBSWOUTH1 	EQU 	1
CLBSWOUTH2 	EQU 	2
CLBSWOUTH3 	EQU 	3
CLBSWOUTH4 	EQU 	4
CLBSWOUTH5 	EQU 	5
CLBSWOUTH6 	EQU 	6
CLBSWOUTH7 	EQU 	7
CLBSWOUTL 	EQU 	199
CLBSWOUTL0 	EQU 	0
CLBSWOUTL1 	EQU 	1
CLBSWOUTL2 	EQU 	2
CLBSWOUTL3 	EQU 	3
CLBSWOUTL4 	EQU 	4
CLBSWOUTL5 	EQU 	5
CLBSWOUTL6 	EQU 	6
CLBSWOUTL7 	EQU 	7
CLC1IE 	EQU 	0
CLC1IF 	EQU 	0
CLC1IP 	EQU 	0
CLC1MD 	EQU 	1
CLC1OUT 	EQU 	0
CLC2IE 	EQU 	1
CLC2IF 	EQU 	1
CLC2IP 	EQU 	1
CLC2MD 	EQU 	2
CLC2OUT 	EQU 	1
CLC3IE 	EQU 	2
CLC3IF 	EQU 	2
CLC3IP 	EQU 	2
CLC3MD 	EQU 	3
CLC3OUT 	EQU 	2
CLC4IE 	EQU 	3
CLC4IF 	EQU 	3
CLC4IP 	EQU 	3
CLC4MD 	EQU 	4
CLC4OUT 	EQU 	3
CLC5IE 	EQU 	4
CLC5IF 	EQU 	4
CLC5IP 	EQU 	4
CLC5MD 	EQU 	4
CLC5OUT 	EQU 	4
CLC6IE 	EQU 	5
CLC6IF 	EQU 	5
CLC6IP 	EQU 	5
CLC6MD 	EQU 	5
CLC6OUT 	EQU 	5
CLC7IE 	EQU 	6
CLC7IF 	EQU 	6
CLC7IP 	EQU 	6
CLC7MD 	EQU 	6
CLC7OUT 	EQU 	6
CLC8IE 	EQU 	7
CLC8IF 	EQU 	7
CLC8IP 	EQU 	7
CLC8MD 	EQU 	7
CLC8OUT 	EQU 	7
CLCDATA 	EQU 	212
CLCIN0PPS 	EQU 	609
CLCIN0PPS0 	EQU 	0
CLCIN0PPS1 	EQU 	1
CLCIN0PPS2 	EQU 	2
CLCIN0PPS3 	EQU 	3
CLCIN0PPS4 	EQU 	4
CLCIN0PPS5 	EQU 	5
CLCIN0PPS6 	EQU 	6
CLCIN0PPS7 	EQU 	7
CLCIN0PPS_PIN0 	EQU 	0
CLCIN0PPS_PIN1 	EQU 	1
CLCIN0PPS_PIN2 	EQU 	2
CLCIN0PPS_PORT0 	EQU 	3
CLCIN0PPS_PORT1 	EQU 	4
CLCIN0PPS_PORT2 	EQU 	5
CLCIN0PPS_PORT3 	EQU 	6
CLCIN0PPS_PORT4 	EQU 	7
CLCIN1PPS 	EQU 	610
CLCIN1PPS0 	EQU 	0
CLCIN1PPS1 	EQU 	1
CLCIN1PPS2 	EQU 	2
CLCIN1PPS3 	EQU 	3
CLCIN1PPS4 	EQU 	4
CLCIN1PPS5 	EQU 	5
CLCIN1PPS6 	EQU 	6
CLCIN1PPS7 	EQU 	7
CLCIN1PPS_PIN0 	EQU 	0
CLCIN1PPS_PIN1 	EQU 	1
CLCIN1PPS_PIN2 	EQU 	2
CLCIN1PPS_PORT0 	EQU 	3
CLCIN1PPS_PORT1 	EQU 	4
CLCIN1PPS_PORT2 	EQU 	5
CLCIN1PPS_PORT3 	EQU 	6
CLCIN1PPS_PORT4 	EQU 	7
CLCIN2PPS 	EQU 	611
CLCIN2PPS0 	EQU 	0
CLCIN2PPS1 	EQU 	1
CLCIN2PPS2 	EQU 	2
CLCIN2PPS3 	EQU 	3
CLCIN2PPS4 	EQU 	4
CLCIN2PPS5 	EQU 	5
CLCIN2PPS6 	EQU 	6
CLCIN2PPS7 	EQU 	7
CLCIN2PPS_PIN0 	EQU 	0
CLCIN2PPS_PIN1 	EQU 	1
CLCIN2PPS_PIN2 	EQU 	2
CLCIN2PPS_PORT0 	EQU 	3
CLCIN2PPS_PORT1 	EQU 	4
CLCIN2PPS_PORT2 	EQU 	5
CLCIN2PPS_PORT3 	EQU 	6
CLCIN2PPS_PORT4 	EQU 	7
CLCIN3PPS 	EQU 	612
CLCIN3PPS0 	EQU 	0
CLCIN3PPS1 	EQU 	1
CLCIN3PPS2 	EQU 	2
CLCIN3PPS3 	EQU 	3
CLCIN3PPS4 	EQU 	4
CLCIN3PPS5 	EQU 	5
CLCIN3PPS6 	EQU 	6
CLCIN3PPS7 	EQU 	7
CLCIN3PPS_PIN0 	EQU 	0
CLCIN3PPS_PIN1 	EQU 	1
CLCIN3PPS_PIN2 	EQU 	2
CLCIN3PPS_PORT0 	EQU 	3
CLCIN3PPS_PORT1 	EQU 	4
CLCIN3PPS_PORT2 	EQU 	5
CLCIN3PPS_PORT3 	EQU 	6
CLCIN3PPS_PORT4 	EQU 	7
CLCIN4PPS 	EQU 	613
CLCIN4PPS0 	EQU 	0
CLCIN4PPS1 	EQU 	1
CLCIN4PPS2 	EQU 	2
CLCIN4PPS3 	EQU 	3
CLCIN4PPS4 	EQU 	4
CLCIN4PPS5 	EQU 	5
CLCIN4PPS6 	EQU 	6
CLCIN4PPS7 	EQU 	7
CLCIN4PPS_PIN0 	EQU 	0
CLCIN4PPS_PIN1 	EQU 	1
CLCIN4PPS_PIN2 	EQU 	2
CLCIN4PPS_PORT0 	EQU 	3
CLCIN4PPS_PORT1 	EQU 	4
CLCIN4PPS_PORT2 	EQU 	5
CLCIN4PPS_PORT3 	EQU 	6
CLCIN4PPS_PORT4 	EQU 	7
CLCIN5PPS 	EQU 	614
CLCIN5PPS0 	EQU 	0
CLCIN5PPS1 	EQU 	1
CLCIN5PPS2 	EQU 	2
CLCIN5PPS3 	EQU 	3
CLCIN5PPS4 	EQU 	4
CLCIN5PPS5 	EQU 	5
CLCIN5PPS6 	EQU 	6
CLCIN5PPS7 	EQU 	7
CLCIN5PPS_PIN0 	EQU 	0
CLCIN5PPS_PIN1 	EQU 	1
CLCIN5PPS_PIN2 	EQU 	2
CLCIN5PPS_PORT0 	EQU 	3
CLCIN5PPS_PORT1 	EQU 	4
CLCIN5PPS_PORT2 	EQU 	5
CLCIN5PPS_PORT3 	EQU 	6
CLCIN5PPS_PORT4 	EQU 	7
CLCIN6PPS 	EQU 	615
CLCIN6PPS0 	EQU 	0
CLCIN6PPS1 	EQU 	1
CLCIN6PPS2 	EQU 	2
CLCIN6PPS3 	EQU 	3
CLCIN6PPS4 	EQU 	4
CLCIN6PPS5 	EQU 	5
CLCIN6PPS6 	EQU 	6
CLCIN6PPS7 	EQU 	7
CLCIN6PPS_PIN0 	EQU 	0
CLCIN6PPS_PIN1 	EQU 	1
CLCIN6PPS_PIN2 	EQU 	2
CLCIN6PPS_PORT0 	EQU 	3
CLCIN6PPS_PORT1 	EQU 	4
CLCIN6PPS_PORT2 	EQU 	5
CLCIN6PPS_PORT3 	EQU 	6
CLCIN6PPS_PORT4 	EQU 	7
CLCIN7PPS 	EQU 	616
CLCIN7PPS0 	EQU 	0
CLCIN7PPS1 	EQU 	1
CLCIN7PPS2 	EQU 	2
CLCIN7PPS3 	EQU 	3
CLCIN7PPS4 	EQU 	4
CLCIN7PPS5 	EQU 	5
CLCIN7PPS6 	EQU 	6
CLCIN7PPS7 	EQU 	7
CLCIN7PPS_PIN0 	EQU 	0
CLCIN7PPS_PIN1 	EQU 	1
CLCIN7PPS_PIN2 	EQU 	2
CLCIN7PPS_PORT0 	EQU 	3
CLCIN7PPS_PORT1 	EQU 	4
CLCIN7PPS_PORT2 	EQU 	5
CLCIN7PPS_PORT3 	EQU 	6
CLCIN7PPS_PORT4 	EQU 	7
CLCNCON 	EQU 	214
CLCNCON_CLCNCON_MODE0 	EQU 	0
CLCNCON_CLCNCON_MODE1 	EQU 	1
CLCNCON_CLCNCON_MODE2 	EQU 	2
CLCNCON_EN 	EQU 	7
CLCNCON_MODE0 	EQU 	0
CLCNCON_MODE1 	EQU 	1
CLCNCON_MODE2 	EQU 	2
CLCNGLS0 	EQU 	220
CLCNGLS1 	EQU 	221
CLCNGLS2 	EQU 	222
CLCNGLS3 	EQU 	223
CLCNPOL 	EQU 	215
CLCNSEL0 	EQU 	216
CLCNSEL1 	EQU 	217
CLCNSEL2 	EQU 	218
CLCNSEL3 	EQU 	219
CLCSELECT 	EQU 	213
CLK0 	EQU 	0
CLK1 	EQU 	1
CLK2 	EQU 	2
CLK3 	EQU 	3
CLK4 	EQU 	4
CLK5 	EQU 	5
CLK6 	EQU 	6
CLK7 	EQU 	7
CLKEN 	EQU 	0
CLKPRE0 	EQU 	0
CLKPRE1 	EQU 	1
CLKPRE2 	EQU 	2
CLKPRE3 	EQU 	3
CLKRCLK 	EQU 	59
CLKRCLK0 	EQU 	0
CLKRCLK1 	EQU 	1
CLKRCLK2 	EQU 	2
CLKRCLK3 	EQU 	3
CLKRCLK_CLK0 	EQU 	0
CLKRCLK_CLK1 	EQU 	1
CLKRCLK_CLK2 	EQU 	2
CLKRCLK_CLK3 	EQU 	3
CLKRCON 	EQU 	58
CLKRCON_DC0 	EQU 	3
CLKRCON_DC1 	EQU 	4
CLKRCON_DIV0 	EQU 	0
CLKRCON_DIV1 	EQU 	1
CLKRCON_DIV2 	EQU 	2
CLKRCON_EN 	EQU 	7
CLKRDC0 	EQU 	3
CLKRDC1 	EQU 	4
CLKRDIV0 	EQU 	0
CLKRDIV1 	EQU 	1
CLKRDIV2 	EQU 	2
CLKREN 	EQU 	7
CLKRMD 	EQU 	1
CLKSEL0 	EQU 	4
CLKSEL1 	EQU 	5
CLKSEL2 	EQU 	6
CLKSEL3 	EQU 	7
CLKSEL4 	EQU 	4
CLPOL 	EQU 	1
CLR 	EQU 	5
CLRBF 	EQU 	2
CLSYNC 	EQU 	0
CM1CON0 	EQU 	112
CM1CON0_EN 	EQU 	7
CM1CON0_HYS0 	EQU 	1
CM1CON0_HYS1 	EQU 	2
CM1CON1 	EQU 	113
CM1CON1_SP0 	EQU 	2
CM1CON1_SP1 	EQU 	3
CM1MD 	EQU 	7
CM1NCH 	EQU 	114
CM1NCH_NCH0_CM1NCH 	EQU 	0
CM1NCH_NCH1_CM1NCH 	EQU 	1
CM1NCH_NCH2_CM1NCH 	EQU 	2
CM1PCH 	EQU 	115
CM1PCH_PCH0 	EQU 	0
CM1PCH_PCH1 	EQU 	1
CM1PCH_PCH2 	EQU 	2
CM2CON0 	EQU 	116
CM2CON0_CM2CON0_HYS0 	EQU 	1
CM2CON0_CM2CON0_HYS1 	EQU 	2
CM2CON0_EN 	EQU 	7
CM2CON0_HYS0 	EQU 	1
CM2CON0_HYS1 	EQU 	2
CM2CON0_SYNC 	EQU 	0
CM2CON1 	EQU 	117
CM2CON1_CM2CON1_SP0 	EQU 	2
CM2CON1_CM2CON1_SP1 	EQU 	3
CM2CON1_SP0 	EQU 	2
CM2CON1_SP1 	EQU 	3
CM2MD 	EQU 	0
CM2NCH 	EQU 	118
CM2NCH_NCH0_CM2NCH 	EQU 	0
CM2NCH_NCH1_CM2NCH 	EQU 	1
CM2NCH_NCH2_CM2NCH 	EQU 	2
CM2PCH 	EQU 	119
CM2PCH_CM2PCH_PCH0 	EQU 	0
CM2PCH_CM2PCH_PCH1 	EQU 	1
CM2PCH_CM2PCH_PCH2 	EQU 	2
CM2PCH_PCH0 	EQU 	0
CM2PCH_PCH1 	EQU 	1
CM2PCH_PCH2 	EQU 	2
CMD0 	EQU 	0
CMD1 	EQU 	1
CMD2 	EQU 	2
CMOUT 	EQU 	111
CNT0 	EQU 	0
CNT1 	EQU 	1
CNT10 	EQU 	2
CNT11 	EQU 	3
CNT12 	EQU 	4
CNT13 	EQU 	5
CNT14 	EQU 	6
CNT15 	EQU 	7
CNT1IE 	EQU 	7
CNT1IF 	EQU 	7
CNT2 	EQU 	2
CNT2IE 	EQU 	7
CNT2IF 	EQU 	7
CNT3 	EQU 	3
CNT4 	EQU 	4
CNT5 	EQU 	5
CNT6 	EQU 	6
CNT7 	EQU 	7
CNT8 	EQU 	0
CNT9 	EQU 	1
CNTIE 	EQU 	7
CNTIF 	EQU 	7
COL 	EQU 	1311
CONT 	EQU 	6
COS 	EQU 	1312
COSC0 	EQU 	4
COSC1 	EQU 	5
COSC2 	EQU 	6
COS_H 	EQU 	1313
CPOL 	EQU 	6
CPUDOZE 	EQU 	1266
CPUDOZE_DOZE0 	EQU 	0
CPUDOZE_DOZE1 	EQU 	1
CPUDOZE_DOZE2 	EQU 	2
CRCBUSY 	EQU 	5
CRCCON0 	EQU 	854
CRCCON0_EN 	EQU 	7
CRCCON0_SETUP0 	EQU 	2
CRCCON0_SETUP1 	EQU 	3
CRCCON1 	EQU 	855
CRCCON1_PLEN0 	EQU 	0
CRCCON1_PLEN1 	EQU 	1
CRCCON1_PLEN2 	EQU 	2
CRCCON1_PLEN3 	EQU 	3
CRCCON1_PLEN4 	EQU 	4
CRCCON2 	EQU 	856
CRCCON2_DLEN0 	EQU 	0
CRCCON2_DLEN1 	EQU 	1
CRCCON2_DLEN2 	EQU 	2
CRCCON2_DLEN3 	EQU 	3
CRCCON2_DLEN4 	EQU 	4
CRCDATA 	EQU 	846
CRCDATAH 	EQU 	847
CRCDATAL 	EQU 	846
CRCDATAT 	EQU 	849
CRCDATAU 	EQU 	848
CRCEN 	EQU 	7
CRCGO 	EQU 	6
CRCIE 	EQU 	6
CRCIF 	EQU 	6
CRCIP 	EQU 	6
CRCMD 	EQU 	4
CRCOUT 	EQU 	850
CRCOUTH 	EQU 	851
CRCOUTL 	EQU 	850
CRCOUTT 	EQU 	853
CRCOUTU 	EQU 	852
CRCSHFT 	EQU 	850
CRCSHFTH 	EQU 	851
CRCSHFTL 	EQU 	850
CRCSHFTT 	EQU 	853
CRCSHFTU 	EQU 	852
CRCSHIFTH 	EQU 	851
CRCSHIFTL 	EQU 	850
CRCSHIFTT 	EQU 	853
CRCSHIFTU 	EQU 	852
CRCXOR 	EQU 	850
CRCXORH 	EQU 	851
CRCXORL 	EQU 	850
CRCXORT 	EQU 	853
CRCXORU 	EQU 	852
CRH0 	EQU 	0
CRH1 	EQU 	1
CRH2 	EQU 	2
CRH3 	EQU 	3
CRH4 	EQU 	4
CRH5 	EQU 	5
CRH6 	EQU 	6
CRH7 	EQU 	7
CRL0 	EQU 	0
CRL1 	EQU 	1
CRL2 	EQU 	2
CRL3 	EQU 	3
CRL4 	EQU 	4
CRL5 	EQU 	5
CRL6 	EQU 	6
CRL7 	EQU 	7
CRS0 	EQU 	4
CRS1 	EQU 	5
CRS2 	EQU 	6
CRT0 	EQU 	0
CRT1 	EQU 	1
CRT2 	EQU 	2
CRT3 	EQU 	3
CRT4 	EQU 	4
CRT5 	EQU 	5
CRT6 	EQU 	6
CRT7 	EQU 	7
CS0_ADCLK 	EQU 	0
CS0_T0CON1 	EQU 	5
CS0_T1CLK 	EQU 	0
CS0_T2CLKCON 	EQU 	0
CS0_T3CLK 	EQU 	0
CS0_T4CLKCON 	EQU 	0
CS0_WDTCON1 	EQU 	4
CS1_ADCLK 	EQU 	1
CS1_T0CON1 	EQU 	6
CS1_T1CLK 	EQU 	1
CS1_T2CLKCON 	EQU 	1
CS1_T3CLK 	EQU 	1
CS1_T4CLKCON 	EQU 	1
CS1_WDTCON1 	EQU 	5
CS2_ADCLK 	EQU 	2
CS2_T0CON1 	EQU 	7
CS2_T1CLK 	EQU 	2
CS2_T2CLKCON 	EQU 	2
CS2_T3CLK 	EQU 	2
CS2_T4CLKCON 	EQU 	2
CS2_WDTCON1 	EQU 	6
CS3 	EQU 	3
CS4 	EQU 	4
CS5 	EQU 	5
CSD 	EQU 	0
CSTR 	EQU 	4
CSWHOLD 	EQU 	7
CSWIE 	EQU 	3
CSWIF 	EQU 	3
CSWIP 	EQU 	3
CSYNC 	EQU 	6
CS_ADCON0 	EQU 	4
CS_CWG1CLK 	EQU 	0
CTS0 	EQU 	0
CTS1 	EQU 	1
CTS2 	EQU 	2
CTS3 	EQU 	3
CURRCHARCOL 	EQU 	1314
CURRCHARROW 	EQU 	1315
CURRCHARVAL 	EQU 	1316
CURSOR_POSITION_SSD1306 	EQU 	1772
CWG1AS0 	EQU 	962
CWG1AS0_CWG1LSAC0 	EQU 	2
CWG1AS0_CWG1LSAC1 	EQU 	3
CWG1AS0_CWG1LSBD0 	EQU 	4
CWG1AS0_CWG1LSBD1 	EQU 	5
CWG1AS0_CWG1LSDB0 	EQU 	4
CWG1AS0_CWG1LSDB1 	EQU 	5
CWG1AS0_LSAC0 	EQU 	2
CWG1AS0_LSAC1 	EQU 	3
CWG1AS0_LSBD0 	EQU 	4
CWG1AS0_LSBD1 	EQU 	5
CWG1AS1 	EQU 	963
CWG1CLK 	EQU 	956
CWG1CLKCON 	EQU 	956
CWG1CON0 	EQU 	960
CWG1CON0_CWG1CON0_MODE0 	EQU 	0
CWG1CON0_CWG1CON0_MODE1 	EQU 	1
CWG1CON0_CWG1CON0_MODE2 	EQU 	2
CWG1CON0_CWG1MODE0 	EQU 	0
CWG1CON0_CWG1MODE1 	EQU 	1
CWG1CON0_CWG1MODE2 	EQU 	2
CWG1CON0_EN 	EQU 	7
CWG1CON0_MODE0 	EQU 	0
CWG1CON0_MODE1 	EQU 	1
CWG1CON0_MODE2 	EQU 	2
CWG1CON1 	EQU 	961
CWG1CS 	EQU 	0
CWG1DAT 	EQU 	957
CWG1DBF 	EQU 	959
CWG1DBF0 	EQU 	0
CWG1DBF1 	EQU 	1
CWG1DBF2 	EQU 	2
CWG1DBF3 	EQU 	3
CWG1DBF4 	EQU 	4
CWG1DBF5 	EQU 	5
CWG1DBR 	EQU 	958
CWG1DBR0 	EQU 	0
CWG1DBR1 	EQU 	1
CWG1DBR2 	EQU 	2
CWG1DBR3 	EQU 	3
CWG1DBR4 	EQU 	4
CWG1DBR5 	EQU 	5
CWG1EN 	EQU 	7
CWG1IE 	EQU 	0
CWG1IF 	EQU 	0
CWG1IN 	EQU 	5
CWG1INPPS 	EQU 	603
CWG1INPPS0 	EQU 	0
CWG1INPPS1 	EQU 	1
CWG1INPPS2 	EQU 	2
CWG1INPPS3 	EQU 	3
CWG1INPPS4 	EQU 	4
CWG1INPPS5 	EQU 	5
CWG1INPPS6 	EQU 	6
CWG1INPPS7 	EQU 	7
CWG1IP 	EQU 	0
CWG1ISM 	EQU 	957
CWG1LD 	EQU 	6
CWG1LSAC0 	EQU 	2
CWG1LSAC1 	EQU 	3
CWG1LSBD0 	EQU 	4
CWG1LSBD1 	EQU 	5
CWG1LSDB0 	EQU 	4
CWG1LSDB1 	EQU 	5
CWG1MD 	EQU 	5
CWG1MODE0 	EQU 	0
CWG1MODE1 	EQU 	1
CWG1MODE2 	EQU 	2
CWG1OVRA 	EQU 	4
CWG1OVRB 	EQU 	5
CWG1OVRC 	EQU 	6
CWG1OVRD 	EQU 	7
CWG1POLA 	EQU 	0
CWG1POLB 	EQU 	1
CWG1POLC 	EQU 	2
CWG1POLD 	EQU 	3
CWG1PPS 	EQU 	603
CWG1PPS_PIN0 	EQU 	0
CWG1PPS_PIN1 	EQU 	1
CWG1PPS_PIN2 	EQU 	2
CWG1PPS_PORT0 	EQU 	3
CWG1PPS_PORT1 	EQU 	4
CWG1PPS_PORT2 	EQU 	5
CWG1PPS_PORT3 	EQU 	6
CWG1PPS_PORT4 	EQU 	7
CWG1STR 	EQU 	964
CWG1STRA 	EQU 	0
CWG1STRB 	EQU 	1
CWG1STRC 	EQU 	2
CWG1STRD 	EQU 	3
CWGINPPS0 	EQU 	0
CWGINPPS1 	EQU 	1
CWGINPPS2 	EQU 	2
CWGINPPS3 	EQU 	3
CWGINPPS4 	EQU 	4
CWGINPPS5 	EQU 	5
CWGINPPS6 	EQU 	6
CWGINPPS7 	EQU 	7
D 	EQU 	3
D10US_START 	EQU 	1874
D1S0 	EQU 	0
D1S1 	EQU 	1
D1S2 	EQU 	2
D1S3 	EQU 	3
D1S4 	EQU 	4
D1S5 	EQU 	5
D2S0 	EQU 	0
D2S1 	EQU 	1
D2S2 	EQU 	2
D2S3 	EQU 	3
D2S4 	EQU 	4
D2S5 	EQU 	5
D3S0 	EQU 	0
D3S1 	EQU 	1
D3S2 	EQU 	2
D3S3 	EQU 	3
D3S4 	EQU 	4
D3S5 	EQU 	5
D4S0 	EQU 	0
D4S1 	EQU 	1
D4S2 	EQU 	2
D4S3 	EQU 	3
D4S4 	EQU 	4
D4S5 	EQU 	5
DAC1CON 	EQU 	127
DAC1CON_EN 	EQU 	7
DAC1CON_NSS0 	EQU 	0
DAC1CON_OE0 	EQU 	4
DAC1CON_OE1 	EQU 	5
DAC1CON_PSS0_DAC1CON 	EQU 	2
DAC1CON_PSS1_DAC1CON 	EQU 	3
DAC1DAT 	EQU 	125
DAC1DATH 	EQU 	126
DAC1DATL 	EQU 	125
DAC1EN 	EQU 	7
DAC1MD 	EQU 	2
DAC1NSS0 	EQU 	0
DAC1OE0 	EQU 	4
DAC1OE1 	EQU 	5
DAC1PSS0 	EQU 	2
DAC1PSS1 	EQU 	3
DAC1R0 	EQU 	0
DAC1R1 	EQU 	1
DAC1R2 	EQU 	2
DAC1R3 	EQU 	3
DAC1R4 	EQU 	4
DAC1R5 	EQU 	5
DAC1R6 	EQU 	6
DAC1R7 	EQU 	7
DATA0 	EQU 	0
DATA1 	EQU 	1
DATA10 	EQU 	2
DATA11 	EQU 	3
DATA12 	EQU 	4
DATA13 	EQU 	5
DATA14 	EQU 	6
DATA15 	EQU 	7
DATA16 	EQU 	0
DATA17 	EQU 	1
DATA18 	EQU 	2
DATA19 	EQU 	3
DATA2 	EQU 	2
DATA20 	EQU 	4
DATA21 	EQU 	5
DATA22 	EQU 	6
DATA23 	EQU 	7
DATA24 	EQU 	0
DATA25 	EQU 	1
DATA26 	EQU 	2
DATA27 	EQU 	3
DATA28 	EQU 	4
DATA29 	EQU 	5
DATA3 	EQU 	3
DATA30 	EQU 	6
DATA31 	EQU 	7
DATA4 	EQU 	4
DATA5 	EQU 	5
DATA6 	EQU 	6
DATA7 	EQU 	7
DATA8 	EQU 	0
DATA9 	EQU 	1
DB0 	EQU 	0
DB1 	EQU 	1
DBF0 	EQU 	0
DBF1 	EQU 	1
DBF2 	EQU 	2
DBF3 	EQU 	3
DBF4 	EQU 	4
DBF5 	EQU 	5
DBG0 	EQU 	0
DBG1 	EQU 	1
DBG2 	EQU 	2
DBG3 	EQU 	3
DBG4 	EQU 	4
DBG5 	EQU 	5
DBG6 	EQU 	6
DBR0 	EQU 	0
DBR1 	EQU 	1
DBR2 	EQU 	2
DBR3 	EQU 	3
DBR4 	EQU 	4
DBR5 	EQU 	5
DC 	EQU 	1
DC0 	EQU 	3
DC1 	EQU 	4
DCNT0 	EQU 	0
DCNT1 	EQU 	1
DCNT10 	EQU 	2
DCNT11 	EQU 	3
DCNT2 	EQU 	2
DCNT3 	EQU 	3
DCNT4 	EQU 	4
DCNT5 	EQU 	5
DCNT6 	EQU 	6
DCNT7 	EQU 	7
DCNT8 	EQU 	0
DCNT9 	EQU 	1
DELAYTEMP 	EQU 	1280
DELAYTEMP2 	EQU 	1281
DELAYUS0 	EQU 	1878
DELAYUS1 	EQU 	3538
DELAYUS2 	EQU 	3732
DELAYUS3 	EQU 	3812
DELAY_10US 	EQU 	1874
DELAY_MS 	EQU 	1888
DF0 	EQU 	0
DF1 	EQU 	1
DF2 	EQU 	2
DF3 	EQU 	3
DF4 	EQU 	4
DF5 	EQU 	5
DF6 	EQU 	6
DF7 	EQU 	7
DGO 	EQU 	5
DIV0 	EQU 	0
DIV1 	EQU 	1
DIV2 	EQU 	2
DLEN0 	EQU 	0
DLEN1 	EQU 	1
DLEN2 	EQU 	2
DLEN3 	EQU 	3
DLEN4 	EQU 	4
DMA1AIE 	EQU 	3
DMA1AIF 	EQU 	3
DMA1AIP 	EQU 	3
DMA1DCNTIE 	EQU 	1
DMA1DCNTIF 	EQU 	1
DMA1DCNTIP 	EQU 	1
DMA1MD 	EQU 	5
DMA1ORIE 	EQU 	2
DMA1ORIF 	EQU 	2
DMA1ORIP 	EQU 	2
DMA1PR 	EQU 	182
DMA1PR0 	EQU 	0
DMA1PR1 	EQU 	1
DMA1PR2 	EQU 	2
DMA1PR_DMA1PR0 	EQU 	0
DMA1PR_DMA1PR1 	EQU 	1
DMA1PR_DMA1PR2 	EQU 	2
DMA1PR_PR0_DMA1PR 	EQU 	0
DMA1PR_PR1_DMA1PR 	EQU 	1
DMA1PR_PR2_DMA1PR 	EQU 	2
DMA1SCNTIE 	EQU 	0
DMA1SCNTIF 	EQU 	0
DMA1SCNTIP 	EQU 	0
DMA2AIE 	EQU 	7
DMA2AIF 	EQU 	7
DMA2AIP 	EQU 	7
DMA2DCNTIE 	EQU 	5
DMA2DCNTIF 	EQU 	5
DMA2DCNTIP 	EQU 	5
DMA2MD 	EQU 	6
DMA2ORIE 	EQU 	6
DMA2ORIF 	EQU 	6
DMA2ORIP 	EQU 	6
DMA2PR 	EQU 	183
DMA2PR0 	EQU 	0
DMA2PR1 	EQU 	1
DMA2PR2 	EQU 	2
DMA2PR_DMA2PR0 	EQU 	0
DMA2PR_DMA2PR1 	EQU 	1
DMA2PR_DMA2PR2 	EQU 	2
DMA2PR_PR0_DMA2PR 	EQU 	0
DMA2PR_PR1_DMA2PR 	EQU 	1
DMA2PR_PR2_DMA2PR 	EQU 	2
DMA2SCNTIE 	EQU 	4
DMA2SCNTIF 	EQU 	4
DMA2SCNTIP 	EQU 	4
DMA3AIE 	EQU 	3
DMA3AIF 	EQU 	3
DMA3AIP 	EQU 	3
DMA3DCNTIE 	EQU 	1
DMA3DCNTIF 	EQU 	1
DMA3DCNTIP 	EQU 	1
DMA3MD 	EQU 	7
DMA3ORIE 	EQU 	2
DMA3ORIF 	EQU 	2
DMA3ORIP 	EQU 	2
DMA3PR 	EQU 	184
DMA3PR0 	EQU 	0
DMA3PR1 	EQU 	1
DMA3PR2 	EQU 	2
DMA3PR_DMA3PR0 	EQU 	0
DMA3PR_DMA3PR1 	EQU 	1
DMA3PR_DMA3PR2 	EQU 	2
DMA3PR_PR0_DMA3PR 	EQU 	0
DMA3PR_PR1_DMA3PR 	EQU 	1
DMA3PR_PR2_DMA3PR 	EQU 	2
DMA3SCNTIE 	EQU 	0
DMA3SCNTIF 	EQU 	0
DMA3SCNTIP 	EQU 	0
DMA4AIE 	EQU 	7
DMA4AIF 	EQU 	7
DMA4AIP 	EQU 	7
DMA4DCNTIE 	EQU 	5
DMA4DCNTIF 	EQU 	5
DMA4DCNTIP 	EQU 	5
DMA4MD 	EQU 	3
DMA4ORIE 	EQU 	6
DMA4ORIF 	EQU 	6
DMA4ORIP 	EQU 	6
DMA4PR 	EQU 	185
DMA4PR0 	EQU 	0
DMA4PR1 	EQU 	1
DMA4PR2 	EQU 	2
DMA4PR_DMA4PR0 	EQU 	0
DMA4PR_DMA4PR1 	EQU 	1
DMA4PR_DMA4PR2 	EQU 	2
DMA4PR_PR0_DMA4PR 	EQU 	0
DMA4PR_PR1_DMA4PR 	EQU 	1
DMA4PR_PR2_DMA4PR 	EQU 	2
DMA4SCNTIE 	EQU 	4
DMA4SCNTIF 	EQU 	4
DMA4SCNTIP 	EQU 	4
DMANAIRQ 	EQU 	253
DMANBUF 	EQU 	232
DMANCON0 	EQU 	251
DMANCON0_EN 	EQU 	7
DMANCON1 	EQU 	252
DMANDCNT 	EQU 	233
DMANDCNTH 	EQU 	234
DMANDCNTL 	EQU 	233
DMANDPTR 	EQU 	235
DMANDPTRH 	EQU 	236
DMANDPTRL 	EQU 	235
DMANDSA 	EQU 	239
DMANDSAH 	EQU 	240
DMANDSAL 	EQU 	239
DMANDSZ 	EQU 	237
DMANDSZH 	EQU 	238
DMANDSZL 	EQU 	237
DMANSCNT 	EQU 	241
DMANSCNTH 	EQU 	242
DMANSCNTL 	EQU 	241
DMANSIRQ 	EQU 	254
DMANSPTR 	EQU 	243
DMANSPTRH 	EQU 	244
DMANSPTRL 	EQU 	243
DMANSPTRU 	EQU 	245
DMANSSA 	EQU 	248
DMANSSAH 	EQU 	249
DMANSSAL 	EQU 	248
DMANSSAU 	EQU 	250
DMANSSZ 	EQU 	246
DMANSSZH 	EQU 	247
DMANSSZL 	EQU 	246
DMASELECT 	EQU 	231
DMASELECT_SLCT0 	EQU 	0
DMASELECT_SLCT1 	EQU 	1
DMODE0 	EQU 	6
DMODE1 	EQU 	7
DMS_INNER 	EQU 	1898
DMS_OUTER 	EQU 	1894
DMS_START 	EQU 	1890
DOE 	EQU 	4
DONE 	EQU 	0
DOZE0 	EQU 	0
DOZE1 	EQU 	1
DOZE2 	EQU 	2
DOZEN 	EQU 	6
DPS 	EQU 	3
DPTR0 	EQU 	0
DPTR1 	EQU 	1
DPTR10 	EQU 	2
DPTR11 	EQU 	3
DPTR12 	EQU 	4
DPTR13 	EQU 	5
DPTR14 	EQU 	6
DPTR15 	EQU 	7
DPTR2 	EQU 	2
DPTR3 	EQU 	3
DPTR4 	EQU 	4
DPTR5 	EQU 	5
DPTR6 	EQU 	6
DPTR7 	EQU 	7
DPTR8 	EQU 	0
DPTR9 	EQU 	1
DRAWLINE 	EQU 	1317
DRAWLINE_H 	EQU 	1318
DSA0 	EQU 	0
DSA1 	EQU 	1
DSA10 	EQU 	2
DSA11 	EQU 	3
DSA12 	EQU 	4
DSA13 	EQU 	5
DSA14 	EQU 	6
DSA15 	EQU 	7
DSA2 	EQU 	2
DSA3 	EQU 	3
DSA4 	EQU 	4
DSA5 	EQU 	5
DSA6 	EQU 	6
DSA7 	EQU 	7
DSA8 	EQU 	0
DSA9 	EQU 	1
DSEN 	EQU 	0
DSMMD 	EQU 	2
DSTP 	EQU 	5
DSZ0 	EQU 	0
DSZ1 	EQU 	1
DSZ10 	EQU 	2
DSZ11 	EQU 	3
DSZ2 	EQU 	2
DSZ3 	EQU 	3
DSZ4 	EQU 	4
DSZ5 	EQU 	5
DSZ6 	EQU 	6
DSZ7 	EQU 	7
DSZ8 	EQU 	0
DSZ9 	EQU 	1
ELSE14_1 	EQU 	5508
ELSE18_1 	EQU 	7278
ELSE19_1 	EQU 	7308
ELSE20_1 	EQU 	7584
ELSE21_1 	EQU 	7530
ELSE22_1 	EQU 	7678
ELSE2_1 	EQU 	416
ELSE36_1 	EQU 	6326
ELSE4_1 	EQU 	1164
ELSE59_1 	EQU 	3216
ELSE66_1 	EQU 	4722
ELSE67_1 	EQU 	4756
ELSE69_1 	EQU 	7056
ELSE70_1 	EQU 	7092
ELSE71_1 	EQU 	7130
ELSE78_1 	EQU 	2856
ELSE83_1 	EQU 	3828
EN 	EQU 	0
ENDIF1 	EQU 	330
ENDIF14 	EQU 	5516
ENDIF15 	EQU 	5586
ENDIF16 	EQU 	1586
ENDIF17 	EQU 	1682
ENDIF18 	EQU 	7282
ENDIF19 	EQU 	7312
ENDIF2 	EQU 	506
ENDIF20 	EQU 	7730
ENDIF21 	EQU 	7560
ENDIF22 	EQU 	7708
ENDIF24 	EQU 	6930
ENDIF25 	EQU 	6944
ENDIF26 	EQU 	6960
ENDIF27 	EQU 	6840
ENDIF29 	EQU 	6432
ENDIF3 	EQU 	1126
ENDIF30 	EQU 	6470
ENDIF31 	EQU 	6700
ENDIF32 	EQU 	6714
ENDIF33 	EQU 	6740
ENDIF34 	EQU 	6576
ENDIF35 	EQU 	6640
ENDIF36 	EQU 	6330
ENDIF37 	EQU 	6288
ENDIF39 	EQU 	5864
ENDIF4 	EQU 	1172
ENDIF40 	EQU 	5944
ENDIF41 	EQU 	6020
ENDIF42 	EQU 	6094
ENDIF43 	EQU 	4308
ENDIF44 	EQU 	4338
ENDIF47 	EQU 	4426
ENDIF48 	EQU 	4440
ENDIF49 	EQU 	4464
ENDIF53 	EQU 	1200
ENDIF54 	EQU 	1212
ENDIF55 	EQU 	2966
ENDIF56 	EQU 	3036
ENDIF59 	EQU 	3252
ENDIF64 	EQU 	4604
ENDIF66 	EQU 	4728
ENDIF67 	EQU 	4762
ENDIF68 	EQU 	4820
ENDIF69 	EQU 	7138
ENDIF70 	EQU 	7138
ENDIF71 	EQU 	7138
ENDIF78 	EQU 	2910
ENDIF79 	EQU 	2854
ENDIF8 	EQU 	1280
ENDIF80 	EQU 	2910
ENDIF82 	EQU 	3818
ENDIF83 	EQU 	3830
ENDIF9 	EQU 	1328
EOSIE 	EQU 	4
EOSIF 	EQU 	4
EPOL 	EQU 	7
ERR0 	EQU 	0
ERR1 	EQU 	1
ERR10 	EQU 	2
ERR11 	EQU 	3
ERR12 	EQU 	4
ERR13 	EQU 	5
ERR14 	EQU 	6
ERR15 	EQU 	7
ERR2 	EQU 	2
ERR3 	EQU 	3
ERR4 	EQU 	4
ERR5 	EQU 	5
ERR6 	EQU 	6
ERR7 	EQU 	7
ERR8 	EQU 	0
ERR9 	EQU 	1
ERS0 	EQU 	0
ERS1 	EQU 	1
ERS2 	EQU 	2
ERS3 	EQU 	3
ERS4 	EQU 	4
ERS5 	EQU 	5
ERS6 	EQU 	6
ERS7 	EQU 	7
ERSNOW 	EQU 	0
ERSPOL 	EQU 	1
EXTOEN 	EQU 	7
EXTOR 	EQU 	7
F 	EQU 	1
FERIE 	EQU 	3
FERIF 	EQU 	3
FLO0 	EQU 	0
FLO1 	EQU 	1
FLTR0 	EQU 	0
FLTR1 	EQU 	1
FLTR10 	EQU 	2
FLTR11 	EQU 	3
FLTR12 	EQU 	4
FLTR13 	EQU 	5
FLTR14 	EQU 	6
FLTR15 	EQU 	7
FLTR2 	EQU 	2
FLTR3 	EQU 	3
FLTR4 	EQU 	4
FLTR5 	EQU 	5
FLTR6 	EQU 	6
FLTR7 	EQU 	7
FLTR8 	EQU 	0
FLTR9 	EQU 	1
FM0 	EQU 	2
FM1 	EQU 	3
FME0 	EQU 	2
FME1 	EQU 	3
FMT 	EQU 	4
FN_ASC 	EQU 	1174
FN_COS 	EQU 	1542
FN_LEFT 	EQU 	4286
FN_MID 	EQU 	4404
FN_READAD1083 	EQU 	4824
FN_SCALE154 	EQU 	5286
FN_SIN 	EQU 	5458
FN_STR 	EQU 	5780
FN_TRIG_REF 	EQU 	7014
FRQ0 	EQU 	0
FRQ1 	EQU 	1
FRQ2 	EQU 	2
FRQ3 	EQU 	3
FSCMCON 	EQU 	1112
FSCMFEV 	EQU 	0
FSCMFFI 	EQU 	1
FSCMPEV 	EQU 	2
FSCMPFI 	EQU 	3
FSCMSEV 	EQU 	4
FSCMSFI 	EQU 	5
FSR00 	EQU 	0
FSR01 	EQU 	1
FSR010 	EQU 	16
FSR011 	EQU 	17
FSR02 	EQU 	2
FSR03 	EQU 	3
FSR04 	EQU 	4
FSR05 	EQU 	5
FSR06 	EQU 	6
FSR07 	EQU 	7
FSR08 	EQU 	8
FSR09 	EQU 	9
FSR0H 	EQU 	1258
FSR0H0 	EQU 	0
FSR0H1 	EQU 	1
FSR0H2 	EQU 	2
FSR0H3 	EQU 	3
FSR0H4 	EQU 	4
FSR0H5 	EQU 	5
FSR0H_SHAD 	EQU 	893
FSR0L 	EQU 	1257
FSR0L_SHAD 	EQU 	892
FSR0SH 	EQU 	892
FSR0SH0 	EQU 	0
FSR0SH1 	EQU 	1
FSR0SH10 	EQU 	16
FSR0SH11 	EQU 	17
FSR0SH12 	EQU 	18
FSR0SH13 	EQU 	19
FSR0SH2 	EQU 	2
FSR0SH3 	EQU 	3
FSR0SH4 	EQU 	4
FSR0SH5 	EQU 	5
FSR0SH6 	EQU 	6
FSR0SH7 	EQU 	7
FSR0SH8 	EQU 	8
FSR0SH9 	EQU 	9
FSR10 	EQU 	0
FSR11 	EQU 	1
FSR110 	EQU 	16
FSR111 	EQU 	17
FSR12 	EQU 	2
FSR13 	EQU 	3
FSR14 	EQU 	4
FSR15 	EQU 	5
FSR16 	EQU 	6
FSR17 	EQU 	7
FSR18 	EQU 	8
FSR19 	EQU 	9
FSR1H 	EQU 	1250
FSR1H0 	EQU 	0
FSR1H1 	EQU 	1
FSR1H2 	EQU 	2
FSR1H3 	EQU 	3
FSR1H4 	EQU 	4
FSR1H5 	EQU 	5
FSR1H_SHAD 	EQU 	895
FSR1L 	EQU 	1249
FSR1L_SHAD 	EQU 	894
FSR1SH 	EQU 	894
FSR1SH0 	EQU 	0
FSR1SH1 	EQU 	1
FSR1SH10 	EQU 	16
FSR1SH11 	EQU 	17
FSR1SH12 	EQU 	18
FSR1SH13 	EQU 	19
FSR1SH2 	EQU 	2
FSR1SH3 	EQU 	3
FSR1SH4 	EQU 	4
FSR1SH5 	EQU 	5
FSR1SH6 	EQU 	6
FSR1SH7 	EQU 	7
FSR1SH8 	EQU 	8
FSR1SH9 	EQU 	9
FSR20 	EQU 	0
FSR21 	EQU 	1
FSR210 	EQU 	16
FSR211 	EQU 	17
FSR22 	EQU 	2
FSR23 	EQU 	3
FSR24 	EQU 	4
FSR25 	EQU 	5
FSR26 	EQU 	6
FSR27 	EQU 	7
FSR28 	EQU 	8
FSR29 	EQU 	9
FSR2H 	EQU 	1242
FSR2H0 	EQU 	0
FSR2H1 	EQU 	1
FSR2H2 	EQU 	2
FSR2H3 	EQU 	3
FSR2H4 	EQU 	4
FSR2H5 	EQU 	5
FSR2H_SHAD 	EQU 	897
FSR2L 	EQU 	1241
FSR2L_SHAD 	EQU 	896
FSR2SH 	EQU 	896
FSR2SH0 	EQU 	0
FSR2SH1 	EQU 	1
FSR2SH10 	EQU 	16
FSR2SH11 	EQU 	17
FSR2SH12 	EQU 	18
FSR2SH13 	EQU 	19
FSR2SH2 	EQU 	2
FSR2SH3 	EQU 	3
FSR2SH4 	EQU 	4
FSR2SH5 	EQU 	5
FSR2SH6 	EQU 	6
FSR2SH7 	EQU 	7
FSR2SH8 	EQU 	8
FSR2SH9 	EQU 	9
FST 	EQU 	4
FULL 	EQU 	0
FVRCON 	EQU 	983
FVRCON_ADFVR0 	EQU 	0
FVRCON_ADFVR1 	EQU 	1
FVRCON_CDAFVR0 	EQU 	2
FVRCON_CDAFVR1 	EQU 	3
FVRCON_EN 	EQU 	7
FVREN 	EQU 	7
FVRMD 	EQU 	6
FVRRDY 	EQU 	6
G1D1N 	EQU 	0
G1D1T 	EQU 	1
G1D2N 	EQU 	2
G1D2T 	EQU 	3
G1D3N 	EQU 	4
G1D3T 	EQU 	5
G1D4N 	EQU 	6
G1D4T 	EQU 	7
G1EN 	EQU 	7
G1POL 	EQU 	0
G2D1N 	EQU 	0
G2D1T 	EQU 	1
G2D2N 	EQU 	2
G2D2T 	EQU 	3
G2D3N 	EQU 	4
G2D3T 	EQU 	5
G2D4N 	EQU 	6
G2D4T 	EQU 	7
G2POL 	EQU 	1
G3D1N 	EQU 	0
G3D1T 	EQU 	1
G3D2N 	EQU 	2
G3D2T 	EQU 	3
G3D3N 	EQU 	4
G3D3T 	EQU 	5
G3D4N 	EQU 	6
G3D4T 	EQU 	7
G3POL 	EQU 	2
G4D1N 	EQU 	0
G4D1T 	EQU 	1
G4D2N 	EQU 	2
G4D2T 	EQU 	3
G4D3N 	EQU 	4
G4D3T 	EQU 	5
G4D4N 	EQU 	6
G4D4T 	EQU 	7
G4POL 	EQU 	3
GCEN 	EQU 	6
GE 	EQU 	7
GGO 	EQU 	3
GGO_NDONE 	EQU 	3
GGO_NOT_DONE 	EQU 	3
GIE 	EQU 	7
GIEH 	EQU 	7
GIEL 	EQU 	6
GLCDBACKGROUND 	EQU 	1319
GLCDBACKGROUND_H 	EQU 	1320
GLCDBITNO 	EQU 	1321
GLCDCHANGE 	EQU 	1322
GLCDCHARCOL3 	EQU 	1916
GLCDCHARCOL4 	EQU 	2064
GLCDCHARCOL5 	EQU 	2212
GLCDCHARCOL6 	EQU 	2360
GLCDCHARCOL7 	EQU 	2508
GLCDCLS_SSD1306 	EQU 	2656
GLCDCOLOUR 	EQU 	1323
GLCDCOLOUR_H 	EQU 	1324
GLCDDATATEMP 	EQU 	1325
GLCDDRAWCHAR_SSD1306 	EQU 	2930
GLCDFNTDEFAULT 	EQU 	1326
GLCDFNTDEFAULTHEIGHT 	EQU 	1327
GLCDFNTDEFAULTSIZE 	EQU 	1328
GLCDFONTWIDTH 	EQU 	1329
GLCDFOREGROUND 	EQU 	1330
GLCDFOREGROUND_H 	EQU 	1331
GLCDPRINT9 	EQU 	3362
GLCDPRINTLEN 	EQU 	1332
GLCDPRINTLOC 	EQU 	1333
GLCDPRINTLOC_H 	EQU 	1334
GLCDPRINT_STRING_COUNTER 	EQU 	1335
GLCDTEMP 	EQU 	1336
GLCDTEMP_H 	EQU 	1337
GLCDX 	EQU 	1338
GLCDY 	EQU 	1339
GLCD_YORDINATE 	EQU 	1340
GLCD_YORDINATE_H 	EQU 	1341
GO_ADCON0 	EQU 	0
GO_CRCCON0 	EQU 	6
GO_DONE 	EQU 	0
GO_NDONE 	EQU 	0
GO_NOT_DONE 	EQU 	0
GO_NVMCON0 	EQU 	0
GPOL_ADCON1 	EQU 	5
GPOL_T1GCON 	EQU 	6
GPOL_T3GCON 	EQU 	6
GSPM 	EQU 	4
GSS0 	EQU 	0
GSS1 	EQU 	1
GSS2 	EQU 	2
GSS3 	EQU 	3
GSS4 	EQU 	4
GTM 	EQU 	5
GVAL 	EQU 	2
HADR0 	EQU 	0
HADR1 	EQU 	1
HADR10 	EQU 	2
HADR11 	EQU 	3
HADR12 	EQU 	4
HADR13 	EQU 	5
HADR14 	EQU 	6
HADR15 	EQU 	7
HADR16 	EQU 	0
HADR17 	EQU 	1
HADR18 	EQU 	2
HADR19 	EQU 	3
HADR2 	EQU 	2
HADR20 	EQU 	4
HADR21 	EQU 	5
HADR3 	EQU 	3
HADR4 	EQU 	4
HADR5 	EQU 	5
HADR6 	EQU 	6
HADR7 	EQU 	7
HADR8 	EQU 	0
HADR9 	EQU 	1
HFOEN 	EQU 	6
HFOR 	EQU 	6
HI2C1LASTERROR 	EQU 	1342
HI2C1STATEMACHINE 	EQU 	1343
HI2CACKPOLLSTATE 	EQU 	1344
HI2CCURRENTMODE 	EQU 	1345
HI2CMODE 	EQU 	3492
HI2CQ24Q35INIT 	EQU 	3494
HI2CQ24Q35SEND 	EQU 	3558
HI2CQ24Q35STOP 	EQU 	3638
HI2CQ24Q35STOPEXIT 	EQU 	3818
HI2CWAITMSSPTIMEOUT 	EQU 	1346
HLVDCON0 	EQU 	74
HLVDCON0_EN 	EQU 	7
HLVDCON1 	EQU 	75
HLVDCON1_SEL0 	EQU 	0
HLVDCON1_SEL1 	EQU 	1
HLVDCON1_SEL2 	EQU 	2
HLVDCON1_SEL3 	EQU 	3
HLVDEN 	EQU 	7
HLVDIE 	EQU 	1
HLVDIF 	EQU 	1
HLVDINTH 	EQU 	1
HLVDINTL 	EQU 	0
HLVDIP 	EQU 	1
HLVDMD 	EQU 	5
HLVDOUT 	EQU 	5
HLVDRDY 	EQU 	4
HLVDSEL0 	EQU 	0
HLVDSEL1 	EQU 	1
HLVDSEL2 	EQU 	2
HLVDSEL3 	EQU 	3
HWI2C_BUFFER 	EQU 	4252
HWI2C_BUFFERLOCATIONCOUNTER 	EQU 	1347
HWI2C_BUFFERLOCATIONCOUNTERINDEX 	EQU 	1349
HWI2C_BUFFERLOCATIONCOUNTERINDEX_H 	EQU 	1350
HWI2C_BUFFERLOCATIONCOUNTER_H 	EQU 	1348
HYS0 	EQU 	1
HYS1 	EQU 	2
I2C1ADB0 	EQU 	652
I2C1ADB1 	EQU 	653
I2C1ADR0 	EQU 	654
I2C1ADR1 	EQU 	655
I2C1ADR2 	EQU 	656
I2C1ADR3 	EQU 	657
I2C1ADR3_ADR0 	EQU 	1
I2C1ADR3_ADR1 	EQU 	2
I2C1ADR3_ADR2 	EQU 	3
I2C1ADR3_ADR3 	EQU 	4
I2C1ADR3_ADR4 	EQU 	5
I2C1ADR3_ADR5 	EQU 	6
I2C1ADR3_ADR6 	EQU 	7
I2C1BAUD 	EQU 	668
I2C1BTO 	EQU 	667
I2C1BTOC 	EQU 	670
I2C1BTO_TOTIME0 	EQU 	0
I2C1BTO_TOTIME1 	EQU 	1
I2C1BTO_TOTIME2 	EQU 	2
I2C1BTO_TOTIME3 	EQU 	3
I2C1BTO_TOTIME4 	EQU 	4
I2C1BTO_TOTIME5 	EQU 	5
I2C1CLK 	EQU 	669
I2C1CLK_CLK0 	EQU 	0
I2C1CLK_CLK1 	EQU 	1
I2C1CLK_CLK2 	EQU 	2
I2C1CLK_CLK3 	EQU 	3
I2C1CLK_CLK4 	EQU 	4
I2C1CNT 	EQU 	650
I2C1CNT0 	EQU 	0
I2C1CNT1 	EQU 	1
I2C1CNT10 	EQU 	2
I2C1CNT11 	EQU 	3
I2C1CNT12 	EQU 	4
I2C1CNT13 	EQU 	5
I2C1CNT14 	EQU 	6
I2C1CNT15 	EQU 	7
I2C1CNT2 	EQU 	2
I2C1CNT3 	EQU 	3
I2C1CNT4 	EQU 	4
I2C1CNT5 	EQU 	5
I2C1CNT6 	EQU 	6
I2C1CNT7 	EQU 	7
I2C1CNT8 	EQU 	0
I2C1CNT9 	EQU 	1
I2C1CNTH 	EQU 	651
I2C1CNTL 	EQU 	650
I2C1CON0 	EQU 	658
I2C1CON0_EN 	EQU 	7
I2C1CON0_I2C1CON0_MODE0 	EQU 	0
I2C1CON0_I2C1CON0_MODE1 	EQU 	1
I2C1CON0_I2C1CON0_MODE2 	EQU 	2
I2C1CON0_MODE0 	EQU 	0
I2C1CON0_MODE1 	EQU 	1
I2C1CON0_MODE2 	EQU 	2
I2C1CON1 	EQU 	659
I2C1CON2 	EQU 	660
I2C1CON2_BFRET0 	EQU 	0
I2C1CON2_BFRET1 	EQU 	1
I2C1CON2_SDAHT0 	EQU 	2
I2C1CON2_SDAHT1 	EQU 	3
I2C1CON3 	EQU 	661
I2C1CON3_ACNTMD0 	EQU 	0
I2C1CON3_ACNTMD1 	EQU 	1
I2C1CON3_FME0 	EQU 	2
I2C1CON3_FME1 	EQU 	3
I2C1EIE 	EQU 	3
I2C1EIF 	EQU 	3
I2C1EIP 	EQU 	3
I2C1ERR 	EQU 	662
I2C1IE 	EQU 	2
I2C1IF 	EQU 	2
I2C1IP 	EQU 	2
I2C1MD 	EQU 	3
I2C1PIE 	EQU 	666
I2C1PIR 	EQU 	665
I2C1RXB 	EQU 	648
I2C1RXIE 	EQU 	0
I2C1RXIF 	EQU 	0
I2C1RXIP 	EQU 	0
I2C1SCLPPS 	EQU 	625
I2C1SCLPPS0 	EQU 	0
I2C1SCLPPS1 	EQU 	1
I2C1SCLPPS2 	EQU 	2
I2C1SCLPPS3 	EQU 	3
I2C1SCLPPS4 	EQU 	4
I2C1SCLPPS5 	EQU 	5
I2C1SCLPPS6 	EQU 	6
I2C1SCLPPS7 	EQU 	7
I2C1SCLPPS_PIN0 	EQU 	0
I2C1SCLPPS_PIN1 	EQU 	1
I2C1SCLPPS_PIN2 	EQU 	2
I2C1SCLPPS_PORT0 	EQU 	3
I2C1SCLPPS_PORT1 	EQU 	4
I2C1SCLPPS_PORT2 	EQU 	5
I2C1SCLPPS_PORT3 	EQU 	6
I2C1SCLPPS_PORT4 	EQU 	7
I2C1SDAPPS 	EQU 	624
I2C1SDAPPS0 	EQU 	0
I2C1SDAPPS1 	EQU 	1
I2C1SDAPPS2 	EQU 	2
I2C1SDAPPS3 	EQU 	3
I2C1SDAPPS4 	EQU 	4
I2C1SDAPPS5 	EQU 	5
I2C1SDAPPS6 	EQU 	6
I2C1SDAPPS7 	EQU 	7
I2C1SDAPPS_PIN0 	EQU 	0
I2C1SDAPPS_PIN1 	EQU 	1
I2C1SDAPPS_PIN2 	EQU 	2
I2C1SDAPPS_PORT0 	EQU 	3
I2C1SDAPPS_PORT1 	EQU 	4
I2C1SDAPPS_PORT2 	EQU 	5
I2C1SDAPPS_PORT3 	EQU 	6
I2C1SDAPPS_PORT4 	EQU 	7
I2C1STAT0 	EQU 	663
I2C1STAT1 	EQU 	664
I2C1STAT1_CLRBF 	EQU 	2
I2C1STAT1_RXBF 	EQU 	0
I2C1STAT1_RXRE 	EQU 	3
I2C1STAT1_TXBE 	EQU 	5
I2C1STAT1_TXWE 	EQU 	7
I2C1TXB 	EQU 	649
I2C1TXIE 	EQU 	1
I2C1TXIF 	EQU 	1
I2C1TXIP 	EQU 	1
I2C2ADB0 	EQU 	675
I2C2ADB1 	EQU 	676
I2C2ADR0 	EQU 	677
I2C2ADR1 	EQU 	678
I2C2ADR1_ADR0 	EQU 	1
I2C2ADR1_ADR1 	EQU 	2
I2C2ADR1_ADR2 	EQU 	3
I2C2ADR1_ADR3 	EQU 	4
I2C2ADR1_ADR4 	EQU 	5
I2C2ADR1_ADR5 	EQU 	6
I2C2ADR1_ADR6 	EQU 	7
I2C2ADR2 	EQU 	679
I2C2ADR3 	EQU 	680
I2C2ADR3_ADR0 	EQU 	1
I2C2ADR3_ADR1 	EQU 	2
I2C2ADR3_ADR2 	EQU 	3
I2C2ADR3_ADR3 	EQU 	4
I2C2ADR3_ADR4 	EQU 	5
I2C2ADR3_ADR5 	EQU 	6
I2C2ADR3_ADR6 	EQU 	7
I2C2BAUD 	EQU 	691
I2C2BTO 	EQU 	690
I2C2BTOC 	EQU 	693
I2C2BTOC_BTOC0 	EQU 	0
I2C2BTOC_BTOC1 	EQU 	1
I2C2BTOC_BTOC2 	EQU 	2
I2C2BTOC_BTOC3 	EQU 	3
I2C2BTOC_I2CBTOC0 	EQU 	0
I2C2BTOC_I2CBTOC1 	EQU 	1
I2C2BTOC_I2CBTOC2 	EQU 	2
I2C2BTOC_I2CBTOC3 	EQU 	3
I2C2BTO_I2C2BTO_TOTIME0 	EQU 	0
I2C2BTO_I2C2BTO_TOTIME1 	EQU 	1
I2C2BTO_I2C2BTO_TOTIME2 	EQU 	2
I2C2BTO_I2C2BTO_TOTIME3 	EQU 	3
I2C2BTO_I2C2BTO_TOTIME4 	EQU 	4
I2C2BTO_I2C2BTO_TOTIME5 	EQU 	5
I2C2BTO_TOBY32 	EQU 	6
I2C2BTO_TOREC 	EQU 	7
I2C2BTO_TOTIME0 	EQU 	0
I2C2BTO_TOTIME1 	EQU 	1
I2C2BTO_TOTIME2 	EQU 	2
I2C2BTO_TOTIME3 	EQU 	3
I2C2BTO_TOTIME4 	EQU 	4
I2C2BTO_TOTIME5 	EQU 	5
I2C2CLK 	EQU 	692
I2C2CLK_CLK0 	EQU 	0
I2C2CLK_CLK1 	EQU 	1
I2C2CLK_CLK2 	EQU 	2
I2C2CLK_CLK3 	EQU 	3
I2C2CLK_CLK4 	EQU 	4
I2C2CLK_I2CCLK0 	EQU 	0
I2C2CLK_I2CCLK1 	EQU 	1
I2C2CLK_I2CCLK2 	EQU 	2
I2C2CLK_I2CCLK3 	EQU 	3
I2C2CLK_I2CCLK4 	EQU 	4
I2C2CNT 	EQU 	673
I2C2CNT0 	EQU 	0
I2C2CNT1 	EQU 	1
I2C2CNT10 	EQU 	2
I2C2CNT11 	EQU 	3
I2C2CNT12 	EQU 	4
I2C2CNT13 	EQU 	5
I2C2CNT14 	EQU 	6
I2C2CNT15 	EQU 	7
I2C2CNT2 	EQU 	2
I2C2CNT3 	EQU 	3
I2C2CNT4 	EQU 	4
I2C2CNT5 	EQU 	5
I2C2CNT6 	EQU 	6
I2C2CNT7 	EQU 	7
I2C2CNT8 	EQU 	0
I2C2CNT9 	EQU 	1
I2C2CNTH 	EQU 	674
I2C2CNTH_CNT10 	EQU 	2
I2C2CNTH_CNT11 	EQU 	3
I2C2CNTH_CNT12 	EQU 	4
I2C2CNTH_CNT13 	EQU 	5
I2C2CNTH_CNT14 	EQU 	6
I2C2CNTH_CNT15 	EQU 	7
I2C2CNTH_CNT8 	EQU 	0
I2C2CNTH_CNT9 	EQU 	1
I2C2CNTL 	EQU 	673
I2C2CNT_CNT0 	EQU 	0
I2C2CNT_CNT1 	EQU 	1
I2C2CNT_CNT2 	EQU 	2
I2C2CNT_CNT3 	EQU 	3
I2C2CNT_CNT4 	EQU 	4
I2C2CNT_CNT5 	EQU 	5
I2C2CNT_CNT6 	EQU 	6
I2C2CNT_CNT7 	EQU 	7
I2C2CON0 	EQU 	681
I2C2CON0_CSTR 	EQU 	4
I2C2CON0_EN 	EQU 	7
I2C2CON0_I2C2CON0_MODE0 	EQU 	0
I2C2CON0_I2C2CON0_MODE1 	EQU 	1
I2C2CON0_I2C2CON0_MODE2 	EQU 	2
I2C2CON0_I2CEN 	EQU 	7
I2C2CON0_MDR 	EQU 	3
I2C2CON0_MODE0 	EQU 	0
I2C2CON0_MODE1 	EQU 	1
I2C2CON0_MODE2 	EQU 	2
I2C2CON0_RSEN 	EQU 	6
I2C2CON0_S 	EQU 	5
I2C2CON1 	EQU 	682
I2C2CON1_ACKCNT 	EQU 	7
I2C2CON1_ACKDT 	EQU 	6
I2C2CON1_ACKSTAT 	EQU 	5
I2C2CON1_ACKT 	EQU 	4
I2C2CON1_CSD 	EQU 	0
I2C2CON1_P 	EQU 	3
I2C2CON1_RXO 	EQU 	2
I2C2CON1_TXU 	EQU 	1
I2C2CON2 	EQU 	683
I2C2CON2_ABD 	EQU 	4
I2C2CON2_ACNT 	EQU 	7
I2C2CON2_BFRET0 	EQU 	0
I2C2CON2_BFRET1 	EQU 	1
I2C2CON2_GCEN 	EQU 	6
I2C2CON2_I2C2CON2_BFRET0 	EQU 	0
I2C2CON2_I2C2CON2_BFRET1 	EQU 	1
I2C2CON2_I2C2CON2_SDAHT0 	EQU 	2
I2C2CON2_I2C2CON2_SDAHT1 	EQU 	3
I2C2CON2_SDAHT0 	EQU 	2
I2C2CON2_SDAHT1 	EQU 	3
I2C2CON3 	EQU 	684
I2C2CON3_ACNTMD0 	EQU 	0
I2C2CON3_ACNTMD1 	EQU 	1
I2C2CON3_FME0 	EQU 	2
I2C2CON3_FME1 	EQU 	3
I2C2CON3_I2C2CON3_ACNTMD0 	EQU 	0
I2C2CON3_I2C2CON3_ACNTMD1 	EQU 	1
I2C2CON3_I2C2CON3_FME0 	EQU 	2
I2C2CON3_I2C2CON3_FME1 	EQU 	3
I2C2ERR 	EQU 	685
I2C2ERR_BCLIE 	EQU 	1
I2C2ERR_BCLIF 	EQU 	5
I2C2ERR_BTOIE 	EQU 	2
I2C2ERR_BTOIF 	EQU 	6
I2C2ERR_NACKIE 	EQU 	0
I2C2ERR_NACKIF 	EQU 	4
I2C2PIE 	EQU 	689
I2C2PIE_ACKTIE 	EQU 	6
I2C2PIE_ADRIE 	EQU 	3
I2C2PIE_CNTIE 	EQU 	7
I2C2PIE_PCIE 	EQU 	2
I2C2PIE_RSCIE 	EQU 	1
I2C2PIE_SCIE 	EQU 	0
I2C2PIE_WRIE 	EQU 	4
I2C2PIR 	EQU 	688
I2C2PIR_ACKTIF 	EQU 	6
I2C2PIR_ADRIF 	EQU 	3
I2C2PIR_CNTIF 	EQU 	7
I2C2PIR_PCIF 	EQU 	2
I2C2PIR_RSCIF 	EQU 	1
I2C2PIR_SCIF 	EQU 	0
I2C2PIR_WRIF 	EQU 	4
I2C2RXB 	EQU 	671
I2C2STAT0 	EQU 	686
I2C2STAT0_BFRE 	EQU 	7
I2C2STAT0_D 	EQU 	3
I2C2STAT0_MMA 	EQU 	5
I2C2STAT0_NOT_A 	EQU 	3
I2C2STAT0_NOT_ADDRESS 	EQU 	3
I2C2STAT0_NOT_W 	EQU 	4
I2C2STAT0_NOT_WRITE 	EQU 	4
I2C2STAT0_R 	EQU 	4
I2C2STAT0_READ 	EQU 	4
I2C2STAT0_SMA 	EQU 	6
I2C2STAT1 	EQU 	687
I2C2STAT1_CLRBF 	EQU 	2
I2C2STAT1_RXBF 	EQU 	0
I2C2STAT1_RXRE 	EQU 	3
I2C2STAT1_TXBE 	EQU 	5
I2C2STAT1_TXWE 	EQU 	7
I2C2TXB 	EQU 	672
I2CBTOC0 	EQU 	0
I2CBTOC1 	EQU 	1
I2CBTOC2 	EQU 	2
I2CBTOC3 	EQU 	3
I2CBYTE 	EQU 	1351
I2CCLK0 	EQU 	0
I2CCLK1 	EQU 	1
I2CCLK2 	EQU 	2
I2CCLK3 	EQU 	3
I2CCLK4 	EQU 	4
I2CEN 	EQU 	7
I2CPU0 	EQU 	4
I2CPU1 	EQU 	5
I2CSLEW0 	EQU 	6
I2CSLEW1 	EQU 	7
I2CTH0 	EQU 	0
I2CTH1 	EQU 	1
ICSPEN 	EQU 	57
ICSPLOCK 	EQU 	56
IDLEN 	EQU 	7
IN 	EQU 	5
IN0 	EQU 	0
IN1 	EQU 	1
IN2 	EQU 	2
IN3 	EQU 	3
INC0 	EQU 	0
INC1 	EQU 	1
INC10 	EQU 	2
INC11 	EQU 	3
INC12 	EQU 	4
INC13 	EQU 	5
INC14 	EQU 	6
INC15 	EQU 	7
INC16 	EQU 	0
INC17 	EQU 	1
INC18 	EQU 	2
INC19 	EQU 	3
INC2 	EQU 	2
INC3 	EQU 	3
INC4 	EQU 	4
INC5 	EQU 	5
INC6 	EQU 	6
INC7 	EQU 	7
INC8 	EQU 	0
INC9 	EQU 	1
INDF0 	EQU 	1263
INDF1 	EQU 	1255
INDF2 	EQU 	1247
INITGLCD_SSD1306 	EQU 	3836
INITPPS 	EQU 	4192
INITSYS 	EQU 	4226
INLVLA 	EQU 	1028
INLVLA0 	EQU 	0
INLVLA1 	EQU 	1
INLVLA2 	EQU 	2
INLVLA3 	EQU 	3
INLVLA4 	EQU 	4
INLVLA5 	EQU 	5
INLVLA6 	EQU 	6
INLVLA7 	EQU 	7
INLVLB 	EQU 	1036
INLVLB0 	EQU 	0
INLVLB1 	EQU 	1
INLVLB2 	EQU 	2
INLVLB3 	EQU 	3
INLVLB4 	EQU 	4
INLVLB5 	EQU 	5
INLVLB6 	EQU 	6
INLVLB7 	EQU 	7
INLVLC 	EQU 	1044
INLVLC0 	EQU 	0
INLVLC1 	EQU 	1
INLVLC2 	EQU 	2
INLVLC3 	EQU 	3
INLVLC4 	EQU 	4
INLVLC5 	EQU 	5
INLVLC6 	EQU 	6
INLVLD 	EQU 	1052
INLVLD0 	EQU 	0
INLVLD1 	EQU 	1
INLVLD2 	EQU 	2
INLVLD3 	EQU 	3
INLVLD4 	EQU 	4
INLVLD5 	EQU 	5
INLVLD6 	EQU 	6
INLVLD7 	EQU 	7
INLVLE 	EQU 	1060
INLVLE0 	EQU 	0
INLVLE1 	EQU 	1
INLVLE2 	EQU 	2
INLVLE3 	EQU 	3
INT0EDG 	EQU 	0
INT0IE 	EQU 	0
INT0IF 	EQU 	0
INT0IP 	EQU 	0
INT0PPS 	EQU 	574
INT0PPS0 	EQU 	0
INT0PPS1 	EQU 	1
INT0PPS2 	EQU 	2
INT0PPS3 	EQU 	3
INT0PPS4 	EQU 	4
INT0PPS5 	EQU 	5
INT0PPS6 	EQU 	6
INT0PPS7 	EQU 	7
INT0PPS_PIN0 	EQU 	0
INT0PPS_PIN1 	EQU 	1
INT0PPS_PIN2 	EQU 	2
INT0PPS_PORT0 	EQU 	3
INT0PPS_PORT1 	EQU 	4
INT0PPS_PORT2 	EQU 	5
INT0PPS_PORT3 	EQU 	6
INT0PPS_PORT4 	EQU 	7
INT1EDG 	EQU 	1
INT1IE 	EQU 	0
INT1IF 	EQU 	0
INT1IP 	EQU 	0
INT1PPS 	EQU 	575
INT1PPS0 	EQU 	0
INT1PPS1 	EQU 	1
INT1PPS2 	EQU 	2
INT1PPS3 	EQU 	3
INT1PPS4 	EQU 	4
INT1PPS5 	EQU 	5
INT1PPS6 	EQU 	6
INT1PPS7 	EQU 	7
INT1PPS_PIN0 	EQU 	0
INT1PPS_PIN1 	EQU 	1
INT1PPS_PIN2 	EQU 	2
INT1PPS_PORT0 	EQU 	3
INT1PPS_PORT1 	EQU 	4
INT1PPS_PORT2 	EQU 	5
INT1PPS_PORT3 	EQU 	6
INT1PPS_PORT4 	EQU 	7
INT2EDG 	EQU 	2
INT2IE 	EQU 	1
INT2IF 	EQU 	1
INT2IP 	EQU 	1
INT2PPS 	EQU 	576
INT2PPS0 	EQU 	0
INT2PPS1 	EQU 	1
INT2PPS2 	EQU 	2
INT2PPS3 	EQU 	3
INT2PPS4 	EQU 	4
INT2PPS5 	EQU 	5
INT2PPS6 	EQU 	6
INT2PPS7 	EQU 	7
INT2PPS_PIN0 	EQU 	0
INT2PPS_PIN1 	EQU 	1
INT2PPS_PIN2 	EQU 	2
INT2PPS_PORT0 	EQU 	3
INT2PPS_PORT1 	EQU 	4
INT2PPS_PORT2 	EQU 	5
INT2PPS_PORT3 	EQU 	6
INT2PPS_PORT4 	EQU 	7
INTCON0 	EQU 	1238
INTCON1 	EQU 	1239
INTCON1_STAT0_INTCON1 	EQU 	6
INTCON1_STAT1_INTCON1 	EQU 	7
INTH 	EQU 	1
INTL 	EQU 	0
INTN_CLCNCON 	EQU 	3
INTN_CM1CON1 	EQU 	0
INTN_CM2CON1 	EQU 	0
INTN_ZCD1CON 	EQU 	0
INTP_CLCNCON 	EQU 	4
INTP_CM1CON1 	EQU 	1
INTP_CM2CON1 	EQU 	1
INTP_ZCD1CON 	EQU 	1
IOCAF 	EQU 	1031
IOCAF0 	EQU 	0
IOCAF1 	EQU 	1
IOCAF2 	EQU 	2
IOCAF3 	EQU 	3
IOCAF4 	EQU 	4
IOCAF5 	EQU 	5
IOCAF6 	EQU 	6
IOCAF7 	EQU 	7
IOCAN 	EQU 	1030
IOCAN0 	EQU 	0
IOCAN1 	EQU 	1
IOCAN2 	EQU 	2
IOCAN3 	EQU 	3
IOCAN4 	EQU 	4
IOCAN5 	EQU 	5
IOCAN6 	EQU 	6
IOCAN7 	EQU 	7
IOCAP 	EQU 	1029
IOCAP0 	EQU 	0
IOCAP1 	EQU 	1
IOCAP2 	EQU 	2
IOCAP3 	EQU 	3
IOCAP4 	EQU 	4
IOCAP5 	EQU 	5
IOCAP6 	EQU 	6
IOCAP7 	EQU 	7
IOCBF 	EQU 	1039
IOCBF0 	EQU 	0
IOCBF1 	EQU 	1
IOCBF2 	EQU 	2
IOCBF3 	EQU 	3
IOCBF4 	EQU 	4
IOCBF5 	EQU 	5
IOCBF6 	EQU 	6
IOCBF7 	EQU 	7
IOCBN 	EQU 	1038
IOCBN0 	EQU 	0
IOCBN1 	EQU 	1
IOCBN2 	EQU 	2
IOCBN3 	EQU 	3
IOCBN4 	EQU 	4
IOCBN5 	EQU 	5
IOCBN6 	EQU 	6
IOCBN7 	EQU 	7
IOCBP 	EQU 	1037
IOCBP0 	EQU 	0
IOCBP1 	EQU 	1
IOCBP2 	EQU 	2
IOCBP3 	EQU 	3
IOCBP4 	EQU 	4
IOCBP5 	EQU 	5
IOCBP6 	EQU 	6
IOCBP7 	EQU 	7
IOCCF 	EQU 	1047
IOCCF0 	EQU 	0
IOCCF1 	EQU 	1
IOCCF2 	EQU 	2
IOCCF3 	EQU 	3
IOCCF4 	EQU 	4
IOCCF5 	EQU 	5
IOCCF6 	EQU 	6
IOCCN 	EQU 	1046
IOCCN0 	EQU 	0
IOCCN1 	EQU 	1
IOCCN2 	EQU 	2
IOCCN3 	EQU 	3
IOCCN4 	EQU 	4
IOCCN5 	EQU 	5
IOCCN6 	EQU 	6
IOCCP 	EQU 	1045
IOCCP0 	EQU 	0
IOCCP1 	EQU 	1
IOCCP2 	EQU 	2
IOCCP3 	EQU 	3
IOCCP4 	EQU 	4
IOCCP5 	EQU 	5
IOCCP6 	EQU 	6
IOCDF 	EQU 	1055
IOCDF0 	EQU 	0
IOCDF1 	EQU 	1
IOCDF2 	EQU 	2
IOCDF3 	EQU 	3
IOCDF4 	EQU 	4
IOCDF5 	EQU 	5
IOCDF6 	EQU 	6
IOCDF7 	EQU 	7
IOCDN 	EQU 	1054
IOCDN0 	EQU 	0
IOCDN1 	EQU 	1
IOCDN2 	EQU 	2
IOCDN3 	EQU 	3
IOCDN4 	EQU 	4
IOCDN5 	EQU 	5
IOCDN6 	EQU 	6
IOCDN7 	EQU 	7
IOCDP 	EQU 	1053
IOCDP0 	EQU 	0
IOCDP1 	EQU 	1
IOCDP2 	EQU 	2
IOCDP3 	EQU 	3
IOCDP4 	EQU 	4
IOCDP5 	EQU 	5
IOCDP6 	EQU 	6
IOCDP7 	EQU 	7
IOCEF 	EQU 	1063
IOCEF3 	EQU 	3
IOCEN 	EQU 	1062
IOCEN3 	EQU 	3
IOCEP 	EQU 	1061
IOCEP3 	EQU 	3
IOCIE 	EQU 	7
IOCIF 	EQU 	7
IOCIP 	EQU 	7
IOCMD 	EQU 	0
IOCSRIE 	EQU 	0
IOCSRIF 	EQU 	0
IOCSRIP 	EQU 	0
IOCWF 	EQU 	1087
IOCWF0 	EQU 	0
IOCWF1 	EQU 	1
IOCWF2 	EQU 	2
IOCWF3 	EQU 	3
IOCWF4 	EQU 	4
IOCWF5 	EQU 	5
IOCWF6 	EQU 	6
IOCWF7 	EQU 	7
IOCWN 	EQU 	1086
IOCWN0 	EQU 	0
IOCWN1 	EQU 	1
IOCWN2 	EQU 	2
IOCWN3 	EQU 	3
IOCWN4 	EQU 	4
IOCWN5 	EQU 	5
IOCWN6 	EQU 	6
IOCWN7 	EQU 	7
IOCWP 	EQU 	1085
IOCWP0 	EQU 	0
IOCWP1 	EQU 	1
IOCWP2 	EQU 	2
IOCWP3 	EQU 	3
IOCWP4 	EQU 	4
IOCWP5 	EQU 	5
IOCWP6 	EQU 	6
IOCWP7 	EQU 	7
IPEN_ADCON1 	EQU 	6
IPEN_INTCON0 	EQU 	5
IPR0 	EQU 	1182
IPR1 	EQU 	1183
IPR10 	EQU 	1192
IPR11 	EQU 	1193
IPR2 	EQU 	1184
IPR3 	EQU 	1185
IPR4 	EQU 	1186
IPR5 	EQU 	1187
IPR6 	EQU 	1188
IPR7 	EQU 	1189
IPR8 	EQU 	1190
IPR9 	EQU 	1191
ISM0 	EQU 	0
ISM1 	EQU 	1
ISM2 	EQU 	2
ISM3 	EQU 	3
ISM4 	EQU 	4
ISRPR 	EQU 	191
ISRPR0 	EQU 	0
ISRPR1 	EQU 	1
ISRPR2 	EQU 	2
ISRPR_ISRPR0 	EQU 	0
ISRPR_ISRPR1 	EQU 	1
ISRPR_ISRPR2 	EQU 	2
ISRPR_PR0_ISRPR 	EQU 	0
ISRPR_PR1_ISRPR 	EQU 	1
ISRPR_PR2_ISRPR 	EQU 	2
IVTAD 	EQU 	1114
IVTADH 	EQU 	1115
IVTADL 	EQU 	1114
IVTADU 	EQU 	1116
IVTBASE 	EQU 	1117
IVTBASEH 	EQU 	1118
IVTBASEL 	EQU 	1117
IVTBASEU 	EQU 	1119
IVTLOCK 	EQU 	1113
IVTLOCKED 	EQU 	0
LADR0 	EQU 	0
LADR1 	EQU 	1
LADR10 	EQU 	2
LADR11 	EQU 	3
LADR12 	EQU 	4
LADR13 	EQU 	5
LADR14 	EQU 	6
LADR15 	EQU 	7
LADR16 	EQU 	0
LADR17 	EQU 	1
LADR18 	EQU 	2
LADR19 	EQU 	3
LADR2 	EQU 	2
LADR20 	EQU 	4
LADR21 	EQU 	5
LADR3 	EQU 	3
LADR4 	EQU 	4
LADR5 	EQU 	5
LADR6 	EQU 	6
LADR7 	EQU 	7
LADR8 	EQU 	0
LADR9 	EQU 	1
LATA 	EQU 	320
LATA0 	EQU 	0
LATA1 	EQU 	1
LATA2 	EQU 	2
LATA3 	EQU 	3
LATA4 	EQU 	4
LATA5 	EQU 	5
LATA6 	EQU 	6
LATA7 	EQU 	7
LATB 	EQU 	321
LATB0 	EQU 	0
LATB1 	EQU 	1
LATB2 	EQU 	2
LATB3 	EQU 	3
LATB4 	EQU 	4
LATB5 	EQU 	5
LATB6 	EQU 	6
LATB7 	EQU 	7
LATC 	EQU 	322
LATC0 	EQU 	0
LATC1 	EQU 	1
LATC2 	EQU 	2
LATC3 	EQU 	3
LATC4 	EQU 	4
LATC5 	EQU 	5
LATC6 	EQU 	6
LATC7 	EQU 	7
LATD 	EQU 	323
LATD0 	EQU 	0
LATD1 	EQU 	1
LATD2 	EQU 	2
LATD3 	EQU 	3
LATD4 	EQU 	4
LATD5 	EQU 	5
LATD6 	EQU 	6
LATD7 	EQU 	7
LATE 	EQU 	324
LATE0 	EQU 	0
LATE1 	EQU 	1
LATE2 	EQU 	2
LATW 	EQU 	257
LATW0 	EQU 	0
LATW1 	EQU 	1
LATW2 	EQU 	2
LATW3 	EQU 	3
LATW4 	EQU 	4
LATW5 	EQU 	5
LATW6 	EQU 	6
LATW7 	EQU 	7
LDS0 	EQU 	0
LDS1 	EQU 	1
LDS2 	EQU 	2
LDS3 	EQU 	3
LDS4 	EQU 	4
LDS5 	EQU 	5
LDS6 	EQU 	6
LDS7 	EQU 	7
LD_CWG1CON0 	EQU 	6
LD_PWM1CON 	EQU 	2
LD_PWM2CON 	EQU 	2
LEFT 	EQU 	4310
LENDIAN 	EQU 	1
LFOEN 	EQU 	4
LFOR 	EQU 	4
LIMIT 	EQU 	4
LINECOLOUR 	EQU 	1352
LINECOLOUR_H 	EQU 	1353
LINEDIFFX 	EQU 	1354
LINEDIFFX_H 	EQU 	1355
LINEDIFFX_X2 	EQU 	1356
LINEDIFFX_X2_H 	EQU 	1357
LINEDIFFY 	EQU 	1358
LINEDIFFY_H 	EQU 	1359
LINEDIFFY_X2 	EQU 	1360
LINEDIFFY_X2_H 	EQU 	1361
LINEERR 	EQU 	1362
LINEERR_H 	EQU 	1363
LINESTEPX 	EQU 	1364
LINESTEPX_H 	EQU 	1365
LINESTEPY 	EQU 	1366
LINESTEPY_H 	EQU 	1367
LINEX1 	EQU 	1368
LINEX1_H 	EQU 	1369
LINEX2 	EQU 	1370
LINEX2_H 	EQU 	1371
LINEY1 	EQU 	1372
LINEY1_H 	EQU 	1373
LINEY2 	EQU 	1374
LINEY2_H 	EQU 	1375
LOAD 	EQU 	6
LOCK 	EQU 	3
LOCX 	EQU 	1376
LOCY 	EQU 	1377
LSAC0 	EQU 	2
LSAC1 	EQU 	3
LSBD0 	EQU 	4
LSBD1 	EQU 	5
LSBF 	EQU 	2
LSCA1 	EQU 	3
LSDB0 	EQU 	4
LSDB1 	EQU 	5
LSDBD0 	EQU 	4
LSDBD1 	EQU 	5
LTH0 	EQU 	0
LTH1 	EQU 	1
LTH10 	EQU 	2
LTH11 	EQU 	3
LTH12 	EQU 	4
LTH13 	EQU 	5
LTH14 	EQU 	6
LTH15 	EQU 	7
LTH2 	EQU 	2
LTH3 	EQU 	3
LTH4 	EQU 	4
LTH5 	EQU 	5
LTH6 	EQU 	6
LTH7 	EQU 	7
LTH8 	EQU 	0
LTH9 	EQU 	1
LTHR 	EQU 	5
LVD0 	EQU 	0
LVD1 	EQU 	1
LVD2 	EQU 	2
LVD3 	EQU 	3
LVDEN 	EQU 	6
LVDMD 	EQU 	5
LVDSTAT 	EQU 	6
L_CALIBRATE 	EQU 	1378
L_CALIBRATE_H 	EQU 	1379
L_FROMHIGH 	EQU 	1380
L_FROMHIGH_H 	EQU 	1381
L_FROMLOW 	EQU 	1382
L_FROMLOW_H 	EQU 	1383
L_MAP 	EQU 	1384
L_MAP_H 	EQU 	1385
L_SYSCALC 	EQU 	1386
L_SYSCALCF 	EQU 	1388
L_SYSCALCF_E 	EQU 	1391
L_SYSCALCF_H 	EQU 	1389
L_SYSCALCF_U 	EQU 	1390
L_SYSCALC_H 	EQU 	1387
L_TOHIGH 	EQU 	1392
L_TOHIGH_H 	EQU 	1393
L_TOLOW 	EQU 	1394
L_TOLOW_H 	EQU 	1395
MAINPR 	EQU 	190
MAINPR0 	EQU 	0
MAINPR1 	EQU 	1
MAINPR2 	EQU 	2
MAINPR_MAINPR0 	EQU 	0
MAINPR_MAINPR1 	EQU 	1
MAINPR_MAINPR2 	EQU 	2
MAINPR_PR0_MAINPR 	EQU 	0
MAINPR_PR1_MAINPR 	EQU 	1
MAINPR_PR2_MAINPR 	EQU 	2
MATH 	EQU 	4
MC1OUT 	EQU 	0
MC2OUT 	EQU 	1
MD0 	EQU 	0
MD1 	EQU 	1
MD16 	EQU 	4
MD1CARH 	EQU 	110
MD1CARHPPS 	EQU 	605
MD1CARHPPS0 	EQU 	0
MD1CARHPPS1 	EQU 	1
MD1CARHPPS2 	EQU 	2
MD1CARHPPS3 	EQU 	3
MD1CARHPPS4 	EQU 	4
MD1CARHPPS5 	EQU 	5
MD1CARHPPS6 	EQU 	6
MD1CARHPPS7 	EQU 	7
MD1CARHPPS_PIN0 	EQU 	0
MD1CARHPPS_PIN1 	EQU 	1
MD1CARHPPS_PIN2 	EQU 	2
MD1CARHPPS_PORT0 	EQU 	3
MD1CARHPPS_PORT1 	EQU 	4
MD1CARHPPS_PORT2 	EQU 	5
MD1CARHPPS_PORT3 	EQU 	6
MD1CARHPPS_PORT4 	EQU 	7
MD1CARH_CARH0 	EQU 	0
MD1CARH_CARH1 	EQU 	1
MD1CARH_CARH2 	EQU 	2
MD1CARH_CARH3 	EQU 	3
MD1CARH_CARH4 	EQU 	4
MD1CARL 	EQU 	109
MD1CARLPPS 	EQU 	604
MD1CARLPPS0 	EQU 	0
MD1CARLPPS1 	EQU 	1
MD1CARLPPS2 	EQU 	2
MD1CARLPPS3 	EQU 	3
MD1CARLPPS4 	EQU 	4
MD1CARLPPS5 	EQU 	5
MD1CARLPPS6 	EQU 	6
MD1CARLPPS7 	EQU 	7
MD1CARLPPS_PIN0 	EQU 	0
MD1CARLPPS_PIN1 	EQU 	1
MD1CARLPPS_PIN2 	EQU 	2
MD1CARLPPS_PORT0 	EQU 	3
MD1CARLPPS_PORT1 	EQU 	4
MD1CARLPPS_PORT2 	EQU 	5
MD1CARLPPS_PORT3 	EQU 	6
MD1CARLPPS_PORT4 	EQU 	7
MD1CARL_CARL0 	EQU 	0
MD1CARL_CARL1 	EQU 	1
MD1CARL_CARL2 	EQU 	2
MD1CARL_CARL3 	EQU 	3
MD1CARL_CARL4 	EQU 	4
MD1CON0 	EQU 	106
MD1CON1 	EQU 	107
MD1SRC 	EQU 	108
MD1SRCPPS 	EQU 	606
MD1SRCPPS0 	EQU 	0
MD1SRCPPS1 	EQU 	1
MD1SRCPPS2 	EQU 	2
MD1SRCPPS3 	EQU 	3
MD1SRCPPS4 	EQU 	4
MD1SRCPPS5 	EQU 	5
MD1SRCPPS6 	EQU 	6
MD1SRCPPS7 	EQU 	7
MD1SRCPPS_PIN0 	EQU 	0
MD1SRCPPS_PIN1 	EQU 	1
MD1SRCPPS_PIN2 	EQU 	2
MD1SRCPPS_PORT0 	EQU 	3
MD1SRCPPS_PORT1 	EQU 	4
MD1SRCPPS_PORT2 	EQU 	5
MD1SRCPPS_PORT3 	EQU 	6
MD1SRCPPS_PORT4 	EQU 	7
MD1SRC_SRC0 	EQU 	0
MD1SRC_SRC1 	EQU 	1
MD1SRC_SRC2 	EQU 	2
MD1SRC_SRC3 	EQU 	3
MD1SRC_SRC4 	EQU 	4
MD2 	EQU 	2
MDBIT 	EQU 	0
MDCARH0 	EQU 	0
MDCARH1 	EQU 	1
MDCARH2 	EQU 	2
MDCARH3 	EQU 	3
MDCARH4 	EQU 	4
MDCARL0 	EQU 	0
MDCARL1 	EQU 	1
MDCARL2 	EQU 	2
MDCARL3 	EQU 	3
MDCARL4 	EQU 	4
MDCHPOL 	EQU 	5
MDCHSYNC 	EQU 	4
MDCLPOL 	EQU 	1
MDCLSYNC 	EQU 	0
MDEN 	EQU 	7
MDOPOL 	EQU 	4
MDOUT 	EQU 	5
MDR 	EQU 	3
MDSRC0 	EQU 	0
MDSRC1 	EQU 	1
MDSRC2 	EQU 	2
MDSRC3 	EQU 	3
MDSRC4 	EQU 	4
MEMV 	EQU 	1
MFOEN 	EQU 	5
MFOR 	EQU 	5
MID 	EQU 	4269
MMA 	EQU 	5
MODE0 	EQU 	0
MODE1 	EQU 	1
MODE2 	EQU 	2
MODE3 	EQU 	3
MODE4 	EQU 	4
MPWM1EN 	EQU 	0
MPWM1LD 	EQU 	0
MPWM2EN 	EQU 	1
MPWM2LD 	EQU 	1
MREG 	EQU 	2
MST 	EQU 	1
MUL32LOOP 	EQU 	6818
N 	EQU 	4
NACK1IE 	EQU 	0
NACK1IF 	EQU 	4
NACK2IE 	EQU 	0
NACK2IF 	EQU 	4
NACKIE 	EQU 	0
NACKIF 	EQU 	4
NBOR 	EQU 	0
NCH0_CM1NCH 	EQU 	0
NCH0_CM2NCH 	EQU 	0
NCH1_CM1NCH 	EQU 	1
NCH1_CM2NCH 	EQU 	1
NCH2_CM1NCH 	EQU 	2
NCH2_CM2NCH 	EQU 	2
NCO1ACC 	EQU 	1088
NCO1ACC0 	EQU 	0
NCO1ACC1 	EQU 	1
NCO1ACC10 	EQU 	2
NCO1ACC11 	EQU 	3
NCO1ACC12 	EQU 	4
NCO1ACC13 	EQU 	5
NCO1ACC14 	EQU 	6
NCO1ACC15 	EQU 	7
NCO1ACC16 	EQU 	0
NCO1ACC17 	EQU 	1
NCO1ACC18 	EQU 	2
NCO1ACC19 	EQU 	3
NCO1ACC2 	EQU 	2
NCO1ACC3 	EQU 	3
NCO1ACC4 	EQU 	4
NCO1ACC5 	EQU 	5
NCO1ACC6 	EQU 	6
NCO1ACC7 	EQU 	7
NCO1ACC8 	EQU 	0
NCO1ACC9 	EQU 	1
NCO1ACCH 	EQU 	1089
NCO1ACCH_ACC10 	EQU 	2
NCO1ACCH_ACC11 	EQU 	3
NCO1ACCH_ACC12 	EQU 	4
NCO1ACCH_ACC13 	EQU 	5
NCO1ACCH_ACC14 	EQU 	6
NCO1ACCH_ACC15 	EQU 	7
NCO1ACCH_ACC8 	EQU 	0
NCO1ACCH_ACC9 	EQU 	1
NCO1ACCL 	EQU 	1088
NCO1ACCU 	EQU 	1090
NCO1ACCU_ACC0 	EQU 	0
NCO1ACCU_ACC1 	EQU 	1
NCO1ACCU_ACC2 	EQU 	2
NCO1ACCU_ACC3 	EQU 	3
NCO1ACCU_NCO1ACC0 	EQU 	0
NCO1ACCU_NCO1ACC1 	EQU 	1
NCO1ACCU_NCO1ACC2 	EQU 	2
NCO1ACCU_NCO1ACC3 	EQU 	3
NCO1ACC_ACC0 	EQU 	0
NCO1ACC_ACC1 	EQU 	1
NCO1ACC_ACC2 	EQU 	2
NCO1ACC_ACC3 	EQU 	3
NCO1ACC_ACC4 	EQU 	4
NCO1ACC_ACC5 	EQU 	5
NCO1ACC_ACC6 	EQU 	6
NCO1ACC_ACC7 	EQU 	7
NCO1CKS0 	EQU 	0
NCO1CKS1 	EQU 	1
NCO1CKS2 	EQU 	2
NCO1CKS3 	EQU 	3
NCO1CKS4 	EQU 	4
NCO1CLK 	EQU 	1095
NCO1CLK_CKS0 	EQU 	0
NCO1CLK_CKS1 	EQU 	1
NCO1CLK_CKS2 	EQU 	2
NCO1CLK_CKS3 	EQU 	3
NCO1CLK_CKS4 	EQU 	4
NCO1CLK_NCO1CKS0 	EQU 	0
NCO1CLK_NCO1CKS1 	EQU 	1
NCO1CLK_NCO1CKS2 	EQU 	2
NCO1CLK_NCO1CKS3 	EQU 	3
NCO1CLK_NCO1CKS4 	EQU 	4
NCO1CLK_NCO1PWS0 	EQU 	5
NCO1CLK_NCO1PWS1 	EQU 	6
NCO1CLK_NCO1PWS2 	EQU 	7
NCO1CLK_PWS0 	EQU 	5
NCO1CLK_PWS1 	EQU 	6
NCO1CLK_PWS2 	EQU 	7
NCO1CON 	EQU 	1094
NCO1CON_EN 	EQU 	7
NCO1EN 	EQU 	7
NCO1IE 	EQU 	1
NCO1IF 	EQU 	1
NCO1INC 	EQU 	1091
NCO1INC0 	EQU 	0
NCO1INC1 	EQU 	1
NCO1INC10 	EQU 	2
NCO1INC11 	EQU 	3
NCO1INC12 	EQU 	4
NCO1INC13 	EQU 	5
NCO1INC14 	EQU 	6
NCO1INC15 	EQU 	7
NCO1INC16 	EQU 	0
NCO1INC17 	EQU 	1
NCO1INC18 	EQU 	2
NCO1INC19 	EQU 	3
NCO1INC2 	EQU 	2
NCO1INC3 	EQU 	3
NCO1INC4 	EQU 	4
NCO1INC5 	EQU 	5
NCO1INC6 	EQU 	6
NCO1INC7 	EQU 	7
NCO1INC8 	EQU 	0
NCO1INC9 	EQU 	1
NCO1INCH 	EQU 	1092
NCO1INCL 	EQU 	1091
NCO1INCU 	EQU 	1093
NCO1INCU_INC0 	EQU 	0
NCO1INCU_INC1 	EQU 	1
NCO1INCU_INC2 	EQU 	2
NCO1INCU_INC3 	EQU 	3
NCO1INCU_NCO1INC0 	EQU 	0
NCO1INCU_NCO1INC1 	EQU 	1
NCO1INCU_NCO1INC2 	EQU 	2
NCO1INCU_NCO1INC3 	EQU 	3
NCO1IP 	EQU 	1
NCO1MD 	EQU 	4
NCO1OUT 	EQU 	5
NCO1PFM 	EQU 	0
NCO1POL 	EQU 	4
NCO1PWS0 	EQU 	5
NCO1PWS1 	EQU 	6
NCO1PWS2 	EQU 	7
NDIV0 	EQU 	0
NDIV1 	EQU 	1
NDIV2 	EQU 	2
NDIV3 	EQU 	3
NDONE 	EQU 	0
NHYS 	EQU 	4
NIOMON 	EQU 	7
NMEMV 	EQU 	1
NOSC0 	EQU 	4
NOSC1 	EQU 	5
NOSC2 	EQU 	6
NOSCR 	EQU 	3
NOT_A 	EQU 	3
NOT_ADDRESS 	EQU 	3
NOT_BOR 	EQU 	0
NOT_DONE_NVMCON0 	EQU 	0
NOT_DONE_T1GCON 	EQU 	3
NOT_DONE_T3GCON 	EQU 	3
NOT_HYS 	EQU 	4
NOT_IOMON 	EQU 	7
NOT_MEMV 	EQU 	1
NOT_PD 	EQU 	5
NOT_POR 	EQU 	1
NOT_RCM 	EQU 	0
NOT_RI 	EQU 	2
NOT_RMCLR 	EQU 	3
NOT_RVREG 	EQU 	2
NOT_RWDT 	EQU 	4
NOT_SYNC 	EQU 	2
NOT_T1DONE 	EQU 	3
NOT_T1SYNC 	EQU 	2
NOT_T3DONE 	EQU 	3
NOT_T3SYNC 	EQU 	2
NOT_TO 	EQU 	6
NOT_W 	EQU 	4
NOT_WDTWV 	EQU 	5
NOT_WRITE 	EQU 	4
NPD 	EQU 	5
NPOR 	EQU 	1
NRCM 	EQU 	0
NREF0 	EQU 	4
NREF1 	EQU 	5
NREF2 	EQU 	6
NREF3 	EQU 	7
NRI 	EQU 	2
NRMCLR 	EQU 	3
NRVREG 	EQU 	2
NRWDT 	EQU 	4
NSS0 	EQU 	0
NSS1 	EQU 	1
NSYNC 	EQU 	2
NT1SYNC 	EQU 	2
NT3SYNC 	EQU 	2
NTO 	EQU 	6
NVMADR 	EQU 	67
NVMADR0 	EQU 	0
NVMADR1 	EQU 	1
NVMADR10 	EQU 	2
NVMADR11 	EQU 	3
NVMADR12 	EQU 	4
NVMADR13 	EQU 	5
NVMADR14 	EQU 	6
NVMADR15 	EQU 	7
NVMADR16 	EQU 	0
NVMADR17 	EQU 	1
NVMADR18 	EQU 	2
NVMADR19 	EQU 	3
NVMADR2 	EQU 	2
NVMADR20 	EQU 	4
NVMADR21 	EQU 	5
NVMADR3 	EQU 	3
NVMADR4 	EQU 	4
NVMADR5 	EQU 	5
NVMADR6 	EQU 	6
NVMADR7 	EQU 	7
NVMADR8 	EQU 	0
NVMADR9 	EQU 	1
NVMADRH 	EQU 	68
NVMADRL 	EQU 	67
NVMADRU 	EQU 	69
NVMADRU0 	EQU 	0
NVMADRU1 	EQU 	1
NVMADRU2 	EQU 	2
NVMADRU3 	EQU 	3
NVMADRU4 	EQU 	4
NVMADRU5 	EQU 	5
NVMCMD0 	EQU 	0
NVMCMD1 	EQU 	1
NVMCMD2 	EQU 	2
NVMCON0 	EQU 	64
NVMCON1 	EQU 	65
NVMDAT 	EQU 	70
NVMDAT0 	EQU 	0
NVMDAT1 	EQU 	1
NVMDAT10 	EQU 	2
NVMDAT11 	EQU 	3
NVMDAT12 	EQU 	4
NVMDAT13 	EQU 	5
NVMDAT14 	EQU 	6
NVMDAT15 	EQU 	7
NVMDAT2 	EQU 	2
NVMDAT3 	EQU 	3
NVMDAT4 	EQU 	4
NVMDAT5 	EQU 	5
NVMDAT6 	EQU 	6
NVMDAT7 	EQU 	7
NVMDAT8 	EQU 	0
NVMDAT9 	EQU 	1
NVMDATH 	EQU 	71
NVMDATL 	EQU 	70
NVMGO 	EQU 	0
NVMIE 	EQU 	4
NVMIF 	EQU 	4
NVMIP 	EQU 	4
NVMLOCK 	EQU 	66
NVMMD 	EQU 	2
NWDTWV 	EQU 	5
ODCA0 	EQU 	0
ODCA1 	EQU 	1
ODCA2 	EQU 	2
ODCA3 	EQU 	3
ODCA4 	EQU 	4
ODCA5 	EQU 	5
ODCA6 	EQU 	6
ODCA7 	EQU 	7
ODCB0 	EQU 	0
ODCB1 	EQU 	1
ODCB2 	EQU 	2
ODCB3 	EQU 	3
ODCB4 	EQU 	4
ODCB5 	EQU 	5
ODCB6 	EQU 	6
ODCB7 	EQU 	7
ODCC0 	EQU 	0
ODCC1 	EQU 	1
ODCC2 	EQU 	2
ODCC3 	EQU 	3
ODCC4 	EQU 	4
ODCC5 	EQU 	5
ODCC6 	EQU 	6
ODCD0 	EQU 	0
ODCD1 	EQU 	1
ODCD2 	EQU 	2
ODCD3 	EQU 	3
ODCD4 	EQU 	4
ODCD5 	EQU 	5
ODCD6 	EQU 	6
ODCD7 	EQU 	7
ODCE0 	EQU 	0
ODCE1 	EQU 	1
ODCE2 	EQU 	2
ODCONA 	EQU 	1026
ODCONB 	EQU 	1034
ODCONC 	EQU 	1042
ODCOND 	EQU 	1050
ODCONE 	EQU 	1058
OE0 	EQU 	4
OE1 	EQU 	5
OE2 	EQU 	6
OLD_ANGLE 	EQU 	1396
OLD_ANGLE_H 	EQU 	1397
OLD_XEND 	EQU 	1398
OLD_YEND 	EQU 	1399
OM 	EQU 	5
ON_ADCON0 	EQU 	7
ON_T1CON 	EQU 	0
ON_T2CON 	EQU 	7
ON_T3CON 	EQU 	0
ON_T4CON 	EQU 	7
ON_TU16ACON0 	EQU 	7
ON_TU16BCON0 	EQU 	7
ON_U1CON1 	EQU 	7
ON_U2CON1 	EQU 	7
OPOL 	EQU 	4
ORDY 	EQU 	4
ORS 	EQU 	1
OSCCON1 	EQU 	173
OSCCON1_NDIV0 	EQU 	0
OSCCON1_NDIV1 	EQU 	1
OSCCON1_NDIV2 	EQU 	2
OSCCON1_NDIV3 	EQU 	3
OSCCON1_NOSC0 	EQU 	4
OSCCON1_NOSC1 	EQU 	5
OSCCON1_NOSC2 	EQU 	6
OSCCON2 	EQU 	174
OSCCON2_CDIV0 	EQU 	0
OSCCON2_CDIV1 	EQU 	1
OSCCON2_CDIV2 	EQU 	2
OSCCON2_CDIV3 	EQU 	3
OSCCON2_COSC0 	EQU 	4
OSCCON2_COSC1 	EQU 	5
OSCCON2_COSC2 	EQU 	6
OSCCON3 	EQU 	175
OSCEN 	EQU 	179
OSCFREQ 	EQU 	177
OSCFRQ 	EQU 	177
OSCFRQ_FRQ0 	EQU 	0
OSCFRQ_FRQ1 	EQU 	1
OSCFRQ_FRQ2 	EQU 	2
OSCFRQ_FRQ3 	EQU 	3
OSCSTAT 	EQU 	178
OSCSTAT1 	EQU 	178
OSCTUNE 	EQU 	176
OSCTUNE_TUN0 	EQU 	0
OSCTUNE_TUN1 	EQU 	1
OSCTUNE_TUN2 	EQU 	2
OSCTUNE_TUN3 	EQU 	3
OSCTUNE_TUN4 	EQU 	4
OSCTUNE_TUN5 	EQU 	5
OSEN 	EQU 	6
OSFIE 	EQU 	2
OSFIF 	EQU 	2
OSFIP 	EQU 	2
OUT0 	EQU 	0
OUT1 	EQU 	1
OUT10 	EQU 	2
OUT11 	EQU 	3
OUT12 	EQU 	4
OUT13 	EQU 	5
OUT14 	EQU 	6
OUT15 	EQU 	7
OUT16 	EQU 	0
OUT17 	EQU 	1
OUT18 	EQU 	2
OUT19 	EQU 	3
OUT2 	EQU 	2
OUT20 	EQU 	4
OUT21 	EQU 	5
OUT22 	EQU 	6
OUT23 	EQU 	7
OUT24 	EQU 	0
OUT25 	EQU 	1
OUT26 	EQU 	2
OUT27 	EQU 	3
OUT28 	EQU 	4
OUT29 	EQU 	5
OUT3 	EQU 	3
OUT30 	EQU 	6
OUT31 	EQU 	7
OUT4 	EQU 	4
OUT5 	EQU 	5
OUT6 	EQU 	6
OUT7 	EQU 	7
OUT8 	EQU 	0
OUT9 	EQU 	1
OUTPS0 	EQU 	0
OUTPS1 	EQU 	1
OUTPS2 	EQU 	2
OUTPS3 	EQU 	3
OUT_CCP1CON 	EQU 	5
OUT_CLCNCON 	EQU 	5
OUT_CM1CON0 	EQU 	6
OUT_CM2CON0 	EQU 	6
OUT_HLVDCON0 	EQU 	5
OUT_NCO1CON 	EQU 	5
OUT_T0CON0 	EQU 	5
OUT_ZCD1CON 	EQU 	5
OVRA 	EQU 	4
OVRB 	EQU 	5
OVRC 	EQU 	6
OVRD 	EQU 	7
OV_ADSTAT 	EQU 	7
OV_STATUS 	EQU 	3
OV_STATUS_CSHAD 	EQU 	3
OV_STATUS_SHAD 	EQU 	3
P 	EQU 	3
P1H 	EQU 	0
P2H 	EQU 	0
P3H 	EQU 	0
PC1IE 	EQU 	2
PC1IF 	EQU 	2
PC2IE 	EQU 	2
PC2IF 	EQU 	2
PCH0 	EQU 	0
PCH1 	EQU 	1
PCH2 	EQU 	2
PCIE 	EQU 	2
PCIF 	EQU 	2
PCL 	EQU 	1273
PCLAT 	EQU 	1273
PCLAT0 	EQU 	0
PCLAT1 	EQU 	1
PCLAT10 	EQU 	16
PCLAT11 	EQU 	17
PCLAT12 	EQU 	18
PCLAT13 	EQU 	19
PCLAT14 	EQU 	20
PCLAT15 	EQU 	21
PCLAT16 	EQU 	22
PCLAT17 	EQU 	23
PCLAT18 	EQU 	24
PCLAT19 	EQU 	25
PCLAT2 	EQU 	2
PCLAT20 	EQU 	32
PCLAT3 	EQU 	3
PCLAT4 	EQU 	4
PCLAT5 	EQU 	5
PCLAT6 	EQU 	6
PCLAT7 	EQU 	7
PCLAT8 	EQU 	8
PCLAT9 	EQU 	9
PCLATH 	EQU 	1274
PCLATH_SHAD 	EQU 	890
PCLATU 	EQU 	1275
PCLATU_PCU0 	EQU 	0
PCLATU_PCU1 	EQU 	1
PCLATU_PCU2 	EQU 	2
PCLATU_PCU3 	EQU 	3
PCLATU_PCU4 	EQU 	4
PCLATU_SHAD 	EQU 	891
PCON0 	EQU 	1264
PCON1 	EQU 	1265
PCSC 	EQU 	1
PCU0 	EQU 	0
PCU1 	EQU 	1
PCU2 	EQU 	2
PCU3 	EQU 	3
PCU4 	EQU 	4
PD 	EQU 	5
PERIE 	EQU 	6
PERIF 	EQU 	6
PFM 	EQU 	0
PIE0 	EQU 	1194
PIE1 	EQU 	1195
PIE10 	EQU 	1204
PIE11 	EQU 	1205
PIE2 	EQU 	1196
PIE3 	EQU 	1197
PIE4 	EQU 	1198
PIE5 	EQU 	1199
PIE6 	EQU 	1200
PIE7 	EQU 	1201
PIE8 	EQU 	1202
PIE9 	EQU 	1203
PIN0 	EQU 	0
PIN1 	EQU 	1
PIN2 	EQU 	2
PIR0 	EQU 	1206
PIR1 	EQU 	1207
PIR10 	EQU 	1216
PIR11 	EQU 	1217
PIR2 	EQU 	1208
PIR3 	EQU 	1209
PIR4 	EQU 	1210
PIR5 	EQU 	1211
PIR6 	EQU 	1212
PIR7 	EQU 	1213
PIR8 	EQU 	1214
PIR9 	EQU 	1215
PLEN0 	EQU 	0
PLEN1 	EQU 	1
PLEN2 	EQU 	2
PLEN3 	EQU 	3
PLEN4 	EQU 	4
PLLEN 	EQU 	0
PLLR 	EQU 	0
PLUSW0 	EQU 	1259
PLUSW1 	EQU 	1251
PLUSW2 	EQU 	1243
PMD0 	EQU 	98
PMD1 	EQU 	99
PMD2 	EQU 	100
PMD3 	EQU 	101
PMD4 	EQU 	102
PMD5 	EQU 	103
PMD6 	EQU 	104
PMSYS0 	EQU 	4
PMSYS1 	EQU 	5
POL1 	EQU 	6
POL2 	EQU 	7
POLA 	EQU 	0
POLB 	EQU 	1
POLC 	EQU 	2
POLD 	EQU 	3
POL_CLCNPOL 	EQU 	7
POL_CM1CON0 	EQU 	4
POL_CM2CON0 	EQU 	4
POL_NCO1CON 	EQU 	4
POL_ZCD1CON 	EQU 	4
POR 	EQU 	1
PORT0 	EQU 	3
PORT1 	EQU 	4
PORT2 	EQU 	5
PORT3 	EQU 	6
PORT4 	EQU 	7
PORTA 	EQU 	336
PORTB 	EQU 	337
PORTC 	EQU 	338
PORTD 	EQU 	339
PORTE 	EQU 	340
PORTW 	EQU 	256
PORTWCLK 	EQU 	266
PORTWCLKPPS 	EQU 	639
PORTWCLKPPS0 	EQU 	0
PORTWCLKPPS1 	EQU 	1
PORTWCLKPPS2 	EQU 	2
PORTWCLKPPS3 	EQU 	3
PORTWCLKPPS4 	EQU 	4
PORTWCLKPPS5 	EQU 	5
PORTWCLKPPS6 	EQU 	6
PORTWCLKPPS7 	EQU 	7
PORTWCLKPPS_PIN0 	EQU 	0
PORTWCLKPPS_PIN1 	EQU 	1
PORTWCLKPPS_PIN2 	EQU 	2
PORTWCLKPPS_PORT0 	EQU 	3
PORTWCLKPPS_PORT1 	EQU 	4
PORTWCLKPPS_PORT2 	EQU 	5
PORTWCLKPPS_PORT3 	EQU 	6
PORTWCLKPPS_PORT4 	EQU 	7
PORTWCLK_CLK0 	EQU 	0
PORTWCLK_CLK1 	EQU 	1
PORTWCLK_CLK2 	EQU 	2
PORTWCLK_CLK3 	EQU 	3
PORTWCLK_CLK4 	EQU 	4
PORTWCON 	EQU 	268
PORTWDF 	EQU 	267
PORTWIN0 	EQU 	258
PORTWIN0PPS 	EQU 	637
PORTWIN0PPS0 	EQU 	0
PORTWIN0PPS1 	EQU 	1
PORTWIN0PPS2 	EQU 	2
PORTWIN0PPS3 	EQU 	3
PORTWIN0PPS4 	EQU 	4
PORTWIN0PPS5 	EQU 	5
PORTWIN0PPS6 	EQU 	6
PORTWIN0PPS7 	EQU 	7
PORTWIN0PPS_PIN0 	EQU 	0
PORTWIN0PPS_PIN1 	EQU 	1
PORTWIN0PPS_PIN2 	EQU 	2
PORTWIN0PPS_PORT0 	EQU 	3
PORTWIN0PPS_PORT1 	EQU 	4
PORTWIN0PPS_PORT2 	EQU 	5
PORTWIN0PPS_PORT3 	EQU 	6
PORTWIN0PPS_PORT4 	EQU 	7
PORTWIN0_IN0 	EQU 	0
PORTWIN0_IN1 	EQU 	1
PORTWIN0_IN2 	EQU 	2
PORTWIN0_IN3 	EQU 	3
PORTWIN1 	EQU 	259
PORTWIN1PPS 	EQU 	638
PORTWIN1PPS0 	EQU 	0
PORTWIN1PPS1 	EQU 	1
PORTWIN1PPS2 	EQU 	2
PORTWIN1PPS3 	EQU 	3
PORTWIN1PPS4 	EQU 	4
PORTWIN1PPS5 	EQU 	5
PORTWIN1PPS6 	EQU 	6
PORTWIN1PPS7 	EQU 	7
PORTWIN1PPS_PIN0 	EQU 	0
PORTWIN1PPS_PIN1 	EQU 	1
PORTWIN1PPS_PIN2 	EQU 	2
PORTWIN1PPS_PORT0 	EQU 	3
PORTWIN1PPS_PORT1 	EQU 	4
PORTWIN1PPS_PORT2 	EQU 	5
PORTWIN1PPS_PORT3 	EQU 	6
PORTWIN1PPS_PORT4 	EQU 	7
PORTWIN2 	EQU 	260
PORTWIN2_IN0 	EQU 	0
PORTWIN2_IN1 	EQU 	1
PORTWIN2_IN2 	EQU 	2
PORTWIN2_IN3 	EQU 	3
PORTWIN3 	EQU 	261
PORTWIN3_IN0 	EQU 	0
PORTWIN3_IN1 	EQU 	1
PORTWIN3_IN2 	EQU 	2
PORTWIN3_IN3 	EQU 	3
PORTWIN4 	EQU 	262
PORTWIN4_IN0 	EQU 	0
PORTWIN4_IN1 	EQU 	1
PORTWIN4_IN2 	EQU 	2
PORTWIN4_IN3 	EQU 	3
PORTWIN5 	EQU 	263
PORTWIN5_IN0 	EQU 	0
PORTWIN5_IN1 	EQU 	1
PORTWIN5_IN2 	EQU 	2
PORTWIN5_IN3 	EQU 	3
PORTWIN6 	EQU 	264
PORTWIN6_IN0 	EQU 	0
PORTWIN6_IN1 	EQU 	1
PORTWIN6_IN2 	EQU 	2
PORTWIN6_IN3 	EQU 	3
PORTWIN7 	EQU 	265
PORTWIN7_IN0 	EQU 	0
PORTWIN7_IN1 	EQU 	1
PORTWIN7_IN2 	EQU 	2
PORTWIN7_IN3 	EQU 	3
PORTWMD 	EQU 	0
POSCHARX 	EQU 	1400
POSCHARX_H 	EQU 	1401
POSCHARY 	EQU 	1402
POSTDEC0 	EQU 	1261
POSTDEC1 	EQU 	1253
POSTDEC2 	EQU 	1245
POSTINC0 	EQU 	1262
POSTINC1 	EQU 	1254
POSTINC2 	EQU 	1246
PPEN 	EQU 	3
PPOL 	EQU 	7
PPSLOCK 	EQU 	512
PPSLOCKED 	EQU 	0
PR0 	EQU 	793
PR0_DMA1PR 	EQU 	0
PR0_DMA2PR 	EQU 	0
PR0_DMA3PR 	EQU 	0
PR0_DMA4PR 	EQU 	0
PR0_ISRPR 	EQU 	0
PR0_MAINPR 	EQU 	0
PR0_SCANPR 	EQU 	0
PR1 	EQU 	791
PR1_DMA1PR 	EQU 	1
PR1_DMA2PR 	EQU 	1
PR1_DMA3PR 	EQU 	1
PR1_DMA4PR 	EQU 	1
PR1_ISRPR 	EQU 	1
PR1_MAINPR 	EQU 	1
PR1_SCANPR 	EQU 	1
PR2 	EQU 	798
PR2_DMA1PR 	EQU 	2
PR2_DMA2PR 	EQU 	2
PR2_DMA3PR 	EQU 	2
PR2_DMA4PR 	EQU 	2
PR2_ISRPR 	EQU 	2
PR2_MAINPR 	EQU 	2
PR2_SCANPR 	EQU 	2
PR3 	EQU 	808
PR4 	EQU 	811
PRE0 	EQU 	0
PRE1 	EQU 	1
PRE10 	EQU 	2
PRE11 	EQU 	3
PRE12 	EQU 	4
PRE2 	EQU 	2
PRE3 	EQU 	3
PRE4 	EQU 	4
PRE5 	EQU 	5
PRE6 	EQU 	6
PRE7 	EQU 	7
PRE8 	EQU 	0
PRE9 	EQU 	1
PREF0 	EQU 	0
PREF1 	EQU 	1
PREF2 	EQU 	2
PREF3 	EQU 	3
PREINC0 	EQU 	1260
PREINC1 	EQU 	1252
PREINC2 	EQU 	1244
PREV0 	EQU 	0
PREV1 	EQU 	1
PREV10 	EQU 	2
PREV11 	EQU 	3
PREV12 	EQU 	4
PREV13 	EQU 	5
PREV14 	EQU 	6
PREV15 	EQU 	7
PREV2 	EQU 	2
PREV3 	EQU 	3
PREV4 	EQU 	4
PREV5 	EQU 	5
PREV6 	EQU 	6
PREV7 	EQU 	7
PREV8 	EQU 	0
PREV9 	EQU 	1
PRH0 	EQU 	0
PRH1 	EQU 	1
PRH2 	EQU 	2
PRH3 	EQU 	3
PRH4 	EQU 	4
PRH5 	EQU 	5
PRH6 	EQU 	6
PRH7 	EQU 	7
PRIE 	EQU 	2
PRIF 	EQU 	2
PRINTLOCX 	EQU 	1403
PRINTLOCX_H 	EQU 	1404
PRINTLOCY 	EQU 	1405
PRINTLOCY_H 	EQU 	1406
PRL0 	EQU 	0
PRL1 	EQU 	1
PRL2 	EQU 	2
PRL3 	EQU 	3
PRL4 	EQU 	4
PRL5 	EQU 	5
PRL6 	EQU 	6
PRL7 	EQU 	7
PRLOCK 	EQU 	180
PRLOCKED 	EQU 	0
PROD 	EQU 	1267
PROD0 	EQU 	0
PROD1 	EQU 	1
PROD10 	EQU 	16
PROD11 	EQU 	17
PROD12 	EQU 	18
PROD13 	EQU 	19
PROD14 	EQU 	20
PROD15 	EQU 	21
PROD2 	EQU 	2
PROD3 	EQU 	3
PROD4 	EQU 	4
PROD5 	EQU 	5
PROD6 	EQU 	6
PROD7 	EQU 	7
PROD8 	EQU 	8
PROD9 	EQU 	9
PRODH 	EQU 	1268
PRODH_SHAD 	EQU 	899
PRODL 	EQU 	1267
PRODL_SHAD 	EQU 	898
PRODSH 	EQU 	898
PROD_PROD0 	EQU 	0
PROD_PROD1 	EQU 	1
PROD_PROD10 	EQU 	16
PROD_PROD11 	EQU 	17
PROD_PROD12 	EQU 	18
PROD_PROD13 	EQU 	19
PROD_PROD14 	EQU 	20
PROD_PROD15 	EQU 	21
PROD_PROD2 	EQU 	2
PROD_PROD3 	EQU 	3
PROD_PROD4 	EQU 	4
PROD_PROD5 	EQU 	5
PROD_PROD6 	EQU 	6
PROD_PROD7 	EQU 	7
PROD_PROD8 	EQU 	8
PROD_PROD9 	EQU 	9
PRT0 	EQU 	0
PRT1 	EQU 	1
PRT2 	EQU 	2
PRT3 	EQU 	3
PRT4 	EQU 	4
PRT5 	EQU 	5
PRT6 	EQU 	6
PRT7 	EQU 	7
PS0 	EQU 	0
PS1 	EQU 	1
PS2 	EQU 	2
PS3 	EQU 	3
PS4 	EQU 	4
PS5 	EQU 	5
PS6 	EQU 	6
PS7 	EQU 	7
PSCNT0 	EQU 	0
PSCNT1 	EQU 	1
PSCNT10 	EQU 	2
PSCNT11 	EQU 	3
PSCNT12 	EQU 	4
PSCNT13 	EQU 	5
PSCNT14 	EQU 	6
PSCNT15 	EQU 	7
PSCNT16 	EQU 	0
PSCNT17 	EQU 	1
PSCNT2 	EQU 	2
PSCNT3 	EQU 	3
PSCNT4 	EQU 	4
PSCNT5 	EQU 	5
PSCNT6 	EQU 	6
PSCNT7 	EQU 	7
PSCNT8 	EQU 	0
PSCNT9 	EQU 	1
PSET_SSD1306 	EQU 	4560
PSIS 	EQU 	7
PSS0_DAC1CON 	EQU 	2
PSS1_DAC1CON 	EQU 	3
PSYNC 	EQU 	7
PU0 	EQU 	4
PU1 	EQU 	5
PWDF0 	EQU 	0
PWDF1 	EQU 	1
PWDF2 	EQU 	2
PWDF3 	EQU 	3
PWDF4 	EQU 	4
PWDF5 	EQU 	5
PWDF6 	EQU 	6
PWDF7 	EQU 	7
PWM1CLK 	EQU 	1121
PWM1CON 	EQU 	1129
PWM1CON_EN 	EQU 	7
PWM1CPRE 	EQU 	1125
PWM1ERS 	EQU 	1120
PWM1ERSPPS 	EQU 	593
PWM1ERSPPS0 	EQU 	0
PWM1ERSPPS1 	EQU 	1
PWM1ERSPPS2 	EQU 	2
PWM1ERSPPS3 	EQU 	3
PWM1ERSPPS4 	EQU 	4
PWM1ERSPPS5 	EQU 	5
PWM1ERSPPS6 	EQU 	6
PWM1ERSPPS7 	EQU 	7
PWM1ERSPPS_PIN0 	EQU 	0
PWM1ERSPPS_PIN1 	EQU 	1
PWM1ERSPPS_PIN2 	EQU 	2
PWM1ERSPPS_PORT0 	EQU 	3
PWM1ERSPPS_PORT1 	EQU 	4
PWM1ERSPPS_PORT2 	EQU 	5
PWM1ERSPPS_PORT3 	EQU 	6
PWM1ERSPPS_PORT4 	EQU 	7
PWM1GIE 	EQU 	1128
PWM1GIR 	EQU 	1127
PWM1IE 	EQU 	5
PWM1IF 	EQU 	5
PWM1IP 	EQU 	5
PWM1LDS 	EQU 	1122
PWM1MD 	EQU 	0
PWM1PIE 	EQU 	4
PWM1PIF 	EQU 	4
PWM1PIP 	EQU 	4
PWM1PIPOS 	EQU 	1126
PWM1PR 	EQU 	1123
PWM1PRH 	EQU 	1124
PWM1PRL 	EQU 	1123
PWM1S1CFG 	EQU 	1130
PWM1S1CFG_MODE0 	EQU 	0
PWM1S1CFG_MODE1 	EQU 	1
PWM1S1CFG_MODE2 	EQU 	2
PWM1S1CFG_PWM1S1CFG_MODE0 	EQU 	0
PWM1S1CFG_PWM1S1CFG_MODE1 	EQU 	1
PWM1S1CFG_PWM1S1CFG_MODE2 	EQU 	2
PWM1S1P1 	EQU 	1131
PWM1S1P1H 	EQU 	1132
PWM1S1P1L 	EQU 	1131
PWM1S1P2 	EQU 	1133
PWM1S1P2H 	EQU 	1134
PWM1S1P2L 	EQU 	1133
PWM2CLK 	EQU 	1136
PWM2CLK_CLK0 	EQU 	0
PWM2CLK_CLK1 	EQU 	1
PWM2CLK_CLK2 	EQU 	2
PWM2CLK_CLK3 	EQU 	3
PWM2CLK_CLK4 	EQU 	4
PWM2CON 	EQU 	1144
PWM2CON_EN 	EQU 	7
PWM2CON_ERSNOW 	EQU 	0
PWM2CON_ERSPOL 	EQU 	1
PWM2CPRE 	EQU 	1140
PWM2ERS 	EQU 	1135
PWM2ERSPPS 	EQU 	594
PWM2ERSPPS0 	EQU 	0
PWM2ERSPPS1 	EQU 	1
PWM2ERSPPS2 	EQU 	2
PWM2ERSPPS3 	EQU 	3
PWM2ERSPPS4 	EQU 	4
PWM2ERSPPS5 	EQU 	5
PWM2ERSPPS6 	EQU 	6
PWM2ERSPPS7 	EQU 	7
PWM2ERSPPS_PIN0 	EQU 	0
PWM2ERSPPS_PIN1 	EQU 	1
PWM2ERSPPS_PIN2 	EQU 	2
PWM2ERSPPS_PORT0 	EQU 	3
PWM2ERSPPS_PORT1 	EQU 	4
PWM2ERSPPS_PORT2 	EQU 	5
PWM2ERSPPS_PORT3 	EQU 	6
PWM2ERSPPS_PORT4 	EQU 	7
PWM2ERS_ERS0 	EQU 	0
PWM2ERS_ERS1 	EQU 	1
PWM2ERS_ERS2 	EQU 	2
PWM2ERS_ERS3 	EQU 	3
PWM2ERS_ERS4 	EQU 	4
PWM2ERS_ERS5 	EQU 	5
PWM2GIE 	EQU 	1143
PWM2GIE_S1P1IE 	EQU 	0
PWM2GIE_S1P2IE 	EQU 	1
PWM2GIR 	EQU 	1142
PWM2GIR_S1P1IF 	EQU 	0
PWM2GIR_S1P2IF 	EQU 	1
PWM2IE 	EQU 	7
PWM2IF 	EQU 	7
PWM2IP 	EQU 	7
PWM2LDS 	EQU 	1137
PWM2LDS_LDS0 	EQU 	0
PWM2LDS_LDS1 	EQU 	1
PWM2LDS_LDS2 	EQU 	2
PWM2LDS_LDS3 	EQU 	3
PWM2MD 	EQU 	1
PWM2PIE 	EQU 	6
PWM2PIF 	EQU 	6
PWM2PIP 	EQU 	6
PWM2PIPOS 	EQU 	1141
PWM2PR 	EQU 	1138
PWM2PRH 	EQU 	1139
PWM2PRL 	EQU 	1138
PWM2S1CFG 	EQU 	1145
PWM2S1CFG_MODE0 	EQU 	0
PWM2S1CFG_MODE1 	EQU 	1
PWM2S1CFG_MODE2 	EQU 	2
PWM2S1CFG_POL1 	EQU 	6
PWM2S1CFG_POL2 	EQU 	7
PWM2S1CFG_PPEN 	EQU 	3
PWM2S1CFG_PWM2S1CFG_MODE0 	EQU 	0
PWM2S1CFG_PWM2S1CFG_MODE1 	EQU 	1
PWM2S1CFG_PWM2S1CFG_MODE2 	EQU 	2
PWM2S1P1 	EQU 	1146
PWM2S1P1H 	EQU 	1147
PWM2S1P1L 	EQU 	1146
PWM2S1P2 	EQU 	1148
PWM2S1P2H 	EQU 	1149
PWM2S1P2L 	EQU 	1148
PWMEN 	EQU 	1178
PWMIN0PPS 	EQU 	599
PWMIN0PPS0 	EQU 	0
PWMIN0PPS1 	EQU 	1
PWMIN0PPS2 	EQU 	2
PWMIN0PPS3 	EQU 	3
PWMIN0PPS4 	EQU 	4
PWMIN0PPS5 	EQU 	5
PWMIN0PPS6 	EQU 	6
PWMIN0PPS7 	EQU 	7
PWMIN0PPS_PIN0 	EQU 	0
PWMIN0PPS_PIN1 	EQU 	1
PWMIN0PPS_PIN2 	EQU 	2
PWMIN0PPS_PORT0 	EQU 	3
PWMIN0PPS_PORT1 	EQU 	4
PWMIN0PPS_PORT2 	EQU 	5
PWMIN0PPS_PORT3 	EQU 	6
PWMIN0PPS_PORT4 	EQU 	7
PWMIN1PPS 	EQU 	600
PWMIN1PPS0 	EQU 	0
PWMIN1PPS1 	EQU 	1
PWMIN1PPS2 	EQU 	2
PWMIN1PPS3 	EQU 	3
PWMIN1PPS4 	EQU 	4
PWMIN1PPS5 	EQU 	5
PWMIN1PPS6 	EQU 	6
PWMIN1PPS7 	EQU 	7
PWMIN1PPS_PIN0 	EQU 	0
PWMIN1PPS_PIN1 	EQU 	1
PWMIN1PPS_PIN2 	EQU 	2
PWMIN1PPS_PORT0 	EQU 	3
PWMIN1PPS_PORT1 	EQU 	4
PWMIN1PPS_PORT2 	EQU 	5
PWMIN1PPS_PORT3 	EQU 	6
PWMIN1PPS_PORT4 	EQU 	7
PWMLOAD 	EQU 	1177
PWS0 	EQU 	5
PWS1 	EQU 	6
PWS2 	EQU 	7
R 	EQU 	4
RA0 	EQU 	0
RA0PPS 	EQU 	513
RA0PPS0 	EQU 	0
RA0PPS1 	EQU 	1
RA0PPS2 	EQU 	2
RA0PPS3 	EQU 	3
RA0PPS4 	EQU 	4
RA0PPS5 	EQU 	5
RA1 	EQU 	1
RA1PPS 	EQU 	514
RA1PPS0 	EQU 	0
RA1PPS1 	EQU 	1
RA1PPS2 	EQU 	2
RA1PPS3 	EQU 	3
RA1PPS4 	EQU 	4
RA1PPS5 	EQU 	5
RA2 	EQU 	2
RA2PPS 	EQU 	515
RA2PPS0 	EQU 	0
RA2PPS1 	EQU 	1
RA2PPS2 	EQU 	2
RA2PPS3 	EQU 	3
RA2PPS4 	EQU 	4
RA2PPS5 	EQU 	5
RA3 	EQU 	3
RA3PPS 	EQU 	516
RA3PPS0 	EQU 	0
RA3PPS1 	EQU 	1
RA3PPS2 	EQU 	2
RA3PPS3 	EQU 	3
RA3PPS4 	EQU 	4
RA3PPS5 	EQU 	5
RA4 	EQU 	4
RA4PPS 	EQU 	517
RA4PPS0 	EQU 	0
RA4PPS1 	EQU 	1
RA4PPS2 	EQU 	2
RA4PPS3 	EQU 	3
RA4PPS4 	EQU 	4
RA4PPS5 	EQU 	5
RA5 	EQU 	5
RA5PPS 	EQU 	518
RA5PPS0 	EQU 	0
RA5PPS1 	EQU 	1
RA5PPS2 	EQU 	2
RA5PPS3 	EQU 	3
RA5PPS4 	EQU 	4
RA5PPS5 	EQU 	5
RA6 	EQU 	6
RA6PPS 	EQU 	519
RA6PPS0 	EQU 	0
RA6PPS1 	EQU 	1
RA6PPS2 	EQU 	2
RA6PPS3 	EQU 	3
RA6PPS4 	EQU 	4
RA6PPS5 	EQU 	5
RA7 	EQU 	7
RA7PPS 	EQU 	520
RA7PPS0 	EQU 	0
RA7PPS1 	EQU 	1
RA7PPS2 	EQU 	2
RA7PPS3 	EQU 	3
RA7PPS4 	EQU 	4
RA7PPS5 	EQU 	5
RADIUS 	EQU 	1407
RB0 	EQU 	0
RB0PPS 	EQU 	521
RB0PPS0 	EQU 	0
RB0PPS1 	EQU 	1
RB0PPS2 	EQU 	2
RB0PPS3 	EQU 	3
RB0PPS4 	EQU 	4
RB0PPS5 	EQU 	5
RB1 	EQU 	1
RB1I2C 	EQU 	646
RB1I2C_I2CPU0 	EQU 	4
RB1I2C_I2CPU1 	EQU 	5
RB1I2C_I2CSLEW0 	EQU 	6
RB1I2C_I2CSLEW1 	EQU 	7
RB1I2C_I2CTH0 	EQU 	0
RB1I2C_I2CTH1 	EQU 	1
RB1I2C_PU0 	EQU 	4
RB1I2C_PU1 	EQU 	5
RB1I2C_SLEW0 	EQU 	6
RB1I2C_SLEW1 	EQU 	7
RB1I2C_TH0 	EQU 	0
RB1I2C_TH1 	EQU 	1
RB1PPS 	EQU 	522
RB1PPS0 	EQU 	0
RB1PPS1 	EQU 	1
RB1PPS2 	EQU 	2
RB1PPS3 	EQU 	3
RB1PPS4 	EQU 	4
RB1PPS5 	EQU 	5
RB2 	EQU 	2
RB2I2C 	EQU 	647
RB2I2C_I2CPU0 	EQU 	4
RB2I2C_I2CPU1 	EQU 	5
RB2I2C_I2CSLEW0 	EQU 	6
RB2I2C_I2CSLEW1 	EQU 	7
RB2I2C_I2CTH0 	EQU 	0
RB2I2C_I2CTH1 	EQU 	1
RB2I2C_PU0 	EQU 	4
RB2I2C_PU1 	EQU 	5
RB2I2C_RB2I2C_I2CPU0 	EQU 	4
RB2I2C_RB2I2C_I2CPU1 	EQU 	5
RB2I2C_RB2I2C_I2CSLEW0 	EQU 	6
RB2I2C_RB2I2C_I2CSLEW1 	EQU 	7
RB2I2C_RB2I2C_I2CTH0 	EQU 	0
RB2I2C_RB2I2C_I2CTH1 	EQU 	1
RB2I2C_RB2I2C_PU0 	EQU 	4
RB2I2C_RB2I2C_PU1 	EQU 	5
RB2I2C_RB2I2C_SLEW0 	EQU 	6
RB2I2C_RB2I2C_SLEW1 	EQU 	7
RB2I2C_RB2I2C_TH0 	EQU 	0
RB2I2C_RB2I2C_TH1 	EQU 	1
RB2I2C_SLEW0 	EQU 	6
RB2I2C_SLEW1 	EQU 	7
RB2I2C_TH0 	EQU 	0
RB2I2C_TH1 	EQU 	1
RB2PPS 	EQU 	523
RB2PPS0 	EQU 	0
RB2PPS1 	EQU 	1
RB2PPS2 	EQU 	2
RB2PPS3 	EQU 	3
RB2PPS4 	EQU 	4
RB2PPS5 	EQU 	5
RB3 	EQU 	3
RB3PPS 	EQU 	524
RB3PPS0 	EQU 	0
RB3PPS1 	EQU 	1
RB3PPS2 	EQU 	2
RB3PPS3 	EQU 	3
RB3PPS4 	EQU 	4
RB3PPS5 	EQU 	5
RB4 	EQU 	4
RB4PPS 	EQU 	525
RB4PPS0 	EQU 	0
RB4PPS1 	EQU 	1
RB4PPS2 	EQU 	2
RB4PPS3 	EQU 	3
RB4PPS4 	EQU 	4
RB4PPS5 	EQU 	5
RB5 	EQU 	5
RB5PPS 	EQU 	526
RB5PPS0 	EQU 	0
RB5PPS1 	EQU 	1
RB5PPS2 	EQU 	2
RB5PPS3 	EQU 	3
RB5PPS4 	EQU 	4
RB5PPS5 	EQU 	5
RB6 	EQU 	6
RB6PPS 	EQU 	527
RB6PPS0 	EQU 	0
RB6PPS1 	EQU 	1
RB6PPS2 	EQU 	2
RB6PPS3 	EQU 	3
RB6PPS4 	EQU 	4
RB6PPS5 	EQU 	5
RB7 	EQU 	7
RB7PPS 	EQU 	528
RB7PPS0 	EQU 	0
RB7PPS1 	EQU 	1
RB7PPS2 	EQU 	2
RB7PPS3 	EQU 	3
RB7PPS4 	EQU 	4
RB7PPS5 	EQU 	5
RC0 	EQU 	0
RC0PPS 	EQU 	529
RC0PPS0 	EQU 	0
RC0PPS1 	EQU 	1
RC0PPS2 	EQU 	2
RC0PPS3 	EQU 	3
RC0PPS4 	EQU 	4
RC0PPS5 	EQU 	5
RC1 	EQU 	1
RC1PPS 	EQU 	530
RC1PPS0 	EQU 	0
RC1PPS1 	EQU 	1
RC1PPS2 	EQU 	2
RC1PPS3 	EQU 	3
RC1PPS4 	EQU 	4
RC1PPS5 	EQU 	5
RC2 	EQU 	2
RC2PPS 	EQU 	531
RC2PPS0 	EQU 	0
RC2PPS1 	EQU 	1
RC2PPS2 	EQU 	2
RC2PPS3 	EQU 	3
RC2PPS4 	EQU 	4
RC2PPS5 	EQU 	5
RC3 	EQU 	3
RC3I2C 	EQU 	644
RC3I2C_I2CSLEW0 	EQU 	6
RC3I2C_I2CSLEW1 	EQU 	7
RC3I2C_I2CTH0 	EQU 	0
RC3I2C_I2CTH1 	EQU 	1
RC3I2C_RC3I2C_I2CSLEW0 	EQU 	6
RC3I2C_RC3I2C_I2CSLEW1 	EQU 	7
RC3I2C_RC3I2C_I2CTH0 	EQU 	0
RC3I2C_RC3I2C_I2CTH1 	EQU 	1
RC3I2C_RC3I2C_SLEW0 	EQU 	6
RC3I2C_RC3I2C_SLEW1 	EQU 	7
RC3I2C_RC3I2C_TH0 	EQU 	0
RC3I2C_RC3I2C_TH1 	EQU 	1
RC3I2C_SLEW0 	EQU 	6
RC3I2C_SLEW1 	EQU 	7
RC3I2C_TH0 	EQU 	0
RC3I2C_TH1 	EQU 	1
RC3PPS 	EQU 	532
RC3PPS0 	EQU 	0
RC3PPS1 	EQU 	1
RC3PPS2 	EQU 	2
RC3PPS3 	EQU 	3
RC3PPS4 	EQU 	4
RC3PPS5 	EQU 	5
RC4 	EQU 	4
RC4I2C 	EQU 	645
RC4I2C_I2CSLEW0 	EQU 	6
RC4I2C_I2CSLEW1 	EQU 	7
RC4I2C_I2CTH0 	EQU 	0
RC4I2C_I2CTH1 	EQU 	1
RC4I2C_RC4I2C_I2CSLEW0 	EQU 	6
RC4I2C_RC4I2C_I2CSLEW1 	EQU 	7
RC4I2C_RC4I2C_I2CTH0 	EQU 	0
RC4I2C_RC4I2C_I2CTH1 	EQU 	1
RC4I2C_RC4I2C_SLEW0 	EQU 	6
RC4I2C_RC4I2C_SLEW1 	EQU 	7
RC4I2C_RC4I2C_TH0 	EQU 	0
RC4I2C_RC4I2C_TH1 	EQU 	1
RC4I2C_SLEW0 	EQU 	6
RC4I2C_SLEW1 	EQU 	7
RC4I2C_TH0 	EQU 	0
RC4I2C_TH1 	EQU 	1
RC4PPS 	EQU 	533
RC4PPS0 	EQU 	0
RC4PPS1 	EQU 	1
RC4PPS2 	EQU 	2
RC4PPS3 	EQU 	3
RC4PPS4 	EQU 	4
RC4PPS5 	EQU 	5
RC5 	EQU 	5
RC5PPS 	EQU 	534
RC5PPS0 	EQU 	0
RC5PPS1 	EQU 	1
RC5PPS2 	EQU 	2
RC5PPS3 	EQU 	3
RC5PPS4 	EQU 	4
RC5PPS5 	EQU 	5
RC6 	EQU 	6
RC6PPS 	EQU 	535
RC6PPS0 	EQU 	0
RC6PPS1 	EQU 	1
RC6PPS2 	EQU 	2
RC6PPS3 	EQU 	3
RC6PPS4 	EQU 	4
RC6PPS5 	EQU 	5
RC7 	EQU 	7
RC7PPS 	EQU 	536
RC7PPS0 	EQU 	0
RC7PPS1 	EQU 	1
RC7PPS2 	EQU 	2
RC7PPS3 	EQU 	3
RC7PPS4 	EQU 	4
RC7PPS5 	EQU 	5
RCIDL 	EQU 	3
RD0 	EQU 	0
RD0I2C 	EQU 	642
RD0I2C_I2CSLEW0 	EQU 	6
RD0I2C_I2CSLEW1 	EQU 	7
RD0I2C_I2CTH0 	EQU 	0
RD0I2C_I2CTH1 	EQU 	1
RD0I2C_RD0I2C_I2CSLEW0 	EQU 	6
RD0I2C_RD0I2C_I2CSLEW1 	EQU 	7
RD0I2C_RD0I2C_I2CTH0 	EQU 	0
RD0I2C_RD0I2C_I2CTH1 	EQU 	1
RD0I2C_RD0I2C_SLEW0 	EQU 	6
RD0I2C_RD0I2C_SLEW1 	EQU 	7
RD0I2C_RD0I2C_TH0 	EQU 	0
RD0I2C_RD0I2C_TH1 	EQU 	1
RD0I2C_SLEW0 	EQU 	6
RD0I2C_SLEW1 	EQU 	7
RD0I2C_TH0 	EQU 	0
RD0I2C_TH1 	EQU 	1
RD0PPS 	EQU 	537
RD0PPS0 	EQU 	0
RD0PPS1 	EQU 	1
RD0PPS2 	EQU 	2
RD0PPS3 	EQU 	3
RD0PPS4 	EQU 	4
RD0PPS5 	EQU 	5
RD1 	EQU 	1
RD16 	EQU 	1
RD161 	EQU 	1
RD163 	EQU 	1
RD1I2C 	EQU 	643
RD1I2C_I2CSLEW0 	EQU 	6
RD1I2C_I2CSLEW1 	EQU 	7
RD1I2C_I2CTH0 	EQU 	0
RD1I2C_I2CTH1 	EQU 	1
RD1I2C_RD1I2C_I2CSLEW0 	EQU 	6
RD1I2C_RD1I2C_I2CSLEW1 	EQU 	7
RD1I2C_RD1I2C_I2CTH0 	EQU 	0
RD1I2C_RD1I2C_I2CTH1 	EQU 	1
RD1I2C_RD1I2C_SLEW0 	EQU 	6
RD1I2C_RD1I2C_SLEW1 	EQU 	7
RD1I2C_RD1I2C_TH0 	EQU 	0
RD1I2C_RD1I2C_TH1 	EQU 	1
RD1I2C_SLEW0 	EQU 	6
RD1I2C_SLEW1 	EQU 	7
RD1I2C_TH0 	EQU 	0
RD1I2C_TH1 	EQU 	1
RD1PPS 	EQU 	538
RD1PPS0 	EQU 	0
RD1PPS1 	EQU 	1
RD1PPS2 	EQU 	2
RD1PPS3 	EQU 	3
RD1PPS4 	EQU 	4
RD1PPS5 	EQU 	5
RD2 	EQU 	2
RD2PPS 	EQU 	539
RD2PPS0 	EQU 	0
RD2PPS1 	EQU 	1
RD2PPS2 	EQU 	2
RD2PPS3 	EQU 	3
RD2PPS4 	EQU 	4
RD2PPS5 	EQU 	5
RD3 	EQU 	3
RD3PPS 	EQU 	540
RD3PPS0 	EQU 	0
RD3PPS1 	EQU 	1
RD3PPS2 	EQU 	2
RD3PPS3 	EQU 	3
RD3PPS4 	EQU 	4
RD3PPS5 	EQU 	5
RD4 	EQU 	4
RD4PPS 	EQU 	541
RD4PPS0 	EQU 	0
RD4PPS1 	EQU 	1
RD4PPS2 	EQU 	2
RD4PPS3 	EQU 	3
RD4PPS4 	EQU 	4
RD4PPS5 	EQU 	5
RD5 	EQU 	5
RD5PPS 	EQU 	542
RD5PPS0 	EQU 	0
RD5PPS1 	EQU 	1
RD5PPS2 	EQU 	2
RD5PPS3 	EQU 	3
RD5PPS4 	EQU 	4
RD5PPS5 	EQU 	5
RD6 	EQU 	6
RD6PPS 	EQU 	543
RD6PPS0 	EQU 	0
RD6PPS1 	EQU 	1
RD6PPS2 	EQU 	2
RD6PPS3 	EQU 	3
RD6PPS4 	EQU 	4
RD6PPS5 	EQU 	5
RD7 	EQU 	7
RD7PPS 	EQU 	544
RD7PPS0 	EQU 	0
RD7PPS1 	EQU 	1
RD7PPS2 	EQU 	2
RD7PPS3 	EQU 	3
RD7PPS4 	EQU 	4
RD7PPS5 	EQU 	5
RDSEL 	EQU 	3
RDY_CM1CON1 	EQU 	7
RDY_CM2CON1 	EQU 	7
RDY_FVRCON 	EQU 	6
RDY_HLVDCON0 	EQU 	4
RDY_VDDIO2STAT 	EQU 	5
RE0 	EQU 	0
RE0PPS 	EQU 	545
RE0PPS0 	EQU 	0
RE0PPS1 	EQU 	1
RE0PPS2 	EQU 	2
RE0PPS3 	EQU 	3
RE0PPS4 	EQU 	4
RE0PPS5 	EQU 	5
RE1 	EQU 	1
RE1PPS 	EQU 	546
RE1PPS0 	EQU 	0
RE1PPS1 	EQU 	1
RE1PPS2 	EQU 	2
RE1PPS3 	EQU 	3
RE1PPS4 	EQU 	4
RE1PPS5 	EQU 	5
RE2 	EQU 	2
RE2PPS 	EQU 	547
RE2PPS0 	EQU 	0
RE2PPS1 	EQU 	1
RE2PPS2 	EQU 	2
RE2PPS3 	EQU 	3
RE2PPS4 	EQU 	4
RE2PPS5 	EQU 	5
RE3 	EQU 	3
READ 	EQU 	4
READAD10 	EQU 	1408
READAD10_H 	EQU 	1409
REN 	EQU 	6
RES0 	EQU 	0
RES1 	EQU 	1
RES10 	EQU 	2
RES11 	EQU 	3
RES12 	EQU 	4
RES13 	EQU 	5
RES14 	EQU 	6
RES15 	EQU 	7
RES2 	EQU 	2
RES3 	EQU 	3
RES4 	EQU 	4
RES5 	EQU 	5
RES6 	EQU 	6
RES7 	EQU 	7
RES8 	EQU 	0
RES9 	EQU 	1
RESET0 	EQU 	2
RESET1 	EQU 	3
RI 	EQU 	2
RMCLR 	EQU 	3
ROI 	EQU 	5
ROW 	EQU 	1410
RPT0 	EQU 	0
RPT1 	EQU 	1
RPT2 	EQU 	2
RPT3 	EQU 	3
RPT4 	EQU 	4
RPT5 	EQU 	5
RPT6 	EQU 	6
RPT7 	EQU 	7
RSC1IE 	EQU 	1
RSC1IF 	EQU 	1
RSC2IE 	EQU 	1
RSC2IF 	EQU 	1
RSCIE 	EQU 	1
RSCIF 	EQU 	1
RSEL0 	EQU 	0
RSEL1 	EQU 	1
RSEL2 	EQU 	2
RSEL3 	EQU 	3
RSEL4 	EQU 	4
RSEN 	EQU 	6
RUN 	EQU 	7
RUNOVF 	EQU 	7
RW0 	EQU 	0
RW1 	EQU 	1
RW2 	EQU 	2
RW3 	EQU 	3
RW4 	EQU 	4
RW5 	EQU 	5
RW6 	EQU 	6
RW7 	EQU 	7
RWDT 	EQU 	4
RXB0 	EQU 	0
RXB1 	EQU 	1
RXB2 	EQU 	2
RXB3 	EQU 	3
RXB4 	EQU 	4
RXB5 	EQU 	5
RXB6 	EQU 	6
RXB7 	EQU 	7
RXBE 	EQU 	1
RXBF 	EQU 	0
RXBIMD 	EQU 	3
RXBKIE 	EQU 	2
RXBKIF 	EQU 	2
RXEN 	EQU 	4
RXFOIE 	EQU 	1
RXFOIF 	EQU 	1
RXIDL 	EQU 	3
RXO 	EQU 	2
RXOIE 	EQU 	2
RXOIF 	EQU 	2
RXPOL 	EQU 	6
RXR 	EQU 	0
RXRE 	EQU 	3
S 	EQU 	5
S1P1IE 	EQU 	0
S1P1IF 	EQU 	0
S1P2IE 	EQU 	1
S1P2IF 	EQU 	1
SBOREN 	EQU 	7
SC1IE 	EQU 	0
SC1IF 	EQU 	0
SC2IE 	EQU 	0
SC2IF 	EQU 	0
SCALE 	EQU 	1411
SCALE_H 	EQU 	1412
SCANCON0 	EQU 	864
SCANCON0_EN 	EQU 	7
SCANEN 	EQU 	7
SCANHADR 	EQU 	861
SCANHADR0 	EQU 	0
SCANHADR1 	EQU 	1
SCANHADR10 	EQU 	2
SCANHADR11 	EQU 	3
SCANHADR12 	EQU 	4
SCANHADR13 	EQU 	5
SCANHADR14 	EQU 	6
SCANHADR15 	EQU 	7
SCANHADR16 	EQU 	0
SCANHADR17 	EQU 	1
SCANHADR18 	EQU 	2
SCANHADR19 	EQU 	3
SCANHADR2 	EQU 	2
SCANHADR20 	EQU 	4
SCANHADR21 	EQU 	5
SCANHADR3 	EQU 	3
SCANHADR4 	EQU 	4
SCANHADR5 	EQU 	5
SCANHADR6 	EQU 	6
SCANHADR7 	EQU 	7
SCANHADR8 	EQU 	0
SCANHADR9 	EQU 	1
SCANHADRH 	EQU 	862
SCANHADRL 	EQU 	861
SCANHADRU 	EQU 	863
SCANHADRU_HADR0 	EQU 	0
SCANHADRU_HADR1 	EQU 	1
SCANHADRU_HADR2 	EQU 	2
SCANHADRU_HADR3 	EQU 	3
SCANHADRU_HADR4 	EQU 	4
SCANHADRU_HADR5 	EQU 	5
SCANHADRU_SCANHADR0 	EQU 	0
SCANHADRU_SCANHADR1 	EQU 	1
SCANHADRU_SCANHADR2 	EQU 	2
SCANHADRU_SCANHADR3 	EQU 	3
SCANHADRU_SCANHADR4 	EQU 	4
SCANHADRU_SCANHADR5 	EQU 	5
SCANIE 	EQU 	5
SCANIF 	EQU 	5
SCANIP 	EQU 	5
SCANLADR 	EQU 	858
SCANLADR0 	EQU 	0
SCANLADR1 	EQU 	1
SCANLADR10 	EQU 	2
SCANLADR11 	EQU 	3
SCANLADR12 	EQU 	4
SCANLADR13 	EQU 	5
SCANLADR14 	EQU 	6
SCANLADR15 	EQU 	7
SCANLADR16 	EQU 	0
SCANLADR17 	EQU 	1
SCANLADR18 	EQU 	2
SCANLADR19 	EQU 	3
SCANLADR2 	EQU 	2
SCANLADR20 	EQU 	4
SCANLADR21 	EQU 	5
SCANLADR3 	EQU 	3
SCANLADR4 	EQU 	4
SCANLADR5 	EQU 	5
SCANLADR6 	EQU 	6
SCANLADR7 	EQU 	7
SCANLADR8 	EQU 	0
SCANLADR9 	EQU 	1
SCANLADRH 	EQU 	859
SCANLADRL 	EQU 	858
SCANLADRU 	EQU 	860
SCANLADRU_LADR0 	EQU 	0
SCANLADRU_LADR1 	EQU 	1
SCANLADRU_LADR2 	EQU 	2
SCANLADRU_LADR3 	EQU 	3
SCANLADRU_LADR4 	EQU 	4
SCANLADRU_LADR5 	EQU 	5
SCANLADRU_SCANLADR0 	EQU 	0
SCANLADRU_SCANLADR1 	EQU 	1
SCANLADRU_SCANLADR2 	EQU 	2
SCANLADRU_SCANLADR3 	EQU 	3
SCANLADRU_SCANLADR4 	EQU 	4
SCANLADRU_SCANLADR5 	EQU 	5
SCANMD 	EQU 	3
SCANPR 	EQU 	181
SCANPR0 	EQU 	0
SCANPR1 	EQU 	1
SCANPR2 	EQU 	2
SCANPR_PR0_SCANPR 	EQU 	0
SCANPR_PR1_SCANPR 	EQU 	1
SCANPR_PR2_SCANPR 	EQU 	2
SCANPR_SCANPR0 	EQU 	0
SCANPR_SCANPR1 	EQU 	1
SCANPR_SCANPR2 	EQU 	2
SCANTRIG 	EQU 	865
SCIE 	EQU 	0
SCIF 	EQU 	0
SCLT16TRUE 	EQU 	6226
SCLT32TRUE 	EQU 	6270
SCLTINTTRUE 	EQU 	6352
SCNT0 	EQU 	0
SCNT1 	EQU 	1
SCNT10 	EQU 	2
SCNT11 	EQU 	3
SCNT2 	EQU 	2
SCNT3 	EQU 	3
SCNT4 	EQU 	4
SCNT5 	EQU 	5
SCNT6 	EQU 	6
SCNT7 	EQU 	7
SCNT8 	EQU 	0
SCNT9 	EQU 	1
SDAHT0 	EQU 	2
SDAHT1 	EQU 	3
SDIP 	EQU 	1
SDOP 	EQU 	0
SEL0 	EQU 	0
SEL1 	EQU 	1
SEL2 	EQU 	2
SEL3 	EQU 	3
SENDB 	EQU 	0
SEN_WDTCON0 	EQU 	0
SEN_ZCD1CON 	EQU 	7
SETUP0 	EQU 	2
SETUP1 	EQU 	3
SGO 	EQU 	5
SHADCON 	EQU 	886
SHADLO 	EQU 	0
SHIFT0 	EQU 	0
SHIFT1 	EQU 	1
SHIFT10 	EQU 	2
SHIFT11 	EQU 	3
SHIFT12 	EQU 	4
SHIFT13 	EQU 	5
SHIFT14 	EQU 	6
SHIFT15 	EQU 	7
SHIFT16 	EQU 	0
SHIFT17 	EQU 	1
SHIFT18 	EQU 	2
SHIFT19 	EQU 	3
SHIFT2 	EQU 	2
SHIFT20 	EQU 	4
SHIFT21 	EQU 	5
SHIFT22 	EQU 	6
SHIFT23 	EQU 	7
SHIFT24 	EQU 	0
SHIFT25 	EQU 	1
SHIFT26 	EQU 	2
SHIFT27 	EQU 	3
SHIFT28 	EQU 	4
SHIFT29 	EQU 	5
SHIFT3 	EQU 	3
SHIFT30 	EQU 	6
SHIFT31 	EQU 	7
SHIFT4 	EQU 	4
SHIFT5 	EQU 	5
SHIFT6 	EQU 	6
SHIFT7 	EQU 	7
SHIFT8 	EQU 	0
SHIFT9 	EQU 	1
SHIFTM 	EQU 	1
SHUTDOWN 	EQU 	7
SI2CSTART 	EQU 	5448
SIN 	EQU 	1413
SINETAB 	EQU 	5654
SIN_H 	EQU 	1414
SIRQ0 	EQU 	0
SIRQ1 	EQU 	1
SIRQ2 	EQU 	2
SIRQ3 	EQU 	3
SIRQ4 	EQU 	4
SIRQ5 	EQU 	5
SIRQ6 	EQU 	6
SIRQ7 	EQU 	7
SIRQEN 	EQU 	6
SLCT0 	EQU 	0
SLCT1 	EQU 	1
SLCT2 	EQU 	2
SLEW0 	EQU 	6
SLEW1 	EQU 	7
SLRA0 	EQU 	0
SLRA1 	EQU 	1
SLRA2 	EQU 	2
SLRA3 	EQU 	3
SLRA4 	EQU 	4
SLRA5 	EQU 	5
SLRA6 	EQU 	6
SLRA7 	EQU 	7
SLRB0 	EQU 	0
SLRB1 	EQU 	1
SLRB2 	EQU 	2
SLRB3 	EQU 	3
SLRB4 	EQU 	4
SLRB5 	EQU 	5
SLRB6 	EQU 	6
SLRB7 	EQU 	7
SLRC0 	EQU 	0
SLRC1 	EQU 	1
SLRC2 	EQU 	2
SLRC3 	EQU 	3
SLRC4 	EQU 	4
SLRC5 	EQU 	5
SLRC6 	EQU 	6
SLRCONA 	EQU 	1027
SLRCONB 	EQU 	1035
SLRCONC 	EQU 	1043
SLRCOND 	EQU 	1051
SLRCONE 	EQU 	1059
SLRD0 	EQU 	0
SLRD1 	EQU 	1
SLRD2 	EQU 	2
SLRD3 	EQU 	3
SLRD4 	EQU 	4
SLRD5 	EQU 	5
SLRD6 	EQU 	6
SLRD7 	EQU 	7
SLRE0 	EQU 	0
SLRE1 	EQU 	1
SLRE2 	EQU 	2
SMA 	EQU 	6
SMODE0 	EQU 	1
SMODE1 	EQU 	2
SMP 	EQU 	7
SMR0 	EQU 	3
SMR1 	EQU 	4
SOI 	EQU 	3
SOR 	EQU 	3
SOSCEN 	EQU 	3
SOSCPWR 	EQU 	6
SOSIE 	EQU 	5
SOSIF 	EQU 	5
SP0 	EQU 	0
SP1 	EQU 	1
SP2 	EQU 	2
SP3 	EQU 	3
SP4 	EQU 	4
SP5 	EQU 	5
SP6 	EQU 	6
SPI1BAUD 	EQU 	137
SPI1BMODE 	EQU 	0
SPI1BUSY 	EQU 	7
SPI1CKE 	EQU 	6
SPI1CKP 	EQU 	5
SPI1CLK 	EQU 	140
SPI1CLKSEL0 	EQU 	0
SPI1CLKSEL1 	EQU 	1
SPI1CLKSEL2 	EQU 	2
SPI1CLKSEL3 	EQU 	3
SPI1CLKSEL4 	EQU 	4
SPI1CLK_SPI1CLK_CLKSEL0 	EQU 	0
SPI1CLK_SPI1CLK_CLKSEL1 	EQU 	1
SPI1CLK_SPI1CLK_CLKSEL2 	EQU 	2
SPI1CLK_SPI1CLK_CLKSEL3 	EQU 	3
SPI1CLRBF 	EQU 	2
SPI1CON0 	EQU 	132
SPI1CON0_EN 	EQU 	7
SPI1CON1 	EQU 	133
SPI1CON2 	EQU 	134
SPI1EOSIE 	EQU 	4
SPI1EOSIF 	EQU 	4
SPI1FST 	EQU 	4
SPI1IE 	EQU 	6
SPI1IF 	EQU 	6
SPI1INTE 	EQU 	139
SPI1INTF 	EQU 	138
SPI1IP 	EQU 	6
SPI1LSBF 	EQU 	2
SPI1MD_PMD3 	EQU 	4
SPI1MST 	EQU 	1
SPI1RXB 	EQU 	128
SPI1RXBF 	EQU 	0
SPI1RXIE 	EQU 	4
SPI1RXIF 	EQU 	4
SPI1RXIP 	EQU 	4
SPI1RXOIE 	EQU 	2
SPI1RXOIF 	EQU 	2
SPI1RXR 	EQU 	0
SPI1RXRE 	EQU 	3
SPI1SCKPPS 	EQU 	618
SPI1SCKPPS0 	EQU 	0
SPI1SCKPPS1 	EQU 	1
SPI1SCKPPS2 	EQU 	2
SPI1SCKPPS3 	EQU 	3
SPI1SCKPPS4 	EQU 	4
SPI1SCKPPS5 	EQU 	5
SPI1SCKPPS6 	EQU 	6
SPI1SCKPPS7 	EQU 	7
SPI1SCKPPS_PIN0 	EQU 	0
SPI1SCKPPS_PIN1 	EQU 	1
SPI1SCKPPS_PIN2 	EQU 	2
SPI1SCKPPS_PORT0 	EQU 	3
SPI1SCKPPS_PORT1 	EQU 	4
SPI1SCKPPS_PORT2 	EQU 	5
SPI1SCKPPS_PORT3 	EQU 	6
SPI1SCKPPS_PORT4 	EQU 	7
SPI1SDIP 	EQU 	1
SPI1SDIPPS 	EQU 	619
SPI1SDIPPS0 	EQU 	0
SPI1SDIPPS1 	EQU 	1
SPI1SDIPPS2 	EQU 	2
SPI1SDIPPS3 	EQU 	3
SPI1SDIPPS4 	EQU 	4
SPI1SDIPPS5 	EQU 	5
SPI1SDIPPS6 	EQU 	6
SPI1SDIPPS7 	EQU 	7
SPI1SDIPPS_PIN0 	EQU 	0
SPI1SDIPPS_PIN1 	EQU 	1
SPI1SDIPPS_PIN2 	EQU 	2
SPI1SDIPPS_PORT0 	EQU 	3
SPI1SDIPPS_PORT1 	EQU 	4
SPI1SDIPPS_PORT2 	EQU 	5
SPI1SDIPPS_PORT3 	EQU 	6
SPI1SDIPPS_PORT4 	EQU 	7
SPI1SDOP 	EQU 	0
SPI1SMP 	EQU 	7
SPI1SOSIE 	EQU 	5
SPI1SOSIF 	EQU 	5
SPI1SPIEN 	EQU 	7
SPI1SRMTIE 	EQU 	7
SPI1SRMTIF 	EQU 	7
SPI1SSET 	EQU 	2
SPI1SSFLT 	EQU 	6
SPI1SSP 	EQU 	2
SPI1SSPPS 	EQU 	620
SPI1SSPPS0 	EQU 	0
SPI1SSPPS1 	EQU 	1
SPI1SSPPS2 	EQU 	2
SPI1SSPPS3 	EQU 	3
SPI1SSPPS4 	EQU 	4
SPI1SSPPS5 	EQU 	5
SPI1SSPPS6 	EQU 	6
SPI1SSPPS7 	EQU 	7
SPI1SSPPS_PIN0 	EQU 	0
SPI1SSPPS_PIN1 	EQU 	1
SPI1SSPPS_PIN2 	EQU 	2
SPI1SSPPS_PORT0 	EQU 	3
SPI1SSPPS_PORT1 	EQU 	4
SPI1SSPPS_PORT2 	EQU 	5
SPI1SSPPS_PORT3 	EQU 	6
SPI1SSPPS_PORT4 	EQU 	7
SPI1STATUS 	EQU 	135
SPI1STATUS_RXBF 	EQU 	0
SPI1STATUS_TXBE 	EQU 	5
SPI1TCNT 	EQU 	130
SPI1TCNTH 	EQU 	131
SPI1TCNTL 	EQU 	130
SPI1TCZIE 	EQU 	6
SPI1TCZIF 	EQU 	6
SPI1TWIDTH 	EQU 	136
SPI1TWIDTH_TWIDTH0 	EQU 	0
SPI1TWIDTH_TWIDTH1 	EQU 	1
SPI1TWIDTH_TWIDTH2 	EQU 	2
SPI1TXB 	EQU 	129
SPI1TXBE 	EQU 	5
SPI1TXIE 	EQU 	5
SPI1TXIF 	EQU 	5
SPI1TXIP 	EQU 	5
SPI1TXR 	EQU 	1
SPI1TXUIE 	EQU 	1
SPI1TXUIF 	EQU 	1
SPI1TXWE 	EQU 	7
SPTR0 	EQU 	0
SPTR1 	EQU 	1
SPTR10 	EQU 	2
SPTR11 	EQU 	3
SPTR12 	EQU 	4
SPTR13 	EQU 	5
SPTR14 	EQU 	6
SPTR15 	EQU 	7
SPTR16 	EQU 	0
SPTR17 	EQU 	1
SPTR18 	EQU 	2
SPTR19 	EQU 	3
SPTR2 	EQU 	2
SPTR20 	EQU 	4
SPTR21 	EQU 	5
SPTR3 	EQU 	3
SPTR4 	EQU 	4
SPTR5 	EQU 	5
SPTR6 	EQU 	6
SPTR7 	EQU 	7
SPTR8 	EQU 	0
SPTR9 	EQU 	1
SRC0 	EQU 	0
SRC1 	EQU 	1
SRC2 	EQU 	2
SRC3 	EQU 	3
SRC4 	EQU 	4
SRMTIE 	EQU 	7
SRMTIF 	EQU 	7
SSA0 	EQU 	0
SSA1 	EQU 	1
SSA10 	EQU 	2
SSA11 	EQU 	3
SSA12 	EQU 	4
SSA13 	EQU 	5
SSA14 	EQU 	6
SSA15 	EQU 	7
SSA16 	EQU 	0
SSA17 	EQU 	1
SSA18 	EQU 	2
SSA19 	EQU 	3
SSA2 	EQU 	2
SSA20 	EQU 	4
SSA21 	EQU 	5
SSA3 	EQU 	3
SSA4 	EQU 	4
SSA5 	EQU 	5
SSA6 	EQU 	6
SSA7 	EQU 	7
SSA8 	EQU 	0
SSA9 	EQU 	1
SSD1306SENDBYTE 	EQU 	1415
SSD1306_BUFFERALIAS 	EQU 	4351
SSD1306_BUFFERLOCATIONCALC 	EQU 	1416
SSD1306_BUFFERLOCATIONCALC_H 	EQU 	1417
SSET 	EQU 	2
SSFLT 	EQU 	6
SSP 	EQU 	2
SSTP 	EQU 	0
SSZ0 	EQU 	0
SSZ1 	EQU 	1
SSZ10 	EQU 	2
SSZ11 	EQU 	3
SSZ2 	EQU 	2
SSZ3 	EQU 	3
SSZ4 	EQU 	4
SSZ5 	EQU 	5
SSZ6 	EQU 	6
SSZ7 	EQU 	7
SSZ8 	EQU 	0
SSZ9 	EQU 	1
START0 	EQU 	4
START1 	EQU 	5
STAT0_ADSTAT 	EQU 	0
STAT0_INTCON1 	EQU 	6
STAT1_ADSTAT 	EQU 	1
STAT1_INTCON1 	EQU 	7
STAT2 	EQU 	2
STATE 	EQU 	2
STATUS 	EQU 	1240
STATUS_CSHAD 	EQU 	883
STATUS_CSHAD_C 	EQU 	0
STATUS_CSHAD_DC 	EQU 	1
STATUS_CSHAD_N 	EQU 	4
STATUS_CSHAD_NOT_PD 	EQU 	5
STATUS_CSHAD_NOT_TO 	EQU 	6
STATUS_CSHAD_NPD 	EQU 	5
STATUS_CSHAD_NTO 	EQU 	6
STATUS_CSHAD_PD 	EQU 	5
STATUS_CSHAD_TO 	EQU 	6
STATUS_CSHAD_Z 	EQU 	2
STATUS_SHAD 	EQU 	887
STATUS_SHAD_C 	EQU 	0
STATUS_SHAD_DC 	EQU 	1
STATUS_SHAD_N 	EQU 	4
STATUS_SHAD_NOT_PD 	EQU 	5
STATUS_SHAD_NOT_TO 	EQU 	6
STATUS_SHAD_NPD 	EQU 	5
STATUS_SHAD_NTO 	EQU 	6
STATUS_SHAD_PD 	EQU 	5
STATUS_SHAD_TO 	EQU 	6
STATUS_SHAD_Z 	EQU 	2
STKOVF 	EQU 	7
STKPTR 	EQU 	1276
STKPTR0 	EQU 	0
STKPTR1 	EQU 	1
STKPTR2 	EQU 	2
STKPTR3 	EQU 	3
STKPTR4 	EQU 	4
STKPTR5 	EQU 	5
STKPTR6 	EQU 	6
STKPTR_STKPTR0 	EQU 	0
STKPTR_STKPTR1 	EQU 	1
STKPTR_STKPTR2 	EQU 	2
STKPTR_STKPTR3 	EQU 	3
STKPTR_STKPTR4 	EQU 	4
STKPTR_STKPTR5 	EQU 	5
STKPTR_STKPTR6 	EQU 	6
STKUNF 	EQU 	6
STOP0 	EQU 	0
STOP1 	EQU 	1
STP0 	EQU 	4
STP1 	EQU 	5
STPMD 	EQU 	6
STPT0 	EQU 	0
STPT1 	EQU 	1
STPT10 	EQU 	2
STPT11 	EQU 	3
STPT12 	EQU 	4
STPT13 	EQU 	5
STPT15 	EQU 	6
STPT16 	EQU 	7
STPT2 	EQU 	2
STPT3 	EQU 	3
STPT4 	EQU 	4
STPT5 	EQU 	5
STPT6 	EQU 	6
STPT7 	EQU 	7
STPT8 	EQU 	0
STPT9 	EQU 	1
STR 	EQU 	4246
STRA 	EQU 	0
STRB 	EQU 	1
STRC 	EQU 	2
STRD 	EQU 	3
STRINGPOINTER 	EQU 	1418
STRINGTABLE1 	EQU 	7000
STRINGTABLE2 	EQU 	7004
STRINGTABLE3 	EQU 	7008
STRINGTABLE4 	EQU 	7010
STRINGTABLE5 	EQU 	7012
SWDTEN 	EQU 	0
SWIE 	EQU 	0
SWIF 	EQU 	0
SWIP 	EQU 	0
SYNC 	EQU 	0
SYSARRAYTEMP1 	EQU 	1419
SYSARRAYTEMP2 	EQU 	1420
SYSBYTETEMPA 	EQU 	1285
SYSBYTETEMPB 	EQU 	1289
SYSBYTETEMPX 	EQU 	1280
SYSCALCTEMPA 	EQU 	1285
SYSCALCTEMPX 	EQU 	1280
SYSCALCTEMPX_H 	EQU 	1281
SYSCHAR 	EQU 	1421
SYSCHARCOUNT 	EQU 	1422
SYSCHARSTART 	EQU 	1423
SYSCMD 	EQU 	7
SYSCOMPEQUAL 	EQU 	6134
SYSCOMPEQUAL16 	EQU 	6144
SYSCOMPEQUAL32 	EQU 	6162
SYSCOMPLESSTHAN 	EQU 	6192
SYSCOMPLESSTHAN16 	EQU 	6202
SYSCOMPLESSTHAN32 	EQU 	6230
SYSCOMPLESSTHANINT 	EQU 	6274
SYSCOPYSTRING 	EQU 	6356
SYSCOPYSTRINGCHECK 	EQU 	6372
SYSCOPYSTRINGPART 	EQU 	6366
SYSDIV16START 	EQU 	6436
SYSDIV32START 	EQU 	6580
SYSDIVLOOP 	EQU 	1284
SYSDIVMULTA 	EQU 	1287
SYSDIVMULTA_H 	EQU 	1288
SYSDIVMULTB 	EQU 	1291
SYSDIVMULTB_H 	EQU 	1292
SYSDIVMULTX 	EQU 	1282
SYSDIVMULTX_H 	EQU 	1283
SYSDIVSUB16 	EQU 	6388
SYSDIVSUB32 	EQU 	6492
SYSDIVSUBINT 	EQU 	6680
SYSDOLOOP_E1 	EQU 	1128
SYSDOLOOP_E2 	EQU 	7562
SYSDOLOOP_E3 	EQU 	7710
SYSDOLOOP_E4 	EQU 	3658
SYSDOLOOP_E5 	EQU 	3686
SYSDOLOOP_E6 	EQU 	3746
SYSDOLOOP_E7 	EQU 	3818
SYSDOLOOP_S1 	EQU 	78
SYSDOLOOP_S2 	EQU 	7448
SYSDOLOOP_S3 	EQU 	7596
SYSDOLOOP_S4 	EQU 	3644
SYSDOLOOP_S5 	EQU 	3678
SYSDOLOOP_S6 	EQU 	3722
SYSDOLOOP_S7 	EQU 	3770
SYSFORLOOP1 	EQU 	3398
SYSFORLOOP10 	EQU 	2666
SYSFORLOOP11 	EQU 	2718
SYSFORLOOP12 	EQU 	2752
SYSFORLOOP13 	EQU 	3698
SYSFORLOOP2 	EQU 	1364
SYSFORLOOP3 	EQU 	1470
SYSFORLOOP4 	EQU 	4348
SYSFORLOOP5 	EQU 	4500
SYSFORLOOP6 	EQU 	3038
SYSFORLOOP7 	EQU 	3142
SYSFORLOOP8 	EQU 	3156
SYSFORLOOP9 	EQU 	3172
SYSFORLOOPABSVALUE11 	EQU 	1424
SYSFORLOOPABSVALUE11_H 	EQU 	1425
SYSFORLOOPEND1 	EQU 	3480
SYSFORLOOPEND10 	EQU 	2712
SYSFORLOOPEND11 	EQU 	2910
SYSFORLOOPEND12 	EQU 	2768
SYSFORLOOPEND13 	EQU 	3770
SYSFORLOOPEND2 	EQU 	1434
SYSFORLOOPEND3 	EQU 	1540
SYSFORLOOPEND4 	EQU 	4394
SYSFORLOOPEND5 	EQU 	4550
SYSFORLOOPEND6 	EQU 	3348
SYSFORLOOPEND7 	EQU 	3332
SYSFORLOOPEND8 	EQU 	3314
SYSFORLOOPEND9 	EQU 	3304
SYSFORLOOPSTEP10 	EQU 	1426
SYSFORLOOPSTEP10_H 	EQU 	1427
SYSINTEGERTEMPA 	EQU 	1285
SYSINTEGERTEMPA_H 	EQU 	1286
SYSINTEGERTEMPB 	EQU 	1289
SYSINTEGERTEMPB_H 	EQU 	1290
SYSINTEGERTEMPX 	EQU 	1280
SYSINTEGERTEMPX_H 	EQU 	1281
SYSLCDPRINTDATAHANDLER 	EQU 	1428
SYSLCDPRINTDATAHANDLER_H 	EQU 	1429
SYSLEFT_0 	EQU 	4310
SYSLONGDIVMULTA 	EQU 	1430
SYSLONGDIVMULTA_E 	EQU 	1433
SYSLONGDIVMULTA_H 	EQU 	1431
SYSLONGDIVMULTA_U 	EQU 	1432
SYSLONGDIVMULTB 	EQU 	1434
SYSLONGDIVMULTB_E 	EQU 	1437
SYSLONGDIVMULTB_H 	EQU 	1435
SYSLONGDIVMULTB_U 	EQU 	1436
SYSLONGDIVMULTX 	EQU 	1438
SYSLONGDIVMULTX_E 	EQU 	1441
SYSLONGDIVMULTX_H 	EQU 	1439
SYSLONGDIVMULTX_U 	EQU 	1440
SYSLONGTEMPA 	EQU 	1285
SYSLONGTEMPA_E 	EQU 	1288
SYSLONGTEMPA_H 	EQU 	1286
SYSLONGTEMPA_U 	EQU 	1287
SYSLONGTEMPB 	EQU 	1289
SYSLONGTEMPB_E 	EQU 	1292
SYSLONGTEMPB_H 	EQU 	1290
SYSLONGTEMPB_U 	EQU 	1291
SYSLONGTEMPX 	EQU 	1280
SYSLONGTEMPX_E 	EQU 	1283
SYSLONGTEMPX_H 	EQU 	1281
SYSLONGTEMPX_U 	EQU 	1282
SYSMID_0 	EQU 	4269
SYSMULTSUB16 	EQU 	6742
SYSMULTSUB32 	EQU 	6776
SYSMULTSUBINT 	EQU 	6910
SYSREADAD10WORD 	EQU 	1408
SYSREADAD10WORD_H 	EQU 	1409
SYSREADSTRING 	EQU 	6962
SYSREADSTRINGPART 	EQU 	6974
SYSREPEATLOOP1 	EQU 	4614
SYSREPEATLOOP2 	EQU 	4630
SYSREPEATLOOP3 	EQU 	4738
SYSREPEATLOOP4 	EQU 	1782
SYSREPEATLOOP5 	EQU 	1834
SYSREPEATLOOPEND1 	EQU 	4624
SYSREPEATLOOPEND2 	EQU 	4638
SYSREPEATLOOPEND3 	EQU 	4744
SYSREPEATLOOPEND4 	EQU 	1790
SYSREPEATLOOPEND5 	EQU 	1844
SYSREPEATTEMP1 	EQU 	1442
SYSREPEATTEMP4 	EQU 	1443
SYSSCALEWORD 	EQU 	1411
SYSSCALEWORD_H 	EQU 	1412
SYSSELECT1CASE1 	EQU 	4832
SYSSELECT1CASE10 	EQU 	4954
SYSSELECT1CASE11 	EQU 	4968
SYSSELECT1CASE12 	EQU 	4982
SYSSELECT1CASE13 	EQU 	4996
SYSSELECT1CASE14 	EQU 	5010
SYSSELECT1CASE15 	EQU 	5024
SYSSELECT1CASE16 	EQU 	5038
SYSSELECT1CASE17 	EQU 	5052
SYSSELECT1CASE18 	EQU 	5066
SYSSELECT1CASE19 	EQU 	5080
SYSSELECT1CASE2 	EQU 	4844
SYSSELECT1CASE20 	EQU 	5094
SYSSELECT1CASE21 	EQU 	5108
SYSSELECT1CASE22 	EQU 	5122
SYSSELECT1CASE23 	EQU 	5136
SYSSELECT1CASE24 	EQU 	5150
SYSSELECT1CASE25 	EQU 	5164
SYSSELECT1CASE26 	EQU 	5178
SYSSELECT1CASE27 	EQU 	5192
SYSSELECT1CASE3 	EQU 	4856
SYSSELECT1CASE4 	EQU 	4870
SYSSELECT1CASE5 	EQU 	4884
SYSSELECT1CASE6 	EQU 	4898
SYSSELECT1CASE7 	EQU 	4912
SYSSELECT1CASE8 	EQU 	4926
SYSSELECT1CASE9 	EQU 	4940
SYSSELECT2CASE1 	EQU 	3040
SYSSELECT2CASE2 	EQU 	3058
SYSSELECT2CASE3 	EQU 	3078
SYSSELECT2CASE4 	EQU 	3098
SYSSELECT2CASE5 	EQU 	3118
SYSSELECT3CASE1 	EQU 	3558
SYSSELECT3CASE2 	EQU 	3592
SYSSELECT3CASE3 	EQU 	3614
SYSSELECTEND1 	EQU 	5204
SYSSELECTEND2 	EQU 	3136
SYSSELECTEND3 	EQU 	3636
SYSSIGNBYTE 	EQU 	1293
SYSSTRDATA 	EQU 	1444
SYSSTRINGA 	EQU 	1287
SYSSTRINGA_H 	EQU 	1288
SYSSTRINGCOPY 	EQU 	6378
SYSSTRINGLENGTH 	EQU 	1286
SYSSTRINGPARAM1 	EQU 	4238
SYSSTRINGREAD 	EQU 	6988
SYSSTRINGREADCHECK 	EQU 	6982
SYSSTRINGTABLES 	EQU 	7000
SYSSTRINGTEMP 	EQU 	1445
SYSSTR_0 	EQU 	4246
SYSSYSINSTRINGAHANDLER 	EQU 	1446
SYSSYSINSTRINGAHANDLER_H 	EQU 	1447
SYSSYSINSTRINGHANDLER 	EQU 	1448
SYSSYSINSTRINGHANDLER_H 	EQU 	1449
SYSTEMP1 	EQU 	1450
SYSTEMP1_E 	EQU 	1453
SYSTEMP1_H 	EQU 	1451
SYSTEMP1_U 	EQU 	1452
SYSTEMP2 	EQU 	1454
SYSTEMP2_H 	EQU 	1455
SYSTEMP3 	EQU 	1456
SYSVALHUNDREDS 	EQU 	5966
SYSVALTEMP 	EQU 	1457
SYSVALTEMP_H 	EQU 	1458
SYSVALTENS 	EQU 	6042
SYSVALTHOUSANDS 	EQU 	5888
SYSWAITLOOP1 	EQU 	5250
SYSWAITTEMP10US 	EQU 	1285
SYSWAITTEMPMS 	EQU 	1282
SYSWAITTEMPMS_H 	EQU 	1283
SYSWAITTEMPUS 	EQU 	1285
SYSWAITTEMPUS_H 	EQU 	1286
SYSWORDTEMPA 	EQU 	1285
SYSWORDTEMPA_H 	EQU 	1286
SYSWORDTEMPB 	EQU 	1289
SYSWORDTEMPB_H 	EQU 	1290
SYSWORDTEMPX 	EQU 	1280
SYSWORDTEMPX_H 	EQU 	1281
T016BIT 	EQU 	4
T0ASYNC 	EQU 	4
T0CKIPPS 	EQU 	577
T0CKIPPS0 	EQU 	0
T0CKIPPS1 	EQU 	1
T0CKIPPS2 	EQU 	2
T0CKIPPS3 	EQU 	3
T0CKIPPS4 	EQU 	4
T0CKIPPS5 	EQU 	5
T0CKIPPS6 	EQU 	6
T0CKIPPS7 	EQU 	7
T0CKIPPS_PIN0 	EQU 	0
T0CKIPPS_PIN1 	EQU 	1
T0CKIPPS_PIN2 	EQU 	2
T0CKIPPS_PORT0 	EQU 	3
T0CKIPPS_PORT1 	EQU 	4
T0CKIPPS_PORT2 	EQU 	5
T0CKIPPS_PORT3 	EQU 	6
T0CKIPPS_PORT4 	EQU 	7
T0CKPS0 	EQU 	0
T0CKPS1 	EQU 	1
T0CKPS2 	EQU 	2
T0CKPS3 	EQU 	3
T0CON0 	EQU 	794
T0CON0_EN 	EQU 	7
T0CON0_OUTPS0 	EQU 	0
T0CON0_OUTPS1 	EQU 	1
T0CON0_OUTPS2 	EQU 	2
T0CON0_OUTPS3 	EQU 	3
T0CON0_T0OUTPS0 	EQU 	0
T0CON0_T0OUTPS1 	EQU 	1
T0CON0_T0OUTPS2 	EQU 	2
T0CON0_T0OUTPS3 	EQU 	3
T0CON1 	EQU 	795
T0CON1_CKPS0_T0CON1 	EQU 	0
T0CON1_CKPS1_T0CON1 	EQU 	1
T0CON1_CKPS2_T0CON1 	EQU 	2
T0CON1_CKPS3 	EQU 	3
T0CON1_CS0_T0CON1 	EQU 	5
T0CON1_CS1_T0CON1 	EQU 	6
T0CON1_CS2_T0CON1 	EQU 	7
T0CON1_T0CKPS0 	EQU 	0
T0CON1_T0CKPS1 	EQU 	1
T0CON1_T0CKPS2 	EQU 	2
T0CON1_T0CKPS3 	EQU 	3
T0CON1_T0CS0 	EQU 	5
T0CON1_T0CS1 	EQU 	6
T0CON1_T0CS2 	EQU 	7
T0CS0 	EQU 	5
T0CS1 	EQU 	6
T0CS2 	EQU 	7
T0EN 	EQU 	7
T0MD16 	EQU 	4
T0OUT 	EQU 	5
T0OUTPS0 	EQU 	0
T0OUTPS1 	EQU 	1
T0OUTPS2 	EQU 	2
T0OUTPS3 	EQU 	3
T0PR0 	EQU 	0
T0PR1 	EQU 	1
T0PR2 	EQU 	2
T0PR3 	EQU 	3
T0PR4 	EQU 	4
T0PR5 	EQU 	5
T0PR6 	EQU 	6
T0PR7 	EQU 	7
T1CKIPPS 	EQU 	578
T1CKIPPS0 	EQU 	0
T1CKIPPS1 	EQU 	1
T1CKIPPS2 	EQU 	2
T1CKIPPS3 	EQU 	3
T1CKIPPS4 	EQU 	4
T1CKIPPS5 	EQU 	5
T1CKIPPS6 	EQU 	6
T1CKIPPS7 	EQU 	7
T1CKIPPS_PIN0 	EQU 	0
T1CKIPPS_PIN1 	EQU 	1
T1CKIPPS_PIN2 	EQU 	2
T1CKIPPS_PORT0 	EQU 	3
T1CKIPPS_PORT1 	EQU 	4
T1CKIPPS_PORT2 	EQU 	5
T1CKIPPS_PORT3 	EQU 	6
T1CKIPPS_PORT4 	EQU 	7
T1CKPS0 	EQU 	4
T1CKPS1 	EQU 	5
T1CLK 	EQU 	791
T1CON 	EQU 	788
T1CON_CKPS0_T1CON 	EQU 	4
T1CON_CKPS1_T1CON 	EQU 	5
T1CS0 	EQU 	0
T1CS1 	EQU 	1
T1CS2 	EQU 	2
T1CS3 	EQU 	3
T1CS4 	EQU 	4
T1GATE 	EQU 	790
T1GCON 	EQU 	789
T1GE 	EQU 	7
T1GGO 	EQU 	3
T1GGO_NDONE 	EQU 	3
T1GGO_NOT_DONE 	EQU 	3
T1GPOL 	EQU 	6
T1GPPS 	EQU 	579
T1GPPS0 	EQU 	0
T1GPPS1 	EQU 	1
T1GPPS2 	EQU 	2
T1GPPS3 	EQU 	3
T1GPPS4 	EQU 	4
T1GPPS5 	EQU 	5
T1GPPS6 	EQU 	6
T1GPPS7 	EQU 	7
T1GPPS_PIN0 	EQU 	0
T1GPPS_PIN1 	EQU 	1
T1GPPS_PIN2 	EQU 	2
T1GPPS_PORT0 	EQU 	3
T1GPPS_PORT1 	EQU 	4
T1GPPS_PORT2 	EQU 	5
T1GPPS_PORT3 	EQU 	6
T1GPPS_PORT4 	EQU 	7
T1GSPM 	EQU 	4
T1GSS0 	EQU 	0
T1GSS1 	EQU 	1
T1GSS2 	EQU 	2
T1GSS3 	EQU 	3
T1GSS4 	EQU 	4
T1GTM 	EQU 	5
T1GVAL 	EQU 	2
T1RD16 	EQU 	1
T2CKPOL 	EQU 	6
T2CKPS0 	EQU 	4
T2CKPS1 	EQU 	5
T2CKPS2 	EQU 	6
T2CKSYNC 	EQU 	5
T2CLK 	EQU 	801
T2CLKCON 	EQU 	801
T2CLKCON_CS3 	EQU 	3
T2CLKCON_CS4 	EQU 	4
T2CON 	EQU 	799
T2CON_CKPS0_T2CON 	EQU 	4
T2CON_CKPS1_T2CON 	EQU 	5
T2CON_CKPS2_T2CON 	EQU 	6
T2CON_OUTPS0 	EQU 	0
T2CON_OUTPS1 	EQU 	1
T2CON_OUTPS2 	EQU 	2
T2CON_OUTPS3 	EQU 	3
T2CON_T2CKPS0 	EQU 	4
T2CON_T2CKPS1 	EQU 	5
T2CON_T2CKPS2 	EQU 	6
T2CON_T2CON_OUTPS0 	EQU 	0
T2CON_T2CON_OUTPS1 	EQU 	1
T2CON_T2CON_OUTPS2 	EQU 	2
T2CON_T2CON_OUTPS3 	EQU 	3
T2CON_T2OUTPS0 	EQU 	0
T2CON_T2OUTPS1 	EQU 	1
T2CON_T2OUTPS2 	EQU 	2
T2CON_T2OUTPS3 	EQU 	3
T2CS0 	EQU 	0
T2CS1 	EQU 	1
T2CS2 	EQU 	2
T2CS3 	EQU 	3
T2CS4 	EQU 	4
T2HLT 	EQU 	800
T2HLT_MODE0 	EQU 	0
T2HLT_MODE1 	EQU 	1
T2HLT_MODE2 	EQU 	2
T2HLT_MODE3 	EQU 	3
T2HLT_MODE4 	EQU 	4
T2HLT_T2HLT_MODE0 	EQU 	0
T2HLT_T2HLT_MODE1 	EQU 	1
T2HLT_T2HLT_MODE2 	EQU 	2
T2HLT_T2HLT_MODE3 	EQU 	3
T2HLT_T2MODE0 	EQU 	0
T2HLT_T2MODE1 	EQU 	1
T2HLT_T2MODE2 	EQU 	2
T2HLT_T2MODE3 	EQU 	3
T2HLT_T2MODE4 	EQU 	4
T2INPPS 	EQU 	584
T2INPPS0 	EQU 	0
T2INPPS1 	EQU 	1
T2INPPS2 	EQU 	2
T2INPPS3 	EQU 	3
T2INPPS4 	EQU 	4
T2INPPS5 	EQU 	5
T2INPPS6 	EQU 	6
T2INPPS7 	EQU 	7
T2INPPS_PIN0 	EQU 	0
T2INPPS_PIN1 	EQU 	1
T2INPPS_PIN2 	EQU 	2
T2INPPS_PORT0 	EQU 	3
T2INPPS_PORT1 	EQU 	4
T2INPPS_PORT2 	EQU 	5
T2INPPS_PORT3 	EQU 	6
T2INPPS_PORT4 	EQU 	7
T2MODE0 	EQU 	0
T2MODE1 	EQU 	1
T2MODE2 	EQU 	2
T2MODE3 	EQU 	3
T2MODE4 	EQU 	4
T2ON 	EQU 	7
T2OUTPS0 	EQU 	0
T2OUTPS1 	EQU 	1
T2OUTPS2 	EQU 	2
T2OUTPS3 	EQU 	3
T2PR 	EQU 	798
T2PSYNC 	EQU 	7
T2RSEL0 	EQU 	0
T2RSEL1 	EQU 	1
T2RSEL2 	EQU 	2
T2RSEL3 	EQU 	3
T2RSEL4 	EQU 	4
T2RST 	EQU 	802
T2TMR 	EQU 	797
T3CKIPPS 	EQU 	580
T3CKIPPS0 	EQU 	0
T3CKIPPS1 	EQU 	1
T3CKIPPS2 	EQU 	2
T3CKIPPS3 	EQU 	3
T3CKIPPS4 	EQU 	4
T3CKIPPS5 	EQU 	5
T3CKIPPS6 	EQU 	6
T3CKIPPS7 	EQU 	7
T3CKIPPS_PIN0 	EQU 	0
T3CKIPPS_PIN1 	EQU 	1
T3CKIPPS_PIN2 	EQU 	2
T3CKIPPS_PORT0 	EQU 	3
T3CKIPPS_PORT1 	EQU 	4
T3CKIPPS_PORT2 	EQU 	5
T3CKIPPS_PORT3 	EQU 	6
T3CKIPPS_PORT4 	EQU 	7
T3CKPS0 	EQU 	4
T3CKPS1 	EQU 	5
T3CLK 	EQU 	808
T3CLK_CS3 	EQU 	3
T3CLK_CS4 	EQU 	4
T3CON 	EQU 	805
T3CON_CKPS0_T3CON 	EQU 	4
T3CON_CKPS1_T3CON 	EQU 	5
T3CON_NOT_SYNC 	EQU 	2
T3CON_NSYNC 	EQU 	2
T3CON_RD16 	EQU 	1
T3CS0 	EQU 	0
T3CS1 	EQU 	1
T3CS2 	EQU 	2
T3CS3 	EQU 	3
T3CS4 	EQU 	4
T3GATE 	EQU 	807
T3GATE_GSS0 	EQU 	0
T3GATE_GSS1 	EQU 	1
T3GATE_GSS2 	EQU 	2
T3GATE_GSS3 	EQU 	3
T3GATE_GSS4 	EQU 	4
T3GCON 	EQU 	806
T3GCON_GE 	EQU 	7
T3GCON_GGO 	EQU 	3
T3GCON_GGO_NDONE 	EQU 	3
T3GCON_GGO_NOT_DONE 	EQU 	3
T3GCON_GSPM 	EQU 	4
T3GCON_GTM 	EQU 	5
T3GCON_GVAL 	EQU 	2
T3GE 	EQU 	7
T3GGO 	EQU 	3
T3GGO_NDONE 	EQU 	3
T3GGO_NOT_DONE 	EQU 	3
T3GPOL 	EQU 	6
T3GPPS 	EQU 	581
T3GPPS0 	EQU 	0
T3GPPS1 	EQU 	1
T3GPPS2 	EQU 	2
T3GPPS3 	EQU 	3
T3GPPS4 	EQU 	4
T3GPPS5 	EQU 	5
T3GPPS6 	EQU 	6
T3GPPS7 	EQU 	7
T3GPPS_PIN0 	EQU 	0
T3GPPS_PIN1 	EQU 	1
T3GPPS_PIN2 	EQU 	2
T3GPPS_PORT0 	EQU 	3
T3GPPS_PORT1 	EQU 	4
T3GPPS_PORT2 	EQU 	5
T3GPPS_PORT3 	EQU 	6
T3GPPS_PORT4 	EQU 	7
T3GSPM 	EQU 	4
T3GSS0 	EQU 	0
T3GSS1 	EQU 	1
T3GSS2 	EQU 	2
T3GSS3 	EQU 	3
T3GSS4 	EQU 	4
T3GTM 	EQU 	5
T3GVAL 	EQU 	2
T3RD16 	EQU 	1
T4CKPOL 	EQU 	6
T4CKPS0 	EQU 	4
T4CKPS1 	EQU 	5
T4CKPS2 	EQU 	6
T4CKSYNC 	EQU 	5
T4CLK 	EQU 	814
T4CLKCON 	EQU 	814
T4CLKCON_CS3 	EQU 	3
T4CLKCON_CS4 	EQU 	4
T4CON 	EQU 	812
T4CON_CKPS0_T4CON 	EQU 	4
T4CON_CKPS1_T4CON 	EQU 	5
T4CON_CKPS2_T4CON 	EQU 	6
T4CON_OUTPS0 	EQU 	0
T4CON_OUTPS1 	EQU 	1
T4CON_OUTPS2 	EQU 	2
T4CON_OUTPS3 	EQU 	3
T4CON_T4CKPS0 	EQU 	4
T4CON_T4CKPS1 	EQU 	5
T4CON_T4CKPS2 	EQU 	6
T4CON_T4CON_OUTPS0 	EQU 	0
T4CON_T4CON_OUTPS1 	EQU 	1
T4CON_T4CON_OUTPS2 	EQU 	2
T4CON_T4CON_OUTPS3 	EQU 	3
T4CON_T4OUTPS0 	EQU 	0
T4CON_T4OUTPS1 	EQU 	1
T4CON_T4OUTPS2 	EQU 	2
T4CON_T4OUTPS3 	EQU 	3
T4CS0 	EQU 	0
T4CS1 	EQU 	1
T4CS2 	EQU 	2
T4CS3 	EQU 	3
T4CS4 	EQU 	4
T4HLT 	EQU 	813
T4HLT_CKPOL 	EQU 	6
T4HLT_CKSYNC 	EQU 	5
T4HLT_MODE0 	EQU 	0
T4HLT_MODE1 	EQU 	1
T4HLT_MODE2 	EQU 	2
T4HLT_MODE3 	EQU 	3
T4HLT_MODE4 	EQU 	4
T4HLT_PSYNC 	EQU 	7
T4HLT_T4HLT_MODE0 	EQU 	0
T4HLT_T4HLT_MODE1 	EQU 	1
T4HLT_T4HLT_MODE2 	EQU 	2
T4HLT_T4HLT_MODE3 	EQU 	3
T4HLT_T4HLT_MODE4 	EQU 	4
T4HLT_T4MODE0 	EQU 	0
T4HLT_T4MODE1 	EQU 	1
T4HLT_T4MODE2 	EQU 	2
T4HLT_T4MODE3 	EQU 	3
T4HLT_T4MODE4 	EQU 	4
T4INPPS 	EQU 	585
T4INPPS0 	EQU 	0
T4INPPS1 	EQU 	1
T4INPPS2 	EQU 	2
T4INPPS3 	EQU 	3
T4INPPS4 	EQU 	4
T4INPPS5 	EQU 	5
T4INPPS6 	EQU 	6
T4INPPS7 	EQU 	7
T4INPPS_PIN0 	EQU 	0
T4INPPS_PIN1 	EQU 	1
T4INPPS_PIN2 	EQU 	2
T4INPPS_PORT0 	EQU 	3
T4INPPS_PORT1 	EQU 	4
T4INPPS_PORT2 	EQU 	5
T4INPPS_PORT3 	EQU 	6
T4INPPS_PORT4 	EQU 	7
T4MODE0 	EQU 	0
T4MODE1 	EQU 	1
T4MODE2 	EQU 	2
T4MODE3 	EQU 	3
T4MODE4 	EQU 	4
T4ON 	EQU 	7
T4OUTPS0 	EQU 	0
T4OUTPS1 	EQU 	1
T4OUTPS2 	EQU 	2
T4OUTPS3 	EQU 	3
T4PR 	EQU 	811
T4PSYNC 	EQU 	7
T4RSEL0 	EQU 	0
T4RSEL1 	EQU 	1
T4RSEL2 	EQU 	2
T4RSEL3 	EQU 	3
T4RSEL4 	EQU 	4
T4RST 	EQU 	815
T4RST_RSEL0 	EQU 	0
T4RST_RSEL1 	EQU 	1
T4RST_RSEL2 	EQU 	2
T4RST_RSEL3 	EQU 	3
T4RST_RSEL4 	EQU 	4
T4TMR 	EQU 	810
TABLAT 	EQU 	1269
TABLEGLCDCHARCOL3 	EQU 	1950
TABLEGLCDCHARCOL4 	EQU 	2098
TABLEGLCDCHARCOL5 	EQU 	2246
TABLEGLCDCHARCOL6 	EQU 	2394
TABLEGLCDCHARCOL7 	EQU 	2542
TABLESINETAB 	EQU 	5688
TBLPTR 	EQU 	1270
TBLPTR0 	EQU 	0
TBLPTR1 	EQU 	1
TBLPTR10 	EQU 	16
TBLPTR11 	EQU 	17
TBLPTR12 	EQU 	18
TBLPTR13 	EQU 	19
TBLPTR14 	EQU 	20
TBLPTR15 	EQU 	21
TBLPTR16 	EQU 	22
TBLPTR17 	EQU 	23
TBLPTR18 	EQU 	24
TBLPTR19 	EQU 	25
TBLPTR2 	EQU 	2
TBLPTR20 	EQU 	32
TBLPTR3 	EQU 	3
TBLPTR4 	EQU 	4
TBLPTR5 	EQU 	5
TBLPTR6 	EQU 	6
TBLPTR7 	EQU 	7
TBLPTR8 	EQU 	8
TBLPTR9 	EQU 	9
TBLPTRH 	EQU 	1271
TBLPTRL 	EQU 	1270
TBLPTRU 	EQU 	1272
TBLPTRU0 	EQU 	0
TBLPTRU1 	EQU 	1
TBLPTRU2 	EQU 	2
TBLPTRU3 	EQU 	3
TBLPTRU4 	EQU 	4
TBLPTRU5 	EQU 	5
TCNTH0 	EQU 	0
TCNTH1 	EQU 	1
TCNTH2 	EQU 	2
TCZIE 	EQU 	6
TCZIF 	EQU 	6
TH0 	EQU 	0
TH1 	EQU 	1
TMD0 	EQU 	0
TMD1 	EQU 	1
TMD2 	EQU 	2
TMR0 	EQU 	792
TMR0H 	EQU 	793
TMR0H0 	EQU 	0
TMR0H1 	EQU 	1
TMR0H2 	EQU 	2
TMR0H3 	EQU 	3
TMR0H4 	EQU 	4
TMR0H5 	EQU 	5
TMR0H6 	EQU 	6
TMR0H7 	EQU 	7
TMR0IE 	EQU 	3
TMR0IF 	EQU 	3
TMR0IP 	EQU 	3
TMR0L 	EQU 	792
TMR0L0 	EQU 	0
TMR0L1 	EQU 	1
TMR0L2 	EQU 	2
TMR0L3 	EQU 	3
TMR0L4 	EQU 	4
TMR0L5 	EQU 	5
TMR0L6 	EQU 	6
TMR0L7 	EQU 	7
TMR0MD 	EQU 	0
TMR1 	EQU 	786
TMR10 	EQU 	0
TMR11 	EQU 	1
TMR110 	EQU 	2
TMR111 	EQU 	3
TMR112 	EQU 	4
TMR113 	EQU 	5
TMR114 	EQU 	6
TMR115 	EQU 	7
TMR12 	EQU 	2
TMR13 	EQU 	3
TMR14 	EQU 	4
TMR15 	EQU 	5
TMR16 	EQU 	6
TMR17 	EQU 	7
TMR18 	EQU 	0
TMR19 	EQU 	1
TMR1CLK 	EQU 	791
TMR1CON 	EQU 	788
TMR1GATE 	EQU 	790
TMR1GCON 	EQU 	789
TMR1GIE 	EQU 	3
TMR1GIF 	EQU 	3
TMR1GIP 	EQU 	3
TMR1H 	EQU 	787
TMR1H0 	EQU 	0
TMR1H1 	EQU 	1
TMR1H2 	EQU 	2
TMR1H3 	EQU 	3
TMR1H4 	EQU 	4
TMR1H5 	EQU 	5
TMR1H6 	EQU 	6
TMR1H7 	EQU 	7
TMR1IE 	EQU 	2
TMR1IF 	EQU 	2
TMR1IP 	EQU 	2
TMR1L 	EQU 	786
TMR1L0 	EQU 	0
TMR1L1 	EQU 	1
TMR1L2 	EQU 	2
TMR1L3 	EQU 	3
TMR1L4 	EQU 	4
TMR1L5 	EQU 	5
TMR1L6 	EQU 	6
TMR1L7 	EQU 	7
TMR1MD 	EQU 	1
TMR1ON 	EQU 	0
TMR2 	EQU 	797
TMR2IE 	EQU 	6
TMR2IF 	EQU 	6
TMR2IP 	EQU 	6
TMR2MD 	EQU 	2
TMR2ON 	EQU 	7
TMR3 	EQU 	803
TMR30 	EQU 	0
TMR31 	EQU 	1
TMR310 	EQU 	2
TMR311 	EQU 	3
TMR312 	EQU 	4
TMR313 	EQU 	5
TMR314 	EQU 	6
TMR315 	EQU 	7
TMR32 	EQU 	2
TMR33 	EQU 	3
TMR34 	EQU 	4
TMR35 	EQU 	5
TMR36 	EQU 	6
TMR37 	EQU 	7
TMR38 	EQU 	0
TMR39 	EQU 	1
TMR3CLK 	EQU 	808
TMR3CON 	EQU 	805
TMR3GATE 	EQU 	807
TMR3GCON 	EQU 	806
TMR3GIE 	EQU 	5
TMR3GIF 	EQU 	5
TMR3GIP 	EQU 	5
TMR3H 	EQU 	804
TMR3H0 	EQU 	0
TMR3H1 	EQU 	1
TMR3H2 	EQU 	2
TMR3H3 	EQU 	3
TMR3H4 	EQU 	4
TMR3H5 	EQU 	5
TMR3H6 	EQU 	6
TMR3H7 	EQU 	7
TMR3IE 	EQU 	4
TMR3IF 	EQU 	4
TMR3IP 	EQU 	4
TMR3L 	EQU 	803
TMR3L0 	EQU 	0
TMR3L1 	EQU 	1
TMR3L2 	EQU 	2
TMR3L3 	EQU 	3
TMR3L4 	EQU 	4
TMR3L5 	EQU 	5
TMR3L6 	EQU 	6
TMR3L7 	EQU 	7
TMR3ON 	EQU 	0
TMR4 	EQU 	810
TMR4IE 	EQU 	7
TMR4IF 	EQU 	7
TMR4IP 	EQU 	7
TMR4MD 	EQU 	4
TMR4ON 	EQU 	7
TMRAOSEN 	EQU 	6
TMRBOSEN 	EQU 	6
TMRH0 	EQU 	0
TMRH1 	EQU 	1
TMRH2 	EQU 	2
TMRH3 	EQU 	3
TMRH4 	EQU 	4
TMRH5 	EQU 	5
TMRH6 	EQU 	6
TMRH7 	EQU 	7
TMRL0 	EQU 	0
TMRL1 	EQU 	1
TMRL2 	EQU 	2
TMRL3 	EQU 	3
TMRL4 	EQU 	4
TMRL5 	EQU 	5
TMRL6 	EQU 	6
TMRL7 	EQU 	7
TMRT0 	EQU 	0
TMRT1 	EQU 	1
TMRT2 	EQU 	2
TMRT3 	EQU 	3
TMRT4 	EQU 	4
TMRT5 	EQU 	5
TMRT6 	EQU 	6
TMRT7 	EQU 	7
TO 	EQU 	6
TOBY32 	EQU 	6
TOREC 	EQU 	7
TOS 	EQU 	1277
TOS0 	EQU 	0
TOS1 	EQU 	1
TOS10 	EQU 	16
TOS11 	EQU 	17
TOS12 	EQU 	18
TOS13 	EQU 	19
TOS14 	EQU 	20
TOS15 	EQU 	21
TOS16 	EQU 	22
TOS17 	EQU 	23
TOS18 	EQU 	24
TOS19 	EQU 	25
TOS2 	EQU 	2
TOS20 	EQU 	32
TOS3 	EQU 	3
TOS4 	EQU 	4
TOS5 	EQU 	5
TOS6 	EQU 	6
TOS7 	EQU 	7
TOS8 	EQU 	8
TOS9 	EQU 	9
TOSH 	EQU 	1278
TOSL 	EQU 	1277
TOSU 	EQU 	1279
TOTIME0 	EQU 	0
TOTIME1 	EQU 	1
TOTIME2 	EQU 	2
TOTIME3 	EQU 	3
TOTIME4 	EQU 	4
TOTIME5 	EQU 	5
TRIGEN 	EQU 	6
TRIG_ARG1 	EQU 	1459
TRIG_ARG1_H 	EQU 	1460
TRIG_ARG2 	EQU 	1461
TRIG_ARG2_H 	EQU 	1462
TRIG_I 	EQU 	1463
TRIG_REF 	EQU 	1464
TRIG_REF_H 	EQU 	1465
TRIG_SIGN 	EQU 	1466
TRIG_SIGN_H 	EQU 	1467
TRIG_VAL 	EQU 	1468
TRIG_VAL_H 	EQU 	1469
TRISA 	EQU 	328
TRISA0 	EQU 	0
TRISA1 	EQU 	1
TRISA2 	EQU 	2
TRISA3 	EQU 	3
TRISA4 	EQU 	4
TRISA5 	EQU 	5
TRISA6 	EQU 	6
TRISA7 	EQU 	7
TRISB 	EQU 	329
TRISB0 	EQU 	0
TRISB1 	EQU 	1
TRISB2 	EQU 	2
TRISB3 	EQU 	3
TRISB4 	EQU 	4
TRISB5 	EQU 	5
TRISB6 	EQU 	6
TRISB7 	EQU 	7
TRISC 	EQU 	330
TRISC0 	EQU 	0
TRISC0PPS 	EQU 	401
TRISC0PPS0 	EQU 	0
TRISC0PPS1 	EQU 	1
TRISC0PPS2 	EQU 	2
TRISC0PPS3 	EQU 	3
TRISC0PPS4 	EQU 	4
TRISC1 	EQU 	1
TRISC1PPS 	EQU 	402
TRISC1PPS0 	EQU 	0
TRISC1PPS1 	EQU 	1
TRISC1PPS2 	EQU 	2
TRISC1PPS3 	EQU 	3
TRISC1PPS4 	EQU 	4
TRISC2 	EQU 	2
TRISC2PPS 	EQU 	403
TRISC2PPS0 	EQU 	0
TRISC2PPS1 	EQU 	1
TRISC2PPS2 	EQU 	2
TRISC2PPS3 	EQU 	3
TRISC2PPS4 	EQU 	4
TRISC3 	EQU 	3
TRISC3PPS 	EQU 	404
TRISC3PPS0 	EQU 	0
TRISC3PPS1 	EQU 	1
TRISC3PPS2 	EQU 	2
TRISC3PPS3 	EQU 	3
TRISC3PPS4 	EQU 	4
TRISC4 	EQU 	4
TRISC4PPS 	EQU 	405
TRISC4PPS0 	EQU 	0
TRISC4PPS1 	EQU 	1
TRISC4PPS2 	EQU 	2
TRISC4PPS3 	EQU 	3
TRISC4PPS4 	EQU 	4
TRISC5 	EQU 	5
TRISC5PPS 	EQU 	406
TRISC5PPS0 	EQU 	0
TRISC5PPS1 	EQU 	1
TRISC5PPS2 	EQU 	2
TRISC5PPS3 	EQU 	3
TRISC5PPS4 	EQU 	4
TRISC6 	EQU 	6
TRISC6PPS 	EQU 	407
TRISC6PPS0 	EQU 	0
TRISC6PPS1 	EQU 	1
TRISC6PPS2 	EQU 	2
TRISC6PPS3 	EQU 	3
TRISC6PPS4 	EQU 	4
TRISC7 	EQU 	7
TRISD 	EQU 	331
TRISD0 	EQU 	0
TRISD1 	EQU 	1
TRISD2 	EQU 	2
TRISD3 	EQU 	3
TRISD4 	EQU 	4
TRISD5 	EQU 	5
TRISD6 	EQU 	6
TRISD7 	EQU 	7
TRISE 	EQU 	332
TRISE0 	EQU 	0
TRISE1 	EQU 	1
TRISE2 	EQU 	2
TSEL0 	EQU 	0
TSEL1 	EQU 	1
TSEL2 	EQU 	2
TSEL3 	EQU 	3
TSEN 	EQU 	5
TSRNG 	EQU 	4
TU16ACAPT 	EQU 	3
TU16ACIE 	EQU 	0
TU16ACIF 	EQU 	0
TU16ACLK 	EQU 	937
TU16ACLK0 	EQU 	0
TU16ACLK1 	EQU 	1
TU16ACLK2 	EQU 	2
TU16ACLK3 	EQU 	3
TU16ACLK4 	EQU 	4
TU16ACLK_CLK0 	EQU 	0
TU16ACLK_CLK1 	EQU 	1
TU16ACLK_CLK2 	EQU 	2
TU16ACLK_CLK3 	EQU 	3
TU16ACLK_CLK4 	EQU 	4
TU16ACLR 	EQU 	5
TU16ACON0 	EQU 	925
TU16ACON1 	EQU 	926
TU16ACPOL 	EQU 	6
TU16ACR 	EQU 	929
TU16ACR0 	EQU 	0
TU16ACR1 	EQU 	1
TU16ACR10 	EQU 	2
TU16ACR11 	EQU 	3
TU16ACR12 	EQU 	4
TU16ACR13 	EQU 	5
TU16ACR14 	EQU 	6
TU16ACR15 	EQU 	7
TU16ACR2 	EQU 	2
TU16ACR24 	EQU 	0
TU16ACR25 	EQU 	1
TU16ACR26 	EQU 	2
TU16ACR27 	EQU 	3
TU16ACR28 	EQU 	4
TU16ACR29 	EQU 	5
TU16ACR3 	EQU 	3
TU16ACR30 	EQU 	6
TU16ACR31 	EQU 	7
TU16ACR4 	EQU 	4
TU16ACR5 	EQU 	5
TU16ACR6 	EQU 	6
TU16ACR7 	EQU 	7
TU16ACR8 	EQU 	0
TU16ACR9 	EQU 	1
TU16ACRH 	EQU 	930
TU16ACRH0 	EQU 	0
TU16ACRH1 	EQU 	1
TU16ACRH2 	EQU 	2
TU16ACRH3 	EQU 	3
TU16ACRH4 	EQU 	4
TU16ACRH5 	EQU 	5
TU16ACRH6 	EQU 	6
TU16ACRH7 	EQU 	7
TU16ACRL 	EQU 	929
TU16ACRL0 	EQU 	0
TU16ACRL1 	EQU 	1
TU16ACRL2 	EQU 	2
TU16ACRL3 	EQU 	3
TU16ACRL4 	EQU 	4
TU16ACRL5 	EQU 	5
TU16ACRL6 	EQU 	6
TU16ACRL7 	EQU 	7
TU16ACRT 	EQU 	932
TU16ACRT0 	EQU 	0
TU16ACRT1 	EQU 	1
TU16ACRT2 	EQU 	2
TU16ACRT3 	EQU 	3
TU16ACRT4 	EQU 	4
TU16ACRT5 	EQU 	5
TU16ACRT6 	EQU 	6
TU16ACRT7 	EQU 	7
TU16ACSYNC 	EQU 	6
TU16AEPOL 	EQU 	7
TU16AERS 	EQU 	938
TU16AERS0 	EQU 	0
TU16AERS1 	EQU 	1
TU16AERS2 	EQU 	2
TU16AERS3 	EQU 	3
TU16AERS4 	EQU 	4
TU16AERS5 	EQU 	5
TU16AERS_ERS0 	EQU 	0
TU16AERS_ERS1 	EQU 	1
TU16AERS_ERS2 	EQU 	2
TU16AERS_ERS3 	EQU 	3
TU16AHLT 	EQU 	927
TU16AHLT_RESET0 	EQU 	2
TU16AHLT_RESET1 	EQU 	3
TU16AHLT_START0 	EQU 	4
TU16AHLT_START1 	EQU 	5
TU16AHLT_STOP0 	EQU 	0
TU16AHLT_STOP1 	EQU 	1
TU16AHLT_TU16ARESET0 	EQU 	2
TU16AHLT_TU16ARESET1 	EQU 	3
TU16AHLT_TU16ASTART0 	EQU 	4
TU16AHLT_TU16ASTART1 	EQU 	5
TU16AHLT_TU16ASTOP0 	EQU 	0
TU16AHLT_TU16ASTOP1 	EQU 	1
TU16AIE 	EQU 	0
TU16AIF 	EQU 	0
TU16AIP 	EQU 	0
TU16ALIMIT 	EQU 	4
TU16AMD 	EQU 	1
TU16AOM 	EQU 	5
TU16AON 	EQU 	7
TU16AOPOL 	EQU 	4
TU16APR 	EQU 	933
TU16APR0 	EQU 	0
TU16APR1 	EQU 	1
TU16APR10 	EQU 	2
TU16APR11 	EQU 	3
TU16APR12 	EQU 	4
TU16APR13 	EQU 	5
TU16APR14 	EQU 	6
TU16APR15 	EQU 	7
TU16APR2 	EQU 	2
TU16APR24 	EQU 	0
TU16APR25 	EQU 	1
TU16APR26 	EQU 	2
TU16APR27 	EQU 	3
TU16APR28 	EQU 	4
TU16APR29 	EQU 	5
TU16APR3 	EQU 	3
TU16APR30 	EQU 	6
TU16APR31 	EQU 	7
TU16APR4 	EQU 	4
TU16APR5 	EQU 	5
TU16APR6 	EQU 	6
TU16APR7 	EQU 	7
TU16APR8 	EQU 	0
TU16APR9 	EQU 	1
TU16APRH 	EQU 	934
TU16APRH0 	EQU 	0
TU16APRH1 	EQU 	1
TU16APRH2 	EQU 	2
TU16APRH3 	EQU 	3
TU16APRH4 	EQU 	4
TU16APRH5 	EQU 	5
TU16APRH6 	EQU 	6
TU16APRH7 	EQU 	7
TU16APRIE 	EQU 	2
TU16APRIF 	EQU 	2
TU16APRL 	EQU 	933
TU16APRL0 	EQU 	0
TU16APRL1 	EQU 	1
TU16APRL2 	EQU 	2
TU16APRL3 	EQU 	3
TU16APRL4 	EQU 	4
TU16APRL5 	EQU 	5
TU16APRL6 	EQU 	6
TU16APRL7 	EQU 	7
TU16APRT 	EQU 	936
TU16APRT0 	EQU 	0
TU16APRT1 	EQU 	1
TU16APRT2 	EQU 	2
TU16APRT3 	EQU 	3
TU16APRT4 	EQU 	4
TU16APRT5 	EQU 	5
TU16APRT6 	EQU 	6
TU16APRT7 	EQU 	7
TU16APS 	EQU 	928
TU16APS0 	EQU 	0
TU16APS1 	EQU 	1
TU16APS2 	EQU 	2
TU16APS3 	EQU 	3
TU16APS4 	EQU 	4
TU16APS5 	EQU 	5
TU16APS6 	EQU 	6
TU16APS7 	EQU 	7
TU16ARDSEL 	EQU 	3
TU16ARESET0 	EQU 	2
TU16ARESET1 	EQU 	3
TU16ARUN 	EQU 	7
TU16ASTART0 	EQU 	4
TU16ASTART1 	EQU 	5
TU16ASTOP0 	EQU 	0
TU16ASTOP1 	EQU 	1
TU16ATMR 	EQU 	929
TU16ATMR0 	EQU 	0
TU16ATMR1 	EQU 	1
TU16ATMR10 	EQU 	2
TU16ATMR11 	EQU 	3
TU16ATMR12 	EQU 	4
TU16ATMR13 	EQU 	5
TU16ATMR14 	EQU 	6
TU16ATMR15 	EQU 	7
TU16ATMR2 	EQU 	2
TU16ATMR24 	EQU 	0
TU16ATMR25 	EQU 	1
TU16ATMR26 	EQU 	2
TU16ATMR27 	EQU 	3
TU16ATMR28 	EQU 	4
TU16ATMR29 	EQU 	5
TU16ATMR3 	EQU 	3
TU16ATMR30 	EQU 	6
TU16ATMR31 	EQU 	7
TU16ATMR4 	EQU 	4
TU16ATMR5 	EQU 	5
TU16ATMR6 	EQU 	6
TU16ATMR7 	EQU 	7
TU16ATMR8 	EQU 	0
TU16ATMR9 	EQU 	1
TU16ATMRH 	EQU 	930
TU16ATMRH0 	EQU 	0
TU16ATMRH1 	EQU 	1
TU16ATMRH2 	EQU 	2
TU16ATMRH3 	EQU 	3
TU16ATMRH4 	EQU 	4
TU16ATMRH5 	EQU 	5
TU16ATMRH6 	EQU 	6
TU16ATMRH7 	EQU 	7
TU16ATMRL 	EQU 	929
TU16ATMRL0 	EQU 	0
TU16ATMRL1 	EQU 	1
TU16ATMRL2 	EQU 	2
TU16ATMRL3 	EQU 	3
TU16ATMRL4 	EQU 	4
TU16ATMRL5 	EQU 	5
TU16ATMRL6 	EQU 	6
TU16ATMRL7 	EQU 	7
TU16ATMRT 	EQU 	932
TU16ATMRT0 	EQU 	0
TU16ATMRT1 	EQU 	1
TU16ATMRT2 	EQU 	2
TU16ATMRT3 	EQU 	3
TU16ATMRT4 	EQU 	4
TU16ATMRT5 	EQU 	5
TU16ATMRT6 	EQU 	6
TU16ATMRT7 	EQU 	7
TU16AZIE 	EQU 	1
TU16AZIF 	EQU 	1
TU16BCAPT 	EQU 	3
TU16BCIE 	EQU 	0
TU16BCIF 	EQU 	0
TU16BCLK 	EQU 	951
TU16BCLK0 	EQU 	0
TU16BCLK1 	EQU 	1
TU16BCLK2 	EQU 	2
TU16BCLK3 	EQU 	3
TU16BCLK4 	EQU 	4
TU16BCLK_CLK0 	EQU 	0
TU16BCLK_CLK1 	EQU 	1
TU16BCLK_CLK2 	EQU 	2
TU16BCLK_CLK3 	EQU 	3
TU16BCLK_CLK4 	EQU 	4
TU16BCLR 	EQU 	5
TU16BCON0 	EQU 	939
TU16BCON0_CIE 	EQU 	0
TU16BCON0_CPOL 	EQU 	6
TU16BCON0_OM 	EQU 	5
TU16BCON0_OPOL 	EQU 	4
TU16BCON0_PRIE 	EQU 	2
TU16BCON0_RDSEL 	EQU 	3
TU16BCON0_ZIE 	EQU 	1
TU16BCON1 	EQU 	940
TU16BCON1_CAPT 	EQU 	3
TU16BCON1_CIF 	EQU 	0
TU16BCON1_CLR 	EQU 	5
TU16BCON1_LIMIT 	EQU 	4
TU16BCON1_OSEN 	EQU 	6
TU16BCON1_PRIF 	EQU 	2
TU16BCON1_RUN 	EQU 	7
TU16BCON1_ZIF 	EQU 	1
TU16BCPOL 	EQU 	6
TU16BCR 	EQU 	943
TU16BCR0 	EQU 	0
TU16BCR1 	EQU 	1
TU16BCR10 	EQU 	2
TU16BCR11 	EQU 	3
TU16BCR12 	EQU 	4
TU16BCR13 	EQU 	5
TU16BCR14 	EQU 	6
TU16BCR15 	EQU 	7
TU16BCR2 	EQU 	2
TU16BCR24 	EQU 	0
TU16BCR25 	EQU 	1
TU16BCR26 	EQU 	2
TU16BCR27 	EQU 	3
TU16BCR28 	EQU 	4
TU16BCR29 	EQU 	5
TU16BCR3 	EQU 	3
TU16BCR30 	EQU 	6
TU16BCR31 	EQU 	7
TU16BCR4 	EQU 	4
TU16BCR5 	EQU 	5
TU16BCR6 	EQU 	6
TU16BCR7 	EQU 	7
TU16BCR8 	EQU 	0
TU16BCR9 	EQU 	1
TU16BCRH 	EQU 	944
TU16BCRH0 	EQU 	0
TU16BCRH1 	EQU 	1
TU16BCRH2 	EQU 	2
TU16BCRH3 	EQU 	3
TU16BCRH4 	EQU 	4
TU16BCRH5 	EQU 	5
TU16BCRH6 	EQU 	6
TU16BCRH7 	EQU 	7
TU16BCRL 	EQU 	943
TU16BCRL0 	EQU 	0
TU16BCRL1 	EQU 	1
TU16BCRL2 	EQU 	2
TU16BCRL3 	EQU 	3
TU16BCRL4 	EQU 	4
TU16BCRL5 	EQU 	5
TU16BCRL6 	EQU 	6
TU16BCRL7 	EQU 	7
TU16BCRT 	EQU 	946
TU16BCRT0 	EQU 	0
TU16BCRT1 	EQU 	1
TU16BCRT2 	EQU 	2
TU16BCRT3 	EQU 	3
TU16BCRT4 	EQU 	4
TU16BCRT5 	EQU 	5
TU16BCRT6 	EQU 	6
TU16BCRT7 	EQU 	7
TU16BCSYNC 	EQU 	6
TU16BEPOL 	EQU 	7
TU16BERS 	EQU 	952
TU16BERS0 	EQU 	0
TU16BERS1 	EQU 	1
TU16BERS2 	EQU 	2
TU16BERS3 	EQU 	3
TU16BERS4 	EQU 	4
TU16BERS5 	EQU 	5
TU16BERS_ERS0 	EQU 	0
TU16BERS_ERS1 	EQU 	1
TU16BERS_ERS2 	EQU 	2
TU16BERS_ERS3 	EQU 	3
TU16BERS_ERS4 	EQU 	4
TU16BERS_ERS5 	EQU 	5
TU16BHLT 	EQU 	941
TU16BHLT_CSYNC 	EQU 	6
TU16BHLT_EPOL 	EQU 	7
TU16BHLT_RESET0 	EQU 	2
TU16BHLT_RESET1 	EQU 	3
TU16BHLT_START0 	EQU 	4
TU16BHLT_START1 	EQU 	5
TU16BHLT_STOP0 	EQU 	0
TU16BHLT_STOP1 	EQU 	1
TU16BHLT_TU16BHLT_RESET0 	EQU 	2
TU16BHLT_TU16BHLT_RESET1 	EQU 	3
TU16BHLT_TU16BHLT_START0 	EQU 	4
TU16BHLT_TU16BHLT_START1 	EQU 	5
TU16BHLT_TU16BHLT_STOP0 	EQU 	0
TU16BHLT_TU16BHLT_STOP1 	EQU 	1
TU16BHLT_TU16BRESET0 	EQU 	2
TU16BHLT_TU16BRESET1 	EQU 	3
TU16BHLT_TU16BSTART0 	EQU 	4
TU16BHLT_TU16BSTART1 	EQU 	5
TU16BHLT_TU16BSTOP0 	EQU 	0
TU16BHLT_TU16BSTOP1 	EQU 	1
TU16BIE 	EQU 	1
TU16BIF 	EQU 	1
TU16BIP 	EQU 	1
TU16BLIMIT 	EQU 	4
TU16BMD 	EQU 	2
TU16BOM 	EQU 	5
TU16BON 	EQU 	7
TU16BOPOL 	EQU 	4
TU16BPR 	EQU 	947
TU16BPR0 	EQU 	0
TU16BPR1 	EQU 	1
TU16BPR10 	EQU 	2
TU16BPR11 	EQU 	3
TU16BPR12 	EQU 	4
TU16BPR13 	EQU 	5
TU16BPR14 	EQU 	6
TU16BPR15 	EQU 	7
TU16BPR2 	EQU 	2
TU16BPR24 	EQU 	0
TU16BPR25 	EQU 	1
TU16BPR26 	EQU 	2
TU16BPR27 	EQU 	3
TU16BPR28 	EQU 	4
TU16BPR29 	EQU 	5
TU16BPR3 	EQU 	3
TU16BPR30 	EQU 	6
TU16BPR31 	EQU 	7
TU16BPR4 	EQU 	4
TU16BPR5 	EQU 	5
TU16BPR6 	EQU 	6
TU16BPR7 	EQU 	7
TU16BPR8 	EQU 	0
TU16BPR9 	EQU 	1
TU16BPRH 	EQU 	948
TU16BPRH0 	EQU 	0
TU16BPRH1 	EQU 	1
TU16BPRH2 	EQU 	2
TU16BPRH3 	EQU 	3
TU16BPRH4 	EQU 	4
TU16BPRH5 	EQU 	5
TU16BPRH6 	EQU 	6
TU16BPRH7 	EQU 	7
TU16BPRH_PRH0 	EQU 	0
TU16BPRH_PRH1 	EQU 	1
TU16BPRH_PRH2 	EQU 	2
TU16BPRH_PRH3 	EQU 	3
TU16BPRH_PRH4 	EQU 	4
TU16BPRH_PRH5 	EQU 	5
TU16BPRH_PRH6 	EQU 	6
TU16BPRH_PRH7 	EQU 	7
TU16BPRIE 	EQU 	2
TU16BPRIF 	EQU 	2
TU16BPRL 	EQU 	947
TU16BPRL0 	EQU 	0
TU16BPRL1 	EQU 	1
TU16BPRL2 	EQU 	2
TU16BPRL3 	EQU 	3
TU16BPRL4 	EQU 	4
TU16BPRL5 	EQU 	5
TU16BPRL6 	EQU 	6
TU16BPRL7 	EQU 	7
TU16BPRT 	EQU 	950
TU16BPRT0 	EQU 	0
TU16BPRT1 	EQU 	1
TU16BPRT2 	EQU 	2
TU16BPRT3 	EQU 	3
TU16BPRT4 	EQU 	4
TU16BPRT5 	EQU 	5
TU16BPRT6 	EQU 	6
TU16BPRT7 	EQU 	7
TU16BPRT_PRT0 	EQU 	0
TU16BPRT_PRT1 	EQU 	1
TU16BPRT_PRT2 	EQU 	2
TU16BPRT_PRT3 	EQU 	3
TU16BPRT_PRT4 	EQU 	4
TU16BPRT_PRT5 	EQU 	5
TU16BPRT_PRT6 	EQU 	6
TU16BPRT_PRT7 	EQU 	7
TU16BPR_PRL0 	EQU 	0
TU16BPR_PRL1 	EQU 	1
TU16BPR_PRL2 	EQU 	2
TU16BPR_PRL3 	EQU 	3
TU16BPR_PRL4 	EQU 	4
TU16BPR_PRL5 	EQU 	5
TU16BPR_PRL6 	EQU 	6
TU16BPR_PRL7 	EQU 	7
TU16BPS 	EQU 	942
TU16BPS0 	EQU 	0
TU16BPS1 	EQU 	1
TU16BPS2 	EQU 	2
TU16BPS3 	EQU 	3
TU16BPS4 	EQU 	4
TU16BPS5 	EQU 	5
TU16BPS6 	EQU 	6
TU16BPS7 	EQU 	7
TU16BPS_PS0 	EQU 	0
TU16BPS_PS1 	EQU 	1
TU16BPS_PS2 	EQU 	2
TU16BPS_PS3 	EQU 	3
TU16BPS_PS4 	EQU 	4
TU16BPS_PS5 	EQU 	5
TU16BPS_PS6 	EQU 	6
TU16BPS_PS7 	EQU 	7
TU16BRDSEL 	EQU 	3
TU16BRESET0 	EQU 	2
TU16BRESET1 	EQU 	3
TU16BRUN 	EQU 	7
TU16BSTART0 	EQU 	4
TU16BSTART1 	EQU 	5
TU16BSTOP0 	EQU 	0
TU16BSTOP1 	EQU 	1
TU16BTMR 	EQU 	943
TU16BTMR0 	EQU 	0
TU16BTMR1 	EQU 	1
TU16BTMR10 	EQU 	2
TU16BTMR11 	EQU 	3
TU16BTMR12 	EQU 	4
TU16BTMR13 	EQU 	5
TU16BTMR14 	EQU 	6
TU16BTMR15 	EQU 	7
TU16BTMR2 	EQU 	2
TU16BTMR24 	EQU 	0
TU16BTMR25 	EQU 	1
TU16BTMR26 	EQU 	2
TU16BTMR27 	EQU 	3
TU16BTMR28 	EQU 	4
TU16BTMR29 	EQU 	5
TU16BTMR3 	EQU 	3
TU16BTMR30 	EQU 	6
TU16BTMR31 	EQU 	7
TU16BTMR4 	EQU 	4
TU16BTMR5 	EQU 	5
TU16BTMR6 	EQU 	6
TU16BTMR7 	EQU 	7
TU16BTMR8 	EQU 	0
TU16BTMR9 	EQU 	1
TU16BTMRH 	EQU 	944
TU16BTMRH0 	EQU 	0
TU16BTMRH1 	EQU 	1
TU16BTMRH2 	EQU 	2
TU16BTMRH3 	EQU 	3
TU16BTMRH4 	EQU 	4
TU16BTMRH5 	EQU 	5
TU16BTMRH6 	EQU 	6
TU16BTMRH7 	EQU 	7
TU16BTMRH_CRH0 	EQU 	0
TU16BTMRH_CRH1 	EQU 	1
TU16BTMRH_CRH2 	EQU 	2
TU16BTMRH_CRH3 	EQU 	3
TU16BTMRH_CRH4 	EQU 	4
TU16BTMRH_CRH5 	EQU 	5
TU16BTMRH_CRH6 	EQU 	6
TU16BTMRH_CRH7 	EQU 	7
TU16BTMRH_TMRH0 	EQU 	0
TU16BTMRH_TMRH1 	EQU 	1
TU16BTMRH_TMRH2 	EQU 	2
TU16BTMRH_TMRH3 	EQU 	3
TU16BTMRH_TMRH4 	EQU 	4
TU16BTMRH_TMRH5 	EQU 	5
TU16BTMRH_TMRH6 	EQU 	6
TU16BTMRH_TMRH7 	EQU 	7
TU16BTMRL 	EQU 	943
TU16BTMRL0 	EQU 	0
TU16BTMRL1 	EQU 	1
TU16BTMRL2 	EQU 	2
TU16BTMRL3 	EQU 	3
TU16BTMRL4 	EQU 	4
TU16BTMRL5 	EQU 	5
TU16BTMRL6 	EQU 	6
TU16BTMRL7 	EQU 	7
TU16BTMRT 	EQU 	946
TU16BTMRT0 	EQU 	0
TU16BTMRT1 	EQU 	1
TU16BTMRT2 	EQU 	2
TU16BTMRT3 	EQU 	3
TU16BTMRT4 	EQU 	4
TU16BTMRT5 	EQU 	5
TU16BTMRT6 	EQU 	6
TU16BTMRT7 	EQU 	7
TU16BTMRT_CRT0 	EQU 	0
TU16BTMRT_CRT1 	EQU 	1
TU16BTMRT_CRT2 	EQU 	2
TU16BTMRT_CRT3 	EQU 	3
TU16BTMRT_CRT4 	EQU 	4
TU16BTMRT_CRT5 	EQU 	5
TU16BTMRT_CRT6 	EQU 	6
TU16BTMRT_CRT7 	EQU 	7
TU16BTMRT_TMRT0 	EQU 	0
TU16BTMRT_TMRT1 	EQU 	1
TU16BTMRT_TMRT2 	EQU 	2
TU16BTMRT_TMRT3 	EQU 	3
TU16BTMRT_TMRT4 	EQU 	4
TU16BTMRT_TMRT5 	EQU 	5
TU16BTMRT_TMRT6 	EQU 	6
TU16BTMRT_TMRT7 	EQU 	7
TU16BTMR_CRL0 	EQU 	0
TU16BTMR_CRL1 	EQU 	1
TU16BTMR_CRL2 	EQU 	2
TU16BTMR_CRL3 	EQU 	3
TU16BTMR_CRL4 	EQU 	4
TU16BTMR_CRL5 	EQU 	5
TU16BTMR_CRL6 	EQU 	6
TU16BTMR_CRL7 	EQU 	7
TU16BTMR_TMRL0 	EQU 	0
TU16BTMR_TMRL1 	EQU 	1
TU16BTMR_TMRL2 	EQU 	2
TU16BTMR_TMRL3 	EQU 	3
TU16BTMR_TMRL4 	EQU 	4
TU16BTMR_TMRL5 	EQU 	5
TU16BTMR_TMRL6 	EQU 	6
TU16BTMR_TMRL7 	EQU 	7
TU16BZIE 	EQU 	1
TU16BZIF 	EQU 	1
TUCHAIN 	EQU 	953
TUIN0PPS 	EQU 	632
TUIN0PPS0 	EQU 	0
TUIN0PPS1 	EQU 	1
TUIN0PPS2 	EQU 	2
TUIN0PPS3 	EQU 	3
TUIN0PPS4 	EQU 	4
TUIN0PPS5 	EQU 	5
TUIN0PPS6 	EQU 	6
TUIN0PPS7 	EQU 	7
TUIN0PPS_PIN0 	EQU 	0
TUIN0PPS_PIN1 	EQU 	1
TUIN0PPS_PIN2 	EQU 	2
TUIN0PPS_PORT0 	EQU 	3
TUIN0PPS_PORT1 	EQU 	4
TUIN0PPS_PORT2 	EQU 	5
TUIN0PPS_PORT3 	EQU 	6
TUIN0PPS_PORT4 	EQU 	7
TUIN1PPS 	EQU 	633
TUIN1PPS0 	EQU 	0
TUIN1PPS1 	EQU 	1
TUIN1PPS2 	EQU 	2
TUIN1PPS3 	EQU 	3
TUIN1PPS4 	EQU 	4
TUIN1PPS5 	EQU 	5
TUIN1PPS6 	EQU 	6
TUIN1PPS7 	EQU 	7
TUIN1PPS_PIN0 	EQU 	0
TUIN1PPS_PIN1 	EQU 	1
TUIN1PPS_PIN2 	EQU 	2
TUIN1PPS_PORT0 	EQU 	3
TUIN1PPS_PORT1 	EQU 	4
TUIN1PPS_PORT2 	EQU 	5
TUIN1PPS_PORT3 	EQU 	6
TUIN1PPS_PORT4 	EQU 	7
TUN0 	EQU 	0
TUN1 	EQU 	1
TUN2 	EQU 	2
TUN3 	EQU 	3
TUN4 	EQU 	4
TUN5 	EQU 	5
TWIDTH0 	EQU 	0
TWIDTH1 	EQU 	1
TWIDTH2 	EQU 	2
TXB0 	EQU 	0
TXB1 	EQU 	1
TXB2 	EQU 	2
TXB3 	EQU 	3
TXB4 	EQU 	4
TXB5 	EQU 	5
TXB6 	EQU 	6
TXB7 	EQU 	7
TXBE 	EQU 	5
TXBF 	EQU 	4
TXCIE 	EQU 	0
TXCIF 	EQU 	0
TXEN 	EQU 	5
TXMTIE 	EQU 	7
TXMTIF 	EQU 	7
TXPOL 	EQU 	2
TXR 	EQU 	1
TXU 	EQU 	1
TXUIE 	EQU 	1
TXUIF 	EQU 	1
TXWE 	EQU 	7
TXWRE 	EQU 	7
U1ABDEN 	EQU 	6
U1ABDIE 	EQU 	2
U1ABDIF 	EQU 	6
U1ABDOVE 	EQU 	5
U1ABDOVF 	EQU 	5
U1BRG 	EQU 	707
U1BRGH 	EQU 	708
U1BRGL 	EQU 	707
U1BRGS 	EQU 	7
U1BRKOVR 	EQU 	1
U1C0EN 	EQU 	3
U1CERIE 	EQU 	4
U1CERIF 	EQU 	4
U1CON0 	EQU 	704
U1CON0_MODE0 	EQU 	0
U1CON0_MODE1 	EQU 	1
U1CON0_MODE2 	EQU 	2
U1CON0_MODE3 	EQU 	3
U1CON0_U1MODE0 	EQU 	0
U1CON0_U1MODE1 	EQU 	1
U1CON0_U1MODE2 	EQU 	2
U1CON0_U1MODE3 	EQU 	3
U1CON1 	EQU 	705
U1CON2 	EQU 	706
U1CON2_FLO0 	EQU 	0
U1CON2_FLO1 	EQU 	1
U1CON2_STP0 	EQU 	4
U1CON2_STP1 	EQU 	5
U1CON2_U1FLO0 	EQU 	0
U1CON2_U1FLO1 	EQU 	1
U1CON2_U1STP0 	EQU 	4
U1CON2_U1STP1 	EQU 	5
U1CTSPPS 	EQU 	627
U1CTSPPS0 	EQU 	0
U1CTSPPS1 	EQU 	1
U1CTSPPS2 	EQU 	2
U1CTSPPS3 	EQU 	3
U1CTSPPS4 	EQU 	4
U1CTSPPS5 	EQU 	5
U1CTSPPS6 	EQU 	6
U1CTSPPS7 	EQU 	7
U1CTSPPS_PIN0 	EQU 	0
U1CTSPPS_PIN1 	EQU 	1
U1CTSPPS_PIN2 	EQU 	2
U1CTSPPS_PORT0 	EQU 	3
U1CTSPPS_PORT1 	EQU 	4
U1CTSPPS_PORT2 	EQU 	5
U1CTSPPS_PORT3 	EQU 	6
U1CTSPPS_PORT4 	EQU 	7
U1EIE 	EQU 	2
U1EIF 	EQU 	2
U1EIP 	EQU 	2
U1ERRIE 	EQU 	712
U1ERRIR 	EQU 	711
U1FERIE 	EQU 	3
U1FERIF 	EQU 	3
U1FIFO 	EQU 	709
U1FLO0 	EQU 	0
U1FLO1 	EQU 	1
U1IE 	EQU 	3
U1IF 	EQU 	3
U1IP 	EQU 	3
U1MD 	EQU 	6
U1MODE0 	EQU 	0
U1MODE1 	EQU 	1
U1MODE2 	EQU 	2
U1MODE3 	EQU 	3
U1ON 	EQU 	7
U1P1 	EQU 	698
U1P1H 	EQU 	699
U1P1L 	EQU 	698
U1P2 	EQU 	700
U1P2H 	EQU 	701
U1P2L 	EQU 	700
U1P3 	EQU 	702
U1P3H 	EQU 	703
U1P3L 	EQU 	702
U1PERIE 	EQU 	6
U1PERIF 	EQU 	6
U1RCIDL 	EQU 	3
U1RUNOVF 	EQU 	7
U1RXB 	EQU 	694
U1RXBE 	EQU 	1
U1RXBF 	EQU 	0
U1RXBIMD 	EQU 	3
U1RXBKIE 	EQU 	2
U1RXBKIF 	EQU 	2
U1RXBL 	EQU 	694
U1RXCHK 	EQU 	695
U1RXEN 	EQU 	4
U1RXFOIE 	EQU 	1
U1RXFOIF 	EQU 	1
U1RXIDL 	EQU 	3
U1RXIE 	EQU 	0
U1RXIF 	EQU 	0
U1RXIP 	EQU 	0
U1RXPOL 	EQU 	6
U1RXPPS 	EQU 	626
U1RXPPS0 	EQU 	0
U1RXPPS1 	EQU 	1
U1RXPPS2 	EQU 	2
U1RXPPS3 	EQU 	3
U1RXPPS4 	EQU 	4
U1RXPPS5 	EQU 	5
U1RXPPS6 	EQU 	6
U1RXPPS7 	EQU 	7
U1RXPPS_PIN0 	EQU 	0
U1RXPPS_PIN1 	EQU 	1
U1RXPPS_PIN2 	EQU 	2
U1RXPPS_PORT0 	EQU 	3
U1RXPPS_PORT1 	EQU 	4
U1RXPPS_PORT2 	EQU 	5
U1RXPPS_PORT3 	EQU 	6
U1RXPPS_PORT4 	EQU 	7
U1SENDB 	EQU 	0
U1STP0 	EQU 	4
U1STP1 	EQU 	5
U1STPMD 	EQU 	6
U1TXB 	EQU 	696
U1TXBE 	EQU 	5
U1TXBF 	EQU 	4
U1TXBL 	EQU 	696
U1TXCHK 	EQU 	697
U1TXCIE 	EQU 	0
U1TXCIF 	EQU 	0
U1TXEN 	EQU 	5
U1TXIE 	EQU 	1
U1TXIF 	EQU 	1
U1TXIP 	EQU 	1
U1TXMTIE 	EQU 	7
U1TXMTIF 	EQU 	7
U1TXPOL 	EQU 	2
U1TXWRE 	EQU 	7
U1UIR 	EQU 	710
U1WUE 	EQU 	4
U1WUIF 	EQU 	7
U1XON 	EQU 	2
U2ABDEN 	EQU 	6
U2ABDIE 	EQU 	2
U2ABDIF 	EQU 	6
U2ABDOVE 	EQU 	5
U2ABDOVF 	EQU 	5
U2BRG 	EQU 	726
U2BRGH 	EQU 	727
U2BRGL 	EQU 	726
U2BRGS 	EQU 	7
U2BRKOVR 	EQU 	1
U2CERIE 	EQU 	4
U2CERIF 	EQU 	4
U2CON0 	EQU 	723
U2CON0_ABDEN 	EQU 	6
U2CON0_BRGS 	EQU 	7
U2CON0_MODE0 	EQU 	0
U2CON0_MODE1 	EQU 	1
U2CON0_MODE2 	EQU 	2
U2CON0_MODE3 	EQU 	3
U2CON0_RXEN 	EQU 	4
U2CON0_TXEN 	EQU 	5
U2CON0_U2CON0_MODE0 	EQU 	0
U2CON0_U2CON0_MODE1 	EQU 	1
U2CON0_U2CON0_MODE2 	EQU 	2
U2CON0_U2CON0_MODE3 	EQU 	3
U2CON0_U2MODE0 	EQU 	0
U2CON0_U2MODE1 	EQU 	1
U2CON0_U2MODE2 	EQU 	2
U2CON0_U2MODE3 	EQU 	3
U2CON1 	EQU 	724
U2CON1_BRKOVR 	EQU 	1
U2CON1_RXBIMD 	EQU 	3
U2CON1_SENDB 	EQU 	0
U2CON1_WUE 	EQU 	4
U2CON2 	EQU 	725
U2CON2_FLO0 	EQU 	0
U2CON2_FLO1 	EQU 	1
U2CON2_RUNOVF 	EQU 	7
U2CON2_RXPOL 	EQU 	6
U2CON2_STP0 	EQU 	4
U2CON2_STP1 	EQU 	5
U2CON2_TXPOL 	EQU 	2
U2CON2_U2CON2_FLO0 	EQU 	0
U2CON2_U2CON2_FLO1 	EQU 	1
U2CON2_U2CON2_STP0 	EQU 	4
U2CON2_U2CON2_STP1 	EQU 	5
U2CON2_U2FLO0 	EQU 	0
U2CON2_U2FLO1 	EQU 	1
U2CON2_U2STP0 	EQU 	4
U2CON2_U2STP1 	EQU 	5
U2CTSPPS 	EQU 	629
U2CTSPPS0 	EQU 	0
U2CTSPPS1 	EQU 	1
U2CTSPPS2 	EQU 	2
U2CTSPPS3 	EQU 	3
U2CTSPPS4 	EQU 	4
U2CTSPPS5 	EQU 	5
U2CTSPPS6 	EQU 	6
U2CTSPPS7 	EQU 	7
U2CTSPPS_PIN0 	EQU 	0
U2CTSPPS_PIN1 	EQU 	1
U2CTSPPS_PIN2 	EQU 	2
U2CTSPPS_PORT0 	EQU 	3
U2CTSPPS_PORT1 	EQU 	4
U2CTSPPS_PORT2 	EQU 	5
U2CTSPPS_PORT3 	EQU 	6
U2CTSPPS_PORT4 	EQU 	7
U2EIE 	EQU 	6
U2EIF 	EQU 	6
U2EIP 	EQU 	6
U2ERRIE 	EQU 	731
U2ERRIE_ABDOVE 	EQU 	5
U2ERRIE_CERIE 	EQU 	4
U2ERRIE_FERIE 	EQU 	3
U2ERRIE_PERIE 	EQU 	6
U2ERRIE_RXBKIE 	EQU 	2
U2ERRIE_RXFOIE 	EQU 	1
U2ERRIE_TXCIE 	EQU 	0
U2ERRIE_TXMTIE 	EQU 	7
U2ERRIR 	EQU 	730
U2ERRIR_ABDOVF 	EQU 	5
U2ERRIR_CERIF 	EQU 	4
U2ERRIR_FERIF 	EQU 	3
U2ERRIR_PERIF 	EQU 	6
U2ERRIR_RXBKIF 	EQU 	2
U2ERRIR_RXFOIF 	EQU 	1
U2ERRIR_TXCIF 	EQU 	0
U2ERRIR_TXMTIF 	EQU 	7
U2FERIE 	EQU 	3
U2FERIF 	EQU 	3
U2FIFO 	EQU 	728
U2FIFO_RCIDL 	EQU 	3
U2FIFO_RXBE 	EQU 	1
U2FIFO_RXBF 	EQU 	0
U2FIFO_RXIDL 	EQU 	3
U2FIFO_STPMD 	EQU 	6
U2FIFO_TXBE 	EQU 	5
U2FIFO_TXBF 	EQU 	4
U2FIFO_TXWRE 	EQU 	7
U2FIFO_XON 	EQU 	2
U2FLO0 	EQU 	0
U2FLO1 	EQU 	1
U2IE 	EQU 	7
U2IF 	EQU 	7
U2IP 	EQU 	7
U2MD 	EQU 	7
U2MODE0 	EQU 	0
U2MODE1 	EQU 	1
U2MODE2 	EQU 	2
U2MODE3 	EQU 	3
U2ON 	EQU 	7
U2P1 	EQU 	717
U2P1L 	EQU 	717
U2P2 	EQU 	719
U2P2L 	EQU 	719
U2P3 	EQU 	721
U2P3L 	EQU 	721
U2PERIE 	EQU 	6
U2PERIF 	EQU 	6
U2RCIDL 	EQU 	3
U2RUNOVF 	EQU 	7
U2RXB 	EQU 	713
U2RXBE 	EQU 	1
U2RXBF 	EQU 	0
U2RXBIMD 	EQU 	3
U2RXBKIE 	EQU 	2
U2RXBKIF 	EQU 	2
U2RXBL 	EQU 	713
U2RXEN 	EQU 	4
U2RXFOIE 	EQU 	1
U2RXFOIF 	EQU 	1
U2RXIDL 	EQU 	3
U2RXIE 	EQU 	4
U2RXIF 	EQU 	4
U2RXIP 	EQU 	4
U2RXPOL 	EQU 	6
U2RXPPS 	EQU 	628
U2RXPPS0 	EQU 	0
U2RXPPS1 	EQU 	1
U2RXPPS2 	EQU 	2
U2RXPPS3 	EQU 	3
U2RXPPS4 	EQU 	4
U2RXPPS5 	EQU 	5
U2RXPPS6 	EQU 	6
U2RXPPS7 	EQU 	7
U2RXPPS_PIN0 	EQU 	0
U2RXPPS_PIN1 	EQU 	1
U2RXPPS_PIN2 	EQU 	2
U2RXPPS_PORT0 	EQU 	3
U2RXPPS_PORT1 	EQU 	4
U2RXPPS_PORT2 	EQU 	5
U2RXPPS_PORT3 	EQU 	6
U2RXPPS_PORT4 	EQU 	7
U2SENDB 	EQU 	0
U2STP0 	EQU 	4
U2STP1 	EQU 	5
U2STPMD 	EQU 	6
U2TXB 	EQU 	715
U2TXBE 	EQU 	5
U2TXBF 	EQU 	4
U2TXBL 	EQU 	715
U2TXCIE 	EQU 	0
U2TXCIF 	EQU 	0
U2TXEN 	EQU 	5
U2TXIE 	EQU 	5
U2TXIF 	EQU 	5
U2TXIP 	EQU 	5
U2TXMTIE 	EQU 	7
U2TXMTIF 	EQU 	7
U2TXPOL 	EQU 	2
U2TXWRE 	EQU 	7
U2UIR 	EQU 	729
U2UIR_ABDIE 	EQU 	2
U2UIR_ABDIF 	EQU 	6
U2UIR_WUIF 	EQU 	7
U2WUE 	EQU 	4
U2WUIF 	EQU 	7
U2XON 	EQU 	2
UD 	EQU 	6
UTH0 	EQU 	0
UTH1 	EQU 	1
UTH10 	EQU 	2
UTH11 	EQU 	3
UTH12 	EQU 	4
UTH13 	EQU 	5
UTH14 	EQU 	6
UTH15 	EQU 	7
UTH2 	EQU 	2
UTH3 	EQU 	3
UTH4 	EQU 	4
UTH5 	EQU 	5
UTH6 	EQU 	6
UTH7 	EQU 	7
UTH8 	EQU 	0
UTH9 	EQU 	1
UTHR 	EQU 	6
VDDIO2CON 	EQU 	269
VDDIO2CON_LVD0 	EQU 	0
VDDIO2CON_LVD1 	EQU 	1
VDDIO2CON_LVD2 	EQU 	2
VDDIO2CON_LVD3 	EQU 	3
VDDIO2LVDFIE 	EQU 	4
VDDIO2LVDFIF 	EQU 	4
VDDIO2LVDFIP 	EQU 	4
VDDIO2LVDRIE 	EQU 	5
VDDIO2LVDRIF 	EQU 	5
VDDIO2LVDRIP 	EQU 	5
VDDIO2PORFIE 	EQU 	6
VDDIO2PORFIF 	EQU 	6
VDDIO2PORFIP 	EQU 	6
VDDIO2PORRIE 	EQU 	7
VDDIO2PORRIF 	EQU 	7
VDDIO2PORRIP 	EQU 	7
VDDIO2STAT 	EQU 	270
VOLTS 	EQU 	4241
VOLT_FORMAT_DONE 	EQU 	506
VREGCON 	EQU 	72
VREGCON_PMSYS0 	EQU 	4
VREGCON_PMSYS1 	EQU 	5
VREGCON_VREGPM0 	EQU 	0
VREGCON_VREGPM1 	EQU 	1
VREGPM0 	EQU 	0
VREGPM1 	EQU 	1
W 	EQU 	0
WDTCON0 	EQU 	120
WDTCON0_PS0 	EQU 	1
WDTCON0_PS1 	EQU 	2
WDTCON0_PS2 	EQU 	3
WDTCON0_PS3 	EQU 	4
WDTCON0_PS4 	EQU 	5
WDTCON0_WDTCON0_PS0 	EQU 	1
WDTCON0_WDTCON0_PS1 	EQU 	2
WDTCON0_WDTCON0_PS2 	EQU 	3
WDTCON0_WDTCON0_PS3 	EQU 	4
WDTCON0_WDTCON0_PS4 	EQU 	5
WDTCON0_WDTPS0 	EQU 	1
WDTCON0_WDTPS1 	EQU 	2
WDTCON0_WDTPS2 	EQU 	3
WDTCON0_WDTPS3 	EQU 	4
WDTCON0_WDTPS4 	EQU 	5
WDTCON1 	EQU 	121
WDTCON1_CS0_WDTCON1 	EQU 	4
WDTCON1_CS1_WDTCON1 	EQU 	5
WDTCON1_CS2_WDTCON1 	EQU 	6
WDTCON1_WDTCS0 	EQU 	4
WDTCON1_WDTCS1 	EQU 	5
WDTCON1_WDTCS2 	EQU 	6
WDTCON1_WDTWINDOW0 	EQU 	0
WDTCON1_WDTWINDOW1 	EQU 	1
WDTCON1_WDTWINDOW2 	EQU 	2
WDTCON1_WINDOW0 	EQU 	0
WDTCON1_WINDOW1 	EQU 	1
WDTCON1_WINDOW2 	EQU 	2
WDTCS0 	EQU 	4
WDTCS1 	EQU 	5
WDTCS2 	EQU 	6
WDTPS 	EQU 	122
WDTPS0 	EQU 	1
WDTPS1 	EQU 	2
WDTPS2 	EQU 	3
WDTPS3 	EQU 	4
WDTPS4 	EQU 	5
WDTPSCNT16 	EQU 	0
WDTPSCNT17 	EQU 	1
WDTPSH 	EQU 	123
WDTPSL 	EQU 	122
WDTSEN 	EQU 	0
WDTSTATE 	EQU 	2
WDTTMR 	EQU 	124
WDTTMR0 	EQU 	3
WDTTMR1 	EQU 	4
WDTTMR2 	EQU 	5
WDTTMR3 	EQU 	6
WDTTMR4 	EQU 	7
WDTTMR_TMR0 	EQU 	3
WDTTMR_TMR1 	EQU 	4
WDTTMR_TMR2 	EQU 	5
WDTTMR_TMR3 	EQU 	6
WDTTMR_TMR4 	EQU 	7
WDTTMR_WDTTMR0 	EQU 	3
WDTTMR_WDTTMR1 	EQU 	4
WDTTMR_WDTTMR2 	EQU 	5
WDTTMR_WDTTMR3 	EQU 	6
WDTTMR_WDTTMR4 	EQU 	7
WDTWINDOW0 	EQU 	0
WDTWINDOW1 	EQU 	1
WDTWINDOW2 	EQU 	2
WDTWV 	EQU 	5
WINDOW0 	EQU 	0
WINDOW1 	EQU 	1
WINDOW2 	EQU 	2
WPUA 	EQU 	1025
WPUA0 	EQU 	0
WPUA1 	EQU 	1
WPUA2 	EQU 	2
WPUA3 	EQU 	3
WPUA4 	EQU 	4
WPUA5 	EQU 	5
WPUA6 	EQU 	6
WPUA7 	EQU 	7
WPUB 	EQU 	1033
WPUB0 	EQU 	0
WPUB1 	EQU 	1
WPUB2 	EQU 	2
WPUB3 	EQU 	3
WPUB4 	EQU 	4
WPUB5 	EQU 	5
WPUB6 	EQU 	6
WPUB7 	EQU 	7
WPUC 	EQU 	1041
WPUC0 	EQU 	0
WPUC1 	EQU 	1
WPUC2 	EQU 	2
WPUC3 	EQU 	3
WPUC4 	EQU 	4
WPUC5 	EQU 	5
WPUC6 	EQU 	6
WPUD 	EQU 	1049
WPUD0 	EQU 	0
WPUD1 	EQU 	1
WPUD2 	EQU 	2
WPUD3 	EQU 	3
WPUD4 	EQU 	4
WPUD5 	EQU 	5
WPUD6 	EQU 	6
WPUD7 	EQU 	7
WPUE 	EQU 	1057
WPUE0 	EQU 	0
WPUE1 	EQU 	1
WPUE2 	EQU 	2
WPUE3 	EQU 	3
WR1IE 	EQU 	4
WR1IF 	EQU 	4
WR2IE 	EQU 	4
WR2IF 	EQU 	4
WREG 	EQU 	1256
WREG_CSHAD 	EQU 	884
WREG_SHAD 	EQU 	888
WRERR 	EQU 	7
WRIE 	EQU 	4
WRIF 	EQU 	4
WRITE_COMMAND_SSD1306 	EQU 	7142
WRITE_DATA_SSD1306 	EQU 	7170
WUE 	EQU 	4
WUIF 	EQU 	7
XCENTRE 	EQU 	1470
XEND 	EQU 	1471
XIP 	EQU 	0
XON 	EQU 	2
XOR0 	EQU 	0
XOR1 	EQU 	1
XOR10 	EQU 	2
XOR11 	EQU 	3
XOR12 	EQU 	4
XOR13 	EQU 	5
XOR14 	EQU 	6
XOR15 	EQU 	7
XOR16 	EQU 	0
XOR17 	EQU 	1
XOR18 	EQU 	2
XOR19 	EQU 	3
XOR2 	EQU 	2
XOR20 	EQU 	4
XOR21 	EQU 	5
XOR22 	EQU 	6
XOR23 	EQU 	7
XOR24 	EQU 	0
XOR25 	EQU 	1
XOR26 	EQU 	2
XOR27 	EQU 	3
XOR28 	EQU 	4
XOR29 	EQU 	5
XOR3 	EQU 	3
XOR30 	EQU 	6
XOR31 	EQU 	7
XOR4 	EQU 	4
XOR5 	EQU 	5
XOR6 	EQU 	6
XOR7 	EQU 	7
XOR8 	EQU 	0
XOR9 	EQU 	1
YCENTRE 	EQU 	1472
YEND 	EQU 	1473
Z 	EQU 	2
ZCD1CON 	EQU 	76
ZCD1IE 	EQU 	1
ZCD1IF 	EQU 	1
ZCD1IP 	EQU 	1
ZCD1MD 	EQU 	6
ZIE 	EQU 	1
ZIF 	EQU 	1
_LINE78 	EQU 	7200

Code:
Loc	Obj Code	Original Assembly





















































































































































































































































	K	1111 KKKK KKKK KKKK:1110 1111 KKKK KKKK	12
000000	EF06 F000	GOTO BASPROGRAMSTART

	S	 0000 0000 0001 000S	0
000008	0010	RETFIE



		BASPROGRAMSTART
	K	1111 KKKK KKKK KKKK:1110 110S KKKK KKKK	4226
	S	1111 0000 0000 1000:1110 110S 0100 0001	0
00000C	EC41 F008	CALL INITSYS
	K	1111 KKKK KKKK KKKK:1110 110S KKKK KKKK	4192
	S	1111 0000 0000 1000:1110 110S 0011 0000	0
000010	EC30 F008	CALL INITPPS
	K	1111 KKKK KKKK KKKK:1110 110S KKKK KKKK	3494
	S	1111 0000 0000 0110:1110 110S 1101 0011	0
000014	ECD3 F006	CALL HI2CQ24Q35INIT
	K	1111 KKKK KKKK KKKK:1110 110S KKKK KKKK	3836
	S	1111 0000 0000 0111:1110 110S 0111 1110	0
000018	EC7E F007	CALL INITGLCD_SSD1306

	K	 0000 0001 00KK KKKK	1
000000	0101	BANKSEL TRISB
	F	 1001 BBBA FFFF FFFF	329
	B	 1001 BBBA 0100 1001	0
	A	 1001 000A 0100 1001	1
00001E	9149	BCF TRISB,0,BANKED
	F	 1001 BBBA FFFF FFFF	329
	B	 1001 BBBA 0100 1001	1
	A	 1001 001A 0100 1001	1
000020	9349	BCF TRISB,1,BANKED
	F	 1001 BBBA FFFF FFFF	329
	B	 1001 BBBA 0100 1001	2
	A	 1001 010A 0100 1001	1
000022	9549	BCF TRISB,2,BANKED
	F	 1001 BBBA FFFF FFFF	329
	B	 1001 BBBA 0100 1001	3
	A	 1001 011A 0100 1001	1
000024	9749	BCF TRISB,3,BANKED
	F	 1000 BBBA FFFF FFFF	328
	B	 1000 BBBA 0100 1000	0
	A	 1000 000A 0100 1000	1
000026	8148	BSF TRISA,0,BANKED
	F	 1000 BBBA FFFF FFFF	328
	B	 1000 BBBA 0100 1000	4
	A	 1000 100A 0100 1000	1
000028	8948	BSF TRISA,4,BANKED
	F	 1000 BBBA FFFF FFFF	332
	B	 1000 BBBA 0100 1100	3
	A	 1000 011A 0100 1100	1
00002A	874C	BSF TRISE,3,BANKED
	K	 0000 1110 KKKK KKKK	12
00002C	0E0C	MOVLW 12
	F	 0110 111A FFFF FFFF	1345
	A	 0110 111A 0100 0001	0
00002E	6E41	MOVWF HI2CCURRENTMODE,ACCESS
	K	 0000 0001 00KK KKKK	0
000000	0100	BANKSEL 0
	K	1111 KKKK KKKK KKKK:1110 110S KKKK KKKK	3492
	S	1111 0000 0000 0110:1110 110S 1101 0010	0
000032	ECD2 F006	CALL HI2CMODE
	K	 0000 1110 KKKK KKKK	63
000036	0E3F	MOVLW 63
	K	 0000 0001 00KK KKKK	5
000000	0105	BANKSEL XCENTRE
	F	 0110 111A FFFF FFFF	1470
	A	 0110 111A 1011 1110	1
00003A	6FBE	MOVWF XCENTRE,BANKED
	K	 0000 1110 KKKK KKKK	58
00003C	0E3A	MOVLW 58
	F	 0110 111A FFFF FFFF	1472
	A	 0110 111A 1100 0000	1
00003E	6FC0	MOVWF YCENTRE,BANKED
	K	 0000 1110 KKKK KKKK	120
000040	0E78	MOVLW 120
	F	 0110 111A FFFF FFFF	1407
	A	 0110 111A 0111 1111	1
000042	6F7F	MOVWF RADIUS,BANKED
	K	 0000 1110 KKKK KKKK	1
000044	0E01	MOVLW 1
	F	 0110 111A FFFF FFFF	1297
	A	 0110 111A 0001 0001	0
000046	6E11	MOVWF ANGLE,ACCESS
	F	 0110 101A FFFF FFFF	1298
	A	 0110 101A 0001 0010	0
000048	6A12	CLRF ANGLE_H,ACCESS
	K	 0000 0001 00KK KKKK	0
000000	0100	BANKSEL 0
	N	 1101 1NNN NNNN NNNN	527
00004C	DA0F	RCALL ANGLECHECK
		SYSDOLOOP_S1
	S	1111 DDDD DDDD DDDD:1100 SSSS SSSS SSSS	1297
	D	1111 DDDD DDDD DDDD:1100 0101 0001 0001	1396
00004E	C511 F574	MOVFF ANGLE,OLD_ANGLE
	S	1111 DDDD DDDD DDDD:1100 SSSS SSSS SSSS	1298
	D	1111 DDDD DDDD DDDD:1100 0101 0001 0010	1397
000052	C512 F575	MOVFF ANGLE_H,OLD_ANGLE_H
	F	 0110 101A FFFF FFFF	1296
	A	 0110 101A 0001 0000	0
000056	6A10	CLRF ADREADPORT,ACCESS
	K	1111 KKKK KKKK KKKK:1110 110S KKKK KKKK	4824
	S	1111 0000 0000 1001:1110 110S 0110 1100	0
000058	EC6C F009	CALL FN_READAD1083
	S	1111 DDDD DDDD DDDD:1100 SSSS SSSS SSSS	1408
	D	1111 DDDD DDDD DDDD:1100 0101 1000 0000	1294
00005C	C580 F50E	MOVFF SYSREADAD10WORD,ADCVAL
	S	1111 DDDD DDDD DDDD:1100 SSSS SSSS SSSS	1409
	D	1111 DDDD DDDD DDDD:1100 0101 1000 0001	1295
000060	C581 F50F	MOVFF SYSREADAD10WORD_H,ADCVAL_H
	S	1111 DDDD DDDD DDDD:1100 SSSS SSSS SSSS	1294
	D	1111 DDDD DDDD DDDD:1100 0101 0000 1110	1384
000064	C50E F568	MOVFF ADCVAL,L_MAP
	S	1111 DDDD DDDD DDDD:1100 SSSS SSSS SSSS	1295
	D	1111 DDDD DDDD DDDD:1100 0101 0000 1111	1385
000068	C50F F569	MOVFF ADCVAL_H,L_MAP_H
	K	 0000 0001 00KK KKKK	5
000000	0105	BANKSEL L_FROMLOW
	F	 0110 101A FFFF FFFF	1382
	A	 0110 101A 0110 0110	1
00006E	6B66	CLRF L_FROMLOW,BANKED
	F	 0110 101A FFFF FFFF	1383
	A	 0110 101A 0110 0111	1
000070	6B67	CLRF L_FROMLOW_H,BANKED
	F	 0110 100A FFFF FFFF	1380
	A	 0110 100A 0110 0100	1
000072	6964	SETF L_FROMHIGH,BANKED
	K	 0000 1110 KKKK KKKK	3
000074	0E03	MOVLW 3
	F	 0110 111A FFFF FFFF	1381
	A	 0110 111A 0110 0101	1
000076	6F65	MOVWF L_FROMHIGH_H,BANKED
	F	 0110 101A FFFF FFFF	1394
	A	 0110 101A 0111 0010	1
000078	6B72	CLRF L_TOLOW,BANKED
	F	 0110 101A FFFF FFFF	1395
	A	 0110 101A 0111 0011	1
00007A	6B73	CLRF L_TOLOW_H,BANKED
	F	 0110 100A FFFF FFFF	1392
	A	 0110 100A 0111 0000	1
00007C	6970	SETF L_TOHIGH,BANKED
	F	 0110 101A FFFF FFFF	1393
	A	 0110 101A 0111 0001	1
00007E	6B71	CLRF L_TOHIGH_H,BANKED
	F	 0110 101A FFFF FFFF	1378
	A	 0110 101A 0110 0010	1
000080	6B62	CLRF L_CALIBRATE,BANKED
	F	 0110 101A FFFF FFFF	1379
	A	 0110 101A 0110 0011	1
000082	6B63	CLRF L_CALIBRATE_H,BANKED
	K	 0000 0001 00KK KKKK	0
000000	0100	BANKSEL 0
	K	1111 KKKK KKKK KKKK:1110 110S KKKK KKKK	5286
	S	1111 0000 0000 1010:1110 110S 0101 0011	0
000086	EC53 F00A	CALL FN_SCALE154
	S	1111 DDDD DDDD DDDD:1100 SSSS SSSS SSSS	1411
	D	1111 DDDD DDDD DDDD:1100 0101 1000 0011	1294
00008A	C583 F50E	MOVFF SYSSCALEWORD,ADCVAL
	S	1111 DDDD DDDD DDDD:1100 SSSS SSSS SSSS	1412
	D	1111 DDDD DDDD DDDD:1100 0101 1000 0100	1295
00008E	C584 F50F	MOVFF SYSSCALEWORD_H,ADCVAL_H
	S	1111 DDDD DDDD DDDD:1100 SSSS SSSS SSSS	1294
	D	1111 DDDD DDDD DDDD:1100 0101 0000 1110	1285
000092	C50E F505	MOVFF ADCVAL,SYSWORDTEMPA
	S	1111 DDDD DDDD DDDD:1100 SSSS SSSS SSSS	1295
	D	1111 DDDD DDDD DDDD:1100 0101 0000 1111	1286
000096	C50F F506	MOVFF ADCVAL_H,SYSWORDTEMPA_H
	K	 0000 1110 KKKK KKKK	2
00009A	0E02	MOVLW 2
	F	 0110 111A FFFF FFFF	1289
	A	 0110 111A 0000 1001	0
00009C	6E09	MOVWF SYSWORDTEMPB,ACCESS
	F	 0110 101A FFFF FFFF	1290
	A	 0110 101A 0000 1010	0
00009E	6A0A	CLRF SYSWORDTEMPB_H,ACCESS
	K	1111 KKKK KKKK KKKK:1110 110S KKKK KKKK	6388
	S	1111 0000 0000 1100:1110 110S 0111 1010	0
0000A0	EC7A F00C	CALL SYSDIVSUB16
	S	1111 DDDD DDDD DDDD:1100 SSSS SSSS SSSS	1285
	D	1111 DDDD DDDD DDDD:1100 0101 0000 0101	1297
0000A4	C505 F511	MOVFF SYSWORDTEMPA,ANGLE
	S	1111 DDDD DDDD DDDD:1100 SSSS SSSS SSSS	1286
	D	1111 DDDD DDDD DDDD:1100 0101 0000 0110	1298
0000A8	C506 F512	MOVFF SYSWORDTEMPA_H,ANGLE_H
	S	1111 DDDD DDDD DDDD:1100 SSSS SSSS SSSS	1294
	D	1111 DDDD DDDD DDDD:1100 0101 0000 1110	1285
0000AC	C50E F505	MOVFF ADCVAL,SYSWORDTEMPA
	S	1111 DDDD DDDD DDDD:1100 SSSS SSSS SSSS	1295
	D	1111 DDDD DDDD DDDD:1100 0101 0000 1111	1286
0000B0	C50F F506	MOVFF ADCVAL_H,SYSWORDTEMPA_H
	K	 0000 1110 KKKK KKKK	100
0000B4	0E64	MOVLW 100
	F	 0110 111A FFFF FFFF	1289
	A	 0110 111A 0000 1001	0
0000B6	6E09	MOVWF SYSWORDTEMPB,ACCESS
	F	 0110 101A FFFF FFFF	1290
	A	 0110 101A 0000 1010	0
0000B8	6A0A	CLRF SYSWORDTEMPB_H,ACCESS
	K	1111 KKKK KKKK KKKK:1110 110S KKKK KKKK	6742
	S	1111 0000 0000 1101:1110 110S 0010 1011	0
0000BA	EC2B F00D	CALL SYSMULTSUB16
	S	1111 DDDD DDDD DDDD:1100 SSSS SSSS SSSS	1280
	D	1111 DDDD DDDD DDDD:1100 0101 0000 0000	1294
0000BE	C500 F50E	MOVFF SYSWORDTEMPX,ADCVAL
	S	1111 DDDD DDDD DDDD:1100 SSSS SSSS SSSS	1281
	D	1111 DDDD DDDD DDDD:1100 0101 0000 0001	1295
0000C2	C501 F50F	MOVFF SYSWORDTEMPX_H,ADCVAL_H
	S	1111 DDDD DDDD DDDD:1100 SSSS SSSS SSSS	1294
	D	1111 DDDD DDDD DDDD:1100 0101 0000 1110	1285
0000C6	C50E F505	MOVFF ADCVAL,SYSWORDTEMPA
	S	1111 DDDD DDDD DDDD:1100 SSSS SSSS SSSS	1295
	D	1111 DDDD DDDD DDDD:1100 0101 0000 1111	1286
0000CA	C50F F506	MOVFF ADCVAL_H,SYSWORDTEMPA_H
	K	 0000 1110 KKKK KKKK	51
0000CE	0E33	MOVLW 51
	F	 0110 111A FFFF FFFF	1289
	A	 0110 111A 0000 1001	0
0000D0	6E09	MOVWF SYSWORDTEMPB,ACCESS
	F	 0110 101A FFFF FFFF	1290
	A	 0110 101A 0000 1010	0
0000D2	6A0A	CLRF SYSWORDTEMPB_H,ACCESS
	K	1111 KKKK KKKK KKKK:1110 110S KKKK KKKK	6388
	S	1111 0000 0000 1100:1110 110S 0111 1010	0
0000D4	EC7A F00C	CALL SYSDIVSUB16
	S	1111 DDDD DDDD DDDD:1100 SSSS SSSS SSSS	1285
	D	1111 DDDD DDDD DDDD:1100 0101 0000 0101	1294
0000D8	C505 F50E	MOVFF SYSWORDTEMPA,ADCVAL
	S	1111 DDDD DDDD DDDD:1100 SSSS SSSS SSSS	1286
	D	1111 DDDD DDDD DDDD:1100 0101 0000 0110	1295
0000DC	C506 F50F	MOVFF SYSWORDTEMPA_H,ADCVAL_H
	S	1111 DDDD DDDD DDDD:1100 SSSS SSSS SSSS	1294
	D	1111 DDDD DDDD DDDD:1100 0101 0000 1110	1457
0000E0	C50E F5B1	MOVFF ADCVAL,SYSVALTEMP
	S	1111 DDDD DDDD DDDD:1100 SSSS SSSS SSSS	1295
	D	1111 DDDD DDDD DDDD:1100 0101 0000 1111	1458
0000E4	C50F F5B2	MOVFF ADCVAL_H,SYSVALTEMP_H
	K	1111 KKKK KKKK KKKK:1110 110S KKKK KKKK	5780
	S	1111 0000 0000 1011:1110 110S 0100 1010	0
0000E8	EC4A F00B	CALL FN_STR
	F	1110 1110 00FF KKKK:1111 00KK KKKK KKKK	1
	K	1110 1110 0001 KKKK:1111 00KK KKKK KKKK	4241
0000EC	EE14 F091	LFSR 1,VOLTS
	F	1110 1110 00FF KKKK:1111 00KK KKKK KKKK	0
	K	1110 1110 0000 KKKK:1111 00KK KKKK KKKK	4246
0000F0	EE04 F096	LFSR 0,STR
	K	1111 KKKK KKKK KKKK:1110 110S KKKK KKKK	6356
	S	1111 0000 0000 1100:1110 110S 0110 1010	0
0000F4	EC6A F00C	CALL SYSCOPYSTRING
	S	1111 DDDD DDDD DDDD:1100 SSSS SSSS SSSS	1294
	D	1111 DDDD DDDD DDDD:1100 0101 0000 1110	1285
0000F8	C50E F505	MOVFF ADCVAL,SYSWORDTEMPA
	S	1111 DDDD DDDD DDDD:1100 SSSS SSSS SSSS	1295
	D	1111 DDDD DDDD DDDD:1100 0101 0000 1111	1286
0000FC	C50F F506	MOVFF ADCVAL_H,SYSWORDTEMPA_H
	K	 0000 1110 KKKK KKKK	10
000100	0E0A	MOVLW 10
	F	 0110 111A FFFF FFFF	1289
	A	 0110 111A 0000 1001	0
000102	6E09	MOVWF SYSWORDTEMPB,ACCESS
	F	 0110 101A FFFF FFFF	1290
	A	 0110 101A 0000 1010	0
000104	6A0A	CLRF SYSWORDTEMPB_H,ACCESS
	K	1111 KKKK KKKK KKKK:1110 110S KKKK KKKK	6202
	S	1111 0000 0000 1100:1110 110S 0001 1101	0
000106	EC1D F00C	CALL SYSCOMPLESSTHAN16
	F	 1010 BBBA FFFF FFFF	1280
	B	 1010 BBBA 0000 0000	0
	A	 1010 000A 0000 0000	0
00010A	A000	BTFSS SYSBYTETEMPX,0,ACCESS
	N	 1101 0NNN NNNN NNNN	30
00010C	D01E	BRA ENDIF1
	K	 0000 1110 KKKK KKKK	145
00010E	0E91	MOVLW LOW VOLTS
	K	 0000 0001 00KK KKKK	5
000000	0105	BANKSEL SYSSYSINSTRINGHANDLER
	F	 0110 111A FFFF FFFF	1448
	A	 0110 111A 1010 1000	1
000112	6FA8	MOVWF SYSSYSINSTRINGHANDLER,BANKED
	K	 0000 1110 KKKK KKKK	16
000114	0E10	MOVLW HIGH VOLTS
	F	 0110 111A FFFF FFFF	1449
	A	 0110 111A 1010 1001	1
000116	6FA9	MOVWF SYSSYSINSTRINGHANDLER_H,BANKED
	K	 0000 1110 KKKK KKKK	1
000118	0E01	MOVLW 1
	F	 0110 111A FFFF FFFF	1422
	A	 0110 111A 1000 1110	1
00011A	6F8E	MOVWF SYSCHARCOUNT,BANKED
	K	 0000 0001 00KK KKKK	0
000000	0100	BANKSEL 0
	K	1111 KKKK KKKK KKKK:1110 110S KKKK KKKK	4286
	S	1111 0000 0000 1000:1110 110S 0101 1111	0
00011E	EC5F F008	CALL FN_LEFT
	F	1110 1110 00FF KKKK:1111 00KK KKKK KKKK	1
	K	1110 1110 0001 KKKK:1111 00KK KKKK KKKK	4241
000122	EE14 F091	LFSR 1,VOLTS
	F	 0110 101A FFFF FFFF	1286
	A	 0110 101A 0000 0110	0
000126	6A06	CLRF SYSSTRINGLENGTH,ACCESS
	K	 0000 1110 KKKK KKKK	88
000128	0E58	MOVLW LOW STRINGTABLE1
	F	 0110 111A FFFF FFFF	1270
	A	 0110 111A 1111 0110	0
00012A	6EF6	MOVWF TBLPTRL,ACCESS
	K	 0000 1110 KKKK KKKK	27
00012C	0E1B	MOVLW HIGH STRINGTABLE1
	F	 0110 111A FFFF FFFF	1271
	A	 0110 111A 1111 0111	0
00012E	6EF7	MOVWF TBLPTRH,ACCESS
	K	 0000 1110 KKKK KKKK	0
000130	0E00	MOVLW UPPER STRINGTABLE1
	F	 0110 111A FFFF FFFF	1272
	A	 0110 111A 1111 1000	0
000132	6EF8	MOVWF TBLPTRU,ACCESS
	K	1111 KKKK KKKK KKKK:1110 110S KKKK KKKK	6974
	S	1111 0000 0000 1101:1110 110S 1001 1111	0
000134	EC9F F00D	CALL SYSREADSTRINGPART
	F	1110 1110 00FF KKKK:1111 00KK KKKK KKKK	0
	K	1110 1110 0000 KKKK:1111 00KK KKKK KKKK	4310
000138	EE04 F0D6	LFSR 0,LEFT
	K	1111 KKKK KKKK KKKK:1110 110S KKKK KKKK	6366
	S	1111 0000 0000 1100:1110 110S 0110 1111	0
00013C	EC6F F00C	CALL SYSCOPYSTRINGPART
	F	1110 1110 00FF KKKK:1111 00KK KKKK KKKK	0
	K	1110 1110 0000 KKKK:1111 00KK KKKK KKKK	4241
000140	EE04 F091	LFSR 0,VOLTS
	S	1111 DDDD DDDD DDDD:1100 SSSS SSSS SSSS	1286
	D	1111 DDDD DDDD DDDD:1100 0101 0000 0110	1263
000144	C506 F4EF	MOVFF SYSSTRINGLENGTH, INDF0
	N	 1101 0NNN NNNN NNNN	88
000148	D058	BRA VOLT_FORMAT_DONE
		ENDIF1
	S	1111 DDDD DDDD DDDD:1100 SSSS SSSS SSSS	1294
	D	1111 DDDD DDDD DDDD:1100 0101 0000 1110	1285
00014A	C50E F505	MOVFF ADCVAL,SYSWORDTEMPA
	S	1111 DDDD DDDD DDDD:1100 SSSS SSSS SSSS	1295
	D	1111 DDDD DDDD DDDD:1100 0101 0000 1111	1286
00014E	C50F F506	MOVFF ADCVAL_H,SYSWORDTEMPA_H
	K	 0000 1110 KKKK KKKK	100
000152	0E64	MOVLW 100
	F	 0110 111A FFFF FFFF	1289
	A	 0110 111A 0000 1001	0
000154	6E09	MOVWF SYSWORDTEMPB,ACCESS
	F	 0110 101A FFFF FFFF	1290
	A	 0110 101A 0000 1010	0
000156	6A0A	CLRF SYSWORDTEMPB_H,ACCESS
	K	1111 KKKK KKKK KKKK:1110 110S KKKK KKKK	6202
	S	1111 0000 0000 1100:1110 110S 0001 1101	0
000158	EC1D F00C	CALL SYSCOMPLESSTHAN16
	F	 1010 BBBA FFFF FFFF	1280
	B	 1010 BBBA 0000 0000	0
	A	 1010 000A 0000 0000	0
00015C	A000	BTFSS SYSBYTETEMPX,0,ACCESS
	N	 1101 0NNN NNNN NNNN	32
00015E	D020	BRA ELSE2_1
	K	 0000 1110 KKKK KKKK	145
000160	0E91	MOVLW LOW VOLTS
	K	 0000 0001 00KK KKKK	5
000000	0105	BANKSEL SYSSYSINSTRINGHANDLER
	F	 0110 111A FFFF FFFF	1448
	A	 0110 111A 1010 1000	1
000164	6FA8	MOVWF SYSSYSINSTRINGHANDLER,BANKED
	K	 0000 1110 KKKK KKKK	16
000166	0E10	MOVLW HIGH VOLTS
	F	 0110 111A FFFF FFFF	1449
	A	 0110 111A 1010 1001	1
000168	6FA9	MOVWF SYSSYSINSTRINGHANDLER_H,BANKED
	K	 0000 1110 KKKK KKKK	1
00016A	0E01	MOVLW 1
	F	 0110 111A FFFF FFFF	1423
	A	 0110 111A 1000 1111	1
00016C	6F8F	MOVWF SYSCHARSTART,BANKED
	K	 0000 1110 KKKK KKKK	2
00016E	0E02	MOVLW 2
	F	 0110 111A FFFF FFFF	1422
	A	 0110 111A 1000 1110	1
000170	6F8E	MOVWF SYSCHARCOUNT,BANKED
	K	 0000 0001 00KK KKKK	0
000000	0100	BANKSEL 0
	K	1111 KKKK KKKK KKKK:1110 110S KKKK KKKK	4404
	S	1111 0000 0000 1000:1110 110S 1001 1010	0
000174	EC9A F008	CALL FN_MID
	F	1110 1110 00FF KKKK:1111 00KK KKKK KKKK	1
	K	1110 1110 0001 KKKK:1111 00KK KKKK KKKK	4241
000178	EE14 F091	LFSR 1,VOLTS
	F	 0110 101A FFFF FFFF	1286
	A	 0110 101A 0000 0110	0
00017C	6A06	CLRF SYSSTRINGLENGTH,ACCESS
	K	 0000 1110 KKKK KKKK	92
00017E	0E5C	MOVLW LOW STRINGTABLE2
	F	 0110 111A FFFF FFFF	1270
	A	 0110 111A 1111 0110	0
000180	6EF6	MOVWF TBLPTRL,ACCESS
	K	 0000 1110 KKKK KKKK	27
000182	0E1B	MOVLW HIGH STRINGTABLE2
	F	 0110 111A FFFF FFFF	1271
	A	 0110 111A 1111 0111	0
000184	6EF7	MOVWF TBLPTRH,ACCESS
	K	 0000 1110 KKKK KKKK	0
000186	0E00	MOVLW UPPER STRINGTABLE2
	F	 0110 111A FFFF FFFF	1272
	A	 0110 111A 1111 1000	0
000188	6EF8	MOVWF TBLPTRU,ACCESS
	K	1111 KKKK KKKK KKKK:1110 110S KKKK KKKK	6974
	S	1111 0000 0000 1101:1110 110S 1001 1111	0
00018A	EC9F F00D	CALL SYSREADSTRINGPART
	F	1110 1110 00FF KKKK:1111 00KK KKKK KKKK	0
	K	1110 1110 0000 KKKK:1111 00KK KKKK KKKK	4269
00018E	EE04 F0AD	LFSR 0,MID
	K	1111 KKKK KKKK KKKK:1110 110S KKKK KKKK	6366
	S	1111 0000 0000 1100:1110 110S 0110 1111	0
000192	EC6F F00C	CALL SYSCOPYSTRINGPART
	F	1110 1110 00FF KKKK:1111 00KK KKKK KKKK	0
	K	1110 1110 0000 KKKK:1111 00KK KKKK KKKK	4241
000196	EE04 F091	LFSR 0,VOLTS
	S	1111 DDDD DDDD DDDD:1100 SSSS SSSS SSSS	1286
	D	1111 DDDD DDDD DDDD:1100 0101 0000 0110	1263
00019A	C506 F4EF	MOVFF SYSSTRINGLENGTH, INDF0
	N	 1101 0NNN NNNN NNNN	45
00019E	D02D	BRA ENDIF2
		ELSE2_1
	K	 0000 1110 KKKK KKKK	145
0001A0	0E91	MOVLW LOW VOLTS
	K	 0000 0001 00KK KKKK	5
000000	0105	BANKSEL SYSSYSINSTRINGHANDLER
	F	 0110 111A FFFF FFFF	1448
	A	 0110 111A 1010 1000	1
0001A4	6FA8	MOVWF SYSSYSINSTRINGHANDLER,BANKED
	K	 0000 1110 KKKK KKKK	16
0001A6	0E10	MOVLW HIGH VOLTS
	F	 0110 111A FFFF FFFF	1449
	A	 0110 111A 1010 1001	1
0001A8	6FA9	MOVWF SYSSYSINSTRINGHANDLER_H,BANKED
	K	 0000 1110 KKKK KKKK	1
0001AA	0E01	MOVLW 1
	F	 0110 111A FFFF FFFF	1422
	A	 0110 111A 1000 1110	1
0001AC	6F8E	MOVWF SYSCHARCOUNT,BANKED
	K	 0000 0001 00KK KKKK	0
000000	0100	BANKSEL 0
	K	1111 KKKK KKKK KKKK:1110 110S KKKK KKKK	4286
	S	1111 0000 0000 1000:1110 110S 0101 1111	0
0001B0	EC5F F008	CALL FN_LEFT
	K	 0000 1110 KKKK KKKK	145
0001B4	0E91	MOVLW LOW VOLTS
	K	 0000 0001 00KK KKKK	5
000000	0105	BANKSEL SYSSYSINSTRINGHANDLER
	F	 0110 111A FFFF FFFF	1448
	A	 0110 111A 1010 1000	1
0001B8	6FA8	MOVWF SYSSYSINSTRINGHANDLER,BANKED
	K	 0000 1110 KKKK KKKK	16
0001BA	0E10	MOVLW HIGH VOLTS
	F	 0110 111A FFFF FFFF	1449
	A	 0110 111A 1010 1001	1
0001BC	6FA9	MOVWF SYSSYSINSTRINGHANDLER_H,BANKED
	K	 0000 1110 KKKK KKKK	2
0001BE	0E02	MOVLW 2
	F	 0110 111A FFFF FFFF	1423
	A	 0110 111A 1000 1111	1
0001C0	6F8F	MOVWF SYSCHARSTART,BANKED
	K	 0000 1110 KKKK KKKK	2
0001C2	0E02	MOVLW 2
	F	 0110 111A FFFF FFFF	1422
	A	 0110 111A 1000 1110	1
0001C4	6F8E	MOVWF SYSCHARCOUNT,BANKED
	K	 0000 0001 00KK KKKK	0
000000	0100	BANKSEL 0
	K	1111 KKKK KKKK KKKK:1110 110S KKKK KKKK	4404
	S	1111 0000 0000 1000:1110 110S 1001 1010	0
0001C8	EC9A F008	CALL FN_MID
	F	1110 1110 00FF KKKK:1111 00KK KKKK KKKK	1
	K	1110 1110 0001 KKKK:1111 00KK KKKK KKKK	4241
0001CC	EE14 F091	LFSR 1,VOLTS
	F	 0110 101A FFFF FFFF	1286
	A	 0110 101A 0000 0110	0
0001D0	6A06	CLRF SYSSTRINGLENGTH,ACCESS
	F	1110 1110 00FF KKKK:1111 00KK KKKK KKKK	0
	K	1110 1110 0000 KKKK:1111 00KK KKKK KKKK	4310
0001D2	EE04 F0D6	LFSR 0,LEFT
	K	1111 KKKK KKKK KKKK:1110 110S KKKK KKKK	6366
	S	1111 0000 0000 1100:1110 110S 0110 1111	0
0001D6	EC6F F00C	CALL SYSCOPYSTRINGPART
	K	 0000 1110 KKKK KKKK	96
0001DA	0E60	MOVLW LOW STRINGTABLE3
	F	 0110 111A FFFF FFFF	1270
	A	 0110 111A 1111 0110	0
0001DC	6EF6	MOVWF TBLPTRL,ACCESS
	K	 0000 1110 KKKK KKKK	27
0001DE	0E1B	MOVLW HIGH STRINGTABLE3
	F	 0110 111A FFFF FFFF	1271
	A	 0110 111A 1111 0111	0
0001E0	6EF7	MOVWF TBLPTRH,ACCESS
	K	 0000 1110 KKKK KKKK	0
0001E2	0E00	MOVLW UPPER STRINGTABLE3
	F	 0110 111A FFFF FFFF	1272
	A	 0110 111A 1111 1000	0
0001E4	6EF8	MOVWF TBLPTRU,ACCESS
	K	1111 KKKK KKKK KKKK:1110 110S KKKK KKKK	6974
	S	1111 0000 0000 1101:1110 110S 1001 1111	0
0001E6	EC9F F00D	CALL SYSREADSTRINGPART
	F	1110 1110 00FF KKKK:1111 00KK KKKK KKKK	0
	K	1110 1110 0000 KKKK:1111 00KK KKKK KKKK	4269
0001EA	EE04 F0AD	LFSR 0,MID
	K	1111 KKKK KKKK KKKK:1110 110S KKKK KKKK	6366
	S	1111 0000 0000 1100:1110 110S 0110 1111	0
0001EE	EC6F F00C	CALL SYSCOPYSTRINGPART
	F	1110 1110 00FF KKKK:1111 00KK KKKK KKKK	0
	K	1110 1110 0000 KKKK:1111 00KK KKKK KKKK	4241
0001F2	EE04 F091	LFSR 0,VOLTS
	S	1111 DDDD DDDD DDDD:1100 SSSS SSSS SSSS	1286
	D	1111 DDDD DDDD DDDD:1100 0101 0000 0110	1263
0001F6	C506 F4EF	MOVFF SYSSTRINGLENGTH, INDF0
		ENDIF2
		VOLT_FORMAT_DONE
	N	 1101 1NNN NNNN NNNN	312
0001FA	D938	RCALL ANGLECHECK
	S	1111 DDDD DDDD DDDD:1100 SSSS SSSS SSSS	1396
	D	1111 DDDD DDDD DDDD:1100 0101 0111 0100	1461
0001FC	C574 F5B5	MOVFF OLD_ANGLE,TRIG_ARG2
	S	1111 DDDD DDDD DDDD:1100 SSSS SSSS SSSS	1397
	D	1111 DDDD DDDD DDDD:1100 0101 0111 0101	1462
000200	C575 F5B6	MOVFF OLD_ANGLE_H,TRIG_ARG2_H
	K	1111 KKKK KKKK KKKK:1110 110S KKKK KKKK	5458
	S	1111 0000 0000 1010:1110 110S 1010 1001	0
000204	ECA9 F00A	CALL FN_SIN
	S	1111 DDDD DDDD DDDD:1100 SSSS SSSS SSSS	1407
	D	1111 DDDD DDDD DDDD:1100 0101 0111 1111	1285
000208	C57F F505	MOVFF RADIUS,SYSINTEGERTEMPA
	F	 0110 101A FFFF FFFF	1286
	A	 0110 101A 0000 0110	0
00020C	6A06	CLRF SYSINTEGERTEMPA_H,ACCESS
	S	1111 DDDD DDDD DDDD:1100 SSSS SSSS SSSS	1413
	D	1111 DDDD DDDD DDDD:1100 0101 1000 0101	1289
00020E	C585 F509	MOVFF SIN,SYSINTEGERTEMPB
	S	1111 DDDD DDDD DDDD:1100 SSSS SSSS SSSS	1414
	D	1111 DDDD DDDD DDDD:1100 0101 1000 0110	1290
000212	C586 F50A	MOVFF SIN_H,SYSINTEGERTEMPB_H
	K	1111 KKKK KKKK KKKK:1110 110S KKKK KKKK	6910
	S	1111 0000 0000 1101:1110 110S 0111 1111	0
000216	EC7F F00D	CALL SYSMULTSUBINT
	S	1111 DDDD DDDD DDDD:1100 SSSS SSSS SSSS	1280
	D	1111 DDDD DDDD DDDD:1100 0101 0000 0000	1450
00021A	C500 F5AA	MOVFF SYSINTEGERTEMPX,SYSTEMP1
	S	1111 DDDD DDDD DDDD:1100 SSSS SSSS SSSS	1281
	D	1111 DDDD DDDD DDDD:1100 0101 0000 0001	1451
00021E	C501 F5AB	MOVFF SYSINTEGERTEMPX_H,SYSTEMP1_H
	S	1111 DDDD DDDD DDDD:1100 SSSS SSSS SSSS	1450
	D	1111 DDDD DDDD DDDD:1100 0101 1010 1010	1285
000222	C5AA F505	MOVFF SYSTEMP1,SYSINTEGERTEMPA
	S	1111 DDDD DDDD DDDD:1100 SSSS SSSS SSSS	1451
	D	1111 DDDD DDDD DDDD:1100 0101 1010 1011	1286
000226	C5AB F506	MOVFF SYSTEMP1_H,SYSINTEGERTEMPA_H
	F	 0110 100A FFFF FFFF	1289
	A	 0110 100A 0000 1001	0
00022A	6809	SETF SYSINTEGERTEMPB,ACCESS
	F	 0110 101A FFFF FFFF	1290
	A	 0110 101A 0000 1010	0
00022C	6A0A	CLRF SYSINTEGERTEMPB_H,ACCESS
	K	1111 KKKK KKKK KKKK:1110 110S KKKK KKKK	6680
	S	1111 0000 0000 1101:1110 110S 0000 1100	0
00022E	EC0C F00D	CALL SYSDIVSUBINT
	F	 0101 00DA FFFF FFFF	1285
	D	 0101 00DA 0000 0101	0
	A	 0101 000A 0000 0101	0
000232	5005	MOVF SYSINTEGERTEMPA,W,ACCESS
	K	 0000 0001 00KK KKKK	5
000000	0105	BANKSEL XCENTRE
	F	 0010 01DA FFFF FFFF	1470
	D	 0010 01DA 1011 1110	0
	A	 0010 010A 1011 1110	1
000236	25BE	ADDWF XCENTRE,W,BANKED
	F	 0110 111A FFFF FFFF	1398
	A	 0110 111A 0111 0110	1
000238	6F76	MOVWF OLD_XEND,BANKED
	S	1111 DDDD DDDD DDDD:1100 SSSS SSSS SSSS	1396
	D	1111 DDDD DDDD DDDD:1100 0101 0111 0100	1461
00023A	C574 F5B5	MOVFF OLD_ANGLE,TRIG_ARG2
	S	1111 DDDD DDDD DDDD:1100 SSSS SSSS SSSS	1397
	D	1111 DDDD DDDD DDDD:1100 0101 0111 0101	1462
00023E	C575 F5B6	MOVFF OLD_ANGLE_H,TRIG_ARG2_H
	K	 0000 0001 00KK KKKK	0
000000	0100	BANKSEL 0
	N	 1101 1NNN NNNN NNNN	480
000244	D9E0	RCALL FN_COS
	S	1111 DDDD DDDD DDDD:1100 SSSS SSSS SSSS	1407
	D	1111 DDDD DDDD DDDD:1100 0101 0111 1111	1285
000246	C57F F505	MOVFF RADIUS,SYSINTEGERTEMPA
	F	 0110 101A FFFF FFFF	1286
	A	 0110 101A 0000 0110	0
00024A	6A06	CLRF SYSINTEGERTEMPA_H,ACCESS
	S	1111 DDDD DDDD DDDD:1100 SSSS SSSS SSSS	1312
	D	1111 DDDD DDDD DDDD:1100 0101 0010 0000	1289
00024C	C520 F509	MOVFF COS,SYSINTEGERTEMPB
	S	1111 DDDD DDDD DDDD:1100 SSSS SSSS SSSS	1313
	D	1111 DDDD DDDD DDDD:1100 0101 0010 0001	1290
000250	C521 F50A	MOVFF COS_H,SYSINTEGERTEMPB_H
	K	1111 KKKK KKKK KKKK:1110 110S KKKK KKKK	6910
	S	1111 0000 0000 1101:1110 110S 0111 1111	0
000254	EC7F F00D	CALL SYSMULTSUBINT
	S	1111 DDDD DDDD DDDD:1100 SSSS SSSS SSSS	1280
	D	1111 DDDD DDDD DDDD:1100 0101 0000 0000	1450
000258	C500 F5AA	MOVFF SYSINTEGERTEMPX,SYSTEMP1
	S	1111 DDDD DDDD DDDD:1100 SSSS SSSS SSSS	1281
	D	1111 DDDD DDDD DDDD:1100 0101 0000 0001	1451
00025C	C501 F5AB	MOVFF SYSINTEGERTEMPX_H,SYSTEMP1_H
	S	1111 DDDD DDDD DDDD:1100 SSSS SSSS SSSS	1450
	D	1111 DDDD DDDD DDDD:1100 0101 1010 1010	1285
000260	C5AA F505	MOVFF SYSTEMP1,SYSINTEGERTEMPA
	S	1111 DDDD DDDD DDDD:1100 SSSS SSSS SSSS	1451
	D	1111 DDDD DDDD DDDD:1100 0101 1010 1011	1286
000264	C5AB F506	MOVFF SYSTEMP1_H,SYSINTEGERTEMPA_H
	F	 0110 100A FFFF FFFF	1289
	A	 0110 100A 0000 1001	0
000268	6809	SETF SYSINTEGERTEMPB,ACCESS
	F	 0110 101A FFFF FFFF	1290
	A	 0110 101A 0000 1010	0
00026A	6A0A	CLRF SYSINTEGERTEMPB_H,ACCESS
	K	1111 KKKK KKKK KKKK:1110 110S KKKK KKKK	6680
	S	1111 0000 0000 1101:1110 110S 0000 1100	0
00026C	EC0C F00D	CALL SYSDIVSUBINT
	F	 0101 00DA FFFF FFFF	1285
	D	 0101 00DA 0000 0101	0
	A	 0101 000A 0000 0101	0
000270	5005	MOVF SYSINTEGERTEMPA,W,ACCESS
	K	 0000 0001 00KK KKKK	5
000000	0105	BANKSEL YCENTRE
	F	 0101 11DA FFFF FFFF	1472
	D	 0101 11DA 1100 0000	0
	A	 0101 110A 1100 0000	1
000274	5DC0	SUBWF YCENTRE,W,BANKED
	F	 0110 111A FFFF FFFF	1399
	A	 0110 111A 0111 0111	1
000276	6F77	MOVWF OLD_YEND,BANKED
	S	1111 DDDD DDDD DDDD:1100 SSSS SSSS SSSS	1297
	D	1111 DDDD DDDD DDDD:1100 0101 0001 0001	1461
000278	C511 F5B5	MOVFF ANGLE,TRIG_ARG2
	S	1111 DDDD DDDD DDDD:1100 SSSS SSSS SSSS	1298
	D	1111 DDDD DDDD DDDD:1100 0101 0001 0010	1462
00027C	C512 F5B6	MOVFF ANGLE_H,TRIG_ARG2_H
	K	 0000 0001 00KK KKKK	0
000000	0100	BANKSEL 0
	K	1111 KKKK KKKK KKKK:1110 110S KKKK KKKK	5458
	S	1111 0000 0000 1010:1110 110S 1010 1001	0
000282	ECA9 F00A	CALL FN_SIN
	S	1111 DDDD DDDD DDDD:1100 SSSS SSSS SSSS	1407
	D	1111 DDDD DDDD DDDD:1100 0101 0111 1111	1285
000286	C57F F505	MOVFF RADIUS,SYSINTEGERTEMPA
	F	 0110 101A FFFF FFFF	1286
	A	 0110 101A 0000 0110	0
00028A	6A06	CLRF SYSINTEGERTEMPA_H,ACCESS
	S	1111 DDDD DDDD DDDD:1100 SSSS SSSS SSSS	1413
	D	1111 DDDD DDDD DDDD:1100 0101 1000 0101	1289
00028C	C585 F509	MOVFF SIN,SYSINTEGERTEMPB
	S	1111 DDDD DDDD DDDD:1100 SSSS SSSS SSSS	1414
	D	1111 DDDD DDDD DDDD:1100 0101 1000 0110	1290
000290	C586 F50A	MOVFF SIN_H,SYSINTEGERTEMPB_H
	K	1111 KKKK KKKK KKKK:1110 110S KKKK KKKK	6910
	S	1111 0000 0000 1101:1110 110S 0111 1111	0
000294	EC7F F00D	CALL SYSMULTSUBINT
	S	1111 DDDD DDDD DDDD:1100 SSSS SSSS SSSS	1280
	D	1111 DDDD DDDD DDDD:1100 0101 0000 0000	1450
000298	C500 F5AA	MOVFF SYSINTEGERTEMPX,SYSTEMP1
	S	1111 DDDD DDDD DDDD:1100 SSSS SSSS SSSS	1281
	D	1111 DDDD DDDD DDDD:1100 0101 0000 0001	1451
00029C	C501 F5AB	MOVFF SYSINTEGERTEMPX_H,SYSTEMP1_H
	S	1111 DDDD DDDD DDDD:1100 SSSS SSSS SSSS	1450
	D	1111 DDDD DDDD DDDD:1100 0101 1010 1010	1285
0002A0	C5AA F505	MOVFF SYSTEMP1,SYSINTEGERTEMPA
	S	1111 DDDD DDDD DDDD:1100 SSSS SSSS SSSS	1451
	D	1111 DDDD DDDD DDDD:1100 0101 1010 1011	1286
0002A4	C5AB F506	MOVFF SYSTEMP1_H,SYSINTEGERTEMPA_H
	F	 0110 100A FFFF FFFF	1289
	A	 0110 100A 0000 1001	0
0002A8	6809	SETF SYSINTEGERTEMPB,ACCESS
	F	 0110 101A FFFF FFFF	1290
	A	 0110 101A 0000 1010	0
0002AA	6A0A	CLRF SYSINTEGERTEMPB_H,ACCESS
	K	1111 KKKK KKKK KKKK:1110 110S KKKK KKKK	6680
	S	1111 0000 0000 1101:1110 110S 0000 1100	0
0002AC	EC0C F00D	CALL SYSDIVSUBINT
	F	 0101 00DA FFFF FFFF	1285
	D	 0101 00DA 0000 0101	0
	A	 0101 000A 0000 0101	0
0002B0	5005	MOVF SYSINTEGERTEMPA,W,ACCESS
	K	 0000 0001 00KK KKKK	5
000000	0105	BANKSEL XCENTRE
	F	 0010 01DA FFFF FFFF	1470
	D	 0010 01DA 1011 1110	0
	A	 0010 010A 1011 1110	1
0002B4	25BE	ADDWF XCENTRE,W,BANKED
	F	 0110 111A FFFF FFFF	1471
	A	 0110 111A 1011 1111	1
0002B6	6FBF	MOVWF XEND,BANKED
	S	1111 DDDD DDDD DDDD:1100 SSSS SSSS SSSS	1297
	D	1111 DDDD DDDD DDDD:1100 0101 0001 0001	1461
0002B8	C511 F5B5	MOVFF ANGLE,TRIG_ARG2
	S	1111 DDDD DDDD DDDD:1100 SSSS SSSS SSSS	1298
	D	1111 DDDD DDDD DDDD:1100 0101 0001 0010	1462
0002BC	C512 F5B6	MOVFF ANGLE_H,TRIG_ARG2_H
	K	 0000 0001 00KK KKKK	0
000000	0100	BANKSEL 0
	N	 1101 1NNN NNNN NNNN	417
0002C2	D9A1	RCALL FN_COS
	S	1111 DDDD DDDD DDDD:1100 SSSS SSSS SSSS	1407
	D	1111 DDDD DDDD DDDD:1100 0101 0111 1111	1285
0002C4	C57F F505	MOVFF RADIUS,SYSINTEGERTEMPA
	F	 0110 101A FFFF FFFF	1286
	A	 0110 101A 0000 0110	0
0002C8	6A06	CLRF SYSINTEGERTEMPA_H,ACCESS
	S	1111 DDDD DDDD DDDD:1100 SSSS SSSS SSSS	1312
	D	1111 DDDD DDDD DDDD:1100 0101 0010 0000	1289
0002CA	C520 F509	MOVFF COS,SYSINTEGERTEMPB
	S	1111 DDDD DDDD DDDD:1100 SSSS SSSS SSSS	1313
	D	1111 DDDD DDDD DDDD:1100 0101 0010 0001	1290
0002CE	C521 F50A	MOVFF COS_H,SYSINTEGERTEMPB_H
	K	1111 KKKK KKKK KKKK:1110 110S KKKK KKKK	6910
	S	1111 0000 0000 1101:1110 110S 0111 1111	0
0002D2	EC7F F00D	CALL SYSMULTSUBINT
	S	1111 DDDD DDDD DDDD:1100 SSSS SSSS SSSS	1280
	D	1111 DDDD DDDD DDDD:1100 0101 0000 0000	1450
0002D6	C500 F5AA	MOVFF SYSINTEGERTEMPX,SYSTEMP1
	S	1111 DDDD DDDD DDDD:1100 SSSS SSSS SSSS	1281
	D	1111 DDDD DDDD DDDD:1100 0101 0000 0001	1451
0002DA	C501 F5AB	MOVFF SYSINTEGERTEMPX_H,SYSTEMP1_H
	S	1111 DDDD DDDD DDDD:1100 SSSS SSSS SSSS	1450
	D	1111 DDDD DDDD DDDD:1100 0101 1010 1010	1285
0002DE	C5AA F505	MOVFF SYSTEMP1,SYSINTEGERTEMPA
	S	1111 DDDD DDDD DDDD:1100 SSSS SSSS SSSS	1451
	D	1111 DDDD DDDD DDDD:1100 0101 1010 1011	1286
0002E2	C5AB F506	MOVFF SYSTEMP1_H,SYSINTEGERTEMPA_H
	F	 0110 100A FFFF FFFF	1289
	A	 0110 100A 0000 1001	0
0002E6	6809	SETF SYSINTEGERTEMPB,ACCESS
	F	 0110 101A FFFF FFFF	1290
	A	 0110 101A 0000 1010	0
0002E8	6A0A	CLRF SYSINTEGERTEMPB_H,ACCESS
	K	1111 KKKK KKKK KKKK:1110 110S KKKK KKKK	6680
	S	1111 0000 0000 1101:1110 110S 0000 1100	0
0002EA	EC0C F00D	CALL SYSDIVSUBINT
	F	 0101 00DA FFFF FFFF	1285
	D	 0101 00DA 0000 0101	0
	A	 0101 000A 0000 0101	0
0002EE	5005	MOVF SYSINTEGERTEMPA,W,ACCESS
	K	 0000 0001 00KK KKKK	5
000000	0105	BANKSEL YCENTRE
	F	 0101 11DA FFFF FFFF	1472
	D	 0101 11DA 1100 0000	0
	A	 0101 110A 1100 0000	1
0002F2	5DC0	SUBWF YCENTRE,W,BANKED
	F	 0110 111A FFFF FFFF	1473
	A	 0110 111A 1100 0001	1
0002F4	6FC1	MOVWF YEND,BANKED
	S	1111 DDDD DDDD DDDD:1100 SSSS SSSS SSSS	1396
	D	1111 DDDD DDDD DDDD:1100 0101 0111 0100	1285
0002F6	C574 F505	MOVFF OLD_ANGLE,SYSWORDTEMPA
	S	1111 DDDD DDDD DDDD:1100 SSSS SSSS SSSS	1397
	D	1111 DDDD DDDD DDDD:1100 0101 0111 0101	1286
0002FA	C575 F506	MOVFF OLD_ANGLE_H,SYSWORDTEMPA_H
	S	1111 DDDD DDDD DDDD:1100 SSSS SSSS SSSS	1297
	D	1111 DDDD DDDD DDDD:1100 0101 0001 0001	1289
0002FE	C511 F509	MOVFF ANGLE,SYSWORDTEMPB
	S	1111 DDDD DDDD DDDD:1100 SSSS SSSS SSSS	1298
	D	1111 DDDD DDDD DDDD:1100 0101 0001 0010	1290
000302	C512 F50A	MOVFF ANGLE_H,SYSWORDTEMPB_H
	K	 0000 0001 00KK KKKK	0
000000	0100	BANKSEL 0
	K	1111 KKKK KKKK KKKK:1110 110S KKKK KKKK	6144
	S	1111 0000 0000 1100:1110 110S 0000 0000	0
000308	EC00 F00C	CALL SYSCOMPEQUAL16
	F	 0001 11DA FFFF FFFF	1280
	D	 0001 11DA 0000 0000	1
	A	 0001 111A 0000 0000	0
00030C	1E00	COMF SYSBYTETEMPX,F,ACCESS
	F	 1010 BBBA FFFF FFFF	1280
	B	 1010 BBBA 0000 0000	0
	A	 1010 000A 0000 0000	0
00030E	A000	BTFSS SYSBYTETEMPX,0,ACCESS
	N	 1101 0NNN NNNN NNNN	170
000310	D0AA	BRA ENDIF3
	F	 0110 101A FFFF FFFF	1368
	A	 0110 101A 0101 1000	0
000312	6A58	CLRF LINEX1,ACCESS
	F	 0110 101A FFFF FFFF	1369
	A	 0110 101A 0101 1001	0
000314	6A59	CLRF LINEX1_H,ACCESS
	F	 0110 101A FFFF FFFF	1372
	A	 0110 101A 0101 1100	0
000316	6A5C	CLRF LINEY1,ACCESS
	F	 0110 101A FFFF FFFF	1373
	A	 0110 101A 0101 1101	0
000318	6A5D	CLRF LINEY1_H,ACCESS
	K	 0000 1110 KKKK KKKK	127
00031A	0E7F	MOVLW 127
	F	 0110 111A FFFF FFFF	1370
	A	 0110 111A 0101 1010	0
00031C	6E5A	MOVWF LINEX2,ACCESS
	F	 0110 101A FFFF FFFF	1371
	A	 0110 101A 0101 1011	0
00031E	6A5B	CLRF LINEX2_H,ACCESS
	K	 0000 1110 KKKK KKKK	63
000320	0E3F	MOVLW 63
	F	 0110 111A FFFF FFFF	1374
	A	 0110 111A 0101 1110	0
000322	6E5E	MOVWF LINEY2,ACCESS
	F	 0110 101A FFFF FFFF	1375
	A	 0110 101A 0101 1111	0
000324	6A5F	CLRF LINEY2_H,ACCESS
	S	1111 DDDD DDDD DDDD:1100 SSSS SSSS SSSS	1330
	D	1111 DDDD DDDD DDDD:1100 0101 0011 0010	1352
000326	C532 F548	MOVFF GLCDFOREGROUND,LINECOLOUR
	S	1111 DDDD DDDD DDDD:1100 SSSS SSSS SSSS	1331
	D	1111 DDDD DDDD DDDD:1100 0101 0011 0011	1353
00032A	C533 F549	MOVFF GLCDFOREGROUND_H,LINECOLOUR_H
	N	 1101 1NNN NNNN NNNN	208
00032E	D8D0	RCALL BOX20
	K	 0000 1110 KKKK KKKK	5
000330	0E05	MOVLW 5
	F	 0110 111A FFFF FFFF	1304
	A	 0110 111A 0001 1000	0
000332	6E18	MOVWF CHARLOCX,ACCESS
	F	 0110 101A FFFF FFFF	1305
	A	 0110 101A 0001 1001	0
000334	6A19	CLRF CHARLOCX_H,ACCESS
	K	 0000 1110 KKKK KKKK	40
000336	0E28	MOVLW 40
	F	 0110 111A FFFF FFFF	1306
	A	 0110 111A 0001 1010	0
000338	6E1A	MOVWF CHARLOCY,ACCESS
	F	 0110 101A FFFF FFFF	1307
	A	 0110 101A 0001 1011	0
00033A	6A1B	CLRF CHARLOCY_H,ACCESS
	F	1110 1110 00FF KKKK:1111 00KK KKKK KKKK	1
	K	1110 1110 0001 KKKK:1111 00KK KKKK KKKK	4238
00033C	EE14 F08E	LFSR 1,SYSSTRINGPARAM1
	K	 0000 1110 KKKK KKKK	98
000340	0E62	MOVLW LOW STRINGTABLE4
	F	 0110 111A FFFF FFFF	1270
	A	 0110 111A 1111 0110	0
000342	6EF6	MOVWF TBLPTRL,ACCESS
	K	 0000 1110 KKKK KKKK	27
000344	0E1B	MOVLW HIGH STRINGTABLE4
	F	 0110 111A FFFF FFFF	1271
	A	 0110 111A 1111 0111	0
000346	6EF7	MOVWF TBLPTRH,ACCESS
	K	 0000 1110 KKKK KKKK	0
000348	0E00	MOVLW UPPER STRINGTABLE4
	F	 0110 111A FFFF FFFF	1272
	A	 0110 111A 1111 1000	0
00034A	6EF8	MOVWF TBLPTRU,ACCESS
	K	1111 KKKK KKKK KKKK:1110 110S KKKK KKKK	6962
	S	1111 0000 0000 1101:1110 110S 1001 1001	0
00034C	EC99 F00D	CALL SYSREADSTRING
	K	 0000 1110 KKKK KKKK	142
000350	0E8E	MOVLW LOW SYSSTRINGPARAM1
	K	 0000 0001 00KK KKKK	5
000000	0105	BANKSEL SYSSYSINSTRINGAHANDLER
	F	 0110 111A FFFF FFFF	1446
	A	 0110 111A 1010 0110	1
000354	6FA6	MOVWF SYSSYSINSTRINGAHANDLER,BANKED
	K	 0000 1110 KKKK KKKK	16
000356	0E10	MOVLW HIGH SYSSTRINGPARAM1
	F	 0110 111A FFFF FFFF	1447
	A	 0110 111A 1010 0111	1
000358	6FA7	MOVWF SYSSYSINSTRINGAHANDLER_H,BANKED
	K	 0000 1110 KKKK KKKK	1
00035A	0E01	MOVLW 1
	F	 0110 111A FFFF FFFF	1421
	A	 0110 111A 1000 1101	1
00035C	6F8D	MOVWF SYSCHAR,BANKED
	K	 0000 0001 00KK KKKK	0
000000	0100	BANKSEL 0
	N	 1101 1NNN NNNN NNNN	154
000360	D89A	RCALL FN_ASC
	S	1111 DDDD DDDD DDDD:1100 SSSS SSSS SSSS	1299
	D	1111 DDDD DDDD DDDD:1100 0101 0001 0011	1300
000362	C513 F514	MOVFF ASC,CHARCODE
	S	1111 DDDD DDDD DDDD:1100 SSSS SSSS SSSS	1330
	D	1111 DDDD DDDD DDDD:1100 0101 0011 0010	1352
000366	C532 F548	MOVFF GLCDFOREGROUND,LINECOLOUR
	S	1111 DDDD DDDD DDDD:1100 SSSS SSSS SSSS	1331
	D	1111 DDDD DDDD DDDD:1100 0101 0011 0011	1353
00036A	C533 F549	MOVFF GLCDFOREGROUND_H,LINECOLOUR_H
	K	1111 KKKK KKKK KKKK:1110 110S KKKK KKKK	2930
	S	1111 0000 0000 0101:1110 110S 1011 1001	0
00036E	ECB9 F005	CALL GLCDDRAWCHAR_SSD1306
	K	 0000 1110 KKKK KKKK	115
000372	0E73	MOVLW 115
	F	 0110 111A FFFF FFFF	1304
	A	 0110 111A 0001 1000	0
000374	6E18	MOVWF CHARLOCX,ACCESS
	F	 0110 101A FFFF FFFF	1305
	A	 0110 101A 0001 1001	0
000376	6A19	CLRF CHARLOCX_H,ACCESS
	K	 0000 1110 KKKK KKKK	40
000378	0E28	MOVLW 40
	F	 0110 111A FFFF FFFF	1306
	A	 0110 111A 0001 1010	0
00037A	6E1A	MOVWF CHARLOCY,ACCESS
	F	 0110 101A FFFF FFFF	1307
	A	 0110 101A 0001 1011	0
00037C	6A1B	CLRF CHARLOCY_H,ACCESS
	F	1110 1110 00FF KKKK:1111 00KK KKKK KKKK	1
	K	1110 1110 0001 KKKK:1111 00KK KKKK KKKK	4238
00037E	EE14 F08E	LFSR 1,SYSSTRINGPARAM1
	K	 0000 1110 KKKK KKKK	100
000382	0E64	MOVLW LOW STRINGTABLE5
	F	 0110 111A FFFF FFFF	1270
	A	 0110 111A 1111 0110	0
000384	6EF6	MOVWF TBLPTRL,ACCESS
	K	 0000 1110 KKKK KKKK	27
000386	0E1B	MOVLW HIGH STRINGTABLE5
	F	 0110 111A FFFF FFFF	1271
	A	 0110 111A 1111 0111	0
000388	6EF7	MOVWF TBLPTRH,ACCESS
	K	 0000 1110 KKKK KKKK	0
00038A	0E00	MOVLW UPPER STRINGTABLE5
	F	 0110 111A FFFF FFFF	1272
	A	 0110 111A 1111 1000	0
00038C	6EF8	MOVWF TBLPTRU,ACCESS
	K	1111 KKKK KKKK KKKK:1110 110S KKKK KKKK	6962
	S	1111 0000 0000 1101:1110 110S 1001 1001	0
00038E	EC99 F00D	CALL SYSREADSTRING
	K	 0000 1110 KKKK KKKK	142
000392	0E8E	MOVLW LOW SYSSTRINGPARAM1
	K	 0000 0001 00KK KKKK	5
000000	0105	BANKSEL SYSSYSINSTRINGAHANDLER
	F	 0110 111A FFFF FFFF	1446
	A	 0110 111A 1010 0110	1
000396	6FA6	MOVWF SYSSYSINSTRINGAHANDLER,BANKED
	K	 0000 1110 KKKK KKKK	16
000398	0E10	MOVLW HIGH SYSSTRINGPARAM1
	F	 0110 111A FFFF FFFF	1447
	A	 0110 111A 1010 0111	1
00039A	6FA7	MOVWF SYSSYSINSTRINGAHANDLER_H,BANKED
	K	 0000 1110 KKKK KKKK	1
00039C	0E01	MOVLW 1
	F	 0110 111A FFFF FFFF	1421
	A	 0110 111A 1000 1101	1
00039E	6F8D	MOVWF SYSCHAR,BANKED
	K	 0000 0001 00KK KKKK	0
000000	0100	BANKSEL 0
	N	 1101 1NNN NNNN NNNN	121
0003A2	D879	RCALL FN_ASC
	S	1111 DDDD DDDD DDDD:1100 SSSS SSSS SSSS	1299
	D	1111 DDDD DDDD DDDD:1100 0101 0001 0011	1300
0003A4	C513 F514	MOVFF ASC,CHARCODE
	S	1111 DDDD DDDD DDDD:1100 SSSS SSSS SSSS	1330
	D	1111 DDDD DDDD DDDD:1100 0101 0011 0010	1352
0003A8	C532 F548	MOVFF GLCDFOREGROUND,LINECOLOUR
	S	1111 DDDD DDDD DDDD:1100 SSSS SSSS SSSS	1331
	D	1111 DDDD DDDD DDDD:1100 0101 0011 0011	1353
0003AC	C533 F549	MOVFF GLCDFOREGROUND_H,LINECOLOUR_H
	N	 1101 1NNN NNNN NNNN	992
0003B0	DBE0	RCALL GLCDDRAWCHAR_SSD1306
	S	1111 DDDD DDDD DDDD:1100 SSSS SSSS SSSS	1470
	D	1111 DDDD DDDD DDDD:1100 0101 1011 1110	1368
0003B2	C5BE F558	MOVFF XCENTRE,LINEX1
	F	 0110 101A FFFF FFFF	1369
	A	 0110 101A 0101 1001	0
0003B6	6A59	CLRF LINEX1_H,ACCESS
	S	1111 DDDD DDDD DDDD:1100 SSSS SSSS SSSS	1472
	D	1111 DDDD DDDD DDDD:1100 0101 1100 0000	1372
0003B8	C5C0 F55C	MOVFF YCENTRE,LINEY1
	F	 0110 101A FFFF FFFF	1373
	A	 0110 101A 0101 1101	0
0003BC	6A5D	CLRF LINEY1_H,ACCESS
	S	1111 DDDD DDDD DDDD:1100 SSSS SSSS SSSS	1398
	D	1111 DDDD DDDD DDDD:1100 0101 0111 0110	1370
0003BE	C576 F55A	MOVFF OLD_XEND,LINEX2
	F	 0110 101A FFFF FFFF	1371
	A	 0110 101A 0101 1011	0
0003C2	6A5B	CLRF LINEX2_H,ACCESS
	S	1111 DDDD DDDD DDDD:1100 SSSS SSSS SSSS	1399
	D	1111 DDDD DDDD DDDD:1100 0101 0111 0111	1374
0003C4	C577 F55E	MOVFF OLD_YEND,LINEY2
	F	 0110 101A FFFF FFFF	1375
	A	 0110 101A 0101 1111	0
0003C8	6A5F	CLRF LINEY2_H,ACCESS
	F	 0110 101A FFFF FFFF	1352
	A	 0110 101A 0100 1000	0
0003CA	6A48	CLRF LINECOLOUR,ACCESS
	F	 0110 101A FFFF FFFF	1353
	A	 0110 101A 0100 1001	0
0003CC	6A49	CLRF LINECOLOUR_H,ACCESS
	K	1111 KKKK KKKK KKKK:1110 110S KKKK KKKK	7200
	S	1111 0000 0000 1110:1110 110S 0001 0000	0
0003CE	EC10 F00E	CALL _LINE78
	K	 0000 1110 KKKK KKKK	55
0003D2	0E37	MOVLW 55
	F	 0110 111A FFFF FFFF	1368
	A	 0110 111A 0101 1000	0
0003D4	6E58	MOVWF LINEX1,ACCESS
	F	 0110 101A FFFF FFFF	1369
	A	 0110 101A 0101 1001	0
0003D6	6A59	CLRF LINEX1_H,ACCESS
	K	 0000 1110 KKKK KKKK	22
0003D8	0E16	MOVLW 22
	F	 0110 111A FFFF FFFF	1372
	A	 0110 111A 0101 1100	0
0003DA	6E5C	MOVWF LINEY1,ACCESS
	F	 0110 101A FFFF FFFF	1373
	A	 0110 101A 0101 1101	0
0003DC	6A5D	CLRF LINEY1_H,ACCESS
	K	 0000 1110 KKKK KKKK	63
0003DE	0E3F	MOVLW 63
	F	 0110 111A FFFF FFFF	1370
	A	 0110 111A 0101 1010	0
0003E0	6E5A	MOVWF LINEX2,ACCESS
	F	 0110 101A FFFF FFFF	1371
	A	 0110 101A 0101 1011	0
0003E2	6A5B	CLRF LINEX2_H,ACCESS
	K	 0000 1110 KKKK KKKK	38
0003E4	0E26	MOVLW 38
	F	 0110 111A FFFF FFFF	1374
	A	 0110 111A 0101 1110	0
0003E6	6E5E	MOVWF LINEY2,ACCESS
	F	 0110 101A FFFF FFFF	1375
	A	 0110 101A 0101 1111	0
0003E8	6A5F	CLRF LINEY2_H,ACCESS
	S	1111 DDDD DDDD DDDD:1100 SSSS SSSS SSSS	1330
	D	1111 DDDD DDDD DDDD:1100 0101 0011 0010	1352
0003EA	C532 F548	MOVFF GLCDFOREGROUND,LINECOLOUR
	S	1111 DDDD DDDD DDDD:1100 SSSS SSSS SSSS	1331
	D	1111 DDDD DDDD DDDD:1100 0101 0011 0011	1353
0003EE	C533 F549	MOVFF GLCDFOREGROUND_H,LINECOLOUR_H
	K	1111 KKKK KKKK KKKK:1110 110S KKKK KKKK	7200
	S	1111 0000 0000 1110:1110 110S 0001 0000	0
0003F2	EC10 F00E	CALL _LINE78
	K	 0000 1110 KKKK KKKK	63
0003F6	0E3F	MOVLW 63
	F	 0110 111A FFFF FFFF	1368
	A	 0110 111A 0101 1000	0
0003F8	6E58	MOVWF LINEX1,ACCESS
	F	 0110 101A FFFF FFFF	1369
	A	 0110 101A 0101 1001	0
0003FA	6A59	CLRF LINEX1_H,ACCESS
	K	 0000 1110 KKKK KKKK	38
0003FC	0E26	MOVLW 38
	F	 0110 111A FFFF FFFF	1372
	A	 0110 111A 0101 1100	0
0003FE	6E5C	MOVWF LINEY1,ACCESS
	F	 0110 101A FFFF FFFF	1373
	A	 0110 101A 0101 1101	0
000400	6A5D	CLRF LINEY1_H,ACCESS
	K	 0000 1110 KKKK KKKK	71
000402	0E47	MOVLW 71
	F	 0110 111A FFFF FFFF	1370
	A	 0110 111A 0101 1010	0
000404	6E5A	MOVWF LINEX2,ACCESS
	F	 0110 101A FFFF FFFF	1371
	A	 0110 101A 0101 1011	0
000406	6A5B	CLRF LINEX2_H,ACCESS
	K	 0000 1110 KKKK KKKK	22
000408	0E16	MOVLW 22
	F	 0110 111A FFFF FFFF	1374
	A	 0110 111A 0101 1110	0
00040A	6E5E	MOVWF LINEY2,ACCESS
	F	 0110 101A FFFF FFFF	1375
	A	 0110 101A 0101 1111	0
00040C	6A5F	CLRF LINEY2_H,ACCESS
	S	1111 DDDD DDDD DDDD:1100 SSSS SSSS SSSS	1330
	D	1111 DDDD DDDD DDDD:1100 0101 0011 0010	1352
00040E	C532 F548	MOVFF GLCDFOREGROUND,LINECOLOUR
	S	1111 DDDD DDDD DDDD:1100 SSSS SSSS SSSS	1331
	D	1111 DDDD DDDD DDDD:1100 0101 0011 0011	1353
000412	C533 F549	MOVFF GLCDFOREGROUND_H,LINECOLOUR_H
	K	1111 KKKK KKKK KKKK:1110 110S KKKK KKKK	7200
	S	1111 0000 0000 1110:1110 110S 0001 0000	0
000416	EC10 F00E	CALL _LINE78
	K	 0000 1110 KKKK KKKK	50
00041A	0E32	MOVLW 50
	K	 0000 0001 00KK KKKK	5
000000	0105	BANKSEL PRINTLOCX
	F	 0110 111A FFFF FFFF	1403
	A	 0110 111A 0111 1011	1
00041E	6F7B	MOVWF PRINTLOCX,BANKED
	F	 0110 101A FFFF FFFF	1404
	A	 0110 101A 0111 1100	1
000420	6B7C	CLRF PRINTLOCX_H,BANKED
	K	 0000 1110 KKKK KKKK	10
000422	0E0A	MOVLW 10
	F	 0110 111A FFFF FFFF	1405
	A	 0110 111A 0111 1101	1
000424	6F7D	MOVWF PRINTLOCY,BANKED
	F	 0110 101A FFFF FFFF	1406
	A	 0110 101A 0111 1110	1
000426	6B7E	CLRF PRINTLOCY_H,BANKED
	K	 0000 1110 KKKK KKKK	145
000428	0E91	MOVLW LOW VOLTS
	F	 0110 111A FFFF FFFF	1428
	A	 0110 111A 1001 0100	1
00042A	6F94	MOVWF SYSLCDPRINTDATAHANDLER,BANKED
	K	 0000 1110 KKKK KKKK	16
00042C	0E10	MOVLW HIGH VOLTS
	F	 0110 111A FFFF FFFF	1429
	A	 0110 111A 1001 0101	1
00042E	6F95	MOVWF SYSLCDPRINTDATAHANDLER_H,BANKED
	K	 0000 1110 KKKK KKKK	1
000430	0E01	MOVLW 1
	F	 0110 111A FFFF FFFF	1352
	A	 0110 111A 0100 1000	0
000432	6E48	MOVWF LINECOLOUR,ACCESS
	F	 0110 101A FFFF FFFF	1353
	A	 0110 101A 0100 1001	0
000434	6A49	CLRF LINECOLOUR_H,ACCESS
	K	 0000 0001 00KK KKKK	0
000000	0100	BANKSEL 0
	K	1111 KKKK KKKK KKKK:1110 110S KKKK KKKK	3362
	S	1111 0000 0000 0110:1110 110S 1001 0001	0
000438	EC91 F006	CALL GLCDPRINT9
	S	1111 DDDD DDDD DDDD:1100 SSSS SSSS SSSS	1470
	D	1111 DDDD DDDD DDDD:1100 0101 1011 1110	1368
00043C	C5BE F558	MOVFF XCENTRE,LINEX1
	F	 0110 101A FFFF FFFF	1369
	A	 0110 101A 0101 1001	0
000440	6A59	CLRF LINEX1_H,ACCESS
	S	1111 DDDD DDDD DDDD:1100 SSSS SSSS SSSS	1472
	D	1111 DDDD DDDD DDDD:1100 0101 1100 0000	1372
000442	C5C0 F55C	MOVFF YCENTRE,LINEY1
	F	 0110 101A FFFF FFFF	1373
	A	 0110 101A 0101 1101	0
000446	6A5D	CLRF LINEY1_H,ACCESS
	S	1111 DDDD DDDD DDDD:1100 SSSS SSSS SSSS	1471
	D	1111 DDDD DDDD DDDD:1100 0101 1011 1111	1370
000448	C5BF F55A	MOVFF XEND,LINEX2
	F	 0110 101A FFFF FFFF	1371
	A	 0110 101A 0101 1011	0
00044C	6A5B	CLRF LINEX2_H,ACCESS
	S	1111 DDDD DDDD DDDD:1100 SSSS SSSS SSSS	1473
	D	1111 DDDD DDDD DDDD:1100 0101 1100 0001	1374
00044E	C5C1 F55E	MOVFF YEND,LINEY2
	F	 0110 101A FFFF FFFF	1375
	A	 0110 101A 0101 1111	0
000452	6A5F	CLRF LINEY2_H,ACCESS
	K	 0000 1110 KKKK KKKK	1
000454	0E01	MOVLW 1
	F	 0110 111A FFFF FFFF	1352
	A	 0110 111A 0100 1000	0
000456	6E48	MOVWF LINECOLOUR,ACCESS
	F	 0110 101A FFFF FFFF	1353
	A	 0110 101A 0100 1001	0
000458	6A49	CLRF LINECOLOUR_H,ACCESS
	K	1111 KKKK KKKK KKKK:1110 110S KKKK KKKK	7200
	S	1111 0000 0000 1110:1110 110S 0001 0000	0
00045A	EC10 F00E	CALL _LINE78
	K	 0000 1110 KKKK KKKK	20
00045E	0E14	MOVLW 20
	F	 0110 111A FFFF FFFF	1282
	A	 0110 111A 0000 0010	0
000460	6E02	MOVWF SYSWAITTEMPMS,ACCESS
	F	 0110 101A FFFF FFFF	1283
	A	 0110 101A 0000 0011	0
000462	6A03	CLRF SYSWAITTEMPMS_H,ACCESS
	N	 1101 1NNN NNNN NNNN	381
000464	D97D	RCALL DELAY_MS
		ENDIF3
	N	 1101 0NNN NNNN NNNN	1523
000466	D5F3	BRA SYSDOLOOP_S1
		SYSDOLOOP_E1
		BASPROGRAMEND
000468	0003	SLEEP
	N	 1101 0NNN NNNN NNNN	2046
00046A	D7FE	BRA BASPROGRAMEND


		ANGLECHECK
	S	1111 DDDD DDDD DDDD:1100 SSSS SSSS SSSS	1297
	D	1111 DDDD DDDD DDDD:1100 0101 0001 0001	1289
00046C	C511 F509	MOVFF ANGLE,SYSWORDTEMPB
	S	1111 DDDD DDDD DDDD:1100 SSSS SSSS SSSS	1298
	D	1111 DDDD DDDD DDDD:1100 0101 0001 0010	1290
000470	C512 F50A	MOVFF ANGLE_H,SYSWORDTEMPB_H
	K	 0000 1110 KKKK KKKK	127
000474	0E7F	MOVLW 127
	F	 0110 111A FFFF FFFF	1285
	A	 0110 111A 0000 0101	0
000476	6E05	MOVWF SYSWORDTEMPA,ACCESS
	F	 0110 101A FFFF FFFF	1286
	A	 0110 101A 0000 0110	0
000478	6A06	CLRF SYSWORDTEMPA_H,ACCESS
	K	1111 KKKK KKKK KKKK:1110 110S KKKK KKKK	6202
	S	1111 0000 0000 1100:1110 110S 0001 1101	0
00047A	EC1D F00C	CALL SYSCOMPLESSTHAN16
	F	 1010 BBBA FFFF FFFF	1280
	B	 1010 BBBA 0000 0000	0
	A	 1010 000A 0000 0000	0
00047E	A000	BTFSS SYSBYTETEMPX,0,ACCESS
	N	 1101 0NNN NNNN NNNN	5
000480	D005	BRA ELSE4_1
	K	 0000 1110 KKKK KKKK	127
000482	0E7F	MOVLW 127
	F	 0101 11DA FFFF FFFF	1297
	D	 0101 11DA 0001 0001	1
	A	 0101 111A 0001 0001	0
000484	5E11	SUBWF ANGLE,F,ACCESS
	K	 0000 1110 KKKK KKKK	0
000486	0E00	MOVLW 0
	F	 0101 10DA FFFF FFFF	1298
	D	 0101 10DA 0001 0010	1
	A	 0101 101A 0001 0010	0
000488	5A12	SUBWFB ANGLE_H,F,ACCESS
	N	 1101 0NNN NNNN NNNN	4
00048A	D004	BRA ENDIF4
		ELSE4_1
	K	 0000 1110 KKKK KKKK	40
00048C	0E28	MOVLW 40
	F	 0010 01DA FFFF FFFF	1297
	D	 0010 01DA 0001 0001	1
	A	 0010 011A 0001 0001	0
00048E	2611	ADDWF ANGLE,F,ACCESS
	K	 0000 1110 KKKK KKKK	1
000490	0E01	MOVLW 1
	F	 0010 00DA FFFF FFFF	1298
	D	 0010 00DA 0001 0010	1
	A	 0010 001A 0001 0010	0
000492	2212	ADDWFC ANGLE_H,F,ACCESS
		ENDIF4
	S	 0000 0000 0001 001S	0
000494	0012	RETURN


		FN_ASC
	F	 0110 101A FFFF FFFF	1299
	A	 0110 101A 0001 0011	0
000496	6A13	CLRF ASC,ACCESS
	S	1111 DDDD DDDD DDDD:1100 SSSS SSSS SSSS	1446
	D	1111 DDDD DDDD DDDD:1100 0101 1010 0110	1257
000498	C5A6 F4E9	MOVFF SYSSYSINSTRINGAHANDLER,AFSR0
	S	1111 DDDD DDDD DDDD:1100 SSSS SSSS SSSS	1447
	D	1111 DDDD DDDD DDDD:1100 0101 1010 0111	1258
00049C	C5A7 F4EA	MOVFF SYSSYSINSTRINGAHANDLER_H,AFSR0_H
	S	1111 DDDD DDDD DDDD:1100 SSSS SSSS SSSS	1263
	D	1111 DDDD DDDD DDDD:1100 0100 1110 1111	1422
0004A0	C4EF F58E	MOVFF INDF0,SYSCHARCOUNT
	K	 0000 0001 00KK KKKK	5
000000	0105	BANKSEL SYSCHARCOUNT
	F	 0101 00DA FFFF FFFF	1422
	D	 0101 00DA 1000 1110	1
	A	 0101 001A 1000 1110	1
0004A6	538E	MOVF SYSCHARCOUNT,F,BANKED
	F	 1010 BBBA FFFF FFFF	1240
	B	 1010 BBBA 1101 1000	2
	A	 1010 010A 1101 1000	0
0004A8	A4D8	BTFSS STATUS, Z,ACCESS
	N	 1101 0NNN NNNN NNNN	2
0004AA	D002	BRA ENDIF53
	K	 0000 0001 00KK KKKK	0
000000	0100	BANKSEL 0
	S	 0000 0000 0001 001S	0
0004AE	0012	RETURN
		ENDIF53
	F	 0101 00DA FFFF FFFF	1421
	D	 0101 00DA 1000 1101	0
	A	 0101 000A 1000 1101	1
0004B0	518D	MOVF SYSCHAR,W,BANKED
	F	 0101 11DA FFFF FFFF	1422
	D	 0101 11DA 1000 1110	0
	A	 0101 110A 1000 1110	1
0004B2	5D8E	SUBWF SYSCHARCOUNT,W,BANKED
	F	 1011 BBBA FFFF FFFF	1240
	B	 1011 BBBA 1101 1000	0
	A	 1011 000A 1101 1000	0
0004B4	B0D8	BTFSC STATUS, C,ACCESS
	N	 1101 0NNN NNNN NNNN	2
0004B6	D002	BRA ENDIF54
	K	 0000 0001 00KK KKKK	0
000000	0100	BANKSEL 0
	S	 0000 0000 0001 001S	0
0004BA	0012	RETURN
		ENDIF54
	F	 0101 00DA FFFF FFFF	1421
	D	 0101 00DA 1000 1101	0
	A	 0101 000A 1000 1101	1
0004BC	518D	MOVF SYSCHAR,W,BANKED
	F	 0010 01DA FFFF FFFF	1446
	D	 0010 01DA 1010 0110	0
	A	 0010 010A 1010 0110	1
0004BE	25A6	ADDWF SYSSYSINSTRINGAHANDLER,W,BANKED
	F	 0110 111A FFFF FFFF	1257
	A	 0110 111A 1110 1001	0
0004C0	6EE9	MOVWF AFSR0,ACCESS
	K	 0000 1110 KKKK KKKK	0
0004C2	0E00	MOVLW 0
	F	 0010 00DA FFFF FFFF	1447
	D	 0010 00DA 1010 0111	0
	A	 0010 000A 1010 0111	1
0004C4	21A7	ADDWFC SYSSYSINSTRINGAHANDLER_H,W,BANKED
	F	 0110 111A FFFF FFFF	1258
	A	 0110 111A 1110 1010	0
0004C6	6EEA	MOVWF AFSR0_H,ACCESS
	S	1111 DDDD DDDD DDDD:1100 SSSS SSSS SSSS	1263
	D	1111 DDDD DDDD DDDD:1100 0100 1110 1111	1299
0004C8	C4EF F513	MOVFF INDF0,ASC
	K	 0000 0001 00KK KKKK	0
000000	0100	BANKSEL 0
	S	 0000 0000 0001 001S	0
0004CE	0012	RETURN


		BOX20
	S	1111 DDDD DDDD DDDD:1100 SSSS SSSS SSSS	1368
	D	1111 DDDD DDDD DDDD:1100 0101 0101 1000	1289
0004D0	C558 F509	MOVFF LINEX1,SYSWORDTEMPB
	S	1111 DDDD DDDD DDDD:1100 SSSS SSSS SSSS	1369
	D	1111 DDDD DDDD DDDD:1100 0101 0101 1001	1290
0004D4	C559 F50A	MOVFF LINEX1_H,SYSWORDTEMPB_H
	S	1111 DDDD DDDD DDDD:1100 SSSS SSSS SSSS	1370
	D	1111 DDDD DDDD DDDD:1100 0101 0101 1010	1285
0004D8	C55A F505	MOVFF LINEX2,SYSWORDTEMPA
	S	1111 DDDD DDDD DDDD:1100 SSSS SSSS SSSS	1371
	D	1111 DDDD DDDD DDDD:1100 0101 0101 1011	1286
0004DC	C55B F506	MOVFF LINEX2_H,SYSWORDTEMPA_H
	K	1111 KKKK KKKK KKKK:1110 110S KKKK KKKK	6202
	S	1111 0000 0000 1100:1110 110S 0001 1101	0
0004E0	EC1D F00C	CALL SYSCOMPLESSTHAN16
	F	 1010 BBBA FFFF FFFF	1280
	B	 1010 BBBA 0000 0000	0
	A	 1010 000A 0000 0000	0
0004E4	A000	BTFSS SYSBYTETEMPX,0,ACCESS
	N	 1101 0NNN NNNN NNNN	12
0004E6	D00C	BRA ENDIF8
	S	1111 DDDD DDDD DDDD:1100 SSSS SSSS SSSS	1368
	D	1111 DDDD DDDD DDDD:1100 0101 0101 1000	1336
0004E8	C558 F538	MOVFF LINEX1,GLCDTEMP
	S	1111 DDDD DDDD DDDD:1100 SSSS SSSS SSSS	1369
	D	1111 DDDD DDDD DDDD:1100 0101 0101 1001	1337
0004EC	C559 F539	MOVFF LINEX1_H,GLCDTEMP_H
	S	1111 DDDD DDDD DDDD:1100 SSSS SSSS SSSS	1370
	D	1111 DDDD DDDD DDDD:1100 0101 0101 1010	1368
0004F0	C55A F558	MOVFF LINEX2,LINEX1
	S	1111 DDDD DDDD DDDD:1100 SSSS SSSS SSSS	1371
	D	1111 DDDD DDDD DDDD:1100 0101 0101 1011	1369
0004F4	C55B F559	MOVFF LINEX2_H,LINEX1_H
	S	1111 DDDD DDDD DDDD:1100 SSSS SSSS SSSS	1336
	D	1111 DDDD DDDD DDDD:1100 0101 0011 1000	1370
0004F8	C538 F55A	MOVFF GLCDTEMP,LINEX2
	S	1111 DDDD DDDD DDDD:1100 SSSS SSSS SSSS	1337
	D	1111 DDDD DDDD DDDD:1100 0101 0011 1001	1371
0004FC	C539 F55B	MOVFF GLCDTEMP_H,LINEX2_H
		ENDIF8
	S	1111 DDDD DDDD DDDD:1100 SSSS SSSS SSSS	1372
	D	1111 DDDD DDDD DDDD:1100 0101 0101 1100	1289
000500	C55C F509	MOVFF LINEY1,SYSWORDTEMPB
	S	1111 DDDD DDDD DDDD:1100 SSSS SSSS SSSS	1373
	D	1111 DDDD DDDD DDDD:1100 0101 0101 1101	1290
000504	C55D F50A	MOVFF LINEY1_H,SYSWORDTEMPB_H
	S	1111 DDDD DDDD DDDD:1100 SSSS SSSS SSSS	1374
	D	1111 DDDD DDDD DDDD:1100 0101 0101 1110	1285
000508	C55E F505	MOVFF LINEY2,SYSWORDTEMPA
	S	1111 DDDD DDDD DDDD:1100 SSSS SSSS SSSS	1375
	D	1111 DDDD DDDD DDDD:1100 0101 0101 1111	1286
00050C	C55F F506	MOVFF LINEY2_H,SYSWORDTEMPA_H
	K	1111 KKKK KKKK KKKK:1110 110S KKKK KKKK	6202
	S	1111 0000 0000 1100:1110 110S 0001 1101	0
000510	EC1D F00C	CALL SYSCOMPLESSTHAN16
	F	 1010 BBBA FFFF FFFF	1280
	B	 1010 BBBA 0000 0000	0
	A	 1010 000A 0000 0000	0
000514	A000	BTFSS SYSBYTETEMPX,0,ACCESS
	N	 1101 0NNN NNNN NNNN	12
000516	D00C	BRA ENDIF9
	S	1111 DDDD DDDD DDDD:1100 SSSS SSSS SSSS	1372
	D	1111 DDDD DDDD DDDD:1100 0101 0101 1100	1336
000518	C55C F538	MOVFF LINEY1,GLCDTEMP
	S	1111 DDDD DDDD DDDD:1100 SSSS SSSS SSSS	1373
	D	1111 DDDD DDDD DDDD:1100 0101 0101 1101	1337
00051C	C55D F539	MOVFF LINEY1_H,GLCDTEMP_H
	S	1111 DDDD DDDD DDDD:1100 SSSS SSSS SSSS	1374
	D	1111 DDDD DDDD DDDD:1100 0101 0101 1110	1372
000520	C55E F55C	MOVFF LINEY2,LINEY1
	S	1111 DDDD DDDD DDDD:1100 SSSS SSSS SSSS	1375
	D	1111 DDDD DDDD DDDD:1100 0101 0101 1111	1373
000524	C55F F55D	MOVFF LINEY2_H,LINEY1_H
	S	1111 DDDD DDDD DDDD:1100 SSSS SSSS SSSS	1336
	D	1111 DDDD DDDD DDDD:1100 0101 0011 1000	1374
000528	C538 F55E	MOVFF GLCDTEMP,LINEY2
	S	1111 DDDD DDDD DDDD:1100 SSSS SSSS SSSS	1337
	D	1111 DDDD DDDD DDDD:1100 0101 0011 1001	1375
00052C	C539 F55F	MOVFF GLCDTEMP_H,LINEY2_H
		ENDIF9
	K	 0000 1110 KKKK KKKK	1
000530	0E01	MOVLW 1
	F	 0101 11DA FFFF FFFF	1368
	D	 0101 11DA 0101 1000	0
	A	 0101 110A 0101 1000	0
000532	5C58	SUBWF LINEX1,W,ACCESS
	F	 0110 111A FFFF FFFF	1317
	A	 0110 111A 0010 0101	0
000534	6E25	MOVWF DRAWLINE,ACCESS
	K	 0000 1110 KKKK KKKK	0
000536	0E00	MOVLW 0
	F	 0101 10DA FFFF FFFF	1369
	D	 0101 10DA 0101 1001	0
	A	 0101 100A 0101 1001	0
000538	5859	SUBWFB LINEX1_H,W,ACCESS
	F	 0110 111A FFFF FFFF	1318
	A	 0110 111A 0010 0110	0
00053A	6E26	MOVWF DRAWLINE_H,ACCESS
	S	1111 DDDD DDDD DDDD:1100 SSSS SSSS SSSS	1368
	D	1111 DDDD DDDD DDDD:1100 0101 0101 1000	1289
00053C	C558 F509	MOVFF LINEX1,SYSWORDTEMPB
	S	1111 DDDD DDDD DDDD:1100 SSSS SSSS SSSS	1369
	D	1111 DDDD DDDD DDDD:1100 0101 0101 1001	1290
000540	C559 F50A	MOVFF LINEX1_H,SYSWORDTEMPB_H
	S	1111 DDDD DDDD DDDD:1100 SSSS SSSS SSSS	1370
	D	1111 DDDD DDDD DDDD:1100 0101 0101 1010	1285
000544	C55A F505	MOVFF LINEX2,SYSWORDTEMPA
	S	1111 DDDD DDDD DDDD:1100 SSSS SSSS SSSS	1371
	D	1111 DDDD DDDD DDDD:1100 0101 0101 1011	1286
000548	C55B F506	MOVFF LINEX2_H,SYSWORDTEMPA_H
	K	1111 KKKK KKKK KKKK:1110 110S KKKK KKKK	6202
	S	1111 0000 0000 1100:1110 110S 0001 1101	0
00054C	EC1D F00C	CALL SYSCOMPLESSTHAN16
	F	 1011 BBBA FFFF FFFF	1280
	B	 1011 BBBA 0000 0000	0
	A	 1011 000A 0000 0000	0
000550	B000	BTFSC SYSBYTETEMPX,0,ACCESS
	N	 1101 0NNN NNNN NNNN	35
000552	D023	BRA SYSFORLOOPEND2
		SYSFORLOOP2
	F	 0010 10DA FFFF FFFF	1317
	D	 0010 10DA 0010 0101	1
	A	 0010 101A 0010 0101	0
000554	2A25	INCF DRAWLINE,F,ACCESS
	F	 1011 BBBA FFFF FFFF	1240
	B	 1011 BBBA 1101 1000	2
	A	 1011 010A 1101 1000	0
000556	B4D8	BTFSC STATUS,Z,ACCESS
	F	 0010 10DA FFFF FFFF	1318
	D	 0010 10DA 0010 0110	1
	A	 0010 101A 0010 0110	0
000558	2A26	INCF DRAWLINE_H,F,ACCESS
	S	1111 DDDD DDDD DDDD:1100 SSSS SSSS SSSS	1317
	D	1111 DDDD DDDD DDDD:1100 0101 0010 0101	1338
00055A	C525 F53A	MOVFF DRAWLINE,GLCDX
	S	1111 DDDD DDDD DDDD:1100 SSSS SSSS SSSS	1372
	D	1111 DDDD DDDD DDDD:1100 0101 0101 1100	1339
00055E	C55C F53B	MOVFF LINEY1,GLCDY
	S	1111 DDDD DDDD DDDD:1100 SSSS SSSS SSSS	1352
	D	1111 DDDD DDDD DDDD:1100 0101 0100 1000	1323
000562	C548 F52B	MOVFF LINECOLOUR,GLCDCOLOUR
	S	1111 DDDD DDDD DDDD:1100 SSSS SSSS SSSS	1353
	D	1111 DDDD DDDD DDDD:1100 0101 0100 1001	1324
000566	C549 F52C	MOVFF LINECOLOUR_H,GLCDCOLOUR_H
	K	1111 KKKK KKKK KKKK:1110 110S KKKK KKKK	4560
	S	1111 0000 0000 1000:1110 110S 1110 1000	0
00056A	ECE8 F008	CALL PSET_SSD1306
	S	1111 DDDD DDDD DDDD:1100 SSSS SSSS SSSS	1317
	D	1111 DDDD DDDD DDDD:1100 0101 0010 0101	1338
00056E	C525 F53A	MOVFF DRAWLINE,GLCDX
	S	1111 DDDD DDDD DDDD:1100 SSSS SSSS SSSS	1374
	D	1111 DDDD DDDD DDDD:1100 0101 0101 1110	1339
000572	C55E F53B	MOVFF LINEY2,GLCDY
	S	1111 DDDD DDDD DDDD:1100 SSSS SSSS SSSS	1352
	D	1111 DDDD DDDD DDDD:1100 0101 0100 1000	1323
000576	C548 F52B	MOVFF LINECOLOUR,GLCDCOLOUR
	S	1111 DDDD DDDD DDDD:1100 SSSS SSSS SSSS	1353
	D	1111 DDDD DDDD DDDD:1100 0101 0100 1001	1324
00057A	C549 F52C	MOVFF LINECOLOUR_H,GLCDCOLOUR_H
	K	1111 KKKK KKKK KKKK:1110 110S KKKK KKKK	4560
	S	1111 0000 0000 1000:1110 110S 1110 1000	0
00057E	ECE8 F008	CALL PSET_SSD1306
	S	1111 DDDD DDDD DDDD:1100 SSSS SSSS SSSS	1317
	D	1111 DDDD DDDD DDDD:1100 0101 0010 0101	1285
000582	C525 F505	MOVFF DRAWLINE,SYSWORDTEMPA
	S	1111 DDDD DDDD DDDD:1100 SSSS SSSS SSSS	1318
	D	1111 DDDD DDDD DDDD:1100 0101 0010 0110	1286
000586	C526 F506	MOVFF DRAWLINE_H,SYSWORDTEMPA_H
	S	1111 DDDD DDDD DDDD:1100 SSSS SSSS SSSS	1370
	D	1111 DDDD DDDD DDDD:1100 0101 0101 1010	1289
00058A	C55A F509	MOVFF LINEX2,SYSWORDTEMPB
	S	1111 DDDD DDDD DDDD:1100 SSSS SSSS SSSS	1371
	D	1111 DDDD DDDD DDDD:1100 0101 0101 1011	1290
00058E	C55B F50A	MOVFF LINEX2_H,SYSWORDTEMPB_H
	K	1111 KKKK KKKK KKKK:1110 110S KKKK KKKK	6202
	S	1111 0000 0000 1100:1110 110S 0001 1101	0
000592	EC1D F00C	CALL SYSCOMPLESSTHAN16
	F	 1011 BBBA FFFF FFFF	1280
	B	 1011 BBBA 0000 0000	0
	A	 1011 000A 0000 0000	0
000596	B000	BTFSC SYSBYTETEMPX,0,ACCESS
	N	 1101 0NNN NNNN NNNN	2013
000598	D7DD	BRA SYSFORLOOP2
		SYSFORLOOPEND2
	K	 0000 1110 KKKK KKKK	1
00059A	0E01	MOVLW 1
	F	 0101 11DA FFFF FFFF	1372
	D	 0101 11DA 0101 1100	0
	A	 0101 110A 0101 1100	0
00059C	5C5C	SUBWF LINEY1,W,ACCESS
	F	 0110 111A FFFF FFFF	1317
	A	 0110 111A 0010 0101	0
00059E	6E25	MOVWF DRAWLINE,ACCESS
	K	 0000 1110 KKKK KKKK	0
0005A0	0E00	MOVLW 0
	F	 0101 10DA FFFF FFFF	1373
	D	 0101 10DA 0101 1101	0
	A	 0101 100A 0101 1101	0
0005A2	585D	SUBWFB LINEY1_H,W,ACCESS
	F	 0110 111A FFFF FFFF	1318
	A	 0110 111A 0010 0110	0
0005A4	6E26	MOVWF DRAWLINE_H,ACCESS
	S	1111 DDDD DDDD DDDD:1100 SSSS SSSS SSSS	1372
	D	1111 DDDD DDDD DDDD:1100 0101 0101 1100	1289
0005A6	C55C F509	MOVFF LINEY1,SYSWORDTEMPB
	S	1111 DDDD DDDD DDDD:1100 SSSS SSSS SSSS	1373
	D	1111 DDDD DDDD DDDD:1100 0101 0101 1101	1290
0005AA	C55D F50A	MOVFF LINEY1_H,SYSWORDTEMPB_H
	S	1111 DDDD DDDD DDDD:1100 SSSS SSSS SSSS	1374
	D	1111 DDDD DDDD DDDD:1100 0101 0101 1110	1285
0005AE	C55E F505	MOVFF LINEY2,SYSWORDTEMPA
	S	1111 DDDD DDDD DDDD:1100 SSSS SSSS SSSS	1375
	D	1111 DDDD DDDD DDDD:1100 0101 0101 1111	1286
0005B2	C55F F506	MOVFF LINEY2_H,SYSWORDTEMPA_H
	K	1111 KKKK KKKK KKKK:1110 110S KKKK KKKK	6202
	S	1111 0000 0000 1100:1110 110S 0001 1101	0
0005B6	EC1D F00C	CALL SYSCOMPLESSTHAN16
	F	 1011 BBBA FFFF FFFF	1280
	B	 1011 BBBA 0000 0000	0
	A	 1011 000A 0000 0000	0
0005BA	B000	BTFSC SYSBYTETEMPX,0,ACCESS
	N	 1101 0NNN NNNN NNNN	35
0005BC	D023	BRA SYSFORLOOPEND3
		SYSFORLOOP3
	F	 0010 10DA FFFF FFFF	1317
	D	 0010 10DA 0010 0101	1
	A	 0010 101A 0010 0101	0
0005BE	2A25	INCF DRAWLINE,F,ACCESS
	F	 1011 BBBA FFFF FFFF	1240
	B	 1011 BBBA 1101 1000	2
	A	 1011 010A 1101 1000	0
0005C0	B4D8	BTFSC STATUS,Z,ACCESS
	F	 0010 10DA FFFF FFFF	1318
	D	 0010 10DA 0010 0110	1
	A	 0010 101A 0010 0110	0
0005C2	2A26	INCF DRAWLINE_H,F,ACCESS
	S	1111 DDDD DDDD DDDD:1100 SSSS SSSS SSSS	1368
	D	1111 DDDD DDDD DDDD:1100 0101 0101 1000	1338
0005C4	C558 F53A	MOVFF LINEX1,GLCDX
	S	1111 DDDD DDDD DDDD:1100 SSSS SSSS SSSS	1317
	D	1111 DDDD DDDD DDDD:1100 0101 0010 0101	1339
0005C8	C525 F53B	MOVFF DRAWLINE,GLCDY
	S	1111 DDDD DDDD DDDD:1100 SSSS SSSS SSSS	1352
	D	1111 DDDD DDDD DDDD:1100 0101 0100 1000	1323
0005CC	C548 F52B	MOVFF LINECOLOUR,GLCDCOLOUR
	S	1111 DDDD DDDD DDDD:1100 SSSS SSSS SSSS	1353
	D	1111 DDDD DDDD DDDD:1100 0101 0100 1001	1324
0005D0	C549 F52C	MOVFF LINECOLOUR_H,GLCDCOLOUR_H
	K	1111 KKKK KKKK KKKK:1110 110S KKKK KKKK	4560
	S	1111 0000 0000 1000:1110 110S 1110 1000	0
0005D4	ECE8 F008	CALL PSET_SSD1306
	S	1111 DDDD DDDD DDDD:1100 SSSS SSSS SSSS	1370
	D	1111 DDDD DDDD DDDD:1100 0101 0101 1010	1338
0005D8	C55A F53A	MOVFF LINEX2,GLCDX
	S	1111 DDDD DDDD DDDD:1100 SSSS SSSS SSSS	1317
	D	1111 DDDD DDDD DDDD:1100 0101 0010 0101	1339
0005DC	C525 F53B	MOVFF DRAWLINE,GLCDY
	S	1111 DDDD DDDD DDDD:1100 SSSS SSSS SSSS	1352
	D	1111 DDDD DDDD DDDD:1100 0101 0100 1000	1323
0005E0	C548 F52B	MOVFF LINECOLOUR,GLCDCOLOUR
	S	1111 DDDD DDDD DDDD:1100 SSSS SSSS SSSS	1353
	D	1111 DDDD DDDD DDDD:1100 0101 0100 1001	1324
0005E4	C549 F52C	MOVFF LINECOLOUR_H,GLCDCOLOUR_H
	K	1111 KKKK KKKK KKKK:1110 110S KKKK KKKK	4560
	S	1111 0000 0000 1000:1110 110S 1110 1000	0
0005E8	ECE8 F008	CALL PSET_SSD1306
	S	1111 DDDD DDDD DDDD:1100 SSSS SSSS SSSS	1317
	D	1111 DDDD DDDD DDDD:1100 0101 0010 0101	1285
0005EC	C525 F505	MOVFF DRAWLINE,SYSWORDTEMPA
	S	1111 DDDD DDDD DDDD:1100 SSSS SSSS SSSS	1318
	D	1111 DDDD DDDD DDDD:1100 0101 0010 0110	1286
0005F0	C526 F506	MOVFF DRAWLINE_H,SYSWORDTEMPA_H
	S	1111 DDDD DDDD DDDD:1100 SSSS SSSS SSSS	1374
	D	1111 DDDD DDDD DDDD:1100 0101 0101 1110	1289
0005F4	C55E F509	MOVFF LINEY2,SYSWORDTEMPB
	S	1111 DDDD DDDD DDDD:1100 SSSS SSSS SSSS	1375
	D	1111 DDDD DDDD DDDD:1100 0101 0101 1111	1290
0005F8	C55F F50A	MOVFF LINEY2_H,SYSWORDTEMPB_H
	K	1111 KKKK KKKK KKKK:1110 110S KKKK KKKK	6202
	S	1111 0000 0000 1100:1110 110S 0001 1101	0
0005FC	EC1D F00C	CALL SYSCOMPLESSTHAN16
	F	 1011 BBBA FFFF FFFF	1280
	B	 1011 BBBA 0000 0000	0
	A	 1011 000A 0000 0000	0
000600	B000	BTFSC SYSBYTETEMPX,0,ACCESS
	N	 1101 0NNN NNNN NNNN	2013
000602	D7DD	BRA SYSFORLOOP3
		SYSFORLOOPEND3
	S	 0000 0000 0001 001S	0
000604	0012	RETURN


		FN_COS
	S	1111 DDDD DDDD DDDD:1100 SSSS SSSS SSSS	1461
	D	1111 DDDD DDDD DDDD:1100 0101 1011 0101	1285
000606	C5B5 F505	MOVFF TRIG_ARG2,SYSINTEGERTEMPA
	S	1111 DDDD DDDD DDDD:1100 SSSS SSSS SSSS	1462
	D	1111 DDDD DDDD DDDD:1100 0101 1011 0110	1286
00060A	C5B6 F506	MOVFF TRIG_ARG2_H,SYSINTEGERTEMPA_H
	F	 0110 101A FFFF FFFF	1289
	A	 0110 101A 0000 1001	0
00060E	6A09	CLRF SYSINTEGERTEMPB,ACCESS
	F	 0110 101A FFFF FFFF	1290
	A	 0110 101A 0000 1010	0
000610	6A0A	CLRF SYSINTEGERTEMPB_H,ACCESS
	K	1111 KKKK KKKK KKKK:1110 110S KKKK KKKK	6274
	S	1111 0000 0000 1100:1110 110S 0100 0001	0
000612	EC41 F00C	CALL SYSCOMPLESSTHANINT
	F	 1010 BBBA FFFF FFFF	1280
	B	 1010 BBBA 0000 0000	0
	A	 1010 000A 0000 0000	0
000616	A000	BTFSS SYSBYTETEMPX,0,ACCESS
	N	 1101 0NNN NNNN NNNN	12
000618	D00C	BRA ENDIF16
	S	1111 DDDD DDDD DDDD:1100 SSSS SSSS SSSS	1461
	D	1111 DDDD DDDD DDDD:1100 0101 1011 0101	1285
00061A	C5B5 F505	MOVFF TRIG_ARG2,SYSINTEGERTEMPA
	S	1111 DDDD DDDD DDDD:1100 SSSS SSSS SSSS	1462
	D	1111 DDDD DDDD DDDD:1100 0101 1011 0110	1286
00061E	C5B6 F506	MOVFF TRIG_ARG2_H,SYSINTEGERTEMPA_H
	F	 0110 100A FFFF FFFF	1289
	A	 0110 100A 0000 1001	0
000622	6809	SETF SYSINTEGERTEMPB,ACCESS
	F	 0110 100A FFFF FFFF	1290
	A	 0110 100A 0000 1010	0
000624	680A	SETF SYSINTEGERTEMPB_H,ACCESS
	K	1111 KKKK KKKK KKKK:1110 110S KKKK KKKK	6910
	S	1111 0000 0000 1101:1110 110S 0111 1111	0
000626	EC7F F00D	CALL SYSMULTSUBINT
	S	1111 DDDD DDDD DDDD:1100 SSSS SSSS SSSS	1280
	D	1111 DDDD DDDD DDDD:1100 0101 0000 0000	1461
00062A	C500 F5B5	MOVFF SYSINTEGERTEMPX,TRIG_ARG2
	S	1111 DDDD DDDD DDDD:1100 SSSS SSSS SSSS	1281
	D	1111 DDDD DDDD DDDD:1100 0101 0000 0001	1462
00062E	C501 F5B6	MOVFF SYSINTEGERTEMPX_H,TRIG_ARG2_H
		ENDIF16
	S	1111 DDDD DDDD DDDD:1100 SSSS SSSS SSSS	1461
	D	1111 DDDD DDDD DDDD:1100 0101 1011 0101	1285
000632	C5B5 F505	MOVFF TRIG_ARG2,SYSINTEGERTEMPA
	S	1111 DDDD DDDD DDDD:1100 SSSS SSSS SSSS	1462
	D	1111 DDDD DDDD DDDD:1100 0101 1011 0110	1286
000636	C5B6 F506	MOVFF TRIG_ARG2_H,SYSINTEGERTEMPA_H
	K	 0000 1110 KKKK KKKK	104
00063A	0E68	MOVLW 104
	F	 0110 111A FFFF FFFF	1289
	A	 0110 111A 0000 1001	0
00063C	6E09	MOVWF SYSINTEGERTEMPB,ACCESS
	K	 0000 1110 KKKK KKKK	1
00063E	0E01	MOVLW 1
	F	 0110 111A FFFF FFFF	1290
	A	 0110 111A 0000 1010	0
000640	6E0A	MOVWF SYSINTEGERTEMPB_H,ACCESS
	K	1111 KKKK KKKK KKKK:1110 110S KKKK KKKK	6680
	S	1111 0000 0000 1101:1110 110S 0000 1100	0
000642	EC0C F00D	CALL SYSDIVSUBINT
	S	1111 DDDD DDDD DDDD:1100 SSSS SSSS SSSS	1280
	D	1111 DDDD DDDD DDDD:1100 0101 0000 0000	1461
000646	C500 F5B5	MOVFF SYSINTEGERTEMPX,TRIG_ARG2
	S	1111 DDDD DDDD DDDD:1100 SSSS SSSS SSSS	1281
	D	1111 DDDD DDDD DDDD:1100 0101 0000 0001	1462
00064A	C501 F5B6	MOVFF SYSINTEGERTEMPX_H,TRIG_ARG2_H
	K	 0000 1110 KKKK KKKK	1
00064E	0E01	MOVLW 1
	K	 0000 0001 00KK KKKK	5
000000	0105	BANKSEL TRIG_SIGN
	F	 0110 111A FFFF FFFF	1466
	A	 0110 111A 1011 1010	1
000652	6FBA	MOVWF TRIG_SIGN,BANKED
	F	 0110 101A FFFF FFFF	1467
	A	 0110 101A 1011 1011	1
000654	6BBB	CLRF TRIG_SIGN_H,BANKED
	S	1111 DDDD DDDD DDDD:1100 SSSS SSSS SSSS	1461
	D	1111 DDDD DDDD DDDD:1100 0101 1011 0101	1289
000656	C5B5 F509	MOVFF TRIG_ARG2,SYSINTEGERTEMPB
	S	1111 DDDD DDDD DDDD:1100 SSSS SSSS SSSS	1462
	D	1111 DDDD DDDD DDDD:1100 0101 1011 0110	1290
00065A	C5B6 F50A	MOVFF TRIG_ARG2_H,SYSINTEGERTEMPB_H
	K	 0000 1110 KKKK KKKK	90
00065E	0E5A	MOVLW 90
	F	 0110 111A FFFF FFFF	1285
	A	 0110 111A 0000 0101	0
000660	6E05	MOVWF SYSINTEGERTEMPA,ACCESS
	F	 0110 101A FFFF FFFF	1286
	A	 0110 101A 0000 0110	0
000662	6A06	CLRF SYSINTEGERTEMPA_H,ACCESS
	K	 0000 0001 00KK KKKK	0
000000	0100	BANKSEL 0
	K	1111 KKKK KKKK KKKK:1110 110S KKKK KKKK	6274
	S	1111 0000 0000 1100:1110 110S 0100 0001	0
000666	EC41 F00C	CALL SYSCOMPLESSTHANINT
	S	1111 DDDD DDDD DDDD:1100 SSSS SSSS SSSS	1280
	D	1111 DDDD DDDD DDDD:1100 0101 0000 0000	1450
00066A	C500 F5AA	MOVFF SYSBYTETEMPX,SYSTEMP1
	S	1111 DDDD DDDD DDDD:1100 SSSS SSSS SSSS	1461
	D	1111 DDDD DDDD DDDD:1100 0101 1011 0101	1285
00066E	C5B5 F505	MOVFF TRIG_ARG2,SYSINTEGERTEMPA
	S	1111 DDDD DDDD DDDD:1100 SSSS SSSS SSSS	1462
	D	1111 DDDD DDDD DDDD:1100 0101 1011 0110	1286
000672	C5B6 F506	MOVFF TRIG_ARG2_H,SYSINTEGERTEMPA_H
	K	 0000 1110 KKKK KKKK	14
000676	0E0E	MOVLW 14
	F	 0110 111A FFFF FFFF	1289
	A	 0110 111A 0000 1001	0
000678	6E09	MOVWF SYSINTEGERTEMPB,ACCESS
	K	 0000 1110 KKKK KKKK	1
00067A	0E01	MOVLW 1
	F	 0110 111A FFFF FFFF	1290
	A	 0110 111A 0000 1010	0
00067C	6E0A	MOVWF SYSINTEGERTEMPB_H,ACCESS
	K	1111 KKKK KKKK KKKK:1110 110S KKKK KKKK	6274
	S	1111 0000 0000 1100:1110 110S 0100 0001	0
00067E	EC41 F00C	CALL SYSCOMPLESSTHANINT
	K	 0000 0001 00KK KKKK	5
000000	0105	BANKSEL SYSTEMP1
	F	 0101 00DA FFFF FFFF	1450
	D	 0101 00DA 1010 1010	0
	A	 0101 000A 1010 1010	1
000684	51AA	MOVF SYSTEMP1,W,BANKED
	F	 0001 01DA FFFF FFFF	1280
	D	 0001 01DA 0000 0000	0
	A	 0001 010A 0000 0000	0
000686	1400	ANDWF SYSBYTETEMPX,W,ACCESS
	F	 0110 111A FFFF FFFF	1454
	A	 0110 111A 1010 1110	1
000688	6FAE	MOVWF SYSTEMP2,BANKED
	F	 1010 BBBA FFFF FFFF	1454
	B	 1010 BBBA 1010 1110	0
	A	 1010 000A 1010 1110	1
00068A	A1AE	BTFSS SYSTEMP2,0,BANKED
	N	 1101 0NNN NNNN NNNN	2
00068C	D002	BRA ENDIF17
	F	 0110 100A FFFF FFFF	1466
	A	 0110 100A 1011 1010	1
00068E	69BA	SETF TRIG_SIGN,BANKED
	F	 0110 100A FFFF FFFF	1467
	A	 0110 100A 1011 1011	1
000690	69BB	SETF TRIG_SIGN_H,BANKED
		ENDIF17
	S	1111 DDDD DDDD DDDD:1100 SSSS SSSS SSSS	1461
	D	1111 DDDD DDDD DDDD:1100 0101 1011 0101	1459
000692	C5B5 F5B3	MOVFF TRIG_ARG2,TRIG_ARG1
	S	1111 DDDD DDDD DDDD:1100 SSSS SSSS SSSS	1462
	D	1111 DDDD DDDD DDDD:1100 0101 1011 0110	1460
000696	C5B6 F5B4	MOVFF TRIG_ARG2_H,TRIG_ARG1_H
	K	 0000 0001 00KK KKKK	0
000000	0100	BANKSEL 0
	K	1111 KKKK KKKK KKKK:1110 110S KKKK KKKK	7014
	S	1111 0000 0000 1101:1110 110S 1011 0011	0
00069C	ECB3 F00D	CALL FN_TRIG_REF
	S	1111 DDDD DDDD DDDD:1100 SSSS SSSS SSSS	1464
	D	1111 DDDD DDDD DDDD:1100 0101 1011 1000	1461
0006A0	C5B8 F5B5	MOVFF TRIG_REF,TRIG_ARG2
	S	1111 DDDD DDDD DDDD:1100 SSSS SSSS SSSS	1465
	D	1111 DDDD DDDD DDDD:1100 0101 1011 1001	1462
0006A4	C5B9 F5B6	MOVFF TRIG_REF_H,TRIG_ARG2_H
	K	 0000 0001 00KK KKKK	5
000000	0105	BANKSEL TRIG_ARG2
	F	 0101 00DA FFFF FFFF	1461
	D	 0101 00DA 1011 0101	0
	A	 0101 000A 1011 0101	1
0006AA	51B5	MOVF TRIG_ARG2,W,BANKED
	K	 0000 1000 KKKK KKKK	90
0006AC	085A	SUBLW 90
	F	 0110 111A FFFF FFFF	1461
	A	 0110 111A 1011 0101	1
0006AE	6FB5	MOVWF TRIG_ARG2,BANKED
	F	 0110 101A FFFF FFFF	1450
	A	 0110 101A 1010 1010	1
0006B0	6BAA	CLRF SYSTEMP1,BANKED
	F	 0101 00DA FFFF FFFF	1462
	D	 0101 00DA 1011 0110	0
	A	 0101 000A 1011 0110	1
0006B2	51B6	MOVF TRIG_ARG2_H,W,BANKED
	F	 0101 10DA FFFF FFFF	1450
	D	 0101 10DA 1010 1010	0
	A	 0101 100A 1010 1010	1
0006B4	59AA	SUBWFB SYSTEMP1,W,BANKED
	F	 0110 111A FFFF FFFF	1462
	A	 0110 111A 1011 0110	1
0006B6	6FB6	MOVWF TRIG_ARG2_H,BANKED
	F	 0010 10DA FFFF FFFF	1461
	D	 0010 10DA 1011 0101	0
	A	 0010 100A 1011 0101	1
0006B8	29B5	INCF TRIG_ARG2,W,BANKED
	F	 0110 111A FFFF FFFF	1463
	A	 0110 111A 1011 0111	1
0006BA	6FB7	MOVWF TRIG_I,BANKED
	S	1111 DDDD DDDD DDDD:1100 SSSS SSSS SSSS	1463
	D	1111 DDDD DDDD DDDD:1100 0101 1011 0111	1287
0006BC	C5B7 F507	MOVFF TRIG_I,SYSSTRINGA
	K	 0000 0001 00KK KKKK	0
000000	0100	BANKSEL 0
	K	1111 KKKK KKKK KKKK:1110 110S KKKK KKKK	5654
	S	1111 0000 0000 1011:1110 110S 0000 1011	0
0006C2	EC0B F00B	CALL SINETAB
	K	 0000 0001 00KK KKKK	5
000000	0105	BANKSEL TRIG_VAL
	F	 0110 111A FFFF FFFF	1468
	A	 0110 111A 1011 1100	1
0006C8	6FBC	MOVWF TRIG_VAL,BANKED
	F	 0110 101A FFFF FFFF	1469
	A	 0110 101A 1011 1101	1
0006CA	6BBD	CLRF TRIG_VAL_H,BANKED
	S	1111 DDDD DDDD DDDD:1100 SSSS SSSS SSSS	1466
	D	1111 DDDD DDDD DDDD:1100 0101 1011 1010	1285
0006CC	C5BA F505	MOVFF TRIG_SIGN,SYSINTEGERTEMPA
	S	1111 DDDD DDDD DDDD:1100 SSSS SSSS SSSS	1467
	D	1111 DDDD DDDD DDDD:1100 0101 1011 1011	1286
0006D0	C5BB F506	MOVFF TRIG_SIGN_H,SYSINTEGERTEMPA_H
	S	1111 DDDD DDDD DDDD:1100 SSSS SSSS SSSS	1468
	D	1111 DDDD DDDD DDDD:1100 0101 1011 1100	1289
0006D4	C5BC F509	MOVFF TRIG_VAL,SYSINTEGERTEMPB
	S	1111 DDDD DDDD DDDD:1100 SSSS SSSS SSSS	1469
	D	1111 DDDD DDDD DDDD:1100 0101 1011 1101	1290
0006D8	C5BD F50A	MOVFF TRIG_VAL_H,SYSINTEGERTEMPB_H
	K	 0000 0001 00KK KKKK	0
000000	0100	BANKSEL 0
	K	1111 KKKK KKKK KKKK:1110 110S KKKK KKKK	6910
	S	1111 0000 0000 1101:1110 110S 0111 1111	0
0006DE	EC7F F00D	CALL SYSMULTSUBINT
	S	1111 DDDD DDDD DDDD:1100 SSSS SSSS SSSS	1280
	D	1111 DDDD DDDD DDDD:1100 0101 0000 0000	1312
0006E2	C500 F520	MOVFF SYSINTEGERTEMPX,COS
	S	1111 DDDD DDDD DDDD:1100 SSSS SSSS SSSS	1281
	D	1111 DDDD DDDD DDDD:1100 0101 0000 0001	1313
0006E6	C501 F521	MOVFF SYSINTEGERTEMPX_H,COS_H
	S	 0000 0000 0001 001S	0
0006EA	0012	RETURN


		CURSOR_POSITION_SSD1306
	S	1111 DDDD DDDD DDDD:1100 SSSS SSSS SSSS	1377
	D	1111 DDDD DDDD DDDD:1100 0101 0110 0001	1402
0006EC	C561 F57A	MOVFF LOCY,POSCHARY
	K	 0000 1110 KKKK KKKK	3
0006F0	0E03	MOVLW 3
	K	 0000 0001 00KK KKKK	5
000000	0105	BANKSEL SYSREPEATTEMP4
	F	 0110 111A FFFF FFFF	1443
	A	 0110 111A 1010 0011	1
0006F4	6FA3	MOVWF SYSREPEATTEMP4,BANKED
		SYSREPEATLOOP4
	F	 1001 BBBA FFFF FFFF	1240
	B	 1001 BBBA 1101 1000	0
	A	 1001 000A 1101 1000	0
0006F6	90D8	BCF STATUS,C,ACCESS
	F	 0011 00DA FFFF FFFF	1402
	D	 0011 00DA 0111 1010	1
	A	 0011 001A 0111 1010	1
0006F8	337A	RRCF POSCHARY,F,BANKED
	F	 0010 11DA FFFF FFFF	1443
	D	 0010 11DA 1010 0011	1
	A	 0010 111A 1010 0011	1
0006FA	2FA3	DECFSZ SYSREPEATTEMP4,F,BANKED
	N	 1101 0NNN NNNN NNNN	2044
0006FC	D7FC	BRA SYSREPEATLOOP4
		SYSREPEATLOOPEND4
	K	 0000 1110 KKKK KKKK	176
0006FE	0EB0	MOVLW 176
	F	 0010 01DA FFFF FFFF	1402
	D	 0010 01DA 0111 1010	0
	A	 0010 010A 0111 1010	1
000700	257A	ADDWF POSCHARY,W,BANKED
	F	 0110 111A FFFF FFFF	1415
	A	 0110 111A 1000 0111	1
000702	6F87	MOVWF SSD1306SENDBYTE,BANKED
	K	 0000 0001 00KK KKKK	0
000000	0100	BANKSEL 0
	K	1111 KKKK KKKK KKKK:1110 110S KKKK KKKK	7142
	S	1111 0000 0000 1101:1110 110S 1111 0011	0
000706	ECF3 F00D	CALL WRITE_COMMAND_SSD1306
	K	 0000 1110 KKKK KKKK	15
00070A	0E0F	MOVLW 15
	K	 0000 0001 00KK KKKK	5
000000	0105	BANKSEL LOCX
	F	 0001 01DA FFFF FFFF	1376
	D	 0001 01DA 0110 0000	0
	A	 0001 010A 0110 0000	1
00070E	1560	ANDWF LOCX,W,BANKED
	F	 0110 111A FFFF FFFF	1400
	A	 0110 111A 0111 1000	1
000710	6F78	MOVWF POSCHARX,BANKED
	F	 0110 101A FFFF FFFF	1401
	A	 0110 101A 0111 1001	1
000712	6B79	CLRF POSCHARX_H,BANKED
	S	1111 DDDD DDDD DDDD:1100 SSSS SSSS SSSS	1400
	D	1111 DDDD DDDD DDDD:1100 0101 0111 1000	1415
000714	C578 F587	MOVFF POSCHARX,SSD1306SENDBYTE
	K	 0000 0001 00KK KKKK	0
000000	0100	BANKSEL 0
	K	1111 KKKK KKKK KKKK:1110 110S KKKK KKKK	7142
	S	1111 0000 0000 1101:1110 110S 1111 0011	0
00071A	ECF3 F00D	CALL WRITE_COMMAND_SSD1306
	S	1111 DDDD DDDD DDDD:1100 SSSS SSSS SSSS	1376
	D	1111 DDDD DDDD DDDD:1100 0101 0110 0000	1400
00071E	C560 F578	MOVFF LOCX,POSCHARX
	K	 0000 0001 00KK KKKK	5
000000	0105	BANKSEL POSCHARX_H
	F	 0110 101A FFFF FFFF	1401
	A	 0110 101A 0111 1001	1
000724	6B79	CLRF POSCHARX_H,BANKED
	K	 0000 1110 KKKK KKKK	4
000726	0E04	MOVLW 4
	F	 0110 111A FFFF FFFF	1443
	A	 0110 111A 1010 0011	1
000728	6FA3	MOVWF SYSREPEATTEMP4,BANKED
		SYSREPEATLOOP5
	F	 1001 BBBA FFFF FFFF	1240
	B	 1001 BBBA 1101 1000	0
	A	 1001 000A 1101 1000	0
00072A	90D8	BCF STATUS,C,ACCESS
	F	 0011 00DA FFFF FFFF	1401
	D	 0011 00DA 0111 1001	1
	A	 0011 001A 0111 1001	1
00072C	3379	RRCF POSCHARX_H,F,BANKED
	F	 0011 00DA FFFF FFFF	1400
	D	 0011 00DA 0111 1000	1
	A	 0011 001A 0111 1000	1
00072E	3378	RRCF POSCHARX,F,BANKED
	F	 0010 11DA FFFF FFFF	1443
	D	 0010 11DA 1010 0011	1
	A	 0010 111A 1010 0011	1
000730	2FA3	DECFSZ SYSREPEATTEMP4,F,BANKED
	N	 1101 0NNN NNNN NNNN	2043
000732	D7FB	BRA SYSREPEATLOOP5
		SYSREPEATLOOPEND5
	K	 0000 1110 KKKK KKKK	15
000734	0E0F	MOVLW 15
	F	 0001 01DA FFFF FFFF	1400
	D	 0001 01DA 0111 1000	0
	A	 0001 010A 0111 1000	1
000736	1578	ANDWF POSCHARX,W,BANKED
	F	 0110 111A FFFF FFFF	1450
	A	 0110 111A 1010 1010	1
000738	6FAA	MOVWF SYSTEMP1,BANKED
	F	 0110 101A FFFF FFFF	1451
	A	 0110 101A 1010 1011	1
00073A	6BAB	CLRF SYSTEMP1_H,BANKED
	K	 0000 1110 KKKK KKKK	16
00073C	0E10	MOVLW 16
	F	 0010 01DA FFFF FFFF	1450
	D	 0010 01DA 1010 1010	0
	A	 0010 010A 1010 1010	1
00073E	25AA	ADDWF SYSTEMP1,W,BANKED
	F	 0110 111A FFFF FFFF	1400
	A	 0110 111A 0111 1000	1
000740	6F78	MOVWF POSCHARX,BANKED
	K	 0000 1110 KKKK KKKK	0
000742	0E00	MOVLW 0
	F	 0010 00DA FFFF FFFF	1451
	D	 0010 00DA 1010 1011	0
	A	 0010 000A 1010 1011	1
000744	21AB	ADDWFC SYSTEMP1_H,W,BANKED
	F	 0110 111A FFFF FFFF	1401
	A	 0110 111A 0111 1001	1
000746	6F79	MOVWF POSCHARX_H,BANKED
	S	1111 DDDD DDDD DDDD:1100 SSSS SSSS SSSS	1400
	D	1111 DDDD DDDD DDDD:1100 0101 0111 1000	1415
000748	C578 F587	MOVFF POSCHARX,SSD1306SENDBYTE
	K	 0000 0001 00KK KKKK	0
000000	0100	BANKSEL 0
	K	1111 KKKK KKKK KKKK:1110 1111 KKKK KKKK	7142
00074E	EFF3 F00D	GOTO WRITE_COMMAND_SSD1306


		DELAY_10US
		D10US_START
	K	 0000 1110 KKKK KKKK	52
000752	0E34	MOVLW 52
	F	 0110 111A FFFF FFFF	1280
	A	 0110 111A 0000 0000	0
000754	6E00	MOVWF DELAYTEMP,ACCESS
		DELAYUS0
	F	 0010 11DA FFFF FFFF	1280
	D	 0010 11DA 0000 0000	1
	A	 0010 111A 0000 0000	0
000756	2E00	DECFSZ DELAYTEMP,F,ACCESS
	N	 1101 0NNN NNNN NNNN	2046
000758	D7FE	BRA DELAYUS0
	F	 0010 11DA FFFF FFFF	1285
	D	 0010 11DA 0000 0101	1
	A	 0010 111A 0000 0101	0
00075A	2E05	DECFSZ SYSWAITTEMP10US, F,ACCESS
	N	 1101 0NNN NNNN NNNN	2042
00075C	D7FA	BRA D10US_START
	S	 0000 0000 0001 001S	0
00075E	0012	RETURN


		DELAY_MS
	F	 0010 10DA FFFF FFFF	1283
	D	 0010 10DA 0000 0011	1
	A	 0010 101A 0000 0011	0
000760	2A03	INCF SYSWAITTEMPMS_H, F,ACCESS
		DMS_START
	K	 0000 1110 KKKK KKKK	129
000762	0E81	MOVLW 129
	F	 0110 111A FFFF FFFF	1281
	A	 0110 111A 0000 0001	0
000764	6E01	MOVWF DELAYTEMP2,ACCESS
		DMS_OUTER
	K	 0000 1110 KKKK KKKK	40
000766	0E28	MOVLW 40
	F	 0110 111A FFFF FFFF	1280
	A	 0110 111A 0000 0000	0
000768	6E00	MOVWF DELAYTEMP,ACCESS
		DMS_INNER
	F	 0010 11DA FFFF FFFF	1280
	D	 0010 11DA 0000 0000	1
	A	 0010 111A 0000 0000	0
00076A	2E00	DECFSZ DELAYTEMP, F,ACCESS
	N	 1101 0NNN NNNN NNNN	2046
00076C	D7FE	BRA DMS_INNER
	F	 0010 11DA FFFF FFFF	1281
	D	 0010 11DA 0000 0001	1
	A	 0010 111A 0000 0001	0
00076E	2E01	DECFSZ DELAYTEMP2, F,ACCESS
	N	 1101 0NNN NNNN NNNN	2042
000770	D7FA	BRA DMS_OUTER
	F	 0010 11DA FFFF FFFF	1282
	D	 0010 11DA 0000 0010	1
	A	 0010 111A 0000 0010	0
000772	2E02	DECFSZ SYSWAITTEMPMS, F,ACCESS
	N	 1101 0NNN NNNN NNNN	2038
000774	D7F6	BRA DMS_START
	F	 0010 11DA FFFF FFFF	1283
	D	 0010 11DA 0000 0011	1
	A	 0010 111A 0000 0011	0
000776	2E03	DECFSZ SYSWAITTEMPMS_H, F,ACCESS
	N	 1101 0NNN NNNN NNNN	2036
000778	D7F4	BRA DMS_START
	S	 0000 0000 0001 001S	0
00077A	0012	RETURN


		GLCDCHARCOL3
	K	 0000 1110 KKKK KKKK	113
00077C	0E71	MOVLW 113
	F	 0110 000A FFFF FFFF	1287
	A	 0110 000A 0000 0111	0
00077E	6007	CPFSLT SYSSTRINGA,ACCESS
	K	 0000 1100 KKKK KKKK	0
000780	0C00	RETLW 0
	F	 0101 00DA FFFF FFFF	1287
	D	 0101 00DA 0000 0111	0
	A	 0101 000A 0000 0111	0
000782	5007	MOVF SYSSTRINGA, W,ACCESS
	K	 0000 1111 KKKK KKKK	158
000784	0F9E	ADDLW LOW TABLEGLCDCHARCOL3
	F	 0110 111A FFFF FFFF	1270
	A	 0110 111A 1111 0110	0
000786	6EF6	MOVWF TBLPTRL,ACCESS
	K	 0000 1110 KKKK KKKK	7
000788	0E07	MOVLW HIGH TABLEGLCDCHARCOL3
	F	 1011 BBBA FFFF FFFF	1240
	B	 1011 BBBA 1101 1000	0
	A	 1011 000A 1101 1000	0
00078A	B0D8	BTFSC STATUS, C,ACCESS
	K	 0000 1111 KKKK KKKK	1
00078C	0F01	ADDLW 1
	F	 0110 111A FFFF FFFF	1271
	A	 0110 111A 1111 0111	0
00078E	6EF7	MOVWF TBLPTRH,ACCESS
	K	 0000 1110 KKKK KKKK	0
000790	0E00	MOVLW UPPER TABLEGLCDCHARCOL3
	F	 1011 BBBA FFFF FFFF	1240
	B	 1011 BBBA 1101 1000	0
	A	 1011 000A 1101 1000	0
000792	B0D8	BTFSC STATUS, C,ACCESS
	K	 0000 1111 KKKK KKKK	1
000794	0F01	ADDLW 1
	F	 0110 111A FFFF FFFF	1272
	A	 0110 111A 1111 1000	0
000796	6EF8	MOVWF TBLPTRU,ACCESS
000798	0008	TBLRD*
	F	 0101 00DA FFFF FFFF	1269
	D	 0101 00DA 1111 0101	0
	A	 0101 000A 1111 0101	0
00079A	50F5	MOVF TABLAT, W,ACCESS
	S	 0000 0000 0001 001S	0
00079C	0012	RETURN
		TABLEGLCDCHARCOL3
00079E	0070 0C10 880A 3822 0820 1020 8010 4080 0004 0000 4828 6C46 0000 2800	RAW 0070,0C10,880A,3822,0820,1020,8010,4080,0004,0000,4828,6C46,0000,2800
0007BA	0010 0010 7C40 8400 3082 784E 6C06 000C 1000 0028 6404 FEF8 FE7C	RAW 0010,0010,7C40,8400,3082,784E,6C06,000C,1000,0028,6404,FEF8,FE7C
0007D4	FEFE FE7C 4000 FEFE FEFE FE7C FE7C 024C 3E7E C67E C20E	RAW FEFE,FE7C,4000,FEFE,FEFE,FE7C,FE7C,024C,3E7E,C67E,C20E
0007EA	0400 0800 0080 FE40 7070 1070 FE10 4000 00FE F8F8 F870 F810	RAW 0400,0800,0080,FE40,7070,1070,FE10,4000,00FE,F8F8,F870,F810
000802	1090 3878 8878 8818 0000 2000 0078	RAW 1090,3878,8878,8818,0000,2000,0078


		GLCDCHARCOL4
	K	 0000 1110 KKKK KKKK	113
000810	0E71	MOVLW 113
	F	 0110 000A FFFF FFFF	1287
	A	 0110 000A 0000 0111	0
000812	6007	CPFSLT SYSSTRINGA,ACCESS
	K	 0000 1100 KKKK KKKK	0
000814	0C00	RETLW 0
	F	 0101 00DA FFFF FFFF	1287
	D	 0101 00DA 0000 0111	0
	A	 0101 000A 0000 0111	0
000816	5007	MOVF SYSSTRINGA, W,ACCESS
	K	 0000 1111 KKKK KKKK	50
000818	0F32	ADDLW LOW TABLEGLCDCHARCOL4
	F	 0110 111A FFFF FFFF	1270
	A	 0110 111A 1111 0110	0
00081A	6EF6	MOVWF TBLPTRL,ACCESS
	K	 0000 1110 KKKK KKKK	8
00081C	0E08	MOVLW HIGH TABLEGLCDCHARCOL4
	F	 1011 BBBA FFFF FFFF	1240
	B	 1011 BBBA 1101 1000	0
	A	 1011 000A 1101 1000	0
00081E	B0D8	BTFSC STATUS, C,ACCESS
	K	 0000 1111 KKKK KKKK	1
000820	0F01	ADDLW 1
	F	 0110 111A FFFF FFFF	1271
	A	 0110 111A 1111 0111	0
000822	6EF7	MOVWF TBLPTRH,ACCESS
	K	 0000 1110 KKKK KKKK	0
000824	0E00	MOVLW UPPER TABLEGLCDCHARCOL4
	F	 1011 BBBA FFFF FFFF	1240
	B	 1011 BBBA 1101 1000	0
	A	 1011 000A 1101 1000	0
000826	B0D8	BTFSC STATUS, C,ACCESS
	K	 0000 1111 KKKK KKKK	1
000828	0F01	ADDLW 1
	F	 0110 111A FFFF FFFF	1272
	A	 0110 111A 1111 1000	0
00082A	6EF8	MOVWF TBLPTRU,ACCESS
00082C	0008	TBLRD*
	F	 0101 00DA FFFF FFFF	1269
	D	 0101 00DA 1111 0101	0
	A	 0101 000A 1111 0101	0
00082E	50F5	MOVF TABLAT, W,ACCESS
	S	 0000 0000 0001 001S	0
000830	0012	RETURN
		TABLEGLCDCHARCOL4
000832	FE70 0A38 CC06 7C66 0470 1040 8838 70A2 001C 0E00 54FE 9226	RAW FE70,0A38,CC06,7C66,0470,1040,8838,70A2,001C,0E00,54FE,9226
00084A	380A 1082 A010 C010 A220 C284 2882 948A 9202 6C92 28AC	RAW 380A,1082,A010,C010,A220,C284,2882,948A,9202,6C92,28AC
000860	8228 9202 9224 8282 1292 1082 8082 8010 0804 1282 1282 0292	RAW 8228,9202,9224,8282,1292,1082,8082,8010,0804,1282,1282,0292
000878	4080 2880 A210 08FE 0482 0280 90A8 8888 FCA8 10A8 8090	RAW 4080,2880,A210,08FE,0482,0280,90A8,8888,FCA8,10A8,8090
00088E	8220 1008 2888 1028 7CA8 4080 5080 C8A0 0010 1082 0044	RAW 8220,1008,2888,1028,7CA8,4080,5080,C8A0,0010,1082,0044


		GLCDCHARCOL5
	K	 0000 1110 KKKK KKKK	113
0008A4	0E71	MOVLW 113
	F	 0110 000A FFFF FFFF	1287
	A	 0110 000A 0000 0111	0
0008A6	6007	CPFSLT SYSSTRINGA,ACCESS
	K	 0000 1100 KKKK KKKK	0
0008A8	0C00	RETLW 0
	F	 0101 00DA FFFF FFFF	1287
	D	 0101 00DA 0000 0111	0
	A	 0101 000A 0000 0111	0
0008AA	5007	MOVF SYSSTRINGA, W,ACCESS
	K	 0000 1111 KKKK KKKK	198
0008AC	0FC6	ADDLW LOW TABLEGLCDCHARCOL5
	F	 0110 111A FFFF FFFF	1270
	A	 0110 111A 1111 0110	0
0008AE	6EF6	MOVWF TBLPTRL,ACCESS
	K	 0000 1110 KKKK KKKK	8
0008B0	0E08	MOVLW HIGH TABLEGLCDCHARCOL5
	F	 1011 BBBA FFFF FFFF	1240
	B	 1011 BBBA 1101 1000	0
	A	 1011 000A 1101 1000	0
0008B2	B0D8	BTFSC STATUS, C,ACCESS
	K	 0000 1111 KKKK KKKK	1
0008B4	0F01	ADDLW 1
	F	 0110 111A FFFF FFFF	1271
	A	 0110 111A 1111 0111	0
0008B6	6EF7	MOVWF TBLPTRH,ACCESS
	K	 0000 1110 KKKK KKKK	0
0008B8	0E00	MOVLW UPPER TABLEGLCDCHARCOL5
	F	 1011 BBBA FFFF FFFF	1240
	B	 1011 BBBA 1101 1000	0
	A	 1011 000A 1101 1000	0
0008BA	B0D8	BTFSC STATUS, C,ACCESS
	K	 0000 1111 KKKK KKKK	1
0008BC	0F01	ADDLW 1
	F	 0110 111A FFFF FFFF	1272
	A	 0110 111A 1111 1000	0
0008BE	6EF8	MOVWF TBLPTRU,ACCESS
0008C0	0008	TBLRD*
	F	 0101 00DA FFFF FFFF	1269
	D	 0101 00DA 1111 0101	0
	A	 0101 000A 1111 0101	0
0008C2	50F5	MOVF TABLAT, W,ACCESS
	S	 0000 0000 0001 001S	0
0008C4	0012	RETURN
		TABLEGLCDCHARCOL5
0008C6	7C70 007C EE00 7CEE FEA8 54FE 9454 7C94 007C 009E FE28 AA10	RAW 7C70,007C,EE00,7CEE,FEA8,54FE,9454,7C94,007C,009E,FE28,AA10
0008DE	4406 7C44 607C C010 9210 A2FE 248A 928A 92E2 6C92 446C	RAW 4406,7C44,607C,C010,9210,A2FE,248A,928A,92E2,6C92,446C
0008F4	4428 F2A2 9222 8282 1292 1092 82FE 8028 1018 1282 32A2	RAW 4428,F2A2,9222,8282,1292,1092,82FE,8028,1018,1282,32A2
00090A	FE92 8080 1070 92E0 1082 0282 0480 88A8 8888 12A8 08A8	RAW FE92,8080,1070,92E0,1082,0282,0480,88A8,8888,12A8,08A8
000920	88FA FE50 08F0 2888 0828 90A8 8080 2060 A8A0 FE6C 106C	RAW 88FA,FE50,08F0,2888,0828,90A8,8080,2060,A8A0,FE6C,106C
000936	0042	RAW 0042


		GLCDCHARCOL6
	K	 0000 1110 KKKK KKKK	113
000938	0E71	MOVLW 113
	F	 0110 000A FFFF FFFF	1287
	A	 0110 000A 0000 0111	0
00093A	6007	CPFSLT SYSSTRINGA,ACCESS
	K	 0000 1100 KKKK KKKK	0
00093C	0C00	RETLW 0
	F	 0101 00DA FFFF FFFF	1287
	D	 0101 00DA 0000 0111	0
	A	 0101 000A 0000 0111	0
00093E	5007	MOVF SYSSTRINGA, W,ACCESS
	K	 0000 1111 KKKK KKKK	90
000940	0F5A	ADDLW LOW TABLEGLCDCHARCOL6
	F	 0110 111A FFFF FFFF	1270
	A	 0110 111A 1111 0110	0
000942	6EF6	MOVWF TBLPTRL,ACCESS
	K	 0000 1110 KKKK KKKK	9
000944	0E09	MOVLW HIGH TABLEGLCDCHARCOL6
	F	 1011 BBBA FFFF FFFF	1240
	B	 1011 BBBA 1101 1000	0
	A	 1011 000A 1101 1000	0
000946	B0D8	BTFSC STATUS, C,ACCESS
	K	 0000 1111 KKKK KKKK	1
000948	0F01	ADDLW 1
	F	 0110 111A FFFF FFFF	1271
	A	 0110 111A 1111 0111	0
00094A	6EF7	MOVWF TBLPTRH,ACCESS
	K	 0000 1110 KKKK KKKK	0
00094C	0E00	MOVLW UPPER TABLEGLCDCHARCOL6
	F	 1011 BBBA FFFF FFFF	1240
	B	 1011 BBBA 1101 1000	0
	A	 1011 000A 1101 1000	0
00094E	B0D8	BTFSC STATUS, C,ACCESS
	K	 0000 1111 KKKK KKKK	1
000950	0F01	ADDLW 1
	F	 0110 111A FFFF FFFF	1272
	A	 0110 111A 1111 1000	0
000952	6EF8	MOVWF TBLPTRU,ACCESS
000954	0008	TBLRD*
	F	 0101 00DA FFFF FFFF	1269
	D	 0101 00DA 1111 0101	0
	A	 0101 000A 1111 0101	0
000956	50F5	MOVF TABLAT, W,ACCESS
	S	 0000 0000 0001 001S	0
000958	0012	RETURN
		TABLEGLCDCHARCOL6
00095A	3870 0CFE CC0A 7C66 0420 3840 A210 7088 001C 0E00 54FE 44C8	RAW 3870,0CFE,CC0A,7C66,0420,3840,A210,7088,001C,0E00,54FE,44C8
000972	8200 1038 0010 0010 8A08 9280 FE96 928A 9212 0052 8200 2828 8212	RAW 8200,1038,0010,0010,8A08,9280,FE96,928A,9212,0052,8200,2828,8212
00098C	9224 4482 1292 1092 7E82 8044 2004 1282 5242 0292 4080 2880	RAW 9224,4482,1292,1092,7E82,8044,2004,1282,5242,0292,4080,2880
0009A4	8A10 2082 04FE 0880 88A8 9088 02A8 08A8 7A80 8088 0808 2888	RAW 8A10,2082,04FE,0880,88A8,9088,02A8,08A8,7A80,8088,0808,2888
0009BC	0830 80A8 4040 5080 98A0 0082 2010 0044	RAW 0830,80A8,4040,5080,98A0,0082,2010,0044


		GLCDCHARCOL7
	K	 0000 1110 KKKK KKKK	113
0009CC	0E71	MOVLW 113
	F	 0110 000A FFFF FFFF	1287
	A	 0110 000A 0000 0111	0
0009CE	6007	CPFSLT SYSSTRINGA,ACCESS
	K	 0000 1100 KKKK KKKK	0
0009D0	0C00	RETLW 0
	F	 0101 00DA FFFF FFFF	1287
	D	 0101 00DA 0000 0111	0
	A	 0101 000A 0000 0111	0
0009D2	5007	MOVF SYSSTRINGA, W,ACCESS
	K	 0000 1111 KKKK KKKK	238
0009D4	0FEE	ADDLW LOW TABLEGLCDCHARCOL7
	F	 0110 111A FFFF FFFF	1270
	A	 0110 111A 1111 0110	0
0009D6	6EF6	MOVWF TBLPTRL,ACCESS
	K	 0000 1110 KKKK KKKK	9
0009D8	0E09	MOVLW HIGH TABLEGLCDCHARCOL7
	F	 1011 BBBA FFFF FFFF	1240
	B	 1011 BBBA 1101 1000	0
	A	 1011 000A 1101 1000	0
0009DA	B0D8	BTFSC STATUS, C,ACCESS
	K	 0000 1111 KKKK KKKK	1
0009DC	0F01	ADDLW 1
	F	 0110 111A FFFF FFFF	1271
	A	 0110 111A 1111 0111	0
0009DE	6EF7	MOVWF TBLPTRH,ACCESS
	K	 0000 1110 KKKK KKKK	0
0009E0	0E00	MOVLW UPPER TABLEGLCDCHARCOL7
	F	 1011 BBBA FFFF FFFF	1240
	B	 1011 BBBA 1101 1000	0
	A	 1011 000A 1101 1000	0
0009E2	B0D8	BTFSC STATUS, C,ACCESS
	K	 0000 1111 KKKK KKKK	1
0009E4	0F01	ADDLW 1
	F	 0110 111A FFFF FFFF	1272
	A	 0110 111A 1111 1000	0
0009E6	6EF8	MOVWF TBLPTRU,ACCESS
0009E8	0008	TBLRD*
	F	 0101 00DA FFFF FFFF	1269
	D	 0101 00DA 1111 0101	0
	A	 0101 000A 1111 0101	0
0009EA	50F5	MOVF TABLAT, W,ACCESS
	S	 0000 0000 0001 001S	0
0009EC	0012	RETURN
		TABLEGLCDCHARCOL7
0009EE	1070 0A00 8806 3822 083E 1020 8010 4080 0004 0000 2428 A0C4 0000 2800	RAW 1070,0A00,8806,3822,083E,1020,8010,4080,0004,0000,2428,A0C4,0000,2800
000A0A	0010 0010 7C04 8C00 2062 6072 6C0E 003C 0000 1028 7C0C 6CF8 3844	RAW 0010,0010,7C04,8C00,2062,6072,6C0E,003C,0000,1028,7C0C,6CF8,3844
000A24	0282 FEF4 0200 8082 FEFE 0C7C 8CBC 0264 3E7E C67E 860E 4000	RAW 0282,FEF4,0200,8082,FEFE,0C7C,8CBC,0264,3E7E,C67E,860E,4000
000A3C	0800 0080 70F0 FE40 0430 F078 0000 0000 F0F0 1070 10F8 4040 38F8	RAW 0800,0080,70F0,FE40,0430,F078,0000,0000,F0F0,1070,10F8,4040,38F8
000A56	8878 8878 0000 1000 0078	RAW 8878,8878,0000,1000,0078


		GLCDCLS_SSD1306
	F	 0110 101A FFFF FFFF	1340
	A	 0110 101A 0011 1100	0
000A60	6A3C	CLRF GLCD_YORDINATE,ACCESS
	F	 0110 101A FFFF FFFF	1341
	A	 0110 101A 0011 1101	0
000A62	6A3D	CLRF GLCD_YORDINATE_H,ACCESS
	K	 0000 0001 00KK KKKK	5
000000	0105	BANKSEL SSD1306_BUFFERLOCATIONCALC
	F	 0110 101A FFFF FFFF	1416
	A	 0110 101A 1000 1000	1
000A66	6B88	CLRF SSD1306_BUFFERLOCATIONCALC,BANKED
	F	 0110 101A FFFF FFFF	1417
	A	 0110 101A 1000 1001	1
000A68	6B89	CLRF SSD1306_BUFFERLOCATIONCALC_H,BANKED
		SYSFORLOOP10
	K	 0000 0001 00KK KKKK	5
000000	0105	BANKSEL SSD1306_BUFFERLOCATIONCALC
	F	 0010 10DA FFFF FFFF	1416
	D	 0010 10DA 1000 1000	1
	A	 0010 101A 1000 1000	1
000A6C	2B88	INCF SSD1306_BUFFERLOCATIONCALC,F,BANKED
	F	 1011 BBBA FFFF FFFF	1240
	B	 1011 BBBA 1101 1000	2
	A	 1011 010A 1101 1000	0
000A6E	B4D8	BTFSC STATUS,Z,ACCESS
	F	 0010 10DA FFFF FFFF	1417
	D	 0010 10DA 1000 1001	1
	A	 0010 101A 1000 1001	1
000A70	2B89	INCF SSD1306_BUFFERLOCATIONCALC_H,F,BANKED
	F	1110 1110 00FF KKKK:1111 00KK KKKK KKKK	0
	K	1110 1110 0000 KKKK:1111 00KK KKKK KKKK	4351
000A72	EE04 F0FF	LFSR 0,SSD1306_BUFFERALIAS
	F	 0101 00DA FFFF FFFF	1416
	D	 0101 00DA 1000 1000	0
	A	 0101 000A 1000 1000	1
000A76	5188	MOVF SSD1306_BUFFERLOCATIONCALC,W,BANKED
	F	 0010 01DA FFFF FFFF	1257
	D	 0010 01DA 1110 1001	1
	A	 0010 011A 1110 1001	0
000A78	26E9	ADDWF AFSR0,F,ACCESS
	F	 0101 00DA FFFF FFFF	1417
	D	 0101 00DA 1000 1001	0
	A	 0101 000A 1000 1001	1
000A7A	5189	MOVF SSD1306_BUFFERLOCATIONCALC_H,W,BANKED
	F	 0010 00DA FFFF FFFF	1258
	D	 0010 00DA 1110 1010	1
	A	 0010 001A 1110 1010	0
000A7C	22EA	ADDWFC AFSR0_H,F,ACCESS
	F	 0110 101A FFFF FFFF	1263
	A	 0110 101A 1110 1111	0
000A7E	6AEF	CLRF INDF0,ACCESS
	S	1111 DDDD DDDD DDDD:1100 SSSS SSSS SSSS	1416
	D	1111 DDDD DDDD DDDD:1100 0101 1000 1000	1285
000A80	C588 F505	MOVFF SSD1306_BUFFERLOCATIONCALC,SYSWORDTEMPA
	S	1111 DDDD DDDD DDDD:1100 SSSS SSSS SSSS	1417
	D	1111 DDDD DDDD DDDD:1100 0101 1000 1001	1286
000A84	C589 F506	MOVFF SSD1306_BUFFERLOCATIONCALC_H,SYSWORDTEMPA_H
	F	 0110 101A FFFF FFFF	1289
	A	 0110 101A 0000 1001	0
000A88	6A09	CLRF SYSWORDTEMPB,ACCESS
	K	 0000 1110 KKKK KKKK	4
000A8A	0E04	MOVLW 4
	F	 0110 111A FFFF FFFF	1290
	A	 0110 111A 0000 1010	0
000A8C	6E0A	MOVWF SYSWORDTEMPB_H,ACCESS
	K	 0000 0001 00KK KKKK	0
000000	0100	BANKSEL 0
	K	1111 KKKK KKKK KKKK:1110 110S KKKK KKKK	6202
	S	1111 0000 0000 1100:1110 110S 0001 1101	0
000A90	EC1D F00C	CALL SYSCOMPLESSTHAN16
	F	 1011 BBBA FFFF FFFF	1280
	B	 1011 BBBA 0000 0000	0
	A	 1011 000A 0000 0000	0
000A94	B000	BTFSC SYSBYTETEMPX,0,ACCESS
	N	 1101 0NNN NNNN NNNN	2025
000A96	D7E9	BRA SYSFORLOOP10
		SYSFORLOOPEND10
	K	 0000 0001 00KK KKKK	5
000000	0105	BANKSEL SSD1306_BUFFERLOCATIONCALC
	F	 0110 101A FFFF FFFF	1416
	A	 0110 101A 1000 1000	1
000A9A	6B88	CLRF SSD1306_BUFFERLOCATIONCALC,BANKED
	F	 0110 101A FFFF FFFF	1417
	A	 0110 101A 1000 1001	1
000A9C	6B89	CLRF SSD1306_BUFFERLOCATIONCALC_H,BANKED
		SYSFORLOOP11
	K	 0000 1110 KKKK KKKK	8
000A9E	0E08	MOVLW 8
	F	 0110 111A FFFF FFFF	1426
	A	 0110 111A 1001 0010	1
000AA0	6F92	MOVWF SYSFORLOOPSTEP10,BANKED
	F	 0110 101A FFFF FFFF	1427
	A	 0110 101A 1001 0011	1
000AA2	6B93	CLRF SYSFORLOOPSTEP10_H,BANKED
	F	 0110 101A FFFF FFFF	1376
	A	 0110 101A 0110 0000	1
000AA4	6B60	CLRF LOCX,BANKED
	S	1111 DDDD DDDD DDDD:1100 SSSS SSSS SSSS	1416
	D	1111 DDDD DDDD DDDD:1100 0101 1000 1000	1377
000AA6	C588 F561	MOVFF SSD1306_BUFFERLOCATIONCALC,LOCY
	K	 0000 0001 00KK KKKK	0
000000	0100	BANKSEL 0
	N	 1101 1NNN NNNN NNNN	1567
000AAC	DE1F	RCALL CURSOR_POSITION_SSD1306
	K	1111 KKKK KKKK KKKK:1110 110S KKKK KKKK	5448
	S	1111 0000 0000 1010:1110 110S 1010 0100	0
000AAE	ECA4 F00A	CALL SI2CSTART
	K	 0000 1110 KKKK KKKK	120
000AB2	0E78	MOVLW 120
	F	 0110 111A FFFF FFFF	1351
	A	 0110 111A 0100 0111	0
000AB4	6E47	MOVWF I2CBYTE,ACCESS
	N	 1101 1NNN NNNN NNNN	407
000AB6	D997	RCALL HI2CQ24Q35SEND
	K	 0000 1110 KKKK KKKK	64
000AB8	0E40	MOVLW 64
	F	 0110 111A FFFF FFFF	1351
	A	 0110 111A 0100 0111	0
000ABA	6E47	MOVWF I2CBYTE,ACCESS
	N	 1101 1NNN NNNN NNNN	404
000ABC	D994	RCALL HI2CQ24Q35SEND
	F	 0110 100A FFFF FFFF	1336
	A	 0110 100A 0011 1000	0
000ABE	6838	SETF GLCDTEMP,ACCESS
		SYSFORLOOP12
	F	 0010 10DA FFFF FFFF	1336
	D	 0010 10DA 0011 1000	1
	A	 0010 101A 0011 1000	0
000AC0	2A38	INCF GLCDTEMP,F,ACCESS
	S	1111 DDDD DDDD DDDD:1100 SSSS SSSS SSSS	1319
	D	1111 DDDD DDDD DDDD:1100 0101 0010 0111	1351
000AC2	C527 F547	MOVFF GLCDBACKGROUND,I2CBYTE
	N	 1101 1NNN NNNN NNNN	399
000AC6	D98F	RCALL HI2CQ24Q35SEND
	K	 0000 1110 KKKK KKKK	127
000AC8	0E7F	MOVLW 127
	F	 0101 11DA FFFF FFFF	1336
	D	 0101 11DA 0011 1000	0
	A	 0101 110A 0011 1000	0
000ACA	5C38	SUBWF GLCDTEMP,W,ACCESS
	F	 1010 BBBA FFFF FFFF	1240
	B	 1010 BBBA 1101 1000	0
	A	 1010 000A 1101 1000	0
000ACC	A0D8	BTFSS STATUS, C,ACCESS
	N	 1101 0NNN NNNN NNNN	2040
000ACE	D7F8	BRA SYSFORLOOP12
		SYSFORLOOPEND12
	N	 1101 1NNN NNNN NNNN	434
000AD0	D9B2	RCALL HI2CQ24Q35STOP
	K	 0000 0001 00KK KKKK	5
000000	0105	BANKSEL SYSFORLOOPSTEP10_H
	F	 1010 BBBA FFFF FFFF	1427
	B	 1010 BBBA 1001 0011	7
	A	 1010 111A 1001 0011	1
000AD4	AF93	BTFSS SYSFORLOOPSTEP10_H,7,BANKED
	N	 1101 0NNN NNNN NNNN	40
000AD6	D028	BRA ELSE78_1
	F	 0001 11DA FFFF FFFF	1426
	D	 0001 11DA 1001 0010	0
	A	 0001 110A 1001 0010	1
000AD8	1D92	COMF SYSFORLOOPSTEP10,W,BANKED
	F	 0110 111A FFFF FFFF	1424
	A	 0110 111A 1001 0000	1
000ADA	6F90	MOVWF SYSFORLOOPABSVALUE11,BANKED
	F	 0001 11DA FFFF FFFF	1427
	D	 0001 11DA 1001 0011	0
	A	 0001 110A 1001 0011	1
000ADC	1D93	COMF SYSFORLOOPSTEP10_H,W,BANKED
	F	 0110 111A FFFF FFFF	1425
	A	 0110 111A 1001 0001	1
000ADE	6F91	MOVWF SYSFORLOOPABSVALUE11_H,BANKED
	F	 0010 10DA FFFF FFFF	1424
	D	 0010 10DA 1001 0000	1
	A	 0010 101A 1001 0000	1
000AE0	2B90	INCF SYSFORLOOPABSVALUE11,F,BANKED
	F	 1011 BBBA FFFF FFFF	1240
	B	 1011 BBBA 1101 1000	2
	A	 1011 010A 1101 1000	0
000AE2	B4D8	BTFSC STATUS,Z,ACCESS
	F	 0010 10DA FFFF FFFF	1425
	D	 0010 10DA 1001 0001	1
	A	 0010 101A 1001 0001	1
000AE4	2B91	INCF SYSFORLOOPABSVALUE11_H,F,BANKED
	K	 0000 1110 KKKK KKKK	64
000AE6	0E40	MOVLW 64
	F	 0101 11DA FFFF FFFF	1416
	D	 0101 11DA 1000 1000	0
	A	 0101 110A 1000 1000	1
000AE8	5D88	SUBWF SSD1306_BUFFERLOCATIONCALC,W,BANKED
	F	 0110 111A FFFF FFFF	1450
	A	 0110 111A 1010 1010	1
000AEA	6FAA	MOVWF SYSTEMP1,BANKED
	K	 0000 1110 KKKK KKKK	0
000AEC	0E00	MOVLW 0
	F	 0101 10DA FFFF FFFF	1417
	D	 0101 10DA 1000 1001	0
	A	 0101 100A 1000 1001	1
000AEE	5989	SUBWFB SSD1306_BUFFERLOCATIONCALC_H,W,BANKED
	F	 0110 111A FFFF FFFF	1451
	A	 0110 111A 1010 1011	1
000AF0	6FAB	MOVWF SYSTEMP1_H,BANKED
	K	 0000 1110 KKKK KKKK	1
000AF2	0E01	MOVLW 1
	F	 0101 11DA FFFF FFFF	1450
	D	 0101 11DA 1010 1010	0
	A	 0101 110A 1010 1010	1
000AF4	5DAA	SUBWF SYSTEMP1,W,BANKED
	F	 0110 111A FFFF FFFF	1454
	A	 0110 111A 1010 1110	1
000AF6	6FAE	MOVWF SYSTEMP2,BANKED
	K	 0000 1110 KKKK KKKK	0
000AF8	0E00	MOVLW 0
	F	 0101 10DA FFFF FFFF	1451
	D	 0101 10DA 1010 1011	0
	A	 0101 100A 1010 1011	1
000AFA	59AB	SUBWFB SYSTEMP1_H,W,BANKED
	F	 0110 111A FFFF FFFF	1455
	A	 0110 111A 1010 1111	1
000AFC	6FAF	MOVWF SYSTEMP2_H,BANKED
	S	1111 DDDD DDDD DDDD:1100 SSSS SSSS SSSS	1454
	D	1111 DDDD DDDD DDDD:1100 0101 1010 1110	1285
000AFE	C5AE F505	MOVFF SYSTEMP2,SYSWORDTEMPA
	S	1111 DDDD DDDD DDDD:1100 SSSS SSSS SSSS	1455
	D	1111 DDDD DDDD DDDD:1100 0101 1010 1111	1286
000B02	C5AF F506	MOVFF SYSTEMP2_H,SYSWORDTEMPA_H
	S	1111 DDDD DDDD DDDD:1100 SSSS SSSS SSSS	1424
	D	1111 DDDD DDDD DDDD:1100 0101 1001 0000	1289
000B06	C590 F509	MOVFF SYSFORLOOPABSVALUE11,SYSWORDTEMPB
	S	1111 DDDD DDDD DDDD:1100 SSSS SSSS SSSS	1425
	D	1111 DDDD DDDD DDDD:1100 0101 1001 0001	1290
000B0A	C591 F50A	MOVFF SYSFORLOOPABSVALUE11_H,SYSWORDTEMPB_H
	K	 0000 0001 00KK KKKK	0
000000	0100	BANKSEL 0
	K	1111 KKKK KKKK KKKK:1110 110S KKKK KKKK	6202
	S	1111 0000 0000 1100:1110 110S 0001 1101	0
000B10	EC1D F00C	CALL SYSCOMPLESSTHAN16
	F	 0001 11DA FFFF FFFF	1280
	D	 0001 11DA 0000 0000	1
	A	 0001 111A 0000 0000	0
000B14	1E00	COMF SYSBYTETEMPX,F,ACCESS
	F	 1010 BBBA FFFF FFFF	1280
	B	 1010 BBBA 0000 0000	0
	A	 1010 000A 0000 0000	0
000B16	A000	BTFSS SYSBYTETEMPX,0,ACCESS
	N	 1101 0NNN NNNN NNNN	6
000B18	D006	BRA ENDIF79
	K	 0000 0001 00KK KKKK	5
000000	0105	BANKSEL SYSFORLOOPSTEP10
	F	 0101 00DA FFFF FFFF	1426
	D	 0101 00DA 1001 0010	0
	A	 0101 000A 1001 0010	1
000B1C	5192	MOVF SYSFORLOOPSTEP10,W,BANKED
	F	 0010 01DA FFFF FFFF	1416
	D	 0010 01DA 1000 1000	1
	A	 0010 011A 1000 1000	1
000B1E	2788	ADDWF SSD1306_BUFFERLOCATIONCALC,F,BANKED
	F	 0101 00DA FFFF FFFF	1427
	D	 0101 00DA 1001 0011	0
	A	 0101 000A 1001 0011	1
000B20	5193	MOVF SYSFORLOOPSTEP10_H,W,BANKED
	F	 0010 00DA FFFF FFFF	1417
	D	 0010 00DA 1000 1001	1
	A	 0010 001A 1000 1001	1
000B22	2389	ADDWFC SSD1306_BUFFERLOCATIONCALC_H,F,BANKED
	N	 1101 0NNN NNNN NNNN	1980
000B24	D7BC	BRA SYSFORLOOP11
		ENDIF79
	N	 1101 0NNN NNNN NNNN	27
000B26	D01B	BRA ENDIF78
		ELSE78_1
	F	 0101 00DA FFFF FFFF	1416
	D	 0101 00DA 1000 1000	0
	A	 0101 000A 1000 1000	1
000B28	5188	MOVF SSD1306_BUFFERLOCATIONCALC,W,BANKED
	K	 0000 1000 KKKK KKKK	63
000B2A	083F	SUBLW 63
	F	 0110 111A FFFF FFFF	1450
	A	 0110 111A 1010 1010	1
000B2C	6FAA	MOVWF SYSTEMP1,BANKED
	F	 0110 101A FFFF FFFF	1454
	A	 0110 101A 1010 1110	1
000B2E	6BAE	CLRF SYSTEMP2,BANKED
	F	 0101 00DA FFFF FFFF	1417
	D	 0101 00DA 1000 1001	0
	A	 0101 000A 1000 1001	1
000B30	5189	MOVF SSD1306_BUFFERLOCATIONCALC_H,W,BANKED
	F	 0101 10DA FFFF FFFF	1454
	D	 0101 10DA 1010 1110	0
	A	 0101 100A 1010 1110	1
000B32	59AE	SUBWFB SYSTEMP2,W,BANKED
	F	 0110 111A FFFF FFFF	1451
	A	 0110 111A 1010 1011	1
000B34	6FAB	MOVWF SYSTEMP1_H,BANKED
	S	1111 DDDD DDDD DDDD:1100 SSSS SSSS SSSS	1450
	D	1111 DDDD DDDD DDDD:1100 0101 1010 1010	1285
000B36	C5AA F505	MOVFF SYSTEMP1,SYSWORDTEMPA
	S	1111 DDDD DDDD DDDD:1100 SSSS SSSS SSSS	1451
	D	1111 DDDD DDDD DDDD:1100 0101 1010 1011	1286
000B3A	C5AB F506	MOVFF SYSTEMP1_H,SYSWORDTEMPA_H
	S	1111 DDDD DDDD DDDD:1100 SSSS SSSS SSSS	1426
	D	1111 DDDD DDDD DDDD:1100 0101 1001 0010	1289
000B3E	C592 F509	MOVFF SYSFORLOOPSTEP10,SYSWORDTEMPB
	S	1111 DDDD DDDD DDDD:1100 SSSS SSSS SSSS	1427
	D	1111 DDDD DDDD DDDD:1100 0101 1001 0011	1290
000B42	C593 F50A	MOVFF SYSFORLOOPSTEP10_H,SYSWORDTEMPB_H
	K	 0000 0001 00KK KKKK	0
000000	0100	BANKSEL 0
	K	1111 KKKK KKKK KKKK:1110 110S KKKK KKKK	6202
	S	1111 0000 0000 1100:1110 110S 0001 1101	0
000B48	EC1D F00C	CALL SYSCOMPLESSTHAN16
	F	 0001 11DA FFFF FFFF	1280
	D	 0001 11DA 0000 0000	1
	A	 0001 111A 0000 0000	0
000B4C	1E00	COMF SYSBYTETEMPX,F,ACCESS
	F	 1010 BBBA FFFF FFFF	1280
	B	 1010 BBBA 0000 0000	0
	A	 1010 000A 0000 0000	0
000B4E	A000	BTFSS SYSBYTETEMPX,0,ACCESS
	N	 1101 0NNN NNNN NNNN	6
000B50	D006	BRA ENDIF80
	K	 0000 0001 00KK KKKK	5
000000	0105	BANKSEL SYSFORLOOPSTEP10
	F	 0101 00DA FFFF FFFF	1426
	D	 0101 00DA 1001 0010	0
	A	 0101 000A 1001 0010	1
000B54	5192	MOVF SYSFORLOOPSTEP10,W,BANKED
	F	 0010 01DA FFFF FFFF	1416
	D	 0010 01DA 1000 1000	1
	A	 0010 011A 1000 1000	1
000B56	2788	ADDWF SSD1306_BUFFERLOCATIONCALC,F,BANKED
	F	 0101 00DA FFFF FFFF	1427
	D	 0101 00DA 1001 0011	0
	A	 0101 000A 1001 0011	1
000B58	5193	MOVF SYSFORLOOPSTEP10_H,W,BANKED
	F	 0010 00DA FFFF FFFF	1417
	D	 0010 00DA 1000 1001	1
	A	 0010 001A 1000 1001	1
000B5A	2389	ADDWFC SSD1306_BUFFERLOCATIONCALC_H,F,BANKED
	N	 1101 0NNN NNNN NNNN	1952
000B5C	D7A0	BRA SYSFORLOOP11
		ENDIF80
		ENDIF78
		SYSFORLOOPEND11
	K	 0000 0001 00KK KKKK	5
000000	0105	BANKSEL LOCX
	F	 0110 101A FFFF FFFF	1376
	A	 0110 101A 0110 0000	1
000B60	6B60	CLRF LOCX,BANKED
	F	 0110 101A FFFF FFFF	1377
	A	 0110 101A 0110 0001	1
000B62	6B61	CLRF LOCY,BANKED
	K	 0000 0001 00KK KKKK	0
000000	0100	BANKSEL 0
	N	 1101 1NNN NNNN NNNN	1474
000B66	DDC2	RCALL CURSOR_POSITION_SSD1306
	K	 0000 0001 00KK KKKK	5
000000	0105	BANKSEL PRINTLOCX
	F	 0110 101A FFFF FFFF	1403
	A	 0110 101A 0111 1011	1
000B6A	6B7B	CLRF PRINTLOCX,BANKED
	F	 0110 101A FFFF FFFF	1405
	A	 0110 101A 0111 1101	1
000B6C	6B7D	CLRF PRINTLOCY,BANKED
	K	 0000 0001 00KK KKKK	0
000000	0100	BANKSEL 0
	S	 0000 0000 0001 001S	0
000B70	0012	RETURN


		GLCDDRAWCHAR_SSD1306
	S	1111 DDDD DDDD DDDD:1100 SSSS SSSS SSSS	1352
	D	1111 DDDD DDDD DDDD:1100 0101 0100 1000	1285
000B72	C548 F505	MOVFF LINECOLOUR,SYSWORDTEMPA
	S	1111 DDDD DDDD DDDD:1100 SSSS SSSS SSSS	1353
	D	1111 DDDD DDDD DDDD:1100 0101 0100 1001	1286
000B76	C549 F506	MOVFF LINECOLOUR_H,SYSWORDTEMPA_H
	S	1111 DDDD DDDD DDDD:1100 SSSS SSSS SSSS	1330
	D	1111 DDDD DDDD DDDD:1100 0101 0011 0010	1289
000B7A	C532 F509	MOVFF GLCDFOREGROUND,SYSWORDTEMPB
	S	1111 DDDD DDDD DDDD:1100 SSSS SSSS SSSS	1331
	D	1111 DDDD DDDD DDDD:1100 0101 0011 0011	1290
000B7E	C533 F50A	MOVFF GLCDFOREGROUND_H,SYSWORDTEMPB_H
	K	1111 KKKK KKKK KKKK:1110 110S KKKK KKKK	6144
	S	1111 0000 0000 1100:1110 110S 0000 0000	0
000B82	EC00 F00C	CALL SYSCOMPEQUAL16
	F	 0001 11DA FFFF FFFF	1280
	D	 0001 11DA 0000 0000	1
	A	 0001 111A 0000 0000	0
000B86	1E00	COMF SYSBYTETEMPX,F,ACCESS
	F	 1010 BBBA FFFF FFFF	1280
	B	 1010 BBBA 0000 0000	0
	A	 1010 000A 0000 0000	0
000B88	A000	BTFSS SYSBYTETEMPX,0,ACCESS
	N	 1101 0NNN NNNN NNNN	5
000B8A	D005	BRA ENDIF55
	K	 0000 1110 KKKK KKKK	1
000B8C	0E01	MOVLW 1
	F	 0110 111A FFFF FFFF	1319
	A	 0110 111A 0010 0111	0
000B8E	6E27	MOVWF GLCDBACKGROUND,ACCESS
	F	 0110 101A FFFF FFFF	1320
	A	 0110 101A 0010 1000	0
000B90	6A28	CLRF GLCDBACKGROUND_H,ACCESS
	F	 0110 101A FFFF FFFF	1330
	A	 0110 101A 0011 0010	0
000B92	6A32	CLRF GLCDFOREGROUND,ACCESS
	F	 0110 101A FFFF FFFF	1331
	A	 0110 101A 0011 0011	0
000B94	6A33	CLRF GLCDFOREGROUND_H,ACCESS
		ENDIF55
	K	 0000 1110 KKKK KKKK	15
000B96	0E0F	MOVLW 15
	F	 0101 11DA FFFF FFFF	1300
	D	 0101 11DA 0001 0100	1
	A	 0101 111A 0001 0100	0
000B98	5E14	SUBWF CHARCODE,F,ACCESS
	F	 0110 101A FFFF FFFF	1301
	A	 0110 101A 0001 0101	0
000B9A	6A15	CLRF CHARCOL,ACCESS
	F	 0110 101A FFFF FFFF	1302
	A	 0110 101A 0001 0110	0
000B9C	6A16	CLRF CHARCOL_H,ACCESS
	S	1111 DDDD DDDD DDDD:1100 SSSS SSSS SSSS	1304
	D	1111 DDDD DDDD DDDD:1100 0101 0001 1000	1376
000B9E	C518 F560	MOVFF CHARLOCX,LOCX
	S	1111 DDDD DDDD DDDD:1100 SSSS SSSS SSSS	1306
	D	1111 DDDD DDDD DDDD:1100 0101 0001 1010	1377
000BA2	C51A F561	MOVFF CHARLOCY,LOCY
	N	 1101 1NNN NNNN NNNN	1442
000BA6	DDA2	RCALL CURSOR_POSITION_SSD1306
	S	1111 DDDD DDDD DDDD:1100 SSSS SSSS SSSS	1300
	D	1111 DDDD DDDD DDDD:1100 0101 0001 0100	1285
000BA8	C514 F505	MOVFF CHARCODE,SYSBYTETEMPA
	K	 0000 1110 KKKK KKKK	178
000BAC	0EB2	MOVLW 178
	F	 0110 111A FFFF FFFF	1289
	A	 0110 111A 0000 1001	0
000BAE	6E09	MOVWF SYSBYTETEMPB,ACCESS
	K	1111 KKKK KKKK KKKK:1110 110S KKKK KKKK	6192
	S	1111 0000 0000 1100:1110 110S 0001 1000	0
000BB0	EC18 F00C	CALL SYSCOMPLESSTHAN
	F	 0001 11DA FFFF FFFF	1280
	D	 0001 11DA 0000 0000	1
	A	 0001 111A 0000 0000	0
000BB4	1E00	COMF SYSBYTETEMPX,F,ACCESS
	S	1111 DDDD DDDD DDDD:1100 SSSS SSSS SSSS	1280
	D	1111 DDDD DDDD DDDD:1100 0101 0000 0000	1450
000BB6	C500 F5AA	MOVFF SYSBYTETEMPX,SYSTEMP1
	S	1111 DDDD DDDD DDDD:1100 SSSS SSSS SSSS	1300
	D	1111 DDDD DDDD DDDD:1100 0101 0001 0100	1289
000BBA	C514 F509	MOVFF CHARCODE,SYSBYTETEMPB
	K	 0000 1110 KKKK KKKK	202
000BBE	0ECA	MOVLW 202
	F	 0110 111A FFFF FFFF	1285
	A	 0110 111A 0000 0101	0
000BC0	6E05	MOVWF SYSBYTETEMPA,ACCESS
	K	1111 KKKK KKKK KKKK:1110 110S KKKK KKKK	6192
	S	1111 0000 0000 1100:1110 110S 0001 1000	0
000BC2	EC18 F00C	CALL SYSCOMPLESSTHAN
	F	 0001 11DA FFFF FFFF	1280
	D	 0001 11DA 0000 0000	1
	A	 0001 111A 0000 0000	0
000BC6	1E00	COMF SYSBYTETEMPX,F,ACCESS
	K	 0000 0001 00KK KKKK	5
000000	0105	BANKSEL SYSTEMP1
	F	 0101 00DA FFFF FFFF	1450
	D	 0101 00DA 1010 1010	0
	A	 0101 000A 1010 1010	1
000BCA	51AA	MOVF SYSTEMP1,W,BANKED
	F	 0001 01DA FFFF FFFF	1280
	D	 0001 01DA 0000 0000	0
	A	 0001 010A 0000 0000	0
000BCC	1400	ANDWF SYSBYTETEMPX,W,ACCESS
	F	 0110 111A FFFF FFFF	1454
	A	 0110 111A 1010 1110	1
000BCE	6FAE	MOVWF SYSTEMP2,BANKED
	F	 1010 BBBA FFFF FFFF	1454
	B	 1010 BBBA 1010 1110	0
	A	 1010 000A 1010 1110	1
000BD0	A1AE	BTFSS SYSTEMP2,0,BANKED
	N	 1101 0NNN NNNN NNNN	4
000BD2	D004	BRA ENDIF56
	K	 0000 1110 KKKK KKKK	1
000BD4	0E01	MOVLW 1
	F	 0101 11DA FFFF FFFF	1306
	D	 0101 11DA 0001 1010	1
	A	 0101 111A 0001 1010	0
000BD6	5E1A	SUBWF CHARLOCY,F,ACCESS
	K	 0000 1110 KKKK KKKK	0
000BD8	0E00	MOVLW 0
	F	 0101 10DA FFFF FFFF	1307
	D	 0101 10DA 0001 1011	1
	A	 0101 101A 0001 1011	0
000BDA	5A1B	SUBWFB CHARLOCY_H,F,ACCESS
		ENDIF56
	F	 0110 101A FFFF FFFF	1314
	A	 0110 101A 0010 0010	0
000BDC	6A22	CLRF CURRCHARCOL,ACCESS
		SYSFORLOOP6
	F	 0010 10DA FFFF FFFF	1314
	D	 0010 10DA 0010 0010	1
	A	 0010 101A 0010 0010	0
000BDE	2A22	INCF CURRCHARCOL,F,ACCESS
		SYSSELECT2CASE1
	F	 0000 01DA FFFF FFFF	1314
	D	 0000 01DA 0010 0010	0
	A	 0000 010A 0010 0010	0
000BE0	0422	DECF CURRCHARCOL,W,ACCESS
	F	 1010 BBBA FFFF FFFF	1240
	B	 1010 BBBA 1101 1000	2
	A	 1010 010A 1101 1000	0
000BE2	A4D8	BTFSS STATUS, Z,ACCESS
	N	 1101 0NNN NNNN NNNN	6
000BE4	D006	BRA SYSSELECT2CASE2
	S	1111 DDDD DDDD DDDD:1100 SSSS SSSS SSSS	1300
	D	1111 DDDD DDDD DDDD:1100 0101 0001 0100	1287
000BE6	C514 F507	MOVFF CHARCODE,SYSSTRINGA
	K	 0000 0001 00KK KKKK	0
000000	0100	BANKSEL 0
	N	 1101 1NNN NNNN NNNN	1479
000BEC	DDC7	RCALL GLCDCHARCOL3
	F	 0110 111A FFFF FFFF	1316
	A	 0110 111A 0010 0100	0
000BEE	6E24	MOVWF CURRCHARVAL,ACCESS
	N	 1101 0NNN NNNN NNNN	39
000BF0	D027	BRA SYSSELECTEND2
		SYSSELECT2CASE2
	K	 0000 1110 KKKK KKKK	2
000BF2	0E02	MOVLW 2
	F	 0101 11DA FFFF FFFF	1314
	D	 0101 11DA 0010 0010	0
	A	 0101 110A 0010 0010	0
000BF4	5C22	SUBWF CURRCHARCOL,W,ACCESS
	F	 1010 BBBA FFFF FFFF	1240
	B	 1010 BBBA 1101 1000	2
	A	 1010 010A 1101 1000	0
000BF6	A4D8	BTFSS STATUS, Z,ACCESS
	N	 1101 0NNN NNNN NNNN	6
000BF8	D006	BRA SYSSELECT2CASE3
	S	1111 DDDD DDDD DDDD:1100 SSSS SSSS SSSS	1300
	D	1111 DDDD DDDD DDDD:1100 0101 0001 0100	1287
000BFA	C514 F507	MOVFF CHARCODE,SYSSTRINGA
	K	 0000 0001 00KK KKKK	0
000000	0100	BANKSEL 0
	N	 1101 1NNN NNNN NNNN	1543
000C00	DE07	RCALL GLCDCHARCOL4
	F	 0110 111A FFFF FFFF	1316
	A	 0110 111A 0010 0100	0
000C02	6E24	MOVWF CURRCHARVAL,ACCESS
	N	 1101 0NNN NNNN NNNN	29
000C04	D01D	BRA SYSSELECTEND2
		SYSSELECT2CASE3
	K	 0000 1110 KKKK KKKK	3
000C06	0E03	MOVLW 3
	F	 0101 11DA FFFF FFFF	1314
	D	 0101 11DA 0010 0010	0
	A	 0101 110A 0010 0010	0
000C08	5C22	SUBWF CURRCHARCOL,W,ACCESS
	F	 1010 BBBA FFFF FFFF	1240
	B	 1010 BBBA 1101 1000	2
	A	 1010 010A 1101 1000	0
000C0A	A4D8	BTFSS STATUS, Z,ACCESS
	N	 1101 0NNN NNNN NNNN	6
000C0C	D006	BRA SYSSELECT2CASE4
	S	1111 DDDD DDDD DDDD:1100 SSSS SSSS SSSS	1300
	D	1111 DDDD DDDD DDDD:1100 0101 0001 0100	1287
000C0E	C514 F507	MOVFF CHARCODE,SYSSTRINGA
	K	 0000 0001 00KK KKKK	0
000000	0100	BANKSEL 0
	N	 1101 1NNN NNNN NNNN	1607
000C14	DE47	RCALL GLCDCHARCOL5
	F	 0110 111A FFFF FFFF	1316
	A	 0110 111A 0010 0100	0
000C16	6E24	MOVWF CURRCHARVAL,ACCESS
	N	 1101 0NNN NNNN NNNN	19
000C18	D013	BRA SYSSELECTEND2
		SYSSELECT2CASE4
	K	 0000 1110 KKKK KKKK	4
000C1A	0E04	MOVLW 4
	F	 0101 11DA FFFF FFFF	1314
	D	 0101 11DA 0010 0010	0
	A	 0101 110A 0010 0010	0
000C1C	5C22	SUBWF CURRCHARCOL,W,ACCESS
	F	 1010 BBBA FFFF FFFF	1240
	B	 1010 BBBA 1101 1000	2
	A	 1010 010A 1101 1000	0
000C1E	A4D8	BTFSS STATUS, Z,ACCESS
	N	 1101 0NNN NNNN NNNN	6
000C20	D006	BRA SYSSELECT2CASE5
	S	1111 DDDD DDDD DDDD:1100 SSSS SSSS SSSS	1300
	D	1111 DDDD DDDD DDDD:1100 0101 0001 0100	1287
000C22	C514 F507	MOVFF CHARCODE,SYSSTRINGA
	K	 0000 0001 00KK KKKK	0
000000	0100	BANKSEL 0
	N	 1101 1NNN NNNN NNNN	1671
000C28	DE87	RCALL GLCDCHARCOL6
	F	 0110 111A FFFF FFFF	1316
	A	 0110 111A 0010 0100	0
000C2A	6E24	MOVWF CURRCHARVAL,ACCESS
	N	 1101 0NNN NNNN NNNN	9
000C2C	D009	BRA SYSSELECTEND2
		SYSSELECT2CASE5
	K	 0000 1110 KKKK KKKK	5
000C2E	0E05	MOVLW 5
	F	 0101 11DA FFFF FFFF	1314
	D	 0101 11DA 0010 0010	0
	A	 0101 110A 0010 0010	0
000C30	5C22	SUBWF CURRCHARCOL,W,ACCESS
	F	 1010 BBBA FFFF FFFF	1240
	B	 1010 BBBA 1101 1000	2
	A	 1010 010A 1101 1000	0
000C32	A4D8	BTFSS STATUS, Z,ACCESS
	N	 1101 0NNN NNNN NNNN	5
000C34	D005	BRA SYSSELECTEND2
	S	1111 DDDD DDDD DDDD:1100 SSSS SSSS SSSS	1300
	D	1111 DDDD DDDD DDDD:1100 0101 0001 0100	1287
000C36	C514 F507	MOVFF CHARCODE,SYSSTRINGA
	K	 0000 0001 00KK KKKK	0
000000	0100	BANKSEL 0
	N	 1101 1NNN NNNN NNNN	1735
000C3C	DEC7	RCALL GLCDCHARCOL7
	F	 0110 111A FFFF FFFF	1316
	A	 0110 111A 0010 0100	0
000C3E	6E24	MOVWF CURRCHARVAL,ACCESS
		SYSSELECTEND2
	F	 0110 101A FFFF FFFF	1308
	A	 0110 101A 0001 1100	0
000C40	6A1C	CLRF CHARROW,ACCESS
	F	 0110 101A FFFF FFFF	1309
	A	 0110 101A 0001 1101	0
000C42	6A1D	CLRF CHARROW_H,ACCESS
	F	 0110 101A FFFF FFFF	1315
	A	 0110 101A 0010 0011	0
000C44	6A23	CLRF CURRCHARROW,ACCESS
		SYSFORLOOP7
	F	 0010 10DA FFFF FFFF	1315
	D	 0010 10DA 0010 0011	1
	A	 0010 101A 0010 0011	0
000C46	2A23	INCF CURRCHARROW,F,ACCESS
	F	 0110 101A FFFF FFFF	1303
	A	 0110 101A 0001 0111	0
000C48	6A17	CLRF CHARCOLS,ACCESS
	F	 0110 101A FFFF FFFF	1311
	A	 0110 101A 0001 1111	0
000C4A	6A1F	CLRF COL,ACCESS
	K	 0000 1110 KKKK KKKK	1
000C4C	0E01	MOVLW 1
	F	 0101 11DA FFFF FFFF	1328
	D	 0101 11DA 0011 0000	0
	A	 0101 110A 0011 0000	0
000C4E	5C30	SUBWF GLCDFNTDEFAULTSIZE,W,ACCESS
	F	 1010 BBBA FFFF FFFF	1240
	B	 1010 BBBA 1101 1000	0
	A	 1010 000A 1101 1000	0
000C50	A0D8	BTFSS STATUS, C,ACCESS
	N	 1101 0NNN NNNN NNNN	79
000C52	D04F	BRA SYSFORLOOPEND8
		SYSFORLOOP8
	F	 0010 10DA FFFF FFFF	1311
	D	 0010 10DA 0001 1111	1
	A	 0010 101A 0001 1111	0
000C54	2A1F	INCF COL,F,ACCESS
	F	 0110 101A FFFF FFFF	1310
	A	 0110 101A 0001 1110	0
000C56	6A1E	CLRF CHARROWS,ACCESS
	K	 0000 0001 00KK KKKK	5
000000	0105	BANKSEL ROW
	F	 0110 101A FFFF FFFF	1410
	A	 0110 101A 1000 0010	1
000C5A	6B82	CLRF ROW,BANKED
	K	 0000 1110 KKKK KKKK	1
000C5C	0E01	MOVLW 1
	F	 0101 11DA FFFF FFFF	1328
	D	 0101 11DA 0011 0000	0
	A	 0101 110A 0011 0000	0
000C5E	5C30	SUBWF GLCDFNTDEFAULTSIZE,W,ACCESS
	F	 1010 BBBA FFFF FFFF	1240
	B	 1010 BBBA 1101 1000	0
	A	 1010 000A 1101 1000	0
000C60	A0D8	BTFSS STATUS, C,ACCESS
	N	 1101 0NNN NNNN NNNN	66
000C62	D042	BRA SYSFORLOOPEND9
		SYSFORLOOP9
	F	 0010 10DA FFFF FFFF	1410
	D	 0010 10DA 1000 0010	1
	A	 0010 101A 1000 0010	1
000C64	2B82	INCF ROW,F,BANKED
	F	 1010 BBBA FFFF FFFF	1316
	B	 1010 BBBA 0010 0100	0
	A	 1010 000A 0010 0100	0
000C66	A024	BTFSS CURRCHARVAL,0,ACCESS
	N	 1101 0NNN NNNN NNNN	19
000C68	D013	BRA ELSE59_1
	F	 0101 00DA FFFF FFFF	1301
	D	 0101 00DA 0001 0101	0
	A	 0101 000A 0001 0101	0
000C6A	5015	MOVF CHARCOL,W,ACCESS
	F	 0010 01DA FFFF FFFF	1304
	D	 0010 01DA 0001 1000	0
	A	 0010 010A 0001 1000	0
000C6C	2418	ADDWF CHARLOCX,W,ACCESS
	F	 0110 111A FFFF FFFF	1450
	A	 0110 111A 1010 1010	1
000C6E	6FAA	MOVWF SYSTEMP1,BANKED
	F	 0101 00DA FFFF FFFF	1303
	D	 0101 00DA 0001 0111	0
	A	 0101 000A 0001 0111	0
000C70	5017	MOVF CHARCOLS,W,ACCESS
	F	 0010 01DA FFFF FFFF	1450
	D	 0010 01DA 1010 1010	0
	A	 0010 010A 1010 1010	1
000C72	25AA	ADDWF SYSTEMP1,W,BANKED
	F	 0110 111A FFFF FFFF	1338
	A	 0110 111A 0011 1010	0
000C74	6E3A	MOVWF GLCDX,ACCESS
	F	 0101 00DA FFFF FFFF	1308
	D	 0101 00DA 0001 1100	0
	A	 0101 000A 0001 1100	0
000C76	501C	MOVF CHARROW,W,ACCESS
	F	 0010 01DA FFFF FFFF	1306
	D	 0010 01DA 0001 1010	0
	A	 0010 010A 0001 1010	0
000C78	241A	ADDWF CHARLOCY,W,ACCESS
	F	 0110 111A FFFF FFFF	1450
	A	 0110 111A 1010 1010	1
000C7A	6FAA	MOVWF SYSTEMP1,BANKED
	F	 0101 00DA FFFF FFFF	1310
	D	 0101 00DA 0001 1110	0
	A	 0101 000A 0001 1110	0
000C7C	501E	MOVF CHARROWS,W,ACCESS
	F	 0010 01DA FFFF FFFF	1450
	D	 0010 01DA 1010 1010	0
	A	 0010 010A 1010 1010	1
000C7E	25AA	ADDWF SYSTEMP1,W,BANKED
	F	 0110 111A FFFF FFFF	1339
	A	 0110 111A 0011 1011	0
000C80	6E3B	MOVWF GLCDY,ACCESS
	S	1111 DDDD DDDD DDDD:1100 SSSS SSSS SSSS	1352
	D	1111 DDDD DDDD DDDD:1100 0101 0100 1000	1323
000C82	C548 F52B	MOVFF LINECOLOUR,GLCDCOLOUR
	S	1111 DDDD DDDD DDDD:1100 SSSS SSSS SSSS	1353
	D	1111 DDDD DDDD DDDD:1100 0101 0100 1001	1324
000C86	C549 F52C	MOVFF LINECOLOUR_H,GLCDCOLOUR_H
	K	 0000 0001 00KK KKKK	0
000000	0100	BANKSEL 0
	N	 1101 1NNN NNNN NNNN	673
000C8C	DAA1	RCALL PSET_SSD1306
	N	 1101 0NNN NNNN NNNN	18
000C8E	D012	BRA ENDIF59
		ELSE59_1
	F	 0101 00DA FFFF FFFF	1301
	D	 0101 00DA 0001 0101	0
	A	 0101 000A 0001 0101	0
000C90	5015	MOVF CHARCOL,W,ACCESS
	F	 0010 01DA FFFF FFFF	1304
	D	 0010 01DA 0001 1000	0
	A	 0010 010A 0001 1000	0
000C92	2418	ADDWF CHARLOCX,W,ACCESS
	F	 0110 111A FFFF FFFF	1450
	A	 0110 111A 1010 1010	1
000C94	6FAA	MOVWF SYSTEMP1,BANKED
	F	 0101 00DA FFFF FFFF	1303
	D	 0101 00DA 0001 0111	0
	A	 0101 000A 0001 0111	0
000C96	5017	MOVF CHARCOLS,W,ACCESS
	F	 0010 01DA FFFF FFFF	1450
	D	 0010 01DA 1010 1010	0
	A	 0010 010A 1010 1010	1
000C98	25AA	ADDWF SYSTEMP1,W,BANKED
	F	 0110 111A FFFF FFFF	1338
	A	 0110 111A 0011 1010	0
000C9A	6E3A	MOVWF GLCDX,ACCESS
	F	 0101 00DA FFFF FFFF	1308
	D	 0101 00DA 0001 1100	0
	A	 0101 000A 0001 1100	0
000C9C	501C	MOVF CHARROW,W,ACCESS
	F	 0010 01DA FFFF FFFF	1306
	D	 0010 01DA 0001 1010	0
	A	 0010 010A 0001 1010	0
000C9E	241A	ADDWF CHARLOCY,W,ACCESS
	F	 0110 111A FFFF FFFF	1450
	A	 0110 111A 1010 1010	1
000CA0	6FAA	MOVWF SYSTEMP1,BANKED
	F	 0101 00DA FFFF FFFF	1310
	D	 0101 00DA 0001 1110	0
	A	 0101 000A 0001 1110	0
000CA2	501E	MOVF CHARROWS,W,ACCESS
	F	 0010 01DA FFFF FFFF	1450
	D	 0010 01DA 1010 1010	0
	A	 0010 010A 1010 1010	1
000CA4	25AA	ADDWF SYSTEMP1,W,BANKED
	F	 0110 111A FFFF FFFF	1339
	A	 0110 111A 0011 1011	0
000CA6	6E3B	MOVWF GLCDY,ACCESS
	S	1111 DDDD DDDD DDDD:1100 SSSS SSSS SSSS	1319
	D	1111 DDDD DDDD DDDD:1100 0101 0010 0111	1323
000CA8	C527 F52B	MOVFF GLCDBACKGROUND,GLCDCOLOUR
	S	1111 DDDD DDDD DDDD:1100 SSSS SSSS SSSS	1320
	D	1111 DDDD DDDD DDDD:1100 0101 0010 1000	1324
000CAC	C528 F52C	MOVFF GLCDBACKGROUND_H,GLCDCOLOUR_H
	K	 0000 0001 00KK KKKK	0
000000	0100	BANKSEL 0
	N	 1101 1NNN NNNN NNNN	654
000CB2	DA8E	RCALL PSET_SSD1306
		ENDIF59
	F	 0101 00DA FFFF FFFF	1329
	D	 0101 00DA 0011 0001	0
	A	 0101 000A 0011 0001	0
000CB4	5031	MOVF GLCDFONTWIDTH,W,ACCESS
	F	 0000 001A FFFF FFFF	1328
	A	 0000 001A 0011 0000	0
000CB6	0230	MULWF GLCDFNTDEFAULTSIZE,ACCESS
	S	1111 DDDD DDDD DDDD:1100 SSSS SSSS SSSS	1267
	D	1111 DDDD DDDD DDDD:1100 0100 1111 0011	1450
000CB8	C4F3 F5AA	MOVFF PRODL,SYSTEMP1
	K	 0000 0001 00KK KKKK	5
000000	0105	BANKSEL SYSTEMP1
	F	 0101 00DA FFFF FFFF	1450
	D	 0101 00DA 1010 1010	0
	A	 0101 000A 1010 1010	1
000CBE	51AA	MOVF SYSTEMP1,W,BANKED
	F	 0010 01DA FFFF FFFF	1304
	D	 0010 01DA 0001 1000	0
	A	 0010 010A 0001 1000	0
000CC0	2418	ADDWF CHARLOCX,W,ACCESS
	F	 0110 111A FFFF FFFF	1338
	A	 0110 111A 0011 1010	0
000CC2	6E3A	MOVWF GLCDX,ACCESS
	F	 0101 00DA FFFF FFFF	1308
	D	 0101 00DA 0001 1100	0
	A	 0101 000A 0001 1100	0
000CC4	501C	MOVF CHARROW,W,ACCESS
	F	 0010 01DA FFFF FFFF	1306
	D	 0010 01DA 0001 1010	0
	A	 0010 010A 0001 1010	0
000CC6	241A	ADDWF CHARLOCY,W,ACCESS
	F	 0110 111A FFFF FFFF	1450
	A	 0110 111A 1010 1010	1
000CC8	6FAA	MOVWF SYSTEMP1,BANKED
	F	 0101 00DA FFFF FFFF	1310
	D	 0101 00DA 0001 1110	0
	A	 0101 000A 0001 1110	0
000CCA	501E	MOVF CHARROWS,W,ACCESS
	F	 0010 01DA FFFF FFFF	1450
	D	 0010 01DA 1010 1010	0
	A	 0010 010A 1010 1010	1
000CCC	25AA	ADDWF SYSTEMP1,W,BANKED
	F	 0110 111A FFFF FFFF	1339
	A	 0110 111A 0011 1011	0
000CCE	6E3B	MOVWF GLCDY,ACCESS
	S	1111 DDDD DDDD DDDD:1100 SSSS SSSS SSSS	1319
	D	1111 DDDD DDDD DDDD:1100 0101 0010 0111	1323
000CD0	C527 F52B	MOVFF GLCDBACKGROUND,GLCDCOLOUR
	S	1111 DDDD DDDD DDDD:1100 SSSS SSSS SSSS	1320
	D	1111 DDDD DDDD DDDD:1100 0101 0010 1000	1324
000CD4	C528 F52C	MOVFF GLCDBACKGROUND_H,GLCDCOLOUR_H
	K	 0000 0001 00KK KKKK	0
000000	0100	BANKSEL 0
	N	 1101 1NNN NNNN NNNN	634
000CDA	DA7A	RCALL PSET_SSD1306
	F	 0010 10DA FFFF FFFF	1310
	D	 0010 10DA 0001 1110	1
	A	 0010 101A 0001 1110	0
000CDC	2A1E	INCF CHARROWS,F,ACCESS
	F	 0101 00DA FFFF FFFF	1328
	D	 0101 00DA 0011 0000	0
	A	 0101 000A 0011 0000	0
000CDE	5030	MOVF GLCDFNTDEFAULTSIZE,W,ACCESS
	K	 0000 0001 00KK KKKK	5
000000	0105	BANKSEL ROW
	F	 0101 11DA FFFF FFFF	1410
	D	 0101 11DA 1000 0010	0
	A	 0101 110A 1000 0010	1
000CE2	5D82	SUBWF ROW,W,BANKED
	F	 1010 BBBA FFFF FFFF	1240
	B	 1010 BBBA 1101 1000	0
	A	 1010 000A 1101 1000	0
000CE4	A0D8	BTFSS STATUS, C,ACCESS
	N	 1101 0NNN NNNN NNNN	1982
000CE6	D7BE	BRA SYSFORLOOP9
		SYSFORLOOPEND9
	F	 0010 10DA FFFF FFFF	1303
	D	 0010 10DA 0001 0111	1
	A	 0010 101A 0001 0111	0
000CE8	2A17	INCF CHARCOLS,F,ACCESS
	F	 0101 00DA FFFF FFFF	1328
	D	 0101 00DA 0011 0000	0
	A	 0101 000A 0011 0000	0
000CEA	5030	MOVF GLCDFNTDEFAULTSIZE,W,ACCESS
	F	 0101 11DA FFFF FFFF	1311
	D	 0101 11DA 0001 1111	0
	A	 0101 110A 0001 1111	0
000CEC	5C1F	SUBWF COL,W,ACCESS
	F	 1010 BBBA FFFF FFFF	1240
	B	 1010 BBBA 1101 1000	0
	A	 1010 000A 1101 1000	0
000CEE	A0D8	BTFSS STATUS, C,ACCESS
	N	 1101 0NNN NNNN NNNN	1969
000CF0	D7B1	BRA SYSFORLOOP8
		SYSFORLOOPEND8
	F	 0011 00DA FFFF FFFF	1316
	D	 0011 00DA 0010 0100	1
	A	 0011 001A 0010 0100	0
000CF2	3224	RRCF CURRCHARVAL,F,ACCESS
	F	 0101 00DA FFFF FFFF	1328
	D	 0101 00DA 0011 0000	0
	A	 0101 000A 0011 0000	0
000CF4	5030	MOVF GLCDFNTDEFAULTSIZE,W,ACCESS
	F	 0010 01DA FFFF FFFF	1308
	D	 0010 01DA 0001 1100	1
	A	 0010 011A 0001 1100	0
000CF6	261C	ADDWF CHARROW,F,ACCESS
	K	 0000 1110 KKKK KKKK	0
000CF8	0E00	MOVLW 0
	F	 0010 00DA FFFF FFFF	1309
	D	 0010 00DA 0001 1101	1
	A	 0010 001A 0001 1101	0
000CFA	221D	ADDWFC CHARROW_H,F,ACCESS
	K	 0000 1110 KKKK KKKK	8
000CFC	0E08	MOVLW 8
	F	 0101 11DA FFFF FFFF	1315
	D	 0101 11DA 0010 0011	0
	A	 0101 110A 0010 0011	0
000CFE	5C23	SUBWF CURRCHARROW,W,ACCESS
	F	 1010 BBBA FFFF FFFF	1240
	B	 1010 BBBA 1101 1000	0
	A	 1010 000A 1101 1000	0
000D00	A0D8	BTFSS STATUS, C,ACCESS
	N	 1101 0NNN NNNN NNNN	1953
000D02	D7A1	BRA SYSFORLOOP7
		SYSFORLOOPEND7
	F	 0101 00DA FFFF FFFF	1328
	D	 0101 00DA 0011 0000	0
	A	 0101 000A 0011 0000	0
000D04	5030	MOVF GLCDFNTDEFAULTSIZE,W,ACCESS
	F	 0010 01DA FFFF FFFF	1301
	D	 0010 01DA 0001 0101	1
	A	 0010 011A 0001 0101	0
000D06	2615	ADDWF CHARCOL,F,ACCESS
	K	 0000 1110 KKKK KKKK	0
000D08	0E00	MOVLW 0
	F	 0010 00DA FFFF FFFF	1302
	D	 0010 00DA 0001 0110	1
	A	 0010 001A 0001 0110	0
000D0A	2216	ADDWFC CHARCOL_H,F,ACCESS
	K	 0000 1110 KKKK KKKK	5
000D0C	0E05	MOVLW 5
	F	 0101 11DA FFFF FFFF	1314
	D	 0101 11DA 0010 0010	0
	A	 0101 110A 0010 0010	0
000D0E	5C22	SUBWF CURRCHARCOL,W,ACCESS
	F	 1010 BBBA FFFF FFFF	1240
	B	 1010 BBBA 1101 1000	0
	A	 1010 000A 1101 1000	0
000D10	A0D8	BTFSS STATUS, C,ACCESS
	N	 1101 0NNN NNNN NNNN	1893
000D12	D765	BRA SYSFORLOOP6
		SYSFORLOOPEND6
	F	 0110 101A FFFF FFFF	1319
	A	 0110 101A 0010 0111	0
000D14	6A27	CLRF GLCDBACKGROUND,ACCESS
	F	 0110 101A FFFF FFFF	1320
	A	 0110 101A 0010 1000	0
000D16	6A28	CLRF GLCDBACKGROUND_H,ACCESS
	K	 0000 1110 KKKK KKKK	1
000D18	0E01	MOVLW 1
	F	 0110 111A FFFF FFFF	1330
	A	 0110 111A 0011 0010	0
000D1A	6E32	MOVWF GLCDFOREGROUND,ACCESS
	F	 0110 101A FFFF FFFF	1331
	A	 0110 101A 0011 0011	0
000D1C	6A33	CLRF GLCDFOREGROUND_H,ACCESS
	K	 0000 0001 00KK KKKK	0
000000	0100	BANKSEL 0
	S	 0000 0000 0001 001S	0
000D20	0012	RETURN


		GLCDPRINT9
	S	1111 DDDD DDDD DDDD:1100 SSSS SSSS SSSS	1428
	D	1111 DDDD DDDD DDDD:1100 0101 1001 0100	1257
000D22	C594 F4E9	MOVFF SYSLCDPRINTDATAHANDLER,AFSR0
	S	1111 DDDD DDDD DDDD:1100 SSSS SSSS SSSS	1429
	D	1111 DDDD DDDD DDDD:1100 0101 1001 0101	1258
000D26	C595 F4EA	MOVFF SYSLCDPRINTDATAHANDLER_H,AFSR0_H
	S	1111 DDDD DDDD DDDD:1100 SSSS SSSS SSSS	1263
	D	1111 DDDD DDDD DDDD:1100 0100 1110 1111	1332
000D2A	C4EF F534	MOVFF INDF0,GLCDPRINTLEN
	F	 0101 00DA FFFF FFFF	1332
	D	 0101 00DA 0011 0100	1
	A	 0101 001A 0011 0100	0
000D2E	5234	MOVF GLCDPRINTLEN,F,ACCESS
	F	 1011 BBBA FFFF FFFF	1240
	B	 1011 BBBA 1101 1000	2
	A	 1011 010A 1101 1000	0
000D30	B4D8	BTFSC STATUS, Z,ACCESS
	S	 0000 0000 0001 001S	0
000D32	0012	RETURN
	S	1111 DDDD DDDD DDDD:1100 SSSS SSSS SSSS	1403
	D	1111 DDDD DDDD DDDD:1100 0101 0111 1011	1333
000D34	C57B F535	MOVFF PRINTLOCX,GLCDPRINTLOC
	S	1111 DDDD DDDD DDDD:1100 SSSS SSSS SSSS	1404
	D	1111 DDDD DDDD DDDD:1100 0101 0111 1100	1334
000D38	C57C F536	MOVFF PRINTLOCX_H,GLCDPRINTLOC_H
	F	 0110 101A FFFF FFFF	1335
	A	 0110 101A 0011 0111	0
000D3C	6A37	CLRF GLCDPRINT_STRING_COUNTER,ACCESS
	K	 0000 1110 KKKK KKKK	1
000D3E	0E01	MOVLW 1
	F	 0101 11DA FFFF FFFF	1332
	D	 0101 11DA 0011 0100	0
	A	 0101 110A 0011 0100	0
000D40	5C34	SUBWF GLCDPRINTLEN,W,ACCESS
	F	 1010 BBBA FFFF FFFF	1240
	B	 1010 BBBA 1101 1000	0
	A	 1010 000A 1101 1000	0
000D42	A0D8	BTFSS STATUS, C,ACCESS
	N	 1101 0NNN NNNN NNNN	41
000D44	D029	BRA SYSFORLOOPEND1
		SYSFORLOOP1
	F	 0010 10DA FFFF FFFF	1335
	D	 0010 10DA 0011 0111	1
	A	 0010 101A 0011 0111	0
000D46	2A37	INCF GLCDPRINT_STRING_COUNTER,F,ACCESS
	S	1111 DDDD DDDD DDDD:1100 SSSS SSSS SSSS	1333
	D	1111 DDDD DDDD DDDD:1100 0101 0011 0101	1304
000D48	C535 F518	MOVFF GLCDPRINTLOC,CHARLOCX
	S	1111 DDDD DDDD DDDD:1100 SSSS SSSS SSSS	1334
	D	1111 DDDD DDDD DDDD:1100 0101 0011 0110	1305
000D4C	C536 F519	MOVFF GLCDPRINTLOC_H,CHARLOCX_H
	S	1111 DDDD DDDD DDDD:1100 SSSS SSSS SSSS	1405
	D	1111 DDDD DDDD DDDD:1100 0101 0111 1101	1306
000D50	C57D F51A	MOVFF PRINTLOCY,CHARLOCY
	S	1111 DDDD DDDD DDDD:1100 SSSS SSSS SSSS	1406
	D	1111 DDDD DDDD DDDD:1100 0101 0111 1110	1307
000D54	C57E F51B	MOVFF PRINTLOCY_H,CHARLOCY_H
	F	 0101 00DA FFFF FFFF	1335
	D	 0101 00DA 0011 0111	0
	A	 0101 000A 0011 0111	0
000D58	5037	MOVF GLCDPRINT_STRING_COUNTER,W,ACCESS
	K	 0000 0001 00KK KKKK	5
000000	0105	BANKSEL SYSLCDPRINTDATAHANDLER
	F	 0010 01DA FFFF FFFF	1428
	D	 0010 01DA 1001 0100	0
	A	 0010 010A 1001 0100	1
000D5C	2594	ADDWF SYSLCDPRINTDATAHANDLER,W,BANKED
	F	 0110 111A FFFF FFFF	1257
	A	 0110 111A 1110 1001	0
000D5E	6EE9	MOVWF AFSR0,ACCESS
	K	 0000 1110 KKKK KKKK	0
000D60	0E00	MOVLW 0
	F	 0010 00DA FFFF FFFF	1429
	D	 0010 00DA 1001 0101	0
	A	 0010 000A 1001 0101	1
000D62	2195	ADDWFC SYSLCDPRINTDATAHANDLER_H,W,BANKED
	F	 0110 111A FFFF FFFF	1258
	A	 0110 111A 1110 1010	0
000D64	6EEA	MOVWF AFSR0_H,ACCESS
	S	1111 DDDD DDDD DDDD:1100 SSSS SSSS SSSS	1263
	D	1111 DDDD DDDD DDDD:1100 0100 1110 1111	1300
000D66	C4EF F514	MOVFF INDF0,CHARCODE
	K	 0000 0001 00KK KKKK	0
000000	0100	BANKSEL 0
	N	 1101 1NNN NNNN NNNN	1794
000D6C	DF02	RCALL GLCDDRAWCHAR_SSD1306
	F	 0101 00DA FFFF FFFF	1329
	D	 0101 00DA 0011 0001	0
	A	 0101 000A 0011 0001	0
000D6E	5031	MOVF GLCDFONTWIDTH,W,ACCESS
	F	 0000 001A FFFF FFFF	1328
	A	 0000 001A 0011 0000	0
000D70	0230	MULWF GLCDFNTDEFAULTSIZE,ACCESS
	S	1111 DDDD DDDD DDDD:1100 SSSS SSSS SSSS	1267
	D	1111 DDDD DDDD DDDD:1100 0100 1111 0011	1450
000D72	C4F3 F5AA	MOVFF PRODL,SYSTEMP1
	K	 0000 0001 00KK KKKK	5
000000	0105	BANKSEL SYSTEMP1
	F	 0101 00DA FFFF FFFF	1450
	D	 0101 00DA 1010 1010	0
	A	 0101 000A 1010 1010	1
000D78	51AA	MOVF SYSTEMP1,W,BANKED
	F	 0010 01DA FFFF FFFF	1333
	D	 0010 01DA 0011 0101	0
	A	 0010 010A 0011 0101	0
000D7A	2435	ADDWF GLCDPRINTLOC,W,ACCESS
	F	 0110 111A FFFF FFFF	1454
	A	 0110 111A 1010 1110	1
000D7C	6FAE	MOVWF SYSTEMP2,BANKED
	K	 0000 1110 KKKK KKKK	0
000D7E	0E00	MOVLW 0
	F	 0010 00DA FFFF FFFF	1334
	D	 0010 00DA 0011 0110	0
	A	 0010 000A 0011 0110	0
000D80	2036	ADDWFC GLCDPRINTLOC_H,W,ACCESS
	F	 0110 111A FFFF FFFF	1455
	A	 0110 111A 1010 1111	1
000D82	6FAF	MOVWF SYSTEMP2_H,BANKED
	K	 0000 1110 KKKK KKKK	1
000D84	0E01	MOVLW 1
	F	 0010 01DA FFFF FFFF	1454
	D	 0010 01DA 1010 1110	0
	A	 0010 010A 1010 1110	1
000D86	25AE	ADDWF SYSTEMP2,W,BANKED
	F	 0110 111A FFFF FFFF	1333
	A	 0110 111A 0011 0101	0
000D88	6E35	MOVWF GLCDPRINTLOC,ACCESS
	K	 0000 1110 KKKK KKKK	0
000D8A	0E00	MOVLW 0
	F	 0010 00DA FFFF FFFF	1455
	D	 0010 00DA 1010 1111	0
	A	 0010 000A 1010 1111	1
000D8C	21AF	ADDWFC SYSTEMP2_H,W,BANKED
	F	 0110 111A FFFF FFFF	1334
	A	 0110 111A 0011 0110	0
000D8E	6E36	MOVWF GLCDPRINTLOC_H,ACCESS
	F	 0101 00DA FFFF FFFF	1332
	D	 0101 00DA 0011 0100	0
	A	 0101 000A 0011 0100	0
000D90	5034	MOVF GLCDPRINTLEN,W,ACCESS
	F	 0101 11DA FFFF FFFF	1335
	D	 0101 11DA 0011 0111	0
	A	 0101 110A 0011 0111	0
000D92	5C37	SUBWF GLCDPRINT_STRING_COUNTER,W,ACCESS
	F	 1010 BBBA FFFF FFFF	1240
	B	 1010 BBBA 1101 1000	0
	A	 1010 000A 1101 1000	0
000D94	A0D8	BTFSS STATUS, C,ACCESS
	N	 1101 0NNN NNNN NNNN	2007
000D96	D7D7	BRA SYSFORLOOP1
		SYSFORLOOPEND1
	S	1111 DDDD DDDD DDDD:1100 SSSS SSSS SSSS	1333
	D	1111 DDDD DDDD DDDD:1100 0101 0011 0101	1403
000D98	C535 F57B	MOVFF GLCDPRINTLOC,PRINTLOCX
	S	1111 DDDD DDDD DDDD:1100 SSSS SSSS SSSS	1334
	D	1111 DDDD DDDD DDDD:1100 0101 0011 0110	1404
000D9C	C536 F57C	MOVFF GLCDPRINTLOC_H,PRINTLOCX_H
	K	 0000 0001 00KK KKKK	0
000000	0100	BANKSEL 0
	S	 0000 0000 0001 001S	0
000DA2	0012	RETURN


		HI2CMODE
	S	 0000 0000 0001 001S	0
000DA4	0012	RETURN


		HI2CQ24Q35INIT
	K	 0000 0001 00KK KKKK	1
000000	0101	BANKSEL LATC
	F	 1000 BBBA FFFF FFFF	322
	B	 1000 BBBA 0100 0010	3
	A	 1000 011A 0100 0010	1
000DA8	8742	BSF LATC,3,BANKED
	F	 1001 BBBA FFFF FFFF	330
	B	 1001 BBBA 0100 1010	3
	A	 1001 011A 0100 1010	1
000DAA	974A	BCF TRISC,3,BANKED
	F	 1000 BBBA FFFF FFFF	322
	B	 1000 BBBA 0100 0010	4
	A	 1000 100A 0100 0010	1
000DAC	8942	BSF LATC,4,BANKED
	F	 1001 BBBA FFFF FFFF	330
	B	 1001 BBBA 0100 1010	4
	A	 1001 100A 0100 1010	1
000DAE	994A	BCF TRISC,4,BANKED
	K	 0000 0001 00KK KKKK	2
000000	0102	BANKSEL I2C1CON0
	F	 1001 BBBA FFFF FFFF	658
	B	 1001 BBBA 1001 0010	0
	A	 1001 000A 1001 0010	1
000DB2	9192	BCF I2C1CON0,MODE0,BANKED
	F	 1001 BBBA FFFF FFFF	658
	B	 1001 BBBA 1001 0010	1
	A	 1001 001A 1001 0010	1
000DB4	9392	BCF I2C1CON0,MODE1,BANKED
	F	 1000 BBBA FFFF FFFF	658
	B	 1000 BBBA 1001 0010	2
	A	 1000 010A 1001 0010	1
000DB6	8592	BSF I2C1CON0,MODE2,BANKED
	F	 1000 BBBA FFFF FFFF	659
	B	 1000 BBBA 1001 0011	7
	A	 1000 111A 1001 0011	1
000DB8	8F93	BSF I2C1CON1,ACKCNT,BANKED
	F	 1001 BBBA FFFF FFFF	659
	B	 1001 BBBA 1001 0011	6
	A	 1001 110A 1001 0011	1
000DBA	9D93	BCF I2C1CON1,ACKDT,BANKED
	F	 1001 BBBA FFFF FFFF	661
	B	 1001 BBBA 1001 0101	2
	A	 1001 010A 1001 0101	1
000DBC	9595	BCF I2C1CON3,FME0,BANKED
	F	 1001 BBBA FFFF FFFF	661
	B	 1001 BBBA 1001 0101	3
	A	 1001 011A 1001 0101	1
000DBE	9795	BCF I2C1CON3,FME1,BANKED
	F	 1001 BBBA FFFF FFFF	660
	B	 1001 BBBA 1001 0100	0
	A	 1001 000A 1001 0100	1
000DC0	9194	BCF I2C1CON2,BFRET0,BANKED
	F	 1001 BBBA FFFF FFFF	660
	B	 1001 BBBA 1001 0100	1
	A	 1001 001A 1001 0100	1
000DC2	9394	BCF I2C1CON2,BFRET1,BANKED
	F	 1001 BBBA FFFF FFFF	660
	B	 1001 BBBA 1001 0100	4
	A	 1001 100A 1001 0100	1
000DC4	9994	BCF I2C1CON2,ABD,BANKED
	K	 0000 1110 KKKK KKKK	3
000DC6	0E03	MOVLW 3
	F	 0110 111A FFFF FFFF	669
	A	 0110 111A 1001 1101	1
000DC8	6F9D	MOVWF I2C1CLK,BANKED
	F	 0110 101A FFFF FFFF	668
	A	 0110 101A 1001 1100	1
000DCA	6B9C	CLRF I2C1BAUD,BANKED
	F	 1000 BBBA FFFF FFFF	658
	B	 1000 BBBA 1001 0010	7
	A	 1000 111A 1001 0010	1
000DCC	8F92	BSF I2C1CON0,I2CEN,BANKED
	K	 0000 1110 KKKK KKKK	5
000DCE	0E05	MOVLW 5
	F	 0110 111A FFFF FFFF	1280
	A	 0110 111A 0000 0000	0
000DD0	6E00	MOVWF DELAYTEMP,ACCESS
		DELAYUS1
	F	 0010 11DA FFFF FFFF	1280
	D	 0010 11DA 0000 0000	1
	A	 0010 111A 0000 0000	0
000DD2	2E00	DECFSZ DELAYTEMP,F,ACCESS
	N	 1101 0NNN NNNN NNNN	2046
000DD4	D7FE	BRA DELAYUS1
000DD6	0000	NOP
000DD8	0000	NOP
000DDA	0000	NOP
000DDC	0000	NOP
000DDE	0000	NOP
000DE0	0000	NOP
	K	 0000 0001 00KK KKKK	0
000000	0100	BANKSEL 0
	S	 0000 0000 0001 001S	0
000DE4	0012	RETURN


		HI2CQ24Q35SEND
		SYSSELECT3CASE1
	K	 0000 1110 KKKK KKKK	2
000DE6	0E02	MOVLW 2
	F	 0101 11DA FFFF FFFF	1343
	D	 0101 11DA 0011 1111	0
	A	 0101 110A 0011 1111	0
000DE8	5C3F	SUBWF HI2C1STATEMACHINE,W,ACCESS
	F	 1010 BBBA FFFF FFFF	1240
	B	 1010 BBBA 1101 1000	2
	A	 1010 010A 1101 1000	0
000DEA	A4D8	BTFSS STATUS, Z,ACCESS
	N	 1101 0NNN NNNN NNNN	13
000DEC	D00D	BRA SYSSELECT3CASE2
	F	 0010 10DA FFFF FFFF	1347
	D	 0010 10DA 0100 0011	1
	A	 0010 101A 0100 0011	0
000DEE	2A43	INCF HWI2C_BUFFERLOCATIONCOUNTER,F,ACCESS
	F	 1011 BBBA FFFF FFFF	1240
	B	 1011 BBBA 1101 1000	2
	A	 1011 010A 1101 1000	0
000DF0	B4D8	BTFSC STATUS,Z,ACCESS
	F	 0010 10DA FFFF FFFF	1348
	D	 0010 10DA 0100 0100	1
	A	 0010 101A 0100 0100	0
000DF2	2A44	INCF HWI2C_BUFFERLOCATIONCOUNTER_H,F,ACCESS
	F	1110 1110 00FF KKKK:1111 00KK KKKK KKKK	0
	K	1110 1110 0000 KKKK:1111 00KK KKKK KKKK	4252
000DF4	EE04 F09C	LFSR 0,HWI2C_BUFFER
	F	 0101 00DA FFFF FFFF	1347
	D	 0101 00DA 0100 0011	0
	A	 0101 000A 0100 0011	0
000DF8	5043	MOVF HWI2C_BUFFERLOCATIONCOUNTER,W,ACCESS
	F	 0010 01DA FFFF FFFF	1257
	D	 0010 01DA 1110 1001	1
	A	 0010 011A 1110 1001	0
000DFA	26E9	ADDWF AFSR0,F,ACCESS
	F	 0101 00DA FFFF FFFF	1348
	D	 0101 00DA 0100 0100	0
	A	 0101 000A 0100 0100	0
000DFC	5044	MOVF HWI2C_BUFFERLOCATIONCOUNTER_H,W,ACCESS
	F	 0010 00DA FFFF FFFF	1258
	D	 0010 00DA 1110 1010	1
	A	 0010 001A 1110 1010	0
000DFE	22EA	ADDWFC AFSR0_H,F,ACCESS
	S	1111 DDDD DDDD DDDD:1100 SSSS SSSS SSSS	1351
	D	1111 DDDD DDDD DDDD:1100 0101 0100 0111	1263
000E00	C547 F4EF	MOVFF I2CBYTE,INDF0
	S	 0000 0000 0001 001S	0
000E04	0012	RETURN
	N	 1101 0NNN NNNN NNNN	22
000E06	D016	BRA SYSSELECTEND3
		SYSSELECT3CASE2
	F	 0000 01DA FFFF FFFF	1343
	D	 0000 01DA 0011 1111	0
	A	 0000 010A 0011 1111	0
000E08	043F	DECF HI2C1STATEMACHINE,W,ACCESS
	F	 1010 BBBA FFFF FFFF	1240
	B	 1010 BBBA 1101 1000	2
	A	 1010 010A 1101 1000	0
000E0A	A4D8	BTFSS STATUS, Z,ACCESS
	N	 1101 0NNN NNNN NNNN	8
000E0C	D008	BRA SYSSELECT3CASE3
	F	 0110 101A FFFF FFFF	1347
	A	 0110 101A 0100 0011	0
000E0E	6A43	CLRF HWI2C_BUFFERLOCATIONCOUNTER,ACCESS
	F	 0110 101A FFFF FFFF	1348
	A	 0110 101A 0100 0100	0
000E10	6A44	CLRF HWI2C_BUFFERLOCATIONCOUNTER_H,ACCESS
	S	1111 DDDD DDDD DDDD:1100 SSSS SSSS SSSS	1351
	D	1111 DDDD DDDD DDDD:1100 0101 0100 0111	653
000E12	C547 F28D	MOVFF I2CBYTE,I2C1ADB1
	K	 0000 1110 KKKK KKKK	2
000E16	0E02	MOVLW 2
	F	 0110 111A FFFF FFFF	1343
	A	 0110 111A 0011 1111	0
000E18	6E3F	MOVWF HI2C1STATEMACHINE,ACCESS
	S	 0000 0000 0001 001S	0
000E1A	0012	RETURN
	N	 1101 0NNN NNNN NNNN	11
000E1C	D00B	BRA SYSSELECTEND3
		SYSSELECT3CASE3
	K	 0000 1110 KKKK KKKK	3
000E1E	0E03	MOVLW 3
	F	 0101 11DA FFFF FFFF	1343
	D	 0101 11DA 0011 1111	0
	A	 0101 110A 0011 1111	0
000E20	5C3F	SUBWF HI2C1STATEMACHINE,W,ACCESS
	F	 1010 BBBA FFFF FFFF	1240
	B	 1010 BBBA 1101 1000	2
	A	 1010 010A 1101 1000	0
000E22	A4D8	BTFSS STATUS, Z,ACCESS
	N	 1101 0NNN NNNN NNNN	7
000E24	D007	BRA SYSSELECTEND3
	F	 0110 101A FFFF FFFF	1347
	A	 0110 101A 0100 0011	0
000E26	6A43	CLRF HWI2C_BUFFERLOCATIONCOUNTER,ACCESS
	F	 0110 101A FFFF FFFF	1348
	A	 0110 101A 0100 0100	0
000E28	6A44	CLRF HWI2C_BUFFERLOCATIONCOUNTER_H,ACCESS
	S	1111 DDDD DDDD DDDD:1100 SSSS SSSS SSSS	1351
	D	1111 DDDD DDDD DDDD:1100 0101 0100 0111	653
000E2A	C547 F28D	MOVFF I2CBYTE,I2C1ADB1
	K	 0000 1110 KKKK KKKK	2
000E2E	0E02	MOVLW 2
	F	 0110 111A FFFF FFFF	1343
	A	 0110 111A 0011 1111	0
000E30	6E3F	MOVWF HI2C1STATEMACHINE,ACCESS
	S	 0000 0000 0001 001S	0
000E32	0012	RETURN
		SYSSELECTEND3
	S	 0000 0000 0001 001S	0
000E34	0012	RETURN


		HI2CQ24Q35STOP
	K	 0000 0001 00KK KKKK	2
000000	0102	BANKSEL I2C1PIR
	F	 1001 BBBA FFFF FFFF	665
	B	 1001 BBBA 1001 1001	7
	A	 1001 111A 1001 1001	1
000E38	9F99	BCF I2C1PIR,7,BANKED
	F	 0110 101A FFFF FFFF	1346
	A	 0110 101A 0100 0010	0
000E3A	6A42	CLRF HI2CWAITMSSPTIMEOUT,ACCESS
		SYSDOLOOP_S4
	F	 0010 10DA FFFF FFFF	1346
	D	 0010 10DA 0100 0010	0
	A	 0010 100A 0100 0010	0
000E3C	2842	INCF HI2CWAITMSSPTIMEOUT,W,ACCESS
	F	 1011 BBBA FFFF FFFF	1240
	B	 1011 BBBA 1101 1000	2
	A	 1011 010A 1101 1000	0
000E3E	B4D8	BTFSC STATUS, Z,ACCESS
	N	 1101 0NNN NNNN NNNN	4
000E40	D004	BRA SYSDOLOOP_E4
	F	 1010 BBBA FFFF FFFF	663
	B	 1010 BBBA 1001 0111	7
	A	 1010 111A 1001 0111	1
000E42	AF97	BTFSS I2C1STAT0,BFRE,BANKED
	N	 1101 0NNN NNNN NNNN	2
000E44	D002	BRA SYSDOLOOP_E4
	F	 0010 10DA FFFF FFFF	1346
	D	 0010 10DA 0100 0010	1
	A	 0010 101A 0100 0010	0
000E46	2A42	INCF HI2CWAITMSSPTIMEOUT,F,ACCESS
	N	 1101 0NNN NNNN NNNN	2041
000E48	D7F9	BRA SYSDOLOOP_S4
		SYSDOLOOP_E4
	F	 0010 10DA FFFF FFFF	1346
	D	 0010 10DA 0100 0010	0
	A	 0010 100A 0100 0010	0
000E4A	2842	INCF HI2CWAITMSSPTIMEOUT,W,ACCESS
	F	 1011 BBBA FFFF FFFF	1240
	B	 1011 BBBA 1101 1000	2
	A	 1011 010A 1101 1000	0
000E4C	B4D8	BTFSC STATUS, Z,ACCESS
	N	 1101 0NNN NNNN NNNN	77
000E4E	D04D	BRA ENDIF82
	S	1111 DDDD DDDD DDDD:1100 SSSS SSSS SSSS	1348
	D	1111 DDDD DDDD DDDD:1100 0101 0100 0100	651
000E50	C544 F28B	MOVFF HWI2C_BUFFERLOCATIONCOUNTER_H,I2C1CNTH
	S	1111 DDDD DDDD DDDD:1100 SSSS SSSS SSSS	1347
	D	1111 DDDD DDDD DDDD:1100 0101 0100 0011	650
000E54	C543 F28A	MOVFF HWI2C_BUFFERLOCATIONCOUNTER,I2C1CNT
	F	 1001 BBBA FFFF FFFF	658
	B	 1001 BBBA 1001 0010	7
	A	 1001 111A 1001 0010	1
000E58	9F92	BCF I2C1CON0,I2CEN,BANKED
	F	 1000 BBBA FFFF FFFF	658
	B	 1000 BBBA 1001 0010	7
	A	 1000 111A 1001 0010	1
000E5A	8F92	BSF I2C1CON0,I2CEN,BANKED
	F	 1000 BBBA FFFF FFFF	658
	B	 1000 BBBA 1001 0010	5
	A	 1000 101A 1001 0010	1
000E5C	8B92	BSF I2C1CON0,S,BANKED
		SYSDOLOOP_S5
	F	 1010 BBBA FFFF FFFF	658
	B	 1010 BBBA 1001 0010	5
	A	 1010 101A 1001 0010	1
000E5E	AB92	BTFSS I2C1CON0,S,BANKED
	N	 1101 0NNN NNNN NNNN	2
000E60	D002	BRA SYSDOLOOP_E5
000E62	0000	NOP
	N	 1101 0NNN NNNN NNNN	2044
000E64	D7FC	BRA SYSDOLOOP_S5
		SYSDOLOOP_E5
	F	 0110 101A FFFF FFFF	1349
	A	 0110 101A 0100 0101	0
000E66	6A45	CLRF HWI2C_BUFFERLOCATIONCOUNTERINDEX,ACCESS
	F	 0110 101A FFFF FFFF	1350
	A	 0110 101A 0100 0110	0
000E68	6A46	CLRF HWI2C_BUFFERLOCATIONCOUNTERINDEX_H,ACCESS
	K	 0000 1110 KKKK KKKK	1
000E6A	0E01	MOVLW 1
	F	 0101 11DA FFFF FFFF	1347
	D	 0101 11DA 0100 0011	0
	A	 0101 110A 0100 0011	0
000E6C	5C43	SUBWF HWI2C_BUFFERLOCATIONCOUNTER,W,ACCESS
	F	 1010 BBBA FFFF FFFF	1240
	B	 1010 BBBA 1101 1000	0
	A	 1010 000A 1101 1000	0
000E6E	A0D8	BTFSS STATUS, C,ACCESS
	N	 1101 0NNN NNNN NNNN	36
000E70	D024	BRA SYSFORLOOPEND13
		SYSFORLOOP13
	F	 0010 10DA FFFF FFFF	1349
	D	 0010 10DA 0100 0101	1
	A	 0010 101A 0100 0101	0
000E72	2A45	INCF HWI2C_BUFFERLOCATIONCOUNTERINDEX,F,ACCESS
	F	 1011 BBBA FFFF FFFF	1240
	B	 1011 BBBA 1101 1000	2
	A	 1011 010A 1101 1000	0
000E74	B4D8	BTFSC STATUS,Z,ACCESS
	F	 0010 10DA FFFF FFFF	1350
	D	 0010 10DA 0100 0110	1
	A	 0010 101A 0100 0110	0
000E76	2A46	INCF HWI2C_BUFFERLOCATIONCOUNTERINDEX_H,F,ACCESS
	F	 0110 101A FFFF FFFF	1346
	A	 0110 101A 0100 0010	0
000E78	6A42	CLRF HI2CWAITMSSPTIMEOUT,ACCESS
	F	1110 1110 00FF KKKK:1111 00KK KKKK KKKK	0
	K	1110 1110 0000 KKKK:1111 00KK KKKK KKKK	4252
000E7A	EE04 F09C	LFSR 0,HWI2C_BUFFER
	F	 0101 00DA FFFF FFFF	1349
	D	 0101 00DA 0100 0101	0
	A	 0101 000A 0100 0101	0
000E7E	5045	MOVF HWI2C_BUFFERLOCATIONCOUNTERINDEX,W,ACCESS
	F	 0010 01DA FFFF FFFF	1257
	D	 0010 01DA 1110 1001	1
	A	 0010 011A 1110 1001	0
000E80	26E9	ADDWF AFSR0,F,ACCESS
	F	 0101 00DA FFFF FFFF	1350
	D	 0101 00DA 0100 0110	0
	A	 0101 000A 0100 0110	0
000E82	5046	MOVF HWI2C_BUFFERLOCATIONCOUNTERINDEX_H,W,ACCESS
	F	 0010 00DA FFFF FFFF	1258
	D	 0010 00DA 1110 1010	1
	A	 0010 001A 1110 1010	0
000E84	22EA	ADDWFC AFSR0_H,F,ACCESS
	S	1111 DDDD DDDD DDDD:1100 SSSS SSSS SSSS	1263
	D	1111 DDDD DDDD DDDD:1100 0100 1110 1111	649
000E86	C4EF F289	MOVFF INDF0,I2C1TXB
		SYSDOLOOP_S6
	K	 0000 0001 00KK KKKK	2
000000	0102	BANKSEL I2C1STAT1
	F	 1011 BBBA FFFF FFFF	664
	B	 1011 BBBA 1001 1000	5
	A	 1011 101A 1001 1000	1
000E8C	BB98	BTFSC I2C1STAT1,TXBE,BANKED
	N	 1101 0NNN NNNN NNNN	9
000E8E	D009	BRA SYSDOLOOP_E6
	K	 0000 1110 KKKK KKKK	5
000E90	0E05	MOVLW 5
	F	 0110 111A FFFF FFFF	1280
	A	 0110 111A 0000 0000	0
000E92	6E00	MOVWF DELAYTEMP,ACCESS
		DELAYUS2
	F	 0010 11DA FFFF FFFF	1280
	D	 0010 11DA 0000 0000	1
	A	 0010 111A 0000 0000	0
000E94	2E00	DECFSZ DELAYTEMP,F,ACCESS
	N	 1101 0NNN NNNN NNNN	2046
000E96	D7FE	BRA DELAYUS2
	F	 0010 10DA FFFF FFFF	1346
	D	 0010 10DA 0100 0010	1
	A	 0010 101A 0100 0010	0
000E98	2A42	INCF HI2CWAITMSSPTIMEOUT,F,ACCESS
	F	 0010 10DA FFFF FFFF	1346
	D	 0010 10DA 0100 0010	0
	A	 0010 100A 0100 0010	0
000E9A	2842	INCF HI2CWAITMSSPTIMEOUT,W,ACCESS
	F	 1011 BBBA FFFF FFFF	1240
	B	 1011 BBBA 1101 1000	2
	A	 1011 010A 1101 1000	0
000E9C	B4D8	BTFSC STATUS, Z,ACCESS
	N	 1101 0NNN NNNN NNNN	37
000E9E	D025	BRA HI2CQ24Q35STOPEXIT
	N	 1101 0NNN NNNN NNNN	2036
000EA0	D7F4	BRA SYSDOLOOP_S6
		SYSDOLOOP_E6
	S	1111 DDDD DDDD DDDD:1100 SSSS SSSS SSSS	1349
	D	1111 DDDD DDDD DDDD:1100 0101 0100 0101	1285
000EA2	C545 F505	MOVFF HWI2C_BUFFERLOCATIONCOUNTERINDEX,SYSWORDTEMPA
	S	1111 DDDD DDDD DDDD:1100 SSSS SSSS SSSS	1350
	D	1111 DDDD DDDD DDDD:1100 0101 0100 0110	1286
000EA6	C546 F506	MOVFF HWI2C_BUFFERLOCATIONCOUNTERINDEX_H,SYSWORDTEMPA_H
	S	1111 DDDD DDDD DDDD:1100 SSSS SSSS SSSS	1347
	D	1111 DDDD DDDD DDDD:1100 0101 0100 0011	1289
000EAA	C543 F509	MOVFF HWI2C_BUFFERLOCATIONCOUNTER,SYSWORDTEMPB
	F	 0110 101A FFFF FFFF	1290
	A	 0110 101A 0000 1010	0
000EAE	6A0A	CLRF SYSWORDTEMPB_H,ACCESS
	K	 0000 0001 00KK KKKK	0
000000	0100	BANKSEL 0
	K	1111 KKKK KKKK KKKK:1110 110S KKKK KKKK	6202
	S	1111 0000 0000 1100:1110 110S 0001 1101	0
000EB2	EC1D F00C	CALL SYSCOMPLESSTHAN16
	F	 1011 BBBA FFFF FFFF	1280
	B	 1011 BBBA 0000 0000	0
	A	 1011 000A 0000 0000	0
000EB6	B000	BTFSC SYSBYTETEMPX,0,ACCESS
	N	 1101 0NNN NNNN NNNN	2012
000EB8	D7DC	BRA SYSFORLOOP13
		SYSFORLOOPEND13
		SYSDOLOOP_S7
	F	 0110 101A FFFF FFFF	1280
	A	 0110 101A 0000 0000	0
000EBA	6A00	CLRF SYSBYTETEMPX,ACCESS
	K	 0000 0001 00KK KKKK	2
000000	0102	BANKSEL I2C1STAT0
	F	 1011 BBBA FFFF FFFF	663
	B	 1011 BBBA 1001 0111	5
	A	 1011 101A 1001 0111	1
000EBE	BB97	BTFSC I2C1STAT0,MMA,BANKED
	F	 0001 11DA FFFF FFFF	1280
	D	 0001 11DA 0000 0000	1
	A	 0001 111A 0000 0000	0
000EC0	1E00	COMF SYSBYTETEMPX,F,ACCESS
	S	1111 DDDD DDDD DDDD:1100 SSSS SSSS SSSS	1280
	D	1111 DDDD DDDD DDDD:1100 0101 0000 0000	1456
000EC2	C500 F5B0	MOVFF SYSBYTETEMPX,SYSTEMP3
	S	1111 DDDD DDDD DDDD:1100 SSSS SSSS SSSS	1346
	D	1111 DDDD DDDD DDDD:1100 0101 0100 0010	1285
000EC6	C542 F505	MOVFF HI2CWAITMSSPTIMEOUT,SYSBYTETEMPA
	F	 0110 100A FFFF FFFF	1289
	A	 0110 100A 0000 1001	0
000ECA	6809	SETF SYSBYTETEMPB,ACCESS
	K	 0000 0001 00KK KKKK	0
000000	0100	BANKSEL 0
	K	1111 KKKK KKKK KKKK:1110 110S KKKK KKKK	6134
	S	1111 0000 0000 1011:1110 110S 1111 1011	0
000ECE	ECFB F00B	CALL SYSCOMPEQUAL
	F	 0001 11DA FFFF FFFF	1280
	D	 0001 11DA 0000 0000	1
	A	 0001 111A 0000 0000	0
000ED2	1E00	COMF SYSBYTETEMPX,F,ACCESS
	K	 0000 0001 00KK KKKK	5
000000	0105	BANKSEL SYSTEMP3
	F	 0101 00DA FFFF FFFF	1456
	D	 0101 00DA 1011 0000	0
	A	 0101 000A 1011 0000	1
000ED6	51B0	MOVF SYSTEMP3,W,BANKED
	F	 0001 01DA FFFF FFFF	1280
	D	 0001 01DA 0000 0000	0
	A	 0001 010A 0000 0000	0
000ED8	1400	ANDWF SYSBYTETEMPX,W,ACCESS
	F	 0110 111A FFFF FFFF	1450
	A	 0110 111A 1010 1010	1
000EDA	6FAA	MOVWF SYSTEMP1,BANKED
	F	 1010 BBBA FFFF FFFF	1450
	B	 1010 BBBA 1010 1010	0
	A	 1010 000A 1010 1010	1
000EDC	A1AA	BTFSS SYSTEMP1,0,BANKED
	N	 1101 0NNN NNNN NNNN	5
000EDE	D005	BRA SYSDOLOOP_E7
	K	 0000 1110 KKKK KKKK	5
000EE0	0E05	MOVLW 5
	F	 0110 111A FFFF FFFF	1280
	A	 0110 111A 0000 0000	0
000EE2	6E00	MOVWF DELAYTEMP,ACCESS
		DELAYUS3
	F	 0010 11DA FFFF FFFF	1280
	D	 0010 11DA 0000 0000	1
	A	 0010 111A 0000 0000	0
000EE4	2E00	DECFSZ DELAYTEMP,F,ACCESS
	N	 1101 0NNN NNNN NNNN	2046
000EE6	D7FE	BRA DELAYUS3
	N	 1101 0NNN NNNN NNNN	2024
000EE8	D7E8	BRA SYSDOLOOP_S7
		SYSDOLOOP_E7
		ENDIF82
		HI2CQ24Q35STOPEXIT
	K	 0000 0001 00KK KKKK	2
000000	0102	BANKSEL I2C1PIR
	F	 1010 BBBA FFFF FFFF	665
	B	 1010 BBBA 1001 1001	7
	A	 1010 111A 1001 1001	1
000EEC	AF99	BTFSS I2C1PIR,7,BANKED
	N	 1101 0NNN NNNN NNNN	2
000EEE	D002	BRA ELSE83_1
	F	 0110 101A FFFF FFFF	1344
	A	 0110 101A 0100 0000	0
000EF0	6A40	CLRF HI2CACKPOLLSTATE,ACCESS
	N	 1101 0NNN NNNN NNNN	1
000EF2	D001	BRA ENDIF83
		ELSE83_1
	F	 0110 100A FFFF FFFF	1344
	A	 0110 100A 0100 0000	0
000EF4	6840	SETF HI2CACKPOLLSTATE,ACCESS
		ENDIF83
	F	 1001 BBBA FFFF FFFF	658
	B	 1001 BBBA 1001 0010	7
	A	 1001 111A 1001 0010	1
000EF6	9F92	BCF I2C1CON0,I2CEN,BANKED
	K	 0000 0001 00KK KKKK	0
000000	0100	BANKSEL 0
	S	 0000 0000 0001 001S	0
000EFA	0012	RETURN


		INITGLCD_SSD1306
	F	 0110 101A FFFF FFFF	1319
	A	 0110 101A 0010 0111	0
000EFC	6A27	CLRF GLCDBACKGROUND,ACCESS
	F	 0110 101A FFFF FFFF	1320
	A	 0110 101A 0010 1000	0
000EFE	6A28	CLRF GLCDBACKGROUND_H,ACCESS
	K	 0000 1110 KKKK KKKK	1
000F00	0E01	MOVLW 1
	F	 0110 111A FFFF FFFF	1330
	A	 0110 111A 0011 0010	0
000F02	6E32	MOVWF GLCDFOREGROUND,ACCESS
	F	 0110 101A FFFF FFFF	1331
	A	 0110 101A 0011 0011	0
000F04	6A33	CLRF GLCDFOREGROUND_H,ACCESS
	K	 0000 1110 KKKK KKKK	5
000F06	0E05	MOVLW 5
	F	 0110 111A FFFF FFFF	1329
	A	 0110 111A 0011 0001	0
000F08	6E31	MOVWF GLCDFONTWIDTH,ACCESS
	K	 0000 1110 KKKK KKKK	7
000F0A	0E07	MOVLW 7
	F	 0110 111A FFFF FFFF	1327
	A	 0110 111A 0010 1111	0
000F0C	6E2F	MOVWF GLCDFNTDEFAULTHEIGHT,ACCESS
	F	 0110 101A FFFF FFFF	1326
	A	 0110 101A 0010 1110	0
000F0E	6A2E	CLRF GLCDFNTDEFAULT,ACCESS
	K	 0000 1110 KKKK KKKK	1
000F10	0E01	MOVLW 1
	F	 0110 111A FFFF FFFF	1328
	A	 0110 111A 0011 0000	0
000F12	6E30	MOVWF GLCDFNTDEFAULTSIZE,ACCESS
	F	 0110 100A FFFF FFFF	1282
	A	 0110 100A 0000 0010	0
000F14	6802	SETF SYSWAITTEMPMS,ACCESS
	F	 0110 101A FFFF FFFF	1283
	A	 0110 101A 0000 0011	0
000F16	6A03	CLRF SYSWAITTEMPMS_H,ACCESS
	N	 1101 1NNN NNNN NNNN	1059
000F18	DC23	RCALL DELAY_MS
	K	 0000 1110 KKKK KKKK	12
000F1A	0E0C	MOVLW 12
	F	 0110 111A FFFF FFFF	1345
	A	 0110 111A 0100 0001	0
000F1C	6E41	MOVWF HI2CCURRENTMODE,ACCESS
	N	 1101 1NNN NNNN NNNN	1858
000F1E	DF42	RCALL HI2CMODE
	K	 0000 1110 KKKK KKKK	15
000F20	0E0F	MOVLW 15
	F	 0110 111A FFFF FFFF	1282
	A	 0110 111A 0000 0010	0
000F22	6E02	MOVWF SYSWAITTEMPMS,ACCESS
	F	 0110 101A FFFF FFFF	1283
	A	 0110 101A 0000 0011	0
000F24	6A03	CLRF SYSWAITTEMPMS_H,ACCESS
	N	 1101 1NNN NNNN NNNN	1052
000F26	DC1C	RCALL DELAY_MS
	K	 0000 1110 KKKK KKKK	174
000F28	0EAE	MOVLW 174
	K	 0000 0001 00KK KKKK	5
000000	0105	BANKSEL SSD1306SENDBYTE
	F	 0110 111A FFFF FFFF	1415
	A	 0110 111A 1000 0111	1
000F2C	6F87	MOVWF SSD1306SENDBYTE,BANKED
	K	 0000 0001 00KK KKKK	0
000000	0100	BANKSEL 0
	K	1111 KKKK KKKK KKKK:1110 110S KKKK KKKK	7142
	S	1111 0000 0000 1101:1110 110S 1111 0011	0
000F30	ECF3 F00D	CALL WRITE_COMMAND_SSD1306
	K	 0000 1110 KKKK KKKK	46
000F34	0E2E	MOVLW 46
	K	 0000 0001 00KK KKKK	5
000000	0105	BANKSEL SSD1306SENDBYTE
	F	 0110 111A FFFF FFFF	1415
	A	 0110 111A 1000 0111	1
000F38	6F87	MOVWF SSD1306SENDBYTE,BANKED
	K	 0000 0001 00KK KKKK	0
000000	0100	BANKSEL 0
	K	1111 KKKK KKKK KKKK:1110 110S KKKK KKKK	7142
	S	1111 0000 0000 1101:1110 110S 1111 0011	0
000F3C	ECF3 F00D	CALL WRITE_COMMAND_SSD1306
	K	 0000 1110 KKKK KKKK	213
000F40	0ED5	MOVLW 213
	K	 0000 0001 00KK KKKK	5
000000	0105	BANKSEL SSD1306SENDBYTE
	F	 0110 111A FFFF FFFF	1415
	A	 0110 111A 1000 0111	1
000F44	6F87	MOVWF SSD1306SENDBYTE,BANKED
	K	 0000 0001 00KK KKKK	0
000000	0100	BANKSEL 0
	K	1111 KKKK KKKK KKKK:1110 110S KKKK KKKK	7142
	S	1111 0000 0000 1101:1110 110S 1111 0011	0
000F48	ECF3 F00D	CALL WRITE_COMMAND_SSD1306
	K	 0000 1110 KKKK KKKK	128
000F4C	0E80	MOVLW 128
	K	 0000 0001 00KK KKKK	5
000000	0105	BANKSEL SSD1306SENDBYTE
	F	 0110 111A FFFF FFFF	1415
	A	 0110 111A 1000 0111	1
000F50	6F87	MOVWF SSD1306SENDBYTE,BANKED
	K	 0000 0001 00KK KKKK	0
000000	0100	BANKSEL 0
	K	1111 KKKK KKKK KKKK:1110 110S KKKK KKKK	7142
	S	1111 0000 0000 1101:1110 110S 1111 0011	0
000F54	ECF3 F00D	CALL WRITE_COMMAND_SSD1306
	K	 0000 1110 KKKK KKKK	168
000F58	0EA8	MOVLW 168
	K	 0000 0001 00KK KKKK	5
000000	0105	BANKSEL SSD1306SENDBYTE
	F	 0110 111A FFFF FFFF	1415
	A	 0110 111A 1000 0111	1
000F5C	6F87	MOVWF SSD1306SENDBYTE,BANKED
	K	 0000 0001 00KK KKKK	0
000000	0100	BANKSEL 0
	K	1111 KKKK KKKK KKKK:1110 110S KKKK KKKK	7142
	S	1111 0000 0000 1101:1110 110S 1111 0011	0
000F60	ECF3 F00D	CALL WRITE_COMMAND_SSD1306
	K	 0000 1110 KKKK KKKK	63
000F64	0E3F	MOVLW 63
	K	 0000 0001 00KK KKKK	5
000000	0105	BANKSEL SSD1306SENDBYTE
	F	 0110 111A FFFF FFFF	1415
	A	 0110 111A 1000 0111	1
000F68	6F87	MOVWF SSD1306SENDBYTE,BANKED
	K	 0000 0001 00KK KKKK	0
000000	0100	BANKSEL 0
	K	1111 KKKK KKKK KKKK:1110 110S KKKK KKKK	7142
	S	1111 0000 0000 1101:1110 110S 1111 0011	0
000F6C	ECF3 F00D	CALL WRITE_COMMAND_SSD1306
	K	 0000 1110 KKKK KKKK	211
000F70	0ED3	MOVLW 211
	K	 0000 0001 00KK KKKK	5
000000	0105	BANKSEL SSD1306SENDBYTE
	F	 0110 111A FFFF FFFF	1415
	A	 0110 111A 1000 0111	1
000F74	6F87	MOVWF SSD1306SENDBYTE,BANKED
	K	 0000 0001 00KK KKKK	0
000000	0100	BANKSEL 0
	K	1111 KKKK KKKK KKKK:1110 110S KKKK KKKK	7142
	S	1111 0000 0000 1101:1110 110S 1111 0011	0
000F78	ECF3 F00D	CALL WRITE_COMMAND_SSD1306
	K	 0000 0001 00KK KKKK	5
000000	0105	BANKSEL SSD1306SENDBYTE
	F	 0110 101A FFFF FFFF	1415
	A	 0110 101A 1000 0111	1
000F7E	6B87	CLRF SSD1306SENDBYTE,BANKED
	K	 0000 0001 00KK KKKK	0
000000	0100	BANKSEL 0
	K	1111 KKKK KKKK KKKK:1110 110S KKKK KKKK	7142
	S	1111 0000 0000 1101:1110 110S 1111 0011	0
000F82	ECF3 F00D	CALL WRITE_COMMAND_SSD1306
	K	 0000 1110 KKKK KKKK	64
000F86	0E40	MOVLW 64
	K	 0000 0001 00KK KKKK	5
000000	0105	BANKSEL SSD1306SENDBYTE
	F	 0110 111A FFFF FFFF	1415
	A	 0110 111A 1000 0111	1
000F8A	6F87	MOVWF SSD1306SENDBYTE,BANKED
	K	 0000 0001 00KK KKKK	0
000000	0100	BANKSEL 0
	K	1111 KKKK KKKK KKKK:1110 110S KKKK KKKK	7142
	S	1111 0000 0000 1101:1110 110S 1111 0011	0
000F8E	ECF3 F00D	CALL WRITE_COMMAND_SSD1306
	K	 0000 1110 KKKK KKKK	141
000F92	0E8D	MOVLW 141
	K	 0000 0001 00KK KKKK	5
000000	0105	BANKSEL SSD1306SENDBYTE
	F	 0110 111A FFFF FFFF	1415
	A	 0110 111A 1000 0111	1
000F96	6F87	MOVWF SSD1306SENDBYTE,BANKED
	K	 0000 0001 00KK KKKK	0
000000	0100	BANKSEL 0
	K	1111 KKKK KKKK KKKK:1110 110S KKKK KKKK	7142
	S	1111 0000 0000 1101:1110 110S 1111 0011	0
000F9A	ECF3 F00D	CALL WRITE_COMMAND_SSD1306
	K	 0000 1110 KKKK KKKK	20
000F9E	0E14	MOVLW 20
	K	 0000 0001 00KK KKKK	5
000000	0105	BANKSEL SSD1306SENDBYTE
	F	 0110 111A FFFF FFFF	1415
	A	 0110 111A 1000 0111	1
000FA2	6F87	MOVWF SSD1306SENDBYTE,BANKED
	K	 0000 0001 00KK KKKK	0
000000	0100	BANKSEL 0
	K	1111 KKKK KKKK KKKK:1110 110S KKKK KKKK	7142
	S	1111 0000 0000 1101:1110 110S 1111 0011	0
000FA6	ECF3 F00D	CALL WRITE_COMMAND_SSD1306
	K	 0000 1110 KKKK KKKK	32
000FAA	0E20	MOVLW 32
	K	 0000 0001 00KK KKKK	5
000000	0105	BANKSEL SSD1306SENDBYTE
	F	 0110 111A FFFF FFFF	1415
	A	 0110 111A 1000 0111	1
000FAE	6F87	MOVWF SSD1306SENDBYTE,BANKED
	K	 0000 0001 00KK KKKK	0
000000	0100	BANKSEL 0
	K	1111 KKKK KKKK KKKK:1110 110S KKKK KKKK	7142
	S	1111 0000 0000 1101:1110 110S 1111 0011	0
000FB2	ECF3 F00D	CALL WRITE_COMMAND_SSD1306
	K	 0000 1110 KKKK KKKK	16
000FB6	0E10	MOVLW 16
	K	 0000 0001 00KK KKKK	5
000000	0105	BANKSEL SSD1306SENDBYTE
	F	 0110 111A FFFF FFFF	1415
	A	 0110 111A 1000 0111	1
000FBA	6F87	MOVWF SSD1306SENDBYTE,BANKED
	K	 0000 0001 00KK KKKK	0
000000	0100	BANKSEL 0
	K	1111 KKKK KKKK KKKK:1110 110S KKKK KKKK	7142
	S	1111 0000 0000 1101:1110 110S 1111 0011	0
000FBE	ECF3 F00D	CALL WRITE_COMMAND_SSD1306
	K	 0000 1110 KKKK KKKK	161
000FC2	0EA1	MOVLW 161
	K	 0000 0001 00KK KKKK	5
000000	0105	BANKSEL SSD1306SENDBYTE
	F	 0110 111A FFFF FFFF	1415
	A	 0110 111A 1000 0111	1
000FC6	6F87	MOVWF SSD1306SENDBYTE,BANKED
	K	 0000 0001 00KK KKKK	0
000000	0100	BANKSEL 0
	K	1111 KKKK KKKK KKKK:1110 110S KKKK KKKK	7142
	S	1111 0000 0000 1101:1110 110S 1111 0011	0
000FCA	ECF3 F00D	CALL WRITE_COMMAND_SSD1306
	K	 0000 1110 KKKK KKKK	200
000FCE	0EC8	MOVLW 200
	K	 0000 0001 00KK KKKK	5
000000	0105	BANKSEL SSD1306SENDBYTE
	F	 0110 111A FFFF FFFF	1415
	A	 0110 111A 1000 0111	1
000FD2	6F87	MOVWF SSD1306SENDBYTE,BANKED
	K	 0000 0001 00KK KKKK	0
000000	0100	BANKSEL 0
	K	1111 KKKK KKKK KKKK:1110 110S KKKK KKKK	7142
	S	1111 0000 0000 1101:1110 110S 1111 0011	0
000FD6	ECF3 F00D	CALL WRITE_COMMAND_SSD1306
	K	 0000 1110 KKKK KKKK	218
000FDA	0EDA	MOVLW 218
	K	 0000 0001 00KK KKKK	5
000000	0105	BANKSEL SSD1306SENDBYTE
	F	 0110 111A FFFF FFFF	1415
	A	 0110 111A 1000 0111	1
000FDE	6F87	MOVWF SSD1306SENDBYTE,BANKED
	K	 0000 0001 00KK KKKK	0
000000	0100	BANKSEL 0
	K	1111 KKKK KKKK KKKK:1110 110S KKKK KKKK	7142
	S	1111 0000 0000 1101:1110 110S 1111 0011	0
000FE2	ECF3 F00D	CALL WRITE_COMMAND_SSD1306
	K	 0000 1110 KKKK KKKK	18
000FE6	0E12	MOVLW 18
	K	 0000 0001 00KK KKKK	5
000000	0105	BANKSEL SSD1306SENDBYTE
	F	 0110 111A FFFF FFFF	1415
	A	 0110 111A 1000 0111	1
000FEA	6F87	MOVWF SSD1306SENDBYTE,BANKED
	K	 0000 0001 00KK KKKK	0
000000	0100	BANKSEL 0
	K	1111 KKKK KKKK KKKK:1110 110S KKKK KKKK	7142
	S	1111 0000 0000 1101:1110 110S 1111 0011	0
000FEE	ECF3 F00D	CALL WRITE_COMMAND_SSD1306
	K	 0000 1110 KKKK KKKK	129
000FF2	0E81	MOVLW 129
	K	 0000 0001 00KK KKKK	5
000000	0105	BANKSEL SSD1306SENDBYTE
	F	 0110 111A FFFF FFFF	1415
	A	 0110 111A 1000 0111	1
000FF6	6F87	MOVWF SSD1306SENDBYTE,BANKED
	K	 0000 0001 00KK KKKK	0
000000	0100	BANKSEL 0
	K	1111 KKKK KKKK KKKK:1110 110S KKKK KKKK	7142
	S	1111 0000 0000 1101:1110 110S 1111 0011	0
000FFA	ECF3 F00D	CALL WRITE_COMMAND_SSD1306
	K	 0000 1110 KKKK KKKK	207
000FFE	0ECF	MOVLW 207
	K	 0000 0001 00KK KKKK	5
000000	0105	BANKSEL SSD1306SENDBYTE
	F	 0110 111A FFFF FFFF	1415
	A	 0110 111A 1000 0111	1
001002	6F87	MOVWF SSD1306SENDBYTE,BANKED
	K	 0000 0001 00KK KKKK	0
000000	0100	BANKSEL 0
	K	1111 KKKK KKKK KKKK:1110 110S KKKK KKKK	7142
	S	1111 0000 0000 1101:1110 110S 1111 0011	0
001006	ECF3 F00D	CALL WRITE_COMMAND_SSD1306
	K	 0000 1110 KKKK KKKK	217
00100A	0ED9	MOVLW 217
	K	 0000 0001 00KK KKKK	5
000000	0105	BANKSEL SSD1306SENDBYTE
	F	 0110 111A FFFF FFFF	1415
	A	 0110 111A 1000 0111	1
00100E	6F87	MOVWF SSD1306SENDBYTE,BANKED
	K	 0000 0001 00KK KKKK	0
000000	0100	BANKSEL 0
	K	1111 KKKK KKKK KKKK:1110 110S KKKK KKKK	7142
	S	1111 0000 0000 1101:1110 110S 1111 0011	0
001012	ECF3 F00D	CALL WRITE_COMMAND_SSD1306
	K	 0000 1110 KKKK KKKK	241
001016	0EF1	MOVLW 241
	K	 0000 0001 00KK KKKK	5
000000	0105	BANKSEL SSD1306SENDBYTE
	F	 0110 111A FFFF FFFF	1415
	A	 0110 111A 1000 0111	1
00101A	6F87	MOVWF SSD1306SENDBYTE,BANKED
	K	 0000 0001 00KK KKKK	0
000000	0100	BANKSEL 0
	K	1111 KKKK KKKK KKKK:1110 110S KKKK KKKK	7142
	S	1111 0000 0000 1101:1110 110S 1111 0011	0
00101E	ECF3 F00D	CALL WRITE_COMMAND_SSD1306
	K	 0000 1110 KKKK KKKK	219
001022	0EDB	MOVLW 219
	K	 0000 0001 00KK KKKK	5
000000	0105	BANKSEL SSD1306SENDBYTE
	F	 0110 111A FFFF FFFF	1415
	A	 0110 111A 1000 0111	1
001026	6F87	MOVWF SSD1306SENDBYTE,BANKED
	K	 0000 0001 00KK KKKK	0
000000	0100	BANKSEL 0
	K	1111 KKKK KKKK KKKK:1110 110S KKKK KKKK	7142
	S	1111 0000 0000 1101:1110 110S 1111 0011	0
00102A	ECF3 F00D	CALL WRITE_COMMAND_SSD1306
	K	 0000 1110 KKKK KKKK	64
00102E	0E40	MOVLW 64
	K	 0000 0001 00KK KKKK	5
000000	0105	BANKSEL SSD1306SENDBYTE
	F	 0110 111A FFFF FFFF	1415
	A	 0110 111A 1000 0111	1
001032	6F87	MOVWF SSD1306SENDBYTE,BANKED
	K	 0000 0001 00KK KKKK	0
000000	0100	BANKSEL 0
	K	1111 KKKK KKKK KKKK:1110 110S KKKK KKKK	7142
	S	1111 0000 0000 1101:1110 110S 1111 0011	0
001036	ECF3 F00D	CALL WRITE_COMMAND_SSD1306
	K	 0000 1110 KKKK KKKK	164
00103A	0EA4	MOVLW 164
	K	 0000 0001 00KK KKKK	5
000000	0105	BANKSEL SSD1306SENDBYTE
	F	 0110 111A FFFF FFFF	1415
	A	 0110 111A 1000 0111	1
00103E	6F87	MOVWF SSD1306SENDBYTE,BANKED
	K	 0000 0001 00KK KKKK	0
000000	0100	BANKSEL 0
	K	1111 KKKK KKKK KKKK:1110 110S KKKK KKKK	7142
	S	1111 0000 0000 1101:1110 110S 1111 0011	0
001042	ECF3 F00D	CALL WRITE_COMMAND_SSD1306
	K	 0000 1110 KKKK KKKK	166
001046	0EA6	MOVLW 166
	K	 0000 0001 00KK KKKK	5
000000	0105	BANKSEL SSD1306SENDBYTE
	F	 0110 111A FFFF FFFF	1415
	A	 0110 111A 1000 0111	1
00104A	6F87	MOVWF SSD1306SENDBYTE,BANKED
	K	 0000 0001 00KK KKKK	0
000000	0100	BANKSEL 0
	K	1111 KKKK KKKK KKKK:1110 110S KKKK KKKK	7142
	S	1111 0000 0000 1101:1110 110S 1111 0011	0
00104E	ECF3 F00D	CALL WRITE_COMMAND_SSD1306
	N	 1101 1NNN NNNN NNNN	1286
001052	DD06	RCALL GLCDCLS_SSD1306
	K	 0000 1110 KKKK KKKK	175
001054	0EAF	MOVLW 175
	K	 0000 0001 00KK KKKK	5
000000	0105	BANKSEL SSD1306SENDBYTE
	F	 0110 111A FFFF FFFF	1415
	A	 0110 111A 1000 0111	1
001058	6F87	MOVWF SSD1306SENDBYTE,BANKED
	K	 0000 0001 00KK KKKK	0
000000	0100	BANKSEL 0
	K	1111 KKKK KKKK KKKK:1110 1111 KKKK KKKK	7142
00105C	EFF3 F00D	GOTO WRITE_COMMAND_SSD1306


		INITPPS
	K	 0000 0001 00KK KKKK	1
000000	0101	BANKSEL TRISC
	F	 1001 BBBA FFFF FFFF	330
	B	 1001 BBBA 0100 1010	6
	A	 1001 110A 0100 1010	1
001062	9D4A	BCF TRISC,6,BANKED
	K	 0000 1110 KKKK KKKK	21
001064	0E15	MOVLW 21
	K	 0000 0001 00KK KKKK	2
000000	0102	BANKSEL U1RXPPS
	F	 0110 111A FFFF FFFF	626
	A	 0110 111A 0111 0010	1
001068	6F72	MOVWF U1RXPPS,BANKED
	K	 0000 1110 KKKK KKKK	18
00106A	0E12	MOVLW 18
	F	 0110 111A FFFF FFFF	535
	A	 0110 111A 0001 0111	1
00106C	6F17	MOVWF RC6PPS,BANKED
	K	 0000 1110 KKKK KKKK	19
00106E	0E13	MOVLW 19
	F	 0110 111A FFFF FFFF	625
	A	 0110 111A 0111 0001	1
001070	6F71	MOVWF I2C1SCLPPS,BANKED
	K	 0000 1110 KKKK KKKK	29
001072	0E1D	MOVLW 29
	F	 0110 111A FFFF FFFF	532
	A	 0110 111A 0001 0100	1
001074	6F14	MOVWF RC3PPS,BANKED
	K	 0000 1110 KKKK KKKK	20
001076	0E14	MOVLW 20
	F	 0110 111A FFFF FFFF	624
	A	 0110 111A 0111 0000	1
001078	6F70	MOVWF I2C1SDAPPS,BANKED
	K	 0000 1110 KKKK KKKK	30
00107A	0E1E	MOVLW 30
	F	 0110 111A FFFF FFFF	533
	A	 0110 111A 0001 0101	1
00107C	6F15	MOVWF RC4PPS,BANKED
	K	 0000 0001 00KK KKKK	0
000000	0100	BANKSEL 0
	S	 0000 0000 0001 001S	0
001080	0012	RETURN


		INITSYS
	K	 0000 0001 00KK KKKK	0
001082	0100	MOVLB 0
	K	 0000 1110 KKKK KKKK	96
001084	0E60	MOVLW 96
	F	 0110 111A FFFF FFFF	173
	A	 0110 111A 1010 1101	1
001086	6FAD	MOVWF OSCCON1,BANKED
	F	 0110 101A FFFF FFFF	175
	A	 0110 101A 1010 1111	1
001088	6BAF	CLRF OSCCON3,BANKED
	F	 0110 101A FFFF FFFF	179
	A	 0110 101A 1011 0011	1
00108A	6BB3	CLRF OSCEN,BANKED
	F	 0110 101A FFFF FFFF	176
	A	 0110 101A 1011 0000	1
00108C	6BB0	CLRF OSCTUNE,BANKED
	K	 0000 1110 KKKK KKKK	96
00108E	0E60	MOVLW 96
	F	 0110 111A FFFF FFFF	173
	A	 0110 111A 1010 1101	1
001090	6FAD	MOVWF OSCCON1,BANKED
	K	 0000 1110 KKKK KKKK	8
001092	0E08	MOVLW 8
	F	 0110 111A FFFF FFFF	177
	A	 0110 111A 1011 0001	1
001094	6FB1	MOVWF OSCFRQ,BANKED
	F	 0110 101A FFFF FFFF	1272
	A	 0110 101A 1111 1000	0
001096	6AF8	CLRF TBLPTRU,ACCESS
	K	 0000 0001 00KK KKKK	3
000000	0103	BANKSEL ADCON0
	F	 1001 BBBA FFFF FFFF	1011
	B	 1001 BBBA 1111 0011	2
	A	 1001 010A 1111 0011	1
00109A	95F3	BCF ADCON0,ADFM0,BANKED
	F	 1001 BBBA FFFF FFFF	1011
	B	 1001 BBBA 1111 0011	7
	A	 1001 111A 1111 0011	1
00109C	9FF3	BCF ADCON0,ADON,BANKED
	K	 0000 0001 00KK KKKK	4
000000	0104	BANKSEL ANSELA
	F	 0110 101A FFFF FFFF	1024
	A	 0110 101A 0000 0000	1
0010A0	6B00	CLRF ANSELA,BANKED
	F	 0110 101A FFFF FFFF	1032
	A	 0110 101A 0000 1000	1
0010A2	6B08	CLRF ANSELB,BANKED
	F	 0110 101A FFFF FFFF	1040
	A	 0110 101A 0001 0000	1
0010A4	6B10	CLRF ANSELC,BANKED
	F	 0110 101A FFFF FFFF	1056
	A	 0110 101A 0010 0000	1
0010A6	6B20	CLRF ANSELE,BANKED
	K	 0000 0001 00KK KKKK	0
000000	0100	BANKSEL CM2CON0
	F	 1001 BBBA FFFF FFFF	116
	B	 1001 BBBA 0111 0100	7
	A	 1001 111A 0111 0100	1
0010AA	9F74	BCF CM2CON0,C2EN,BANKED
	F	 1001 BBBA FFFF FFFF	112
	B	 1001 BBBA 0111 0000	7
	A	 1001 111A 0111 0000	1
0010AC	9F70	BCF CM1CON0,C1EN,BANKED
	K	 0000 0001 00KK KKKK	1
000000	0101	BANKSEL PORTA
	F	 0110 101A FFFF FFFF	336
	A	 0110 101A 0101 0000	1
0010B0	6B50	CLRF PORTA,BANKED
	F	 0110 101A FFFF FFFF	337
	A	 0110 101A 0101 0001	1
0010B2	6B51	CLRF PORTB,BANKED
	F	 0110 101A FFFF FFFF	338
	A	 0110 101A 0101 0010	1
0010B4	6B52	CLRF PORTC,BANKED
	F	 0110 101A FFFF FFFF	339
	A	 0110 101A 0101 0011	1
0010B6	6B53	CLRF PORTD,BANKED
	F	 0110 101A FFFF FFFF	340
	A	 0110 101A 0101 0100	1
0010B8	6B54	CLRF PORTE,BANKED
	K	 0000 0001 00KK KKKK	0
000000	0100	BANKSEL 0
	S	 0000 0000 0001 001S	0
0010BC	0012	RETURN


		FN_LEFT
	S	1111 DDDD DDDD DDDD:1100 SSSS SSSS SSSS	1448
	D	1111 DDDD DDDD DDDD:1100 0101 1010 1000	1257
0010BE	C5A8 F4E9	MOVFF SYSSYSINSTRINGHANDLER,AFSR0
	S	1111 DDDD DDDD DDDD:1100 SSSS SSSS SSSS	1449
	D	1111 DDDD DDDD DDDD:1100 0101 1010 1001	1258
0010C2	C5A9 F4EA	MOVFF SYSSYSINSTRINGHANDLER_H,AFSR0_H
	F	 0101 00DA FFFF FFFF	1263
	D	 0101 00DA 1110 1111	1
	A	 0101 001A 1110 1111	0
0010C6	52EF	MOVF INDF0,F,ACCESS
	F	 1010 BBBA FFFF FFFF	1240
	B	 1010 BBBA 1101 1000	2
	A	 1010 010A 1101 1000	0
0010C8	A4D8	BTFSS STATUS, Z,ACCESS
	N	 1101 0NNN NNNN NNNN	4
0010CA	D004	BRA ENDIF43
	K	 0000 0001 00KK KKKK	16
000000	0110	BANKSEL SYSLEFT_0
	F	 0110 101A FFFF FFFF	4310
	A	 0110 101A 1101 0110	1
0010CE	6BD6	CLRF SYSLEFT_0,BANKED
	K	 0000 0001 00KK KKKK	0
000000	0100	BANKSEL 0
	S	 0000 0000 0001 001S	0
0010D2	0012	RETURN
		ENDIF43
	S	1111 DDDD DDDD DDDD:1100 SSSS SSSS SSSS	1448
	D	1111 DDDD DDDD DDDD:1100 0101 1010 1000	1257
0010D4	C5A8 F4E9	MOVFF SYSSYSINSTRINGHANDLER,AFSR0
	S	1111 DDDD DDDD DDDD:1100 SSSS SSSS SSSS	1449
	D	1111 DDDD DDDD DDDD:1100 0101 1010 1001	1258
0010D8	C5A9 F4EA	MOVFF SYSSYSINSTRINGHANDLER_H,AFSR0_H
	K	 0000 0001 00KK KKKK	5
000000	0105	BANKSEL SYSCHARCOUNT
	F	 0101 00DA FFFF FFFF	1422
	D	 0101 00DA 1000 1110	0
	A	 0101 000A 1000 1110	1
0010DE	518E	MOVF SYSCHARCOUNT,W,BANKED
	F	 0101 11DA FFFF FFFF	1263
	D	 0101 11DA 1110 1111	0
	A	 0101 110A 1110 1111	0
0010E0	5CEF	SUBWF INDF0,W,ACCESS
	F	 1011 BBBA FFFF FFFF	1240
	B	 1011 BBBA 1101 1000	0
	A	 1011 000A 1101 1000	0
0010E2	B0D8	BTFSC STATUS, C,ACCESS
	N	 1101 0NNN NNNN NNNN	6
0010E4	D006	BRA ENDIF44
	S	1111 DDDD DDDD DDDD:1100 SSSS SSSS SSSS	1448
	D	1111 DDDD DDDD DDDD:1100 0101 1010 1000	1257
0010E6	C5A8 F4E9	MOVFF SYSSYSINSTRINGHANDLER,AFSR0
	S	1111 DDDD DDDD DDDD:1100 SSSS SSSS SSSS	1449
	D	1111 DDDD DDDD DDDD:1100 0101 1010 1001	1258
0010EA	C5A9 F4EA	MOVFF SYSSYSINSTRINGHANDLER_H,AFSR0_H
	S	1111 DDDD DDDD DDDD:1100 SSSS SSSS SSSS	1263
	D	1111 DDDD DDDD DDDD:1100 0100 1110 1111	1422
0010EE	C4EF F58E	MOVFF INDF0,SYSCHARCOUNT
		ENDIF44
	F	 0110 101A FFFF FFFF	1445
	A	 0110 101A 1010 0101	1
0010F2	6BA5	CLRF SYSSTRINGTEMP,BANKED
	K	 0000 1110 KKKK KKKK	1
0010F4	0E01	MOVLW 1
	F	 0101 11DA FFFF FFFF	1422
	D	 0101 11DA 1000 1110	0
	A	 0101 110A 1000 1110	1
0010F6	5D8E	SUBWF SYSCHARCOUNT,W,BANKED
	F	 1010 BBBA FFFF FFFF	1240
	B	 1010 BBBA 1101 1000	0
	A	 1010 000A 1101 1000	0
0010F8	A0D8	BTFSS STATUS, C,ACCESS
	N	 1101 0NNN NNNN NNNN	23
0010FA	D017	BRA SYSFORLOOPEND4
		SYSFORLOOP4
	F	 0010 10DA FFFF FFFF	1445
	D	 0010 10DA 1010 0101	1
	A	 0010 101A 1010 0101	1
0010FC	2BA5	INCF SYSSTRINGTEMP,F,BANKED
	F	 0101 00DA FFFF FFFF	1445
	D	 0101 00DA 1010 0101	0
	A	 0101 000A 1010 0101	1
0010FE	51A5	MOVF SYSSTRINGTEMP,W,BANKED
	F	 0010 01DA FFFF FFFF	1448
	D	 0010 01DA 1010 1000	0
	A	 0010 010A 1010 1000	1
001100	25A8	ADDWF SYSSYSINSTRINGHANDLER,W,BANKED
	F	 0110 111A FFFF FFFF	1257
	A	 0110 111A 1110 1001	0
001102	6EE9	MOVWF AFSR0,ACCESS
	K	 0000 1110 KKKK KKKK	0
001104	0E00	MOVLW 0
	F	 0010 00DA FFFF FFFF	1449
	D	 0010 00DA 1010 1001	0
	A	 0010 000A 1010 1001	1
001106	21A9	ADDWFC SYSSYSINSTRINGHANDLER_H,W,BANKED
	F	 0110 111A FFFF FFFF	1258
	A	 0110 111A 1110 1010	0
001108	6EEA	MOVWF AFSR0_H,ACCESS
	S	1111 DDDD DDDD DDDD:1100 SSSS SSSS SSSS	1262
	D	1111 DDDD DDDD DDDD:1100 0100 1110 1110	1420
00110A	C4EE F58C	MOVFF POSTINC0,SYSARRAYTEMP2
	S	1111 DDDD DDDD DDDD:1100 SSSS SSSS SSSS	1420
	D	1111 DDDD DDDD DDDD:1100 0101 1000 1100	1419
00110E	C58C F58B	MOVFF SYSARRAYTEMP2,SYSARRAYTEMP1
	F	1110 1110 00FF KKKK:1111 00KK KKKK KKKK	0
	K	1110 1110 0000 KKKK:1111 00KK KKKK KKKK	4310
001112	EE04 F0D6	LFSR 0,LEFT
	F	 0101 00DA FFFF FFFF	1445
	D	 0101 00DA 1010 0101	0
	A	 0101 000A 1010 0101	1
001116	51A5	MOVF SYSSTRINGTEMP,W,BANKED
	F	 0010 01DA FFFF FFFF	1257
	D	 0010 01DA 1110 1001	1
	A	 0010 011A 1110 1001	0
001118	26E9	ADDWF AFSR0,F,ACCESS
	K	 0000 1110 KKKK KKKK	0
00111A	0E00	MOVLW 0
	F	 0010 00DA FFFF FFFF	1258
	D	 0010 00DA 1110 1010	1
	A	 0010 001A 1110 1010	0
00111C	22EA	ADDWFC AFSR0_H,F,ACCESS
	S	1111 DDDD DDDD DDDD:1100 SSSS SSSS SSSS	1419
	D	1111 DDDD DDDD DDDD:1100 0101 1000 1011	1262
00111E	C58B F4EE	MOVFF SYSARRAYTEMP1,POSTINC0
	F	 0101 00DA FFFF FFFF	1422
	D	 0101 00DA 1000 1110	0
	A	 0101 000A 1000 1110	1
001122	518E	MOVF SYSCHARCOUNT,W,BANKED
	F	 0101 11DA FFFF FFFF	1445
	D	 0101 11DA 1010 0101	0
	A	 0101 110A 1010 0101	1
001124	5DA5	SUBWF SYSSTRINGTEMP,W,BANKED
	F	 1010 BBBA FFFF FFFF	1240
	B	 1010 BBBA 1101 1000	0
	A	 1010 000A 1101 1000	0
001126	A0D8	BTFSS STATUS, C,ACCESS
	N	 1101 0NNN NNNN NNNN	2025
001128	D7E9	BRA SYSFORLOOP4
		SYSFORLOOPEND4
	S	0000 0000 0110 SSSS:1111 SSSS SSSS SSDD:1111 DDDD DDDD DDDD	1422
	D	0000 0000 0110 0001:1111 0110 0011 10DD:1111 DDDD DDDD DDDD	4310
00112A	0061 F639 F0D6	MOVFFL SYSCHARCOUNT,SYSLEFT_0
	K	 0000 0001 00KK KKKK	0
000000	0100	BANKSEL 0
	S	 0000 0000 0001 001S	0
001132	0012	RETURN


		FN_MID
	S	1111 DDDD DDDD DDDD:1100 SSSS SSSS SSSS	1448
	D	1111 DDDD DDDD DDDD:1100 0101 1010 1000	1257
001134	C5A8 F4E9	MOVFF SYSSYSINSTRINGHANDLER,AFSR0
	S	1111 DDDD DDDD DDDD:1100 SSSS SSSS SSSS	1449
	D	1111 DDDD DDDD DDDD:1100 0101 1010 1001	1258
001138	C5A9 F4EA	MOVFF SYSSYSINSTRINGHANDLER_H,AFSR0_H
	F	 0101 00DA FFFF FFFF	1263
	D	 0101 00DA 1110 1111	1
	A	 0101 001A 1110 1111	0
00113C	52EF	MOVF INDF0,F,ACCESS
	F	 1010 BBBA FFFF FFFF	1240
	B	 1010 BBBA 1101 1000	2
	A	 1010 010A 1101 1000	0
00113E	A4D8	BTFSS STATUS, Z,ACCESS
	N	 1101 0NNN NNNN NNNN	4
001140	D004	BRA ENDIF47
	K	 0000 0001 00KK KKKK	16
000000	0110	BANKSEL SYSMID_0
	F	 0110 101A FFFF FFFF	4269
	A	 0110 101A 1010 1101	1
001144	6BAD	CLRF SYSMID_0,BANKED
	K	 0000 0001 00KK KKKK	0
000000	0100	BANKSEL 0
	S	 0000 0000 0001 001S	0
001148	0012	RETURN
		ENDIF47
	K	 0000 1110 KKKK KKKK	1
00114A	0E01	MOVLW 1
	K	 0000 0001 00KK KKKK	5
000000	0105	BANKSEL SYSCHARSTART
	F	 0101 11DA FFFF FFFF	1423
	D	 0101 11DA 1000 1111	0
	A	 0101 110A 1000 1111	1
00114E	5D8F	SUBWF SYSCHARSTART,W,BANKED
	F	 1011 BBBA FFFF FFFF	1240
	B	 1011 BBBA 1101 1000	0
	A	 1011 000A 1101 1000	0
001150	B0D8	BTFSC STATUS, C,ACCESS
	N	 1101 0NNN NNNN NNNN	2
001152	D002	BRA ENDIF48
	K	 0000 1110 KKKK KKKK	1
001154	0E01	MOVLW 1
	F	 0110 111A FFFF FFFF	1423
	A	 0110 111A 1000 1111	1
001156	6F8F	MOVWF SYSCHARSTART,BANKED
		ENDIF48
	S	1111 DDDD DDDD DDDD:1100 SSSS SSSS SSSS	1448
	D	1111 DDDD DDDD DDDD:1100 0101 1010 1000	1257
001158	C5A8 F4E9	MOVFF SYSSYSINSTRINGHANDLER,AFSR0
	S	1111 DDDD DDDD DDDD:1100 SSSS SSSS SSSS	1449
	D	1111 DDDD DDDD DDDD:1100 0101 1010 1001	1258
00115C	C5A9 F4EA	MOVFF SYSSYSINSTRINGHANDLER_H,AFSR0_H
	F	 0101 00DA FFFF FFFF	1423
	D	 0101 00DA 1000 1111	0
	A	 0101 000A 1000 1111	1
001160	518F	MOVF SYSCHARSTART,W,BANKED
	F	 0101 11DA FFFF FFFF	1263
	D	 0101 11DA 1110 1111	0
	A	 0101 110A 1110 1111	0
001162	5CEF	SUBWF INDF0,W,ACCESS
	F	 1011 BBBA FFFF FFFF	1240
	B	 1011 BBBA 1101 1000	0
	A	 1011 000A 1101 1000	0
001164	B0D8	BTFSC STATUS, C,ACCESS
	N	 1101 0NNN NNNN NNNN	4
001166	D004	BRA ENDIF49
	K	 0000 0001 00KK KKKK	16
000000	0110	BANKSEL SYSMID_0
	F	 0110 101A FFFF FFFF	4269
	A	 0110 101A 1010 1101	1
00116A	6BAD	CLRF SYSMID_0,BANKED
	K	 0000 0001 00KK KKKK	0
000000	0100	BANKSEL 0
	S	 0000 0000 0001 001S	0
00116E	0012	RETURN
		ENDIF49
	F	 0000 01DA FFFF FFFF	1423
	D	 0000 01DA 1000 1111	1
	A	 0000 011A 1000 1111	1
001170	078F	DECF SYSCHARSTART,F,BANKED
	S	1111 DDDD DDDD DDDD:1100 SSSS SSSS SSSS	1448
	D	1111 DDDD DDDD DDDD:1100 0101 1010 1000	1257
001172	C5A8 F4E9	MOVFF SYSSYSINSTRINGHANDLER,AFSR0
	S	1111 DDDD DDDD DDDD:1100 SSSS SSSS SSSS	1449
	D	1111 DDDD DDDD DDDD:1100 0101 1010 1001	1258
001176	C5A9 F4EA	MOVFF SYSSYSINSTRINGHANDLER_H,AFSR0_H
	F	 0101 00DA FFFF FFFF	1423
	D	 0101 00DA 1000 1111	0
	A	 0101 000A 1000 1111	1
00117A	518F	MOVF SYSCHARSTART,W,BANKED
	F	 0101 11DA FFFF FFFF	1263
	D	 0101 11DA 1110 1111	0
	A	 0101 110A 1110 1111	0
00117C	5CEF	SUBWF INDF0,W,ACCESS
	F	 0110 111A FFFF FFFF	1445
	A	 0110 111A 1010 0101	1
00117E	6FA5	MOVWF SYSSTRINGTEMP,BANKED
	F	 0101 00DA FFFF FFFF	1422
	D	 0101 00DA 1000 1110	0
	A	 0101 000A 1000 1110	1
001180	518E	MOVF SYSCHARCOUNT,W,BANKED
	F	 0101 11DA FFFF FFFF	1445
	D	 0101 11DA 1010 0101	0
	A	 0101 110A 1010 0101	1
001182	5DA5	SUBWF SYSSTRINGTEMP,W,BANKED
	F	 1010 BBBA FFFF FFFF	1240
	B	 1010 BBBA 1101 1000	0
	A	 1010 000A 1101 1000	0
001184	A0D8	BTFSS STATUS, C,ACCESS
	S	1111 DDDD DDDD DDDD:1100 SSSS SSSS SSSS	1445
	D	1111 DDDD DDDD DDDD:1100 0101 1010 0101	1422
001186	C5A5 F58E	MOVFF SYSSTRINGTEMP,SYSCHARCOUNT
	F	 0110 101A FFFF FFFF	1445
	A	 0110 101A 1010 0101	1
00118A	6BA5	CLRF SYSSTRINGTEMP,BANKED
	K	 0000 1110 KKKK KKKK	1
00118C	0E01	MOVLW 1
	F	 0101 11DA FFFF FFFF	1422
	D	 0101 11DA 1000 1110	0
	A	 0101 110A 1000 1110	1
00118E	5D8E	SUBWF SYSCHARCOUNT,W,BANKED
	F	 1010 BBBA FFFF FFFF	1240
	B	 1010 BBBA 1101 1000	0
	A	 1010 000A 1101 1000	0
001190	A0D8	BTFSS STATUS, C,ACCESS
	N	 1101 0NNN NNNN NNNN	25
001192	D019	BRA SYSFORLOOPEND5
		SYSFORLOOP5
	F	 0010 10DA FFFF FFFF	1445
	D	 0010 10DA 1010 0101	1
	A	 0010 101A 1010 0101	1
001194	2BA5	INCF SYSSTRINGTEMP,F,BANKED
	F	 0101 00DA FFFF FFFF	1445
	D	 0101 00DA 1010 0101	0
	A	 0101 000A 1010 0101	1
001196	51A5	MOVF SYSSTRINGTEMP,W,BANKED
	F	 0010 01DA FFFF FFFF	1423
	D	 0010 01DA 1000 1111	0
	A	 0010 010A 1000 1111	1
001198	258F	ADDWF SYSCHARSTART,W,BANKED
	F	 0110 111A FFFF FFFF	1450
	A	 0110 111A 1010 1010	1
00119A	6FAA	MOVWF SYSTEMP1,BANKED
	F	 0010 01DA FFFF FFFF	1448
	D	 0010 01DA 1010 1000	0
	A	 0010 010A 1010 1000	1
00119C	25A8	ADDWF SYSSYSINSTRINGHANDLER,W,BANKED
	F	 0110 111A FFFF FFFF	1257
	A	 0110 111A 1110 1001	0
00119E	6EE9	MOVWF AFSR0,ACCESS
	K	 0000 1110 KKKK KKKK	0
0011A0	0E00	MOVLW 0
	F	 0010 00DA FFFF FFFF	1449
	D	 0010 00DA 1010 1001	0
	A	 0010 000A 1010 1001	1
0011A2	21A9	ADDWFC SYSSYSINSTRINGHANDLER_H,W,BANKED
	F	 0110 111A FFFF FFFF	1258
	A	 0110 111A 1110 1010	0
0011A4	6EEA	MOVWF AFSR0_H,ACCESS
	S	1111 DDDD DDDD DDDD:1100 SSSS SSSS SSSS	1262
	D	1111 DDDD DDDD DDDD:1100 0100 1110 1110	1419
0011A6	C4EE F58B	MOVFF POSTINC0,SYSARRAYTEMP1
	S	1111 DDDD DDDD DDDD:1100 SSSS SSSS SSSS	1419
	D	1111 DDDD DDDD DDDD:1100 0101 1000 1011	1420
0011AA	C58B F58C	MOVFF SYSARRAYTEMP1,SYSARRAYTEMP2
	F	1110 1110 00FF KKKK:1111 00KK KKKK KKKK	0
	K	1110 1110 0000 KKKK:1111 00KK KKKK KKKK	4269
0011AE	EE04 F0AD	LFSR 0,MID
	F	 0101 00DA FFFF FFFF	1445
	D	 0101 00DA 1010 0101	0
	A	 0101 000A 1010 0101	1
0011B2	51A5	MOVF SYSSTRINGTEMP,W,BANKED
	F	 0010 01DA FFFF FFFF	1257
	D	 0010 01DA 1110 1001	1
	A	 0010 011A 1110 1001	0
0011B4	26E9	ADDWF AFSR0,F,ACCESS
	K	 0000 1110 KKKK KKKK	0
0011B6	0E00	MOVLW 0
	F	 0010 00DA FFFF FFFF	1258
	D	 0010 00DA 1110 1010	1
	A	 0010 001A 1110 1010	0
0011B8	22EA	ADDWFC AFSR0_H,F,ACCESS
	S	1111 DDDD DDDD DDDD:1100 SSSS SSSS SSSS	1420
	D	1111 DDDD DDDD DDDD:1100 0101 1000 1100	1262
0011BA	C58C F4EE	MOVFF SYSARRAYTEMP2,POSTINC0
	F	 0101 00DA FFFF FFFF	1422
	D	 0101 00DA 1000 1110	0
	A	 0101 000A 1000 1110	1
0011BE	518E	MOVF SYSCHARCOUNT,W,BANKED
	F	 0101 11DA FFFF FFFF	1445
	D	 0101 11DA 1010 0101	0
	A	 0101 110A 1010 0101	1
0011C0	5DA5	SUBWF SYSSTRINGTEMP,W,BANKED
	F	 1010 BBBA FFFF FFFF	1240
	B	 1010 BBBA 1101 1000	0
	A	 1010 000A 1101 1000	0
0011C2	A0D8	BTFSS STATUS, C,ACCESS
	N	 1101 0NNN NNNN NNNN	2023
0011C4	D7E7	BRA SYSFORLOOP5
		SYSFORLOOPEND5
	S	0000 0000 0110 SSSS:1111 SSSS SSSS SSDD:1111 DDDD DDDD DDDD	1422
	D	0000 0000 0110 0001:1111 0110 0011 10DD:1111 DDDD DDDD DDDD	4269
0011C6	0061 F639 F0AD	MOVFFL SYSCHARCOUNT,SYSMID_0
	K	 0000 0001 00KK KKKK	0
000000	0100	BANKSEL 0
	S	 0000 0000 0001 001S	0
0011CE	0012	RETURN


		PSET_SSD1306
	S	1111 DDDD DDDD DDDD:1100 SSSS SSSS SSSS	1338
	D	1111 DDDD DDDD DDDD:1100 0101 0011 1010	1285
0011D0	C53A F505	MOVFF GLCDX,SYSBYTETEMPA
	K	 0000 1110 KKKK KKKK	128
0011D4	0E80	MOVLW 128
	F	 0110 111A FFFF FFFF	1289
	A	 0110 111A 0000 1001	0
0011D6	6E09	MOVWF SYSBYTETEMPB,ACCESS
	N	 1101 1NNN NNNN NNNN	811
0011D8	DB2B	RCALL SYSCOMPLESSTHAN
	F	 0001 11DA FFFF FFFF	1280
	D	 0001 11DA 0000 0000	1
	A	 0001 111A 0000 0000	0
0011DA	1E00	COMF SYSBYTETEMPX,F,ACCESS
	S	1111 DDDD DDDD DDDD:1100 SSSS SSSS SSSS	1280
	D	1111 DDDD DDDD DDDD:1100 0101 0000 0000	1450
0011DC	C500 F5AA	MOVFF SYSBYTETEMPX,SYSTEMP1
	S	1111 DDDD DDDD DDDD:1100 SSSS SSSS SSSS	1339
	D	1111 DDDD DDDD DDDD:1100 0101 0011 1011	1285
0011E0	C53B F505	MOVFF GLCDY,SYSBYTETEMPA
	K	 0000 1110 KKKK KKKK	64
0011E4	0E40	MOVLW 64
	F	 0110 111A FFFF FFFF	1289
	A	 0110 111A 0000 1001	0
0011E6	6E09	MOVWF SYSBYTETEMPB,ACCESS
	N	 1101 1NNN NNNN NNNN	803
0011E8	DB23	RCALL SYSCOMPLESSTHAN
	F	 0001 11DA FFFF FFFF	1280
	D	 0001 11DA 0000 0000	1
	A	 0001 111A 0000 0000	0
0011EA	1E00	COMF SYSBYTETEMPX,F,ACCESS
	K	 0000 0001 00KK KKKK	5
000000	0105	BANKSEL SYSTEMP1
	F	 0101 00DA FFFF FFFF	1450
	D	 0101 00DA 1010 1010	0
	A	 0101 000A 1010 1010	1
0011EE	51AA	MOVF SYSTEMP1,W,BANKED
	F	 0001 00DA FFFF FFFF	1280
	D	 0001 00DA 0000 0000	0
	A	 0001 000A 0000 0000	0
0011F0	1000	IORWF SYSBYTETEMPX,W,ACCESS
	F	 0110 111A FFFF FFFF	1454
	A	 0110 111A 1010 1110	1
0011F2	6FAE	MOVWF SYSTEMP2,BANKED
	F	 1010 BBBA FFFF FFFF	1454
	B	 1010 BBBA 1010 1110	0
	A	 1010 000A 1010 1110	1
0011F4	A1AE	BTFSS SYSTEMP2,0,BANKED
	N	 1101 0NNN NNNN NNNN	2
0011F6	D002	BRA ENDIF64
	K	 0000 0001 00KK KKKK	0
000000	0100	BANKSEL 0
	S	 0000 0000 0001 001S	0
0011FA	0012	RETURN
		ENDIF64
	S	1111 DDDD DDDD DDDD:1100 SSSS SSSS SSSS	1339
	D	1111 DDDD DDDD DDDD:1100 0101 0011 1011	1416
0011FC	C53B F588	MOVFF GLCDY,SSD1306_BUFFERLOCATIONCALC
	F	 0110 101A FFFF FFFF	1417
	A	 0110 101A 1000 1001	1
001200	6B89	CLRF SSD1306_BUFFERLOCATIONCALC_H,BANKED
	K	 0000 1110 KKKK KKKK	3
001202	0E03	MOVLW 3
	F	 0110 111A FFFF FFFF	1442
	A	 0110 111A 1010 0010	1
001204	6FA2	MOVWF SYSREPEATTEMP1,BANKED
		SYSREPEATLOOP1
	F	 1001 BBBA FFFF FFFF	1240
	B	 1001 BBBA 1101 1000	0
	A	 1001 000A 1101 1000	0
001206	90D8	BCF STATUS,C,ACCESS
	F	 0011 00DA FFFF FFFF	1417
	D	 0011 00DA 1000 1001	1
	A	 0011 001A 1000 1001	1
001208	3389	RRCF SSD1306_BUFFERLOCATIONCALC_H,F,BANKED
	F	 0011 00DA FFFF FFFF	1416
	D	 0011 00DA 1000 1000	1
	A	 0011 001A 1000 1000	1
00120A	3388	RRCF SSD1306_BUFFERLOCATIONCALC,F,BANKED
	F	 0010 11DA FFFF FFFF	1442
	D	 0010 11DA 1010 0010	1
	A	 0010 111A 1010 0010	1
00120C	2FA2	DECFSZ SYSREPEATTEMP1,F,BANKED
	N	 1101 0NNN NNNN NNNN	2043
00120E	D7FB	BRA SYSREPEATLOOP1
		SYSREPEATLOOPEND1
	F	 1001 BBBA FFFF FFFF	1240
	B	 1001 BBBA 1101 1000	0
	A	 1001 000A 1101 1000	0
001210	90D8	BCF STATUS,C,ACCESS
	K	 0000 1110 KKKK KKKK	7
001212	0E07	MOVLW 7
	F	 0110 111A FFFF FFFF	1442
	A	 0110 111A 1010 0010	1
001214	6FA2	MOVWF SYSREPEATTEMP1,BANKED
		SYSREPEATLOOP2
	F	 0011 01DA FFFF FFFF	1416
	D	 0011 01DA 1000 1000	1
	A	 0011 011A 1000 1000	1
001216	3788	RLCF SSD1306_BUFFERLOCATIONCALC,F,BANKED
	F	 0011 01DA FFFF FFFF	1417
	D	 0011 01DA 1000 1001	1
	A	 0011 011A 1000 1001	1
001218	3789	RLCF SSD1306_BUFFERLOCATIONCALC_H,F,BANKED
	F	 0010 11DA FFFF FFFF	1442
	D	 0010 11DA 1010 0010	1
	A	 0010 111A 1010 0010	1
00121A	2FA2	DECFSZ SYSREPEATTEMP1,F,BANKED
	N	 1101 0NNN NNNN NNNN	2044
00121C	D7FC	BRA SYSREPEATLOOP2
		SYSREPEATLOOPEND2
	F	 0101 00DA FFFF FFFF	1416
	D	 0101 00DA 1000 1000	0
	A	 0101 000A 1000 1000	1
00121E	5188	MOVF SSD1306_BUFFERLOCATIONCALC,W,BANKED
	F	 0010 01DA FFFF FFFF	1338
	D	 0010 01DA 0011 1010	0
	A	 0010 010A 0011 1010	0
001220	243A	ADDWF GLCDX,W,ACCESS
	F	 0110 111A FFFF FFFF	1450
	A	 0110 111A 1010 1010	1
001222	6FAA	MOVWF SYSTEMP1,BANKED
	F	 0110 101A FFFF FFFF	1454
	A	 0110 101A 1010 1110	1
001224	6BAE	CLRF SYSTEMP2,BANKED
	F	 0101 00DA FFFF FFFF	1417
	D	 0101 00DA 1000 1001	0
	A	 0101 000A 1000 1001	1
001226	5189	MOVF SSD1306_BUFFERLOCATIONCALC_H,W,BANKED
	F	 0010 00DA FFFF FFFF	1454
	D	 0010 00DA 1010 1110	0
	A	 0010 000A 1010 1110	1
001228	21AE	ADDWFC SYSTEMP2,W,BANKED
	F	 0110 111A FFFF FFFF	1451
	A	 0110 111A 1010 1011	1
00122A	6FAB	MOVWF SYSTEMP1_H,BANKED
	K	 0000 1110 KKKK KKKK	1
00122C	0E01	MOVLW 1
	F	 0010 01DA FFFF FFFF	1450
	D	 0010 01DA 1010 1010	0
	A	 0010 010A 1010 1010	1
00122E	25AA	ADDWF SYSTEMP1,W,BANKED
	F	 0110 111A FFFF FFFF	1416
	A	 0110 111A 1000 1000	1
001230	6F88	MOVWF SSD1306_BUFFERLOCATIONCALC,BANKED
	K	 0000 1110 KKKK KKKK	0
001232	0E00	MOVLW 0
	F	 0010 00DA FFFF FFFF	1451
	D	 0010 00DA 1010 1011	0
	A	 0010 000A 1010 1011	1
001234	21AB	ADDWFC SYSTEMP1_H,W,BANKED
	F	 0110 111A FFFF FFFF	1417
	A	 0110 111A 1000 1001	1
001236	6F89	MOVWF SSD1306_BUFFERLOCATIONCALC_H,BANKED
	S	1111 DDDD DDDD DDDD:1100 SSSS SSSS SSSS	1416
	D	1111 DDDD DDDD DDDD:1100 0101 1000 1000	1289
001238	C588 F509	MOVFF SSD1306_BUFFERLOCATIONCALC,SYSWORDTEMPB
	S	1111 DDDD DDDD DDDD:1100 SSSS SSSS SSSS	1417
	D	1111 DDDD DDDD DDDD:1100 0101 1000 1001	1290
00123C	C589 F50A	MOVFF SSD1306_BUFFERLOCATIONCALC_H,SYSWORDTEMPB_H
	F	 0110 101A FFFF FFFF	1285
	A	 0110 101A 0000 0101	0
001240	6A05	CLRF SYSWORDTEMPA,ACCESS
	K	 0000 1110 KKKK KKKK	32
001242	0E20	MOVLW 32
	F	 0110 111A FFFF FFFF	1286
	A	 0110 111A 0000 0110	0
001244	6E06	MOVWF SYSWORDTEMPA_H,ACCESS
	K	 0000 0001 00KK KKKK	0
000000	0100	BANKSEL 0
	N	 1101 1NNN NNNN NNNN	760
001248	DAF8	RCALL SYSCOMPLESSTHAN16
	F	 1011 BBBA FFFF FFFF	1280
	B	 1011 BBBA 0000 0000	0
	A	 1011 000A 0000 0000	0
00124A	B000	BTFSC SYSBYTETEMPX,0,ACCESS
	S	 0000 0000 0001 001S	0
00124C	0012	RETURN
	F	1110 1110 00FF KKKK:1111 00KK KKKK KKKK	0
	K	1110 1110 0000 KKKK:1111 00KK KKKK KKKK	4351
00124E	EE04 F0FF	LFSR 0,SSD1306_BUFFERALIAS
	K	 0000 0001 00KK KKKK	5
000000	0105	BANKSEL SSD1306_BUFFERLOCATIONCALC
	F	 0101 00DA FFFF FFFF	1416
	D	 0101 00DA 1000 1000	0
	A	 0101 000A 1000 1000	1
001254	5188	MOVF SSD1306_BUFFERLOCATIONCALC,W,BANKED
	F	 0010 01DA FFFF FFFF	1257
	D	 0010 01DA 1110 1001	1
	A	 0010 011A 1110 1001	0
001256	26E9	ADDWF AFSR0,F,ACCESS
	F	 0101 00DA FFFF FFFF	1417
	D	 0101 00DA 1000 1001	0
	A	 0101 000A 1000 1001	1
001258	5189	MOVF SSD1306_BUFFERLOCATIONCALC_H,W,BANKED
	F	 0010 00DA FFFF FFFF	1258
	D	 0010 00DA 1110 1010	1
	A	 0010 001A 1110 1010	0
00125A	22EA	ADDWFC AFSR0_H,F,ACCESS
	S	1111 DDDD DDDD DDDD:1100 SSSS SSSS SSSS	1263
	D	1111 DDDD DDDD DDDD:1100 0100 1110 1111	1325
00125C	C4EF F52D	MOVFF INDF0,GLCDDATATEMP
	K	 0000 1110 KKKK KKKK	7
001260	0E07	MOVLW 7
	F	 0001 01DA FFFF FFFF	1339
	D	 0001 01DA 0011 1011	0
	A	 0001 010A 0011 1011	0
001262	143B	ANDWF GLCDY,W,ACCESS
	F	 0110 111A FFFF FFFF	1321
	A	 0110 111A 0010 1001	0
001264	6E29	MOVWF GLCDBITNO,ACCESS
	F	 1011 BBBA FFFF FFFF	1323
	B	 1011 BBBA 0010 1011	0
	A	 1011 000A 0010 1011	0
001266	B02B	BTFSC GLCDCOLOUR,0,ACCESS
	N	 1101 0NNN NNNN NNNN	4
001268	D004	BRA ELSE66_1
	K	 0000 1110 KKKK KKKK	254
00126A	0EFE	MOVLW 254
	F	 0110 111A FFFF FFFF	1322
	A	 0110 111A 0010 1010	0
00126C	6E2A	MOVWF GLCDCHANGE,ACCESS
	F	 1000 BBBA FFFF FFFF	1240
	B	 1000 BBBA 1101 1000	0
	A	 1000 000A 1101 1000	0
00126E	80D8	BSF STATUS,C,ACCESS
	N	 1101 0NNN NNNN NNNN	3
001270	D003	BRA ENDIF66
		ELSE66_1
	K	 0000 1110 KKKK KKKK	1
001272	0E01	MOVLW 1
	F	 0110 111A FFFF FFFF	1322
	A	 0110 111A 0010 1010	0
001274	6E2A	MOVWF GLCDCHANGE,ACCESS
	F	 1001 BBBA FFFF FFFF	1240
	B	 1001 BBBA 1101 1000	0
	A	 1001 000A 1101 1000	0
001276	90D8	BCF STATUS,C,ACCESS
		ENDIF66
	S	1111 DDDD DDDD DDDD:1100 SSSS SSSS SSSS	1321
	D	1111 DDDD DDDD DDDD:1100 0101 0010 1001	1442
001278	C529 F5A2	MOVFF GLCDBITNO,SYSREPEATTEMP1
	F	 0101 00DA FFFF FFFF	1442
	D	 0101 00DA 1010 0010	1
	A	 0101 001A 1010 0010	1
00127C	53A2	MOVF SYSREPEATTEMP1,F,BANKED
	F	 1011 BBBA FFFF FFFF	1240
	B	 1011 BBBA 1101 1000	2
	A	 1011 010A 1101 1000	0
00127E	B4D8	BTFSC STATUS, Z,ACCESS
	N	 1101 0NNN NNNN NNNN	3
001280	D003	BRA SYSREPEATLOOPEND3
		SYSREPEATLOOP3
	F	 0011 01DA FFFF FFFF	1322
	D	 0011 01DA 0010 1010	1
	A	 0011 011A 0010 1010	0
001282	362A	RLCF GLCDCHANGE,F,ACCESS
	F	 0010 11DA FFFF FFFF	1442
	D	 0010 11DA 1010 0010	1
	A	 0010 111A 1010 0010	1
001284	2FA2	DECFSZ SYSREPEATTEMP1,F,BANKED
	N	 1101 0NNN NNNN NNNN	2045
001286	D7FD	BRA SYSREPEATLOOP3
		SYSREPEATLOOPEND3
	F	 1011 BBBA FFFF FFFF	1323
	B	 1011 BBBA 0010 1011	0
	A	 1011 000A 0010 1011	0
001288	B02B	BTFSC GLCDCOLOUR,0,ACCESS
	N	 1101 0NNN NNNN NNNN	4
00128A	D004	BRA ELSE67_1
	F	 0101 00DA FFFF FFFF	1325
	D	 0101 00DA 0010 1101	0
	A	 0101 000A 0010 1101	0
00128C	502D	MOVF GLCDDATATEMP,W,ACCESS
	F	 0001 01DA FFFF FFFF	1322
	D	 0001 01DA 0010 1010	0
	A	 0001 010A 0010 1010	0
00128E	142A	ANDWF GLCDCHANGE,W,ACCESS
	F	 0110 111A FFFF FFFF	1325
	A	 0110 111A 0010 1101	0
001290	6E2D	MOVWF GLCDDATATEMP,ACCESS
	N	 1101 0NNN NNNN NNNN	3
001292	D003	BRA ENDIF67
		ELSE67_1
	F	 0101 00DA FFFF FFFF	1325
	D	 0101 00DA 0010 1101	0
	A	 0101 000A 0010 1101	0
001294	502D	MOVF GLCDDATATEMP,W,ACCESS
	F	 0001 00DA FFFF FFFF	1322
	D	 0001 00DA 0010 1010	0
	A	 0001 000A 0010 1010	0
001296	102A	IORWF GLCDCHANGE,W,ACCESS
	F	 0110 111A FFFF FFFF	1325
	A	 0110 111A 0010 1101	0
001298	6E2D	MOVWF GLCDDATATEMP,ACCESS
		ENDIF67
	F	1110 1110 00FF KKKK:1111 00KK KKKK KKKK	0
	K	1110 1110 0000 KKKK:1111 00KK KKKK KKKK	4351
00129A	EE04 F0FF	LFSR 0,SSD1306_BUFFERALIAS
	F	 0101 00DA FFFF FFFF	1416
	D	 0101 00DA 1000 1000	0
	A	 0101 000A 1000 1000	1
00129E	5188	MOVF SSD1306_BUFFERLOCATIONCALC,W,BANKED
	F	 0010 01DA FFFF FFFF	1257
	D	 0010 01DA 1110 1001	1
	A	 0010 011A 1110 1001	0
0012A0	26E9	ADDWF AFSR0,F,ACCESS
	F	 0101 00DA FFFF FFFF	1417
	D	 0101 00DA 1000 1001	0
	A	 0101 000A 1000 1001	1
0012A2	5189	MOVF SSD1306_BUFFERLOCATIONCALC_H,W,BANKED
	F	 0010 00DA FFFF FFFF	1258
	D	 0010 00DA 1110 1010	1
	A	 0010 001A 1110 1010	0
0012A4	22EA	ADDWFC AFSR0_H,F,ACCESS
	F	 0101 00DA FFFF FFFF	1325
	D	 0101 00DA 0010 1101	0
	A	 0101 000A 0010 1101	0
0012A6	502D	MOVF GLCDDATATEMP,W,ACCESS
	F	 0101 11DA FFFF FFFF	1263
	D	 0101 11DA 1110 1111	0
	A	 0101 110A 1110 1111	0
0012A8	5CEF	SUBWF INDF0,W,ACCESS
	F	 1011 BBBA FFFF FFFF	1240
	B	 1011 BBBA 1101 1000	2
	A	 1011 010A 1101 1000	0
0012AA	B4D8	BTFSC STATUS, Z,ACCESS
	N	 1101 0NNN NNNN NNNN	19
0012AC	D013	BRA ENDIF68
	F	1110 1110 00FF KKKK:1111 00KK KKKK KKKK	0
	K	1110 1110 0000 KKKK:1111 00KK KKKK KKKK	4351
0012AE	EE04 F0FF	LFSR 0,SSD1306_BUFFERALIAS
	F	 0101 00DA FFFF FFFF	1416
	D	 0101 00DA 1000 1000	0
	A	 0101 000A 1000 1000	1
0012B2	5188	MOVF SSD1306_BUFFERLOCATIONCALC,W,BANKED
	F	 0010 01DA FFFF FFFF	1257
	D	 0010 01DA 1110 1001	1
	A	 0010 011A 1110 1001	0
0012B4	26E9	ADDWF AFSR0,F,ACCESS
	F	 0101 00DA FFFF FFFF	1417
	D	 0101 00DA 1000 1001	0
	A	 0101 000A 1000 1001	1
0012B6	5189	MOVF SSD1306_BUFFERLOCATIONCALC_H,W,BANKED
	F	 0010 00DA FFFF FFFF	1258
	D	 0010 00DA 1110 1010	1
	A	 0010 001A 1110 1010	0
0012B8	22EA	ADDWFC AFSR0_H,F,ACCESS
	S	1111 DDDD DDDD DDDD:1100 SSSS SSSS SSSS	1325
	D	1111 DDDD DDDD DDDD:1100 0101 0010 1101	1263
0012BA	C52D F4EF	MOVFF GLCDDATATEMP,INDF0
	S	1111 DDDD DDDD DDDD:1100 SSSS SSSS SSSS	1338
	D	1111 DDDD DDDD DDDD:1100 0101 0011 1010	1376
0012BE	C53A F560	MOVFF GLCDX,LOCX
	S	1111 DDDD DDDD DDDD:1100 SSSS SSSS SSSS	1339
	D	1111 DDDD DDDD DDDD:1100 0101 0011 1011	1377
0012C2	C53B F561	MOVFF GLCDY,LOCY
	K	 0000 0001 00KK KKKK	0
000000	0100	BANKSEL 0
	K	1111 KKKK KKKK KKKK:1110 110S KKKK KKKK	1772
	S	1111 0000 0000 0011:1110 110S 0111 0110	0
0012C8	EC76 F003	CALL CURSOR_POSITION_SSD1306
	S	1111 DDDD DDDD DDDD:1100 SSSS SSSS SSSS	1325
	D	1111 DDDD DDDD DDDD:1100 0101 0010 1101	1415
0012CC	C52D F587	MOVFF GLCDDATATEMP,SSD1306SENDBYTE
	K	1111 KKKK KKKK KKKK:1110 110S KKKK KKKK	7170
	S	1111 0000 0000 1110:1110 110S 0000 0001	0
0012D0	EC01 F00E	CALL WRITE_DATA_SSD1306
		ENDIF68
	K	 0000 0001 00KK KKKK	0
000000	0100	BANKSEL 0
	S	 0000 0000 0001 001S	0
0012D6	0012	RETURN


		FN_READAD1083
	K	 0000 0001 00KK KKKK	3
000000	0103	BANKSEL ADCON0
	F	 1000 BBBA FFFF FFFF	1011
	B	 1000 BBBA 1111 0011	2
	A	 1000 010A 1111 0011	1
0012DA	85F3	BSF ADCON0,ADFM0,BANKED
	S	1111 DDDD DDDD DDDD:1100 SSSS SSSS SSSS	1296
	D	1111 DDDD DDDD DDDD:1100 0101 0001 0000	1004
0012DC	C510 F3EC	MOVFF ADREADPORT,ADPCH
		SYSSELECT1CASE1
	F	 0101 00DA FFFF FFFF	1296
	D	 0101 00DA 0001 0000	1
	A	 0101 001A 0001 0000	0
0012E0	5210	MOVF ADREADPORT,F,ACCESS
	F	 1010 BBBA FFFF FFFF	1240
	B	 1010 BBBA 1101 1000	2
	A	 1010 010A 1101 1000	0
0012E2	A4D8	BTFSS STATUS, Z,ACCESS
	N	 1101 0NNN NNNN NNNN	3
0012E4	D003	BRA SYSSELECT1CASE2
	K	 0000 0001 00KK KKKK	4
000000	0104	BANKSEL ANSELA
	F	 1000 BBBA FFFF FFFF	1024
	B	 1000 BBBA 0000 0000	0
	A	 1000 000A 0000 0000	1
0012E8	8100	BSF ANSELA,0,BANKED
	N	 1101 0NNN NNNN NNNN	180
0012EA	D0B4	BRA SYSSELECTEND1
		SYSSELECT1CASE2
	F	 0000 01DA FFFF FFFF	1296
	D	 0000 01DA 0001 0000	0
	A	 0000 010A 0001 0000	0
0012EC	0410	DECF ADREADPORT,W,ACCESS
	F	 1010 BBBA FFFF FFFF	1240
	B	 1010 BBBA 1101 1000	2
	A	 1010 010A 1101 1000	0
0012EE	A4D8	BTFSS STATUS, Z,ACCESS
	N	 1101 0NNN NNNN NNNN	3
0012F0	D003	BRA SYSSELECT1CASE3
	K	 0000 0001 00KK KKKK	4
000000	0104	BANKSEL ANSELA
	F	 1000 BBBA FFFF FFFF	1024
	B	 1000 BBBA 0000 0000	1
	A	 1000 001A 0000 0000	1
0012F4	8300	BSF ANSELA,1,BANKED
	N	 1101 0NNN NNNN NNNN	174
0012F6	D0AE	BRA SYSSELECTEND1
		SYSSELECT1CASE3
	K	 0000 1110 KKKK KKKK	2
0012F8	0E02	MOVLW 2
	F	 0101 11DA FFFF FFFF	1296
	D	 0101 11DA 0001 0000	0
	A	 0101 110A 0001 0000	0
0012FA	5C10	SUBWF ADREADPORT,W,ACCESS
	F	 1010 BBBA FFFF FFFF	1240
	B	 1010 BBBA 1101 1000	2
	A	 1010 010A 1101 1000	0
0012FC	A4D8	BTFSS STATUS, Z,ACCESS
	N	 1101 0NNN NNNN NNNN	3
0012FE	D003	BRA SYSSELECT1CASE4
	K	 0000 0001 00KK KKKK	4
000000	0104	BANKSEL ANSELA
	F	 1000 BBBA FFFF FFFF	1024
	B	 1000 BBBA 0000 0000	2
	A	 1000 010A 0000 0000	1
001302	8500	BSF ANSELA,2,BANKED
	N	 1101 0NNN NNNN NNNN	167
001304	D0A7	BRA SYSSELECTEND1
		SYSSELECT1CASE4
	K	 0000 1110 KKKK KKKK	3
001306	0E03	MOVLW 3
	F	 0101 11DA FFFF FFFF	1296
	D	 0101 11DA 0001 0000	0
	A	 0101 110A 0001 0000	0
001308	5C10	SUBWF ADREADPORT,W,ACCESS
	F	 1010 BBBA FFFF FFFF	1240
	B	 1010 BBBA 1101 1000	2
	A	 1010 010A 1101 1000	0
00130A	A4D8	BTFSS STATUS, Z,ACCESS
	N	 1101 0NNN NNNN NNNN	3
00130C	D003	BRA SYSSELECT1CASE5
	K	 0000 0001 00KK KKKK	4
000000	0104	BANKSEL ANSELA
	F	 1000 BBBA FFFF FFFF	1024
	B	 1000 BBBA 0000 0000	3
	A	 1000 011A 0000 0000	1
001310	8700	BSF ANSELA,3,BANKED
	N	 1101 0NNN NNNN NNNN	160
001312	D0A0	BRA SYSSELECTEND1
		SYSSELECT1CASE5
	K	 0000 1110 KKKK KKKK	4
001314	0E04	MOVLW 4
	F	 0101 11DA FFFF FFFF	1296
	D	 0101 11DA 0001 0000	0
	A	 0101 110A 0001 0000	0
001316	5C10	SUBWF ADREADPORT,W,ACCESS
	F	 1010 BBBA FFFF FFFF	1240
	B	 1010 BBBA 1101 1000	2
	A	 1010 010A 1101 1000	0
001318	A4D8	BTFSS STATUS, Z,ACCESS
	N	 1101 0NNN NNNN NNNN	3
00131A	D003	BRA SYSSELECT1CASE6
	K	 0000 0001 00KK KKKK	4
000000	0104	BANKSEL ANSELA
	F	 1000 BBBA FFFF FFFF	1024
	B	 1000 BBBA 0000 0000	4
	A	 1000 100A 0000 0000	1
00131E	8900	BSF ANSELA,4,BANKED
	N	 1101 0NNN NNNN NNNN	153
001320	D099	BRA SYSSELECTEND1
		SYSSELECT1CASE6
	K	 0000 1110 KKKK KKKK	5
001322	0E05	MOVLW 5
	F	 0101 11DA FFFF FFFF	1296
	D	 0101 11DA 0001 0000	0
	A	 0101 110A 0001 0000	0
001324	5C10	SUBWF ADREADPORT,W,ACCESS
	F	 1010 BBBA FFFF FFFF	1240
	B	 1010 BBBA 1101 1000	2
	A	 1010 010A 1101 1000	0
001326	A4D8	BTFSS STATUS, Z,ACCESS
	N	 1101 0NNN NNNN NNNN	3
001328	D003	BRA SYSSELECT1CASE7
	K	 0000 0001 00KK KKKK	4
000000	0104	BANKSEL ANSELA
	F	 1000 BBBA FFFF FFFF	1024
	B	 1000 BBBA 0000 0000	5
	A	 1000 101A 0000 0000	1
00132C	8B00	BSF ANSELA,5,BANKED
	N	 1101 0NNN NNNN NNNN	146
00132E	D092	BRA SYSSELECTEND1
		SYSSELECT1CASE7
	K	 0000 1110 KKKK KKKK	6
001330	0E06	MOVLW 6
	F	 0101 11DA FFFF FFFF	1296
	D	 0101 11DA 0001 0000	0
	A	 0101 110A 0001 0000	0
001332	5C10	SUBWF ADREADPORT,W,ACCESS
	F	 1010 BBBA FFFF FFFF	1240
	B	 1010 BBBA 1101 1000	2
	A	 1010 010A 1101 1000	0
001334	A4D8	BTFSS STATUS, Z,ACCESS
	N	 1101 0NNN NNNN NNNN	3
001336	D003	BRA SYSSELECT1CASE8
	K	 0000 0001 00KK KKKK	4
000000	0104	BANKSEL ANSELA
	F	 1000 BBBA FFFF FFFF	1024
	B	 1000 BBBA 0000 0000	6
	A	 1000 110A 0000 0000	1
00133A	8D00	BSF ANSELA,6,BANKED
	N	 1101 0NNN NNNN NNNN	139
00133C	D08B	BRA SYSSELECTEND1
		SYSSELECT1CASE8
	K	 0000 1110 KKKK KKKK	7
00133E	0E07	MOVLW 7
	F	 0101 11DA FFFF FFFF	1296
	D	 0101 11DA 0001 0000	0
	A	 0101 110A 0001 0000	0
001340	5C10	SUBWF ADREADPORT,W,ACCESS
	F	 1010 BBBA FFFF FFFF	1240
	B	 1010 BBBA 1101 1000	2
	A	 1010 010A 1101 1000	0
001342	A4D8	BTFSS STATUS, Z,ACCESS
	N	 1101 0NNN NNNN NNNN	3
001344	D003	BRA SYSSELECT1CASE9
	K	 0000 0001 00KK KKKK	4
000000	0104	BANKSEL ANSELA
	F	 1000 BBBA FFFF FFFF	1024
	B	 1000 BBBA 0000 0000	7
	A	 1000 111A 0000 0000	1
001348	8F00	BSF ANSELA,7,BANKED
	N	 1101 0NNN NNNN NNNN	132
00134A	D084	BRA SYSSELECTEND1
		SYSSELECT1CASE9
	K	 0000 1110 KKKK KKKK	8
00134C	0E08	MOVLW 8
	F	 0101 11DA FFFF FFFF	1296
	D	 0101 11DA 0001 0000	0
	A	 0101 110A 0001 0000	0
00134E	5C10	SUBWF ADREADPORT,W,ACCESS
	F	 1010 BBBA FFFF FFFF	1240
	B	 1010 BBBA 1101 1000	2
	A	 1010 010A 1101 1000	0
001350	A4D8	BTFSS STATUS, Z,ACCESS
	N	 1101 0NNN NNNN NNNN	3
001352	D003	BRA SYSSELECT1CASE10
	K	 0000 0001 00KK KKKK	4
000000	0104	BANKSEL ANSELB
	F	 1000 BBBA FFFF FFFF	1032
	B	 1000 BBBA 0000 1000	0
	A	 1000 000A 0000 1000	1
001356	8108	BSF ANSELB,0,BANKED
	N	 1101 0NNN NNNN NNNN	125
001358	D07D	BRA SYSSELECTEND1
		SYSSELECT1CASE10
	K	 0000 1110 KKKK KKKK	9
00135A	0E09	MOVLW 9
	F	 0101 11DA FFFF FFFF	1296
	D	 0101 11DA 0001 0000	0
	A	 0101 110A 0001 0000	0
00135C	5C10	SUBWF ADREADPORT,W,ACCESS
	F	 1010 BBBA FFFF FFFF	1240
	B	 1010 BBBA 1101 1000	2
	A	 1010 010A 1101 1000	0
00135E	A4D8	BTFSS STATUS, Z,ACCESS
	N	 1101 0NNN NNNN NNNN	3
001360	D003	BRA SYSSELECT1CASE11
	K	 0000 0001 00KK KKKK	4
000000	0104	BANKSEL ANSELB
	F	 1000 BBBA FFFF FFFF	1032
	B	 1000 BBBA 0000 1000	1
	A	 1000 001A 0000 1000	1
001364	8308	BSF ANSELB,1,BANKED
	N	 1101 0NNN NNNN NNNN	118
001366	D076	BRA SYSSELECTEND1
		SYSSELECT1CASE11
	K	 0000 1110 KKKK KKKK	10
001368	0E0A	MOVLW 10
	F	 0101 11DA FFFF FFFF	1296
	D	 0101 11DA 0001 0000	0
	A	 0101 110A 0001 0000	0
00136A	5C10	SUBWF ADREADPORT,W,ACCESS
	F	 1010 BBBA FFFF FFFF	1240
	B	 1010 BBBA 1101 1000	2
	A	 1010 010A 1101 1000	0
00136C	A4D8	BTFSS STATUS, Z,ACCESS
	N	 1101 0NNN NNNN NNNN	3
00136E	D003	BRA SYSSELECT1CASE12
	K	 0000 0001 00KK KKKK	4
000000	0104	BANKSEL ANSELB
	F	 1000 BBBA FFFF FFFF	1032
	B	 1000 BBBA 0000 1000	2
	A	 1000 010A 0000 1000	1
001372	8508	BSF ANSELB,2,BANKED
	N	 1101 0NNN NNNN NNNN	111
001374	D06F	BRA SYSSELECTEND1
		SYSSELECT1CASE12
	K	 0000 1110 KKKK KKKK	11
001376	0E0B	MOVLW 11
	F	 0101 11DA FFFF FFFF	1296
	D	 0101 11DA 0001 0000	0
	A	 0101 110A 0001 0000	0
001378	5C10	SUBWF ADREADPORT,W,ACCESS
	F	 1010 BBBA FFFF FFFF	1240
	B	 1010 BBBA 1101 1000	2
	A	 1010 010A 1101 1000	0
00137A	A4D8	BTFSS STATUS, Z,ACCESS
	N	 1101 0NNN NNNN NNNN	3
00137C	D003	BRA SYSSELECT1CASE13
	K	 0000 0001 00KK KKKK	4
000000	0104	BANKSEL ANSELB
	F	 1000 BBBA FFFF FFFF	1032
	B	 1000 BBBA 0000 1000	3
	A	 1000 011A 0000 1000	1
001380	8708	BSF ANSELB,3,BANKED
	N	 1101 0NNN NNNN NNNN	104
001382	D068	BRA SYSSELECTEND1
		SYSSELECT1CASE13
	K	 0000 1110 KKKK KKKK	12
001384	0E0C	MOVLW 12
	F	 0101 11DA FFFF FFFF	1296
	D	 0101 11DA 0001 0000	0
	A	 0101 110A 0001 0000	0
001386	5C10	SUBWF ADREADPORT,W,ACCESS
	F	 1010 BBBA FFFF FFFF	1240
	B	 1010 BBBA 1101 1000	2
	A	 1010 010A 1101 1000	0
001388	A4D8	BTFSS STATUS, Z,ACCESS
	N	 1101 0NNN NNNN NNNN	3
00138A	D003	BRA SYSSELECT1CASE14
	K	 0000 0001 00KK KKKK	4
000000	0104	BANKSEL ANSELB
	F	 1000 BBBA FFFF FFFF	1032
	B	 1000 BBBA 0000 1000	4
	A	 1000 100A 0000 1000	1
00138E	8908	BSF ANSELB,4,BANKED
	N	 1101 0NNN NNNN NNNN	97
001390	D061	BRA SYSSELECTEND1
		SYSSELECT1CASE14
	K	 0000 1110 KKKK KKKK	13
001392	0E0D	MOVLW 13
	F	 0101 11DA FFFF FFFF	1296
	D	 0101 11DA 0001 0000	0
	A	 0101 110A 0001 0000	0
001394	5C10	SUBWF ADREADPORT,W,ACCESS
	F	 1010 BBBA FFFF FFFF	1240
	B	 1010 BBBA 1101 1000	2
	A	 1010 010A 1101 1000	0
001396	A4D8	BTFSS STATUS, Z,ACCESS
	N	 1101 0NNN NNNN NNNN	3
001398	D003	BRA SYSSELECT1CASE15
	K	 0000 0001 00KK KKKK	4
000000	0104	BANKSEL ANSELB
	F	 1000 BBBA FFFF FFFF	1032
	B	 1000 BBBA 0000 1000	5
	A	 1000 101A 0000 1000	1
00139C	8B08	BSF ANSELB,5,BANKED
	N	 1101 0NNN NNNN NNNN	90
00139E	D05A	BRA SYSSELECTEND1
		SYSSELECT1CASE15
	K	 0000 1110 KKKK KKKK	14
0013A0	0E0E	MOVLW 14
	F	 0101 11DA FFFF FFFF	1296
	D	 0101 11DA 0001 0000	0
	A	 0101 110A 0001 0000	0
0013A2	5C10	SUBWF ADREADPORT,W,ACCESS
	F	 1010 BBBA FFFF FFFF	1240
	B	 1010 BBBA 1101 1000	2
	A	 1010 010A 1101 1000	0
0013A4	A4D8	BTFSS STATUS, Z,ACCESS
	N	 1101 0NNN NNNN NNNN	3
0013A6	D003	BRA SYSSELECT1CASE16
	K	 0000 0001 00KK KKKK	4
000000	0104	BANKSEL ANSELB
	F	 1000 BBBA FFFF FFFF	1032
	B	 1000 BBBA 0000 1000	6
	A	 1000 110A 0000 1000	1
0013AA	8D08	BSF ANSELB,6,BANKED
	N	 1101 0NNN NNNN NNNN	83
0013AC	D053	BRA SYSSELECTEND1
		SYSSELECT1CASE16
	K	 0000 1110 KKKK KKKK	15
0013AE	0E0F	MOVLW 15
	F	 0101 11DA FFFF FFFF	1296
	D	 0101 11DA 0001 0000	0
	A	 0101 110A 0001 0000	0
0013B0	5C10	SUBWF ADREADPORT,W,ACCESS
	F	 1010 BBBA FFFF FFFF	1240
	B	 1010 BBBA 1101 1000	2
	A	 1010 010A 1101 1000	0
0013B2	A4D8	BTFSS STATUS, Z,ACCESS
	N	 1101 0NNN NNNN NNNN	3
0013B4	D003	BRA SYSSELECT1CASE17
	K	 0000 0001 00KK KKKK	4
000000	0104	BANKSEL ANSELB
	F	 1000 BBBA FFFF FFFF	1032
	B	 1000 BBBA 0000 1000	7
	A	 1000 111A 0000 1000	1
0013B8	8F08	BSF ANSELB,7,BANKED
	N	 1101 0NNN NNNN NNNN	76
0013BA	D04C	BRA SYSSELECTEND1
		SYSSELECT1CASE17
	K	 0000 1110 KKKK KKKK	16
0013BC	0E10	MOVLW 16
	F	 0101 11DA FFFF FFFF	1296
	D	 0101 11DA 0001 0000	0
	A	 0101 110A 0001 0000	0
0013BE	5C10	SUBWF ADREADPORT,W,ACCESS
	F	 1010 BBBA FFFF FFFF	1240
	B	 1010 BBBA 1101 1000	2
	A	 1010 010A 1101 1000	0
0013C0	A4D8	BTFSS STATUS, Z,ACCESS
	N	 1101 0NNN NNNN NNNN	3
0013C2	D003	BRA SYSSELECT1CASE18
	K	 0000 0001 00KK KKKK	4
000000	0104	BANKSEL ANSELC
	F	 1000 BBBA FFFF FFFF	1040
	B	 1000 BBBA 0001 0000	0
	A	 1000 000A 0001 0000	1
0013C6	8110	BSF ANSELC,0,BANKED
	N	 1101 0NNN NNNN NNNN	69
0013C8	D045	BRA SYSSELECTEND1
		SYSSELECT1CASE18
	K	 0000 1110 KKKK KKKK	17
0013CA	0E11	MOVLW 17
	F	 0101 11DA FFFF FFFF	1296
	D	 0101 11DA 0001 0000	0
	A	 0101 110A 0001 0000	0
0013CC	5C10	SUBWF ADREADPORT,W,ACCESS
	F	 1010 BBBA FFFF FFFF	1240
	B	 1010 BBBA 1101 1000	2
	A	 1010 010A 1101 1000	0
0013CE	A4D8	BTFSS STATUS, Z,ACCESS
	N	 1101 0NNN NNNN NNNN	3
0013D0	D003	BRA SYSSELECT1CASE19
	K	 0000 0001 00KK KKKK	4
000000	0104	BANKSEL ANSELC
	F	 1000 BBBA FFFF FFFF	1040
	B	 1000 BBBA 0001 0000	1
	A	 1000 001A 0001 0000	1
0013D4	8310	BSF ANSELC,1,BANKED
	N	 1101 0NNN NNNN NNNN	62
0013D6	D03E	BRA SYSSELECTEND1
		SYSSELECT1CASE19
	K	 0000 1110 KKKK KKKK	18
0013D8	0E12	MOVLW 18
	F	 0101 11DA FFFF FFFF	1296
	D	 0101 11DA 0001 0000	0
	A	 0101 110A 0001 0000	0
0013DA	5C10	SUBWF ADREADPORT,W,ACCESS
	F	 1010 BBBA FFFF FFFF	1240
	B	 1010 BBBA 1101 1000	2
	A	 1010 010A 1101 1000	0
0013DC	A4D8	BTFSS STATUS, Z,ACCESS
	N	 1101 0NNN NNNN NNNN	3
0013DE	D003	BRA SYSSELECT1CASE20
	K	 0000 0001 00KK KKKK	4
000000	0104	BANKSEL ANSELC
	F	 1000 BBBA FFFF FFFF	1040
	B	 1000 BBBA 0001 0000	2
	A	 1000 010A 0001 0000	1
0013E2	8510	BSF ANSELC,2,BANKED
	N	 1101 0NNN NNNN NNNN	55
0013E4	D037	BRA SYSSELECTEND1
		SYSSELECT1CASE20
	K	 0000 1110 KKKK KKKK	19
0013E6	0E13	MOVLW 19
	F	 0101 11DA FFFF FFFF	1296
	D	 0101 11DA 0001 0000	0
	A	 0101 110A 0001 0000	0
0013E8	5C10	SUBWF ADREADPORT,W,ACCESS
	F	 1010 BBBA FFFF FFFF	1240
	B	 1010 BBBA 1101 1000	2
	A	 1010 010A 1101 1000	0
0013EA	A4D8	BTFSS STATUS, Z,ACCESS
	N	 1101 0NNN NNNN NNNN	3
0013EC	D003	BRA SYSSELECT1CASE21
	K	 0000 0001 00KK KKKK	4
000000	0104	BANKSEL ANSELC
	F	 1000 BBBA FFFF FFFF	1040
	B	 1000 BBBA 0001 0000	3
	A	 1000 011A 0001 0000	1
0013F0	8710	BSF ANSELC,3,BANKED
	N	 1101 0NNN NNNN NNNN	48
0013F2	D030	BRA SYSSELECTEND1
		SYSSELECT1CASE21
	K	 0000 1110 KKKK KKKK	20
0013F4	0E14	MOVLW 20
	F	 0101 11DA FFFF FFFF	1296
	D	 0101 11DA 0001 0000	0
	A	 0101 110A 0001 0000	0
0013F6	5C10	SUBWF ADREADPORT,W,ACCESS
	F	 1010 BBBA FFFF FFFF	1240
	B	 1010 BBBA 1101 1000	2
	A	 1010 010A 1101 1000	0
0013F8	A4D8	BTFSS STATUS, Z,ACCESS
	N	 1101 0NNN NNNN NNNN	3
0013FA	D003	BRA SYSSELECT1CASE22
	K	 0000 0001 00KK KKKK	4
000000	0104	BANKSEL ANSELC
	F	 1000 BBBA FFFF FFFF	1040
	B	 1000 BBBA 0001 0000	4
	A	 1000 100A 0001 0000	1
0013FE	8910	BSF ANSELC,4,BANKED
	N	 1101 0NNN NNNN NNNN	41
001400	D029	BRA SYSSELECTEND1
		SYSSELECT1CASE22
	K	 0000 1110 KKKK KKKK	21
001402	0E15	MOVLW 21
	F	 0101 11DA FFFF FFFF	1296
	D	 0101 11DA 0001 0000	0
	A	 0101 110A 0001 0000	0
001404	5C10	SUBWF ADREADPORT,W,ACCESS
	F	 1010 BBBA FFFF FFFF	1240
	B	 1010 BBBA 1101 1000	2
	A	 1010 010A 1101 1000	0
001406	A4D8	BTFSS STATUS, Z,ACCESS
	N	 1101 0NNN NNNN NNNN	3
001408	D003	BRA SYSSELECT1CASE23
	K	 0000 0001 00KK KKKK	4
000000	0104	BANKSEL ANSELC
	F	 1000 BBBA FFFF FFFF	1040
	B	 1000 BBBA 0001 0000	5
	A	 1000 101A 0001 0000	1
00140C	8B10	BSF ANSELC,5,BANKED
	N	 1101 0NNN NNNN NNNN	34
00140E	D022	BRA SYSSELECTEND1
		SYSSELECT1CASE23
	K	 0000 1110 KKKK KKKK	22
001410	0E16	MOVLW 22
	F	 0101 11DA FFFF FFFF	1296
	D	 0101 11DA 0001 0000	0
	A	 0101 110A 0001 0000	0
001412	5C10	SUBWF ADREADPORT,W,ACCESS
	F	 1010 BBBA FFFF FFFF	1240
	B	 1010 BBBA 1101 1000	2
	A	 1010 010A 1101 1000	0
001414	A4D8	BTFSS STATUS, Z,ACCESS
	N	 1101 0NNN NNNN NNNN	3
001416	D003	BRA SYSSELECT1CASE24
	K	 0000 0001 00KK KKKK	4
000000	0104	BANKSEL ANSELC
	F	 1000 BBBA FFFF FFFF	1040
	B	 1000 BBBA 0001 0000	6
	A	 1000 110A 0001 0000	1
00141A	8D10	BSF ANSELC,6,BANKED
	N	 1101 0NNN NNNN NNNN	27
00141C	D01B	BRA SYSSELECTEND1
		SYSSELECT1CASE24
	K	 0000 1110 KKKK KKKK	23
00141E	0E17	MOVLW 23
	F	 0101 11DA FFFF FFFF	1296
	D	 0101 11DA 0001 0000	0
	A	 0101 110A 0001 0000	0
001420	5C10	SUBWF ADREADPORT,W,ACCESS
	F	 1010 BBBA FFFF FFFF	1240
	B	 1010 BBBA 1101 1000	2
	A	 1010 010A 1101 1000	0
001422	A4D8	BTFSS STATUS, Z,ACCESS
	N	 1101 0NNN NNNN NNNN	3
001424	D003	BRA SYSSELECT1CASE25
	K	 0000 0001 00KK KKKK	4
000000	0104	BANKSEL ANSELC
	F	 1000 BBBA FFFF FFFF	1040
	B	 1000 BBBA 0001 0000	7
	A	 1000 111A 0001 0000	1
001428	8F10	BSF ANSELC,7,BANKED
	N	 1101 0NNN NNNN NNNN	20
00142A	D014	BRA SYSSELECTEND1
		SYSSELECT1CASE25
	K	 0000 1110 KKKK KKKK	32
00142C	0E20	MOVLW 32
	F	 0101 11DA FFFF FFFF	1296
	D	 0101 11DA 0001 0000	0
	A	 0101 110A 0001 0000	0
00142E	5C10	SUBWF ADREADPORT,W,ACCESS
	F	 1010 BBBA FFFF FFFF	1240
	B	 1010 BBBA 1101 1000	2
	A	 1010 010A 1101 1000	0
001430	A4D8	BTFSS STATUS, Z,ACCESS
	N	 1101 0NNN NNNN NNNN	3
001432	D003	BRA SYSSELECT1CASE26
	K	 0000 0001 00KK KKKK	4
000000	0104	BANKSEL ANSELE
	F	 1000 BBBA FFFF FFFF	1056
	B	 1000 BBBA 0010 0000	0
	A	 1000 000A 0010 0000	1
001436	8120	BSF ANSELE,0,BANKED
	N	 1101 0NNN NNNN NNNN	13
001438	D00D	BRA SYSSELECTEND1
		SYSSELECT1CASE26
	K	 0000 1110 KKKK KKKK	33
00143A	0E21	MOVLW 33
	F	 0101 11DA FFFF FFFF	1296
	D	 0101 11DA 0001 0000	0
	A	 0101 110A 0001 0000	0
00143C	5C10	SUBWF ADREADPORT,W,ACCESS
	F	 1010 BBBA FFFF FFFF	1240
	B	 1010 BBBA 1101 1000	2
	A	 1010 010A 1101 1000	0
00143E	A4D8	BTFSS STATUS, Z,ACCESS
	N	 1101 0NNN NNNN NNNN	3
001440	D003	BRA SYSSELECT1CASE27
	K	 0000 0001 00KK KKKK	4
000000	0104	BANKSEL ANSELE
	F	 1000 BBBA FFFF FFFF	1056
	B	 1000 BBBA 0010 0000	1
	A	 1000 001A 0010 0000	1
001444	8320	BSF ANSELE,1,BANKED
	N	 1101 0NNN NNNN NNNN	6
001446	D006	BRA SYSSELECTEND1
		SYSSELECT1CASE27
	K	 0000 1110 KKKK KKKK	34
001448	0E22	MOVLW 34
	F	 0101 11DA FFFF FFFF	1296
	D	 0101 11DA 0001 0000	0
	A	 0101 110A 0001 0000	0
00144A	5C10	SUBWF ADREADPORT,W,ACCESS
	F	 1010 BBBA FFFF FFFF	1240
	B	 1010 BBBA 1101 1000	2
	A	 1010 010A 1101 1000	0
00144C	A4D8	BTFSS STATUS, Z,ACCESS
	N	 1101 0NNN NNNN NNNN	2
00144E	D002	BRA SYSSELECTEND1
	K	 0000 0001 00KK KKKK	4
000000	0104	BANKSEL ANSELE
	F	 1000 BBBA FFFF FFFF	1056
	B	 1000 BBBA 0010 0000	2
	A	 1000 010A 0010 0000	1
001452	8520	BSF ANSELE,2,BANKED
		SYSSELECTEND1
	K	 0000 0001 00KK KKKK	3
000000	0103	BANKSEL ADCON0
	F	 1001 BBBA FFFF FFFF	1011
	B	 1001 BBBA 1111 0011	4
	A	 1001 100A 1111 0011	1
001456	99F3	BCF ADCON0,ADCS,BANKED
	K	 0000 1110 KKKK KKKK	1
001458	0E01	MOVLW 1
	F	 0110 111A FFFF FFFF	1018
	A	 0110 111A 1111 1010	1
00145A	6FFA	MOVWF ADCLK,BANKED
	F	 1001 BBBA FFFF FFFF	1011
	B	 1001 BBBA 1111 0011	4
	A	 1001 100A 1111 0011	1
00145C	99F3	BCF ADCON0,ADCS,BANKED
	K	 0000 1110 KKKK KKKK	31
00145E	0E1F	MOVLW 31
	F	 0110 111A FFFF FFFF	1018
	A	 0110 111A 1111 1010	1
001460	6FFA	MOVWF ADCLK,BANKED
	F	 1001 BBBA FFFF FFFF	1018
	B	 1001 BBBA 1111 1010	2
	A	 1001 010A 1111 1010	1
001462	95FA	BCF ADCLK,ADCS2,BANKED
	F	 1000 BBBA FFFF FFFF	1018
	B	 1000 BBBA 1111 1010	1
	A	 1000 001A 1111 1010	1
001464	83FA	BSF ADCLK,ADCS1,BANKED
	F	 1001 BBBA FFFF FFFF	1018
	B	 1001 BBBA 1111 1010	0
	A	 1001 000A 1111 1010	1
001466	91FA	BCF ADCLK,ADCS0,BANKED
	F	 1000 BBBA FFFF FFFF	1011
	B	 1000 BBBA 1111 0011	2
	A	 1000 010A 1111 0011	1
001468	85F3	BSF ADCON0,ADFM0,BANKED
	F	 1000 BBBA FFFF FFFF	1011
	B	 1000 BBBA 1111 0011	2
	A	 1000 010A 1111 0011	1
00146A	85F3	BSF ADCON0,ADFM0,BANKED
	S	1111 DDDD DDDD DDDD:1100 SSSS SSSS SSSS	1296
	D	1111 DDDD DDDD DDDD:1100 0101 0001 0000	1004
00146C	C510 F3EC	MOVFF ADREADPORT,ADPCH
	F	 1000 BBBA FFFF FFFF	1011
	B	 1000 BBBA 1111 0011	7
	A	 1000 111A 1111 0011	1
001470	8FF3	BSF ADCON0,ADON,BANKED
	K	 0000 1110 KKKK KKKK	2
001472	0E02	MOVLW 2
	F	 0110 111A FFFF FFFF	1285
	A	 0110 111A 0000 0101	0
001474	6E05	MOVWF SYSWAITTEMP10US,ACCESS
	K	 0000 0001 00KK KKKK	0
000000	0100	BANKSEL 0
	K	1111 KKKK KKKK KKKK:1110 110S KKKK KKKK	1874
	S	1111 0000 0000 0011:1110 110S 1010 1001	0
001478	ECA9 F003	CALL DELAY_10US
	K	 0000 0001 00KK KKKK	3
000000	0103	BANKSEL ADCON0
	F	 1000 BBBA FFFF FFFF	1011
	B	 1000 BBBA 1111 0011	0
	A	 1000 000A 1111 0011	1
00147E	81F3	BSF ADCON0,GO_NOT_DONE,BANKED
001480	0000	NOP
		SYSWAITLOOP1
	F	 1011 BBBA FFFF FFFF	1011
	B	 1011 BBBA 1111 0011	0
	A	 1011 000A 1111 0011	1
001482	B1F3	BTFSC ADCON0,GO_NOT_DONE,BANKED
	N	 1101 0NNN NNNN NNNN	2046
001484	D7FE	BRA SYSWAITLOOP1
	F	 1001 BBBA FFFF FFFF	1011
	B	 1001 BBBA 1111 0011	7
	A	 1001 111A 1111 0011	1
001486	9FF3	BCF ADCON0,ADON,BANKED
	K	 0000 0001 00KK KKKK	4
000000	0104	BANKSEL ANSELA
	F	 0110 101A FFFF FFFF	1024
	A	 0110 101A 0000 0000	1
00148A	6B00	CLRF ANSELA,BANKED
	F	 0110 101A FFFF FFFF	1032
	A	 0110 101A 0000 1000	1
00148C	6B08	CLRF ANSELB,BANKED
	F	 0110 101A FFFF FFFF	1040
	A	 0110 101A 0001 0000	1
00148E	6B10	CLRF ANSELC,BANKED
	F	 0110 101A FFFF FFFF	1056
	A	 0110 101A 0010 0000	1
001490	6B20	CLRF ANSELE,BANKED
	S	1111 DDDD DDDD DDDD:1100 SSSS SSSS SSSS	1002
	D	1111 DDDD DDDD DDDD:1100 0011 1110 1010	1408
001492	C3EA F580	MOVFF ADRESL,READAD10
	K	 0000 0001 00KK KKKK	5
000000	0105	BANKSEL READAD10_H
	F	 0110 101A FFFF FFFF	1409
	A	 0110 101A 1000 0001	1
001498	6B81	CLRF READAD10_H,BANKED
	S	1111 DDDD DDDD DDDD:1100 SSSS SSSS SSSS	1003
	D	1111 DDDD DDDD DDDD:1100 0011 1110 1011	1409
00149A	C3EB F581	MOVFF ADRESH,READAD10_H
	K	 0000 0001 00KK KKKK	3
000000	0103	BANKSEL ADCON0
	F	 1001 BBBA FFFF FFFF	1011
	B	 1001 BBBA 1111 0011	2
	A	 1001 010A 1111 0011	1
0014A0	95F3	BCF ADCON0,ADFM0,BANKED
	K	 0000 0001 00KK KKKK	0
000000	0100	BANKSEL 0
	S	 0000 0000 0001 001S	0
0014A4	0012	RETURN


		FN_SCALE154
	K	 0000 0001 00KK KKKK	5
000000	0105	BANKSEL L_FROMLOW
	F	 0101 00DA FFFF FFFF	1382
	D	 0101 00DA 0110 0110	0
	A	 0101 000A 0110 0110	1
0014A8	5166	MOVF L_FROMLOW,W,BANKED
	F	 0101 11DA FFFF FFFF	1384
	D	 0101 11DA 0110 1000	0
	A	 0101 110A 0110 1000	1
0014AA	5D68	SUBWF L_MAP,W,BANKED
	F	 0110 111A FFFF FFFF	1450
	A	 0110 111A 1010 1010	1
0014AC	6FAA	MOVWF SYSTEMP1,BANKED
	F	 0101 00DA FFFF FFFF	1383
	D	 0101 00DA 0110 0111	0
	A	 0101 000A 0110 0111	1
0014AE	5167	MOVF L_FROMLOW_H,W,BANKED
	F	 0101 10DA FFFF FFFF	1385
	D	 0101 10DA 0110 1001	0
	A	 0101 100A 0110 1001	1
0014B0	5969	SUBWFB L_MAP_H,W,BANKED
	F	 0110 111A FFFF FFFF	1451
	A	 0110 111A 1010 1011	1
0014B2	6FAB	MOVWF SYSTEMP1_H,BANKED
	F	 0101 00DA FFFF FFFF	1394
	D	 0101 00DA 0111 0010	0
	A	 0101 000A 0111 0010	1
0014B4	5172	MOVF L_TOLOW,W,BANKED
	F	 0101 11DA FFFF FFFF	1392
	D	 0101 11DA 0111 0000	0
	A	 0101 110A 0111 0000	1
0014B6	5D70	SUBWF L_TOHIGH,W,BANKED
	F	 0110 111A FFFF FFFF	1454
	A	 0110 111A 1010 1110	1
0014B8	6FAE	MOVWF SYSTEMP2,BANKED
	F	 0101 00DA FFFF FFFF	1395
	D	 0101 00DA 0111 0011	0
	A	 0101 000A 0111 0011	1
0014BA	5173	MOVF L_TOLOW_H,W,BANKED
	F	 0101 10DA FFFF FFFF	1393
	D	 0101 10DA 0111 0001	0
	A	 0101 100A 0111 0001	1
0014BC	5971	SUBWFB L_TOHIGH_H,W,BANKED
	F	 0110 111A FFFF FFFF	1455
	A	 0110 111A 1010 1111	1
0014BE	6FAF	MOVWF SYSTEMP2_H,BANKED
	S	1111 DDDD DDDD DDDD:1100 SSSS SSSS SSSS	1450
	D	1111 DDDD DDDD DDDD:1100 0101 1010 1010	1285
0014C0	C5AA F505	MOVFF SYSTEMP1,SYSLONGTEMPA
	S	1111 DDDD DDDD DDDD:1100 SSSS SSSS SSSS	1451
	D	1111 DDDD DDDD DDDD:1100 0101 1010 1011	1286
0014C4	C5AB F506	MOVFF SYSTEMP1_H,SYSLONGTEMPA_H
	F	 0110 101A FFFF FFFF	1287
	A	 0110 101A 0000 0111	0
0014C8	6A07	CLRF SYSLONGTEMPA_U,ACCESS
	F	 0110 101A FFFF FFFF	1288
	A	 0110 101A 0000 1000	0
0014CA	6A08	CLRF SYSLONGTEMPA_E,ACCESS
	S	1111 DDDD DDDD DDDD:1100 SSSS SSSS SSSS	1454
	D	1111 DDDD DDDD DDDD:1100 0101 1010 1110	1289
0014CC	C5AE F509	MOVFF SYSTEMP2,SYSLONGTEMPB
	S	1111 DDDD DDDD DDDD:1100 SSSS SSSS SSSS	1455
	D	1111 DDDD DDDD DDDD:1100 0101 1010 1111	1290
0014D0	C5AF F50A	MOVFF SYSTEMP2_H,SYSLONGTEMPB_H
	F	 0110 101A FFFF FFFF	1291
	A	 0110 101A 0000 1011	0
0014D4	6A0B	CLRF SYSLONGTEMPB_U,ACCESS
	F	 0110 101A FFFF FFFF	1292
	A	 0110 101A 0000 1100	0
0014D6	6A0C	CLRF SYSLONGTEMPB_E,ACCESS
	K	 0000 0001 00KK KKKK	0
000000	0100	BANKSEL 0
	N	 1101 1NNN NNNN NNNN	718
0014DA	DACE	RCALL SYSMULTSUB32
	S	1111 DDDD DDDD DDDD:1100 SSSS SSSS SSSS	1280
	D	1111 DDDD DDDD DDDD:1100 0101 0000 0000	1388
0014DC	C500 F56C	MOVFF SYSLONGTEMPX,L_SYSCALCF
	S	1111 DDDD DDDD DDDD:1100 SSSS SSSS SSSS	1281
	D	1111 DDDD DDDD DDDD:1100 0101 0000 0001	1389
0014E0	C501 F56D	MOVFF SYSLONGTEMPX_H,L_SYSCALCF_H
	S	1111 DDDD DDDD DDDD:1100 SSSS SSSS SSSS	1282
	D	1111 DDDD DDDD DDDD:1100 0101 0000 0010	1390
0014E4	C502 F56E	MOVFF SYSLONGTEMPX_U,L_SYSCALCF_U
	S	1111 DDDD DDDD DDDD:1100 SSSS SSSS SSSS	1283
	D	1111 DDDD DDDD DDDD:1100 0101 0000 0011	1391
0014E8	C503 F56F	MOVFF SYSLONGTEMPX_E,L_SYSCALCF_E
	K	 0000 0001 00KK KKKK	5
000000	0105	BANKSEL L_FROMLOW
	F	 0101 00DA FFFF FFFF	1382
	D	 0101 00DA 0110 0110	0
	A	 0101 000A 0110 0110	1
0014EE	5166	MOVF L_FROMLOW,W,BANKED
	F	 0101 11DA FFFF FFFF	1380
	D	 0101 11DA 0110 0100	0
	A	 0101 110A 0110 0100	1
0014F0	5D64	SUBWF L_FROMHIGH,W,BANKED
	F	 0110 111A FFFF FFFF	1386
	A	 0110 111A 0110 1010	1
0014F2	6F6A	MOVWF L_SYSCALC,BANKED
	F	 0101 00DA FFFF FFFF	1383
	D	 0101 00DA 0110 0111	0
	A	 0101 000A 0110 0111	1
0014F4	5167	MOVF L_FROMLOW_H,W,BANKED
	F	 0101 10DA FFFF FFFF	1381
	D	 0101 10DA 0110 0101	0
	A	 0101 100A 0110 0101	1
0014F6	5965	SUBWFB L_FROMHIGH_H,W,BANKED
	F	 0110 111A FFFF FFFF	1387
	A	 0110 111A 0110 1011	1
0014F8	6F6B	MOVWF L_SYSCALC_H,BANKED
	S	1111 DDDD DDDD DDDD:1100 SSSS SSSS SSSS	1388
	D	1111 DDDD DDDD DDDD:1100 0101 0110 1100	1285
0014FA	C56C F505	MOVFF L_SYSCALCF,SYSLONGTEMPA
	S	1111 DDDD DDDD DDDD:1100 SSSS SSSS SSSS	1389
	D	1111 DDDD DDDD DDDD:1100 0101 0110 1101	1286
0014FE	C56D F506	MOVFF L_SYSCALCF_H,SYSLONGTEMPA_H
	S	1111 DDDD DDDD DDDD:1100 SSSS SSSS SSSS	1390
	D	1111 DDDD DDDD DDDD:1100 0101 0110 1110	1287
001502	C56E F507	MOVFF L_SYSCALCF_U,SYSLONGTEMPA_U
	S	1111 DDDD DDDD DDDD:1100 SSSS SSSS SSSS	1391
	D	1111 DDDD DDDD DDDD:1100 0101 0110 1111	1288
001506	C56F F508	MOVFF L_SYSCALCF_E,SYSLONGTEMPA_E
	S	1111 DDDD DDDD DDDD:1100 SSSS SSSS SSSS	1386
	D	1111 DDDD DDDD DDDD:1100 0101 0110 1010	1289
00150A	C56A F509	MOVFF L_SYSCALC,SYSLONGTEMPB
	S	1111 DDDD DDDD DDDD:1100 SSSS SSSS SSSS	1387
	D	1111 DDDD DDDD DDDD:1100 0101 0110 1011	1290
00150E	C56B F50A	MOVFF L_SYSCALC_H,SYSLONGTEMPB_H
	F	 0110 101A FFFF FFFF	1291
	A	 0110 101A 0000 1011	0
001512	6A0B	CLRF SYSLONGTEMPB_U,ACCESS
	F	 0110 101A FFFF FFFF	1292
	A	 0110 101A 0000 1100	0
001514	6A0C	CLRF SYSLONGTEMPB_E,ACCESS
	K	 0000 0001 00KK KKKK	0
000000	0100	BANKSEL 0
	N	 1101 1NNN NNNN NNNN	545
001518	DA21	RCALL SYSDIVSUB32
	S	1111 DDDD DDDD DDDD:1100 SSSS SSSS SSSS	1285
	D	1111 DDDD DDDD DDDD:1100 0101 0000 0101	1450
00151A	C505 F5AA	MOVFF SYSLONGTEMPA,SYSTEMP1
	S	1111 DDDD DDDD DDDD:1100 SSSS SSSS SSSS	1286
	D	1111 DDDD DDDD DDDD:1100 0101 0000 0110	1451
00151E	C506 F5AB	MOVFF SYSLONGTEMPA_H,SYSTEMP1_H
	S	1111 DDDD DDDD DDDD:1100 SSSS SSSS SSSS	1287
	D	1111 DDDD DDDD DDDD:1100 0101 0000 0111	1452
001522	C507 F5AC	MOVFF SYSLONGTEMPA_U,SYSTEMP1_U
	S	1111 DDDD DDDD DDDD:1100 SSSS SSSS SSSS	1288
	D	1111 DDDD DDDD DDDD:1100 0101 0000 1000	1453
001526	C508 F5AD	MOVFF SYSLONGTEMPA_E,SYSTEMP1_E
	K	 0000 0001 00KK KKKK	5
000000	0105	BANKSEL L_TOLOW
	F	 0101 00DA FFFF FFFF	1394
	D	 0101 00DA 0111 0010	0
	A	 0101 000A 0111 0010	1
00152C	5172	MOVF L_TOLOW,W,BANKED
	F	 0010 01DA FFFF FFFF	1450
	D	 0010 01DA 1010 1010	0
	A	 0010 010A 1010 1010	1
00152E	25AA	ADDWF SYSTEMP1,W,BANKED
	F	 0110 111A FFFF FFFF	1454
	A	 0110 111A 1010 1110	1
001530	6FAE	MOVWF SYSTEMP2,BANKED
	F	 0101 00DA FFFF FFFF	1395
	D	 0101 00DA 0111 0011	0
	A	 0101 000A 0111 0011	1
001532	5173	MOVF L_TOLOW_H,W,BANKED
	F	 0010 00DA FFFF FFFF	1451
	D	 0010 00DA 1010 1011	0
	A	 0010 000A 1010 1011	1
001534	21AB	ADDWFC SYSTEMP1_H,W,BANKED
	F	 0110 111A FFFF FFFF	1455
	A	 0110 111A 1010 1111	1
001536	6FAF	MOVWF SYSTEMP2_H,BANKED
	F	 0101 00DA FFFF FFFF	1378
	D	 0101 00DA 0110 0010	0
	A	 0101 000A 0110 0010	1
001538	5162	MOVF L_CALIBRATE,W,BANKED
	F	 0010 01DA FFFF FFFF	1454
	D	 0010 01DA 1010 1110	0
	A	 0010 010A 1010 1110	1
00153A	25AE	ADDWF SYSTEMP2,W,BANKED
	F	 0110 111A FFFF FFFF	1411
	A	 0110 111A 1000 0011	1
00153C	6F83	MOVWF SCALE,BANKED
	F	 0101 00DA FFFF FFFF	1379
	D	 0101 00DA 0110 0011	0
	A	 0101 000A 0110 0011	1
00153E	5163	MOVF L_CALIBRATE_H,W,BANKED
	F	 0010 00DA FFFF FFFF	1455
	D	 0010 00DA 1010 1111	0
	A	 0010 000A 1010 1111	1
001540	21AF	ADDWFC SYSTEMP2_H,W,BANKED
	F	 0110 111A FFFF FFFF	1412
	A	 0110 111A 1000 0100	1
001542	6F84	MOVWF SCALE_H,BANKED
	K	 0000 0001 00KK KKKK	0
000000	0100	BANKSEL 0
	S	 0000 0000 0001 001S	0
001546	0012	RETURN


		SI2CSTART
	K	 0000 1110 KKKK KKKK	1
001548	0E01	MOVLW 1
	F	 0110 111A FFFF FFFF	1343
	A	 0110 111A 0011 1111	0
00154A	6E3F	MOVWF HI2C1STATEMACHINE,ACCESS
	F	 0110 101A FFFF FFFF	1346
	A	 0110 101A 0100 0010	0
00154C	6A42	CLRF HI2CWAITMSSPTIMEOUT,ACCESS
	F	 0110 101A FFFF FFFF	1342
	A	 0110 101A 0011 1110	0
00154E	6A3E	CLRF HI2C1LASTERROR,ACCESS
	S	 0000 0000 0001 001S	0
001550	0012	RETURN


		FN_SIN
	S	1111 DDDD DDDD DDDD:1100 SSSS SSSS SSSS	1461
	D	1111 DDDD DDDD DDDD:1100 0101 1011 0101	1285
001552	C5B5 F505	MOVFF TRIG_ARG2,SYSINTEGERTEMPA
	S	1111 DDDD DDDD DDDD:1100 SSSS SSSS SSSS	1462
	D	1111 DDDD DDDD DDDD:1100 0101 1011 0110	1286
001556	C5B6 F506	MOVFF TRIG_ARG2_H,SYSINTEGERTEMPA_H
	F	 0110 101A FFFF FFFF	1289
	A	 0110 101A 0000 1001	0
00155A	6A09	CLRF SYSINTEGERTEMPB,ACCESS
	F	 0110 101A FFFF FFFF	1290
	A	 0110 101A 0000 1010	0
00155C	6A0A	CLRF SYSINTEGERTEMPB_H,ACCESS
	N	 1101 1NNN NNNN NNNN	401
00155E	D991	RCALL SYSCOMPLESSTHANINT
	F	 1010 BBBA FFFF FFFF	1280
	B	 1010 BBBA 0000 0000	0
	A	 1010 000A 0000 0000	0
001560	A000	BTFSS SYSBYTETEMPX,0,ACCESS
	N	 1101 0NNN NNNN NNNN	16
001562	D010	BRA ELSE14_1
	K	 0000 0001 00KK KKKK	5
000000	0105	BANKSEL TRIG_SIGN
	F	 0110 100A FFFF FFFF	1466
	A	 0110 100A 1011 1010	1
001566	69BA	SETF TRIG_SIGN,BANKED
	F	 0110 100A FFFF FFFF	1467
	A	 0110 100A 1011 1011	1
001568	69BB	SETF TRIG_SIGN_H,BANKED
	S	1111 DDDD DDDD DDDD:1100 SSSS SSSS SSSS	1461
	D	1111 DDDD DDDD DDDD:1100 0101 1011 0101	1285
00156A	C5B5 F505	MOVFF TRIG_ARG2,SYSINTEGERTEMPA
	S	1111 DDDD DDDD DDDD:1100 SSSS SSSS SSSS	1462
	D	1111 DDDD DDDD DDDD:1100 0101 1011 0110	1286
00156E	C5B6 F506	MOVFF TRIG_ARG2_H,SYSINTEGERTEMPA_H
	F	 0110 100A FFFF FFFF	1289
	A	 0110 100A 0000 1001	0
001572	6809	SETF SYSINTEGERTEMPB,ACCESS
	F	 0110 100A FFFF FFFF	1290
	A	 0110 100A 0000 1010	0
001574	680A	SETF SYSINTEGERTEMPB_H,ACCESS
	K	 0000 0001 00KK KKKK	0
000000	0100	BANKSEL 0
	N	 1101 1NNN NNNN NNNN	706
001578	DAC2	RCALL SYSMULTSUBINT
	S	1111 DDDD DDDD DDDD:1100 SSSS SSSS SSSS	1280
	D	1111 DDDD DDDD DDDD:1100 0101 0000 0000	1461
00157A	C500 F5B5	MOVFF SYSINTEGERTEMPX,TRIG_ARG2
	S	1111 DDDD DDDD DDDD:1100 SSSS SSSS SSSS	1281
	D	1111 DDDD DDDD DDDD:1100 0101 0000 0001	1462
00157E	C501 F5B6	MOVFF SYSINTEGERTEMPX_H,TRIG_ARG2_H
	N	 1101 0NNN NNNN NNNN	4
001582	D004	BRA ENDIF14
		ELSE14_1
	K	 0000 1110 KKKK KKKK	1
001584	0E01	MOVLW 1
	K	 0000 0001 00KK KKKK	5
000000	0105	BANKSEL TRIG_SIGN
	F	 0110 111A FFFF FFFF	1466
	A	 0110 111A 1011 1010	1
001588	6FBA	MOVWF TRIG_SIGN,BANKED
	F	 0110 101A FFFF FFFF	1467
	A	 0110 101A 1011 1011	1
00158A	6BBB	CLRF TRIG_SIGN_H,BANKED
		ENDIF14
	S	1111 DDDD DDDD DDDD:1100 SSSS SSSS SSSS	1461
	D	1111 DDDD DDDD DDDD:1100 0101 1011 0101	1285
00158C	C5B5 F505	MOVFF TRIG_ARG2,SYSINTEGERTEMPA
	S	1111 DDDD DDDD DDDD:1100 SSSS SSSS SSSS	1462
	D	1111 DDDD DDDD DDDD:1100 0101 1011 0110	1286
001590	C5B6 F506	MOVFF TRIG_ARG2_H,SYSINTEGERTEMPA_H
	K	 0000 1110 KKKK KKKK	104
001594	0E68	MOVLW 104
	F	 0110 111A FFFF FFFF	1289
	A	 0110 111A 0000 1001	0
001596	6E09	MOVWF SYSINTEGERTEMPB,ACCESS
	K	 0000 1110 KKKK KKKK	1
001598	0E01	MOVLW 1
	F	 0110 111A FFFF FFFF	1290
	A	 0110 111A 0000 1010	0
00159A	6E0A	MOVWF SYSINTEGERTEMPB_H,ACCESS
	K	 0000 0001 00KK KKKK	0
000000	0100	BANKSEL 0
	N	 1101 1NNN NNNN NNNN	572
00159E	DA3C	RCALL SYSDIVSUBINT
	S	1111 DDDD DDDD DDDD:1100 SSSS SSSS SSSS	1280
	D	1111 DDDD DDDD DDDD:1100 0101 0000 0000	1461
0015A0	C500 F5B5	MOVFF SYSINTEGERTEMPX,TRIG_ARG2
	S	1111 DDDD DDDD DDDD:1100 SSSS SSSS SSSS	1281
	D	1111 DDDD DDDD DDDD:1100 0101 0000 0001	1462
0015A4	C501 F5B6	MOVFF SYSINTEGERTEMPX_H,TRIG_ARG2_H
	S	1111 DDDD DDDD DDDD:1100 SSSS SSSS SSSS	1461
	D	1111 DDDD DDDD DDDD:1100 0101 1011 0101	1289
0015A8	C5B5 F509	MOVFF TRIG_ARG2,SYSINTEGERTEMPB
	S	1111 DDDD DDDD DDDD:1100 SSSS SSSS SSSS	1462
	D	1111 DDDD DDDD DDDD:1100 0101 1011 0110	1290
0015AC	C5B6 F50A	MOVFF TRIG_ARG2_H,SYSINTEGERTEMPB_H
	K	 0000 1110 KKKK KKKK	180
0015B0	0EB4	MOVLW 180
	F	 0110 111A FFFF FFFF	1285
	A	 0110 111A 0000 0101	0
0015B2	6E05	MOVWF SYSINTEGERTEMPA,ACCESS
	F	 0110 101A FFFF FFFF	1286
	A	 0110 101A 0000 0110	0
0015B4	6A06	CLRF SYSINTEGERTEMPA_H,ACCESS
	N	 1101 1NNN NNNN NNNN	357
0015B6	D965	RCALL SYSCOMPLESSTHANINT
	F	 1010 BBBA FFFF FFFF	1280
	B	 1010 BBBA 0000 0000	0
	A	 1010 000A 0000 0000	0
0015B8	A000	BTFSS SYSBYTETEMPX,0,ACCESS
	N	 1101 0NNN NNNN NNNN	11
0015BA	D00B	BRA ENDIF15
	S	1111 DDDD DDDD DDDD:1100 SSSS SSSS SSSS	1466
	D	1111 DDDD DDDD DDDD:1100 0101 1011 1010	1285
0015BC	C5BA F505	MOVFF TRIG_SIGN,SYSINTEGERTEMPA
	S	1111 DDDD DDDD DDDD:1100 SSSS SSSS SSSS	1467
	D	1111 DDDD DDDD DDDD:1100 0101 1011 1011	1286
0015C0	C5BB F506	MOVFF TRIG_SIGN_H,SYSINTEGERTEMPA_H
	F	 0110 100A FFFF FFFF	1289
	A	 0110 100A 0000 1001	0
0015C4	6809	SETF SYSINTEGERTEMPB,ACCESS
	F	 0110 100A FFFF FFFF	1290
	A	 0110 100A 0000 1010	0
0015C6	680A	SETF SYSINTEGERTEMPB_H,ACCESS
	N	 1101 1NNN NNNN NNNN	666
0015C8	DA9A	RCALL SYSMULTSUBINT
	S	1111 DDDD DDDD DDDD:1100 SSSS SSSS SSSS	1280
	D	1111 DDDD DDDD DDDD:1100 0101 0000 0000	1466
0015CA	C500 F5BA	MOVFF SYSINTEGERTEMPX,TRIG_SIGN
	S	1111 DDDD DDDD DDDD:1100 SSSS SSSS SSSS	1281
	D	1111 DDDD DDDD DDDD:1100 0101 0000 0001	1467
0015CE	C501 F5BB	MOVFF SYSINTEGERTEMPX_H,TRIG_SIGN_H
		ENDIF15
	S	1111 DDDD DDDD DDDD:1100 SSSS SSSS SSSS	1461
	D	1111 DDDD DDDD DDDD:1100 0101 1011 0101	1459
0015D2	C5B5 F5B3	MOVFF TRIG_ARG2,TRIG_ARG1
	S	1111 DDDD DDDD DDDD:1100 SSSS SSSS SSSS	1462
	D	1111 DDDD DDDD DDDD:1100 0101 1011 0110	1460
0015D6	C5B6 F5B4	MOVFF TRIG_ARG2_H,TRIG_ARG1_H
	N	 1101 1NNN NNNN NNNN	709
0015DA	DAC5	RCALL FN_TRIG_REF
	S	1111 DDDD DDDD DDDD:1100 SSSS SSSS SSSS	1464
	D	1111 DDDD DDDD DDDD:1100 0101 1011 1000	1461
0015DC	C5B8 F5B5	MOVFF TRIG_REF,TRIG_ARG2
	S	1111 DDDD DDDD DDDD:1100 SSSS SSSS SSSS	1465
	D	1111 DDDD DDDD DDDD:1100 0101 1011 1001	1462
0015E0	C5B9 F5B6	MOVFF TRIG_REF_H,TRIG_ARG2_H
	K	 0000 0001 00KK KKKK	5
000000	0105	BANKSEL TRIG_ARG2
	F	 0010 10DA FFFF FFFF	1461
	D	 0010 10DA 1011 0101	0
	A	 0010 100A 1011 0101	1
0015E6	29B5	INCF TRIG_ARG2,W,BANKED
	F	 0110 111A FFFF FFFF	1463
	A	 0110 111A 1011 0111	1
0015E8	6FB7	MOVWF TRIG_I,BANKED
	S	1111 DDDD DDDD DDDD:1100 SSSS SSSS SSSS	1463
	D	1111 DDDD DDDD DDDD:1100 0101 1011 0111	1287
0015EA	C5B7 F507	MOVFF TRIG_I,SYSSTRINGA
	K	 0000 0001 00KK KKKK	0
000000	0100	BANKSEL 0
	N	 1101 1NNN NNNN NNNN	18
0015F0	D812	RCALL SINETAB
	K	 0000 0001 00KK KKKK	5
000000	0105	BANKSEL TRIG_VAL
	F	 0110 111A FFFF FFFF	1468
	A	 0110 111A 1011 1100	1
0015F4	6FBC	MOVWF TRIG_VAL,BANKED
	F	 0110 101A FFFF FFFF	1469
	A	 0110 101A 1011 1101	1
0015F6	6BBD	CLRF TRIG_VAL_H,BANKED
	S	1111 DDDD DDDD DDDD:1100 SSSS SSSS SSSS	1466
	D	1111 DDDD DDDD DDDD:1100 0101 1011 1010	1285
0015F8	C5BA F505	MOVFF TRIG_SIGN,SYSINTEGERTEMPA
	S	1111 DDDD DDDD DDDD:1100 SSSS SSSS SSSS	1467
	D	1111 DDDD DDDD DDDD:1100 0101 1011 1011	1286
0015FC	C5BB F506	MOVFF TRIG_SIGN_H,SYSINTEGERTEMPA_H
	S	1111 DDDD DDDD DDDD:1100 SSSS SSSS SSSS	1468
	D	1111 DDDD DDDD DDDD:1100 0101 1011 1100	1289
001600	C5BC F509	MOVFF TRIG_VAL,SYSINTEGERTEMPB
	S	1111 DDDD DDDD DDDD:1100 SSSS SSSS SSSS	1469
	D	1111 DDDD DDDD DDDD:1100 0101 1011 1101	1290
001604	C5BD F50A	MOVFF TRIG_VAL_H,SYSINTEGERTEMPB_H
	K	 0000 0001 00KK KKKK	0
000000	0100	BANKSEL 0
	N	 1101 1NNN NNNN NNNN	633
00160A	DA79	RCALL SYSMULTSUBINT
	S	1111 DDDD DDDD DDDD:1100 SSSS SSSS SSSS	1280
	D	1111 DDDD DDDD DDDD:1100 0101 0000 0000	1413
00160C	C500 F585	MOVFF SYSINTEGERTEMPX,SIN
	S	1111 DDDD DDDD DDDD:1100 SSSS SSSS SSSS	1281
	D	1111 DDDD DDDD DDDD:1100 0101 0000 0001	1414
001610	C501 F586	MOVFF SYSINTEGERTEMPX_H,SIN_H
	S	 0000 0000 0001 001S	0
001614	0012	RETURN


		SINETAB
	K	 0000 1110 KKKK KKKK	92
001616	0E5C	MOVLW 92
	F	 0110 000A FFFF FFFF	1287
	A	 0110 000A 0000 0111	0
001618	6007	CPFSLT SYSSTRINGA,ACCESS
	K	 0000 1100 KKKK KKKK	0
00161A	0C00	RETLW 0
	F	 0101 00DA FFFF FFFF	1287
	D	 0101 00DA 0000 0111	0
	A	 0101 000A 0000 0111	0
00161C	5007	MOVF SYSSTRINGA, W,ACCESS
	K	 0000 1111 KKKK KKKK	56
00161E	0F38	ADDLW LOW TABLESINETAB
	F	 0110 111A FFFF FFFF	1270
	A	 0110 111A 1111 0110	0
001620	6EF6	MOVWF TBLPTRL,ACCESS
	K	 0000 1110 KKKK KKKK	22
001622	0E16	MOVLW HIGH TABLESINETAB
	F	 1011 BBBA FFFF FFFF	1240
	B	 1011 BBBA 1101 1000	0
	A	 1011 000A 1101 1000	0
001624	B0D8	BTFSC STATUS, C,ACCESS
	K	 0000 1111 KKKK KKKK	1
001626	0F01	ADDLW 1
	F	 0110 111A FFFF FFFF	1271
	A	 0110 111A 1111 0111	0
001628	6EF7	MOVWF TBLPTRH,ACCESS
	K	 0000 1110 KKKK KKKK	0
00162A	0E00	MOVLW UPPER TABLESINETAB
	F	 1011 BBBA FFFF FFFF	1240
	B	 1011 BBBA 1101 1000	0
	A	 1011 000A 1101 1000	0
00162C	B0D8	BTFSC STATUS, C,ACCESS
	K	 0000 1111 KKKK KKKK	1
00162E	0F01	ADDLW 1
	F	 0110 111A FFFF FFFF	1272
	A	 0110 111A 1111 1000	0
001630	6EF8	MOVWF TBLPTRU,ACCESS
001632	0008	TBLRD*
	F	 0101 00DA FFFF FFFF	1269
	D	 0101 00DA 1111 0101	0
	A	 0101 000A 1111 0101	0
001634	50F5	MOVF TABLAT, W,ACCESS
	S	 0000 0000 0001 001S	0
001636	0012	RETURN
		TABLESINETAB
001638	005B 0302 0705 0A09 0E0C 1110 1513 1816 1C1A 1F1D 2221 2524 2927 2C2A	RAW 005B,0302,0705,0A09,0E0C,1110,1513,1816,1C1A,1F1D,2221,2524,2927,2C2A
001654	2F2D 3230 3534 3836 3B39 3E3C 403F 4342 4544 4847 4A49 4D4B 4F4E	RAW 2F2D,3230,3534,3836,3B39,3E3C,403F,4342,4544,4847,4A49,4D4B,4F4E
00166E	5150 5352 5554 5756 5857 5A59 5B5B 5D5C 5E5D 5F5F 6060 6161 6261	RAW 5150,5352,5554,5756,5857,5A59,5B5B,5D5C,5E5D,5F5F,6060,6161,6261
001688	6262 6363 6363 6464 6464 6464	RAW 6262,6363,6363,6464,6464,6464


		FN_STR
	K	 0000 0001 00KK KKKK	5
000000	0105	BANKSEL SYSCHARCOUNT
	F	 0110 101A FFFF FFFF	1422
	A	 0110 101A 1000 1110	1
001696	6B8E	CLRF SYSCHARCOUNT,BANKED
	S	1111 DDDD DDDD DDDD:1100 SSSS SSSS SSSS	1457
	D	1111 DDDD DDDD DDDD:1100 0101 1011 0001	1285
001698	C5B1 F505	MOVFF SYSVALTEMP,SYSWORDTEMPA
	S	1111 DDDD DDDD DDDD:1100 SSSS SSSS SSSS	1458
	D	1111 DDDD DDDD DDDD:1100 0101 1011 0010	1286
00169C	C5B2 F506	MOVFF SYSVALTEMP_H,SYSWORDTEMPA_H
	K	 0000 1110 KKKK KKKK	16
0016A0	0E10	MOVLW 16
	F	 0110 111A FFFF FFFF	1289
	A	 0110 111A 0000 1001	0
0016A2	6E09	MOVWF SYSWORDTEMPB,ACCESS
	K	 0000 1110 KKKK KKKK	39
0016A4	0E27	MOVLW 39
	F	 0110 111A FFFF FFFF	1290
	A	 0110 111A 0000 1010	0
0016A6	6E0A	MOVWF SYSWORDTEMPB_H,ACCESS
	K	 0000 0001 00KK KKKK	0
000000	0100	BANKSEL 0
	N	 1101 1NNN NNNN NNNN	199
0016AA	D8C7	RCALL SYSCOMPLESSTHAN16
	F	 0001 11DA FFFF FFFF	1280
	D	 0001 11DA 0000 0000	1
	A	 0001 111A 0000 0000	0
0016AC	1E00	COMF SYSBYTETEMPX,F,ACCESS
	F	 1010 BBBA FFFF FFFF	1280
	B	 1010 BBBA 0000 0000	0
	A	 1010 000A 0000 0000	0
0016AE	A000	BTFSS SYSBYTETEMPX,0,ACCESS
	N	 1101 0NNN NNNN NNNN	27
0016B0	D01B	BRA ENDIF39
	S	1111 DDDD DDDD DDDD:1100 SSSS SSSS SSSS	1457
	D	1111 DDDD DDDD DDDD:1100 0101 1011 0001	1285
0016B2	C5B1 F505	MOVFF SYSVALTEMP,SYSWORDTEMPA
	S	1111 DDDD DDDD DDDD:1100 SSSS SSSS SSSS	1458
	D	1111 DDDD DDDD DDDD:1100 0101 1011 0010	1286
0016B6	C5B2 F506	MOVFF SYSVALTEMP_H,SYSWORDTEMPA_H
	K	 0000 1110 KKKK KKKK	16
0016BA	0E10	MOVLW 16
	F	 0110 111A FFFF FFFF	1289
	A	 0110 111A 0000 1001	0
0016BC	6E09	MOVWF SYSWORDTEMPB,ACCESS
	K	 0000 1110 KKKK KKKK	39
0016BE	0E27	MOVLW 39
	F	 0110 111A FFFF FFFF	1290
	A	 0110 111A 0000 1010	0
0016C0	6E0A	MOVWF SYSWORDTEMPB_H,ACCESS
	N	 1101 1NNN NNNN NNNN	280
0016C2	D918	RCALL SYSDIVSUB16
	S	1111 DDDD DDDD DDDD:1100 SSSS SSSS SSSS	1285
	D	1111 DDDD DDDD DDDD:1100 0101 0000 0101	1444
0016C4	C505 F5A4	MOVFF SYSWORDTEMPA,SYSSTRDATA
	S	1111 DDDD DDDD DDDD:1100 SSSS SSSS SSSS	1280
	D	1111 DDDD DDDD DDDD:1100 0101 0000 0000	1457
0016C8	C500 F5B1	MOVFF SYSCALCTEMPX,SYSVALTEMP
	S	1111 DDDD DDDD DDDD:1100 SSSS SSSS SSSS	1281
	D	1111 DDDD DDDD DDDD:1100 0101 0000 0001	1458
0016CC	C501 F5B2	MOVFF SYSCALCTEMPX_H,SYSVALTEMP_H
	K	 0000 0001 00KK KKKK	5
000000	0105	BANKSEL SYSCHARCOUNT
	F	 0010 10DA FFFF FFFF	1422
	D	 0010 10DA 1000 1110	1
	A	 0010 101A 1000 1110	1
0016D2	2B8E	INCF SYSCHARCOUNT,F,BANKED
	F	1110 1110 00FF KKKK:1111 00KK KKKK KKKK	0
	K	1110 1110 0000 KKKK:1111 00KK KKKK KKKK	4246
0016D4	EE04 F096	LFSR 0,STR
	F	 0101 00DA FFFF FFFF	1422
	D	 0101 00DA 1000 1110	0
	A	 0101 000A 1000 1110	1
0016D8	518E	MOVF SYSCHARCOUNT,W,BANKED
	F	 0010 01DA FFFF FFFF	1257
	D	 0010 01DA 1110 1001	1
	A	 0010 011A 1110 1001	0
0016DA	26E9	ADDWF AFSR0,F,ACCESS
	K	 0000 1110 KKKK KKKK	0
0016DC	0E00	MOVLW 0
	F	 0010 00DA FFFF FFFF	1258
	D	 0010 00DA 1110 1010	1
	A	 0010 001A 1110 1010	0
0016DE	22EA	ADDWFC AFSR0_H,F,ACCESS
	K	 0000 1110 KKKK KKKK	48
0016E0	0E30	MOVLW 48
	F	 0010 01DA FFFF FFFF	1444
	D	 0010 01DA 1010 0100	0
	A	 0010 010A 1010 0100	1
0016E2	25A4	ADDWF SYSSTRDATA,W,BANKED
	F	 0110 111A FFFF FFFF	1263
	A	 0110 111A 1110 1111	0
0016E4	6EEF	MOVWF INDF0,ACCESS
	N	 1101 0NNN NNNN NNNN	12
0016E6	D00C	BRA SYSVALTHOUSANDS
		ENDIF39
	S	1111 DDDD DDDD DDDD:1100 SSSS SSSS SSSS	1457
	D	1111 DDDD DDDD DDDD:1100 0101 1011 0001	1285
0016E8	C5B1 F505	MOVFF SYSVALTEMP,SYSWORDTEMPA
	S	1111 DDDD DDDD DDDD:1100 SSSS SSSS SSSS	1458
	D	1111 DDDD DDDD DDDD:1100 0101 1011 0010	1286
0016EC	C5B2 F506	MOVFF SYSVALTEMP_H,SYSWORDTEMPA_H
	K	 0000 1110 KKKK KKKK	232
0016F0	0EE8	MOVLW 232
	F	 0110 111A FFFF FFFF	1289
	A	 0110 111A 0000 1001	0
0016F2	6E09	MOVWF SYSWORDTEMPB,ACCESS
	K	 0000 1110 KKKK KKKK	3
0016F4	0E03	MOVLW 3
	F	 0110 111A FFFF FFFF	1290
	A	 0110 111A 0000 1010	0
0016F6	6E0A	MOVWF SYSWORDTEMPB_H,ACCESS
	N	 1101 1NNN NNNN NNNN	160
0016F8	D8A0	RCALL SYSCOMPLESSTHAN16
	F	 0001 11DA FFFF FFFF	1280
	D	 0001 11DA 0000 0000	1
	A	 0001 111A 0000 0000	0
0016FA	1E00	COMF SYSBYTETEMPX,F,ACCESS
	F	 1010 BBBA FFFF FFFF	1280
	B	 1010 BBBA 0000 0000	0
	A	 1010 000A 0000 0000	0
0016FC	A000	BTFSS SYSBYTETEMPX,0,ACCESS
	N	 1101 0NNN NNNN NNNN	28
0016FE	D01C	BRA ENDIF40
		SYSVALTHOUSANDS
	S	1111 DDDD DDDD DDDD:1100 SSSS SSSS SSSS	1457
	D	1111 DDDD DDDD DDDD:1100 0101 1011 0001	1285
001700	C5B1 F505	MOVFF SYSVALTEMP,SYSWORDTEMPA
	S	1111 DDDD DDDD DDDD:1100 SSSS SSSS SSSS	1458
	D	1111 DDDD DDDD DDDD:1100 0101 1011 0010	1286
001704	C5B2 F506	MOVFF SYSVALTEMP_H,SYSWORDTEMPA_H
	K	 0000 1110 KKKK KKKK	232
001708	0EE8	MOVLW 232
	F	 0110 111A FFFF FFFF	1289
	A	 0110 111A 0000 1001	0
00170A	6E09	MOVWF SYSWORDTEMPB,ACCESS
	K	 0000 1110 KKKK KKKK	3
00170C	0E03	MOVLW 3
	F	 0110 111A FFFF FFFF	1290
	A	 0110 111A 0000 1010	0
00170E	6E0A	MOVWF SYSWORDTEMPB_H,ACCESS
	K	 0000 0001 00KK KKKK	0
000000	0100	BANKSEL 0
	N	 1101 1NNN NNNN NNNN	240
001712	D8F0	RCALL SYSDIVSUB16
	S	1111 DDDD DDDD DDDD:1100 SSSS SSSS SSSS	1285
	D	1111 DDDD DDDD DDDD:1100 0101 0000 0101	1444
001714	C505 F5A4	MOVFF SYSWORDTEMPA,SYSSTRDATA
	S	1111 DDDD DDDD DDDD:1100 SSSS SSSS SSSS	1280
	D	1111 DDDD DDDD DDDD:1100 0101 0000 0000	1457
001718	C500 F5B1	MOVFF SYSCALCTEMPX,SYSVALTEMP
	S	1111 DDDD DDDD DDDD:1100 SSSS SSSS SSSS	1281
	D	1111 DDDD DDDD DDDD:1100 0101 0000 0001	1458
00171C	C501 F5B2	MOVFF SYSCALCTEMPX_H,SYSVALTEMP_H
	K	 0000 0001 00KK KKKK	5
000000	0105	BANKSEL SYSCHARCOUNT
	F	 0010 10DA FFFF FFFF	1422
	D	 0010 10DA 1000 1110	1
	A	 0010 101A 1000 1110	1
001722	2B8E	INCF SYSCHARCOUNT,F,BANKED
	F	1110 1110 00FF KKKK:1111 00KK KKKK KKKK	0
	K	1110 1110 0000 KKKK:1111 00KK KKKK KKKK	4246
001724	EE04 F096	LFSR 0,STR
	F	 0101 00DA FFFF FFFF	1422
	D	 0101 00DA 1000 1110	0
	A	 0101 000A 1000 1110	1
001728	518E	MOVF SYSCHARCOUNT,W,BANKED
	F	 0010 01DA FFFF FFFF	1257
	D	 0010 01DA 1110 1001	1
	A	 0010 011A 1110 1001	0
00172A	26E9	ADDWF AFSR0,F,ACCESS
	K	 0000 1110 KKKK KKKK	0
00172C	0E00	MOVLW 0
	F	 0010 00DA FFFF FFFF	1258
	D	 0010 00DA 1110 1010	1
	A	 0010 001A 1110 1010	0
00172E	22EA	ADDWFC AFSR0_H,F,ACCESS
	K	 0000 1110 KKKK KKKK	48
001730	0E30	MOVLW 48
	F	 0010 01DA FFFF FFFF	1444
	D	 0010 01DA 1010 0100	0
	A	 0010 010A 1010 0100	1
001732	25A4	ADDWF SYSSTRDATA,W,BANKED
	F	 0110 111A FFFF FFFF	1263
	A	 0110 111A 1110 1111	0
001734	6EEF	MOVWF INDF0,ACCESS
	N	 1101 0NNN NNNN NNNN	11
001736	D00B	BRA SYSVALHUNDREDS
		ENDIF40
	S	1111 DDDD DDDD DDDD:1100 SSSS SSSS SSSS	1457
	D	1111 DDDD DDDD DDDD:1100 0101 1011 0001	1285
001738	C5B1 F505	MOVFF SYSVALTEMP,SYSWORDTEMPA
	S	1111 DDDD DDDD DDDD:1100 SSSS SSSS SSSS	1458
	D	1111 DDDD DDDD DDDD:1100 0101 1011 0010	1286
00173C	C5B2 F506	MOVFF SYSVALTEMP_H,SYSWORDTEMPA_H
	K	 0000 1110 KKKK KKKK	100
001740	0E64	MOVLW 100
	F	 0110 111A FFFF FFFF	1289
	A	 0110 111A 0000 1001	0
001742	6E09	MOVWF SYSWORDTEMPB,ACCESS
	F	 0110 101A FFFF FFFF	1290
	A	 0110 101A 0000 1010	0
001744	6A0A	CLRF SYSWORDTEMPB_H,ACCESS
	N	 1101 1NNN NNNN NNNN	121
001746	D879	RCALL SYSCOMPLESSTHAN16
	F	 0001 11DA FFFF FFFF	1280
	D	 0001 11DA 0000 0000	1
	A	 0001 111A 0000 0000	0
001748	1E00	COMF SYSBYTETEMPX,F,ACCESS
	F	 1010 BBBA FFFF FFFF	1280
	B	 1010 BBBA 0000 0000	0
	A	 1010 000A 0000 0000	0
00174A	A000	BTFSS SYSBYTETEMPX,0,ACCESS
	N	 1101 0NNN NNNN NNNN	27
00174C	D01B	BRA ENDIF41
		SYSVALHUNDREDS
	S	1111 DDDD DDDD DDDD:1100 SSSS SSSS SSSS	1457
	D	1111 DDDD DDDD DDDD:1100 0101 1011 0001	1285
00174E	C5B1 F505	MOVFF SYSVALTEMP,SYSWORDTEMPA
	S	1111 DDDD DDDD DDDD:1100 SSSS SSSS SSSS	1458
	D	1111 DDDD DDDD DDDD:1100 0101 1011 0010	1286
001752	C5B2 F506	MOVFF SYSVALTEMP_H,SYSWORDTEMPA_H
	K	 0000 1110 KKKK KKKK	100
001756	0E64	MOVLW 100
	F	 0110 111A FFFF FFFF	1289
	A	 0110 111A 0000 1001	0
001758	6E09	MOVWF SYSWORDTEMPB,ACCESS
	F	 0110 101A FFFF FFFF	1290
	A	 0110 101A 0000 1010	0
00175A	6A0A	CLRF SYSWORDTEMPB_H,ACCESS
	K	 0000 0001 00KK KKKK	0
000000	0100	BANKSEL 0
	N	 1101 1NNN NNNN NNNN	202
00175E	D8CA	RCALL SYSDIVSUB16
	S	1111 DDDD DDDD DDDD:1100 SSSS SSSS SSSS	1285
	D	1111 DDDD DDDD DDDD:1100 0101 0000 0101	1444
001760	C505 F5A4	MOVFF SYSWORDTEMPA,SYSSTRDATA
	S	1111 DDDD DDDD DDDD:1100 SSSS SSSS SSSS	1280
	D	1111 DDDD DDDD DDDD:1100 0101 0000 0000	1457
001764	C500 F5B1	MOVFF SYSCALCTEMPX,SYSVALTEMP
	S	1111 DDDD DDDD DDDD:1100 SSSS SSSS SSSS	1281
	D	1111 DDDD DDDD DDDD:1100 0101 0000 0001	1458
001768	C501 F5B2	MOVFF SYSCALCTEMPX_H,SYSVALTEMP_H
	K	 0000 0001 00KK KKKK	5
000000	0105	BANKSEL SYSCHARCOUNT
	F	 0010 10DA FFFF FFFF	1422
	D	 0010 10DA 1000 1110	1
	A	 0010 101A 1000 1110	1
00176E	2B8E	INCF SYSCHARCOUNT,F,BANKED
	F	1110 1110 00FF KKKK:1111 00KK KKKK KKKK	0
	K	1110 1110 0000 KKKK:1111 00KK KKKK KKKK	4246
001770	EE04 F096	LFSR 0,STR
	F	 0101 00DA FFFF FFFF	1422
	D	 0101 00DA 1000 1110	0
	A	 0101 000A 1000 1110	1
001774	518E	MOVF SYSCHARCOUNT,W,BANKED
	F	 0010 01DA FFFF FFFF	1257
	D	 0010 01DA 1110 1001	1
	A	 0010 011A 1110 1001	0
001776	26E9	ADDWF AFSR0,F,ACCESS
	K	 0000 1110 KKKK KKKK	0
001778	0E00	MOVLW 0
	F	 0010 00DA FFFF FFFF	1258
	D	 0010 00DA 1110 1010	1
	A	 0010 001A 1110 1010	0
00177A	22EA	ADDWFC AFSR0_H,F,ACCESS
	K	 0000 1110 KKKK KKKK	48
00177C	0E30	MOVLW 48
	F	 0010 01DA FFFF FFFF	1444
	D	 0010 01DA 1010 0100	0
	A	 0010 010A 1010 0100	1
00177E	25A4	ADDWF SYSSTRDATA,W,BANKED
	F	 0110 111A FFFF FFFF	1263
	A	 0110 111A 1110 1111	0
001780	6EEF	MOVWF INDF0,ACCESS
	N	 1101 0NNN NNNN NNNN	11
001782	D00B	BRA SYSVALTENS
		ENDIF41
	S	1111 DDDD DDDD DDDD:1100 SSSS SSSS SSSS	1457
	D	1111 DDDD DDDD DDDD:1100 0101 1011 0001	1285
001784	C5B1 F505	MOVFF SYSVALTEMP,SYSWORDTEMPA
	S	1111 DDDD DDDD DDDD:1100 SSSS SSSS SSSS	1458
	D	1111 DDDD DDDD DDDD:1100 0101 1011 0010	1286
001788	C5B2 F506	MOVFF SYSVALTEMP_H,SYSWORDTEMPA_H
	K	 0000 1110 KKKK KKKK	10
00178C	0E0A	MOVLW 10
	F	 0110 111A FFFF FFFF	1289
	A	 0110 111A 0000 1001	0
00178E	6E09	MOVWF SYSWORDTEMPB,ACCESS
	F	 0110 101A FFFF FFFF	1290
	A	 0110 101A 0000 1010	0
001790	6A0A	CLRF SYSWORDTEMPB_H,ACCESS
	N	 1101 1NNN NNNN NNNN	83
001792	D853	RCALL SYSCOMPLESSTHAN16
	F	 0001 11DA FFFF FFFF	1280
	D	 0001 11DA 0000 0000	1
	A	 0001 111A 0000 0000	0
001794	1E00	COMF SYSBYTETEMPX,F,ACCESS
	F	 1010 BBBA FFFF FFFF	1280
	B	 1010 BBBA 0000 0000	0
	A	 1010 000A 0000 0000	0
001796	A000	BTFSS SYSBYTETEMPX,0,ACCESS
	N	 1101 0NNN NNNN NNNN	26
001798	D01A	BRA ENDIF42
		SYSVALTENS
	S	1111 DDDD DDDD DDDD:1100 SSSS SSSS SSSS	1457
	D	1111 DDDD DDDD DDDD:1100 0101 1011 0001	1285
00179A	C5B1 F505	MOVFF SYSVALTEMP,SYSWORDTEMPA
	S	1111 DDDD DDDD DDDD:1100 SSSS SSSS SSSS	1458
	D	1111 DDDD DDDD DDDD:1100 0101 1011 0010	1286
00179E	C5B2 F506	MOVFF SYSVALTEMP_H,SYSWORDTEMPA_H
	K	 0000 1110 KKKK KKKK	10
0017A2	0E0A	MOVLW 10
	F	 0110 111A FFFF FFFF	1289
	A	 0110 111A 0000 1001	0
0017A4	6E09	MOVWF SYSWORDTEMPB,ACCESS
	F	 0110 101A FFFF FFFF	1290
	A	 0110 101A 0000 1010	0
0017A6	6A0A	CLRF SYSWORDTEMPB_H,ACCESS
	K	 0000 0001 00KK KKKK	0
000000	0100	BANKSEL 0
	N	 1101 1NNN NNNN NNNN	164
0017AA	D8A4	RCALL SYSDIVSUB16
	S	1111 DDDD DDDD DDDD:1100 SSSS SSSS SSSS	1285
	D	1111 DDDD DDDD DDDD:1100 0101 0000 0101	1444
0017AC	C505 F5A4	MOVFF SYSWORDTEMPA,SYSSTRDATA
	S	1111 DDDD DDDD DDDD:1100 SSSS SSSS SSSS	1280
	D	1111 DDDD DDDD DDDD:1100 0101 0000 0000	1457
0017B0	C500 F5B1	MOVFF SYSCALCTEMPX,SYSVALTEMP
	S	1111 DDDD DDDD DDDD:1100 SSSS SSSS SSSS	1281
	D	1111 DDDD DDDD DDDD:1100 0101 0000 0001	1458
0017B4	C501 F5B2	MOVFF SYSCALCTEMPX_H,SYSVALTEMP_H
	K	 0000 0001 00KK KKKK	5
000000	0105	BANKSEL SYSCHARCOUNT
	F	 0010 10DA FFFF FFFF	1422
	D	 0010 10DA 1000 1110	1
	A	 0010 101A 1000 1110	1
0017BA	2B8E	INCF SYSCHARCOUNT,F,BANKED
	F	1110 1110 00FF KKKK:1111 00KK KKKK KKKK	0
	K	1110 1110 0000 KKKK:1111 00KK KKKK KKKK	4246
0017BC	EE04 F096	LFSR 0,STR
	F	 0101 00DA FFFF FFFF	1422
	D	 0101 00DA 1000 1110	0
	A	 0101 000A 1000 1110	1
0017C0	518E	MOVF SYSCHARCOUNT,W,BANKED
	F	 0010 01DA FFFF FFFF	1257
	D	 0010 01DA 1110 1001	1
	A	 0010 011A 1110 1001	0
0017C2	26E9	ADDWF AFSR0,F,ACCESS
	K	 0000 1110 KKKK KKKK	0
0017C4	0E00	MOVLW 0
	F	 0010 00DA FFFF FFFF	1258
	D	 0010 00DA 1110 1010	1
	A	 0010 001A 1110 1010	0
0017C6	22EA	ADDWFC AFSR0_H,F,ACCESS
	K	 0000 1110 KKKK KKKK	48
0017C8	0E30	MOVLW 48
	F	 0010 01DA FFFF FFFF	1444
	D	 0010 01DA 1010 0100	0
	A	 0010 010A 1010 0100	1
0017CA	25A4	ADDWF SYSSTRDATA,W,BANKED
	F	 0110 111A FFFF FFFF	1263
	A	 0110 111A 1110 1111	0
0017CC	6EEF	MOVWF INDF0,ACCESS
		ENDIF42
	K	 0000 0001 00KK KKKK	5
000000	0105	BANKSEL SYSCHARCOUNT
	F	 0010 10DA FFFF FFFF	1422
	D	 0010 10DA 1000 1110	1
	A	 0010 101A 1000 1110	1
0017D0	2B8E	INCF SYSCHARCOUNT,F,BANKED
	F	1110 1110 00FF KKKK:1111 00KK KKKK KKKK	0
	K	1110 1110 0000 KKKK:1111 00KK KKKK KKKK	4246
0017D2	EE04 F096	LFSR 0,STR
	F	 0101 00DA FFFF FFFF	1422
	D	 0101 00DA 1000 1110	0
	A	 0101 000A 1000 1110	1
0017D6	518E	MOVF SYSCHARCOUNT,W,BANKED
	F	 0010 01DA FFFF FFFF	1257
	D	 0010 01DA 1110 1001	1
	A	 0010 011A 1110 1001	0
0017D8	26E9	ADDWF AFSR0,F,ACCESS
	K	 0000 1110 KKKK KKKK	0
0017DA	0E00	MOVLW 0
	F	 0010 00DA FFFF FFFF	1258
	D	 0010 00DA 1110 1010	1
	A	 0010 001A 1110 1010	0
0017DC	22EA	ADDWFC AFSR0_H,F,ACCESS
	K	 0000 1110 KKKK KKKK	48
0017DE	0E30	MOVLW 48
	F	 0010 01DA FFFF FFFF	1457
	D	 0010 01DA 1011 0001	0
	A	 0010 010A 1011 0001	1
0017E0	25B1	ADDWF SYSVALTEMP,W,BANKED
	F	 0110 111A FFFF FFFF	1263
	A	 0110 111A 1110 1111	0
0017E2	6EEF	MOVWF INDF0,ACCESS
	S	1111 DDDD DDDD DDDD:1100 SSSS SSSS SSSS	1280
	D	1111 DDDD DDDD DDDD:1100 0101 0000 0000	1457
0017E4	C500 F5B1	MOVFF SYSCALCTEMPX,SYSVALTEMP
	S	1111 DDDD DDDD DDDD:1100 SSSS SSSS SSSS	1281
	D	1111 DDDD DDDD DDDD:1100 0101 0000 0001	1458
0017E8	C501 F5B2	MOVFF SYSCALCTEMPX_H,SYSVALTEMP_H
	S	0000 0000 0110 SSSS:1111 SSSS SSSS SSDD:1111 DDDD DDDD DDDD	1422
	D	0000 0000 0110 0001:1111 0110 0011 10DD:1111 DDDD DDDD DDDD	4246
0017EC	0061 F639 F096	MOVFFL SYSCHARCOUNT,SYSSTR_0
	K	 0000 0001 00KK KKKK	0
000000	0100	BANKSEL 0
	S	 0000 0000 0001 001S	0
0017F4	0012	RETURN


		SYSCOMPEQUAL
	F	 0110 100A FFFF FFFF	1280
	A	 0110 100A 0000 0000	0
0017F6	6800	SETF SYSBYTETEMPX,ACCESS
	F	 0101 00DA FFFF FFFF	1289
	D	 0101 00DA 0000 1001	0
	A	 0101 000A 0000 1001	0
0017F8	5009	MOVF SYSBYTETEMPB, W,ACCESS
	F	 0110 001A FFFF FFFF	1285
	A	 0110 001A 0000 0101	0
0017FA	6205	CPFSEQ SYSBYTETEMPA,ACCESS
	F	 0110 101A FFFF FFFF	1280
	A	 0110 101A 0000 0000	0
0017FC	6A00	CLRF SYSBYTETEMPX,ACCESS
	S	 0000 0000 0001 001S	0
0017FE	0012	RETURN


		SYSCOMPEQUAL16
	F	 0110 101A FFFF FFFF	1280
	A	 0110 101A 0000 0000	0
001800	6A00	CLRF SYSBYTETEMPX,ACCESS
	F	 0101 00DA FFFF FFFF	1289
	D	 0101 00DA 0000 1001	0
	A	 0101 000A 0000 1001	0
001802	5009	MOVF SYSWORDTEMPB, W,ACCESS
	F	 0110 001A FFFF FFFF	1285
	A	 0110 001A 0000 0101	0
001804	6205	CPFSEQ SYSWORDTEMPA,ACCESS
	S	 0000 0000 0001 001S	0
001806	0012	RETURN
	F	 0101 00DA FFFF FFFF	1290
	D	 0101 00DA 0000 1010	0
	A	 0101 000A 0000 1010	0
001808	500A	MOVF SYSWORDTEMPB_H, W,ACCESS
	F	 0110 001A FFFF FFFF	1286
	A	 0110 001A 0000 0110	0
00180A	6206	CPFSEQ SYSWORDTEMPA_H,ACCESS
	S	 0000 0000 0001 001S	0
00180C	0012	RETURN
	F	 0110 100A FFFF FFFF	1280
	A	 0110 100A 0000 0000	0
00180E	6800	SETF SYSBYTETEMPX,ACCESS
	S	 0000 0000 0001 001S	0
001810	0012	RETURN


		SYSCOMPEQUAL32
	F	 0110 101A FFFF FFFF	1280
	A	 0110 101A 0000 0000	0
001812	6A00	CLRF SYSBYTETEMPX,ACCESS
	F	 0101 00DA FFFF FFFF	1289
	D	 0101 00DA 0000 1001	0
	A	 0101 000A 0000 1001	0
001814	5009	MOVF SYSLONGTEMPB, W,ACCESS
	F	 0110 001A FFFF FFFF	1285
	A	 0110 001A 0000 0101	0
001816	6205	CPFSEQ SYSLONGTEMPA,ACCESS
	S	 0000 0000 0001 001S	0
001818	0012	RETURN
	F	 0101 00DA FFFF FFFF	1290
	D	 0101 00DA 0000 1010	0
	A	 0101 000A 0000 1010	0
00181A	500A	MOVF SYSLONGTEMPB_H, W,ACCESS
	F	 0110 001A FFFF FFFF	1286
	A	 0110 001A 0000 0110	0
00181C	6206	CPFSEQ SYSLONGTEMPA_H,ACCESS
	S	 0000 0000 0001 001S	0
00181E	0012	RETURN
	F	 0101 00DA FFFF FFFF	1291
	D	 0101 00DA 0000 1011	0
	A	 0101 000A 0000 1011	0
001820	500B	MOVF SYSLONGTEMPB_U, W,ACCESS
	F	 0110 001A FFFF FFFF	1287
	A	 0110 001A 0000 0111	0
001822	6207	CPFSEQ SYSLONGTEMPA_U,ACCESS
	S	 0000 0000 0001 001S	0
001824	0012	RETURN
	F	 0101 00DA FFFF FFFF	1292
	D	 0101 00DA 0000 1100	0
	A	 0101 000A 0000 1100	0
001826	500C	MOVF SYSLONGTEMPB_E, W,ACCESS
	F	 0110 001A FFFF FFFF	1288
	A	 0110 001A 0000 1000	0
001828	6208	CPFSEQ SYSLONGTEMPA_E,ACCESS
	S	 0000 0000 0001 001S	0
00182A	0012	RETURN
	F	 0110 100A FFFF FFFF	1280
	A	 0110 100A 0000 0000	0
00182C	6800	SETF SYSBYTETEMPX,ACCESS
	S	 0000 0000 0001 001S	0
00182E	0012	RETURN


		SYSCOMPLESSTHAN
	F	 0110 100A FFFF FFFF	1280
	A	 0110 100A 0000 0000	0
001830	6800	SETF SYSBYTETEMPX,ACCESS
	F	 0101 00DA FFFF FFFF	1289
	D	 0101 00DA 0000 1001	0
	A	 0101 000A 0000 1001	0
001832	5009	MOVF SYSBYTETEMPB, W,ACCESS
	F	 0110 000A FFFF FFFF	1285
	A	 0110 000A 0000 0101	0
001834	6005	CPFSLT SYSBYTETEMPA,ACCESS
	F	 0110 101A FFFF FFFF	1280
	A	 0110 101A 0000 0000	0
001836	6A00	CLRF SYSBYTETEMPX,ACCESS
	S	 0000 0000 0001 001S	0
001838	0012	RETURN


		SYSCOMPLESSTHAN16
	F	 0110 101A FFFF FFFF	1280
	A	 0110 101A 0000 0000	0
00183A	6A00	CLRF SYSBYTETEMPX,ACCESS
	F	 0101 00DA FFFF FFFF	1286
	D	 0101 00DA 0000 0110	0
	A	 0101 000A 0000 0110	0
00183C	5006	MOVF SYSWORDTEMPA_H,W,ACCESS
	F	 0101 11DA FFFF FFFF	1290
	D	 0101 11DA 0000 1010	0
	A	 0101 110A 0000 1010	0
00183E	5C0A	SUBWF SYSWORDTEMPB_H,W,ACCESS
	F	 1010 BBBA FFFF FFFF	1240
	B	 1010 BBBA 1101 1000	0
	A	 1010 000A 1101 1000	0
001840	A0D8	BTFSS STATUS,C,ACCESS
	S	 0000 0000 0001 001S	0
001842	0012	RETURN
	F	 0101 00DA FFFF FFFF	1290
	D	 0101 00DA 0000 1010	0
	A	 0101 000A 0000 1010	0
001844	500A	MOVF SYSWORDTEMPB_H,W,ACCESS
	F	 0101 11DA FFFF FFFF	1286
	D	 0101 11DA 0000 0110	0
	A	 0101 110A 0000 0110	0
001846	5C06	SUBWF SYSWORDTEMPA_H,W,ACCESS
	N	 1110 0011 NNNN NNNN	4
001848	E304	BNC SCLT16TRUE
	F	 0101 00DA FFFF FFFF	1289
	D	 0101 00DA 0000 1001	0
	A	 0101 000A 0000 1001	0
00184A	5009	MOVF SYSWORDTEMPB,W,ACCESS
	F	 0101 11DA FFFF FFFF	1285
	D	 0101 11DA 0000 0101	0
	A	 0101 110A 0000 0101	0
00184C	5C05	SUBWF SYSWORDTEMPA,W,ACCESS
	F	 1011 BBBA FFFF FFFF	1240
	B	 1011 BBBA 1101 1000	0
	A	 1011 000A 1101 1000	0
00184E	B0D8	BTFSC STATUS,C,ACCESS
	S	 0000 0000 0001 001S	0
001850	0012	RETURN
		SCLT16TRUE
	F	 0001 11DA FFFF FFFF	1280
	D	 0001 11DA 0000 0000	1
	A	 0001 111A 0000 0000	0
001852	1E00	COMF SYSBYTETEMPX,F,ACCESS
	S	 0000 0000 0001 001S	0
001854	0012	RETURN


		SYSCOMPLESSTHAN32
	F	 0110 101A FFFF FFFF	1280
	A	 0110 101A 0000 0000	0
001856	6A00	CLRF SYSBYTETEMPX,ACCESS
	F	 0101 00DA FFFF FFFF	1288
	D	 0101 00DA 0000 1000	0
	A	 0101 000A 0000 1000	0
001858	5008	MOVF SYSLONGTEMPA_E,W,ACCESS
	F	 0101 11DA FFFF FFFF	1292
	D	 0101 11DA 0000 1100	0
	A	 0101 110A 0000 1100	0
00185A	5C0C	SUBWF SYSLONGTEMPB_E,W,ACCESS
	F	 1010 BBBA FFFF FFFF	1240
	B	 1010 BBBA 1101 1000	0
	A	 1010 000A 1101 1000	0
00185C	A0D8	BTFSS STATUS,C,ACCESS
	S	 0000 0000 0001 001S	0
00185E	0012	RETURN
	N	 1110 0001 NNNN NNNN	14
001860	E10E	BNZ SCLT32TRUE
	F	 0101 00DA FFFF FFFF	1287
	D	 0101 00DA 0000 0111	0
	A	 0101 000A 0000 0111	0
001862	5007	MOVF SYSLONGTEMPA_U,W,ACCESS
	F	 0101 11DA FFFF FFFF	1291
	D	 0101 11DA 0000 1011	0
	A	 0101 110A 0000 1011	0
001864	5C0B	SUBWF SYSLONGTEMPB_U,W,ACCESS
	F	 1010 BBBA FFFF FFFF	1240
	B	 1010 BBBA 1101 1000	0
	A	 1010 000A 1101 1000	0
001866	A0D8	BTFSS STATUS,C,ACCESS
	S	 0000 0000 0001 001S	0
001868	0012	RETURN
	N	 1110 0001 NNNN NNNN	9
00186A	E109	BNZ SCLT32TRUE
	F	 0101 00DA FFFF FFFF	1286
	D	 0101 00DA 0000 0110	0
	A	 0101 000A 0000 0110	0
00186C	5006	MOVF SYSLONGTEMPA_H,W,ACCESS
	F	 0101 11DA FFFF FFFF	1290
	D	 0101 11DA 0000 1010	0
	A	 0101 110A 0000 1010	0
00186E	5C0A	SUBWF SYSLONGTEMPB_H,W,ACCESS
	F	 1010 BBBA FFFF FFFF	1240
	B	 1010 BBBA 1101 1000	0
	A	 1010 000A 1101 1000	0
001870	A0D8	BTFSS STATUS,C,ACCESS
	S	 0000 0000 0001 001S	0
001872	0012	RETURN
	N	 1110 0001 NNNN NNNN	4
001874	E104	BNZ SCLT32TRUE
	F	 0101 00DA FFFF FFFF	1289
	D	 0101 00DA 0000 1001	0
	A	 0101 000A 0000 1001	0
001876	5009	MOVF SYSLONGTEMPB,W,ACCESS
	F	 0101 11DA FFFF FFFF	1285
	D	 0101 11DA 0000 0101	0
	A	 0101 110A 0000 0101	0
001878	5C05	SUBWF SYSLONGTEMPA,W,ACCESS
	F	 1011 BBBA FFFF FFFF	1240
	B	 1011 BBBA 1101 1000	0
	A	 1011 000A 1101 1000	0
00187A	B0D8	BTFSC STATUS,C,ACCESS
	S	 0000 0000 0001 001S	0
00187C	0012	RETURN
		SCLT32TRUE
	F	 0001 11DA FFFF FFFF	1280
	D	 0001 11DA 0000 0000	1
	A	 0001 111A 0000 0000	0
00187E	1E00	COMF SYSBYTETEMPX,F,ACCESS
	S	 0000 0000 0001 001S	0
001880	0012	RETURN


		SYSCOMPLESSTHANINT
	F	 0110 101A FFFF FFFF	1280
	A	 0110 101A 0000 0000	0
001882	6A00	CLRF SYSBYTETEMPX,ACCESS
	F	 1010 BBBA FFFF FFFF	1286
	B	 1010 BBBA 0000 0110	7
	A	 1010 111A 0000 0110	0
001884	AE06	BTFSS SYSINTEGERTEMPA_H,7,ACCESS
	N	 1101 0NNN NNNN NNNN	23
001886	D017	BRA ELSE36_1
	F	 1011 BBBA FFFF FFFF	1290
	B	 1011 BBBA 0000 1010	7
	A	 1011 111A 0000 1010	0
001888	BE0A	BTFSC SYSINTEGERTEMPB_H,7,ACCESS
	N	 1101 0NNN NNNN NNNN	2
00188A	D002	BRA ENDIF37
	F	 0001 11DA FFFF FFFF	1280
	D	 0001 11DA 0000 0000	1
	A	 0001 111A 0000 0000	0
00188C	1E00	COMF SYSBYTETEMPX,F,ACCESS
	S	 0000 0000 0001 001S	0
00188E	0012	RETURN
		ENDIF37
	F	 0001 11DA FFFF FFFF	1285
	D	 0001 11DA 0000 0101	0
	A	 0001 110A 0000 0101	0
001890	1C05	COMF SYSINTEGERTEMPA,W,ACCESS
	F	 0110 111A FFFF FFFF	1287
	A	 0110 111A 0000 0111	0
001892	6E07	MOVWF SYSDIVMULTA,ACCESS
	F	 0001 11DA FFFF FFFF	1286
	D	 0001 11DA 0000 0110	0
	A	 0001 110A 0000 0110	0
001894	1C06	COMF SYSINTEGERTEMPA_H,W,ACCESS
	F	 0110 111A FFFF FFFF	1288
	A	 0110 111A 0000 1000	0
001896	6E08	MOVWF SYSDIVMULTA_H,ACCESS
	F	 0010 10DA FFFF FFFF	1287
	D	 0010 10DA 0000 0111	1
	A	 0010 101A 0000 0111	0
001898	2A07	INCF SYSDIVMULTA,F,ACCESS
	F	 1011 BBBA FFFF FFFF	1240
	B	 1011 BBBA 1101 1000	2
	A	 1011 010A 1101 1000	0
00189A	B4D8	BTFSC STATUS,Z,ACCESS
	F	 0010 10DA FFFF FFFF	1288
	D	 0010 10DA 0000 1000	1
	A	 0010 101A 0000 1000	0
00189C	2A08	INCF SYSDIVMULTA_H,F,ACCESS
	F	 0001 11DA FFFF FFFF	1289
	D	 0001 11DA 0000 1001	0
	A	 0001 110A 0000 1001	0
00189E	1C09	COMF SYSINTEGERTEMPB,W,ACCESS
	F	 0110 111A FFFF FFFF	1285
	A	 0110 111A 0000 0101	0
0018A0	6E05	MOVWF SYSINTEGERTEMPA,ACCESS
	F	 0001 11DA FFFF FFFF	1290
	D	 0001 11DA 0000 1010	0
	A	 0001 110A 0000 1010	0
0018A2	1C0A	COMF SYSINTEGERTEMPB_H,W,ACCESS
	F	 0110 111A FFFF FFFF	1286
	A	 0110 111A 0000 0110	0
0018A4	6E06	MOVWF SYSINTEGERTEMPA_H,ACCESS
	F	 0010 10DA FFFF FFFF	1285
	D	 0010 10DA 0000 0101	1
	A	 0010 101A 0000 0101	0
0018A6	2A05	INCF SYSINTEGERTEMPA,F,ACCESS
	F	 1011 BBBA FFFF FFFF	1240
	B	 1011 BBBA 1101 1000	2
	A	 1011 010A 1101 1000	0
0018A8	B4D8	BTFSC STATUS,Z,ACCESS
	F	 0010 10DA FFFF FFFF	1286
	D	 0010 10DA 0000 0110	1
	A	 0010 101A 0000 0110	0
0018AA	2A06	INCF SYSINTEGERTEMPA_H,F,ACCESS
	S	1111 DDDD DDDD DDDD:1100 SSSS SSSS SSSS	1287
	D	1111 DDDD DDDD DDDD:1100 0101 0000 0111	1289
0018AC	C507 F509	MOVFF SYSDIVMULTA,SYSINTEGERTEMPB
	S	1111 DDDD DDDD DDDD:1100 SSSS SSSS SSSS	1288
	D	1111 DDDD DDDD DDDD:1100 0101 0000 1000	1290
0018B0	C508 F50A	MOVFF SYSDIVMULTA_H,SYSINTEGERTEMPB_H
	N	 1101 0NNN NNNN NNNN	2
0018B4	D002	BRA ENDIF36
		ELSE36_1
	F	 1011 BBBA FFFF FFFF	1290
	B	 1011 BBBA 0000 1010	7
	A	 1011 111A 0000 1010	0
0018B6	BE0A	BTFSC SYSINTEGERTEMPB_H,7,ACCESS
	S	 0000 0000 0001 001S	0
0018B8	0012	RETURN
		ENDIF36
	F	 0101 00DA FFFF FFFF	1286
	D	 0101 00DA 0000 0110	0
	A	 0101 000A 0000 0110	0
0018BA	5006	MOVF SYSINTEGERTEMPA_H,W,ACCESS
	F	 0101 11DA FFFF FFFF	1290
	D	 0101 11DA 0000 1010	0
	A	 0101 110A 0000 1010	0
0018BC	5C0A	SUBWF SYSINTEGERTEMPB_H,W,ACCESS
	F	 1010 BBBA FFFF FFFF	1240
	B	 1010 BBBA 1101 1000	0
	A	 1010 000A 1101 1000	0
0018BE	A0D8	BTFSS STATUS,C,ACCESS
	S	 0000 0000 0001 001S	0
0018C0	0012	RETURN
	F	 0101 00DA FFFF FFFF	1290
	D	 0101 00DA 0000 1010	0
	A	 0101 000A 0000 1010	0
0018C2	500A	MOVF SYSINTEGERTEMPB_H,W,ACCESS
	F	 0101 11DA FFFF FFFF	1286
	D	 0101 11DA 0000 0110	0
	A	 0101 110A 0000 0110	0
0018C4	5C06	SUBWF SYSINTEGERTEMPA_H,W,ACCESS
	N	 1110 0011 NNNN NNNN	4
0018C6	E304	BNC SCLTINTTRUE
	F	 0101 00DA FFFF FFFF	1289
	D	 0101 00DA 0000 1001	0
	A	 0101 000A 0000 1001	0
0018C8	5009	MOVF SYSINTEGERTEMPB,W,ACCESS
	F	 0101 11DA FFFF FFFF	1285
	D	 0101 11DA 0000 0101	0
	A	 0101 110A 0000 0101	0
0018CA	5C05	SUBWF SYSINTEGERTEMPA,W,ACCESS
	F	 1011 BBBA FFFF FFFF	1240
	B	 1011 BBBA 1101 1000	0
	A	 1011 000A 1101 1000	0
0018CC	B0D8	BTFSC STATUS,C,ACCESS
	S	 0000 0000 0001 001S	0
0018CE	0012	RETURN
		SCLTINTTRUE
	F	 0001 11DA FFFF FFFF	1280
	D	 0001 11DA 0000 0000	1
	A	 0001 111A 0000 0000	0
0018D0	1E00	COMF SYSBYTETEMPX,F,ACCESS
	S	 0000 0000 0001 001S	0
0018D2	0012	RETURN


		SYSCOPYSTRING
	S	1111 DDDD DDDD DDDD:1100 SSSS SSSS SSSS	1263
	D	1111 DDDD DDDD DDDD:1100 0100 1110 1111	1285
0018D4	C4EF F505	MOVFF INDF0, SYSCALCTEMPA
	S	1111 DDDD DDDD DDDD:1100 SSSS SSSS SSSS	1285
	D	1111 DDDD DDDD DDDD:1100 0101 0000 0101	1255
0018D8	C505 F4E7	MOVFF SYSCALCTEMPA, INDF1
	N	 1101 0NNN NNNN NNNN	3
0018DC	D003	BRA SYSCOPYSTRINGCHECK
		SYSCOPYSTRINGPART
	F	 0101 00DA FFFF FFFF	1263
	D	 0101 00DA 1110 1111	0
	A	 0101 000A 1110 1111	0
0018DE	50EF	MOVF INDF0, W,ACCESS
	F	 0110 111A FFFF FFFF	1285
	A	 0110 111A 0000 0101	0
0018E0	6E05	MOVWF SYSCALCTEMPA,ACCESS
	F	 0010 01DA FFFF FFFF	1286
	D	 0010 01DA 0000 0110	1
	A	 0010 011A 0000 0110	0
0018E2	2606	ADDWF SYSSTRINGLENGTH, F,ACCESS
		SYSCOPYSTRINGCHECK
	F	 0101 00DA FFFF FFFF	1285
	D	 0101 00DA 0000 0101	1
	A	 0101 001A 0000 0101	0
0018E4	5205	MOVF SYSCALCTEMPA,F,ACCESS
	F	 1011 BBBA FFFF FFFF	1240
	B	 1011 BBBA 1101 1000	2
	A	 1011 010A 1101 1000	0
0018E6	B4D8	BTFSC STATUS,Z,ACCESS
	S	 0000 0000 0001 001S	0
0018E8	0012	RETURN
		SYSSTRINGCOPY
	S	1111 DDDD DDDD DDDD:1100 SSSS SSSS SSSS	1260
	D	1111 DDDD DDDD DDDD:1100 0100 1110 1100	1252
0018EA	C4EC F4E4	MOVFF PREINC0, PREINC1
	F	 0010 11DA FFFF FFFF	1285
	D	 0010 11DA 0000 0101	1
	A	 0010 111A 0000 0101	0
0018EE	2E05	DECFSZ SYSCALCTEMPA, F,ACCESS
	N	 1101 0NNN NNNN NNNN	2044
0018F0	D7FC	BRA SYSSTRINGCOPY
	S	 0000 0000 0001 001S	0
0018F2	0012	RETURN


		SYSDIVSUB16
	S	1111 DDDD DDDD DDDD:1100 SSSS SSSS SSSS	1285
	D	1111 DDDD DDDD DDDD:1100 0101 0000 0101	1287
0018F4	C505 F507	MOVFF SYSWORDTEMPA,SYSDIVMULTA
	S	1111 DDDD DDDD DDDD:1100 SSSS SSSS SSSS	1286
	D	1111 DDDD DDDD DDDD:1100 0101 0000 0110	1288
0018F8	C506 F508	MOVFF SYSWORDTEMPA_H,SYSDIVMULTA_H
	S	1111 DDDD DDDD DDDD:1100 SSSS SSSS SSSS	1289
	D	1111 DDDD DDDD DDDD:1100 0101 0000 1001	1291
0018FC	C509 F50B	MOVFF SYSWORDTEMPB,SYSDIVMULTB
	S	1111 DDDD DDDD DDDD:1100 SSSS SSSS SSSS	1290
	D	1111 DDDD DDDD DDDD:1100 0101 0000 1010	1292
001900	C50A F50C	MOVFF SYSWORDTEMPB_H,SYSDIVMULTB_H
	F	 0110 101A FFFF FFFF	1282
	A	 0110 101A 0000 0010	0
001904	6A02	CLRF SYSDIVMULTX,ACCESS
	F	 0110 101A FFFF FFFF	1283
	A	 0110 101A 0000 0011	0
001906	6A03	CLRF SYSDIVMULTX_H,ACCESS
	S	1111 DDDD DDDD DDDD:1100 SSSS SSSS SSSS	1291
	D	1111 DDDD DDDD DDDD:1100 0101 0000 1011	1285
001908	C50B F505	MOVFF SYSDIVMULTB,SYSWORDTEMPA
	S	1111 DDDD DDDD DDDD:1100 SSSS SSSS SSSS	1292
	D	1111 DDDD DDDD DDDD:1100 0101 0000 1100	1286
00190C	C50C F506	MOVFF SYSDIVMULTB_H,SYSWORDTEMPA_H
	F	 0110 101A FFFF FFFF	1289
	A	 0110 101A 0000 1001	0
001910	6A09	CLRF SYSWORDTEMPB,ACCESS
	F	 0110 101A FFFF FFFF	1290
	A	 0110 101A 0000 1010	0
001912	6A0A	CLRF SYSWORDTEMPB_H,ACCESS
	N	 1101 1NNN NNNN NNNN	1909
001914	DF75	RCALL SYSCOMPEQUAL16
	F	 1010 BBBA FFFF FFFF	1280
	B	 1010 BBBA 0000 0000	0
	A	 1010 000A 0000 0000	0
001916	A000	BTFSS SYSBYTETEMPX,0,ACCESS
	N	 1101 0NNN NNNN NNNN	3
001918	D003	BRA ENDIF29
	F	 0110 101A FFFF FFFF	1285
	A	 0110 101A 0000 0101	0
00191A	6A05	CLRF SYSWORDTEMPA,ACCESS
	F	 0110 101A FFFF FFFF	1286
	A	 0110 101A 0000 0110	0
00191C	6A06	CLRF SYSWORDTEMPA_H,ACCESS
	S	 0000 0000 0001 001S	0
00191E	0012	RETURN
		ENDIF29
	K	 0000 1110 KKKK KKKK	16
001920	0E10	MOVLW 16
	F	 0110 111A FFFF FFFF	1284
	A	 0110 111A 0000 0100	0
001922	6E04	MOVWF SYSDIVLOOP,ACCESS
		SYSDIV16START
	F	 1001 BBBA FFFF FFFF	1240
	B	 1001 BBBA 1101 1000	0
	A	 1001 000A 1101 1000	0
001924	90D8	BCF STATUS,C,ACCESS
	F	 0011 01DA FFFF FFFF	1287
	D	 0011 01DA 0000 0111	1
	A	 0011 011A 0000 0111	0
001926	3607	RLCF SYSDIVMULTA,F,ACCESS
	F	 0011 01DA FFFF FFFF	1288
	D	 0011 01DA 0000 1000	1
	A	 0011 011A 0000 1000	0
001928	3608	RLCF SYSDIVMULTA_H,F,ACCESS
	F	 0011 01DA FFFF FFFF	1282
	D	 0011 01DA 0000 0010	1
	A	 0011 011A 0000 0010	0
00192A	3602	RLCF SYSDIVMULTX,F,ACCESS
	F	 0011 01DA FFFF FFFF	1283
	D	 0011 01DA 0000 0011	1
	A	 0011 011A 0000 0011	0
00192C	3603	RLCF SYSDIVMULTX_H,F,ACCESS
	F	 0101 00DA FFFF FFFF	1291
	D	 0101 00DA 0000 1011	0
	A	 0101 000A 0000 1011	0
00192E	500B	MOVF SYSDIVMULTB,W,ACCESS
	F	 0101 11DA FFFF FFFF	1282
	D	 0101 11DA 0000 0010	1
	A	 0101 111A 0000 0010	0
001930	5E02	SUBWF SYSDIVMULTX,F,ACCESS
	F	 0101 00DA FFFF FFFF	1292
	D	 0101 00DA 0000 1100	0
	A	 0101 000A 0000 1100	0
001932	500C	MOVF SYSDIVMULTB_H,W,ACCESS
	F	 0101 10DA FFFF FFFF	1283
	D	 0101 10DA 0000 0011	1
	A	 0101 101A 0000 0011	0
001934	5A03	SUBWFB SYSDIVMULTX_H,F,ACCESS
	F	 1000 BBBA FFFF FFFF	1287
	B	 1000 BBBA 0000 0111	0
	A	 1000 000A 0000 0111	0
001936	8007	BSF SYSDIVMULTA,0,ACCESS
	F	 1011 BBBA FFFF FFFF	1240
	B	 1011 BBBA 1101 1000	0
	A	 1011 000A 1101 1000	0
001938	B0D8	BTFSC STATUS,C,ACCESS
	N	 1101 0NNN NNNN NNNN	5
00193A	D005	BRA ENDIF30
	F	 1001 BBBA FFFF FFFF	1287
	B	 1001 BBBA 0000 0111	0
	A	 1001 000A 0000 0111	0
00193C	9007	BCF SYSDIVMULTA,0,ACCESS
	F	 0101 00DA FFFF FFFF	1291
	D	 0101 00DA 0000 1011	0
	A	 0101 000A 0000 1011	0
00193E	500B	MOVF SYSDIVMULTB,W,ACCESS
	F	 0010 01DA FFFF FFFF	1282
	D	 0010 01DA 0000 0010	1
	A	 0010 011A 0000 0010	0
001940	2602	ADDWF SYSDIVMULTX,F,ACCESS
	F	 0101 00DA FFFF FFFF	1292
	D	 0101 00DA 0000 1100	0
	A	 0101 000A 0000 1100	0
001942	500C	MOVF SYSDIVMULTB_H,W,ACCESS
	F	 0010 00DA FFFF FFFF	1283
	D	 0010 00DA 0000 0011	1
	A	 0010 001A 0000 0011	0
001944	2203	ADDWFC SYSDIVMULTX_H,F,ACCESS
		ENDIF30
	F	 0010 11DA FFFF FFFF	1284
	D	 0010 11DA 0000 0100	1
	A	 0010 111A 0000 0100	0
001946	2E04	DECFSZ SYSDIVLOOP, F,ACCESS
	N	 1101 0NNN NNNN NNNN	2029
001948	D7ED	BRA SYSDIV16START
	S	1111 DDDD DDDD DDDD:1100 SSSS SSSS SSSS	1287
	D	1111 DDDD DDDD DDDD:1100 0101 0000 0111	1285
00194A	C507 F505	MOVFF SYSDIVMULTA,SYSWORDTEMPA
	S	1111 DDDD DDDD DDDD:1100 SSSS SSSS SSSS	1288
	D	1111 DDDD DDDD DDDD:1100 0101 0000 1000	1286
00194E	C508 F506	MOVFF SYSDIVMULTA_H,SYSWORDTEMPA_H
	S	1111 DDDD DDDD DDDD:1100 SSSS SSSS SSSS	1282
	D	1111 DDDD DDDD DDDD:1100 0101 0000 0010	1280
001952	C502 F500	MOVFF SYSDIVMULTX,SYSWORDTEMPX
	S	1111 DDDD DDDD DDDD:1100 SSSS SSSS SSSS	1283
	D	1111 DDDD DDDD DDDD:1100 0101 0000 0011	1281
001956	C503 F501	MOVFF SYSDIVMULTX_H,SYSWORDTEMPX_H
	S	 0000 0000 0001 001S	0
00195A	0012	RETURN


		SYSDIVSUB32
	S	1111 DDDD DDDD DDDD:1100 SSSS SSSS SSSS	1285
	D	1111 DDDD DDDD DDDD:1100 0101 0000 0101	1430
00195C	C505 F596	MOVFF SYSLONGTEMPA,SYSLONGDIVMULTA
	S	1111 DDDD DDDD DDDD:1100 SSSS SSSS SSSS	1286
	D	1111 DDDD DDDD DDDD:1100 0101 0000 0110	1431
001960	C506 F597	MOVFF SYSLONGTEMPA_H,SYSLONGDIVMULTA_H
	S	1111 DDDD DDDD DDDD:1100 SSSS SSSS SSSS	1287
	D	1111 DDDD DDDD DDDD:1100 0101 0000 0111	1432
001964	C507 F598	MOVFF SYSLONGTEMPA_U,SYSLONGDIVMULTA_U
	S	1111 DDDD DDDD DDDD:1100 SSSS SSSS SSSS	1288
	D	1111 DDDD DDDD DDDD:1100 0101 0000 1000	1433
001968	C508 F599	MOVFF SYSLONGTEMPA_E,SYSLONGDIVMULTA_E
	S	1111 DDDD DDDD DDDD:1100 SSSS SSSS SSSS	1289
	D	1111 DDDD DDDD DDDD:1100 0101 0000 1001	1434
00196C	C509 F59A	MOVFF SYSLONGTEMPB,SYSLONGDIVMULTB
	S	1111 DDDD DDDD DDDD:1100 SSSS SSSS SSSS	1290
	D	1111 DDDD DDDD DDDD:1100 0101 0000 1010	1435
001970	C50A F59B	MOVFF SYSLONGTEMPB_H,SYSLONGDIVMULTB_H
	S	1111 DDDD DDDD DDDD:1100 SSSS SSSS SSSS	1291
	D	1111 DDDD DDDD DDDD:1100 0101 0000 1011	1436
001974	C50B F59C	MOVFF SYSLONGTEMPB_U,SYSLONGDIVMULTB_U
	S	1111 DDDD DDDD DDDD:1100 SSSS SSSS SSSS	1292
	D	1111 DDDD DDDD DDDD:1100 0101 0000 1100	1437
001978	C50C F59D	MOVFF SYSLONGTEMPB_E,SYSLONGDIVMULTB_E
	K	 0000 0001 00KK KKKK	5
000000	0105	BANKSEL SYSLONGDIVMULTX
	F	 0110 101A FFFF FFFF	1438
	A	 0110 101A 1001 1110	1
00197E	6B9E	CLRF SYSLONGDIVMULTX,BANKED
	F	 0110 101A FFFF FFFF	1439
	A	 0110 101A 1001 1111	1
001980	6B9F	CLRF SYSLONGDIVMULTX_H,BANKED
	F	 0110 101A FFFF FFFF	1440
	A	 0110 101A 1010 0000	1
001982	6BA0	CLRF SYSLONGDIVMULTX_U,BANKED
	F	 0110 101A FFFF FFFF	1441
	A	 0110 101A 1010 0001	1
001984	6BA1	CLRF SYSLONGDIVMULTX_E,BANKED
	S	1111 DDDD DDDD DDDD:1100 SSSS SSSS SSSS	1434
	D	1111 DDDD DDDD DDDD:1100 0101 1001 1010	1285
001986	C59A F505	MOVFF SYSLONGDIVMULTB,SYSLONGTEMPA
	S	1111 DDDD DDDD DDDD:1100 SSSS SSSS SSSS	1435
	D	1111 DDDD DDDD DDDD:1100 0101 1001 1011	1286
00198A	C59B F506	MOVFF SYSLONGDIVMULTB_H,SYSLONGTEMPA_H
	S	1111 DDDD DDDD DDDD:1100 SSSS SSSS SSSS	1436
	D	1111 DDDD DDDD DDDD:1100 0101 1001 1100	1287
00198E	C59C F507	MOVFF SYSLONGDIVMULTB_U,SYSLONGTEMPA_U
	S	1111 DDDD DDDD DDDD:1100 SSSS SSSS SSSS	1437
	D	1111 DDDD DDDD DDDD:1100 0101 1001 1101	1288
001992	C59D F508	MOVFF SYSLONGDIVMULTB_E,SYSLONGTEMPA_E
	F	 0110 101A FFFF FFFF	1289
	A	 0110 101A 0000 1001	0
001996	6A09	CLRF SYSLONGTEMPB,ACCESS
	F	 0110 101A FFFF FFFF	1290
	A	 0110 101A 0000 1010	0
001998	6A0A	CLRF SYSLONGTEMPB_H,ACCESS
	F	 0110 101A FFFF FFFF	1291
	A	 0110 101A 0000 1011	0
00199A	6A0B	CLRF SYSLONGTEMPB_U,ACCESS
	F	 0110 101A FFFF FFFF	1292
	A	 0110 101A 0000 1100	0
00199C	6A0C	CLRF SYSLONGTEMPB_E,ACCESS
	K	 0000 0001 00KK KKKK	0
000000	0100	BANKSEL 0
	N	 1101 1NNN NNNN NNNN	1848
0019A0	DF38	RCALL SYSCOMPEQUAL32
	F	 1010 BBBA FFFF FFFF	1280
	B	 1010 BBBA 0000 0000	0
	A	 1010 000A 0000 0000	0
0019A2	A000	BTFSS SYSBYTETEMPX,0,ACCESS
	N	 1101 0NNN NNNN NNNN	5
0019A4	D005	BRA ENDIF34
	F	 0110 101A FFFF FFFF	1285
	A	 0110 101A 0000 0101	0
0019A6	6A05	CLRF SYSLONGTEMPA,ACCESS
	F	 0110 101A FFFF FFFF	1286
	A	 0110 101A 0000 0110	0
0019A8	6A06	CLRF SYSLONGTEMPA_H,ACCESS
	F	 0110 101A FFFF FFFF	1287
	A	 0110 101A 0000 0111	0
0019AA	6A07	CLRF SYSLONGTEMPA_U,ACCESS
	F	 0110 101A FFFF FFFF	1288
	A	 0110 101A 0000 1000	0
0019AC	6A08	CLRF SYSLONGTEMPA_E,ACCESS
	S	 0000 0000 0001 001S	0
0019AE	0012	RETURN
		ENDIF34
	K	 0000 1110 KKKK KKKK	32
0019B0	0E20	MOVLW 32
	F	 0110 111A FFFF FFFF	1284
	A	 0110 111A 0000 0100	0
0019B2	6E04	MOVWF SYSDIVLOOP,ACCESS
		SYSDIV32START
	F	 1001 BBBA FFFF FFFF	1240
	B	 1001 BBBA 1101 1000	0
	A	 1001 000A 1101 1000	0
0019B4	90D8	BCF STATUS,C,ACCESS
	K	 0000 0001 00KK KKKK	5
000000	0105	BANKSEL SYSLONGDIVMULTA
	F	 0011 01DA FFFF FFFF	1430
	D	 0011 01DA 1001 0110	1
	A	 0011 011A 1001 0110	1
0019B8	3796	RLCF SYSLONGDIVMULTA,F,BANKED
	F	 0011 01DA FFFF FFFF	1431
	D	 0011 01DA 1001 0111	1
	A	 0011 011A 1001 0111	1
0019BA	3797	RLCF SYSLONGDIVMULTA_H,F,BANKED
	F	 0011 01DA FFFF FFFF	1432
	D	 0011 01DA 1001 1000	1
	A	 0011 011A 1001 1000	1
0019BC	3798	RLCF SYSLONGDIVMULTA_U,F,BANKED
	F	 0011 01DA FFFF FFFF	1433
	D	 0011 01DA 1001 1001	1
	A	 0011 011A 1001 1001	1
0019BE	3799	RLCF SYSLONGDIVMULTA_E,F,BANKED
	F	 0011 01DA FFFF FFFF	1438
	D	 0011 01DA 1001 1110	1
	A	 0011 011A 1001 1110	1
0019C0	379E	RLCF SYSLONGDIVMULTX,F,BANKED
	F	 0011 01DA FFFF FFFF	1439
	D	 0011 01DA 1001 1111	1
	A	 0011 011A 1001 1111	1
0019C2	379F	RLCF SYSLONGDIVMULTX_H,F,BANKED
	F	 0011 01DA FFFF FFFF	1440
	D	 0011 01DA 1010 0000	1
	A	 0011 011A 1010 0000	1
0019C4	37A0	RLCF SYSLONGDIVMULTX_U,F,BANKED
	F	 0011 01DA FFFF FFFF	1441
	D	 0011 01DA 1010 0001	1
	A	 0011 011A 1010 0001	1
0019C6	37A1	RLCF SYSLONGDIVMULTX_E,F,BANKED
	F	 0101 00DA FFFF FFFF	1434
	D	 0101 00DA 1001 1010	0
	A	 0101 000A 1001 1010	1
0019C8	519A	MOVF SYSLONGDIVMULTB,W,BANKED
	F	 0101 11DA FFFF FFFF	1438
	D	 0101 11DA 1001 1110	1
	A	 0101 111A 1001 1110	1
0019CA	5F9E	SUBWF SYSLONGDIVMULTX,F,BANKED
	F	 0101 00DA FFFF FFFF	1435
	D	 0101 00DA 1001 1011	0
	A	 0101 000A 1001 1011	1
0019CC	519B	MOVF SYSLONGDIVMULTB_H,W,BANKED
	F	 0101 10DA FFFF FFFF	1439
	D	 0101 10DA 1001 1111	1
	A	 0101 101A 1001 1111	1
0019CE	5B9F	SUBWFB SYSLONGDIVMULTX_H,F,BANKED
	F	 0101 00DA FFFF FFFF	1436
	D	 0101 00DA 1001 1100	0
	A	 0101 000A 1001 1100	1
0019D0	519C	MOVF SYSLONGDIVMULTB_U,W,BANKED
	F	 0101 10DA FFFF FFFF	1440
	D	 0101 10DA 1010 0000	1
	A	 0101 101A 1010 0000	1
0019D2	5BA0	SUBWFB SYSLONGDIVMULTX_U,F,BANKED
	F	 0101 00DA FFFF FFFF	1437
	D	 0101 00DA 1001 1101	0
	A	 0101 000A 1001 1101	1
0019D4	519D	MOVF SYSLONGDIVMULTB_E,W,BANKED
	F	 0101 10DA FFFF FFFF	1441
	D	 0101 10DA 1010 0001	1
	A	 0101 101A 1010 0001	1
0019D6	5BA1	SUBWFB SYSLONGDIVMULTX_E,F,BANKED
	F	 1000 BBBA FFFF FFFF	1430
	B	 1000 BBBA 1001 0110	0
	A	 1000 000A 1001 0110	1
0019D8	8196	BSF SYSLONGDIVMULTA,0,BANKED
	F	 1011 BBBA FFFF FFFF	1240
	B	 1011 BBBA 1101 1000	0
	A	 1011 000A 1101 1000	0
0019DA	B0D8	BTFSC STATUS,C,ACCESS
	N	 1101 0NNN NNNN NNNN	9
0019DC	D009	BRA ENDIF35
	F	 1001 BBBA FFFF FFFF	1430
	B	 1001 BBBA 1001 0110	0
	A	 1001 000A 1001 0110	1
0019DE	9196	BCF SYSLONGDIVMULTA,0,BANKED
	F	 0101 00DA FFFF FFFF	1434
	D	 0101 00DA 1001 1010	0
	A	 0101 000A 1001 1010	1
0019E0	519A	MOVF SYSLONGDIVMULTB,W,BANKED
	F	 0010 01DA FFFF FFFF	1438
	D	 0010 01DA 1001 1110	1
	A	 0010 011A 1001 1110	1
0019E2	279E	ADDWF SYSLONGDIVMULTX,F,BANKED
	F	 0101 00DA FFFF FFFF	1435
	D	 0101 00DA 1001 1011	0
	A	 0101 000A 1001 1011	1
0019E4	519B	MOVF SYSLONGDIVMULTB_H,W,BANKED
	F	 0010 00DA FFFF FFFF	1439
	D	 0010 00DA 1001 1111	1
	A	 0010 001A 1001 1111	1
0019E6	239F	ADDWFC SYSLONGDIVMULTX_H,F,BANKED
	F	 0101 00DA FFFF FFFF	1436
	D	 0101 00DA 1001 1100	0
	A	 0101 000A 1001 1100	1
0019E8	519C	MOVF SYSLONGDIVMULTB_U,W,BANKED
	F	 0010 00DA FFFF FFFF	1440
	D	 0010 00DA 1010 0000	1
	A	 0010 001A 1010 0000	1
0019EA	23A0	ADDWFC SYSLONGDIVMULTX_U,F,BANKED
	F	 0101 00DA FFFF FFFF	1437
	D	 0101 00DA 1001 1101	0
	A	 0101 000A 1001 1101	1
0019EC	519D	MOVF SYSLONGDIVMULTB_E,W,BANKED
	F	 0010 00DA FFFF FFFF	1441
	D	 0010 00DA 1010 0001	1
	A	 0010 001A 1010 0001	1
0019EE	23A1	ADDWFC SYSLONGDIVMULTX_E,F,BANKED
		ENDIF35
	F	 0010 11DA FFFF FFFF	1284
	D	 0010 11DA 0000 0100	1
	A	 0010 111A 0000 0100	0
0019F0	2E04	DECFSZ SYSDIVLOOP, F,ACCESS
	N	 1101 0NNN NNNN NNNN	2016
0019F2	D7E0	BRA SYSDIV32START
	S	1111 DDDD DDDD DDDD:1100 SSSS SSSS SSSS	1430
	D	1111 DDDD DDDD DDDD:1100 0101 1001 0110	1285
0019F4	C596 F505	MOVFF SYSLONGDIVMULTA,SYSLONGTEMPA
	S	1111 DDDD DDDD DDDD:1100 SSSS SSSS SSSS	1431
	D	1111 DDDD DDDD DDDD:1100 0101 1001 0111	1286
0019F8	C597 F506	MOVFF SYSLONGDIVMULTA_H,SYSLONGTEMPA_H
	S	1111 DDDD DDDD DDDD:1100 SSSS SSSS SSSS	1432
	D	1111 DDDD DDDD DDDD:1100 0101 1001 1000	1287
0019FC	C598 F507	MOVFF SYSLONGDIVMULTA_U,SYSLONGTEMPA_U
	S	1111 DDDD DDDD DDDD:1100 SSSS SSSS SSSS	1433
	D	1111 DDDD DDDD DDDD:1100 0101 1001 1001	1288
001A00	C599 F508	MOVFF SYSLONGDIVMULTA_E,SYSLONGTEMPA_E
	S	1111 DDDD DDDD DDDD:1100 SSSS SSSS SSSS	1438
	D	1111 DDDD DDDD DDDD:1100 0101 1001 1110	1280
001A04	C59E F500	MOVFF SYSLONGDIVMULTX,SYSLONGTEMPX
	S	1111 DDDD DDDD DDDD:1100 SSSS SSSS SSSS	1439
	D	1111 DDDD DDDD DDDD:1100 0101 1001 1111	1281
001A08	C59F F501	MOVFF SYSLONGDIVMULTX_H,SYSLONGTEMPX_H
	S	1111 DDDD DDDD DDDD:1100 SSSS SSSS SSSS	1440
	D	1111 DDDD DDDD DDDD:1100 0101 1010 0000	1282
001A0C	C5A0 F502	MOVFF SYSLONGDIVMULTX_U,SYSLONGTEMPX_U
	S	1111 DDDD DDDD DDDD:1100 SSSS SSSS SSSS	1441
	D	1111 DDDD DDDD DDDD:1100 0101 1010 0001	1283
001A10	C5A1 F503	MOVFF SYSLONGDIVMULTX_E,SYSLONGTEMPX_E
	K	 0000 0001 00KK KKKK	0
000000	0100	BANKSEL 0
	S	 0000 0000 0001 001S	0
001A16	0012	RETURN


		SYSDIVSUBINT
	F	 0101 00DA FFFF FFFF	1286
	D	 0101 00DA 0000 0110	0
	A	 0101 000A 0000 0110	0
001A18	5006	MOVF SYSINTEGERTEMPA_H,W,ACCESS
	F	 0001 10DA FFFF FFFF	1290
	D	 0001 10DA 0000 1010	0
	A	 0001 100A 0000 1010	0
001A1A	180A	XORWF SYSINTEGERTEMPB_H,W,ACCESS
	F	 0110 111A FFFF FFFF	1293
	A	 0110 111A 0000 1101	0
001A1C	6E0D	MOVWF SYSSIGNBYTE,ACCESS
	F	 1010 BBBA FFFF FFFF	1286
	B	 1010 BBBA 0000 0110	7
	A	 1010 111A 0000 0110	0
001A1E	AE06	BTFSS SYSINTEGERTEMPA_H,7,ACCESS
	N	 1101 0NNN NNNN NNNN	5
001A20	D005	BRA ENDIF31
	F	 0001 11DA FFFF FFFF	1285
	D	 0001 11DA 0000 0101	1
	A	 0001 111A 0000 0101	0
001A22	1E05	COMF SYSINTEGERTEMPA,F,ACCESS
	F	 0001 11DA FFFF FFFF	1286
	D	 0001 11DA 0000 0110	1
	A	 0001 111A 0000 0110	0
001A24	1E06	COMF SYSINTEGERTEMPA_H,F,ACCESS
	F	 0010 10DA FFFF FFFF	1285
	D	 0010 10DA 0000 0101	1
	A	 0010 101A 0000 0101	0
001A26	2A05	INCF SYSINTEGERTEMPA,F,ACCESS
	F	 1011 BBBA FFFF FFFF	1240
	B	 1011 BBBA 1101 1000	2
	A	 1011 010A 1101 1000	0
001A28	B4D8	BTFSC STATUS,Z,ACCESS
	F	 0010 10DA FFFF FFFF	1286
	D	 0010 10DA 0000 0110	1
	A	 0010 101A 0000 0110	0
001A2A	2A06	INCF SYSINTEGERTEMPA_H,F,ACCESS
		ENDIF31
	F	 1010 BBBA FFFF FFFF	1290
	B	 1010 BBBA 0000 1010	7
	A	 1010 111A 0000 1010	0
001A2C	AE0A	BTFSS SYSINTEGERTEMPB_H,7,ACCESS
	N	 1101 0NNN NNNN NNNN	5
001A2E	D005	BRA ENDIF32
	F	 0001 11DA FFFF FFFF	1289
	D	 0001 11DA 0000 1001	1
	A	 0001 111A 0000 1001	0
001A30	1E09	COMF SYSINTEGERTEMPB,F,ACCESS
	F	 0001 11DA FFFF FFFF	1290
	D	 0001 11DA 0000 1010	1
	A	 0001 111A 0000 1010	0
001A32	1E0A	COMF SYSINTEGERTEMPB_H,F,ACCESS
	F	 0010 10DA FFFF FFFF	1289
	D	 0010 10DA 0000 1001	1
	A	 0010 101A 0000 1001	0
001A34	2A09	INCF SYSINTEGERTEMPB,F,ACCESS
	F	 1011 BBBA FFFF FFFF	1240
	B	 1011 BBBA 1101 1000	2
	A	 1011 010A 1101 1000	0
001A36	B4D8	BTFSC STATUS,Z,ACCESS
	F	 0010 10DA FFFF FFFF	1290
	D	 0010 10DA 0000 1010	1
	A	 0010 101A 0000 1010	0
001A38	2A0A	INCF SYSINTEGERTEMPB_H,F,ACCESS
		ENDIF32
	N	 1101 1NNN NNNN NNNN	1884
001A3A	DF5C	RCALL SYSDIVSUB16
	F	 1010 BBBA FFFF FFFF	1293
	B	 1010 BBBA 0000 1101	7
	A	 1010 111A 0000 1101	0
001A3C	AE0D	BTFSS SYSSIGNBYTE,7,ACCESS
	N	 1101 0NNN NNNN NNNN	10
001A3E	D00A	BRA ENDIF33
	F	 0001 11DA FFFF FFFF	1285
	D	 0001 11DA 0000 0101	1
	A	 0001 111A 0000 0101	0
001A40	1E05	COMF SYSINTEGERTEMPA,F,ACCESS
	F	 0001 11DA FFFF FFFF	1286
	D	 0001 11DA 0000 0110	1
	A	 0001 111A 0000 0110	0
001A42	1E06	COMF SYSINTEGERTEMPA_H,F,ACCESS
	F	 0010 10DA FFFF FFFF	1285
	D	 0010 10DA 0000 0101	1
	A	 0010 101A 0000 0101	0
001A44	2A05	INCF SYSINTEGERTEMPA,F,ACCESS
	F	 1011 BBBA FFFF FFFF	1240
	B	 1011 BBBA 1101 1000	2
	A	 1011 010A 1101 1000	0
001A46	B4D8	BTFSC STATUS,Z,ACCESS
	F	 0010 10DA FFFF FFFF	1286
	D	 0010 10DA 0000 0110	1
	A	 0010 101A 0000 0110	0
001A48	2A06	INCF SYSINTEGERTEMPA_H,F,ACCESS
	F	 0001 11DA FFFF FFFF	1280
	D	 0001 11DA 0000 0000	1
	A	 0001 111A 0000 0000	0
001A4A	1E00	COMF SYSINTEGERTEMPX,F,ACCESS
	F	 0001 11DA FFFF FFFF	1281
	D	 0001 11DA 0000 0001	1
	A	 0001 111A 0000 0001	0
001A4C	1E01	COMF SYSINTEGERTEMPX_H,F,ACCESS
	F	 0010 10DA FFFF FFFF	1280
	D	 0010 10DA 0000 0000	1
	A	 0010 101A 0000 0000	0
001A4E	2A00	INCF SYSINTEGERTEMPX,F,ACCESS
	F	 1011 BBBA FFFF FFFF	1240
	B	 1011 BBBA 1101 1000	2
	A	 1011 010A 1101 1000	0
001A50	B4D8	BTFSC STATUS,Z,ACCESS
	F	 0010 10DA FFFF FFFF	1281
	D	 0010 10DA 0000 0001	1
	A	 0010 101A 0000 0001	0
001A52	2A01	INCF SYSINTEGERTEMPX_H,F,ACCESS
		ENDIF33
	S	 0000 0000 0001 001S	0
001A54	0012	RETURN


		SYSMULTSUB16
	F	 0101 00DA FFFF FFFF	1285
	D	 0101 00DA 0000 0101	0
	A	 0101 000A 0000 0101	0
001A56	5005	MOVF SYSWORDTEMPA, W,ACCESS
	F	 0000 001A FFFF FFFF	1289
	A	 0000 001A 0000 1001	0
001A58	0209	MULWF SYSWORDTEMPB,ACCESS
	S	1111 DDDD DDDD DDDD:1100 SSSS SSSS SSSS	1267
	D	1111 DDDD DDDD DDDD:1100 0100 1111 0011	1280
001A5A	C4F3 F500	MOVFF PRODL, SYSWORDTEMPX
	S	1111 DDDD DDDD DDDD:1100 SSSS SSSS SSSS	1268
	D	1111 DDDD DDDD DDDD:1100 0100 1111 0100	1281
001A5E	C4F4 F501	MOVFF PRODH, SYSWORDTEMPX_H
	F	 0101 00DA FFFF FFFF	1285
	D	 0101 00DA 0000 0101	0
	A	 0101 000A 0000 0101	0
001A62	5005	MOVF SYSWORDTEMPA, W,ACCESS
	F	 0000 001A FFFF FFFF	1290
	A	 0000 001A 0000 1010	0
001A64	020A	MULWF SYSWORDTEMPB_H,ACCESS
	F	 0101 00DA FFFF FFFF	1267
	D	 0101 00DA 1111 0011	0
	A	 0101 000A 1111 0011	0
001A66	50F3	MOVF PRODL, W,ACCESS
	F	 0010 01DA FFFF FFFF	1281
	D	 0010 01DA 0000 0001	1
	A	 0010 011A 0000 0001	0
001A68	2601	ADDWF SYSWORDTEMPX_H, F,ACCESS
	F	 0101 00DA FFFF FFFF	1286
	D	 0101 00DA 0000 0110	0
	A	 0101 000A 0000 0110	0
001A6A	5006	MOVF SYSWORDTEMPA_H, W,ACCESS
	F	 0000 001A FFFF FFFF	1289
	A	 0000 001A 0000 1001	0
001A6C	0209	MULWF SYSWORDTEMPB,ACCESS
	F	 0101 00DA FFFF FFFF	1267
	D	 0101 00DA 1111 0011	0
	A	 0101 000A 1111 0011	0
001A6E	50F3	MOVF PRODL, W,ACCESS
	F	 0010 01DA FFFF FFFF	1281
	D	 0010 01DA 0000 0001	1
	A	 0010 011A 0000 0001	0
001A70	2601	ADDWF SYSWORDTEMPX_H, F,ACCESS
	F	 0101 00DA FFFF FFFF	1286
	D	 0101 00DA 0000 0110	1
	A	 0101 001A 0000 0110	0
001A72	5206	MOVF SYSWORDTEMPA_H, F,ACCESS
	F	 0000 001A FFFF FFFF	1290
	A	 0000 001A 0000 1010	0
001A74	020A	MULWF SYSWORDTEMPB_H,ACCESS
	S	 0000 0000 0001 001S	0
001A76	0012	RETURN


		SYSMULTSUB32
	S	1111 DDDD DDDD DDDD:1100 SSSS SSSS SSSS	1285
	D	1111 DDDD DDDD DDDD:1100 0101 0000 0101	1430
001A78	C505 F596	MOVFF SYSLONGTEMPA,SYSLONGDIVMULTA
	S	1111 DDDD DDDD DDDD:1100 SSSS SSSS SSSS	1286
	D	1111 DDDD DDDD DDDD:1100 0101 0000 0110	1431
001A7C	C506 F597	MOVFF SYSLONGTEMPA_H,SYSLONGDIVMULTA_H
	S	1111 DDDD DDDD DDDD:1100 SSSS SSSS SSSS	1287
	D	1111 DDDD DDDD DDDD:1100 0101 0000 0111	1432
001A80	C507 F598	MOVFF SYSLONGTEMPA_U,SYSLONGDIVMULTA_U
	S	1111 DDDD DDDD DDDD:1100 SSSS SSSS SSSS	1288
	D	1111 DDDD DDDD DDDD:1100 0101 0000 1000	1433
001A84	C508 F599	MOVFF SYSLONGTEMPA_E,SYSLONGDIVMULTA_E
	S	1111 DDDD DDDD DDDD:1100 SSSS SSSS SSSS	1289
	D	1111 DDDD DDDD DDDD:1100 0101 0000 1001	1434
001A88	C509 F59A	MOVFF SYSLONGTEMPB,SYSLONGDIVMULTB
	S	1111 DDDD DDDD DDDD:1100 SSSS SSSS SSSS	1290
	D	1111 DDDD DDDD DDDD:1100 0101 0000 1010	1435
001A8C	C50A F59B	MOVFF SYSLONGTEMPB_H,SYSLONGDIVMULTB_H
	S	1111 DDDD DDDD DDDD:1100 SSSS SSSS SSSS	1291
	D	1111 DDDD DDDD DDDD:1100 0101 0000 1011	1436
001A90	C50B F59C	MOVFF SYSLONGTEMPB_U,SYSLONGDIVMULTB_U
	S	1111 DDDD DDDD DDDD:1100 SSSS SSSS SSSS	1292
	D	1111 DDDD DDDD DDDD:1100 0101 0000 1100	1437
001A94	C50C F59D	MOVFF SYSLONGTEMPB_E,SYSLONGDIVMULTB_E
	K	 0000 0001 00KK KKKK	5
000000	0105	BANKSEL SYSLONGDIVMULTX
	F	 0110 101A FFFF FFFF	1438
	A	 0110 101A 1001 1110	1
001A9A	6B9E	CLRF SYSLONGDIVMULTX,BANKED
	F	 0110 101A FFFF FFFF	1439
	A	 0110 101A 1001 1111	1
001A9C	6B9F	CLRF SYSLONGDIVMULTX_H,BANKED
	F	 0110 101A FFFF FFFF	1440
	A	 0110 101A 1010 0000	1
001A9E	6BA0	CLRF SYSLONGDIVMULTX_U,BANKED
	F	 0110 101A FFFF FFFF	1441
	A	 0110 101A 1010 0001	1
001AA0	6BA1	CLRF SYSLONGDIVMULTX_E,BANKED
		MUL32LOOP
	K	 0000 0001 00KK KKKK	5
000000	0105	BANKSEL SYSLONGDIVMULTB
	F	 1010 BBBA FFFF FFFF	1434
	B	 1010 BBBA 1001 1010	0
	A	 1010 000A 1001 1010	1
001AA4	A19A	BTFSS SYSLONGDIVMULTB,0,BANKED
	N	 1101 0NNN NNNN NNNN	8
001AA6	D008	BRA ENDIF27
	F	 0101 00DA FFFF FFFF	1430
	D	 0101 00DA 1001 0110	0
	A	 0101 000A 1001 0110	1
001AA8	5196	MOVF SYSLONGDIVMULTA,W,BANKED
	F	 0010 01DA FFFF FFFF	1438
	D	 0010 01DA 1001 1110	1
	A	 0010 011A 1001 1110	1
001AAA	279E	ADDWF SYSLONGDIVMULTX,F,BANKED
	F	 0101 00DA FFFF FFFF	1431
	D	 0101 00DA 1001 0111	0
	A	 0101 000A 1001 0111	1
001AAC	5197	MOVF SYSLONGDIVMULTA_H,W,BANKED
	F	 0010 00DA FFFF FFFF	1439
	D	 0010 00DA 1001 1111	1
	A	 0010 001A 1001 1111	1
001AAE	239F	ADDWFC SYSLONGDIVMULTX_H,F,BANKED
	F	 0101 00DA FFFF FFFF	1432
	D	 0101 00DA 1001 1000	0
	A	 0101 000A 1001 1000	1
001AB0	5198	MOVF SYSLONGDIVMULTA_U,W,BANKED
	F	 0010 00DA FFFF FFFF	1440
	D	 0010 00DA 1010 0000	1
	A	 0010 001A 1010 0000	1
001AB2	23A0	ADDWFC SYSLONGDIVMULTX_U,F,BANKED
	F	 0101 00DA FFFF FFFF	1433
	D	 0101 00DA 1001 1001	0
	A	 0101 000A 1001 1001	1
001AB4	5199	MOVF SYSLONGDIVMULTA_E,W,BANKED
	F	 0010 00DA FFFF FFFF	1441
	D	 0010 00DA 1010 0001	1
	A	 0010 001A 1010 0001	1
001AB6	23A1	ADDWFC SYSLONGDIVMULTX_E,F,BANKED
		ENDIF27
	F	 1001 BBBA FFFF FFFF	1240
	B	 1001 BBBA 1101 1000	0
	A	 1001 000A 1101 1000	0
001AB8	90D8	BCF STATUS,C,ACCESS
	F	 0011 00DA FFFF FFFF	1437
	D	 0011 00DA 1001 1101	1
	A	 0011 001A 1001 1101	1
001ABA	339D	RRCF SYSLONGDIVMULTB_E,F,BANKED
	F	 0011 00DA FFFF FFFF	1436
	D	 0011 00DA 1001 1100	1
	A	 0011 001A 1001 1100	1
001ABC	339C	RRCF SYSLONGDIVMULTB_U,F,BANKED
	F	 0011 00DA FFFF FFFF	1435
	D	 0011 00DA 1001 1011	1
	A	 0011 001A 1001 1011	1
001ABE	339B	RRCF SYSLONGDIVMULTB_H,F,BANKED
	F	 0011 00DA FFFF FFFF	1434
	D	 0011 00DA 1001 1010	1
	A	 0011 001A 1001 1010	1
001AC0	339A	RRCF SYSLONGDIVMULTB,F,BANKED
	F	 1001 BBBA FFFF FFFF	1240
	B	 1001 BBBA 1101 1000	0
	A	 1001 000A 1101 1000	0
001AC2	90D8	BCF STATUS,C,ACCESS
	F	 0011 01DA FFFF FFFF	1430
	D	 0011 01DA 1001 0110	1
	A	 0011 011A 1001 0110	1
001AC4	3796	RLCF SYSLONGDIVMULTA,F,BANKED
	F	 0011 01DA FFFF FFFF	1431
	D	 0011 01DA 1001 0111	1
	A	 0011 011A 1001 0111	1
001AC6	3797	RLCF SYSLONGDIVMULTA_H,F,BANKED
	F	 0011 01DA FFFF FFFF	1432
	D	 0011 01DA 1001 1000	1
	A	 0011 011A 1001 1000	1
001AC8	3798	RLCF SYSLONGDIVMULTA_U,F,BANKED
	F	 0011 01DA FFFF FFFF	1433
	D	 0011 01DA 1001 1001	1
	A	 0011 011A 1001 1001	1
001ACA	3799	RLCF SYSLONGDIVMULTA_E,F,BANKED
	S	1111 DDDD DDDD DDDD:1100 SSSS SSSS SSSS	1434
	D	1111 DDDD DDDD DDDD:1100 0101 1001 1010	1289
001ACC	C59A F509	MOVFF SYSLONGDIVMULTB,SYSLONGTEMPB
	S	1111 DDDD DDDD DDDD:1100 SSSS SSSS SSSS	1435
	D	1111 DDDD DDDD DDDD:1100 0101 1001 1011	1290
001AD0	C59B F50A	MOVFF SYSLONGDIVMULTB_H,SYSLONGTEMPB_H
	S	1111 DDDD DDDD DDDD:1100 SSSS SSSS SSSS	1436
	D	1111 DDDD DDDD DDDD:1100 0101 1001 1100	1291
001AD4	C59C F50B	MOVFF SYSLONGDIVMULTB_U,SYSLONGTEMPB_U
	S	1111 DDDD DDDD DDDD:1100 SSSS SSSS SSSS	1437
	D	1111 DDDD DDDD DDDD:1100 0101 1001 1101	1292
001AD8	C59D F50C	MOVFF SYSLONGDIVMULTB_E,SYSLONGTEMPB_E
	F	 0110 101A FFFF FFFF	1285
	A	 0110 101A 0000 0101	0
001ADC	6A05	CLRF SYSLONGTEMPA,ACCESS
	F	 0110 101A FFFF FFFF	1286
	A	 0110 101A 0000 0110	0
001ADE	6A06	CLRF SYSLONGTEMPA_H,ACCESS
	F	 0110 101A FFFF FFFF	1287
	A	 0110 101A 0000 0111	0
001AE0	6A07	CLRF SYSLONGTEMPA_U,ACCESS
	F	 0110 101A FFFF FFFF	1288
	A	 0110 101A 0000 1000	0
001AE2	6A08	CLRF SYSLONGTEMPA_E,ACCESS
	K	 0000 0001 00KK KKKK	0
000000	0100	BANKSEL 0
	N	 1101 1NNN NNNN NNNN	1719
001AE6	DEB7	RCALL SYSCOMPLESSTHAN32
	F	 1011 BBBA FFFF FFFF	1280
	B	 1011 BBBA 0000 0000	0
	A	 1011 000A 0000 0000	0
001AE8	B000	BTFSC SYSBYTETEMPX,0,ACCESS
	N	 1101 0NNN NNNN NNNN	2011
001AEA	D7DB	BRA MUL32LOOP
	S	1111 DDDD DDDD DDDD:1100 SSSS SSSS SSSS	1438
	D	1111 DDDD DDDD DDDD:1100 0101 1001 1110	1280
001AEC	C59E F500	MOVFF SYSLONGDIVMULTX,SYSLONGTEMPX
	S	1111 DDDD DDDD DDDD:1100 SSSS SSSS SSSS	1439
	D	1111 DDDD DDDD DDDD:1100 0101 1001 1111	1281
001AF0	C59F F501	MOVFF SYSLONGDIVMULTX_H,SYSLONGTEMPX_H
	S	1111 DDDD DDDD DDDD:1100 SSSS SSSS SSSS	1440
	D	1111 DDDD DDDD DDDD:1100 0101 1010 0000	1282
001AF4	C5A0 F502	MOVFF SYSLONGDIVMULTX_U,SYSLONGTEMPX_U
	S	1111 DDDD DDDD DDDD:1100 SSSS SSSS SSSS	1441
	D	1111 DDDD DDDD DDDD:1100 0101 1010 0001	1283
001AF8	C5A1 F503	MOVFF SYSLONGDIVMULTX_E,SYSLONGTEMPX_E
	S	 0000 0000 0001 001S	0
001AFC	0012	RETURN


		SYSMULTSUBINT
	F	 0101 00DA FFFF FFFF	1286
	D	 0101 00DA 0000 0110	0
	A	 0101 000A 0000 0110	0
001AFE	5006	MOVF SYSINTEGERTEMPA_H,W,ACCESS
	F	 0001 10DA FFFF FFFF	1290
	D	 0001 10DA 0000 1010	0
	A	 0001 100A 0000 1010	0
001B00	180A	XORWF SYSINTEGERTEMPB_H,W,ACCESS
	F	 0110 111A FFFF FFFF	1293
	A	 0110 111A 0000 1101	0
001B02	6E0D	MOVWF SYSSIGNBYTE,ACCESS
	F	 1010 BBBA FFFF FFFF	1286
	B	 1010 BBBA 0000 0110	7
	A	 1010 111A 0000 0110	0
001B04	AE06	BTFSS SYSINTEGERTEMPA_H,7,ACCESS
	N	 1101 0NNN NNNN NNNN	5
001B06	D005	BRA ENDIF24
	F	 0001 11DA FFFF FFFF	1285
	D	 0001 11DA 0000 0101	1
	A	 0001 111A 0000 0101	0
001B08	1E05	COMF SYSINTEGERTEMPA,F,ACCESS
	F	 0001 11DA FFFF FFFF	1286
	D	 0001 11DA 0000 0110	1
	A	 0001 111A 0000 0110	0
001B0A	1E06	COMF SYSINTEGERTEMPA_H,F,ACCESS
	F	 0010 10DA FFFF FFFF	1285
	D	 0010 10DA 0000 0101	1
	A	 0010 101A 0000 0101	0
001B0C	2A05	INCF SYSINTEGERTEMPA,F,ACCESS
	F	 1011 BBBA FFFF FFFF	1240
	B	 1011 BBBA 1101 1000	2
	A	 1011 010A 1101 1000	0
001B0E	B4D8	BTFSC STATUS,Z,ACCESS
	F	 0010 10DA FFFF FFFF	1286
	D	 0010 10DA 0000 0110	1
	A	 0010 101A 0000 0110	0
001B10	2A06	INCF SYSINTEGERTEMPA_H,F,ACCESS
		ENDIF24
	F	 1010 BBBA FFFF FFFF	1290
	B	 1010 BBBA 0000 1010	7
	A	 1010 111A 0000 1010	0
001B12	AE0A	BTFSS SYSINTEGERTEMPB_H,7,ACCESS
	N	 1101 0NNN NNNN NNNN	5
001B14	D005	BRA ENDIF25
	F	 0001 11DA FFFF FFFF	1289
	D	 0001 11DA 0000 1001	1
	A	 0001 111A 0000 1001	0
001B16	1E09	COMF SYSINTEGERTEMPB,F,ACCESS
	F	 0001 11DA FFFF FFFF	1290
	D	 0001 11DA 0000 1010	1
	A	 0001 111A 0000 1010	0
001B18	1E0A	COMF SYSINTEGERTEMPB_H,F,ACCESS
	F	 0010 10DA FFFF FFFF	1289
	D	 0010 10DA 0000 1001	1
	A	 0010 101A 0000 1001	0
001B1A	2A09	INCF SYSINTEGERTEMPB,F,ACCESS
	F	 1011 BBBA FFFF FFFF	1240
	B	 1011 BBBA 1101 1000	2
	A	 1011 010A 1101 1000	0
001B1C	B4D8	BTFSC STATUS,Z,ACCESS
	F	 0010 10DA FFFF FFFF	1290
	D	 0010 10DA 0000 1010	1
	A	 0010 101A 0000 1010	0
001B1E	2A0A	INCF SYSINTEGERTEMPB_H,F,ACCESS
		ENDIF25
	N	 1101 1NNN NNNN NNNN	1946
001B20	DF9A	RCALL SYSMULTSUB16
	F	 1010 BBBA FFFF FFFF	1293
	B	 1010 BBBA 0000 1101	7
	A	 1010 111A 0000 1101	0
001B22	AE0D	BTFSS SYSSIGNBYTE,7,ACCESS
	N	 1101 0NNN NNNN NNNN	5
001B24	D005	BRA ENDIF26
	F	 0001 11DA FFFF FFFF	1280
	D	 0001 11DA 0000 0000	1
	A	 0001 111A 0000 0000	0
001B26	1E00	COMF SYSINTEGERTEMPX,F,ACCESS
	F	 0001 11DA FFFF FFFF	1281
	D	 0001 11DA 0000 0001	1
	A	 0001 111A 0000 0001	0
001B28	1E01	COMF SYSINTEGERTEMPX_H,F,ACCESS
	F	 0010 10DA FFFF FFFF	1280
	D	 0010 10DA 0000 0000	1
	A	 0010 101A 0000 0000	0
001B2A	2A00	INCF SYSINTEGERTEMPX,F,ACCESS
	F	 1011 BBBA FFFF FFFF	1240
	B	 1011 BBBA 1101 1000	2
	A	 1011 010A 1101 1000	0
001B2C	B4D8	BTFSC STATUS,Z,ACCESS
	F	 0010 10DA FFFF FFFF	1281
	D	 0010 10DA 0000 0001	1
	A	 0010 101A 0000 0001	0
001B2E	2A01	INCF SYSINTEGERTEMPX_H,F,ACCESS
		ENDIF26
	S	 0000 0000 0001 001S	0
001B30	0012	RETURN


		SYSREADSTRING
001B32	0009	TBLRD*+
	S	1111 DDDD DDDD DDDD:1100 SSSS SSSS SSSS	1269
	D	1111 DDDD DDDD DDDD:1100 0100 1111 0101	1285
001B34	C4F5 F505	MOVFF TABLAT,SYSCALCTEMPA
	S	1111 DDDD DDDD DDDD:1100 SSSS SSSS SSSS	1269
	D	1111 DDDD DDDD DDDD:1100 0100 1111 0101	1255
001B38	C4F5 F4E7	MOVFF TABLAT,INDF1
	N	 1101 0NNN NNNN NNNN	4
001B3C	D004	BRA SYSSTRINGREADCHECK
		SYSREADSTRINGPART
001B3E	0009	TBLRD*+
	F	 0101 00DA FFFF FFFF	1269
	D	 0101 00DA 1111 0101	0
	A	 0101 000A 1111 0101	0
001B40	50F5	MOVF TABLAT, W,ACCESS
	F	 0110 111A FFFF FFFF	1285
	A	 0110 111A 0000 0101	0
001B42	6E05	MOVWF SYSCALCTEMPA,ACCESS
	F	 0010 01DA FFFF FFFF	1286
	D	 0010 01DA 0000 0110	1
	A	 0010 011A 0000 0110	0
001B44	2606	ADDWF SYSSTRINGLENGTH,F,ACCESS
		SYSSTRINGREADCHECK
	F	 0101 00DA FFFF FFFF	1285
	D	 0101 00DA 0000 0101	1
	A	 0101 001A 0000 0101	0
001B46	5205	MOVF SYSCALCTEMPA,F,ACCESS
	F	 1011 BBBA FFFF FFFF	1240
	B	 1011 BBBA 1101 1000	2
	A	 1011 010A 1101 1000	0
001B48	B4D8	BTFSC STATUS,Z,ACCESS
	S	 0000 0000 0001 001S	0
001B4A	0012	RETURN
		SYSSTRINGREAD
001B4C	0009	TBLRD*+
	S	1111 DDDD DDDD DDDD:1100 SSSS SSSS SSSS	1269
	D	1111 DDDD DDDD DDDD:1100 0100 1111 0101	1252
001B4E	C4F5 F4E4	MOVFF TABLAT,PREINC1
	F	 0010 11DA FFFF FFFF	1285
	D	 0010 11DA 0000 0101	1
	A	 0010 111A 0000 0101	0
001B52	2E05	DECFSZ SYSCALCTEMPA, F,ACCESS
	N	 1101 0NNN NNNN NNNN	2043
001B54	D7FB	BRA SYSSTRINGREAD
	S	 0000 0000 0001 001S	0
001B56	0012	RETURN


		SYSSTRINGTABLES

		STRINGTABLE1
001B58	3003 302E	RAW 3003,302E


		STRINGTABLE2
001B5C	3002 002E	RAW 3002,002E


		STRINGTABLE3
001B60	2E01	RAW 2E01


		STRINGTABLE4
001B62	3001	RAW 3001


		STRINGTABLE5
001B64	3501	RAW 3501



		FN_TRIG_REF
	S	1111 DDDD DDDD DDDD:1100 SSSS SSSS SSSS	1459
	D	1111 DDDD DDDD DDDD:1100 0101 1011 0011	1289
001B66	C5B3 F509	MOVFF TRIG_ARG1,SYSINTEGERTEMPB
	S	1111 DDDD DDDD DDDD:1100 SSSS SSSS SSSS	1460
	D	1111 DDDD DDDD DDDD:1100 0101 1011 0100	1290
001B6A	C5B4 F50A	MOVFF TRIG_ARG1_H,SYSINTEGERTEMPB_H
	K	 0000 1110 KKKK KKKK	14
001B6E	0E0E	MOVLW 14
	F	 0110 111A FFFF FFFF	1285
	A	 0110 111A 0000 0101	0
001B70	6E05	MOVWF SYSINTEGERTEMPA,ACCESS
	K	 0000 1110 KKKK KKKK	1
001B72	0E01	MOVLW 1
	F	 0110 111A FFFF FFFF	1286
	A	 0110 111A 0000 0110	0
001B74	6E06	MOVWF SYSINTEGERTEMPA_H,ACCESS
	N	 1101 1NNN NNNN NNNN	1669
001B76	DE85	RCALL SYSCOMPLESSTHANINT
	F	 1010 BBBA FFFF FFFF	1280
	B	 1010 BBBA 0000 0000	0
	A	 1010 000A 0000 0000	0
001B78	A000	BTFSS SYSBYTETEMPX,0,ACCESS
	N	 1101 0NNN NNNN NNNN	10
001B7A	D00A	BRA ELSE69_1
	K	 0000 0001 00KK KKKK	5
000000	0105	BANKSEL TRIG_ARG1
	F	 0101 00DA FFFF FFFF	1459
	D	 0101 00DA 1011 0011	0
	A	 0101 000A 1011 0011	1
001B7E	51B3	MOVF TRIG_ARG1,W,BANKED
	K	 0000 1000 KKKK KKKK	104
001B80	0868	SUBLW 104
	F	 0110 111A FFFF FFFF	1464
	A	 0110 111A 1011 1000	1
001B82	6FB8	MOVWF TRIG_REF,BANKED
	K	 0000 1110 KKKK KKKK	1
001B84	0E01	MOVLW 1
	F	 0110 111A FFFF FFFF	1450
	A	 0110 111A 1010 1010	1
001B86	6FAA	MOVWF SYSTEMP1,BANKED
	F	 0101 00DA FFFF FFFF	1460
	D	 0101 00DA 1011 0100	0
	A	 0101 000A 1011 0100	1
001B88	51B4	MOVF TRIG_ARG1_H,W,BANKED
	F	 0101 10DA FFFF FFFF	1450
	D	 0101 10DA 1010 1010	0
	A	 0101 100A 1010 1010	1
001B8A	59AA	SUBWFB SYSTEMP1,W,BANKED
	F	 0110 111A FFFF FFFF	1465
	A	 0110 111A 1011 1001	1
001B8C	6FB9	MOVWF TRIG_REF_H,BANKED
	N	 1101 0NNN NNNN NNNN	41
001B8E	D029	BRA ENDIF69
		ELSE69_1
	S	1111 DDDD DDDD DDDD:1100 SSSS SSSS SSSS	1459
	D	1111 DDDD DDDD DDDD:1100 0101 1011 0011	1289
001B90	C5B3 F509	MOVFF TRIG_ARG1,SYSINTEGERTEMPB
	S	1111 DDDD DDDD DDDD:1100 SSSS SSSS SSSS	1460
	D	1111 DDDD DDDD DDDD:1100 0101 1011 0100	1290
001B94	C5B4 F50A	MOVFF TRIG_ARG1_H,SYSINTEGERTEMPB_H
	K	 0000 1110 KKKK KKKK	180
001B98	0EB4	MOVLW 180
	F	 0110 111A FFFF FFFF	1285
	A	 0110 111A 0000 0101	0
001B9A	6E05	MOVWF SYSINTEGERTEMPA,ACCESS
	F	 0110 101A FFFF FFFF	1286
	A	 0110 101A 0000 0110	0
001B9C	6A06	CLRF SYSINTEGERTEMPA_H,ACCESS
	N	 1101 1NNN NNNN NNNN	1649
001B9E	DE71	RCALL SYSCOMPLESSTHANINT
	F	 1010 BBBA FFFF FFFF	1280
	B	 1010 BBBA 0000 0000	0
	A	 1010 000A 0000 0000	0
001BA0	A000	BTFSS SYSBYTETEMPX,0,ACCESS
	N	 1101 0NNN NNNN NNNN	8
001BA2	D008	BRA ELSE70_1
	K	 0000 1110 KKKK KKKK	180
001BA4	0EB4	MOVLW 180
	K	 0000 0001 00KK KKKK	5
000000	0105	BANKSEL TRIG_ARG1
	F	 0101 11DA FFFF FFFF	1459
	D	 0101 11DA 1011 0011	0
	A	 0101 110A 1011 0011	1
001BA8	5DB3	SUBWF TRIG_ARG1,W,BANKED
	F	 0110 111A FFFF FFFF	1464
	A	 0110 111A 1011 1000	1
001BAA	6FB8	MOVWF TRIG_REF,BANKED
	K	 0000 1110 KKKK KKKK	0
001BAC	0E00	MOVLW 0
	F	 0101 10DA FFFF FFFF	1460
	D	 0101 10DA 1011 0100	0
	A	 0101 100A 1011 0100	1
001BAE	59B4	SUBWFB TRIG_ARG1_H,W,BANKED
	F	 0110 111A FFFF FFFF	1465
	A	 0110 111A 1011 1001	1
001BB0	6FB9	MOVWF TRIG_REF_H,BANKED
	N	 1101 0NNN NNNN NNNN	23
001BB2	D017	BRA ENDIF70
		ELSE70_1
	S	1111 DDDD DDDD DDDD:1100 SSSS SSSS SSSS	1459
	D	1111 DDDD DDDD DDDD:1100 0101 1011 0011	1289
001BB4	C5B3 F509	MOVFF TRIG_ARG1,SYSINTEGERTEMPB
	S	1111 DDDD DDDD DDDD:1100 SSSS SSSS SSSS	1460
	D	1111 DDDD DDDD DDDD:1100 0101 1011 0100	1290
001BB8	C5B4 F50A	MOVFF TRIG_ARG1_H,SYSINTEGERTEMPB_H
	K	 0000 1110 KKKK KKKK	90
001BBC	0E5A	MOVLW 90
	F	 0110 111A FFFF FFFF	1285
	A	 0110 111A 0000 0101	0
001BBE	6E05	MOVWF SYSINTEGERTEMPA,ACCESS
	F	 0110 101A FFFF FFFF	1286
	A	 0110 101A 0000 0110	0
001BC0	6A06	CLRF SYSINTEGERTEMPA_H,ACCESS
	N	 1101 1NNN NNNN NNNN	1631
001BC2	DE5F	RCALL SYSCOMPLESSTHANINT
	F	 1010 BBBA FFFF FFFF	1280
	B	 1010 BBBA 0000 0000	0
	A	 1010 000A 0000 0000	0
001BC4	A000	BTFSS SYSBYTETEMPX,0,ACCESS
	N	 1101 0NNN NNNN NNNN	9
001BC6	D009	BRA ELSE71_1
	K	 0000 0001 00KK KKKK	5
000000	0105	BANKSEL TRIG_ARG1
	F	 0101 00DA FFFF FFFF	1459
	D	 0101 00DA 1011 0011	0
	A	 0101 000A 1011 0011	1
001BCA	51B3	MOVF TRIG_ARG1,W,BANKED
	K	 0000 1000 KKKK KKKK	180
001BCC	08B4	SUBLW 180
	F	 0110 111A FFFF FFFF	1464
	A	 0110 111A 1011 1000	1
001BCE	6FB8	MOVWF TRIG_REF,BANKED
	F	 0110 101A FFFF FFFF	1450
	A	 0110 101A 1010 1010	1
001BD0	6BAA	CLRF SYSTEMP1,BANKED
	F	 0101 00DA FFFF FFFF	1460
	D	 0101 00DA 1011 0100	0
	A	 0101 000A 1011 0100	1
001BD2	51B4	MOVF TRIG_ARG1_H,W,BANKED
	F	 0101 10DA FFFF FFFF	1450
	D	 0101 10DA 1010 1010	0
	A	 0101 100A 1010 1010	1
001BD4	59AA	SUBWFB SYSTEMP1,W,BANKED
	F	 0110 111A FFFF FFFF	1465
	A	 0110 111A 1011 1001	1
001BD6	6FB9	MOVWF TRIG_REF_H,BANKED
	N	 1101 0NNN NNNN NNNN	4
001BD8	D004	BRA ENDIF71
		ELSE71_1
	S	1111 DDDD DDDD DDDD:1100 SSSS SSSS SSSS	1459
	D	1111 DDDD DDDD DDDD:1100 0101 1011 0011	1464
001BDA	C5B3 F5B8	MOVFF TRIG_ARG1,TRIG_REF
	S	1111 DDDD DDDD DDDD:1100 SSSS SSSS SSSS	1460
	D	1111 DDDD DDDD DDDD:1100 0101 1011 0100	1465
001BDE	C5B4 F5B9	MOVFF TRIG_ARG1_H,TRIG_REF_H
		ENDIF71
		ENDIF70
		ENDIF69
	K	 0000 0001 00KK KKKK	0
000000	0100	BANKSEL 0
	S	 0000 0000 0001 001S	0
001BE4	0012	RETURN


		WRITE_COMMAND_SSD1306
	N	 1101 1NNN NNNN NNNN	1200
001BE6	DCB0	RCALL SI2CSTART
	K	 0000 1110 KKKK KKKK	120
001BE8	0E78	MOVLW 120
	F	 0110 111A FFFF FFFF	1351
	A	 0110 111A 0100 0111	0
001BEA	6E47	MOVWF I2CBYTE,ACCESS
	K	1111 KKKK KKKK KKKK:1110 110S KKKK KKKK	3558
	S	1111 0000 0000 0110:1110 110S 1111 0011	0
001BEC	ECF3 F006	CALL HI2CQ24Q35SEND
	F	 0110 101A FFFF FFFF	1351
	A	 0110 101A 0100 0111	0
001BF0	6A47	CLRF I2CBYTE,ACCESS
	K	1111 KKKK KKKK KKKK:1110 110S KKKK KKKK	3558
	S	1111 0000 0000 0110:1110 110S 1111 0011	0
001BF2	ECF3 F006	CALL HI2CQ24Q35SEND
	S	1111 DDDD DDDD DDDD:1100 SSSS SSSS SSSS	1415
	D	1111 DDDD DDDD DDDD:1100 0101 1000 0111	1351
001BF6	C587 F547	MOVFF SSD1306SENDBYTE,I2CBYTE
	K	1111 KKKK KKKK KKKK:1110 110S KKKK KKKK	3558
	S	1111 0000 0000 0110:1110 110S 1111 0011	0
001BFA	ECF3 F006	CALL HI2CQ24Q35SEND
	K	1111 KKKK KKKK KKKK:1110 1111 KKKK KKKK	3638
001BFE	EF1B F007	GOTO HI2CQ24Q35STOP


		WRITE_DATA_SSD1306
	N	 1101 1NNN NNNN NNNN	1186
001C02	DCA2	RCALL SI2CSTART
	K	 0000 1110 KKKK KKKK	120
001C04	0E78	MOVLW 120
	F	 0110 111A FFFF FFFF	1351
	A	 0110 111A 0100 0111	0
001C06	6E47	MOVWF I2CBYTE,ACCESS
	K	1111 KKKK KKKK KKKK:1110 110S KKKK KKKK	3558
	S	1111 0000 0000 0110:1110 110S 1111 0011	0
001C08	ECF3 F006	CALL HI2CQ24Q35SEND
	K	 0000 1110 KKKK KKKK	64
001C0C	0E40	MOVLW 64
	F	 0110 111A FFFF FFFF	1351
	A	 0110 111A 0100 0111	0
001C0E	6E47	MOVWF I2CBYTE,ACCESS
	K	1111 KKKK KKKK KKKK:1110 110S KKKK KKKK	3558
	S	1111 0000 0000 0110:1110 110S 1111 0011	0
001C10	ECF3 F006	CALL HI2CQ24Q35SEND
	S	1111 DDDD DDDD DDDD:1100 SSSS SSSS SSSS	1415
	D	1111 DDDD DDDD DDDD:1100 0101 1000 0111	1351
001C14	C587 F547	MOVFF SSD1306SENDBYTE,I2CBYTE
	K	1111 KKKK KKKK KKKK:1110 110S KKKK KKKK	3558
	S	1111 0000 0000 0110:1110 110S 1111 0011	0
001C18	ECF3 F006	CALL HI2CQ24Q35SEND
	K	1111 KKKK KKKK KKKK:1110 1111 KKKK KKKK	3638
001C1C	EF1B F007	GOTO HI2CQ24Q35STOP


		_LINE78
	F	 0110 101A FFFF FFFF	1354
	A	 0110 101A 0100 1010	0
001C20	6A4A	CLRF LINEDIFFX,ACCESS
	F	 0110 101A FFFF FFFF	1355
	A	 0110 101A 0100 1011	0
001C22	6A4B	CLRF LINEDIFFX_H,ACCESS
	F	 0110 101A FFFF FFFF	1358
	A	 0110 101A 0100 1110	0
001C24	6A4E	CLRF LINEDIFFY,ACCESS
	F	 0110 101A FFFF FFFF	1359
	A	 0110 101A 0100 1111	0
001C26	6A4F	CLRF LINEDIFFY_H,ACCESS
	F	 0110 101A FFFF FFFF	1364
	A	 0110 101A 0101 0100	0
001C28	6A54	CLRF LINESTEPX,ACCESS
	F	 0110 101A FFFF FFFF	1365
	A	 0110 101A 0101 0101	0
001C2A	6A55	CLRF LINESTEPX_H,ACCESS
	F	 0110 101A FFFF FFFF	1366
	A	 0110 101A 0101 0110	0
001C2C	6A56	CLRF LINESTEPY,ACCESS
	F	 0110 101A FFFF FFFF	1367
	A	 0110 101A 0101 0111	0
001C2E	6A57	CLRF LINESTEPY_H,ACCESS
	F	 0110 101A FFFF FFFF	1356
	A	 0110 101A 0100 1100	0
001C30	6A4C	CLRF LINEDIFFX_X2,ACCESS
	F	 0110 101A FFFF FFFF	1357
	A	 0110 101A 0100 1101	0
001C32	6A4D	CLRF LINEDIFFX_X2_H,ACCESS
	F	 0110 101A FFFF FFFF	1360
	A	 0110 101A 0101 0000	0
001C34	6A50	CLRF LINEDIFFY_X2,ACCESS
	F	 0110 101A FFFF FFFF	1361
	A	 0110 101A 0101 0001	0
001C36	6A51	CLRF LINEDIFFY_X2_H,ACCESS
	F	 0110 101A FFFF FFFF	1362
	A	 0110 101A 0101 0010	0
001C38	6A52	CLRF LINEERR,ACCESS
	F	 0110 101A FFFF FFFF	1363
	A	 0110 101A 0101 0011	0
001C3A	6A53	CLRF LINEERR_H,ACCESS
	F	 0101 00DA FFFF FFFF	1368
	D	 0101 00DA 0101 1000	0
	A	 0101 000A 0101 1000	0
001C3C	5058	MOVF LINEX1,W,ACCESS
	F	 0101 11DA FFFF FFFF	1370
	D	 0101 11DA 0101 1010	0
	A	 0101 110A 0101 1010	0
001C3E	5C5A	SUBWF LINEX2,W,ACCESS
	F	 0110 111A FFFF FFFF	1354
	A	 0110 111A 0100 1010	0
001C40	6E4A	MOVWF LINEDIFFX,ACCESS
	F	 0101 00DA FFFF FFFF	1369
	D	 0101 00DA 0101 1001	0
	A	 0101 000A 0101 1001	0
001C42	5059	MOVF LINEX1_H,W,ACCESS
	F	 0101 10DA FFFF FFFF	1371
	D	 0101 10DA 0101 1011	0
	A	 0101 100A 0101 1011	0
001C44	585B	SUBWFB LINEX2_H,W,ACCESS
	F	 0110 111A FFFF FFFF	1355
	A	 0110 111A 0100 1011	0
001C46	6E4B	MOVWF LINEDIFFX_H,ACCESS
	F	 0101 00DA FFFF FFFF	1372
	D	 0101 00DA 0101 1100	0
	A	 0101 000A 0101 1100	0
001C48	505C	MOVF LINEY1,W,ACCESS
	F	 0101 11DA FFFF FFFF	1374
	D	 0101 11DA 0101 1110	0
	A	 0101 110A 0101 1110	0
001C4A	5C5E	SUBWF LINEY2,W,ACCESS
	F	 0110 111A FFFF FFFF	1358
	A	 0110 111A 0100 1110	0
001C4C	6E4E	MOVWF LINEDIFFY,ACCESS
	F	 0101 00DA FFFF FFFF	1373
	D	 0101 00DA 0101 1101	0
	A	 0101 000A 0101 1101	0
001C4E	505D	MOVF LINEY1_H,W,ACCESS
	F	 0101 10DA FFFF FFFF	1375
	D	 0101 10DA 0101 1111	0
	A	 0101 100A 0101 1111	0
001C50	585F	SUBWFB LINEY2_H,W,ACCESS
	F	 0110 111A FFFF FFFF	1359
	A	 0110 111A 0100 1111	0
001C52	6E4F	MOVWF LINEDIFFY_H,ACCESS
	S	1111 DDDD DDDD DDDD:1100 SSSS SSSS SSSS	1354
	D	1111 DDDD DDDD DDDD:1100 0101 0100 1010	1289
001C54	C54A F509	MOVFF LINEDIFFX,SYSINTEGERTEMPB
	S	1111 DDDD DDDD DDDD:1100 SSSS SSSS SSSS	1355
	D	1111 DDDD DDDD DDDD:1100 0101 0100 1011	1290
001C58	C54B F50A	MOVFF LINEDIFFX_H,SYSINTEGERTEMPB_H
	F	 0110 101A FFFF FFFF	1285
	A	 0110 101A 0000 0101	0
001C5C	6A05	CLRF SYSINTEGERTEMPA,ACCESS
	F	 0110 101A FFFF FFFF	1286
	A	 0110 101A 0000 0110	0
001C5E	6A06	CLRF SYSINTEGERTEMPA_H,ACCESS
	N	 1101 1NNN NNNN NNNN	1552
001C60	DE10	RCALL SYSCOMPLESSTHANINT
	F	 1010 BBBA FFFF FFFF	1280
	B	 1010 BBBA 0000 0000	0
	A	 1010 000A 0000 0000	0
001C62	A000	BTFSS SYSBYTETEMPX,0,ACCESS
	N	 1101 0NNN NNNN NNNN	4
001C64	D004	BRA ELSE18_1
	K	 0000 1110 KKKK KKKK	1
001C66	0E01	MOVLW 1
	F	 0110 111A FFFF FFFF	1364
	A	 0110 111A 0101 0100	0
001C68	6E54	MOVWF LINESTEPX,ACCESS
	F	 0110 101A FFFF FFFF	1365
	A	 0110 101A 0101 0101	0
001C6A	6A55	CLRF LINESTEPX_H,ACCESS
	N	 1101 0NNN NNNN NNNN	2
001C6C	D002	BRA ENDIF18
		ELSE18_1
	F	 0110 100A FFFF FFFF	1364
	A	 0110 100A 0101 0100	0
001C6E	6854	SETF LINESTEPX,ACCESS
	F	 0110 100A FFFF FFFF	1365
	A	 0110 100A 0101 0101	0
001C70	6855	SETF LINESTEPX_H,ACCESS
		ENDIF18
	S	1111 DDDD DDDD DDDD:1100 SSSS SSSS SSSS	1358
	D	1111 DDDD DDDD DDDD:1100 0101 0100 1110	1289
001C72	C54E F509	MOVFF LINEDIFFY,SYSINTEGERTEMPB
	S	1111 DDDD DDDD DDDD:1100 SSSS SSSS SSSS	1359
	D	1111 DDDD DDDD DDDD:1100 0101 0100 1111	1290
001C76	C54F F50A	MOVFF LINEDIFFY_H,SYSINTEGERTEMPB_H
	F	 0110 101A FFFF FFFF	1285
	A	 0110 101A 0000 0101	0
001C7A	6A05	CLRF SYSINTEGERTEMPA,ACCESS
	F	 0110 101A FFFF FFFF	1286
	A	 0110 101A 0000 0110	0
001C7C	6A06	CLRF SYSINTEGERTEMPA_H,ACCESS
	N	 1101 1NNN NNNN NNNN	1537
001C7E	DE01	RCALL SYSCOMPLESSTHANINT
	F	 1010 BBBA FFFF FFFF	1280
	B	 1010 BBBA 0000 0000	0
	A	 1010 000A 0000 0000	0
001C80	A000	BTFSS SYSBYTETEMPX,0,ACCESS
	N	 1101 0NNN NNNN NNNN	4
001C82	D004	BRA ELSE19_1
	K	 0000 1110 KKKK KKKK	1
001C84	0E01	MOVLW 1
	F	 0110 111A FFFF FFFF	1366
	A	 0110 111A 0101 0110	0
001C86	6E56	MOVWF LINESTEPY,ACCESS
	F	 0110 101A FFFF FFFF	1367
	A	 0110 101A 0101 0111	0
001C88	6A57	CLRF LINESTEPY_H,ACCESS
	N	 1101 0NNN NNNN NNNN	2
001C8A	D002	BRA ENDIF19
		ELSE19_1
	F	 0110 100A FFFF FFFF	1366
	A	 0110 100A 0101 0110	0
001C8C	6856	SETF LINESTEPY,ACCESS
	F	 0110 100A FFFF FFFF	1367
	A	 0110 100A 0101 0111	0
001C8E	6857	SETF LINESTEPY_H,ACCESS
		ENDIF19
	S	1111 DDDD DDDD DDDD:1100 SSSS SSSS SSSS	1364
	D	1111 DDDD DDDD DDDD:1100 0101 0101 0100	1285
001C90	C554 F505	MOVFF LINESTEPX,SYSINTEGERTEMPA
	S	1111 DDDD DDDD DDDD:1100 SSSS SSSS SSSS	1365
	D	1111 DDDD DDDD DDDD:1100 0101 0101 0101	1286
001C94	C555 F506	MOVFF LINESTEPX_H,SYSINTEGERTEMPA_H
	S	1111 DDDD DDDD DDDD:1100 SSSS SSSS SSSS	1354
	D	1111 DDDD DDDD DDDD:1100 0101 0100 1010	1289
001C98	C54A F509	MOVFF LINEDIFFX,SYSINTEGERTEMPB
	S	1111 DDDD DDDD DDDD:1100 SSSS SSSS SSSS	1355
	D	1111 DDDD DDDD DDDD:1100 0101 0100 1011	1290
001C9C	C54B F50A	MOVFF LINEDIFFX_H,SYSINTEGERTEMPB_H
	N	 1101 1NNN NNNN NNNN	1838
001CA0	DF2E	RCALL SYSMULTSUBINT
	S	1111 DDDD DDDD DDDD:1100 SSSS SSSS SSSS	1280
	D	1111 DDDD DDDD DDDD:1100 0101 0000 0000	1354
001CA2	C500 F54A	MOVFF SYSINTEGERTEMPX,LINEDIFFX
	S	1111 DDDD DDDD DDDD:1100 SSSS SSSS SSSS	1281
	D	1111 DDDD DDDD DDDD:1100 0101 0000 0001	1355
001CA6	C501 F54B	MOVFF SYSINTEGERTEMPX_H,LINEDIFFX_H
	S	1111 DDDD DDDD DDDD:1100 SSSS SSSS SSSS	1366
	D	1111 DDDD DDDD DDDD:1100 0101 0101 0110	1285
001CAA	C556 F505	MOVFF LINESTEPY,SYSINTEGERTEMPA
	S	1111 DDDD DDDD DDDD:1100 SSSS SSSS SSSS	1367
	D	1111 DDDD DDDD DDDD:1100 0101 0101 0111	1286
001CAE	C557 F506	MOVFF LINESTEPY_H,SYSINTEGERTEMPA_H
	S	1111 DDDD DDDD DDDD:1100 SSSS SSSS SSSS	1358
	D	1111 DDDD DDDD DDDD:1100 0101 0100 1110	1289
001CB2	C54E F509	MOVFF LINEDIFFY,SYSINTEGERTEMPB
	S	1111 DDDD DDDD DDDD:1100 SSSS SSSS SSSS	1359
	D	1111 DDDD DDDD DDDD:1100 0101 0100 1111	1290
001CB6	C54F F50A	MOVFF LINEDIFFY_H,SYSINTEGERTEMPB_H
	N	 1101 1NNN NNNN NNNN	1825
001CBA	DF21	RCALL SYSMULTSUBINT
	S	1111 DDDD DDDD DDDD:1100 SSSS SSSS SSSS	1280
	D	1111 DDDD DDDD DDDD:1100 0101 0000 0000	1358
001CBC	C500 F54E	MOVFF SYSINTEGERTEMPX,LINEDIFFY
	S	1111 DDDD DDDD DDDD:1100 SSSS SSSS SSSS	1281
	D	1111 DDDD DDDD DDDD:1100 0101 0000 0001	1359
001CC0	C501 F54F	MOVFF SYSINTEGERTEMPX_H,LINEDIFFY_H
	S	1111 DDDD DDDD DDDD:1100 SSSS SSSS SSSS	1354
	D	1111 DDDD DDDD DDDD:1100 0101 0100 1010	1285
001CC4	C54A F505	MOVFF LINEDIFFX,SYSINTEGERTEMPA
	S	1111 DDDD DDDD DDDD:1100 SSSS SSSS SSSS	1355
	D	1111 DDDD DDDD DDDD:1100 0101 0100 1011	1286
001CC8	C54B F506	MOVFF LINEDIFFX_H,SYSINTEGERTEMPA_H
	K	 0000 1110 KKKK KKKK	2
001CCC	0E02	MOVLW 2
	F	 0110 111A FFFF FFFF	1289
	A	 0110 111A 0000 1001	0
001CCE	6E09	MOVWF SYSINTEGERTEMPB,ACCESS
	F	 0110 101A FFFF FFFF	1290
	A	 0110 101A 0000 1010	0
001CD0	6A0A	CLRF SYSINTEGERTEMPB_H,ACCESS
	N	 1101 1NNN NNNN NNNN	1813
001CD2	DF15	RCALL SYSMULTSUBINT
	S	1111 DDDD DDDD DDDD:1100 SSSS SSSS SSSS	1280
	D	1111 DDDD DDDD DDDD:1100 0101 0000 0000	1356
001CD4	C500 F54C	MOVFF SYSINTEGERTEMPX,LINEDIFFX_X2
	S	1111 DDDD DDDD DDDD:1100 SSSS SSSS SSSS	1281
	D	1111 DDDD DDDD DDDD:1100 0101 0000 0001	1357
001CD8	C501 F54D	MOVFF SYSINTEGERTEMPX_H,LINEDIFFX_X2_H
	S	1111 DDDD DDDD DDDD:1100 SSSS SSSS SSSS	1358
	D	1111 DDDD DDDD DDDD:1100 0101 0100 1110	1285
001CDC	C54E F505	MOVFF LINEDIFFY,SYSINTEGERTEMPA
	S	1111 DDDD DDDD DDDD:1100 SSSS SSSS SSSS	1359
	D	1111 DDDD DDDD DDDD:1100 0101 0100 1111	1286
001CE0	C54F F506	MOVFF LINEDIFFY_H,SYSINTEGERTEMPA_H
	K	 0000 1110 KKKK KKKK	2
001CE4	0E02	MOVLW 2
	F	 0110 111A FFFF FFFF	1289
	A	 0110 111A 0000 1001	0
001CE6	6E09	MOVWF SYSINTEGERTEMPB,ACCESS
	F	 0110 101A FFFF FFFF	1290
	A	 0110 101A 0000 1010	0
001CE8	6A0A	CLRF SYSINTEGERTEMPB_H,ACCESS
	N	 1101 1NNN NNNN NNNN	1801
001CEA	DF09	RCALL SYSMULTSUBINT
	S	1111 DDDD DDDD DDDD:1100 SSSS SSSS SSSS	1280
	D	1111 DDDD DDDD DDDD:1100 0101 0000 0000	1360
001CEC	C500 F550	MOVFF SYSINTEGERTEMPX,LINEDIFFY_X2
	S	1111 DDDD DDDD DDDD:1100 SSSS SSSS SSSS	1281
	D	1111 DDDD DDDD DDDD:1100 0101 0000 0001	1361
001CF0	C501 F551	MOVFF SYSINTEGERTEMPX_H,LINEDIFFY_X2_H
	S	1111 DDDD DDDD DDDD:1100 SSSS SSSS SSSS	1354
	D	1111 DDDD DDDD DDDD:1100 0101 0100 1010	1285
001CF4	C54A F505	MOVFF LINEDIFFX,SYSINTEGERTEMPA
	S	1111 DDDD DDDD DDDD:1100 SSSS SSSS SSSS	1355
	D	1111 DDDD DDDD DDDD:1100 0101 0100 1011	1286
001CF8	C54B F506	MOVFF LINEDIFFX_H,SYSINTEGERTEMPA_H
	S	1111 DDDD DDDD DDDD:1100 SSSS SSSS SSSS	1358
	D	1111 DDDD DDDD DDDD:1100 0101 0100 1110	1289
001CFC	C54E F509	MOVFF LINEDIFFY,SYSINTEGERTEMPB
	S	1111 DDDD DDDD DDDD:1100 SSSS SSSS SSSS	1359
	D	1111 DDDD DDDD DDDD:1100 0101 0100 1111	1290
001D00	C54F F50A	MOVFF LINEDIFFY_H,SYSINTEGERTEMPB_H
	N	 1101 1NNN NNNN NNNN	1470
001D04	DDBE	RCALL SYSCOMPLESSTHANINT
	F	 0001 11DA FFFF FFFF	1280
	D	 0001 11DA 0000 0000	1
	A	 0001 111A 0000 0000	0
001D06	1E00	COMF SYSBYTETEMPX,F,ACCESS
	F	 1010 BBBA FFFF FFFF	1280
	B	 1010 BBBA 0000 0000	0
	A	 1010 000A 0000 0000	0
001D08	A000	BTFSS SYSBYTETEMPX,0,ACCESS
	N	 1101 0NNN NNNN NNNN	74
001D0A	D04A	BRA ELSE20_1
	F	 0101 00DA FFFF FFFF	1354
	D	 0101 00DA 0100 1010	0
	A	 0101 000A 0100 1010	0
001D0C	504A	MOVF LINEDIFFX,W,ACCESS
	F	 0101 11DA FFFF FFFF	1360
	D	 0101 11DA 0101 0000	0
	A	 0101 110A 0101 0000	0
001D0E	5C50	SUBWF LINEDIFFY_X2,W,ACCESS
	F	 0110 111A FFFF FFFF	1362
	A	 0110 111A 0101 0010	0
001D10	6E52	MOVWF LINEERR,ACCESS
	F	 0101 00DA FFFF FFFF	1355
	D	 0101 00DA 0100 1011	0
	A	 0101 000A 0100 1011	0
001D12	504B	MOVF LINEDIFFX_H,W,ACCESS
	F	 0101 10DA FFFF FFFF	1361
	D	 0101 10DA 0101 0001	0
	A	 0101 100A 0101 0001	0
001D14	5851	SUBWFB LINEDIFFY_X2_H,W,ACCESS
	F	 0110 111A FFFF FFFF	1363
	A	 0110 111A 0101 0011	0
001D16	6E53	MOVWF LINEERR_H,ACCESS
		SYSDOLOOP_S2
	S	1111 DDDD DDDD DDDD:1100 SSSS SSSS SSSS	1368
	D	1111 DDDD DDDD DDDD:1100 0101 0101 1000	1285
001D18	C558 F505	MOVFF LINEX1,SYSWORDTEMPA
	S	1111 DDDD DDDD DDDD:1100 SSSS SSSS SSSS	1369
	D	1111 DDDD DDDD DDDD:1100 0101 0101 1001	1286
001D1C	C559 F506	MOVFF LINEX1_H,SYSWORDTEMPA_H
	S	1111 DDDD DDDD DDDD:1100 SSSS SSSS SSSS	1370
	D	1111 DDDD DDDD DDDD:1100 0101 0101 1010	1289
001D20	C55A F509	MOVFF LINEX2,SYSWORDTEMPB
	S	1111 DDDD DDDD DDDD:1100 SSSS SSSS SSSS	1371
	D	1111 DDDD DDDD DDDD:1100 0101 0101 1011	1290
001D24	C55B F50A	MOVFF LINEX2_H,SYSWORDTEMPB_H
	K	 0000 0001 00KK KKKK	0
000000	0100	BANKSEL 0
	N	 1101 1NNN NNNN NNNN	1386
001D2A	DD6A	RCALL SYSCOMPEQUAL16
	F	 0001 11DA FFFF FFFF	1280
	D	 0001 11DA 0000 0000	1
	A	 0001 111A 0000 0000	0
001D2C	1E00	COMF SYSBYTETEMPX,F,ACCESS
	F	 1010 BBBA FFFF FFFF	1280
	B	 1010 BBBA 0000 0000	0
	A	 1010 000A 0000 0000	0
001D2E	A000	BTFSS SYSBYTETEMPX,0,ACCESS
	N	 1101 0NNN NNNN NNNN	44
001D30	D02C	BRA SYSDOLOOP_E2
	S	1111 DDDD DDDD DDDD:1100 SSSS SSSS SSSS	1368
	D	1111 DDDD DDDD DDDD:1100 0101 0101 1000	1338
001D32	C558 F53A	MOVFF LINEX1,GLCDX
	S	1111 DDDD DDDD DDDD:1100 SSSS SSSS SSSS	1372
	D	1111 DDDD DDDD DDDD:1100 0101 0101 1100	1339
001D36	C55C F53B	MOVFF LINEY1,GLCDY
	S	1111 DDDD DDDD DDDD:1100 SSSS SSSS SSSS	1352
	D	1111 DDDD DDDD DDDD:1100 0101 0100 1000	1323
001D3A	C548 F52B	MOVFF LINECOLOUR,GLCDCOLOUR
	S	1111 DDDD DDDD DDDD:1100 SSSS SSSS SSSS	1353
	D	1111 DDDD DDDD DDDD:1100 0101 0100 1001	1324
001D3E	C549 F52C	MOVFF LINECOLOUR_H,GLCDCOLOUR_H
	K	1111 KKKK KKKK KKKK:1110 110S KKKK KKKK	4560
	S	1111 0000 0000 1000:1110 110S 1110 1000	0
001D42	ECE8 F008	CALL PSET_SSD1306
	F	 0101 00DA FFFF FFFF	1364
	D	 0101 00DA 0101 0100	0
	A	 0101 000A 0101 0100	0
001D46	5054	MOVF LINESTEPX,W,ACCESS
	F	 0010 01DA FFFF FFFF	1368
	D	 0010 01DA 0101 1000	1
	A	 0010 011A 0101 1000	0
001D48	2658	ADDWF LINEX1,F,ACCESS
	F	 0101 00DA FFFF FFFF	1365
	D	 0101 00DA 0101 0101	0
	A	 0101 000A 0101 0101	0
001D4A	5055	MOVF LINESTEPX_H,W,ACCESS
	F	 0010 00DA FFFF FFFF	1369
	D	 0010 00DA 0101 1001	1
	A	 0010 001A 0101 1001	0
001D4C	2259	ADDWFC LINEX1_H,F,ACCESS
	S	1111 DDDD DDDD DDDD:1100 SSSS SSSS SSSS	1362
	D	1111 DDDD DDDD DDDD:1100 0101 0101 0010	1285
001D4E	C552 F505	MOVFF LINEERR,SYSINTEGERTEMPA
	S	1111 DDDD DDDD DDDD:1100 SSSS SSSS SSSS	1363
	D	1111 DDDD DDDD DDDD:1100 0101 0101 0011	1286
001D52	C553 F506	MOVFF LINEERR_H,SYSINTEGERTEMPA_H
	F	 0110 101A FFFF FFFF	1289
	A	 0110 101A 0000 1001	0
001D56	6A09	CLRF SYSINTEGERTEMPB,ACCESS
	F	 0110 101A FFFF FFFF	1290
	A	 0110 101A 0000 1010	0
001D58	6A0A	CLRF SYSINTEGERTEMPB_H,ACCESS
	N	 1101 1NNN NNNN NNNN	1427
001D5A	DD93	RCALL SYSCOMPLESSTHANINT
	F	 1010 BBBA FFFF FFFF	1280
	B	 1010 BBBA 0000 0000	0
	A	 1010 000A 0000 0000	0
001D5C	A000	BTFSS SYSBYTETEMPX,0,ACCESS
	N	 1101 0NNN NNNN NNNN	5
001D5E	D005	BRA ELSE21_1
	F	 0101 00DA FFFF FFFF	1360
	D	 0101 00DA 0101 0000	0
	A	 0101 000A 0101 0000	0
001D60	5050	MOVF LINEDIFFY_X2,W,ACCESS
	F	 0010 01DA FFFF FFFF	1362
	D	 0010 01DA 0101 0010	1
	A	 0010 011A 0101 0010	0
001D62	2652	ADDWF LINEERR,F,ACCESS
	F	 0101 00DA FFFF FFFF	1361
	D	 0101 00DA 0101 0001	0
	A	 0101 000A 0101 0001	0
001D64	5051	MOVF LINEDIFFY_X2_H,W,ACCESS
	F	 0010 00DA FFFF FFFF	1363
	D	 0010 00DA 0101 0011	1
	A	 0010 001A 0101 0011	0
001D66	2253	ADDWFC LINEERR_H,F,ACCESS
	N	 1101 0NNN NNNN NNNN	15
001D68	D00F	BRA ENDIF21
		ELSE21_1
	F	 0101 00DA FFFF FFFF	1356
	D	 0101 00DA 0100 1100	0
	A	 0101 000A 0100 1100	0
001D6A	504C	MOVF LINEDIFFX_X2,W,ACCESS
	F	 0101 11DA FFFF FFFF	1360
	D	 0101 11DA 0101 0000	0
	A	 0101 110A 0101 0000	0
001D6C	5C50	SUBWF LINEDIFFY_X2,W,ACCESS
	K	 0000 0001 00KK KKKK	5
000000	0105	BANKSEL SYSTEMP1
	F	 0110 111A FFFF FFFF	1450
	A	 0110 111A 1010 1010	1
001D70	6FAA	MOVWF SYSTEMP1,BANKED
	F	 0101 00DA FFFF FFFF	1357
	D	 0101 00DA 0100 1101	0
	A	 0101 000A 0100 1101	0
001D72	504D	MOVF LINEDIFFX_X2_H,W,ACCESS
	F	 0101 10DA FFFF FFFF	1361
	D	 0101 10DA 0101 0001	0
	A	 0101 100A 0101 0001	0
001D74	5851	SUBWFB LINEDIFFY_X2_H,W,ACCESS
	F	 0110 111A FFFF FFFF	1451
	A	 0110 111A 1010 1011	1
001D76	6FAB	MOVWF SYSTEMP1_H,BANKED
	F	 0101 00DA FFFF FFFF	1450
	D	 0101 00DA 1010 1010	0
	A	 0101 000A 1010 1010	1
001D78	51AA	MOVF SYSTEMP1,W,BANKED
	F	 0010 01DA FFFF FFFF	1362
	D	 0010 01DA 0101 0010	1
	A	 0010 011A 0101 0010	0
001D7A	2652	ADDWF LINEERR,F,ACCESS
	F	 0101 00DA FFFF FFFF	1451
	D	 0101 00DA 1010 1011	0
	A	 0101 000A 1010 1011	1
001D7C	51AB	MOVF SYSTEMP1_H,W,BANKED
	F	 0010 00DA FFFF FFFF	1363
	D	 0010 00DA 0101 0011	1
	A	 0010 001A 0101 0011	0
001D7E	2253	ADDWFC LINEERR_H,F,ACCESS
	F	 0101 00DA FFFF FFFF	1366
	D	 0101 00DA 0101 0110	0
	A	 0101 000A 0101 0110	0
001D80	5056	MOVF LINESTEPY,W,ACCESS
	F	 0010 01DA FFFF FFFF	1372
	D	 0010 01DA 0101 1100	1
	A	 0010 011A 0101 1100	0
001D82	265C	ADDWF LINEY1,F,ACCESS
	F	 0101 00DA FFFF FFFF	1367
	D	 0101 00DA 0101 0111	0
	A	 0101 000A 0101 0111	0
001D84	5057	MOVF LINESTEPY_H,W,ACCESS
	F	 0010 00DA FFFF FFFF	1373
	D	 0010 00DA 0101 1101	1
	A	 0010 001A 0101 1101	0
001D86	225D	ADDWFC LINEY1_H,F,ACCESS
		ENDIF21
	N	 1101 0NNN NNNN NNNN	1991
001D88	D7C7	BRA SYSDOLOOP_S2
		SYSDOLOOP_E2
	S	1111 DDDD DDDD DDDD:1100 SSSS SSSS SSSS	1368
	D	1111 DDDD DDDD DDDD:1100 0101 0101 1000	1338
001D8A	C558 F53A	MOVFF LINEX1,GLCDX
	S	1111 DDDD DDDD DDDD:1100 SSSS SSSS SSSS	1372
	D	1111 DDDD DDDD DDDD:1100 0101 0101 1100	1339
001D8E	C55C F53B	MOVFF LINEY1,GLCDY
	S	1111 DDDD DDDD DDDD:1100 SSSS SSSS SSSS	1352
	D	1111 DDDD DDDD DDDD:1100 0101 0100 1000	1323
001D92	C548 F52B	MOVFF LINECOLOUR,GLCDCOLOUR
	S	1111 DDDD DDDD DDDD:1100 SSSS SSSS SSSS	1353
	D	1111 DDDD DDDD DDDD:1100 0101 0100 1001	1324
001D96	C549 F52C	MOVFF LINECOLOUR_H,GLCDCOLOUR_H
	K	1111 KKKK KKKK KKKK:1110 110S KKKK KKKK	4560
	S	1111 0000 0000 1000:1110 110S 1110 1000	0
001D9A	ECE8 F008	CALL PSET_SSD1306
	N	 1101 0NNN NNNN NNNN	73
001D9E	D049	BRA ENDIF20
		ELSE20_1
	F	 0101 00DA FFFF FFFF	1358
	D	 0101 00DA 0100 1110	0
	A	 0101 000A 0100 1110	0
001DA0	504E	MOVF LINEDIFFY,W,ACCESS
	F	 0101 11DA FFFF FFFF	1356
	D	 0101 11DA 0100 1100	0
	A	 0101 110A 0100 1100	0
001DA2	5C4C	SUBWF LINEDIFFX_X2,W,ACCESS
	F	 0110 111A FFFF FFFF	1362
	A	 0110 111A 0101 0010	0
001DA4	6E52	MOVWF LINEERR,ACCESS
	F	 0101 00DA FFFF FFFF	1359
	D	 0101 00DA 0100 1111	0
	A	 0101 000A 0100 1111	0
001DA6	504F	MOVF LINEDIFFY_H,W,ACCESS
	F	 0101 10DA FFFF FFFF	1357
	D	 0101 10DA 0100 1101	0
	A	 0101 100A 0100 1101	0
001DA8	584D	SUBWFB LINEDIFFX_X2_H,W,ACCESS
	F	 0110 111A FFFF FFFF	1363
	A	 0110 111A 0101 0011	0
001DAA	6E53	MOVWF LINEERR_H,ACCESS
		SYSDOLOOP_S3
	S	1111 DDDD DDDD DDDD:1100 SSSS SSSS SSSS	1372
	D	1111 DDDD DDDD DDDD:1100 0101 0101 1100	1285
001DAC	C55C F505	MOVFF LINEY1,SYSWORDTEMPA
	S	1111 DDDD DDDD DDDD:1100 SSSS SSSS SSSS	1373
	D	1111 DDDD DDDD DDDD:1100 0101 0101 1101	1286
001DB0	C55D F506	MOVFF LINEY1_H,SYSWORDTEMPA_H
	S	1111 DDDD DDDD DDDD:1100 SSSS SSSS SSSS	1374
	D	1111 DDDD DDDD DDDD:1100 0101 0101 1110	1289
001DB4	C55E F509	MOVFF LINEY2,SYSWORDTEMPB
	S	1111 DDDD DDDD DDDD:1100 SSSS SSSS SSSS	1375
	D	1111 DDDD DDDD DDDD:1100 0101 0101 1111	1290
001DB8	C55F F50A	MOVFF LINEY2_H,SYSWORDTEMPB_H
	K	 0000 0001 00KK KKKK	0
000000	0100	BANKSEL 0
	N	 1101 1NNN NNNN NNNN	1312
001DBE	DD20	RCALL SYSCOMPEQUAL16
	F	 0001 11DA FFFF FFFF	1280
	D	 0001 11DA 0000 0000	1
	A	 0001 111A 0000 0000	0
001DC0	1E00	COMF SYSBYTETEMPX,F,ACCESS
	F	 1010 BBBA FFFF FFFF	1280
	B	 1010 BBBA 0000 0000	0
	A	 1010 000A 0000 0000	0
001DC2	A000	BTFSS SYSBYTETEMPX,0,ACCESS
	N	 1101 0NNN NNNN NNNN	44
001DC4	D02C	BRA SYSDOLOOP_E3
	S	1111 DDDD DDDD DDDD:1100 SSSS SSSS SSSS	1368
	D	1111 DDDD DDDD DDDD:1100 0101 0101 1000	1338
001DC6	C558 F53A	MOVFF LINEX1,GLCDX
	S	1111 DDDD DDDD DDDD:1100 SSSS SSSS SSSS	1372
	D	1111 DDDD DDDD DDDD:1100 0101 0101 1100	1339
001DCA	C55C F53B	MOVFF LINEY1,GLCDY
	S	1111 DDDD DDDD DDDD:1100 SSSS SSSS SSSS	1352
	D	1111 DDDD DDDD DDDD:1100 0101 0100 1000	1323
001DCE	C548 F52B	MOVFF LINECOLOUR,GLCDCOLOUR
	S	1111 DDDD DDDD DDDD:1100 SSSS SSSS SSSS	1353
	D	1111 DDDD DDDD DDDD:1100 0101 0100 1001	1324
001DD2	C549 F52C	MOVFF LINECOLOUR_H,GLCDCOLOUR_H
	K	1111 KKKK KKKK KKKK:1110 110S KKKK KKKK	4560
	S	1111 0000 0000 1000:1110 110S 1110 1000	0
001DD6	ECE8 F008	CALL PSET_SSD1306
	F	 0101 00DA FFFF FFFF	1366
	D	 0101 00DA 0101 0110	0
	A	 0101 000A 0101 0110	0
001DDA	5056	MOVF LINESTEPY,W,ACCESS
	F	 0010 01DA FFFF FFFF	1372
	D	 0010 01DA 0101 1100	1
	A	 0010 011A 0101 1100	0
001DDC	265C	ADDWF LINEY1,F,ACCESS
	F	 0101 00DA FFFF FFFF	1367
	D	 0101 00DA 0101 0111	0
	A	 0101 000A 0101 0111	0
001DDE	5057	MOVF LINESTEPY_H,W,ACCESS
	F	 0010 00DA FFFF FFFF	1373
	D	 0010 00DA 0101 1101	1
	A	 0010 001A 0101 1101	0
001DE0	225D	ADDWFC LINEY1_H,F,ACCESS
	S	1111 DDDD DDDD DDDD:1100 SSSS SSSS SSSS	1362
	D	1111 DDDD DDDD DDDD:1100 0101 0101 0010	1285
001DE2	C552 F505	MOVFF LINEERR,SYSINTEGERTEMPA
	S	1111 DDDD DDDD DDDD:1100 SSSS SSSS SSSS	1363
	D	1111 DDDD DDDD DDDD:1100 0101 0101 0011	1286
001DE6	C553 F506	MOVFF LINEERR_H,SYSINTEGERTEMPA_H
	F	 0110 101A FFFF FFFF	1289
	A	 0110 101A 0000 1001	0
001DEA	6A09	CLRF SYSINTEGERTEMPB,ACCESS
	F	 0110 101A FFFF FFFF	1290
	A	 0110 101A 0000 1010	0
001DEC	6A0A	CLRF SYSINTEGERTEMPB_H,ACCESS
	N	 1101 1NNN NNNN NNNN	1353
001DEE	DD49	RCALL SYSCOMPLESSTHANINT
	F	 1010 BBBA FFFF FFFF	1280
	B	 1010 BBBA 0000 0000	0
	A	 1010 000A 0000 0000	0
001DF0	A000	BTFSS SYSBYTETEMPX,0,ACCESS
	N	 1101 0NNN NNNN NNNN	5
001DF2	D005	BRA ELSE22_1
	F	 0101 00DA FFFF FFFF	1356
	D	 0101 00DA 0100 1100	0
	A	 0101 000A 0100 1100	0
001DF4	504C	MOVF LINEDIFFX_X2,W,ACCESS
	F	 0010 01DA FFFF FFFF	1362
	D	 0010 01DA 0101 0010	1
	A	 0010 011A 0101 0010	0
001DF6	2652	ADDWF LINEERR,F,ACCESS
	F	 0101 00DA FFFF FFFF	1357
	D	 0101 00DA 0100 1101	0
	A	 0101 000A 0100 1101	0
001DF8	504D	MOVF LINEDIFFX_X2_H,W,ACCESS
	F	 0010 00DA FFFF FFFF	1363
	D	 0010 00DA 0101 0011	1
	A	 0010 001A 0101 0011	0
001DFA	2253	ADDWFC LINEERR_H,F,ACCESS
	N	 1101 0NNN NNNN NNNN	15
001DFC	D00F	BRA ENDIF22
		ELSE22_1
	F	 0101 00DA FFFF FFFF	1360
	D	 0101 00DA 0101 0000	0
	A	 0101 000A 0101 0000	0
001DFE	5050	MOVF LINEDIFFY_X2,W,ACCESS
	F	 0101 11DA FFFF FFFF	1356
	D	 0101 11DA 0100 1100	0
	A	 0101 110A 0100 1100	0
001E00	5C4C	SUBWF LINEDIFFX_X2,W,ACCESS
	K	 0000 0001 00KK KKKK	5
000000	0105	BANKSEL SYSTEMP1
	F	 0110 111A FFFF FFFF	1450
	A	 0110 111A 1010 1010	1
001E04	6FAA	MOVWF SYSTEMP1,BANKED
	F	 0101 00DA FFFF FFFF	1361
	D	 0101 00DA 0101 0001	0
	A	 0101 000A 0101 0001	0
001E06	5051	MOVF LINEDIFFY_X2_H,W,ACCESS
	F	 0101 10DA FFFF FFFF	1357
	D	 0101 10DA 0100 1101	0
	A	 0101 100A 0100 1101	0
001E08	584D	SUBWFB LINEDIFFX_X2_H,W,ACCESS
	F	 0110 111A FFFF FFFF	1451
	A	 0110 111A 1010 1011	1
001E0A	6FAB	MOVWF SYSTEMP1_H,BANKED
	F	 0101 00DA FFFF FFFF	1450
	D	 0101 00DA 1010 1010	0
	A	 0101 000A 1010 1010	1
001E0C	51AA	MOVF SYSTEMP1,W,BANKED
	F	 0010 01DA FFFF FFFF	1362
	D	 0010 01DA 0101 0010	1
	A	 0010 011A 0101 0010	0
001E0E	2652	ADDWF LINEERR,F,ACCESS
	F	 0101 00DA FFFF FFFF	1451
	D	 0101 00DA 1010 1011	0
	A	 0101 000A 1010 1011	1
001E10	51AB	MOVF SYSTEMP1_H,W,BANKED
	F	 0010 00DA FFFF FFFF	1363
	D	 0010 00DA 0101 0011	1
	A	 0010 001A 0101 0011	0
001E12	2253	ADDWFC LINEERR_H,F,ACCESS
	F	 0101 00DA FFFF FFFF	1364
	D	 0101 00DA 0101 0100	0
	A	 0101 000A 0101 0100	0
001E14	5054	MOVF LINESTEPX,W,ACCESS
	F	 0010 01DA FFFF FFFF	1368
	D	 0010 01DA 0101 1000	1
	A	 0010 011A 0101 1000	0
001E16	2658	ADDWF LINEX1,F,ACCESS
	F	 0101 00DA FFFF FFFF	1365
	D	 0101 00DA 0101 0101	0
	A	 0101 000A 0101 0101	0
001E18	5055	MOVF LINESTEPX_H,W,ACCESS
	F	 0010 00DA FFFF FFFF	1369
	D	 0010 00DA 0101 1001	1
	A	 0010 001A 0101 1001	0
001E1A	2259	ADDWFC LINEX1_H,F,ACCESS
		ENDIF22
	N	 1101 0NNN NNNN NNNN	1991
001E1C	D7C7	BRA SYSDOLOOP_S3
		SYSDOLOOP_E3
	S	1111 DDDD DDDD DDDD:1100 SSSS SSSS SSSS	1368
	D	1111 DDDD DDDD DDDD:1100 0101 0101 1000	1338
001E1E	C558 F53A	MOVFF LINEX1,GLCDX
	S	1111 DDDD DDDD DDDD:1100 SSSS SSSS SSSS	1372
	D	1111 DDDD DDDD DDDD:1100 0101 0101 1100	1339
001E22	C55C F53B	MOVFF LINEY1,GLCDY
	S	1111 DDDD DDDD DDDD:1100 SSSS SSSS SSSS	1352
	D	1111 DDDD DDDD DDDD:1100 0101 0100 1000	1323
001E26	C548 F52B	MOVFF LINECOLOUR,GLCDCOLOUR
	S	1111 DDDD DDDD DDDD:1100 SSSS SSSS SSSS	1353
	D	1111 DDDD DDDD DDDD:1100 0101 0100 1001	1324
001E2A	C549 F52C	MOVFF LINECOLOUR_H,GLCDCOLOUR_H
	K	1111 KKKK KKKK KKKK:1110 110S KKKK KKKK	4560
	S	1111 0000 0000 1000:1110 110S 1110 1000	0
001E2E	ECE8 F008	CALL PSET_SSD1306
		ENDIF20
	S	 0000 0000 0001 001S	0
001E32	0012	RETURN


