GCASM List File (GCBASIC 2026.08.07 (Windows 64 bit) : Build 1617)

Symbols:
A 	EQU 	0
ABD 	EQU 	4
ABDEN 	EQU 	6
ABDIE 	EQU 	2
ABDIF 	EQU 	6
ABDOVE 	EQU 	5
ABDOVF 	EQU 	5
ACC0 	EQU 	0
ACC1 	EQU 	1
ACC10 	EQU 	2
ACC11 	EQU 	3
ACC12 	EQU 	4
ACC13 	EQU 	5
ACC14 	EQU 	6
ACC15 	EQU 	7
ACC16 	EQU 	0
ACC17 	EQU 	1
ACC18 	EQU 	2
ACC19 	EQU 	3
ACC2 	EQU 	2
ACC3 	EQU 	3
ACC4 	EQU 	4
ACC5 	EQU 	5
ACC6 	EQU 	6
ACC7 	EQU 	7
ACC8 	EQU 	0
ACC9 	EQU 	1
ACCESS 	EQU 	0
ACCM 	EQU 	4
ACCMOD 	EQU 	4
ACKCNT 	EQU 	7
ACKDT 	EQU 	6
ACKSTAT 	EQU 	5
ACKT 	EQU 	4
ACKT1IE 	EQU 	6
ACKT1IF 	EQU 	6
ACKT2IE 	EQU 	6
ACKT2IF 	EQU 	6
ACKTIE 	EQU 	6
ACKTIF 	EQU 	6
ACLR 	EQU 	3
ACNT 	EQU 	7
ACNTMD0 	EQU 	0
ACNTMD1 	EQU 	1
ACQ0 	EQU 	0
ACQ1 	EQU 	1
ACQ10 	EQU 	2
ACQ11 	EQU 	3
ACQ12 	EQU 	4
ACQ2 	EQU 	2
ACQ3 	EQU 	3
ACQ4 	EQU 	4
ACQ5 	EQU 	5
ACQ6 	EQU 	6
ACQ7 	EQU 	7
ACQ8 	EQU 	0
ACQ9 	EQU 	1
ACSS 	EQU 	33
ACT0 	EQU 	0
ACT1 	EQU 	1
ACT2 	EQU 	2
ACT3 	EQU 	3
ACT4 	EQU 	4
ACT5 	EQU 	5
ACTCON 	EQU 	172
ACTCON_EN 	EQU 	7
ACTEN 	EQU 	7
ACTIE 	EQU 	3
ACTIF 	EQU 	3
ACTIP 	EQU 	3
ACTLOCK 	EQU 	3
ACTMD 	EQU 	3
ACTORS 	EQU 	1
ACTUD 	EQU 	6
AD0 	EQU 	0
AD1 	EQU 	1
AD10 	EQU 	2
AD11 	EQU 	3
AD12 	EQU 	4
AD13 	EQU 	5
AD14 	EQU 	6
AD15 	EQU 	7
AD16 	EQU 	0
AD17 	EQU 	1
AD18 	EQU 	2
AD19 	EQU 	3
AD2 	EQU 	2
AD20 	EQU 	4
AD3 	EQU 	3
AD4 	EQU 	4
AD5 	EQU 	5
AD6 	EQU 	6
AD7 	EQU 	7
AD8 	EQU 	0
AD9 	EQU 	1
ADACC 	EQU 	995
ADACC0 	EQU 	0
ADACC1 	EQU 	1
ADACC10 	EQU 	2
ADACC11 	EQU 	3
ADACC12 	EQU 	4
ADACC13 	EQU 	5
ADACC14 	EQU 	6
ADACC15 	EQU 	7
ADACC2 	EQU 	2
ADACC3 	EQU 	3
ADACC4 	EQU 	4
ADACC5 	EQU 	5
ADACC6 	EQU 	6
ADACC7 	EQU 	7
ADACC8 	EQU 	0
ADACC9 	EQU 	1
ADACCH 	EQU 	996
ADACCL 	EQU 	995
ADACLR 	EQU 	3
ADACQ 	EQU 	1006
ADACQ0 	EQU 	0
ADACQ1 	EQU 	1
ADACQ10 	EQU 	2
ADACQ11 	EQU 	3
ADACQ12 	EQU 	4
ADACQ2 	EQU 	2
ADACQ3 	EQU 	3
ADACQ4 	EQU 	4
ADACQ5 	EQU 	5
ADACQ6 	EQU 	6
ADACQ7 	EQU 	7
ADACQ8 	EQU 	0
ADACQ9 	EQU 	1
ADACQH 	EQU 	1007
ADACQH_ACQ0 	EQU 	0
ADACQH_ACQ1 	EQU 	1
ADACQH_ACQ2 	EQU 	2
ADACQH_ACQ3 	EQU 	3
ADACQH_ACQ4 	EQU 	4
ADACQH_ADACQ0 	EQU 	0
ADACQH_ADACQ1 	EQU 	1
ADACQH_ADACQ2 	EQU 	2
ADACQH_ADACQ3 	EQU 	3
ADACQH_ADACQ4 	EQU 	4
ADACQL 	EQU 	1006
ADACT 	EQU 	1017
ADACT0 	EQU 	0
ADACT1 	EQU 	1
ADACT2 	EQU 	2
ADACT3 	EQU 	3
ADACT4 	EQU 	4
ADACT5 	EQU 	5
ADACTPPS 	EQU 	617
ADACTPPS0 	EQU 	0
ADACTPPS1 	EQU 	1
ADACTPPS2 	EQU 	2
ADACTPPS3 	EQU 	3
ADACTPPS4 	EQU 	4
ADACTPPS5 	EQU 	5
ADACTPPS6 	EQU 	6
ADACTPPS7 	EQU 	7
ADACTPPS_PIN0 	EQU 	0
ADACTPPS_PIN1 	EQU 	1
ADACTPPS_PIN2 	EQU 	2
ADACTPPS_PORT0 	EQU 	3
ADACTPPS_PORT1 	EQU 	4
ADACTPPS_PORT2 	EQU 	5
ADACTPPS_PORT3 	EQU 	6
ADACTPPS_PORT4 	EQU 	7
ADAOV 	EQU 	7
ADCALC0 	EQU 	4
ADCALC1 	EQU 	5
ADCALC2 	EQU 	6
ADCAP 	EQU 	1008
ADCAP0 	EQU 	0
ADCAP1 	EQU 	1
ADCAP2 	EQU 	2
ADCAP3 	EQU 	3
ADCAP4 	EQU 	4
ADCG1A 	EQU 	272
ADCG1B 	EQU 	273
ADCG1C 	EQU 	274
ADCG1E 	EQU 	276
ADCLK 	EQU 	1018
ADCLK_CS3 	EQU 	3
ADCLK_CS4 	EQU 	4
ADCMD 	EQU 	1
ADCNT 	EQU 	998
ADCNT0 	EQU 	0
ADCNT1 	EQU 	1
ADCNT2 	EQU 	2
ADCNT3 	EQU 	3
ADCNT4 	EQU 	4
ADCNT5 	EQU 	5
ADCNT6 	EQU 	6
ADCNT7 	EQU 	7
ADCNT_CNT0 	EQU 	0
ADCNT_CNT1 	EQU 	1
ADCNT_CNT2 	EQU 	2
ADCNT_CNT3 	EQU 	3
ADCNT_CNT4 	EQU 	4
ADCNT_CNT5 	EQU 	5
ADCNT_CNT6 	EQU 	6
ADCNT_CNT7 	EQU 	7
ADCON0 	EQU 	1011
ADCON0_ADFM0 	EQU 	2
ADCON0_FM0 	EQU 	2
ADCON1 	EQU 	1012
ADCON2 	EQU 	1013
ADCON2_ADCRS0 	EQU 	4
ADCON2_ADCRS1 	EQU 	5
ADCON2_ADCRS2 	EQU 	6
ADCON2_ADMD0 	EQU 	0
ADCON2_ADMD1 	EQU 	1
ADCON2_ADMD2 	EQU 	2
ADCON2_CRS0 	EQU 	4
ADCON2_CRS1 	EQU 	5
ADCON2_CRS2 	EQU 	6
ADCON2_MD0 	EQU 	0
ADCON2_MD1 	EQU 	1
ADCON2_MD2 	EQU 	2
ADCON3 	EQU 	1014
ADCON3_ADCALC0 	EQU 	4
ADCON3_ADCALC1 	EQU 	5
ADCON3_ADCALC2 	EQU 	6
ADCON3_ADTMD0 	EQU 	0
ADCON3_ADTMD1 	EQU 	1
ADCON3_ADTMD2 	EQU 	2
ADCON3_CALC0 	EQU 	4
ADCON3_CALC1 	EQU 	5
ADCON3_CALC2 	EQU 	6
ADCON3_TMD0 	EQU 	0
ADCON3_TMD1 	EQU 	1
ADCON3_TMD2 	EQU 	2
ADCONT 	EQU 	6
ADCRS0 	EQU 	4
ADCRS1 	EQU 	5
ADCRS2 	EQU 	6
ADCS 	EQU 	4
ADCS0 	EQU 	0
ADCS1 	EQU 	1
ADCS2 	EQU 	2
ADCS3 	EQU 	3
ADCS4 	EQU 	4
ADCS5 	EQU 	5
ADDSEN 	EQU 	0
ADERR 	EQU 	989
ADERR0 	EQU 	0
ADERR1 	EQU 	1
ADERR10 	EQU 	2
ADERR11 	EQU 	3
ADERR12 	EQU 	4
ADERR13 	EQU 	5
ADERR14 	EQU 	6
ADERR15 	EQU 	7
ADERR2 	EQU 	2
ADERR3 	EQU 	3
ADERR4 	EQU 	4
ADERR5 	EQU 	5
ADERR6 	EQU 	6
ADERR7 	EQU 	7
ADERR8 	EQU 	0
ADERR9 	EQU 	1
ADERRH 	EQU 	990
ADERRL 	EQU 	989
ADFLTR 	EQU 	993
ADFLTR0 	EQU 	0
ADFLTR1 	EQU 	1
ADFLTR10 	EQU 	2
ADFLTR11 	EQU 	3
ADFLTR12 	EQU 	4
ADFLTR13 	EQU 	5
ADFLTR14 	EQU 	6
ADFLTR15 	EQU 	7
ADFLTR2 	EQU 	2
ADFLTR3 	EQU 	3
ADFLTR4 	EQU 	4
ADFLTR5 	EQU 	5
ADFLTR6 	EQU 	6
ADFLTR7 	EQU 	7
ADFLTR8 	EQU 	0
ADFLTR9 	EQU 	1
ADFLTRH 	EQU 	994
ADFLTRL 	EQU 	993
ADFM0 	EQU 	2
ADFM1 	EQU 	3
ADFVR0 	EQU 	0
ADFVR1 	EQU 	1
ADGO 	EQU 	0
ADGPOL 	EQU 	5
ADIE 	EQU 	2
ADIF 	EQU 	2
ADIP 	EQU 	2
ADIPEN 	EQU 	6
ADLTH 	EQU 	985
ADLTH0 	EQU 	0
ADLTH1 	EQU 	1
ADLTH10 	EQU 	2
ADLTH11 	EQU 	3
ADLTH12 	EQU 	4
ADLTH13 	EQU 	5
ADLTH14 	EQU 	6
ADLTH15 	EQU 	7
ADLTH2 	EQU 	2
ADLTH3 	EQU 	3
ADLTH4 	EQU 	4
ADLTH5 	EQU 	5
ADLTH6 	EQU 	6
ADLTH7 	EQU 	7
ADLTH8 	EQU 	0
ADLTH9 	EQU 	1
ADLTHH 	EQU 	986
ADLTHL 	EQU 	985
ADLTHR 	EQU 	5
ADMATH 	EQU 	4
ADMD0 	EQU 	0
ADMD1 	EQU 	1
ADMD2 	EQU 	2
ADNREF0 	EQU 	4
ADNREF1 	EQU 	5
ADNREF2 	EQU 	6
ADNREF3 	EQU 	7
ADOEN 	EQU 	2
ADON 	EQU 	7
ADOR 	EQU 	2
ADOV 	EQU 	7
ADPCH 	EQU 	1004
ADPCH0 	EQU 	0
ADPCH1 	EQU 	1
ADPCH2 	EQU 	2
ADPCH3 	EQU 	3
ADPCH4 	EQU 	4
ADPCH5 	EQU 	5
ADPCH6 	EQU 	6
ADPCH7 	EQU 	7
ADPCSC 	EQU 	1
ADPPOL 	EQU 	7
ADPRE 	EQU 	1009
ADPRE0 	EQU 	0
ADPRE1 	EQU 	1
ADPRE10 	EQU 	2
ADPRE11 	EQU 	3
ADPRE12 	EQU 	4
ADPRE2 	EQU 	2
ADPRE3 	EQU 	3
ADPRE4 	EQU 	4
ADPRE5 	EQU 	5
ADPRE6 	EQU 	6
ADPRE7 	EQU 	7
ADPRE8 	EQU 	0
ADPRE9 	EQU 	1
ADPREF0 	EQU 	0
ADPREF1 	EQU 	1
ADPREF2 	EQU 	2
ADPREF3 	EQU 	3
ADPREH 	EQU 	1010
ADPREH_ADPRE0 	EQU 	0
ADPREH_ADPRE1 	EQU 	1
ADPREH_ADPRE2 	EQU 	2
ADPREH_ADPRE3 	EQU 	3
ADPREH_ADPRE4 	EQU 	4
ADPREH_PRE0 	EQU 	0
ADPREH_PRE1 	EQU 	1
ADPREH_PRE2 	EQU 	2
ADPREH_PRE3 	EQU 	3
ADPREH_PRE4 	EQU 	4
ADPREL 	EQU 	1009
ADPREV 	EQU 	1000
ADPREV0 	EQU 	0
ADPREV1 	EQU 	1
ADPREV10 	EQU 	2
ADPREV11 	EQU 	3
ADPREV12 	EQU 	4
ADPREV13 	EQU 	5
ADPREV14 	EQU 	6
ADPREV15 	EQU 	7
ADPREV2 	EQU 	2
ADPREV3 	EQU 	3
ADPREV4 	EQU 	4
ADPREV5 	EQU 	5
ADPREV6 	EQU 	6
ADPREV7 	EQU 	7
ADPREV8 	EQU 	0
ADPREV9 	EQU 	1
ADPREVH 	EQU 	1001
ADPREVL 	EQU 	1000
ADPSIS 	EQU 	7
ADR0 	EQU 	1
ADR1 	EQU 	2
ADR1IE 	EQU 	3
ADR1IF 	EQU 	3
ADR2 	EQU 	3
ADR2IE 	EQU 	3
ADR2IF 	EQU 	3
ADR3 	EQU 	4
ADR4 	EQU 	5
ADR5 	EQU 	6
ADR6 	EQU 	7
ADREF 	EQU 	1016
ADREF_ADNREF0 	EQU 	4
ADREF_ADPREF0 	EQU 	0
ADREF_ADPREF1 	EQU 	1
ADREF_NREF0 	EQU 	4
ADREF_PREF0 	EQU 	0
ADREF_PREF1 	EQU 	1
ADRES 	EQU 	1002
ADRES0 	EQU 	0
ADRES1 	EQU 	1
ADRES10 	EQU 	2
ADRES11 	EQU 	3
ADRES12 	EQU 	4
ADRES13 	EQU 	5
ADRES14 	EQU 	6
ADRES15 	EQU 	7
ADRES2 	EQU 	2
ADRES3 	EQU 	3
ADRES4 	EQU 	4
ADRES5 	EQU 	5
ADRES6 	EQU 	6
ADRES7 	EQU 	7
ADRES8 	EQU 	0
ADRES9 	EQU 	1
ADRESH 	EQU 	1003
ADRESL 	EQU 	1002
ADRIE 	EQU 	3
ADRIF 	EQU 	3
ADRPT 	EQU 	999
ADRPT0 	EQU 	0
ADRPT1 	EQU 	1
ADRPT2 	EQU 	2
ADRPT3 	EQU 	3
ADRPT4 	EQU 	4
ADRPT5 	EQU 	5
ADRPT6 	EQU 	6
ADRPT7 	EQU 	7
ADSOI 	EQU 	3
ADSTAT 	EQU 	1015
ADSTAT0 	EQU 	0
ADSTAT1 	EQU 	1
ADSTAT2 	EQU 	2
ADSTAT_ADSTAT0 	EQU 	0
ADSTAT_ADSTAT1 	EQU 	1
ADSTAT_ADSTAT2 	EQU 	2
ADSTAT_STAT0_ADSTAT 	EQU 	0
ADSTAT_STAT1_ADSTAT 	EQU 	1
ADSTAT_STAT2 	EQU 	2
ADSTPT 	EQU 	991
ADSTPT0 	EQU 	0
ADSTPT1 	EQU 	1
ADSTPT10 	EQU 	2
ADSTPT11 	EQU 	3
ADSTPT12 	EQU 	4
ADSTPT13 	EQU 	5
ADSTPT14 	EQU 	6
ADSTPT15 	EQU 	7
ADSTPT2 	EQU 	2
ADSTPT3 	EQU 	3
ADSTPT4 	EQU 	4
ADSTPT5 	EQU 	5
ADSTPT6 	EQU 	6
ADSTPT7 	EQU 	7
ADSTPT8 	EQU 	0
ADSTPT9 	EQU 	1
ADSTPTH 	EQU 	992
ADSTPTL 	EQU 	991
ADTIE 	EQU 	1
ADTIF 	EQU 	1
ADTIP 	EQU 	1
ADTMD0 	EQU 	0
ADTMD1 	EQU 	1
ADTMD2 	EQU 	2
ADUTH 	EQU 	987
ADUTH0 	EQU 	0
ADUTH1 	EQU 	1
ADUTH10 	EQU 	2
ADUTH11 	EQU 	3
ADUTH12 	EQU 	4
ADUTH13 	EQU 	5
ADUTH14 	EQU 	6
ADUTH15 	EQU 	7
ADUTH2 	EQU 	2
ADUTH3 	EQU 	3
ADUTH4 	EQU 	4
ADUTH5 	EQU 	5
ADUTH6 	EQU 	6
ADUTH7 	EQU 	7
ADUTH8 	EQU 	0
ADUTH9 	EQU 	1
ADUTHH 	EQU 	988
ADUTHL 	EQU 	987
ADUTHR 	EQU 	6
AFSR0 	EQU 	1257
AFSR0_H 	EQU 	1258
AIRQ0 	EQU 	0
AIRQ1 	EQU 	1
AIRQ2 	EQU 	2
AIRQ3 	EQU 	3
AIRQ4 	EQU 	4
AIRQ5 	EQU 	5
AIRQ6 	EQU 	6
AIRQ7 	EQU 	7
AIRQEN 	EQU 	2
ANOBIUMFULL 	EQU 	484
ANOBIUMFULL_H 	EQU 	1494
ANSELA 	EQU 	1024
ANSELA0 	EQU 	0
ANSELA1 	EQU 	1
ANSELA2 	EQU 	2
ANSELA3 	EQU 	3
ANSELA4 	EQU 	4
ANSELA5 	EQU 	5
ANSELA6 	EQU 	6
ANSELA7 	EQU 	7
ANSELB 	EQU 	1032
ANSELB0 	EQU 	0
ANSELB1 	EQU 	1
ANSELB2 	EQU 	2
ANSELB3 	EQU 	3
ANSELB4 	EQU 	4
ANSELB5 	EQU 	5
ANSELB6 	EQU 	6
ANSELB7 	EQU 	7
ANSELC 	EQU 	1040
ANSELC0 	EQU 	0
ANSELC1 	EQU 	1
ANSELC2 	EQU 	2
ANSELE 	EQU 	1056
ANSELE0 	EQU 	0
ANSELE1 	EQU 	1
ANSELE2 	EQU 	2
AOV 	EQU 	7
AS0E 	EQU 	0
AS1E 	EQU 	1
AS2E 	EQU 	2
AS3E 	EQU 	3
AS4E 	EQU 	4
AS5E 	EQU 	5
AS6E 	EQU 	6
AS7E 	EQU 	7
ASYNC 	EQU 	4
B 	EQU 	1
BANKED 	EQU 	1
BASE0 	EQU 	0
BASE1 	EQU 	1
BASE10 	EQU 	2
BASE11 	EQU 	3
BASE12 	EQU 	4
BASE13 	EQU 	5
BASE14 	EQU 	6
BASE15 	EQU 	7
BASE16 	EQU 	0
BASE17 	EQU 	1
BASE18 	EQU 	2
BASE19 	EQU 	3
BASE2 	EQU 	2
BASE20 	EQU 	4
BASE3 	EQU 	3
BASE4 	EQU 	4
BASE5 	EQU 	5
BASE6 	EQU 	6
BASE7 	EQU 	7
BASE8 	EQU 	0
BASE9 	EQU 	1
BASPROGRAMEND 	EQU 	480
BASPROGRAMSTART 	EQU 	12
BAUD0 	EQU 	0
BAUD1 	EQU 	1
BAUD2 	EQU 	2
BAUD3 	EQU 	3
BAUD4 	EQU 	4
BAUD5 	EQU 	5
BAUD6 	EQU 	6
BAUD7 	EQU 	7
BCL1IE 	EQU 	1
BCL1IF 	EQU 	5
BCL2IE 	EQU 	1
BCL2IF 	EQU 	5
BCLIE 	EQU 	1
BCLIF 	EQU 	5
BFRE 	EQU 	7
BFRET0 	EQU 	0
BFRET1 	EQU 	1
BMODE 	EQU 	0
BOR 	EQU 	0
BORCON 	EQU 	73
BORRDY 	EQU 	0
BRGS 	EQU 	7
BRKOVR 	EQU 	1
BSR 	EQU 	1248
BSR_CSHAD 	EQU 	885
BSR_SHAD 	EQU 	889
BTO1IE 	EQU 	2
BTO1IF 	EQU 	6
BTO2IE 	EQU 	2
BTO2IF 	EQU 	6
BTOC0 	EQU 	0
BTOC1 	EQU 	1
BTOC2 	EQU 	2
BTOC3 	EQU 	3
BTOIE 	EQU 	2
BTOIF 	EQU 	6
BUF0 	EQU 	0
BUF1 	EQU 	1
BUF2 	EQU 	2
BUF3 	EQU 	3
BUF4 	EQU 	4
BUF5 	EQU 	5
BUF6 	EQU 	6
BUF7 	EQU 	7
BURSTMD 	EQU 	1
BUSY_CRCCON0 	EQU 	5
BUSY_SCANCON0 	EQU 	0
BUSY_SPI1CON2 	EQU 	7
C 	EQU 	0
C0EN 	EQU 	3
C1EN 	EQU 	7
C1HYS 	EQU 	1
C1HYS1 	EQU 	2
C1IE 	EQU 	0
C1IF 	EQU 	0
C1INTN 	EQU 	0
C1INTP 	EQU 	1
C1IP 	EQU 	0
C1NCH0 	EQU 	0
C1NCH1 	EQU 	1
C1NCH2 	EQU 	2
C1OUT_CM1CON0 	EQU 	6
C1PCH0 	EQU 	0
C1PCH1 	EQU 	1
C1PCH2 	EQU 	2
C1POL 	EQU 	4
C1RDY 	EQU 	7
C1SP0 	EQU 	2
C1SP1 	EQU 	3
C1SYNC 	EQU 	0
C1TSEL0 	EQU 	0
C1TSEL1 	EQU 	1
C2EN 	EQU 	7
C2HYS 	EQU 	1
C2HYS1 	EQU 	2
C2IE 	EQU 	1
C2IF 	EQU 	1
C2INTN 	EQU 	0
C2INTP 	EQU 	1
C2IP 	EQU 	1
C2NCH0 	EQU 	0
C2NCH1 	EQU 	1
C2NCH2 	EQU 	2
C2OUT_CM2CON0 	EQU 	6
C2PCH0 	EQU 	0
C2PCH1 	EQU 	1
C2PCH2 	EQU 	2
C2POL 	EQU 	4
C2RDY 	EQU 	7
C2SP0 	EQU 	2
C2SP1 	EQU 	3
C2SYNC 	EQU 	0
CALC0 	EQU 	4
CALC1 	EQU 	5
CALC2 	EQU 	6
CAPT 	EQU 	3
CARH0 	EQU 	0
CARH1 	EQU 	1
CARH2 	EQU 	2
CARH3 	EQU 	3
CARH4 	EQU 	4
CARL0 	EQU 	0
CARL1 	EQU 	1
CARL2 	EQU 	2
CARL3 	EQU 	3
CARL4 	EQU 	4
CCP1CAP 	EQU 	835
CCP1CON 	EQU 	834
CCP1CON_CCP1CON_MODE0 	EQU 	0
CCP1CON_CCP1CON_MODE1 	EQU 	1
CCP1CON_CCP1CON_MODE2 	EQU 	2
CCP1CON_CCP1CON_MODE3 	EQU 	3
CCP1CON_CCP1MODE0 	EQU 	0
CCP1CON_CCP1MODE1 	EQU 	1
CCP1CON_CCP1MODE2 	EQU 	2
CCP1CON_CCP1MODE3 	EQU 	3
CCP1CON_EN 	EQU 	7
CCP1CON_MODE0 	EQU 	0
CCP1CON_MODE1 	EQU 	1
CCP1CON_MODE2 	EQU 	2
CCP1CON_MODE3 	EQU 	3
CCP1CTS0 	EQU 	0
CCP1CTS1 	EQU 	1
CCP1CTS2 	EQU 	2
CCP1CTS3 	EQU 	3
CCP1EN 	EQU 	7
CCP1FMT 	EQU 	4
CCP1IE 	EQU 	2
CCP1IF 	EQU 	2
CCP1IP 	EQU 	2
CCP1MD 	EQU 	6
CCP1MODE0 	EQU 	0
CCP1MODE1 	EQU 	1
CCP1MODE2 	EQU 	2
CCP1MODE3 	EQU 	3
CCP1OUT 	EQU 	5
CCP1PPS 	EQU 	591
CCP1PPS0 	EQU 	0
CCP1PPS1 	EQU 	1
CCP1PPS2 	EQU 	2
CCP1PPS3 	EQU 	3
CCP1PPS4 	EQU 	4
CCP1PPS5 	EQU 	5
CCP1PPS6 	EQU 	6
CCP1PPS7 	EQU 	7
CCP1PPS_PIN0 	EQU 	0
CCP1PPS_PIN1 	EQU 	1
CCP1PPS_PIN2 	EQU 	2
CCP1PPS_PORT0 	EQU 	3
CCP1PPS_PORT1 	EQU 	4
CCP1PPS_PORT2 	EQU 	5
CCP1PPS_PORT3 	EQU 	6
CCP1PPS_PORT4 	EQU 	7
CCPR1 	EQU 	832
CCPR1H 	EQU 	833
CCPR1L 	EQU 	832
CCPTMRS0 	EQU 	844
CCPTMRS0_C1TSEL0 	EQU 	0
CCPTMRS0_C1TSEL1 	EQU 	1
CDAFVR0 	EQU 	2
CDAFVR1 	EQU 	3
CDIV0 	EQU 	0
CDIV1 	EQU 	1
CDIV2 	EQU 	2
CDIV3 	EQU 	3
CERIE 	EQU 	4
CERIF 	EQU 	4
CGA0 	EQU 	0
CGA1 	EQU 	1
CGA2 	EQU 	2
CGA3 	EQU 	3
CGA4 	EQU 	4
CGA5 	EQU 	5
CGA6 	EQU 	6
CGA7 	EQU 	7
CGB0 	EQU 	0
CGB1 	EQU 	1
CGB2 	EQU 	2
CGB3 	EQU 	3
CGB4 	EQU 	4
CGB5 	EQU 	5
CGB6 	EQU 	6
CGB7 	EQU 	7
CGC0 	EQU 	0
CGC1 	EQU 	1
CGC2 	EQU 	2
CGE0 	EQU 	0
CGE1 	EQU 	1
CGE2 	EQU 	2
CH16AB 	EQU 	0
CHARCODE 	EQU 	1293
CHARCOL 	EQU 	1294
CHARCOLS 	EQU 	1296
CHARCOL_H 	EQU 	1295
CHARLOCX 	EQU 	1297
CHARLOCX_H 	EQU 	1298
CHARLOCY 	EQU 	1299
CHARLOCY_H 	EQU 	1300
CHARROW 	EQU 	1301
CHARROWS 	EQU 	1303
CHARROW_H 	EQU 	1302
CHPOL 	EQU 	5
CHS0 	EQU 	2
CHS1 	EQU 	3
CHS2 	EQU 	4
CHS3 	EQU 	5
CHS4 	EQU 	6
CHSYNC 	EQU 	4
CIE 	EQU 	0
CIF 	EQU 	0
CKE 	EQU 	6
CKP 	EQU 	5
CKPOL 	EQU 	6
CKPS0_T0CON1 	EQU 	0
CKPS0_T1CON 	EQU 	4
CKPS0_T2CON 	EQU 	4
CKPS0_T3CON 	EQU 	4
CKPS0_T4CON 	EQU 	4
CKPS1_T0CON1 	EQU 	1
CKPS1_T1CON 	EQU 	5
CKPS1_T2CON 	EQU 	5
CKPS1_T3CON 	EQU 	5
CKPS1_T4CON 	EQU 	5
CKPS2_T0CON1 	EQU 	2
CKPS2_T2CON 	EQU 	6
CKPS2_T4CON 	EQU 	6
CKPS3 	EQU 	3
CKS0 	EQU 	0
CKS1 	EQU 	1
CKS2 	EQU 	2
CKS3 	EQU 	3
CKS4 	EQU 	4
CKSYNC 	EQU 	5
CLB0IE 	EQU 	4
CLB0IF 	EQU 	4
CLB0IP 	EQU 	4
CLB1IE 	EQU 	5
CLB1IF 	EQU 	5
CLB1IP 	EQU 	5
CLB2IE 	EQU 	6
CLB2IF 	EQU 	6
CLB2IP 	EQU 	6
CLB3IE 	EQU 	7
CLB3IF 	EQU 	7
CLB3IP 	EQU 	7
CLBCLK 	EQU 	195
CLBCLKPPS 	EQU 	573
CLBCLKPPS0 	EQU 	0
CLBCLKPPS1 	EQU 	1
CLBCLKPPS2 	EQU 	2
CLBCLKPPS3 	EQU 	3
CLBCLKPPS4 	EQU 	4
CLBCLKPPS5 	EQU 	5
CLBCLKPPS6 	EQU 	6
CLBCLKPPS7 	EQU 	7
CLBCLKPPS_PIN0 	EQU 	0
CLBCLKPPS_PIN1 	EQU 	1
CLBCLKPPS_PIN2 	EQU 	2
CLBCLKPPS_PORT0 	EQU 	3
CLBCLKPPS_PORT1 	EQU 	4
CLBCLKPPS_PORT2 	EQU 	5
CLBCLKPPS_PORT3 	EQU 	6
CLBCLKPPS_PORT4 	EQU 	7
CLBCLK_CLKPRE0 	EQU 	0
CLBCLK_CLKPRE1 	EQU 	1
CLBCLK_CLKPRE2 	EQU 	2
CLBCLK_CLKPRE3 	EQU 	3
CLBCLK_CLKSEL0 	EQU 	4
CLBCLK_CLKSEL1 	EQU 	5
CLBCLK_CLKSEL2 	EQU 	6
CLBCLK_CLKSEL3 	EQU 	7
CLBCON 	EQU 	192
CLBCON_EN 	EQU 	7
CLBDB0 	EQU 	0
CLBDB1 	EQU 	1
CLBDEBUG0 	EQU 	200
CLBDEBUG1 	EQU 	201
CLBDEBUG1_DBG0 	EQU 	0
CLBDEBUG1_DBG1 	EQU 	1
CLBDEBUG1_DBG2 	EQU 	2
CLBDEBUG1_DBG3 	EQU 	3
CLBDEBUG1_DBG4 	EQU 	4
CLBDEBUG1_DBG5 	EQU 	5
CLBDEBUG1_DBG6 	EQU 	6
CLBEN 	EQU 	7
CLBIN0PPS 	EQU 	565
CLBIN0PPS0 	EQU 	0
CLBIN0PPS1 	EQU 	1
CLBIN0PPS2 	EQU 	2
CLBIN0PPS3 	EQU 	3
CLBIN0PPS4 	EQU 	4
CLBIN0PPS5 	EQU 	5
CLBIN0PPS6 	EQU 	6
CLBIN0PPS7 	EQU 	7
CLBIN0PPS_PIN0 	EQU 	0
CLBIN0PPS_PIN1 	EQU 	1
CLBIN0PPS_PIN2 	EQU 	2
CLBIN0PPS_PORT0 	EQU 	3
CLBIN0PPS_PORT1 	EQU 	4
CLBIN0PPS_PORT2 	EQU 	5
CLBIN0PPS_PORT3 	EQU 	6
CLBIN0PPS_PORT4 	EQU 	7
CLBIN1PPS 	EQU 	566
CLBIN1PPS0 	EQU 	0
CLBIN1PPS1 	EQU 	1
CLBIN1PPS2 	EQU 	2
CLBIN1PPS3 	EQU 	3
CLBIN1PPS4 	EQU 	4
CLBIN1PPS5 	EQU 	5
CLBIN1PPS6 	EQU 	6
CLBIN1PPS7 	EQU 	7
CLBIN2PPS 	EQU 	567
CLBIN2PPS0 	EQU 	0
CLBIN2PPS1 	EQU 	1
CLBIN2PPS2 	EQU 	2
CLBIN2PPS3 	EQU 	3
CLBIN2PPS4 	EQU 	4
CLBIN2PPS5 	EQU 	5
CLBIN2PPS6 	EQU 	6
CLBIN2PPS7 	EQU 	7
CLBIN2PPS_PIN0 	EQU 	0
CLBIN2PPS_PIN1 	EQU 	1
CLBIN2PPS_PIN2 	EQU 	2
CLBIN2PPS_PORT0 	EQU 	3
CLBIN2PPS_PORT1 	EQU 	4
CLBIN2PPS_PORT2 	EQU 	5
CLBIN2PPS_PORT3 	EQU 	6
CLBIN2PPS_PORT4 	EQU 	7
CLBIN3PPS 	EQU 	568
CLBIN3PPS0 	EQU 	0
CLBIN3PPS1 	EQU 	1
CLBIN3PPS2 	EQU 	2
CLBIN3PPS3 	EQU 	3
CLBIN3PPS4 	EQU 	4
CLBIN3PPS5 	EQU 	5
CLBIN3PPS6 	EQU 	6
CLBIN3PPS7 	EQU 	7
CLBIN3PPS_PIN0 	EQU 	0
CLBIN3PPS_PIN1 	EQU 	1
CLBIN3PPS_PIN2 	EQU 	2
CLBIN3PPS_PORT0 	EQU 	3
CLBIN3PPS_PORT1 	EQU 	4
CLBIN3PPS_PORT2 	EQU 	5
CLBIN3PPS_PORT3 	EQU 	6
CLBIN3PPS_PORT4 	EQU 	7
CLBIN4PPS 	EQU 	569
CLBIN4PPS0 	EQU 	0
CLBIN4PPS1 	EQU 	1
CLBIN4PPS2 	EQU 	2
CLBIN4PPS3 	EQU 	3
CLBIN4PPS4 	EQU 	4
CLBIN4PPS5 	EQU 	5
CLBIN4PPS6 	EQU 	6
CLBIN4PPS7 	EQU 	7
CLBIN4PPS_PIN0 	EQU 	0
CLBIN4PPS_PIN1 	EQU 	1
CLBIN4PPS_PIN2 	EQU 	2
CLBIN4PPS_PORT0 	EQU 	3
CLBIN4PPS_PORT1 	EQU 	4
CLBIN4PPS_PORT2 	EQU 	5
CLBIN4PPS_PORT3 	EQU 	6
CLBIN4PPS_PORT4 	EQU 	7
CLBIN5PPS 	EQU 	570
CLBIN5PPS0 	EQU 	0
CLBIN5PPS1 	EQU 	1
CLBIN5PPS2 	EQU 	2
CLBIN5PPS3 	EQU 	3
CLBIN5PPS4 	EQU 	4
CLBIN5PPS5 	EQU 	5
CLBIN5PPS6 	EQU 	6
CLBIN5PPS7 	EQU 	7
CLBIN5PPS_PIN0 	EQU 	0
CLBIN5PPS_PIN1 	EQU 	1
CLBIN5PPS_PIN2 	EQU 	2
CLBIN5PPS_PORT0 	EQU 	3
CLBIN5PPS_PORT1 	EQU 	4
CLBIN5PPS_PORT2 	EQU 	5
CLBIN5PPS_PORT3 	EQU 	6
CLBIN5PPS_PORT4 	EQU 	7
CLBIN6PPS 	EQU 	571
CLBIN6PPS0 	EQU 	0
CLBIN6PPS1 	EQU 	1
CLBIN6PPS2 	EQU 	2
CLBIN6PPS3 	EQU 	3
CLBIN6PPS4 	EQU 	4
CLBIN6PPS5 	EQU 	5
CLBIN6PPS6 	EQU 	6
CLBIN6PPS7 	EQU 	7
CLBIN6PPS_PIN0 	EQU 	0
CLBIN6PPS_PIN1 	EQU 	1
CLBIN6PPS_PIN2 	EQU 	2
CLBIN6PPS_PORT0 	EQU 	3
CLBIN6PPS_PORT1 	EQU 	4
CLBIN6PPS_PORT2 	EQU 	5
CLBIN6PPS_PORT3 	EQU 	6
CLBIN6PPS_PORT4 	EQU 	7
CLBIN7PPS 	EQU 	572
CLBIN7PPS0 	EQU 	0
CLBIN7PPS1 	EQU 	1
CLBIN7PPS2 	EQU 	2
CLBIN7PPS3 	EQU 	3
CLBIN7PPS4 	EQU 	4
CLBIN7PPS5 	EQU 	5
CLBIN7PPS6 	EQU 	6
CLBIN7PPS7 	EQU 	7
CLBIN7PPS_PIN0 	EQU 	0
CLBIN7PPS_PIN1 	EQU 	1
CLBIN7PPS_PIN2 	EQU 	2
CLBIN7PPS_PORT0 	EQU 	3
CLBIN7PPS_PORT1 	EQU 	4
CLBIN7PPS_PORT2 	EQU 	5
CLBIN7PPS_PORT3 	EQU 	6
CLBIN7PPS_PORT4 	EQU 	7
CLBLOAD 	EQU 	6
CLBMD 	EQU 	1
CLBOUTH 	EQU 	196
CLBOUTH0 	EQU 	0
CLBOUTH1 	EQU 	1
CLBOUTH2 	EQU 	2
CLBOUTH3 	EQU 	3
CLBOUTH4 	EQU 	4
CLBOUTH5 	EQU 	5
CLBOUTH6 	EQU 	6
CLBOUTH7 	EQU 	7
CLBOUTL 	EQU 	197
CLBOUTL0 	EQU 	0
CLBOUTL1 	EQU 	1
CLBOUTL2 	EQU 	2
CLBOUTL3 	EQU 	3
CLBOUTL4 	EQU 	4
CLBOUTL5 	EQU 	5
CLBOUTL6 	EQU 	6
CLBOUTL7 	EQU 	7
CLBSWINH 	EQU 	193
CLBSWINH0 	EQU 	0
CLBSWINH1 	EQU 	1
CLBSWINH2 	EQU 	2
CLBSWINH3 	EQU 	3
CLBSWINH4 	EQU 	4
CLBSWINH5 	EQU 	5
CLBSWINH6 	EQU 	6
CLBSWINH7 	EQU 	7
CLBSWINL 	EQU 	194
CLBSWINL0 	EQU 	0
CLBSWINL1 	EQU 	1
CLBSWINL2 	EQU 	2
CLBSWINL3 	EQU 	3
CLBSWINL4 	EQU 	4
CLBSWINL5 	EQU 	5
CLBSWINL6 	EQU 	6
CLBSWINL7 	EQU 	7
CLBSWOUTH 	EQU 	198
CLBSWOUTH0 	EQU 	0
CLBSWOUTH1 	EQU 	1
CLBSWOUTH2 	EQU 	2
CLBSWOUTH3 	EQU 	3
CLBSWOUTH4 	EQU 	4
CLBSWOUTH5 	EQU 	5
CLBSWOUTH6 	EQU 	6
CLBSWOUTH7 	EQU 	7
CLBSWOUTL 	EQU 	199
CLBSWOUTL0 	EQU 	0
CLBSWOUTL1 	EQU 	1
CLBSWOUTL2 	EQU 	2
CLBSWOUTL3 	EQU 	3
CLBSWOUTL4 	EQU 	4
CLBSWOUTL5 	EQU 	5
CLBSWOUTL6 	EQU 	6
CLBSWOUTL7 	EQU 	7
CLC1IE 	EQU 	0
CLC1IF 	EQU 	0
CLC1IP 	EQU 	0
CLC1MD 	EQU 	1
CLC1OUT 	EQU 	0
CLC2IE 	EQU 	1
CLC2IF 	EQU 	1
CLC2IP 	EQU 	1
CLC2MD 	EQU 	2
CLC2OUT 	EQU 	1
CLC3IE 	EQU 	2
CLC3IF 	EQU 	2
CLC3IP 	EQU 	2
CLC3MD 	EQU 	3
CLC3OUT 	EQU 	2
CLC4IE 	EQU 	3
CLC4IF 	EQU 	3
CLC4IP 	EQU 	3
CLC4MD 	EQU 	4
CLC4OUT 	EQU 	3
CLC5IE 	EQU 	4
CLC5IF 	EQU 	4
CLC5IP 	EQU 	4
CLC5MD 	EQU 	4
CLC5OUT 	EQU 	4
CLC6IE 	EQU 	5
CLC6IF 	EQU 	5
CLC6IP 	EQU 	5
CLC6MD 	EQU 	5
CLC6OUT 	EQU 	5
CLC7IE 	EQU 	6
CLC7IF 	EQU 	6
CLC7IP 	EQU 	6
CLC7MD 	EQU 	6
CLC7OUT 	EQU 	6
CLC8IE 	EQU 	7
CLC8IF 	EQU 	7
CLC8IP 	EQU 	7
CLC8MD 	EQU 	7
CLC8OUT 	EQU 	7
CLCDATA 	EQU 	212
CLCIN0PPS 	EQU 	609
CLCIN0PPS0 	EQU 	0
CLCIN0PPS1 	EQU 	1
CLCIN0PPS2 	EQU 	2
CLCIN0PPS3 	EQU 	3
CLCIN0PPS4 	EQU 	4
CLCIN0PPS5 	EQU 	5
CLCIN0PPS6 	EQU 	6
CLCIN0PPS7 	EQU 	7
CLCIN0PPS_PIN0 	EQU 	0
CLCIN0PPS_PIN1 	EQU 	1
CLCIN0PPS_PIN2 	EQU 	2
CLCIN0PPS_PORT0 	EQU 	3
CLCIN0PPS_PORT1 	EQU 	4
CLCIN0PPS_PORT2 	EQU 	5
CLCIN0PPS_PORT3 	EQU 	6
CLCIN0PPS_PORT4 	EQU 	7
CLCIN1PPS 	EQU 	610
CLCIN1PPS0 	EQU 	0
CLCIN1PPS1 	EQU 	1
CLCIN1PPS2 	EQU 	2
CLCIN1PPS3 	EQU 	3
CLCIN1PPS4 	EQU 	4
CLCIN1PPS5 	EQU 	5
CLCIN1PPS6 	EQU 	6
CLCIN1PPS7 	EQU 	7
CLCIN1PPS_PIN0 	EQU 	0
CLCIN1PPS_PIN1 	EQU 	1
CLCIN1PPS_PIN2 	EQU 	2
CLCIN1PPS_PORT0 	EQU 	3
CLCIN1PPS_PORT1 	EQU 	4
CLCIN1PPS_PORT2 	EQU 	5
CLCIN1PPS_PORT3 	EQU 	6
CLCIN1PPS_PORT4 	EQU 	7
CLCIN2PPS 	EQU 	611
CLCIN2PPS0 	EQU 	0
CLCIN2PPS1 	EQU 	1
CLCIN2PPS2 	EQU 	2
CLCIN2PPS3 	EQU 	3
CLCIN2PPS4 	EQU 	4
CLCIN2PPS5 	EQU 	5
CLCIN2PPS6 	EQU 	6
CLCIN2PPS7 	EQU 	7
CLCIN2PPS_PIN0 	EQU 	0
CLCIN2PPS_PIN1 	EQU 	1
CLCIN2PPS_PIN2 	EQU 	2
CLCIN2PPS_PORT0 	EQU 	3
CLCIN2PPS_PORT1 	EQU 	4
CLCIN2PPS_PORT2 	EQU 	5
CLCIN2PPS_PORT3 	EQU 	6
CLCIN2PPS_PORT4 	EQU 	7
CLCIN3PPS 	EQU 	612
CLCIN3PPS0 	EQU 	0
CLCIN3PPS1 	EQU 	1
CLCIN3PPS2 	EQU 	2
CLCIN3PPS3 	EQU 	3
CLCIN3PPS4 	EQU 	4
CLCIN3PPS5 	EQU 	5
CLCIN3PPS6 	EQU 	6
CLCIN3PPS7 	EQU 	7
CLCIN3PPS_PIN0 	EQU 	0
CLCIN3PPS_PIN1 	EQU 	1
CLCIN3PPS_PIN2 	EQU 	2
CLCIN3PPS_PORT0 	EQU 	3
CLCIN3PPS_PORT1 	EQU 	4
CLCIN3PPS_PORT2 	EQU 	5
CLCIN3PPS_PORT3 	EQU 	6
CLCIN3PPS_PORT4 	EQU 	7
CLCIN4PPS 	EQU 	613
CLCIN4PPS0 	EQU 	0
CLCIN4PPS1 	EQU 	1
CLCIN4PPS2 	EQU 	2
CLCIN4PPS3 	EQU 	3
CLCIN4PPS4 	EQU 	4
CLCIN4PPS5 	EQU 	5
CLCIN4PPS6 	EQU 	6
CLCIN4PPS7 	EQU 	7
CLCIN4PPS_PIN0 	EQU 	0
CLCIN4PPS_PIN1 	EQU 	1
CLCIN4PPS_PIN2 	EQU 	2
CLCIN4PPS_PORT0 	EQU 	3
CLCIN4PPS_PORT1 	EQU 	4
CLCIN4PPS_PORT2 	EQU 	5
CLCIN4PPS_PORT3 	EQU 	6
CLCIN4PPS_PORT4 	EQU 	7
CLCIN5PPS 	EQU 	614
CLCIN5PPS0 	EQU 	0
CLCIN5PPS1 	EQU 	1
CLCIN5PPS2 	EQU 	2
CLCIN5PPS3 	EQU 	3
CLCIN5PPS4 	EQU 	4
CLCIN5PPS5 	EQU 	5
CLCIN5PPS6 	EQU 	6
CLCIN5PPS7 	EQU 	7
CLCIN5PPS_PIN0 	EQU 	0
CLCIN5PPS_PIN1 	EQU 	1
CLCIN5PPS_PIN2 	EQU 	2
CLCIN5PPS_PORT0 	EQU 	3
CLCIN5PPS_PORT1 	EQU 	4
CLCIN5PPS_PORT2 	EQU 	5
CLCIN5PPS_PORT3 	EQU 	6
CLCIN5PPS_PORT4 	EQU 	7
CLCIN6PPS 	EQU 	615
CLCIN6PPS0 	EQU 	0
CLCIN6PPS1 	EQU 	1
CLCIN6PPS2 	EQU 	2
CLCIN6PPS3 	EQU 	3
CLCIN6PPS4 	EQU 	4
CLCIN6PPS5 	EQU 	5
CLCIN6PPS6 	EQU 	6
CLCIN6PPS7 	EQU 	7
CLCIN6PPS_PIN0 	EQU 	0
CLCIN6PPS_PIN1 	EQU 	1
CLCIN6PPS_PIN2 	EQU 	2
CLCIN6PPS_PORT0 	EQU 	3
CLCIN6PPS_PORT1 	EQU 	4
CLCIN6PPS_PORT2 	EQU 	5
CLCIN6PPS_PORT3 	EQU 	6
CLCIN6PPS_PORT4 	EQU 	7
CLCIN7PPS 	EQU 	616
CLCIN7PPS0 	EQU 	0
CLCIN7PPS1 	EQU 	1
CLCIN7PPS2 	EQU 	2
CLCIN7PPS3 	EQU 	3
CLCIN7PPS4 	EQU 	4
CLCIN7PPS5 	EQU 	5
CLCIN7PPS6 	EQU 	6
CLCIN7PPS7 	EQU 	7
CLCIN7PPS_PIN0 	EQU 	0
CLCIN7PPS_PIN1 	EQU 	1
CLCIN7PPS_PIN2 	EQU 	2
CLCIN7PPS_PORT0 	EQU 	3
CLCIN7PPS_PORT1 	EQU 	4
CLCIN7PPS_PORT2 	EQU 	5
CLCIN7PPS_PORT3 	EQU 	6
CLCIN7PPS_PORT4 	EQU 	7
CLCNCON 	EQU 	214
CLCNCON_CLCNCON_MODE0 	EQU 	0
CLCNCON_CLCNCON_MODE1 	EQU 	1
CLCNCON_CLCNCON_MODE2 	EQU 	2
CLCNCON_EN 	EQU 	7
CLCNCON_MODE0 	EQU 	0
CLCNCON_MODE1 	EQU 	1
CLCNCON_MODE2 	EQU 	2
CLCNGLS0 	EQU 	220
CLCNGLS1 	EQU 	221
CLCNGLS2 	EQU 	222
CLCNGLS3 	EQU 	223
CLCNPOL 	EQU 	215
CLCNSEL0 	EQU 	216
CLCNSEL1 	EQU 	217
CLCNSEL2 	EQU 	218
CLCNSEL3 	EQU 	219
CLCSELECT 	EQU 	213
CLK0 	EQU 	0
CLK1 	EQU 	1
CLK2 	EQU 	2
CLK3 	EQU 	3
CLK4 	EQU 	4
CLK5 	EQU 	5
CLK6 	EQU 	6
CLK7 	EQU 	7
CLKEN 	EQU 	0
CLKPRE0 	EQU 	0
CLKPRE1 	EQU 	1
CLKPRE2 	EQU 	2
CLKPRE3 	EQU 	3
CLKRCLK 	EQU 	59
CLKRCLK0 	EQU 	0
CLKRCLK1 	EQU 	1
CLKRCLK2 	EQU 	2
CLKRCLK3 	EQU 	3
CLKRCLK_CLK0 	EQU 	0
CLKRCLK_CLK1 	EQU 	1
CLKRCLK_CLK2 	EQU 	2
CLKRCLK_CLK3 	EQU 	3
CLKRCON 	EQU 	58
CLKRCON_DC0 	EQU 	3
CLKRCON_DC1 	EQU 	4
CLKRCON_DIV0 	EQU 	0
CLKRCON_DIV1 	EQU 	1
CLKRCON_DIV2 	EQU 	2
CLKRCON_EN 	EQU 	7
CLKRDC0 	EQU 	3
CLKRDC1 	EQU 	4
CLKRDIV0 	EQU 	0
CLKRDIV1 	EQU 	1
CLKRDIV2 	EQU 	2
CLKREN 	EQU 	7
CLKRMD 	EQU 	1
CLKSEL0 	EQU 	4
CLKSEL1 	EQU 	5
CLKSEL2 	EQU 	6
CLKSEL3 	EQU 	7
CLKSEL4 	EQU 	4
CLPOL 	EQU 	1
CLR 	EQU 	5
CLRBF 	EQU 	2
CLSYNC 	EQU 	0
CM1CON0 	EQU 	112
CM1CON0_EN 	EQU 	7
CM1CON0_HYS0 	EQU 	1
CM1CON0_HYS1 	EQU 	2
CM1CON1 	EQU 	113
CM1CON1_SP0 	EQU 	2
CM1CON1_SP1 	EQU 	3
CM1MD 	EQU 	7
CM1NCH 	EQU 	114
CM1NCH_NCH0_CM1NCH 	EQU 	0
CM1NCH_NCH1_CM1NCH 	EQU 	1
CM1NCH_NCH2_CM1NCH 	EQU 	2
CM1PCH 	EQU 	115
CM1PCH_PCH0 	EQU 	0
CM1PCH_PCH1 	EQU 	1
CM1PCH_PCH2 	EQU 	2
CM2CON0 	EQU 	116
CM2CON0_CM2CON0_HYS0 	EQU 	1
CM2CON0_CM2CON0_HYS1 	EQU 	2
CM2CON0_EN 	EQU 	7
CM2CON0_HYS0 	EQU 	1
CM2CON0_HYS1 	EQU 	2
CM2CON0_SYNC 	EQU 	0
CM2CON1 	EQU 	117
CM2CON1_CM2CON1_SP0 	EQU 	2
CM2CON1_CM2CON1_SP1 	EQU 	3
CM2CON1_SP0 	EQU 	2
CM2CON1_SP1 	EQU 	3
CM2MD 	EQU 	0
CM2NCH 	EQU 	118
CM2NCH_NCH0_CM2NCH 	EQU 	0
CM2NCH_NCH1_CM2NCH 	EQU 	1
CM2NCH_NCH2_CM2NCH 	EQU 	2
CM2PCH 	EQU 	119
CM2PCH_CM2PCH_PCH0 	EQU 	0
CM2PCH_CM2PCH_PCH1 	EQU 	1
CM2PCH_CM2PCH_PCH2 	EQU 	2
CM2PCH_PCH0 	EQU 	0
CM2PCH_PCH1 	EQU 	1
CM2PCH_PCH2 	EQU 	2
CMD0 	EQU 	0
CMD1 	EQU 	1
CMD2 	EQU 	2
CMOUT 	EQU 	111
CNT0 	EQU 	0
CNT1 	EQU 	1
CNT10 	EQU 	2
CNT11 	EQU 	3
CNT12 	EQU 	4
CNT13 	EQU 	5
CNT14 	EQU 	6
CNT15 	EQU 	7
CNT1IE 	EQU 	7
CNT1IF 	EQU 	7
CNT2 	EQU 	2
CNT2IE 	EQU 	7
CNT2IF 	EQU 	7
CNT3 	EQU 	3
CNT4 	EQU 	4
CNT5 	EQU 	5
CNT6 	EQU 	6
CNT7 	EQU 	7
CNT8 	EQU 	0
CNT9 	EQU 	1
CNTIE 	EQU 	7
CNTIF 	EQU 	7
COL 	EQU 	1304
CONT 	EQU 	6
COSC0 	EQU 	4
COSC1 	EQU 	5
COSC2 	EQU 	6
CPOL 	EQU 	6
CPUDOZE 	EQU 	1266
CPUDOZE_DOZE0 	EQU 	0
CPUDOZE_DOZE1 	EQU 	1
CPUDOZE_DOZE2 	EQU 	2
CRCBUSY 	EQU 	5
CRCCON0 	EQU 	854
CRCCON0_EN 	EQU 	7
CRCCON0_SETUP0 	EQU 	2
CRCCON0_SETUP1 	EQU 	3
CRCCON1 	EQU 	855
CRCCON1_PLEN0 	EQU 	0
CRCCON1_PLEN1 	EQU 	1
CRCCON1_PLEN2 	EQU 	2
CRCCON1_PLEN3 	EQU 	3
CRCCON1_PLEN4 	EQU 	4
CRCCON2 	EQU 	856
CRCCON2_DLEN0 	EQU 	0
CRCCON2_DLEN1 	EQU 	1
CRCCON2_DLEN2 	EQU 	2
CRCCON2_DLEN3 	EQU 	3
CRCCON2_DLEN4 	EQU 	4
CRCDATA 	EQU 	846
CRCDATAH 	EQU 	847
CRCDATAL 	EQU 	846
CRCDATAT 	EQU 	849
CRCDATAU 	EQU 	848
CRCEN 	EQU 	7
CRCGO 	EQU 	6
CRCIE 	EQU 	6
CRCIF 	EQU 	6
CRCIP 	EQU 	6
CRCMD 	EQU 	4
CRCOUT 	EQU 	850
CRCOUTH 	EQU 	851
CRCOUTL 	EQU 	850
CRCOUTT 	EQU 	853
CRCOUTU 	EQU 	852
CRCSHFT 	EQU 	850
CRCSHFTH 	EQU 	851
CRCSHFTL 	EQU 	850
CRCSHFTT 	EQU 	853
CRCSHFTU 	EQU 	852
CRCSHIFTH 	EQU 	851
CRCSHIFTL 	EQU 	850
CRCSHIFTT 	EQU 	853
CRCSHIFTU 	EQU 	852
CRCXOR 	EQU 	850
CRCXORH 	EQU 	851
CRCXORL 	EQU 	850
CRCXORT 	EQU 	853
CRCXORU 	EQU 	852
CRH0 	EQU 	0
CRH1 	EQU 	1
CRH2 	EQU 	2
CRH3 	EQU 	3
CRH4 	EQU 	4
CRH5 	EQU 	5
CRH6 	EQU 	6
CRH7 	EQU 	7
CRL0 	EQU 	0
CRL1 	EQU 	1
CRL2 	EQU 	2
CRL3 	EQU 	3
CRL4 	EQU 	4
CRL5 	EQU 	5
CRL6 	EQU 	6
CRL7 	EQU 	7
CRS0 	EQU 	4
CRS1 	EQU 	5
CRS2 	EQU 	6
CRT0 	EQU 	0
CRT1 	EQU 	1
CRT2 	EQU 	2
CRT3 	EQU 	3
CRT4 	EQU 	4
CRT5 	EQU 	5
CRT6 	EQU 	6
CRT7 	EQU 	7
CS0_ADCLK 	EQU 	0
CS0_T0CON1 	EQU 	5
CS0_T1CLK 	EQU 	0
CS0_T2CLKCON 	EQU 	0
CS0_T3CLK 	EQU 	0
CS0_T4CLKCON 	EQU 	0
CS0_WDTCON1 	EQU 	4
CS1_ADCLK 	EQU 	1
CS1_T0CON1 	EQU 	6
CS1_T1CLK 	EQU 	1
CS1_T2CLKCON 	EQU 	1
CS1_T3CLK 	EQU 	1
CS1_T4CLKCON 	EQU 	1
CS1_WDTCON1 	EQU 	5
CS2_ADCLK 	EQU 	2
CS2_T0CON1 	EQU 	7
CS2_T1CLK 	EQU 	2
CS2_T2CLKCON 	EQU 	2
CS2_T3CLK 	EQU 	2
CS2_T4CLKCON 	EQU 	2
CS2_WDTCON1 	EQU 	6
CS3 	EQU 	3
CS4 	EQU 	4
CS5 	EQU 	5
CSD 	EQU 	0
CSTR 	EQU 	4
CSWHOLD 	EQU 	7
CSWIE 	EQU 	3
CSWIF 	EQU 	3
CSWIP 	EQU 	3
CSYNC 	EQU 	6
CS_ADCON0 	EQU 	4
CS_CWG1CLK 	EQU 	0
CTS0 	EQU 	0
CTS1 	EQU 	1
CTS2 	EQU 	2
CTS3 	EQU 	3
CURRCHARCOL 	EQU 	1305
CURRCHARROW 	EQU 	1306
CURRCHARVAL 	EQU 	1307
CURSOR_POSITION_SSD1306 	EQU 	1544
CWG1AS0 	EQU 	962
CWG1AS0_CWG1LSAC0 	EQU 	2
CWG1AS0_CWG1LSAC1 	EQU 	3
CWG1AS0_CWG1LSBD0 	EQU 	4
CWG1AS0_CWG1LSBD1 	EQU 	5
CWG1AS0_CWG1LSDB0 	EQU 	4
CWG1AS0_CWG1LSDB1 	EQU 	5
CWG1AS0_LSAC0 	EQU 	2
CWG1AS0_LSAC1 	EQU 	3
CWG1AS0_LSBD0 	EQU 	4
CWG1AS0_LSBD1 	EQU 	5
CWG1AS1 	EQU 	963
CWG1CLK 	EQU 	956
CWG1CLKCON 	EQU 	956
CWG1CON0 	EQU 	960
CWG1CON0_CWG1CON0_MODE0 	EQU 	0
CWG1CON0_CWG1CON0_MODE1 	EQU 	1
CWG1CON0_CWG1CON0_MODE2 	EQU 	2
CWG1CON0_CWG1MODE0 	EQU 	0
CWG1CON0_CWG1MODE1 	EQU 	1
CWG1CON0_CWG1MODE2 	EQU 	2
CWG1CON0_EN 	EQU 	7
CWG1CON0_MODE0 	EQU 	0
CWG1CON0_MODE1 	EQU 	1
CWG1CON0_MODE2 	EQU 	2
CWG1CON1 	EQU 	961
CWG1CS 	EQU 	0
CWG1DAT 	EQU 	957
CWG1DBF 	EQU 	959
CWG1DBF0 	EQU 	0
CWG1DBF1 	EQU 	1
CWG1DBF2 	EQU 	2
CWG1DBF3 	EQU 	3
CWG1DBF4 	EQU 	4
CWG1DBF5 	EQU 	5
CWG1DBR 	EQU 	958
CWG1DBR0 	EQU 	0
CWG1DBR1 	EQU 	1
CWG1DBR2 	EQU 	2
CWG1DBR3 	EQU 	3
CWG1DBR4 	EQU 	4
CWG1DBR5 	EQU 	5
CWG1EN 	EQU 	7
CWG1IE 	EQU 	0
CWG1IF 	EQU 	0
CWG1IN 	EQU 	5
CWG1INPPS 	EQU 	603
CWG1INPPS0 	EQU 	0
CWG1INPPS1 	EQU 	1
CWG1INPPS2 	EQU 	2
CWG1INPPS3 	EQU 	3
CWG1INPPS4 	EQU 	4
CWG1INPPS5 	EQU 	5
CWG1INPPS6 	EQU 	6
CWG1INPPS7 	EQU 	7
CWG1IP 	EQU 	0
CWG1ISM 	EQU 	957
CWG1LD 	EQU 	6
CWG1LSAC0 	EQU 	2
CWG1LSAC1 	EQU 	3
CWG1LSBD0 	EQU 	4
CWG1LSBD1 	EQU 	5
CWG1LSDB0 	EQU 	4
CWG1LSDB1 	EQU 	5
CWG1MD 	EQU 	5
CWG1MODE0 	EQU 	0
CWG1MODE1 	EQU 	1
CWG1MODE2 	EQU 	2
CWG1OVRA 	EQU 	4
CWG1OVRB 	EQU 	5
CWG1OVRC 	EQU 	6
CWG1OVRD 	EQU 	7
CWG1POLA 	EQU 	0
CWG1POLB 	EQU 	1
CWG1POLC 	EQU 	2
CWG1POLD 	EQU 	3
CWG1PPS 	EQU 	603
CWG1PPS_PIN0 	EQU 	0
CWG1PPS_PIN1 	EQU 	1
CWG1PPS_PIN2 	EQU 	2
CWG1PPS_PORT0 	EQU 	3
CWG1PPS_PORT1 	EQU 	4
CWG1PPS_PORT2 	EQU 	5
CWG1PPS_PORT3 	EQU 	6
CWG1PPS_PORT4 	EQU 	7
CWG1STR 	EQU 	964
CWG1STRA 	EQU 	0
CWG1STRB 	EQU 	1
CWG1STRC 	EQU 	2
CWG1STRD 	EQU 	3
CWGINPPS0 	EQU 	0
CWGINPPS1 	EQU 	1
CWGINPPS2 	EQU 	2
CWGINPPS3 	EQU 	3
CWGINPPS4 	EQU 	4
CWGINPPS5 	EQU 	5
CWGINPPS6 	EQU 	6
CWGINPPS7 	EQU 	7
D 	EQU 	3
D1S0 	EQU 	0
D1S1 	EQU 	1
D1S2 	EQU 	2
D1S3 	EQU 	3
D1S4 	EQU 	4
D1S5 	EQU 	5
D2S0 	EQU 	0
D2S1 	EQU 	1
D2S2 	EQU 	2
D2S3 	EQU 	3
D2S4 	EQU 	4
D2S5 	EQU 	5
D3S0 	EQU 	0
D3S1 	EQU 	1
D3S2 	EQU 	2
D3S3 	EQU 	3
D3S4 	EQU 	4
D3S5 	EQU 	5
D4S0 	EQU 	0
D4S1 	EQU 	1
D4S2 	EQU 	2
D4S3 	EQU 	3
D4S4 	EQU 	4
D4S5 	EQU 	5
DAC1CON 	EQU 	127
DAC1CON_EN 	EQU 	7
DAC1CON_NSS0 	EQU 	0
DAC1CON_OE0 	EQU 	4
DAC1CON_OE1 	EQU 	5
DAC1CON_PSS0_DAC1CON 	EQU 	2
DAC1CON_PSS1_DAC1CON 	EQU 	3
DAC1DAT 	EQU 	125
DAC1DATH 	EQU 	126
DAC1DATL 	EQU 	125
DAC1EN 	EQU 	7
DAC1MD 	EQU 	2
DAC1NSS0 	EQU 	0
DAC1OE0 	EQU 	4
DAC1OE1 	EQU 	5
DAC1PSS0 	EQU 	2
DAC1PSS1 	EQU 	3
DAC1R0 	EQU 	0
DAC1R1 	EQU 	1
DAC1R2 	EQU 	2
DAC1R3 	EQU 	3
DAC1R4 	EQU 	4
DAC1R5 	EQU 	5
DAC1R6 	EQU 	6
DAC1R7 	EQU 	7
DATA0 	EQU 	0
DATA1 	EQU 	1
DATA10 	EQU 	2
DATA11 	EQU 	3
DATA12 	EQU 	4
DATA13 	EQU 	5
DATA14 	EQU 	6
DATA15 	EQU 	7
DATA16 	EQU 	0
DATA17 	EQU 	1
DATA18 	EQU 	2
DATA19 	EQU 	3
DATA2 	EQU 	2
DATA20 	EQU 	4
DATA21 	EQU 	5
DATA22 	EQU 	6
DATA23 	EQU 	7
DATA24 	EQU 	0
DATA25 	EQU 	1
DATA26 	EQU 	2
DATA27 	EQU 	3
DATA28 	EQU 	4
DATA29 	EQU 	5
DATA3 	EQU 	3
DATA30 	EQU 	6
DATA31 	EQU 	7
DATA4 	EQU 	4
DATA5 	EQU 	5
DATA6 	EQU 	6
DATA7 	EQU 	7
DATA8 	EQU 	0
DATA9 	EQU 	1
DB0 	EQU 	0
DB1 	EQU 	1
DBF0 	EQU 	0
DBF1 	EQU 	1
DBF2 	EQU 	2
DBF3 	EQU 	3
DBF4 	EQU 	4
DBF5 	EQU 	5
DBG0 	EQU 	0
DBG1 	EQU 	1
DBG2 	EQU 	2
DBG3 	EQU 	3
DBG4 	EQU 	4
DBG5 	EQU 	5
DBG6 	EQU 	6
DBR0 	EQU 	0
DBR1 	EQU 	1
DBR2 	EQU 	2
DBR3 	EQU 	3
DBR4 	EQU 	4
DBR5 	EQU 	5
DC 	EQU 	1
DC0 	EQU 	3
DC1 	EQU 	4
DCNT0 	EQU 	0
DCNT1 	EQU 	1
DCNT10 	EQU 	2
DCNT11 	EQU 	3
DCNT2 	EQU 	2
DCNT3 	EQU 	3
DCNT4 	EQU 	4
DCNT5 	EQU 	5
DCNT6 	EQU 	6
DCNT7 	EQU 	7
DCNT8 	EQU 	0
DCNT9 	EQU 	1
DELAYTEMP 	EQU 	1280
DELAYTEMP2 	EQU 	1281
DELAYUS1 	EQU 	3426
DELAYUS2 	EQU 	3500
DELAYUS3 	EQU 	3232
DELAY_MS 	EQU 	1634
DELAY_S 	EQU 	1662
DF0 	EQU 	0
DF1 	EQU 	1
DF2 	EQU 	2
DF3 	EQU 	3
DF4 	EQU 	4
DF5 	EQU 	5
DF6 	EQU 	6
DF7 	EQU 	7
DGO 	EQU 	5
DIV0 	EQU 	0
DIV1 	EQU 	1
DIV2 	EQU 	2
DLEN0 	EQU 	0
DLEN1 	EQU 	1
DLEN2 	EQU 	2
DLEN3 	EQU 	3
DLEN4 	EQU 	4
DMA1AIE 	EQU 	3
DMA1AIF 	EQU 	3
DMA1AIP 	EQU 	3
DMA1DCNTIE 	EQU 	1
DMA1DCNTIF 	EQU 	1
DMA1DCNTIP 	EQU 	1
DMA1MD 	EQU 	5
DMA1ORIE 	EQU 	2
DMA1ORIF 	EQU 	2
DMA1ORIP 	EQU 	2
DMA1PR 	EQU 	182
DMA1PR0 	EQU 	0
DMA1PR1 	EQU 	1
DMA1PR2 	EQU 	2
DMA1PR_DMA1PR0 	EQU 	0
DMA1PR_DMA1PR1 	EQU 	1
DMA1PR_DMA1PR2 	EQU 	2
DMA1PR_PR0_DMA1PR 	EQU 	0
DMA1PR_PR1_DMA1PR 	EQU 	1
DMA1PR_PR2_DMA1PR 	EQU 	2
DMA1SCNTIE 	EQU 	0
DMA1SCNTIF 	EQU 	0
DMA1SCNTIP 	EQU 	0
DMA2AIE 	EQU 	7
DMA2AIF 	EQU 	7
DMA2AIP 	EQU 	7
DMA2DCNTIE 	EQU 	5
DMA2DCNTIF 	EQU 	5
DMA2DCNTIP 	EQU 	5
DMA2MD 	EQU 	6
DMA2ORIE 	EQU 	6
DMA2ORIF 	EQU 	6
DMA2ORIP 	EQU 	6
DMA2PR 	EQU 	183
DMA2PR0 	EQU 	0
DMA2PR1 	EQU 	1
DMA2PR2 	EQU 	2
DMA2PR_DMA2PR0 	EQU 	0
DMA2PR_DMA2PR1 	EQU 	1
DMA2PR_DMA2PR2 	EQU 	2
DMA2PR_PR0_DMA2PR 	EQU 	0
DMA2PR_PR1_DMA2PR 	EQU 	1
DMA2PR_PR2_DMA2PR 	EQU 	2
DMA2SCNTIE 	EQU 	4
DMA2SCNTIF 	EQU 	4
DMA2SCNTIP 	EQU 	4
DMA3AIE 	EQU 	3
DMA3AIF 	EQU 	3
DMA3AIP 	EQU 	3
DMA3DCNTIE 	EQU 	1
DMA3DCNTIF 	EQU 	1
DMA3DCNTIP 	EQU 	1
DMA3MD 	EQU 	7
DMA3ORIE 	EQU 	2
DMA3ORIF 	EQU 	2
DMA3ORIP 	EQU 	2
DMA3PR 	EQU 	184
DMA3PR0 	EQU 	0
DMA3PR1 	EQU 	1
DMA3PR2 	EQU 	2
DMA3PR_DMA3PR0 	EQU 	0
DMA3PR_DMA3PR1 	EQU 	1
DMA3PR_DMA3PR2 	EQU 	2
DMA3PR_PR0_DMA3PR 	EQU 	0
DMA3PR_PR1_DMA3PR 	EQU 	1
DMA3PR_PR2_DMA3PR 	EQU 	2
DMA3SCNTIE 	EQU 	0
DMA3SCNTIF 	EQU 	0
DMA3SCNTIP 	EQU 	0
DMA4AIE 	EQU 	7
DMA4AIF 	EQU 	7
DMA4AIP 	EQU 	7
DMA4DCNTIE 	EQU 	5
DMA4DCNTIF 	EQU 	5
DMA4DCNTIP 	EQU 	5
DMA4MD 	EQU 	3
DMA4ORIE 	EQU 	6
DMA4ORIF 	EQU 	6
DMA4ORIP 	EQU 	6
DMA4PR 	EQU 	185
DMA4PR0 	EQU 	0
DMA4PR1 	EQU 	1
DMA4PR2 	EQU 	2
DMA4PR_DMA4PR0 	EQU 	0
DMA4PR_DMA4PR1 	EQU 	1
DMA4PR_DMA4PR2 	EQU 	2
DMA4PR_PR0_DMA4PR 	EQU 	0
DMA4PR_PR1_DMA4PR 	EQU 	1
DMA4PR_PR2_DMA4PR 	EQU 	2
DMA4SCNTIE 	EQU 	4
DMA4SCNTIF 	EQU 	4
DMA4SCNTIP 	EQU 	4
DMANAIRQ 	EQU 	253
DMANBUF 	EQU 	232
DMANCON0 	EQU 	251
DMANCON0_EN 	EQU 	7
DMANCON1 	EQU 	252
DMANDCNT 	EQU 	233
DMANDCNTH 	EQU 	234
DMANDCNTL 	EQU 	233
DMANDPTR 	EQU 	235
DMANDPTRH 	EQU 	236
DMANDPTRL 	EQU 	235
DMANDSA 	EQU 	239
DMANDSAH 	EQU 	240
DMANDSAL 	EQU 	239
DMANDSZ 	EQU 	237
DMANDSZH 	EQU 	238
DMANDSZL 	EQU 	237
DMANSCNT 	EQU 	241
DMANSCNTH 	EQU 	242
DMANSCNTL 	EQU 	241
DMANSIRQ 	EQU 	254
DMANSPTR 	EQU 	243
DMANSPTRH 	EQU 	244
DMANSPTRL 	EQU 	243
DMANSPTRU 	EQU 	245
DMANSSA 	EQU 	248
DMANSSAH 	EQU 	249
DMANSSAL 	EQU 	248
DMANSSAU 	EQU 	250
DMANSSZ 	EQU 	246
DMANSSZH 	EQU 	247
DMANSSZL 	EQU 	246
DMASELECT 	EQU 	231
DMASELECT_SLCT0 	EQU 	0
DMASELECT_SLCT1 	EQU 	1
DMODE0 	EQU 	6
DMODE1 	EQU 	7
DMS_INNER 	EQU 	1644
DMS_OUTER 	EQU 	1640
DMS_START 	EQU 	1636
DOE 	EQU 	4
DONE 	EQU 	0
DOZE0 	EQU 	0
DOZE1 	EQU 	1
DOZE2 	EQU 	2
DOZEN 	EQU 	6
DPS 	EQU 	3
DPTR0 	EQU 	0
DPTR1 	EQU 	1
DPTR10 	EQU 	2
DPTR11 	EQU 	3
DPTR12 	EQU 	4
DPTR13 	EQU 	5
DPTR14 	EQU 	6
DPTR15 	EQU 	7
DPTR2 	EQU 	2
DPTR3 	EQU 	3
DPTR4 	EQU 	4
DPTR5 	EQU 	5
DPTR6 	EQU 	6
DPTR7 	EQU 	7
DPTR8 	EQU 	0
DPTR9 	EQU 	1
DSA0 	EQU 	0
DSA1 	EQU 	1
DSA10 	EQU 	2
DSA11 	EQU 	3
DSA12 	EQU 	4
DSA13 	EQU 	5
DSA14 	EQU 	6
DSA15 	EQU 	7
DSA2 	EQU 	2
DSA3 	EQU 	3
DSA4 	EQU 	4
DSA5 	EQU 	5
DSA6 	EQU 	6
DSA7 	EQU 	7
DSA8 	EQU 	0
DSA9 	EQU 	1
DSEN 	EQU 	0
DSMMD 	EQU 	2
DSTP 	EQU 	5
DSZ0 	EQU 	0
DSZ1 	EQU 	1
DSZ10 	EQU 	2
DSZ11 	EQU 	3
DSZ2 	EQU 	2
DSZ3 	EQU 	3
DSZ4 	EQU 	4
DSZ5 	EQU 	5
DSZ6 	EQU 	6
DSZ7 	EQU 	7
DSZ8 	EQU 	0
DSZ9 	EQU 	1
DS_START 	EQU 	1662
ELSE15_1 	EQU 	2596
ELSE22_1 	EQU 	2920
ELSE29_1 	EQU 	3970
ELSE30_1 	EQU 	4004
ELSE34_1 	EQU 	3516
ELSE6_1 	EQU 	408
EN 	EQU 	0
ENDIF10 	EQU 	4186
ENDIF11 	EQU 	4224
ENDIF15 	EQU 	2644
ENDIF16 	EQU 	2594
ENDIF17 	EQU 	2644
ENDIF18 	EQU 	2690
ENDIF19 	EQU 	2754
ENDIF2 	EQU 	328
ENDIF22 	EQU 	2954
ENDIF29 	EQU 	3976
ENDIF3 	EQU 	430
ENDIF30 	EQU 	4010
ENDIF31 	EQU 	4064
ENDIF33 	EQU 	3506
ENDIF34 	EQU 	3518
ENDIF6 	EQU 	430
EOSIE 	EQU 	4
EOSIF 	EQU 	4
EPOL 	EQU 	7
ERR0 	EQU 	0
ERR1 	EQU 	1
ERR10 	EQU 	2
ERR11 	EQU 	3
ERR12 	EQU 	4
ERR13 	EQU 	5
ERR14 	EQU 	6
ERR15 	EQU 	7
ERR2 	EQU 	2
ERR3 	EQU 	3
ERR4 	EQU 	4
ERR5 	EQU 	5
ERR6 	EQU 	6
ERR7 	EQU 	7
ERR8 	EQU 	0
ERR9 	EQU 	1
ERS0 	EQU 	0
ERS1 	EQU 	1
ERS2 	EQU 	2
ERS3 	EQU 	3
ERS4 	EQU 	4
ERS5 	EQU 	5
ERS6 	EQU 	6
ERS7 	EQU 	7
ERSNOW 	EQU 	0
ERSPOL 	EQU 	1
EXTOEN 	EQU 	7
EXTOR 	EQU 	7
F 	EQU 	1
FERIE 	EQU 	3
FERIF 	EQU 	3
FIRSTPASS 	EQU 	1308
FLO0 	EQU 	0
FLO1 	EQU 	1
FLTR0 	EQU 	0
FLTR1 	EQU 	1
FLTR10 	EQU 	2
FLTR11 	EQU 	3
FLTR12 	EQU 	4
FLTR13 	EQU 	5
FLTR14 	EQU 	6
FLTR15 	EQU 	7
FLTR2 	EQU 	2
FLTR3 	EQU 	3
FLTR4 	EQU 	4
FLTR5 	EQU 	5
FLTR6 	EQU 	6
FLTR7 	EQU 	7
FLTR8 	EQU 	0
FLTR9 	EQU 	1
FM0 	EQU 	2
FM1 	EQU 	3
FME0 	EQU 	2
FME1 	EQU 	3
FMT 	EQU 	4
FRQ0 	EQU 	0
FRQ1 	EQU 	1
FRQ2 	EQU 	2
FRQ3 	EQU 	3
FSCMCON 	EQU 	1112
FSCMFEV 	EQU 	0
FSCMFFI 	EQU 	1
FSCMPEV 	EQU 	2
FSCMPFI 	EQU 	3
FSCMSEV 	EQU 	4
FSCMSFI 	EQU 	5
FSR00 	EQU 	0
FSR01 	EQU 	1
FSR010 	EQU 	16
FSR011 	EQU 	17
FSR02 	EQU 	2
FSR03 	EQU 	3
FSR04 	EQU 	4
FSR05 	EQU 	5
FSR06 	EQU 	6
FSR07 	EQU 	7
FSR08 	EQU 	8
FSR09 	EQU 	9
FSR0H 	EQU 	1258
FSR0H0 	EQU 	0
FSR0H1 	EQU 	1
FSR0H2 	EQU 	2
FSR0H3 	EQU 	3
FSR0H4 	EQU 	4
FSR0H5 	EQU 	5
FSR0H_SHAD 	EQU 	893
FSR0L 	EQU 	1257
FSR0L_SHAD 	EQU 	892
FSR0SH 	EQU 	892
FSR0SH0 	EQU 	0
FSR0SH1 	EQU 	1
FSR0SH10 	EQU 	16
FSR0SH11 	EQU 	17
FSR0SH12 	EQU 	18
FSR0SH13 	EQU 	19
FSR0SH2 	EQU 	2
FSR0SH3 	EQU 	3
FSR0SH4 	EQU 	4
FSR0SH5 	EQU 	5
FSR0SH6 	EQU 	6
FSR0SH7 	EQU 	7
FSR0SH8 	EQU 	8
FSR0SH9 	EQU 	9
FSR10 	EQU 	0
FSR11 	EQU 	1
FSR110 	EQU 	16
FSR111 	EQU 	17
FSR12 	EQU 	2
FSR13 	EQU 	3
FSR14 	EQU 	4
FSR15 	EQU 	5
FSR16 	EQU 	6
FSR17 	EQU 	7
FSR18 	EQU 	8
FSR19 	EQU 	9
FSR1H 	EQU 	1250
FSR1H0 	EQU 	0
FSR1H1 	EQU 	1
FSR1H2 	EQU 	2
FSR1H3 	EQU 	3
FSR1H4 	EQU 	4
FSR1H5 	EQU 	5
FSR1H_SHAD 	EQU 	895
FSR1L 	EQU 	1249
FSR1L_SHAD 	EQU 	894
FSR1SH 	EQU 	894
FSR1SH0 	EQU 	0
FSR1SH1 	EQU 	1
FSR1SH10 	EQU 	16
FSR1SH11 	EQU 	17
FSR1SH12 	EQU 	18
FSR1SH13 	EQU 	19
FSR1SH2 	EQU 	2
FSR1SH3 	EQU 	3
FSR1SH4 	EQU 	4
FSR1SH5 	EQU 	5
FSR1SH6 	EQU 	6
FSR1SH7 	EQU 	7
FSR1SH8 	EQU 	8
FSR1SH9 	EQU 	9
FSR20 	EQU 	0
FSR21 	EQU 	1
FSR210 	EQU 	16
FSR211 	EQU 	17
FSR22 	EQU 	2
FSR23 	EQU 	3
FSR24 	EQU 	4
FSR25 	EQU 	5
FSR26 	EQU 	6
FSR27 	EQU 	7
FSR28 	EQU 	8
FSR29 	EQU 	9
FSR2H 	EQU 	1242
FSR2H0 	EQU 	0
FSR2H1 	EQU 	1
FSR2H2 	EQU 	2
FSR2H3 	EQU 	3
FSR2H4 	EQU 	4
FSR2H5 	EQU 	5
FSR2H_SHAD 	EQU 	897
FSR2L 	EQU 	1241
FSR2L_SHAD 	EQU 	896
FSR2SH 	EQU 	896
FSR2SH0 	EQU 	0
FSR2SH1 	EQU 	1
FSR2SH10 	EQU 	16
FSR2SH11 	EQU 	17
FSR2SH12 	EQU 	18
FSR2SH13 	EQU 	19
FSR2SH2 	EQU 	2
FSR2SH3 	EQU 	3
FSR2SH4 	EQU 	4
FSR2SH5 	EQU 	5
FSR2SH6 	EQU 	6
FSR2SH7 	EQU 	7
FSR2SH8 	EQU 	8
FSR2SH9 	EQU 	9
FST 	EQU 	4
FULL 	EQU 	0
FVRCON 	EQU 	983
FVRCON_ADFVR0 	EQU 	0
FVRCON_ADFVR1 	EQU 	1
FVRCON_CDAFVR0 	EQU 	2
FVRCON_CDAFVR1 	EQU 	3
FVRCON_EN 	EQU 	7
FVREN 	EQU 	7
FVRMD 	EQU 	6
FVRRDY 	EQU 	6
G1D1N 	EQU 	0
G1D1T 	EQU 	1
G1D2N 	EQU 	2
G1D2T 	EQU 	3
G1D3N 	EQU 	4
G1D3T 	EQU 	5
G1D4N 	EQU 	6
G1D4T 	EQU 	7
G1EN 	EQU 	7
G1POL 	EQU 	0
G2D1N 	EQU 	0
G2D1T 	EQU 	1
G2D2N 	EQU 	2
G2D2T 	EQU 	3
G2D3N 	EQU 	4
G2D3T 	EQU 	5
G2D4N 	EQU 	6
G2D4T 	EQU 	7
G2POL 	EQU 	1
G3D1N 	EQU 	0
G3D1T 	EQU 	1
G3D2N 	EQU 	2
G3D2T 	EQU 	3
G3D3N 	EQU 	4
G3D3T 	EQU 	5
G3D4N 	EQU 	6
G3D4T 	EQU 	7
G3POL 	EQU 	2
G4D1N 	EQU 	0
G4D1T 	EQU 	1
G4D2N 	EQU 	2
G4D2T 	EQU 	3
G4D3N 	EQU 	4
G4D3T 	EQU 	5
G4D4N 	EQU 	6
G4D4T 	EQU 	7
G4POL 	EQU 	3
GCEN 	EQU 	6
GE 	EQU 	7
GGO 	EQU 	3
GGO_NDONE 	EQU 	3
GGO_NOT_DONE 	EQU 	3
GIE 	EQU 	7
GIEH 	EQU 	7
GIEL 	EQU 	6
GLCDBACKGROUND 	EQU 	1309
GLCDBACKGROUND_H 	EQU 	1310
GLCDBITNO 	EQU 	1311
GLCDCHANGE 	EQU 	1312
GLCDCHARCOL3 	EQU 	1678
GLCDCHARCOL4 	EQU 	1826
GLCDCHARCOL5 	EQU 	1974
GLCDCHARCOL6 	EQU 	2122
GLCDCHARCOL7 	EQU 	2270
GLCDCLS_SSD1306 	EQU 	2418
GLCDCOLOUR 	EQU 	1313
GLCDCOLOUR_H 	EQU 	1314
GLCDDATATEMP 	EQU 	1315
GLCDDRAWCHAR_SSD1306 	EQU 	2656
GLCDFNTDEFAULT 	EQU 	1316
GLCDFNTDEFAULTHEIGHT 	EQU 	1317
GLCDFNTDEFAULTSIZE 	EQU 	1318
GLCDFONTWIDTH 	EQU 	1319
GLCDFOREGROUND 	EQU 	1320
GLCDFOREGROUND_H 	EQU 	1321
GLCDPRINT5 	EQU 	3056
GLCDPRINTLEN 	EQU 	1322
GLCDPRINTLOC 	EQU 	1323
GLCDPRINTLOC_H 	EQU 	1324
GLCDPRINT_STRING_COUNTER 	EQU 	1325
GLCDTEMP 	EQU 	1326
GLCDX 	EQU 	1327
GLCDY 	EQU 	1328
GLCD_YORDINATE 	EQU 	1329
GLCD_YORDINATE_H 	EQU 	1330
GO_ADCON0 	EQU 	0
GO_CRCCON0 	EQU 	6
GO_DONE 	EQU 	0
GO_NDONE 	EQU 	0
GO_NOT_DONE 	EQU 	0
GO_NVMCON0 	EQU 	0
GPOL_ADCON1 	EQU 	5
GPOL_T1GCON 	EQU 	6
GPOL_T3GCON 	EQU 	6
GSPM 	EQU 	4
GSS0 	EQU 	0
GSS1 	EQU 	1
GSS2 	EQU 	2
GSS3 	EQU 	3
GSS4 	EQU 	4
GTM 	EQU 	5
GVAL 	EQU 	2
HADR0 	EQU 	0
HADR1 	EQU 	1
HADR10 	EQU 	2
HADR11 	EQU 	3
HADR12 	EQU 	4
HADR13 	EQU 	5
HADR14 	EQU 	6
HADR15 	EQU 	7
HADR16 	EQU 	0
HADR17 	EQU 	1
HADR18 	EQU 	2
HADR19 	EQU 	3
HADR2 	EQU 	2
HADR20 	EQU 	4
HADR21 	EQU 	5
HADR3 	EQU 	3
HADR4 	EQU 	4
HADR5 	EQU 	5
HADR6 	EQU 	6
HADR7 	EQU 	7
HADR8 	EQU 	0
HADR9 	EQU 	1
HEIGHTOFPICTURE 	EQU 	1331
HFOEN 	EQU 	6
HFOR 	EQU 	6
HI2C1LASTERROR 	EQU 	1332
HI2C1STATEMACHINE 	EQU 	1333
HI2CACKPOLLSTATE 	EQU 	1334
HI2CCURRENTMODE 	EQU 	1335
HI2CMODE 	EQU 	3186
HI2CQ24Q35INIT 	EQU 	3188
HI2CQ24Q35SEND 	EQU 	3252
HI2CQ24Q35STOP 	EQU 	3332
HI2CQ24Q35STOPEXIT 	EQU 	3506
HI2CWAITMSSPTIMEOUT 	EQU 	1336
HLVDCON0 	EQU 	74
HLVDCON0_EN 	EQU 	7
HLVDCON1 	EQU 	75
HLVDCON1_SEL0 	EQU 	0
HLVDCON1_SEL1 	EQU 	1
HLVDCON1_SEL2 	EQU 	2
HLVDCON1_SEL3 	EQU 	3
HLVDEN 	EQU 	7
HLVDIE 	EQU 	1
HLVDIF 	EQU 	1
HLVDINTH 	EQU 	1
HLVDINTL 	EQU 	0
HLVDIP 	EQU 	1
HLVDMD 	EQU 	5
HLVDOUT 	EQU 	5
HLVDRDY 	EQU 	4
HLVDSEL0 	EQU 	0
HLVDSEL1 	EQU 	1
HLVDSEL2 	EQU 	2
HLVDSEL3 	EQU 	3
HWI2C_BUFFER 	EQU 	4316
HWI2C_BUFFERLOCATIONCOUNTER 	EQU 	1337
HWI2C_BUFFERLOCATIONCOUNTERINDEX 	EQU 	1339
HWI2C_BUFFERLOCATIONCOUNTERINDEX_H 	EQU 	1340
HWI2C_BUFFERLOCATIONCOUNTER_H 	EQU 	1338
HYS0 	EQU 	1
HYS1 	EQU 	2
I2C1ADB0 	EQU 	652
I2C1ADB1 	EQU 	653
I2C1ADR0 	EQU 	654
I2C1ADR1 	EQU 	655
I2C1ADR2 	EQU 	656
I2C1ADR3 	EQU 	657
I2C1ADR3_ADR0 	EQU 	1
I2C1ADR3_ADR1 	EQU 	2
I2C1ADR3_ADR2 	EQU 	3
I2C1ADR3_ADR3 	EQU 	4
I2C1ADR3_ADR4 	EQU 	5
I2C1ADR3_ADR5 	EQU 	6
I2C1ADR3_ADR6 	EQU 	7
I2C1BAUD 	EQU 	668
I2C1BTO 	EQU 	667
I2C1BTOC 	EQU 	670
I2C1BTO_TOTIME0 	EQU 	0
I2C1BTO_TOTIME1 	EQU 	1
I2C1BTO_TOTIME2 	EQU 	2
I2C1BTO_TOTIME3 	EQU 	3
I2C1BTO_TOTIME4 	EQU 	4
I2C1BTO_TOTIME5 	EQU 	5
I2C1CLK 	EQU 	669
I2C1CLK_CLK0 	EQU 	0
I2C1CLK_CLK1 	EQU 	1
I2C1CLK_CLK2 	EQU 	2
I2C1CLK_CLK3 	EQU 	3
I2C1CLK_CLK4 	EQU 	4
I2C1CNT 	EQU 	650
I2C1CNT0 	EQU 	0
I2C1CNT1 	EQU 	1
I2C1CNT10 	EQU 	2
I2C1CNT11 	EQU 	3
I2C1CNT12 	EQU 	4
I2C1CNT13 	EQU 	5
I2C1CNT14 	EQU 	6
I2C1CNT15 	EQU 	7
I2C1CNT2 	EQU 	2
I2C1CNT3 	EQU 	3
I2C1CNT4 	EQU 	4
I2C1CNT5 	EQU 	5
I2C1CNT6 	EQU 	6
I2C1CNT7 	EQU 	7
I2C1CNT8 	EQU 	0
I2C1CNT9 	EQU 	1
I2C1CNTH 	EQU 	651
I2C1CNTL 	EQU 	650
I2C1CON0 	EQU 	658
I2C1CON0_EN 	EQU 	7
I2C1CON0_I2C1CON0_MODE0 	EQU 	0
I2C1CON0_I2C1CON0_MODE1 	EQU 	1
I2C1CON0_I2C1CON0_MODE2 	EQU 	2
I2C1CON0_MODE0 	EQU 	0
I2C1CON0_MODE1 	EQU 	1
I2C1CON0_MODE2 	EQU 	2
I2C1CON1 	EQU 	659
I2C1CON2 	EQU 	660
I2C1CON2_BFRET0 	EQU 	0
I2C1CON2_BFRET1 	EQU 	1
I2C1CON2_SDAHT0 	EQU 	2
I2C1CON2_SDAHT1 	EQU 	3
I2C1CON3 	EQU 	661
I2C1CON3_ACNTMD0 	EQU 	0
I2C1CON3_ACNTMD1 	EQU 	1
I2C1CON3_FME0 	EQU 	2
I2C1CON3_FME1 	EQU 	3
I2C1EIE 	EQU 	3
I2C1EIF 	EQU 	3
I2C1EIP 	EQU 	3
I2C1ERR 	EQU 	662
I2C1IE 	EQU 	2
I2C1IF 	EQU 	2
I2C1IP 	EQU 	2
I2C1MD 	EQU 	3
I2C1PIE 	EQU 	666
I2C1PIR 	EQU 	665
I2C1RXB 	EQU 	648
I2C1RXIE 	EQU 	0
I2C1RXIF 	EQU 	0
I2C1RXIP 	EQU 	0
I2C1SCLPPS 	EQU 	625
I2C1SCLPPS0 	EQU 	0
I2C1SCLPPS1 	EQU 	1
I2C1SCLPPS2 	EQU 	2
I2C1SCLPPS3 	EQU 	3
I2C1SCLPPS4 	EQU 	4
I2C1SCLPPS5 	EQU 	5
I2C1SCLPPS6 	EQU 	6
I2C1SCLPPS7 	EQU 	7
I2C1SCLPPS_PIN0 	EQU 	0
I2C1SCLPPS_PIN1 	EQU 	1
I2C1SCLPPS_PIN2 	EQU 	2
I2C1SCLPPS_PORT0 	EQU 	3
I2C1SCLPPS_PORT1 	EQU 	4
I2C1SCLPPS_PORT2 	EQU 	5
I2C1SCLPPS_PORT3 	EQU 	6
I2C1SCLPPS_PORT4 	EQU 	7
I2C1SDAPPS 	EQU 	624
I2C1SDAPPS0 	EQU 	0
I2C1SDAPPS1 	EQU 	1
I2C1SDAPPS2 	EQU 	2
I2C1SDAPPS3 	EQU 	3
I2C1SDAPPS4 	EQU 	4
I2C1SDAPPS5 	EQU 	5
I2C1SDAPPS6 	EQU 	6
I2C1SDAPPS7 	EQU 	7
I2C1SDAPPS_PIN0 	EQU 	0
I2C1SDAPPS_PIN1 	EQU 	1
I2C1SDAPPS_PIN2 	EQU 	2
I2C1SDAPPS_PORT0 	EQU 	3
I2C1SDAPPS_PORT1 	EQU 	4
I2C1SDAPPS_PORT2 	EQU 	5
I2C1SDAPPS_PORT3 	EQU 	6
I2C1SDAPPS_PORT4 	EQU 	7
I2C1STAT0 	EQU 	663
I2C1STAT1 	EQU 	664
I2C1STAT1_CLRBF 	EQU 	2
I2C1STAT1_RXBF 	EQU 	0
I2C1STAT1_RXRE 	EQU 	3
I2C1STAT1_TXBE 	EQU 	5
I2C1STAT1_TXWE 	EQU 	7
I2C1TXB 	EQU 	649
I2C1TXIE 	EQU 	1
I2C1TXIF 	EQU 	1
I2C1TXIP 	EQU 	1
I2C2ADB0 	EQU 	675
I2C2ADB1 	EQU 	676
I2C2ADR0 	EQU 	677
I2C2ADR1 	EQU 	678
I2C2ADR1_ADR0 	EQU 	1
I2C2ADR1_ADR1 	EQU 	2
I2C2ADR1_ADR2 	EQU 	3
I2C2ADR1_ADR3 	EQU 	4
I2C2ADR1_ADR4 	EQU 	5
I2C2ADR1_ADR5 	EQU 	6
I2C2ADR1_ADR6 	EQU 	7
I2C2ADR2 	EQU 	679
I2C2ADR3 	EQU 	680
I2C2ADR3_ADR0 	EQU 	1
I2C2ADR3_ADR1 	EQU 	2
I2C2ADR3_ADR2 	EQU 	3
I2C2ADR3_ADR3 	EQU 	4
I2C2ADR3_ADR4 	EQU 	5
I2C2ADR3_ADR5 	EQU 	6
I2C2ADR3_ADR6 	EQU 	7
I2C2BAUD 	EQU 	691
I2C2BTO 	EQU 	690
I2C2BTOC 	EQU 	693
I2C2BTOC_BTOC0 	EQU 	0
I2C2BTOC_BTOC1 	EQU 	1
I2C2BTOC_BTOC2 	EQU 	2
I2C2BTOC_BTOC3 	EQU 	3
I2C2BTOC_I2CBTOC0 	EQU 	0
I2C2BTOC_I2CBTOC1 	EQU 	1
I2C2BTOC_I2CBTOC2 	EQU 	2
I2C2BTOC_I2CBTOC3 	EQU 	3
I2C2BTO_I2C2BTO_TOTIME0 	EQU 	0
I2C2BTO_I2C2BTO_TOTIME1 	EQU 	1
I2C2BTO_I2C2BTO_TOTIME2 	EQU 	2
I2C2BTO_I2C2BTO_TOTIME3 	EQU 	3
I2C2BTO_I2C2BTO_TOTIME4 	EQU 	4
I2C2BTO_I2C2BTO_TOTIME5 	EQU 	5
I2C2BTO_TOBY32 	EQU 	6
I2C2BTO_TOREC 	EQU 	7
I2C2BTO_TOTIME0 	EQU 	0
I2C2BTO_TOTIME1 	EQU 	1
I2C2BTO_TOTIME2 	EQU 	2
I2C2BTO_TOTIME3 	EQU 	3
I2C2BTO_TOTIME4 	EQU 	4
I2C2BTO_TOTIME5 	EQU 	5
I2C2CLK 	EQU 	692
I2C2CLK_CLK0 	EQU 	0
I2C2CLK_CLK1 	EQU 	1
I2C2CLK_CLK2 	EQU 	2
I2C2CLK_CLK3 	EQU 	3
I2C2CLK_CLK4 	EQU 	4
I2C2CLK_I2CCLK0 	EQU 	0
I2C2CLK_I2CCLK1 	EQU 	1
I2C2CLK_I2CCLK2 	EQU 	2
I2C2CLK_I2CCLK3 	EQU 	3
I2C2CLK_I2CCLK4 	EQU 	4
I2C2CNT 	EQU 	673
I2C2CNT0 	EQU 	0
I2C2CNT1 	EQU 	1
I2C2CNT10 	EQU 	2
I2C2CNT11 	EQU 	3
I2C2CNT12 	EQU 	4
I2C2CNT13 	EQU 	5
I2C2CNT14 	EQU 	6
I2C2CNT15 	EQU 	7
I2C2CNT2 	EQU 	2
I2C2CNT3 	EQU 	3
I2C2CNT4 	EQU 	4
I2C2CNT5 	EQU 	5
I2C2CNT6 	EQU 	6
I2C2CNT7 	EQU 	7
I2C2CNT8 	EQU 	0
I2C2CNT9 	EQU 	1
I2C2CNTH 	EQU 	674
I2C2CNTH_CNT10 	EQU 	2
I2C2CNTH_CNT11 	EQU 	3
I2C2CNTH_CNT12 	EQU 	4
I2C2CNTH_CNT13 	EQU 	5
I2C2CNTH_CNT14 	EQU 	6
I2C2CNTH_CNT15 	EQU 	7
I2C2CNTH_CNT8 	EQU 	0
I2C2CNTH_CNT9 	EQU 	1
I2C2CNTL 	EQU 	673
I2C2CNT_CNT0 	EQU 	0
I2C2CNT_CNT1 	EQU 	1
I2C2CNT_CNT2 	EQU 	2
I2C2CNT_CNT3 	EQU 	3
I2C2CNT_CNT4 	EQU 	4
I2C2CNT_CNT5 	EQU 	5
I2C2CNT_CNT6 	EQU 	6
I2C2CNT_CNT7 	EQU 	7
I2C2CON0 	EQU 	681
I2C2CON0_CSTR 	EQU 	4
I2C2CON0_EN 	EQU 	7
I2C2CON0_I2C2CON0_MODE0 	EQU 	0
I2C2CON0_I2C2CON0_MODE1 	EQU 	1
I2C2CON0_I2C2CON0_MODE2 	EQU 	2
I2C2CON0_I2CEN 	EQU 	7
I2C2CON0_MDR 	EQU 	3
I2C2CON0_MODE0 	EQU 	0
I2C2CON0_MODE1 	EQU 	1
I2C2CON0_MODE2 	EQU 	2
I2C2CON0_RSEN 	EQU 	6
I2C2CON0_S 	EQU 	5
I2C2CON1 	EQU 	682
I2C2CON1_ACKCNT 	EQU 	7
I2C2CON1_ACKDT 	EQU 	6
I2C2CON1_ACKSTAT 	EQU 	5
I2C2CON1_ACKT 	EQU 	4
I2C2CON1_CSD 	EQU 	0
I2C2CON1_P 	EQU 	3
I2C2CON1_RXO 	EQU 	2
I2C2CON1_TXU 	EQU 	1
I2C2CON2 	EQU 	683
I2C2CON2_ABD 	EQU 	4
I2C2CON2_ACNT 	EQU 	7
I2C2CON2_BFRET0 	EQU 	0
I2C2CON2_BFRET1 	EQU 	1
I2C2CON2_GCEN 	EQU 	6
I2C2CON2_I2C2CON2_BFRET0 	EQU 	0
I2C2CON2_I2C2CON2_BFRET1 	EQU 	1
I2C2CON2_I2C2CON2_SDAHT0 	EQU 	2
I2C2CON2_I2C2CON2_SDAHT1 	EQU 	3
I2C2CON2_SDAHT0 	EQU 	2
I2C2CON2_SDAHT1 	EQU 	3
I2C2CON3 	EQU 	684
I2C2CON3_ACNTMD0 	EQU 	0
I2C2CON3_ACNTMD1 	EQU 	1
I2C2CON3_FME0 	EQU 	2
I2C2CON3_FME1 	EQU 	3
I2C2CON3_I2C2CON3_ACNTMD0 	EQU 	0
I2C2CON3_I2C2CON3_ACNTMD1 	EQU 	1
I2C2CON3_I2C2CON3_FME0 	EQU 	2
I2C2CON3_I2C2CON3_FME1 	EQU 	3
I2C2ERR 	EQU 	685
I2C2ERR_BCLIE 	EQU 	1
I2C2ERR_BCLIF 	EQU 	5
I2C2ERR_BTOIE 	EQU 	2
I2C2ERR_BTOIF 	EQU 	6
I2C2ERR_NACKIE 	EQU 	0
I2C2ERR_NACKIF 	EQU 	4
I2C2PIE 	EQU 	689
I2C2PIE_ACKTIE 	EQU 	6
I2C2PIE_ADRIE 	EQU 	3
I2C2PIE_CNTIE 	EQU 	7
I2C2PIE_PCIE 	EQU 	2
I2C2PIE_RSCIE 	EQU 	1
I2C2PIE_SCIE 	EQU 	0
I2C2PIE_WRIE 	EQU 	4
I2C2PIR 	EQU 	688
I2C2PIR_ACKTIF 	EQU 	6
I2C2PIR_ADRIF 	EQU 	3
I2C2PIR_CNTIF 	EQU 	7
I2C2PIR_PCIF 	EQU 	2
I2C2PIR_RSCIF 	EQU 	1
I2C2PIR_SCIF 	EQU 	0
I2C2PIR_WRIF 	EQU 	4
I2C2RXB 	EQU 	671
I2C2STAT0 	EQU 	686
I2C2STAT0_BFRE 	EQU 	7
I2C2STAT0_D 	EQU 	3
I2C2STAT0_MMA 	EQU 	5
I2C2STAT0_NOT_A 	EQU 	3
I2C2STAT0_NOT_ADDRESS 	EQU 	3
I2C2STAT0_NOT_W 	EQU 	4
I2C2STAT0_NOT_WRITE 	EQU 	4
I2C2STAT0_R 	EQU 	4
I2C2STAT0_READ 	EQU 	4
I2C2STAT0_SMA 	EQU 	6
I2C2STAT1 	EQU 	687
I2C2STAT1_CLRBF 	EQU 	2
I2C2STAT1_RXBF 	EQU 	0
I2C2STAT1_RXRE 	EQU 	3
I2C2STAT1_TXBE 	EQU 	5
I2C2STAT1_TXWE 	EQU 	7
I2C2TXB 	EQU 	672
I2CBTOC0 	EQU 	0
I2CBTOC1 	EQU 	1
I2CBTOC2 	EQU 	2
I2CBTOC3 	EQU 	3
I2CBYTE 	EQU 	1341
I2CCLK0 	EQU 	0
I2CCLK1 	EQU 	1
I2CCLK2 	EQU 	2
I2CCLK3 	EQU 	3
I2CCLK4 	EQU 	4
I2CEN 	EQU 	7
I2CPU0 	EQU 	4
I2CPU1 	EQU 	5
I2CSLEW0 	EQU 	6
I2CSLEW1 	EQU 	7
I2CTH0 	EQU 	0
I2CTH1 	EQU 	1
ICSPEN 	EQU 	57
ICSPLOCK 	EQU 	56
IDLEN 	EQU 	7
IN 	EQU 	5
IN0 	EQU 	0
IN1 	EQU 	1
IN2 	EQU 	2
IN3 	EQU 	3
INC0 	EQU 	0
INC1 	EQU 	1
INC10 	EQU 	2
INC11 	EQU 	3
INC12 	EQU 	4
INC13 	EQU 	5
INC14 	EQU 	6
INC15 	EQU 	7
INC16 	EQU 	0
INC17 	EQU 	1
INC18 	EQU 	2
INC19 	EQU 	3
INC2 	EQU 	2
INC3 	EQU 	3
INC4 	EQU 	4
INC5 	EQU 	5
INC6 	EQU 	6
INC7 	EQU 	7
INC8 	EQU 	0
INC9 	EQU 	1
INDF0 	EQU 	1263
INDF1 	EQU 	1255
INDF2 	EQU 	1247
INITGLCD_SSD1306 	EQU 	3524
INITPPS 	EQU 	3724
INITSYS 	EQU 	3758
INLVLA 	EQU 	1028
INLVLA0 	EQU 	0
INLVLA1 	EQU 	1
INLVLA2 	EQU 	2
INLVLA3 	EQU 	3
INLVLA4 	EQU 	4
INLVLA5 	EQU 	5
INLVLA6 	EQU 	6
INLVLA7 	EQU 	7
INLVLB 	EQU 	1036
INLVLB0 	EQU 	0
INLVLB1 	EQU 	1
INLVLB2 	EQU 	2
INLVLB3 	EQU 	3
INLVLB4 	EQU 	4
INLVLB5 	EQU 	5
INLVLB6 	EQU 	6
INLVLB7 	EQU 	7
INLVLC 	EQU 	1044
INLVLC0 	EQU 	0
INLVLC1 	EQU 	1
INLVLC2 	EQU 	2
INLVLC3 	EQU 	3
INLVLC4 	EQU 	4
INLVLC5 	EQU 	5
INLVLC6 	EQU 	6
INLVLD 	EQU 	1052
INLVLD0 	EQU 	0
INLVLD1 	EQU 	1
INLVLD2 	EQU 	2
INLVLD3 	EQU 	3
INLVLD4 	EQU 	4
INLVLD5 	EQU 	5
INLVLD6 	EQU 	6
INLVLD7 	EQU 	7
INLVLE 	EQU 	1060
INLVLE0 	EQU 	0
INLVLE1 	EQU 	1
INLVLE2 	EQU 	2
INLVLE3 	EQU 	3
INT0EDG 	EQU 	0
INT0IE 	EQU 	0
INT0IF 	EQU 	0
INT0IP 	EQU 	0
INT0PPS 	EQU 	574
INT0PPS0 	EQU 	0
INT0PPS1 	EQU 	1
INT0PPS2 	EQU 	2
INT0PPS3 	EQU 	3
INT0PPS4 	EQU 	4
INT0PPS5 	EQU 	5
INT0PPS6 	EQU 	6
INT0PPS7 	EQU 	7
INT0PPS_PIN0 	EQU 	0
INT0PPS_PIN1 	EQU 	1
INT0PPS_PIN2 	EQU 	2
INT0PPS_PORT0 	EQU 	3
INT0PPS_PORT1 	EQU 	4
INT0PPS_PORT2 	EQU 	5
INT0PPS_PORT3 	EQU 	6
INT0PPS_PORT4 	EQU 	7
INT1EDG 	EQU 	1
INT1IE 	EQU 	0
INT1IF 	EQU 	0
INT1IP 	EQU 	0
INT1PPS 	EQU 	575
INT1PPS0 	EQU 	0
INT1PPS1 	EQU 	1
INT1PPS2 	EQU 	2
INT1PPS3 	EQU 	3
INT1PPS4 	EQU 	4
INT1PPS5 	EQU 	5
INT1PPS6 	EQU 	6
INT1PPS7 	EQU 	7
INT1PPS_PIN0 	EQU 	0
INT1PPS_PIN1 	EQU 	1
INT1PPS_PIN2 	EQU 	2
INT1PPS_PORT0 	EQU 	3
INT1PPS_PORT1 	EQU 	4
INT1PPS_PORT2 	EQU 	5
INT1PPS_PORT3 	EQU 	6
INT1PPS_PORT4 	EQU 	7
INT2EDG 	EQU 	2
INT2IE 	EQU 	1
INT2IF 	EQU 	1
INT2IP 	EQU 	1
INT2PPS 	EQU 	576
INT2PPS0 	EQU 	0
INT2PPS1 	EQU 	1
INT2PPS2 	EQU 	2
INT2PPS3 	EQU 	3
INT2PPS4 	EQU 	4
INT2PPS5 	EQU 	5
INT2PPS6 	EQU 	6
INT2PPS7 	EQU 	7
INT2PPS_PIN0 	EQU 	0
INT2PPS_PIN1 	EQU 	1
INT2PPS_PIN2 	EQU 	2
INT2PPS_PORT0 	EQU 	3
INT2PPS_PORT1 	EQU 	4
INT2PPS_PORT2 	EQU 	5
INT2PPS_PORT3 	EQU 	6
INT2PPS_PORT4 	EQU 	7
INTCON0 	EQU 	1238
INTCON1 	EQU 	1239
INTCON1_STAT0_INTCON1 	EQU 	6
INTCON1_STAT1_INTCON1 	EQU 	7
INTH 	EQU 	1
INTL 	EQU 	0
INTN_CLCNCON 	EQU 	3
INTN_CM1CON1 	EQU 	0
INTN_CM2CON1 	EQU 	0
INTN_ZCD1CON 	EQU 	0
INTP_CLCNCON 	EQU 	4
INTP_CM1CON1 	EQU 	1
INTP_CM2CON1 	EQU 	1
INTP_ZCD1CON 	EQU 	1
IOCAF 	EQU 	1031
IOCAF0 	EQU 	0
IOCAF1 	EQU 	1
IOCAF2 	EQU 	2
IOCAF3 	EQU 	3
IOCAF4 	EQU 	4
IOCAF5 	EQU 	5
IOCAF6 	EQU 	6
IOCAF7 	EQU 	7
IOCAN 	EQU 	1030
IOCAN0 	EQU 	0
IOCAN1 	EQU 	1
IOCAN2 	EQU 	2
IOCAN3 	EQU 	3
IOCAN4 	EQU 	4
IOCAN5 	EQU 	5
IOCAN6 	EQU 	6
IOCAN7 	EQU 	7
IOCAP 	EQU 	1029
IOCAP0 	EQU 	0
IOCAP1 	EQU 	1
IOCAP2 	EQU 	2
IOCAP3 	EQU 	3
IOCAP4 	EQU 	4
IOCAP5 	EQU 	5
IOCAP6 	EQU 	6
IOCAP7 	EQU 	7
IOCBF 	EQU 	1039
IOCBF0 	EQU 	0
IOCBF1 	EQU 	1
IOCBF2 	EQU 	2
IOCBF3 	EQU 	3
IOCBF4 	EQU 	4
IOCBF5 	EQU 	5
IOCBF6 	EQU 	6
IOCBF7 	EQU 	7
IOCBN 	EQU 	1038
IOCBN0 	EQU 	0
IOCBN1 	EQU 	1
IOCBN2 	EQU 	2
IOCBN3 	EQU 	3
IOCBN4 	EQU 	4
IOCBN5 	EQU 	5
IOCBN6 	EQU 	6
IOCBN7 	EQU 	7
IOCBP 	EQU 	1037
IOCBP0 	EQU 	0
IOCBP1 	EQU 	1
IOCBP2 	EQU 	2
IOCBP3 	EQU 	3
IOCBP4 	EQU 	4
IOCBP5 	EQU 	5
IOCBP6 	EQU 	6
IOCBP7 	EQU 	7
IOCCF 	EQU 	1047
IOCCF0 	EQU 	0
IOCCF1 	EQU 	1
IOCCF2 	EQU 	2
IOCCF3 	EQU 	3
IOCCF4 	EQU 	4
IOCCF5 	EQU 	5
IOCCF6 	EQU 	6
IOCCN 	EQU 	1046
IOCCN0 	EQU 	0
IOCCN1 	EQU 	1
IOCCN2 	EQU 	2
IOCCN3 	EQU 	3
IOCCN4 	EQU 	4
IOCCN5 	EQU 	5
IOCCN6 	EQU 	6
IOCCP 	EQU 	1045
IOCCP0 	EQU 	0
IOCCP1 	EQU 	1
IOCCP2 	EQU 	2
IOCCP3 	EQU 	3
IOCCP4 	EQU 	4
IOCCP5 	EQU 	5
IOCCP6 	EQU 	6
IOCDF 	EQU 	1055
IOCDF0 	EQU 	0
IOCDF1 	EQU 	1
IOCDF2 	EQU 	2
IOCDF3 	EQU 	3
IOCDF4 	EQU 	4
IOCDF5 	EQU 	5
IOCDF6 	EQU 	6
IOCDF7 	EQU 	7
IOCDN 	EQU 	1054
IOCDN0 	EQU 	0
IOCDN1 	EQU 	1
IOCDN2 	EQU 	2
IOCDN3 	EQU 	3
IOCDN4 	EQU 	4
IOCDN5 	EQU 	5
IOCDN6 	EQU 	6
IOCDN7 	EQU 	7
IOCDP 	EQU 	1053
IOCDP0 	EQU 	0
IOCDP1 	EQU 	1
IOCDP2 	EQU 	2
IOCDP3 	EQU 	3
IOCDP4 	EQU 	4
IOCDP5 	EQU 	5
IOCDP6 	EQU 	6
IOCDP7 	EQU 	7
IOCEF 	EQU 	1063
IOCEF3 	EQU 	3
IOCEN 	EQU 	1062
IOCEN3 	EQU 	3
IOCEP 	EQU 	1061
IOCEP3 	EQU 	3
IOCIE 	EQU 	7
IOCIF 	EQU 	7
IOCIP 	EQU 	7
IOCMD 	EQU 	0
IOCSRIE 	EQU 	0
IOCSRIF 	EQU 	0
IOCSRIP 	EQU 	0
IOCWF 	EQU 	1087
IOCWF0 	EQU 	0
IOCWF1 	EQU 	1
IOCWF2 	EQU 	2
IOCWF3 	EQU 	3
IOCWF4 	EQU 	4
IOCWF5 	EQU 	5
IOCWF6 	EQU 	6
IOCWF7 	EQU 	7
IOCWN 	EQU 	1086
IOCWN0 	EQU 	0
IOCWN1 	EQU 	1
IOCWN2 	EQU 	2
IOCWN3 	EQU 	3
IOCWN4 	EQU 	4
IOCWN5 	EQU 	5
IOCWN6 	EQU 	6
IOCWN7 	EQU 	7
IOCWP 	EQU 	1085
IOCWP0 	EQU 	0
IOCWP1 	EQU 	1
IOCWP2 	EQU 	2
IOCWP3 	EQU 	3
IOCWP4 	EQU 	4
IOCWP5 	EQU 	5
IOCWP6 	EQU 	6
IOCWP7 	EQU 	7
IPEN_ADCON1 	EQU 	6
IPEN_INTCON0 	EQU 	5
IPR0 	EQU 	1182
IPR1 	EQU 	1183
IPR10 	EQU 	1192
IPR11 	EQU 	1193
IPR2 	EQU 	1184
IPR3 	EQU 	1185
IPR4 	EQU 	1186
IPR5 	EQU 	1187
IPR6 	EQU 	1188
IPR7 	EQU 	1189
IPR8 	EQU 	1190
IPR9 	EQU 	1191
ISM0 	EQU 	0
ISM1 	EQU 	1
ISM2 	EQU 	2
ISM3 	EQU 	3
ISM4 	EQU 	4
ISRPR 	EQU 	191
ISRPR0 	EQU 	0
ISRPR1 	EQU 	1
ISRPR2 	EQU 	2
ISRPR_ISRPR0 	EQU 	0
ISRPR_ISRPR1 	EQU 	1
ISRPR_ISRPR2 	EQU 	2
ISRPR_PR0_ISRPR 	EQU 	0
ISRPR_PR1_ISRPR 	EQU 	1
ISRPR_PR2_ISRPR 	EQU 	2
IVTAD 	EQU 	1114
IVTADH 	EQU 	1115
IVTADL 	EQU 	1114
IVTADU 	EQU 	1116
IVTBASE 	EQU 	1117
IVTBASEH 	EQU 	1118
IVTBASEL 	EQU 	1117
IVTBASEU 	EQU 	1119
IVTLOCK 	EQU 	1113
IVTLOCKED 	EQU 	0
LADR0 	EQU 	0
LADR1 	EQU 	1
LADR10 	EQU 	2
LADR11 	EQU 	3
LADR12 	EQU 	4
LADR13 	EQU 	5
LADR14 	EQU 	6
LADR15 	EQU 	7
LADR16 	EQU 	0
LADR17 	EQU 	1
LADR18 	EQU 	2
LADR19 	EQU 	3
LADR2 	EQU 	2
LADR20 	EQU 	4
LADR21 	EQU 	5
LADR3 	EQU 	3
LADR4 	EQU 	4
LADR5 	EQU 	5
LADR6 	EQU 	6
LADR7 	EQU 	7
LADR8 	EQU 	0
LADR9 	EQU 	1
LATA 	EQU 	320
LATA0 	EQU 	0
LATA1 	EQU 	1
LATA2 	EQU 	2
LATA3 	EQU 	3
LATA4 	EQU 	4
LATA5 	EQU 	5
LATA6 	EQU 	6
LATA7 	EQU 	7
LATB 	EQU 	321
LATB0 	EQU 	0
LATB1 	EQU 	1
LATB2 	EQU 	2
LATB3 	EQU 	3
LATB4 	EQU 	4
LATB5 	EQU 	5
LATB6 	EQU 	6
LATB7 	EQU 	7
LATC 	EQU 	322
LATC0 	EQU 	0
LATC1 	EQU 	1
LATC2 	EQU 	2
LATC3 	EQU 	3
LATC4 	EQU 	4
LATC5 	EQU 	5
LATC6 	EQU 	6
LATC7 	EQU 	7
LATD 	EQU 	323
LATD0 	EQU 	0
LATD1 	EQU 	1
LATD2 	EQU 	2
LATD3 	EQU 	3
LATD4 	EQU 	4
LATD5 	EQU 	5
LATD6 	EQU 	6
LATD7 	EQU 	7
LATE 	EQU 	324
LATE0 	EQU 	0
LATE1 	EQU 	1
LATE2 	EQU 	2
LATW 	EQU 	257
LATW0 	EQU 	0
LATW1 	EQU 	1
LATW2 	EQU 	2
LATW3 	EQU 	3
LATW4 	EQU 	4
LATW5 	EQU 	5
LATW6 	EQU 	6
LATW7 	EQU 	7
LDS0 	EQU 	0
LDS1 	EQU 	1
LDS2 	EQU 	2
LDS3 	EQU 	3
LDS4 	EQU 	4
LDS5 	EQU 	5
LDS6 	EQU 	6
LDS7 	EQU 	7
LD_CWG1CON0 	EQU 	6
LD_PWM1CON 	EQU 	2
LD_PWM2CON 	EQU 	2
LENDIAN 	EQU 	1
LENGTHOFPICTURE 	EQU 	1342
LENGTHOFPICTURE_H 	EQU 	1343
LFOEN 	EQU 	4
LFOR 	EQU 	4
LIMIT 	EQU 	4
LINECOLOUR 	EQU 	1344
LINECOLOUR_H 	EQU 	1345
LOAD 	EQU 	6
LOCK 	EQU 	3
LOCX 	EQU 	1346
LOCY 	EQU 	1347
LSAC0 	EQU 	2
LSAC1 	EQU 	3
LSBD0 	EQU 	4
LSBD1 	EQU 	5
LSBF 	EQU 	2
LSCA1 	EQU 	3
LSDB0 	EQU 	4
LSDB1 	EQU 	5
LSDBD0 	EQU 	4
LSDBD1 	EQU 	5
LTH0 	EQU 	0
LTH1 	EQU 	1
LTH10 	EQU 	2
LTH11 	EQU 	3
LTH12 	EQU 	4
LTH13 	EQU 	5
LTH14 	EQU 	6
LTH15 	EQU 	7
LTH2 	EQU 	2
LTH3 	EQU 	3
LTH4 	EQU 	4
LTH5 	EQU 	5
LTH6 	EQU 	6
LTH7 	EQU 	7
LTH8 	EQU 	0
LTH9 	EQU 	1
LTHR 	EQU 	5
LVD0 	EQU 	0
LVD1 	EQU 	1
LVD2 	EQU 	2
LVD3 	EQU 	3
LVDEN 	EQU 	6
LVDMD 	EQU 	5
LVDSTAT 	EQU 	6
MAINPR 	EQU 	190
MAINPR0 	EQU 	0
MAINPR1 	EQU 	1
MAINPR2 	EQU 	2
MAINPR_MAINPR0 	EQU 	0
MAINPR_MAINPR1 	EQU 	1
MAINPR_MAINPR2 	EQU 	2
MAINPR_PR0_MAINPR 	EQU 	0
MAINPR_PR1_MAINPR 	EQU 	1
MAINPR_PR2_MAINPR 	EQU 	2
MATH 	EQU 	4
MC1OUT 	EQU 	0
MC2OUT 	EQU 	1
MD0 	EQU 	0
MD1 	EQU 	1
MD16 	EQU 	4
MD1CARH 	EQU 	110
MD1CARHPPS 	EQU 	605
MD1CARHPPS0 	EQU 	0
MD1CARHPPS1 	EQU 	1
MD1CARHPPS2 	EQU 	2
MD1CARHPPS3 	EQU 	3
MD1CARHPPS4 	EQU 	4
MD1CARHPPS5 	EQU 	5
MD1CARHPPS6 	EQU 	6
MD1CARHPPS7 	EQU 	7
MD1CARHPPS_PIN0 	EQU 	0
MD1CARHPPS_PIN1 	EQU 	1
MD1CARHPPS_PIN2 	EQU 	2
MD1CARHPPS_PORT0 	EQU 	3
MD1CARHPPS_PORT1 	EQU 	4
MD1CARHPPS_PORT2 	EQU 	5
MD1CARHPPS_PORT3 	EQU 	6
MD1CARHPPS_PORT4 	EQU 	7
MD1CARH_CARH0 	EQU 	0
MD1CARH_CARH1 	EQU 	1
MD1CARH_CARH2 	EQU 	2
MD1CARH_CARH3 	EQU 	3
MD1CARH_CARH4 	EQU 	4
MD1CARL 	EQU 	109
MD1CARLPPS 	EQU 	604
MD1CARLPPS0 	EQU 	0
MD1CARLPPS1 	EQU 	1
MD1CARLPPS2 	EQU 	2
MD1CARLPPS3 	EQU 	3
MD1CARLPPS4 	EQU 	4
MD1CARLPPS5 	EQU 	5
MD1CARLPPS6 	EQU 	6
MD1CARLPPS7 	EQU 	7
MD1CARLPPS_PIN0 	EQU 	0
MD1CARLPPS_PIN1 	EQU 	1
MD1CARLPPS_PIN2 	EQU 	2
MD1CARLPPS_PORT0 	EQU 	3
MD1CARLPPS_PORT1 	EQU 	4
MD1CARLPPS_PORT2 	EQU 	5
MD1CARLPPS_PORT3 	EQU 	6
MD1CARLPPS_PORT4 	EQU 	7
MD1CARL_CARL0 	EQU 	0
MD1CARL_CARL1 	EQU 	1
MD1CARL_CARL2 	EQU 	2
MD1CARL_CARL3 	EQU 	3
MD1CARL_CARL4 	EQU 	4
MD1CON0 	EQU 	106
MD1CON1 	EQU 	107
MD1SRC 	EQU 	108
MD1SRCPPS 	EQU 	606
MD1SRCPPS0 	EQU 	0
MD1SRCPPS1 	EQU 	1
MD1SRCPPS2 	EQU 	2
MD1SRCPPS3 	EQU 	3
MD1SRCPPS4 	EQU 	4
MD1SRCPPS5 	EQU 	5
MD1SRCPPS6 	EQU 	6
MD1SRCPPS7 	EQU 	7
MD1SRCPPS_PIN0 	EQU 	0
MD1SRCPPS_PIN1 	EQU 	1
MD1SRCPPS_PIN2 	EQU 	2
MD1SRCPPS_PORT0 	EQU 	3
MD1SRCPPS_PORT1 	EQU 	4
MD1SRCPPS_PORT2 	EQU 	5
MD1SRCPPS_PORT3 	EQU 	6
MD1SRCPPS_PORT4 	EQU 	7
MD1SRC_SRC0 	EQU 	0
MD1SRC_SRC1 	EQU 	1
MD1SRC_SRC2 	EQU 	2
MD1SRC_SRC3 	EQU 	3
MD1SRC_SRC4 	EQU 	4
MD2 	EQU 	2
MDBIT 	EQU 	0
MDCARH0 	EQU 	0
MDCARH1 	EQU 	1
MDCARH2 	EQU 	2
MDCARH3 	EQU 	3
MDCARH4 	EQU 	4
MDCARL0 	EQU 	0
MDCARL1 	EQU 	1
MDCARL2 	EQU 	2
MDCARL3 	EQU 	3
MDCARL4 	EQU 	4
MDCHPOL 	EQU 	5
MDCHSYNC 	EQU 	4
MDCLPOL 	EQU 	1
MDCLSYNC 	EQU 	0
MDEN 	EQU 	7
MDOPOL 	EQU 	4
MDOUT 	EQU 	5
MDR 	EQU 	3
MDSRC0 	EQU 	0
MDSRC1 	EQU 	1
MDSRC2 	EQU 	2
MDSRC3 	EQU 	3
MDSRC4 	EQU 	4
MEMV 	EQU 	1
MFOEN 	EQU 	5
MFOR 	EQU 	5
MMA 	EQU 	5
MODE0 	EQU 	0
MODE1 	EQU 	1
MODE2 	EQU 	2
MODE3 	EQU 	3
MODE4 	EQU 	4
MPWM1EN 	EQU 	0
MPWM1LD 	EQU 	0
MPWM2EN 	EQU 	1
MPWM2LD 	EQU 	1
MREG 	EQU 	2
MST 	EQU 	1
N 	EQU 	4
NACK1IE 	EQU 	0
NACK1IF 	EQU 	4
NACK2IE 	EQU 	0
NACK2IF 	EQU 	4
NACKIE 	EQU 	0
NACKIF 	EQU 	4
NBOR 	EQU 	0
NCH0_CM1NCH 	EQU 	0
NCH0_CM2NCH 	EQU 	0
NCH1_CM1NCH 	EQU 	1
NCH1_CM2NCH 	EQU 	1
NCH2_CM1NCH 	EQU 	2
NCH2_CM2NCH 	EQU 	2
NCO1ACC 	EQU 	1088
NCO1ACC0 	EQU 	0
NCO1ACC1 	EQU 	1
NCO1ACC10 	EQU 	2
NCO1ACC11 	EQU 	3
NCO1ACC12 	EQU 	4
NCO1ACC13 	EQU 	5
NCO1ACC14 	EQU 	6
NCO1ACC15 	EQU 	7
NCO1ACC16 	EQU 	0
NCO1ACC17 	EQU 	1
NCO1ACC18 	EQU 	2
NCO1ACC19 	EQU 	3
NCO1ACC2 	EQU 	2
NCO1ACC3 	EQU 	3
NCO1ACC4 	EQU 	4
NCO1ACC5 	EQU 	5
NCO1ACC6 	EQU 	6
NCO1ACC7 	EQU 	7
NCO1ACC8 	EQU 	0
NCO1ACC9 	EQU 	1
NCO1ACCH 	EQU 	1089
NCO1ACCH_ACC10 	EQU 	2
NCO1ACCH_ACC11 	EQU 	3
NCO1ACCH_ACC12 	EQU 	4
NCO1ACCH_ACC13 	EQU 	5
NCO1ACCH_ACC14 	EQU 	6
NCO1ACCH_ACC15 	EQU 	7
NCO1ACCH_ACC8 	EQU 	0
NCO1ACCH_ACC9 	EQU 	1
NCO1ACCL 	EQU 	1088
NCO1ACCU 	EQU 	1090
NCO1ACCU_ACC0 	EQU 	0
NCO1ACCU_ACC1 	EQU 	1
NCO1ACCU_ACC2 	EQU 	2
NCO1ACCU_ACC3 	EQU 	3
NCO1ACCU_NCO1ACC0 	EQU 	0
NCO1ACCU_NCO1ACC1 	EQU 	1
NCO1ACCU_NCO1ACC2 	EQU 	2
NCO1ACCU_NCO1ACC3 	EQU 	3
NCO1ACC_ACC0 	EQU 	0
NCO1ACC_ACC1 	EQU 	1
NCO1ACC_ACC2 	EQU 	2
NCO1ACC_ACC3 	EQU 	3
NCO1ACC_ACC4 	EQU 	4
NCO1ACC_ACC5 	EQU 	5
NCO1ACC_ACC6 	EQU 	6
NCO1ACC_ACC7 	EQU 	7
NCO1CKS0 	EQU 	0
NCO1CKS1 	EQU 	1
NCO1CKS2 	EQU 	2
NCO1CKS3 	EQU 	3
NCO1CKS4 	EQU 	4
NCO1CLK 	EQU 	1095
NCO1CLK_CKS0 	EQU 	0
NCO1CLK_CKS1 	EQU 	1
NCO1CLK_CKS2 	EQU 	2
NCO1CLK_CKS3 	EQU 	3
NCO1CLK_CKS4 	EQU 	4
NCO1CLK_NCO1CKS0 	EQU 	0
NCO1CLK_NCO1CKS1 	EQU 	1
NCO1CLK_NCO1CKS2 	EQU 	2
NCO1CLK_NCO1CKS3 	EQU 	3
NCO1CLK_NCO1CKS4 	EQU 	4
NCO1CLK_NCO1PWS0 	EQU 	5
NCO1CLK_NCO1PWS1 	EQU 	6
NCO1CLK_NCO1PWS2 	EQU 	7
NCO1CLK_PWS0 	EQU 	5
NCO1CLK_PWS1 	EQU 	6
NCO1CLK_PWS2 	EQU 	7
NCO1CON 	EQU 	1094
NCO1CON_EN 	EQU 	7
NCO1EN 	EQU 	7
NCO1IE 	EQU 	1
NCO1IF 	EQU 	1
NCO1INC 	EQU 	1091
NCO1INC0 	EQU 	0
NCO1INC1 	EQU 	1
NCO1INC10 	EQU 	2
NCO1INC11 	EQU 	3
NCO1INC12 	EQU 	4
NCO1INC13 	EQU 	5
NCO1INC14 	EQU 	6
NCO1INC15 	EQU 	7
NCO1INC16 	EQU 	0
NCO1INC17 	EQU 	1
NCO1INC18 	EQU 	2
NCO1INC19 	EQU 	3
NCO1INC2 	EQU 	2
NCO1INC3 	EQU 	3
NCO1INC4 	EQU 	4
NCO1INC5 	EQU 	5
NCO1INC6 	EQU 	6
NCO1INC7 	EQU 	7
NCO1INC8 	EQU 	0
NCO1INC9 	EQU 	1
NCO1INCH 	EQU 	1092
NCO1INCL 	EQU 	1091
NCO1INCU 	EQU 	1093
NCO1INCU_INC0 	EQU 	0
NCO1INCU_INC1 	EQU 	1
NCO1INCU_INC2 	EQU 	2
NCO1INCU_INC3 	EQU 	3
NCO1INCU_NCO1INC0 	EQU 	0
NCO1INCU_NCO1INC1 	EQU 	1
NCO1INCU_NCO1INC2 	EQU 	2
NCO1INCU_NCO1INC3 	EQU 	3
NCO1IP 	EQU 	1
NCO1MD 	EQU 	4
NCO1OUT 	EQU 	5
NCO1PFM 	EQU 	0
NCO1POL 	EQU 	4
NCO1PWS0 	EQU 	5
NCO1PWS1 	EQU 	6
NCO1PWS2 	EQU 	7
NDIV0 	EQU 	0
NDIV1 	EQU 	1
NDIV2 	EQU 	2
NDIV3 	EQU 	3
NDONE 	EQU 	0
NHYS 	EQU 	4
NIOMON 	EQU 	7
NMEMV 	EQU 	1
NOSC0 	EQU 	4
NOSC1 	EQU 	5
NOSC2 	EQU 	6
NOSCR 	EQU 	3
NOT_A 	EQU 	3
NOT_ADDRESS 	EQU 	3
NOT_BOR 	EQU 	0
NOT_DONE_NVMCON0 	EQU 	0
NOT_DONE_T1GCON 	EQU 	3
NOT_DONE_T3GCON 	EQU 	3
NOT_HYS 	EQU 	4
NOT_IOMON 	EQU 	7
NOT_MEMV 	EQU 	1
NOT_PD 	EQU 	5
NOT_POR 	EQU 	1
NOT_RCM 	EQU 	0
NOT_RI 	EQU 	2
NOT_RMCLR 	EQU 	3
NOT_RVREG 	EQU 	2
NOT_RWDT 	EQU 	4
NOT_SYNC 	EQU 	2
NOT_T1DONE 	EQU 	3
NOT_T1SYNC 	EQU 	2
NOT_T3DONE 	EQU 	3
NOT_T3SYNC 	EQU 	2
NOT_TO 	EQU 	6
NOT_W 	EQU 	4
NOT_WDTWV 	EQU 	5
NOT_WRITE 	EQU 	4
NPD 	EQU 	5
NPOR 	EQU 	1
NRCM 	EQU 	0
NREF0 	EQU 	4
NREF1 	EQU 	5
NREF2 	EQU 	6
NREF3 	EQU 	7
NRI 	EQU 	2
NRMCLR 	EQU 	3
NRVREG 	EQU 	2
NRWDT 	EQU 	4
NSS0 	EQU 	0
NSS1 	EQU 	1
NSYNC 	EQU 	2
NT1SYNC 	EQU 	2
NT3SYNC 	EQU 	2
NTO 	EQU 	6
NVMADR 	EQU 	67
NVMADR0 	EQU 	0
NVMADR1 	EQU 	1
NVMADR10 	EQU 	2
NVMADR11 	EQU 	3
NVMADR12 	EQU 	4
NVMADR13 	EQU 	5
NVMADR14 	EQU 	6
NVMADR15 	EQU 	7
NVMADR16 	EQU 	0
NVMADR17 	EQU 	1
NVMADR18 	EQU 	2
NVMADR19 	EQU 	3
NVMADR2 	EQU 	2
NVMADR20 	EQU 	4
NVMADR21 	EQU 	5
NVMADR3 	EQU 	3
NVMADR4 	EQU 	4
NVMADR5 	EQU 	5
NVMADR6 	EQU 	6
NVMADR7 	EQU 	7
NVMADR8 	EQU 	0
NVMADR9 	EQU 	1
NVMADRH 	EQU 	68
NVMADRL 	EQU 	67
NVMADRU 	EQU 	69
NVMADRU0 	EQU 	0
NVMADRU1 	EQU 	1
NVMADRU2 	EQU 	2
NVMADRU3 	EQU 	3
NVMADRU4 	EQU 	4
NVMADRU5 	EQU 	5
NVMCMD0 	EQU 	0
NVMCMD1 	EQU 	1
NVMCMD2 	EQU 	2
NVMCON0 	EQU 	64
NVMCON1 	EQU 	65
NVMDAT 	EQU 	70
NVMDAT0 	EQU 	0
NVMDAT1 	EQU 	1
NVMDAT10 	EQU 	2
NVMDAT11 	EQU 	3
NVMDAT12 	EQU 	4
NVMDAT13 	EQU 	5
NVMDAT14 	EQU 	6
NVMDAT15 	EQU 	7
NVMDAT2 	EQU 	2
NVMDAT3 	EQU 	3
NVMDAT4 	EQU 	4
NVMDAT5 	EQU 	5
NVMDAT6 	EQU 	6
NVMDAT7 	EQU 	7
NVMDAT8 	EQU 	0
NVMDAT9 	EQU 	1
NVMDATH 	EQU 	71
NVMDATL 	EQU 	70
NVMGO 	EQU 	0
NVMIE 	EQU 	4
NVMIF 	EQU 	4
NVMIP 	EQU 	4
NVMLOCK 	EQU 	66
NVMMD 	EQU 	2
NWDTWV 	EQU 	5
ODCA0 	EQU 	0
ODCA1 	EQU 	1
ODCA2 	EQU 	2
ODCA3 	EQU 	3
ODCA4 	EQU 	4
ODCA5 	EQU 	5
ODCA6 	EQU 	6
ODCA7 	EQU 	7
ODCB0 	EQU 	0
ODCB1 	EQU 	1
ODCB2 	EQU 	2
ODCB3 	EQU 	3
ODCB4 	EQU 	4
ODCB5 	EQU 	5
ODCB6 	EQU 	6
ODCB7 	EQU 	7
ODCC0 	EQU 	0
ODCC1 	EQU 	1
ODCC2 	EQU 	2
ODCC3 	EQU 	3
ODCC4 	EQU 	4
ODCC5 	EQU 	5
ODCC6 	EQU 	6
ODCD0 	EQU 	0
ODCD1 	EQU 	1
ODCD2 	EQU 	2
ODCD3 	EQU 	3
ODCD4 	EQU 	4
ODCD5 	EQU 	5
ODCD6 	EQU 	6
ODCD7 	EQU 	7
ODCE0 	EQU 	0
ODCE1 	EQU 	1
ODCE2 	EQU 	2
ODCONA 	EQU 	1026
ODCONB 	EQU 	1034
ODCONC 	EQU 	1042
ODCOND 	EQU 	1050
ODCONE 	EQU 	1058
OE0 	EQU 	4
OE1 	EQU 	5
OE2 	EQU 	6
OM 	EQU 	5
ON_ADCON0 	EQU 	7
ON_T1CON 	EQU 	0
ON_T2CON 	EQU 	7
ON_T3CON 	EQU 	0
ON_T4CON 	EQU 	7
ON_TU16ACON0 	EQU 	7
ON_TU16BCON0 	EQU 	7
ON_U1CON1 	EQU 	7
ON_U2CON1 	EQU 	7
OPOL 	EQU 	4
ORDY 	EQU 	4
ORGCHARLOCX 	EQU 	1348
ORS 	EQU 	1
OSCCON1 	EQU 	173
OSCCON1_NDIV0 	EQU 	0
OSCCON1_NDIV1 	EQU 	1
OSCCON1_NDIV2 	EQU 	2
OSCCON1_NDIV3 	EQU 	3
OSCCON1_NOSC0 	EQU 	4
OSCCON1_NOSC1 	EQU 	5
OSCCON1_NOSC2 	EQU 	6
OSCCON2 	EQU 	174
OSCCON2_CDIV0 	EQU 	0
OSCCON2_CDIV1 	EQU 	1
OSCCON2_CDIV2 	EQU 	2
OSCCON2_CDIV3 	EQU 	3
OSCCON2_COSC0 	EQU 	4
OSCCON2_COSC1 	EQU 	5
OSCCON2_COSC2 	EQU 	6
OSCCON3 	EQU 	175
OSCEN 	EQU 	179
OSCFREQ 	EQU 	177
OSCFRQ 	EQU 	177
OSCFRQ_FRQ0 	EQU 	0
OSCFRQ_FRQ1 	EQU 	1
OSCFRQ_FRQ2 	EQU 	2
OSCFRQ_FRQ3 	EQU 	3
OSCSTAT 	EQU 	178
OSCSTAT1 	EQU 	178
OSCTUNE 	EQU 	176
OSCTUNE_TUN0 	EQU 	0
OSCTUNE_TUN1 	EQU 	1
OSCTUNE_TUN2 	EQU 	2
OSCTUNE_TUN3 	EQU 	3
OSCTUNE_TUN4 	EQU 	4
OSCTUNE_TUN5 	EQU 	5
OSEN 	EQU 	6
OSFIE 	EQU 	2
OSFIF 	EQU 	2
OSFIP 	EQU 	2
OUT0 	EQU 	0
OUT1 	EQU 	1
OUT10 	EQU 	2
OUT11 	EQU 	3
OUT12 	EQU 	4
OUT13 	EQU 	5
OUT14 	EQU 	6
OUT15 	EQU 	7
OUT16 	EQU 	0
OUT17 	EQU 	1
OUT18 	EQU 	2
OUT19 	EQU 	3
OUT2 	EQU 	2
OUT20 	EQU 	4
OUT21 	EQU 	5
OUT22 	EQU 	6
OUT23 	EQU 	7
OUT24 	EQU 	0
OUT25 	EQU 	1
OUT26 	EQU 	2
OUT27 	EQU 	3
OUT28 	EQU 	4
OUT29 	EQU 	5
OUT3 	EQU 	3
OUT30 	EQU 	6
OUT31 	EQU 	7
OUT4 	EQU 	4
OUT5 	EQU 	5
OUT6 	EQU 	6
OUT7 	EQU 	7
OUT8 	EQU 	0
OUT9 	EQU 	1
OUTPS0 	EQU 	0
OUTPS1 	EQU 	1
OUTPS2 	EQU 	2
OUTPS3 	EQU 	3
OUT_CCP1CON 	EQU 	5
OUT_CLCNCON 	EQU 	5
OUT_CM1CON0 	EQU 	6
OUT_CM2CON0 	EQU 	6
OUT_HLVDCON0 	EQU 	5
OUT_NCO1CON 	EQU 	5
OUT_T0CON0 	EQU 	5
OUT_ZCD1CON 	EQU 	5
OVRA 	EQU 	4
OVRB 	EQU 	5
OVRC 	EQU 	6
OVRD 	EQU 	7
OV_ADSTAT 	EQU 	7
OV_STATUS 	EQU 	3
OV_STATUS_CSHAD 	EQU 	3
OV_STATUS_SHAD 	EQU 	3
P 	EQU 	3
P1H 	EQU 	0
P2H 	EQU 	0
P3H 	EQU 	0
PC1IE 	EQU 	2
PC1IF 	EQU 	2
PC2IE 	EQU 	2
PC2IF 	EQU 	2
PCH0 	EQU 	0
PCH1 	EQU 	1
PCH2 	EQU 	2
PCIE 	EQU 	2
PCIF 	EQU 	2
PCL 	EQU 	1273
PCLAT 	EQU 	1273
PCLAT0 	EQU 	0
PCLAT1 	EQU 	1
PCLAT10 	EQU 	16
PCLAT11 	EQU 	17
PCLAT12 	EQU 	18
PCLAT13 	EQU 	19
PCLAT14 	EQU 	20
PCLAT15 	EQU 	21
PCLAT16 	EQU 	22
PCLAT17 	EQU 	23
PCLAT18 	EQU 	24
PCLAT19 	EQU 	25
PCLAT2 	EQU 	2
PCLAT20 	EQU 	32
PCLAT3 	EQU 	3
PCLAT4 	EQU 	4
PCLAT5 	EQU 	5
PCLAT6 	EQU 	6
PCLAT7 	EQU 	7
PCLAT8 	EQU 	8
PCLAT9 	EQU 	9
PCLATH 	EQU 	1274
PCLATH_SHAD 	EQU 	890
PCLATU 	EQU 	1275
PCLATU_PCU0 	EQU 	0
PCLATU_PCU1 	EQU 	1
PCLATU_PCU2 	EQU 	2
PCLATU_PCU3 	EQU 	3
PCLATU_PCU4 	EQU 	4
PCLATU_SHAD 	EQU 	891
PCON0 	EQU 	1264
PCON1 	EQU 	1265
PCSC 	EQU 	1
PCU0 	EQU 	0
PCU1 	EQU 	1
PCU2 	EQU 	2
PCU3 	EQU 	3
PCU4 	EQU 	4
PD 	EQU 	5
PERIE 	EQU 	6
PERIF 	EQU 	6
PFM 	EQU 	0
PIE0 	EQU 	1194
PIE1 	EQU 	1195
PIE10 	EQU 	1204
PIE11 	EQU 	1205
PIE2 	EQU 	1196
PIE3 	EQU 	1197
PIE4 	EQU 	1198
PIE5 	EQU 	1199
PIE6 	EQU 	1200
PIE7 	EQU 	1201
PIE8 	EQU 	1202
PIE9 	EQU 	1203
PIN0 	EQU 	0
PIN1 	EQU 	1
PIN2 	EQU 	2
PIR0 	EQU 	1206
PIR1 	EQU 	1207
PIR10 	EQU 	1216
PIR11 	EQU 	1217
PIR2 	EQU 	1208
PIR3 	EQU 	1209
PIR4 	EQU 	1210
PIR5 	EQU 	1211
PIR6 	EQU 	1212
PIR7 	EQU 	1213
PIR8 	EQU 	1214
PIR9 	EQU 	1215
PLEN0 	EQU 	0
PLEN1 	EQU 	1
PLEN2 	EQU 	2
PLEN3 	EQU 	3
PLEN4 	EQU 	4
PLLEN 	EQU 	0
PLLR 	EQU 	0
PLUSW0 	EQU 	1259
PLUSW1 	EQU 	1251
PLUSW2 	EQU 	1243
PMD0 	EQU 	98
PMD1 	EQU 	99
PMD2 	EQU 	100
PMD3 	EQU 	101
PMD4 	EQU 	102
PMD5 	EQU 	103
PMD6 	EQU 	104
PMSYS0 	EQU 	4
PMSYS1 	EQU 	5
POL1 	EQU 	6
POL2 	EQU 	7
POLA 	EQU 	0
POLB 	EQU 	1
POLC 	EQU 	2
POLD 	EQU 	3
POL_CLCNPOL 	EQU 	7
POL_CM1CON0 	EQU 	4
POL_CM2CON0 	EQU 	4
POL_NCO1CON 	EQU 	4
POL_ZCD1CON 	EQU 	4
POR 	EQU 	1
PORT0 	EQU 	3
PORT1 	EQU 	4
PORT2 	EQU 	5
PORT3 	EQU 	6
PORT4 	EQU 	7
PORTA 	EQU 	336
PORTB 	EQU 	337
PORTC 	EQU 	338
PORTD 	EQU 	339
PORTE 	EQU 	340
PORTW 	EQU 	256
PORTWCLK 	EQU 	266
PORTWCLKPPS 	EQU 	639
PORTWCLKPPS0 	EQU 	0
PORTWCLKPPS1 	EQU 	1
PORTWCLKPPS2 	EQU 	2
PORTWCLKPPS3 	EQU 	3
PORTWCLKPPS4 	EQU 	4
PORTWCLKPPS5 	EQU 	5
PORTWCLKPPS6 	EQU 	6
PORTWCLKPPS7 	EQU 	7
PORTWCLKPPS_PIN0 	EQU 	0
PORTWCLKPPS_PIN1 	EQU 	1
PORTWCLKPPS_PIN2 	EQU 	2
PORTWCLKPPS_PORT0 	EQU 	3
PORTWCLKPPS_PORT1 	EQU 	4
PORTWCLKPPS_PORT2 	EQU 	5
PORTWCLKPPS_PORT3 	EQU 	6
PORTWCLKPPS_PORT4 	EQU 	7
PORTWCLK_CLK0 	EQU 	0
PORTWCLK_CLK1 	EQU 	1
PORTWCLK_CLK2 	EQU 	2
PORTWCLK_CLK3 	EQU 	3
PORTWCLK_CLK4 	EQU 	4
PORTWCON 	EQU 	268
PORTWDF 	EQU 	267
PORTWIN0 	EQU 	258
PORTWIN0PPS 	EQU 	637
PORTWIN0PPS0 	EQU 	0
PORTWIN0PPS1 	EQU 	1
PORTWIN0PPS2 	EQU 	2
PORTWIN0PPS3 	EQU 	3
PORTWIN0PPS4 	EQU 	4
PORTWIN0PPS5 	EQU 	5
PORTWIN0PPS6 	EQU 	6
PORTWIN0PPS7 	EQU 	7
PORTWIN0PPS_PIN0 	EQU 	0
PORTWIN0PPS_PIN1 	EQU 	1
PORTWIN0PPS_PIN2 	EQU 	2
PORTWIN0PPS_PORT0 	EQU 	3
PORTWIN0PPS_PORT1 	EQU 	4
PORTWIN0PPS_PORT2 	EQU 	5
PORTWIN0PPS_PORT3 	EQU 	6
PORTWIN0PPS_PORT4 	EQU 	7
PORTWIN0_IN0 	EQU 	0
PORTWIN0_IN1 	EQU 	1
PORTWIN0_IN2 	EQU 	2
PORTWIN0_IN3 	EQU 	3
PORTWIN1 	EQU 	259
PORTWIN1PPS 	EQU 	638
PORTWIN1PPS0 	EQU 	0
PORTWIN1PPS1 	EQU 	1
PORTWIN1PPS2 	EQU 	2
PORTWIN1PPS3 	EQU 	3
PORTWIN1PPS4 	EQU 	4
PORTWIN1PPS5 	EQU 	5
PORTWIN1PPS6 	EQU 	6
PORTWIN1PPS7 	EQU 	7
PORTWIN1PPS_PIN0 	EQU 	0
PORTWIN1PPS_PIN1 	EQU 	1
PORTWIN1PPS_PIN2 	EQU 	2
PORTWIN1PPS_PORT0 	EQU 	3
PORTWIN1PPS_PORT1 	EQU 	4
PORTWIN1PPS_PORT2 	EQU 	5
PORTWIN1PPS_PORT3 	EQU 	6
PORTWIN1PPS_PORT4 	EQU 	7
PORTWIN2 	EQU 	260
PORTWIN2_IN0 	EQU 	0
PORTWIN2_IN1 	EQU 	1
PORTWIN2_IN2 	EQU 	2
PORTWIN2_IN3 	EQU 	3
PORTWIN3 	EQU 	261
PORTWIN3_IN0 	EQU 	0
PORTWIN3_IN1 	EQU 	1
PORTWIN3_IN2 	EQU 	2
PORTWIN3_IN3 	EQU 	3
PORTWIN4 	EQU 	262
PORTWIN4_IN0 	EQU 	0
PORTWIN4_IN1 	EQU 	1
PORTWIN4_IN2 	EQU 	2
PORTWIN4_IN3 	EQU 	3
PORTWIN5 	EQU 	263
PORTWIN5_IN0 	EQU 	0
PORTWIN5_IN1 	EQU 	1
PORTWIN5_IN2 	EQU 	2
PORTWIN5_IN3 	EQU 	3
PORTWIN6 	EQU 	264
PORTWIN6_IN0 	EQU 	0
PORTWIN6_IN1 	EQU 	1
PORTWIN6_IN2 	EQU 	2
PORTWIN6_IN3 	EQU 	3
PORTWIN7 	EQU 	265
PORTWIN7_IN0 	EQU 	0
PORTWIN7_IN1 	EQU 	1
PORTWIN7_IN2 	EQU 	2
PORTWIN7_IN3 	EQU 	3
PORTWMD 	EQU 	0
POSCHARX 	EQU 	1349
POSCHARX_H 	EQU 	1350
POSCHARY 	EQU 	1351
POSTDEC0 	EQU 	1261
POSTDEC1 	EQU 	1253
POSTDEC2 	EQU 	1245
POSTINC0 	EQU 	1262
POSTINC1 	EQU 	1254
POSTINC2 	EQU 	1246
PPEN 	EQU 	3
PPOL 	EQU 	7
PPSLOCK 	EQU 	512
PPSLOCKED 	EQU 	0
PR0 	EQU 	793
PR0_DMA1PR 	EQU 	0
PR0_DMA2PR 	EQU 	0
PR0_DMA3PR 	EQU 	0
PR0_DMA4PR 	EQU 	0
PR0_ISRPR 	EQU 	0
PR0_MAINPR 	EQU 	0
PR0_SCANPR 	EQU 	0
PR1 	EQU 	791
PR1_DMA1PR 	EQU 	1
PR1_DMA2PR 	EQU 	1
PR1_DMA3PR 	EQU 	1
PR1_DMA4PR 	EQU 	1
PR1_ISRPR 	EQU 	1
PR1_MAINPR 	EQU 	1
PR1_SCANPR 	EQU 	1
PR2 	EQU 	798
PR2_DMA1PR 	EQU 	2
PR2_DMA2PR 	EQU 	2
PR2_DMA3PR 	EQU 	2
PR2_DMA4PR 	EQU 	2
PR2_ISRPR 	EQU 	2
PR2_MAINPR 	EQU 	2
PR2_SCANPR 	EQU 	2
PR3 	EQU 	808
PR4 	EQU 	811
PRE0 	EQU 	0
PRE1 	EQU 	1
PRE10 	EQU 	2
PRE11 	EQU 	3
PRE12 	EQU 	4
PRE2 	EQU 	2
PRE3 	EQU 	3
PRE4 	EQU 	4
PRE5 	EQU 	5
PRE6 	EQU 	6
PRE7 	EQU 	7
PRE8 	EQU 	0
PRE9 	EQU 	1
PREF0 	EQU 	0
PREF1 	EQU 	1
PREF2 	EQU 	2
PREF3 	EQU 	3
PREINC0 	EQU 	1260
PREINC1 	EQU 	1252
PREINC2 	EQU 	1244
PREV0 	EQU 	0
PREV1 	EQU 	1
PREV10 	EQU 	2
PREV11 	EQU 	3
PREV12 	EQU 	4
PREV13 	EQU 	5
PREV14 	EQU 	6
PREV15 	EQU 	7
PREV2 	EQU 	2
PREV3 	EQU 	3
PREV4 	EQU 	4
PREV5 	EQU 	5
PREV6 	EQU 	6
PREV7 	EQU 	7
PREV8 	EQU 	0
PREV9 	EQU 	1
PRH0 	EQU 	0
PRH1 	EQU 	1
PRH2 	EQU 	2
PRH3 	EQU 	3
PRH4 	EQU 	4
PRH5 	EQU 	5
PRH6 	EQU 	6
PRH7 	EQU 	7
PRIE 	EQU 	2
PRIF 	EQU 	2
PRINTLOCX 	EQU 	1352
PRINTLOCX_H 	EQU 	1353
PRINTLOCY 	EQU 	1354
PRINTLOCY_H 	EQU 	1355
PRL0 	EQU 	0
PRL1 	EQU 	1
PRL2 	EQU 	2
PRL3 	EQU 	3
PRL4 	EQU 	4
PRL5 	EQU 	5
PRL6 	EQU 	6
PRL7 	EQU 	7
PRLOCK 	EQU 	180
PRLOCKED 	EQU 	0
PROD 	EQU 	1267
PROD0 	EQU 	0
PROD1 	EQU 	1
PROD10 	EQU 	16
PROD11 	EQU 	17
PROD12 	EQU 	18
PROD13 	EQU 	19
PROD14 	EQU 	20
PROD15 	EQU 	21
PROD2 	EQU 	2
PROD3 	EQU 	3
PROD4 	EQU 	4
PROD5 	EQU 	5
PROD6 	EQU 	6
PROD7 	EQU 	7
PROD8 	EQU 	8
PROD9 	EQU 	9
PRODH 	EQU 	1268
PRODH_SHAD 	EQU 	899
PRODL 	EQU 	1267
PRODL_SHAD 	EQU 	898
PRODSH 	EQU 	898
PROD_PROD0 	EQU 	0
PROD_PROD1 	EQU 	1
PROD_PROD10 	EQU 	16
PROD_PROD11 	EQU 	17
PROD_PROD12 	EQU 	18
PROD_PROD13 	EQU 	19
PROD_PROD14 	EQU 	20
PROD_PROD15 	EQU 	21
PROD_PROD2 	EQU 	2
PROD_PROD3 	EQU 	3
PROD_PROD4 	EQU 	4
PROD_PROD5 	EQU 	5
PROD_PROD6 	EQU 	6
PROD_PROD7 	EQU 	7
PROD_PROD8 	EQU 	8
PROD_PROD9 	EQU 	9
PRT0 	EQU 	0
PRT1 	EQU 	1
PRT2 	EQU 	2
PRT3 	EQU 	3
PRT4 	EQU 	4
PRT5 	EQU 	5
PRT6 	EQU 	6
PRT7 	EQU 	7
PS0 	EQU 	0
PS1 	EQU 	1
PS2 	EQU 	2
PS3 	EQU 	3
PS4 	EQU 	4
PS5 	EQU 	5
PS6 	EQU 	6
PS7 	EQU 	7
PSCNT0 	EQU 	0
PSCNT1 	EQU 	1
PSCNT10 	EQU 	2
PSCNT11 	EQU 	3
PSCNT12 	EQU 	4
PSCNT13 	EQU 	5
PSCNT14 	EQU 	6
PSCNT15 	EQU 	7
PSCNT16 	EQU 	0
PSCNT17 	EQU 	1
PSCNT2 	EQU 	2
PSCNT3 	EQU 	3
PSCNT4 	EQU 	4
PSCNT5 	EQU 	5
PSCNT6 	EQU 	6
PSCNT7 	EQU 	7
PSCNT8 	EQU 	0
PSCNT9 	EQU 	1
PSET_SSD1306 	EQU 	3818
PSIS 	EQU 	7
PSS0_DAC1CON 	EQU 	2
PSS1_DAC1CON 	EQU 	3
PSYNC 	EQU 	7
PU0 	EQU 	4
PU1 	EQU 	5
PWDF0 	EQU 	0
PWDF1 	EQU 	1
PWDF2 	EQU 	2
PWDF3 	EQU 	3
PWDF4 	EQU 	4
PWDF5 	EQU 	5
PWDF6 	EQU 	6
PWDF7 	EQU 	7
PWM1CLK 	EQU 	1121
PWM1CON 	EQU 	1129
PWM1CON_EN 	EQU 	7
PWM1CPRE 	EQU 	1125
PWM1ERS 	EQU 	1120
PWM1ERSPPS 	EQU 	593
PWM1ERSPPS0 	EQU 	0
PWM1ERSPPS1 	EQU 	1
PWM1ERSPPS2 	EQU 	2
PWM1ERSPPS3 	EQU 	3
PWM1ERSPPS4 	EQU 	4
PWM1ERSPPS5 	EQU 	5
PWM1ERSPPS6 	EQU 	6
PWM1ERSPPS7 	EQU 	7
PWM1ERSPPS_PIN0 	EQU 	0
PWM1ERSPPS_PIN1 	EQU 	1
PWM1ERSPPS_PIN2 	EQU 	2
PWM1ERSPPS_PORT0 	EQU 	3
PWM1ERSPPS_PORT1 	EQU 	4
PWM1ERSPPS_PORT2 	EQU 	5
PWM1ERSPPS_PORT3 	EQU 	6
PWM1ERSPPS_PORT4 	EQU 	7
PWM1GIE 	EQU 	1128
PWM1GIR 	EQU 	1127
PWM1IE 	EQU 	5
PWM1IF 	EQU 	5
PWM1IP 	EQU 	5
PWM1LDS 	EQU 	1122
PWM1MD 	EQU 	0
PWM1PIE 	EQU 	4
PWM1PIF 	EQU 	4
PWM1PIP 	EQU 	4
PWM1PIPOS 	EQU 	1126
PWM1PR 	EQU 	1123
PWM1PRH 	EQU 	1124
PWM1PRL 	EQU 	1123
PWM1S1CFG 	EQU 	1130
PWM1S1CFG_MODE0 	EQU 	0
PWM1S1CFG_MODE1 	EQU 	1
PWM1S1CFG_MODE2 	EQU 	2
PWM1S1CFG_PWM1S1CFG_MODE0 	EQU 	0
PWM1S1CFG_PWM1S1CFG_MODE1 	EQU 	1
PWM1S1CFG_PWM1S1CFG_MODE2 	EQU 	2
PWM1S1P1 	EQU 	1131
PWM1S1P1H 	EQU 	1132
PWM1S1P1L 	EQU 	1131
PWM1S1P2 	EQU 	1133
PWM1S1P2H 	EQU 	1134
PWM1S1P2L 	EQU 	1133
PWM2CLK 	EQU 	1136
PWM2CLK_CLK0 	EQU 	0
PWM2CLK_CLK1 	EQU 	1
PWM2CLK_CLK2 	EQU 	2
PWM2CLK_CLK3 	EQU 	3
PWM2CLK_CLK4 	EQU 	4
PWM2CON 	EQU 	1144
PWM2CON_EN 	EQU 	7
PWM2CON_ERSNOW 	EQU 	0
PWM2CON_ERSPOL 	EQU 	1
PWM2CPRE 	EQU 	1140
PWM2ERS 	EQU 	1135
PWM2ERSPPS 	EQU 	594
PWM2ERSPPS0 	EQU 	0
PWM2ERSPPS1 	EQU 	1
PWM2ERSPPS2 	EQU 	2
PWM2ERSPPS3 	EQU 	3
PWM2ERSPPS4 	EQU 	4
PWM2ERSPPS5 	EQU 	5
PWM2ERSPPS6 	EQU 	6
PWM2ERSPPS7 	EQU 	7
PWM2ERSPPS_PIN0 	EQU 	0
PWM2ERSPPS_PIN1 	EQU 	1
PWM2ERSPPS_PIN2 	EQU 	2
PWM2ERSPPS_PORT0 	EQU 	3
PWM2ERSPPS_PORT1 	EQU 	4
PWM2ERSPPS_PORT2 	EQU 	5
PWM2ERSPPS_PORT3 	EQU 	6
PWM2ERSPPS_PORT4 	EQU 	7
PWM2ERS_ERS0 	EQU 	0
PWM2ERS_ERS1 	EQU 	1
PWM2ERS_ERS2 	EQU 	2
PWM2ERS_ERS3 	EQU 	3
PWM2ERS_ERS4 	EQU 	4
PWM2ERS_ERS5 	EQU 	5
PWM2GIE 	EQU 	1143
PWM2GIE_S1P1IE 	EQU 	0
PWM2GIE_S1P2IE 	EQU 	1
PWM2GIR 	EQU 	1142
PWM2GIR_S1P1IF 	EQU 	0
PWM2GIR_S1P2IF 	EQU 	1
PWM2IE 	EQU 	7
PWM2IF 	EQU 	7
PWM2IP 	EQU 	7
PWM2LDS 	EQU 	1137
PWM2LDS_LDS0 	EQU 	0
PWM2LDS_LDS1 	EQU 	1
PWM2LDS_LDS2 	EQU 	2
PWM2LDS_LDS3 	EQU 	3
PWM2MD 	EQU 	1
PWM2PIE 	EQU 	6
PWM2PIF 	EQU 	6
PWM2PIP 	EQU 	6
PWM2PIPOS 	EQU 	1141
PWM2PR 	EQU 	1138
PWM2PRH 	EQU 	1139
PWM2PRL 	EQU 	1138
PWM2S1CFG 	EQU 	1145
PWM2S1CFG_MODE0 	EQU 	0
PWM2S1CFG_MODE1 	EQU 	1
PWM2S1CFG_MODE2 	EQU 	2
PWM2S1CFG_POL1 	EQU 	6
PWM2S1CFG_POL2 	EQU 	7
PWM2S1CFG_PPEN 	EQU 	3
PWM2S1CFG_PWM2S1CFG_MODE0 	EQU 	0
PWM2S1CFG_PWM2S1CFG_MODE1 	EQU 	1
PWM2S1CFG_PWM2S1CFG_MODE2 	EQU 	2
PWM2S1P1 	EQU 	1146
PWM2S1P1H 	EQU 	1147
PWM2S1P1L 	EQU 	1146
PWM2S1P2 	EQU 	1148
PWM2S1P2H 	EQU 	1149
PWM2S1P2L 	EQU 	1148
PWMEN 	EQU 	1178
PWMIN0PPS 	EQU 	599
PWMIN0PPS0 	EQU 	0
PWMIN0PPS1 	EQU 	1
PWMIN0PPS2 	EQU 	2
PWMIN0PPS3 	EQU 	3
PWMIN0PPS4 	EQU 	4
PWMIN0PPS5 	EQU 	5
PWMIN0PPS6 	EQU 	6
PWMIN0PPS7 	EQU 	7
PWMIN0PPS_PIN0 	EQU 	0
PWMIN0PPS_PIN1 	EQU 	1
PWMIN0PPS_PIN2 	EQU 	2
PWMIN0PPS_PORT0 	EQU 	3
PWMIN0PPS_PORT1 	EQU 	4
PWMIN0PPS_PORT2 	EQU 	5
PWMIN0PPS_PORT3 	EQU 	6
PWMIN0PPS_PORT4 	EQU 	7
PWMIN1PPS 	EQU 	600
PWMIN1PPS0 	EQU 	0
PWMIN1PPS1 	EQU 	1
PWMIN1PPS2 	EQU 	2
PWMIN1PPS3 	EQU 	3
PWMIN1PPS4 	EQU 	4
PWMIN1PPS5 	EQU 	5
PWMIN1PPS6 	EQU 	6
PWMIN1PPS7 	EQU 	7
PWMIN1PPS_PIN0 	EQU 	0
PWMIN1PPS_PIN1 	EQU 	1
PWMIN1PPS_PIN2 	EQU 	2
PWMIN1PPS_PORT0 	EQU 	3
PWMIN1PPS_PORT1 	EQU 	4
PWMIN1PPS_PORT2 	EQU 	5
PWMIN1PPS_PORT3 	EQU 	6
PWMIN1PPS_PORT4 	EQU 	7
PWMLOAD 	EQU 	1177
PWS0 	EQU 	5
PWS1 	EQU 	6
PWS2 	EQU 	7
R 	EQU 	4
RA0 	EQU 	0
RA0PPS 	EQU 	513
RA0PPS0 	EQU 	0
RA0PPS1 	EQU 	1
RA0PPS2 	EQU 	2
RA0PPS3 	EQU 	3
RA0PPS4 	EQU 	4
RA0PPS5 	EQU 	5
RA1 	EQU 	1
RA1PPS 	EQU 	514
RA1PPS0 	EQU 	0
RA1PPS1 	EQU 	1
RA1PPS2 	EQU 	2
RA1PPS3 	EQU 	3
RA1PPS4 	EQU 	4
RA1PPS5 	EQU 	5
RA2 	EQU 	2
RA2PPS 	EQU 	515
RA2PPS0 	EQU 	0
RA2PPS1 	EQU 	1
RA2PPS2 	EQU 	2
RA2PPS3 	EQU 	3
RA2PPS4 	EQU 	4
RA2PPS5 	EQU 	5
RA3 	EQU 	3
RA3PPS 	EQU 	516
RA3PPS0 	EQU 	0
RA3PPS1 	EQU 	1
RA3PPS2 	EQU 	2
RA3PPS3 	EQU 	3
RA3PPS4 	EQU 	4
RA3PPS5 	EQU 	5
RA4 	EQU 	4
RA4PPS 	EQU 	517
RA4PPS0 	EQU 	0
RA4PPS1 	EQU 	1
RA4PPS2 	EQU 	2
RA4PPS3 	EQU 	3
RA4PPS4 	EQU 	4
RA4PPS5 	EQU 	5
RA5 	EQU 	5
RA5PPS 	EQU 	518
RA5PPS0 	EQU 	0
RA5PPS1 	EQU 	1
RA5PPS2 	EQU 	2
RA5PPS3 	EQU 	3
RA5PPS4 	EQU 	4
RA5PPS5 	EQU 	5
RA6 	EQU 	6
RA6PPS 	EQU 	519
RA6PPS0 	EQU 	0
RA6PPS1 	EQU 	1
RA6PPS2 	EQU 	2
RA6PPS3 	EQU 	3
RA6PPS4 	EQU 	4
RA6PPS5 	EQU 	5
RA7 	EQU 	7
RA7PPS 	EQU 	520
RA7PPS0 	EQU 	0
RA7PPS1 	EQU 	1
RA7PPS2 	EQU 	2
RA7PPS3 	EQU 	3
RA7PPS4 	EQU 	4
RA7PPS5 	EQU 	5
RAM_INDEX 	EQU 	1356
RAM_INDEX_H 	EQU 	1357
RB0 	EQU 	0
RB0PPS 	EQU 	521
RB0PPS0 	EQU 	0
RB0PPS1 	EQU 	1
RB0PPS2 	EQU 	2
RB0PPS3 	EQU 	3
RB0PPS4 	EQU 	4
RB0PPS5 	EQU 	5
RB1 	EQU 	1
RB1I2C 	EQU 	646
RB1I2C_I2CPU0 	EQU 	4
RB1I2C_I2CPU1 	EQU 	5
RB1I2C_I2CSLEW0 	EQU 	6
RB1I2C_I2CSLEW1 	EQU 	7
RB1I2C_I2CTH0 	EQU 	0
RB1I2C_I2CTH1 	EQU 	1
RB1I2C_PU0 	EQU 	4
RB1I2C_PU1 	EQU 	5
RB1I2C_SLEW0 	EQU 	6
RB1I2C_SLEW1 	EQU 	7
RB1I2C_TH0 	EQU 	0
RB1I2C_TH1 	EQU 	1
RB1PPS 	EQU 	522
RB1PPS0 	EQU 	0
RB1PPS1 	EQU 	1
RB1PPS2 	EQU 	2
RB1PPS3 	EQU 	3
RB1PPS4 	EQU 	4
RB1PPS5 	EQU 	5
RB2 	EQU 	2
RB2I2C 	EQU 	647
RB2I2C_I2CPU0 	EQU 	4
RB2I2C_I2CPU1 	EQU 	5
RB2I2C_I2CSLEW0 	EQU 	6
RB2I2C_I2CSLEW1 	EQU 	7
RB2I2C_I2CTH0 	EQU 	0
RB2I2C_I2CTH1 	EQU 	1
RB2I2C_PU0 	EQU 	4
RB2I2C_PU1 	EQU 	5
RB2I2C_RB2I2C_I2CPU0 	EQU 	4
RB2I2C_RB2I2C_I2CPU1 	EQU 	5
RB2I2C_RB2I2C_I2CSLEW0 	EQU 	6
RB2I2C_RB2I2C_I2CSLEW1 	EQU 	7
RB2I2C_RB2I2C_I2CTH0 	EQU 	0
RB2I2C_RB2I2C_I2CTH1 	EQU 	1
RB2I2C_RB2I2C_PU0 	EQU 	4
RB2I2C_RB2I2C_PU1 	EQU 	5
RB2I2C_RB2I2C_SLEW0 	EQU 	6
RB2I2C_RB2I2C_SLEW1 	EQU 	7
RB2I2C_RB2I2C_TH0 	EQU 	0
RB2I2C_RB2I2C_TH1 	EQU 	1
RB2I2C_SLEW0 	EQU 	6
RB2I2C_SLEW1 	EQU 	7
RB2I2C_TH0 	EQU 	0
RB2I2C_TH1 	EQU 	1
RB2PPS 	EQU 	523
RB2PPS0 	EQU 	0
RB2PPS1 	EQU 	1
RB2PPS2 	EQU 	2
RB2PPS3 	EQU 	3
RB2PPS4 	EQU 	4
RB2PPS5 	EQU 	5
RB3 	EQU 	3
RB3PPS 	EQU 	524
RB3PPS0 	EQU 	0
RB3PPS1 	EQU 	1
RB3PPS2 	EQU 	2
RB3PPS3 	EQU 	3
RB3PPS4 	EQU 	4
RB3PPS5 	EQU 	5
RB4 	EQU 	4
RB4PPS 	EQU 	525
RB4PPS0 	EQU 	0
RB4PPS1 	EQU 	1
RB4PPS2 	EQU 	2
RB4PPS3 	EQU 	3
RB4PPS4 	EQU 	4
RB4PPS5 	EQU 	5
RB5 	EQU 	5
RB5PPS 	EQU 	526
RB5PPS0 	EQU 	0
RB5PPS1 	EQU 	1
RB5PPS2 	EQU 	2
RB5PPS3 	EQU 	3
RB5PPS4 	EQU 	4
RB5PPS5 	EQU 	5
RB6 	EQU 	6
RB6PPS 	EQU 	527
RB6PPS0 	EQU 	0
RB6PPS1 	EQU 	1
RB6PPS2 	EQU 	2
RB6PPS3 	EQU 	3
RB6PPS4 	EQU 	4
RB6PPS5 	EQU 	5
RB7 	EQU 	7
RB7PPS 	EQU 	528
RB7PPS0 	EQU 	0
RB7PPS1 	EQU 	1
RB7PPS2 	EQU 	2
RB7PPS3 	EQU 	3
RB7PPS4 	EQU 	4
RB7PPS5 	EQU 	5
RC0 	EQU 	0
RC0PPS 	EQU 	529
RC0PPS0 	EQU 	0
RC0PPS1 	EQU 	1
RC0PPS2 	EQU 	2
RC0PPS3 	EQU 	3
RC0PPS4 	EQU 	4
RC0PPS5 	EQU 	5
RC1 	EQU 	1
RC1PPS 	EQU 	530
RC1PPS0 	EQU 	0
RC1PPS1 	EQU 	1
RC1PPS2 	EQU 	2
RC1PPS3 	EQU 	3
RC1PPS4 	EQU 	4
RC1PPS5 	EQU 	5
RC2 	EQU 	2
RC2PPS 	EQU 	531
RC2PPS0 	EQU 	0
RC2PPS1 	EQU 	1
RC2PPS2 	EQU 	2
RC2PPS3 	EQU 	3
RC2PPS4 	EQU 	4
RC2PPS5 	EQU 	5
RC3 	EQU 	3
RC3I2C 	EQU 	644
RC3I2C_I2CSLEW0 	EQU 	6
RC3I2C_I2CSLEW1 	EQU 	7
RC3I2C_I2CTH0 	EQU 	0
RC3I2C_I2CTH1 	EQU 	1
RC3I2C_RC3I2C_I2CSLEW0 	EQU 	6
RC3I2C_RC3I2C_I2CSLEW1 	EQU 	7
RC3I2C_RC3I2C_I2CTH0 	EQU 	0
RC3I2C_RC3I2C_I2CTH1 	EQU 	1
RC3I2C_RC3I2C_SLEW0 	EQU 	6
RC3I2C_RC3I2C_SLEW1 	EQU 	7
RC3I2C_RC3I2C_TH0 	EQU 	0
RC3I2C_RC3I2C_TH1 	EQU 	1
RC3I2C_SLEW0 	EQU 	6
RC3I2C_SLEW1 	EQU 	7
RC3I2C_TH0 	EQU 	0
RC3I2C_TH1 	EQU 	1
RC3PPS 	EQU 	532
RC3PPS0 	EQU 	0
RC3PPS1 	EQU 	1
RC3PPS2 	EQU 	2
RC3PPS3 	EQU 	3
RC3PPS4 	EQU 	4
RC3PPS5 	EQU 	5
RC4 	EQU 	4
RC4I2C 	EQU 	645
RC4I2C_I2CSLEW0 	EQU 	6
RC4I2C_I2CSLEW1 	EQU 	7
RC4I2C_I2CTH0 	EQU 	0
RC4I2C_I2CTH1 	EQU 	1
RC4I2C_RC4I2C_I2CSLEW0 	EQU 	6
RC4I2C_RC4I2C_I2CSLEW1 	EQU 	7
RC4I2C_RC4I2C_I2CTH0 	EQU 	0
RC4I2C_RC4I2C_I2CTH1 	EQU 	1
RC4I2C_RC4I2C_SLEW0 	EQU 	6
RC4I2C_RC4I2C_SLEW1 	EQU 	7
RC4I2C_RC4I2C_TH0 	EQU 	0
RC4I2C_RC4I2C_TH1 	EQU 	1
RC4I2C_SLEW0 	EQU 	6
RC4I2C_SLEW1 	EQU 	7
RC4I2C_TH0 	EQU 	0
RC4I2C_TH1 	EQU 	1
RC4PPS 	EQU 	533
RC4PPS0 	EQU 	0
RC4PPS1 	EQU 	1
RC4PPS2 	EQU 	2
RC4PPS3 	EQU 	3
RC4PPS4 	EQU 	4
RC4PPS5 	EQU 	5
RC5 	EQU 	5
RC5PPS 	EQU 	534
RC5PPS0 	EQU 	0
RC5PPS1 	EQU 	1
RC5PPS2 	EQU 	2
RC5PPS3 	EQU 	3
RC5PPS4 	EQU 	4
RC5PPS5 	EQU 	5
RC6 	EQU 	6
RC6PPS 	EQU 	535
RC6PPS0 	EQU 	0
RC6PPS1 	EQU 	1
RC6PPS2 	EQU 	2
RC6PPS3 	EQU 	3
RC6PPS4 	EQU 	4
RC6PPS5 	EQU 	5
RC7 	EQU 	7
RC7PPS 	EQU 	536
RC7PPS0 	EQU 	0
RC7PPS1 	EQU 	1
RC7PPS2 	EQU 	2
RC7PPS3 	EQU 	3
RC7PPS4 	EQU 	4
RC7PPS5 	EQU 	5
RCIDL 	EQU 	3
RD0 	EQU 	0
RD0I2C 	EQU 	642
RD0I2C_I2CSLEW0 	EQU 	6
RD0I2C_I2CSLEW1 	EQU 	7
RD0I2C_I2CTH0 	EQU 	0
RD0I2C_I2CTH1 	EQU 	1
RD0I2C_RD0I2C_I2CSLEW0 	EQU 	6
RD0I2C_RD0I2C_I2CSLEW1 	EQU 	7
RD0I2C_RD0I2C_I2CTH0 	EQU 	0
RD0I2C_RD0I2C_I2CTH1 	EQU 	1
RD0I2C_RD0I2C_SLEW0 	EQU 	6
RD0I2C_RD0I2C_SLEW1 	EQU 	7
RD0I2C_RD0I2C_TH0 	EQU 	0
RD0I2C_RD0I2C_TH1 	EQU 	1
RD0I2C_SLEW0 	EQU 	6
RD0I2C_SLEW1 	EQU 	7
RD0I2C_TH0 	EQU 	0
RD0I2C_TH1 	EQU 	1
RD0PPS 	EQU 	537
RD0PPS0 	EQU 	0
RD0PPS1 	EQU 	1
RD0PPS2 	EQU 	2
RD0PPS3 	EQU 	3
RD0PPS4 	EQU 	4
RD0PPS5 	EQU 	5
RD1 	EQU 	1
RD16 	EQU 	1
RD161 	EQU 	1
RD163 	EQU 	1
RD1I2C 	EQU 	643
RD1I2C_I2CSLEW0 	EQU 	6
RD1I2C_I2CSLEW1 	EQU 	7
RD1I2C_I2CTH0 	EQU 	0
RD1I2C_I2CTH1 	EQU 	1
RD1I2C_RD1I2C_I2CSLEW0 	EQU 	6
RD1I2C_RD1I2C_I2CSLEW1 	EQU 	7
RD1I2C_RD1I2C_I2CTH0 	EQU 	0
RD1I2C_RD1I2C_I2CTH1 	EQU 	1
RD1I2C_RD1I2C_SLEW0 	EQU 	6
RD1I2C_RD1I2C_SLEW1 	EQU 	7
RD1I2C_RD1I2C_TH0 	EQU 	0
RD1I2C_RD1I2C_TH1 	EQU 	1
RD1I2C_SLEW0 	EQU 	6
RD1I2C_SLEW1 	EQU 	7
RD1I2C_TH0 	EQU 	0
RD1I2C_TH1 	EQU 	1
RD1PPS 	EQU 	538
RD1PPS0 	EQU 	0
RD1PPS1 	EQU 	1
RD1PPS2 	EQU 	2
RD1PPS3 	EQU 	3
RD1PPS4 	EQU 	4
RD1PPS5 	EQU 	5
RD2 	EQU 	2
RD2PPS 	EQU 	539
RD2PPS0 	EQU 	0
RD2PPS1 	EQU 	1
RD2PPS2 	EQU 	2
RD2PPS3 	EQU 	3
RD2PPS4 	EQU 	4
RD2PPS5 	EQU 	5
RD3 	EQU 	3
RD3PPS 	EQU 	540
RD3PPS0 	EQU 	0
RD3PPS1 	EQU 	1
RD3PPS2 	EQU 	2
RD3PPS3 	EQU 	3
RD3PPS4 	EQU 	4
RD3PPS5 	EQU 	5
RD4 	EQU 	4
RD4PPS 	EQU 	541
RD4PPS0 	EQU 	0
RD4PPS1 	EQU 	1
RD4PPS2 	EQU 	2
RD4PPS3 	EQU 	3
RD4PPS4 	EQU 	4
RD4PPS5 	EQU 	5
RD5 	EQU 	5
RD5PPS 	EQU 	542
RD5PPS0 	EQU 	0
RD5PPS1 	EQU 	1
RD5PPS2 	EQU 	2
RD5PPS3 	EQU 	3
RD5PPS4 	EQU 	4
RD5PPS5 	EQU 	5
RD6 	EQU 	6
RD6PPS 	EQU 	543
RD6PPS0 	EQU 	0
RD6PPS1 	EQU 	1
RD6PPS2 	EQU 	2
RD6PPS3 	EQU 	3
RD6PPS4 	EQU 	4
RD6PPS5 	EQU 	5
RD7 	EQU 	7
RD7PPS 	EQU 	544
RD7PPS0 	EQU 	0
RD7PPS1 	EQU 	1
RD7PPS2 	EQU 	2
RD7PPS3 	EQU 	3
RD7PPS4 	EQU 	4
RD7PPS5 	EQU 	5
RDSEL 	EQU 	3
RDY_CM1CON1 	EQU 	7
RDY_CM2CON1 	EQU 	7
RDY_FVRCON 	EQU 	6
RDY_HLVDCON0 	EQU 	4
RDY_VDDIO2STAT 	EQU 	5
RE0 	EQU 	0
RE0PPS 	EQU 	545
RE0PPS0 	EQU 	0
RE0PPS1 	EQU 	1
RE0PPS2 	EQU 	2
RE0PPS3 	EQU 	3
RE0PPS4 	EQU 	4
RE0PPS5 	EQU 	5
RE1 	EQU 	1
RE1PPS 	EQU 	546
RE1PPS0 	EQU 	0
RE1PPS1 	EQU 	1
RE1PPS2 	EQU 	2
RE1PPS3 	EQU 	3
RE1PPS4 	EQU 	4
RE1PPS5 	EQU 	5
RE2 	EQU 	2
RE2PPS 	EQU 	547
RE2PPS0 	EQU 	0
RE2PPS1 	EQU 	1
RE2PPS2 	EQU 	2
RE2PPS3 	EQU 	3
RE2PPS4 	EQU 	4
RE2PPS5 	EQU 	5
RE3 	EQU 	3
READ 	EQU 	4
REN 	EQU 	6
RES0 	EQU 	0
RES1 	EQU 	1
RES10 	EQU 	2
RES11 	EQU 	3
RES12 	EQU 	4
RES13 	EQU 	5
RES14 	EQU 	6
RES15 	EQU 	7
RES2 	EQU 	2
RES3 	EQU 	3
RES4 	EQU 	4
RES5 	EQU 	5
RES6 	EQU 	6
RES7 	EQU 	7
RES8 	EQU 	0
RES9 	EQU 	1
RESET0 	EQU 	2
RESET1 	EQU 	3
RI 	EQU 	2
RMCLR 	EQU 	3
ROI 	EQU 	5
ROW 	EQU 	1358
RPT0 	EQU 	0
RPT1 	EQU 	1
RPT2 	EQU 	2
RPT3 	EQU 	3
RPT4 	EQU 	4
RPT5 	EQU 	5
RPT6 	EQU 	6
RPT7 	EQU 	7
RSC1IE 	EQU 	1
RSC1IF 	EQU 	1
RSC2IE 	EQU 	1
RSC2IF 	EQU 	1
RSCIE 	EQU 	1
RSCIF 	EQU 	1
RSEL0 	EQU 	0
RSEL1 	EQU 	1
RSEL2 	EQU 	2
RSEL3 	EQU 	3
RSEL4 	EQU 	4
RSEN 	EQU 	6
RUN 	EQU 	7
RUNOVF 	EQU 	7
RW0 	EQU 	0
RW1 	EQU 	1
RW2 	EQU 	2
RW3 	EQU 	3
RW4 	EQU 	4
RW5 	EQU 	5
RW6 	EQU 	6
RW7 	EQU 	7
RWDT 	EQU 	4
RXB0 	EQU 	0
RXB1 	EQU 	1
RXB2 	EQU 	2
RXB3 	EQU 	3
RXB4 	EQU 	4
RXB5 	EQU 	5
RXB6 	EQU 	6
RXB7 	EQU 	7
RXBE 	EQU 	1
RXBF 	EQU 	0
RXBIMD 	EQU 	3
RXBKIE 	EQU 	2
RXBKIF 	EQU 	2
RXEN 	EQU 	4
RXFOIE 	EQU 	1
RXFOIF 	EQU 	1
RXIDL 	EQU 	3
RXO 	EQU 	2
RXOIE 	EQU 	2
RXOIF 	EQU 	2
RXPOL 	EQU 	6
RXR 	EQU 	0
RXRE 	EQU 	3
S 	EQU 	5
S1P1IE 	EQU 	0
S1P1IF 	EQU 	0
S1P2IE 	EQU 	1
S1P2IF 	EQU 	1
SBOREN 	EQU 	7
SC1IE 	EQU 	0
SC1IF 	EQU 	0
SC2IE 	EQU 	0
SC2IF 	EQU 	0
SCANCON0 	EQU 	864
SCANCON0_EN 	EQU 	7
SCANEN 	EQU 	7
SCANHADR 	EQU 	861
SCANHADR0 	EQU 	0
SCANHADR1 	EQU 	1
SCANHADR10 	EQU 	2
SCANHADR11 	EQU 	3
SCANHADR12 	EQU 	4
SCANHADR13 	EQU 	5
SCANHADR14 	EQU 	6
SCANHADR15 	EQU 	7
SCANHADR16 	EQU 	0
SCANHADR17 	EQU 	1
SCANHADR18 	EQU 	2
SCANHADR19 	EQU 	3
SCANHADR2 	EQU 	2
SCANHADR20 	EQU 	4
SCANHADR21 	EQU 	5
SCANHADR3 	EQU 	3
SCANHADR4 	EQU 	4
SCANHADR5 	EQU 	5
SCANHADR6 	EQU 	6
SCANHADR7 	EQU 	7
SCANHADR8 	EQU 	0
SCANHADR9 	EQU 	1
SCANHADRH 	EQU 	862
SCANHADRL 	EQU 	861
SCANHADRU 	EQU 	863
SCANHADRU_HADR0 	EQU 	0
SCANHADRU_HADR1 	EQU 	1
SCANHADRU_HADR2 	EQU 	2
SCANHADRU_HADR3 	EQU 	3
SCANHADRU_HADR4 	EQU 	4
SCANHADRU_HADR5 	EQU 	5
SCANHADRU_SCANHADR0 	EQU 	0
SCANHADRU_SCANHADR1 	EQU 	1
SCANHADRU_SCANHADR2 	EQU 	2
SCANHADRU_SCANHADR3 	EQU 	3
SCANHADRU_SCANHADR4 	EQU 	4
SCANHADRU_SCANHADR5 	EQU 	5
SCANIE 	EQU 	5
SCANIF 	EQU 	5
SCANIP 	EQU 	5
SCANLADR 	EQU 	858
SCANLADR0 	EQU 	0
SCANLADR1 	EQU 	1
SCANLADR10 	EQU 	2
SCANLADR11 	EQU 	3
SCANLADR12 	EQU 	4
SCANLADR13 	EQU 	5
SCANLADR14 	EQU 	6
SCANLADR15 	EQU 	7
SCANLADR16 	EQU 	0
SCANLADR17 	EQU 	1
SCANLADR18 	EQU 	2
SCANLADR19 	EQU 	3
SCANLADR2 	EQU 	2
SCANLADR20 	EQU 	4
SCANLADR21 	EQU 	5
SCANLADR3 	EQU 	3
SCANLADR4 	EQU 	4
SCANLADR5 	EQU 	5
SCANLADR6 	EQU 	6
SCANLADR7 	EQU 	7
SCANLADR8 	EQU 	0
SCANLADR9 	EQU 	1
SCANLADRH 	EQU 	859
SCANLADRL 	EQU 	858
SCANLADRU 	EQU 	860
SCANLADRU_LADR0 	EQU 	0
SCANLADRU_LADR1 	EQU 	1
SCANLADRU_LADR2 	EQU 	2
SCANLADRU_LADR3 	EQU 	3
SCANLADRU_LADR4 	EQU 	4
SCANLADRU_LADR5 	EQU 	5
SCANLADRU_SCANLADR0 	EQU 	0
SCANLADRU_SCANLADR1 	EQU 	1
SCANLADRU_SCANLADR2 	EQU 	2
SCANLADRU_SCANLADR3 	EQU 	3
SCANLADRU_SCANLADR4 	EQU 	4
SCANLADRU_SCANLADR5 	EQU 	5
SCANMD 	EQU 	3
SCANPR 	EQU 	181
SCANPR0 	EQU 	0
SCANPR1 	EQU 	1
SCANPR2 	EQU 	2
SCANPR_PR0_SCANPR 	EQU 	0
SCANPR_PR1_SCANPR 	EQU 	1
SCANPR_PR2_SCANPR 	EQU 	2
SCANPR_SCANPR0 	EQU 	0
SCANPR_SCANPR1 	EQU 	1
SCANPR_SCANPR2 	EQU 	2
SCANTRIG 	EQU 	865
SCIE 	EQU 	0
SCIF 	EQU 	0
SCLT16TRUE 	EQU 	4138
SCNT0 	EQU 	0
SCNT1 	EQU 	1
SCNT10 	EQU 	2
SCNT11 	EQU 	3
SCNT2 	EQU 	2
SCNT3 	EQU 	3
SCNT4 	EQU 	4
SCNT5 	EQU 	5
SCNT6 	EQU 	6
SCNT7 	EQU 	7
SCNT8 	EQU 	0
SCNT9 	EQU 	1
SDAHT0 	EQU 	2
SDAHT1 	EQU 	3
SDIP 	EQU 	1
SDOP 	EQU 	0
SEL0 	EQU 	0
SEL1 	EQU 	1
SEL2 	EQU 	2
SEL3 	EQU 	3
SENDB 	EQU 	0
SEN_WDTCON0 	EQU 	0
SEN_ZCD1CON 	EQU 	7
SETUP0 	EQU 	2
SETUP1 	EQU 	3
SGO 	EQU 	5
SHADCON 	EQU 	886
SHADLO 	EQU 	0
SHIFT0 	EQU 	0
SHIFT1 	EQU 	1
SHIFT10 	EQU 	2
SHIFT11 	EQU 	3
SHIFT12 	EQU 	4
SHIFT13 	EQU 	5
SHIFT14 	EQU 	6
SHIFT15 	EQU 	7
SHIFT16 	EQU 	0
SHIFT17 	EQU 	1
SHIFT18 	EQU 	2
SHIFT19 	EQU 	3
SHIFT2 	EQU 	2
SHIFT20 	EQU 	4
SHIFT21 	EQU 	5
SHIFT22 	EQU 	6
SHIFT23 	EQU 	7
SHIFT24 	EQU 	0
SHIFT25 	EQU 	1
SHIFT26 	EQU 	2
SHIFT27 	EQU 	3
SHIFT28 	EQU 	4
SHIFT29 	EQU 	5
SHIFT3 	EQU 	3
SHIFT30 	EQU 	6
SHIFT31 	EQU 	7
SHIFT4 	EQU 	4
SHIFT5 	EQU 	5
SHIFT6 	EQU 	6
SHIFT7 	EQU 	7
SHIFT8 	EQU 	0
SHIFT9 	EQU 	1
SHIFTM 	EQU 	1
SHUTDOWN 	EQU 	7
SI2CSTART 	EQU 	4066
SIRQ0 	EQU 	0
SIRQ1 	EQU 	1
SIRQ2 	EQU 	2
SIRQ3 	EQU 	3
SIRQ4 	EQU 	4
SIRQ5 	EQU 	5
SIRQ6 	EQU 	6
SIRQ7 	EQU 	7
SIRQEN 	EQU 	6
SLCT0 	EQU 	0
SLCT1 	EQU 	1
SLCT2 	EQU 	2
SLEW0 	EQU 	6
SLEW1 	EQU 	7
SLRA0 	EQU 	0
SLRA1 	EQU 	1
SLRA2 	EQU 	2
SLRA3 	EQU 	3
SLRA4 	EQU 	4
SLRA5 	EQU 	5
SLRA6 	EQU 	6
SLRA7 	EQU 	7
SLRB0 	EQU 	0
SLRB1 	EQU 	1
SLRB2 	EQU 	2
SLRB3 	EQU 	3
SLRB4 	EQU 	4
SLRB5 	EQU 	5
SLRB6 	EQU 	6
SLRB7 	EQU 	7
SLRC0 	EQU 	0
SLRC1 	EQU 	1
SLRC2 	EQU 	2
SLRC3 	EQU 	3
SLRC4 	EQU 	4
SLRC5 	EQU 	5
SLRC6 	EQU 	6
SLRCONA 	EQU 	1027
SLRCONB 	EQU 	1035
SLRCONC 	EQU 	1043
SLRCOND 	EQU 	1051
SLRCONE 	EQU 	1059
SLRD0 	EQU 	0
SLRD1 	EQU 	1
SLRD2 	EQU 	2
SLRD3 	EQU 	3
SLRD4 	EQU 	4
SLRD5 	EQU 	5
SLRD6 	EQU 	6
SLRD7 	EQU 	7
SLRE0 	EQU 	0
SLRE1 	EQU 	1
SLRE2 	EQU 	2
SMA 	EQU 	6
SMODE0 	EQU 	1
SMODE1 	EQU 	2
SMP 	EQU 	7
SMR0 	EQU 	3
SMR1 	EQU 	4
SOI 	EQU 	3
SOR 	EQU 	3
SOSCEN 	EQU 	3
SOSCPWR 	EQU 	6
SOSIE 	EQU 	5
SOSIF 	EQU 	5
SP0 	EQU 	0
SP1 	EQU 	1
SP2 	EQU 	2
SP3 	EQU 	3
SP4 	EQU 	4
SP5 	EQU 	5
SP6 	EQU 	6
SPI1BAUD 	EQU 	137
SPI1BMODE 	EQU 	0
SPI1BUSY 	EQU 	7
SPI1CKE 	EQU 	6
SPI1CKP 	EQU 	5
SPI1CLK 	EQU 	140
SPI1CLKSEL0 	EQU 	0
SPI1CLKSEL1 	EQU 	1
SPI1CLKSEL2 	EQU 	2
SPI1CLKSEL3 	EQU 	3
SPI1CLKSEL4 	EQU 	4
SPI1CLK_SPI1CLK_CLKSEL0 	EQU 	0
SPI1CLK_SPI1CLK_CLKSEL1 	EQU 	1
SPI1CLK_SPI1CLK_CLKSEL2 	EQU 	2
SPI1CLK_SPI1CLK_CLKSEL3 	EQU 	3
SPI1CLRBF 	EQU 	2
SPI1CON0 	EQU 	132
SPI1CON0_EN 	EQU 	7
SPI1CON1 	EQU 	133
SPI1CON2 	EQU 	134
SPI1EOSIE 	EQU 	4
SPI1EOSIF 	EQU 	4
SPI1FST 	EQU 	4
SPI1IE 	EQU 	6
SPI1IF 	EQU 	6
SPI1INTE 	EQU 	139
SPI1INTF 	EQU 	138
SPI1IP 	EQU 	6
SPI1LSBF 	EQU 	2
SPI1MD_PMD3 	EQU 	4
SPI1MST 	EQU 	1
SPI1RXB 	EQU 	128
SPI1RXBF 	EQU 	0
SPI1RXIE 	EQU 	4
SPI1RXIF 	EQU 	4
SPI1RXIP 	EQU 	4
SPI1RXOIE 	EQU 	2
SPI1RXOIF 	EQU 	2
SPI1RXR 	EQU 	0
SPI1RXRE 	EQU 	3
SPI1SCKPPS 	EQU 	618
SPI1SCKPPS0 	EQU 	0
SPI1SCKPPS1 	EQU 	1
SPI1SCKPPS2 	EQU 	2
SPI1SCKPPS3 	EQU 	3
SPI1SCKPPS4 	EQU 	4
SPI1SCKPPS5 	EQU 	5
SPI1SCKPPS6 	EQU 	6
SPI1SCKPPS7 	EQU 	7
SPI1SCKPPS_PIN0 	EQU 	0
SPI1SCKPPS_PIN1 	EQU 	1
SPI1SCKPPS_PIN2 	EQU 	2
SPI1SCKPPS_PORT0 	EQU 	3
SPI1SCKPPS_PORT1 	EQU 	4
SPI1SCKPPS_PORT2 	EQU 	5
SPI1SCKPPS_PORT3 	EQU 	6
SPI1SCKPPS_PORT4 	EQU 	7
SPI1SDIP 	EQU 	1
SPI1SDIPPS 	EQU 	619
SPI1SDIPPS0 	EQU 	0
SPI1SDIPPS1 	EQU 	1
SPI1SDIPPS2 	EQU 	2
SPI1SDIPPS3 	EQU 	3
SPI1SDIPPS4 	EQU 	4
SPI1SDIPPS5 	EQU 	5
SPI1SDIPPS6 	EQU 	6
SPI1SDIPPS7 	EQU 	7
SPI1SDIPPS_PIN0 	EQU 	0
SPI1SDIPPS_PIN1 	EQU 	1
SPI1SDIPPS_PIN2 	EQU 	2
SPI1SDIPPS_PORT0 	EQU 	3
SPI1SDIPPS_PORT1 	EQU 	4
SPI1SDIPPS_PORT2 	EQU 	5
SPI1SDIPPS_PORT3 	EQU 	6
SPI1SDIPPS_PORT4 	EQU 	7
SPI1SDOP 	EQU 	0
SPI1SMP 	EQU 	7
SPI1SOSIE 	EQU 	5
SPI1SOSIF 	EQU 	5
SPI1SPIEN 	EQU 	7
SPI1SRMTIE 	EQU 	7
SPI1SRMTIF 	EQU 	7
SPI1SSET 	EQU 	2
SPI1SSFLT 	EQU 	6
SPI1SSP 	EQU 	2
SPI1SSPPS 	EQU 	620
SPI1SSPPS0 	EQU 	0
SPI1SSPPS1 	EQU 	1
SPI1SSPPS2 	EQU 	2
SPI1SSPPS3 	EQU 	3
SPI1SSPPS4 	EQU 	4
SPI1SSPPS5 	EQU 	5
SPI1SSPPS6 	EQU 	6
SPI1SSPPS7 	EQU 	7
SPI1SSPPS_PIN0 	EQU 	0
SPI1SSPPS_PIN1 	EQU 	1
SPI1SSPPS_PIN2 	EQU 	2
SPI1SSPPS_PORT0 	EQU 	3
SPI1SSPPS_PORT1 	EQU 	4
SPI1SSPPS_PORT2 	EQU 	5
SPI1SSPPS_PORT3 	EQU 	6
SPI1SSPPS_PORT4 	EQU 	7
SPI1STATUS 	EQU 	135
SPI1STATUS_RXBF 	EQU 	0
SPI1STATUS_TXBE 	EQU 	5
SPI1TCNT 	EQU 	130
SPI1TCNTH 	EQU 	131
SPI1TCNTL 	EQU 	130
SPI1TCZIE 	EQU 	6
SPI1TCZIF 	EQU 	6
SPI1TWIDTH 	EQU 	136
SPI1TWIDTH_TWIDTH0 	EQU 	0
SPI1TWIDTH_TWIDTH1 	EQU 	1
SPI1TWIDTH_TWIDTH2 	EQU 	2
SPI1TXB 	EQU 	129
SPI1TXBE 	EQU 	5
SPI1TXIE 	EQU 	5
SPI1TXIF 	EQU 	5
SPI1TXIP 	EQU 	5
SPI1TXR 	EQU 	1
SPI1TXUIE 	EQU 	1
SPI1TXUIF 	EQU 	1
SPI1TXWE 	EQU 	7
SPTR0 	EQU 	0
SPTR1 	EQU 	1
SPTR10 	EQU 	2
SPTR11 	EQU 	3
SPTR12 	EQU 	4
SPTR13 	EQU 	5
SPTR14 	EQU 	6
SPTR15 	EQU 	7
SPTR16 	EQU 	0
SPTR17 	EQU 	1
SPTR18 	EQU 	2
SPTR19 	EQU 	3
SPTR2 	EQU 	2
SPTR20 	EQU 	4
SPTR21 	EQU 	5
SPTR3 	EQU 	3
SPTR4 	EQU 	4
SPTR5 	EQU 	5
SPTR6 	EQU 	6
SPTR7 	EQU 	7
SPTR8 	EQU 	0
SPTR9 	EQU 	1
SRC0 	EQU 	0
SRC1 	EQU 	1
SRC2 	EQU 	2
SRC3 	EQU 	3
SRC4 	EQU 	4
SRMTIE 	EQU 	7
SRMTIF 	EQU 	7
SSA0 	EQU 	0
SSA1 	EQU 	1
SSA10 	EQU 	2
SSA11 	EQU 	3
SSA12 	EQU 	4
SSA13 	EQU 	5
SSA14 	EQU 	6
SSA15 	EQU 	7
SSA16 	EQU 	0
SSA17 	EQU 	1
SSA18 	EQU 	2
SSA19 	EQU 	3
SSA2 	EQU 	2
SSA20 	EQU 	4
SSA21 	EQU 	5
SSA3 	EQU 	3
SSA4 	EQU 	4
SSA5 	EQU 	5
SSA6 	EQU 	6
SSA7 	EQU 	7
SSA8 	EQU 	0
SSA9 	EQU 	1
SSD1306SENDBYTE 	EQU 	1359
SSD1306_BUFFERALIAS 	EQU 	4351
SSD1306_BUFFERLOCATIONCALC 	EQU 	1360
SSD1306_BUFFERLOCATIONCALC_H 	EQU 	1361
SSET 	EQU 	2
SSFLT 	EQU 	6
SSP 	EQU 	2
SSTP 	EQU 	0
SSZ0 	EQU 	0
SSZ1 	EQU 	1
SSZ10 	EQU 	2
SSZ11 	EQU 	3
SSZ2 	EQU 	2
SSZ3 	EQU 	3
SSZ4 	EQU 	4
SSZ5 	EQU 	5
SSZ6 	EQU 	6
SSZ7 	EQU 	7
SSZ8 	EQU 	0
SSZ9 	EQU 	1
START0 	EQU 	4
START1 	EQU 	5
STAT0_ADSTAT 	EQU 	0
STAT0_INTCON1 	EQU 	6
STAT1_ADSTAT 	EQU 	1
STAT1_INTCON1 	EQU 	7
STAT2 	EQU 	2
STATE 	EQU 	2
STATUS 	EQU 	1240
STATUS_CSHAD 	EQU 	883
STATUS_CSHAD_C 	EQU 	0
STATUS_CSHAD_DC 	EQU 	1
STATUS_CSHAD_N 	EQU 	4
STATUS_CSHAD_NOT_PD 	EQU 	5
STATUS_CSHAD_NOT_TO 	EQU 	6
STATUS_CSHAD_NPD 	EQU 	5
STATUS_CSHAD_NTO 	EQU 	6
STATUS_CSHAD_PD 	EQU 	5
STATUS_CSHAD_TO 	EQU 	6
STATUS_CSHAD_Z 	EQU 	2
STATUS_SHAD 	EQU 	887
STATUS_SHAD_C 	EQU 	0
STATUS_SHAD_DC 	EQU 	1
STATUS_SHAD_N 	EQU 	4
STATUS_SHAD_NOT_PD 	EQU 	5
STATUS_SHAD_NOT_TO 	EQU 	6
STATUS_SHAD_NPD 	EQU 	5
STATUS_SHAD_NTO 	EQU 	6
STATUS_SHAD_PD 	EQU 	5
STATUS_SHAD_TO 	EQU 	6
STATUS_SHAD_Z 	EQU 	2
STKOVF 	EQU 	7
STKPTR 	EQU 	1276
STKPTR0 	EQU 	0
STKPTR1 	EQU 	1
STKPTR2 	EQU 	2
STKPTR3 	EQU 	3
STKPTR4 	EQU 	4
STKPTR5 	EQU 	5
STKPTR6 	EQU 	6
STKPTR_STKPTR0 	EQU 	0
STKPTR_STKPTR1 	EQU 	1
STKPTR_STKPTR2 	EQU 	2
STKPTR_STKPTR3 	EQU 	3
STKPTR_STKPTR4 	EQU 	4
STKPTR_STKPTR5 	EQU 	5
STKPTR_STKPTR6 	EQU 	6
STKUNF 	EQU 	6
STOP0 	EQU 	0
STOP1 	EQU 	1
STP0 	EQU 	4
STP1 	EQU 	5
STPMD 	EQU 	6
STPT0 	EQU 	0
STPT1 	EQU 	1
STPT10 	EQU 	2
STPT11 	EQU 	3
STPT12 	EQU 	4
STPT13 	EQU 	5
STPT15 	EQU 	6
STPT16 	EQU 	7
STPT2 	EQU 	2
STPT3 	EQU 	3
STPT4 	EQU 	4
STPT5 	EQU 	5
STPT6 	EQU 	6
STPT7 	EQU 	7
STPT8 	EQU 	0
STPT9 	EQU 	1
STRA 	EQU 	0
STRB 	EQU 	1
STRC 	EQU 	2
STRD 	EQU 	3
STRINGPOINTER 	EQU 	1362
STRINGTABLE2 	EQU 	4318
SWDTEN 	EQU 	0
SWIE 	EQU 	0
SWIF 	EQU 	0
SWIP 	EQU 	0
SYNC 	EQU 	0
SYSBYTETEMPA 	EQU 	1285
SYSBYTETEMPB 	EQU 	1289
SYSBYTETEMPX 	EQU 	1280
SYSCALCTEMPA 	EQU 	1285
SYSCMD 	EQU 	7
SYSCOMPEQUAL 	EQU 	4076
SYSCOMPEQUAL16 	EQU 	4086
SYSCOMPLESSTHAN 	EQU 	4104
SYSCOMPLESSTHAN16 	EQU 	4114
SYSDIV16START 	EQU 	4190
SYSDIVLOOP 	EQU 	1284
SYSDIVMULTA 	EQU 	1287
SYSDIVMULTA_H 	EQU 	1288
SYSDIVMULTB 	EQU 	1291
SYSDIVMULTB_H 	EQU 	1292
SYSDIVMULTX 	EQU 	1282
SYSDIVMULTX_H 	EQU 	1283
SYSDIVSUB16 	EQU 	4142
SYSDOLOOP_E1 	EQU 	3352
SYSDOLOOP_E2 	EQU 	3380
SYSDOLOOP_E3 	EQU 	3440
SYSDOLOOP_E4 	EQU 	3506
SYSDOLOOP_S1 	EQU 	3338
SYSDOLOOP_S2 	EQU 	3372
SYSDOLOOP_S3 	EQU 	3416
SYSDOLOOP_S4 	EQU 	3462
SYSFORLOOP1 	EQU 	224
SYSFORLOOP10 	EQU 	2878
SYSFORLOOP11 	EQU 	3392
SYSFORLOOP2 	EQU 	330
SYSFORLOOP3 	EQU 	3092
SYSFORLOOP4 	EQU 	2426
SYSFORLOOP5 	EQU 	2470
SYSFORLOOP6 	EQU 	2500
SYSFORLOOP7 	EQU 	2756
SYSFORLOOP8 	EQU 	2850
SYSFORLOOP9 	EQU 	2864
SYSFORLOOPABSVALUE5 	EQU 	1363
SYSFORLOOPABSVALUE5_H 	EQU 	1364
SYSFORLOOPEND1 	EQU 	480
SYSFORLOOPEND10 	EQU 	3000
SYSFORLOOPEND11 	EQU 	3462
SYSFORLOOPEND2 	EQU 	440
SYSFORLOOPEND3 	EQU 	3176
SYSFORLOOPEND4 	EQU 	2466
SYSFORLOOPEND5 	EQU 	2644
SYSFORLOOPEND6 	EQU 	2516
SYSFORLOOPEND7 	EQU 	3044
SYSFORLOOPEND8 	EQU 	3028
SYSFORLOOPEND9 	EQU 	3010
SYSFORLOOPSTEP4 	EQU 	1365
SYSFORLOOPSTEP4_H 	EQU 	1366
SYSLCDPRINTDATAHANDLER 	EQU 	1367
SYSLCDPRINTDATAHANDLER_H 	EQU 	1368
SYSMULTSUB16 	EQU 	4246
SYSREADSTRING 	EQU 	4280
SYSREADSTRINGPART 	EQU 	4292
SYSREPEATLOOP1 	EQU 	3866
SYSREPEATLOOP2 	EQU 	3882
SYSREPEATLOOP3 	EQU 	3986
SYSREPEATLOOP4 	EQU 	1552
SYSREPEATLOOP5 	EQU 	1596
SYSREPEATLOOPEND1 	EQU 	3876
SYSREPEATLOOPEND2 	EQU 	3890
SYSREPEATLOOPEND3 	EQU 	3992
SYSREPEATLOOPEND4 	EQU 	1560
SYSREPEATLOOPEND5 	EQU 	1606
SYSREPEATTEMP1 	EQU 	1369
SYSREPEATTEMP4 	EQU 	1370
SYSSELECT1CASE1 	EQU 	2758
SYSSELECT1CASE2 	EQU 	2774
SYSSELECT1CASE3 	EQU 	2792
SYSSELECT1CASE4 	EQU 	2810
SYSSELECT1CASE5 	EQU 	2828
SYSSELECT2CASE1 	EQU 	3252
SYSSELECT2CASE2 	EQU 	3286
SYSSELECT2CASE3 	EQU 	3308
SYSSELECTEND1 	EQU 	2844
SYSSELECTEND2 	EQU 	3330
SYSSTRINGA 	EQU 	1287
SYSSTRINGA_H 	EQU 	1288
SYSSTRINGLENGTH 	EQU 	1286
SYSSTRINGPARAM1 	EQU 	4333
SYSSTRINGREAD 	EQU 	4306
SYSSTRINGREADCHECK 	EQU 	4300
SYSSTRINGTABLES 	EQU 	4318
SYSTEMP1 	EQU 	1371
SYSTEMP1_H 	EQU 	1372
SYSTEMP2 	EQU 	1373
SYSTEMP2_H 	EQU 	1374
SYSTEMP3 	EQU 	1375
SYSWAITTEMPMS 	EQU 	1282
SYSWAITTEMPMS_H 	EQU 	1283
SYSWAITTEMPS 	EQU 	1284
SYSWAITTEMPUS 	EQU 	1285
SYSWAITTEMPUS_H 	EQU 	1286
SYSWORDTEMPA 	EQU 	1285
SYSWORDTEMPA_H 	EQU 	1286
SYSWORDTEMPB 	EQU 	1289
SYSWORDTEMPB_H 	EQU 	1290
SYSWORDTEMPX 	EQU 	1280
SYSWORDTEMPX_H 	EQU 	1281
T016BIT 	EQU 	4
T0ASYNC 	EQU 	4
T0CKIPPS 	EQU 	577
T0CKIPPS0 	EQU 	0
T0CKIPPS1 	EQU 	1
T0CKIPPS2 	EQU 	2
T0CKIPPS3 	EQU 	3
T0CKIPPS4 	EQU 	4
T0CKIPPS5 	EQU 	5
T0CKIPPS6 	EQU 	6
T0CKIPPS7 	EQU 	7
T0CKIPPS_PIN0 	EQU 	0
T0CKIPPS_PIN1 	EQU 	1
T0CKIPPS_PIN2 	EQU 	2
T0CKIPPS_PORT0 	EQU 	3
T0CKIPPS_PORT1 	EQU 	4
T0CKIPPS_PORT2 	EQU 	5
T0CKIPPS_PORT3 	EQU 	6
T0CKIPPS_PORT4 	EQU 	7
T0CKPS0 	EQU 	0
T0CKPS1 	EQU 	1
T0CKPS2 	EQU 	2
T0CKPS3 	EQU 	3
T0CON0 	EQU 	794
T0CON0_EN 	EQU 	7
T0CON0_OUTPS0 	EQU 	0
T0CON0_OUTPS1 	EQU 	1
T0CON0_OUTPS2 	EQU 	2
T0CON0_OUTPS3 	EQU 	3
T0CON0_T0OUTPS0 	EQU 	0
T0CON0_T0OUTPS1 	EQU 	1
T0CON0_T0OUTPS2 	EQU 	2
T0CON0_T0OUTPS3 	EQU 	3
T0CON1 	EQU 	795
T0CON1_CKPS0_T0CON1 	EQU 	0
T0CON1_CKPS1_T0CON1 	EQU 	1
T0CON1_CKPS2_T0CON1 	EQU 	2
T0CON1_CKPS3 	EQU 	3
T0CON1_CS0_T0CON1 	EQU 	5
T0CON1_CS1_T0CON1 	EQU 	6
T0CON1_CS2_T0CON1 	EQU 	7
T0CON1_T0CKPS0 	EQU 	0
T0CON1_T0CKPS1 	EQU 	1
T0CON1_T0CKPS2 	EQU 	2
T0CON1_T0CKPS3 	EQU 	3
T0CON1_T0CS0 	EQU 	5
T0CON1_T0CS1 	EQU 	6
T0CON1_T0CS2 	EQU 	7
T0CS0 	EQU 	5
T0CS1 	EQU 	6
T0CS2 	EQU 	7
T0EN 	EQU 	7
T0MD16 	EQU 	4
T0OUT 	EQU 	5
T0OUTPS0 	EQU 	0
T0OUTPS1 	EQU 	1
T0OUTPS2 	EQU 	2
T0OUTPS3 	EQU 	3
T0PR0 	EQU 	0
T0PR1 	EQU 	1
T0PR2 	EQU 	2
T0PR3 	EQU 	3
T0PR4 	EQU 	4
T0PR5 	EQU 	5
T0PR6 	EQU 	6
T0PR7 	EQU 	7
T1CKIPPS 	EQU 	578
T1CKIPPS0 	EQU 	0
T1CKIPPS1 	EQU 	1
T1CKIPPS2 	EQU 	2
T1CKIPPS3 	EQU 	3
T1CKIPPS4 	EQU 	4
T1CKIPPS5 	EQU 	5
T1CKIPPS6 	EQU 	6
T1CKIPPS7 	EQU 	7
T1CKIPPS_PIN0 	EQU 	0
T1CKIPPS_PIN1 	EQU 	1
T1CKIPPS_PIN2 	EQU 	2
T1CKIPPS_PORT0 	EQU 	3
T1CKIPPS_PORT1 	EQU 	4
T1CKIPPS_PORT2 	EQU 	5
T1CKIPPS_PORT3 	EQU 	6
T1CKIPPS_PORT4 	EQU 	7
T1CKPS0 	EQU 	4
T1CKPS1 	EQU 	5
T1CLK 	EQU 	791
T1CON 	EQU 	788
T1CON_CKPS0_T1CON 	EQU 	4
T1CON_CKPS1_T1CON 	EQU 	5
T1CS0 	EQU 	0
T1CS1 	EQU 	1
T1CS2 	EQU 	2
T1CS3 	EQU 	3
T1CS4 	EQU 	4
T1GATE 	EQU 	790
T1GCON 	EQU 	789
T1GE 	EQU 	7
T1GGO 	EQU 	3
T1GGO_NDONE 	EQU 	3
T1GGO_NOT_DONE 	EQU 	3
T1GPOL 	EQU 	6
T1GPPS 	EQU 	579
T1GPPS0 	EQU 	0
T1GPPS1 	EQU 	1
T1GPPS2 	EQU 	2
T1GPPS3 	EQU 	3
T1GPPS4 	EQU 	4
T1GPPS5 	EQU 	5
T1GPPS6 	EQU 	6
T1GPPS7 	EQU 	7
T1GPPS_PIN0 	EQU 	0
T1GPPS_PIN1 	EQU 	1
T1GPPS_PIN2 	EQU 	2
T1GPPS_PORT0 	EQU 	3
T1GPPS_PORT1 	EQU 	4
T1GPPS_PORT2 	EQU 	5
T1GPPS_PORT3 	EQU 	6
T1GPPS_PORT4 	EQU 	7
T1GSPM 	EQU 	4
T1GSS0 	EQU 	0
T1GSS1 	EQU 	1
T1GSS2 	EQU 	2
T1GSS3 	EQU 	3
T1GSS4 	EQU 	4
T1GTM 	EQU 	5
T1GVAL 	EQU 	2
T1RD16 	EQU 	1
T2CKPOL 	EQU 	6
T2CKPS0 	EQU 	4
T2CKPS1 	EQU 	5
T2CKPS2 	EQU 	6
T2CKSYNC 	EQU 	5
T2CLK 	EQU 	801
T2CLKCON 	EQU 	801
T2CLKCON_CS3 	EQU 	3
T2CLKCON_CS4 	EQU 	4
T2CON 	EQU 	799
T2CON_CKPS0_T2CON 	EQU 	4
T2CON_CKPS1_T2CON 	EQU 	5
T2CON_CKPS2_T2CON 	EQU 	6
T2CON_OUTPS0 	EQU 	0
T2CON_OUTPS1 	EQU 	1
T2CON_OUTPS2 	EQU 	2
T2CON_OUTPS3 	EQU 	3
T2CON_T2CKPS0 	EQU 	4
T2CON_T2CKPS1 	EQU 	5
T2CON_T2CKPS2 	EQU 	6
T2CON_T2CON_OUTPS0 	EQU 	0
T2CON_T2CON_OUTPS1 	EQU 	1
T2CON_T2CON_OUTPS2 	EQU 	2
T2CON_T2CON_OUTPS3 	EQU 	3
T2CON_T2OUTPS0 	EQU 	0
T2CON_T2OUTPS1 	EQU 	1
T2CON_T2OUTPS2 	EQU 	2
T2CON_T2OUTPS3 	EQU 	3
T2CS0 	EQU 	0
T2CS1 	EQU 	1
T2CS2 	EQU 	2
T2CS3 	EQU 	3
T2CS4 	EQU 	4
T2HLT 	EQU 	800
T2HLT_MODE0 	EQU 	0
T2HLT_MODE1 	EQU 	1
T2HLT_MODE2 	EQU 	2
T2HLT_MODE3 	EQU 	3
T2HLT_MODE4 	EQU 	4
T2HLT_T2HLT_MODE0 	EQU 	0
T2HLT_T2HLT_MODE1 	EQU 	1
T2HLT_T2HLT_MODE2 	EQU 	2
T2HLT_T2HLT_MODE3 	EQU 	3
T2HLT_T2MODE0 	EQU 	0
T2HLT_T2MODE1 	EQU 	1
T2HLT_T2MODE2 	EQU 	2
T2HLT_T2MODE3 	EQU 	3
T2HLT_T2MODE4 	EQU 	4
T2INPPS 	EQU 	584
T2INPPS0 	EQU 	0
T2INPPS1 	EQU 	1
T2INPPS2 	EQU 	2
T2INPPS3 	EQU 	3
T2INPPS4 	EQU 	4
T2INPPS5 	EQU 	5
T2INPPS6 	EQU 	6
T2INPPS7 	EQU 	7
T2INPPS_PIN0 	EQU 	0
T2INPPS_PIN1 	EQU 	1
T2INPPS_PIN2 	EQU 	2
T2INPPS_PORT0 	EQU 	3
T2INPPS_PORT1 	EQU 	4
T2INPPS_PORT2 	EQU 	5
T2INPPS_PORT3 	EQU 	6
T2INPPS_PORT4 	EQU 	7
T2MODE0 	EQU 	0
T2MODE1 	EQU 	1
T2MODE2 	EQU 	2
T2MODE3 	EQU 	3
T2MODE4 	EQU 	4
T2ON 	EQU 	7
T2OUTPS0 	EQU 	0
T2OUTPS1 	EQU 	1
T2OUTPS2 	EQU 	2
T2OUTPS3 	EQU 	3
T2PR 	EQU 	798
T2PSYNC 	EQU 	7
T2RSEL0 	EQU 	0
T2RSEL1 	EQU 	1
T2RSEL2 	EQU 	2
T2RSEL3 	EQU 	3
T2RSEL4 	EQU 	4
T2RST 	EQU 	802
T2TMR 	EQU 	797
T3CKIPPS 	EQU 	580
T3CKIPPS0 	EQU 	0
T3CKIPPS1 	EQU 	1
T3CKIPPS2 	EQU 	2
T3CKIPPS3 	EQU 	3
T3CKIPPS4 	EQU 	4
T3CKIPPS5 	EQU 	5
T3CKIPPS6 	EQU 	6
T3CKIPPS7 	EQU 	7
T3CKIPPS_PIN0 	EQU 	0
T3CKIPPS_PIN1 	EQU 	1
T3CKIPPS_PIN2 	EQU 	2
T3CKIPPS_PORT0 	EQU 	3
T3CKIPPS_PORT1 	EQU 	4
T3CKIPPS_PORT2 	EQU 	5
T3CKIPPS_PORT3 	EQU 	6
T3CKIPPS_PORT4 	EQU 	7
T3CKPS0 	EQU 	4
T3CKPS1 	EQU 	5
T3CLK 	EQU 	808
T3CLK_CS3 	EQU 	3
T3CLK_CS4 	EQU 	4
T3CON 	EQU 	805
T3CON_CKPS0_T3CON 	EQU 	4
T3CON_CKPS1_T3CON 	EQU 	5
T3CON_NOT_SYNC 	EQU 	2
T3CON_NSYNC 	EQU 	2
T3CON_RD16 	EQU 	1
T3CS0 	EQU 	0
T3CS1 	EQU 	1
T3CS2 	EQU 	2
T3CS3 	EQU 	3
T3CS4 	EQU 	4
T3GATE 	EQU 	807
T3GATE_GSS0 	EQU 	0
T3GATE_GSS1 	EQU 	1
T3GATE_GSS2 	EQU 	2
T3GATE_GSS3 	EQU 	3
T3GATE_GSS4 	EQU 	4
T3GCON 	EQU 	806
T3GCON_GE 	EQU 	7
T3GCON_GGO 	EQU 	3
T3GCON_GGO_NDONE 	EQU 	3
T3GCON_GGO_NOT_DONE 	EQU 	3
T3GCON_GSPM 	EQU 	4
T3GCON_GTM 	EQU 	5
T3GCON_GVAL 	EQU 	2
T3GE 	EQU 	7
T3GGO 	EQU 	3
T3GGO_NDONE 	EQU 	3
T3GGO_NOT_DONE 	EQU 	3
T3GPOL 	EQU 	6
T3GPPS 	EQU 	581
T3GPPS0 	EQU 	0
T3GPPS1 	EQU 	1
T3GPPS2 	EQU 	2
T3GPPS3 	EQU 	3
T3GPPS4 	EQU 	4
T3GPPS5 	EQU 	5
T3GPPS6 	EQU 	6
T3GPPS7 	EQU 	7
T3GPPS_PIN0 	EQU 	0
T3GPPS_PIN1 	EQU 	1
T3GPPS_PIN2 	EQU 	2
T3GPPS_PORT0 	EQU 	3
T3GPPS_PORT1 	EQU 	4
T3GPPS_PORT2 	EQU 	5
T3GPPS_PORT3 	EQU 	6
T3GPPS_PORT4 	EQU 	7
T3GSPM 	EQU 	4
T3GSS0 	EQU 	0
T3GSS1 	EQU 	1
T3GSS2 	EQU 	2
T3GSS3 	EQU 	3
T3GSS4 	EQU 	4
T3GTM 	EQU 	5
T3GVAL 	EQU 	2
T3RD16 	EQU 	1
T4CKPOL 	EQU 	6
T4CKPS0 	EQU 	4
T4CKPS1 	EQU 	5
T4CKPS2 	EQU 	6
T4CKSYNC 	EQU 	5
T4CLK 	EQU 	814
T4CLKCON 	EQU 	814
T4CLKCON_CS3 	EQU 	3
T4CLKCON_CS4 	EQU 	4
T4CON 	EQU 	812
T4CON_CKPS0_T4CON 	EQU 	4
T4CON_CKPS1_T4CON 	EQU 	5
T4CON_CKPS2_T4CON 	EQU 	6
T4CON_OUTPS0 	EQU 	0
T4CON_OUTPS1 	EQU 	1
T4CON_OUTPS2 	EQU 	2
T4CON_OUTPS3 	EQU 	3
T4CON_T4CKPS0 	EQU 	4
T4CON_T4CKPS1 	EQU 	5
T4CON_T4CKPS2 	EQU 	6
T4CON_T4CON_OUTPS0 	EQU 	0
T4CON_T4CON_OUTPS1 	EQU 	1
T4CON_T4CON_OUTPS2 	EQU 	2
T4CON_T4CON_OUTPS3 	EQU 	3
T4CON_T4OUTPS0 	EQU 	0
T4CON_T4OUTPS1 	EQU 	1
T4CON_T4OUTPS2 	EQU 	2
T4CON_T4OUTPS3 	EQU 	3
T4CS0 	EQU 	0
T4CS1 	EQU 	1
T4CS2 	EQU 	2
T4CS3 	EQU 	3
T4CS4 	EQU 	4
T4HLT 	EQU 	813
T4HLT_CKPOL 	EQU 	6
T4HLT_CKSYNC 	EQU 	5
T4HLT_MODE0 	EQU 	0
T4HLT_MODE1 	EQU 	1
T4HLT_MODE2 	EQU 	2
T4HLT_MODE3 	EQU 	3
T4HLT_MODE4 	EQU 	4
T4HLT_PSYNC 	EQU 	7
T4HLT_T4HLT_MODE0 	EQU 	0
T4HLT_T4HLT_MODE1 	EQU 	1
T4HLT_T4HLT_MODE2 	EQU 	2
T4HLT_T4HLT_MODE3 	EQU 	3
T4HLT_T4HLT_MODE4 	EQU 	4
T4HLT_T4MODE0 	EQU 	0
T4HLT_T4MODE1 	EQU 	1
T4HLT_T4MODE2 	EQU 	2
T4HLT_T4MODE3 	EQU 	3
T4HLT_T4MODE4 	EQU 	4
T4INPPS 	EQU 	585
T4INPPS0 	EQU 	0
T4INPPS1 	EQU 	1
T4INPPS2 	EQU 	2
T4INPPS3 	EQU 	3
T4INPPS4 	EQU 	4
T4INPPS5 	EQU 	5
T4INPPS6 	EQU 	6
T4INPPS7 	EQU 	7
T4INPPS_PIN0 	EQU 	0
T4INPPS_PIN1 	EQU 	1
T4INPPS_PIN2 	EQU 	2
T4INPPS_PORT0 	EQU 	3
T4INPPS_PORT1 	EQU 	4
T4INPPS_PORT2 	EQU 	5
T4INPPS_PORT3 	EQU 	6
T4INPPS_PORT4 	EQU 	7
T4MODE0 	EQU 	0
T4MODE1 	EQU 	1
T4MODE2 	EQU 	2
T4MODE3 	EQU 	3
T4MODE4 	EQU 	4
T4ON 	EQU 	7
T4OUTPS0 	EQU 	0
T4OUTPS1 	EQU 	1
T4OUTPS2 	EQU 	2
T4OUTPS3 	EQU 	3
T4PR 	EQU 	811
T4PSYNC 	EQU 	7
T4RSEL0 	EQU 	0
T4RSEL1 	EQU 	1
T4RSEL2 	EQU 	2
T4RSEL3 	EQU 	3
T4RSEL4 	EQU 	4
T4RST 	EQU 	815
T4RST_RSEL0 	EQU 	0
T4RST_RSEL1 	EQU 	1
T4RST_RSEL2 	EQU 	2
T4RST_RSEL3 	EQU 	3
T4RST_RSEL4 	EQU 	4
T4TMR 	EQU 	810
TABLAT 	EQU 	1269
TABLEANOBIUMFULL 	EQU 	534
TABLEANOBIUMFULL_H 	EQU 	1542
TABLEGLCDCHARCOL3 	EQU 	1712
TABLEGLCDCHARCOL4 	EQU 	1860
TABLEGLCDCHARCOL5 	EQU 	2008
TABLEGLCDCHARCOL6 	EQU 	2156
TABLEGLCDCHARCOL7 	EQU 	2304
TBLPTR 	EQU 	1270
TBLPTR0 	EQU 	0
TBLPTR1 	EQU 	1
TBLPTR10 	EQU 	16
TBLPTR11 	EQU 	17
TBLPTR12 	EQU 	18
TBLPTR13 	EQU 	19
TBLPTR14 	EQU 	20
TBLPTR15 	EQU 	21
TBLPTR16 	EQU 	22
TBLPTR17 	EQU 	23
TBLPTR18 	EQU 	24
TBLPTR19 	EQU 	25
TBLPTR2 	EQU 	2
TBLPTR20 	EQU 	32
TBLPTR3 	EQU 	3
TBLPTR4 	EQU 	4
TBLPTR5 	EQU 	5
TBLPTR6 	EQU 	6
TBLPTR7 	EQU 	7
TBLPTR8 	EQU 	8
TBLPTR9 	EQU 	9
TBLPTRH 	EQU 	1271
TBLPTRL 	EQU 	1270
TBLPTRU 	EQU 	1272
TBLPTRU0 	EQU 	0
TBLPTRU1 	EQU 	1
TBLPTRU2 	EQU 	2
TBLPTRU3 	EQU 	3
TBLPTRU4 	EQU 	4
TBLPTRU5 	EQU 	5
TCNTH0 	EQU 	0
TCNTH1 	EQU 	1
TCNTH2 	EQU 	2
TCZIE 	EQU 	6
TCZIF 	EQU 	6
TH0 	EQU 	0
TH1 	EQU 	1
TMD0 	EQU 	0
TMD1 	EQU 	1
TMD2 	EQU 	2
TMR0 	EQU 	792
TMR0H 	EQU 	793
TMR0H0 	EQU 	0
TMR0H1 	EQU 	1
TMR0H2 	EQU 	2
TMR0H3 	EQU 	3
TMR0H4 	EQU 	4
TMR0H5 	EQU 	5
TMR0H6 	EQU 	6
TMR0H7 	EQU 	7
TMR0IE 	EQU 	3
TMR0IF 	EQU 	3
TMR0IP 	EQU 	3
TMR0L 	EQU 	792
TMR0L0 	EQU 	0
TMR0L1 	EQU 	1
TMR0L2 	EQU 	2
TMR0L3 	EQU 	3
TMR0L4 	EQU 	4
TMR0L5 	EQU 	5
TMR0L6 	EQU 	6
TMR0L7 	EQU 	7
TMR0MD 	EQU 	0
TMR1 	EQU 	786
TMR10 	EQU 	0
TMR11 	EQU 	1
TMR110 	EQU 	2
TMR111 	EQU 	3
TMR112 	EQU 	4
TMR113 	EQU 	5
TMR114 	EQU 	6
TMR115 	EQU 	7
TMR12 	EQU 	2
TMR13 	EQU 	3
TMR14 	EQU 	4
TMR15 	EQU 	5
TMR16 	EQU 	6
TMR17 	EQU 	7
TMR18 	EQU 	0
TMR19 	EQU 	1
TMR1CLK 	EQU 	791
TMR1CON 	EQU 	788
TMR1GATE 	EQU 	790
TMR1GCON 	EQU 	789
TMR1GIE 	EQU 	3
TMR1GIF 	EQU 	3
TMR1GIP 	EQU 	3
TMR1H 	EQU 	787
TMR1H0 	EQU 	0
TMR1H1 	EQU 	1
TMR1H2 	EQU 	2
TMR1H3 	EQU 	3
TMR1H4 	EQU 	4
TMR1H5 	EQU 	5
TMR1H6 	EQU 	6
TMR1H7 	EQU 	7
TMR1IE 	EQU 	2
TMR1IF 	EQU 	2
TMR1IP 	EQU 	2
TMR1L 	EQU 	786
TMR1L0 	EQU 	0
TMR1L1 	EQU 	1
TMR1L2 	EQU 	2
TMR1L3 	EQU 	3
TMR1L4 	EQU 	4
TMR1L5 	EQU 	5
TMR1L6 	EQU 	6
TMR1L7 	EQU 	7
TMR1MD 	EQU 	1
TMR1ON 	EQU 	0
TMR2 	EQU 	797
TMR2IE 	EQU 	6
TMR2IF 	EQU 	6
TMR2IP 	EQU 	6
TMR2MD 	EQU 	2
TMR2ON 	EQU 	7
TMR3 	EQU 	803
TMR30 	EQU 	0
TMR31 	EQU 	1
TMR310 	EQU 	2
TMR311 	EQU 	3
TMR312 	EQU 	4
TMR313 	EQU 	5
TMR314 	EQU 	6
TMR315 	EQU 	7
TMR32 	EQU 	2
TMR33 	EQU 	3
TMR34 	EQU 	4
TMR35 	EQU 	5
TMR36 	EQU 	6
TMR37 	EQU 	7
TMR38 	EQU 	0
TMR39 	EQU 	1
TMR3CLK 	EQU 	808
TMR3CON 	EQU 	805
TMR3GATE 	EQU 	807
TMR3GCON 	EQU 	806
TMR3GIE 	EQU 	5
TMR3GIF 	EQU 	5
TMR3GIP 	EQU 	5
TMR3H 	EQU 	804
TMR3H0 	EQU 	0
TMR3H1 	EQU 	1
TMR3H2 	EQU 	2
TMR3H3 	EQU 	3
TMR3H4 	EQU 	4
TMR3H5 	EQU 	5
TMR3H6 	EQU 	6
TMR3H7 	EQU 	7
TMR3IE 	EQU 	4
TMR3IF 	EQU 	4
TMR3IP 	EQU 	4
TMR3L 	EQU 	803
TMR3L0 	EQU 	0
TMR3L1 	EQU 	1
TMR3L2 	EQU 	2
TMR3L3 	EQU 	3
TMR3L4 	EQU 	4
TMR3L5 	EQU 	5
TMR3L6 	EQU 	6
TMR3L7 	EQU 	7
TMR3ON 	EQU 	0
TMR4 	EQU 	810
TMR4IE 	EQU 	7
TMR4IF 	EQU 	7
TMR4IP 	EQU 	7
TMR4MD 	EQU 	4
TMR4ON 	EQU 	7
TMRAOSEN 	EQU 	6
TMRBOSEN 	EQU 	6
TMRH0 	EQU 	0
TMRH1 	EQU 	1
TMRH2 	EQU 	2
TMRH3 	EQU 	3
TMRH4 	EQU 	4
TMRH5 	EQU 	5
TMRH6 	EQU 	6
TMRH7 	EQU 	7
TMRL0 	EQU 	0
TMRL1 	EQU 	1
TMRL2 	EQU 	2
TMRL3 	EQU 	3
TMRL4 	EQU 	4
TMRL5 	EQU 	5
TMRL6 	EQU 	6
TMRL7 	EQU 	7
TMRT0 	EQU 	0
TMRT1 	EQU 	1
TMRT2 	EQU 	2
TMRT3 	EQU 	3
TMRT4 	EQU 	4
TMRT5 	EQU 	5
TMRT6 	EQU 	6
TMRT7 	EQU 	7
TO 	EQU 	6
TOBY32 	EQU 	6
TOREC 	EQU 	7
TOS 	EQU 	1277
TOS0 	EQU 	0
TOS1 	EQU 	1
TOS10 	EQU 	16
TOS11 	EQU 	17
TOS12 	EQU 	18
TOS13 	EQU 	19
TOS14 	EQU 	20
TOS15 	EQU 	21
TOS16 	EQU 	22
TOS17 	EQU 	23
TOS18 	EQU 	24
TOS19 	EQU 	25
TOS2 	EQU 	2
TOS20 	EQU 	32
TOS3 	EQU 	3
TOS4 	EQU 	4
TOS5 	EQU 	5
TOS6 	EQU 	6
TOS7 	EQU 	7
TOS8 	EQU 	8
TOS9 	EQU 	9
TOSH 	EQU 	1278
TOSL 	EQU 	1277
TOSU 	EQU 	1279
TOTIME0 	EQU 	0
TOTIME1 	EQU 	1
TOTIME2 	EQU 	2
TOTIME3 	EQU 	3
TOTIME4 	EQU 	4
TOTIME5 	EQU 	5
TRIGEN 	EQU 	6
TRISA 	EQU 	328
TRISA0 	EQU 	0
TRISA1 	EQU 	1
TRISA2 	EQU 	2
TRISA3 	EQU 	3
TRISA4 	EQU 	4
TRISA5 	EQU 	5
TRISA6 	EQU 	6
TRISA7 	EQU 	7
TRISB 	EQU 	329
TRISB0 	EQU 	0
TRISB1 	EQU 	1
TRISB2 	EQU 	2
TRISB3 	EQU 	3
TRISB4 	EQU 	4
TRISB5 	EQU 	5
TRISB6 	EQU 	6
TRISB7 	EQU 	7
TRISC 	EQU 	330
TRISC0 	EQU 	0
TRISC0PPS 	EQU 	401
TRISC0PPS0 	EQU 	0
TRISC0PPS1 	EQU 	1
TRISC0PPS2 	EQU 	2
TRISC0PPS3 	EQU 	3
TRISC0PPS4 	EQU 	4
TRISC1 	EQU 	1
TRISC1PPS 	EQU 	402
TRISC1PPS0 	EQU 	0
TRISC1PPS1 	EQU 	1
TRISC1PPS2 	EQU 	2
TRISC1PPS3 	EQU 	3
TRISC1PPS4 	EQU 	4
TRISC2 	EQU 	2
TRISC2PPS 	EQU 	403
TRISC2PPS0 	EQU 	0
TRISC2PPS1 	EQU 	1
TRISC2PPS2 	EQU 	2
TRISC2PPS3 	EQU 	3
TRISC2PPS4 	EQU 	4
TRISC3 	EQU 	3
TRISC3PPS 	EQU 	404
TRISC3PPS0 	EQU 	0
TRISC3PPS1 	EQU 	1
TRISC3PPS2 	EQU 	2
TRISC3PPS3 	EQU 	3
TRISC3PPS4 	EQU 	4
TRISC4 	EQU 	4
TRISC4PPS 	EQU 	405
TRISC4PPS0 	EQU 	0
TRISC4PPS1 	EQU 	1
TRISC4PPS2 	EQU 	2
TRISC4PPS3 	EQU 	3
TRISC4PPS4 	EQU 	4
TRISC5 	EQU 	5
TRISC5PPS 	EQU 	406
TRISC5PPS0 	EQU 	0
TRISC5PPS1 	EQU 	1
TRISC5PPS2 	EQU 	2
TRISC5PPS3 	EQU 	3
TRISC5PPS4 	EQU 	4
TRISC6 	EQU 	6
TRISC6PPS 	EQU 	407
TRISC6PPS0 	EQU 	0
TRISC6PPS1 	EQU 	1
TRISC6PPS2 	EQU 	2
TRISC6PPS3 	EQU 	3
TRISC6PPS4 	EQU 	4
TRISC7 	EQU 	7
TRISD 	EQU 	331
TRISD0 	EQU 	0
TRISD1 	EQU 	1
TRISD2 	EQU 	2
TRISD3 	EQU 	3
TRISD4 	EQU 	4
TRISD5 	EQU 	5
TRISD6 	EQU 	6
TRISD7 	EQU 	7
TRISE 	EQU 	332
TRISE0 	EQU 	0
TRISE1 	EQU 	1
TRISE2 	EQU 	2
TSEL0 	EQU 	0
TSEL1 	EQU 	1
TSEL2 	EQU 	2
TSEL3 	EQU 	3
TSEN 	EQU 	5
TSRNG 	EQU 	4
TU16ACAPT 	EQU 	3
TU16ACIE 	EQU 	0
TU16ACIF 	EQU 	0
TU16ACLK 	EQU 	937
TU16ACLK0 	EQU 	0
TU16ACLK1 	EQU 	1
TU16ACLK2 	EQU 	2
TU16ACLK3 	EQU 	3
TU16ACLK4 	EQU 	4
TU16ACLK_CLK0 	EQU 	0
TU16ACLK_CLK1 	EQU 	1
TU16ACLK_CLK2 	EQU 	2
TU16ACLK_CLK3 	EQU 	3
TU16ACLK_CLK4 	EQU 	4
TU16ACLR 	EQU 	5
TU16ACON0 	EQU 	925
TU16ACON1 	EQU 	926
TU16ACPOL 	EQU 	6
TU16ACR 	EQU 	929
TU16ACR0 	EQU 	0
TU16ACR1 	EQU 	1
TU16ACR10 	EQU 	2
TU16ACR11 	EQU 	3
TU16ACR12 	EQU 	4
TU16ACR13 	EQU 	5
TU16ACR14 	EQU 	6
TU16ACR15 	EQU 	7
TU16ACR2 	EQU 	2
TU16ACR24 	EQU 	0
TU16ACR25 	EQU 	1
TU16ACR26 	EQU 	2
TU16ACR27 	EQU 	3
TU16ACR28 	EQU 	4
TU16ACR29 	EQU 	5
TU16ACR3 	EQU 	3
TU16ACR30 	EQU 	6
TU16ACR31 	EQU 	7
TU16ACR4 	EQU 	4
TU16ACR5 	EQU 	5
TU16ACR6 	EQU 	6
TU16ACR7 	EQU 	7
TU16ACR8 	EQU 	0
TU16ACR9 	EQU 	1
TU16ACRH 	EQU 	930
TU16ACRH0 	EQU 	0
TU16ACRH1 	EQU 	1
TU16ACRH2 	EQU 	2
TU16ACRH3 	EQU 	3
TU16ACRH4 	EQU 	4
TU16ACRH5 	EQU 	5
TU16ACRH6 	EQU 	6
TU16ACRH7 	EQU 	7
TU16ACRL 	EQU 	929
TU16ACRL0 	EQU 	0
TU16ACRL1 	EQU 	1
TU16ACRL2 	EQU 	2
TU16ACRL3 	EQU 	3
TU16ACRL4 	EQU 	4
TU16ACRL5 	EQU 	5
TU16ACRL6 	EQU 	6
TU16ACRL7 	EQU 	7
TU16ACRT 	EQU 	932
TU16ACRT0 	EQU 	0
TU16ACRT1 	EQU 	1
TU16ACRT2 	EQU 	2
TU16ACRT3 	EQU 	3
TU16ACRT4 	EQU 	4
TU16ACRT5 	EQU 	5
TU16ACRT6 	EQU 	6
TU16ACRT7 	EQU 	7
TU16ACSYNC 	EQU 	6
TU16AEPOL 	EQU 	7
TU16AERS 	EQU 	938
TU16AERS0 	EQU 	0
TU16AERS1 	EQU 	1
TU16AERS2 	EQU 	2
TU16AERS3 	EQU 	3
TU16AERS4 	EQU 	4
TU16AERS5 	EQU 	5
TU16AERS_ERS0 	EQU 	0
TU16AERS_ERS1 	EQU 	1
TU16AERS_ERS2 	EQU 	2
TU16AERS_ERS3 	EQU 	3
TU16AHLT 	EQU 	927
TU16AHLT_RESET0 	EQU 	2
TU16AHLT_RESET1 	EQU 	3
TU16AHLT_START0 	EQU 	4
TU16AHLT_START1 	EQU 	5
TU16AHLT_STOP0 	EQU 	0
TU16AHLT_STOP1 	EQU 	1
TU16AHLT_TU16ARESET0 	EQU 	2
TU16AHLT_TU16ARESET1 	EQU 	3
TU16AHLT_TU16ASTART0 	EQU 	4
TU16AHLT_TU16ASTART1 	EQU 	5
TU16AHLT_TU16ASTOP0 	EQU 	0
TU16AHLT_TU16ASTOP1 	EQU 	1
TU16AIE 	EQU 	0
TU16AIF 	EQU 	0
TU16AIP 	EQU 	0
TU16ALIMIT 	EQU 	4
TU16AMD 	EQU 	1
TU16AOM 	EQU 	5
TU16AON 	EQU 	7
TU16AOPOL 	EQU 	4
TU16APR 	EQU 	933
TU16APR0 	EQU 	0
TU16APR1 	EQU 	1
TU16APR10 	EQU 	2
TU16APR11 	EQU 	3
TU16APR12 	EQU 	4
TU16APR13 	EQU 	5
TU16APR14 	EQU 	6
TU16APR15 	EQU 	7
TU16APR2 	EQU 	2
TU16APR24 	EQU 	0
TU16APR25 	EQU 	1
TU16APR26 	EQU 	2
TU16APR27 	EQU 	3
TU16APR28 	EQU 	4
TU16APR29 	EQU 	5
TU16APR3 	EQU 	3
TU16APR30 	EQU 	6
TU16APR31 	EQU 	7
TU16APR4 	EQU 	4
TU16APR5 	EQU 	5
TU16APR6 	EQU 	6
TU16APR7 	EQU 	7
TU16APR8 	EQU 	0
TU16APR9 	EQU 	1
TU16APRH 	EQU 	934
TU16APRH0 	EQU 	0
TU16APRH1 	EQU 	1
TU16APRH2 	EQU 	2
TU16APRH3 	EQU 	3
TU16APRH4 	EQU 	4
TU16APRH5 	EQU 	5
TU16APRH6 	EQU 	6
TU16APRH7 	EQU 	7
TU16APRIE 	EQU 	2
TU16APRIF 	EQU 	2
TU16APRL 	EQU 	933
TU16APRL0 	EQU 	0
TU16APRL1 	EQU 	1
TU16APRL2 	EQU 	2
TU16APRL3 	EQU 	3
TU16APRL4 	EQU 	4
TU16APRL5 	EQU 	5
TU16APRL6 	EQU 	6
TU16APRL7 	EQU 	7
TU16APRT 	EQU 	936
TU16APRT0 	EQU 	0
TU16APRT1 	EQU 	1
TU16APRT2 	EQU 	2
TU16APRT3 	EQU 	3
TU16APRT4 	EQU 	4
TU16APRT5 	EQU 	5
TU16APRT6 	EQU 	6
TU16APRT7 	EQU 	7
TU16APS 	EQU 	928
TU16APS0 	EQU 	0
TU16APS1 	EQU 	1
TU16APS2 	EQU 	2
TU16APS3 	EQU 	3
TU16APS4 	EQU 	4
TU16APS5 	EQU 	5
TU16APS6 	EQU 	6
TU16APS7 	EQU 	7
TU16ARDSEL 	EQU 	3
TU16ARESET0 	EQU 	2
TU16ARESET1 	EQU 	3
TU16ARUN 	EQU 	7
TU16ASTART0 	EQU 	4
TU16ASTART1 	EQU 	5
TU16ASTOP0 	EQU 	0
TU16ASTOP1 	EQU 	1
TU16ATMR 	EQU 	929
TU16ATMR0 	EQU 	0
TU16ATMR1 	EQU 	1
TU16ATMR10 	EQU 	2
TU16ATMR11 	EQU 	3
TU16ATMR12 	EQU 	4
TU16ATMR13 	EQU 	5
TU16ATMR14 	EQU 	6
TU16ATMR15 	EQU 	7
TU16ATMR2 	EQU 	2
TU16ATMR24 	EQU 	0
TU16ATMR25 	EQU 	1
TU16ATMR26 	EQU 	2
TU16ATMR27 	EQU 	3
TU16ATMR28 	EQU 	4
TU16ATMR29 	EQU 	5
TU16ATMR3 	EQU 	3
TU16ATMR30 	EQU 	6
TU16ATMR31 	EQU 	7
TU16ATMR4 	EQU 	4
TU16ATMR5 	EQU 	5
TU16ATMR6 	EQU 	6
TU16ATMR7 	EQU 	7
TU16ATMR8 	EQU 	0
TU16ATMR9 	EQU 	1
TU16ATMRH 	EQU 	930
TU16ATMRH0 	EQU 	0
TU16ATMRH1 	EQU 	1
TU16ATMRH2 	EQU 	2
TU16ATMRH3 	EQU 	3
TU16ATMRH4 	EQU 	4
TU16ATMRH5 	EQU 	5
TU16ATMRH6 	EQU 	6
TU16ATMRH7 	EQU 	7
TU16ATMRL 	EQU 	929
TU16ATMRL0 	EQU 	0
TU16ATMRL1 	EQU 	1
TU16ATMRL2 	EQU 	2
TU16ATMRL3 	EQU 	3
TU16ATMRL4 	EQU 	4
TU16ATMRL5 	EQU 	5
TU16ATMRL6 	EQU 	6
TU16ATMRL7 	EQU 	7
TU16ATMRT 	EQU 	932
TU16ATMRT0 	EQU 	0
TU16ATMRT1 	EQU 	1
TU16ATMRT2 	EQU 	2
TU16ATMRT3 	EQU 	3
TU16ATMRT4 	EQU 	4
TU16ATMRT5 	EQU 	5
TU16ATMRT6 	EQU 	6
TU16ATMRT7 	EQU 	7
TU16AZIE 	EQU 	1
TU16AZIF 	EQU 	1
TU16BCAPT 	EQU 	3
TU16BCIE 	EQU 	0
TU16BCIF 	EQU 	0
TU16BCLK 	EQU 	951
TU16BCLK0 	EQU 	0
TU16BCLK1 	EQU 	1
TU16BCLK2 	EQU 	2
TU16BCLK3 	EQU 	3
TU16BCLK4 	EQU 	4
TU16BCLK_CLK0 	EQU 	0
TU16BCLK_CLK1 	EQU 	1
TU16BCLK_CLK2 	EQU 	2
TU16BCLK_CLK3 	EQU 	3
TU16BCLK_CLK4 	EQU 	4
TU16BCLR 	EQU 	5
TU16BCON0 	EQU 	939
TU16BCON0_CIE 	EQU 	0
TU16BCON0_CPOL 	EQU 	6
TU16BCON0_OM 	EQU 	5
TU16BCON0_OPOL 	EQU 	4
TU16BCON0_PRIE 	EQU 	2
TU16BCON0_RDSEL 	EQU 	3
TU16BCON0_ZIE 	EQU 	1
TU16BCON1 	EQU 	940
TU16BCON1_CAPT 	EQU 	3
TU16BCON1_CIF 	EQU 	0
TU16BCON1_CLR 	EQU 	5
TU16BCON1_LIMIT 	EQU 	4
TU16BCON1_OSEN 	EQU 	6
TU16BCON1_PRIF 	EQU 	2
TU16BCON1_RUN 	EQU 	7
TU16BCON1_ZIF 	EQU 	1
TU16BCPOL 	EQU 	6
TU16BCR 	EQU 	943
TU16BCR0 	EQU 	0
TU16BCR1 	EQU 	1
TU16BCR10 	EQU 	2
TU16BCR11 	EQU 	3
TU16BCR12 	EQU 	4
TU16BCR13 	EQU 	5
TU16BCR14 	EQU 	6
TU16BCR15 	EQU 	7
TU16BCR2 	EQU 	2
TU16BCR24 	EQU 	0
TU16BCR25 	EQU 	1
TU16BCR26 	EQU 	2
TU16BCR27 	EQU 	3
TU16BCR28 	EQU 	4
TU16BCR29 	EQU 	5
TU16BCR3 	EQU 	3
TU16BCR30 	EQU 	6
TU16BCR31 	EQU 	7
TU16BCR4 	EQU 	4
TU16BCR5 	EQU 	5
TU16BCR6 	EQU 	6
TU16BCR7 	EQU 	7
TU16BCR8 	EQU 	0
TU16BCR9 	EQU 	1
TU16BCRH 	EQU 	944
TU16BCRH0 	EQU 	0
TU16BCRH1 	EQU 	1
TU16BCRH2 	EQU 	2
TU16BCRH3 	EQU 	3
TU16BCRH4 	EQU 	4
TU16BCRH5 	EQU 	5
TU16BCRH6 	EQU 	6
TU16BCRH7 	EQU 	7
TU16BCRL 	EQU 	943
TU16BCRL0 	EQU 	0
TU16BCRL1 	EQU 	1
TU16BCRL2 	EQU 	2
TU16BCRL3 	EQU 	3
TU16BCRL4 	EQU 	4
TU16BCRL5 	EQU 	5
TU16BCRL6 	EQU 	6
TU16BCRL7 	EQU 	7
TU16BCRT 	EQU 	946
TU16BCRT0 	EQU 	0
TU16BCRT1 	EQU 	1
TU16BCRT2 	EQU 	2
TU16BCRT3 	EQU 	3
TU16BCRT4 	EQU 	4
TU16BCRT5 	EQU 	5
TU16BCRT6 	EQU 	6
TU16BCRT7 	EQU 	7
TU16BCSYNC 	EQU 	6
TU16BEPOL 	EQU 	7
TU16BERS 	EQU 	952
TU16BERS0 	EQU 	0
TU16BERS1 	EQU 	1
TU16BERS2 	EQU 	2
TU16BERS3 	EQU 	3
TU16BERS4 	EQU 	4
TU16BERS5 	EQU 	5
TU16BERS_ERS0 	EQU 	0
TU16BERS_ERS1 	EQU 	1
TU16BERS_ERS2 	EQU 	2
TU16BERS_ERS3 	EQU 	3
TU16BERS_ERS4 	EQU 	4
TU16BERS_ERS5 	EQU 	5
TU16BHLT 	EQU 	941
TU16BHLT_CSYNC 	EQU 	6
TU16BHLT_EPOL 	EQU 	7
TU16BHLT_RESET0 	EQU 	2
TU16BHLT_RESET1 	EQU 	3
TU16BHLT_START0 	EQU 	4
TU16BHLT_START1 	EQU 	5
TU16BHLT_STOP0 	EQU 	0
TU16BHLT_STOP1 	EQU 	1
TU16BHLT_TU16BHLT_RESET0 	EQU 	2
TU16BHLT_TU16BHLT_RESET1 	EQU 	3
TU16BHLT_TU16BHLT_START0 	EQU 	4
TU16BHLT_TU16BHLT_START1 	EQU 	5
TU16BHLT_TU16BHLT_STOP0 	EQU 	0
TU16BHLT_TU16BHLT_STOP1 	EQU 	1
TU16BHLT_TU16BRESET0 	EQU 	2
TU16BHLT_TU16BRESET1 	EQU 	3
TU16BHLT_TU16BSTART0 	EQU 	4
TU16BHLT_TU16BSTART1 	EQU 	5
TU16BHLT_TU16BSTOP0 	EQU 	0
TU16BHLT_TU16BSTOP1 	EQU 	1
TU16BIE 	EQU 	1
TU16BIF 	EQU 	1
TU16BIP 	EQU 	1
TU16BLIMIT 	EQU 	4
TU16BMD 	EQU 	2
TU16BOM 	EQU 	5
TU16BON 	EQU 	7
TU16BOPOL 	EQU 	4
TU16BPR 	EQU 	947
TU16BPR0 	EQU 	0
TU16BPR1 	EQU 	1
TU16BPR10 	EQU 	2
TU16BPR11 	EQU 	3
TU16BPR12 	EQU 	4
TU16BPR13 	EQU 	5
TU16BPR14 	EQU 	6
TU16BPR15 	EQU 	7
TU16BPR2 	EQU 	2
TU16BPR24 	EQU 	0
TU16BPR25 	EQU 	1
TU16BPR26 	EQU 	2
TU16BPR27 	EQU 	3
TU16BPR28 	EQU 	4
TU16BPR29 	EQU 	5
TU16BPR3 	EQU 	3
TU16BPR30 	EQU 	6
TU16BPR31 	EQU 	7
TU16BPR4 	EQU 	4
TU16BPR5 	EQU 	5
TU16BPR6 	EQU 	6
TU16BPR7 	EQU 	7
TU16BPR8 	EQU 	0
TU16BPR9 	EQU 	1
TU16BPRH 	EQU 	948
TU16BPRH0 	EQU 	0
TU16BPRH1 	EQU 	1
TU16BPRH2 	EQU 	2
TU16BPRH3 	EQU 	3
TU16BPRH4 	EQU 	4
TU16BPRH5 	EQU 	5
TU16BPRH6 	EQU 	6
TU16BPRH7 	EQU 	7
TU16BPRH_PRH0 	EQU 	0
TU16BPRH_PRH1 	EQU 	1
TU16BPRH_PRH2 	EQU 	2
TU16BPRH_PRH3 	EQU 	3
TU16BPRH_PRH4 	EQU 	4
TU16BPRH_PRH5 	EQU 	5
TU16BPRH_PRH6 	EQU 	6
TU16BPRH_PRH7 	EQU 	7
TU16BPRIE 	EQU 	2
TU16BPRIF 	EQU 	2
TU16BPRL 	EQU 	947
TU16BPRL0 	EQU 	0
TU16BPRL1 	EQU 	1
TU16BPRL2 	EQU 	2
TU16BPRL3 	EQU 	3
TU16BPRL4 	EQU 	4
TU16BPRL5 	EQU 	5
TU16BPRL6 	EQU 	6
TU16BPRL7 	EQU 	7
TU16BPRT 	EQU 	950
TU16BPRT0 	EQU 	0
TU16BPRT1 	EQU 	1
TU16BPRT2 	EQU 	2
TU16BPRT3 	EQU 	3
TU16BPRT4 	EQU 	4
TU16BPRT5 	EQU 	5
TU16BPRT6 	EQU 	6
TU16BPRT7 	EQU 	7
TU16BPRT_PRT0 	EQU 	0
TU16BPRT_PRT1 	EQU 	1
TU16BPRT_PRT2 	EQU 	2
TU16BPRT_PRT3 	EQU 	3
TU16BPRT_PRT4 	EQU 	4
TU16BPRT_PRT5 	EQU 	5
TU16BPRT_PRT6 	EQU 	6
TU16BPRT_PRT7 	EQU 	7
TU16BPR_PRL0 	EQU 	0
TU16BPR_PRL1 	EQU 	1
TU16BPR_PRL2 	EQU 	2
TU16BPR_PRL3 	EQU 	3
TU16BPR_PRL4 	EQU 	4
TU16BPR_PRL5 	EQU 	5
TU16BPR_PRL6 	EQU 	6
TU16BPR_PRL7 	EQU 	7
TU16BPS 	EQU 	942
TU16BPS0 	EQU 	0
TU16BPS1 	EQU 	1
TU16BPS2 	EQU 	2
TU16BPS3 	EQU 	3
TU16BPS4 	EQU 	4
TU16BPS5 	EQU 	5
TU16BPS6 	EQU 	6
TU16BPS7 	EQU 	7
TU16BPS_PS0 	EQU 	0
TU16BPS_PS1 	EQU 	1
TU16BPS_PS2 	EQU 	2
TU16BPS_PS3 	EQU 	3
TU16BPS_PS4 	EQU 	4
TU16BPS_PS5 	EQU 	5
TU16BPS_PS6 	EQU 	6
TU16BPS_PS7 	EQU 	7
TU16BRDSEL 	EQU 	3
TU16BRESET0 	EQU 	2
TU16BRESET1 	EQU 	3
TU16BRUN 	EQU 	7
TU16BSTART0 	EQU 	4
TU16BSTART1 	EQU 	5
TU16BSTOP0 	EQU 	0
TU16BSTOP1 	EQU 	1
TU16BTMR 	EQU 	943
TU16BTMR0 	EQU 	0
TU16BTMR1 	EQU 	1
TU16BTMR10 	EQU 	2
TU16BTMR11 	EQU 	3
TU16BTMR12 	EQU 	4
TU16BTMR13 	EQU 	5
TU16BTMR14 	EQU 	6
TU16BTMR15 	EQU 	7
TU16BTMR2 	EQU 	2
TU16BTMR24 	EQU 	0
TU16BTMR25 	EQU 	1
TU16BTMR26 	EQU 	2
TU16BTMR27 	EQU 	3
TU16BTMR28 	EQU 	4
TU16BTMR29 	EQU 	5
TU16BTMR3 	EQU 	3
TU16BTMR30 	EQU 	6
TU16BTMR31 	EQU 	7
TU16BTMR4 	EQU 	4
TU16BTMR5 	EQU 	5
TU16BTMR6 	EQU 	6
TU16BTMR7 	EQU 	7
TU16BTMR8 	EQU 	0
TU16BTMR9 	EQU 	1
TU16BTMRH 	EQU 	944
TU16BTMRH0 	EQU 	0
TU16BTMRH1 	EQU 	1
TU16BTMRH2 	EQU 	2
TU16BTMRH3 	EQU 	3
TU16BTMRH4 	EQU 	4
TU16BTMRH5 	EQU 	5
TU16BTMRH6 	EQU 	6
TU16BTMRH7 	EQU 	7
TU16BTMRH_CRH0 	EQU 	0
TU16BTMRH_CRH1 	EQU 	1
TU16BTMRH_CRH2 	EQU 	2
TU16BTMRH_CRH3 	EQU 	3
TU16BTMRH_CRH4 	EQU 	4
TU16BTMRH_CRH5 	EQU 	5
TU16BTMRH_CRH6 	EQU 	6
TU16BTMRH_CRH7 	EQU 	7
TU16BTMRH_TMRH0 	EQU 	0
TU16BTMRH_TMRH1 	EQU 	1
TU16BTMRH_TMRH2 	EQU 	2
TU16BTMRH_TMRH3 	EQU 	3
TU16BTMRH_TMRH4 	EQU 	4
TU16BTMRH_TMRH5 	EQU 	5
TU16BTMRH_TMRH6 	EQU 	6
TU16BTMRH_TMRH7 	EQU 	7
TU16BTMRL 	EQU 	943
TU16BTMRL0 	EQU 	0
TU16BTMRL1 	EQU 	1
TU16BTMRL2 	EQU 	2
TU16BTMRL3 	EQU 	3
TU16BTMRL4 	EQU 	4
TU16BTMRL5 	EQU 	5
TU16BTMRL6 	EQU 	6
TU16BTMRL7 	EQU 	7
TU16BTMRT 	EQU 	946
TU16BTMRT0 	EQU 	0
TU16BTMRT1 	EQU 	1
TU16BTMRT2 	EQU 	2
TU16BTMRT3 	EQU 	3
TU16BTMRT4 	EQU 	4
TU16BTMRT5 	EQU 	5
TU16BTMRT6 	EQU 	6
TU16BTMRT7 	EQU 	7
TU16BTMRT_CRT0 	EQU 	0
TU16BTMRT_CRT1 	EQU 	1
TU16BTMRT_CRT2 	EQU 	2
TU16BTMRT_CRT3 	EQU 	3
TU16BTMRT_CRT4 	EQU 	4
TU16BTMRT_CRT5 	EQU 	5
TU16BTMRT_CRT6 	EQU 	6
TU16BTMRT_CRT7 	EQU 	7
TU16BTMRT_TMRT0 	EQU 	0
TU16BTMRT_TMRT1 	EQU 	1
TU16BTMRT_TMRT2 	EQU 	2
TU16BTMRT_TMRT3 	EQU 	3
TU16BTMRT_TMRT4 	EQU 	4
TU16BTMRT_TMRT5 	EQU 	5
TU16BTMRT_TMRT6 	EQU 	6
TU16BTMRT_TMRT7 	EQU 	7
TU16BTMR_CRL0 	EQU 	0
TU16BTMR_CRL1 	EQU 	1
TU16BTMR_CRL2 	EQU 	2
TU16BTMR_CRL3 	EQU 	3
TU16BTMR_CRL4 	EQU 	4
TU16BTMR_CRL5 	EQU 	5
TU16BTMR_CRL6 	EQU 	6
TU16BTMR_CRL7 	EQU 	7
TU16BTMR_TMRL0 	EQU 	0
TU16BTMR_TMRL1 	EQU 	1
TU16BTMR_TMRL2 	EQU 	2
TU16BTMR_TMRL3 	EQU 	3
TU16BTMR_TMRL4 	EQU 	4
TU16BTMR_TMRL5 	EQU 	5
TU16BTMR_TMRL6 	EQU 	6
TU16BTMR_TMRL7 	EQU 	7
TU16BZIE 	EQU 	1
TU16BZIF 	EQU 	1
TUCHAIN 	EQU 	953
TUIN0PPS 	EQU 	632
TUIN0PPS0 	EQU 	0
TUIN0PPS1 	EQU 	1
TUIN0PPS2 	EQU 	2
TUIN0PPS3 	EQU 	3
TUIN0PPS4 	EQU 	4
TUIN0PPS5 	EQU 	5
TUIN0PPS6 	EQU 	6
TUIN0PPS7 	EQU 	7
TUIN0PPS_PIN0 	EQU 	0
TUIN0PPS_PIN1 	EQU 	1
TUIN0PPS_PIN2 	EQU 	2
TUIN0PPS_PORT0 	EQU 	3
TUIN0PPS_PORT1 	EQU 	4
TUIN0PPS_PORT2 	EQU 	5
TUIN0PPS_PORT3 	EQU 	6
TUIN0PPS_PORT4 	EQU 	7
TUIN1PPS 	EQU 	633
TUIN1PPS0 	EQU 	0
TUIN1PPS1 	EQU 	1
TUIN1PPS2 	EQU 	2
TUIN1PPS3 	EQU 	3
TUIN1PPS4 	EQU 	4
TUIN1PPS5 	EQU 	5
TUIN1PPS6 	EQU 	6
TUIN1PPS7 	EQU 	7
TUIN1PPS_PIN0 	EQU 	0
TUIN1PPS_PIN1 	EQU 	1
TUIN1PPS_PIN2 	EQU 	2
TUIN1PPS_PORT0 	EQU 	3
TUIN1PPS_PORT1 	EQU 	4
TUIN1PPS_PORT2 	EQU 	5
TUIN1PPS_PORT3 	EQU 	6
TUIN1PPS_PORT4 	EQU 	7
TUN0 	EQU 	0
TUN1 	EQU 	1
TUN2 	EQU 	2
TUN3 	EQU 	3
TUN4 	EQU 	4
TUN5 	EQU 	5
TWIDTH0 	EQU 	0
TWIDTH1 	EQU 	1
TWIDTH2 	EQU 	2
TXB0 	EQU 	0
TXB1 	EQU 	1
TXB2 	EQU 	2
TXB3 	EQU 	3
TXB4 	EQU 	4
TXB5 	EQU 	5
TXB6 	EQU 	6
TXB7 	EQU 	7
TXBE 	EQU 	5
TXBF 	EQU 	4
TXCIE 	EQU 	0
TXCIF 	EQU 	0
TXEN 	EQU 	5
TXMTIE 	EQU 	7
TXMTIF 	EQU 	7
TXPOL 	EQU 	2
TXR 	EQU 	1
TXU 	EQU 	1
TXUIE 	EQU 	1
TXUIF 	EQU 	1
TXWE 	EQU 	7
TXWRE 	EQU 	7
U1ABDEN 	EQU 	6
U1ABDIE 	EQU 	2
U1ABDIF 	EQU 	6
U1ABDOVE 	EQU 	5
U1ABDOVF 	EQU 	5
U1BRG 	EQU 	707
U1BRGH 	EQU 	708
U1BRGL 	EQU 	707
U1BRGS 	EQU 	7
U1BRKOVR 	EQU 	1
U1C0EN 	EQU 	3
U1CERIE 	EQU 	4
U1CERIF 	EQU 	4
U1CON0 	EQU 	704
U1CON0_MODE0 	EQU 	0
U1CON0_MODE1 	EQU 	1
U1CON0_MODE2 	EQU 	2
U1CON0_MODE3 	EQU 	3
U1CON0_U1MODE0 	EQU 	0
U1CON0_U1MODE1 	EQU 	1
U1CON0_U1MODE2 	EQU 	2
U1CON0_U1MODE3 	EQU 	3
U1CON1 	EQU 	705
U1CON2 	EQU 	706
U1CON2_FLO0 	EQU 	0
U1CON2_FLO1 	EQU 	1
U1CON2_STP0 	EQU 	4
U1CON2_STP1 	EQU 	5
U1CON2_U1FLO0 	EQU 	0
U1CON2_U1FLO1 	EQU 	1
U1CON2_U1STP0 	EQU 	4
U1CON2_U1STP1 	EQU 	5
U1CTSPPS 	EQU 	627
U1CTSPPS0 	EQU 	0
U1CTSPPS1 	EQU 	1
U1CTSPPS2 	EQU 	2
U1CTSPPS3 	EQU 	3
U1CTSPPS4 	EQU 	4
U1CTSPPS5 	EQU 	5
U1CTSPPS6 	EQU 	6
U1CTSPPS7 	EQU 	7
U1CTSPPS_PIN0 	EQU 	0
U1CTSPPS_PIN1 	EQU 	1
U1CTSPPS_PIN2 	EQU 	2
U1CTSPPS_PORT0 	EQU 	3
U1CTSPPS_PORT1 	EQU 	4
U1CTSPPS_PORT2 	EQU 	5
U1CTSPPS_PORT3 	EQU 	6
U1CTSPPS_PORT4 	EQU 	7
U1EIE 	EQU 	2
U1EIF 	EQU 	2
U1EIP 	EQU 	2
U1ERRIE 	EQU 	712
U1ERRIR 	EQU 	711
U1FERIE 	EQU 	3
U1FERIF 	EQU 	3
U1FIFO 	EQU 	709
U1FLO0 	EQU 	0
U1FLO1 	EQU 	1
U1IE 	EQU 	3
U1IF 	EQU 	3
U1IP 	EQU 	3
U1MD 	EQU 	6
U1MODE0 	EQU 	0
U1MODE1 	EQU 	1
U1MODE2 	EQU 	2
U1MODE3 	EQU 	3
U1ON 	EQU 	7
U1P1 	EQU 	698
U1P1H 	EQU 	699
U1P1L 	EQU 	698
U1P2 	EQU 	700
U1P2H 	EQU 	701
U1P2L 	EQU 	700
U1P3 	EQU 	702
U1P3H 	EQU 	703
U1P3L 	EQU 	702
U1PERIE 	EQU 	6
U1PERIF 	EQU 	6
U1RCIDL 	EQU 	3
U1RUNOVF 	EQU 	7
U1RXB 	EQU 	694
U1RXBE 	EQU 	1
U1RXBF 	EQU 	0
U1RXBIMD 	EQU 	3
U1RXBKIE 	EQU 	2
U1RXBKIF 	EQU 	2
U1RXBL 	EQU 	694
U1RXCHK 	EQU 	695
U1RXEN 	EQU 	4
U1RXFOIE 	EQU 	1
U1RXFOIF 	EQU 	1
U1RXIDL 	EQU 	3
U1RXIE 	EQU 	0
U1RXIF 	EQU 	0
U1RXIP 	EQU 	0
U1RXPOL 	EQU 	6
U1RXPPS 	EQU 	626
U1RXPPS0 	EQU 	0
U1RXPPS1 	EQU 	1
U1RXPPS2 	EQU 	2
U1RXPPS3 	EQU 	3
U1RXPPS4 	EQU 	4
U1RXPPS5 	EQU 	5
U1RXPPS6 	EQU 	6
U1RXPPS7 	EQU 	7
U1RXPPS_PIN0 	EQU 	0
U1RXPPS_PIN1 	EQU 	1
U1RXPPS_PIN2 	EQU 	2
U1RXPPS_PORT0 	EQU 	3
U1RXPPS_PORT1 	EQU 	4
U1RXPPS_PORT2 	EQU 	5
U1RXPPS_PORT3 	EQU 	6
U1RXPPS_PORT4 	EQU 	7
U1SENDB 	EQU 	0
U1STP0 	EQU 	4
U1STP1 	EQU 	5
U1STPMD 	EQU 	6
U1TXB 	EQU 	696
U1TXBE 	EQU 	5
U1TXBF 	EQU 	4
U1TXBL 	EQU 	696
U1TXCHK 	EQU 	697
U1TXCIE 	EQU 	0
U1TXCIF 	EQU 	0
U1TXEN 	EQU 	5
U1TXIE 	EQU 	1
U1TXIF 	EQU 	1
U1TXIP 	EQU 	1
U1TXMTIE 	EQU 	7
U1TXMTIF 	EQU 	7
U1TXPOL 	EQU 	2
U1TXWRE 	EQU 	7
U1UIR 	EQU 	710
U1WUE 	EQU 	4
U1WUIF 	EQU 	7
U1XON 	EQU 	2
U2ABDEN 	EQU 	6
U2ABDIE 	EQU 	2
U2ABDIF 	EQU 	6
U2ABDOVE 	EQU 	5
U2ABDOVF 	EQU 	5
U2BRG 	EQU 	726
U2BRGH 	EQU 	727
U2BRGL 	EQU 	726
U2BRGS 	EQU 	7
U2BRKOVR 	EQU 	1
U2CERIE 	EQU 	4
U2CERIF 	EQU 	4
U2CON0 	EQU 	723
U2CON0_ABDEN 	EQU 	6
U2CON0_BRGS 	EQU 	7
U2CON0_MODE0 	EQU 	0
U2CON0_MODE1 	EQU 	1
U2CON0_MODE2 	EQU 	2
U2CON0_MODE3 	EQU 	3
U2CON0_RXEN 	EQU 	4
U2CON0_TXEN 	EQU 	5
U2CON0_U2CON0_MODE0 	EQU 	0
U2CON0_U2CON0_MODE1 	EQU 	1
U2CON0_U2CON0_MODE2 	EQU 	2
U2CON0_U2CON0_MODE3 	EQU 	3
U2CON0_U2MODE0 	EQU 	0
U2CON0_U2MODE1 	EQU 	1
U2CON0_U2MODE2 	EQU 	2
U2CON0_U2MODE3 	EQU 	3
U2CON1 	EQU 	724
U2CON1_BRKOVR 	EQU 	1
U2CON1_RXBIMD 	EQU 	3
U2CON1_SENDB 	EQU 	0
U2CON1_WUE 	EQU 	4
U2CON2 	EQU 	725
U2CON2_FLO0 	EQU 	0
U2CON2_FLO1 	EQU 	1
U2CON2_RUNOVF 	EQU 	7
U2CON2_RXPOL 	EQU 	6
U2CON2_STP0 	EQU 	4
U2CON2_STP1 	EQU 	5
U2CON2_TXPOL 	EQU 	2
U2CON2_U2CON2_FLO0 	EQU 	0
U2CON2_U2CON2_FLO1 	EQU 	1
U2CON2_U2CON2_STP0 	EQU 	4
U2CON2_U2CON2_STP1 	EQU 	5
U2CON2_U2FLO0 	EQU 	0
U2CON2_U2FLO1 	EQU 	1
U2CON2_U2STP0 	EQU 	4
U2CON2_U2STP1 	EQU 	5
U2CTSPPS 	EQU 	629
U2CTSPPS0 	EQU 	0
U2CTSPPS1 	EQU 	1
U2CTSPPS2 	EQU 	2
U2CTSPPS3 	EQU 	3
U2CTSPPS4 	EQU 	4
U2CTSPPS5 	EQU 	5
U2CTSPPS6 	EQU 	6
U2CTSPPS7 	EQU 	7
U2CTSPPS_PIN0 	EQU 	0
U2CTSPPS_PIN1 	EQU 	1
U2CTSPPS_PIN2 	EQU 	2
U2CTSPPS_PORT0 	EQU 	3
U2CTSPPS_PORT1 	EQU 	4
U2CTSPPS_PORT2 	EQU 	5
U2CTSPPS_PORT3 	EQU 	6
U2CTSPPS_PORT4 	EQU 	7
U2EIE 	EQU 	6
U2EIF 	EQU 	6
U2EIP 	EQU 	6
U2ERRIE 	EQU 	731
U2ERRIE_ABDOVE 	EQU 	5
U2ERRIE_CERIE 	EQU 	4
U2ERRIE_FERIE 	EQU 	3
U2ERRIE_PERIE 	EQU 	6
U2ERRIE_RXBKIE 	EQU 	2
U2ERRIE_RXFOIE 	EQU 	1
U2ERRIE_TXCIE 	EQU 	0
U2ERRIE_TXMTIE 	EQU 	7
U2ERRIR 	EQU 	730
U2ERRIR_ABDOVF 	EQU 	5
U2ERRIR_CERIF 	EQU 	4
U2ERRIR_FERIF 	EQU 	3
U2ERRIR_PERIF 	EQU 	6
U2ERRIR_RXBKIF 	EQU 	2
U2ERRIR_RXFOIF 	EQU 	1
U2ERRIR_TXCIF 	EQU 	0
U2ERRIR_TXMTIF 	EQU 	7
U2FERIE 	EQU 	3
U2FERIF 	EQU 	3
U2FIFO 	EQU 	728
U2FIFO_RCIDL 	EQU 	3
U2FIFO_RXBE 	EQU 	1
U2FIFO_RXBF 	EQU 	0
U2FIFO_RXIDL 	EQU 	3
U2FIFO_STPMD 	EQU 	6
U2FIFO_TXBE 	EQU 	5
U2FIFO_TXBF 	EQU 	4
U2FIFO_TXWRE 	EQU 	7
U2FIFO_XON 	EQU 	2
U2FLO0 	EQU 	0
U2FLO1 	EQU 	1
U2IE 	EQU 	7
U2IF 	EQU 	7
U2IP 	EQU 	7
U2MD 	EQU 	7
U2MODE0 	EQU 	0
U2MODE1 	EQU 	1
U2MODE2 	EQU 	2
U2MODE3 	EQU 	3
U2ON 	EQU 	7
U2P1 	EQU 	717
U2P1L 	EQU 	717
U2P2 	EQU 	719
U2P2L 	EQU 	719
U2P3 	EQU 	721
U2P3L 	EQU 	721
U2PERIE 	EQU 	6
U2PERIF 	EQU 	6
U2RCIDL 	EQU 	3
U2RUNOVF 	EQU 	7
U2RXB 	EQU 	713
U2RXBE 	EQU 	1
U2RXBF 	EQU 	0
U2RXBIMD 	EQU 	3
U2RXBKIE 	EQU 	2
U2RXBKIF 	EQU 	2
U2RXBL 	EQU 	713
U2RXEN 	EQU 	4
U2RXFOIE 	EQU 	1
U2RXFOIF 	EQU 	1
U2RXIDL 	EQU 	3
U2RXIE 	EQU 	4
U2RXIF 	EQU 	4
U2RXIP 	EQU 	4
U2RXPOL 	EQU 	6
U2RXPPS 	EQU 	628
U2RXPPS0 	EQU 	0
U2RXPPS1 	EQU 	1
U2RXPPS2 	EQU 	2
U2RXPPS3 	EQU 	3
U2RXPPS4 	EQU 	4
U2RXPPS5 	EQU 	5
U2RXPPS6 	EQU 	6
U2RXPPS7 	EQU 	7
U2RXPPS_PIN0 	EQU 	0
U2RXPPS_PIN1 	EQU 	1
U2RXPPS_PIN2 	EQU 	2
U2RXPPS_PORT0 	EQU 	3
U2RXPPS_PORT1 	EQU 	4
U2RXPPS_PORT2 	EQU 	5
U2RXPPS_PORT3 	EQU 	6
U2RXPPS_PORT4 	EQU 	7
U2SENDB 	EQU 	0
U2STP0 	EQU 	4
U2STP1 	EQU 	5
U2STPMD 	EQU 	6
U2TXB 	EQU 	715
U2TXBE 	EQU 	5
U2TXBF 	EQU 	4
U2TXBL 	EQU 	715
U2TXCIE 	EQU 	0
U2TXCIF 	EQU 	0
U2TXEN 	EQU 	5
U2TXIE 	EQU 	5
U2TXIF 	EQU 	5
U2TXIP 	EQU 	5
U2TXMTIE 	EQU 	7
U2TXMTIF 	EQU 	7
U2TXPOL 	EQU 	2
U2TXWRE 	EQU 	7
U2UIR 	EQU 	729
U2UIR_ABDIE 	EQU 	2
U2UIR_ABDIF 	EQU 	6
U2UIR_WUIF 	EQU 	7
U2WUE 	EQU 	4
U2WUIF 	EQU 	7
U2XON 	EQU 	2
UD 	EQU 	6
UTH0 	EQU 	0
UTH1 	EQU 	1
UTH10 	EQU 	2
UTH11 	EQU 	3
UTH12 	EQU 	4
UTH13 	EQU 	5
UTH14 	EQU 	6
UTH15 	EQU 	7
UTH2 	EQU 	2
UTH3 	EQU 	3
UTH4 	EQU 	4
UTH5 	EQU 	5
UTH6 	EQU 	6
UTH7 	EQU 	7
UTH8 	EQU 	0
UTH9 	EQU 	1
UTHR 	EQU 	6
VDDIO2CON 	EQU 	269
VDDIO2CON_LVD0 	EQU 	0
VDDIO2CON_LVD1 	EQU 	1
VDDIO2CON_LVD2 	EQU 	2
VDDIO2CON_LVD3 	EQU 	3
VDDIO2LVDFIE 	EQU 	4
VDDIO2LVDFIF 	EQU 	4
VDDIO2LVDFIP 	EQU 	4
VDDIO2LVDRIE 	EQU 	5
VDDIO2LVDRIF 	EQU 	5
VDDIO2LVDRIP 	EQU 	5
VDDIO2PORFIE 	EQU 	6
VDDIO2PORFIF 	EQU 	6
VDDIO2PORFIP 	EQU 	6
VDDIO2PORRIE 	EQU 	7
VDDIO2PORRIF 	EQU 	7
VDDIO2PORRIP 	EQU 	7
VDDIO2STAT 	EQU 	270
VREGCON 	EQU 	72
VREGCON_PMSYS0 	EQU 	4
VREGCON_PMSYS1 	EQU 	5
VREGCON_VREGPM0 	EQU 	0
VREGCON_VREGPM1 	EQU 	1
VREGPM0 	EQU 	0
VREGPM1 	EQU 	1
W 	EQU 	0
WDTCON0 	EQU 	120
WDTCON0_PS0 	EQU 	1
WDTCON0_PS1 	EQU 	2
WDTCON0_PS2 	EQU 	3
WDTCON0_PS3 	EQU 	4
WDTCON0_PS4 	EQU 	5
WDTCON0_WDTCON0_PS0 	EQU 	1
WDTCON0_WDTCON0_PS1 	EQU 	2
WDTCON0_WDTCON0_PS2 	EQU 	3
WDTCON0_WDTCON0_PS3 	EQU 	4
WDTCON0_WDTCON0_PS4 	EQU 	5
WDTCON0_WDTPS0 	EQU 	1
WDTCON0_WDTPS1 	EQU 	2
WDTCON0_WDTPS2 	EQU 	3
WDTCON0_WDTPS3 	EQU 	4
WDTCON0_WDTPS4 	EQU 	5
WDTCON1 	EQU 	121
WDTCON1_CS0_WDTCON1 	EQU 	4
WDTCON1_CS1_WDTCON1 	EQU 	5
WDTCON1_CS2_WDTCON1 	EQU 	6
WDTCON1_WDTCS0 	EQU 	4
WDTCON1_WDTCS1 	EQU 	5
WDTCON1_WDTCS2 	EQU 	6
WDTCON1_WDTWINDOW0 	EQU 	0
WDTCON1_WDTWINDOW1 	EQU 	1
WDTCON1_WDTWINDOW2 	EQU 	2
WDTCON1_WINDOW0 	EQU 	0
WDTCON1_WINDOW1 	EQU 	1
WDTCON1_WINDOW2 	EQU 	2
WDTCS0 	EQU 	4
WDTCS1 	EQU 	5
WDTCS2 	EQU 	6
WDTPS 	EQU 	122
WDTPS0 	EQU 	1
WDTPS1 	EQU 	2
WDTPS2 	EQU 	3
WDTPS3 	EQU 	4
WDTPS4 	EQU 	5
WDTPSCNT16 	EQU 	0
WDTPSCNT17 	EQU 	1
WDTPSH 	EQU 	123
WDTPSL 	EQU 	122
WDTSEN 	EQU 	0
WDTSTATE 	EQU 	2
WDTTMR 	EQU 	124
WDTTMR0 	EQU 	3
WDTTMR1 	EQU 	4
WDTTMR2 	EQU 	5
WDTTMR3 	EQU 	6
WDTTMR4 	EQU 	7
WDTTMR_TMR0 	EQU 	3
WDTTMR_TMR1 	EQU 	4
WDTTMR_TMR2 	EQU 	5
WDTTMR_TMR3 	EQU 	6
WDTTMR_TMR4 	EQU 	7
WDTTMR_WDTTMR0 	EQU 	3
WDTTMR_WDTTMR1 	EQU 	4
WDTTMR_WDTTMR2 	EQU 	5
WDTTMR_WDTTMR3 	EQU 	6
WDTTMR_WDTTMR4 	EQU 	7
WDTWINDOW0 	EQU 	0
WDTWINDOW1 	EQU 	1
WDTWINDOW2 	EQU 	2
WDTWV 	EQU 	5
WIDTHOFPICTURE 	EQU 	1376
WINDOW0 	EQU 	0
WINDOW1 	EQU 	1
WINDOW2 	EQU 	2
WPUA 	EQU 	1025
WPUA0 	EQU 	0
WPUA1 	EQU 	1
WPUA2 	EQU 	2
WPUA3 	EQU 	3
WPUA4 	EQU 	4
WPUA5 	EQU 	5
WPUA6 	EQU 	6
WPUA7 	EQU 	7
WPUB 	EQU 	1033
WPUB0 	EQU 	0
WPUB1 	EQU 	1
WPUB2 	EQU 	2
WPUB3 	EQU 	3
WPUB4 	EQU 	4
WPUB5 	EQU 	5
WPUB6 	EQU 	6
WPUB7 	EQU 	7
WPUC 	EQU 	1041
WPUC0 	EQU 	0
WPUC1 	EQU 	1
WPUC2 	EQU 	2
WPUC3 	EQU 	3
WPUC4 	EQU 	4
WPUC5 	EQU 	5
WPUC6 	EQU 	6
WPUD 	EQU 	1049
WPUD0 	EQU 	0
WPUD1 	EQU 	1
WPUD2 	EQU 	2
WPUD3 	EQU 	3
WPUD4 	EQU 	4
WPUD5 	EQU 	5
WPUD6 	EQU 	6
WPUD7 	EQU 	7
WPUE 	EQU 	1057
WPUE0 	EQU 	0
WPUE1 	EQU 	1
WPUE2 	EQU 	2
WPUE3 	EQU 	3
WR1IE 	EQU 	4
WR1IF 	EQU 	4
WR2IE 	EQU 	4
WR2IF 	EQU 	4
WREG 	EQU 	1256
WREG_CSHAD 	EQU 	884
WREG_SHAD 	EQU 	888
WRERR 	EQU 	7
WRIE 	EQU 	4
WRIF 	EQU 	4
WRITE_COMMAND_SSD1306 	EQU 	4336
WRITE_DATA_SSD1306 	EQU 	4356
WUE 	EQU 	4
WUIF 	EQU 	7
XIP 	EQU 	0
XON 	EQU 	2
XOR0 	EQU 	0
XOR1 	EQU 	1
XOR10 	EQU 	2
XOR11 	EQU 	3
XOR12 	EQU 	4
XOR13 	EQU 	5
XOR14 	EQU 	6
XOR15 	EQU 	7
XOR16 	EQU 	0
XOR17 	EQU 	1
XOR18 	EQU 	2
XOR19 	EQU 	3
XOR2 	EQU 	2
XOR20 	EQU 	4
XOR21 	EQU 	5
XOR22 	EQU 	6
XOR23 	EQU 	7
XOR24 	EQU 	0
XOR25 	EQU 	1
XOR26 	EQU 	2
XOR27 	EQU 	3
XOR28 	EQU 	4
XOR29 	EQU 	5
XOR3 	EQU 	3
XOR30 	EQU 	6
XOR31 	EQU 	7
XOR4 	EQU 	4
XOR5 	EQU 	5
XOR6 	EQU 	6
XOR7 	EQU 	7
XOR8 	EQU 	0
XOR9 	EQU 	1
Z 	EQU 	2
ZCD1CON 	EQU 	76
ZCD1IE 	EQU 	1
ZCD1IF 	EQU 	1
ZCD1IP 	EQU 	1
ZCD1MD 	EQU 	6
ZIE 	EQU 	1
ZIF 	EQU 	1

Code:
Loc	Obj Code	Original Assembly





















































































































	K	1111 KKKK KKKK KKKK:1110 1111 KKKK KKKK	12
000000	EF06 F000	GOTO BASPROGRAMSTART

	S	 0000 0000 0001 000S	0
000008	0010	RETFIE



		BASPROGRAMSTART
	K	1111 KKKK KKKK KKKK:1110 110S KKKK KKKK	3758
	S	1111 0000 0000 0111:1110 110S 0101 0111	0
00000C	EC57 F007	CALL INITSYS
	K	1111 KKKK KKKK KKKK:1110 110S KKKK KKKK	3724
	S	1111 0000 0000 0111:1110 110S 0100 0110	0
000010	EC46 F007	CALL INITPPS
	K	1111 KKKK KKKK KKKK:1110 110S KKKK KKKK	3188
	S	1111 0000 0000 0110:1110 110S 0011 1010	0
000014	EC3A F006	CALL HI2CQ24Q35INIT
	K	1111 KKKK KKKK KKKK:1110 110S KKKK KKKK	3524
	S	1111 0000 0000 0110:1110 110S 1110 0010	0
000018	ECE2 F006	CALL INITGLCD_SSD1306

	K	 0000 0001 00KK KKKK	1
000000	0101	BANKSEL TRISB
	F	 1001 BBBA FFFF FFFF	329
	B	 1001 BBBA 0100 1001	0
	A	 1001 000A 0100 1001	1
00001E	9149	BCF TRISB,0,BANKED
	F	 1001 BBBA FFFF FFFF	329
	B	 1001 BBBA 0100 1001	1
	A	 1001 001A 0100 1001	1
000020	9349	BCF TRISB,1,BANKED
	F	 1001 BBBA FFFF FFFF	329
	B	 1001 BBBA 0100 1001	2
	A	 1001 010A 0100 1001	1
000022	9549	BCF TRISB,2,BANKED
	F	 1001 BBBA FFFF FFFF	329
	B	 1001 BBBA 0100 1001	3
	A	 1001 011A 0100 1001	1
000024	9749	BCF TRISB,3,BANKED
	F	 1000 BBBA FFFF FFFF	328
	B	 1000 BBBA 0100 1000	0
	A	 1000 000A 0100 1000	1
000026	8148	BSF TRISA,0,BANKED
	F	 1000 BBBA FFFF FFFF	328
	B	 1000 BBBA 0100 1000	4
	A	 1000 100A 0100 1000	1
000028	8948	BSF TRISA,4,BANKED
	F	 1000 BBBA FFFF FFFF	332
	B	 1000 BBBA 0100 1100	3
	A	 1000 011A 0100 1100	1
00002A	874C	BSF TRISE,3,BANKED
	K	 0000 1110 KKKK KKKK	12
00002C	0E0C	MOVLW 12
	F	 0110 111A FFFF FFFF	1335
	A	 0110 111A 0011 0111	0
00002E	6E37	MOVWF HI2CCURRENTMODE,ACCESS
	K	 0000 0001 00KK KKKK	0
000000	0100	BANKSEL 0
	K	1111 KKKK KKKK KKKK:1110 110S KKKK KKKK	3186
	S	1111 0000 0000 0110:1110 110S 0011 1001	0
000032	EC39 F006	CALL HI2CMODE
	K	1111 KKKK KKKK KKKK:1110 110S KKKK KKKK	2418
	S	1111 0000 0000 0100:1110 110S 1011 1001	0
000036	ECB9 F004	CALL GLCDCLS_SSD1306
	F	 0110 101A FFFF FFFF	1352
	A	 0110 101A 0100 1000	0
00003A	6A48	CLRF PRINTLOCX,ACCESS
	F	 0110 101A FFFF FFFF	1353
	A	 0110 101A 0100 1001	0
00003C	6A49	CLRF PRINTLOCX_H,ACCESS
	F	 0110 101A FFFF FFFF	1354
	A	 0110 101A 0100 1010	0
00003E	6A4A	CLRF PRINTLOCY,ACCESS
	F	 0110 101A FFFF FFFF	1355
	A	 0110 101A 0100 1011	0
000040	6A4B	CLRF PRINTLOCY_H,ACCESS
	F	1110 1110 00FF KKKK:1111 00KK KKKK KKKK	1
	K	1110 1110 0001 KKKK:1111 00KK KKKK KKKK	4333
000042	EE14 F0ED	LFSR 1,SYSSTRINGPARAM1
	K	 0000 1110 KKKK KKKK	222
000046	0EDE	MOVLW LOW STRINGTABLE2
	F	 0110 111A FFFF FFFF	1270
	A	 0110 111A 1111 0110	0
000048	6EF6	MOVWF TBLPTRL,ACCESS
	K	 0000 1110 KKKK KKKK	16
00004A	0E10	MOVLW HIGH STRINGTABLE2
	F	 0110 111A FFFF FFFF	1271
	A	 0110 111A 1111 0111	0
00004C	6EF7	MOVWF TBLPTRH,ACCESS
	K	 0000 1110 KKKK KKKK	0
00004E	0E00	MOVLW UPPER STRINGTABLE2
	F	 0110 111A FFFF FFFF	1272
	A	 0110 111A 1111 1000	0
000050	6EF8	MOVWF TBLPTRU,ACCESS
	K	1111 KKKK KKKK KKKK:1110 110S KKKK KKKK	4280
	S	1111 0000 0000 1000:1110 110S 0101 1100	0
000052	EC5C F008	CALL SYSREADSTRING
	K	 0000 1110 KKKK KKKK	237
000056	0EED	MOVLW LOW SYSSTRINGPARAM1
	F	 0110 111A FFFF FFFF	1367
	A	 0110 111A 0101 0111	0
000058	6E57	MOVWF SYSLCDPRINTDATAHANDLER,ACCESS
	K	 0000 1110 KKKK KKKK	16
00005A	0E10	MOVLW HIGH SYSSTRINGPARAM1
	F	 0110 111A FFFF FFFF	1368
	A	 0110 111A 0101 1000	0
00005C	6E58	MOVWF SYSLCDPRINTDATAHANDLER_H,ACCESS
	K	1111 KKKK KKKK KKKK:1110 110S KKKK KKKK	3056
	S	1111 0000 0000 0101:1110 110S 1111 1000	0
00005E	ECF8 F005	CALL GLCDPRINT5
	K	 0000 1110 KKKK KKKK	4
000062	0E04	MOVLW 4
	F	 0110 111A FFFF FFFF	1284
	A	 0110 111A 0000 0100	0
000064	6E04	MOVWF SYSWAITTEMPS,ACCESS
	N	 1101 1NNN NNNN NNNN	779
000066	DB0B	RCALL DELAY_S
	K	 0000 1110 KKKK KKKK	2
000068	0E02	MOVLW 2
	F	 0110 111A FFFF FFFF	1342
	A	 0110 111A 0011 1110	0
00006A	6E3E	MOVWF LENGTHOFPICTURE,ACCESS
	K	 0000 1110 KKKK KKKK	4
00006C	0E04	MOVLW 4
	F	 0110 111A FFFF FFFF	1343
	A	 0110 111A 0011 1111	0
00006E	6E3F	MOVWF LENGTHOFPICTURE_H,ACCESS
	K	 0000 1110 KKKK KKKK	128
000070	0E80	MOVLW 128
	K	 0000 0001 00KK KKKK	5
000000	0105	BANKSEL WIDTHOFPICTURE
	F	 0110 111A FFFF FFFF	1376
	A	 0110 111A 0110 0000	1
000074	6F60	MOVWF WIDTHOFPICTURE,BANKED
	K	 0000 1110 KKKK KKKK	64
000076	0E40	MOVLW 64
	F	 0110 111A FFFF FFFF	1331
	A	 0110 111A 0011 0011	0
000078	6E33	MOVWF HEIGHTOFPICTURE,ACCESS
	S	1111 DDDD DDDD DDDD:1100 SSSS SSSS SSSS	1331
	D	1111 DDDD DDDD DDDD:1100 0101 0011 0011	1285
00007A	C533 F505	MOVFF HEIGHTOFPICTURE,SYSWORDTEMPA
	F	 0110 101A FFFF FFFF	1286
	A	 0110 101A 0000 0110	0
00007E	6A06	CLRF SYSWORDTEMPA_H,ACCESS
	K	 0000 1110 KKKK KKKK	8
000080	0E08	MOVLW 8
	F	 0110 111A FFFF FFFF	1289
	A	 0110 111A 0000 1001	0
000082	6E09	MOVWF SYSWORDTEMPB,ACCESS
	F	 0110 101A FFFF FFFF	1290
	A	 0110 101A 0000 1010	0
000084	6A0A	CLRF SYSWORDTEMPB_H,ACCESS
	K	 0000 0001 00KK KKKK	0
000000	0100	BANKSEL 0
	K	1111 KKKK KKKK KKKK:1110 110S KKKK KKKK	4142
	S	1111 0000 0000 1000:1110 110S 0001 0111	0
000088	EC17 F008	CALL SYSDIVSUB16
	S	1111 DDDD DDDD DDDD:1100 SSSS SSSS SSSS	1285
	D	1111 DDDD DDDD DDDD:1100 0101 0000 0101	1342
00008C	C505 F53E	MOVFF SYSWORDTEMPA,LENGTHOFPICTURE
	S	1111 DDDD DDDD DDDD:1100 SSSS SSSS SSSS	1286
	D	1111 DDDD DDDD DDDD:1100 0101 0000 0110	1343
000090	C506 F53F	MOVFF SYSWORDTEMPA_H,LENGTHOFPICTURE_H
	S	1111 DDDD DDDD DDDD:1100 SSSS SSSS SSSS	1342
	D	1111 DDDD DDDD DDDD:1100 0101 0011 1110	1285
000094	C53E F505	MOVFF LENGTHOFPICTURE,SYSWORDTEMPA
	S	1111 DDDD DDDD DDDD:1100 SSSS SSSS SSSS	1343
	D	1111 DDDD DDDD DDDD:1100 0101 0011 1111	1286
000098	C53F F506	MOVFF LENGTHOFPICTURE_H,SYSWORDTEMPA_H
	S	1111 DDDD DDDD DDDD:1100 SSSS SSSS SSSS	1376
	D	1111 DDDD DDDD DDDD:1100 0101 0110 0000	1289
00009C	C560 F509	MOVFF WIDTHOFPICTURE,SYSWORDTEMPB
	F	 0110 101A FFFF FFFF	1290
	A	 0110 101A 0000 1010	0
0000A0	6A0A	CLRF SYSWORDTEMPB_H,ACCESS
	K	1111 KKKK KKKK KKKK:1110 110S KKKK KKKK	4246
	S	1111 0000 0000 1000:1110 110S 0100 1011	0
0000A2	EC4B F008	CALL SYSMULTSUB16
	S	1111 DDDD DDDD DDDD:1100 SSSS SSSS SSSS	1280
	D	1111 DDDD DDDD DDDD:1100 0101 0000 0000	1342
0000A6	C500 F53E	MOVFF SYSWORDTEMPX,LENGTHOFPICTURE
	S	1111 DDDD DDDD DDDD:1100 SSSS SSSS SSSS	1281
	D	1111 DDDD DDDD DDDD:1100 0101 0000 0001	1343
0000AA	C501 F53F	MOVFF SYSWORDTEMPX_H,LENGTHOFPICTURE_H
	F	 0110 101A FFFF FFFF	1297
	A	 0110 101A 0001 0001	0
0000AE	6A11	CLRF CHARLOCX,ACCESS
	F	 0110 101A FFFF FFFF	1299
	A	 0110 101A 0001 0011	0
0000B0	6A13	CLRF CHARLOCY,ACCESS
	S	1111 DDDD DDDD DDDD:1100 SSSS SSSS SSSS	1297
	D	1111 DDDD DDDD DDDD:1100 0101 0001 0001	1348
0000B2	C511 F544	MOVFF CHARLOCX,ORGCHARLOCX
	F	 0110 100A FFFF FFFF	1308
	A	 0110 100A 0001 1100	0
0000B6	681C	SETF FIRSTPASS,ACCESS
	K	 0000 1110 KKKK KKKK	2
0000B8	0E02	MOVLW 2
	F	 0110 111A FFFF FFFF	1356
	A	 0110 111A 0100 1100	0
0000BA	6E4C	MOVWF RAM_INDEX,ACCESS
	F	 0110 101A FFFF FFFF	1357
	A	 0110 101A 0100 1101	0
0000BC	6A4D	CLRF RAM_INDEX_H,ACCESS
	K	 0000 1110 KKKK KKKK	3
0000BE	0E03	MOVLW 3
	F	 0010 01DA FFFF FFFF	1342
	D	 0010 01DA 0011 1110	0
	A	 0010 010A 0011 1110	0
0000C0	243E	ADDWF LENGTHOFPICTURE,W,ACCESS
	F	 0110 111A FFFF FFFF	1371
	A	 0110 111A 0101 1011	0
0000C2	6E5B	MOVWF SYSTEMP1,ACCESS
	K	 0000 1110 KKKK KKKK	0
0000C4	0E00	MOVLW 0
	F	 0010 00DA FFFF FFFF	1343
	D	 0010 00DA 0011 1111	0
	A	 0010 000A 0011 1111	0
0000C6	203F	ADDWFC LENGTHOFPICTURE_H,W,ACCESS
	F	 0110 111A FFFF FFFF	1372
	A	 0110 111A 0101 1100	0
0000C8	6E5C	MOVWF SYSTEMP1_H,ACCESS
	K	 0000 1110 KKKK KKKK	3
0000CA	0E03	MOVLW 3
	F	 0110 111A FFFF FFFF	1289
	A	 0110 111A 0000 1001	0
0000CC	6E09	MOVWF SYSWORDTEMPB,ACCESS
	F	 0110 101A FFFF FFFF	1290
	A	 0110 101A 0000 1010	0
0000CE	6A0A	CLRF SYSWORDTEMPB_H,ACCESS
	S	1111 DDDD DDDD DDDD:1100 SSSS SSSS SSSS	1371
	D	1111 DDDD DDDD DDDD:1100 0101 0101 1011	1285
0000D0	C55B F505	MOVFF SYSTEMP1,SYSWORDTEMPA
	S	1111 DDDD DDDD DDDD:1100 SSSS SSSS SSSS	1372
	D	1111 DDDD DDDD DDDD:1100 0101 0101 1100	1286
0000D4	C55C F506	MOVFF SYSTEMP1_H,SYSWORDTEMPA_H
	K	1111 KKKK KKKK KKKK:1110 110S KKKK KKKK	4114
	S	1111 0000 0000 1000:1110 110S 0000 1001	0
0000D8	EC09 F008	CALL SYSCOMPLESSTHAN16
	F	 1011 BBBA FFFF FFFF	1280
	B	 1011 BBBA 0000 0000	0
	A	 1011 000A 0000 0000	0
0000DC	B000	BTFSC SYSBYTETEMPX,0,ACCESS
	N	 1101 0NNN NNNN NNNN	128
0000DE	D080	BRA SYSFORLOOPEND1
		SYSFORLOOP1
	F	 0010 10DA FFFF FFFF	1356
	D	 0010 10DA 0100 1100	1
	A	 0010 101A 0100 1100	0
0000E0	2A4C	INCF RAM_INDEX,F,ACCESS
	F	 1011 BBBA FFFF FFFF	1240
	B	 1011 BBBA 1101 1000	2
	A	 1011 010A 1101 1000	0
0000E2	B4D8	BTFSC STATUS,Z,ACCESS
	F	 0010 10DA FFFF FFFF	1357
	D	 0010 10DA 0100 1101	1
	A	 0010 101A 0100 1101	0
0000E4	2A4D	INCF RAM_INDEX_H,F,ACCESS
	S	1111 DDDD DDDD DDDD:1100 SSSS SSSS SSSS	1356
	D	1111 DDDD DDDD DDDD:1100 0101 0100 1100	1287
0000E6	C54C F507	MOVFF RAM_INDEX,SYSSTRINGA
	S	1111 DDDD DDDD DDDD:1100 SSSS SSSS SSSS	1357
	D	1111 DDDD DDDD DDDD:1100 0101 0100 1101	1288
0000EA	C54D F508	MOVFF RAM_INDEX_H,SYSSTRINGA_H
	N	 1101 1NNN NNNN NNNN	122
0000EE	D87A	RCALL ANOBIUMFULL
	F	 0110 111A FFFF FFFF	1307
	A	 0110 111A 0001 1011	0
0000F0	6E1B	MOVWF CURRCHARVAL,ACCESS
	K	 0000 1110 KKKK KKKK	3
0000F2	0E03	MOVLW 3
	F	 0101 11DA FFFF FFFF	1356
	D	 0101 11DA 0100 1100	0
	A	 0101 110A 0100 1100	0
0000F4	5C4C	SUBWF RAM_INDEX,W,ACCESS
	F	 0110 111A FFFF FFFF	1371
	A	 0110 111A 0101 1011	0
0000F6	6E5B	MOVWF SYSTEMP1,ACCESS
	K	 0000 1110 KKKK KKKK	0
0000F8	0E00	MOVLW 0
	F	 0101 10DA FFFF FFFF	1357
	D	 0101 10DA 0100 1101	0
	A	 0101 100A 0100 1101	0
0000FA	584D	SUBWFB RAM_INDEX_H,W,ACCESS
	F	 0110 111A FFFF FFFF	1372
	A	 0110 111A 0101 1100	0
0000FC	6E5C	MOVWF SYSTEMP1_H,ACCESS
	S	1111 DDDD DDDD DDDD:1100 SSSS SSSS SSSS	1371
	D	1111 DDDD DDDD DDDD:1100 0101 0101 1011	1285
0000FE	C55B F505	MOVFF SYSTEMP1,SYSWORDTEMPA
	S	1111 DDDD DDDD DDDD:1100 SSSS SSSS SSSS	1372
	D	1111 DDDD DDDD DDDD:1100 0101 0101 1100	1286
000102	C55C F506	MOVFF SYSTEMP1_H,SYSWORDTEMPA_H
	S	1111 DDDD DDDD DDDD:1100 SSSS SSSS SSSS	1376
	D	1111 DDDD DDDD DDDD:1100 0101 0110 0000	1289
000106	C560 F509	MOVFF WIDTHOFPICTURE,SYSWORDTEMPB
	F	 0110 101A FFFF FFFF	1290
	A	 0110 101A 0000 1010	0
00010A	6A0A	CLRF SYSWORDTEMPB_H,ACCESS
	K	1111 KKKK KKKK KKKK:1110 110S KKKK KKKK	4142
	S	1111 0000 0000 1000:1110 110S 0001 0111	0
00010C	EC17 F008	CALL SYSDIVSUB16
	S	1111 DDDD DDDD DDDD:1100 SSSS SSSS SSSS	1280
	D	1111 DDDD DDDD DDDD:1100 0101 0000 0000	1373
000110	C500 F55D	MOVFF SYSWORDTEMPX,SYSTEMP2
	S	1111 DDDD DDDD DDDD:1100 SSSS SSSS SSSS	1281
	D	1111 DDDD DDDD DDDD:1100 0101 0000 0001	1374
000114	C501 F55E	MOVFF SYSWORDTEMPX_H,SYSTEMP2_H
	S	1111 DDDD DDDD DDDD:1100 SSSS SSSS SSSS	1373
	D	1111 DDDD DDDD DDDD:1100 0101 0101 1101	1285
000118	C55D F505	MOVFF SYSTEMP2,SYSWORDTEMPA
	S	1111 DDDD DDDD DDDD:1100 SSSS SSSS SSSS	1374
	D	1111 DDDD DDDD DDDD:1100 0101 0101 1110	1286
00011C	C55E F506	MOVFF SYSTEMP2_H,SYSWORDTEMPA_H
	F	 0110 101A FFFF FFFF	1289
	A	 0110 101A 0000 1001	0
000120	6A09	CLRF SYSWORDTEMPB,ACCESS
	F	 0110 101A FFFF FFFF	1290
	A	 0110 101A 0000 1010	0
000122	6A0A	CLRF SYSWORDTEMPB_H,ACCESS
	K	1111 KKKK KKKK KKKK:1110 110S KKKK KKKK	4086
	S	1111 0000 0000 0111:1110 110S 1111 1011	0
000124	ECFB F007	CALL SYSCOMPEQUAL16
	S	1111 DDDD DDDD DDDD:1100 SSSS SSSS SSSS	1280
	D	1111 DDDD DDDD DDDD:1100 0101 0000 0000	1371
000128	C500 F55B	MOVFF SYSBYTETEMPX,SYSTEMP1
	S	1111 DDDD DDDD DDDD:1100 SSSS SSSS SSSS	1308
	D	1111 DDDD DDDD DDDD:1100 0101 0001 1100	1285
00012C	C51C F505	MOVFF FIRSTPASS,SYSBYTETEMPA
	F	 0110 101A FFFF FFFF	1289
	A	 0110 101A 0000 1001	0
000130	6A09	CLRF SYSBYTETEMPB,ACCESS
	K	1111 KKKK KKKK KKKK:1110 110S KKKK KKKK	4076
	S	1111 0000 0000 0111:1110 110S 1111 0110	0
000132	ECF6 F007	CALL SYSCOMPEQUAL
	F	 0101 00DA FFFF FFFF	1371
	D	 0101 00DA 0101 1011	0
	A	 0101 000A 0101 1011	0
000136	505B	MOVF SYSTEMP1,W,ACCESS
	F	 0001 01DA FFFF FFFF	1280
	D	 0001 01DA 0000 0000	0
	A	 0001 010A 0000 0000	0
000138	1400	ANDWF SYSBYTETEMPX,W,ACCESS
	F	 0110 111A FFFF FFFF	1373
	A	 0110 111A 0101 1101	0
00013A	6E5D	MOVWF SYSTEMP2,ACCESS
	F	 1010 BBBA FFFF FFFF	1373
	B	 1010 BBBA 0101 1101	0
	A	 1010 000A 0101 1101	0
00013C	A05D	BTFSS SYSTEMP2,0,ACCESS
	N	 1101 0NNN NNNN NNNN	4
00013E	D004	BRA ENDIF2
	K	 0000 1110 KKKK KKKK	8
000140	0E08	MOVLW 8
	F	 0010 01DA FFFF FFFF	1299
	D	 0010 01DA 0001 0011	1
	A	 0010 011A 0001 0011	0
000142	2613	ADDWF CHARLOCY,F,ACCESS
	S	1111 DDDD DDDD DDDD:1100 SSSS SSSS SSSS	1348
	D	1111 DDDD DDDD DDDD:1100 0101 0100 0100	1297
000144	C544 F511	MOVFF ORGCHARLOCX,CHARLOCX
		ENDIF2
	F	 0110 100A FFFF FFFF	1306
	A	 0110 100A 0001 1010	0
000148	681A	SETF CURRCHARROW,ACCESS
		SYSFORLOOP2
	F	 0010 10DA FFFF FFFF	1306
	D	 0010 10DA 0001 1010	1
	A	 0010 101A 0001 1010	0
00014A	2A1A	INCF CURRCHARROW,F,ACCESS
	F	 0101 00DA FFFF FFFF	1306
	D	 0101 00DA 0001 1010	0
	A	 0101 000A 0001 1010	0
00014C	501A	MOVF CURRCHARROW,W,ACCESS
	F	 0010 01DA FFFF FFFF	1299
	D	 0010 01DA 0001 0011	0
	A	 0010 010A 0001 0011	0
00014E	2413	ADDWF CHARLOCY,W,ACCESS
	F	 0110 111A FFFF FFFF	1371
	A	 0110 111A 0101 1011	0
000150	6E5B	MOVWF SYSTEMP1,ACCESS
	S	1111 DDDD DDDD DDDD:1100 SSSS SSSS SSSS	1371
	D	1111 DDDD DDDD DDDD:1100 0101 0101 1011	1285
000152	C55B F505	MOVFF SYSTEMP1,SYSBYTETEMPA
	K	 0000 1110 KKKK KKKK	64
000156	0E40	MOVLW 64
	F	 0110 111A FFFF FFFF	1289
	A	 0110 111A 0000 1001	0
000158	6E09	MOVWF SYSBYTETEMPB,ACCESS
	K	1111 KKKK KKKK KKKK:1110 110S KKKK KKKK	4104
	S	1111 0000 0000 1000:1110 110S 0000 0100	0
00015A	EC04 F008	CALL SYSCOMPLESSTHAN
	S	1111 DDDD DDDD DDDD:1100 SSSS SSSS SSSS	1280
	D	1111 DDDD DDDD DDDD:1100 0101 0000 0000	1373
00015E	C500 F55D	MOVFF SYSBYTETEMPX,SYSTEMP2
	S	1111 DDDD DDDD DDDD:1100 SSSS SSSS SSSS	1297
	D	1111 DDDD DDDD DDDD:1100 0101 0001 0001	1285
000162	C511 F505	MOVFF CHARLOCX,SYSBYTETEMPA
	K	 0000 1110 KKKK KKKK	128
000166	0E80	MOVLW 128
	F	 0110 111A FFFF FFFF	1289
	A	 0110 111A 0000 1001	0
000168	6E09	MOVWF SYSBYTETEMPB,ACCESS
	K	1111 KKKK KKKK KKKK:1110 110S KKKK KKKK	4104
	S	1111 0000 0000 1000:1110 110S 0000 0100	0
00016A	EC04 F008	CALL SYSCOMPLESSTHAN
	S	1111 DDDD DDDD DDDD:1100 SSSS SSSS SSSS	1280
	D	1111 DDDD DDDD DDDD:1100 0101 0000 0000	1371
00016E	C500 F55B	MOVFF SYSBYTETEMPX,SYSTEMP1
	F	 0101 00DA FFFF FFFF	1373
	D	 0101 00DA 0101 1101	0
	A	 0101 000A 0101 1101	0
000172	505D	MOVF SYSTEMP2,W,ACCESS
	F	 0001 01DA FFFF FFFF	1371
	D	 0001 01DA 0101 1011	0
	A	 0001 010A 0101 1011	0
000174	145B	ANDWF SYSTEMP1,W,ACCESS
	F	 0110 111A FFFF FFFF	1375
	A	 0110 111A 0101 1111	0
000176	6E5F	MOVWF SYSTEMP3,ACCESS
	F	 1010 BBBA FFFF FFFF	1375
	B	 1010 BBBA 0101 1111	0
	A	 1010 000A 0101 1111	0
000178	A05F	BTFSS SYSTEMP3,0,ACCESS
	N	 1101 0NNN NNNN NNNN	25
00017A	D019	BRA ENDIF3
	F	 1011 BBBA FFFF FFFF	1307
	B	 1011 BBBA 0001 1011	0
	A	 1011 000A 0001 1011	0
00017C	B01B	BTFSC CURRCHARVAL,0,ACCESS
	N	 1101 0NNN NNNN NNNN	12
00017E	D00C	BRA ELSE6_1
	S	1111 DDDD DDDD DDDD:1100 SSSS SSSS SSSS	1297
	D	1111 DDDD DDDD DDDD:1100 0101 0001 0001	1327
000180	C511 F52F	MOVFF CHARLOCX,GLCDX
	F	 0101 00DA FFFF FFFF	1306
	D	 0101 00DA 0001 1010	0
	A	 0101 000A 0001 1010	0
000184	501A	MOVF CURRCHARROW,W,ACCESS
	F	 0010 01DA FFFF FFFF	1299
	D	 0010 01DA 0001 0011	0
	A	 0010 010A 0001 0011	0
000186	2413	ADDWF CHARLOCY,W,ACCESS
	F	 0110 111A FFFF FFFF	1328
	A	 0110 111A 0011 0000	0
000188	6E30	MOVWF GLCDY,ACCESS
	S	1111 DDDD DDDD DDDD:1100 SSSS SSSS SSSS	1309
	D	1111 DDDD DDDD DDDD:1100 0101 0001 1101	1313
00018A	C51D F521	MOVFF GLCDBACKGROUND,GLCDCOLOUR
	S	1111 DDDD DDDD DDDD:1100 SSSS SSSS SSSS	1310
	D	1111 DDDD DDDD DDDD:1100 0101 0001 1110	1314
00018E	C51E F522	MOVFF GLCDBACKGROUND_H,GLCDCOLOUR_H
	K	1111 KKKK KKKK KKKK:1110 110S KKKK KKKK	3818
	S	1111 0000 0000 0111:1110 110S 0111 0101	0
000192	EC75 F007	CALL PSET_SSD1306
	N	 1101 0NNN NNNN NNNN	11
000196	D00B	BRA ENDIF6
		ELSE6_1
	S	1111 DDDD DDDD DDDD:1100 SSSS SSSS SSSS	1297
	D	1111 DDDD DDDD DDDD:1100 0101 0001 0001	1327
000198	C511 F52F	MOVFF CHARLOCX,GLCDX
	F	 0101 00DA FFFF FFFF	1306
	D	 0101 00DA 0001 1010	0
	A	 0101 000A 0001 1010	0
00019C	501A	MOVF CURRCHARROW,W,ACCESS
	F	 0010 01DA FFFF FFFF	1299
	D	 0010 01DA 0001 0011	0
	A	 0010 010A 0001 0011	0
00019E	2413	ADDWF CHARLOCY,W,ACCESS
	F	 0110 111A FFFF FFFF	1328
	A	 0110 111A 0011 0000	0
0001A0	6E30	MOVWF GLCDY,ACCESS
	S	1111 DDDD DDDD DDDD:1100 SSSS SSSS SSSS	1320
	D	1111 DDDD DDDD DDDD:1100 0101 0010 1000	1313
0001A2	C528 F521	MOVFF GLCDFOREGROUND,GLCDCOLOUR
	S	1111 DDDD DDDD DDDD:1100 SSSS SSSS SSSS	1321
	D	1111 DDDD DDDD DDDD:1100 0101 0010 1001	1314
0001A6	C529 F522	MOVFF GLCDFOREGROUND_H,GLCDCOLOUR_H
	K	1111 KKKK KKKK KKKK:1110 110S KKKK KKKK	3818
	S	1111 0000 0000 0111:1110 110S 0111 0101	0
0001AA	EC75 F007	CALL PSET_SSD1306
		ENDIF6
		ENDIF3
	F	 0011 00DA FFFF FFFF	1307
	D	 0011 00DA 0001 1011	1
	A	 0011 001A 0001 1011	0
0001AE	321B	RRCF CURRCHARVAL,F,ACCESS
	K	 0000 1110 KKKK KKKK	7
0001B0	0E07	MOVLW 7
	F	 0101 11DA FFFF FFFF	1306
	D	 0101 11DA 0001 1010	0
	A	 0101 110A 0001 1010	0
0001B2	5C1A	SUBWF CURRCHARROW,W,ACCESS
	F	 1010 BBBA FFFF FFFF	1240
	B	 1010 BBBA 1101 1000	0
	A	 1010 000A 1101 1000	0
0001B4	A0D8	BTFSS STATUS, C,ACCESS
	N	 1101 0NNN NNNN NNNN	1993
0001B6	D7C9	BRA SYSFORLOOP2
		SYSFORLOOPEND2
	F	 0110 101A FFFF FFFF	1308
	A	 0110 101A 0001 1100	0
0001B8	6A1C	CLRF FIRSTPASS,ACCESS
	F	 0010 10DA FFFF FFFF	1297
	D	 0010 10DA 0001 0001	1
	A	 0010 101A 0001 0001	0
0001BA	2A11	INCF CHARLOCX,F,ACCESS
	K	 0000 1110 KKKK KKKK	3
0001BC	0E03	MOVLW 3
	F	 0010 01DA FFFF FFFF	1342
	D	 0010 01DA 0011 1110	0
	A	 0010 010A 0011 1110	0
0001BE	243E	ADDWF LENGTHOFPICTURE,W,ACCESS
	F	 0110 111A FFFF FFFF	1371
	A	 0110 111A 0101 1011	0
0001C0	6E5B	MOVWF SYSTEMP1,ACCESS
	K	 0000 1110 KKKK KKKK	0
0001C2	0E00	MOVLW 0
	F	 0010 00DA FFFF FFFF	1343
	D	 0010 00DA 0011 1111	0
	A	 0010 000A 0011 1111	0
0001C4	203F	ADDWFC LENGTHOFPICTURE_H,W,ACCESS
	F	 0110 111A FFFF FFFF	1372
	A	 0110 111A 0101 1100	0
0001C6	6E5C	MOVWF SYSTEMP1_H,ACCESS
	S	1111 DDDD DDDD DDDD:1100 SSSS SSSS SSSS	1356
	D	1111 DDDD DDDD DDDD:1100 0101 0100 1100	1285
0001C8	C54C F505	MOVFF RAM_INDEX,SYSWORDTEMPA
	S	1111 DDDD DDDD DDDD:1100 SSSS SSSS SSSS	1357
	D	1111 DDDD DDDD DDDD:1100 0101 0100 1101	1286
0001CC	C54D F506	MOVFF RAM_INDEX_H,SYSWORDTEMPA_H
	S	1111 DDDD DDDD DDDD:1100 SSSS SSSS SSSS	1371
	D	1111 DDDD DDDD DDDD:1100 0101 0101 1011	1289
0001D0	C55B F509	MOVFF SYSTEMP1,SYSWORDTEMPB
	S	1111 DDDD DDDD DDDD:1100 SSSS SSSS SSSS	1372
	D	1111 DDDD DDDD DDDD:1100 0101 0101 1100	1290
0001D4	C55C F50A	MOVFF SYSTEMP1_H,SYSWORDTEMPB_H
	K	1111 KKKK KKKK KKKK:1110 110S KKKK KKKK	4114
	S	1111 0000 0000 1000:1110 110S 0000 1001	0
0001D8	EC09 F008	CALL SYSCOMPLESSTHAN16
	F	 1011 BBBA FFFF FFFF	1280
	B	 1011 BBBA 0000 0000	0
	A	 1011 000A 0000 0000	0
0001DC	B000	BTFSC SYSBYTETEMPX,0,ACCESS
	N	 1101 0NNN NNNN NNNN	1920
0001DE	D780	BRA SYSFORLOOP1
		SYSFORLOOPEND1
		BASPROGRAMEND
0001E0	0003	SLEEP
	N	 1101 0NNN NNNN NNNN	2046
0001E2	D7FE	BRA BASPROGRAMEND


		ANOBIUMFULL
	S	1111 DDDD DDDD DDDD:1100 SSSS SSSS SSSS	1287
	D	1111 DDDD DDDD DDDD:1100 0101 0000 0111	1285
0001E4	C507 F505	MOVFF SYSSTRINGA,SYSWORDTEMPA
	S	1111 DDDD DDDD DDDD:1100 SSSS SSSS SSSS	1288
	D	1111 DDDD DDDD DDDD:1100 0101 0000 1000	1286
0001E8	C508 F506	MOVFF SYSSTRINGA_H,SYSWORDTEMPA_H
	K	 0000 1110 KKKK KKKK	191
0001EC	0EBF	MOVLW 191
	F	 0110 111A FFFF FFFF	1289
	A	 0110 111A 0000 1001	0
0001EE	6E09	MOVWF SYSWORDTEMPB,ACCESS
	K	 0000 1110 KKKK KKKK	3
0001F0	0E03	MOVLW 3
	F	 0110 111A FFFF FFFF	1290
	A	 0110 111A 0000 1010	0
0001F2	6E0A	MOVWF SYSWORDTEMPB_H,ACCESS
	K	1111 KKKK KKKK KKKK:1110 110S KKKK KKKK	4114
	S	1111 0000 0000 1000:1110 110S 0000 1001	0
0001F4	EC09 F008	CALL SYSCOMPLESSTHAN16
	F	 1010 BBBA FFFF FFFF	1280
	B	 1010 BBBA 0000 0000	0
	A	 1010 000A 0000 0000	0
0001F8	A000	BTFSS SYSBYTETEMPX,0,ACCESS
	K	 0000 1100 KKKK KKKK	0
0001FA	0C00	RETLW 0
	F	 0101 00DA FFFF FFFF	1287
	D	 0101 00DA 0000 0111	0
	A	 0101 000A 0000 0111	0
0001FC	5007	MOVF SYSSTRINGA, W,ACCESS
	K	 0000 1111 KKKK KKKK	22
0001FE	0F16	ADDLW LOW TABLEANOBIUMFULL
	F	 0110 111A FFFF FFFF	1270
	A	 0110 111A 1111 0110	0
000200	6EF6	MOVWF TBLPTRL,ACCESS
	K	 0000 1110 KKKK KKKK	2
000202	0E02	MOVLW HIGH TABLEANOBIUMFULL
	F	 0010 00DA FFFF FFFF	1288
	D	 0010 00DA 0000 1000	0
	A	 0010 000A 0000 1000	0
000204	2008	ADDWFC SYSSTRINGA_H, W,ACCESS
	F	 0110 111A FFFF FFFF	1271
	A	 0110 111A 1111 0111	0
000206	6EF7	MOVWF TBLPTRH,ACCESS
	K	 0000 1110 KKKK KKKK	0
000208	0E00	MOVLW UPPER TABLEANOBIUMFULL
	F	 1011 BBBA FFFF FFFF	1240
	B	 1011 BBBA 1101 1000	0
	A	 1011 000A 1101 1000	0
00020A	B0D8	BTFSC STATUS, C,ACCESS
	K	 0000 1111 KKKK KKKK	1
00020C	0F01	ADDLW 1
	F	 0110 111A FFFF FFFF	1272
	A	 0110 111A 1111 1000	0
00020E	6EF8	MOVWF TBLPTRU,ACCESS
000210	0008	TBLRD*
	F	 0101 00DA FFFF FFFF	1269
	D	 0101 00DA 1111 0101	0
	A	 0101 000A 1111 0101	0
000212	50F5	MOVF TABLAT, W,ACCESS
	S	 0000 0000 0001 001S	0
000214	0012	RETURN
		TABLEANOBIUMFULL
000216	8002 0040 8000 0000 0000 0000 0000 0000 0000 0000 0000 0000 0000 0000 0000 0000 0000 0000	RAW 8002,0040,8000,0000,0000,0000,0000,0000,0000,0000,0000,0000,0000,0000,0000,0000,0000,0000
00023A	F080 E79C 0E38 0000 0000 0000 0000 0000 0000 0000 0000 0000 0000 0000 0000 0000 0000 0000	RAW F080,E79C,0E38,0000,0000,0000,0000,0000,0000,0000,0000,0000,0000,0000,0000,0000,0000,0000
00025E	0000 0000 0000 0000 0000 0000 0000 0000 0000 0000 0000 0000 0000 0000 0000 0000 0000 0000 0000 0000	RAW 0000,0000,0000,0000,0000,0000,0000,0000,0000,0000,0000,0000,0000,0000,0000,0000,0000,0000,0000,0000
000286	0000 0000 0000 0000 0000 0000 0000 0000 0000 0200 0D06 1E0B 6834 F0D8 C060 8080	RAW 0000,0000,0000,0000,0000,0000,0000,0000,0000,0200,0D06,1E0B,6834,F0D8,C060,8080
0002A6	C080 40C0 6040 6060 2020 3020 1030 1010 1818 0E08 7E1B 80E3 0000	RAW C080,40C0,6040,6060,2020,3020,1030,1010,1818,0E08,7E1B,80E3,0000
0002C0	0000 0000 0000 0000 0000 0000 0000 0000 0000 0000 0000 0000 0000 0000 0000 0000 0000 0000 0000 0000	RAW 0000,0000,0000,0000,0000,0000,0000,0000,0000,0000,0000,0000,0000,0000,0000,0000,0000,0000,0000,0000
0002E8	0000 0000 0000 0000 0000 0000 0000 0000 0000 0000 0000 0000 0000 0000 0000 0000 0000 0000 0000 0000	RAW 0000,0000,0000,0000,0000,0000,0000,0000,0000,0000,0000,0000,0000,0000,0000,0000,0000,0000,0000,0000
000310	0000 0000 0000 0000 0000 0000 0000 0000 0100 00FF 0000 0000 0000 0000 0000 0000 0000 0000 0000 0000	RAW 0000,0000,0000,0000,0000,0000,0000,0000,0100,00FF,0000,0000,0000,0000,0000,0000,0000,0000,0000,0000
000338	0000 0000 0300 0C07 7038 80C0 0000 0000 0000 0000 0000 0000 0000 0000 0000 0000 0000 0000	RAW 0000,0000,0300,0C07,7038,80C0,0000,0000,0000,0000,0000,0000,0000,0000,0000,0000,0000,0000
00035C	0000 0000 0000 0000 0000 0000 0000 0000 0000 0000 0000 0000 0000 0000 0000 0000 0000 0000 0000 0000	RAW 0000,0000,0000,0000,0000,0000,0000,0000,0000,0000,0000,0000,0000,0000,0000,0000,0000,0000,0000,0000
000384	0000 0000 0000 0000 0000 0000 0000 0000 0000 0000 0000 0000 0000 0000 0000 00FF 0000 0000 0000 0000	RAW 0000,0000,0000,0000,0000,0000,0000,0000,0000,0000,0000,0000,0000,0000,0000,00FF,0000,0000,0000,0000
0003AC	0000 0000 0000 0000 0000 0000 0000 0000 0000 0000 0000 0301 1C06 E0B0 0000 0000 0000 0000 0000	RAW 0000,0000,0000,0000,0000,0000,0000,0000,0000,0000,0000,0301,1C06,E0B0,0000,0000,0000,0000,0000
0003D2	0000 0000 0000 0000 0000 0000 0000 0000 0000 0000 0000 0000 0000 0000 0000 0000 0000 0000 0000 0000	RAW 0000,0000,0000,0000,0000,0000,0000,0000,0000,0000,0000,0000,0000,0000,0000,0000,0000,0000,0000,0000
0003FA	0000 0000 0000 0000 0000 0000 0000 0000 0000 0000 0000 0000 0000 0000 0000 0000 0000 0000 0000 0000	RAW 0000,0000,0000,0000,0000,0000,0000,0000,0000,0000,0000,0000,0000,0000,0000,0000,0000,0000,0000,0000
000422	603F C040 8080 0080 0000 0000 0000 0000 0000 0000 0000 0000 0000 0000 C080 70E0	RAW 603F,C040,8080,0080,0000,0000,0000,0000,0000,0000,0000,0000,0000,0000,C080,70E0
000442	0C18 0306 0001 0000 0000 0000 0000 0000 0000 0000 0000 0000 0000 0000 0000 0000 0000 0000 0000 0000	RAW 0C18,0306,0001,0000,0000,0000,0000,0000,0000,0000,0000,0000,0000,0000,0000,0000,0000,0000,0000,0000
00046A	0000 0000 0000 0000 0000 0000 0000 0000 0000 0000 0000 0000 0000 0000 0000 0000 0000 0000 0000 0000	RAW 0000,0000,0000,0000,0000,0000,0000,0000,0000,0000,0000,0000,0000,0000,0000,0000,0000,0000,0000,0000
000492	0000 0000 0000 0000 0000 0000 0000 0000 0000 0000 0100 0101 0203 0606 0C04 1808 1018 2030	RAW 0000,0000,0000,0000,0000,0000,0000,0000,0000,0000,0100,0101,0203,0606,0C04,1808,1018,2030
0004B6	6060 6040 1830 060C 0103 0000 0000 0000 0000 0000 0000 0000 0000 0000 0000 0000 0000 0000	RAW 6060,6040,1830,060C,0103,0000,0000,0000,0000,0000,0000,0000,0000,0000,0000,0000,0000,0000
0004DA	0000 0000 0000 0000 0000 0000 0000 0000 0000 0000 0000 0000 0000 0000 0000 0000 0000 0000 0000 0000	RAW 0000,0000,0000,0000,0000,0000,0000,0000,0000,0000,0000,0000,0000,0000,0000,0000,0000,0000,0000,0000
000502	0000 0000 0000 0000 0000 0000 0000 0000 0000 0000 0000 0000 0000 0000 B0C0 818E B08E	RAW 0000,0000,0000,0000,0000,0000,0000,0000,0000,0000,0000,0000,0000,0000,B0C0,818E,B08E
000524	00C0 F800 0810 0808 00F0 F000 0808 0808 00F0 FF00 0810 0808 00F0 F900 0000	RAW 00C0,F800,0810,0808,00F0,F000,0808,0808,00F0,FF00,0810,0808,00F0,F900,0000
000542	00F8 0000 F800 0000 10F8 0808 F008 0810 0808 00F0 0000 0000 0000 0000 0000 0000 0000	RAW 00F8,0000,F800,0000,10F8,0808,F008,0810,0808,00F0,0000,0000,0000,0000,0000,0000,0000
000564	0000 0000 0000 0000 0000 0000 0000 0000 0000 0000 0000 0000 0000 0000 0000 0000 0000 0000 0000 0000	RAW 0000,0000,0000,0000,0000,0000,0000,0000,0000,0000,0000,0000,0000,0000,0000,0000,0000,0000,0000,0000
00058C	0000 0000 0000 0000 0000 0000 0000 0000 0600 0001 0000 0000 0601 0700 0000 0000 0007 0300 0404 0404	RAW 0000,0000,0000,0000,0000,0000,0000,0000,0600,0001,0000,0000,0601,0700,0000,0000,0007,0300,0404,0404
0005B4	0003 0700 0402 0404 0003 0700 0000 0403 0404 0702 0000 0007 0000 0700 0000 0000 0007	RAW 0003,0700,0402,0404,0003,0700,0000,0403,0404,0702,0000,0007,0000,0700,0000,0000,0007


		ANOBIUMFULL_H
	S	1111 DDDD DDDD DDDD:1100 SSSS SSSS SSSS	1287
	D	1111 DDDD DDDD DDDD:1100 0101 0000 0111	1285
0005D6	C507 F505	MOVFF SYSSTRINGA,SYSWORDTEMPA
	S	1111 DDDD DDDD DDDD:1100 SSSS SSSS SSSS	1288
	D	1111 DDDD DDDD DDDD:1100 0101 0000 1000	1286
0005DA	C508 F506	MOVFF SYSSTRINGA_H,SYSWORDTEMPA_H
	K	 0000 1110 KKKK KKKK	1
0005DE	0E01	MOVLW 1
	F	 0110 111A FFFF FFFF	1289
	A	 0110 111A 0000 1001	0
0005E0	6E09	MOVWF SYSWORDTEMPB,ACCESS
	F	 0110 101A FFFF FFFF	1290
	A	 0110 101A 0000 1010	0
0005E2	6A0A	CLRF SYSWORDTEMPB_H,ACCESS
	K	1111 KKKK KKKK KKKK:1110 110S KKKK KKKK	4114
	S	1111 0000 0000 1000:1110 110S 0000 1001	0
0005E4	EC09 F008	CALL SYSCOMPLESSTHAN16
	F	 1010 BBBA FFFF FFFF	1280
	B	 1010 BBBA 0000 0000	0
	A	 1010 000A 0000 0000	0
0005E8	A000	BTFSS SYSBYTETEMPX,0,ACCESS
	K	 0000 1100 KKKK KKKK	0
0005EA	0C00	RETLW 0
	F	 0101 00DA FFFF FFFF	1287
	D	 0101 00DA 0000 0111	0
	A	 0101 000A 0000 0111	0
0005EC	5007	MOVF SYSSTRINGA, W,ACCESS
	K	 0000 1111 KKKK KKKK	6
0005EE	0F06	ADDLW LOW TABLEANOBIUMFULL_H
	F	 0110 111A FFFF FFFF	1270
	A	 0110 111A 1111 0110	0
0005F0	6EF6	MOVWF TBLPTRL,ACCESS
	K	 0000 1110 KKKK KKKK	6
0005F2	0E06	MOVLW HIGH TABLEANOBIUMFULL_H
	F	 0010 00DA FFFF FFFF	1288
	D	 0010 00DA 0000 1000	0
	A	 0010 000A 0000 1000	0
0005F4	2008	ADDWFC SYSSTRINGA_H, W,ACCESS
	F	 0110 111A FFFF FFFF	1271
	A	 0110 111A 1111 0111	0
0005F6	6EF7	MOVWF TBLPTRH,ACCESS
	K	 0000 1110 KKKK KKKK	0
0005F8	0E00	MOVLW UPPER TABLEANOBIUMFULL_H
	F	 1011 BBBA FFFF FFFF	1240
	B	 1011 BBBA 1101 1000	0
	A	 1011 000A 1101 1000	0
0005FA	B0D8	BTFSC STATUS, C,ACCESS
	K	 0000 1111 KKKK KKKK	1
0005FC	0F01	ADDLW 1
	F	 0110 111A FFFF FFFF	1272
	A	 0110 111A 1111 1000	0
0005FE	6EF8	MOVWF TBLPTRU,ACCESS
000600	0008	TBLRD*
	F	 0101 00DA FFFF FFFF	1269
	D	 0101 00DA 1111 0101	0
	A	 0101 000A 1111 0101	0
000602	50F5	MOVF TABLAT, W,ACCESS
	S	 0000 0000 0001 001S	0
000604	0012	RETURN
		TABLEANOBIUMFULL_H
000606	0004	RAW 0004


		CURSOR_POSITION_SSD1306
	S	1111 DDDD DDDD DDDD:1100 SSSS SSSS SSSS	1347
	D	1111 DDDD DDDD DDDD:1100 0101 0100 0011	1351
000608	C543 F547	MOVFF LOCY,POSCHARY
	K	 0000 1110 KKKK KKKK	3
00060C	0E03	MOVLW 3
	F	 0110 111A FFFF FFFF	1370
	A	 0110 111A 0101 1010	0
00060E	6E5A	MOVWF SYSREPEATTEMP4,ACCESS
		SYSREPEATLOOP4
	F	 1001 BBBA FFFF FFFF	1240
	B	 1001 BBBA 1101 1000	0
	A	 1001 000A 1101 1000	0
000610	90D8	BCF STATUS,C,ACCESS
	F	 0011 00DA FFFF FFFF	1351
	D	 0011 00DA 0100 0111	1
	A	 0011 001A 0100 0111	0
000612	3247	RRCF POSCHARY,F,ACCESS
	F	 0010 11DA FFFF FFFF	1370
	D	 0010 11DA 0101 1010	1
	A	 0010 111A 0101 1010	0
000614	2E5A	DECFSZ SYSREPEATTEMP4,F,ACCESS
	N	 1101 0NNN NNNN NNNN	2044
000616	D7FC	BRA SYSREPEATLOOP4
		SYSREPEATLOOPEND4
	K	 0000 1110 KKKK KKKK	176
000618	0EB0	MOVLW 176
	F	 0010 01DA FFFF FFFF	1351
	D	 0010 01DA 0100 0111	0
	A	 0010 010A 0100 0111	0
00061A	2447	ADDWF POSCHARY,W,ACCESS
	F	 0110 111A FFFF FFFF	1359
	A	 0110 111A 0100 1111	0
00061C	6E4F	MOVWF SSD1306SENDBYTE,ACCESS
	K	1111 KKKK KKKK KKKK:1110 110S KKKK KKKK	4336
	S	1111 0000 0000 1000:1110 110S 0111 1000	0
00061E	EC78 F008	CALL WRITE_COMMAND_SSD1306
	K	 0000 1110 KKKK KKKK	15
000622	0E0F	MOVLW 15
	F	 0001 01DA FFFF FFFF	1346
	D	 0001 01DA 0100 0010	0
	A	 0001 010A 0100 0010	0
000624	1442	ANDWF LOCX,W,ACCESS
	F	 0110 111A FFFF FFFF	1349
	A	 0110 111A 0100 0101	0
000626	6E45	MOVWF POSCHARX,ACCESS
	F	 0110 101A FFFF FFFF	1350
	A	 0110 101A 0100 0110	0
000628	6A46	CLRF POSCHARX_H,ACCESS
	S	1111 DDDD DDDD DDDD:1100 SSSS SSSS SSSS	1349
	D	1111 DDDD DDDD DDDD:1100 0101 0100 0101	1359
00062A	C545 F54F	MOVFF POSCHARX,SSD1306SENDBYTE
	K	1111 KKKK KKKK KKKK:1110 110S KKKK KKKK	4336
	S	1111 0000 0000 1000:1110 110S 0111 1000	0
00062E	EC78 F008	CALL WRITE_COMMAND_SSD1306
	S	1111 DDDD DDDD DDDD:1100 SSSS SSSS SSSS	1346
	D	1111 DDDD DDDD DDDD:1100 0101 0100 0010	1349
000632	C542 F545	MOVFF LOCX,POSCHARX
	F	 0110 101A FFFF FFFF	1350
	A	 0110 101A 0100 0110	0
000636	6A46	CLRF POSCHARX_H,ACCESS
	K	 0000 1110 KKKK KKKK	4
000638	0E04	MOVLW 4
	F	 0110 111A FFFF FFFF	1370
	A	 0110 111A 0101 1010	0
00063A	6E5A	MOVWF SYSREPEATTEMP4,ACCESS
		SYSREPEATLOOP5
	F	 1001 BBBA FFFF FFFF	1240
	B	 1001 BBBA 1101 1000	0
	A	 1001 000A 1101 1000	0
00063C	90D8	BCF STATUS,C,ACCESS
	F	 0011 00DA FFFF FFFF	1350
	D	 0011 00DA 0100 0110	1
	A	 0011 001A 0100 0110	0
00063E	3246	RRCF POSCHARX_H,F,ACCESS
	F	 0011 00DA FFFF FFFF	1349
	D	 0011 00DA 0100 0101	1
	A	 0011 001A 0100 0101	0
000640	3245	RRCF POSCHARX,F,ACCESS
	F	 0010 11DA FFFF FFFF	1370
	D	 0010 11DA 0101 1010	1
	A	 0010 111A 0101 1010	0
000642	2E5A	DECFSZ SYSREPEATTEMP4,F,ACCESS
	N	 1101 0NNN NNNN NNNN	2043
000644	D7FB	BRA SYSREPEATLOOP5
		SYSREPEATLOOPEND5
	K	 0000 1110 KKKK KKKK	15
000646	0E0F	MOVLW 15
	F	 0001 01DA FFFF FFFF	1349
	D	 0001 01DA 0100 0101	0
	A	 0001 010A 0100 0101	0
000648	1445	ANDWF POSCHARX,W,ACCESS
	F	 0110 111A FFFF FFFF	1371
	A	 0110 111A 0101 1011	0
00064A	6E5B	MOVWF SYSTEMP1,ACCESS
	F	 0110 101A FFFF FFFF	1372
	A	 0110 101A 0101 1100	0
00064C	6A5C	CLRF SYSTEMP1_H,ACCESS
	K	 0000 1110 KKKK KKKK	16
00064E	0E10	MOVLW 16
	F	 0010 01DA FFFF FFFF	1371
	D	 0010 01DA 0101 1011	0
	A	 0010 010A 0101 1011	0
000650	245B	ADDWF SYSTEMP1,W,ACCESS
	F	 0110 111A FFFF FFFF	1349
	A	 0110 111A 0100 0101	0
000652	6E45	MOVWF POSCHARX,ACCESS
	K	 0000 1110 KKKK KKKK	0
000654	0E00	MOVLW 0
	F	 0010 00DA FFFF FFFF	1372
	D	 0010 00DA 0101 1100	0
	A	 0010 000A 0101 1100	0
000656	205C	ADDWFC SYSTEMP1_H,W,ACCESS
	F	 0110 111A FFFF FFFF	1350
	A	 0110 111A 0100 0110	0
000658	6E46	MOVWF POSCHARX_H,ACCESS
	S	1111 DDDD DDDD DDDD:1100 SSSS SSSS SSSS	1349
	D	1111 DDDD DDDD DDDD:1100 0101 0100 0101	1359
00065A	C545 F54F	MOVFF POSCHARX,SSD1306SENDBYTE
	K	1111 KKKK KKKK KKKK:1110 1111 KKKK KKKK	4336
00065E	EF78 F008	GOTO WRITE_COMMAND_SSD1306


		DELAY_MS
	F	 0010 10DA FFFF FFFF	1283
	D	 0010 10DA 0000 0011	1
	A	 0010 101A 0000 0011	0
000662	2A03	INCF SYSWAITTEMPMS_H, F,ACCESS
		DMS_START
	K	 0000 1110 KKKK KKKK	129
000664	0E81	MOVLW 129
	F	 0110 111A FFFF FFFF	1281
	A	 0110 111A 0000 0001	0
000666	6E01	MOVWF DELAYTEMP2,ACCESS
		DMS_OUTER
	K	 0000 1110 KKKK KKKK	40
000668	0E28	MOVLW 40
	F	 0110 111A FFFF FFFF	1280
	A	 0110 111A 0000 0000	0
00066A	6E00	MOVWF DELAYTEMP,ACCESS
		DMS_INNER
	F	 0010 11DA FFFF FFFF	1280
	D	 0010 11DA 0000 0000	1
	A	 0010 111A 0000 0000	0
00066C	2E00	DECFSZ DELAYTEMP, F,ACCESS
	N	 1101 0NNN NNNN NNNN	2046
00066E	D7FE	BRA DMS_INNER
	F	 0010 11DA FFFF FFFF	1281
	D	 0010 11DA 0000 0001	1
	A	 0010 111A 0000 0001	0
000670	2E01	DECFSZ DELAYTEMP2, F,ACCESS
	N	 1101 0NNN NNNN NNNN	2042
000672	D7FA	BRA DMS_OUTER
	F	 0010 11DA FFFF FFFF	1282
	D	 0010 11DA 0000 0010	1
	A	 0010 111A 0000 0010	0
000674	2E02	DECFSZ SYSWAITTEMPMS, F,ACCESS
	N	 1101 0NNN NNNN NNNN	2038
000676	D7F6	BRA DMS_START
	F	 0010 11DA FFFF FFFF	1283
	D	 0010 11DA 0000 0011	1
	A	 0010 111A 0000 0011	0
000678	2E03	DECFSZ SYSWAITTEMPMS_H, F,ACCESS
	N	 1101 0NNN NNNN NNNN	2036
00067A	D7F4	BRA DMS_START
	S	 0000 0000 0001 001S	0
00067C	0012	RETURN


		DELAY_S
		DS_START
	K	 0000 1110 KKKK KKKK	232
00067E	0EE8	MOVLW 232
	F	 0110 111A FFFF FFFF	1282
	A	 0110 111A 0000 0010	0
000680	6E02	MOVWF SYSWAITTEMPMS,ACCESS
	K	 0000 1110 KKKK KKKK	3
000682	0E03	MOVLW 3
	F	 0110 111A FFFF FFFF	1283
	A	 0110 111A 0000 0011	0
000684	6E03	MOVWF SYSWAITTEMPMS_H,ACCESS
	N	 1101 1NNN NNNN NNNN	2029
000686	DFED	RCALL DELAY_MS
	F	 0010 11DA FFFF FFFF	1284
	D	 0010 11DA 0000 0100	1
	A	 0010 111A 0000 0100	0
000688	2E04	DECFSZ SYSWAITTEMPS, F,ACCESS
	N	 1101 0NNN NNNN NNNN	2041
00068A	D7F9	BRA DS_START
	S	 0000 0000 0001 001S	0
00068C	0012	RETURN


		GLCDCHARCOL3
	K	 0000 1110 KKKK KKKK	113
00068E	0E71	MOVLW 113
	F	 0110 000A FFFF FFFF	1287
	A	 0110 000A 0000 0111	0
000690	6007	CPFSLT SYSSTRINGA,ACCESS
	K	 0000 1100 KKKK KKKK	0
000692	0C00	RETLW 0
	F	 0101 00DA FFFF FFFF	1287
	D	 0101 00DA 0000 0111	0
	A	 0101 000A 0000 0111	0
000694	5007	MOVF SYSSTRINGA, W,ACCESS
	K	 0000 1111 KKKK KKKK	176
000696	0FB0	ADDLW LOW TABLEGLCDCHARCOL3
	F	 0110 111A FFFF FFFF	1270
	A	 0110 111A 1111 0110	0
000698	6EF6	MOVWF TBLPTRL,ACCESS
	K	 0000 1110 KKKK KKKK	6
00069A	0E06	MOVLW HIGH TABLEGLCDCHARCOL3
	F	 1011 BBBA FFFF FFFF	1240
	B	 1011 BBBA 1101 1000	0
	A	 1011 000A 1101 1000	0
00069C	B0D8	BTFSC STATUS, C,ACCESS
	K	 0000 1111 KKKK KKKK	1
00069E	0F01	ADDLW 1
	F	 0110 111A FFFF FFFF	1271
	A	 0110 111A 1111 0111	0
0006A0	6EF7	MOVWF TBLPTRH,ACCESS
	K	 0000 1110 KKKK KKKK	0
0006A2	0E00	MOVLW UPPER TABLEGLCDCHARCOL3
	F	 1011 BBBA FFFF FFFF	1240
	B	 1011 BBBA 1101 1000	0
	A	 1011 000A 1101 1000	0
0006A4	B0D8	BTFSC STATUS, C,ACCESS
	K	 0000 1111 KKKK KKKK	1
0006A6	0F01	ADDLW 1
	F	 0110 111A FFFF FFFF	1272
	A	 0110 111A 1111 1000	0
0006A8	6EF8	MOVWF TBLPTRU,ACCESS
0006AA	0008	TBLRD*
	F	 0101 00DA FFFF FFFF	1269
	D	 0101 00DA 1111 0101	0
	A	 0101 000A 1111 0101	0
0006AC	50F5	MOVF TABLAT, W,ACCESS
	S	 0000 0000 0001 001S	0
0006AE	0012	RETURN
		TABLEGLCDCHARCOL3
0006B0	0070 0C10 880A 3822 0820 1020 8010 4080 0004 0000 4828 6C46 0000 2800	RAW 0070,0C10,880A,3822,0820,1020,8010,4080,0004,0000,4828,6C46,0000,2800
0006CC	0010 0010 7C40 8400 3082 784E 6C06 000C 1000 0028 6404 FEF8 FE7C	RAW 0010,0010,7C40,8400,3082,784E,6C06,000C,1000,0028,6404,FEF8,FE7C
0006E6	FEFE FE7C 4000 FEFE FEFE FE7C FE7C 024C 3E7E C67E C20E	RAW FEFE,FE7C,4000,FEFE,FEFE,FE7C,FE7C,024C,3E7E,C67E,C20E
0006FC	0400 0800 0080 FE40 7070 1070 FE10 4000 00FE F8F8 F870 F810	RAW 0400,0800,0080,FE40,7070,1070,FE10,4000,00FE,F8F8,F870,F810
000714	1090 3878 8878 8818 0000 2000 0078	RAW 1090,3878,8878,8818,0000,2000,0078


		GLCDCHARCOL4
	K	 0000 1110 KKKK KKKK	113
000722	0E71	MOVLW 113
	F	 0110 000A FFFF FFFF	1287
	A	 0110 000A 0000 0111	0
000724	6007	CPFSLT SYSSTRINGA,ACCESS
	K	 0000 1100 KKKK KKKK	0
000726	0C00	RETLW 0
	F	 0101 00DA FFFF FFFF	1287
	D	 0101 00DA 0000 0111	0
	A	 0101 000A 0000 0111	0
000728	5007	MOVF SYSSTRINGA, W,ACCESS
	K	 0000 1111 KKKK KKKK	68
00072A	0F44	ADDLW LOW TABLEGLCDCHARCOL4
	F	 0110 111A FFFF FFFF	1270
	A	 0110 111A 1111 0110	0
00072C	6EF6	MOVWF TBLPTRL,ACCESS
	K	 0000 1110 KKKK KKKK	7
00072E	0E07	MOVLW HIGH TABLEGLCDCHARCOL4
	F	 1011 BBBA FFFF FFFF	1240
	B	 1011 BBBA 1101 1000	0
	A	 1011 000A 1101 1000	0
000730	B0D8	BTFSC STATUS, C,ACCESS
	K	 0000 1111 KKKK KKKK	1
000732	0F01	ADDLW 1
	F	 0110 111A FFFF FFFF	1271
	A	 0110 111A 1111 0111	0
000734	6EF7	MOVWF TBLPTRH,ACCESS
	K	 0000 1110 KKKK KKKK	0
000736	0E00	MOVLW UPPER TABLEGLCDCHARCOL4
	F	 1011 BBBA FFFF FFFF	1240
	B	 1011 BBBA 1101 1000	0
	A	 1011 000A 1101 1000	0
000738	B0D8	BTFSC STATUS, C,ACCESS
	K	 0000 1111 KKKK KKKK	1
00073A	0F01	ADDLW 1
	F	 0110 111A FFFF FFFF	1272
	A	 0110 111A 1111 1000	0
00073C	6EF8	MOVWF TBLPTRU,ACCESS
00073E	0008	TBLRD*
	F	 0101 00DA FFFF FFFF	1269
	D	 0101 00DA 1111 0101	0
	A	 0101 000A 1111 0101	0
000740	50F5	MOVF TABLAT, W,ACCESS
	S	 0000 0000 0001 001S	0
000742	0012	RETURN
		TABLEGLCDCHARCOL4
000744	FE70 0A38 CC06 7C66 0470 1040 8838 70A2 001C 0E00 54FE 9226	RAW FE70,0A38,CC06,7C66,0470,1040,8838,70A2,001C,0E00,54FE,9226
00075C	380A 1082 A010 C010 A220 C284 2882 948A 9202 6C92 28AC	RAW 380A,1082,A010,C010,A220,C284,2882,948A,9202,6C92,28AC
000772	8228 9202 9224 8282 1292 1082 8082 8010 0804 1282 1282 0292	RAW 8228,9202,9224,8282,1292,1082,8082,8010,0804,1282,1282,0292
00078A	4080 2880 A210 08FE 0482 0280 90A8 8888 FCA8 10A8 8090	RAW 4080,2880,A210,08FE,0482,0280,90A8,8888,FCA8,10A8,8090
0007A0	8220 1008 2888 1028 7CA8 4080 5080 C8A0 0010 1082 0044	RAW 8220,1008,2888,1028,7CA8,4080,5080,C8A0,0010,1082,0044


		GLCDCHARCOL5
	K	 0000 1110 KKKK KKKK	113
0007B6	0E71	MOVLW 113
	F	 0110 000A FFFF FFFF	1287
	A	 0110 000A 0000 0111	0
0007B8	6007	CPFSLT SYSSTRINGA,ACCESS
	K	 0000 1100 KKKK KKKK	0
0007BA	0C00	RETLW 0
	F	 0101 00DA FFFF FFFF	1287
	D	 0101 00DA 0000 0111	0
	A	 0101 000A 0000 0111	0
0007BC	5007	MOVF SYSSTRINGA, W,ACCESS
	K	 0000 1111 KKKK KKKK	216
0007BE	0FD8	ADDLW LOW TABLEGLCDCHARCOL5
	F	 0110 111A FFFF FFFF	1270
	A	 0110 111A 1111 0110	0
0007C0	6EF6	MOVWF TBLPTRL,ACCESS
	K	 0000 1110 KKKK KKKK	7
0007C2	0E07	MOVLW HIGH TABLEGLCDCHARCOL5
	F	 1011 BBBA FFFF FFFF	1240
	B	 1011 BBBA 1101 1000	0
	A	 1011 000A 1101 1000	0
0007C4	B0D8	BTFSC STATUS, C,ACCESS
	K	 0000 1111 KKKK KKKK	1
0007C6	0F01	ADDLW 1
	F	 0110 111A FFFF FFFF	1271
	A	 0110 111A 1111 0111	0
0007C8	6EF7	MOVWF TBLPTRH,ACCESS
	K	 0000 1110 KKKK KKKK	0
0007CA	0E00	MOVLW UPPER TABLEGLCDCHARCOL5
	F	 1011 BBBA FFFF FFFF	1240
	B	 1011 BBBA 1101 1000	0
	A	 1011 000A 1101 1000	0
0007CC	B0D8	BTFSC STATUS, C,ACCESS
	K	 0000 1111 KKKK KKKK	1
0007CE	0F01	ADDLW 1
	F	 0110 111A FFFF FFFF	1272
	A	 0110 111A 1111 1000	0
0007D0	6EF8	MOVWF TBLPTRU,ACCESS
0007D2	0008	TBLRD*
	F	 0101 00DA FFFF FFFF	1269
	D	 0101 00DA 1111 0101	0
	A	 0101 000A 1111 0101	0
0007D4	50F5	MOVF TABLAT, W,ACCESS
	S	 0000 0000 0001 001S	0
0007D6	0012	RETURN
		TABLEGLCDCHARCOL5
0007D8	7C70 007C EE00 7CEE FEA8 54FE 9454 7C94 007C 009E FE28 AA10	RAW 7C70,007C,EE00,7CEE,FEA8,54FE,9454,7C94,007C,009E,FE28,AA10
0007F0	4406 7C44 607C C010 9210 A2FE 248A 928A 92E2 6C92 446C	RAW 4406,7C44,607C,C010,9210,A2FE,248A,928A,92E2,6C92,446C
000806	4428 F2A2 9222 8282 1292 1092 82FE 8028 1018 1282 32A2	RAW 4428,F2A2,9222,8282,1292,1092,82FE,8028,1018,1282,32A2
00081C	FE92 8080 1070 92E0 1082 0282 0480 88A8 8888 12A8 08A8	RAW FE92,8080,1070,92E0,1082,0282,0480,88A8,8888,12A8,08A8
000832	88FA FE50 08F0 2888 0828 90A8 8080 2060 A8A0 FE6C 106C	RAW 88FA,FE50,08F0,2888,0828,90A8,8080,2060,A8A0,FE6C,106C
000848	0042	RAW 0042


		GLCDCHARCOL6
	K	 0000 1110 KKKK KKKK	113
00084A	0E71	MOVLW 113
	F	 0110 000A FFFF FFFF	1287
	A	 0110 000A 0000 0111	0
00084C	6007	CPFSLT SYSSTRINGA,ACCESS
	K	 0000 1100 KKKK KKKK	0
00084E	0C00	RETLW 0
	F	 0101 00DA FFFF FFFF	1287
	D	 0101 00DA 0000 0111	0
	A	 0101 000A 0000 0111	0
000850	5007	MOVF SYSSTRINGA, W,ACCESS
	K	 0000 1111 KKKK KKKK	108
000852	0F6C	ADDLW LOW TABLEGLCDCHARCOL6
	F	 0110 111A FFFF FFFF	1270
	A	 0110 111A 1111 0110	0
000854	6EF6	MOVWF TBLPTRL,ACCESS
	K	 0000 1110 KKKK KKKK	8
000856	0E08	MOVLW HIGH TABLEGLCDCHARCOL6
	F	 1011 BBBA FFFF FFFF	1240
	B	 1011 BBBA 1101 1000	0
	A	 1011 000A 1101 1000	0
000858	B0D8	BTFSC STATUS, C,ACCESS
	K	 0000 1111 KKKK KKKK	1
00085A	0F01	ADDLW 1
	F	 0110 111A FFFF FFFF	1271
	A	 0110 111A 1111 0111	0
00085C	6EF7	MOVWF TBLPTRH,ACCESS
	K	 0000 1110 KKKK KKKK	0
00085E	0E00	MOVLW UPPER TABLEGLCDCHARCOL6
	F	 1011 BBBA FFFF FFFF	1240
	B	 1011 BBBA 1101 1000	0
	A	 1011 000A 1101 1000	0
000860	B0D8	BTFSC STATUS, C,ACCESS
	K	 0000 1111 KKKK KKKK	1
000862	0F01	ADDLW 1
	F	 0110 111A FFFF FFFF	1272
	A	 0110 111A 1111 1000	0
000864	6EF8	MOVWF TBLPTRU,ACCESS
000866	0008	TBLRD*
	F	 0101 00DA FFFF FFFF	1269
	D	 0101 00DA 1111 0101	0
	A	 0101 000A 1111 0101	0
000868	50F5	MOVF TABLAT, W,ACCESS
	S	 0000 0000 0001 001S	0
00086A	0012	RETURN
		TABLEGLCDCHARCOL6
00086C	3870 0CFE CC0A 7C66 0420 3840 A210 7088 001C 0E00 54FE 44C8	RAW 3870,0CFE,CC0A,7C66,0420,3840,A210,7088,001C,0E00,54FE,44C8
000884	8200 1038 0010 0010 8A08 9280 FE96 928A 9212 0052 8200 2828 8212	RAW 8200,1038,0010,0010,8A08,9280,FE96,928A,9212,0052,8200,2828,8212
00089E	9224 4482 1292 1092 7E82 8044 2004 1282 5242 0292 4080 2880	RAW 9224,4482,1292,1092,7E82,8044,2004,1282,5242,0292,4080,2880
0008B6	8A10 2082 04FE 0880 88A8 9088 02A8 08A8 7A80 8088 0808 2888	RAW 8A10,2082,04FE,0880,88A8,9088,02A8,08A8,7A80,8088,0808,2888
0008CE	0830 80A8 4040 5080 98A0 0082 2010 0044	RAW 0830,80A8,4040,5080,98A0,0082,2010,0044


		GLCDCHARCOL7
	K	 0000 1110 KKKK KKKK	113
0008DE	0E71	MOVLW 113
	F	 0110 000A FFFF FFFF	1287
	A	 0110 000A 0000 0111	0
0008E0	6007	CPFSLT SYSSTRINGA,ACCESS
	K	 0000 1100 KKKK KKKK	0
0008E2	0C00	RETLW 0
	F	 0101 00DA FFFF FFFF	1287
	D	 0101 00DA 0000 0111	0
	A	 0101 000A 0000 0111	0
0008E4	5007	MOVF SYSSTRINGA, W,ACCESS
	K	 0000 1111 KKKK KKKK	0
0008E6	0F00	ADDLW LOW TABLEGLCDCHARCOL7
	F	 0110 111A FFFF FFFF	1270
	A	 0110 111A 1111 0110	0
0008E8	6EF6	MOVWF TBLPTRL,ACCESS
	K	 0000 1110 KKKK KKKK	9
0008EA	0E09	MOVLW HIGH TABLEGLCDCHARCOL7
	F	 1011 BBBA FFFF FFFF	1240
	B	 1011 BBBA 1101 1000	0
	A	 1011 000A 1101 1000	0
0008EC	B0D8	BTFSC STATUS, C,ACCESS
	K	 0000 1111 KKKK KKKK	1
0008EE	0F01	ADDLW 1
	F	 0110 111A FFFF FFFF	1271
	A	 0110 111A 1111 0111	0
0008F0	6EF7	MOVWF TBLPTRH,ACCESS
	K	 0000 1110 KKKK KKKK	0
0008F2	0E00	MOVLW UPPER TABLEGLCDCHARCOL7
	F	 1011 BBBA FFFF FFFF	1240
	B	 1011 BBBA 1101 1000	0
	A	 1011 000A 1101 1000	0
0008F4	B0D8	BTFSC STATUS, C,ACCESS
	K	 0000 1111 KKKK KKKK	1
0008F6	0F01	ADDLW 1
	F	 0110 111A FFFF FFFF	1272
	A	 0110 111A 1111 1000	0
0008F8	6EF8	MOVWF TBLPTRU,ACCESS
0008FA	0008	TBLRD*
	F	 0101 00DA FFFF FFFF	1269
	D	 0101 00DA 1111 0101	0
	A	 0101 000A 1111 0101	0
0008FC	50F5	MOVF TABLAT, W,ACCESS
	S	 0000 0000 0001 001S	0
0008FE	0012	RETURN
		TABLEGLCDCHARCOL7
000900	1070 0A00 8806 3822 083E 1020 8010 4080 0004 0000 2428 A0C4 0000 2800	RAW 1070,0A00,8806,3822,083E,1020,8010,4080,0004,0000,2428,A0C4,0000,2800
00091C	0010 0010 7C04 8C00 2062 6072 6C0E 003C 0000 1028 7C0C 6CF8 3844	RAW 0010,0010,7C04,8C00,2062,6072,6C0E,003C,0000,1028,7C0C,6CF8,3844
000936	0282 FEF4 0200 8082 FEFE 0C7C 8CBC 0264 3E7E C67E 860E 4000	RAW 0282,FEF4,0200,8082,FEFE,0C7C,8CBC,0264,3E7E,C67E,860E,4000
00094E	0800 0080 70F0 FE40 0430 F078 0000 0000 F0F0 1070 10F8 4040 38F8	RAW 0800,0080,70F0,FE40,0430,F078,0000,0000,F0F0,1070,10F8,4040,38F8
000968	8878 8878 0000 1000 0078	RAW 8878,8878,0000,1000,0078


		GLCDCLS_SSD1306
	F	 0110 101A FFFF FFFF	1329
	A	 0110 101A 0011 0001	0
000972	6A31	CLRF GLCD_YORDINATE,ACCESS
	F	 0110 101A FFFF FFFF	1330
	A	 0110 101A 0011 0010	0
000974	6A32	CLRF GLCD_YORDINATE_H,ACCESS
	F	 0110 101A FFFF FFFF	1360
	A	 0110 101A 0101 0000	0
000976	6A50	CLRF SSD1306_BUFFERLOCATIONCALC,ACCESS
	F	 0110 101A FFFF FFFF	1361
	A	 0110 101A 0101 0001	0
000978	6A51	CLRF SSD1306_BUFFERLOCATIONCALC_H,ACCESS
		SYSFORLOOP4
	F	 0010 10DA FFFF FFFF	1360
	D	 0010 10DA 0101 0000	1
	A	 0010 101A 0101 0000	0
00097A	2A50	INCF SSD1306_BUFFERLOCATIONCALC,F,ACCESS
	F	 1011 BBBA FFFF FFFF	1240
	B	 1011 BBBA 1101 1000	2
	A	 1011 010A 1101 1000	0
00097C	B4D8	BTFSC STATUS,Z,ACCESS
	F	 0010 10DA FFFF FFFF	1361
	D	 0010 10DA 0101 0001	1
	A	 0010 101A 0101 0001	0
00097E	2A51	INCF SSD1306_BUFFERLOCATIONCALC_H,F,ACCESS
	F	1110 1110 00FF KKKK:1111 00KK KKKK KKKK	0
	K	1110 1110 0000 KKKK:1111 00KK KKKK KKKK	4351
000980	EE04 F0FF	LFSR 0,SSD1306_BUFFERALIAS
	F	 0101 00DA FFFF FFFF	1360
	D	 0101 00DA 0101 0000	0
	A	 0101 000A 0101 0000	0
000984	5050	MOVF SSD1306_BUFFERLOCATIONCALC,W,ACCESS
	F	 0010 01DA FFFF FFFF	1257
	D	 0010 01DA 1110 1001	1
	A	 0010 011A 1110 1001	0
000986	26E9	ADDWF AFSR0,F,ACCESS
	F	 0101 00DA FFFF FFFF	1361
	D	 0101 00DA 0101 0001	0
	A	 0101 000A 0101 0001	0
000988	5051	MOVF SSD1306_BUFFERLOCATIONCALC_H,W,ACCESS
	F	 0010 00DA FFFF FFFF	1258
	D	 0010 00DA 1110 1010	1
	A	 0010 001A 1110 1010	0
00098A	22EA	ADDWFC AFSR0_H,F,ACCESS
	F	 0110 101A FFFF FFFF	1263
	A	 0110 101A 1110 1111	0
00098C	6AEF	CLRF INDF0,ACCESS
	S	1111 DDDD DDDD DDDD:1100 SSSS SSSS SSSS	1360
	D	1111 DDDD DDDD DDDD:1100 0101 0101 0000	1285
00098E	C550 F505	MOVFF SSD1306_BUFFERLOCATIONCALC,SYSWORDTEMPA
	S	1111 DDDD DDDD DDDD:1100 SSSS SSSS SSSS	1361
	D	1111 DDDD DDDD DDDD:1100 0101 0101 0001	1286
000992	C551 F506	MOVFF SSD1306_BUFFERLOCATIONCALC_H,SYSWORDTEMPA_H
	F	 0110 101A FFFF FFFF	1289
	A	 0110 101A 0000 1001	0
000996	6A09	CLRF SYSWORDTEMPB,ACCESS
	K	 0000 1110 KKKK KKKK	4
000998	0E04	MOVLW 4
	F	 0110 111A FFFF FFFF	1290
	A	 0110 111A 0000 1010	0
00099A	6E0A	MOVWF SYSWORDTEMPB_H,ACCESS
	N	 1101 1NNN NNNN NNNN	826
00099C	DB3A	RCALL SYSCOMPLESSTHAN16
	F	 1011 BBBA FFFF FFFF	1280
	B	 1011 BBBA 0000 0000	0
	A	 1011 000A 0000 0000	0
00099E	B000	BTFSC SYSBYTETEMPX,0,ACCESS
	N	 1101 0NNN NNNN NNNN	2028
0009A0	D7EC	BRA SYSFORLOOP4
		SYSFORLOOPEND4
	F	 0110 101A FFFF FFFF	1360
	A	 0110 101A 0101 0000	0
0009A2	6A50	CLRF SSD1306_BUFFERLOCATIONCALC,ACCESS
	F	 0110 101A FFFF FFFF	1361
	A	 0110 101A 0101 0001	0
0009A4	6A51	CLRF SSD1306_BUFFERLOCATIONCALC_H,ACCESS
		SYSFORLOOP5
	K	 0000 1110 KKKK KKKK	8
0009A6	0E08	MOVLW 8
	F	 0110 111A FFFF FFFF	1365
	A	 0110 111A 0101 0101	0
0009A8	6E55	MOVWF SYSFORLOOPSTEP4,ACCESS
	F	 0110 101A FFFF FFFF	1366
	A	 0110 101A 0101 0110	0
0009AA	6A56	CLRF SYSFORLOOPSTEP4_H,ACCESS
	F	 0110 101A FFFF FFFF	1346
	A	 0110 101A 0100 0010	0
0009AC	6A42	CLRF LOCX,ACCESS
	S	1111 DDDD DDDD DDDD:1100 SSSS SSSS SSSS	1360
	D	1111 DDDD DDDD DDDD:1100 0101 0101 0000	1347
0009AE	C550 F543	MOVFF SSD1306_BUFFERLOCATIONCALC,LOCY
	N	 1101 1NNN NNNN NNNN	1578
0009B2	DE2A	RCALL CURSOR_POSITION_SSD1306
	N	 1101 1NNN NNNN NNNN	790
0009B4	DB16	RCALL SI2CSTART
	K	 0000 1110 KKKK KKKK	120
0009B6	0E78	MOVLW 120
	F	 0110 111A FFFF FFFF	1341
	A	 0110 111A 0011 1101	0
0009B8	6E3D	MOVWF I2CBYTE,ACCESS
	N	 1101 1NNN NNNN NNNN	380
0009BA	D97C	RCALL HI2CQ24Q35SEND
	K	 0000 1110 KKKK KKKK	64
0009BC	0E40	MOVLW 64
	F	 0110 111A FFFF FFFF	1341
	A	 0110 111A 0011 1101	0
0009BE	6E3D	MOVWF I2CBYTE,ACCESS
	N	 1101 1NNN NNNN NNNN	377
0009C0	D979	RCALL HI2CQ24Q35SEND
	F	 0110 100A FFFF FFFF	1326
	A	 0110 100A 0010 1110	0
0009C2	682E	SETF GLCDTEMP,ACCESS
		SYSFORLOOP6
	F	 0010 10DA FFFF FFFF	1326
	D	 0010 10DA 0010 1110	1
	A	 0010 101A 0010 1110	0
0009C4	2A2E	INCF GLCDTEMP,F,ACCESS
	S	1111 DDDD DDDD DDDD:1100 SSSS SSSS SSSS	1309
	D	1111 DDDD DDDD DDDD:1100 0101 0001 1101	1341
0009C6	C51D F53D	MOVFF GLCDBACKGROUND,I2CBYTE
	N	 1101 1NNN NNNN NNNN	372
0009CA	D974	RCALL HI2CQ24Q35SEND
	K	 0000 1110 KKKK KKKK	127
0009CC	0E7F	MOVLW 127
	F	 0101 11DA FFFF FFFF	1326
	D	 0101 11DA 0010 1110	0
	A	 0101 110A 0010 1110	0
0009CE	5C2E	SUBWF GLCDTEMP,W,ACCESS
	F	 1010 BBBA FFFF FFFF	1240
	B	 1010 BBBA 1101 1000	0
	A	 1010 000A 1101 1000	0
0009D0	A0D8	BTFSS STATUS, C,ACCESS
	N	 1101 0NNN NNNN NNNN	2040
0009D2	D7F8	BRA SYSFORLOOP6
		SYSFORLOOPEND6
	N	 1101 1NNN NNNN NNNN	407
0009D4	D997	RCALL HI2CQ24Q35STOP
	F	 1010 BBBA FFFF FFFF	1366
	B	 1010 BBBA 0101 0110	7
	A	 1010 111A 0101 0110	0
0009D6	AE56	BTFSS SYSFORLOOPSTEP4_H,7,ACCESS
	N	 1101 0NNN NNNN NNNN	37
0009D8	D025	BRA ELSE15_1
	F	 0001 11DA FFFF FFFF	1365
	D	 0001 11DA 0101 0101	0
	A	 0001 110A 0101 0101	0
0009DA	1C55	COMF SYSFORLOOPSTEP4,W,ACCESS
	F	 0110 111A FFFF FFFF	1363
	A	 0110 111A 0101 0011	0
0009DC	6E53	MOVWF SYSFORLOOPABSVALUE5,ACCESS
	F	 0001 11DA FFFF FFFF	1366
	D	 0001 11DA 0101 0110	0
	A	 0001 110A 0101 0110	0
0009DE	1C56	COMF SYSFORLOOPSTEP4_H,W,ACCESS
	F	 0110 111A FFFF FFFF	1364
	A	 0110 111A 0101 0100	0
0009E0	6E54	MOVWF SYSFORLOOPABSVALUE5_H,ACCESS
	F	 0010 10DA FFFF FFFF	1363
	D	 0010 10DA 0101 0011	1
	A	 0010 101A 0101 0011	0
0009E2	2A53	INCF SYSFORLOOPABSVALUE5,F,ACCESS
	F	 1011 BBBA FFFF FFFF	1240
	B	 1011 BBBA 1101 1000	2
	A	 1011 010A 1101 1000	0
0009E4	B4D8	BTFSC STATUS,Z,ACCESS
	F	 0010 10DA FFFF FFFF	1364
	D	 0010 10DA 0101 0100	1
	A	 0010 101A 0101 0100	0
0009E6	2A54	INCF SYSFORLOOPABSVALUE5_H,F,ACCESS
	K	 0000 1110 KKKK KKKK	64
0009E8	0E40	MOVLW 64
	F	 0101 11DA FFFF FFFF	1360
	D	 0101 11DA 0101 0000	0
	A	 0101 110A 0101 0000	0
0009EA	5C50	SUBWF SSD1306_BUFFERLOCATIONCALC,W,ACCESS
	F	 0110 111A FFFF FFFF	1371
	A	 0110 111A 0101 1011	0
0009EC	6E5B	MOVWF SYSTEMP1,ACCESS
	K	 0000 1110 KKKK KKKK	0
0009EE	0E00	MOVLW 0
	F	 0101 10DA FFFF FFFF	1361
	D	 0101 10DA 0101 0001	0
	A	 0101 100A 0101 0001	0
0009F0	5851	SUBWFB SSD1306_BUFFERLOCATIONCALC_H,W,ACCESS
	F	 0110 111A FFFF FFFF	1372
	A	 0110 111A 0101 1100	0
0009F2	6E5C	MOVWF SYSTEMP1_H,ACCESS
	K	 0000 1110 KKKK KKKK	1
0009F4	0E01	MOVLW 1
	F	 0101 11DA FFFF FFFF	1371
	D	 0101 11DA 0101 1011	0
	A	 0101 110A 0101 1011	0
0009F6	5C5B	SUBWF SYSTEMP1,W,ACCESS
	F	 0110 111A FFFF FFFF	1373
	A	 0110 111A 0101 1101	0
0009F8	6E5D	MOVWF SYSTEMP2,ACCESS
	K	 0000 1110 KKKK KKKK	0
0009FA	0E00	MOVLW 0
	F	 0101 10DA FFFF FFFF	1372
	D	 0101 10DA 0101 1100	0
	A	 0101 100A 0101 1100	0
0009FC	585C	SUBWFB SYSTEMP1_H,W,ACCESS
	F	 0110 111A FFFF FFFF	1374
	A	 0110 111A 0101 1110	0
0009FE	6E5E	MOVWF SYSTEMP2_H,ACCESS
	S	1111 DDDD DDDD DDDD:1100 SSSS SSSS SSSS	1373
	D	1111 DDDD DDDD DDDD:1100 0101 0101 1101	1285
000A00	C55D F505	MOVFF SYSTEMP2,SYSWORDTEMPA
	S	1111 DDDD DDDD DDDD:1100 SSSS SSSS SSSS	1374
	D	1111 DDDD DDDD DDDD:1100 0101 0101 1110	1286
000A04	C55E F506	MOVFF SYSTEMP2_H,SYSWORDTEMPA_H
	S	1111 DDDD DDDD DDDD:1100 SSSS SSSS SSSS	1363
	D	1111 DDDD DDDD DDDD:1100 0101 0101 0011	1289
000A08	C553 F509	MOVFF SYSFORLOOPABSVALUE5,SYSWORDTEMPB
	S	1111 DDDD DDDD DDDD:1100 SSSS SSSS SSSS	1364
	D	1111 DDDD DDDD DDDD:1100 0101 0101 0100	1290
000A0C	C554 F50A	MOVFF SYSFORLOOPABSVALUE5_H,SYSWORDTEMPB_H
	N	 1101 1NNN NNNN NNNN	768
000A10	DB00	RCALL SYSCOMPLESSTHAN16
	F	 0001 11DA FFFF FFFF	1280
	D	 0001 11DA 0000 0000	1
	A	 0001 111A 0000 0000	0
000A12	1E00	COMF SYSBYTETEMPX,F,ACCESS
	F	 1010 BBBA FFFF FFFF	1280
	B	 1010 BBBA 0000 0000	0
	A	 1010 000A 0000 0000	0
000A14	A000	BTFSS SYSBYTETEMPX,0,ACCESS
	N	 1101 0NNN NNNN NNNN	5
000A16	D005	BRA ENDIF16
	F	 0101 00DA FFFF FFFF	1365
	D	 0101 00DA 0101 0101	0
	A	 0101 000A 0101 0101	0
000A18	5055	MOVF SYSFORLOOPSTEP4,W,ACCESS
	F	 0010 01DA FFFF FFFF	1360
	D	 0010 01DA 0101 0000	1
	A	 0010 011A 0101 0000	0
000A1A	2650	ADDWF SSD1306_BUFFERLOCATIONCALC,F,ACCESS
	F	 0101 00DA FFFF FFFF	1366
	D	 0101 00DA 0101 0110	0
	A	 0101 000A 0101 0110	0
000A1C	5056	MOVF SYSFORLOOPSTEP4_H,W,ACCESS
	F	 0010 00DA FFFF FFFF	1361
	D	 0010 00DA 0101 0001	1
	A	 0010 001A 0101 0001	0
000A1E	2251	ADDWFC SSD1306_BUFFERLOCATIONCALC_H,F,ACCESS
	N	 1101 0NNN NNNN NNNN	1986
000A20	D7C2	BRA SYSFORLOOP5
		ENDIF16
	N	 1101 0NNN NNNN NNNN	24
000A22	D018	BRA ENDIF15
		ELSE15_1
	F	 0101 00DA FFFF FFFF	1360
	D	 0101 00DA 0101 0000	0
	A	 0101 000A 0101 0000	0
000A24	5050	MOVF SSD1306_BUFFERLOCATIONCALC,W,ACCESS
	K	 0000 1000 KKKK KKKK	63
000A26	083F	SUBLW 63
	F	 0110 111A FFFF FFFF	1371
	A	 0110 111A 0101 1011	0
000A28	6E5B	MOVWF SYSTEMP1,ACCESS
	F	 0110 101A FFFF FFFF	1375
	A	 0110 101A 0101 1111	0
000A2A	6A5F	CLRF SYSTEMP3,ACCESS
	F	 0101 00DA FFFF FFFF	1361
	D	 0101 00DA 0101 0001	0
	A	 0101 000A 0101 0001	0
000A2C	5051	MOVF SSD1306_BUFFERLOCATIONCALC_H,W,ACCESS
	F	 0101 10DA FFFF FFFF	1375
	D	 0101 10DA 0101 1111	0
	A	 0101 100A 0101 1111	0
000A2E	585F	SUBWFB SYSTEMP3,W,ACCESS
	F	 0110 111A FFFF FFFF	1372
	A	 0110 111A 0101 1100	0
000A30	6E5C	MOVWF SYSTEMP1_H,ACCESS
	S	1111 DDDD DDDD DDDD:1100 SSSS SSSS SSSS	1371
	D	1111 DDDD DDDD DDDD:1100 0101 0101 1011	1285
000A32	C55B F505	MOVFF SYSTEMP1,SYSWORDTEMPA
	S	1111 DDDD DDDD DDDD:1100 SSSS SSSS SSSS	1372
	D	1111 DDDD DDDD DDDD:1100 0101 0101 1100	1286
000A36	C55C F506	MOVFF SYSTEMP1_H,SYSWORDTEMPA_H
	S	1111 DDDD DDDD DDDD:1100 SSSS SSSS SSSS	1365
	D	1111 DDDD DDDD DDDD:1100 0101 0101 0101	1289
000A3A	C555 F509	MOVFF SYSFORLOOPSTEP4,SYSWORDTEMPB
	S	1111 DDDD DDDD DDDD:1100 SSSS SSSS SSSS	1366
	D	1111 DDDD DDDD DDDD:1100 0101 0101 0110	1290
000A3E	C556 F50A	MOVFF SYSFORLOOPSTEP4_H,SYSWORDTEMPB_H
	N	 1101 1NNN NNNN NNNN	743
000A42	DAE7	RCALL SYSCOMPLESSTHAN16
	F	 0001 11DA FFFF FFFF	1280
	D	 0001 11DA 0000 0000	1
	A	 0001 111A 0000 0000	0
000A44	1E00	COMF SYSBYTETEMPX,F,ACCESS
	F	 1010 BBBA FFFF FFFF	1280
	B	 1010 BBBA 0000 0000	0
	A	 1010 000A 0000 0000	0
000A46	A000	BTFSS SYSBYTETEMPX,0,ACCESS
	N	 1101 0NNN NNNN NNNN	5
000A48	D005	BRA ENDIF17
	F	 0101 00DA FFFF FFFF	1365
	D	 0101 00DA 0101 0101	0
	A	 0101 000A 0101 0101	0
000A4A	5055	MOVF SYSFORLOOPSTEP4,W,ACCESS
	F	 0010 01DA FFFF FFFF	1360
	D	 0010 01DA 0101 0000	1
	A	 0010 011A 0101 0000	0
000A4C	2650	ADDWF SSD1306_BUFFERLOCATIONCALC,F,ACCESS
	F	 0101 00DA FFFF FFFF	1366
	D	 0101 00DA 0101 0110	0
	A	 0101 000A 0101 0110	0
000A4E	5056	MOVF SYSFORLOOPSTEP4_H,W,ACCESS
	F	 0010 00DA FFFF FFFF	1361
	D	 0010 00DA 0101 0001	1
	A	 0010 001A 0101 0001	0
000A50	2251	ADDWFC SSD1306_BUFFERLOCATIONCALC_H,F,ACCESS
	N	 1101 0NNN NNNN NNNN	1961
000A52	D7A9	BRA SYSFORLOOP5
		ENDIF17
		ENDIF15
		SYSFORLOOPEND5
	F	 0110 101A FFFF FFFF	1346
	A	 0110 101A 0100 0010	0
000A54	6A42	CLRF LOCX,ACCESS
	F	 0110 101A FFFF FFFF	1347
	A	 0110 101A 0100 0011	0
000A56	6A43	CLRF LOCY,ACCESS
	N	 1101 1NNN NNNN NNNN	1495
000A58	DDD7	RCALL CURSOR_POSITION_SSD1306
	F	 0110 101A FFFF FFFF	1352
	A	 0110 101A 0100 1000	0
000A5A	6A48	CLRF PRINTLOCX,ACCESS
	F	 0110 101A FFFF FFFF	1354
	A	 0110 101A 0100 1010	0
000A5C	6A4A	CLRF PRINTLOCY,ACCESS
	S	 0000 0000 0001 001S	0
000A5E	0012	RETURN


		GLCDDRAWCHAR_SSD1306
	S	1111 DDDD DDDD DDDD:1100 SSSS SSSS SSSS	1344
	D	1111 DDDD DDDD DDDD:1100 0101 0100 0000	1285
000A60	C540 F505	MOVFF LINECOLOUR,SYSWORDTEMPA
	S	1111 DDDD DDDD DDDD:1100 SSSS SSSS SSSS	1345
	D	1111 DDDD DDDD DDDD:1100 0101 0100 0001	1286
000A64	C541 F506	MOVFF LINECOLOUR_H,SYSWORDTEMPA_H
	S	1111 DDDD DDDD DDDD:1100 SSSS SSSS SSSS	1320
	D	1111 DDDD DDDD DDDD:1100 0101 0010 1000	1289
000A68	C528 F509	MOVFF GLCDFOREGROUND,SYSWORDTEMPB
	S	1111 DDDD DDDD DDDD:1100 SSSS SSSS SSSS	1321
	D	1111 DDDD DDDD DDDD:1100 0101 0010 1001	1290
000A6C	C529 F50A	MOVFF GLCDFOREGROUND_H,SYSWORDTEMPB_H
	N	 1101 1NNN NNNN NNNN	706
000A70	DAC2	RCALL SYSCOMPEQUAL16
	F	 0001 11DA FFFF FFFF	1280
	D	 0001 11DA 0000 0000	1
	A	 0001 111A 0000 0000	0
000A72	1E00	COMF SYSBYTETEMPX,F,ACCESS
	F	 1010 BBBA FFFF FFFF	1280
	B	 1010 BBBA 0000 0000	0
	A	 1010 000A 0000 0000	0
000A74	A000	BTFSS SYSBYTETEMPX,0,ACCESS
	N	 1101 0NNN NNNN NNNN	5
000A76	D005	BRA ENDIF18
	K	 0000 1110 KKKK KKKK	1
000A78	0E01	MOVLW 1
	F	 0110 111A FFFF FFFF	1309
	A	 0110 111A 0001 1101	0
000A7A	6E1D	MOVWF GLCDBACKGROUND,ACCESS
	F	 0110 101A FFFF FFFF	1310
	A	 0110 101A 0001 1110	0
000A7C	6A1E	CLRF GLCDBACKGROUND_H,ACCESS
	F	 0110 101A FFFF FFFF	1320
	A	 0110 101A 0010 1000	0
000A7E	6A28	CLRF GLCDFOREGROUND,ACCESS
	F	 0110 101A FFFF FFFF	1321
	A	 0110 101A 0010 1001	0
000A80	6A29	CLRF GLCDFOREGROUND_H,ACCESS
		ENDIF18
	K	 0000 1110 KKKK KKKK	15
000A82	0E0F	MOVLW 15
	F	 0101 11DA FFFF FFFF	1293
	D	 0101 11DA 0000 1101	1
	A	 0101 111A 0000 1101	0
000A84	5E0D	SUBWF CHARCODE,F,ACCESS
	F	 0110 101A FFFF FFFF	1294
	A	 0110 101A 0000 1110	0
000A86	6A0E	CLRF CHARCOL,ACCESS
	F	 0110 101A FFFF FFFF	1295
	A	 0110 101A 0000 1111	0
000A88	6A0F	CLRF CHARCOL_H,ACCESS
	S	1111 DDDD DDDD DDDD:1100 SSSS SSSS SSSS	1297
	D	1111 DDDD DDDD DDDD:1100 0101 0001 0001	1346
000A8A	C511 F542	MOVFF CHARLOCX,LOCX
	S	1111 DDDD DDDD DDDD:1100 SSSS SSSS SSSS	1299
	D	1111 DDDD DDDD DDDD:1100 0101 0001 0011	1347
000A8E	C513 F543	MOVFF CHARLOCY,LOCY
	N	 1101 1NNN NNNN NNNN	1466
000A92	DDBA	RCALL CURSOR_POSITION_SSD1306
	S	1111 DDDD DDDD DDDD:1100 SSSS SSSS SSSS	1293
	D	1111 DDDD DDDD DDDD:1100 0101 0000 1101	1285
000A94	C50D F505	MOVFF CHARCODE,SYSBYTETEMPA
	K	 0000 1110 KKKK KKKK	178
000A98	0EB2	MOVLW 178
	F	 0110 111A FFFF FFFF	1289
	A	 0110 111A 0000 1001	0
000A9A	6E09	MOVWF SYSBYTETEMPB,ACCESS
	N	 1101 1NNN NNNN NNNN	693
000A9C	DAB5	RCALL SYSCOMPLESSTHAN
	F	 0001 11DA FFFF FFFF	1280
	D	 0001 11DA 0000 0000	1
	A	 0001 111A 0000 0000	0
000A9E	1E00	COMF SYSBYTETEMPX,F,ACCESS
	S	1111 DDDD DDDD DDDD:1100 SSSS SSSS SSSS	1280
	D	1111 DDDD DDDD DDDD:1100 0101 0000 0000	1375
000AA0	C500 F55F	MOVFF SYSBYTETEMPX,SYSTEMP3
	S	1111 DDDD DDDD DDDD:1100 SSSS SSSS SSSS	1293
	D	1111 DDDD DDDD DDDD:1100 0101 0000 1101	1289
000AA4	C50D F509	MOVFF CHARCODE,SYSBYTETEMPB
	K	 0000 1110 KKKK KKKK	202
000AA8	0ECA	MOVLW 202
	F	 0110 111A FFFF FFFF	1285
	A	 0110 111A 0000 0101	0
000AAA	6E05	MOVWF SYSBYTETEMPA,ACCESS
	N	 1101 1NNN NNNN NNNN	685
000AAC	DAAD	RCALL SYSCOMPLESSTHAN
	F	 0001 11DA FFFF FFFF	1280
	D	 0001 11DA 0000 0000	1
	A	 0001 111A 0000 0000	0
000AAE	1E00	COMF SYSBYTETEMPX,F,ACCESS
	F	 0101 00DA FFFF FFFF	1375
	D	 0101 00DA 0101 1111	0
	A	 0101 000A 0101 1111	0
000AB0	505F	MOVF SYSTEMP3,W,ACCESS
	F	 0001 01DA FFFF FFFF	1280
	D	 0001 01DA 0000 0000	0
	A	 0001 010A 0000 0000	0
000AB2	1400	ANDWF SYSBYTETEMPX,W,ACCESS
	F	 0110 111A FFFF FFFF	1371
	A	 0110 111A 0101 1011	0
000AB4	6E5B	MOVWF SYSTEMP1,ACCESS
	F	 1010 BBBA FFFF FFFF	1371
	B	 1010 BBBA 0101 1011	0
	A	 1010 000A 0101 1011	0
000AB6	A05B	BTFSS SYSTEMP1,0,ACCESS
	N	 1101 0NNN NNNN NNNN	4
000AB8	D004	BRA ENDIF19
	K	 0000 1110 KKKK KKKK	1
000ABA	0E01	MOVLW 1
	F	 0101 11DA FFFF FFFF	1299
	D	 0101 11DA 0001 0011	1
	A	 0101 111A 0001 0011	0
000ABC	5E13	SUBWF CHARLOCY,F,ACCESS
	K	 0000 1110 KKKK KKKK	0
000ABE	0E00	MOVLW 0
	F	 0101 10DA FFFF FFFF	1300
	D	 0101 10DA 0001 0100	1
	A	 0101 101A 0001 0100	0
000AC0	5A14	SUBWFB CHARLOCY_H,F,ACCESS
		ENDIF19
	F	 0110 101A FFFF FFFF	1305
	A	 0110 101A 0001 1001	0
000AC2	6A19	CLRF CURRCHARCOL,ACCESS
		SYSFORLOOP7
	F	 0010 10DA FFFF FFFF	1305
	D	 0010 10DA 0001 1001	1
	A	 0010 101A 0001 1001	0
000AC4	2A19	INCF CURRCHARCOL,F,ACCESS
		SYSSELECT1CASE1
	F	 0000 01DA FFFF FFFF	1305
	D	 0000 01DA 0001 1001	0
	A	 0000 010A 0001 1001	0
000AC6	0419	DECF CURRCHARCOL,W,ACCESS
	F	 1010 BBBA FFFF FFFF	1240
	B	 1010 BBBA 1101 1000	2
	A	 1010 010A 1101 1000	0
000AC8	A4D8	BTFSS STATUS, Z,ACCESS
	N	 1101 0NNN NNNN NNNN	5
000ACA	D005	BRA SYSSELECT1CASE2
	S	1111 DDDD DDDD DDDD:1100 SSSS SSSS SSSS	1293
	D	1111 DDDD DDDD DDDD:1100 0101 0000 1101	1287
000ACC	C50D F507	MOVFF CHARCODE,SYSSTRINGA
	N	 1101 1NNN NNNN NNNN	1502
000AD0	DDDE	RCALL GLCDCHARCOL3
	F	 0110 111A FFFF FFFF	1307
	A	 0110 111A 0001 1011	0
000AD2	6E1B	MOVWF CURRCHARVAL,ACCESS
	N	 1101 0NNN NNNN NNNN	35
000AD4	D023	BRA SYSSELECTEND1
		SYSSELECT1CASE2
	K	 0000 1110 KKKK KKKK	2
000AD6	0E02	MOVLW 2
	F	 0101 11DA FFFF FFFF	1305
	D	 0101 11DA 0001 1001	0
	A	 0101 110A 0001 1001	0
000AD8	5C19	SUBWF CURRCHARCOL,W,ACCESS
	F	 1010 BBBA FFFF FFFF	1240
	B	 1010 BBBA 1101 1000	2
	A	 1010 010A 1101 1000	0
000ADA	A4D8	BTFSS STATUS, Z,ACCESS
	N	 1101 0NNN NNNN NNNN	5
000ADC	D005	BRA SYSSELECT1CASE3
	S	1111 DDDD DDDD DDDD:1100 SSSS SSSS SSSS	1293
	D	1111 DDDD DDDD DDDD:1100 0101 0000 1101	1287
000ADE	C50D F507	MOVFF CHARCODE,SYSSTRINGA
	N	 1101 1NNN NNNN NNNN	1567
000AE2	DE1F	RCALL GLCDCHARCOL4
	F	 0110 111A FFFF FFFF	1307
	A	 0110 111A 0001 1011	0
000AE4	6E1B	MOVWF CURRCHARVAL,ACCESS
	N	 1101 0NNN NNNN NNNN	26
000AE6	D01A	BRA SYSSELECTEND1
		SYSSELECT1CASE3
	K	 0000 1110 KKKK KKKK	3
000AE8	0E03	MOVLW 3
	F	 0101 11DA FFFF FFFF	1305
	D	 0101 11DA 0001 1001	0
	A	 0101 110A 0001 1001	0
000AEA	5C19	SUBWF CURRCHARCOL,W,ACCESS
	F	 1010 BBBA FFFF FFFF	1240
	B	 1010 BBBA 1101 1000	2
	A	 1010 010A 1101 1000	0
000AEC	A4D8	BTFSS STATUS, Z,ACCESS
	N	 1101 0NNN NNNN NNNN	5
000AEE	D005	BRA SYSSELECT1CASE4
	S	1111 DDDD DDDD DDDD:1100 SSSS SSSS SSSS	1293
	D	1111 DDDD DDDD DDDD:1100 0101 0000 1101	1287
000AF0	C50D F507	MOVFF CHARCODE,SYSSTRINGA
	N	 1101 1NNN NNNN NNNN	1632
000AF4	DE60	RCALL GLCDCHARCOL5
	F	 0110 111A FFFF FFFF	1307
	A	 0110 111A 0001 1011	0
000AF6	6E1B	MOVWF CURRCHARVAL,ACCESS
	N	 1101 0NNN NNNN NNNN	17
000AF8	D011	BRA SYSSELECTEND1
		SYSSELECT1CASE4
	K	 0000 1110 KKKK KKKK	4
000AFA	0E04	MOVLW 4
	F	 0101 11DA FFFF FFFF	1305
	D	 0101 11DA 0001 1001	0
	A	 0101 110A 0001 1001	0
000AFC	5C19	SUBWF CURRCHARCOL,W,ACCESS
	F	 1010 BBBA FFFF FFFF	1240
	B	 1010 BBBA 1101 1000	2
	A	 1010 010A 1101 1000	0
000AFE	A4D8	BTFSS STATUS, Z,ACCESS
	N	 1101 0NNN NNNN NNNN	5
000B00	D005	BRA SYSSELECT1CASE5
	S	1111 DDDD DDDD DDDD:1100 SSSS SSSS SSSS	1293
	D	1111 DDDD DDDD DDDD:1100 0101 0000 1101	1287
000B02	C50D F507	MOVFF CHARCODE,SYSSTRINGA
	N	 1101 1NNN NNNN NNNN	1697
000B06	DEA1	RCALL GLCDCHARCOL6
	F	 0110 111A FFFF FFFF	1307
	A	 0110 111A 0001 1011	0
000B08	6E1B	MOVWF CURRCHARVAL,ACCESS
	N	 1101 0NNN NNNN NNNN	8
000B0A	D008	BRA SYSSELECTEND1
		SYSSELECT1CASE5
	K	 0000 1110 KKKK KKKK	5
000B0C	0E05	MOVLW 5
	F	 0101 11DA FFFF FFFF	1305
	D	 0101 11DA 0001 1001	0
	A	 0101 110A 0001 1001	0
000B0E	5C19	SUBWF CURRCHARCOL,W,ACCESS
	F	 1010 BBBA FFFF FFFF	1240
	B	 1010 BBBA 1101 1000	2
	A	 1010 010A 1101 1000	0
000B10	A4D8	BTFSS STATUS, Z,ACCESS
	N	 1101 0NNN NNNN NNNN	4
000B12	D004	BRA SYSSELECTEND1
	S	1111 DDDD DDDD DDDD:1100 SSSS SSSS SSSS	1293
	D	1111 DDDD DDDD DDDD:1100 0101 0000 1101	1287
000B14	C50D F507	MOVFF CHARCODE,SYSSTRINGA
	N	 1101 1NNN NNNN NNNN	1762
000B18	DEE2	RCALL GLCDCHARCOL7
	F	 0110 111A FFFF FFFF	1307
	A	 0110 111A 0001 1011	0
000B1A	6E1B	MOVWF CURRCHARVAL,ACCESS
		SYSSELECTEND1
	F	 0110 101A FFFF FFFF	1301
	A	 0110 101A 0001 0101	0
000B1C	6A15	CLRF CHARROW,ACCESS
	F	 0110 101A FFFF FFFF	1302
	A	 0110 101A 0001 0110	0
000B1E	6A16	CLRF CHARROW_H,ACCESS
	F	 0110 101A FFFF FFFF	1306
	A	 0110 101A 0001 1010	0
000B20	6A1A	CLRF CURRCHARROW,ACCESS
		SYSFORLOOP8
	F	 0010 10DA FFFF FFFF	1306
	D	 0010 10DA 0001 1010	1
	A	 0010 101A 0001 1010	0
000B22	2A1A	INCF CURRCHARROW,F,ACCESS
	F	 0110 101A FFFF FFFF	1296
	A	 0110 101A 0001 0000	0
000B24	6A10	CLRF CHARCOLS,ACCESS
	F	 0110 101A FFFF FFFF	1304
	A	 0110 101A 0001 1000	0
000B26	6A18	CLRF COL,ACCESS
	K	 0000 1110 KKKK KKKK	1
000B28	0E01	MOVLW 1
	F	 0101 11DA FFFF FFFF	1318
	D	 0101 11DA 0010 0110	0
	A	 0101 110A 0010 0110	0
000B2A	5C26	SUBWF GLCDFNTDEFAULTSIZE,W,ACCESS
	F	 1010 BBBA FFFF FFFF	1240
	B	 1010 BBBA 1101 1000	0
	A	 1010 000A 1101 1000	0
000B2C	A0D8	BTFSS STATUS, C,ACCESS
	N	 1101 0NNN NNNN NNNN	73
000B2E	D049	BRA SYSFORLOOPEND9
		SYSFORLOOP9
	F	 0010 10DA FFFF FFFF	1304
	D	 0010 10DA 0001 1000	1
	A	 0010 101A 0001 1000	0
000B30	2A18	INCF COL,F,ACCESS
	F	 0110 101A FFFF FFFF	1303
	A	 0110 101A 0001 0111	0
000B32	6A17	CLRF CHARROWS,ACCESS
	F	 0110 101A FFFF FFFF	1358
	A	 0110 101A 0100 1110	0
000B34	6A4E	CLRF ROW,ACCESS
	K	 0000 1110 KKKK KKKK	1
000B36	0E01	MOVLW 1
	F	 0101 11DA FFFF FFFF	1318
	D	 0101 11DA 0010 0110	0
	A	 0101 110A 0010 0110	0
000B38	5C26	SUBWF GLCDFNTDEFAULTSIZE,W,ACCESS
	F	 1010 BBBA FFFF FFFF	1240
	B	 1010 BBBA 1101 1000	0
	A	 1010 000A 1101 1000	0
000B3A	A0D8	BTFSS STATUS, C,ACCESS
	N	 1101 0NNN NNNN NNNN	61
000B3C	D03D	BRA SYSFORLOOPEND10
		SYSFORLOOP10
	F	 0010 10DA FFFF FFFF	1358
	D	 0010 10DA 0100 1110	1
	A	 0010 101A 0100 1110	0
000B3E	2A4E	INCF ROW,F,ACCESS
	F	 1010 BBBA FFFF FFFF	1307
	B	 1010 BBBA 0001 1011	0
	A	 1010 000A 0001 1011	0
000B40	A01B	BTFSS CURRCHARVAL,0,ACCESS
	N	 1101 0NNN NNNN NNNN	18
000B42	D012	BRA ELSE22_1
	F	 0101 00DA FFFF FFFF	1294
	D	 0101 00DA 0000 1110	0
	A	 0101 000A 0000 1110	0
000B44	500E	MOVF CHARCOL,W,ACCESS
	F	 0010 01DA FFFF FFFF	1297
	D	 0010 01DA 0001 0001	0
	A	 0010 010A 0001 0001	0
000B46	2411	ADDWF CHARLOCX,W,ACCESS
	F	 0110 111A FFFF FFFF	1375
	A	 0110 111A 0101 1111	0
000B48	6E5F	MOVWF SYSTEMP3,ACCESS
	F	 0101 00DA FFFF FFFF	1296
	D	 0101 00DA 0001 0000	0
	A	 0101 000A 0001 0000	0
000B4A	5010	MOVF CHARCOLS,W,ACCESS
	F	 0010 01DA FFFF FFFF	1375
	D	 0010 01DA 0101 1111	0
	A	 0010 010A 0101 1111	0
000B4C	245F	ADDWF SYSTEMP3,W,ACCESS
	F	 0110 111A FFFF FFFF	1327
	A	 0110 111A 0010 1111	0
000B4E	6E2F	MOVWF GLCDX,ACCESS
	F	 0101 00DA FFFF FFFF	1301
	D	 0101 00DA 0001 0101	0
	A	 0101 000A 0001 0101	0
000B50	5015	MOVF CHARROW,W,ACCESS
	F	 0010 01DA FFFF FFFF	1299
	D	 0010 01DA 0001 0011	0
	A	 0010 010A 0001 0011	0
000B52	2413	ADDWF CHARLOCY,W,ACCESS
	F	 0110 111A FFFF FFFF	1375
	A	 0110 111A 0101 1111	0
000B54	6E5F	MOVWF SYSTEMP3,ACCESS
	F	 0101 00DA FFFF FFFF	1303
	D	 0101 00DA 0001 0111	0
	A	 0101 000A 0001 0111	0
000B56	5017	MOVF CHARROWS,W,ACCESS
	F	 0010 01DA FFFF FFFF	1375
	D	 0010 01DA 0101 1111	0
	A	 0010 010A 0101 1111	0
000B58	245F	ADDWF SYSTEMP3,W,ACCESS
	F	 0110 111A FFFF FFFF	1328
	A	 0110 111A 0011 0000	0
000B5A	6E30	MOVWF GLCDY,ACCESS
	S	1111 DDDD DDDD DDDD:1100 SSSS SSSS SSSS	1344
	D	1111 DDDD DDDD DDDD:1100 0101 0100 0000	1313
000B5C	C540 F521	MOVFF LINECOLOUR,GLCDCOLOUR
	S	1111 DDDD DDDD DDDD:1100 SSSS SSSS SSSS	1345
	D	1111 DDDD DDDD DDDD:1100 0101 0100 0001	1314
000B60	C541 F522	MOVFF LINECOLOUR_H,GLCDCOLOUR_H
	N	 1101 1NNN NNNN NNNN	450
000B64	D9C2	RCALL PSET_SSD1306
	N	 1101 0NNN NNNN NNNN	17
000B66	D011	BRA ENDIF22
		ELSE22_1
	F	 0101 00DA FFFF FFFF	1294
	D	 0101 00DA 0000 1110	0
	A	 0101 000A 0000 1110	0
000B68	500E	MOVF CHARCOL,W,ACCESS
	F	 0010 01DA FFFF FFFF	1297
	D	 0010 01DA 0001 0001	0
	A	 0010 010A 0001 0001	0
000B6A	2411	ADDWF CHARLOCX,W,ACCESS
	F	 0110 111A FFFF FFFF	1375
	A	 0110 111A 0101 1111	0
000B6C	6E5F	MOVWF SYSTEMP3,ACCESS
	F	 0101 00DA FFFF FFFF	1296
	D	 0101 00DA 0001 0000	0
	A	 0101 000A 0001 0000	0
000B6E	5010	MOVF CHARCOLS,W,ACCESS
	F	 0010 01DA FFFF FFFF	1375
	D	 0010 01DA 0101 1111	0
	A	 0010 010A 0101 1111	0
000B70	245F	ADDWF SYSTEMP3,W,ACCESS
	F	 0110 111A FFFF FFFF	1327
	A	 0110 111A 0010 1111	0
000B72	6E2F	MOVWF GLCDX,ACCESS
	F	 0101 00DA FFFF FFFF	1301
	D	 0101 00DA 0001 0101	0
	A	 0101 000A 0001 0101	0
000B74	5015	MOVF CHARROW,W,ACCESS
	F	 0010 01DA FFFF FFFF	1299
	D	 0010 01DA 0001 0011	0
	A	 0010 010A 0001 0011	0
000B76	2413	ADDWF CHARLOCY,W,ACCESS
	F	 0110 111A FFFF FFFF	1375
	A	 0110 111A 0101 1111	0
000B78	6E5F	MOVWF SYSTEMP3,ACCESS
	F	 0101 00DA FFFF FFFF	1303
	D	 0101 00DA 0001 0111	0
	A	 0101 000A 0001 0111	0
000B7A	5017	MOVF CHARROWS,W,ACCESS
	F	 0010 01DA FFFF FFFF	1375
	D	 0010 01DA 0101 1111	0
	A	 0010 010A 0101 1111	0
000B7C	245F	ADDWF SYSTEMP3,W,ACCESS
	F	 0110 111A FFFF FFFF	1328
	A	 0110 111A 0011 0000	0
000B7E	6E30	MOVWF GLCDY,ACCESS
	S	1111 DDDD DDDD DDDD:1100 SSSS SSSS SSSS	1309
	D	1111 DDDD DDDD DDDD:1100 0101 0001 1101	1313
000B80	C51D F521	MOVFF GLCDBACKGROUND,GLCDCOLOUR
	S	1111 DDDD DDDD DDDD:1100 SSSS SSSS SSSS	1310
	D	1111 DDDD DDDD DDDD:1100 0101 0001 1110	1314
000B84	C51E F522	MOVFF GLCDBACKGROUND_H,GLCDCOLOUR_H
	N	 1101 1NNN NNNN NNNN	432
000B88	D9B0	RCALL PSET_SSD1306
		ENDIF22
	F	 0101 00DA FFFF FFFF	1319
	D	 0101 00DA 0010 0111	0
	A	 0101 000A 0010 0111	0
000B8A	5027	MOVF GLCDFONTWIDTH,W,ACCESS
	F	 0000 001A FFFF FFFF	1318
	A	 0000 001A 0010 0110	0
000B8C	0226	MULWF GLCDFNTDEFAULTSIZE,ACCESS
	S	1111 DDDD DDDD DDDD:1100 SSSS SSSS SSSS	1267
	D	1111 DDDD DDDD DDDD:1100 0100 1111 0011	1375
000B8E	C4F3 F55F	MOVFF PRODL,SYSTEMP3
	F	 0101 00DA FFFF FFFF	1375
	D	 0101 00DA 0101 1111	0
	A	 0101 000A 0101 1111	0
000B92	505F	MOVF SYSTEMP3,W,ACCESS
	F	 0010 01DA FFFF FFFF	1297
	D	 0010 01DA 0001 0001	0
	A	 0010 010A 0001 0001	0
000B94	2411	ADDWF CHARLOCX,W,ACCESS
	F	 0110 111A FFFF FFFF	1327
	A	 0110 111A 0010 1111	0
000B96	6E2F	MOVWF GLCDX,ACCESS
	F	 0101 00DA FFFF FFFF	1301
	D	 0101 00DA 0001 0101	0
	A	 0101 000A 0001 0101	0
000B98	5015	MOVF CHARROW,W,ACCESS
	F	 0010 01DA FFFF FFFF	1299
	D	 0010 01DA 0001 0011	0
	A	 0010 010A 0001 0011	0
000B9A	2413	ADDWF CHARLOCY,W,ACCESS
	F	 0110 111A FFFF FFFF	1375
	A	 0110 111A 0101 1111	0
000B9C	6E5F	MOVWF SYSTEMP3,ACCESS
	F	 0101 00DA FFFF FFFF	1303
	D	 0101 00DA 0001 0111	0
	A	 0101 000A 0001 0111	0
000B9E	5017	MOVF CHARROWS,W,ACCESS
	F	 0010 01DA FFFF FFFF	1375
	D	 0010 01DA 0101 1111	0
	A	 0010 010A 0101 1111	0
000BA0	245F	ADDWF SYSTEMP3,W,ACCESS
	F	 0110 111A FFFF FFFF	1328
	A	 0110 111A 0011 0000	0
000BA2	6E30	MOVWF GLCDY,ACCESS
	S	1111 DDDD DDDD DDDD:1100 SSSS SSSS SSSS	1309
	D	1111 DDDD DDDD DDDD:1100 0101 0001 1101	1313
000BA4	C51D F521	MOVFF GLCDBACKGROUND,GLCDCOLOUR
	S	1111 DDDD DDDD DDDD:1100 SSSS SSSS SSSS	1310
	D	1111 DDDD DDDD DDDD:1100 0101 0001 1110	1314
000BA8	C51E F522	MOVFF GLCDBACKGROUND_H,GLCDCOLOUR_H
	N	 1101 1NNN NNNN NNNN	414
000BAC	D99E	RCALL PSET_SSD1306
	F	 0010 10DA FFFF FFFF	1303
	D	 0010 10DA 0001 0111	1
	A	 0010 101A 0001 0111	0
000BAE	2A17	INCF CHARROWS,F,ACCESS
	F	 0101 00DA FFFF FFFF	1318
	D	 0101 00DA 0010 0110	0
	A	 0101 000A 0010 0110	0
000BB0	5026	MOVF GLCDFNTDEFAULTSIZE,W,ACCESS
	F	 0101 11DA FFFF FFFF	1358
	D	 0101 11DA 0100 1110	0
	A	 0101 110A 0100 1110	0
000BB2	5C4E	SUBWF ROW,W,ACCESS
	F	 1010 BBBA FFFF FFFF	1240
	B	 1010 BBBA 1101 1000	0
	A	 1010 000A 1101 1000	0
000BB4	A0D8	BTFSS STATUS, C,ACCESS
	N	 1101 0NNN NNNN NNNN	1987
000BB6	D7C3	BRA SYSFORLOOP10
		SYSFORLOOPEND10
	F	 0010 10DA FFFF FFFF	1296
	D	 0010 10DA 0001 0000	1
	A	 0010 101A 0001 0000	0
000BB8	2A10	INCF CHARCOLS,F,ACCESS
	F	 0101 00DA FFFF FFFF	1318
	D	 0101 00DA 0010 0110	0
	A	 0101 000A 0010 0110	0
000BBA	5026	MOVF GLCDFNTDEFAULTSIZE,W,ACCESS
	F	 0101 11DA FFFF FFFF	1304
	D	 0101 11DA 0001 1000	0
	A	 0101 110A 0001 1000	0
000BBC	5C18	SUBWF COL,W,ACCESS
	F	 1010 BBBA FFFF FFFF	1240
	B	 1010 BBBA 1101 1000	0
	A	 1010 000A 1101 1000	0
000BBE	A0D8	BTFSS STATUS, C,ACCESS
	N	 1101 0NNN NNNN NNNN	1975
000BC0	D7B7	BRA SYSFORLOOP9
		SYSFORLOOPEND9
	F	 0011 00DA FFFF FFFF	1307
	D	 0011 00DA 0001 1011	1
	A	 0011 001A 0001 1011	0
000BC2	321B	RRCF CURRCHARVAL,F,ACCESS
	F	 0101 00DA FFFF FFFF	1318
	D	 0101 00DA 0010 0110	0
	A	 0101 000A 0010 0110	0
000BC4	5026	MOVF GLCDFNTDEFAULTSIZE,W,ACCESS
	F	 0010 01DA FFFF FFFF	1301
	D	 0010 01DA 0001 0101	1
	A	 0010 011A 0001 0101	0
000BC6	2615	ADDWF CHARROW,F,ACCESS
	K	 0000 1110 KKKK KKKK	0
000BC8	0E00	MOVLW 0
	F	 0010 00DA FFFF FFFF	1302
	D	 0010 00DA 0001 0110	1
	A	 0010 001A 0001 0110	0
000BCA	2216	ADDWFC CHARROW_H,F,ACCESS
	K	 0000 1110 KKKK KKKK	8
000BCC	0E08	MOVLW 8
	F	 0101 11DA FFFF FFFF	1306
	D	 0101 11DA 0001 1010	0
	A	 0101 110A 0001 1010	0
000BCE	5C1A	SUBWF CURRCHARROW,W,ACCESS
	F	 1010 BBBA FFFF FFFF	1240
	B	 1010 BBBA 1101 1000	0
	A	 1010 000A 1101 1000	0
000BD0	A0D8	BTFSS STATUS, C,ACCESS
	N	 1101 0NNN NNNN NNNN	1959
000BD2	D7A7	BRA SYSFORLOOP8
		SYSFORLOOPEND8
	F	 0101 00DA FFFF FFFF	1318
	D	 0101 00DA 0010 0110	0
	A	 0101 000A 0010 0110	0
000BD4	5026	MOVF GLCDFNTDEFAULTSIZE,W,ACCESS
	F	 0010 01DA FFFF FFFF	1294
	D	 0010 01DA 0000 1110	1
	A	 0010 011A 0000 1110	0
000BD6	260E	ADDWF CHARCOL,F,ACCESS
	K	 0000 1110 KKKK KKKK	0
000BD8	0E00	MOVLW 0
	F	 0010 00DA FFFF FFFF	1295
	D	 0010 00DA 0000 1111	1
	A	 0010 001A 0000 1111	0
000BDA	220F	ADDWFC CHARCOL_H,F,ACCESS
	K	 0000 1110 KKKK KKKK	5
000BDC	0E05	MOVLW 5
	F	 0101 11DA FFFF FFFF	1305
	D	 0101 11DA 0001 1001	0
	A	 0101 110A 0001 1001	0
000BDE	5C19	SUBWF CURRCHARCOL,W,ACCESS
	F	 1010 BBBA FFFF FFFF	1240
	B	 1010 BBBA 1101 1000	0
	A	 1010 000A 1101 1000	0
000BE0	A0D8	BTFSS STATUS, C,ACCESS
	N	 1101 0NNN NNNN NNNN	1904
000BE2	D770	BRA SYSFORLOOP7
		SYSFORLOOPEND7
	F	 0110 101A FFFF FFFF	1309
	A	 0110 101A 0001 1101	0
000BE4	6A1D	CLRF GLCDBACKGROUND,ACCESS
	F	 0110 101A FFFF FFFF	1310
	A	 0110 101A 0001 1110	0
000BE6	6A1E	CLRF GLCDBACKGROUND_H,ACCESS
	K	 0000 1110 KKKK KKKK	1
000BE8	0E01	MOVLW 1
	F	 0110 111A FFFF FFFF	1320
	A	 0110 111A 0010 1000	0
000BEA	6E28	MOVWF GLCDFOREGROUND,ACCESS
	F	 0110 101A FFFF FFFF	1321
	A	 0110 101A 0010 1001	0
000BEC	6A29	CLRF GLCDFOREGROUND_H,ACCESS
	S	 0000 0000 0001 001S	0
000BEE	0012	RETURN


		GLCDPRINT5
	S	1111 DDDD DDDD DDDD:1100 SSSS SSSS SSSS	1367
	D	1111 DDDD DDDD DDDD:1100 0101 0101 0111	1257
000BF0	C557 F4E9	MOVFF SYSLCDPRINTDATAHANDLER,AFSR0
	S	1111 DDDD DDDD DDDD:1100 SSSS SSSS SSSS	1368
	D	1111 DDDD DDDD DDDD:1100 0101 0101 1000	1258
000BF4	C558 F4EA	MOVFF SYSLCDPRINTDATAHANDLER_H,AFSR0_H
	S	1111 DDDD DDDD DDDD:1100 SSSS SSSS SSSS	1263
	D	1111 DDDD DDDD DDDD:1100 0100 1110 1111	1322
000BF8	C4EF F52A	MOVFF INDF0,GLCDPRINTLEN
	F	 0101 00DA FFFF FFFF	1322
	D	 0101 00DA 0010 1010	1
	A	 0101 001A 0010 1010	0
000BFC	522A	MOVF GLCDPRINTLEN,F,ACCESS
	F	 1011 BBBA FFFF FFFF	1240
	B	 1011 BBBA 1101 1000	2
	A	 1011 010A 1101 1000	0
000BFE	B4D8	BTFSC STATUS, Z,ACCESS
	S	 0000 0000 0001 001S	0
000C00	0012	RETURN
	S	1111 DDDD DDDD DDDD:1100 SSSS SSSS SSSS	1352
	D	1111 DDDD DDDD DDDD:1100 0101 0100 1000	1323
000C02	C548 F52B	MOVFF PRINTLOCX,GLCDPRINTLOC
	S	1111 DDDD DDDD DDDD:1100 SSSS SSSS SSSS	1353
	D	1111 DDDD DDDD DDDD:1100 0101 0100 1001	1324
000C06	C549 F52C	MOVFF PRINTLOCX_H,GLCDPRINTLOC_H
	F	 0110 101A FFFF FFFF	1325
	A	 0110 101A 0010 1101	0
000C0A	6A2D	CLRF GLCDPRINT_STRING_COUNTER,ACCESS
	K	 0000 1110 KKKK KKKK	1
000C0C	0E01	MOVLW 1
	F	 0101 11DA FFFF FFFF	1322
	D	 0101 11DA 0010 1010	0
	A	 0101 110A 0010 1010	0
000C0E	5C2A	SUBWF GLCDPRINTLEN,W,ACCESS
	F	 1010 BBBA FFFF FFFF	1240
	B	 1010 BBBA 1101 1000	0
	A	 1010 000A 1101 1000	0
000C10	A0D8	BTFSS STATUS, C,ACCESS
	N	 1101 0NNN NNNN NNNN	42
000C12	D02A	BRA SYSFORLOOPEND3
		SYSFORLOOP3
	F	 0010 10DA FFFF FFFF	1325
	D	 0010 10DA 0010 1101	1
	A	 0010 101A 0010 1101	0
000C14	2A2D	INCF GLCDPRINT_STRING_COUNTER,F,ACCESS
	S	1111 DDDD DDDD DDDD:1100 SSSS SSSS SSSS	1323
	D	1111 DDDD DDDD DDDD:1100 0101 0010 1011	1297
000C16	C52B F511	MOVFF GLCDPRINTLOC,CHARLOCX
	S	1111 DDDD DDDD DDDD:1100 SSSS SSSS SSSS	1324
	D	1111 DDDD DDDD DDDD:1100 0101 0010 1100	1298
000C1A	C52C F512	MOVFF GLCDPRINTLOC_H,CHARLOCX_H
	S	1111 DDDD DDDD DDDD:1100 SSSS SSSS SSSS	1354
	D	1111 DDDD DDDD DDDD:1100 0101 0100 1010	1299
000C1E	C54A F513	MOVFF PRINTLOCY,CHARLOCY
	S	1111 DDDD DDDD DDDD:1100 SSSS SSSS SSSS	1355
	D	1111 DDDD DDDD DDDD:1100 0101 0100 1011	1300
000C22	C54B F514	MOVFF PRINTLOCY_H,CHARLOCY_H
	F	 0101 00DA FFFF FFFF	1325
	D	 0101 00DA 0010 1101	0
	A	 0101 000A 0010 1101	0
000C26	502D	MOVF GLCDPRINT_STRING_COUNTER,W,ACCESS
	F	 0010 01DA FFFF FFFF	1367
	D	 0010 01DA 0101 0111	0
	A	 0010 010A 0101 0111	0
000C28	2457	ADDWF SYSLCDPRINTDATAHANDLER,W,ACCESS
	F	 0110 111A FFFF FFFF	1257
	A	 0110 111A 1110 1001	0
000C2A	6EE9	MOVWF AFSR0,ACCESS
	K	 0000 1110 KKKK KKKK	0
000C2C	0E00	MOVLW 0
	F	 0010 00DA FFFF FFFF	1368
	D	 0010 00DA 0101 1000	0
	A	 0010 000A 0101 1000	0
000C2E	2058	ADDWFC SYSLCDPRINTDATAHANDLER_H,W,ACCESS
	F	 0110 111A FFFF FFFF	1258
	A	 0110 111A 1110 1010	0
000C30	6EEA	MOVWF AFSR0_H,ACCESS
	S	1111 DDDD DDDD DDDD:1100 SSSS SSSS SSSS	1263
	D	1111 DDDD DDDD DDDD:1100 0100 1110 1111	1293
000C32	C4EF F50D	MOVFF INDF0,CHARCODE
	S	1111 DDDD DDDD DDDD:1100 SSSS SSSS SSSS	1320
	D	1111 DDDD DDDD DDDD:1100 0101 0010 1000	1344
000C36	C528 F540	MOVFF GLCDFOREGROUND,LINECOLOUR
	S	1111 DDDD DDDD DDDD:1100 SSSS SSSS SSSS	1321
	D	1111 DDDD DDDD DDDD:1100 0101 0010 1001	1345
000C3A	C529 F541	MOVFF GLCDFOREGROUND_H,LINECOLOUR_H
	N	 1101 1NNN NNNN NNNN	1808
000C3E	DF10	RCALL GLCDDRAWCHAR_SSD1306
	F	 0101 00DA FFFF FFFF	1319
	D	 0101 00DA 0010 0111	0
	A	 0101 000A 0010 0111	0
000C40	5027	MOVF GLCDFONTWIDTH,W,ACCESS
	F	 0000 001A FFFF FFFF	1318
	A	 0000 001A 0010 0110	0
000C42	0226	MULWF GLCDFNTDEFAULTSIZE,ACCESS
	S	1111 DDDD DDDD DDDD:1100 SSSS SSSS SSSS	1267
	D	1111 DDDD DDDD DDDD:1100 0100 1111 0011	1375
000C44	C4F3 F55F	MOVFF PRODL,SYSTEMP3
	F	 0101 00DA FFFF FFFF	1375
	D	 0101 00DA 0101 1111	0
	A	 0101 000A 0101 1111	0
000C48	505F	MOVF SYSTEMP3,W,ACCESS
	F	 0010 01DA FFFF FFFF	1323
	D	 0010 01DA 0010 1011	0
	A	 0010 010A 0010 1011	0
000C4A	242B	ADDWF GLCDPRINTLOC,W,ACCESS
	F	 0110 111A FFFF FFFF	1371
	A	 0110 111A 0101 1011	0
000C4C	6E5B	MOVWF SYSTEMP1,ACCESS
	K	 0000 1110 KKKK KKKK	0
000C4E	0E00	MOVLW 0
	F	 0010 00DA FFFF FFFF	1324
	D	 0010 00DA 0010 1100	0
	A	 0010 000A 0010 1100	0
000C50	202C	ADDWFC GLCDPRINTLOC_H,W,ACCESS
	F	 0110 111A FFFF FFFF	1372
	A	 0110 111A 0101 1100	0
000C52	6E5C	MOVWF SYSTEMP1_H,ACCESS
	K	 0000 1110 KKKK KKKK	1
000C54	0E01	MOVLW 1
	F	 0010 01DA FFFF FFFF	1371
	D	 0010 01DA 0101 1011	0
	A	 0010 010A 0101 1011	0
000C56	245B	ADDWF SYSTEMP1,W,ACCESS
	F	 0110 111A FFFF FFFF	1323
	A	 0110 111A 0010 1011	0
000C58	6E2B	MOVWF GLCDPRINTLOC,ACCESS
	K	 0000 1110 KKKK KKKK	0
000C5A	0E00	MOVLW 0
	F	 0010 00DA FFFF FFFF	1372
	D	 0010 00DA 0101 1100	0
	A	 0010 000A 0101 1100	0
000C5C	205C	ADDWFC SYSTEMP1_H,W,ACCESS
	F	 0110 111A FFFF FFFF	1324
	A	 0110 111A 0010 1100	0
000C5E	6E2C	MOVWF GLCDPRINTLOC_H,ACCESS
	F	 0101 00DA FFFF FFFF	1322
	D	 0101 00DA 0010 1010	0
	A	 0101 000A 0010 1010	0
000C60	502A	MOVF GLCDPRINTLEN,W,ACCESS
	F	 0101 11DA FFFF FFFF	1325
	D	 0101 11DA 0010 1101	0
	A	 0101 110A 0010 1101	0
000C62	5C2D	SUBWF GLCDPRINT_STRING_COUNTER,W,ACCESS
	F	 1010 BBBA FFFF FFFF	1240
	B	 1010 BBBA 1101 1000	0
	A	 1010 000A 1101 1000	0
000C64	A0D8	BTFSS STATUS, C,ACCESS
	N	 1101 0NNN NNNN NNNN	2006
000C66	D7D6	BRA SYSFORLOOP3
		SYSFORLOOPEND3
	S	1111 DDDD DDDD DDDD:1100 SSSS SSSS SSSS	1323
	D	1111 DDDD DDDD DDDD:1100 0101 0010 1011	1352
000C68	C52B F548	MOVFF GLCDPRINTLOC,PRINTLOCX
	S	1111 DDDD DDDD DDDD:1100 SSSS SSSS SSSS	1324
	D	1111 DDDD DDDD DDDD:1100 0101 0010 1100	1353
000C6C	C52C F549	MOVFF GLCDPRINTLOC_H,PRINTLOCX_H
	S	 0000 0000 0001 001S	0
000C70	0012	RETURN


		HI2CMODE
	S	 0000 0000 0001 001S	0
000C72	0012	RETURN


		HI2CQ24Q35INIT
	K	 0000 0001 00KK KKKK	1
000000	0101	BANKSEL LATC
	F	 1000 BBBA FFFF FFFF	322
	B	 1000 BBBA 0100 0010	3
	A	 1000 011A 0100 0010	1
000C76	8742	BSF LATC,3,BANKED
	F	 1001 BBBA FFFF FFFF	330
	B	 1001 BBBA 0100 1010	3
	A	 1001 011A 0100 1010	1
000C78	974A	BCF TRISC,3,BANKED
	F	 1000 BBBA FFFF FFFF	322
	B	 1000 BBBA 0100 0010	4
	A	 1000 100A 0100 0010	1
000C7A	8942	BSF LATC,4,BANKED
	F	 1001 BBBA FFFF FFFF	330
	B	 1001 BBBA 0100 1010	4
	A	 1001 100A 0100 1010	1
000C7C	994A	BCF TRISC,4,BANKED
	K	 0000 0001 00KK KKKK	2
000000	0102	BANKSEL I2C1CON0
	F	 1001 BBBA FFFF FFFF	658
	B	 1001 BBBA 1001 0010	0
	A	 1001 000A 1001 0010	1
000C80	9192	BCF I2C1CON0,MODE0,BANKED
	F	 1001 BBBA FFFF FFFF	658
	B	 1001 BBBA 1001 0010	1
	A	 1001 001A 1001 0010	1
000C82	9392	BCF I2C1CON0,MODE1,BANKED
	F	 1000 BBBA FFFF FFFF	658
	B	 1000 BBBA 1001 0010	2
	A	 1000 010A 1001 0010	1
000C84	8592	BSF I2C1CON0,MODE2,BANKED
	F	 1000 BBBA FFFF FFFF	659
	B	 1000 BBBA 1001 0011	7
	A	 1000 111A 1001 0011	1
000C86	8F93	BSF I2C1CON1,ACKCNT,BANKED
	F	 1001 BBBA FFFF FFFF	659
	B	 1001 BBBA 1001 0011	6
	A	 1001 110A 1001 0011	1
000C88	9D93	BCF I2C1CON1,ACKDT,BANKED
	F	 1001 BBBA FFFF FFFF	661
	B	 1001 BBBA 1001 0101	2
	A	 1001 010A 1001 0101	1
000C8A	9595	BCF I2C1CON3,FME0,BANKED
	F	 1001 BBBA FFFF FFFF	661
	B	 1001 BBBA 1001 0101	3
	A	 1001 011A 1001 0101	1
000C8C	9795	BCF I2C1CON3,FME1,BANKED
	F	 1001 BBBA FFFF FFFF	660
	B	 1001 BBBA 1001 0100	0
	A	 1001 000A 1001 0100	1
000C8E	9194	BCF I2C1CON2,BFRET0,BANKED
	F	 1001 BBBA FFFF FFFF	660
	B	 1001 BBBA 1001 0100	1
	A	 1001 001A 1001 0100	1
000C90	9394	BCF I2C1CON2,BFRET1,BANKED
	F	 1001 BBBA FFFF FFFF	660
	B	 1001 BBBA 1001 0100	4
	A	 1001 100A 1001 0100	1
000C92	9994	BCF I2C1CON2,ABD,BANKED
	K	 0000 1110 KKKK KKKK	3
000C94	0E03	MOVLW 3
	F	 0110 111A FFFF FFFF	669
	A	 0110 111A 1001 1101	1
000C96	6F9D	MOVWF I2C1CLK,BANKED
	F	 0110 101A FFFF FFFF	668
	A	 0110 101A 1001 1100	1
000C98	6B9C	CLRF I2C1BAUD,BANKED
	F	 1000 BBBA FFFF FFFF	658
	B	 1000 BBBA 1001 0010	7
	A	 1000 111A 1001 0010	1
000C9A	8F92	BSF I2C1CON0,I2CEN,BANKED
	K	 0000 1110 KKKK KKKK	5
000C9C	0E05	MOVLW 5
	F	 0110 111A FFFF FFFF	1280
	A	 0110 111A 0000 0000	0
000C9E	6E00	MOVWF DELAYTEMP,ACCESS
		DELAYUS3
	F	 0010 11DA FFFF FFFF	1280
	D	 0010 11DA 0000 0000	1
	A	 0010 111A 0000 0000	0
000CA0	2E00	DECFSZ DELAYTEMP,F,ACCESS
	N	 1101 0NNN NNNN NNNN	2046
000CA2	D7FE	BRA DELAYUS3
000CA4	0000	NOP
000CA6	0000	NOP
000CA8	0000	NOP
000CAA	0000	NOP
000CAC	0000	NOP
000CAE	0000	NOP
	K	 0000 0001 00KK KKKK	0
000000	0100	BANKSEL 0
	S	 0000 0000 0001 001S	0
000CB2	0012	RETURN


		HI2CQ24Q35SEND
		SYSSELECT2CASE1
	K	 0000 1110 KKKK KKKK	2
000CB4	0E02	MOVLW 2
	F	 0101 11DA FFFF FFFF	1333
	D	 0101 11DA 0011 0101	0
	A	 0101 110A 0011 0101	0
000CB6	5C35	SUBWF HI2C1STATEMACHINE,W,ACCESS
	F	 1010 BBBA FFFF FFFF	1240
	B	 1010 BBBA 1101 1000	2
	A	 1010 010A 1101 1000	0
000CB8	A4D8	BTFSS STATUS, Z,ACCESS
	N	 1101 0NNN NNNN NNNN	13
000CBA	D00D	BRA SYSSELECT2CASE2
	F	 0010 10DA FFFF FFFF	1337
	D	 0010 10DA 0011 1001	1
	A	 0010 101A 0011 1001	0
000CBC	2A39	INCF HWI2C_BUFFERLOCATIONCOUNTER,F,ACCESS
	F	 1011 BBBA FFFF FFFF	1240
	B	 1011 BBBA 1101 1000	2
	A	 1011 010A 1101 1000	0
000CBE	B4D8	BTFSC STATUS,Z,ACCESS
	F	 0010 10DA FFFF FFFF	1338
	D	 0010 10DA 0011 1010	1
	A	 0010 101A 0011 1010	0
000CC0	2A3A	INCF HWI2C_BUFFERLOCATIONCOUNTER_H,F,ACCESS
	F	1110 1110 00FF KKKK:1111 00KK KKKK KKKK	0
	K	1110 1110 0000 KKKK:1111 00KK KKKK KKKK	4316
000CC2	EE04 F0DC	LFSR 0,HWI2C_BUFFER
	F	 0101 00DA FFFF FFFF	1337
	D	 0101 00DA 0011 1001	0
	A	 0101 000A 0011 1001	0
000CC6	5039	MOVF HWI2C_BUFFERLOCATIONCOUNTER,W,ACCESS
	F	 0010 01DA FFFF FFFF	1257
	D	 0010 01DA 1110 1001	1
	A	 0010 011A 1110 1001	0
000CC8	26E9	ADDWF AFSR0,F,ACCESS
	F	 0101 00DA FFFF FFFF	1338
	D	 0101 00DA 0011 1010	0
	A	 0101 000A 0011 1010	0
000CCA	503A	MOVF HWI2C_BUFFERLOCATIONCOUNTER_H,W,ACCESS
	F	 0010 00DA FFFF FFFF	1258
	D	 0010 00DA 1110 1010	1
	A	 0010 001A 1110 1010	0
000CCC	22EA	ADDWFC AFSR0_H,F,ACCESS
	S	1111 DDDD DDDD DDDD:1100 SSSS SSSS SSSS	1341
	D	1111 DDDD DDDD DDDD:1100 0101 0011 1101	1263
000CCE	C53D F4EF	MOVFF I2CBYTE,INDF0
	S	 0000 0000 0001 001S	0
000CD2	0012	RETURN
	N	 1101 0NNN NNNN NNNN	22
000CD4	D016	BRA SYSSELECTEND2
		SYSSELECT2CASE2
	F	 0000 01DA FFFF FFFF	1333
	D	 0000 01DA 0011 0101	0
	A	 0000 010A 0011 0101	0
000CD6	0435	DECF HI2C1STATEMACHINE,W,ACCESS
	F	 1010 BBBA FFFF FFFF	1240
	B	 1010 BBBA 1101 1000	2
	A	 1010 010A 1101 1000	0
000CD8	A4D8	BTFSS STATUS, Z,ACCESS
	N	 1101 0NNN NNNN NNNN	8
000CDA	D008	BRA SYSSELECT2CASE3
	F	 0110 101A FFFF FFFF	1337
	A	 0110 101A 0011 1001	0
000CDC	6A39	CLRF HWI2C_BUFFERLOCATIONCOUNTER,ACCESS
	F	 0110 101A FFFF FFFF	1338
	A	 0110 101A 0011 1010	0
000CDE	6A3A	CLRF HWI2C_BUFFERLOCATIONCOUNTER_H,ACCESS
	S	1111 DDDD DDDD DDDD:1100 SSSS SSSS SSSS	1341
	D	1111 DDDD DDDD DDDD:1100 0101 0011 1101	653
000CE0	C53D F28D	MOVFF I2CBYTE,I2C1ADB1
	K	 0000 1110 KKKK KKKK	2
000CE4	0E02	MOVLW 2
	F	 0110 111A FFFF FFFF	1333
	A	 0110 111A 0011 0101	0
000CE6	6E35	MOVWF HI2C1STATEMACHINE,ACCESS
	S	 0000 0000 0001 001S	0
000CE8	0012	RETURN
	N	 1101 0NNN NNNN NNNN	11
000CEA	D00B	BRA SYSSELECTEND2
		SYSSELECT2CASE3
	K	 0000 1110 KKKK KKKK	3
000CEC	0E03	MOVLW 3
	F	 0101 11DA FFFF FFFF	1333
	D	 0101 11DA 0011 0101	0
	A	 0101 110A 0011 0101	0
000CEE	5C35	SUBWF HI2C1STATEMACHINE,W,ACCESS
	F	 1010 BBBA FFFF FFFF	1240
	B	 1010 BBBA 1101 1000	2
	A	 1010 010A 1101 1000	0
000CF0	A4D8	BTFSS STATUS, Z,ACCESS
	N	 1101 0NNN NNNN NNNN	7
000CF2	D007	BRA SYSSELECTEND2
	F	 0110 101A FFFF FFFF	1337
	A	 0110 101A 0011 1001	0
000CF4	6A39	CLRF HWI2C_BUFFERLOCATIONCOUNTER,ACCESS
	F	 0110 101A FFFF FFFF	1338
	A	 0110 101A 0011 1010	0
000CF6	6A3A	CLRF HWI2C_BUFFERLOCATIONCOUNTER_H,ACCESS
	S	1111 DDDD DDDD DDDD:1100 SSSS SSSS SSSS	1341
	D	1111 DDDD DDDD DDDD:1100 0101 0011 1101	653
000CF8	C53D F28D	MOVFF I2CBYTE,I2C1ADB1
	K	 0000 1110 KKKK KKKK	2
000CFC	0E02	MOVLW 2
	F	 0110 111A FFFF FFFF	1333
	A	 0110 111A 0011 0101	0
000CFE	6E35	MOVWF HI2C1STATEMACHINE,ACCESS
	S	 0000 0000 0001 001S	0
000D00	0012	RETURN
		SYSSELECTEND2
	S	 0000 0000 0001 001S	0
000D02	0012	RETURN


		HI2CQ24Q35STOP
	K	 0000 0001 00KK KKKK	2
000000	0102	BANKSEL I2C1PIR
	F	 1001 BBBA FFFF FFFF	665
	B	 1001 BBBA 1001 1001	7
	A	 1001 111A 1001 1001	1
000D06	9F99	BCF I2C1PIR,7,BANKED
	F	 0110 101A FFFF FFFF	1336
	A	 0110 101A 0011 1000	0
000D08	6A38	CLRF HI2CWAITMSSPTIMEOUT,ACCESS
		SYSDOLOOP_S1
	F	 0010 10DA FFFF FFFF	1336
	D	 0010 10DA 0011 1000	0
	A	 0010 100A 0011 1000	0
000D0A	2838	INCF HI2CWAITMSSPTIMEOUT,W,ACCESS
	F	 1011 BBBA FFFF FFFF	1240
	B	 1011 BBBA 1101 1000	2
	A	 1011 010A 1101 1000	0
000D0C	B4D8	BTFSC STATUS, Z,ACCESS
	N	 1101 0NNN NNNN NNNN	4
000D0E	D004	BRA SYSDOLOOP_E1
	F	 1010 BBBA FFFF FFFF	663
	B	 1010 BBBA 1001 0111	7
	A	 1010 111A 1001 0111	1
000D10	AF97	BTFSS I2C1STAT0,BFRE,BANKED
	N	 1101 0NNN NNNN NNNN	2
000D12	D002	BRA SYSDOLOOP_E1
	F	 0010 10DA FFFF FFFF	1336
	D	 0010 10DA 0011 1000	1
	A	 0010 101A 0011 1000	0
000D14	2A38	INCF HI2CWAITMSSPTIMEOUT,F,ACCESS
	N	 1101 0NNN NNNN NNNN	2041
000D16	D7F9	BRA SYSDOLOOP_S1
		SYSDOLOOP_E1
	F	 0010 10DA FFFF FFFF	1336
	D	 0010 10DA 0011 1000	0
	A	 0010 100A 0011 1000	0
000D18	2838	INCF HI2CWAITMSSPTIMEOUT,W,ACCESS
	F	 1011 BBBA FFFF FFFF	1240
	B	 1011 BBBA 1101 1000	2
	A	 1011 010A 1101 1000	0
000D1A	B4D8	BTFSC STATUS, Z,ACCESS
	N	 1101 0NNN NNNN NNNN	74
000D1C	D04A	BRA ENDIF33
	S	1111 DDDD DDDD DDDD:1100 SSSS SSSS SSSS	1338
	D	1111 DDDD DDDD DDDD:1100 0101 0011 1010	651
000D1E	C53A F28B	MOVFF HWI2C_BUFFERLOCATIONCOUNTER_H,I2C1CNTH
	S	1111 DDDD DDDD DDDD:1100 SSSS SSSS SSSS	1337
	D	1111 DDDD DDDD DDDD:1100 0101 0011 1001	650
000D22	C539 F28A	MOVFF HWI2C_BUFFERLOCATIONCOUNTER,I2C1CNT
	F	 1001 BBBA FFFF FFFF	658
	B	 1001 BBBA 1001 0010	7
	A	 1001 111A 1001 0010	1
000D26	9F92	BCF I2C1CON0,I2CEN,BANKED
	F	 1000 BBBA FFFF FFFF	658
	B	 1000 BBBA 1001 0010	7
	A	 1000 111A 1001 0010	1
000D28	8F92	BSF I2C1CON0,I2CEN,BANKED
	F	 1000 BBBA FFFF FFFF	658
	B	 1000 BBBA 1001 0010	5
	A	 1000 101A 1001 0010	1
000D2A	8B92	BSF I2C1CON0,S,BANKED
		SYSDOLOOP_S2
	F	 1010 BBBA FFFF FFFF	658
	B	 1010 BBBA 1001 0010	5
	A	 1010 101A 1001 0010	1
000D2C	AB92	BTFSS I2C1CON0,S,BANKED
	N	 1101 0NNN NNNN NNNN	2
000D2E	D002	BRA SYSDOLOOP_E2
000D30	0000	NOP
	N	 1101 0NNN NNNN NNNN	2044
000D32	D7FC	BRA SYSDOLOOP_S2
		SYSDOLOOP_E2
	F	 0110 101A FFFF FFFF	1339
	A	 0110 101A 0011 1011	0
000D34	6A3B	CLRF HWI2C_BUFFERLOCATIONCOUNTERINDEX,ACCESS
	F	 0110 101A FFFF FFFF	1340
	A	 0110 101A 0011 1100	0
000D36	6A3C	CLRF HWI2C_BUFFERLOCATIONCOUNTERINDEX_H,ACCESS
	K	 0000 1110 KKKK KKKK	1
000D38	0E01	MOVLW 1
	F	 0101 11DA FFFF FFFF	1337
	D	 0101 11DA 0011 1001	0
	A	 0101 110A 0011 1001	0
000D3A	5C39	SUBWF HWI2C_BUFFERLOCATIONCOUNTER,W,ACCESS
	F	 1010 BBBA FFFF FFFF	1240
	B	 1010 BBBA 1101 1000	0
	A	 1010 000A 1101 1000	0
000D3C	A0D8	BTFSS STATUS, C,ACCESS
	N	 1101 0NNN NNNN NNNN	35
000D3E	D023	BRA SYSFORLOOPEND11
		SYSFORLOOP11
	F	 0010 10DA FFFF FFFF	1339
	D	 0010 10DA 0011 1011	1
	A	 0010 101A 0011 1011	0
000D40	2A3B	INCF HWI2C_BUFFERLOCATIONCOUNTERINDEX,F,ACCESS
	F	 1011 BBBA FFFF FFFF	1240
	B	 1011 BBBA 1101 1000	2
	A	 1011 010A 1101 1000	0
000D42	B4D8	BTFSC STATUS,Z,ACCESS
	F	 0010 10DA FFFF FFFF	1340
	D	 0010 10DA 0011 1100	1
	A	 0010 101A 0011 1100	0
000D44	2A3C	INCF HWI2C_BUFFERLOCATIONCOUNTERINDEX_H,F,ACCESS
	F	 0110 101A FFFF FFFF	1336
	A	 0110 101A 0011 1000	0
000D46	6A38	CLRF HI2CWAITMSSPTIMEOUT,ACCESS
	F	1110 1110 00FF KKKK:1111 00KK KKKK KKKK	0
	K	1110 1110 0000 KKKK:1111 00KK KKKK KKKK	4316
000D48	EE04 F0DC	LFSR 0,HWI2C_BUFFER
	F	 0101 00DA FFFF FFFF	1339
	D	 0101 00DA 0011 1011	0
	A	 0101 000A 0011 1011	0
000D4C	503B	MOVF HWI2C_BUFFERLOCATIONCOUNTERINDEX,W,ACCESS
	F	 0010 01DA FFFF FFFF	1257
	D	 0010 01DA 1110 1001	1
	A	 0010 011A 1110 1001	0
000D4E	26E9	ADDWF AFSR0,F,ACCESS
	F	 0101 00DA FFFF FFFF	1340
	D	 0101 00DA 0011 1100	0
	A	 0101 000A 0011 1100	0
000D50	503C	MOVF HWI2C_BUFFERLOCATIONCOUNTERINDEX_H,W,ACCESS
	F	 0010 00DA FFFF FFFF	1258
	D	 0010 00DA 1110 1010	1
	A	 0010 001A 1110 1010	0
000D52	22EA	ADDWFC AFSR0_H,F,ACCESS
	S	1111 DDDD DDDD DDDD:1100 SSSS SSSS SSSS	1263
	D	1111 DDDD DDDD DDDD:1100 0100 1110 1111	649
000D54	C4EF F289	MOVFF INDF0,I2C1TXB
		SYSDOLOOP_S3
	K	 0000 0001 00KK KKKK	2
000000	0102	BANKSEL I2C1STAT1
	F	 1011 BBBA FFFF FFFF	664
	B	 1011 BBBA 1001 1000	5
	A	 1011 101A 1001 1000	1
000D5A	BB98	BTFSC I2C1STAT1,TXBE,BANKED
	N	 1101 0NNN NNNN NNNN	9
000D5C	D009	BRA SYSDOLOOP_E3
	K	 0000 1110 KKKK KKKK	5
000D5E	0E05	MOVLW 5
	F	 0110 111A FFFF FFFF	1280
	A	 0110 111A 0000 0000	0
000D60	6E00	MOVWF DELAYTEMP,ACCESS
		DELAYUS1
	F	 0010 11DA FFFF FFFF	1280
	D	 0010 11DA 0000 0000	1
	A	 0010 111A 0000 0000	0
000D62	2E00	DECFSZ DELAYTEMP,F,ACCESS
	N	 1101 0NNN NNNN NNNN	2046
000D64	D7FE	BRA DELAYUS1
	F	 0010 10DA FFFF FFFF	1336
	D	 0010 10DA 0011 1000	1
	A	 0010 101A 0011 1000	0
000D66	2A38	INCF HI2CWAITMSSPTIMEOUT,F,ACCESS
	F	 0010 10DA FFFF FFFF	1336
	D	 0010 10DA 0011 1000	0
	A	 0010 100A 0011 1000	0
000D68	2838	INCF HI2CWAITMSSPTIMEOUT,W,ACCESS
	F	 1011 BBBA FFFF FFFF	1240
	B	 1011 BBBA 1101 1000	2
	A	 1011 010A 1101 1000	0
000D6A	B4D8	BTFSC STATUS, Z,ACCESS
	N	 1101 0NNN NNNN NNNN	34
000D6C	D022	BRA HI2CQ24Q35STOPEXIT
	N	 1101 0NNN NNNN NNNN	2036
000D6E	D7F4	BRA SYSDOLOOP_S3
		SYSDOLOOP_E3
	S	1111 DDDD DDDD DDDD:1100 SSSS SSSS SSSS	1339
	D	1111 DDDD DDDD DDDD:1100 0101 0011 1011	1285
000D70	C53B F505	MOVFF HWI2C_BUFFERLOCATIONCOUNTERINDEX,SYSWORDTEMPA
	S	1111 DDDD DDDD DDDD:1100 SSSS SSSS SSSS	1340
	D	1111 DDDD DDDD DDDD:1100 0101 0011 1100	1286
000D74	C53C F506	MOVFF HWI2C_BUFFERLOCATIONCOUNTERINDEX_H,SYSWORDTEMPA_H
	S	1111 DDDD DDDD DDDD:1100 SSSS SSSS SSSS	1337
	D	1111 DDDD DDDD DDDD:1100 0101 0011 1001	1289
000D78	C539 F509	MOVFF HWI2C_BUFFERLOCATIONCOUNTER,SYSWORDTEMPB
	F	 0110 101A FFFF FFFF	1290
	A	 0110 101A 0000 1010	0
000D7C	6A0A	CLRF SYSWORDTEMPB_H,ACCESS
	K	 0000 0001 00KK KKKK	0
000000	0100	BANKSEL 0
	N	 1101 1NNN NNNN NNNN	328
000D80	D948	RCALL SYSCOMPLESSTHAN16
	F	 1011 BBBA FFFF FFFF	1280
	B	 1011 BBBA 0000 0000	0
	A	 1011 000A 0000 0000	0
000D82	B000	BTFSC SYSBYTETEMPX,0,ACCESS
	N	 1101 0NNN NNNN NNNN	2013
000D84	D7DD	BRA SYSFORLOOP11
		SYSFORLOOPEND11
		SYSDOLOOP_S4
	F	 0110 101A FFFF FFFF	1280
	A	 0110 101A 0000 0000	0
000D86	6A00	CLRF SYSBYTETEMPX,ACCESS
	K	 0000 0001 00KK KKKK	2
000000	0102	BANKSEL I2C1STAT0
	F	 1011 BBBA FFFF FFFF	663
	B	 1011 BBBA 1001 0111	5
	A	 1011 101A 1001 0111	1
000D8A	BB97	BTFSC I2C1STAT0,MMA,BANKED
	F	 0001 11DA FFFF FFFF	1280
	D	 0001 11DA 0000 0000	1
	A	 0001 111A 0000 0000	0
000D8C	1E00	COMF SYSBYTETEMPX,F,ACCESS
	S	1111 DDDD DDDD DDDD:1100 SSSS SSSS SSSS	1280
	D	1111 DDDD DDDD DDDD:1100 0101 0000 0000	1375
000D8E	C500 F55F	MOVFF SYSBYTETEMPX,SYSTEMP3
	S	1111 DDDD DDDD DDDD:1100 SSSS SSSS SSSS	1336
	D	1111 DDDD DDDD DDDD:1100 0101 0011 1000	1285
000D92	C538 F505	MOVFF HI2CWAITMSSPTIMEOUT,SYSBYTETEMPA
	F	 0110 100A FFFF FFFF	1289
	A	 0110 100A 0000 1001	0
000D96	6809	SETF SYSBYTETEMPB,ACCESS
	K	 0000 0001 00KK KKKK	0
000000	0100	BANKSEL 0
	N	 1101 1NNN NNNN NNNN	296
000D9A	D928	RCALL SYSCOMPEQUAL
	F	 0001 11DA FFFF FFFF	1280
	D	 0001 11DA 0000 0000	1
	A	 0001 111A 0000 0000	0
000D9C	1E00	COMF SYSBYTETEMPX,F,ACCESS
	F	 0101 00DA FFFF FFFF	1375
	D	 0101 00DA 0101 1111	0
	A	 0101 000A 0101 1111	0
000D9E	505F	MOVF SYSTEMP3,W,ACCESS
	F	 0001 01DA FFFF FFFF	1280
	D	 0001 01DA 0000 0000	0
	A	 0001 010A 0000 0000	0
000DA0	1400	ANDWF SYSBYTETEMPX,W,ACCESS
	F	 0110 111A FFFF FFFF	1371
	A	 0110 111A 0101 1011	0
000DA2	6E5B	MOVWF SYSTEMP1,ACCESS
	F	 1010 BBBA FFFF FFFF	1371
	B	 1010 BBBA 0101 1011	0
	A	 1010 000A 0101 1011	0
000DA4	A05B	BTFSS SYSTEMP1,0,ACCESS
	N	 1101 0NNN NNNN NNNN	5
000DA6	D005	BRA SYSDOLOOP_E4
	K	 0000 1110 KKKK KKKK	5
000DA8	0E05	MOVLW 5
	F	 0110 111A FFFF FFFF	1280
	A	 0110 111A 0000 0000	0
000DAA	6E00	MOVWF DELAYTEMP,ACCESS
		DELAYUS2
	F	 0010 11DA FFFF FFFF	1280
	D	 0010 11DA 0000 0000	1
	A	 0010 111A 0000 0000	0
000DAC	2E00	DECFSZ DELAYTEMP,F,ACCESS
	N	 1101 0NNN NNNN NNNN	2046
000DAE	D7FE	BRA DELAYUS2
	N	 1101 0NNN NNNN NNNN	2026
000DB0	D7EA	BRA SYSDOLOOP_S4
		SYSDOLOOP_E4
		ENDIF33
		HI2CQ24Q35STOPEXIT
	K	 0000 0001 00KK KKKK	2
000000	0102	BANKSEL I2C1PIR
	F	 1010 BBBA FFFF FFFF	665
	B	 1010 BBBA 1001 1001	7
	A	 1010 111A 1001 1001	1
000DB4	AF99	BTFSS I2C1PIR,7,BANKED
	N	 1101 0NNN NNNN NNNN	2
000DB6	D002	BRA ELSE34_1
	F	 0110 101A FFFF FFFF	1334
	A	 0110 101A 0011 0110	0
000DB8	6A36	CLRF HI2CACKPOLLSTATE,ACCESS
	N	 1101 0NNN NNNN NNNN	1
000DBA	D001	BRA ENDIF34
		ELSE34_1
	F	 0110 100A FFFF FFFF	1334
	A	 0110 100A 0011 0110	0
000DBC	6836	SETF HI2CACKPOLLSTATE,ACCESS
		ENDIF34
	F	 1001 BBBA FFFF FFFF	658
	B	 1001 BBBA 1001 0010	7
	A	 1001 111A 1001 0010	1
000DBE	9F92	BCF I2C1CON0,I2CEN,BANKED
	K	 0000 0001 00KK KKKK	0
000000	0100	BANKSEL 0
	S	 0000 0000 0001 001S	0
000DC2	0012	RETURN


		INITGLCD_SSD1306
	F	 0110 101A FFFF FFFF	1309
	A	 0110 101A 0001 1101	0
000DC4	6A1D	CLRF GLCDBACKGROUND,ACCESS
	F	 0110 101A FFFF FFFF	1310
	A	 0110 101A 0001 1110	0
000DC6	6A1E	CLRF GLCDBACKGROUND_H,ACCESS
	K	 0000 1110 KKKK KKKK	1
000DC8	0E01	MOVLW 1
	F	 0110 111A FFFF FFFF	1320
	A	 0110 111A 0010 1000	0
000DCA	6E28	MOVWF GLCDFOREGROUND,ACCESS
	F	 0110 101A FFFF FFFF	1321
	A	 0110 101A 0010 1001	0
000DCC	6A29	CLRF GLCDFOREGROUND_H,ACCESS
	K	 0000 1110 KKKK KKKK	5
000DCE	0E05	MOVLW 5
	F	 0110 111A FFFF FFFF	1319
	A	 0110 111A 0010 0111	0
000DD0	6E27	MOVWF GLCDFONTWIDTH,ACCESS
	K	 0000 1110 KKKK KKKK	7
000DD2	0E07	MOVLW 7
	F	 0110 111A FFFF FFFF	1317
	A	 0110 111A 0010 0101	0
000DD4	6E25	MOVWF GLCDFNTDEFAULTHEIGHT,ACCESS
	F	 0110 101A FFFF FFFF	1316
	A	 0110 101A 0010 0100	0
000DD6	6A24	CLRF GLCDFNTDEFAULT,ACCESS
	K	 0000 1110 KKKK KKKK	1
000DD8	0E01	MOVLW 1
	F	 0110 111A FFFF FFFF	1318
	A	 0110 111A 0010 0110	0
000DDA	6E26	MOVWF GLCDFNTDEFAULTSIZE,ACCESS
	F	 0110 100A FFFF FFFF	1282
	A	 0110 100A 0000 0010	0
000DDC	6802	SETF SYSWAITTEMPMS,ACCESS
	F	 0110 101A FFFF FFFF	1283
	A	 0110 101A 0000 0011	0
000DDE	6A03	CLRF SYSWAITTEMPMS_H,ACCESS
	N	 1101 1NNN NNNN NNNN	1088
000DE0	DC40	RCALL DELAY_MS
	K	 0000 1110 KKKK KKKK	12
000DE2	0E0C	MOVLW 12
	F	 0110 111A FFFF FFFF	1335
	A	 0110 111A 0011 0111	0
000DE4	6E37	MOVWF HI2CCURRENTMODE,ACCESS
	N	 1101 1NNN NNNN NNNN	1861
000DE6	DF45	RCALL HI2CMODE
	K	 0000 1110 KKKK KKKK	15
000DE8	0E0F	MOVLW 15
	F	 0110 111A FFFF FFFF	1282
	A	 0110 111A 0000 0010	0
000DEA	6E02	MOVWF SYSWAITTEMPMS,ACCESS
	F	 0110 101A FFFF FFFF	1283
	A	 0110 101A 0000 0011	0
000DEC	6A03	CLRF SYSWAITTEMPMS_H,ACCESS
	N	 1101 1NNN NNNN NNNN	1081
000DEE	DC39	RCALL DELAY_MS
	K	 0000 1110 KKKK KKKK	174
000DF0	0EAE	MOVLW 174
	F	 0110 111A FFFF FFFF	1359
	A	 0110 111A 0100 1111	0
000DF2	6E4F	MOVWF SSD1306SENDBYTE,ACCESS
	N	 1101 1NNN NNNN NNNN	381
000DF4	D97D	RCALL WRITE_COMMAND_SSD1306
	K	 0000 1110 KKKK KKKK	46
000DF6	0E2E	MOVLW 46
	F	 0110 111A FFFF FFFF	1359
	A	 0110 111A 0100 1111	0
000DF8	6E4F	MOVWF SSD1306SENDBYTE,ACCESS
	N	 1101 1NNN NNNN NNNN	378
000DFA	D97A	RCALL WRITE_COMMAND_SSD1306
	K	 0000 1110 KKKK KKKK	213
000DFC	0ED5	MOVLW 213
	F	 0110 111A FFFF FFFF	1359
	A	 0110 111A 0100 1111	0
000DFE	6E4F	MOVWF SSD1306SENDBYTE,ACCESS
	N	 1101 1NNN NNNN NNNN	375
000E00	D977	RCALL WRITE_COMMAND_SSD1306
	K	 0000 1110 KKKK KKKK	128
000E02	0E80	MOVLW 128
	F	 0110 111A FFFF FFFF	1359
	A	 0110 111A 0100 1111	0
000E04	6E4F	MOVWF SSD1306SENDBYTE,ACCESS
	N	 1101 1NNN NNNN NNNN	372
000E06	D974	RCALL WRITE_COMMAND_SSD1306
	K	 0000 1110 KKKK KKKK	168
000E08	0EA8	MOVLW 168
	F	 0110 111A FFFF FFFF	1359
	A	 0110 111A 0100 1111	0
000E0A	6E4F	MOVWF SSD1306SENDBYTE,ACCESS
	N	 1101 1NNN NNNN NNNN	369
000E0C	D971	RCALL WRITE_COMMAND_SSD1306
	K	 0000 1110 KKKK KKKK	63
000E0E	0E3F	MOVLW 63
	F	 0110 111A FFFF FFFF	1359
	A	 0110 111A 0100 1111	0
000E10	6E4F	MOVWF SSD1306SENDBYTE,ACCESS
	N	 1101 1NNN NNNN NNNN	366
000E12	D96E	RCALL WRITE_COMMAND_SSD1306
	K	 0000 1110 KKKK KKKK	211
000E14	0ED3	MOVLW 211
	F	 0110 111A FFFF FFFF	1359
	A	 0110 111A 0100 1111	0
000E16	6E4F	MOVWF SSD1306SENDBYTE,ACCESS
	N	 1101 1NNN NNNN NNNN	363
000E18	D96B	RCALL WRITE_COMMAND_SSD1306
	F	 0110 101A FFFF FFFF	1359
	A	 0110 101A 0100 1111	0
000E1A	6A4F	CLRF SSD1306SENDBYTE,ACCESS
	N	 1101 1NNN NNNN NNNN	361
000E1C	D969	RCALL WRITE_COMMAND_SSD1306
	K	 0000 1110 KKKK KKKK	64
000E1E	0E40	MOVLW 64
	F	 0110 111A FFFF FFFF	1359
	A	 0110 111A 0100 1111	0
000E20	6E4F	MOVWF SSD1306SENDBYTE,ACCESS
	N	 1101 1NNN NNNN NNNN	358
000E22	D966	RCALL WRITE_COMMAND_SSD1306
	K	 0000 1110 KKKK KKKK	141
000E24	0E8D	MOVLW 141
	F	 0110 111A FFFF FFFF	1359
	A	 0110 111A 0100 1111	0
000E26	6E4F	MOVWF SSD1306SENDBYTE,ACCESS
	N	 1101 1NNN NNNN NNNN	355
000E28	D963	RCALL WRITE_COMMAND_SSD1306
	K	 0000 1110 KKKK KKKK	20
000E2A	0E14	MOVLW 20
	F	 0110 111A FFFF FFFF	1359
	A	 0110 111A 0100 1111	0
000E2C	6E4F	MOVWF SSD1306SENDBYTE,ACCESS
	N	 1101 1NNN NNNN NNNN	352
000E2E	D960	RCALL WRITE_COMMAND_SSD1306
	K	 0000 1110 KKKK KKKK	32
000E30	0E20	MOVLW 32
	F	 0110 111A FFFF FFFF	1359
	A	 0110 111A 0100 1111	0
000E32	6E4F	MOVWF SSD1306SENDBYTE,ACCESS
	N	 1101 1NNN NNNN NNNN	349
000E34	D95D	RCALL WRITE_COMMAND_SSD1306
	K	 0000 1110 KKKK KKKK	16
000E36	0E10	MOVLW 16
	F	 0110 111A FFFF FFFF	1359
	A	 0110 111A 0100 1111	0
000E38	6E4F	MOVWF SSD1306SENDBYTE,ACCESS
	N	 1101 1NNN NNNN NNNN	346
000E3A	D95A	RCALL WRITE_COMMAND_SSD1306
	K	 0000 1110 KKKK KKKK	161
000E3C	0EA1	MOVLW 161
	F	 0110 111A FFFF FFFF	1359
	A	 0110 111A 0100 1111	0
000E3E	6E4F	MOVWF SSD1306SENDBYTE,ACCESS
	N	 1101 1NNN NNNN NNNN	343
000E40	D957	RCALL WRITE_COMMAND_SSD1306
	K	 0000 1110 KKKK KKKK	200
000E42	0EC8	MOVLW 200
	F	 0110 111A FFFF FFFF	1359
	A	 0110 111A 0100 1111	0
000E44	6E4F	MOVWF SSD1306SENDBYTE,ACCESS
	N	 1101 1NNN NNNN NNNN	340
000E46	D954	RCALL WRITE_COMMAND_SSD1306
	K	 0000 1110 KKKK KKKK	218
000E48	0EDA	MOVLW 218
	F	 0110 111A FFFF FFFF	1359
	A	 0110 111A 0100 1111	0
000E4A	6E4F	MOVWF SSD1306SENDBYTE,ACCESS
	N	 1101 1NNN NNNN NNNN	337
000E4C	D951	RCALL WRITE_COMMAND_SSD1306
	K	 0000 1110 KKKK KKKK	18
000E4E	0E12	MOVLW 18
	F	 0110 111A FFFF FFFF	1359
	A	 0110 111A 0100 1111	0
000E50	6E4F	MOVWF SSD1306SENDBYTE,ACCESS
	N	 1101 1NNN NNNN NNNN	334
000E52	D94E	RCALL WRITE_COMMAND_SSD1306
	K	 0000 1110 KKKK KKKK	129
000E54	0E81	MOVLW 129
	F	 0110 111A FFFF FFFF	1359
	A	 0110 111A 0100 1111	0
000E56	6E4F	MOVWF SSD1306SENDBYTE,ACCESS
	N	 1101 1NNN NNNN NNNN	331
000E58	D94B	RCALL WRITE_COMMAND_SSD1306
	K	 0000 1110 KKKK KKKK	207
000E5A	0ECF	MOVLW 207
	F	 0110 111A FFFF FFFF	1359
	A	 0110 111A 0100 1111	0
000E5C	6E4F	MOVWF SSD1306SENDBYTE,ACCESS
	N	 1101 1NNN NNNN NNNN	328
000E5E	D948	RCALL WRITE_COMMAND_SSD1306
	K	 0000 1110 KKKK KKKK	217
000E60	0ED9	MOVLW 217
	F	 0110 111A FFFF FFFF	1359
	A	 0110 111A 0100 1111	0
000E62	6E4F	MOVWF SSD1306SENDBYTE,ACCESS
	N	 1101 1NNN NNNN NNNN	325
000E64	D945	RCALL WRITE_COMMAND_SSD1306
	K	 0000 1110 KKKK KKKK	241
000E66	0EF1	MOVLW 241
	F	 0110 111A FFFF FFFF	1359
	A	 0110 111A 0100 1111	0
000E68	6E4F	MOVWF SSD1306SENDBYTE,ACCESS
	N	 1101 1NNN NNNN NNNN	322
000E6A	D942	RCALL WRITE_COMMAND_SSD1306
	K	 0000 1110 KKKK KKKK	219
000E6C	0EDB	MOVLW 219
	F	 0110 111A FFFF FFFF	1359
	A	 0110 111A 0100 1111	0
000E6E	6E4F	MOVWF SSD1306SENDBYTE,ACCESS
	N	 1101 1NNN NNNN NNNN	319
000E70	D93F	RCALL WRITE_COMMAND_SSD1306
	K	 0000 1110 KKKK KKKK	64
000E72	0E40	MOVLW 64
	F	 0110 111A FFFF FFFF	1359
	A	 0110 111A 0100 1111	0
000E74	6E4F	MOVWF SSD1306SENDBYTE,ACCESS
	N	 1101 1NNN NNNN NNNN	316
000E76	D93C	RCALL WRITE_COMMAND_SSD1306
	K	 0000 1110 KKKK KKKK	164
000E78	0EA4	MOVLW 164
	F	 0110 111A FFFF FFFF	1359
	A	 0110 111A 0100 1111	0
000E7A	6E4F	MOVWF SSD1306SENDBYTE,ACCESS
	N	 1101 1NNN NNNN NNNN	313
000E7C	D939	RCALL WRITE_COMMAND_SSD1306
	K	 0000 1110 KKKK KKKK	166
000E7E	0EA6	MOVLW 166
	F	 0110 111A FFFF FFFF	1359
	A	 0110 111A 0100 1111	0
000E80	6E4F	MOVWF SSD1306SENDBYTE,ACCESS
	N	 1101 1NNN NNNN NNNN	310
000E82	D936	RCALL WRITE_COMMAND_SSD1306
	N	 1101 1NNN NNNN NNNN	1398
000E84	DD76	RCALL GLCDCLS_SSD1306
	K	 0000 1110 KKKK KKKK	175
000E86	0EAF	MOVLW 175
	F	 0110 111A FFFF FFFF	1359
	A	 0110 111A 0100 1111	0
000E88	6E4F	MOVWF SSD1306SENDBYTE,ACCESS
	N	 1101 0NNN NNNN NNNN	306
000E8A	D132	BRA WRITE_COMMAND_SSD1306


		INITPPS
	K	 0000 0001 00KK KKKK	1
000000	0101	BANKSEL TRISC
	F	 1001 BBBA FFFF FFFF	330
	B	 1001 BBBA 0100 1010	6
	A	 1001 110A 0100 1010	1
000E8E	9D4A	BCF TRISC,6,BANKED
	K	 0000 1110 KKKK KKKK	21
000E90	0E15	MOVLW 21
	K	 0000 0001 00KK KKKK	2
000000	0102	BANKSEL U1RXPPS
	F	 0110 111A FFFF FFFF	626
	A	 0110 111A 0111 0010	1
000E94	6F72	MOVWF U1RXPPS,BANKED
	K	 0000 1110 KKKK KKKK	18
000E96	0E12	MOVLW 18
	F	 0110 111A FFFF FFFF	535
	A	 0110 111A 0001 0111	1
000E98	6F17	MOVWF RC6PPS,BANKED
	K	 0000 1110 KKKK KKKK	19
000E9A	0E13	MOVLW 19
	F	 0110 111A FFFF FFFF	625
	A	 0110 111A 0111 0001	1
000E9C	6F71	MOVWF I2C1SCLPPS,BANKED
	K	 0000 1110 KKKK KKKK	29
000E9E	0E1D	MOVLW 29
	F	 0110 111A FFFF FFFF	532
	A	 0110 111A 0001 0100	1
000EA0	6F14	MOVWF RC3PPS,BANKED
	K	 0000 1110 KKKK KKKK	20
000EA2	0E14	MOVLW 20
	F	 0110 111A FFFF FFFF	624
	A	 0110 111A 0111 0000	1
000EA4	6F70	MOVWF I2C1SDAPPS,BANKED
	K	 0000 1110 KKKK KKKK	30
000EA6	0E1E	MOVLW 30
	F	 0110 111A FFFF FFFF	533
	A	 0110 111A 0001 0101	1
000EA8	6F15	MOVWF RC4PPS,BANKED
	K	 0000 0001 00KK KKKK	0
000000	0100	BANKSEL 0
	S	 0000 0000 0001 001S	0
000EAC	0012	RETURN


		INITSYS
	K	 0000 0001 00KK KKKK	0
000EAE	0100	MOVLB 0
	K	 0000 1110 KKKK KKKK	96
000EB0	0E60	MOVLW 96
	F	 0110 111A FFFF FFFF	173
	A	 0110 111A 1010 1101	1
000EB2	6FAD	MOVWF OSCCON1,BANKED
	F	 0110 101A FFFF FFFF	175
	A	 0110 101A 1010 1111	1
000EB4	6BAF	CLRF OSCCON3,BANKED
	F	 0110 101A FFFF FFFF	179
	A	 0110 101A 1011 0011	1
000EB6	6BB3	CLRF OSCEN,BANKED
	F	 0110 101A FFFF FFFF	176
	A	 0110 101A 1011 0000	1
000EB8	6BB0	CLRF OSCTUNE,BANKED
	K	 0000 1110 KKKK KKKK	96
000EBA	0E60	MOVLW 96
	F	 0110 111A FFFF FFFF	173
	A	 0110 111A 1010 1101	1
000EBC	6FAD	MOVWF OSCCON1,BANKED
	K	 0000 1110 KKKK KKKK	8
000EBE	0E08	MOVLW 8
	F	 0110 111A FFFF FFFF	177
	A	 0110 111A 1011 0001	1
000EC0	6FB1	MOVWF OSCFRQ,BANKED
	F	 0110 101A FFFF FFFF	1272
	A	 0110 101A 1111 1000	0
000EC2	6AF8	CLRF TBLPTRU,ACCESS
	K	 0000 0001 00KK KKKK	3
000000	0103	BANKSEL ADCON0
	F	 1001 BBBA FFFF FFFF	1011
	B	 1001 BBBA 1111 0011	2
	A	 1001 010A 1111 0011	1
000EC6	95F3	BCF ADCON0,ADFM0,BANKED
	F	 1001 BBBA FFFF FFFF	1011
	B	 1001 BBBA 1111 0011	7
	A	 1001 111A 1111 0011	1
000EC8	9FF3	BCF ADCON0,ADON,BANKED
	K	 0000 0001 00KK KKKK	4
000000	0104	BANKSEL ANSELA
	F	 0110 101A FFFF FFFF	1024
	A	 0110 101A 0000 0000	1
000ECC	6B00	CLRF ANSELA,BANKED
	F	 0110 101A FFFF FFFF	1032
	A	 0110 101A 0000 1000	1
000ECE	6B08	CLRF ANSELB,BANKED
	F	 0110 101A FFFF FFFF	1040
	A	 0110 101A 0001 0000	1
000ED0	6B10	CLRF ANSELC,BANKED
	F	 0110 101A FFFF FFFF	1056
	A	 0110 101A 0010 0000	1
000ED2	6B20	CLRF ANSELE,BANKED
	K	 0000 0001 00KK KKKK	0
000000	0100	BANKSEL CM2CON0
	F	 1001 BBBA FFFF FFFF	116
	B	 1001 BBBA 0111 0100	7
	A	 1001 111A 0111 0100	1
000ED6	9F74	BCF CM2CON0,C2EN,BANKED
	F	 1001 BBBA FFFF FFFF	112
	B	 1001 BBBA 0111 0000	7
	A	 1001 111A 0111 0000	1
000ED8	9F70	BCF CM1CON0,C1EN,BANKED
	K	 0000 0001 00KK KKKK	1
000000	0101	BANKSEL PORTA
	F	 0110 101A FFFF FFFF	336
	A	 0110 101A 0101 0000	1
000EDC	6B50	CLRF PORTA,BANKED
	F	 0110 101A FFFF FFFF	337
	A	 0110 101A 0101 0001	1
000EDE	6B51	CLRF PORTB,BANKED
	F	 0110 101A FFFF FFFF	338
	A	 0110 101A 0101 0010	1
000EE0	6B52	CLRF PORTC,BANKED
	F	 0110 101A FFFF FFFF	339
	A	 0110 101A 0101 0011	1
000EE2	6B53	CLRF PORTD,BANKED
	F	 0110 101A FFFF FFFF	340
	A	 0110 101A 0101 0100	1
000EE4	6B54	CLRF PORTE,BANKED
	K	 0000 0001 00KK KKKK	0
000000	0100	BANKSEL 0
	S	 0000 0000 0001 001S	0
000EE8	0012	RETURN


		PSET_SSD1306
	S	1111 DDDD DDDD DDDD:1100 SSSS SSSS SSSS	1327
	D	1111 DDDD DDDD DDDD:1100 0101 0010 1111	1285
000EEA	C52F F505	MOVFF GLCDX,SYSBYTETEMPA
	K	 0000 1110 KKKK KKKK	128
000EEE	0E80	MOVLW 128
	F	 0110 111A FFFF FFFF	1289
	A	 0110 111A 0000 1001	0
000EF0	6E09	MOVWF SYSBYTETEMPB,ACCESS
	N	 1101 1NNN NNNN NNNN	138
000EF2	D88A	RCALL SYSCOMPLESSTHAN
	F	 0001 11DA FFFF FFFF	1280
	D	 0001 11DA 0000 0000	1
	A	 0001 111A 0000 0000	0
000EF4	1E00	COMF SYSBYTETEMPX,F,ACCESS
	S	1111 DDDD DDDD DDDD:1100 SSSS SSSS SSSS	1280
	D	1111 DDDD DDDD DDDD:1100 0101 0000 0000	1375
000EF6	C500 F55F	MOVFF SYSBYTETEMPX,SYSTEMP3
	S	1111 DDDD DDDD DDDD:1100 SSSS SSSS SSSS	1328
	D	1111 DDDD DDDD DDDD:1100 0101 0011 0000	1285
000EFA	C530 F505	MOVFF GLCDY,SYSBYTETEMPA
	K	 0000 1110 KKKK KKKK	64
000EFE	0E40	MOVLW 64
	F	 0110 111A FFFF FFFF	1289
	A	 0110 111A 0000 1001	0
000F00	6E09	MOVWF SYSBYTETEMPB,ACCESS
	N	 1101 1NNN NNNN NNNN	130
000F02	D882	RCALL SYSCOMPLESSTHAN
	F	 0001 11DA FFFF FFFF	1280
	D	 0001 11DA 0000 0000	1
	A	 0001 111A 0000 0000	0
000F04	1E00	COMF SYSBYTETEMPX,F,ACCESS
	F	 0101 00DA FFFF FFFF	1375
	D	 0101 00DA 0101 1111	0
	A	 0101 000A 0101 1111	0
000F06	505F	MOVF SYSTEMP3,W,ACCESS
	F	 0001 00DA FFFF FFFF	1280
	D	 0001 00DA 0000 0000	0
	A	 0001 000A 0000 0000	0
000F08	1000	IORWF SYSBYTETEMPX,W,ACCESS
	F	 0110 111A FFFF FFFF	1371
	A	 0110 111A 0101 1011	0
000F0A	6E5B	MOVWF SYSTEMP1,ACCESS
	F	 1011 BBBA FFFF FFFF	1371
	B	 1011 BBBA 0101 1011	0
	A	 1011 000A 0101 1011	0
000F0C	B05B	BTFSC SYSTEMP1,0,ACCESS
	S	 0000 0000 0001 001S	0
000F0E	0012	RETURN
	S	1111 DDDD DDDD DDDD:1100 SSSS SSSS SSSS	1328
	D	1111 DDDD DDDD DDDD:1100 0101 0011 0000	1360
000F10	C530 F550	MOVFF GLCDY,SSD1306_BUFFERLOCATIONCALC
	F	 0110 101A FFFF FFFF	1361
	A	 0110 101A 0101 0001	0
000F14	6A51	CLRF SSD1306_BUFFERLOCATIONCALC_H,ACCESS
	K	 0000 1110 KKKK KKKK	3
000F16	0E03	MOVLW 3
	F	 0110 111A FFFF FFFF	1369
	A	 0110 111A 0101 1001	0
000F18	6E59	MOVWF SYSREPEATTEMP1,ACCESS
		SYSREPEATLOOP1
	F	 1001 BBBA FFFF FFFF	1240
	B	 1001 BBBA 1101 1000	0
	A	 1001 000A 1101 1000	0
000F1A	90D8	BCF STATUS,C,ACCESS
	F	 0011 00DA FFFF FFFF	1361
	D	 0011 00DA 0101 0001	1
	A	 0011 001A 0101 0001	0
000F1C	3251	RRCF SSD1306_BUFFERLOCATIONCALC_H,F,ACCESS
	F	 0011 00DA FFFF FFFF	1360
	D	 0011 00DA 0101 0000	1
	A	 0011 001A 0101 0000	0
000F1E	3250	RRCF SSD1306_BUFFERLOCATIONCALC,F,ACCESS
	F	 0010 11DA FFFF FFFF	1369
	D	 0010 11DA 0101 1001	1
	A	 0010 111A 0101 1001	0
000F20	2E59	DECFSZ SYSREPEATTEMP1,F,ACCESS
	N	 1101 0NNN NNNN NNNN	2043
000F22	D7FB	BRA SYSREPEATLOOP1
		SYSREPEATLOOPEND1
	F	 1001 BBBA FFFF FFFF	1240
	B	 1001 BBBA 1101 1000	0
	A	 1001 000A 1101 1000	0
000F24	90D8	BCF STATUS,C,ACCESS
	K	 0000 1110 KKKK KKKK	7
000F26	0E07	MOVLW 7
	F	 0110 111A FFFF FFFF	1369
	A	 0110 111A 0101 1001	0
000F28	6E59	MOVWF SYSREPEATTEMP1,ACCESS
		SYSREPEATLOOP2
	F	 0011 01DA FFFF FFFF	1360
	D	 0011 01DA 0101 0000	1
	A	 0011 011A 0101 0000	0
000F2A	3650	RLCF SSD1306_BUFFERLOCATIONCALC,F,ACCESS
	F	 0011 01DA FFFF FFFF	1361
	D	 0011 01DA 0101 0001	1
	A	 0011 011A 0101 0001	0
000F2C	3651	RLCF SSD1306_BUFFERLOCATIONCALC_H,F,ACCESS
	F	 0010 11DA FFFF FFFF	1369
	D	 0010 11DA 0101 1001	1
	A	 0010 111A 0101 1001	0
000F2E	2E59	DECFSZ SYSREPEATTEMP1,F,ACCESS
	N	 1101 0NNN NNNN NNNN	2044
000F30	D7FC	BRA SYSREPEATLOOP2
		SYSREPEATLOOPEND2
	F	 0101 00DA FFFF FFFF	1360
	D	 0101 00DA 0101 0000	0
	A	 0101 000A 0101 0000	0
000F32	5050	MOVF SSD1306_BUFFERLOCATIONCALC,W,ACCESS
	F	 0010 01DA FFFF FFFF	1327
	D	 0010 01DA 0010 1111	0
	A	 0010 010A 0010 1111	0
000F34	242F	ADDWF GLCDX,W,ACCESS
	F	 0110 111A FFFF FFFF	1371
	A	 0110 111A 0101 1011	0
000F36	6E5B	MOVWF SYSTEMP1,ACCESS
	F	 0110 101A FFFF FFFF	1375
	A	 0110 101A 0101 1111	0
000F38	6A5F	CLRF SYSTEMP3,ACCESS
	F	 0101 00DA FFFF FFFF	1361
	D	 0101 00DA 0101 0001	0
	A	 0101 000A 0101 0001	0
000F3A	5051	MOVF SSD1306_BUFFERLOCATIONCALC_H,W,ACCESS
	F	 0010 00DA FFFF FFFF	1375
	D	 0010 00DA 0101 1111	0
	A	 0010 000A 0101 1111	0
000F3C	205F	ADDWFC SYSTEMP3,W,ACCESS
	F	 0110 111A FFFF FFFF	1372
	A	 0110 111A 0101 1100	0
000F3E	6E5C	MOVWF SYSTEMP1_H,ACCESS
	K	 0000 1110 KKKK KKKK	1
000F40	0E01	MOVLW 1
	F	 0010 01DA FFFF FFFF	1371
	D	 0010 01DA 0101 1011	0
	A	 0010 010A 0101 1011	0
000F42	245B	ADDWF SYSTEMP1,W,ACCESS
	F	 0110 111A FFFF FFFF	1360
	A	 0110 111A 0101 0000	0
000F44	6E50	MOVWF SSD1306_BUFFERLOCATIONCALC,ACCESS
	K	 0000 1110 KKKK KKKK	0
000F46	0E00	MOVLW 0
	F	 0010 00DA FFFF FFFF	1372
	D	 0010 00DA 0101 1100	0
	A	 0010 000A 0101 1100	0
000F48	205C	ADDWFC SYSTEMP1_H,W,ACCESS
	F	 0110 111A FFFF FFFF	1361
	A	 0110 111A 0101 0001	0
000F4A	6E51	MOVWF SSD1306_BUFFERLOCATIONCALC_H,ACCESS
	S	1111 DDDD DDDD DDDD:1100 SSSS SSSS SSSS	1360
	D	1111 DDDD DDDD DDDD:1100 0101 0101 0000	1289
000F4C	C550 F509	MOVFF SSD1306_BUFFERLOCATIONCALC,SYSWORDTEMPB
	S	1111 DDDD DDDD DDDD:1100 SSSS SSSS SSSS	1361
	D	1111 DDDD DDDD DDDD:1100 0101 0101 0001	1290
000F50	C551 F50A	MOVFF SSD1306_BUFFERLOCATIONCALC_H,SYSWORDTEMPB_H
	F	 0110 101A FFFF FFFF	1285
	A	 0110 101A 0000 0101	0
000F54	6A05	CLRF SYSWORDTEMPA,ACCESS
	K	 0000 1110 KKKK KKKK	32
000F56	0E20	MOVLW 32
	F	 0110 111A FFFF FFFF	1286
	A	 0110 111A 0000 0110	0
000F58	6E06	MOVWF SYSWORDTEMPA_H,ACCESS
	N	 1101 1NNN NNNN NNNN	91
000F5A	D85B	RCALL SYSCOMPLESSTHAN16
	F	 1011 BBBA FFFF FFFF	1280
	B	 1011 BBBA 0000 0000	0
	A	 1011 000A 0000 0000	0
000F5C	B000	BTFSC SYSBYTETEMPX,0,ACCESS
	S	 0000 0000 0001 001S	0
000F5E	0012	RETURN
	F	1110 1110 00FF KKKK:1111 00KK KKKK KKKK	0
	K	1110 1110 0000 KKKK:1111 00KK KKKK KKKK	4351
000F60	EE04 F0FF	LFSR 0,SSD1306_BUFFERALIAS
	F	 0101 00DA FFFF FFFF	1360
	D	 0101 00DA 0101 0000	0
	A	 0101 000A 0101 0000	0
000F64	5050	MOVF SSD1306_BUFFERLOCATIONCALC,W,ACCESS
	F	 0010 01DA FFFF FFFF	1257
	D	 0010 01DA 1110 1001	1
	A	 0010 011A 1110 1001	0
000F66	26E9	ADDWF AFSR0,F,ACCESS
	F	 0101 00DA FFFF FFFF	1361
	D	 0101 00DA 0101 0001	0
	A	 0101 000A 0101 0001	0
000F68	5051	MOVF SSD1306_BUFFERLOCATIONCALC_H,W,ACCESS
	F	 0010 00DA FFFF FFFF	1258
	D	 0010 00DA 1110 1010	1
	A	 0010 001A 1110 1010	0
000F6A	22EA	ADDWFC AFSR0_H,F,ACCESS
	S	1111 DDDD DDDD DDDD:1100 SSSS SSSS SSSS	1263
	D	1111 DDDD DDDD DDDD:1100 0100 1110 1111	1315
000F6C	C4EF F523	MOVFF INDF0,GLCDDATATEMP
	K	 0000 1110 KKKK KKKK	7
000F70	0E07	MOVLW 7
	F	 0001 01DA FFFF FFFF	1328
	D	 0001 01DA 0011 0000	0
	A	 0001 010A 0011 0000	0
000F72	1430	ANDWF GLCDY,W,ACCESS
	F	 0110 111A FFFF FFFF	1311
	A	 0110 111A 0001 1111	0
000F74	6E1F	MOVWF GLCDBITNO,ACCESS
	F	 1011 BBBA FFFF FFFF	1313
	B	 1011 BBBA 0010 0001	0
	A	 1011 000A 0010 0001	0
000F76	B021	BTFSC GLCDCOLOUR,0,ACCESS
	N	 1101 0NNN NNNN NNNN	4
000F78	D004	BRA ELSE29_1
	K	 0000 1110 KKKK KKKK	254
000F7A	0EFE	MOVLW 254
	F	 0110 111A FFFF FFFF	1312
	A	 0110 111A 0010 0000	0
000F7C	6E20	MOVWF GLCDCHANGE,ACCESS
	F	 1000 BBBA FFFF FFFF	1240
	B	 1000 BBBA 1101 1000	0
	A	 1000 000A 1101 1000	0
000F7E	80D8	BSF STATUS,C,ACCESS
	N	 1101 0NNN NNNN NNNN	3
000F80	D003	BRA ENDIF29
		ELSE29_1
	K	 0000 1110 KKKK KKKK	1
000F82	0E01	MOVLW 1
	F	 0110 111A FFFF FFFF	1312
	A	 0110 111A 0010 0000	0
000F84	6E20	MOVWF GLCDCHANGE,ACCESS
	F	 1001 BBBA FFFF FFFF	1240
	B	 1001 BBBA 1101 1000	0
	A	 1001 000A 1101 1000	0
000F86	90D8	BCF STATUS,C,ACCESS
		ENDIF29
	S	1111 DDDD DDDD DDDD:1100 SSSS SSSS SSSS	1311
	D	1111 DDDD DDDD DDDD:1100 0101 0001 1111	1369
000F88	C51F F559	MOVFF GLCDBITNO,SYSREPEATTEMP1
	F	 0101 00DA FFFF FFFF	1369
	D	 0101 00DA 0101 1001	1
	A	 0101 001A 0101 1001	0
000F8C	5259	MOVF SYSREPEATTEMP1,F,ACCESS
	F	 1011 BBBA FFFF FFFF	1240
	B	 1011 BBBA 1101 1000	2
	A	 1011 010A 1101 1000	0
000F8E	B4D8	BTFSC STATUS, Z,ACCESS
	N	 1101 0NNN NNNN NNNN	3
000F90	D003	BRA SYSREPEATLOOPEND3
		SYSREPEATLOOP3
	F	 0011 01DA FFFF FFFF	1312
	D	 0011 01DA 0010 0000	1
	A	 0011 011A 0010 0000	0
000F92	3620	RLCF GLCDCHANGE,F,ACCESS
	F	 0010 11DA FFFF FFFF	1369
	D	 0010 11DA 0101 1001	1
	A	 0010 111A 0101 1001	0
000F94	2E59	DECFSZ SYSREPEATTEMP1,F,ACCESS
	N	 1101 0NNN NNNN NNNN	2045
000F96	D7FD	BRA SYSREPEATLOOP3
		SYSREPEATLOOPEND3
	F	 1011 BBBA FFFF FFFF	1313
	B	 1011 BBBA 0010 0001	0
	A	 1011 000A 0010 0001	0
000F98	B021	BTFSC GLCDCOLOUR,0,ACCESS
	N	 1101 0NNN NNNN NNNN	4
000F9A	D004	BRA ELSE30_1
	F	 0101 00DA FFFF FFFF	1315
	D	 0101 00DA 0010 0011	0
	A	 0101 000A 0010 0011	0
000F9C	5023	MOVF GLCDDATATEMP,W,ACCESS
	F	 0001 01DA FFFF FFFF	1312
	D	 0001 01DA 0010 0000	0
	A	 0001 010A 0010 0000	0
000F9E	1420	ANDWF GLCDCHANGE,W,ACCESS
	F	 0110 111A FFFF FFFF	1315
	A	 0110 111A 0010 0011	0
000FA0	6E23	MOVWF GLCDDATATEMP,ACCESS
	N	 1101 0NNN NNNN NNNN	3
000FA2	D003	BRA ENDIF30
		ELSE30_1
	F	 0101 00DA FFFF FFFF	1315
	D	 0101 00DA 0010 0011	0
	A	 0101 000A 0010 0011	0
000FA4	5023	MOVF GLCDDATATEMP,W,ACCESS
	F	 0001 00DA FFFF FFFF	1312
	D	 0001 00DA 0010 0000	0
	A	 0001 000A 0010 0000	0
000FA6	1020	IORWF GLCDCHANGE,W,ACCESS
	F	 0110 111A FFFF FFFF	1315
	A	 0110 111A 0010 0011	0
000FA8	6E23	MOVWF GLCDDATATEMP,ACCESS
		ENDIF30
	F	1110 1110 00FF KKKK:1111 00KK KKKK KKKK	0
	K	1110 1110 0000 KKKK:1111 00KK KKKK KKKK	4351
000FAA	EE04 F0FF	LFSR 0,SSD1306_BUFFERALIAS
	F	 0101 00DA FFFF FFFF	1360
	D	 0101 00DA 0101 0000	0
	A	 0101 000A 0101 0000	0
000FAE	5050	MOVF SSD1306_BUFFERLOCATIONCALC,W,ACCESS
	F	 0010 01DA FFFF FFFF	1257
	D	 0010 01DA 1110 1001	1
	A	 0010 011A 1110 1001	0
000FB0	26E9	ADDWF AFSR0,F,ACCESS
	F	 0101 00DA FFFF FFFF	1361
	D	 0101 00DA 0101 0001	0
	A	 0101 000A 0101 0001	0
000FB2	5051	MOVF SSD1306_BUFFERLOCATIONCALC_H,W,ACCESS
	F	 0010 00DA FFFF FFFF	1258
	D	 0010 00DA 1110 1010	1
	A	 0010 001A 1110 1010	0
000FB4	22EA	ADDWFC AFSR0_H,F,ACCESS
	F	 0101 00DA FFFF FFFF	1315
	D	 0101 00DA 0010 0011	0
	A	 0101 000A 0010 0011	0
000FB6	5023	MOVF GLCDDATATEMP,W,ACCESS
	F	 0101 11DA FFFF FFFF	1263
	D	 0101 11DA 1110 1111	0
	A	 0101 110A 1110 1111	0
000FB8	5CEF	SUBWF INDF0,W,ACCESS
	F	 1011 BBBA FFFF FFFF	1240
	B	 1011 BBBA 1101 1000	2
	A	 1011 010A 1101 1000	0
000FBA	B4D8	BTFSC STATUS, Z,ACCESS
	N	 1101 0NNN NNNN NNNN	17
000FBC	D011	BRA ENDIF31
	F	1110 1110 00FF KKKK:1111 00KK KKKK KKKK	0
	K	1110 1110 0000 KKKK:1111 00KK KKKK KKKK	4351
000FBE	EE04 F0FF	LFSR 0,SSD1306_BUFFERALIAS
	F	 0101 00DA FFFF FFFF	1360
	D	 0101 00DA 0101 0000	0
	A	 0101 000A 0101 0000	0
000FC2	5050	MOVF SSD1306_BUFFERLOCATIONCALC,W,ACCESS
	F	 0010 01DA FFFF FFFF	1257
	D	 0010 01DA 1110 1001	1
	A	 0010 011A 1110 1001	0
000FC4	26E9	ADDWF AFSR0,F,ACCESS
	F	 0101 00DA FFFF FFFF	1361
	D	 0101 00DA 0101 0001	0
	A	 0101 000A 0101 0001	0
000FC6	5051	MOVF SSD1306_BUFFERLOCATIONCALC_H,W,ACCESS
	F	 0010 00DA FFFF FFFF	1258
	D	 0010 00DA 1110 1010	1
	A	 0010 001A 1110 1010	0
000FC8	22EA	ADDWFC AFSR0_H,F,ACCESS
	S	1111 DDDD DDDD DDDD:1100 SSSS SSSS SSSS	1315
	D	1111 DDDD DDDD DDDD:1100 0101 0010 0011	1263
000FCA	C523 F4EF	MOVFF GLCDDATATEMP,INDF0
	S	1111 DDDD DDDD DDDD:1100 SSSS SSSS SSSS	1327
	D	1111 DDDD DDDD DDDD:1100 0101 0010 1111	1346
000FCE	C52F F542	MOVFF GLCDX,LOCX
	S	1111 DDDD DDDD DDDD:1100 SSSS SSSS SSSS	1328
	D	1111 DDDD DDDD DDDD:1100 0101 0011 0000	1347
000FD2	C530 F543	MOVFF GLCDY,LOCY
	K	1111 KKKK KKKK KKKK:1110 110S KKKK KKKK	1544
	S	1111 0000 0000 0011:1110 110S 0000 0100	0
000FD6	EC04 F003	CALL CURSOR_POSITION_SSD1306
	S	1111 DDDD DDDD DDDD:1100 SSSS SSSS SSSS	1315
	D	1111 DDDD DDDD DDDD:1100 0101 0010 0011	1359
000FDA	C523 F54F	MOVFF GLCDDATATEMP,SSD1306SENDBYTE
	N	 1101 1NNN NNNN NNNN	146
000FDE	D892	RCALL WRITE_DATA_SSD1306
		ENDIF31
	S	 0000 0000 0001 001S	0
000FE0	0012	RETURN


		SI2CSTART
	K	 0000 1110 KKKK KKKK	1
000FE2	0E01	MOVLW 1
	F	 0110 111A FFFF FFFF	1333
	A	 0110 111A 0011 0101	0
000FE4	6E35	MOVWF HI2C1STATEMACHINE,ACCESS
	F	 0110 101A FFFF FFFF	1336
	A	 0110 101A 0011 1000	0
000FE6	6A38	CLRF HI2CWAITMSSPTIMEOUT,ACCESS
	F	 0110 101A FFFF FFFF	1332
	A	 0110 101A 0011 0100	0
000FE8	6A34	CLRF HI2C1LASTERROR,ACCESS
	S	 0000 0000 0001 001S	0
000FEA	0012	RETURN


		SYSCOMPEQUAL
	F	 0110 100A FFFF FFFF	1280
	A	 0110 100A 0000 0000	0
000FEC	6800	SETF SYSBYTETEMPX,ACCESS
	F	 0101 00DA FFFF FFFF	1289
	D	 0101 00DA 0000 1001	0
	A	 0101 000A 0000 1001	0
000FEE	5009	MOVF SYSBYTETEMPB, W,ACCESS
	F	 0110 001A FFFF FFFF	1285
	A	 0110 001A 0000 0101	0
000FF0	6205	CPFSEQ SYSBYTETEMPA,ACCESS
	F	 0110 101A FFFF FFFF	1280
	A	 0110 101A 0000 0000	0
000FF2	6A00	CLRF SYSBYTETEMPX,ACCESS
	S	 0000 0000 0001 001S	0
000FF4	0012	RETURN


		SYSCOMPEQUAL16
	F	 0110 101A FFFF FFFF	1280
	A	 0110 101A 0000 0000	0
000FF6	6A00	CLRF SYSBYTETEMPX,ACCESS
	F	 0101 00DA FFFF FFFF	1289
	D	 0101 00DA 0000 1001	0
	A	 0101 000A 0000 1001	0
000FF8	5009	MOVF SYSWORDTEMPB, W,ACCESS
	F	 0110 001A FFFF FFFF	1285
	A	 0110 001A 0000 0101	0
000FFA	6205	CPFSEQ SYSWORDTEMPA,ACCESS
	S	 0000 0000 0001 001S	0
000FFC	0012	RETURN
	F	 0101 00DA FFFF FFFF	1290
	D	 0101 00DA 0000 1010	0
	A	 0101 000A 0000 1010	0
000FFE	500A	MOVF SYSWORDTEMPB_H, W,ACCESS
	F	 0110 001A FFFF FFFF	1286
	A	 0110 001A 0000 0110	0
001000	6206	CPFSEQ SYSWORDTEMPA_H,ACCESS
	S	 0000 0000 0001 001S	0
001002	0012	RETURN
	F	 0110 100A FFFF FFFF	1280
	A	 0110 100A 0000 0000	0
001004	6800	SETF SYSBYTETEMPX,ACCESS
	S	 0000 0000 0001 001S	0
001006	0012	RETURN


		SYSCOMPLESSTHAN
	F	 0110 100A FFFF FFFF	1280
	A	 0110 100A 0000 0000	0
001008	6800	SETF SYSBYTETEMPX,ACCESS
	F	 0101 00DA FFFF FFFF	1289
	D	 0101 00DA 0000 1001	0
	A	 0101 000A 0000 1001	0
00100A	5009	MOVF SYSBYTETEMPB, W,ACCESS
	F	 0110 000A FFFF FFFF	1285
	A	 0110 000A 0000 0101	0
00100C	6005	CPFSLT SYSBYTETEMPA,ACCESS
	F	 0110 101A FFFF FFFF	1280
	A	 0110 101A 0000 0000	0
00100E	6A00	CLRF SYSBYTETEMPX,ACCESS
	S	 0000 0000 0001 001S	0
001010	0012	RETURN


		SYSCOMPLESSTHAN16
	F	 0110 101A FFFF FFFF	1280
	A	 0110 101A 0000 0000	0
001012	6A00	CLRF SYSBYTETEMPX,ACCESS
	F	 0101 00DA FFFF FFFF	1286
	D	 0101 00DA 0000 0110	0
	A	 0101 000A 0000 0110	0
001014	5006	MOVF SYSWORDTEMPA_H,W,ACCESS
	F	 0101 11DA FFFF FFFF	1290
	D	 0101 11DA 0000 1010	0
	A	 0101 110A 0000 1010	0
001016	5C0A	SUBWF SYSWORDTEMPB_H,W,ACCESS
	F	 1010 BBBA FFFF FFFF	1240
	B	 1010 BBBA 1101 1000	0
	A	 1010 000A 1101 1000	0
001018	A0D8	BTFSS STATUS,C,ACCESS
	S	 0000 0000 0001 001S	0
00101A	0012	RETURN
	F	 0101 00DA FFFF FFFF	1290
	D	 0101 00DA 0000 1010	0
	A	 0101 000A 0000 1010	0
00101C	500A	MOVF SYSWORDTEMPB_H,W,ACCESS
	F	 0101 11DA FFFF FFFF	1286
	D	 0101 11DA 0000 0110	0
	A	 0101 110A 0000 0110	0
00101E	5C06	SUBWF SYSWORDTEMPA_H,W,ACCESS
	N	 1110 0011 NNNN NNNN	4
001020	E304	BNC SCLT16TRUE
	F	 0101 00DA FFFF FFFF	1289
	D	 0101 00DA 0000 1001	0
	A	 0101 000A 0000 1001	0
001022	5009	MOVF SYSWORDTEMPB,W,ACCESS
	F	 0101 11DA FFFF FFFF	1285
	D	 0101 11DA 0000 0101	0
	A	 0101 110A 0000 0101	0
001024	5C05	SUBWF SYSWORDTEMPA,W,ACCESS
	F	 1011 BBBA FFFF FFFF	1240
	B	 1011 BBBA 1101 1000	0
	A	 1011 000A 1101 1000	0
001026	B0D8	BTFSC STATUS,C,ACCESS
	S	 0000 0000 0001 001S	0
001028	0012	RETURN
		SCLT16TRUE
	F	 0001 11DA FFFF FFFF	1280
	D	 0001 11DA 0000 0000	1
	A	 0001 111A 0000 0000	0
00102A	1E00	COMF SYSBYTETEMPX,F,ACCESS
	S	 0000 0000 0001 001S	0
00102C	0012	RETURN


		SYSDIVSUB16
	S	1111 DDDD DDDD DDDD:1100 SSSS SSSS SSSS	1285
	D	1111 DDDD DDDD DDDD:1100 0101 0000 0101	1287
00102E	C505 F507	MOVFF SYSWORDTEMPA,SYSDIVMULTA
	S	1111 DDDD DDDD DDDD:1100 SSSS SSSS SSSS	1286
	D	1111 DDDD DDDD DDDD:1100 0101 0000 0110	1288
001032	C506 F508	MOVFF SYSWORDTEMPA_H,SYSDIVMULTA_H
	S	1111 DDDD DDDD DDDD:1100 SSSS SSSS SSSS	1289
	D	1111 DDDD DDDD DDDD:1100 0101 0000 1001	1291
001036	C509 F50B	MOVFF SYSWORDTEMPB,SYSDIVMULTB
	S	1111 DDDD DDDD DDDD:1100 SSSS SSSS SSSS	1290
	D	1111 DDDD DDDD DDDD:1100 0101 0000 1010	1292
00103A	C50A F50C	MOVFF SYSWORDTEMPB_H,SYSDIVMULTB_H
	F	 0110 101A FFFF FFFF	1282
	A	 0110 101A 0000 0010	0
00103E	6A02	CLRF SYSDIVMULTX,ACCESS
	F	 0110 101A FFFF FFFF	1283
	A	 0110 101A 0000 0011	0
001040	6A03	CLRF SYSDIVMULTX_H,ACCESS
	S	1111 DDDD DDDD DDDD:1100 SSSS SSSS SSSS	1291
	D	1111 DDDD DDDD DDDD:1100 0101 0000 1011	1285
001042	C50B F505	MOVFF SYSDIVMULTB,SYSWORDTEMPA
	S	1111 DDDD DDDD DDDD:1100 SSSS SSSS SSSS	1292
	D	1111 DDDD DDDD DDDD:1100 0101 0000 1100	1286
001046	C50C F506	MOVFF SYSDIVMULTB_H,SYSWORDTEMPA_H
	F	 0110 101A FFFF FFFF	1289
	A	 0110 101A 0000 1001	0
00104A	6A09	CLRF SYSWORDTEMPB,ACCESS
	F	 0110 101A FFFF FFFF	1290
	A	 0110 101A 0000 1010	0
00104C	6A0A	CLRF SYSWORDTEMPB_H,ACCESS
	N	 1101 1NNN NNNN NNNN	2003
00104E	DFD3	RCALL SYSCOMPEQUAL16
	F	 1010 BBBA FFFF FFFF	1280
	B	 1010 BBBA 0000 0000	0
	A	 1010 000A 0000 0000	0
001050	A000	BTFSS SYSBYTETEMPX,0,ACCESS
	N	 1101 0NNN NNNN NNNN	3
001052	D003	BRA ENDIF10
	F	 0110 101A FFFF FFFF	1285
	A	 0110 101A 0000 0101	0
001054	6A05	CLRF SYSWORDTEMPA,ACCESS
	F	 0110 101A FFFF FFFF	1286
	A	 0110 101A 0000 0110	0
001056	6A06	CLRF SYSWORDTEMPA_H,ACCESS
	S	 0000 0000 0001 001S	0
001058	0012	RETURN
		ENDIF10
	K	 0000 1110 KKKK KKKK	16
00105A	0E10	MOVLW 16
	F	 0110 111A FFFF FFFF	1284
	A	 0110 111A 0000 0100	0
00105C	6E04	MOVWF SYSDIVLOOP,ACCESS
		SYSDIV16START
	F	 1001 BBBA FFFF FFFF	1240
	B	 1001 BBBA 1101 1000	0
	A	 1001 000A 1101 1000	0
00105E	90D8	BCF STATUS,C,ACCESS
	F	 0011 01DA FFFF FFFF	1287
	D	 0011 01DA 0000 0111	1
	A	 0011 011A 0000 0111	0
001060	3607	RLCF SYSDIVMULTA,F,ACCESS
	F	 0011 01DA FFFF FFFF	1288
	D	 0011 01DA 0000 1000	1
	A	 0011 011A 0000 1000	0
001062	3608	RLCF SYSDIVMULTA_H,F,ACCESS
	F	 0011 01DA FFFF FFFF	1282
	D	 0011 01DA 0000 0010	1
	A	 0011 011A 0000 0010	0
001064	3602	RLCF SYSDIVMULTX,F,ACCESS
	F	 0011 01DA FFFF FFFF	1283
	D	 0011 01DA 0000 0011	1
	A	 0011 011A 0000 0011	0
001066	3603	RLCF SYSDIVMULTX_H,F,ACCESS
	F	 0101 00DA FFFF FFFF	1291
	D	 0101 00DA 0000 1011	0
	A	 0101 000A 0000 1011	0
001068	500B	MOVF SYSDIVMULTB,W,ACCESS
	F	 0101 11DA FFFF FFFF	1282
	D	 0101 11DA 0000 0010	1
	A	 0101 111A 0000 0010	0
00106A	5E02	SUBWF SYSDIVMULTX,F,ACCESS
	F	 0101 00DA FFFF FFFF	1292
	D	 0101 00DA 0000 1100	0
	A	 0101 000A 0000 1100	0
00106C	500C	MOVF SYSDIVMULTB_H,W,ACCESS
	F	 0101 10DA FFFF FFFF	1283
	D	 0101 10DA 0000 0011	1
	A	 0101 101A 0000 0011	0
00106E	5A03	SUBWFB SYSDIVMULTX_H,F,ACCESS
	F	 1000 BBBA FFFF FFFF	1287
	B	 1000 BBBA 0000 0111	0
	A	 1000 000A 0000 0111	0
001070	8007	BSF SYSDIVMULTA,0,ACCESS
	F	 1011 BBBA FFFF FFFF	1240
	B	 1011 BBBA 1101 1000	0
	A	 1011 000A 1101 1000	0
001072	B0D8	BTFSC STATUS,C,ACCESS
	N	 1101 0NNN NNNN NNNN	5
001074	D005	BRA ENDIF11
	F	 1001 BBBA FFFF FFFF	1287
	B	 1001 BBBA 0000 0111	0
	A	 1001 000A 0000 0111	0
001076	9007	BCF SYSDIVMULTA,0,ACCESS
	F	 0101 00DA FFFF FFFF	1291
	D	 0101 00DA 0000 1011	0
	A	 0101 000A 0000 1011	0
001078	500B	MOVF SYSDIVMULTB,W,ACCESS
	F	 0010 01DA FFFF FFFF	1282
	D	 0010 01DA 0000 0010	1
	A	 0010 011A 0000 0010	0
00107A	2602	ADDWF SYSDIVMULTX,F,ACCESS
	F	 0101 00DA FFFF FFFF	1292
	D	 0101 00DA 0000 1100	0
	A	 0101 000A 0000 1100	0
00107C	500C	MOVF SYSDIVMULTB_H,W,ACCESS
	F	 0010 00DA FFFF FFFF	1283
	D	 0010 00DA 0000 0011	1
	A	 0010 001A 0000 0011	0
00107E	2203	ADDWFC SYSDIVMULTX_H,F,ACCESS
		ENDIF11
	F	 0010 11DA FFFF FFFF	1284
	D	 0010 11DA 0000 0100	1
	A	 0010 111A 0000 0100	0
001080	2E04	DECFSZ SYSDIVLOOP, F,ACCESS
	N	 1101 0NNN NNNN NNNN	2029
001082	D7ED	BRA SYSDIV16START
	S	1111 DDDD DDDD DDDD:1100 SSSS SSSS SSSS	1287
	D	1111 DDDD DDDD DDDD:1100 0101 0000 0111	1285
001084	C507 F505	MOVFF SYSDIVMULTA,SYSWORDTEMPA
	S	1111 DDDD DDDD DDDD:1100 SSSS SSSS SSSS	1288
	D	1111 DDDD DDDD DDDD:1100 0101 0000 1000	1286
001088	C508 F506	MOVFF SYSDIVMULTA_H,SYSWORDTEMPA_H
	S	1111 DDDD DDDD DDDD:1100 SSSS SSSS SSSS	1282
	D	1111 DDDD DDDD DDDD:1100 0101 0000 0010	1280
00108C	C502 F500	MOVFF SYSDIVMULTX,SYSWORDTEMPX
	S	1111 DDDD DDDD DDDD:1100 SSSS SSSS SSSS	1283
	D	1111 DDDD DDDD DDDD:1100 0101 0000 0011	1281
001090	C503 F501	MOVFF SYSDIVMULTX_H,SYSWORDTEMPX_H
	S	 0000 0000 0001 001S	0
001094	0012	RETURN


		SYSMULTSUB16
	F	 0101 00DA FFFF FFFF	1285
	D	 0101 00DA 0000 0101	0
	A	 0101 000A 0000 0101	0
001096	5005	MOVF SYSWORDTEMPA, W,ACCESS
	F	 0000 001A FFFF FFFF	1289
	A	 0000 001A 0000 1001	0
001098	0209	MULWF SYSWORDTEMPB,ACCESS
	S	1111 DDDD DDDD DDDD:1100 SSSS SSSS SSSS	1267
	D	1111 DDDD DDDD DDDD:1100 0100 1111 0011	1280
00109A	C4F3 F500	MOVFF PRODL, SYSWORDTEMPX
	S	1111 DDDD DDDD DDDD:1100 SSSS SSSS SSSS	1268
	D	1111 DDDD DDDD DDDD:1100 0100 1111 0100	1281
00109E	C4F4 F501	MOVFF PRODH, SYSWORDTEMPX_H
	F	 0101 00DA FFFF FFFF	1285
	D	 0101 00DA 0000 0101	0
	A	 0101 000A 0000 0101	0
0010A2	5005	MOVF SYSWORDTEMPA, W,ACCESS
	F	 0000 001A FFFF FFFF	1290
	A	 0000 001A 0000 1010	0
0010A4	020A	MULWF SYSWORDTEMPB_H,ACCESS
	F	 0101 00DA FFFF FFFF	1267
	D	 0101 00DA 1111 0011	0
	A	 0101 000A 1111 0011	0
0010A6	50F3	MOVF PRODL, W,ACCESS
	F	 0010 01DA FFFF FFFF	1281
	D	 0010 01DA 0000 0001	1
	A	 0010 011A 0000 0001	0
0010A8	2601	ADDWF SYSWORDTEMPX_H, F,ACCESS
	F	 0101 00DA FFFF FFFF	1286
	D	 0101 00DA 0000 0110	0
	A	 0101 000A 0000 0110	0
0010AA	5006	MOVF SYSWORDTEMPA_H, W,ACCESS
	F	 0000 001A FFFF FFFF	1289
	A	 0000 001A 0000 1001	0
0010AC	0209	MULWF SYSWORDTEMPB,ACCESS
	F	 0101 00DA FFFF FFFF	1267
	D	 0101 00DA 1111 0011	0
	A	 0101 000A 1111 0011	0
0010AE	50F3	MOVF PRODL, W,ACCESS
	F	 0010 01DA FFFF FFFF	1281
	D	 0010 01DA 0000 0001	1
	A	 0010 011A 0000 0001	0
0010B0	2601	ADDWF SYSWORDTEMPX_H, F,ACCESS
	F	 0101 00DA FFFF FFFF	1286
	D	 0101 00DA 0000 0110	1
	A	 0101 001A 0000 0110	0
0010B2	5206	MOVF SYSWORDTEMPA_H, F,ACCESS
	F	 0000 001A FFFF FFFF	1290
	A	 0000 001A 0000 1010	0
0010B4	020A	MULWF SYSWORDTEMPB_H,ACCESS
	S	 0000 0000 0001 001S	0
0010B6	0012	RETURN


		SYSREADSTRING
0010B8	0009	TBLRD*+
	S	1111 DDDD DDDD DDDD:1100 SSSS SSSS SSSS	1269
	D	1111 DDDD DDDD DDDD:1100 0100 1111 0101	1285
0010BA	C4F5 F505	MOVFF TABLAT,SYSCALCTEMPA
	S	1111 DDDD DDDD DDDD:1100 SSSS SSSS SSSS	1269
	D	1111 DDDD DDDD DDDD:1100 0100 1111 0101	1255
0010BE	C4F5 F4E7	MOVFF TABLAT,INDF1
	N	 1101 0NNN NNNN NNNN	4
0010C2	D004	BRA SYSSTRINGREADCHECK
		SYSREADSTRINGPART
0010C4	0009	TBLRD*+
	F	 0101 00DA FFFF FFFF	1269
	D	 0101 00DA 1111 0101	0
	A	 0101 000A 1111 0101	0
0010C6	50F5	MOVF TABLAT, W,ACCESS
	F	 0110 111A FFFF FFFF	1285
	A	 0110 111A 0000 0101	0
0010C8	6E05	MOVWF SYSCALCTEMPA,ACCESS
	F	 0010 01DA FFFF FFFF	1286
	D	 0010 01DA 0000 0110	1
	A	 0010 011A 0000 0110	0
0010CA	2606	ADDWF SYSSTRINGLENGTH,F,ACCESS
		SYSSTRINGREADCHECK
	F	 0101 00DA FFFF FFFF	1285
	D	 0101 00DA 0000 0101	1
	A	 0101 001A 0000 0101	0
0010CC	5205	MOVF SYSCALCTEMPA,F,ACCESS
	F	 1011 BBBA FFFF FFFF	1240
	B	 1011 BBBA 1101 1000	2
	A	 1011 010A 1101 1000	0
0010CE	B4D8	BTFSC STATUS,Z,ACCESS
	S	 0000 0000 0001 001S	0
0010D0	0012	RETURN
		SYSSTRINGREAD
0010D2	0009	TBLRD*+
	S	1111 DDDD DDDD DDDD:1100 SSSS SSSS SSSS	1269
	D	1111 DDDD DDDD DDDD:1100 0100 1111 0101	1252
0010D4	C4F5 F4E4	MOVFF TABLAT,PREINC1
	F	 0010 11DA FFFF FFFF	1285
	D	 0010 11DA 0000 0101	1
	A	 0010 111A 0000 0101	0
0010D8	2E05	DECFSZ SYSCALCTEMPA, F,ACCESS
	N	 1101 0NNN NNNN NNNN	2043
0010DA	D7FB	BRA SYSSTRINGREAD
	S	 0000 0000 0001 001S	0
0010DC	0012	RETURN


		SYSSTRINGTABLES

		STRINGTABLE2
0010DE	4111 6F62 7475 7420 206F 6F6C 6461 4220 504D	RAW 4111,6F62,7475,7420,206F,6F6C,6461,4220,504D



		WRITE_COMMAND_SSD1306
	N	 1101 1NNN NNNN NNNN	1912
0010F0	DF78	RCALL SI2CSTART
	K	 0000 1110 KKKK KKKK	120
0010F2	0E78	MOVLW 120
	F	 0110 111A FFFF FFFF	1341
	A	 0110 111A 0011 1101	0
0010F4	6E3D	MOVWF I2CBYTE,ACCESS
	N	 1101 1NNN NNNN NNNN	1502
0010F6	DDDE	RCALL HI2CQ24Q35SEND
	F	 0110 101A FFFF FFFF	1341
	A	 0110 101A 0011 1101	0
0010F8	6A3D	CLRF I2CBYTE,ACCESS
	N	 1101 1NNN NNNN NNNN	1500
0010FA	DDDC	RCALL HI2CQ24Q35SEND
	S	1111 DDDD DDDD DDDD:1100 SSSS SSSS SSSS	1359
	D	1111 DDDD DDDD DDDD:1100 0101 0100 1111	1341
0010FC	C54F F53D	MOVFF SSD1306SENDBYTE,I2CBYTE
	N	 1101 1NNN NNNN NNNN	1497
001100	DDD9	RCALL HI2CQ24Q35SEND
	N	 1101 0NNN NNNN NNNN	1536
001102	D600	BRA HI2CQ24Q35STOP


		WRITE_DATA_SSD1306
	N	 1101 1NNN NNNN NNNN	1902
001104	DF6E	RCALL SI2CSTART
	K	 0000 1110 KKKK KKKK	120
001106	0E78	MOVLW 120
	F	 0110 111A FFFF FFFF	1341
	A	 0110 111A 0011 1101	0
001108	6E3D	MOVWF I2CBYTE,ACCESS
	N	 1101 1NNN NNNN NNNN	1492
00110A	DDD4	RCALL HI2CQ24Q35SEND
	K	 0000 1110 KKKK KKKK	64
00110C	0E40	MOVLW 64
	F	 0110 111A FFFF FFFF	1341
	A	 0110 111A 0011 1101	0
00110E	6E3D	MOVWF I2CBYTE,ACCESS
	N	 1101 1NNN NNNN NNNN	1489
001110	DDD1	RCALL HI2CQ24Q35SEND
	S	1111 DDDD DDDD DDDD:1100 SSSS SSSS SSSS	1359
	D	1111 DDDD DDDD DDDD:1100 0101 0100 1111	1341
001112	C54F F53D	MOVFF SSD1306SENDBYTE,I2CBYTE
	N	 1101 1NNN NNNN NNNN	1486
001116	DDCE	RCALL HI2CQ24Q35SEND
	N	 1101 0NNN NNNN NNNN	1525
001118	D5F5	BRA HI2CQ24Q35STOP


